timestamp,power_kw
2021-01-01 00:00:00,0.0
2021-01-01 00:10:00,0.812
2021-01-01 00:20:00,1.623
2021-01-01 00:30:00,2.435
2021-01-01 00:40:00,3.246
2021-01-01 00:50:00,4.058
2021-01-01 01:00:00,4.869
2021-01-01 01:10:00,5.681
2021-01-01 01:20:00,6.492
2021-01-01 01:30:00,7.304
2021-01-01 01:40:00,8.115
2021-01-01 01:50:00,8.926
2021-01-01 02:00:00,9.737
2021-01-01 02:10:00,10.548
2021-01-01 02:20:00,11.36
2021-01-01 02:30:00,12.171
2021-01-01 02:40:00,12.981
2021-01-01 02:50:00,13.792
2021-01-01 03:00:00,14.603
2021-01-01 03:10:00,15.414
2021-01-01 03:20:00,16.224
2021-01-01 03:30:00,17.035
2021-01-01 03:40:00,17.845
2021-01-01 03:50:00,18.655
2021-01-01 04:00:00,19.465
2021-01-01 04:10:00,20.275
2021-01-01 04:20:00,21.085
2021-01-01 04:30:00,21.894
2021-01-01 04:40:00,22.704
2021-01-01 04:50:00,23.513
2021-01-01 05:00:00,24.322
2021-01-01 05:10:00,25.131
2021-01-01 05:20:00,25.94
2021-01-01 05:30:00,26.749
2021-01-01 05:40:00,27.557
2021-01-01 05:50:00,28.366
2021-01-01 06:00:00,29.174
2021-01-01 06:10:00,29.981
2021-01-01 06:20:00,30.789
2021-01-01 06:30:00,31.597
2021-01-01 06:40:00,32.404
2021-01-01 06:50:00,33.211
2021-01-01 07:00:00,34.018
2021-01-01 07:10:00,34.824
2021-01-01 07:20:00,35.631
2021-01-01 07:30:00,36.437
2021-01-01 07:40:00,37.242
2021-01-01 07:50:00,38.048
2021-01-01 08:00:00,38.853
2021-01-01 08:10:00,39.658
2021-01-01 08:20:00,40.463
2021-01-01 08:30:00,41.268
2021-01-01 08:40:00,42.072
2021-01-01 08:50:00,42.876
2021-01-01 09:00:00,43.679
2021-01-01 09:10:00,44.483
2021-01-01 09:20:00,45.286
2021-01-01 09:30:00,46.088
2021-01-01 09:40:00,46.891
2021-01-01 09:50:00,47.693
2021-01-01 10:00:00,48.495
2021-01-01 10:10:00,49.296
2021-01-01 10:20:00,50.097
2021-01-01 10:30:00,50.898
2021-01-01 10:40:00,51.698
2021-01-01 10:50:00,52.498
2021-01-01 11:00:00,53.298
2021-01-01 11:10:00,54.097
2021-01-01 11:20:00,54.896
2021-01-01 11:30:00,55.695
2021-01-01 11:40:00,56.493
2021-01-01 11:50:00,57.291
2021-01-01 12:00:00,58.088
2021-01-01 12:10:00,58.885
2021-01-01 12:20:00,59.682
2021-01-01 12:30:00,60.478
2021-01-01 12:40:00,61.274
2021-01-01 12:50:00,62.069
2021-01-01 13:00:00,62.864
2021-01-01 13:10:00,63.659
2021-01-01 13:20:00,64.453
2021-01-01 13:30:00,65.246
2021-01-01 13:40:00,66.039
2021-01-01 13:50:00,66.832
2021-01-01 14:00:00,67.624
2021-01-01 14:10:00,68.416
2021-01-01 14:20:00,69.208
2021-01-01 14:30:00,69.998
2021-01-01 14:40:00,70.789
2021-01-01 14:50:00,71.579
2021-01-01 15:00:00,72.368
2021-01-01 15:10:00,73.157
2021-01-01 15:20:00,73.945
2021-01-01 15:30:00,74.733
2021-01-01 15:40:00,75.521
2021-01-01 15:50:00,76.308
2021-01-01 16:00:00,77.094
2021-01-01 16:10:00,77.88
2021-01-01 16:20:00,78.665
2021-01-01 16:30:00,79.45
2021-01-01 16:40:00,80.234
2021-01-01 16:50:00,81.018
2021-01-01 17:00:00,81.801
2021-01-01 17:10:00,82.583
2021-01-01 17:20:00,83.365
2021-01-01 17:30:00,84.147
2021-01-01 17:40:00,84.927
2021-01-01 17:50:00,85.708
2021-01-01 18:00:00,86.487
2021-01-01 18:10:00,87.266
2021-01-01 18:20:00,88.045
2021-01-01 18:30:00,88.823
2021-01-01 18:40:00,89.6
2021-01-01 18:50:00,90.376
2021-01-01 19:00:00,91.153
2021-01-01 19:10:00,91.928
2021-01-01 19:20:00,92.703
2021-01-01 19:30:00,93.477
2021-01-01 19:40:00,94.25
2021-01-01 19:50:00,95.023
2021-01-01 20:00:00,95.795
2021-01-01 20:10:00,96.567
2021-01-01 20:20:00,97.338
2021-01-01 20:30:00,98.108
2021-01-01 20:40:00,98.877
2021-01-01 20:50:00,99.646
2021-01-01 21:00:00,100.414
2021-01-01 21:10:00,101.182
2021-01-01 21:20:00,101.949
2021-01-01 21:30:00,102.715
2021-01-01 21:40:00,103.48
2021-01-01 21:50:00,104.245
2021-01-01 22:00:00,105.009
2021-01-01 22:10:00,105.772
2021-01-01 22:20:00,106.535
2021-01-01 22:30:00,107.296
2021-01-01 22:40:00,108.057
2021-01-01 22:50:00,108.818
2021-01-01 23:00:00,109.577
2021-01-01 23:10:00,110.336
2021-01-01 23:20:00,111.094
2021-01-01 23:30:00,111.851
2021-01-01 23:40:00,112.608
2021-01-01 23:50:00,113.364
2021-01-02 00:00:00,114.119
2021-01-02 00:10:00,114.873
2021-01-02 00:20:00,115.626
2021-01-02 00:30:00,116.379
2021-01-02 00:40:00,117.131
2021-01-02 00:50:00,117.882
2021-01-02 01:00:00,118.632
2021-01-02 01:10:00,119.381
2021-01-02 01:20:00,120.13
2021-01-02 01:30:00,120.878
2021-01-02 01:40:00,121.625
2021-01-02 01:50:00,122.371
2021-01-02 02:00:00,123.116
2021-01-02 02:10:00,123.86
2021-01-02 02:20:00,124.604
2021-01-02 02:30:00,125.347
2021-01-02 02:40:00,126.088
2021-01-02 02:50:00,126.829
2021-01-02 03:00:00,127.569
2021-01-02 03:10:00,128.309
2021-01-02 03:20:00,129.047
2021-01-02 03:30:00,129.785
2021-01-02 03:40:00,130.521
2021-01-02 03:50:00,131.257
2021-01-02 04:00:00,131.992
2021-01-02 04:10:00,132.725
2021-01-02 04:20:00,133.458
2021-01-02 04:30:00,134.191
2021-01-02 04:40:00,134.922
2021-01-02 04:50:00,135.652
2021-01-02 05:00:00,136.381
2021-01-02 05:10:00,137.109
2021-01-02 05:20:00,137.837
2021-01-02 05:30:00,138.563
2021-01-02 05:40:00,139.289
2021-01-02 05:50:00,140.013
2021-01-02 06:00:00,140.737
2021-01-02 06:10:00,141.46
2021-01-02 06:20:00,142.181
2021-01-02 06:30:00,142.902
2021-01-02 06:40:00,143.622
2021-01-02 06:50:00,144.341
2021-01-02 07:00:00,145.058
2021-01-02 07:10:00,145.775
2021-01-02 07:20:00,146.491
2021-01-02 07:30:00,147.205
2021-01-02 07:40:00,147.919
2021-01-02 07:50:00,148.632
2021-01-02 08:00:00,149.344
2021-01-02 08:10:00,150.054
2021-01-02 08:20:00,150.764
2021-01-02 08:30:00,151.473
2021-01-02 08:40:00,152.18
2021-01-02 08:50:00,152.887
2021-01-02 09:00:00,153.592
2021-01-02 09:10:00,154.297
2021-01-02 09:20:00,155.0
2021-01-02 09:30:00,155.702
2021-01-02 09:40:00,156.404
2021-01-02 09:50:00,157.104
2021-01-02 10:00:00,157.803
2021-01-02 10:10:00,158.501
2021-01-02 10:20:00,159.198
2021-01-02 10:30:00,159.894
2021-01-02 10:40:00,160.588
2021-01-02 10:50:00,161.282
2021-01-02 11:00:00,161.975
2021-01-02 11:10:00,162.666
2021-01-02 11:20:00,163.356
2021-01-02 11:30:00,164.045
2021-01-02 11:40:00,164.734
2021-01-02 11:50:00,165.42
2021-01-02 12:00:00,166.106
2021-01-02 12:10:00,166.791
2021-01-02 12:20:00,167.474
2021-01-02 12:30:00,168.157
2021-01-02 12:40:00,168.838
2021-01-02 12:50:00,169.518
2021-01-02 13:00:00,170.197
2021-01-02 13:10:00,170.875
2021-01-02 13:20:00,171.551
2021-01-02 13:30:00,172.227
2021-01-02 13:40:00,172.901
2021-01-02 13:50:00,173.574
2021-01-02 14:00:00,174.246
2021-01-02 14:10:00,174.916
2021-01-02 14:20:00,175.586
2021-01-02 14:30:00,176.254
2021-01-02 14:40:00,176.921
2021-01-02 14:50:00,177.587
2021-01-02 15:00:00,178.252
2021-01-02 15:10:00,178.915
2021-01-02 15:20:00,179.577
2021-01-02 15:30:00,180.238
2021-01-02 15:40:00,180.898
2021-01-02 15:50:00,181.556
2021-01-02 16:00:00,182.213
2021-01-02 16:10:00,182.869
2021-01-02 16:20:00,183.524
2021-01-02 16:30:00,184.178
2021-01-02 16:40:00,184.83
2021-01-02 16:50:00,185.481
2021-01-02 17:00:00,186.13
2021-01-02 17:10:00,186.779
2021-01-02 17:20:00,187.426
2021-01-02 17:30:00,188.072
2021-01-02 17:40:00,188.716
2021-01-02 17:50:00,189.359
2021-01-02 18:00:00,190.001
2021-01-02 18:10:00,190.642
2021-01-02 18:20:00,191.281
2021-01-02 18:30:00,191.919
2021-01-02 18:40:00,192.556
2021-01-02 18:50:00,193.191
2021-01-02 19:00:00,193.825
2021-01-02 19:10:00,194.458
2021-01-02 19:20:00,195.089
2021-01-02 19:30:00,195.719
2021-01-02 19:40:00,196.348
2021-01-02 19:50:00,196.975
2021-01-02 20:00:00,197.601
2021-01-02 20:10:00,198.226
2021-01-02 20:20:00,198.849
2021-01-02 20:30:00,199.471
2021-01-02 20:40:00,200.092
2021-01-02 20:50:00,200.711
2021-01-02 21:00:00,201.329
2021-01-02 21:10:00,201.945
2021-01-02 21:20:00,202.56
2021-01-02 21:30:00,203.174
2021-01-02 21:40:00,203.786
2021-01-02 21:50:00,204.397
2021-01-02 22:00:00,205.007
2021-01-02 22:10:00,205.615
2021-01-02 22:20:00,206.221
2021-01-02 22:30:00,206.827
2021-01-02 22:40:00,207.43
2021-01-02 22:50:00,208.033
2021-01-02 23:00:00,208.634
2021-01-02 23:10:00,209.233
2021-01-02 23:20:00,209.832
2021-01-02 23:30:00,210.428
2021-01-02 23:40:00,211.023
2021-01-02 23:50:00,211.617
2021-01-03 00:00:00,212.21
2021-01-03 00:10:00,212.8
2021-01-03 00:20:00,213.39
2021-01-03 00:30:00,213.978
2021-01-03 00:40:00,214.564
2021-01-03 00:50:00,215.149
2021-01-03 01:00:00,215.733
2021-01-03 01:10:00,216.315
2021-01-03 01:20:00,216.896
2021-01-03 01:30:00,217.475
2021-01-03 01:40:00,218.052
2021-01-03 01:50:00,218.628
2021-01-03 02:00:00,219.203
2021-01-03 02:10:00,219.776
2021-01-03 02:20:00,220.348
2021-01-03 02:30:00,220.918
2021-01-03 02:40:00,221.487
2021-01-03 02:50:00,222.054
2021-01-03 03:00:00,222.619
2021-01-03 03:10:00,223.183
2021-01-03 03:20:00,223.746
2021-01-03 03:30:00,224.307
2021-01-03 03:40:00,224.866
2021-01-03 03:50:00,225.424
2021-01-03 04:00:00,225.98
2021-01-03 04:10:00,226.535
2021-01-03 04:20:00,227.088
2021-01-03 04:30:00,227.64
2021-01-03 04:40:00,228.19
2021-01-03 04:50:00,228.739
2021-01-03 05:00:00,229.286
2021-01-03 05:10:00,229.831
2021-01-03 05:20:00,230.375
2021-01-03 05:30:00,230.917
2021-01-03 05:40:00,231.458
2021-01-03 05:50:00,231.997
2021-01-03 06:00:00,232.534
2021-01-03 06:10:00,233.07
2021-01-03 06:20:00,233.605
2021-01-03 06:30:00,234.137
2021-01-03 06:40:00,234.668
2021-01-03 06:50:00,235.198
2021-01-03 07:00:00,235.726
2021-01-03 07:10:00,236.252
2021-01-03 07:20:00,236.777
2021-01-03 07:30:00,237.3
2021-01-03 07:40:00,237.821
2021-01-03 07:50:00,238.341
2021-01-03 08:00:00,238.859
2021-01-03 08:10:00,239.376
2021-01-03 08:20:00,239.89
2021-01-03 08:30:00,240.404
2021-01-03 08:40:00,240.915
2021-01-03 08:50:00,241.425
2021-01-03 09:00:00,241.933
2021-01-03 09:10:00,242.44
2021-01-03 09:20:00,242.945
2021-01-03 09:30:00,243.448
2021-01-03 09:40:00,243.95
2021-01-03 09:50:00,244.45
2021-01-03 10:00:00,244.948
2021-01-03 10:10:00,245.445
2021-01-03 10:20:00,245.94
2021-01-03 10:30:00,246.433
2021-01-03 10:40:00,246.924
2021-01-03 10:50:00,247.414
2021-01-03 11:00:00,247.902
2021-01-03 11:10:00,248.389
2021-01-03 11:20:00,248.873
2021-01-03 11:30:00,249.356
2021-01-03 11:40:00,249.838
2021-01-03 11:50:00,250.317
2021-01-03 12:00:00,250.795
2021-01-03 12:10:00,251.271
2021-01-03 12:20:00,251.746
2021-01-03 12:30:00,252.219
2021-01-03 12:40:00,252.69
2021-01-03 12:50:00,253.159
2021-01-03 13:00:00,253.626
2021-01-03 13:10:00,254.092
2021-01-03 13:20:00,254.556
2021-01-03 13:30:00,255.019
2021-01-03 13:40:00,255.479
2021-01-03 13:50:00,255.938
2021-01-03 14:00:00,256.395
2021-01-03 14:10:00,256.85
2021-01-03 14:20:00,257.304
2021-01-03 14:30:00,257.756
2021-01-03 14:40:00,258.206
2021-01-03 14:50:00,258.654
2021-01-03 15:00:00,259.1
2021-01-03 15:10:00,259.545
2021-01-03 15:20:00,259.988
2021-01-03 15:30:00,260.429
2021-01-03 15:40:00,260.868
2021-01-03 15:50:00,261.306
2021-01-03 16:00:00,261.742
2021-01-03 16:10:00,262.176
2021-01-03 16:20:00,262.608
2021-01-03 16:30:00,263.038
2021-01-03 16:40:00,263.467
2021-01-03 16:50:00,263.893
2021-01-03 17:00:00,264.318
2021-01-03 17:10:00,264.742
2021-01-03 17:20:00,265.163
2021-01-03 17:30:00,265.582
2021-01-03 17:40:00,266.0
2021-01-03 17:50:00,266.416
2021-01-03 18:00:00,266.83
2021-01-03 18:10:00,267.242
2021-01-03 18:20:00,267.653
2021-01-03 18:30:00,268.061
2021-01-03 18:40:00,268.468
2021-01-03 18:50:00,268.873
2021-01-03 19:00:00,269.276
2021-01-03 19:10:00,269.677
2021-01-03 19:20:00,270.076
2021-01-03 19:30:00,270.474
2021-01-03 19:40:00,270.869
2021-01-03 19:50:00,271.263
2021-01-03 20:00:00,271.655
2021-01-03 20:10:00,272.045
2021-01-03 20:20:00,272.433
2021-01-03 20:30:00,272.82
2021-01-03 20:40:00,273.204
2021-01-03 20:50:00,273.587
2021-01-03 21:00:00,273.967
2021-01-03 21:10:00,274.346
2021-01-03 21:20:00,274.723
2021-01-03 21:30:00,275.098
2021-01-03 21:40:00,275.471
2021-01-03 21:50:00,275.843
2021-01-03 22:00:00,276.212
2021-01-03 22:10:00,276.58
2021-01-03 22:20:00,276.945
2021-01-03 22:30:00,277.309
2021-01-03 22:40:00,277.671
2021-01-03 22:50:00,278.031
2021-01-03 23:00:00,278.389
2021-01-03 23:10:00,278.745
2021-01-03 23:20:00,279.099
2021-01-03 23:30:00,279.451
2021-01-03 23:40:00,279.801
2021-01-03 23:50:00,280.15
2021-01-04 00:00:00,280.496
2021-01-04 00:10:00,280.841
2021-01-04 00:20:00,281.184
2021-01-04 00:30:00,281.524
2021-01-04 00:40:00,281.863
2021-01-04 00:50:00,282.2
2021-01-04 01:00:00,282.535
2021-01-04 01:10:00,282.868
2021-01-04 01:20:00,283.199
2021-01-04 01:30:00,283.528
2021-01-04 01:40:00,283.855
2021-01-04 01:50:00,284.181
2021-01-04 02:00:00,284.504
2021-01-04 02:10:00,284.825
2021-01-04 02:20:00,285.145
2021-01-04 02:30:00,285.462
2021-01-04 02:40:00,285.778
2021-01-04 02:50:00,286.091
2021-01-04 03:00:00,286.403
2021-01-04 03:10:00,286.712
2021-01-04 03:20:00,287.02
2021-01-04 03:30:00,287.326
2021-01-04 03:40:00,287.629
2021-01-04 03:50:00,287.931
2021-01-04 04:00:00,288.231
2021-01-04 04:10:00,288.528
2021-01-04 04:20:00,288.824
2021-01-04 04:30:00,289.118
2021-01-04 04:40:00,289.41
2021-01-04 04:50:00,289.7
2021-01-04 05:00:00,289.988
2021-01-04 05:10:00,290.274
2021-01-04 05:20:00,290.557
2021-01-04 05:30:00,290.839
2021-01-04 05:40:00,291.119
2021-01-04 05:50:00,291.397
2021-01-04 06:00:00,291.673
2021-01-04 06:10:00,291.947
2021-01-04 06:20:00,292.219
2021-01-04 06:30:00,292.489
2021-01-04 06:40:00,292.757
2021-01-04 06:50:00,293.023
2021-01-04 07:00:00,293.286
2021-01-04 07:10:00,293.548
2021-01-04 07:20:00,293.808
2021-01-04 07:30:00,294.066
2021-01-04 07:40:00,294.322
2021-01-04 07:50:00,294.576
2021-01-04 08:00:00,294.828
2021-01-04 08:10:00,295.077
2021-01-04 08:20:00,295.325
2021-01-04 08:30:00,295.571
2021-01-04 08:40:00,295.815
2021-01-04 08:50:00,296.056
2021-01-04 09:00:00,296.296
2021-01-04 09:10:00,296.533
2021-01-04 09:20:00,296.769
2021-01-04 09:30:00,297.003
2021-01-04 09:40:00,297.234
2021-01-04 09:50:00,297.464
2021-01-04 10:00:00,297.691
2021-01-04 10:10:00,297.916
2021-01-04 10:20:00,298.14
2021-01-04 10:30:00,298.361
2021-01-04 10:40:00,298.58
2021-01-04 10:50:00,298.798
2021-01-04 11:00:00,299.013
2021-01-04 11:10:00,299.226
2021-01-04 11:20:00,299.437
2021-01-04 11:30:00,299.646
2021-01-04 11:40:00,299.853
2021-01-04 11:50:00,300.058
2021-01-04 12:00:00,300.261
2021-01-04 12:10:00,300.462
2021-01-04 12:20:00,300.66
2021-01-04 12:30:00,300.857
2021-01-04 12:40:00,301.052
2021-01-04 12:50:00,301.244
2021-01-04 13:00:00,301.435
2021-01-04 13:10:00,301.623
2021-01-04 13:20:00,301.809
2021-01-04 13:30:00,301.994
2021-01-04 13:40:00,302.176
2021-01-04 13:50:00,302.356
2021-01-04 14:00:00,302.534
2021-01-04 14:10:00,302.71
2021-01-04 14:20:00,302.884
2021-01-04 14:30:00,303.056
2021-01-04 14:40:00,303.226
2021-01-04 14:50:00,303.393
2021-01-04 15:00:00,303.559
2021-01-04 15:10:00,303.723
2021-01-04 15:20:00,303.884
2021-01-04 15:30:00,304.043
2021-01-04 15:40:00,304.201
2021-01-04 15:50:00,304.356
2021-01-04 16:00:00,304.509
2021-01-04 16:10:00,304.66
2021-01-04 16:20:00,304.809
2021-01-04 16:30:00,304.956
2021-01-04 16:40:00,305.101
2021-01-04 16:50:00,305.243
2021-01-04 17:00:00,305.384
2021-01-04 17:10:00,305.522
2021-01-04 17:20:00,305.659
2021-01-04 17:30:00,305.793
2021-01-04 17:40:00,305.925
2021-01-04 17:50:00,306.055
2021-01-04 18:00:00,306.183
2021-01-04 18:10:00,306.309
2021-01-04 18:20:00,306.433
2021-01-04 18:30:00,306.555
2021-01-04 18:40:00,306.674
2021-01-04 18:50:00,306.792
2021-01-04 19:00:00,306.907
2021-01-04 19:10:00,307.021
2021-01-04 19:20:00,307.132
2021-01-04 19:30:00,307.241
2021-01-04 19:40:00,307.348
2021-01-04 19:50:00,307.453
2021-01-04 20:00:00,307.556
2021-01-04 20:10:00,307.656
2021-01-04 20:20:00,307.755
2021-01-04 20:30:00,307.851
2021-01-04 20:40:00,307.946
2021-01-04 20:50:00,308.038
2021-01-04 21:00:00,308.128
2021-01-04 21:10:00,308.216
2021-01-04 21:20:00,308.302
2021-01-04 21:30:00,308.386
2021-01-04 21:40:00,308.467
2021-01-04 21:50:00,308.547
2021-01-04 22:00:00,308.624
2021-01-04 22:10:00,308.7
2021-01-04 22:20:00,308.773
2021-01-04 22:30:00,308.844
2021-01-04 22:40:00,308.913
2021-01-04 22:50:00,308.98
2021-01-04 23:00:00,309.044
2021-01-04 23:10:00,309.107
2021-01-04 23:20:00,309.167
2021-01-04 23:30:00,309.226
2021-01-04 23:40:00,309.282
2021-01-04 23:50:00,309.336
2021-01-05 00:00:00,309.388
2021-01-05 00:10:00,309.438
2021-01-05 00:20:00,309.486
2021-01-05 00:30:00,309.532
2021-01-05 00:40:00,309.575
2021-01-05 00:50:00,309.617
2021-01-05 01:00:00,309.656
2021-01-05 01:10:00,309.693
2021-01-05 01:20:00,309.728
2021-01-05 01:30:00,309.761
2021-01-05 01:40:00,309.792
2021-01-05 01:50:00,309.82
2021-01-05 02:00:00,309.847
2021-01-05 02:10:00,309.871
2021-01-05 02:20:00,309.894
2021-01-05 02:30:00,309.914
2021-01-05 02:40:00,309.932
2021-01-05 02:50:00,309.948
2021-01-05 03:00:00,309.962
2021-01-05 03:10:00,309.973
2021-01-05 03:20:00,309.983
2021-01-05 03:30:00,309.99
2021-01-05 03:40:00,309.996
2021-01-05 03:50:00,309.999
2021-01-05 04:00:00,310.0
2021-01-05 04:10:00,309.999
2021-01-05 04:20:00,309.996
2021-01-05 04:30:00,309.99
2021-01-05 04:40:00,309.983
2021-01-05 04:50:00,309.973
2021-01-05 05:00:00,309.962
2021-01-05 05:10:00,309.948
2021-01-05 05:20:00,309.932
2021-01-05 05:30:00,309.914
2021-01-05 05:40:00,309.894
2021-01-05 05:50:00,309.871
2021-01-05 06:00:00,309.847
2021-01-05 06:10:00,309.82
2021-01-05 06:20:00,309.792
2021-01-05 06:30:00,309.761
2021-01-05 06:40:00,309.728
2021-01-05 06:50:00,309.693
2021-01-05 07:00:00,309.656
2021-01-05 07:10:00,309.617
2021-01-05 07:20:00,309.575
2021-01-05 07:30:00,309.532
2021-01-05 07:40:00,309.486
2021-01-05 07:50:00,309.438
2021-01-05 08:00:00,309.388
2021-01-05 08:10:00,309.336
2021-01-05 08:20:00,309.282
2021-01-05 08:30:00,309.226
2021-01-05 08:40:00,309.167
2021-01-05 08:50:00,309.107
2021-01-05 09:00:00,309.044
2021-01-05 09:10:00,308.98
2021-01-05 09:20:00,308.913
2021-01-05 09:30:00,308.844
2021-01-05 09:40:00,308.773
2021-01-05 09:50:00,308.7
2021-01-05 10:00:00,308.624
2021-01-05 10:10:00,308.547
2021-01-05 10:20:00,308.467
2021-01-05 10:30:00,308.386
2021-01-05 10:40:00,308.302
2021-01-05 10:50:00,308.216
2021-01-05 11:00:00,308.128
2021-01-05 11:10:00,308.038
2021-01-05 11:20:00,307.946
2021-01-05 11:30:00,307.851
2021-01-05 11:40:00,307.755
2021-01-05 11:50:00,307.656
2021-01-05 12:00:00,307.556
2021-01-05 12:10:00,307.453
2021-01-05 12:20:00,307.348
2021-01-05 12:30:00,307.241
2021-01-05 12:40:00,307.132
2021-01-05 12:50:00,307.021
2021-01-05 13:00:00,306.907
2021-01-05 13:10:00,306.792
2021-01-05 13:20:00,306.674
2021-01-05 13:30:00,306.555
2021-01-05 13:40:00,306.433
2021-01-05 13:50:00,306.309
2021-01-05 14:00:00,306.183
2021-01-05 14:10:00,306.055
2021-01-05 14:20:00,305.925
2021-01-05 14:30:00,305.793
2021-01-05 14:40:00,305.659
2021-01-05 14:50:00,305.522
2021-01-05 15:00:00,305.384
2021-01-05 15:10:00,305.243
2021-01-05 15:20:00,305.101
2021-01-05 15:30:00,304.956
2021-01-05 15:40:00,304.809
2021-01-05 15:50:00,304.66
2021-01-05 16:00:00,304.509
2021-01-05 16:10:00,304.356
2021-01-05 16:20:00,304.201
2021-01-05 16:30:00,304.043
2021-01-05 16:40:00,303.884
2021-01-05 16:50:00,303.723
2021-01-05 17:00:00,303.559
2021-01-05 17:10:00,303.393
2021-01-05 17:20:00,303.226
2021-01-05 17:30:00,303.056
2021-01-05 17:40:00,302.884
2021-01-05 17:50:00,302.71
2021-01-05 18:00:00,302.534
2021-01-05 18:10:00,302.356
2021-01-05 18:20:00,302.176
2021-01-05 18:30:00,301.994
2021-01-05 18:40:00,301.809
2021-01-05 18:50:00,301.623
2021-01-05 19:00:00,301.435
2021-01-05 19:10:00,301.244
2021-01-05 19:20:00,301.052
2021-01-05 19:30:00,300.857
2021-01-05 19:40:00,300.66
2021-01-05 19:50:00,300.462
2021-01-05 20:00:00,300.261
2021-01-05 20:10:00,300.058
2021-01-05 20:20:00,299.853
2021-01-05 20:30:00,299.646
2021-01-05 20:40:00,299.437
2021-01-05 20:50:00,299.226
2021-01-05 21:00:00,299.013
2021-01-05 21:10:00,298.798
2021-01-05 21:20:00,298.58
2021-01-05 21:30:00,298.361
2021-01-05 21:40:00,298.14
2021-01-05 21:50:00,297.916
2021-01-05 22:00:00,297.691
2021-01-05 22:10:00,297.464
2021-01-05 22:20:00,297.234
2021-01-05 22:30:00,297.003
2021-01-05 22:40:00,296.769
2021-01-05 22:50:00,296.533
2021-01-05 23:00:00,296.296
2021-01-05 23:10:00,296.056
2021-01-05 23:20:00,295.815
2021-01-05 23:30:00,295.571
2021-01-05 23:40:00,295.325
2021-01-05 23:50:00,295.077
2021-01-06 00:00:00,294.828
2021-01-06 00:10:00,294.576
2021-01-06 00:20:00,294.322
2021-01-06 00:30:00,294.066
2021-01-06 00:40:00,293.808
2021-01-06 00:50:00,293.548
2021-01-06 01:00:00,293.286
2021-01-06 01:10:00,293.023
2021-01-06 01:20:00,292.757
2021-01-06 01:30:00,292.489
2021-01-06 01:40:00,292.219
2021-01-06 01:50:00,291.947
2021-01-06 02:00:00,291.673
2021-01-06 02:10:00,291.397
2021-01-06 02:20:00,291.119
2021-01-06 02:30:00,290.839
2021-01-06 02:40:00,290.557
2021-01-06 02:50:00,290.274
2021-01-06 03:00:00,289.988
2021-01-06 03:10:00,289.7
2021-01-06 03:20:00,289.41
2021-01-06 03:30:00,289.118
2021-01-06 03:40:00,288.824
2021-01-06 03:50:00,288.528
2021-01-06 04:00:00,288.231
2021-01-06 04:10:00,287.931
2021-01-06 04:20:00,287.629
2021-01-06 04:30:00,287.326
2021-01-06 04:40:00,287.02
2021-01-06 04:50:00,286.712
2021-01-06 05:00:00,286.403
2021-01-06 05:10:00,286.091
2021-01-06 05:20:00,285.778
2021-01-06 05:30:00,285.462
2021-01-06 05:40:00,285.145
2021-01-06 05:50:00,284.825
2021-01-06 06:00:00,284.504
2021-01-06 06:10:00,284.181
2021-01-06 06:20:00,283.855
2021-01-06 06:30:00,283.528
2021-01-06 06:40:00,283.199
2021-01-06 06:50:00,282.868
2021-01-06 07:00:00,282.535
2021-01-06 07:10:00,282.2
2021-01-06 07:20:00,281.863
2021-01-06 07:30:00,281.524
2021-01-06 07:40:00,281.184
2021-01-06 07:50:00,280.841
2021-01-06 08:00:00,280.496
2021-01-06 08:10:00,280.15
2021-01-06 08:20:00,279.801
2021-01-06 08:30:00,279.451
2021-01-06 08:40:00,279.099
2021-01-06 08:50:00,278.745
2021-01-06 09:00:00,278.389
2021-01-06 09:10:00,278.031
2021-01-06 09:20:00,277.671
2021-01-06 09:30:00,277.309
2021-01-06 09:40:00,276.945
2021-01-06 09:50:00,276.58
2021-01-06 10:00:00,276.212
2021-01-06 10:10:00,275.843
2021-01-06 10:20:00,275.471
2021-01-06 10:30:00,275.098
2021-01-06 10:40:00,274.723
2021-01-06 10:50:00,274.346
2021-01-06 11:00:00,273.967
2021-01-06 11:10:00,273.587
2021-01-06 11:20:00,273.204
2021-01-06 11:30:00,272.82
2021-01-06 11:40:00,272.433
2021-01-06 11:50:00,272.045
2021-01-06 12:00:00,271.655
2021-01-06 12:10:00,271.263
2021-01-06 12:20:00,270.869
2021-01-06 12:30:00,270.474
2021-01-06 12:40:00,270.076
2021-01-06 12:50:00,269.677
2021-01-06 13:00:00,269.276
2021-01-06 13:10:00,268.873
2021-01-06 13:20:00,268.468
2021-01-06 13:30:00,268.061
2021-01-06 13:40:00,267.653
2021-01-06 13:50:00,267.242
2021-01-06 14:00:00,266.83
2021-01-06 14:10:00,266.416
2021-01-06 14:20:00,266.0
2021-01-06 14:30:00,265.582
2021-01-06 14:40:00,265.163
2021-01-06 14:50:00,264.742
2021-01-06 15:00:00,264.318
2021-01-06 15:10:00,263.893
2021-01-06 15:20:00,263.467
2021-01-06 15:30:00,263.038
2021-01-06 15:40:00,262.608
2021-01-06 15:50:00,262.176
2021-01-06 16:00:00,261.742
2021-01-06 16:10:00,261.306
2021-01-06 16:20:00,260.868
2021-01-06 16:30:00,260.429
2021-01-06 16:40:00,259.988
2021-01-06 16:50:00,259.545
2021-01-06 17:00:00,259.1
2021-01-06 17:10:00,258.654
2021-01-06 17:20:00,258.206
2021-01-06 17:30:00,257.756
2021-01-06 17:40:00,257.304
2021-01-06 17:50:00,256.85
2021-01-06 18:00:00,256.395
2021-01-06 18:10:00,255.938
2021-01-06 18:20:00,255.479
2021-01-06 18:30:00,255.019
2021-01-06 18:40:00,254.556
2021-01-06 18:50:00,254.092
2021-01-06 19:00:00,253.626
2021-01-06 19:10:00,253.159
2021-01-06 19:20:00,252.69
2021-01-06 19:30:00,252.219
2021-01-06 19:40:00,251.746
2021-01-06 19:50:00,251.271
2021-01-06 20:00:00,250.795
2021-01-06 20:10:00,250.317
2021-01-06 20:20:00,249.838
2021-01-06 20:30:00,249.356
2021-01-06 20:40:00,248.873
2021-01-06 20:50:00,248.389
2021-01-06 21:00:00,247.902
2021-01-06 21:10:00,247.414
2021-01-06 21:20:00,246.924
2021-01-06 21:30:00,246.433
2021-01-06 21:40:00,245.94
2021-01-06 21:50:00,245.445
2021-01-06 22:00:00,244.948
2021-01-06 22:10:00,244.45
2021-01-06 22:20:00,243.95
2021-01-06 22:30:00,243.448
2021-01-06 22:40:00,242.945
2021-01-06 22:50:00,242.44
2021-01-06 23:00:00,241.933
2021-01-06 23:10:00,241.425
2021-01-06 23:20:00,240.915
2021-01-06 23:30:00,240.404
2021-01-06 23:40:00,239.89
2021-01-06 23:50:00,239.376
2021-01-07 00:00:00,238.859
2021-01-07 00:10:00,238.341
2021-01-07 00:20:00,237.821
2021-01-07 00:30:00,237.3
2021-01-07 00:40:00,236.777
2021-01-07 00:50:00,236.252
2021-01-07 01:00:00,235.726
2021-01-07 01:10:00,235.198
2021-01-07 01:20:00,234.668
2021-01-07 01:30:00,234.137
2021-01-07 01:40:00,233.605
2021-01-07 01:50:00,233.07
2021-01-07 02:00:00,232.534
2021-01-07 02:10:00,231.997
2021-01-07 02:20:00,231.458
2021-01-07 02:30:00,230.917
2021-01-07 02:40:00,230.375
2021-01-07 02:50:00,229.831
2021-01-07 03:00:00,229.286
2021-01-07 03:10:00,228.739
2021-01-07 03:20:00,228.19
2021-01-07 03:30:00,227.64
2021-01-07 03:40:00,227.088
2021-01-07 03:50:00,226.535
2021-01-07 04:00:00,225.98
2021-01-07 04:10:00,225.424
2021-01-07 04:20:00,224.866
2021-01-07 04:30:00,224.307
2021-01-07 04:40:00,223.746
2021-01-07 04:50:00,223.183
2021-01-07 05:00:00,222.619
2021-01-07 05:10:00,222.054
2021-01-07 05:20:00,221.487
2021-01-07 05:30:00,220.918
2021-01-07 05:40:00,220.348
2021-01-07 05:50:00,219.776
2021-01-07 06:00:00,219.203
2021-01-07 06:10:00,218.628
2021-01-07 06:20:00,218.052
2021-01-07 06:30:00,217.475
2021-01-07 06:40:00,216.896
2021-01-07 06:50:00,216.315
2021-01-07 07:00:00,215.733
2021-01-07 07:10:00,215.149
2021-01-07 07:20:00,214.564
2021-01-07 07:30:00,213.978
2021-01-07 07:40:00,213.39
2021-01-07 07:50:00,212.8
2021-01-07 08:00:00,212.21
2021-01-07 08:10:00,211.617
2021-01-07 08:20:00,211.023
2021-01-07 08:30:00,210.428
2021-01-07 08:40:00,209.832
2021-01-07 08:50:00,209.233
2021-01-07 09:00:00,208.634
2021-01-07 09:10:00,208.033
2021-01-07 09:20:00,207.43
2021-01-07 09:30:00,206.827
2021-01-07 09:40:00,206.221
2021-01-07 09:50:00,205.615
2021-01-07 10:00:00,205.007
2021-01-07 10:10:00,204.397
2021-01-07 10:20:00,203.786
2021-01-07 10:30:00,203.174
2021-01-07 10:40:00,202.56
2021-01-07 10:50:00,201.945
2021-01-07 11:00:00,201.329
2021-01-07 11:10:00,200.711
2021-01-07 11:20:00,200.092
2021-01-07 11:30:00,199.471
2021-01-07 11:40:00,198.849
2021-01-07 11:50:00,198.226
2021-01-07 12:00:00,197.601
2021-01-07 12:10:00,196.975
2021-01-07 12:20:00,196.348
2021-01-07 12:30:00,195.719
2021-01-07 12:40:00,195.089
2021-01-07 12:50:00,194.458
2021-01-07 13:00:00,193.825
2021-01-07 13:10:00,193.191
2021-01-07 13:20:00,192.556
2021-01-07 13:30:00,191.919
2021-01-07 13:40:00,191.281
2021-01-07 13:50:00,190.642
2021-01-07 14:00:00,190.001
2021-01-07 14:10:00,189.359
2021-01-07 14:20:00,188.716
2021-01-07 14:30:00,188.072
2021-01-07 14:40:00,187.426
2021-01-07 14:50:00,186.779
2021-01-07 15:00:00,186.13
2021-01-07 15:10:00,185.481
2021-01-07 15:20:00,184.83
2021-01-07 15:30:00,184.178
2021-01-07 15:40:00,183.524
2021-01-07 15:50:00,182.869
2021-01-07 16:00:00,182.213
2021-01-07 16:10:00,181.556
2021-01-07 16:20:00,180.898
2021-01-07 16:30:00,180.238
2021-01-07 16:40:00,179.577
2021-01-07 16:50:00,178.915
2021-01-07 17:00:00,178.252
2021-01-07 17:10:00,177.587
2021-01-07 17:20:00,176.921
2021-01-07 17:30:00,176.254
2021-01-07 17:40:00,175.586
2021-01-07 17:50:00,174.916
2021-01-07 18:00:00,174.246
2021-01-07 18:10:00,173.574
2021-01-07 18:20:00,172.901
2021-01-07 18:30:00,172.227
2021-01-07 18:40:00,171.551
2021-01-07 18:50:00,170.875
2021-01-07 19:00:00,170.197
2021-01-07 19:10:00,169.518
2021-01-07 19:20:00,168.838
2021-01-07 19:30:00,168.157
2021-01-07 19:40:00,167.474
2021-01-07 19:50:00,166.791
2021-01-07 20:00:00,166.106
2021-01-07 20:10:00,165.42
2021-01-07 20:20:00,164.734
2021-01-07 20:30:00,164.045
2021-01-07 20:40:00,163.356
2021-01-07 20:50:00,162.666
2021-01-07 21:00:00,161.975
2021-01-07 21:10:00,161.282
2021-01-07 21:20:00,160.588
2021-01-07 21:30:00,159.894
2021-01-07 21:40:00,159.198
2021-01-07 21:50:00,158.501
2021-01-07 22:00:00,157.803
2021-01-07 22:10:00,157.104
2021-01-07 22:20:00,156.404
2021-01-07 22:30:00,155.702
2021-01-07 22:40:00,155.0
2021-01-07 22:50:00,154.297
2021-01-07 23:00:00,153.592
2021-01-07 23:10:00,152.887
2021-01-07 23:20:00,152.18
2021-01-07 23:30:00,151.473
2021-01-07 23:40:00,150.764
2021-01-07 23:50:00,150.054
2021-01-08 00:00:00,149.344
2021-01-08 00:10:00,148.632
2021-01-08 00:20:00,147.919
2021-01-08 00:30:00,147.205
2021-01-08 00:40:00,146.491
2021-01-08 00:50:00,145.775
2021-01-08 01:00:00,145.058
2021-01-08 01:10:00,144.341
2021-01-08 01:20:00,143.622
2021-01-08 01:30:00,142.902
2021-01-08 01:40:00,142.181
2021-01-08 01:50:00,141.46
2021-01-08 02:00:00,140.737
2021-01-08 02:10:00,140.013
2021-01-08 02:20:00,139.289
2021-01-08 02:30:00,138.563
2021-01-08 02:40:00,137.837
2021-01-08 02:50:00,137.109
2021-01-08 03:00:00,136.381
2021-01-08 03:10:00,135.652
2021-01-08 03:20:00,134.922
2021-01-08 03:30:00,134.191
2021-01-08 03:40:00,133.458
2021-01-08 03:50:00,132.725
2021-01-08 04:00:00,131.992
2021-01-08 04:10:00,131.257
2021-01-08 04:20:00,130.521
2021-01-08 04:30:00,129.785
2021-01-08 04:40:00,129.047
2021-01-08 04:50:00,128.309
2021-01-08 05:00:00,127.569
2021-01-08 05:10:00,126.829
2021-01-08 05:20:00,126.088
2021-01-08 05:30:00,125.347
2021-01-08 05:40:00,124.604
2021-01-08 05:50:00,123.86
2021-01-08 06:00:00,123.116
2021-01-08 06:10:00,122.371
2021-01-08 06:20:00,121.625
2021-01-08 06:30:00,120.878
2021-01-08 06:40:00,120.13
2021-01-08 06:50:00,119.381
2021-01-08 07:00:00,118.632
2021-01-08 07:10:00,117.882
2021-01-08 07:20:00,117.131
2021-01-08 07:30:00,116.379
2021-01-08 07:40:00,115.626
2021-01-08 07:50:00,114.873
2021-01-08 08:00:00,114.119
2021-01-08 08:10:00,113.364
2021-01-08 08:20:00,112.608
2021-01-08 08:30:00,111.851
2021-01-08 08:40:00,111.094
2021-01-08 08:50:00,110.336
2021-01-08 09:00:00,109.577
2021-01-08 09:10:00,108.818
2021-01-08 09:20:00,108.057
2021-01-08 09:30:00,107.296
2021-01-08 09:40:00,106.535
2021-01-08 09:50:00,105.772
2021-01-08 10:00:00,105.009
2021-01-08 10:10:00,104.245
2021-01-08 10:20:00,103.48
2021-01-08 10:30:00,102.715
2021-01-08 10:40:00,101.949
2021-01-08 10:50:00,101.182
2021-01-08 11:00:00,100.414
2021-01-08 11:10:00,99.646
2021-01-08 11:20:00,98.877
2021-01-08 11:30:00,98.108
2021-01-08 11:40:00,97.338
2021-01-08 11:50:00,96.567
2021-01-08 12:00:00,95.795
2021-01-08 12:10:00,95.023
2021-01-08 12:20:00,94.25
2021-01-08 12:30:00,93.477
2021-01-08 12:40:00,92.703
2021-01-08 12:50:00,91.928
2021-01-08 13:00:00,91.153
2021-01-08 13:10:00,90.376
2021-01-08 13:20:00,89.6
2021-01-08 13:30:00,88.823
2021-01-08 13:40:00,88.045
2021-01-08 13:50:00,87.266
2021-01-08 14:00:00,86.487
2021-01-08 14:10:00,85.708
2021-01-08 14:20:00,84.927
2021-01-08 14:30:00,84.147
2021-01-08 14:40:00,83.365
2021-01-08 14:50:00,82.583
2021-01-08 15:00:00,81.801
2021-01-08 15:10:00,81.018
2021-01-08 15:20:00,80.234
2021-01-08 15:30:00,79.45
2021-01-08 15:40:00,78.665
2021-01-08 15:50:00,77.88
2021-01-08 16:00:00,77.094
2021-01-08 16:10:00,76.308
2021-01-08 16:20:00,75.521
2021-01-08 16:30:00,74.733
2021-01-08 16:40:00,73.945
2021-01-08 16:50:00,73.157
2021-01-08 17:00:00,72.368
2021-01-08 17:10:00,71.579
2021-01-08 17:20:00,70.789
2021-01-08 17:30:00,69.998
2021-01-08 17:40:00,69.208
2021-01-08 17:50:00,68.416
2021-01-08 18:00:00,67.624
2021-01-08 18:10:00,66.832
2021-01-08 18:20:00,66.039
2021-01-08 18:30:00,65.246
2021-01-08 18:40:00,64.453
2021-01-08 18:50:00,63.659
2021-01-08 19:00:00,62.864
2021-01-08 19:10:00,62.069
2021-01-08 19:20:00,61.274
2021-01-08 19:30:00,60.478
2021-01-08 19:40:00,59.682
2021-01-08 19:50:00,58.885
2021-01-08 20:00:00,58.088
2021-01-08 20:10:00,57.291
2021-01-08 20:20:00,56.493
2021-01-08 20:30:00,55.695
2021-01-08 20:40:00,54.896
2021-01-08 20:50:00,54.097
2021-01-08 21:00:00,53.298
2021-01-08 21:10:00,52.498
2021-01-08 21:20:00,51.698
2021-01-08 21:30:00,50.898
2021-01-08 21:40:00,50.097
2021-01-08 21:50:00,49.296
2021-01-08 22:00:00,48.495
2021-01-08 22:10:00,47.693
2021-01-08 22:20:00,46.891
2021-01-08 22:30:00,46.088
2021-01-08 22:40:00,45.286
2021-01-08 22:50:00,44.483
2021-01-08 23:00:00,43.679
2021-01-08 23:10:00,42.876
2021-01-08 23:20:00,42.072
2021-01-08 23:30:00,41.268
2021-01-08 23:40:00,40.463
2021-01-08 23:50:00,39.658
2021-01-09 00:00:00,38.853
2021-01-09 00:10:00,38.048
2021-01-09 00:20:00,37.242
2021-01-09 00:30:00,36.437
2021-01-09 00:40:00,35.631
2021-01-09 00:50:00,34.824
2021-01-09 01:00:00,34.018
2021-01-09 01:10:00,33.211
2021-01-09 01:20:00,32.404
2021-01-09 01:30:00,31.597
2021-01-09 01:40:00,30.789
2021-01-09 01:50:00,29.981
2021-01-09 02:00:00,29.174
2021-01-09 02:10:00,28.366
2021-01-09 02:20:00,27.557
2021-01-09 02:30:00,26.749
2021-01-09 02:40:00,25.94
2021-01-09 02:50:00,25.131
2021-01-09 03:00:00,24.322
2021-01-09 03:10:00,23.513
2021-01-09 03:20:00,22.704
2021-01-09 03:30:00,21.894
2021-01-09 03:40:00,21.085
2021-01-09 03:50:00,20.275
2021-01-09 04:00:00,19.465
2021-01-09 04:10:00,18.655
2021-01-09 04:20:00,17.845
2021-01-09 04:30:00,17.035
2021-01-09 04:40:00,16.224
2021-01-09 04:50:00,15.414
2021-01-09 05:00:00,14.603
2021-01-09 05:10:00,13.792
2021-01-09 05:20:00,12.981
2021-01-09 05:30:00,12.171
2021-01-09 05:40:00,11.36
2021-01-09 05:50:00,10.548
2021-01-09 06:00:00,9.737
2021-01-09 06:10:00,8.926
2021-01-09 06:20:00,8.115
2021-01-09 06:30:00,7.304
2021-01-09 06:40:00,6.492
2021-01-09 06:50:00,5.681
2021-01-09 07:00:00,4.869
2021-01-09 07:10:00,4.058
2021-01-09 07:20:00,3.246
2021-01-09 07:30:00,2.435
2021-01-09 07:40:00,1.623
2021-01-09 07:50:00,0.812
2021-01-09 08:00:00,0.0
2021-01-09 08:10:00,0.0
2021-01-09 08:20:00,0.0
2021-01-09 08:30:00,0.0
2021-01-09 08:40:00,0.0
2021-01-09 08:50:00,0.0
2021-01-09 09:00:00,0.0
2021-01-09 09:10:00,0.0
2021-01-09 09:20:00,0.0
2021-01-09 09:30:00,0.0
2021-01-09 09:40:00,0.0
2021-01-09 09:50:00,0.0
2021-01-09 10:00:00,0.0
2021-01-09 10:10:00,0.0
2021-01-09 10:20:00,0.0
2021-01-09 10:30:00,0.0
2021-01-09 10:40:00,0.0
2021-01-09 10:50:00,0.0
2021-01-09 11:00:00,0.0
2021-01-09 11:10:00,0.0
2021-01-09 11:20:00,0.0
2021-01-09 11:30:00,0.0
2021-01-09 11:40:00,0.0
2021-01-09 11:50:00,0.0
2021-01-09 12:00:00,0.0
2021-01-09 12:10:00,0.0
2021-01-09 12:20:00,0.0
2021-01-09 12:30:00,0.0
2021-01-09 12:40:00,0.0
2021-01-09 12:50:00,0.0
2021-01-09 13:00:00,0.0
2021-01-09 13:10:00,0.0
2021-01-09 13:20:00,0.0
2021-01-09 13:30:00,0.0
2021-01-09 13:40:00,0.0
2021-01-09 13:50:00,0.0
2021-01-09 14:00:00,0.0
2021-01-09 14:10:00,0.0
2021-01-09 14:20:00,0.0
2021-01-09 14:30:00,0.0
2021-01-09 14:40:00,0.0
2021-01-09 14:50:00,0.0
2021-01-09 15:00:00,0.0
2021-01-09 15:10:00,0.0
2021-01-09 15:20:00,0.0
2021-01-09 15:30:00,0.0
2021-01-09 15:40:00,0.0
2021-01-09 15:50:00,0.0
2021-01-09 16:00:00,0.0
2021-01-09 16:10:00,0.0
2021-01-09 16:20:00,0.0
2021-01-09 16:30:00,0.0
2021-01-09 16:40:00,0.0
2021-01-09 16:50:00,0.0
2021-01-09 17:00:00,0.0
2021-01-09 17:10:00,0.0
2021-01-09 17:20:00,0.0
2021-01-09 17:30:00,0.0
2021-01-09 17:40:00,0.0
2021-01-09 17:50:00,0.0
2021-01-09 18:00:00,0.0
2021-01-09 18:10:00,0.0
2021-01-09 18:20:00,0.0
2021-01-09 18:30:00,0.0
2021-01-09 18:40:00,0.0
2021-01-09 18:50:00,0.0
2021-01-09 19:00:00,0.0
2021-01-09 19:10:00,0.0
2021-01-09 19:20:00,0.0
2021-01-09 19:30:00,0.0
2021-01-09 19:40:00,0.0
2021-01-09 19:50:00,0.0
2021-01-09 20:00:00,0.0
2021-01-09 20:10:00,0.0
2021-01-09 20:20:00,0.0
2021-01-09 20:30:00,0.0
2021-01-09 20:40:00,0.0
2021-01-09 20:50:00,0.0
2021-01-09 21:00:00,0.0
2021-01-09 21:10:00,0.0
2021-01-09 21:20:00,0.0
2021-01-09 21:30:00,0.0
2021-01-09 21:40:00,0.0
2021-01-09 21:50:00,0.0
2021-01-09 22:00:00,0.0
2021-01-09 22:10:00,0.0
2021-01-09 22:20:00,0.0
2021-01-09 22:30:00,0.0
2021-01-09 22:40:00,0.0
2021-01-09 22:50:00,0.0
2021-01-09 23:00:00,0.0
2021-01-09 23:10:00,0.0
2021-01-09 23:20:00,0.0
2021-01-09 23:30:00,0.0
2021-01-09 23:40:00,0.0
2021-01-09 23:50:00,0.0
2021-01-10 00:00:00,0.0
2021-01-10 00:10:00,0.0
2021-01-10 00:20:00,0.0
2021-01-10 00:30:00,0.0
2021-01-10 00:40:00,0.0
2021-01-10 00:50:00,0.0
2021-01-10 01:00:00,0.0
2021-01-10 01:10:00,0.0
2021-01-10 01:20:00,0.0
2021-01-10 01:30:00,0.0
2021-01-10 01:40:00,0.0
2021-01-10 01:50:00,0.0
2021-01-10 02:00:00,0.0
2021-01-10 02:10:00,0.0
2021-01-10 02:20:00,0.0
2021-01-10 02:30:00,0.0
2021-01-10 02:40:00,0.0
2021-01-10 02:50:00,0.0
2021-01-10 03:00:00,0.0
2021-01-10 03:10:00,0.0
2021-01-10 03:20:00,0.0
2021-01-10 03:30:00,0.0
2021-01-10 03:40:00,0.0
2021-01-10 03:50:00,0.0
2021-01-10 04:00:00,0.0
2021-01-10 04:10:00,0.0
2021-01-10 04:20:00,0.0
2021-01-10 04:30:00,0.0
2021-01-10 04:40:00,0.0
2021-01-10 04:50:00,0.0
2021-01-10 05:00:00,0.0
2021-01-10 05:10:00,0.0
2021-01-10 05:20:00,0.0
2021-01-10 05:30:00,0.0
2021-01-10 05:40:00,0.0
2021-01-10 05:50:00,0.0
2021-01-10 06:00:00,0.0
2021-01-10 06:10:00,0.0
2021-01-10 06:20:00,0.0
2021-01-10 06:30:00,0.0
2021-01-10 06:40:00,0.0
2021-01-10 06:50:00,0.0
2021-01-10 07:00:00,0.0
2021-01-10 07:10:00,0.0
2021-01-10 07:20:00,0.0
2021-01-10 07:30:00,0.0
2021-01-10 07:40:00,0.0
2021-01-10 07:50:00,0.0
2021-01-10 08:00:00,0.0
2021-01-10 08:10:00,0.0
2021-01-10 08:20:00,0.0
2021-01-10 08:30:00,0.0
2021-01-10 08:40:00,0.0
2021-01-10 08:50:00,0.0
2021-01-10 09:00:00,0.0
2021-01-10 09:10:00,0.0
2021-01-10 09:20:00,0.0
2021-01-10 09:30:00,0.0
2021-01-10 09:40:00,0.0
2021-01-10 09:50:00,0.0
2021-01-10 10:00:00,0.0
2021-01-10 10:10:00,0.0
2021-01-10 10:20:00,0.0
2021-01-10 10:30:00,0.0
2021-01-10 10:40:00,0.0
2021-01-10 10:50:00,0.0
2021-01-10 11:00:00,0.0
2021-01-10 11:10:00,0.0
2021-01-10 11:20:00,0.0
2021-01-10 11:30:00,0.0
2021-01-10 11:40:00,0.0
2021-01-10 11:50:00,0.0
2021-01-10 12:00:00,0.0
2021-01-10 12:10:00,0.0
2021-01-10 12:20:00,0.0
2021-01-10 12:30:00,0.0
2021-01-10 12:40:00,0.0
2021-01-10 12:50:00,0.0
2021-01-10 13:00:00,0.0
2021-01-10 13:10:00,0.0
2021-01-10 13:20:00,0.0
2021-01-10 13:30:00,0.0
2021-01-10 13:40:00,0.0
2021-01-10 13:50:00,0.0
2021-01-10 14:00:00,0.0
2021-01-10 14:10:00,0.0
2021-01-10 14:20:00,0.0
2021-01-10 14:30:00,0.0
2021-01-10 14:40:00,0.0
2021-01-10 14:50:00,0.0
2021-01-10 15:00:00,0.0
2021-01-10 15:10:00,0.0
2021-01-10 15:20:00,0.0
2021-01-10 15:30:00,0.0
2021-01-10 15:40:00,0.0
2021-01-10 15:50:00,0.0
2021-01-10 16:00:00,0.0
2021-01-10 16:10:00,0.0
2021-01-10 16:20:00,0.0
2021-01-10 16:30:00,0.0
2021-01-10 16:40:00,0.0
2021-01-10 16:50:00,0.0
2021-01-10 17:00:00,0.0
2021-01-10 17:10:00,0.0
2021-01-10 17:20:00,0.0
2021-01-10 17:30:00,0.0
2021-01-10 17:40:00,0.0
2021-01-10 17:50:00,0.0
2021-01-10 18:00:00,0.0
2021-01-10 18:10:00,0.0
2021-01-10 18:20:00,0.0
2021-01-10 18:30:00,0.0
2021-01-10 18:40:00,0.0
2021-01-10 18:50:00,0.0
2021-01-10 19:00:00,0.0
2021-01-10 19:10:00,0.0
2021-01-10 19:20:00,0.0
2021-01-10 19:30:00,0.0
2021-01-10 19:40:00,0.0
2021-01-10 19:50:00,0.0
2021-01-10 20:00:00,0.0
2021-01-10 20:10:00,0.0
2021-01-10 20:20:00,0.0
2021-01-10 20:30:00,0.0
2021-01-10 20:40:00,0.0
2021-01-10 20:50:00,0.0
2021-01-10 21:00:00,0.0
2021-01-10 21:10:00,0.0
2021-01-10 21:20:00,0.0
2021-01-10 21:30:00,0.0
2021-01-10 21:40:00,0.0
2021-01-10 21:50:00,0.0
2021-01-10 22:00:00,0.0
2021-01-10 22:10:00,0.0
2021-01-10 22:20:00,0.0
2021-01-10 22:30:00,0.0
2021-01-10 22:40:00,0.0
2021-01-10 22:50:00,0.0
2021-01-10 23:00:00,0.0
2021-01-10 23:10:00,0.0
2021-01-10 23:20:00,0.0
2021-01-10 23:30:00,0.0
2021-01-10 23:40:00,0.0
2021-01-10 23:50:00,0.0
2021-01-11 00:00:00,0.0
2021-01-11 00:10:00,0.0
2021-01-11 00:20:00,0.0
2021-01-11 00:30:00,0.0
2021-01-11 00:40:00,0.0
2021-01-11 00:50:00,0.0
2021-01-11 01:00:00,0.0
2021-01-11 01:10:00,0.0
2021-01-11 01:20:00,0.0
2021-01-11 01:30:00,0.0
2021-01-11 01:40:00,0.0
2021-01-11 01:50:00,0.0
2021-01-11 02:00:00,0.0
2021-01-11 02:10:00,0.0
2021-01-11 02:20:00,0.0
2021-01-11 02:30:00,0.0
2021-01-11 02:40:00,0.0
2021-01-11 02:50:00,0.0
2021-01-11 03:00:00,0.0
2021-01-11 03:10:00,0.0
2021-01-11 03:20:00,0.0
2021-01-11 03:30:00,0.0
2021-01-11 03:40:00,0.0
2021-01-11 03:50:00,0.0
2021-01-11 04:00:00,0.0
2021-01-11 04:10:00,0.0
2021-01-11 04:20:00,0.0
2021-01-11 04:30:00,0.0
2021-01-11 04:40:00,0.0
2021-01-11 04:50:00,0.0
2021-01-11 05:00:00,0.0
2021-01-11 05:10:00,0.0
2021-01-11 05:20:00,0.0
2021-01-11 05:30:00,0.0
2021-01-11 05:40:00,0.0
2021-01-11 05:50:00,0.0
2021-01-11 06:00:00,0.0
2021-01-11 06:10:00,0.0
2021-01-11 06:20:00,0.0
2021-01-11 06:30:00,0.0
2021-01-11 06:40:00,0.0
2021-01-11 06:50:00,0.0
2021-01-11 07:00:00,0.0
2021-01-11 07:10:00,0.0
2021-01-11 07:20:00,0.0
2021-01-11 07:30:00,0.0
2021-01-11 07:40:00,0.0
2021-01-11 07:50:00,0.0
2021-01-11 08:00:00,0.0
2021-01-11 08:10:00,0.0
2021-01-11 08:20:00,0.0
2021-01-11 08:30:00,0.0
2021-01-11 08:40:00,0.0
2021-01-11 08:50:00,0.0
2021-01-11 09:00:00,0.0
2021-01-11 09:10:00,0.0
2021-01-11 09:20:00,0.0
2021-01-11 09:30:00,0.0
2021-01-11 09:40:00,0.0
2021-01-11 09:50:00,0.0
2021-01-11 10:00:00,0.0
2021-01-11 10:10:00,0.0
2021-01-11 10:20:00,0.0
2021-01-11 10:30:00,0.0
2021-01-11 10:40:00,0.0
2021-01-11 10:50:00,0.0
2021-01-11 11:00:00,0.0
2021-01-11 11:10:00,0.0
2021-01-11 11:20:00,0.0
2021-01-11 11:30:00,0.0
2021-01-11 11:40:00,0.0
2021-01-11 11:50:00,0.0
2021-01-11 12:00:00,0.0
2021-01-11 12:10:00,0.0
2021-01-11 12:20:00,0.0
2021-01-11 12:30:00,0.0
2021-01-11 12:40:00,0.0
2021-01-11 12:50:00,0.0
2021-01-11 13:00:00,0.0
2021-01-11 13:10:00,0.0
2021-01-11 13:20:00,0.0
2021-01-11 13:30:00,0.0
2021-01-11 13:40:00,0.0
2021-01-11 13:50:00,0.0
2021-01-11 14:00:00,0.0
2021-01-11 14:10:00,0.0
2021-01-11 14:20:00,0.0
2021-01-11 14:30:00,0.0
2021-01-11 14:40:00,0.0
2021-01-11 14:50:00,0.0
2021-01-11 15:00:00,0.0
2021-01-11 15:10:00,0.0
2021-01-11 15:20:00,0.0
2021-01-11 15:30:00,0.0
2021-01-11 15:40:00,0.0
2021-01-11 15:50:00,0.0
2021-01-11 16:00:00,0.0
2021-01-11 16:10:00,0.0
2021-01-11 16:20:00,0.0
2021-01-11 16:30:00,0.0
2021-01-11 16:40:00,0.0
2021-01-11 16:50:00,0.0
2021-01-11 17:00:00,0.0
2021-01-11 17:10:00,0.0
2021-01-11 17:20:00,0.0
2021-01-11 17:30:00,0.0
2021-01-11 17:40:00,0.0
2021-01-11 17:50:00,0.0
2021-01-11 18:00:00,0.0
2021-01-11 18:10:00,0.0
2021-01-11 18:20:00,0.0
2021-01-11 18:30:00,0.0
2021-01-11 18:40:00,0.0
2021-01-11 18:50:00,0.0
2021-01-11 19:00:00,0.0
2021-01-11 19:10:00,0.0
2021-01-11 19:20:00,0.0
2021-01-11 19:30:00,0.0
2021-01-11 19:40:00,0.0
2021-01-11 19:50:00,0.0
2021-01-11 20:00:00,0.0
2021-01-11 20:10:00,0.0
2021-01-11 20:20:00,0.0
2021-01-11 20:30:00,0.0
2021-01-11 20:40:00,0.0
2021-01-11 20:50:00,0.0
2021-01-11 21:00:00,0.0
2021-01-11 21:10:00,0.0
2021-01-11 21:20:00,0.0
2021-01-11 21:30:00,0.0
2021-01-11 21:40:00,0.0
2021-01-11 21:50:00,0.0
2021-01-11 22:00:00,0.0
2021-01-11 22:10:00,0.0
2021-01-11 22:20:00,0.0
2021-01-11 22:30:00,0.0
2021-01-11 22:40:00,0.0
2021-01-11 22:50:00,0.0
2021-01-11 23:00:00,0.0
2021-01-11 23:10:00,0.0
2021-01-11 23:20:00,0.0
2021-01-11 23:30:00,0.0
2021-01-11 23:40:00,0.0
2021-01-11 23:50:00,0.0
2021-01-12 00:00:00,0.0
2021-01-12 00:10:00,0.0
2021-01-12 00:20:00,0.0
2021-01-12 00:30:00,0.0
2021-01-12 00:40:00,0.0
2021-01-12 00:50:00,0.0
2021-01-12 01:00:00,0.0
2021-01-12 01:10:00,0.0
2021-01-12 01:20:00,0.0
2021-01-12 01:30:00,0.0
2021-01-12 01:40:00,0.0
2021-01-12 01:50:00,0.0
2021-01-12 02:00:00,0.0
2021-01-12 02:10:00,0.0
2021-01-12 02:20:00,0.0
2021-01-12 02:30:00,0.0
2021-01-12 02:40:00,0.0
2021-01-12 02:50:00,0.0
2021-01-12 03:00:00,0.0
2021-01-12 03:10:00,0.0
2021-01-12 03:20:00,0.0
2021-01-12 03:30:00,0.0
2021-01-12 03:40:00,0.0
2021-01-12 03:50:00,0.0
2021-01-12 04:00:00,0.0
2021-01-12 04:10:00,0.0
2021-01-12 04:20:00,0.0
2021-01-12 04:30:00,0.0
2021-01-12 04:40:00,0.0
2021-01-12 04:50:00,0.0
2021-01-12 05:00:00,0.0
2021-01-12 05:10:00,0.0
2021-01-12 05:20:00,0.0
2021-01-12 05:30:00,0.0
2021-01-12 05:40:00,0.0
2021-01-12 05:50:00,0.0
2021-01-12 06:00:00,0.0
2021-01-12 06:10:00,0.0
2021-01-12 06:20:00,0.0
2021-01-12 06:30:00,0.0
2021-01-12 06:40:00,0.0
2021-01-12 06:50:00,0.0
2021-01-12 07:00:00,0.0
2021-01-12 07:10:00,0.0
2021-01-12 07:20:00,0.0
2021-01-12 07:30:00,0.0
2021-01-12 07:40:00,0.0
2021-01-12 07:50:00,0.0
2021-01-12 08:00:00,0.0
2021-01-12 08:10:00,0.0
2021-01-12 08:20:00,0.0
2021-01-12 08:30:00,0.0
2021-01-12 08:40:00,0.0
2021-01-12 08:50:00,0.0
2021-01-12 09:00:00,0.0
2021-01-12 09:10:00,0.0
2021-01-12 09:20:00,0.0
2021-01-12 09:30:00,0.0
2021-01-12 09:40:00,0.0
2021-01-12 09:50:00,0.0
2021-01-12 10:00:00,0.0
2021-01-12 10:10:00,0.0
2021-01-12 10:20:00,0.0
2021-01-12 10:30:00,0.0
2021-01-12 10:40:00,0.0
2021-01-12 10:50:00,0.0
2021-01-12 11:00:00,0.0
2021-01-12 11:10:00,0.0
2021-01-12 11:20:00,0.0
2021-01-12 11:30:00,0.0
2021-01-12 11:40:00,0.0
2021-01-12 11:50:00,0.0
2021-01-12 12:00:00,0.0
2021-01-12 12:10:00,0.0
2021-01-12 12:20:00,0.0
2021-01-12 12:30:00,0.0
2021-01-12 12:40:00,0.0
2021-01-12 12:50:00,0.0
2021-01-12 13:00:00,0.0
2021-01-12 13:10:00,0.0
2021-01-12 13:20:00,0.0
2021-01-12 13:30:00,0.0
2021-01-12 13:40:00,0.0
2021-01-12 13:50:00,0.0
2021-01-12 14:00:00,0.0
2021-01-12 14:10:00,0.0
2021-01-12 14:20:00,0.0
2021-01-12 14:30:00,0.0
2021-01-12 14:40:00,0.0
2021-01-12 14:50:00,0.0
2021-01-12 15:00:00,0.0
2021-01-12 15:10:00,0.0
2021-01-12 15:20:00,0.0
2021-01-12 15:30:00,0.0
2021-01-12 15:40:00,0.0
2021-01-12 15:50:00,0.0
2021-01-12 16:00:00,0.0
2021-01-12 16:10:00,0.0
2021-01-12 16:20:00,0.0
2021-01-12 16:30:00,0.0
2021-01-12 16:40:00,0.0
2021-01-12 16:50:00,0.0
2021-01-12 17:00:00,0.0
2021-01-12 17:10:00,0.0
2021-01-12 17:20:00,0.0
2021-01-12 17:30:00,0.0
2021-01-12 17:40:00,0.0
2021-01-12 17:50:00,0.0
2021-01-12 18:00:00,0.0
2021-01-12 18:10:00,0.0
2021-01-12 18:20:00,0.0
2021-01-12 18:30:00,0.0
2021-01-12 18:40:00,0.0
2021-01-12 18:50:00,0.0
2021-01-12 19:00:00,0.0
2021-01-12 19:10:00,0.0
2021-01-12 19:20:00,0.0
2021-01-12 19:30:00,0.0
2021-01-12 19:40:00,0.0
2021-01-12 19:50:00,0.0
2021-01-12 20:00:00,0.0
2021-01-12 20:10:00,0.0
2021-01-12 20:20:00,0.0
2021-01-12 20:30:00,0.0
2021-01-12 20:40:00,0.0
2021-01-12 20:50:00,0.0
2021-01-12 21:00:00,0.0
2021-01-12 21:10:00,0.0
2021-01-12 21:20:00,0.0
2021-01-12 21:30:00,0.0
2021-01-12 21:40:00,0.0
2021-01-12 21:50:00,0.0
2021-01-12 22:00:00,0.0
2021-01-12 22:10:00,0.0
2021-01-12 22:20:00,0.0
2021-01-12 22:30:00,0.0
2021-01-12 22:40:00,0.0
2021-01-12 22:50:00,0.0
2021-01-12 23:00:00,0.0
2021-01-12 23:10:00,0.0
2021-01-12 23:20:00,0.0
2021-01-12 23:30:00,0.0
2021-01-12 23:40:00,0.0
2021-01-12 23:50:00,0.0
2021-01-13 00:00:00,0.0
2021-01-13 00:10:00,0.0
2021-01-13 00:20:00,0.0
2021-01-13 00:30:00,0.0
2021-01-13 00:40:00,0.0
2021-01-13 00:50:00,0.0
2021-01-13 01:00:00,0.0
2021-01-13 01:10:00,0.0
2021-01-13 01:20:00,0.0
2021-01-13 01:30:00,0.0
2021-01-13 01:40:00,0.0
2021-01-13 01:50:00,0.0
2021-01-13 02:00:00,0.0
2021-01-13 02:10:00,0.0
2021-01-13 02:20:00,0.0
2021-01-13 02:30:00,0.0
2021-01-13 02:40:00,0.0
2021-01-13 02:50:00,0.0
2021-01-13 03:00:00,0.0
2021-01-13 03:10:00,0.0
2021-01-13 03:20:00,0.0
2021-01-13 03:30:00,0.0
2021-01-13 03:40:00,0.0
2021-01-13 03:50:00,0.0
2021-01-13 04:00:00,0.0
2021-01-13 04:10:00,0.0
2021-01-13 04:20:00,0.0
2021-01-13 04:30:00,0.0
2021-01-13 04:40:00,0.0
2021-01-13 04:50:00,0.0
2021-01-13 05:00:00,0.0
2021-01-13 05:10:00,0.0
2021-01-13 05:20:00,0.0
2021-01-13 05:30:00,0.0
2021-01-13 05:40:00,0.0
2021-01-13 05:50:00,0.0
2021-01-13 06:00:00,0.0
2021-01-13 06:10:00,0.0
2021-01-13 06:20:00,0.0
2021-01-13 06:30:00,0.0
2021-01-13 06:40:00,0.0
2021-01-13 06:50:00,0.0
2021-01-13 07:00:00,0.0
2021-01-13 07:10:00,0.0
2021-01-13 07:20:00,0.0
2021-01-13 07:30:00,0.0
2021-01-13 07:40:00,0.0
2021-01-13 07:50:00,0.0
2021-01-13 08:00:00,0.0
2021-01-13 08:10:00,0.0
2021-01-13 08:20:00,0.0
2021-01-13 08:30:00,0.0
2021-01-13 08:40:00,0.0
2021-01-13 08:50:00,0.0
2021-01-13 09:00:00,0.0
2021-01-13 09:10:00,0.0
2021-01-13 09:20:00,0.0
2021-01-13 09:30:00,0.0
2021-01-13 09:40:00,0.0
2021-01-13 09:50:00,0.0
2021-01-13 10:00:00,0.0
2021-01-13 10:10:00,0.0
2021-01-13 10:20:00,0.0
2021-01-13 10:30:00,0.0
2021-01-13 10:40:00,0.0
2021-01-13 10:50:00,0.0
2021-01-13 11:00:00,0.0
2021-01-13 11:10:00,0.0
2021-01-13 11:20:00,0.0
2021-01-13 11:30:00,0.0
2021-01-13 11:40:00,0.0
2021-01-13 11:50:00,0.0
2021-01-13 12:00:00,0.0
2021-01-13 12:10:00,0.0
2021-01-13 12:20:00,0.0
2021-01-13 12:30:00,0.0
2021-01-13 12:40:00,0.0
2021-01-13 12:50:00,0.0
2021-01-13 13:00:00,0.0
2021-01-13 13:10:00,0.0
2021-01-13 13:20:00,0.0
2021-01-13 13:30:00,0.0
2021-01-13 13:40:00,0.0
2021-01-13 13:50:00,0.0
2021-01-13 14:00:00,0.0
2021-01-13 14:10:00,0.0
2021-01-13 14:20:00,0.0
2021-01-13 14:30:00,0.0
2021-01-13 14:40:00,0.0
2021-01-13 14:50:00,0.0
2021-01-13 15:00:00,0.0
2021-01-13 15:10:00,0.0
2021-01-13 15:20:00,0.0
2021-01-13 15:30:00,0.0
2021-01-13 15:40:00,0.0
2021-01-13 15:50:00,0.0
2021-01-13 16:00:00,0.0
2021-01-13 16:10:00,0.0
2021-01-13 16:20:00,0.0
2021-01-13 16:30:00,0.0
2021-01-13 16:40:00,0.0
2021-01-13 16:50:00,0.0
2021-01-13 17:00:00,0.0
2021-01-13 17:10:00,0.0
2021-01-13 17:20:00,0.0
2021-01-13 17:30:00,0.0
2021-01-13 17:40:00,0.0
2021-01-13 17:50:00,0.0
2021-01-13 18:00:00,0.0
2021-01-13 18:10:00,0.0
2021-01-13 18:20:00,0.0
2021-01-13 18:30:00,0.0
2021-01-13 18:40:00,0.0
2021-01-13 18:50:00,0.0
2021-01-13 19:00:00,0.0
2021-01-13 19:10:00,0.0
2021-01-13 19:20:00,0.0
2021-01-13 19:30:00,0.0
2021-01-13 19:40:00,0.0
2021-01-13 19:50:00,0.0
2021-01-13 20:00:00,0.0
2021-01-13 20:10:00,0.0
2021-01-13 20:20:00,0.0
2021-01-13 20:30:00,0.0
2021-01-13 20:40:00,0.0
2021-01-13 20:50:00,0.0
2021-01-13 21:00:00,0.0
2021-01-13 21:10:00,0.0
2021-01-13 21:20:00,0.0
2021-01-13 21:30:00,0.0
2021-01-13 21:40:00,0.0
2021-01-13 21:50:00,0.0
2021-01-13 22:00:00,0.0
2021-01-13 22:10:00,0.0
2021-01-13 22:20:00,0.0
2021-01-13 22:30:00,0.0
2021-01-13 22:40:00,0.0
2021-01-13 22:50:00,0.0
2021-01-13 23:00:00,0.0
2021-01-13 23:10:00,0.0
2021-01-13 23:20:00,0.0
2021-01-13 23:30:00,0.0
2021-01-13 23:40:00,0.0
2021-01-13 23:50:00,0.0
2021-01-14 00:00:00,0.0
2021-01-14 00:10:00,0.0
2021-01-14 00:20:00,0.0
2021-01-14 00:30:00,0.0
2021-01-14 00:40:00,0.0
2021-01-14 00:50:00,0.0
2021-01-14 01:00:00,0.0
2021-01-14 01:10:00,0.0
2021-01-14 01:20:00,0.0
2021-01-14 01:30:00,0.0
2021-01-14 01:40:00,0.0
2021-01-14 01:50:00,0.0
2021-01-14 02:00:00,0.0
2021-01-14 02:10:00,0.0
2021-01-14 02:20:00,0.0
2021-01-14 02:30:00,0.0
2021-01-14 02:40:00,0.0
2021-01-14 02:50:00,0.0
2021-01-14 03:00:00,0.0
2021-01-14 03:10:00,0.0
2021-01-14 03:20:00,0.0
2021-01-14 03:30:00,0.0
2021-01-14 03:40:00,0.0
2021-01-14 03:50:00,0.0
2021-01-14 04:00:00,0.0
2021-01-14 04:10:00,0.0
2021-01-14 04:20:00,0.0
2021-01-14 04:30:00,0.0
2021-01-14 04:40:00,0.0
2021-01-14 04:50:00,0.0
2021-01-14 05:00:00,0.0
2021-01-14 05:10:00,0.0
2021-01-14 05:20:00,0.0
2021-01-14 05:30:00,0.0
2021-01-14 05:40:00,0.0
2021-01-14 05:50:00,0.0
2021-01-14 06:00:00,0.0
2021-01-14 06:10:00,0.0
2021-01-14 06:20:00,0.0
2021-01-14 06:30:00,0.0
2021-01-14 06:40:00,0.0
2021-01-14 06:50:00,0.0
2021-01-14 07:00:00,0.0
2021-01-14 07:10:00,0.0
2021-01-14 07:20:00,0.0
2021-01-14 07:30:00,0.0
2021-01-14 07:40:00,0.0
2021-01-14 07:50:00,0.0
2021-01-14 08:00:00,0.0
2021-01-14 08:10:00,0.0
2021-01-14 08:20:00,0.0
2021-01-14 08:30:00,0.0
2021-01-14 08:40:00,0.0
2021-01-14 08:50:00,0.0
2021-01-14 09:00:00,0.0
2021-01-14 09:10:00,0.0
2021-01-14 09:20:00,0.0
2021-01-14 09:30:00,0.0
2021-01-14 09:40:00,0.0
2021-01-14 09:50:00,0.0
2021-01-14 10:00:00,0.0
2021-01-14 10:10:00,0.0
2021-01-14 10:20:00,0.0
2021-01-14 10:30:00,0.0
2021-01-14 10:40:00,0.0
2021-01-14 10:50:00,0.0
2021-01-14 11:00:00,0.0
2021-01-14 11:10:00,0.0
2021-01-14 11:20:00,0.0
2021-01-14 11:30:00,0.0
2021-01-14 11:40:00,0.0
2021-01-14 11:50:00,0.0
2021-01-14 12:00:00,0.0
2021-01-14 12:10:00,0.0
2021-01-14 12:20:00,0.0
2021-01-14 12:30:00,0.0
2021-01-14 12:40:00,0.0
2021-01-14 12:50:00,0.0
2021-01-14 13:00:00,0.0
2021-01-14 13:10:00,0.0
2021-01-14 13:20:00,0.0
2021-01-14 13:30:00,0.0
2021-01-14 13:40:00,0.0
2021-01-14 13:50:00,0.0
2021-01-14 14:00:00,0.0
2021-01-14 14:10:00,0.0
2021-01-14 14:20:00,0.0
2021-01-14 14:30:00,0.0
2021-01-14 14:40:00,0.0
2021-01-14 14:50:00,0.0
2021-01-14 15:00:00,0.0
2021-01-14 15:10:00,0.0
2021-01-14 15:20:00,0.0
2021-01-14 15:30:00,0.0
2021-01-14 15:40:00,0.0
2021-01-14 15:50:00,0.0
2021-01-14 16:00:00,0.0
2021-01-14 16:10:00,0.0
2021-01-14 16:20:00,0.0
2021-01-14 16:30:00,0.0
2021-01-14 16:40:00,0.0
2021-01-14 16:50:00,0.0
2021-01-14 17:00:00,0.0
2021-01-14 17:10:00,0.0
2021-01-14 17:20:00,0.0
2021-01-14 17:30:00,0.0
2021-01-14 17:40:00,0.0
2021-01-14 17:50:00,0.0
2021-01-14 18:00:00,0.0
2021-01-14 18:10:00,0.0
2021-01-14 18:20:00,0.0
2021-01-14 18:30:00,0.0
2021-01-14 18:40:00,0.0
2021-01-14 18:50:00,0.0
2021-01-14 19:00:00,0.0
2021-01-14 19:10:00,0.0
2021-01-14 19:20:00,0.0
2021-01-14 19:30:00,0.0
2021-01-14 19:40:00,0.0
2021-01-14 19:50:00,0.0
2021-01-14 20:00:00,0.0
2021-01-14 20:10:00,0.0
2021-01-14 20:20:00,0.0
2021-01-14 20:30:00,0.0
2021-01-14 20:40:00,0.0
2021-01-14 20:50:00,0.0
2021-01-14 21:00:00,0.0
2021-01-14 21:10:00,0.0
2021-01-14 21:20:00,0.0
2021-01-14 21:30:00,0.0
2021-01-14 21:40:00,0.0
2021-01-14 21:50:00,0.0
2021-01-14 22:00:00,0.0
2021-01-14 22:10:00,0.0
2021-01-14 22:20:00,0.0
2021-01-14 22:30:00,0.0
2021-01-14 22:40:00,0.0
2021-01-14 22:50:00,0.0
2021-01-14 23:00:00,0.0
2021-01-14 23:10:00,0.0
2021-01-14 23:20:00,0.0
2021-01-14 23:30:00,0.0
2021-01-14 23:40:00,0.0
2021-01-14 23:50:00,0.0
2021-01-15 00:00:00,0.0
2021-01-15 00:10:00,0.0
2021-01-15 00:20:00,0.0
2021-01-15 00:30:00,0.0
2021-01-15 00:40:00,0.0
2021-01-15 00:50:00,0.0
2021-01-15 01:00:00,0.0
2021-01-15 01:10:00,0.0
2021-01-15 01:20:00,0.0
2021-01-15 01:30:00,0.0
2021-01-15 01:40:00,0.0
2021-01-15 01:50:00,0.0
2021-01-15 02:00:00,0.0
2021-01-15 02:10:00,0.0
2021-01-15 02:20:00,0.0
2021-01-15 02:30:00,0.0
2021-01-15 02:40:00,0.0
2021-01-15 02:50:00,0.0
2021-01-15 03:00:00,0.0
2021-01-15 03:10:00,0.0
2021-01-15 03:20:00,0.0
2021-01-15 03:30:00,0.0
2021-01-15 03:40:00,0.0
2021-01-15 03:50:00,0.0
2021-01-15 04:00:00,0.0
2021-01-15 04:10:00,0.0
2021-01-15 04:20:00,0.0
2021-01-15 04:30:00,0.0
2021-01-15 04:40:00,0.0
2021-01-15 04:50:00,0.0
2021-01-15 05:00:00,0.0
2021-01-15 05:10:00,0.0
2021-01-15 05:20:00,0.0
2021-01-15 05:30:00,0.0
2021-01-15 05:40:00,0.0
2021-01-15 05:50:00,0.0
2021-01-15 06:00:00,0.0
2021-01-15 06:10:00,0.0
2021-01-15 06:20:00,0.0
2021-01-15 06:30:00,0.0
2021-01-15 06:40:00,0.0
2021-01-15 06:50:00,0.0
2021-01-15 07:00:00,0.0
2021-01-15 07:10:00,0.0
2021-01-15 07:20:00,0.0
2021-01-15 07:30:00,0.0
2021-01-15 07:40:00,0.0
2021-01-15 07:50:00,0.0
2021-01-15 08:00:00,0.0
2021-01-15 08:10:00,0.0
2021-01-15 08:20:00,0.0
2021-01-15 08:30:00,0.0
2021-01-15 08:40:00,0.0
2021-01-15 08:50:00,0.0
2021-01-15 09:00:00,0.0
2021-01-15 09:10:00,0.0
2021-01-15 09:20:00,0.0
2021-01-15 09:30:00,0.0
2021-01-15 09:40:00,0.0
2021-01-15 09:50:00,0.0
2021-01-15 10:00:00,0.0
2021-01-15 10:10:00,0.0
2021-01-15 10:20:00,0.0
2021-01-15 10:30:00,0.0
2021-01-15 10:40:00,0.0
2021-01-15 10:50:00,0.0
2021-01-15 11:00:00,0.0
2021-01-15 11:10:00,0.0
2021-01-15 11:20:00,0.0
2021-01-15 11:30:00,0.0
2021-01-15 11:40:00,0.0
2021-01-15 11:50:00,0.0
2021-01-15 12:00:00,0.0
2021-01-15 12:10:00,0.0
2021-01-15 12:20:00,0.0
2021-01-15 12:30:00,0.0
2021-01-15 12:40:00,0.0
2021-01-15 12:50:00,0.0
2021-01-15 13:00:00,0.0
2021-01-15 13:10:00,0.0
2021-01-15 13:20:00,0.0
2021-01-15 13:30:00,0.0
2021-01-15 13:40:00,0.0
2021-01-15 13:50:00,0.0
2021-01-15 14:00:00,0.0
2021-01-15 14:10:00,0.0
2021-01-15 14:20:00,0.0
2021-01-15 14:30:00,0.0
2021-01-15 14:40:00,0.0
2021-01-15 14:50:00,0.0
2021-01-15 15:00:00,0.0
2021-01-15 15:10:00,0.0
2021-01-15 15:20:00,0.0
2021-01-15 15:30:00,0.0
2021-01-15 15:40:00,0.0
2021-01-15 15:50:00,0.0
2021-01-15 16:00:00,0.0
2021-01-15 16:10:00,0.0
2021-01-15 16:20:00,0.0
2021-01-15 16:30:00,0.0
2021-01-15 16:40:00,0.0
2021-01-15 16:50:00,0.0
2021-01-15 17:00:00,0.0
2021-01-15 17:10:00,0.0
2021-01-15 17:20:00,0.0
2021-01-15 17:30:00,0.0
2021-01-15 17:40:00,0.0
2021-01-15 17:50:00,0.0
2021-01-15 18:00:00,0.0
2021-01-15 18:10:00,0.0
2021-01-15 18:20:00,0.0
2021-01-15 18:30:00,0.0
2021-01-15 18:40:00,0.0
2021-01-15 18:50:00,0.0
2021-01-15 19:00:00,0.0
2021-01-15 19:10:00,0.0
2021-01-15 19:20:00,0.0
2021-01-15 19:30:00,0.0
2021-01-15 19:40:00,0.0
2021-01-15 19:50:00,0.0
2021-01-15 20:00:00,0.0
2021-01-15 20:10:00,0.0
2021-01-15 20:20:00,0.0
2021-01-15 20:30:00,0.0
2021-01-15 20:40:00,0.0
2021-01-15 20:50:00,0.0
2021-01-15 21:00:00,0.0
2021-01-15 21:10:00,0.0
2021-01-15 21:20:00,0.0
2021-01-15 21:30:00,0.0
2021-01-15 21:40:00,0.0
2021-01-15 21:50:00,0.0
2021-01-15 22:00:00,0.0
2021-01-15 22:10:00,0.0
2021-01-15 22:20:00,0.0
2021-01-15 22:30:00,0.0
2021-01-15 22:40:00,0.0
2021-01-15 22:50:00,0.0
2021-01-15 23:00:00,0.0
2021-01-15 23:10:00,0.0
2021-01-15 23:20:00,0.0
2021-01-15 23:30:00,0.0
2021-01-15 23:40:00,0.0
2021-01-15 23:50:00,0.0
2021-01-16 00:00:00,0.0
2021-01-16 00:10:00,0.0
2021-01-16 00:20:00,0.0
2021-01-16 00:30:00,0.0
2021-01-16 00:40:00,0.0
2021-01-16 00:50:00,0.0
2021-01-16 01:00:00,0.0
2021-01-16 01:10:00,0.0
2021-01-16 01:20:00,0.0
2021-01-16 01:30:00,0.0
2021-01-16 01:40:00,0.0
2021-01-16 01:50:00,0.0
2021-01-16 02:00:00,0.0
2021-01-16 02:10:00,0.0
2021-01-16 02:20:00,0.0
2021-01-16 02:30:00,0.0
2021-01-16 02:40:00,0.0
2021-01-16 02:50:00,0.0
2021-01-16 03:00:00,0.0
2021-01-16 03:10:00,0.0
2021-01-16 03:20:00,0.0
2021-01-16 03:30:00,0.0
2021-01-16 03:40:00,0.0
2021-01-16 03:50:00,0.0
2021-01-16 04:00:00,0.0
2021-01-16 04:10:00,0.0
2021-01-16 04:20:00,0.0
2021-01-16 04:30:00,0.0
2021-01-16 04:40:00,0.0
2021-01-16 04:50:00,0.0
2021-01-16 05:00:00,0.0
2021-01-16 05:10:00,0.0
2021-01-16 05:20:00,0.0
2021-01-16 05:30:00,0.0
2021-01-16 05:40:00,0.0
2021-01-16 05:50:00,0.0
2021-01-16 06:00:00,0.0
2021-01-16 06:10:00,0.0
2021-01-16 06:20:00,0.0
2021-01-16 06:30:00,0.0
2021-01-16 06:40:00,0.0
2021-01-16 06:50:00,0.0
2021-01-16 07:00:00,0.0
2021-01-16 07:10:00,0.0
2021-01-16 07:20:00,0.0
2021-01-16 07:30:00,0.0
2021-01-16 07:40:00,0.0
2021-01-16 07:50:00,0.0
2021-01-16 08:00:00,0.0
2021-01-16 08:10:00,0.0
2021-01-16 08:20:00,0.0
2021-01-16 08:30:00,0.0
2021-01-16 08:40:00,0.0
2021-01-16 08:50:00,0.0
2021-01-16 09:00:00,0.0
2021-01-16 09:10:00,0.0
2021-01-16 09:20:00,0.0
2021-01-16 09:30:00,0.0
2021-01-16 09:40:00,0.0
2021-01-16 09:50:00,0.0
2021-01-16 10:00:00,0.0
2021-01-16 10:10:00,0.0
2021-01-16 10:20:00,0.0
2021-01-16 10:30:00,0.0
2021-01-16 10:40:00,0.0
2021-01-16 10:50:00,0.0
2021-01-16 11:00:00,0.0
2021-01-16 11:10:00,0.0
2021-01-16 11:20:00,0.0
2021-01-16 11:30:00,0.0
2021-01-16 11:40:00,0.0
2021-01-16 11:50:00,0.0
2021-01-16 12:00:00,0.0
2021-01-16 12:10:00,0.0
2021-01-16 12:20:00,0.0
2021-01-16 12:30:00,0.0
2021-01-16 12:40:00,0.0
2021-01-16 12:50:00,0.0
2021-01-16 13:00:00,0.0
2021-01-16 13:10:00,0.0
2021-01-16 13:20:00,0.0
2021-01-16 13:30:00,0.0
2021-01-16 13:40:00,0.0
2021-01-16 13:50:00,0.0
2021-01-16 14:00:00,0.0
2021-01-16 14:10:00,0.0
2021-01-16 14:20:00,0.0
2021-01-16 14:30:00,0.0
2021-01-16 14:40:00,0.0
2021-01-16 14:50:00,0.0
2021-01-16 15:00:00,0.0
2021-01-16 15:10:00,0.0
2021-01-16 15:20:00,0.0
2021-01-16 15:30:00,0.0
2021-01-16 15:40:00,0.0
2021-01-16 15:50:00,0.0
2021-01-16 16:00:00,0.0
2021-01-16 16:10:00,0.0
2021-01-16 16:20:00,0.0
2021-01-16 16:30:00,0.0
2021-01-16 16:40:00,0.0
2021-01-16 16:50:00,0.0
2021-01-16 17:00:00,0.0
2021-01-16 17:10:00,0.0
2021-01-16 17:20:00,0.0
2021-01-16 17:30:00,0.0
2021-01-16 17:40:00,0.0
2021-01-16 17:50:00,0.0
2021-01-16 18:00:00,0.0
2021-01-16 18:10:00,0.0
2021-01-16 18:20:00,0.0
2021-01-16 18:30:00,0.0
2021-01-16 18:40:00,0.0
2021-01-16 18:50:00,0.0
2021-01-16 19:00:00,0.0
2021-01-16 19:10:00,0.0
2021-01-16 19:20:00,0.0
2021-01-16 19:30:00,0.0
2021-01-16 19:40:00,0.0
2021-01-16 19:50:00,0.0
2021-01-16 20:00:00,0.0
2021-01-16 20:10:00,0.0
2021-01-16 20:20:00,0.0
2021-01-16 20:30:00,0.0
2021-01-16 20:40:00,0.0
2021-01-16 20:50:00,0.0
2021-01-16 21:00:00,0.0
2021-01-16 21:10:00,0.0
2021-01-16 21:20:00,0.0
2021-01-16 21:30:00,0.0
2021-01-16 21:40:00,0.0
2021-01-16 21:50:00,0.0
2021-01-16 22:00:00,0.0
2021-01-16 22:10:00,0.0
2021-01-16 22:20:00,0.0
2021-01-16 22:30:00,0.0
2021-01-16 22:40:00,0.0
2021-01-16 22:50:00,0.0
2021-01-16 23:00:00,0.0
2021-01-16 23:10:00,0.0
2021-01-16 23:20:00,0.0
2021-01-16 23:30:00,0.0
2021-01-16 23:40:00,0.0
2021-01-16 23:50:00,0.0
2021-01-17 00:00:00,0.0
2021-01-17 00:10:00,0.0
2021-01-17 00:20:00,0.0
2021-01-17 00:30:00,0.0
2021-01-17 00:40:00,0.0
2021-01-17 00:50:00,0.0
2021-01-17 01:00:00,0.0
2021-01-17 01:10:00,0.0
2021-01-17 01:20:00,0.0
2021-01-17 01:30:00,0.0
2021-01-17 01:40:00,0.0
2021-01-17 01:50:00,0.0
2021-01-17 02:00:00,0.0
2021-01-17 02:10:00,0.0
2021-01-17 02:20:00,0.0
2021-01-17 02:30:00,0.0
2021-01-17 02:40:00,0.0
2021-01-17 02:50:00,0.0
2021-01-17 03:00:00,0.0
2021-01-17 03:10:00,0.0
2021-01-17 03:20:00,0.0
2021-01-17 03:30:00,0.0
2021-01-17 03:40:00,0.0
2021-01-17 03:50:00,0.0
2021-01-17 04:00:00,0.0
2021-01-17 04:10:00,0.0
2021-01-17 04:20:00,0.0
2021-01-17 04:30:00,0.0
2021-01-17 04:40:00,0.0
2021-01-17 04:50:00,0.0
2021-01-17 05:00:00,0.0
2021-01-17 05:10:00,0.0
2021-01-17 05:20:00,0.0
2021-01-17 05:30:00,0.0
2021-01-17 05:40:00,0.0
2021-01-17 05:50:00,0.0
2021-01-17 06:00:00,0.0
2021-01-17 06:10:00,0.0
2021-01-17 06:20:00,0.0
2021-01-17 06:30:00,0.0
2021-01-17 06:40:00,0.0
2021-01-17 06:50:00,0.0
2021-01-17 07:00:00,0.0
2021-01-17 07:10:00,0.0
2021-01-17 07:20:00,0.0
2021-01-17 07:30:00,0.0
2021-01-17 07:40:00,0.0
2021-01-17 07:50:00,0.0
2021-01-17 08:00:00,0.0
2021-01-17 08:10:00,0.0
2021-01-17 08:20:00,0.0
2021-01-17 08:30:00,0.0
2021-01-17 08:40:00,0.0
2021-01-17 08:50:00,0.0
2021-01-17 09:00:00,0.0
2021-01-17 09:10:00,0.0
2021-01-17 09:20:00,0.0
2021-01-17 09:30:00,0.0
2021-01-17 09:40:00,0.0
2021-01-17 09:50:00,0.0
2021-01-17 10:00:00,0.0
2021-01-17 10:10:00,0.0
2021-01-17 10:20:00,0.0
2021-01-17 10:30:00,0.0
2021-01-17 10:40:00,0.0
2021-01-17 10:50:00,0.0
2021-01-17 11:00:00,0.0
2021-01-17 11:10:00,0.0
2021-01-17 11:20:00,0.0
2021-01-17 11:30:00,0.0
2021-01-17 11:40:00,0.0
2021-01-17 11:50:00,0.0
2021-01-17 12:00:00,0.0
2021-01-17 12:10:00,0.0
2021-01-17 12:20:00,0.0
2021-01-17 12:30:00,0.0
2021-01-17 12:40:00,0.0
2021-01-17 12:50:00,0.0
2021-01-17 13:00:00,0.0
2021-01-17 13:10:00,0.0
2021-01-17 13:20:00,0.0
2021-01-17 13:30:00,0.0
2021-01-17 13:40:00,0.0
2021-01-17 13:50:00,0.0
2021-01-17 14:00:00,0.0
2021-01-17 14:10:00,0.0
2021-01-17 14:20:00,0.0
2021-01-17 14:30:00,0.0
2021-01-17 14:40:00,0.0
2021-01-17 14:50:00,0.0
2021-01-17 15:00:00,0.0
2021-01-17 15:10:00,0.0
2021-01-17 15:20:00,0.0
2021-01-17 15:30:00,0.0
2021-01-17 15:40:00,0.0
2021-01-17 15:50:00,0.0
2021-01-17 16:00:00,0.0
2021-01-17 16:10:00,0.812
2021-01-17 16:20:00,1.623
2021-01-17 16:30:00,2.435
2021-01-17 16:40:00,3.246
2021-01-17 16:50:00,4.058
2021-01-17 17:00:00,4.869
2021-01-17 17:10:00,5.681
2021-01-17 17:20:00,6.492
2021-01-17 17:30:00,7.304
2021-01-17 17:40:00,8.115
2021-01-17 17:50:00,8.926
2021-01-17 18:00:00,9.737
2021-01-17 18:10:00,10.548
2021-01-17 18:20:00,11.36
2021-01-17 18:30:00,12.171
2021-01-17 18:40:00,12.981
2021-01-17 18:50:00,13.792
2021-01-17 19:00:00,14.603
2021-01-17 19:10:00,15.414
2021-01-17 19:20:00,16.224
2021-01-17 19:30:00,17.035
2021-01-17 19:40:00,17.845
2021-01-17 19:50:00,18.655
2021-01-17 20:00:00,19.465
2021-01-17 20:10:00,20.275
2021-01-17 20:20:00,21.085
2021-01-17 20:30:00,21.894
2021-01-17 20:40:00,22.704
2021-01-17 20:50:00,23.513
2021-01-17 21:00:00,24.322
2021-01-17 21:10:00,25.131
2021-01-17 21:20:00,25.94
2021-01-17 21:30:00,26.749
2021-01-17 21:40:00,27.557
2021-01-17 21:50:00,28.366
2021-01-17 22:00:00,29.174
2021-01-17 22:10:00,29.981
2021-01-17 22:20:00,30.789
2021-01-17 22:30:00,31.597
2021-01-17 22:40:00,32.404
2021-01-17 22:50:00,33.211
2021-01-17 23:00:00,34.018
2021-01-17 23:10:00,34.824
2021-01-17 23:20:00,35.631
2021-01-17 23:30:00,36.437
2021-01-17 23:40:00,37.242
2021-01-17 23:50:00,38.048
2021-01-18 00:00:00,38.853
2021-01-18 00:10:00,39.658
2021-01-18 00:20:00,40.463
2021-01-18 00:30:00,41.268
2021-01-18 00:40:00,42.072
2021-01-18 00:50:00,42.876
2021-01-18 01:00:00,43.679
2021-01-18 01:10:00,44.483
2021-01-18 01:20:00,45.286
2021-01-18 01:30:00,46.088
2021-01-18 01:40:00,46.891
2021-01-18 01:50:00,47.693
2021-01-18 02:00:00,48.495
2021-01-18 02:10:00,49.296
2021-01-18 02:20:00,50.097
2021-01-18 02:30:00,50.898
2021-01-18 02:40:00,51.698
2021-01-18 02:50:00,52.498
2021-01-18 03:00:00,53.298
2021-01-18 03:10:00,54.097
2021-01-18 03:20:00,54.896
2021-01-18 03:30:00,55.695
2021-01-18 03:40:00,56.493
2021-01-18 03:50:00,57.291
2021-01-18 04:00:00,58.088
2021-01-18 04:10:00,58.885
2021-01-18 04:20:00,59.682
2021-01-18 04:30:00,60.478
2021-01-18 04:40:00,61.274
2021-01-18 04:50:00,62.069
2021-01-18 05:00:00,62.864
2021-01-18 05:10:00,63.659
2021-01-18 05:20:00,64.453
2021-01-18 05:30:00,65.246
2021-01-18 05:40:00,66.039
2021-01-18 05:50:00,66.832
2021-01-18 06:00:00,67.624
2021-01-18 06:10:00,68.416
2021-01-18 06:20:00,69.208
2021-01-18 06:30:00,69.998
2021-01-18 06:40:00,70.789
2021-01-18 06:50:00,71.579
2021-01-18 07:00:00,72.368
2021-01-18 07:10:00,73.157
2021-01-18 07:20:00,73.945
2021-01-18 07:30:00,74.733
2021-01-18 07:40:00,75.521
2021-01-18 07:50:00,76.308
2021-01-18 08:00:00,77.094
2021-01-18 08:10:00,77.88
2021-01-18 08:20:00,78.665
2021-01-18 08:30:00,79.45
2021-01-18 08:40:00,80.234
2021-01-18 08:50:00,81.018
2021-01-18 09:00:00,81.801
2021-01-18 09:10:00,82.583
2021-01-18 09:20:00,83.365
2021-01-18 09:30:00,84.147
2021-01-18 09:40:00,84.927
2021-01-18 09:50:00,85.708
2021-01-18 10:00:00,86.487
2021-01-18 10:10:00,87.266
2021-01-18 10:20:00,88.045
2021-01-18 10:30:00,88.823
2021-01-18 10:40:00,89.6
2021-01-18 10:50:00,90.376
2021-01-18 11:00:00,91.153
2021-01-18 11:10:00,91.928
2021-01-18 11:20:00,92.703
2021-01-18 11:30:00,93.477
2021-01-18 11:40:00,94.25
2021-01-18 11:50:00,95.023
2021-01-18 12:00:00,95.795
2021-01-18 12:10:00,96.567
2021-01-18 12:20:00,97.338
2021-01-18 12:30:00,98.108
2021-01-18 12:40:00,98.877
2021-01-18 12:50:00,99.646
2021-01-18 13:00:00,100.414
2021-01-18 13:10:00,101.182
2021-01-18 13:20:00,101.949
2021-01-18 13:30:00,102.715
2021-01-18 13:40:00,103.48
2021-01-18 13:50:00,104.245
2021-01-18 14:00:00,105.009
2021-01-18 14:10:00,105.772
2021-01-18 14:20:00,106.535
2021-01-18 14:30:00,107.296
2021-01-18 14:40:00,108.057
2021-01-18 14:50:00,108.818
2021-01-18 15:00:00,109.577
2021-01-18 15:10:00,110.336
2021-01-18 15:20:00,111.094
2021-01-18 15:30:00,111.851
2021-01-18 15:40:00,112.608
2021-01-18 15:50:00,113.364
2021-01-18 16:00:00,114.119
2021-01-18 16:10:00,114.873
2021-01-18 16:20:00,115.626
2021-01-18 16:30:00,116.379
2021-01-18 16:40:00,117.131
2021-01-18 16:50:00,117.882
2021-01-18 17:00:00,118.632
2021-01-18 17:10:00,119.381
2021-01-18 17:20:00,120.13
2021-01-18 17:30:00,120.878
2021-01-18 17:40:00,121.625
2021-01-18 17:50:00,122.371
2021-01-18 18:00:00,123.116
2021-01-18 18:10:00,123.86
2021-01-18 18:20:00,124.604
2021-01-18 18:30:00,125.347
2021-01-18 18:40:00,126.088
2021-01-18 18:50:00,126.829
2021-01-18 19:00:00,127.569
2021-01-18 19:10:00,128.309
2021-01-18 19:20:00,129.047
2021-01-18 19:30:00,129.785
2021-01-18 19:40:00,130.521
2021-01-18 19:50:00,131.257
2021-01-18 20:00:00,131.992
2021-01-18 20:10:00,132.725
2021-01-18 20:20:00,133.458
2021-01-18 20:30:00,134.191
2021-01-18 20:40:00,134.922
2021-01-18 20:50:00,135.652
2021-01-18 21:00:00,136.381
2021-01-18 21:10:00,137.109
2021-01-18 21:20:00,137.837
2021-01-18 21:30:00,138.563
2021-01-18 21:40:00,139.289
2021-01-18 21:50:00,140.013
2021-01-18 22:00:00,140.737
2021-01-18 22:10:00,141.46
2021-01-18 22:20:00,142.181
2021-01-18 22:30:00,142.902
2021-01-18 22:40:00,143.622
2021-01-18 22:50:00,144.341
2021-01-18 23:00:00,145.058
2021-01-18 23:10:00,145.775
2021-01-18 23:20:00,146.491
2021-01-18 23:30:00,147.205
2021-01-18 23:40:00,147.919
2021-01-18 23:50:00,148.632
2021-01-19 00:00:00,149.344
2021-01-19 00:10:00,150.054
2021-01-19 00:20:00,150.764
2021-01-19 00:30:00,151.473
2021-01-19 00:40:00,152.18
2021-01-19 00:50:00,152.887
2021-01-19 01:00:00,153.592
2021-01-19 01:10:00,154.297
2021-01-19 01:20:00,155.0
2021-01-19 01:30:00,155.702
2021-01-19 01:40:00,156.404
2021-01-19 01:50:00,157.104
2021-01-19 02:00:00,157.803
2021-01-19 02:10:00,158.501
2021-01-19 02:20:00,159.198
2021-01-19 02:30:00,159.894
2021-01-19 02:40:00,160.588
2021-01-19 02:50:00,161.282
2021-01-19 03:00:00,161.975
2021-01-19 03:10:00,162.666
2021-01-19 03:20:00,163.356
2021-01-19 03:30:00,164.045
2021-01-19 03:40:00,164.734
2021-01-19 03:50:00,165.42
2021-01-19 04:00:00,166.106
2021-01-19 04:10:00,166.791
2021-01-19 04:20:00,167.474
2021-01-19 04:30:00,168.157
2021-01-19 04:40:00,168.838
2021-01-19 04:50:00,169.518
2021-01-19 05:00:00,170.197
2021-01-19 05:10:00,170.875
2021-01-19 05:20:00,171.551
2021-01-19 05:30:00,172.227
2021-01-19 05:40:00,172.901
2021-01-19 05:50:00,173.574
2021-01-19 06:00:00,174.246
2021-01-19 06:10:00,174.916
2021-01-19 06:20:00,175.586
2021-01-19 06:30:00,176.254
2021-01-19 06:40:00,176.921
2021-01-19 06:50:00,177.587
2021-01-19 07:00:00,178.252
2021-01-19 07:10:00,178.915
2021-01-19 07:20:00,179.577
2021-01-19 07:30:00,180.238
2021-01-19 07:40:00,180.898
2021-01-19 07:50:00,181.556
2021-01-19 08:00:00,182.213
2021-01-19 08:10:00,182.869
2021-01-19 08:20:00,183.524
2021-01-19 08:30:00,184.178
2021-01-19 08:40:00,184.83
2021-01-19 08:50:00,185.481
2021-01-19 09:00:00,186.13
2021-01-19 09:10:00,186.779
2021-01-19 09:20:00,187.426
2021-01-19 09:30:00,188.072
2021-01-19 09:40:00,188.716
2021-01-19 09:50:00,189.359
2021-01-19 10:00:00,190.001
2021-01-19 10:10:00,190.642
2021-01-19 10:20:00,191.281
2021-01-19 10:30:00,191.919
2021-01-19 10:40:00,192.556
2021-01-19 10:50:00,193.191
2021-01-19 11:00:00,193.825
2021-01-19 11:10:00,194.458
2021-01-19 11:20:00,195.089
2021-01-19 11:30:00,195.719
2021-01-19 11:40:00,196.348
2021-01-19 11:50:00,196.975
2021-01-19 12:00:00,197.601
2021-01-19 12:10:00,198.226
2021-01-19 12:20:00,198.849
2021-01-19 12:30:00,199.471
2021-01-19 12:40:00,200.092
2021-01-19 12:50:00,200.711
2021-01-19 13:00:00,201.329
2021-01-19 13:10:00,201.945
2021-01-19 13:20:00,202.56
2021-01-19 13:30:00,203.174
2021-01-19 13:40:00,203.786
2021-01-19 13:50:00,204.397
2021-01-19 14:00:00,205.007
2021-01-19 14:10:00,205.615
2021-01-19 14:20:00,206.221
2021-01-19 14:30:00,206.827
2021-01-19 14:40:00,207.43
2021-01-19 14:50:00,208.033
2021-01-19 15:00:00,208.634
2021-01-19 15:10:00,209.233
2021-01-19 15:20:00,209.832
2021-01-19 15:30:00,210.428
2021-01-19 15:40:00,211.023
2021-01-19 15:50:00,211.617
2021-01-19 16:00:00,212.21
2021-01-19 16:10:00,212.8
2021-01-19 16:20:00,213.39
2021-01-19 16:30:00,213.978
2021-01-19 16:40:00,214.564
2021-01-19 16:50:00,215.149
2021-01-19 17:00:00,215.733
2021-01-19 17:10:00,216.315
2021-01-19 17:20:00,216.896
2021-01-19 17:30:00,217.475
2021-01-19 17:40:00,218.052
2021-01-19 17:50:00,218.628
2021-01-19 18:00:00,219.203
2021-01-19 18:10:00,219.776
2021-01-19 18:20:00,220.348
2021-01-19 18:30:00,220.918
2021-01-19 18:40:00,221.487
2021-01-19 18:50:00,222.054
2021-01-19 19:00:00,222.619
2021-01-19 19:10:00,223.183
2021-01-19 19:20:00,223.746
2021-01-19 19:30:00,224.307
2021-01-19 19:40:00,224.866
2021-01-19 19:50:00,225.424
2021-01-19 20:00:00,225.98
2021-01-19 20:10:00,226.535
2021-01-19 20:20:00,227.088
2021-01-19 20:30:00,227.64
2021-01-19 20:40:00,228.19
2021-01-19 20:50:00,228.739
2021-01-19 21:00:00,229.286
2021-01-19 21:10:00,229.831
2021-01-19 21:20:00,230.375
2021-01-19 21:30:00,230.917
2021-01-19 21:40:00,231.458
2021-01-19 21:50:00,231.997
2021-01-19 22:00:00,232.534
2021-01-19 22:10:00,233.07
2021-01-19 22:20:00,233.605
2021-01-19 22:30:00,234.137
2021-01-19 22:40:00,234.668
2021-01-19 22:50:00,235.198
2021-01-19 23:00:00,235.726
2021-01-19 23:10:00,236.252
2021-01-19 23:20:00,236.777
2021-01-19 23:30:00,237.3
2021-01-19 23:40:00,237.821
2021-01-19 23:50:00,238.341
2021-01-20 00:00:00,238.859
2021-01-20 00:10:00,239.376
2021-01-20 00:20:00,239.89
2021-01-20 00:30:00,240.404
2021-01-20 00:40:00,240.915
2021-01-20 00:50:00,241.425
2021-01-20 01:00:00,241.933
2021-01-20 01:10:00,242.44
2021-01-20 01:20:00,242.945
2021-01-20 01:30:00,243.448
2021-01-20 01:40:00,243.95
2021-01-20 01:50:00,244.45
2021-01-20 02:00:00,244.948
2021-01-20 02:10:00,245.445
2021-01-20 02:20:00,245.94
2021-01-20 02:30:00,246.433
2021-01-20 02:40:00,246.924
2021-01-20 02:50:00,247.414
2021-01-20 03:00:00,247.902
2021-01-20 03:10:00,248.389
2021-01-20 03:20:00,248.873
2021-01-20 03:30:00,249.356
2021-01-20 03:40:00,249.838
2021-01-20 03:50:00,250.317
2021-01-20 04:00:00,250.795
2021-01-20 04:10:00,251.271
2021-01-20 04:20:00,251.746
2021-01-20 04:30:00,252.219
2021-01-20 04:40:00,252.69
2021-01-20 04:50:00,253.159
2021-01-20 05:00:00,253.626
2021-01-20 05:10:00,254.092
2021-01-20 05:20:00,254.556
2021-01-20 05:30:00,255.019
2021-01-20 05:40:00,255.479
2021-01-20 05:50:00,255.938
2021-01-20 06:00:00,256.395
2021-01-20 06:10:00,256.85
2021-01-20 06:20:00,257.304
2021-01-20 06:30:00,257.756
2021-01-20 06:40:00,258.206
2021-01-20 06:50:00,258.654
2021-01-20 07:00:00,259.1
2021-01-20 07:10:00,259.545
2021-01-20 07:20:00,259.988
2021-01-20 07:30:00,260.429
2021-01-20 07:40:00,260.868
2021-01-20 07:50:00,261.306
2021-01-20 08:00:00,261.742
2021-01-20 08:10:00,262.176
2021-01-20 08:20:00,262.608
2021-01-20 08:30:00,263.038
2021-01-20 08:40:00,263.467
2021-01-20 08:50:00,263.893
2021-01-20 09:00:00,264.318
2021-01-20 09:10:00,264.742
2021-01-20 09:20:00,265.163
2021-01-20 09:30:00,265.582
2021-01-20 09:40:00,266.0
2021-01-20 09:50:00,266.416
2021-01-20 10:00:00,266.83
2021-01-20 10:10:00,267.242
2021-01-20 10:20:00,267.653
2021-01-20 10:30:00,268.061
2021-01-20 10:40:00,268.468
2021-01-20 10:50:00,268.873
2021-01-20 11:00:00,269.276
2021-01-20 11:10:00,269.677
2021-01-20 11:20:00,270.076
2021-01-20 11:30:00,270.474
2021-01-20 11:40:00,270.869
2021-01-20 11:50:00,271.263
2021-01-20 12:00:00,271.655
2021-01-20 12:10:00,272.045
2021-01-20 12:20:00,272.433
2021-01-20 12:30:00,272.82
2021-01-20 12:40:00,273.204
2021-01-20 12:50:00,273.587
2021-01-20 13:00:00,273.967
2021-01-20 13:10:00,274.346
2021-01-20 13:20:00,274.723
2021-01-20 13:30:00,275.098
2021-01-20 13:40:00,275.471
2021-01-20 13:50:00,275.843
2021-01-20 14:00:00,276.212
2021-01-20 14:10:00,276.58
2021-01-20 14:20:00,276.945
2021-01-20 14:30:00,277.309
2021-01-20 14:40:00,277.671
2021-01-20 14:50:00,278.031
2021-01-20 15:00:00,278.389
2021-01-20 15:10:00,278.745
2021-01-20 15:20:00,279.099
2021-01-20 15:30:00,279.451
2021-01-20 15:40:00,279.801
2021-01-20 15:50:00,280.15
2021-01-20 16:00:00,280.496
2021-01-20 16:10:00,280.841
2021-01-20 16:20:00,281.184
2021-01-20 16:30:00,281.524
2021-01-20 16:40:00,281.863
2021-01-20 16:50:00,282.2
2021-01-20 17:00:00,282.535
2021-01-20 17:10:00,282.868
2021-01-20 17:20:00,283.199
2021-01-20 17:30:00,283.528
2021-01-20 17:40:00,283.855
2021-01-20 17:50:00,284.181
2021-01-20 18:00:00,284.504
2021-01-20 18:10:00,284.825
2021-01-20 18:20:00,285.145
2021-01-20 18:30:00,285.462
2021-01-20 18:40:00,285.778
2021-01-20 18:50:00,286.091
2021-01-20 19:00:00,286.403
2021-01-20 19:10:00,286.712
2021-01-20 19:20:00,287.02
2021-01-20 19:30:00,287.326
2021-01-20 19:40:00,287.629
2021-01-20 19:50:00,287.931
2021-01-20 20:00:00,288.231
2021-01-20 20:10:00,288.528
2021-01-20 20:20:00,288.824
2021-01-20 20:30:00,289.118
2021-01-20 20:40:00,289.41
2021-01-20 20:50:00,289.7
2021-01-20 21:00:00,289.988
2021-01-20 21:10:00,290.274
2021-01-20 21:20:00,290.557
2021-01-20 21:30:00,290.839
2021-01-20 21:40:00,291.119
2021-01-20 21:50:00,291.397
2021-01-20 22:00:00,291.673
2021-01-20 22:10:00,291.947
2021-01-20 22:20:00,292.219
2021-01-20 22:30:00,292.489
2021-01-20 22:40:00,292.757
2021-01-20 22:50:00,293.023
2021-01-20 23:00:00,293.286
2021-01-20 23:10:00,293.548
2021-01-20 23:20:00,293.808
2021-01-20 23:30:00,294.066
2021-01-20 23:40:00,294.322
2021-01-20 23:50:00,294.576
2021-01-21 00:00:00,294.828
2021-01-21 00:10:00,295.077
2021-01-21 00:20:00,295.325
2021-01-21 00:30:00,295.571
2021-01-21 00:40:00,295.815
2021-01-21 00:50:00,296.056
2021-01-21 01:00:00,296.296
2021-01-21 01:10:00,296.533
2021-01-21 01:20:00,296.769
2021-01-21 01:30:00,297.003
2021-01-21 01:40:00,297.234
2021-01-21 01:50:00,297.464
2021-01-21 02:00:00,297.691
2021-01-21 02:10:00,297.916
2021-01-21 02:20:00,298.14
2021-01-21 02:30:00,298.361
2021-01-21 02:40:00,298.58
2021-01-21 02:50:00,298.798
2021-01-21 03:00:00,299.013
2021-01-21 03:10:00,299.226
2021-01-21 03:20:00,299.437
2021-01-21 03:30:00,299.646
2021-01-21 03:40:00,299.853
2021-01-21 03:50:00,300.058
2021-01-21 04:00:00,300.261
2021-01-21 04:10:00,300.462
2021-01-21 04:20:00,300.66
2021-01-21 04:30:00,300.857
2021-01-21 04:40:00,301.052
2021-01-21 04:50:00,301.244
2021-01-21 05:00:00,301.435
2021-01-21 05:10:00,301.623
2021-01-21 05:20:00,301.809
2021-01-21 05:30:00,301.994
2021-01-21 05:40:00,302.176
2021-01-21 05:50:00,302.356
2021-01-21 06:00:00,302.534
2021-01-21 06:10:00,302.71
2021-01-21 06:20:00,302.884
2021-01-21 06:30:00,303.056
2021-01-21 06:40:00,303.226
2021-01-21 06:50:00,303.393
2021-01-21 07:00:00,303.559
2021-01-21 07:10:00,303.723
2021-01-21 07:20:00,303.884
2021-01-21 07:30:00,304.043
2021-01-21 07:40:00,304.201
2021-01-21 07:50:00,304.356
2021-01-21 08:00:00,304.509
2021-01-21 08:10:00,304.66
2021-01-21 08:20:00,304.809
2021-01-21 08:30:00,304.956
2021-01-21 08:40:00,305.101
2021-01-21 08:50:00,305.243
2021-01-21 09:00:00,305.384
2021-01-21 09:10:00,305.522
2021-01-21 09:20:00,305.659
2021-01-21 09:30:00,305.793
2021-01-21 09:40:00,305.925
2021-01-21 09:50:00,306.055
2021-01-21 10:00:00,306.183
2021-01-21 10:10:00,306.309
2021-01-21 10:20:00,306.433
2021-01-21 10:30:00,306.555
2021-01-21 10:40:00,306.674
2021-01-21 10:50:00,306.792
2021-01-21 11:00:00,306.907
2021-01-21 11:10:00,307.021
2021-01-21 11:20:00,307.132
2021-01-21 11:30:00,307.241
2021-01-21 11:40:00,307.348
2021-01-21 11:50:00,307.453
2021-01-21 12:00:00,307.556
2021-01-21 12:10:00,307.656
2021-01-21 12:20:00,307.755
2021-01-21 12:30:00,307.851
2021-01-21 12:40:00,307.946
2021-01-21 12:50:00,308.038
2021-01-21 13:00:00,308.128
2021-01-21 13:10:00,308.216
2021-01-21 13:20:00,308.302
2021-01-21 13:30:00,308.386
2021-01-21 13:40:00,308.467
2021-01-21 13:50:00,308.547
2021-01-21 14:00:00,308.624
2021-01-21 14:10:00,308.7
2021-01-21 14:20:00,308.773
2021-01-21 14:30:00,308.844
2021-01-21 14:40:00,308.913
2021-01-21 14:50:00,308.98
2021-01-21 15:00:00,309.044
2021-01-21 15:10:00,309.107
2021-01-21 15:20:00,309.167
2021-01-21 15:30:00,309.226
2021-01-21 15:40:00,309.282
2021-01-21 15:50:00,309.336
2021-01-21 16:00:00,309.388
2021-01-21 16:10:00,309.438
2021-01-21 16:20:00,309.486
2021-01-21 16:30:00,309.532
2021-01-21 16:40:00,309.575
2021-01-21 16:50:00,309.617
2021-01-21 17:00:00,309.656
2021-01-21 17:10:00,309.693
2021-01-21 17:20:00,309.728
2021-01-21 17:30:00,309.761
2021-01-21 17:40:00,309.792
2021-01-21 17:50:00,309.82
2021-01-21 18:00:00,309.847
2021-01-21 18:10:00,309.871
2021-01-21 18:20:00,309.894
2021-01-21 18:30:00,309.914
2021-01-21 18:40:00,309.932
2021-01-21 18:50:00,309.948
2021-01-21 19:00:00,309.962
2021-01-21 19:10:00,309.973
2021-01-21 19:20:00,309.983
2021-01-21 19:30:00,309.99
2021-01-21 19:40:00,309.996
2021-01-21 19:50:00,309.999
2021-01-21 20:00:00,310.0
2021-01-21 20:10:00,309.999
2021-01-21 20:20:00,309.996
2021-01-21 20:30:00,309.99
2021-01-21 20:40:00,309.983
2021-01-21 20:50:00,309.973
2021-01-21 21:00:00,309.962
2021-01-21 21:10:00,309.948
2021-01-21 21:20:00,309.932
2021-01-21 21:30:00,309.914
2021-01-21 21:40:00,309.894
2021-01-21 21:50:00,309.871
2021-01-21 22:00:00,309.847
2021-01-21 22:10:00,309.82
2021-01-21 22:20:00,309.792
2021-01-21 22:30:00,309.761
2021-01-21 22:40:00,309.728
2021-01-21 22:50:00,309.693
2021-01-21 23:00:00,309.656
2021-01-21 23:10:00,309.617
2021-01-21 23:20:00,309.575
2021-01-21 23:30:00,309.532
2021-01-21 23:40:00,309.486
2021-01-21 23:50:00,309.438
2021-01-22 00:00:00,309.388
2021-01-22 00:10:00,309.336
2021-01-22 00:20:00,309.282
2021-01-22 00:30:00,309.226
2021-01-22 00:40:00,309.167
2021-01-22 00:50:00,309.107
2021-01-22 01:00:00,309.044
2021-01-22 01:10:00,308.98
2021-01-22 01:20:00,308.913
2021-01-22 01:30:00,308.844
2021-01-22 01:40:00,308.773
2021-01-22 01:50:00,308.7
2021-01-22 02:00:00,308.624
2021-01-22 02:10:00,308.547
2021-01-22 02:20:00,308.467
2021-01-22 02:30:00,308.386
2021-01-22 02:40:00,308.302
2021-01-22 02:50:00,308.216
2021-01-22 03:00:00,308.128
2021-01-22 03:10:00,308.038
2021-01-22 03:20:00,307.946
2021-01-22 03:30:00,307.851
2021-01-22 03:40:00,307.755
2021-01-22 03:50:00,307.656
2021-01-22 04:00:00,307.556
2021-01-22 04:10:00,307.453
2021-01-22 04:20:00,307.348
2021-01-22 04:30:00,307.241
2021-01-22 04:40:00,307.132
2021-01-22 04:50:00,307.021
2021-01-22 05:00:00,306.907
2021-01-22 05:10:00,306.792
2021-01-22 05:20:00,306.674
2021-01-22 05:30:00,306.555
2021-01-22 05:40:00,306.433
2021-01-22 05:50:00,306.309
2021-01-22 06:00:00,306.183
2021-01-22 06:10:00,306.055
2021-01-22 06:20:00,305.925
2021-01-22 06:30:00,305.793
2021-01-22 06:40:00,305.659
2021-01-22 06:50:00,305.522
2021-01-22 07:00:00,305.384
2021-01-22 07:10:00,305.243
2021-01-22 07:20:00,305.101
2021-01-22 07:30:00,304.956
2021-01-22 07:40:00,304.809
2021-01-22 07:50:00,304.66
2021-01-22 08:00:00,304.509
2021-01-22 08:10:00,304.356
2021-01-22 08:20:00,304.201
2021-01-22 08:30:00,304.043
2021-01-22 08:40:00,303.884
2021-01-22 08:50:00,303.723
2021-01-22 09:00:00,303.559
2021-01-22 09:10:00,303.393
2021-01-22 09:20:00,303.226
2021-01-22 09:30:00,303.056
2021-01-22 09:40:00,302.884
2021-01-22 09:50:00,302.71
2021-01-22 10:00:00,302.534
2021-01-22 10:10:00,302.356
2021-01-22 10:20:00,302.176
2021-01-22 10:30:00,301.994
2021-01-22 10:40:00,301.809
2021-01-22 10:50:00,301.623
2021-01-22 11:00:00,301.435
2021-01-22 11:10:00,301.244
2021-01-22 11:20:00,301.052
2021-01-22 11:30:00,300.857
2021-01-22 11:40:00,300.66
2021-01-22 11:50:00,300.462
2021-01-22 12:00:00,300.261
2021-01-22 12:10:00,300.058
2021-01-22 12:20:00,299.853
2021-01-22 12:30:00,299.646
2021-01-22 12:40:00,299.437
2021-01-22 12:50:00,299.226
2021-01-22 13:00:00,299.013
2021-01-22 13:10:00,298.798
2021-01-22 13:20:00,298.58
2021-01-22 13:30:00,298.361
2021-01-22 13:40:00,298.14
2021-01-22 13:50:00,297.916
2021-01-22 14:00:00,297.691
2021-01-22 14:10:00,297.464
2021-01-22 14:20:00,297.234
2021-01-22 14:30:00,297.003
2021-01-22 14:40:00,296.769
2021-01-22 14:50:00,296.533
2021-01-22 15:00:00,296.296
2021-01-22 15:10:00,296.056
2021-01-22 15:20:00,295.815
2021-01-22 15:30:00,295.571
2021-01-22 15:40:00,295.325
2021-01-22 15:50:00,295.077
2021-01-22 16:00:00,294.828
2021-01-22 16:10:00,294.576
2021-01-22 16:20:00,294.322
2021-01-22 16:30:00,294.066
2021-01-22 16:40:00,293.808
2021-01-22 16:50:00,293.548
2021-01-22 17:00:00,293.286
2021-01-22 17:10:00,293.023
2021-01-22 17:20:00,292.757
2021-01-22 17:30:00,292.489
2021-01-22 17:40:00,292.219
2021-01-22 17:50:00,291.947
2021-01-22 18:00:00,291.673
2021-01-22 18:10:00,291.397
2021-01-22 18:20:00,291.119
2021-01-22 18:30:00,290.839
2021-01-22 18:40:00,290.557
2021-01-22 18:50:00,290.274
2021-01-22 19:00:00,289.988
2021-01-22 19:10:00,289.7
2021-01-22 19:20:00,289.41
2021-01-22 19:30:00,289.118
2021-01-22 19:40:00,288.824
2021-01-22 19:50:00,288.528
2021-01-22 20:00:00,288.231
2021-01-22 20:10:00,287.931
2021-01-22 20:20:00,287.629
2021-01-22 20:30:00,287.326
2021-01-22 20:40:00,287.02
2021-01-22 20:50:00,286.712
2021-01-22 21:00:00,286.403
2021-01-22 21:10:00,286.091
2021-01-22 21:20:00,285.778
2021-01-22 21:30:00,285.462
2021-01-22 21:40:00,285.145
2021-01-22 21:50:00,284.825
2021-01-22 22:00:00,284.504
2021-01-22 22:10:00,284.181
2021-01-22 22:20:00,283.855
2021-01-22 22:30:00,283.528
2021-01-22 22:40:00,283.199
2021-01-22 22:50:00,282.868
2021-01-22 23:00:00,282.535
2021-01-22 23:10:00,282.2
2021-01-22 23:20:00,281.863
2021-01-22 23:30:00,281.524
2021-01-22 23:40:00,281.184
2021-01-22 23:50:00,280.841
2021-01-23 00:00:00,280.496
2021-01-23 00:10:00,280.15
2021-01-23 00:20:00,279.801
2021-01-23 00:30:00,279.451
2021-01-23 00:40:00,279.099
2021-01-23 00:50:00,278.745
2021-01-23 01:00:00,278.389
2021-01-23 01:10:00,278.031
2021-01-23 01:20:00,277.671
2021-01-23 01:30:00,277.309
2021-01-23 01:40:00,276.945
2021-01-23 01:50:00,276.58
2021-01-23 02:00:00,276.212
2021-01-23 02:10:00,275.843
2021-01-23 02:20:00,275.471
2021-01-23 02:30:00,275.098
2021-01-23 02:40:00,274.723
2021-01-23 02:50:00,274.346
2021-01-23 03:00:00,273.967
2021-01-23 03:10:00,273.587
2021-01-23 03:20:00,273.204
2021-01-23 03:30:00,272.82
2021-01-23 03:40:00,272.433
2021-01-23 03:50:00,272.045
2021-01-23 04:00:00,271.655
2021-01-23 04:10:00,271.263
2021-01-23 04:20:00,270.869
2021-01-23 04:30:00,270.474
2021-01-23 04:40:00,270.076
2021-01-23 04:50:00,269.677
2021-01-23 05:00:00,269.276
2021-01-23 05:10:00,268.873
2021-01-23 05:20:00,268.468
2021-01-23 05:30:00,268.061
2021-01-23 05:40:00,267.653
2021-01-23 05:50:00,267.242
2021-01-23 06:00:00,266.83
2021-01-23 06:10:00,266.416
2021-01-23 06:20:00,266.0
2021-01-23 06:30:00,265.582
2021-01-23 06:40:00,265.163
2021-01-23 06:50:00,264.742
2021-01-23 07:00:00,264.318
2021-01-23 07:10:00,263.893
2021-01-23 07:20:00,263.467
2021-01-23 07:30:00,263.038
2021-01-23 07:40:00,262.608
2021-01-23 07:50:00,262.176
2021-01-23 08:00:00,261.742
2021-01-23 08:10:00,261.306
2021-01-23 08:20:00,260.868
2021-01-23 08:30:00,260.429
2021-01-23 08:40:00,259.988
2021-01-23 08:50:00,259.545
2021-01-23 09:00:00,259.1
2021-01-23 09:10:00,258.654
2021-01-23 09:20:00,258.206
2021-01-23 09:30:00,257.756
2021-01-23 09:40:00,257.304
2021-01-23 09:50:00,256.85
2021-01-23 10:00:00,256.395
2021-01-23 10:10:00,255.938
2021-01-23 10:20:00,255.479
2021-01-23 10:30:00,255.019
2021-01-23 10:40:00,254.556
2021-01-23 10:50:00,254.092
2021-01-23 11:00:00,253.626
2021-01-23 11:10:00,253.159
2021-01-23 11:20:00,252.69
2021-01-23 11:30:00,252.219
2021-01-23 11:40:00,251.746
2021-01-23 11:50:00,251.271
2021-01-23 12:00:00,250.795
2021-01-23 12:10:00,250.317
2021-01-23 12:20:00,249.838
2021-01-23 12:30:00,249.356
2021-01-23 12:40:00,248.873
2021-01-23 12:50:00,248.389
2021-01-23 13:00:00,247.902
2021-01-23 13:10:00,247.414
2021-01-23 13:20:00,246.924
2021-01-23 13:30:00,246.433
2021-01-23 13:40:00,245.94
2021-01-23 13:50:00,245.445
2021-01-23 14:00:00,244.948
2021-01-23 14:10:00,244.45
2021-01-23 14:20:00,243.95
2021-01-23 14:30:00,243.448
2021-01-23 14:40:00,242.945
2021-01-23 14:50:00,242.44
2021-01-23 15:00:00,241.933
2021-01-23 15:10:00,241.425
2021-01-23 15:20:00,240.915
2021-01-23 15:30:00,240.404
2021-01-23 15:40:00,239.89
2021-01-23 15:50:00,239.376
2021-01-23 16:00:00,238.859
2021-01-23 16:10:00,238.341
2021-01-23 16:20:00,237.821
2021-01-23 16:30:00,237.3
2021-01-23 16:40:00,236.777
2021-01-23 16:50:00,236.252
2021-01-23 17:00:00,235.726
2021-01-23 17:10:00,235.198
2021-01-23 17:20:00,234.668
2021-01-23 17:30:00,234.137
2021-01-23 17:40:00,233.605
2021-01-23 17:50:00,233.07
2021-01-23 18:00:00,232.534
2021-01-23 18:10:00,231.997
2021-01-23 18:20:00,231.458
2021-01-23 18:30:00,230.917
2021-01-23 18:40:00,230.375
2021-01-23 18:50:00,229.831
2021-01-23 19:00:00,229.286
2021-01-23 19:10:00,228.739
2021-01-23 19:20:00,228.19
2021-01-23 19:30:00,227.64
2021-01-23 19:40:00,227.088
2021-01-23 19:50:00,226.535
2021-01-23 20:00:00,225.98
2021-01-23 20:10:00,225.424
2021-01-23 20:20:00,224.866
2021-01-23 20:30:00,224.307
2021-01-23 20:40:00,223.746
2021-01-23 20:50:00,223.183
2021-01-23 21:00:00,222.619
2021-01-23 21:10:00,222.054
2021-01-23 21:20:00,221.487
2021-01-23 21:30:00,220.918
2021-01-23 21:40:00,220.348
2021-01-23 21:50:00,219.776
2021-01-23 22:00:00,219.203
2021-01-23 22:10:00,218.628
2021-01-23 22:20:00,218.052
2021-01-23 22:30:00,217.475
2021-01-23 22:40:00,216.896
2021-01-23 22:50:00,216.315
2021-01-23 23:00:00,215.733
2021-01-23 23:10:00,215.149
2021-01-23 23:20:00,214.564
2021-01-23 23:30:00,213.978
2021-01-23 23:40:00,213.39
2021-01-23 23:50:00,212.8
2021-01-24 00:00:00,212.21
2021-01-24 00:10:00,211.617
2021-01-24 00:20:00,211.023
2021-01-24 00:30:00,210.428
2021-01-24 00:40:00,209.832
2021-01-24 00:50:00,209.233
2021-01-24 01:00:00,208.634
2021-01-24 01:10:00,208.033
2021-01-24 01:20:00,207.43
2021-01-24 01:30:00,206.827
2021-01-24 01:40:00,206.221
2021-01-24 01:50:00,205.615
2021-01-24 02:00:00,205.007
2021-01-24 02:10:00,204.397
2021-01-24 02:20:00,203.786
2021-01-24 02:30:00,203.174
2021-01-24 02:40:00,202.56
2021-01-24 02:50:00,201.945
2021-01-24 03:00:00,201.329
2021-01-24 03:10:00,200.711
2021-01-24 03:20:00,200.092
2021-01-24 03:30:00,199.471
2021-01-24 03:40:00,198.849
2021-01-24 03:50:00,198.226
2021-01-24 04:00:00,197.601
2021-01-24 04:10:00,196.975
2021-01-24 04:20:00,196.348
2021-01-24 04:30:00,195.719
2021-01-24 04:40:00,195.089
2021-01-24 04:50:00,194.458
2021-01-24 05:00:00,193.825
2021-01-24 05:10:00,193.191
2021-01-24 05:20:00,192.556
2021-01-24 05:30:00,191.919
2021-01-24 05:40:00,191.281
2021-01-24 05:50:00,190.642
2021-01-24 06:00:00,190.001
2021-01-24 06:10:00,189.359
2021-01-24 06:20:00,188.716
2021-01-24 06:30:00,188.072
2021-01-24 06:40:00,187.426
2021-01-24 06:50:00,186.779
2021-01-24 07:00:00,186.13
2021-01-24 07:10:00,185.481
2021-01-24 07:20:00,184.83
2021-01-24 07:30:00,184.178
2021-01-24 07:40:00,183.524
2021-01-24 07:50:00,182.869
2021-01-24 08:00:00,182.213
2021-01-24 08:10:00,181.556
2021-01-24 08:20:00,180.898
2021-01-24 08:30:00,180.238
2021-01-24 08:40:00,179.577
2021-01-24 08:50:00,178.915
2021-01-24 09:00:00,178.252
2021-01-24 09:10:00,177.587
2021-01-24 09:20:00,176.921
2021-01-24 09:30:00,176.254
2021-01-24 09:40:00,175.586
2021-01-24 09:50:00,174.916
2021-01-24 10:00:00,174.246
2021-01-24 10:10:00,173.574
2021-01-24 10:20:00,172.901
2021-01-24 10:30:00,172.227
2021-01-24 10:40:00,171.551
2021-01-24 10:50:00,170.875
2021-01-24 11:00:00,170.197
2021-01-24 11:10:00,169.518
2021-01-24 11:20:00,168.838
2021-01-24 11:30:00,168.157
2021-01-24 11:40:00,167.474
2021-01-24 11:50:00,166.791
2021-01-24 12:00:00,166.106
2021-01-24 12:10:00,165.42
2021-01-24 12:20:00,164.734
2021-01-24 12:30:00,164.045
2021-01-24 12:40:00,163.356
2021-01-24 12:50:00,162.666
2021-01-24 13:00:00,161.975
2021-01-24 13:10:00,161.282
2021-01-24 13:20:00,160.588
2021-01-24 13:30:00,159.894
2021-01-24 13:40:00,159.198
2021-01-24 13:50:00,158.501
2021-01-24 14:00:00,157.803
2021-01-24 14:10:00,157.104
2021-01-24 14:20:00,156.404
2021-01-24 14:30:00,155.702
2021-01-24 14:40:00,155.0
2021-01-24 14:50:00,154.297
2021-01-24 15:00:00,153.592
2021-01-24 15:10:00,152.887
2021-01-24 15:20:00,152.18
2021-01-24 15:30:00,151.473
2021-01-24 15:40:00,150.764
2021-01-24 15:50:00,150.054
2021-01-24 16:00:00,149.344
2021-01-24 16:10:00,148.632
2021-01-24 16:20:00,147.919
2021-01-24 16:30:00,147.205
2021-01-24 16:40:00,146.491
2021-01-24 16:50:00,145.775
2021-01-24 17:00:00,145.058
2021-01-24 17:10:00,144.341
2021-01-24 17:20:00,143.622
2021-01-24 17:30:00,142.902
2021-01-24 17:40:00,142.181
2021-01-24 17:50:00,141.46
2021-01-24 18:00:00,140.737
2021-01-24 18:10:00,140.013
2021-01-24 18:20:00,139.289
2021-01-24 18:30:00,138.563
2021-01-24 18:40:00,137.837
2021-01-24 18:50:00,137.109
2021-01-24 19:00:00,136.381
2021-01-24 19:10:00,135.652
2021-01-24 19:20:00,134.922
2021-01-24 19:30:00,134.191
2021-01-24 19:40:00,133.458
2021-01-24 19:50:00,132.725
2021-01-24 20:00:00,131.992
2021-01-24 20:10:00,131.257
2021-01-24 20:20:00,130.521
2021-01-24 20:30:00,129.785
2021-01-24 20:40:00,129.047
2021-01-24 20:50:00,128.309
2021-01-24 21:00:00,127.569
2021-01-24 21:10:00,126.829
2021-01-24 21:20:00,126.088
2021-01-24 21:30:00,125.347
2021-01-24 21:40:00,124.604
2021-01-24 21:50:00,123.86
2021-01-24 22:00:00,123.116
2021-01-24 22:10:00,122.371
2021-01-24 22:20:00,121.625
2021-01-24 22:30:00,120.878
2021-01-24 22:40:00,120.13
2021-01-24 22:50:00,119.381
2021-01-24 23:00:00,118.632
2021-01-24 23:10:00,117.882
2021-01-24 23:20:00,117.131
2021-01-24 23:30:00,116.379
2021-01-24 23:40:00,115.626
2021-01-24 23:50:00,114.873
2021-01-25 00:00:00,114.119
2021-01-25 00:10:00,113.364
2021-01-25 00:20:00,112.608
2021-01-25 00:30:00,111.851
2021-01-25 00:40:00,111.094
2021-01-25 00:50:00,110.336
2021-01-25 01:00:00,109.577
2021-01-25 01:10:00,108.818
2021-01-25 01:20:00,108.057
2021-01-25 01:30:00,107.296
2021-01-25 01:40:00,106.535
2021-01-25 01:50:00,105.772
2021-01-25 02:00:00,105.009
2021-01-25 02:10:00,104.245
2021-01-25 02:20:00,103.48
2021-01-25 02:30:00,102.715
2021-01-25 02:40:00,101.949
2021-01-25 02:50:00,101.182
2021-01-25 03:00:00,100.414
2021-01-25 03:10:00,99.646
2021-01-25 03:20:00,98.877
2021-01-25 03:30:00,98.108
2021-01-25 03:40:00,97.338
2021-01-25 03:50:00,96.567
2021-01-25 04:00:00,95.795
2021-01-25 04:10:00,95.023
2021-01-25 04:20:00,94.25
2021-01-25 04:30:00,93.477
2021-01-25 04:40:00,92.703
2021-01-25 04:50:00,91.928
2021-01-25 05:00:00,91.153
2021-01-25 05:10:00,90.376
2021-01-25 05:20:00,89.6
2021-01-25 05:30:00,88.823
2021-01-25 05:40:00,88.045
2021-01-25 05:50:00,87.266
2021-01-25 06:00:00,86.487
2021-01-25 06:10:00,85.708
2021-01-25 06:20:00,84.927
2021-01-25 06:30:00,84.147
2021-01-25 06:40:00,83.365
2021-01-25 06:50:00,82.583
2021-01-25 07:00:00,81.801
2021-01-25 07:10:00,81.018
2021-01-25 07:20:00,80.234
2021-01-25 07:30:00,79.45
2021-01-25 07:40:00,78.665
2021-01-25 07:50:00,77.88
2021-01-25 08:00:00,77.094
2021-01-25 08:10:00,76.308
2021-01-25 08:20:00,75.521
2021-01-25 08:30:00,74.733
2021-01-25 08:40:00,73.945
2021-01-25 08:50:00,73.157
2021-01-25 09:00:00,72.368
2021-01-25 09:10:00,71.579
2021-01-25 09:20:00,70.789
2021-01-25 09:30:00,69.998
2021-01-25 09:40:00,69.208
2021-01-25 09:50:00,68.416
2021-01-25 10:00:00,67.624
2021-01-25 10:10:00,66.832
2021-01-25 10:20:00,66.039
2021-01-25 10:30:00,65.246
2021-01-25 10:40:00,64.453
2021-01-25 10:50:00,63.659
2021-01-25 11:00:00,62.864
2021-01-25 11:10:00,62.069
2021-01-25 11:20:00,61.274
2021-01-25 11:30:00,60.478
2021-01-25 11:40:00,59.682
2021-01-25 11:50:00,58.885
2021-01-25 12:00:00,58.088
2021-01-25 12:10:00,57.291
2021-01-25 12:20:00,56.493
2021-01-25 12:30:00,55.695
2021-01-25 12:40:00,54.896
2021-01-25 12:50:00,54.097
2021-01-25 13:00:00,53.298
2021-01-25 13:10:00,52.498
2021-01-25 13:20:00,51.698
2021-01-25 13:30:00,50.898
2021-01-25 13:40:00,50.097
2021-01-25 13:50:00,49.296
2021-01-25 14:00:00,48.495
2021-01-25 14:10:00,47.693
2021-01-25 14:20:00,46.891
2021-01-25 14:30:00,46.088
2021-01-25 14:40:00,45.286
2021-01-25 14:50:00,44.483
2021-01-25 15:00:00,43.679
2021-01-25 15:10:00,42.876
2021-01-25 15:20:00,42.072
2021-01-25 15:30:00,41.268
2021-01-25 15:40:00,40.463
2021-01-25 15:50:00,39.658
2021-01-25 16:00:00,38.853
2021-01-25 16:10:00,38.048
2021-01-25 16:20:00,37.242
2021-01-25 16:30:00,36.437
2021-01-25 16:40:00,35.631
2021-01-25 16:50:00,34.824
2021-01-25 17:00:00,34.018
2021-01-25 17:10:00,33.211
2021-01-25 17:20:00,32.404
2021-01-25 17:30:00,31.597
2021-01-25 17:40:00,30.789
2021-01-25 17:50:00,29.981
2021-01-25 18:00:00,29.174
2021-01-25 18:10:00,28.366
2021-01-25 18:20:00,27.557
2021-01-25 18:30:00,26.749
2021-01-25 18:40:00,25.94
2021-01-25 18:50:00,25.131
2021-01-25 19:00:00,24.322
2021-01-25 19:10:00,23.513
2021-01-25 19:20:00,22.704
2021-01-25 19:30:00,21.894
2021-01-25 19:40:00,21.085
2021-01-25 19:50:00,20.275
2021-01-25 20:00:00,19.465
2021-01-25 20:10:00,18.655
2021-01-25 20:20:00,17.845
2021-01-25 20:30:00,17.035
2021-01-25 20:40:00,16.224
2021-01-25 20:50:00,15.414
2021-01-25 21:00:00,14.603
2021-01-25 21:10:00,13.792
2021-01-25 21:20:00,12.981
2021-01-25 21:30:00,12.171
2021-01-25 21:40:00,11.36
2021-01-25 21:50:00,10.548
2021-01-25 22:00:00,9.737
2021-01-25 22:10:00,8.926
2021-01-25 22:20:00,8.115
2021-01-25 22:30:00,7.304
2021-01-25 22:40:00,6.492
2021-01-25 22:50:00,5.681
2021-01-25 23:00:00,4.869
2021-01-25 23:10:00,4.058
2021-01-25 23:20:00,3.246
2021-01-25 23:30:00,2.435
2021-01-25 23:40:00,1.623
2021-01-25 23:50:00,0.812
2021-01-26 00:00:00,0.0
2021-01-26 00:10:00,0.0
2021-01-26 00:20:00,0.0
2021-01-26 00:30:00,0.0
2021-01-26 00:40:00,0.0
2021-01-26 00:50:00,0.0
2021-01-26 01:00:00,0.0
2021-01-26 01:10:00,0.0
2021-01-26 01:20:00,0.0
2021-01-26 01:30:00,0.0
2021-01-26 01:40:00,0.0
2021-01-26 01:50:00,0.0
2021-01-26 02:00:00,0.0
2021-01-26 02:10:00,0.0
2021-01-26 02:20:00,0.0
2021-01-26 02:30:00,0.0
2021-01-26 02:40:00,0.0
2021-01-26 02:50:00,0.0
2021-01-26 03:00:00,0.0
2021-01-26 03:10:00,0.0
2021-01-26 03:20:00,0.0
2021-01-26 03:30:00,0.0
2021-01-26 03:40:00,0.0
2021-01-26 03:50:00,0.0
2021-01-26 04:00:00,0.0
2021-01-26 04:10:00,0.0
2021-01-26 04:20:00,0.0
2021-01-26 04:30:00,0.0
2021-01-26 04:40:00,0.0
2021-01-26 04:50:00,0.0
2021-01-26 05:00:00,0.0
2021-01-26 05:10:00,0.0
2021-01-26 05:20:00,0.0
2021-01-26 05:30:00,0.0
2021-01-26 05:40:00,0.0
2021-01-26 05:50:00,0.0
2021-01-26 06:00:00,0.0
2021-01-26 06:10:00,0.0
2021-01-26 06:20:00,0.0
2021-01-26 06:30:00,0.0
2021-01-26 06:40:00,0.0
2021-01-26 06:50:00,0.0
2021-01-26 07:00:00,0.0
2021-01-26 07:10:00,0.0
2021-01-26 07:20:00,0.0
2021-01-26 07:30:00,0.0
2021-01-26 07:40:00,0.0
2021-01-26 07:50:00,0.0
2021-01-26 08:00:00,0.0
2021-01-26 08:10:00,0.0
2021-01-26 08:20:00,0.0
2021-01-26 08:30:00,0.0
2021-01-26 08:40:00,0.0
2021-01-26 08:50:00,0.0
2021-01-26 09:00:00,0.0
2021-01-26 09:10:00,0.0
2021-01-26 09:20:00,0.0
2021-01-26 09:30:00,0.0
2021-01-26 09:40:00,0.0
2021-01-26 09:50:00,0.0
2021-01-26 10:00:00,0.0
2021-01-26 10:10:00,0.0
2021-01-26 10:20:00,0.0
2021-01-26 10:30:00,0.0
2021-01-26 10:40:00,0.0
2021-01-26 10:50:00,0.0
2021-01-26 11:00:00,0.0
2021-01-26 11:10:00,0.0
2021-01-26 11:20:00,0.0
2021-01-26 11:30:00,0.0
2021-01-26 11:40:00,0.0
2021-01-26 11:50:00,0.0
2021-01-26 12:00:00,0.0
2021-01-26 12:10:00,0.0
2021-01-26 12:20:00,0.0
2021-01-26 12:30:00,0.0
2021-01-26 12:40:00,0.0
2021-01-26 12:50:00,0.0
2021-01-26 13:00:00,0.0
2021-01-26 13:10:00,0.0
2021-01-26 13:20:00,0.0
2021-01-26 13:30:00,0.0
2021-01-26 13:40:00,0.0
2021-01-26 13:50:00,0.0
2021-01-26 14:00:00,0.0
2021-01-26 14:10:00,0.0
2021-01-26 14:20:00,0.0
2021-01-26 14:30:00,0.0
2021-01-26 14:40:00,0.0
2021-01-26 14:50:00,0.0
2021-01-26 15:00:00,0.0
2021-01-26 15:10:00,0.0
2021-01-26 15:20:00,0.0
2021-01-26 15:30:00,0.0
2021-01-26 15:40:00,0.0
2021-01-26 15:50:00,0.0
2021-01-26 16:00:00,0.0
2021-01-26 16:10:00,0.0
2021-01-26 16:20:00,0.0
2021-01-26 16:30:00,0.0
2021-01-26 16:40:00,0.0
2021-01-26 16:50:00,0.0
2021-01-26 17:00:00,0.0
2021-01-26 17:10:00,0.0
2021-01-26 17:20:00,0.0
2021-01-26 17:30:00,0.0
2021-01-26 17:40:00,0.0
2021-01-26 17:50:00,0.0
2021-01-26 18:00:00,0.0
2021-01-26 18:10:00,0.0
2021-01-26 18:20:00,0.0
2021-01-26 18:30:00,0.0
2021-01-26 18:40:00,0.0
2021-01-26 18:50:00,0.0
2021-01-26 19:00:00,0.0
2021-01-26 19:10:00,0.0
2021-01-26 19:20:00,0.0
2021-01-26 19:30:00,0.0
2021-01-26 19:40:00,0.0
2021-01-26 19:50:00,0.0
2021-01-26 20:00:00,0.0
2021-01-26 20:10:00,0.0
2021-01-26 20:20:00,0.0
2021-01-26 20:30:00,0.0
2021-01-26 20:40:00,0.0
2021-01-26 20:50:00,0.0
2021-01-26 21:00:00,0.0
2021-01-26 21:10:00,0.0
2021-01-26 21:20:00,0.0
2021-01-26 21:30:00,0.0
2021-01-26 21:40:00,0.0
2021-01-26 21:50:00,0.0
2021-01-26 22:00:00,0.0
2021-01-26 22:10:00,0.0
2021-01-26 22:20:00,0.0
2021-01-26 22:30:00,0.0
2021-01-26 22:40:00,0.0
2021-01-26 22:50:00,0.0
2021-01-26 23:00:00,0.0
2021-01-26 23:10:00,0.0
2021-01-26 23:20:00,0.0
2021-01-26 23:30:00,0.0
2021-01-26 23:40:00,0.0
2021-01-26 23:50:00,0.0
2021-01-27 00:00:00,0.0
2021-01-27 00:10:00,0.0
2021-01-27 00:20:00,0.0
2021-01-27 00:30:00,0.0
2021-01-27 00:40:00,0.0
2021-01-27 00:50:00,0.0
2021-01-27 01:00:00,0.0
2021-01-27 01:10:00,0.0
2021-01-27 01:20:00,0.0
2021-01-27 01:30:00,0.0
2021-01-27 01:40:00,0.0
2021-01-27 01:50:00,0.0
2021-01-27 02:00:00,0.0
2021-01-27 02:10:00,0.0
2021-01-27 02:20:00,0.0
2021-01-27 02:30:00,0.0
2021-01-27 02:40:00,0.0
2021-01-27 02:50:00,0.0
2021-01-27 03:00:00,0.0
2021-01-27 03:10:00,0.0
2021-01-27 03:20:00,0.0
2021-01-27 03:30:00,0.0
2021-01-27 03:40:00,0.0
2021-01-27 03:50:00,0.0
2021-01-27 04:00:00,0.0
2021-01-27 04:10:00,0.0
2021-01-27 04:20:00,0.0
2021-01-27 04:30:00,0.0
2021-01-27 04:40:00,0.0
2021-01-27 04:50:00,0.0
2021-01-27 05:00:00,0.0
2021-01-27 05:10:00,0.0
2021-01-27 05:20:00,0.0
2021-01-27 05:30:00,0.0
2021-01-27 05:40:00,0.0
2021-01-27 05:50:00,0.0
2021-01-27 06:00:00,0.0
2021-01-27 06:10:00,0.0
2021-01-27 06:20:00,0.0
2021-01-27 06:30:00,0.0
2021-01-27 06:40:00,0.0
2021-01-27 06:50:00,0.0
2021-01-27 07:00:00,0.0
2021-01-27 07:10:00,0.0
2021-01-27 07:20:00,0.0
2021-01-27 07:30:00,0.0
2021-01-27 07:40:00,0.0
2021-01-27 07:50:00,0.0
2021-01-27 08:00:00,0.0
2021-01-27 08:10:00,0.0
2021-01-27 08:20:00,0.0
2021-01-27 08:30:00,0.0
2021-01-27 08:40:00,0.0
2021-01-27 08:50:00,0.0
2021-01-27 09:00:00,0.0
2021-01-27 09:10:00,0.0
2021-01-27 09:20:00,0.0
2021-01-27 09:30:00,0.0
2021-01-27 09:40:00,0.0
2021-01-27 09:50:00,0.0
2021-01-27 10:00:00,0.0
2021-01-27 10:10:00,0.0
2021-01-27 10:20:00,0.0
2021-01-27 10:30:00,0.0
2021-01-27 10:40:00,0.0
2021-01-27 10:50:00,0.0
2021-01-27 11:00:00,0.0
2021-01-27 11:10:00,0.0
2021-01-27 11:20:00,0.0
2021-01-27 11:30:00,0.0
2021-01-27 11:40:00,0.0
2021-01-27 11:50:00,0.0
2021-01-27 12:00:00,0.0
2021-01-27 12:10:00,0.0
2021-01-27 12:20:00,0.0
2021-01-27 12:30:00,0.0
2021-01-27 12:40:00,0.0
2021-01-27 12:50:00,0.0
2021-01-27 13:00:00,0.0
2021-01-27 13:10:00,0.0
2021-01-27 13:20:00,0.0
2021-01-27 13:30:00,0.0
2021-01-27 13:40:00,0.0
2021-01-27 13:50:00,0.0
2021-01-27 14:00:00,0.0
2021-01-27 14:10:00,0.0
2021-01-27 14:20:00,0.0
2021-01-27 14:30:00,0.0
2021-01-27 14:40:00,0.0
2021-01-27 14:50:00,0.0
2021-01-27 15:00:00,0.0
2021-01-27 15:10:00,0.0
2021-01-27 15:20:00,0.0
2021-01-27 15:30:00,0.0
2021-01-27 15:40:00,0.0
2021-01-27 15:50:00,0.0
2021-01-27 16:00:00,0.0
2021-01-27 16:10:00,0.0
2021-01-27 16:20:00,0.0
2021-01-27 16:30:00,0.0
2021-01-27 16:40:00,0.0
2021-01-27 16:50:00,0.0
2021-01-27 17:00:00,0.0
2021-01-27 17:10:00,0.0
2021-01-27 17:20:00,0.0
2021-01-27 17:30:00,0.0
2021-01-27 17:40:00,0.0
2021-01-27 17:50:00,0.0
2021-01-27 18:00:00,0.0
2021-01-27 18:10:00,0.0
2021-01-27 18:20:00,0.0
2021-01-27 18:30:00,0.0
2021-01-27 18:40:00,0.0
2021-01-27 18:50:00,0.0
2021-01-27 19:00:00,0.0
2021-01-27 19:10:00,0.0
2021-01-27 19:20:00,0.0
2021-01-27 19:30:00,0.0
2021-01-27 19:40:00,0.0
2021-01-27 19:50:00,0.0
2021-01-27 20:00:00,0.0
2021-01-27 20:10:00,0.0
2021-01-27 20:20:00,0.0
2021-01-27 20:30:00,0.0
2021-01-27 20:40:00,0.0
2021-01-27 20:50:00,0.0
2021-01-27 21:00:00,0.0
2021-01-27 21:10:00,0.0
2021-01-27 21:20:00,0.0
2021-01-27 21:30:00,0.0
2021-01-27 21:40:00,0.0
2021-01-27 21:50:00,0.0
2021-01-27 22:00:00,0.0
2021-01-27 22:10:00,0.0
2021-01-27 22:20:00,0.0
2021-01-27 22:30:00,0.0
2021-01-27 22:40:00,0.0
2021-01-27 22:50:00,0.0
2021-01-27 23:00:00,0.0
2021-01-27 23:10:00,0.0
2021-01-27 23:20:00,0.0
2021-01-27 23:30:00,0.0
2021-01-27 23:40:00,0.0
2021-01-27 23:50:00,0.0
2021-01-28 00:00:00,0.0
2021-01-28 00:10:00,0.0
2021-01-28 00:20:00,0.0
2021-01-28 00:30:00,0.0
2021-01-28 00:40:00,0.0
2021-01-28 00:50:00,0.0
2021-01-28 01:00:00,0.0
2021-01-28 01:10:00,0.0
2021-01-28 01:20:00,0.0
2021-01-28 01:30:00,0.0
2021-01-28 01:40:00,0.0
2021-01-28 01:50:00,0.0
2021-01-28 02:00:00,0.0
2021-01-28 02:10:00,0.0
2021-01-28 02:20:00,0.0
2021-01-28 02:30:00,0.0
2021-01-28 02:40:00,0.0
2021-01-28 02:50:00,0.0
2021-01-28 03:00:00,0.0
2021-01-28 03:10:00,0.0
2021-01-28 03:20:00,0.0
2021-01-28 03:30:00,0.0
2021-01-28 03:40:00,0.0
2021-01-28 03:50:00,0.0
2021-01-28 04:00:00,0.0
2021-01-28 04:10:00,0.0
2021-01-28 04:20:00,0.0
2021-01-28 04:30:00,0.0
2021-01-28 04:40:00,0.0
2021-01-28 04:50:00,0.0
2021-01-28 05:00:00,0.0
2021-01-28 05:10:00,0.0
2021-01-28 05:20:00,0.0
2021-01-28 05:30:00,0.0
2021-01-28 05:40:00,0.0
2021-01-28 05:50:00,0.0
2021-01-28 06:00:00,0.0
2021-01-28 06:10:00,0.0
2021-01-28 06:20:00,0.0
2021-01-28 06:30:00,0.0
2021-01-28 06:40:00,0.0
2021-01-28 06:50:00,0.0
2021-01-28 07:00:00,0.0
2021-01-28 07:10:00,0.0
2021-01-28 07:20:00,0.0
2021-01-28 07:30:00,0.0
2021-01-28 07:40:00,0.0
2021-01-28 07:50:00,0.0
2021-01-28 08:00:00,0.0
2021-01-28 08:10:00,0.0
2021-01-28 08:20:00,0.0
2021-01-28 08:30:00,0.0
2021-01-28 08:40:00,0.0
2021-01-28 08:50:00,0.0
2021-01-28 09:00:00,0.0
2021-01-28 09:10:00,0.0
2021-01-28 09:20:00,0.0
2021-01-28 09:30:00,0.0
2021-01-28 09:40:00,0.0
2021-01-28 09:50:00,0.0
2021-01-28 10:00:00,0.0
2021-01-28 10:10:00,0.0
2021-01-28 10:20:00,0.0
2021-01-28 10:30:00,0.0
2021-01-28 10:40:00,0.0
2021-01-28 10:50:00,0.0
2021-01-28 11:00:00,0.0
2021-01-28 11:10:00,0.0
2021-01-28 11:20:00,0.0
2021-01-28 11:30:00,0.0
2021-01-28 11:40:00,0.0
2021-01-28 11:50:00,0.0
2021-01-28 12:00:00,0.0
2021-01-28 12:10:00,0.0
2021-01-28 12:20:00,0.0
2021-01-28 12:30:00,0.0
2021-01-28 12:40:00,0.0
2021-01-28 12:50:00,0.0
2021-01-28 13:00:00,0.0
2021-01-28 13:10:00,0.0
2021-01-28 13:20:00,0.0
2021-01-28 13:30:00,0.0
2021-01-28 13:40:00,0.0
2021-01-28 13:50:00,0.0
2021-01-28 14:00:00,0.0
2021-01-28 14:10:00,0.0
2021-01-28 14:20:00,0.0
2021-01-28 14:30:00,0.0
2021-01-28 14:40:00,0.0
2021-01-28 14:50:00,0.0
2021-01-28 15:00:00,0.0
2021-01-28 15:10:00,0.0
2021-01-28 15:20:00,0.0
2021-01-28 15:30:00,0.0
2021-01-28 15:40:00,0.0
2021-01-28 15:50:00,0.0
2021-01-28 16:00:00,0.0
2021-01-28 16:10:00,0.0
2021-01-28 16:20:00,0.0
2021-01-28 16:30:00,0.0
2021-01-28 16:40:00,0.0
2021-01-28 16:50:00,0.0
2021-01-28 17:00:00,0.0
2021-01-28 17:10:00,0.0
2021-01-28 17:20:00,0.0
2021-01-28 17:30:00,0.0
2021-01-28 17:40:00,0.0
2021-01-28 17:50:00,0.0
2021-01-28 18:00:00,0.0
2021-01-28 18:10:00,0.0
2021-01-28 18:20:00,0.0
2021-01-28 18:30:00,0.0
2021-01-28 18:40:00,0.0
2021-01-28 18:50:00,0.0
2021-01-28 19:00:00,0.0
2021-01-28 19:10:00,0.0
2021-01-28 19:20:00,0.0
2021-01-28 19:30:00,0.0
2021-01-28 19:40:00,0.0
2021-01-28 19:50:00,0.0
2021-01-28 20:00:00,0.0
2021-01-28 20:10:00,0.0
2021-01-28 20:20:00,0.0
2021-01-28 20:30:00,0.0
2021-01-28 20:40:00,0.0
2021-01-28 20:50:00,0.0
2021-01-28 21:00:00,0.0
2021-01-28 21:10:00,0.0
2021-01-28 21:20:00,0.0
2021-01-28 21:30:00,0.0
2021-01-28 21:40:00,0.0
2021-01-28 21:50:00,0.0
2021-01-28 22:00:00,0.0
2021-01-28 22:10:00,0.0
2021-01-28 22:20:00,0.0
2021-01-28 22:30:00,0.0
2021-01-28 22:40:00,0.0
2021-01-28 22:50:00,0.0
2021-01-28 23:00:00,0.0
2021-01-28 23:10:00,0.0
2021-01-28 23:20:00,0.0
2021-01-28 23:30:00,0.0
2021-01-28 23:40:00,0.0
2021-01-28 23:50:00,0.0
2021-01-29 00:00:00,0.0
2021-01-29 00:10:00,0.0
2021-01-29 00:20:00,0.0
2021-01-29 00:30:00,0.0
2021-01-29 00:40:00,0.0
2021-01-29 00:50:00,0.0
2021-01-29 01:00:00,0.0
2021-01-29 01:10:00,0.0
2021-01-29 01:20:00,0.0
2021-01-29 01:30:00,0.0
2021-01-29 01:40:00,0.0
2021-01-29 01:50:00,0.0
2021-01-29 02:00:00,0.0
2021-01-29 02:10:00,0.0
2021-01-29 02:20:00,0.0
2021-01-29 02:30:00,0.0
2021-01-29 02:40:00,0.0
2021-01-29 02:50:00,0.0
2021-01-29 03:00:00,0.0
2021-01-29 03:10:00,0.0
2021-01-29 03:20:00,0.0
2021-01-29 03:30:00,0.0
2021-01-29 03:40:00,0.0
2021-01-29 03:50:00,0.0
2021-01-29 04:00:00,0.0
2021-01-29 04:10:00,0.0
2021-01-29 04:20:00,0.0
2021-01-29 04:30:00,0.0
2021-01-29 04:40:00,0.0
2021-01-29 04:50:00,0.0
2021-01-29 05:00:00,0.0
2021-01-29 05:10:00,0.0
2021-01-29 05:20:00,0.0
2021-01-29 05:30:00,0.0
2021-01-29 05:40:00,0.0
2021-01-29 05:50:00,0.0
2021-01-29 06:00:00,0.0
2021-01-29 06:10:00,0.0
2021-01-29 06:20:00,0.0
2021-01-29 06:30:00,0.0
2021-01-29 06:40:00,0.0
2021-01-29 06:50:00,0.0
2021-01-29 07:00:00,0.0
2021-01-29 07:10:00,0.0
2021-01-29 07:20:00,0.0
2021-01-29 07:30:00,0.0
2021-01-29 07:40:00,0.0
2021-01-29 07:50:00,0.0
2021-01-29 08:00:00,0.0
2021-01-29 08:10:00,0.0
2021-01-29 08:20:00,0.0
2021-01-29 08:30:00,0.0
2021-01-29 08:40:00,0.0
2021-01-29 08:50:00,0.0
2021-01-29 09:00:00,0.0
2021-01-29 09:10:00,0.0
2021-01-29 09:20:00,0.0
2021-01-29 09:30:00,0.0
2021-01-29 09:40:00,0.0
2021-01-29 09:50:00,0.0
2021-01-29 10:00:00,0.0
2021-01-29 10:10:00,0.0
2021-01-29 10:20:00,0.0
2021-01-29 10:30:00,0.0
2021-01-29 10:40:00,0.0
2021-01-29 10:50:00,0.0
2021-01-29 11:00:00,0.0
2021-01-29 11:10:00,0.0
2021-01-29 11:20:00,0.0
2021-01-29 11:30:00,0.0
2021-01-29 11:40:00,0.0
2021-01-29 11:50:00,0.0
2021-01-29 12:00:00,0.0
2021-01-29 12:10:00,0.0
2021-01-29 12:20:00,0.0
2021-01-29 12:30:00,0.0
2021-01-29 12:40:00,0.0
2021-01-29 12:50:00,0.0
2021-01-29 13:00:00,0.0
2021-01-29 13:10:00,0.0
2021-01-29 13:20:00,0.0
2021-01-29 13:30:00,0.0
2021-01-29 13:40:00,0.0
2021-01-29 13:50:00,0.0
2021-01-29 14:00:00,0.0
2021-01-29 14:10:00,0.0
2021-01-29 14:20:00,0.0
2021-01-29 14:30:00,0.0
2021-01-29 14:40:00,0.0
2021-01-29 14:50:00,0.0
2021-01-29 15:00:00,0.0
2021-01-29 15:10:00,0.0
2021-01-29 15:20:00,0.0
2021-01-29 15:30:00,0.0
2021-01-29 15:40:00,0.0
2021-01-29 15:50:00,0.0
2021-01-29 16:00:00,0.0
2021-01-29 16:10:00,0.0
2021-01-29 16:20:00,0.0
2021-01-29 16:30:00,0.0
2021-01-29 16:40:00,0.0
2021-01-29 16:50:00,0.0
2021-01-29 17:00:00,0.0
2021-01-29 17:10:00,0.0
2021-01-29 17:20:00,0.0
2021-01-29 17:30:00,0.0
2021-01-29 17:40:00,0.0
2021-01-29 17:50:00,0.0
2021-01-29 18:00:00,0.0
2021-01-29 18:10:00,0.0
2021-01-29 18:20:00,0.0
2021-01-29 18:30:00,0.0
2021-01-29 18:40:00,0.0
2021-01-29 18:50:00,0.0
2021-01-29 19:00:00,0.0
2021-01-29 19:10:00,0.0
2021-01-29 19:20:00,0.0
2021-01-29 19:30:00,0.0
2021-01-29 19:40:00,0.0
2021-01-29 19:50:00,0.0
2021-01-29 20:00:00,0.0
2021-01-29 20:10:00,0.0
2021-01-29 20:20:00,0.0
2021-01-29 20:30:00,0.0
2021-01-29 20:40:00,0.0
2021-01-29 20:50:00,0.0
2021-01-29 21:00:00,0.0
2021-01-29 21:10:00,0.0
2021-01-29 21:20:00,0.0
2021-01-29 21:30:00,0.0
2021-01-29 21:40:00,0.0
2021-01-29 21:50:00,0.0
2021-01-29 22:00:00,0.0
2021-01-29 22:10:00,0.0
2021-01-29 22:20:00,0.0
2021-01-29 22:30:00,0.0
2021-01-29 22:40:00,0.0
2021-01-29 22:50:00,0.0
2021-01-29 23:00:00,0.0
2021-01-29 23:10:00,0.0
2021-01-29 23:20:00,0.0
2021-01-29 23:30:00,0.0
2021-01-29 23:40:00,0.0
2021-01-29 23:50:00,0.0
2021-01-30 00:00:00,0.0
2021-01-30 00:10:00,0.0
2021-01-30 00:20:00,0.0
2021-01-30 00:30:00,0.0
2021-01-30 00:40:00,0.0
2021-01-30 00:50:00,0.0
2021-01-30 01:00:00,0.0
2021-01-30 01:10:00,0.0
2021-01-30 01:20:00,0.0
2021-01-30 01:30:00,0.0
2021-01-30 01:40:00,0.0
2021-01-30 01:50:00,0.0
2021-01-30 02:00:00,0.0
2021-01-30 02:10:00,0.0
2021-01-30 02:20:00,0.0
2021-01-30 02:30:00,0.0
2021-01-30 02:40:00,0.0
2021-01-30 02:50:00,0.0
2021-01-30 03:00:00,0.0
2021-01-30 03:10:00,0.0
2021-01-30 03:20:00,0.0
2021-01-30 03:30:00,0.0
2021-01-30 03:40:00,0.0
2021-01-30 03:50:00,0.0
2021-01-30 04:00:00,0.0
2021-01-30 04:10:00,0.0
2021-01-30 04:20:00,0.0
2021-01-30 04:30:00,0.0
2021-01-30 04:40:00,0.0
2021-01-30 04:50:00,0.0
2021-01-30 05:00:00,0.0
2021-01-30 05:10:00,0.0
2021-01-30 05:20:00,0.0
2021-01-30 05:30:00,0.0
2021-01-30 05:40:00,0.0
2021-01-30 05:50:00,0.0
2021-01-30 06:00:00,0.0
2021-01-30 06:10:00,0.0
2021-01-30 06:20:00,0.0
2021-01-30 06:30:00,0.0
2021-01-30 06:40:00,0.0
2021-01-30 06:50:00,0.0
2021-01-30 07:00:00,0.0
2021-01-30 07:10:00,0.0
2021-01-30 07:20:00,0.0
2021-01-30 07:30:00,0.0
2021-01-30 07:40:00,0.0
2021-01-30 07:50:00,0.0
2021-01-30 08:00:00,0.0
2021-01-30 08:10:00,0.0
2021-01-30 08:20:00,0.0
2021-01-30 08:30:00,0.0
2021-01-30 08:40:00,0.0
2021-01-30 08:50:00,0.0
2021-01-30 09:00:00,0.0
2021-01-30 09:10:00,0.0
2021-01-30 09:20:00,0.0
2021-01-30 09:30:00,0.0
2021-01-30 09:40:00,0.0
2021-01-30 09:50:00,0.0
2021-01-30 10:00:00,0.0
2021-01-30 10:10:00,0.0
2021-01-30 10:20:00,0.0
2021-01-30 10:30:00,0.0
2021-01-30 10:40:00,0.0
2021-01-30 10:50:00,0.0
2021-01-30 11:00:00,0.0
2021-01-30 11:10:00,0.0
2021-01-30 11:20:00,0.0
2021-01-30 11:30:00,0.0
2021-01-30 11:40:00,0.0
2021-01-30 11:50:00,0.0
2021-01-30 12:00:00,0.0
2021-01-30 12:10:00,0.0
2021-01-30 12:20:00,0.0
2021-01-30 12:30:00,0.0
2021-01-30 12:40:00,0.0
2021-01-30 12:50:00,0.0
2021-01-30 13:00:00,0.0
2021-01-30 13:10:00,0.0
2021-01-30 13:20:00,0.0
2021-01-30 13:30:00,0.0
2021-01-30 13:40:00,0.0
2021-01-30 13:50:00,0.0
2021-01-30 14:00:00,0.0
2021-01-30 14:10:00,0.0
2021-01-30 14:20:00,0.0
2021-01-30 14:30:00,0.0
2021-01-30 14:40:00,0.0
2021-01-30 14:50:00,0.0
2021-01-30 15:00:00,0.0
2021-01-30 15:10:00,0.0
2021-01-30 15:20:00,0.0
2021-01-30 15:30:00,0.0
2021-01-30 15:40:00,0.0
2021-01-30 15:50:00,0.0
2021-01-30 16:00:00,0.0
2021-01-30 16:10:00,0.0
2021-01-30 16:20:00,0.0
2021-01-30 16:30:00,0.0
2021-01-30 16:40:00,0.0
2021-01-30 16:50:00,0.0
2021-01-30 17:00:00,0.0
2021-01-30 17:10:00,0.0
2021-01-30 17:20:00,0.0
2021-01-30 17:30:00,0.0
2021-01-30 17:40:00,0.0
2021-01-30 17:50:00,0.0
2021-01-30 18:00:00,0.0
2021-01-30 18:10:00,0.0
2021-01-30 18:20:00,0.0
2021-01-30 18:30:00,0.0
2021-01-30 18:40:00,0.0
2021-01-30 18:50:00,0.0
2021-01-30 19:00:00,0.0
2021-01-30 19:10:00,0.0
2021-01-30 19:20:00,0.0
2021-01-30 19:30:00,0.0
2021-01-30 19:40:00,0.0
2021-01-30 19:50:00,0.0
2021-01-30 20:00:00,0.0
2021-01-30 20:10:00,0.0
2021-01-30 20:20:00,0.0
2021-01-30 20:30:00,0.0
2021-01-30 20:40:00,0.0
2021-01-30 20:50:00,0.0
2021-01-30 21:00:00,0.0
2021-01-30 21:10:00,0.0
2021-01-30 21:20:00,0.0
2021-01-30 21:30:00,0.0
2021-01-30 21:40:00,0.0
2021-01-30 21:50:00,0.0
2021-01-30 22:00:00,0.0
2021-01-30 22:10:00,0.0
2021-01-30 22:20:00,0.0
2021-01-30 22:30:00,0.0
2021-01-30 22:40:00,0.0
2021-01-30 22:50:00,0.0
2021-01-30 23:00:00,0.0
2021-01-30 23:10:00,0.0
2021-01-30 23:20:00,0.0
2021-01-30 23:30:00,0.0
2021-01-30 23:40:00,0.0
2021-01-30 23:50:00,0.0
2021-01-31 00:00:00,0.0
2021-01-31 00:10:00,0.0
2021-01-31 00:20:00,0.0
2021-01-31 00:30:00,0.0
2021-01-31 00:40:00,0.0
2021-01-31 00:50:00,0.0
2021-01-31 01:00:00,0.0
2021-01-31 01:10:00,0.0
2021-01-31 01:20:00,0.0
2021-01-31 01:30:00,0.0
2021-01-31 01:40:00,0.0
2021-01-31 01:50:00,0.0
2021-01-31 02:00:00,0.0
2021-01-31 02:10:00,0.0
2021-01-31 02:20:00,0.0
2021-01-31 02:30:00,0.0
2021-01-31 02:40:00,0.0
2021-01-31 02:50:00,0.0
2021-01-31 03:00:00,0.0
2021-01-31 03:10:00,0.0
2021-01-31 03:20:00,0.0
2021-01-31 03:30:00,0.0
2021-01-31 03:40:00,0.0
2021-01-31 03:50:00,0.0
2021-01-31 04:00:00,0.0
2021-01-31 04:10:00,0.0
2021-01-31 04:20:00,0.0
2021-01-31 04:30:00,0.0
2021-01-31 04:40:00,0.0
2021-01-31 04:50:00,0.0
2021-01-31 05:00:00,0.0
2021-01-31 05:10:00,0.0
2021-01-31 05:20:00,0.0
2021-01-31 05:30:00,0.0
2021-01-31 05:40:00,0.0
2021-01-31 05:50:00,0.0
2021-01-31 06:00:00,0.0
2021-01-31 06:10:00,0.0
2021-01-31 06:20:00,0.0
2021-01-31 06:30:00,0.0
2021-01-31 06:40:00,0.0
2021-01-31 06:50:00,0.0
2021-01-31 07:00:00,0.0
2021-01-31 07:10:00,0.0
2021-01-31 07:20:00,0.0
2021-01-31 07:30:00,0.0
2021-01-31 07:40:00,0.0
2021-01-31 07:50:00,0.0
2021-01-31 08:00:00,0.0
2021-01-31 08:10:00,0.0
2021-01-31 08:20:00,0.0
2021-01-31 08:30:00,0.0
2021-01-31 08:40:00,0.0
2021-01-31 08:50:00,0.0
2021-01-31 09:00:00,0.0
2021-01-31 09:10:00,0.0
2021-01-31 09:20:00,0.0
2021-01-31 09:30:00,0.0
2021-01-31 09:40:00,0.0
2021-01-31 09:50:00,0.0
2021-01-31 10:00:00,0.0
2021-01-31 10:10:00,0.0
2021-01-31 10:20:00,0.0
2021-01-31 10:30:00,0.0
2021-01-31 10:40:00,0.0
2021-01-31 10:50:00,0.0
2021-01-31 11:00:00,0.0
2021-01-31 11:10:00,0.0
2021-01-31 11:20:00,0.0
2021-01-31 11:30:00,0.0
2021-01-31 11:40:00,0.0
2021-01-31 11:50:00,0.0
2021-01-31 12:00:00,0.0
2021-01-31 12:10:00,0.0
2021-01-31 12:20:00,0.0
2021-01-31 12:30:00,0.0
2021-01-31 12:40:00,0.0
2021-01-31 12:50:00,0.0
2021-01-31 13:00:00,0.0
2021-01-31 13:10:00,0.0
2021-01-31 13:20:00,0.0
2021-01-31 13:30:00,0.0
2021-01-31 13:40:00,0.0
2021-01-31 13:50:00,0.0
2021-01-31 14:00:00,0.0
2021-01-31 14:10:00,0.0
2021-01-31 14:20:00,0.0
2021-01-31 14:30:00,0.0
2021-01-31 14:40:00,0.0
2021-01-31 14:50:00,0.0
2021-01-31 15:00:00,0.0
2021-01-31 15:10:00,0.0
2021-01-31 15:20:00,0.0
2021-01-31 15:30:00,0.0
2021-01-31 15:40:00,0.0
2021-01-31 15:50:00,0.0
2021-01-31 16:00:00,0.0
2021-01-31 16:10:00,0.0
2021-01-31 16:20:00,0.0
2021-01-31 16:30:00,0.0
2021-01-31 16:40:00,0.0
2021-01-31 16:50:00,0.0
2021-01-31 17:00:00,0.0
2021-01-31 17:10:00,0.0
2021-01-31 17:20:00,0.0
2021-01-31 17:30:00,0.0
2021-01-31 17:40:00,0.0
2021-01-31 17:50:00,0.0
2021-01-31 18:00:00,0.0
2021-01-31 18:10:00,0.0
2021-01-31 18:20:00,0.0
2021-01-31 18:30:00,0.0
2021-01-31 18:40:00,0.0
2021-01-31 18:50:00,0.0
2021-01-31 19:00:00,0.0
2021-01-31 19:10:00,0.0
2021-01-31 19:20:00,0.0
2021-01-31 19:30:00,0.0
2021-01-31 19:40:00,0.0
2021-01-31 19:50:00,0.0
2021-01-31 20:00:00,0.0
2021-01-31 20:10:00,0.0
2021-01-31 20:20:00,0.0
2021-01-31 20:30:00,0.0
2021-01-31 20:40:00,0.0
2021-01-31 20:50:00,0.0
2021-01-31 21:00:00,0.0
2021-01-31 21:10:00,0.0
2021-01-31 21:20:00,0.0
2021-01-31 21:30:00,0.0
2021-01-31 21:40:00,0.0
2021-01-31 21:50:00,0.0
2021-01-31 22:00:00,0.0
2021-01-31 22:10:00,0.0
2021-01-31 22:20:00,0.0
2021-01-31 22:30:00,0.0
2021-01-31 22:40:00,0.0
2021-01-31 22:50:00,0.0
2021-01-31 23:00:00,0.0
2021-01-31 23:10:00,0.0
2021-01-31 23:20:00,0.0
2021-01-31 23:30:00,0.0
2021-01-31 23:40:00,0.0
2021-01-31 23:50:00,0.0
2021-01-32 00:00:00,0.0
2021-01-32 00:10:00,0.0
2021-01-32 00:20:00,0.0
2021-01-32 00:30:00,0.0
2021-01-32 00:40:00,0.0
2021-01-32 00:50:00,0.0
2021-01-32 01:00:00,0.0
2021-01-32 01:10:00,0.0
2021-01-32 01:20:00,0.0
2021-01-32 01:30:00,0.0
2021-01-32 01:40:00,0.0
2021-01-32 01:50:00,0.0
2021-01-32 02:00:00,0.0
2021-01-32 02:10:00,0.0
2021-01-32 02:20:00,0.0
2021-01-32 02:30:00,0.0
2021-01-32 02:40:00,0.0
2021-01-32 02:50:00,0.0
2021-01-32 03:00:00,0.0
2021-01-32 03:10:00,0.0
2021-01-32 03:20:00,0.0
2021-01-32 03:30:00,0.0
2021-01-32 03:40:00,0.0
2021-01-32 03:50:00,0.0
2021-01-32 04:00:00,0.0
2021-01-32 04:10:00,0.0
2021-01-32 04:20:00,0.0
2021-01-32 04:30:00,0.0
2021-01-32 04:40:00,0.0
2021-01-32 04:50:00,0.0
2021-01-32 05:00:00,0.0
2021-01-32 05:10:00,0.0
2021-01-32 05:20:00,0.0
2021-01-32 05:30:00,0.0
2021-01-32 05:40:00,0.0
2021-01-32 05:50:00,0.0
2021-01-32 06:00:00,0.0
2021-01-32 06:10:00,0.0
2021-01-32 06:20:00,0.0
2021-01-32 06:30:00,0.0
2021-01-32 06:40:00,0.0
2021-01-32 06:50:00,0.0
2021-01-32 07:00:00,0.0
2021-01-32 07:10:00,0.0
2021-01-32 07:20:00,0.0
2021-01-32 07:30:00,0.0
2021-01-32 07:40:00,0.0
2021-01-32 07:50:00,0.0
2021-01-32 08:00:00,0.0
2021-01-32 08:10:00,0.0
2021-01-32 08:20:00,0.0
2021-01-32 08:30:00,0.0
2021-01-32 08:40:00,0.0
2021-01-32 08:50:00,0.0
2021-01-32 09:00:00,0.0
2021-01-32 09:10:00,0.0
2021-01-32 09:20:00,0.0
2021-01-32 09:30:00,0.0
2021-01-32 09:40:00,0.0
2021-01-32 09:50:00,0.0
2021-01-32 10:00:00,0.0
2021-01-32 10:10:00,0.0
2021-01-32 10:20:00,0.0
2021-01-32 10:30:00,0.0
2021-01-32 10:40:00,0.0
2021-01-32 10:50:00,0.0
2021-01-32 11:00:00,0.0
2021-01-32 11:10:00,0.0
2021-01-32 11:20:00,0.0
2021-01-32 11:30:00,0.0
2021-01-32 11:40:00,0.0
2021-01-32 11:50:00,0.0
2021-01-32 12:00:00,0.0
2021-01-32 12:10:00,0.0
2021-01-32 12:20:00,0.0
2021-01-32 12:30:00,0.0
2021-01-32 12:40:00,0.0
2021-01-32 12:50:00,0.0
2021-01-32 13:00:00,0.0
2021-01-32 13:10:00,0.0
2021-01-32 13:20:00,0.0
2021-01-32 13:30:00,0.0
2021-01-32 13:40:00,0.0
2021-01-32 13:50:00,0.0
2021-01-32 14:00:00,0.0
2021-01-32 14:10:00,0.0
2021-01-32 14:20:00,0.0
2021-01-32 14:30:00,0.0
2021-01-32 14:40:00,0.0
2021-01-32 14:50:00,0.0
2021-01-32 15:00:00,0.0
2021-01-32 15:10:00,0.0
2021-01-32 15:20:00,0.0
2021-01-32 15:30:00,0.0
2021-01-32 15:40:00,0.0
2021-01-32 15:50:00,0.0
2021-01-32 16:00:00,0.0
2021-01-32 16:10:00,0.0
2021-01-32 16:20:00,0.0
2021-01-32 16:30:00,0.0
2021-01-32 16:40:00,0.0
2021-01-32 16:50:00,0.0
2021-01-32 17:00:00,0.0
2021-01-32 17:10:00,0.0
2021-01-32 17:20:00,0.0
2021-01-32 17:30:00,0.0
2021-01-32 17:40:00,0.0
2021-01-32 17:50:00,0.0
2021-01-32 18:00:00,0.0
2021-01-32 18:10:00,0.0
2021-01-32 18:20:00,0.0
2021-01-32 18:30:00,0.0
2021-01-32 18:40:00,0.0
2021-01-32 18:50:00,0.0
2021-01-32 19:00:00,0.0
2021-01-32 19:10:00,0.0
2021-01-32 19:20:00,0.0
2021-01-32 19:30:00,0.0
2021-01-32 19:40:00,0.0
2021-01-32 19:50:00,0.0
2021-01-32 20:00:00,0.0
2021-01-32 20:10:00,0.0
2021-01-32 20:20:00,0.0
2021-01-32 20:30:00,0.0
2021-01-32 20:40:00,0.0
2021-01-32 20:50:00,0.0
2021-01-32 21:00:00,0.0
2021-01-32 21:10:00,0.0
2021-01-32 21:20:00,0.0
2021-01-32 21:30:00,0.0
2021-01-32 21:40:00,0.0
2021-01-32 21:50:00,0.0
2021-01-32 22:00:00,0.0
2021-01-32 22:10:00,0.0
2021-01-32 22:20:00,0.0
2021-01-32 22:30:00,0.0
2021-01-32 22:40:00,0.0
2021-01-32 22:50:00,0.0
2021-01-32 23:00:00,0.0
2021-01-32 23:10:00,0.0
2021-01-32 23:20:00,0.0
2021-01-32 23:30:00,0.0
2021-01-32 23:40:00,0.0
2021-01-32 23:50:00,0.0
2021-01-33 00:00:00,0.0
2021-01-33 00:10:00,0.0
2021-01-33 00:20:00,0.0
2021-01-33 00:30:00,0.0
2021-01-33 00:40:00,0.0
2021-01-33 00:50:00,0.0
2021-01-33 01:00:00,0.0
2021-01-33 01:10:00,0.0
2021-01-33 01:20:00,0.0
2021-01-33 01:30:00,0.0
2021-01-33 01:40:00,0.0
2021-01-33 01:50:00,0.0
2021-01-33 02:00:00,0.0
2021-01-33 02:10:00,0.0
2021-01-33 02:20:00,0.0
2021-01-33 02:30:00,0.0
2021-01-33 02:40:00,0.0
2021-01-33 02:50:00,0.0
2021-01-33 03:00:00,0.0
2021-01-33 03:10:00,0.0
2021-01-33 03:20:00,0.0
2021-01-33 03:30:00,0.0
2021-01-33 03:40:00,0.0
2021-01-33 03:50:00,0.0
2021-01-33 04:00:00,0.0
2021-01-33 04:10:00,0.0
2021-01-33 04:20:00,0.0
2021-01-33 04:30:00,0.0
2021-01-33 04:40:00,0.0
2021-01-33 04:50:00,0.0
2021-01-33 05:00:00,0.0
2021-01-33 05:10:00,0.0
2021-01-33 05:20:00,0.0
2021-01-33 05:30:00,0.0
2021-01-33 05:40:00,0.0
2021-01-33 05:50:00,0.0
2021-01-33 06:00:00,0.0
2021-01-33 06:10:00,0.0
2021-01-33 06:20:00,0.0
2021-01-33 06:30:00,0.0
2021-01-33 06:40:00,0.0
2021-01-33 06:50:00,0.0
2021-01-33 07:00:00,0.0
2021-01-33 07:10:00,0.0
2021-01-33 07:20:00,0.0
2021-01-33 07:30:00,0.0
2021-01-33 07:40:00,0.0
2021-01-33 07:50:00,0.0
2021-01-33 08:00:00,0.0
2021-01-33 08:10:00,0.0
2021-01-33 08:20:00,0.0
2021-01-33 08:30:00,0.0
2021-01-33 08:40:00,0.0
2021-01-33 08:50:00,0.0
2021-01-33 09:00:00,0.0
2021-01-33 09:10:00,0.0
2021-01-33 09:20:00,0.0
2021-01-33 09:30:00,0.0
2021-01-33 09:40:00,0.0
2021-01-33 09:50:00,0.0
2021-01-33 10:00:00,0.0
2021-01-33 10:10:00,0.0
2021-01-33 10:20:00,0.0
2021-01-33 10:30:00,0.0
2021-01-33 10:40:00,0.0
2021-01-33 10:50:00,0.0
2021-01-33 11:00:00,0.0
2021-01-33 11:10:00,0.0
2021-01-33 11:20:00,0.0
2021-01-33 11:30:00,0.0
2021-01-33 11:40:00,0.0
2021-01-33 11:50:00,0.0
2021-01-33 12:00:00,0.0
2021-01-33 12:10:00,0.0
2021-01-33 12:20:00,0.0
2021-01-33 12:30:00,0.0
2021-01-33 12:40:00,0.0
2021-01-33 12:50:00,0.0
2021-01-33 13:00:00,0.0
2021-01-33 13:10:00,0.0
2021-01-33 13:20:00,0.0
2021-01-33 13:30:00,0.0
2021-01-33 13:40:00,0.0
2021-01-33 13:50:00,0.0
2021-01-33 14:00:00,0.0
2021-01-33 14:10:00,0.0
2021-01-33 14:20:00,0.0
2021-01-33 14:30:00,0.0
2021-01-33 14:40:00,0.0
2021-01-33 14:50:00,0.0
2021-01-33 15:00:00,0.0
2021-01-33 15:10:00,0.0
2021-01-33 15:20:00,0.0
2021-01-33 15:30:00,0.0
2021-01-33 15:40:00,0.0
2021-01-33 15:50:00,0.0
2021-01-33 16:00:00,0.0
2021-01-33 16:10:00,0.0
2021-01-33 16:20:00,0.0
2021-01-33 16:30:00,0.0
2021-01-33 16:40:00,0.0
2021-01-33 16:50:00,0.0
2021-01-33 17:00:00,0.0
2021-01-33 17:10:00,0.0
2021-01-33 17:20:00,0.0
2021-01-33 17:30:00,0.0
2021-01-33 17:40:00,0.0
2021-01-33 17:50:00,0.0
2021-01-33 18:00:00,0.0
2021-01-33 18:10:00,0.0
2021-01-33 18:20:00,0.0
2021-01-33 18:30:00,0.0
2021-01-33 18:40:00,0.0
2021-01-33 18:50:00,0.0
2021-01-33 19:00:00,0.0
2021-01-33 19:10:00,0.0
2021-01-33 19:20:00,0.0
2021-01-33 19:30:00,0.0
2021-01-33 19:40:00,0.0
2021-01-33 19:50:00,0.0
2021-01-33 20:00:00,0.0
2021-01-33 20:10:00,0.0
2021-01-33 20:20:00,0.0
2021-01-33 20:30:00,0.0
2021-01-33 20:40:00,0.0
2021-01-33 20:50:00,0.0
2021-01-33 21:00:00,0.0
2021-01-33 21:10:00,0.0
2021-01-33 21:20:00,0.0
2021-01-33 21:30:00,0.0
2021-01-33 21:40:00,0.0
2021-01-33 21:50:00,0.0
2021-01-33 22:00:00,0.0
2021-01-33 22:10:00,0.0
2021-01-33 22:20:00,0.0
2021-01-33 22:30:00,0.0
2021-01-33 22:40:00,0.0
2021-01-33 22:50:00,0.0
2021-01-33 23:00:00,0.0
2021-01-33 23:10:00,0.0
2021-01-33 23:20:00,0.0
2021-01-33 23:30:00,0.0
2021-01-33 23:40:00,0.0
2021-01-33 23:50:00,0.0
2021-01-34 00:00:00,0.0
2021-01-34 00:10:00,0.0
2021-01-34 00:20:00,0.0
2021-01-34 00:30:00,0.0
2021-01-34 00:40:00,0.0
2021-01-34 00:50:00,0.0
2021-01-34 01:00:00,0.0
2021-01-34 01:10:00,0.0
2021-01-34 01:20:00,0.0
2021-01-34 01:30:00,0.0
2021-01-34 01:40:00,0.0
2021-01-34 01:50:00,0.0
2021-01-34 02:00:00,0.0
2021-01-34 02:10:00,0.0
2021-01-34 02:20:00,0.0
2021-01-34 02:30:00,0.0
2021-01-34 02:40:00,0.0
2021-01-34 02:50:00,0.0
2021-01-34 03:00:00,0.0
2021-01-34 03:10:00,0.0
2021-01-34 03:20:00,0.0
2021-01-34 03:30:00,0.0
2021-01-34 03:40:00,0.0
2021-01-34 03:50:00,0.0
2021-01-34 04:00:00,0.0
2021-01-34 04:10:00,0.0
2021-01-34 04:20:00,0.0
2021-01-34 04:30:00,0.0
2021-01-34 04:40:00,0.0
2021-01-34 04:50:00,0.0
2021-01-34 05:00:00,0.0
2021-01-34 05:10:00,0.0
2021-01-34 05:20:00,0.0
2021-01-34 05:30:00,0.0
2021-01-34 05:40:00,0.0
2021-01-34 05:50:00,0.0
2021-01-34 06:00:00,0.0
2021-01-34 06:10:00,0.0
2021-01-34 06:20:00,0.0
2021-01-34 06:30:00,0.0
2021-01-34 06:40:00,0.0
2021-01-34 06:50:00,0.0
2021-01-34 07:00:00,0.0
2021-01-34 07:10:00,0.0
2021-01-34 07:20:00,0.0
2021-01-34 07:30:00,0.0
2021-01-34 07:40:00,0.0
2021-01-34 07:50:00,0.0
2021-01-34 08:00:00,0.0
2021-01-34 08:10:00,0.812
2021-01-34 08:20:00,1.623
2021-01-34 08:30:00,2.435
2021-01-34 08:40:00,3.246
2021-01-34 08:50:00,4.058
2021-01-34 09:00:00,4.869
2021-01-34 09:10:00,5.681
2021-01-34 09:20:00,6.492
2021-01-34 09:30:00,7.304
2021-01-34 09:40:00,8.115
2021-01-34 09:50:00,8.926
2021-01-34 10:00:00,9.737
2021-01-34 10:10:00,10.548
2021-01-34 10:20:00,11.36
2021-01-34 10:30:00,12.171
2021-01-34 10:40:00,12.981
2021-01-34 10:50:00,13.792
2021-01-34 11:00:00,14.603
2021-01-34 11:10:00,15.414
2021-01-34 11:20:00,16.224
2021-01-34 11:30:00,17.035
2021-01-34 11:40:00,17.845
2021-01-34 11:50:00,18.655
2021-01-34 12:00:00,19.465
2021-01-34 12:10:00,20.275
2021-01-34 12:20:00,21.085
2021-01-34 12:30:00,21.894
2021-01-34 12:40:00,22.704
2021-01-34 12:50:00,23.513
2021-01-34 13:00:00,24.322
2021-01-34 13:10:00,25.131
2021-01-34 13:20:00,25.94
2021-01-34 13:30:00,26.749
2021-01-34 13:40:00,27.557
2021-01-34 13:50:00,28.366
2021-01-34 14:00:00,29.174
2021-01-34 14:10:00,29.981
2021-01-34 14:20:00,30.789
2021-01-34 14:30:00,31.597
2021-01-34 14:40:00,32.404
2021-01-34 14:50:00,33.211
2021-01-34 15:00:00,34.018
2021-01-34 15:10:00,34.824
2021-01-34 15:20:00,35.631
2021-01-34 15:30:00,36.437
2021-01-34 15:40:00,37.242
2021-01-34 15:50:00,38.048
2021-01-34 16:00:00,38.853
2021-01-34 16:10:00,39.658
2021-01-34 16:20:00,40.463
2021-01-34 16:30:00,41.268
2021-01-34 16:40:00,42.072
2021-01-34 16:50:00,42.876
2021-01-34 17:00:00,43.679
2021-01-34 17:10:00,44.483
2021-01-34 17:20:00,45.286
2021-01-34 17:30:00,46.088
2021-01-34 17:40:00,46.891
2021-01-34 17:50:00,47.693
2021-01-34 18:00:00,48.495
2021-01-34 18:10:00,49.296
2021-01-34 18:20:00,50.097
2021-01-34 18:30:00,50.898
2021-01-34 18:40:00,51.698
2021-01-34 18:50:00,52.498
2021-01-34 19:00:00,53.298
2021-01-34 19:10:00,54.097
2021-01-34 19:20:00,54.896
2021-01-34 19:30:00,55.695
2021-01-34 19:40:00,56.493
2021-01-34 19:50:00,57.291
2021-01-34 20:00:00,58.088
2021-01-34 20:10:00,58.885
2021-01-34 20:20:00,59.682
2021-01-34 20:30:00,60.478
2021-01-34 20:40:00,61.274
2021-01-34 20:50:00,62.069
2021-01-34 21:00:00,62.864
2021-01-34 21:10:00,63.659
2021-01-34 21:20:00,64.453
2021-01-34 21:30:00,65.246
2021-01-34 21:40:00,66.039
2021-01-34 21:50:00,66.832
2021-01-34 22:00:00,67.624
2021-01-34 22:10:00,68.416
2021-01-34 22:20:00,69.208
2021-01-34 22:30:00,69.998
2021-01-34 22:40:00,70.789
2021-01-34 22:50:00,71.579
2021-01-34 23:00:00,72.368
2021-01-34 23:10:00,73.157
2021-01-34 23:20:00,73.945
2021-01-34 23:30:00,74.733
2021-01-34 23:40:00,75.521
2021-01-34 23:50:00,76.308
2021-01-35 00:00:00,77.094
2021-01-35 00:10:00,77.88
2021-01-35 00:20:00,78.665
2021-01-35 00:30:00,79.45
2021-01-35 00:40:00,80.234
2021-01-35 00:50:00,81.018
2021-01-35 01:00:00,81.801
2021-01-35 01:10:00,82.583
2021-01-35 01:20:00,83.365
2021-01-35 01:30:00,84.147
2021-01-35 01:40:00,84.927
2021-01-35 01:50:00,85.708
2021-01-35 02:00:00,86.487
2021-01-35 02:10:00,87.266
2021-01-35 02:20:00,88.045
2021-01-35 02:30:00,88.823
2021-01-35 02:40:00,89.6
2021-01-35 02:50:00,90.376
2021-01-35 03:00:00,91.153
2021-01-35 03:10:00,91.928
2021-01-35 03:20:00,92.703
2021-01-35 03:30:00,93.477
2021-01-35 03:40:00,94.25
2021-01-35 03:50:00,95.023
2021-01-35 04:00:00,95.795
2021-01-35 04:10:00,96.567
2021-01-35 04:20:00,97.338
2021-01-35 04:30:00,98.108
2021-01-35 04:40:00,98.877
2021-01-35 04:50:00,99.646
2021-01-35 05:00:00,100.414
2021-01-35 05:10:00,101.182
2021-01-35 05:20:00,101.949
2021-01-35 05:30:00,102.715
2021-01-35 05:40:00,103.48
2021-01-35 05:50:00,104.245
2021-01-35 06:00:00,105.009
2021-01-35 06:10:00,105.772
2021-01-35 06:20:00,106.535
2021-01-35 06:30:00,107.296
2021-01-35 06:40:00,108.057
2021-01-35 06:50:00,108.818
2021-01-35 07:00:00,109.577
2021-01-35 07:10:00,110.336
2021-01-35 07:20:00,111.094
2021-01-35 07:30:00,111.851
2021-01-35 07:40:00,112.608
2021-01-35 07:50:00,113.364
2021-01-35 08:00:00,114.119
2021-01-35 08:10:00,114.873
2021-01-35 08:20:00,115.626
2021-01-35 08:30:00,116.379
2021-01-35 08:40:00,117.131
2021-01-35 08:50:00,117.882
2021-01-35 09:00:00,118.632
2021-01-35 09:10:00,119.381
2021-01-35 09:20:00,120.13
2021-01-35 09:30:00,120.878
2021-01-35 09:40:00,121.625
2021-01-35 09:50:00,122.371
2021-01-35 10:00:00,123.116
2021-01-35 10:10:00,123.86
2021-01-35 10:20:00,124.604
2021-01-35 10:30:00,125.347
2021-01-35 10:40:00,126.088
2021-01-35 10:50:00,126.829
2021-01-35 11:00:00,127.569
2021-01-35 11:10:00,128.309
2021-01-35 11:20:00,129.047
2021-01-35 11:30:00,129.785
2021-01-35 11:40:00,130.521
2021-01-35 11:50:00,131.257
2021-01-35 12:00:00,131.992
2021-01-35 12:10:00,132.725
2021-01-35 12:20:00,133.458
2021-01-35 12:30:00,134.191
2021-01-35 12:40:00,134.922
2021-01-35 12:50:00,135.652
2021-01-35 13:00:00,136.381
2021-01-35 13:10:00,137.109
2021-01-35 13:20:00,137.837
2021-01-35 13:30:00,138.563
2021-01-35 13:40:00,139.289
2021-01-35 13:50:00,140.013
2021-01-35 14:00:00,140.737
2021-01-35 14:10:00,141.46
2021-01-35 14:20:00,142.181
2021-01-35 14:30:00,142.902
2021-01-35 14:40:00,143.622
2021-01-35 14:50:00,144.341
2021-01-35 15:00:00,145.058
2021-01-35 15:10:00,145.775
2021-01-35 15:20:00,146.491
2021-01-35 15:30:00,147.205
2021-01-35 15:40:00,147.919
2021-01-35 15:50:00,148.632
2021-01-35 16:00:00,149.344
2021-01-35 16:10:00,150.054
2021-01-35 16:20:00,150.764
2021-01-35 16:30:00,151.473
2021-01-35 16:40:00,152.18
2021-01-35 16:50:00,152.887
2021-01-35 17:00:00,153.592
2021-01-35 17:10:00,154.297
2021-01-35 17:20:00,155.0
2021-01-35 17:30:00,155.702
2021-01-35 17:40:00,156.404
2021-01-35 17:50:00,157.104
2021-01-35 18:00:00,157.803
2021-01-35 18:10:00,158.501
2021-01-35 18:20:00,159.198
2021-01-35 18:30:00,159.894
2021-01-35 18:40:00,160.588
2021-01-35 18:50:00,161.282
2021-01-35 19:00:00,161.975
2021-01-35 19:10:00,162.666
2021-01-35 19:20:00,163.356
2021-01-35 19:30:00,164.045
2021-01-35 19:40:00,164.734
2021-01-35 19:50:00,165.42
2021-01-35 20:00:00,166.106
2021-01-35 20:10:00,166.791
2021-01-35 20:20:00,167.474
2021-01-35 20:30:00,168.157
2021-01-35 20:40:00,168.838
2021-01-35 20:50:00,169.518
2021-01-35 21:00:00,170.197
2021-01-35 21:10:00,170.875
2021-01-35 21:20:00,171.551
2021-01-35 21:30:00,172.227
2021-01-35 21:40:00,172.901
2021-01-35 21:50:00,173.574
2021-01-35 22:00:00,174.246
2021-01-35 22:10:00,174.916
2021-01-35 22:20:00,175.586
2021-01-35 22:30:00,176.254
2021-01-35 22:40:00,176.921
2021-01-35 22:50:00,177.587
2021-01-35 23:00:00,178.252
2021-01-35 23:10:00,178.915
2021-01-35 23:20:00,179.577
2021-01-35 23:30:00,180.238
2021-01-35 23:40:00,180.898
2021-01-35 23:50:00,181.556
2021-01-36 00:00:00,182.213
2021-01-36 00:10:00,182.869
2021-01-36 00:20:00,183.524
2021-01-36 00:30:00,184.178
2021-01-36 00:40:00,184.83
2021-01-36 00:50:00,185.481
2021-01-36 01:00:00,186.13
2021-01-36 01:10:00,186.779
2021-01-36 01:20:00,187.426
2021-01-36 01:30:00,188.072
2021-01-36 01:40:00,188.716
2021-01-36 01:50:00,189.359
2021-01-36 02:00:00,190.001
2021-01-36 02:10:00,190.642
2021-01-36 02:20:00,191.281
2021-01-36 02:30:00,191.919
2021-01-36 02:40:00,192.556
2021-01-36 02:50:00,193.191
2021-01-36 03:00:00,193.825
2021-01-36 03:10:00,194.458
2021-01-36 03:20:00,195.089
2021-01-36 03:30:00,195.719
2021-01-36 03:40:00,196.348
2021-01-36 03:50:00,196.975
2021-01-36 04:00:00,197.601
2021-01-36 04:10:00,198.226
2021-01-36 04:20:00,198.849
2021-01-36 04:30:00,199.471
2021-01-36 04:40:00,200.092
2021-01-36 04:50:00,200.711
2021-01-36 05:00:00,201.329
2021-01-36 05:10:00,201.945
2021-01-36 05:20:00,202.56
2021-01-36 05:30:00,203.174
2021-01-36 05:40:00,203.786
2021-01-36 05:50:00,204.397
2021-01-36 06:00:00,205.007
2021-01-36 06:10:00,205.615
2021-01-36 06:20:00,206.221
2021-01-36 06:30:00,206.827
2021-01-36 06:40:00,207.43
2021-01-36 06:50:00,208.033
2021-01-36 07:00:00,208.634
2021-01-36 07:10:00,209.233
2021-01-36 07:20:00,209.832
2021-01-36 07:30:00,210.428
2021-01-36 07:40:00,211.023
2021-01-36 07:50:00,211.617
2021-01-36 08:00:00,212.21
2021-01-36 08:10:00,212.8
2021-01-36 08:20:00,213.39
2021-01-36 08:30:00,213.978
2021-01-36 08:40:00,214.564
2021-01-36 08:50:00,215.149
2021-01-36 09:00:00,215.733
2021-01-36 09:10:00,216.315
2021-01-36 09:20:00,216.896
2021-01-36 09:30:00,217.475
2021-01-36 09:40:00,218.052
2021-01-36 09:50:00,218.628
2021-01-36 10:00:00,219.203
2021-01-36 10:10:00,219.776
2021-01-36 10:20:00,220.348
2021-01-36 10:30:00,220.918
2021-01-36 10:40:00,221.487
2021-01-36 10:50:00,222.054
2021-01-36 11:00:00,222.619
2021-01-36 11:10:00,223.183
2021-01-36 11:20:00,223.746
2021-01-36 11:30:00,224.307
2021-01-36 11:40:00,224.866
2021-01-36 11:50:00,225.424
2021-01-36 12:00:00,225.98
2021-01-36 12:10:00,226.535
2021-01-36 12:20:00,227.088
2021-01-36 12:30:00,227.64
2021-01-36 12:40:00,228.19
2021-01-36 12:50:00,228.739
2021-01-36 13:00:00,229.286
2021-01-36 13:10:00,229.831
2021-01-36 13:20:00,230.375
2021-01-36 13:30:00,230.917
2021-01-36 13:40:00,231.458
2021-01-36 13:50:00,231.997
2021-01-36 14:00:00,232.534
2021-01-36 14:10:00,233.07
2021-01-36 14:20:00,233.605
2021-01-36 14:30:00,234.137
2021-01-36 14:40:00,234.668
2021-01-36 14:50:00,235.198
2021-01-36 15:00:00,235.726
2021-01-36 15:10:00,236.252
2021-01-36 15:20:00,236.777
2021-01-36 15:30:00,237.3
2021-01-36 15:40:00,237.821
2021-01-36 15:50:00,238.341
2021-01-36 16:00:00,238.859
2021-01-36 16:10:00,239.376
2021-01-36 16:20:00,239.89
2021-01-36 16:30:00,240.404
2021-01-36 16:40:00,240.915
2021-01-36 16:50:00,241.425
2021-01-36 17:00:00,241.933
2021-01-36 17:10:00,242.44
2021-01-36 17:20:00,242.945
2021-01-36 17:30:00,243.448
2021-01-36 17:40:00,243.95
2021-01-36 17:50:00,244.45
2021-01-36 18:00:00,244.948
2021-01-36 18:10:00,245.445
2021-01-36 18:20:00,245.94
2021-01-36 18:30:00,246.433
2021-01-36 18:40:00,246.924
2021-01-36 18:50:00,247.414
2021-01-36 19:00:00,247.902
2021-01-36 19:10:00,248.389
2021-01-36 19:20:00,248.873
2021-01-36 19:30:00,249.356
2021-01-36 19:40:00,249.838
2021-01-36 19:50:00,250.317
2021-01-36 20:00:00,250.795
2021-01-36 20:10:00,251.271
2021-01-36 20:20:00,251.746
2021-01-36 20:30:00,252.219
2021-01-36 20:40:00,252.69
2021-01-36 20:50:00,253.159
2021-01-36 21:00:00,253.626
2021-01-36 21:10:00,254.092
2021-01-36 21:20:00,254.556
2021-01-36 21:30:00,255.019
2021-01-36 21:40:00,255.479
2021-01-36 21:50:00,255.938
2021-01-36 22:00:00,256.395
2021-01-36 22:10:00,256.85
2021-01-36 22:20:00,257.304
2021-01-36 22:30:00,257.756
2021-01-36 22:40:00,258.206
2021-01-36 22:50:00,258.654
2021-01-36 23:00:00,259.1
2021-01-36 23:10:00,259.545
2021-01-36 23:20:00,259.988
2021-01-36 23:30:00,260.429
2021-01-36 23:40:00,260.868
2021-01-36 23:50:00,261.306
2021-01-37 00:00:00,261.742
2021-01-37 00:10:00,262.176
2021-01-37 00:20:00,262.608
2021-01-37 00:30:00,263.038
2021-01-37 00:40:00,263.467
2021-01-37 00:50:00,263.893
2021-01-37 01:00:00,264.318
2021-01-37 01:10:00,264.742
2021-01-37 01:20:00,265.163
2021-01-37 01:30:00,265.582
2021-01-37 01:40:00,266.0
2021-01-37 01:50:00,266.416
2021-01-37 02:00:00,266.83
2021-01-37 02:10:00,267.242
2021-01-37 02:20:00,267.653
2021-01-37 02:30:00,268.061
2021-01-37 02:40:00,268.468
2021-01-37 02:50:00,268.873
2021-01-37 03:00:00,269.276
2021-01-37 03:10:00,269.677
2021-01-37 03:20:00,270.076
2021-01-37 03:30:00,270.474
2021-01-37 03:40:00,270.869
2021-01-37 03:50:00,271.263
2021-01-37 04:00:00,271.655
2021-01-37 04:10:00,272.045
2021-01-37 04:20:00,272.433
2021-01-37 04:30:00,272.82
2021-01-37 04:40:00,273.204
2021-01-37 04:50:00,273.587
2021-01-37 05:00:00,273.967
2021-01-37 05:10:00,274.346
2021-01-37 05:20:00,274.723
2021-01-37 05:30:00,275.098
2021-01-37 05:40:00,275.471
2021-01-37 05:50:00,275.843
2021-01-37 06:00:00,276.212
2021-01-37 06:10:00,276.58
2021-01-37 06:20:00,276.945
2021-01-37 06:30:00,277.309
2021-01-37 06:40:00,277.671
2021-01-37 06:50:00,278.031
2021-01-37 07:00:00,278.389
2021-01-37 07:10:00,278.745
2021-01-37 07:20:00,279.099
2021-01-37 07:30:00,279.451
2021-01-37 07:40:00,279.801
2021-01-37 07:50:00,280.15
2021-01-37 08:00:00,280.496
2021-01-37 08:10:00,280.841
2021-01-37 08:20:00,281.184
2021-01-37 08:30:00,281.524
2021-01-37 08:40:00,281.863
2021-01-37 08:50:00,282.2
2021-01-37 09:00:00,282.535
2021-01-37 09:10:00,282.868
2021-01-37 09:20:00,283.199
2021-01-37 09:30:00,283.528
2021-01-37 09:40:00,283.855
2021-01-37 09:50:00,284.181
2021-01-37 10:00:00,284.504
2021-01-37 10:10:00,284.825
2021-01-37 10:20:00,285.145
2021-01-37 10:30:00,285.462
2021-01-37 10:40:00,285.778
2021-01-37 10:50:00,286.091
2021-01-37 11:00:00,286.403
2021-01-37 11:10:00,286.712
2021-01-37 11:20:00,287.02
2021-01-37 11:30:00,287.326
2021-01-37 11:40:00,287.629
2021-01-37 11:50:00,287.931
2021-01-37 12:00:00,288.231
2021-01-37 12:10:00,288.528
2021-01-37 12:20:00,288.824
2021-01-37 12:30:00,289.118
2021-01-37 12:40:00,289.41
2021-01-37 12:50:00,289.7
2021-01-37 13:00:00,289.988
2021-01-37 13:10:00,290.274
2021-01-37 13:20:00,290.557
2021-01-37 13:30:00,290.839
2021-01-37 13:40:00,291.119
2021-01-37 13:50:00,291.397
2021-01-37 14:00:00,291.673
2021-01-37 14:10:00,291.947
2021-01-37 14:20:00,292.219
2021-01-37 14:30:00,292.489
2021-01-37 14:40:00,292.757
2021-01-37 14:50:00,293.023
2021-01-37 15:00:00,293.286
2021-01-37 15:10:00,293.548
2021-01-37 15:20:00,293.808
2021-01-37 15:30:00,294.066
2021-01-37 15:40:00,294.322
2021-01-37 15:50:00,294.576
2021-01-37 16:00:00,294.828
2021-01-37 16:10:00,295.077
2021-01-37 16:20:00,295.325
2021-01-37 16:30:00,295.571
2021-01-37 16:40:00,295.815
2021-01-37 16:50:00,296.056
2021-01-37 17:00:00,296.296
2021-01-37 17:10:00,296.533
2021-01-37 17:20:00,296.769
2021-01-37 17:30:00,297.003
2021-01-37 17:40:00,297.234
2021-01-37 17:50:00,297.464
2021-01-37 18:00:00,297.691
2021-01-37 18:10:00,297.916
2021-01-37 18:20:00,298.14
2021-01-37 18:30:00,298.361
2021-01-37 18:40:00,298.58
2021-01-37 18:50:00,298.798
2021-01-37 19:00:00,299.013
2021-01-37 19:10:00,299.226
2021-01-37 19:20:00,299.437
2021-01-37 19:30:00,299.646
2021-01-37 19:40:00,299.853
2021-01-37 19:50:00,300.058
2021-01-37 20:00:00,300.261
2021-01-37 20:10:00,300.462
2021-01-37 20:20:00,300.66
2021-01-37 20:30:00,300.857
2021-01-37 20:40:00,301.052
2021-01-37 20:50:00,301.244
2021-01-37 21:00:00,301.435
2021-01-37 21:10:00,301.623
2021-01-37 21:20:00,301.809
2021-01-37 21:30:00,301.994
2021-01-37 21:40:00,302.176
2021-01-37 21:50:00,302.356
2021-01-37 22:00:00,302.534
2021-01-37 22:10:00,302.71
2021-01-37 22:20:00,302.884
2021-01-37 22:30:00,303.056
2021-01-37 22:40:00,303.226
2021-01-37 22:50:00,303.393
2021-01-37 23:00:00,303.559
2021-01-37 23:10:00,303.723
2021-01-37 23:20:00,303.884
2021-01-37 23:30:00,304.043
2021-01-37 23:40:00,304.201
2021-01-37 23:50:00,304.356
2021-01-38 00:00:00,304.509
2021-01-38 00:10:00,304.66
2021-01-38 00:20:00,304.809
2021-01-38 00:30:00,304.956
2021-01-38 00:40:00,305.101
2021-01-38 00:50:00,305.243
2021-01-38 01:00:00,305.384
2021-01-38 01:10:00,305.522
2021-01-38 01:20:00,305.659
2021-01-38 01:30:00,305.793
2021-01-38 01:40:00,305.925
2021-01-38 01:50:00,306.055
2021-01-38 02:00:00,306.183
2021-01-38 02:10:00,306.309
2021-01-38 02:20:00,306.433
2021-01-38 02:30:00,306.555
2021-01-38 02:40:00,306.674
2021-01-38 02:50:00,306.792
2021-01-38 03:00:00,306.907
2021-01-38 03:10:00,307.021
2021-01-38 03:20:00,307.132
2021-01-38 03:30:00,307.241
2021-01-38 03:40:00,307.348
2021-01-38 03:50:00,307.453
2021-01-38 04:00:00,307.556
2021-01-38 04:10:00,307.656
2021-01-38 04:20:00,307.755
2021-01-38 04:30:00,307.851
2021-01-38 04:40:00,307.946
2021-01-38 04:50:00,308.038
2021-01-38 05:00:00,308.128
2021-01-38 05:10:00,308.216
2021-01-38 05:20:00,308.302
2021-01-38 05:30:00,308.386
2021-01-38 05:40:00,308.467
2021-01-38 05:50:00,308.547
2021-01-38 06:00:00,308.624
2021-01-38 06:10:00,308.7
2021-01-38 06:20:00,308.773
2021-01-38 06:30:00,308.844
2021-01-38 06:40:00,308.913
2021-01-38 06:50:00,308.98
2021-01-38 07:00:00,309.044
2021-01-38 07:10:00,309.107
2021-01-38 07:20:00,309.167
2021-01-38 07:30:00,309.226
2021-01-38 07:40:00,309.282
2021-01-38 07:50:00,309.336
2021-01-38 08:00:00,309.388
2021-01-38 08:10:00,309.438
2021-01-38 08:20:00,309.486
2021-01-38 08:30:00,309.532
2021-01-38 08:40:00,309.575
2021-01-38 08:50:00,309.617
2021-01-38 09:00:00,309.656
2021-01-38 09:10:00,309.693
2021-01-38 09:20:00,309.728
2021-01-38 09:30:00,309.761
2021-01-38 09:40:00,309.792
2021-01-38 09:50:00,309.82
2021-01-38 10:00:00,309.847
2021-01-38 10:10:00,309.871
2021-01-38 10:20:00,309.894
2021-01-38 10:30:00,309.914
2021-01-38 10:40:00,309.932
2021-01-38 10:50:00,309.948
2021-01-38 11:00:00,309.962
2021-01-38 11:10:00,309.973
2021-01-38 11:20:00,309.983
2021-01-38 11:30:00,309.99
2021-01-38 11:40:00,309.996
2021-01-38 11:50:00,309.999
2021-01-38 12:00:00,310.0
2021-01-38 12:10:00,309.999
2021-01-38 12:20:00,309.996
2021-01-38 12:30:00,309.99
2021-01-38 12:40:00,309.983
2021-01-38 12:50:00,309.973
2021-01-38 13:00:00,309.962
2021-01-38 13:10:00,309.948
2021-01-38 13:20:00,309.932
2021-01-38 13:30:00,309.914
2021-01-38 13:40:00,309.894
2021-01-38 13:50:00,309.871
2021-01-38 14:00:00,309.847
2021-01-38 14:10:00,309.82
2021-01-38 14:20:00,309.792
2021-01-38 14:30:00,309.761
2021-01-38 14:40:00,309.728
2021-01-38 14:50:00,309.693
2021-01-38 15:00:00,309.656
2021-01-38 15:10:00,309.617
2021-01-38 15:20:00,309.575
2021-01-38 15:30:00,309.532
2021-01-38 15:40:00,309.486
2021-01-38 15:50:00,309.438
2021-01-38 16:00:00,309.388
2021-01-38 16:10:00,309.336
2021-01-38 16:20:00,309.282
2021-01-38 16:30:00,309.226
2021-01-38 16:40:00,309.167
2021-01-38 16:50:00,309.107
2021-01-38 17:00:00,309.044
2021-01-38 17:10:00,308.98
2021-01-38 17:20:00,308.913
2021-01-38 17:30:00,308.844
2021-01-38 17:40:00,308.773
2021-01-38 17:50:00,308.7
2021-01-38 18:00:00,308.624
2021-01-38 18:10:00,308.547
2021-01-38 18:20:00,308.467
2021-01-38 18:30:00,308.386
2021-01-38 18:40:00,308.302
2021-01-38 18:50:00,308.216
2021-01-38 19:00:00,308.128
2021-01-38 19:10:00,308.038
2021-01-38 19:20:00,307.946
2021-01-38 19:30:00,307.851
2021-01-38 19:40:00,307.755
2021-01-38 19:50:00,307.656
2021-01-38 20:00:00,307.556
2021-01-38 20:10:00,307.453
2021-01-38 20:20:00,307.348
2021-01-38 20:30:00,307.241
2021-01-38 20:40:00,307.132
2021-01-38 20:50:00,307.021
2021-01-38 21:00:00,306.907
2021-01-38 21:10:00,306.792
2021-01-38 21:20:00,306.674
2021-01-38 21:30:00,306.555
2021-01-38 21:40:00,306.433
2021-01-38 21:50:00,306.309
2021-01-38 22:00:00,306.183
2021-01-38 22:10:00,306.055
2021-01-38 22:20:00,305.925
2021-01-38 22:30:00,305.793
2021-01-38 22:40:00,305.659
2021-01-38 22:50:00,305.522
2021-01-38 23:00:00,305.384
2021-01-38 23:10:00,305.243
2021-01-38 23:20:00,305.101
2021-01-38 23:30:00,304.956
2021-01-38 23:40:00,304.809
2021-01-38 23:50:00,304.66
2021-01-39 00:00:00,304.509
2021-01-39 00:10:00,304.356
2021-01-39 00:20:00,304.201
2021-01-39 00:30:00,304.043
2021-01-39 00:40:00,303.884
2021-01-39 00:50:00,303.723
2021-01-39 01:00:00,303.559
2021-01-39 01:10:00,303.393
2021-01-39 01:20:00,303.226
2021-01-39 01:30:00,303.056
2021-01-39 01:40:00,302.884
2021-01-39 01:50:00,302.71
2021-01-39 02:00:00,302.534
2021-01-39 02:10:00,302.356
2021-01-39 02:20:00,302.176
2021-01-39 02:30:00,301.994
2021-01-39 02:40:00,301.809
2021-01-39 02:50:00,301.623
2021-01-39 03:00:00,301.435
2021-01-39 03:10:00,301.244
2021-01-39 03:20:00,301.052
2021-01-39 03:30:00,300.857
2021-01-39 03:40:00,300.66
2021-01-39 03:50:00,300.462
2021-01-39 04:00:00,300.261
2021-01-39 04:10:00,300.058
2021-01-39 04:20:00,299.853
2021-01-39 04:30:00,299.646
2021-01-39 04:40:00,299.437
2021-01-39 04:50:00,299.226
2021-01-39 05:00:00,299.013
2021-01-39 05:10:00,298.798
2021-01-39 05:20:00,298.58
2021-01-39 05:30:00,298.361
2021-01-39 05:40:00,298.14
2021-01-39 05:50:00,297.916
2021-01-39 06:00:00,297.691
2021-01-39 06:10:00,297.464
2021-01-39 06:20:00,297.234
2021-01-39 06:30:00,297.003
2021-01-39 06:40:00,296.769
2021-01-39 06:50:00,296.533
2021-01-39 07:00:00,296.296
2021-01-39 07:10:00,296.056
2021-01-39 07:20:00,295.815
2021-01-39 07:30:00,295.571
2021-01-39 07:40:00,295.325
2021-01-39 07:50:00,295.077
2021-01-39 08:00:00,294.828
2021-01-39 08:10:00,294.576
2021-01-39 08:20:00,294.322
2021-01-39 08:30:00,294.066
2021-01-39 08:40:00,293.808
2021-01-39 08:50:00,293.548
2021-01-39 09:00:00,293.286
2021-01-39 09:10:00,293.023
2021-01-39 09:20:00,292.757
2021-01-39 09:30:00,292.489
2021-01-39 09:40:00,292.219
2021-01-39 09:50:00,291.947
2021-01-39 10:00:00,291.673
2021-01-39 10:10:00,291.397
2021-01-39 10:20:00,291.119
2021-01-39 10:30:00,290.839
2021-01-39 10:40:00,290.557
2021-01-39 10:50:00,290.274
2021-01-39 11:00:00,289.988
2021-01-39 11:10:00,289.7
2021-01-39 11:20:00,289.41
2021-01-39 11:30:00,289.118
2021-01-39 11:40:00,288.824
2021-01-39 11:50:00,288.528
2021-01-39 12:00:00,288.231
2021-01-39 12:10:00,287.931
2021-01-39 12:20:00,287.629
2021-01-39 12:30:00,287.326
2021-01-39 12:40:00,287.02
2021-01-39 12:50:00,286.712
2021-01-39 13:00:00,286.403
2021-01-39 13:10:00,286.091
2021-01-39 13:20:00,285.778
2021-01-39 13:30:00,285.462
2021-01-39 13:40:00,285.145
2021-01-39 13:50:00,284.825
2021-01-39 14:00:00,284.504
2021-01-39 14:10:00,284.181
2021-01-39 14:20:00,283.855
2021-01-39 14:30:00,283.528
2021-01-39 14:40:00,283.199
2021-01-39 14:50:00,282.868
2021-01-39 15:00:00,282.535
2021-01-39 15:10:00,282.2
2021-01-39 15:20:00,281.863
2021-01-39 15:30:00,281.524
2021-01-39 15:40:00,281.184
2021-01-39 15:50:00,280.841
2021-01-39 16:00:00,280.496
2021-01-39 16:10:00,280.15
2021-01-39 16:20:00,279.801
2021-01-39 16:30:00,279.451
2021-01-39 16:40:00,279.099
2021-01-39 16:50:00,278.745
2021-01-39 17:00:00,278.389
2021-01-39 17:10:00,278.031
2021-01-39 17:20:00,277.671
2021-01-39 17:30:00,277.309
2021-01-39 17:40:00,276.945
2021-01-39 17:50:00,276.58
2021-01-39 18:00:00,276.212
2021-01-39 18:10:00,275.843
2021-01-39 18:20:00,275.471
2021-01-39 18:30:00,275.098
2021-01-39 18:40:00,274.723
2021-01-39 18:50:00,274.346
2021-01-39 19:00:00,273.967
2021-01-39 19:10:00,273.587
2021-01-39 19:20:00,273.204
2021-01-39 19:30:00,272.82
2021-01-39 19:40:00,272.433
2021-01-39 19:50:00,272.045
2021-01-39 20:00:00,271.655
2021-01-39 20:10:00,271.263
2021-01-39 20:20:00,270.869
2021-01-39 20:30:00,270.474
2021-01-39 20:40:00,270.076
2021-01-39 20:50:00,269.677
2021-01-39 21:00:00,269.276
2021-01-39 21:10:00,268.873
2021-01-39 21:20:00,268.468
2021-01-39 21:30:00,268.061
2021-01-39 21:40:00,267.653
2021-01-39 21:50:00,267.242
2021-01-39 22:00:00,266.83
2021-01-39 22:10:00,266.416
2021-01-39 22:20:00,266.0
2021-01-39 22:30:00,265.582
2021-01-39 22:40:00,265.163
2021-01-39 22:50:00,264.742
2021-01-39 23:00:00,264.318
2021-01-39 23:10:00,263.893
2021-01-39 23:20:00,263.467
2021-01-39 23:30:00,263.038
2021-01-39 23:40:00,262.608
2021-01-39 23:50:00,262.176
2021-01-40 00:00:00,261.742
2021-01-40 00:10:00,261.306
2021-01-40 00:20:00,260.868
2021-01-40 00:30:00,260.429
2021-01-40 00:40:00,259.988
2021-01-40 00:50:00,259.545
2021-01-40 01:00:00,259.1
2021-01-40 01:10:00,258.654
2021-01-40 01:20:00,258.206
2021-01-40 01:30:00,257.756
2021-01-40 01:40:00,257.304
2021-01-40 01:50:00,256.85
2021-01-40 02:00:00,256.395
2021-01-40 02:10:00,255.938
2021-01-40 02:20:00,255.479
2021-01-40 02:30:00,255.019
2021-01-40 02:40:00,254.556
2021-01-40 02:50:00,254.092
2021-01-40 03:00:00,253.626
2021-01-40 03:10:00,253.159
2021-01-40 03:20:00,252.69
2021-01-40 03:30:00,252.219
2021-01-40 03:40:00,251.746
2021-01-40 03:50:00,251.271
2021-01-40 04:00:00,250.795
2021-01-40 04:10:00,250.317
2021-01-40 04:20:00,249.838
2021-01-40 04:30:00,249.356
2021-01-40 04:40:00,248.873
2021-01-40 04:50:00,248.389
2021-01-40 05:00:00,247.902
2021-01-40 05:10:00,247.414
2021-01-40 05:20:00,246.924
2021-01-40 05:30:00,246.433
2021-01-40 05:40:00,245.94
2021-01-40 05:50:00,245.445
2021-01-40 06:00:00,244.948
2021-01-40 06:10:00,244.45
2021-01-40 06:20:00,243.95
2021-01-40 06:30:00,243.448
2021-01-40 06:40:00,242.945
2021-01-40 06:50:00,242.44
2021-01-40 07:00:00,241.933
2021-01-40 07:10:00,241.425
2021-01-40 07:20:00,240.915
2021-01-40 07:30:00,240.404
2021-01-40 07:40:00,239.89
2021-01-40 07:50:00,239.376
2021-01-40 08:00:00,238.859
2021-01-40 08:10:00,238.341
2021-01-40 08:20:00,237.821
2021-01-40 08:30:00,237.3
2021-01-40 08:40:00,236.777
2021-01-40 08:50:00,236.252
2021-01-40 09:00:00,235.726
2021-01-40 09:10:00,235.198
2021-01-40 09:20:00,234.668
2021-01-40 09:30:00,234.137
2021-01-40 09:40:00,233.605
2021-01-40 09:50:00,233.07
2021-01-40 10:00:00,232.534
2021-01-40 10:10:00,231.997
2021-01-40 10:20:00,231.458
2021-01-40 10:30:00,230.917
2021-01-40 10:40:00,230.375
2021-01-40 10:50:00,229.831
2021-01-40 11:00:00,229.286
2021-01-40 11:10:00,228.739
2021-01-40 11:20:00,228.19
2021-01-40 11:30:00,227.64
2021-01-40 11:40:00,227.088
2021-01-40 11:50:00,226.535
2021-01-40 12:00:00,225.98
2021-01-40 12:10:00,225.424
2021-01-40 12:20:00,224.866
2021-01-40 12:30:00,224.307
2021-01-40 12:40:00,223.746
2021-01-40 12:50:00,223.183
2021-01-40 13:00:00,222.619
2021-01-40 13:10:00,222.054
2021-01-40 13:20:00,221.487
2021-01-40 13:30:00,220.918
2021-01-40 13:40:00,220.348
2021-01-40 13:50:00,219.776
2021-01-40 14:00:00,219.203
2021-01-40 14:10:00,218.628
2021-01-40 14:20:00,218.052
2021-01-40 14:30:00,217.475
2021-01-40 14:40:00,216.896
2021-01-40 14:50:00,216.315
2021-01-40 15:00:00,215.733
2021-01-40 15:10:00,215.149
2021-01-40 15:20:00,214.564
2021-01-40 15:30:00,213.978
2021-01-40 15:40:00,213.39
2021-01-40 15:50:00,212.8
2021-01-40 16:00:00,212.21
2021-01-40 16:10:00,211.617
2021-01-40 16:20:00,211.023
2021-01-40 16:30:00,210.428
2021-01-40 16:40:00,209.832
2021-01-40 16:50:00,209.233
2021-01-40 17:00:00,208.634
2021-01-40 17:10:00,208.033
2021-01-40 17:20:00,207.43
2021-01-40 17:30:00,206.827
2021-01-40 17:40:00,206.221
2021-01-40 17:50:00,205.615
2021-01-40 18:00:00,205.007
2021-01-40 18:10:00,204.397
2021-01-40 18:20:00,203.786
2021-01-40 18:30:00,203.174
2021-01-40 18:40:00,202.56
2021-01-40 18:50:00,201.945
2021-01-40 19:00:00,201.329
2021-01-40 19:10:00,200.711
2021-01-40 19:20:00,200.092
2021-01-40 19:30:00,199.471
2021-01-40 19:40:00,198.849
2021-01-40 19:50:00,198.226
2021-01-40 20:00:00,197.601
2021-01-40 20:10:00,196.975
2021-01-40 20:20:00,196.348
2021-01-40 20:30:00,195.719
2021-01-40 20:40:00,195.089
2021-01-40 20:50:00,194.458
2021-01-40 21:00:00,193.825
2021-01-40 21:10:00,193.191
2021-01-40 21:20:00,192.556
2021-01-40 21:30:00,191.919
2021-01-40 21:40:00,191.281
2021-01-40 21:50:00,190.642
2021-01-40 22:00:00,190.001
2021-01-40 22:10:00,189.359
2021-01-40 22:20:00,188.716
2021-01-40 22:30:00,188.072
2021-01-40 22:40:00,187.426
2021-01-40 22:50:00,186.779
2021-01-40 23:00:00,186.13
2021-01-40 23:10:00,185.481
2021-01-40 23:20:00,184.83
2021-01-40 23:30:00,184.178
2021-01-40 23:40:00,183.524
2021-01-40 23:50:00,182.869
2021-01-41 00:00:00,182.213
2021-01-41 00:10:00,181.556
2021-01-41 00:20:00,180.898
2021-01-41 00:30:00,180.238
2021-01-41 00:40:00,179.577
2021-01-41 00:50:00,178.915
2021-01-41 01:00:00,178.252
2021-01-41 01:10:00,177.587
2021-01-41 01:20:00,176.921
2021-01-41 01:30:00,176.254
2021-01-41 01:40:00,175.586
2021-01-41 01:50:00,174.916
2021-01-41 02:00:00,174.246
2021-01-41 02:10:00,173.574
2021-01-41 02:20:00,172.901
2021-01-41 02:30:00,172.227
2021-01-41 02:40:00,171.551
2021-01-41 02:50:00,170.875
2021-01-41 03:00:00,170.197
2021-01-41 03:10:00,169.518
2021-01-41 03:20:00,168.838
2021-01-41 03:30:00,168.157
2021-01-41 03:40:00,167.474
2021-01-41 03:50:00,166.791
2021-01-41 04:00:00,166.106
2021-01-41 04:10:00,165.42
2021-01-41 04:20:00,164.734
2021-01-41 04:30:00,164.045
2021-01-41 04:40:00,163.356
2021-01-41 04:50:00,162.666
2021-01-41 05:00:00,161.975
2021-01-41 05:10:00,161.282
2021-01-41 05:20:00,160.588
2021-01-41 05:30:00,159.894
2021-01-41 05:40:00,159.198
2021-01-41 05:50:00,158.501
2021-01-41 06:00:00,157.803
2021-01-41 06:10:00,157.104
2021-01-41 06:20:00,156.404
2021-01-41 06:30:00,155.702
2021-01-41 06:40:00,155.0
2021-01-41 06:50:00,154.297
2021-01-41 07:00:00,153.592
2021-01-41 07:10:00,152.887
2021-01-41 07:20:00,152.18
2021-01-41 07:30:00,151.473
2021-01-41 07:40:00,150.764
2021-01-41 07:50:00,150.054
2021-01-41 08:00:00,149.344
2021-01-41 08:10:00,148.632
2021-01-41 08:20:00,147.919
2021-01-41 08:30:00,147.205
2021-01-41 08:40:00,146.491
2021-01-41 08:50:00,145.775
2021-01-41 09:00:00,145.058
2021-01-41 09:10:00,144.341
2021-01-41 09:20:00,143.622
2021-01-41 09:30:00,142.902
2021-01-41 09:40:00,142.181
2021-01-41 09:50:00,141.46
2021-01-41 10:00:00,140.737
2021-01-41 10:10:00,140.013
2021-01-41 10:20:00,139.289
2021-01-41 10:30:00,138.563
2021-01-41 10:40:00,137.837
2021-01-41 10:50:00,137.109
2021-01-41 11:00:00,136.381
2021-01-41 11:10:00,135.652
2021-01-41 11:20:00,134.922
2021-01-41 11:30:00,134.191
2021-01-41 11:40:00,133.458
2021-01-41 11:50:00,132.725
2021-01-41 12:00:00,131.992
2021-01-41 12:10:00,131.257
2021-01-41 12:20:00,130.521
2021-01-41 12:30:00,129.785
2021-01-41 12:40:00,129.047
2021-01-41 12:50:00,128.309
2021-01-41 13:00:00,127.569
2021-01-41 13:10:00,126.829
2021-01-41 13:20:00,126.088
2021-01-41 13:30:00,125.347
2021-01-41 13:40:00,124.604
2021-01-41 13:50:00,123.86
2021-01-41 14:00:00,123.116
2021-01-41 14:10:00,122.371
2021-01-41 14:20:00,121.625
2021-01-41 14:30:00,120.878
2021-01-41 14:40:00,120.13
2021-01-41 14:50:00,119.381
2021-01-41 15:00:00,118.632
2021-01-41 15:10:00,117.882
2021-01-41 15:20:00,117.131
2021-01-41 15:30:00,116.379
2021-01-41 15:40:00,115.626
2021-01-41 15:50:00,114.873
2021-01-41 16:00:00,114.119
2021-01-41 16:10:00,113.364
2021-01-41 16:20:00,112.608
2021-01-41 16:30:00,111.851
2021-01-41 16:40:00,111.094
2021-01-41 16:50:00,110.336
2021-01-41 17:00:00,109.577
2021-01-41 17:10:00,108.818
2021-01-41 17:20:00,108.057
2021-01-41 17:30:00,107.296
2021-01-41 17:40:00,106.535
2021-01-41 17:50:00,105.772
2021-01-41 18:00:00,105.009
2021-01-41 18:10:00,104.245
2021-01-41 18:20:00,103.48
2021-01-41 18:30:00,102.715
2021-01-41 18:40:00,101.949
2021-01-41 18:50:00,101.182
2021-01-41 19:00:00,100.414
2021-01-41 19:10:00,99.646
2021-01-41 19:20:00,98.877
2021-01-41 19:30:00,98.108
2021-01-41 19:40:00,97.338
2021-01-41 19:50:00,96.567
2021-01-41 20:00:00,95.795
2021-01-41 20:10:00,95.023
2021-01-41 20:20:00,94.25
2021-01-41 20:30:00,93.477
2021-01-41 20:40:00,92.703
2021-01-41 20:50:00,91.928
2021-01-41 21:00:00,91.153
2021-01-41 21:10:00,90.376
2021-01-41 21:20:00,89.6
2021-01-41 21:30:00,88.823
2021-01-41 21:40:00,88.045
2021-01-41 21:50:00,87.266
2021-01-41 22:00:00,86.487
2021-01-41 22:10:00,85.708
2021-01-41 22:20:00,84.927
2021-01-41 22:30:00,84.147
2021-01-41 22:40:00,83.365
2021-01-41 22:50:00,82.583
2021-01-41 23:00:00,81.801
2021-01-41 23:10:00,81.018
2021-01-41 23:20:00,80.234
2021-01-41 23:30:00,79.45
2021-01-41 23:40:00,78.665
2021-01-41 23:50:00,77.88
2021-01-42 00:00:00,77.094
2021-01-42 00:10:00,76.308
2021-01-42 00:20:00,75.521
2021-01-42 00:30:00,74.733
2021-01-42 00:40:00,73.945
2021-01-42 00:50:00,73.157
2021-01-42 01:00:00,72.368
2021-01-42 01:10:00,71.579
2021-01-42 01:20:00,70.789
2021-01-42 01:30:00,69.998
2021-01-42 01:40:00,69.208
2021-01-42 01:50:00,68.416
2021-01-42 02:00:00,67.624
2021-01-42 02:10:00,66.832
2021-01-42 02:20:00,66.039
2021-01-42 02:30:00,65.246
2021-01-42 02:40:00,64.453
2021-01-42 02:50:00,63.659
2021-01-42 03:00:00,62.864
2021-01-42 03:10:00,62.069
2021-01-42 03:20:00,61.274
2021-01-42 03:30:00,60.478
2021-01-42 03:40:00,59.682
2021-01-42 03:50:00,58.885
2021-01-42 04:00:00,58.088
2021-01-42 04:10:00,57.291
2021-01-42 04:20:00,56.493
2021-01-42 04:30:00,55.695
2021-01-42 04:40:00,54.896
2021-01-42 04:50:00,54.097
2021-01-42 05:00:00,53.298
2021-01-42 05:10:00,52.498
2021-01-42 05:20:00,51.698
2021-01-42 05:30:00,50.898
2021-01-42 05:40:00,50.097
2021-01-42 05:50:00,49.296
2021-01-42 06:00:00,48.495
2021-01-42 06:10:00,47.693
2021-01-42 06:20:00,46.891
2021-01-42 06:30:00,46.088
2021-01-42 06:40:00,45.286
2021-01-42 06:50:00,44.483
2021-01-42 07:00:00,43.679
2021-01-42 07:10:00,42.876
2021-01-42 07:20:00,42.072
2021-01-42 07:30:00,41.268
2021-01-42 07:40:00,40.463
2021-01-42 07:50:00,39.658
2021-01-42 08:00:00,38.853
2021-01-42 08:10:00,38.048
2021-01-42 08:20:00,37.242
2021-01-42 08:30:00,36.437
2021-01-42 08:40:00,35.631
2021-01-42 08:50:00,34.824
2021-01-42 09:00:00,34.018
2021-01-42 09:10:00,33.211
2021-01-42 09:20:00,32.404
2021-01-42 09:30:00,31.597
2021-01-42 09:40:00,30.789
2021-01-42 09:50:00,29.981
2021-01-42 10:00:00,29.174
2021-01-42 10:10:00,28.366
2021-01-42 10:20:00,27.557
2021-01-42 10:30:00,26.749
2021-01-42 10:40:00,25.94
2021-01-42 10:50:00,25.131
2021-01-42 11:00:00,24.322
2021-01-42 11:10:00,23.513
2021-01-42 11:20:00,22.704
2021-01-42 11:30:00,21.894
2021-01-42 11:40:00,21.085
2021-01-42 11:50:00,20.275
2021-01-42 12:00:00,19.465
2021-01-42 12:10:00,18.655
2021-01-42 12:20:00,17.845
2021-01-42 12:30:00,17.035
2021-01-42 12:40:00,16.224
2021-01-42 12:50:00,15.414
2021-01-42 13:00:00,14.603
2021-01-42 13:10:00,13.792
2021-01-42 13:20:00,12.981
2021-01-42 13:30:00,12.171
2021-01-42 13:40:00,11.36
2021-01-42 13:50:00,10.548
2021-01-42 14:00:00,9.737
2021-01-42 14:10:00,8.926
2021-01-42 14:20:00,8.115
2021-01-42 14:30:00,7.304
2021-01-42 14:40:00,6.492
2021-01-42 14:50:00,5.681
2021-01-42 15:00:00,4.869
2021-01-42 15:10:00,4.058
2021-01-42 15:20:00,3.246
2021-01-42 15:30:00,2.435
2021-01-42 15:40:00,1.623
2021-01-42 15:50:00,0.812
2021-01-42 16:00:00,0.0
2021-01-42 16:10:00,0.0
2021-01-42 16:20:00,0.0
2021-01-42 16:30:00,0.0
2021-01-42 16:40:00,0.0
2021-01-42 16:50:00,0.0
2021-01-42 17:00:00,0.0
2021-01-42 17:10:00,0.0
2021-01-42 17:20:00,0.0
2021-01-42 17:30:00,0.0
2021-01-42 17:40:00,0.0
2021-01-42 17:50:00,0.0
2021-01-42 18:00:00,0.0
2021-01-42 18:10:00,0.0
2021-01-42 18:20:00,0.0
2021-01-42 18:30:00,0.0
2021-01-42 18:40:00,0.0
2021-01-42 18:50:00,0.0
2021-01-42 19:00:00,0.0
2021-01-42 19:10:00,0.0
2021-01-42 19:20:00,0.0
2021-01-42 19:30:00,0.0
2021-01-42 19:40:00,0.0
2021-01-42 19:50:00,0.0
2021-01-42 20:00:00,0.0
2021-01-42 20:10:00,0.0
2021-01-42 20:20:00,0.0
2021-01-42 20:30:00,0.0
2021-01-42 20:40:00,0.0
2021-01-42 20:50:00,0.0
2021-01-42 21:00:00,0.0
2021-01-42 21:10:00,0.0
2021-01-42 21:20:00,0.0
2021-01-42 21:30:00,0.0
2021-01-42 21:40:00,0.0
2021-01-42 21:50:00,0.0
2021-01-42 22:00:00,0.0
2021-01-42 22:10:00,0.0
2021-01-42 22:20:00,0.0
2021-01-42 22:30:00,0.0
2021-01-42 22:40:00,0.0
2021-01-42 22:50:00,0.0
2021-01-42 23:00:00,0.0
2021-01-42 23:10:00,0.0
2021-01-42 23:20:00,0.0
2021-01-42 23:30:00,0.0
2021-01-42 23:40:00,0.0
2021-01-42 23:50:00,0.0
2021-01-43 00:00:00,0.0
2021-01-43 00:10:00,0.0
2021-01-43 00:20:00,0.0
2021-01-43 00:30:00,0.0
2021-01-43 00:40:00,0.0
2021-01-43 00:50:00,0.0
2021-01-43 01:00:00,0.0
2021-01-43 01:10:00,0.0
2021-01-43 01:20:00,0.0
2021-01-43 01:30:00,0.0
2021-01-43 01:40:00,0.0
2021-01-43 01:50:00,0.0
2021-01-43 02:00:00,0.0
2021-01-43 02:10:00,0.0
2021-01-43 02:20:00,0.0
2021-01-43 02:30:00,0.0
2021-01-43 02:40:00,0.0
2021-01-43 02:50:00,0.0
2021-01-43 03:00:00,0.0
2021-01-43 03:10:00,0.0
2021-01-43 03:20:00,0.0
2021-01-43 03:30:00,0.0
2021-01-43 03:40:00,0.0
2021-01-43 03:50:00,0.0
2021-01-43 04:00:00,0.0
2021-01-43 04:10:00,0.0
2021-01-43 04:20:00,0.0
2021-01-43 04:30:00,0.0
2021-01-43 04:40:00,0.0
2021-01-43 04:50:00,0.0
2021-01-43 05:00:00,0.0
2021-01-43 05:10:00,0.0
2021-01-43 05:20:00,0.0
2021-01-43 05:30:00,0.0
2021-01-43 05:40:00,0.0
2021-01-43 05:50:00,0.0
2021-01-43 06:00:00,0.0
2021-01-43 06:10:00,0.0
2021-01-43 06:20:00,0.0
2021-01-43 06:30:00,0.0
2021-01-43 06:40:00,0.0
2021-01-43 06:50:00,0.0
2021-01-43 07:00:00,0.0
2021-01-43 07:10:00,0.0
2021-01-43 07:20:00,0.0
2021-01-43 07:30:00,0.0
2021-01-43 07:40:00,0.0
2021-01-43 07:50:00,0.0
2021-01-43 08:00:00,0.0
2021-01-43 08:10:00,0.0
2021-01-43 08:20:00,0.0
2021-01-43 08:30:00,0.0
2021-01-43 08:40:00,0.0
2021-01-43 08:50:00,0.0
2021-01-43 09:00:00,0.0
2021-01-43 09:10:00,0.0
2021-01-43 09:20:00,0.0
2021-01-43 09:30:00,0.0
2021-01-43 09:40:00,0.0
2021-01-43 09:50:00,0.0
2021-01-43 10:00:00,0.0
2021-01-43 10:10:00,0.0
2021-01-43 10:20:00,0.0
2021-01-43 10:30:00,0.0
2021-01-43 10:40:00,0.0
2021-01-43 10:50:00,0.0
2021-01-43 11:00:00,0.0
2021-01-43 11:10:00,0.0
2021-01-43 11:20:00,0.0
2021-01-43 11:30:00,0.0
2021-01-43 11:40:00,0.0
2021-01-43 11:50:00,0.0
2021-01-43 12:00:00,0.0
2021-01-43 12:10:00,0.0
2021-01-43 12:20:00,0.0
2021-01-43 12:30:00,0.0
2021-01-43 12:40:00,0.0
2021-01-43 12:50:00,0.0
2021-01-43 13:00:00,0.0
2021-01-43 13:10:00,0.0
2021-01-43 13:20:00,0.0
2021-01-43 13:30:00,0.0
2021-01-43 13:40:00,0.0
2021-01-43 13:50:00,0.0
2021-01-43 14:00:00,0.0
2021-01-43 14:10:00,0.0
2021-01-43 14:20:00,0.0
2021-01-43 14:30:00,0.0
2021-01-43 14:40:00,0.0
2021-01-43 14:50:00,0.0
2021-01-43 15:00:00,0.0
2021-01-43 15:10:00,0.0
2021-01-43 15:20:00,0.0
2021-01-43 15:30:00,0.0
2021-01-43 15:40:00,0.0
2021-01-43 15:50:00,0.0
2021-01-43 16:00:00,0.0
2021-01-43 16:10:00,0.0
2021-01-43 16:20:00,0.0
2021-01-43 16:30:00,0.0
2021-01-43 16:40:00,0.0
2021-01-43 16:50:00,0.0
2021-01-43 17:00:00,0.0
2021-01-43 17:10:00,0.0
2021-01-43 17:20:00,0.0
2021-01-43 17:30:00,0.0
2021-01-43 17:40:00,0.0
2021-01-43 17:50:00,0.0
2021-01-43 18:00:00,0.0
2021-01-43 18:10:00,0.0
2021-01-43 18:20:00,0.0
2021-01-43 18:30:00,0.0
2021-01-43 18:40:00,0.0
2021-01-43 18:50:00,0.0
2021-01-43 19:00:00,0.0
2021-01-43 19:10:00,0.0
2021-01-43 19:20:00,0.0
2021-01-43 19:30:00,0.0
2021-01-43 19:40:00,0.0
2021-01-43 19:50:00,0.0
2021-01-43 20:00:00,0.0
2021-01-43 20:10:00,0.0
2021-01-43 20:20:00,0.0
2021-01-43 20:30:00,0.0
2021-01-43 20:40:00,0.0
2021-01-43 20:50:00,0.0
2021-01-43 21:00:00,0.0
2021-01-43 21:10:00,0.0
2021-01-43 21:20:00,0.0
2021-01-43 21:30:00,0.0
2021-01-43 21:40:00,0.0
2021-01-43 21:50:00,0.0
2021-01-43 22:00:00,0.0
2021-01-43 22:10:00,0.0
2021-01-43 22:20:00,0.0
2021-01-43 22:30:00,0.0
2021-01-43 22:40:00,0.0
2021-01-43 22:50:00,0.0
2021-01-43 23:00:00,0.0
2021-01-43 23:10:00,0.0
2021-01-43 23:20:00,0.0
2021-01-43 23:30:00,0.0
2021-01-43 23:40:00,0.0
2021-01-43 23:50:00,0.0
2021-01-44 00:00:00,0.0
2021-01-44 00:10:00,0.0
2021-01-44 00:20:00,0.0
2021-01-44 00:30:00,0.0
2021-01-44 00:40:00,0.0
2021-01-44 00:50:00,0.0
2021-01-44 01:00:00,0.0
2021-01-44 01:10:00,0.0
2021-01-44 01:20:00,0.0
2021-01-44 01:30:00,0.0
2021-01-44 01:40:00,0.0
2021-01-44 01:50:00,0.0
2021-01-44 02:00:00,0.0
2021-01-44 02:10:00,0.0
2021-01-44 02:20:00,0.0
2021-01-44 02:30:00,0.0
2021-01-44 02:40:00,0.0
2021-01-44 02:50:00,0.0
2021-01-44 03:00:00,0.0
2021-01-44 03:10:00,0.0
2021-01-44 03:20:00,0.0
2021-01-44 03:30:00,0.0
2021-01-44 03:40:00,0.0
2021-01-44 03:50:00,0.0
2021-01-44 04:00:00,0.0
2021-01-44 04:10:00,0.0
2021-01-44 04:20:00,0.0
2021-01-44 04:30:00,0.0
2021-01-44 04:40:00,0.0
2021-01-44 04:50:00,0.0
2021-01-44 05:00:00,0.0
2021-01-44 05:10:00,0.0
2021-01-44 05:20:00,0.0
2021-01-44 05:30:00,0.0
2021-01-44 05:40:00,0.0
2021-01-44 05:50:00,0.0
2021-01-44 06:00:00,0.0
2021-01-44 06:10:00,0.0
2021-01-44 06:20:00,0.0
2021-01-44 06:30:00,0.0
2021-01-44 06:40:00,0.0
2021-01-44 06:50:00,0.0
2021-01-44 07:00:00,0.0
2021-01-44 07:10:00,0.0
2021-01-44 07:20:00,0.0
2021-01-44 07:30:00,0.0
2021-01-44 07:40:00,0.0
2021-01-44 07:50:00,0.0
2021-01-44 08:00:00,0.0
2021-01-44 08:10:00,0.0
2021-01-44 08:20:00,0.0
2021-01-44 08:30:00,0.0
2021-01-44 08:40:00,0.0
2021-01-44 08:50:00,0.0
2021-01-44 09:00:00,0.0
2021-01-44 09:10:00,0.0
2021-01-44 09:20:00,0.0
2021-01-44 09:30:00,0.0
2021-01-44 09:40:00,0.0
2021-01-44 09:50:00,0.0
2021-01-44 10:00:00,0.0
2021-01-44 10:10:00,0.0
2021-01-44 10:20:00,0.0
2021-01-44 10:30:00,0.0
2021-01-44 10:40:00,0.0
2021-01-44 10:50:00,0.0
2021-01-44 11:00:00,0.0
2021-01-44 11:10:00,0.0
2021-01-44 11:20:00,0.0
2021-01-44 11:30:00,0.0
2021-01-44 11:40:00,0.0
2021-01-44 11:50:00,0.0
2021-01-44 12:00:00,0.0
2021-01-44 12:10:00,0.0
2021-01-44 12:20:00,0.0
2021-01-44 12:30:00,0.0
2021-01-44 12:40:00,0.0
2021-01-44 12:50:00,0.0
2021-01-44 13:00:00,0.0
2021-01-44 13:10:00,0.0
2021-01-44 13:20:00,0.0
2021-01-44 13:30:00,0.0
2021-01-44 13:40:00,0.0
2021-01-44 13:50:00,0.0
2021-01-44 14:00:00,0.0
2021-01-44 14:10:00,0.0
2021-01-44 14:20:00,0.0
2021-01-44 14:30:00,0.0
2021-01-44 14:40:00,0.0
2021-01-44 14:50:00,0.0
2021-01-44 15:00:00,0.0
2021-01-44 15:10:00,0.0
2021-01-44 15:20:00,0.0
2021-01-44 15:30:00,0.0
2021-01-44 15:40:00,0.0
2021-01-44 15:50:00,0.0
2021-01-44 16:00:00,0.0
2021-01-44 16:10:00,0.0
2021-01-44 16:20:00,0.0
2021-01-44 16:30:00,0.0
2021-01-44 16:40:00,0.0
2021-01-44 16:50:00,0.0
2021-01-44 17:00:00,0.0
2021-01-44 17:10:00,0.0
2021-01-44 17:20:00,0.0
2021-01-44 17:30:00,0.0
2021-01-44 17:40:00,0.0
2021-01-44 17:50:00,0.0
2021-01-44 18:00:00,0.0
2021-01-44 18:10:00,0.0
2021-01-44 18:20:00,0.0
2021-01-44 18:30:00,0.0
2021-01-44 18:40:00,0.0
2021-01-44 18:50:00,0.0
2021-01-44 19:00:00,0.0
2021-01-44 19:10:00,0.0
2021-01-44 19:20:00,0.0
2021-01-44 19:30:00,0.0
2021-01-44 19:40:00,0.0
2021-01-44 19:50:00,0.0
2021-01-44 20:00:00,0.0
2021-01-44 20:10:00,0.0
2021-01-44 20:20:00,0.0
2021-01-44 20:30:00,0.0
2021-01-44 20:40:00,0.0
2021-01-44 20:50:00,0.0
2021-01-44 21:00:00,0.0
2021-01-44 21:10:00,0.0
2021-01-44 21:20:00,0.0
2021-01-44 21:30:00,0.0
2021-01-44 21:40:00,0.0
2021-01-44 21:50:00,0.0
2021-01-44 22:00:00,0.0
2021-01-44 22:10:00,0.0
2021-01-44 22:20:00,0.0
2021-01-44 22:30:00,0.0
2021-01-44 22:40:00,0.0
2021-01-44 22:50:00,0.0
2021-01-44 23:00:00,0.0
2021-01-44 23:10:00,0.0
2021-01-44 23:20:00,0.0
2021-01-44 23:30:00,0.0
2021-01-44 23:40:00,0.0
2021-01-44 23:50:00,0.0
2021-01-45 00:00:00,0.0
2021-01-45 00:10:00,0.0
2021-01-45 00:20:00,0.0
2021-01-45 00:30:00,0.0
2021-01-45 00:40:00,0.0
2021-01-45 00:50:00,0.0
2021-01-45 01:00:00,0.0
2021-01-45 01:10:00,0.0
2021-01-45 01:20:00,0.0
2021-01-45 01:30:00,0.0
2021-01-45 01:40:00,0.0
2021-01-45 01:50:00,0.0
2021-01-45 02:00:00,0.0
2021-01-45 02:10:00,0.0
2021-01-45 02:20:00,0.0
2021-01-45 02:30:00,0.0
2021-01-45 02:40:00,0.0
2021-01-45 02:50:00,0.0
2021-01-45 03:00:00,0.0
2021-01-45 03:10:00,0.0
2021-01-45 03:20:00,0.0
2021-01-45 03:30:00,0.0
2021-01-45 03:40:00,0.0
2021-01-45 03:50:00,0.0
2021-01-45 04:00:00,0.0
2021-01-45 04:10:00,0.0
2021-01-45 04:20:00,0.0
2021-01-45 04:30:00,0.0
2021-01-45 04:40:00,0.0
2021-01-45 04:50:00,0.0
2021-01-45 05:00:00,0.0
2021-01-45 05:10:00,0.0
2021-01-45 05:20:00,0.0
2021-01-45 05:30:00,0.0
2021-01-45 05:40:00,0.0
2021-01-45 05:50:00,0.0
2021-01-45 06:00:00,0.0
2021-01-45 06:10:00,0.0
2021-01-45 06:20:00,0.0
2021-01-45 06:30:00,0.0
2021-01-45 06:40:00,0.0
2021-01-45 06:50:00,0.0
2021-01-45 07:00:00,0.0
2021-01-45 07:10:00,0.0
2021-01-45 07:20:00,0.0
2021-01-45 07:30:00,0.0
2021-01-45 07:40:00,0.0
2021-01-45 07:50:00,0.0
2021-01-45 08:00:00,0.0
2021-01-45 08:10:00,0.0
2021-01-45 08:20:00,0.0
2021-01-45 08:30:00,0.0
2021-01-45 08:40:00,0.0
2021-01-45 08:50:00,0.0
2021-01-45 09:00:00,0.0
2021-01-45 09:10:00,0.0
2021-01-45 09:20:00,0.0
2021-01-45 09:30:00,0.0
2021-01-45 09:40:00,0.0
2021-01-45 09:50:00,0.0
2021-01-45 10:00:00,0.0
2021-01-45 10:10:00,0.0
2021-01-45 10:20:00,0.0
2021-01-45 10:30:00,0.0
2021-01-45 10:40:00,0.0
2021-01-45 10:50:00,0.0
2021-01-45 11:00:00,0.0
2021-01-45 11:10:00,0.0
2021-01-45 11:20:00,0.0
2021-01-45 11:30:00,0.0
2021-01-45 11:40:00,0.0
2021-01-45 11:50:00,0.0
2021-01-45 12:00:00,0.0
2021-01-45 12:10:00,0.0
2021-01-45 12:20:00,0.0
2021-01-45 12:30:00,0.0
2021-01-45 12:40:00,0.0
2021-01-45 12:50:00,0.0
2021-01-45 13:00:00,0.0
2021-01-45 13:10:00,0.0
2021-01-45 13:20:00,0.0
2021-01-45 13:30:00,0.0
2021-01-45 13:40:00,0.0
2021-01-45 13:50:00,0.0
2021-01-45 14:00:00,0.0
2021-01-45 14:10:00,0.0
2021-01-45 14:20:00,0.0
2021-01-45 14:30:00,0.0
2021-01-45 14:40:00,0.0
2021-01-45 14:50:00,0.0
2021-01-45 15:00:00,0.0
2021-01-45 15:10:00,0.0
2021-01-45 15:20:00,0.0
2021-01-45 15:30:00,0.0
2021-01-45 15:40:00,0.0
2021-01-45 15:50:00,0.0
2021-01-45 16:00:00,0.0
2021-01-45 16:10:00,0.0
2021-01-45 16:20:00,0.0
2021-01-45 16:30:00,0.0
2021-01-45 16:40:00,0.0
2021-01-45 16:50:00,0.0
2021-01-45 17:00:00,0.0
2021-01-45 17:10:00,0.0
2021-01-45 17:20:00,0.0
2021-01-45 17:30:00,0.0
2021-01-45 17:40:00,0.0
2021-01-45 17:50:00,0.0
2021-01-45 18:00:00,0.0
2021-01-45 18:10:00,0.0
2021-01-45 18:20:00,0.0
2021-01-45 18:30:00,0.0
2021-01-45 18:40:00,0.0
2021-01-45 18:50:00,0.0
2021-01-45 19:00:00,0.0
2021-01-45 19:10:00,0.0
2021-01-45 19:20:00,0.0
2021-01-45 19:30:00,0.0
2021-01-45 19:40:00,0.0
2021-01-45 19:50:00,0.0
2021-01-45 20:00:00,0.0
2021-01-45 20:10:00,0.0
2021-01-45 20:20:00,0.0
2021-01-45 20:30:00,0.0
2021-01-45 20:40:00,0.0
2021-01-45 20:50:00,0.0
2021-01-45 21:00:00,0.0
2021-01-45 21:10:00,0.0
2021-01-45 21:20:00,0.0
2021-01-45 21:30:00,0.0
2021-01-45 21:40:00,0.0
2021-01-45 21:50:00,0.0
2021-01-45 22:00:00,0.0
2021-01-45 22:10:00,0.0
2021-01-45 22:20:00,0.0
2021-01-45 22:30:00,0.0
2021-01-45 22:40:00,0.0
2021-01-45 22:50:00,0.0
2021-01-45 23:00:00,0.0
2021-01-45 23:10:00,0.0
2021-01-45 23:20:00,0.0
2021-01-45 23:30:00,0.0
2021-01-45 23:40:00,0.0
2021-01-45 23:50:00,0.0
2021-01-46 00:00:00,0.0
2021-01-46 00:10:00,0.0
2021-01-46 00:20:00,0.0
2021-01-46 00:30:00,0.0
2021-01-46 00:40:00,0.0
2021-01-46 00:50:00,0.0
2021-01-46 01:00:00,0.0
2021-01-46 01:10:00,0.0
2021-01-46 01:20:00,0.0
2021-01-46 01:30:00,0.0
2021-01-46 01:40:00,0.0
2021-01-46 01:50:00,0.0
2021-01-46 02:00:00,0.0
2021-01-46 02:10:00,0.0
2021-01-46 02:20:00,0.0
2021-01-46 02:30:00,0.0
2021-01-46 02:40:00,0.0
2021-01-46 02:50:00,0.0
2021-01-46 03:00:00,0.0
2021-01-46 03:10:00,0.0
2021-01-46 03:20:00,0.0
2021-01-46 03:30:00,0.0
2021-01-46 03:40:00,0.0
2021-01-46 03:50:00,0.0
2021-01-46 04:00:00,0.0
2021-01-46 04:10:00,0.0
2021-01-46 04:20:00,0.0
2021-01-46 04:30:00,0.0
2021-01-46 04:40:00,0.0
2021-01-46 04:50:00,0.0
2021-01-46 05:00:00,0.0
2021-01-46 05:10:00,0.0
2021-01-46 05:20:00,0.0
2021-01-46 05:30:00,0.0
2021-01-46 05:40:00,0.0
2021-01-46 05:50:00,0.0
2021-01-46 06:00:00,0.0
2021-01-46 06:10:00,0.0
2021-01-46 06:20:00,0.0
2021-01-46 06:30:00,0.0
2021-01-46 06:40:00,0.0
2021-01-46 06:50:00,0.0
2021-01-46 07:00:00,0.0
2021-01-46 07:10:00,0.0
2021-01-46 07:20:00,0.0
2021-01-46 07:30:00,0.0
2021-01-46 07:40:00,0.0
2021-01-46 07:50:00,0.0
2021-01-46 08:00:00,0.0
2021-01-46 08:10:00,0.0
2021-01-46 08:20:00,0.0
2021-01-46 08:30:00,0.0
2021-01-46 08:40:00,0.0
2021-01-46 08:50:00,0.0
2021-01-46 09:00:00,0.0
2021-01-46 09:10:00,0.0
2021-01-46 09:20:00,0.0
2021-01-46 09:30:00,0.0
2021-01-46 09:40:00,0.0
2021-01-46 09:50:00,0.0
2021-01-46 10:00:00,0.0
2021-01-46 10:10:00,0.0
2021-01-46 10:20:00,0.0
2021-01-46 10:30:00,0.0
2021-01-46 10:40:00,0.0
2021-01-46 10:50:00,0.0
2021-01-46 11:00:00,0.0
2021-01-46 11:10:00,0.0
2021-01-46 11:20:00,0.0
2021-01-46 11:30:00,0.0
2021-01-46 11:40:00,0.0
2021-01-46 11:50:00,0.0
2021-01-46 12:00:00,0.0
2021-01-46 12:10:00,0.0
2021-01-46 12:20:00,0.0
2021-01-46 12:30:00,0.0
2021-01-46 12:40:00,0.0
2021-01-46 12:50:00,0.0
2021-01-46 13:00:00,0.0
2021-01-46 13:10:00,0.0
2021-01-46 13:20:00,0.0
2021-01-46 13:30:00,0.0
2021-01-46 13:40:00,0.0
2021-01-46 13:50:00,0.0
2021-01-46 14:00:00,0.0
2021-01-46 14:10:00,0.0
2021-01-46 14:20:00,0.0
2021-01-46 14:30:00,0.0
2021-01-46 14:40:00,0.0
2021-01-46 14:50:00,0.0
2021-01-46 15:00:00,0.0
2021-01-46 15:10:00,0.0
2021-01-46 15:20:00,0.0
2021-01-46 15:30:00,0.0
2021-01-46 15:40:00,0.0
2021-01-46 15:50:00,0.0
2021-01-46 16:00:00,0.0
2021-01-46 16:10:00,0.0
2021-01-46 16:20:00,0.0
2021-01-46 16:30:00,0.0
2021-01-46 16:40:00,0.0
2021-01-46 16:50:00,0.0
2021-01-46 17:00:00,0.0
2021-01-46 17:10:00,0.0
2021-01-46 17:20:00,0.0
2021-01-46 17:30:00,0.0
2021-01-46 17:40:00,0.0
2021-01-46 17:50:00,0.0
2021-01-46 18:00:00,0.0
2021-01-46 18:10:00,0.0
2021-01-46 18:20:00,0.0
2021-01-46 18:30:00,0.0
2021-01-46 18:40:00,0.0
2021-01-46 18:50:00,0.0
2021-01-46 19:00:00,0.0
2021-01-46 19:10:00,0.0
2021-01-46 19:20:00,0.0
2021-01-46 19:30:00,0.0
2021-01-46 19:40:00,0.0
2021-01-46 19:50:00,0.0
2021-01-46 20:00:00,0.0
2021-01-46 20:10:00,0.0
2021-01-46 20:20:00,0.0
2021-01-46 20:30:00,0.0
2021-01-46 20:40:00,0.0
2021-01-46 20:50:00,0.0
2021-01-46 21:00:00,0.0
2021-01-46 21:10:00,0.0
2021-01-46 21:20:00,0.0
2021-01-46 21:30:00,0.0
2021-01-46 21:40:00,0.0
2021-01-46 21:50:00,0.0
2021-01-46 22:00:00,0.0
2021-01-46 22:10:00,0.0
2021-01-46 22:20:00,0.0
2021-01-46 22:30:00,0.0
2021-01-46 22:40:00,0.0
2021-01-46 22:50:00,0.0
2021-01-46 23:00:00,0.0
2021-01-46 23:10:00,0.0
2021-01-46 23:20:00,0.0
2021-01-46 23:30:00,0.0
2021-01-46 23:40:00,0.0
2021-01-46 23:50:00,0.0
2021-01-47 00:00:00,0.0
2021-01-47 00:10:00,0.0
2021-01-47 00:20:00,0.0
2021-01-47 00:30:00,0.0
2021-01-47 00:40:00,0.0
2021-01-47 00:50:00,0.0
2021-01-47 01:00:00,0.0
2021-01-47 01:10:00,0.0
2021-01-47 01:20:00,0.0
2021-01-47 01:30:00,0.0
2021-01-47 01:40:00,0.0
2021-01-47 01:50:00,0.0
2021-01-47 02:00:00,0.0
2021-01-47 02:10:00,0.0
2021-01-47 02:20:00,0.0
2021-01-47 02:30:00,0.0
2021-01-47 02:40:00,0.0
2021-01-47 02:50:00,0.0
2021-01-47 03:00:00,0.0
2021-01-47 03:10:00,0.0
2021-01-47 03:20:00,0.0
2021-01-47 03:30:00,0.0
2021-01-47 03:40:00,0.0
2021-01-47 03:50:00,0.0
2021-01-47 04:00:00,0.0
2021-01-47 04:10:00,0.0
2021-01-47 04:20:00,0.0
2021-01-47 04:30:00,0.0
2021-01-47 04:40:00,0.0
2021-01-47 04:50:00,0.0
2021-01-47 05:00:00,0.0
2021-01-47 05:10:00,0.0
2021-01-47 05:20:00,0.0
2021-01-47 05:30:00,0.0
2021-01-47 05:40:00,0.0
2021-01-47 05:50:00,0.0
2021-01-47 06:00:00,0.0
2021-01-47 06:10:00,0.0
2021-01-47 06:20:00,0.0
2021-01-47 06:30:00,0.0
2021-01-47 06:40:00,0.0
2021-01-47 06:50:00,0.0
2021-01-47 07:00:00,0.0
2021-01-47 07:10:00,0.0
2021-01-47 07:20:00,0.0
2021-01-47 07:30:00,0.0
2021-01-47 07:40:00,0.0
2021-01-47 07:50:00,0.0
2021-01-47 08:00:00,0.0
2021-01-47 08:10:00,0.0
2021-01-47 08:20:00,0.0
2021-01-47 08:30:00,0.0
2021-01-47 08:40:00,0.0
2021-01-47 08:50:00,0.0
2021-01-47 09:00:00,0.0
2021-01-47 09:10:00,0.0
2021-01-47 09:20:00,0.0
2021-01-47 09:30:00,0.0
2021-01-47 09:40:00,0.0
2021-01-47 09:50:00,0.0
2021-01-47 10:00:00,0.0
2021-01-47 10:10:00,0.0
2021-01-47 10:20:00,0.0
2021-01-47 10:30:00,0.0
2021-01-47 10:40:00,0.0
2021-01-47 10:50:00,0.0
2021-01-47 11:00:00,0.0
2021-01-47 11:10:00,0.0
2021-01-47 11:20:00,0.0
2021-01-47 11:30:00,0.0
2021-01-47 11:40:00,0.0
2021-01-47 11:50:00,0.0
2021-01-47 12:00:00,0.0
2021-01-47 12:10:00,0.0
2021-01-47 12:20:00,0.0
2021-01-47 12:30:00,0.0
2021-01-47 12:40:00,0.0
2021-01-47 12:50:00,0.0
2021-01-47 13:00:00,0.0
2021-01-47 13:10:00,0.0
2021-01-47 13:20:00,0.0
2021-01-47 13:30:00,0.0
2021-01-47 13:40:00,0.0
2021-01-47 13:50:00,0.0
2021-01-47 14:00:00,0.0
2021-01-47 14:10:00,0.0
2021-01-47 14:20:00,0.0
2021-01-47 14:30:00,0.0
2021-01-47 14:40:00,0.0
2021-01-47 14:50:00,0.0
2021-01-47 15:00:00,0.0
2021-01-47 15:10:00,0.0
2021-01-47 15:20:00,0.0
2021-01-47 15:30:00,0.0
2021-01-47 15:40:00,0.0
2021-01-47 15:50:00,0.0
2021-01-47 16:00:00,0.0
2021-01-47 16:10:00,0.0
2021-01-47 16:20:00,0.0
2021-01-47 16:30:00,0.0
2021-01-47 16:40:00,0.0
2021-01-47 16:50:00,0.0
2021-01-47 17:00:00,0.0
2021-01-47 17:10:00,0.0
2021-01-47 17:20:00,0.0
2021-01-47 17:30:00,0.0
2021-01-47 17:40:00,0.0
2021-01-47 17:50:00,0.0
2021-01-47 18:00:00,0.0
2021-01-47 18:10:00,0.0
2021-01-47 18:20:00,0.0
2021-01-47 18:30:00,0.0
2021-01-47 18:40:00,0.0
2021-01-47 18:50:00,0.0
2021-01-47 19:00:00,0.0
2021-01-47 19:10:00,0.0
2021-01-47 19:20:00,0.0
2021-01-47 19:30:00,0.0
2021-01-47 19:40:00,0.0
2021-01-47 19:50:00,0.0
2021-01-47 20:00:00,0.0
2021-01-47 20:10:00,0.0
2021-01-47 20:20:00,0.0
2021-01-47 20:30:00,0.0
2021-01-47 20:40:00,0.0
2021-01-47 20:50:00,0.0
2021-01-47 21:00:00,0.0
2021-01-47 21:10:00,0.0
2021-01-47 21:20:00,0.0
2021-01-47 21:30:00,0.0
2021-01-47 21:40:00,0.0
2021-01-47 21:50:00,0.0
2021-01-47 22:00:00,0.0
2021-01-47 22:10:00,0.0
2021-01-47 22:20:00,0.0
2021-01-47 22:30:00,0.0
2021-01-47 22:40:00,0.0
2021-01-47 22:50:00,0.0
2021-01-47 23:00:00,0.0
2021-01-47 23:10:00,0.0
2021-01-47 23:20:00,0.0
2021-01-47 23:30:00,0.0
2021-01-47 23:40:00,0.0
2021-01-47 23:50:00,0.0
2021-01-48 00:00:00,0.0
2021-01-48 00:10:00,0.0
2021-01-48 00:20:00,0.0
2021-01-48 00:30:00,0.0
2021-01-48 00:40:00,0.0
2021-01-48 00:50:00,0.0
2021-01-48 01:00:00,0.0
2021-01-48 01:10:00,0.0
2021-01-48 01:20:00,0.0
2021-01-48 01:30:00,0.0
2021-01-48 01:40:00,0.0
2021-01-48 01:50:00,0.0
2021-01-48 02:00:00,0.0
2021-01-48 02:10:00,0.0
2021-01-48 02:20:00,0.0
2021-01-48 02:30:00,0.0
2021-01-48 02:40:00,0.0
2021-01-48 02:50:00,0.0
2021-01-48 03:00:00,0.0
2021-01-48 03:10:00,0.0
2021-01-48 03:20:00,0.0
2021-01-48 03:30:00,0.0
2021-01-48 03:40:00,0.0
2021-01-48 03:50:00,0.0
2021-01-48 04:00:00,0.0
2021-01-48 04:10:00,0.0
2021-01-48 04:20:00,0.0
2021-01-48 04:30:00,0.0
2021-01-48 04:40:00,0.0
2021-01-48 04:50:00,0.0
2021-01-48 05:00:00,0.0
2021-01-48 05:10:00,0.0
2021-01-48 05:20:00,0.0
2021-01-48 05:30:00,0.0
2021-01-48 05:40:00,0.0
2021-01-48 05:50:00,0.0
2021-01-48 06:00:00,0.0
2021-01-48 06:10:00,0.0
2021-01-48 06:20:00,0.0
2021-01-48 06:30:00,0.0
2021-01-48 06:40:00,0.0
2021-01-48 06:50:00,0.0
2021-01-48 07:00:00,0.0
2021-01-48 07:10:00,0.0
2021-01-48 07:20:00,0.0
2021-01-48 07:30:00,0.0
2021-01-48 07:40:00,0.0
2021-01-48 07:50:00,0.0
2021-01-48 08:00:00,0.0
2021-01-48 08:10:00,0.0
2021-01-48 08:20:00,0.0
2021-01-48 08:30:00,0.0
2021-01-48 08:40:00,0.0
2021-01-48 08:50:00,0.0
2021-01-48 09:00:00,0.0
2021-01-48 09:10:00,0.0
2021-01-48 09:20:00,0.0
2021-01-48 09:30:00,0.0
2021-01-48 09:40:00,0.0
2021-01-48 09:50:00,0.0
2021-01-48 10:00:00,0.0
2021-01-48 10:10:00,0.0
2021-01-48 10:20:00,0.0
2021-01-48 10:30:00,0.0
2021-01-48 10:40:00,0.0
2021-01-48 10:50:00,0.0
2021-01-48 11:00:00,0.0
2021-01-48 11:10:00,0.0
2021-01-48 11:20:00,0.0
2021-01-48 11:30:00,0.0
2021-01-48 11:40:00,0.0
2021-01-48 11:50:00,0.0
2021-01-48 12:00:00,0.0
2021-01-48 12:10:00,0.0
2021-01-48 12:20:00,0.0
2021-01-48 12:30:00,0.0
2021-01-48 12:40:00,0.0
2021-01-48 12:50:00,0.0
2021-01-48 13:00:00,0.0
2021-01-48 13:10:00,0.0
2021-01-48 13:20:00,0.0
2021-01-48 13:30:00,0.0
2021-01-48 13:40:00,0.0
2021-01-48 13:50:00,0.0
2021-01-48 14:00:00,0.0
2021-01-48 14:10:00,0.0
2021-01-48 14:20:00,0.0
2021-01-48 14:30:00,0.0
2021-01-48 14:40:00,0.0
2021-01-48 14:50:00,0.0
2021-01-48 15:00:00,0.0
2021-01-48 15:10:00,0.0
2021-01-48 15:20:00,0.0
2021-01-48 15:30:00,0.0
2021-01-48 15:40:00,0.0
2021-01-48 15:50:00,0.0
2021-01-48 16:00:00,0.0
2021-01-48 16:10:00,0.0
2021-01-48 16:20:00,0.0
2021-01-48 16:30:00,0.0
2021-01-48 16:40:00,0.0
2021-01-48 16:50:00,0.0
2021-01-48 17:00:00,0.0
2021-01-48 17:10:00,0.0
2021-01-48 17:20:00,0.0
2021-01-48 17:30:00,0.0
2021-01-48 17:40:00,0.0
2021-01-48 17:50:00,0.0
2021-01-48 18:00:00,0.0
2021-01-48 18:10:00,0.0
2021-01-48 18:20:00,0.0
2021-01-48 18:30:00,0.0
2021-01-48 18:40:00,0.0
2021-01-48 18:50:00,0.0
2021-01-48 19:00:00,0.0
2021-01-48 19:10:00,0.0
2021-01-48 19:20:00,0.0
2021-01-48 19:30:00,0.0
2021-01-48 19:40:00,0.0
2021-01-48 19:50:00,0.0
2021-01-48 20:00:00,0.0
2021-01-48 20:10:00,0.0
2021-01-48 20:20:00,0.0
2021-01-48 20:30:00,0.0
2021-01-48 20:40:00,0.0
2021-01-48 20:50:00,0.0
2021-01-48 21:00:00,0.0
2021-01-48 21:10:00,0.0
2021-01-48 21:20:00,0.0
2021-01-48 21:30:00,0.0
2021-01-48 21:40:00,0.0
2021-01-48 21:50:00,0.0
2021-01-48 22:00:00,0.0
2021-01-48 22:10:00,0.0
2021-01-48 22:20:00,0.0
2021-01-48 22:30:00,0.0
2021-01-48 22:40:00,0.0
2021-01-48 22:50:00,0.0
2021-01-48 23:00:00,0.0
2021-01-48 23:10:00,0.0
2021-01-48 23:20:00,0.0
2021-01-48 23:30:00,0.0
2021-01-48 23:40:00,0.0
2021-01-48 23:50:00,0.0
2021-01-49 00:00:00,0.0
2021-01-49 00:10:00,0.0
2021-01-49 00:20:00,0.0
2021-01-49 00:30:00,0.0
2021-01-49 00:40:00,0.0
2021-01-49 00:50:00,0.0
2021-01-49 01:00:00,0.0
2021-01-49 01:10:00,0.0
2021-01-49 01:20:00,0.0
2021-01-49 01:30:00,0.0
2021-01-49 01:40:00,0.0
2021-01-49 01:50:00,0.0
2021-01-49 02:00:00,0.0
2021-01-49 02:10:00,0.0
2021-01-49 02:20:00,0.0
2021-01-49 02:30:00,0.0
2021-01-49 02:40:00,0.0
2021-01-49 02:50:00,0.0
2021-01-49 03:00:00,0.0
2021-01-49 03:10:00,0.0
2021-01-49 03:20:00,0.0
2021-01-49 03:30:00,0.0
2021-01-49 03:40:00,0.0
2021-01-49 03:50:00,0.0
2021-01-49 04:00:00,0.0
2021-01-49 04:10:00,0.0
2021-01-49 04:20:00,0.0
2021-01-49 04:30:00,0.0
2021-01-49 04:40:00,0.0
2021-01-49 04:50:00,0.0
2021-01-49 05:00:00,0.0
2021-01-49 05:10:00,0.0
2021-01-49 05:20:00,0.0
2021-01-49 05:30:00,0.0
2021-01-49 05:40:00,0.0
2021-01-49 05:50:00,0.0
2021-01-49 06:00:00,0.0
2021-01-49 06:10:00,0.0
2021-01-49 06:20:00,0.0
2021-01-49 06:30:00,0.0
2021-01-49 06:40:00,0.0
2021-01-49 06:50:00,0.0
2021-01-49 07:00:00,0.0
2021-01-49 07:10:00,0.0
2021-01-49 07:20:00,0.0
2021-01-49 07:30:00,0.0
2021-01-49 07:40:00,0.0
2021-01-49 07:50:00,0.0
2021-01-49 08:00:00,0.0
2021-01-49 08:10:00,0.0
2021-01-49 08:20:00,0.0
2021-01-49 08:30:00,0.0
2021-01-49 08:40:00,0.0
2021-01-49 08:50:00,0.0
2021-01-49 09:00:00,0.0
2021-01-49 09:10:00,0.0
2021-01-49 09:20:00,0.0
2021-01-49 09:30:00,0.0
2021-01-49 09:40:00,0.0
2021-01-49 09:50:00,0.0
2021-01-49 10:00:00,0.0
2021-01-49 10:10:00,0.0
2021-01-49 10:20:00,0.0
2021-01-49 10:30:00,0.0
2021-01-49 10:40:00,0.0
2021-01-49 10:50:00,0.0
2021-01-49 11:00:00,0.0
2021-01-49 11:10:00,0.0
2021-01-49 11:20:00,0.0
2021-01-49 11:30:00,0.0
2021-01-49 11:40:00,0.0
2021-01-49 11:50:00,0.0
2021-01-49 12:00:00,0.0
2021-01-49 12:10:00,0.0
2021-01-49 12:20:00,0.0
2021-01-49 12:30:00,0.0
2021-01-49 12:40:00,0.0
2021-01-49 12:50:00,0.0
2021-01-49 13:00:00,0.0
2021-01-49 13:10:00,0.0
2021-01-49 13:20:00,0.0
2021-01-49 13:30:00,0.0
2021-01-49 13:40:00,0.0
2021-01-49 13:50:00,0.0
2021-01-49 14:00:00,0.0
2021-01-49 14:10:00,0.0
2021-01-49 14:20:00,0.0
2021-01-49 14:30:00,0.0
2021-01-49 14:40:00,0.0
2021-01-49 14:50:00,0.0
2021-01-49 15:00:00,0.0
2021-01-49 15:10:00,0.0
2021-01-49 15:20:00,0.0
2021-01-49 15:30:00,0.0
2021-01-49 15:40:00,0.0
2021-01-49 15:50:00,0.0
2021-01-49 16:00:00,0.0
2021-01-49 16:10:00,0.0
2021-01-49 16:20:00,0.0
2021-01-49 16:30:00,0.0
2021-01-49 16:40:00,0.0
2021-01-49 16:50:00,0.0
2021-01-49 17:00:00,0.0
2021-01-49 17:10:00,0.0
2021-01-49 17:20:00,0.0
2021-01-49 17:30:00,0.0
2021-01-49 17:40:00,0.0
2021-01-49 17:50:00,0.0
2021-01-49 18:00:00,0.0
2021-01-49 18:10:00,0.0
2021-01-49 18:20:00,0.0
2021-01-49 18:30:00,0.0
2021-01-49 18:40:00,0.0
2021-01-49 18:50:00,0.0
2021-01-49 19:00:00,0.0
2021-01-49 19:10:00,0.0
2021-01-49 19:20:00,0.0
2021-01-49 19:30:00,0.0
2021-01-49 19:40:00,0.0
2021-01-49 19:50:00,0.0
2021-01-49 20:00:00,0.0
2021-01-49 20:10:00,0.0
2021-01-49 20:20:00,0.0
2021-01-49 20:30:00,0.0
2021-01-49 20:40:00,0.0
2021-01-49 20:50:00,0.0
2021-01-49 21:00:00,0.0
2021-01-49 21:10:00,0.0
2021-01-49 21:20:00,0.0
2021-01-49 21:30:00,0.0
2021-01-49 21:40:00,0.0
2021-01-49 21:50:00,0.0
2021-01-49 22:00:00,0.0
2021-01-49 22:10:00,0.0
2021-01-49 22:20:00,0.0
2021-01-49 22:30:00,0.0
2021-01-49 22:40:00,0.0
2021-01-49 22:50:00,0.0
2021-01-49 23:00:00,0.0
2021-01-49 23:10:00,0.0
2021-01-49 23:20:00,0.0
2021-01-49 23:30:00,0.0
2021-01-49 23:40:00,0.0
2021-01-49 23:50:00,0.0
2021-01-50 00:00:00,0.0
2021-01-50 00:10:00,0.0
2021-01-50 00:20:00,0.0
2021-01-50 00:30:00,0.0
2021-01-50 00:40:00,0.0
2021-01-50 00:50:00,0.0
2021-01-50 01:00:00,0.0
2021-01-50 01:10:00,0.0
2021-01-50 01:20:00,0.0
2021-01-50 01:30:00,0.0
2021-01-50 01:40:00,0.0
2021-01-50 01:50:00,0.0
2021-01-50 02:00:00,0.0
2021-01-50 02:10:00,0.0
2021-01-50 02:20:00,0.0
2021-01-50 02:30:00,0.0
2021-01-50 02:40:00,0.0
2021-01-50 02:50:00,0.0
2021-01-50 03:00:00,0.0
2021-01-50 03:10:00,0.0
2021-01-50 03:20:00,0.0
2021-01-50 03:30:00,0.0
2021-01-50 03:40:00,0.0
2021-01-50 03:50:00,0.0
2021-01-50 04:00:00,0.0
2021-01-50 04:10:00,0.0
2021-01-50 04:20:00,0.0
2021-01-50 04:30:00,0.0
2021-01-50 04:40:00,0.0
2021-01-50 04:50:00,0.0
2021-01-50 05:00:00,0.0
2021-01-50 05:10:00,0.0
2021-01-50 05:20:00,0.0
2021-01-50 05:30:00,0.0
2021-01-50 05:40:00,0.0
2021-01-50 05:50:00,0.0
2021-01-50 06:00:00,0.0
2021-01-50 06:10:00,0.0
2021-01-50 06:20:00,0.0
2021-01-50 06:30:00,0.0
2021-01-50 06:40:00,0.0
2021-01-50 06:50:00,0.0
2021-01-50 07:00:00,0.0
2021-01-50 07:10:00,0.0
2021-01-50 07:20:00,0.0
2021-01-50 07:30:00,0.0
2021-01-50 07:40:00,0.0
2021-01-50 07:50:00,0.0
2021-01-50 08:00:00,0.0
2021-01-50 08:10:00,0.0
2021-01-50 08:20:00,0.0
2021-01-50 08:30:00,0.0
2021-01-50 08:40:00,0.0
2021-01-50 08:50:00,0.0
2021-01-50 09:00:00,0.0
2021-01-50 09:10:00,0.0
2021-01-50 09:20:00,0.0
2021-01-50 09:30:00,0.0
2021-01-50 09:40:00,0.0
2021-01-50 09:50:00,0.0
2021-01-50 10:00:00,0.0
2021-01-50 10:10:00,0.0
2021-01-50 10:20:00,0.0
2021-01-50 10:30:00,0.0
2021-01-50 10:40:00,0.0
2021-01-50 10:50:00,0.0
2021-01-50 11:00:00,0.0
2021-01-50 11:10:00,0.0
2021-01-50 11:20:00,0.0
2021-01-50 11:30:00,0.0
2021-01-50 11:40:00,0.0
2021-01-50 11:50:00,0.0
2021-01-50 12:00:00,0.0
2021-01-50 12:10:00,0.0
2021-01-50 12:20:00,0.0
2021-01-50 12:30:00,0.0
2021-01-50 12:40:00,0.0
2021-01-50 12:50:00,0.0
2021-01-50 13:00:00,0.0
2021-01-50 13:10:00,0.0
2021-01-50 13:20:00,0.0
2021-01-50 13:30:00,0.0
2021-01-50 13:40:00,0.0
2021-01-50 13:50:00,0.0
2021-01-50 14:00:00,0.0
2021-01-50 14:10:00,0.0
2021-01-50 14:20:00,0.0
2021-01-50 14:30:00,0.0
2021-01-50 14:40:00,0.0
2021-01-50 14:50:00,0.0
2021-01-50 15:00:00,0.0
2021-01-50 15:10:00,0.0
2021-01-50 15:20:00,0.0
2021-01-50 15:30:00,0.0
2021-01-50 15:40:00,0.0
2021-01-50 15:50:00,0.0
2021-01-50 16:00:00,0.0
2021-01-50 16:10:00,0.0
2021-01-50 16:20:00,0.0
2021-01-50 16:30:00,0.0
2021-01-50 16:40:00,0.0
2021-01-50 16:50:00,0.0
2021-01-50 17:00:00,0.0
2021-01-50 17:10:00,0.0
2021-01-50 17:20:00,0.0
2021-01-50 17:30:00,0.0
2021-01-50 17:40:00,0.0
2021-01-50 17:50:00,0.0
2021-01-50 18:00:00,0.0
2021-01-50 18:10:00,0.0
2021-01-50 18:20:00,0.0
2021-01-50 18:30:00,0.0
2021-01-50 18:40:00,0.0
2021-01-50 18:50:00,0.0
2021-01-50 19:00:00,0.0
2021-01-50 19:10:00,0.0
2021-01-50 19:20:00,0.0
2021-01-50 19:30:00,0.0
2021-01-50 19:40:00,0.0
2021-01-50 19:50:00,0.0
2021-01-50 20:00:00,0.0
2021-01-50 20:10:00,0.0
2021-01-50 20:20:00,0.0
2021-01-50 20:30:00,0.0
2021-01-50 20:40:00,0.0
2021-01-50 20:50:00,0.0
2021-01-50 21:00:00,0.0
2021-01-50 21:10:00,0.0
2021-01-50 21:20:00,0.0
2021-01-50 21:30:00,0.0
2021-01-50 21:40:00,0.0
2021-01-50 21:50:00,0.0
2021-01-50 22:00:00,0.0
2021-01-50 22:10:00,0.0
2021-01-50 22:20:00,0.0
2021-01-50 22:30:00,0.0
2021-01-50 22:40:00,0.0
2021-01-50 22:50:00,0.0
2021-01-50 23:00:00,0.0
2021-01-50 23:10:00,0.0
2021-01-50 23:20:00,0.0
2021-01-50 23:30:00,0.0
2021-01-50 23:40:00,0.0
2021-01-50 23:50:00,0.0
2021-01-51 00:00:00,0.0
2021-01-51 00:10:00,0.812
2021-01-51 00:20:00,1.623
2021-01-51 00:30:00,2.435
2021-01-51 00:40:00,3.246
2021-01-51 00:50:00,4.058
2021-01-51 01:00:00,4.869
2021-01-51 01:10:00,5.681
2021-01-51 01:20:00,6.492
2021-01-51 01:30:00,7.304
2021-01-51 01:40:00,8.115
2021-01-51 01:50:00,8.926
2021-01-51 02:00:00,9.737
2021-01-51 02:10:00,10.548
2021-01-51 02:20:00,11.36
2021-01-51 02:30:00,12.171
2021-01-51 02:40:00,12.981
2021-01-51 02:50:00,13.792
2021-01-51 03:00:00,14.603
2021-01-51 03:10:00,15.414
2021-01-51 03:20:00,16.224
2021-01-51 03:30:00,17.035
2021-01-51 03:40:00,17.845
2021-01-51 03:50:00,18.655
2021-01-51 04:00:00,19.465
2021-01-51 04:10:00,20.275
2021-01-51 04:20:00,21.085
2021-01-51 04:30:00,21.894
2021-01-51 04:40:00,22.704
2021-01-51 04:50:00,23.513
2021-01-51 05:00:00,24.322
2021-01-51 05:10:00,25.131
2021-01-51 05:20:00,25.94
2021-01-51 05:30:00,26.749
2021-01-51 05:40:00,27.557
2021-01-51 05:50:00,28.366
2021-01-51 06:00:00,29.174
2021-01-51 06:10:00,29.981
2021-01-51 06:20:00,30.789
2021-01-51 06:30:00,31.597
2021-01-51 06:40:00,32.404
2021-01-51 06:50:00,33.211
2021-01-51 07:00:00,34.018
2021-01-51 07:10:00,34.824
2021-01-51 07:20:00,35.631
2021-01-51 07:30:00,36.437
2021-01-51 07:40:00,37.242
2021-01-51 07:50:00,38.048
2021-01-51 08:00:00,38.853
2021-01-51 08:10:00,39.658
2021-01-51 08:20:00,40.463
2021-01-51 08:30:00,41.268
2021-01-51 08:40:00,42.072
2021-01-51 08:50:00,42.876
2021-01-51 09:00:00,43.679
2021-01-51 09:10:00,44.483
2021-01-51 09:20:00,45.286
2021-01-51 09:30:00,46.088
2021-01-51 09:40:00,46.891
2021-01-51 09:50:00,47.693
2021-01-51 10:00:00,48.495
2021-01-51 10:10:00,49.296
2021-01-51 10:20:00,50.097
2021-01-51 10:30:00,50.898
2021-01-51 10:40:00,51.698
2021-01-51 10:50:00,52.498
2021-01-51 11:00:00,53.298
2021-01-51 11:10:00,54.097
2021-01-51 11:20:00,54.896
2021-01-51 11:30:00,55.695
2021-01-51 11:40:00,56.493
2021-01-51 11:50:00,57.291
2021-01-51 12:00:00,58.088
2021-01-51 12:10:00,58.885
2021-01-51 12:20:00,59.682
2021-01-51 12:30:00,60.478
2021-01-51 12:40:00,61.274
2021-01-51 12:50:00,62.069
2021-01-51 13:00:00,62.864
2021-01-51 13:10:00,63.659
2021-01-51 13:20:00,64.453
2021-01-51 13:30:00,65.246
2021-01-51 13:40:00,66.039
2021-01-51 13:50:00,66.832
2021-01-51 14:00:00,67.624
2021-01-51 14:10:00,68.416
2021-01-51 14:20:00,69.208
2021-01-51 14:30:00,69.998
2021-01-51 14:40:00,70.789
2021-01-51 14:50:00,71.579
2021-01-51 15:00:00,72.368
2021-01-51 15:10:00,73.157
2021-01-51 15:20:00,73.945
2021-01-51 15:30:00,74.733
2021-01-51 15:40:00,75.521
2021-01-51 15:50:00,76.308
2021-01-51 16:00:00,77.094
2021-01-51 16:10:00,77.88
2021-01-51 16:20:00,78.665
2021-01-51 16:30:00,79.45
2021-01-51 16:40:00,80.234
2021-01-51 16:50:00,81.018
2021-01-51 17:00:00,81.801
2021-01-51 17:10:00,82.583
2021-01-51 17:20:00,83.365
2021-01-51 17:30:00,84.147
2021-01-51 17:40:00,84.927
2021-01-51 17:50:00,85.708
2021-01-51 18:00:00,86.487
2021-01-51 18:10:00,87.266
2021-01-51 18:20:00,88.045
2021-01-51 18:30:00,88.823
2021-01-51 18:40:00,89.6
2021-01-51 18:50:00,90.376
2021-01-51 19:00:00,91.153
2021-01-51 19:10:00,91.928
2021-01-51 19:20:00,92.703
2021-01-51 19:30:00,93.477
2021-01-51 19:40:00,94.25
2021-01-51 19:50:00,95.023
2021-01-51 20:00:00,95.795
2021-01-51 20:10:00,96.567
2021-01-51 20:20:00,97.338
2021-01-51 20:30:00,98.108
2021-01-51 20:40:00,98.877
2021-01-51 20:50:00,99.646
2021-01-51 21:00:00,100.414
2021-01-51 21:10:00,101.182
2021-01-51 21:20:00,101.949
2021-01-51 21:30:00,102.715
2021-01-51 21:40:00,103.48
2021-01-51 21:50:00,104.245
2021-01-51 22:00:00,105.009
2021-01-51 22:10:00,105.772
2021-01-51 22:20:00,106.535
2021-01-51 22:30:00,107.296
2021-01-51 22:40:00,108.057
2021-01-51 22:50:00,108.818
2021-01-51 23:00:00,109.577
2021-01-51 23:10:00,110.336
2021-01-51 23:20:00,111.094
2021-01-51 23:30:00,111.851
2021-01-51 23:40:00,112.608
2021-01-51 23:50:00,113.364
2021-01-52 00:00:00,114.119
2021-01-52 00:10:00,114.873
2021-01-52 00:20:00,115.626
2021-01-52 00:30:00,116.379
2021-01-52 00:40:00,117.131
2021-01-52 00:50:00,117.882
2021-01-52 01:00:00,118.632
2021-01-52 01:10:00,119.381
2021-01-52 01:20:00,120.13
2021-01-52 01:30:00,120.878
2021-01-52 01:40:00,121.625
2021-01-52 01:50:00,122.371
2021-01-52 02:00:00,123.116
2021-01-52 02:10:00,123.86
2021-01-52 02:20:00,124.604
2021-01-52 02:30:00,125.347
2021-01-52 02:40:00,126.088
2021-01-52 02:50:00,126.829
2021-01-52 03:00:00,127.569
2021-01-52 03:10:00,128.309
2021-01-52 03:20:00,129.047
2021-01-52 03:30:00,129.785
2021-01-52 03:40:00,130.521
2021-01-52 03:50:00,131.257
2021-01-52 04:00:00,131.992
2021-01-52 04:10:00,132.725
2021-01-52 04:20:00,133.458
2021-01-52 04:30:00,134.191
2021-01-52 04:40:00,134.922
2021-01-52 04:50:00,135.652
2021-01-52 05:00:00,136.381
2021-01-52 05:10:00,137.109
2021-01-52 05:20:00,137.837
2021-01-52 05:30:00,138.563
2021-01-52 05:40:00,139.289
2021-01-52 05:50:00,140.013
2021-01-52 06:00:00,140.737
2021-01-52 06:10:00,141.46
2021-01-52 06:20:00,142.181
2021-01-52 06:30:00,142.902
2021-01-52 06:40:00,143.622
2021-01-52 06:50:00,144.341
2021-01-52 07:00:00,145.058
2021-01-52 07:10:00,145.775
2021-01-52 07:20:00,146.491
2021-01-52 07:30:00,147.205
2021-01-52 07:40:00,147.919
2021-01-52 07:50:00,148.632
2021-01-52 08:00:00,149.344
2021-01-52 08:10:00,150.054
2021-01-52 08:20:00,150.764
2021-01-52 08:30:00,151.473
2021-01-52 08:40:00,152.18
2021-01-52 08:50:00,152.887
2021-01-52 09:00:00,153.592
2021-01-52 09:10:00,154.297
2021-01-52 09:20:00,155.0
2021-01-52 09:30:00,155.702
2021-01-52 09:40:00,156.404
2021-01-52 09:50:00,157.104
2021-01-52 10:00:00,157.803
2021-01-52 10:10:00,158.501
2021-01-52 10:20:00,159.198
2021-01-52 10:30:00,159.894
2021-01-52 10:40:00,160.588
2021-01-52 10:50:00,161.282
2021-01-52 11:00:00,161.975
2021-01-52 11:10:00,162.666
2021-01-52 11:20:00,163.356
2021-01-52 11:30:00,164.045
2021-01-52 11:40:00,164.734
2021-01-52 11:50:00,165.42
2021-01-52 12:00:00,166.106
2021-01-52 12:10:00,166.791
2021-01-52 12:20:00,167.474
2021-01-52 12:30:00,168.157
2021-01-52 12:40:00,168.838
2021-01-52 12:50:00,169.518
2021-01-52 13:00:00,170.197
2021-01-52 13:10:00,170.875
2021-01-52 13:20:00,171.551
2021-01-52 13:30:00,172.227
2021-01-52 13:40:00,172.901
2021-01-52 13:50:00,173.574
2021-01-52 14:00:00,174.246
2021-01-52 14:10:00,174.916
2021-01-52 14:20:00,175.586
2021-01-52 14:30:00,176.254
2021-01-52 14:40:00,176.921
2021-01-52 14:50:00,177.587
2021-01-52 15:00:00,178.252
2021-01-52 15:10:00,178.915
2021-01-52 15:20:00,179.577
2021-01-52 15:30:00,180.238
2021-01-52 15:40:00,180.898
2021-01-52 15:50:00,181.556
2021-01-52 16:00:00,182.213
2021-01-52 16:10:00,182.869
2021-01-52 16:20:00,183.524
2021-01-52 16:30:00,184.178
2021-01-52 16:40:00,184.83
2021-01-52 16:50:00,185.481
2021-01-52 17:00:00,186.13
2021-01-52 17:10:00,186.779
2021-01-52 17:20:00,187.426
2021-01-52 17:30:00,188.072
2021-01-52 17:40:00,188.716
2021-01-52 17:50:00,189.359
2021-01-52 18:00:00,190.001
2021-01-52 18:10:00,190.642
2021-01-52 18:20:00,191.281
2021-01-52 18:30:00,191.919
2021-01-52 18:40:00,192.556
2021-01-52 18:50:00,193.191
2021-01-52 19:00:00,193.825
2021-01-52 19:10:00,194.458
2021-01-52 19:20:00,195.089
2021-01-52 19:30:00,195.719
2021-01-52 19:40:00,196.348
2021-01-52 19:50:00,196.975
2021-01-52 20:00:00,197.601
2021-01-52 20:10:00,198.226
2021-01-52 20:20:00,198.849
2021-01-52 20:30:00,199.471
2021-01-52 20:40:00,200.092
2021-01-52 20:50:00,200.711
2021-01-52 21:00:00,201.329
2021-01-52 21:10:00,201.945
2021-01-52 21:20:00,202.56
2021-01-52 21:30:00,203.174
2021-01-52 21:40:00,203.786
2021-01-52 21:50:00,204.397
2021-01-52 22:00:00,205.007
2021-01-52 22:10:00,205.615
2021-01-52 22:20:00,206.221
2021-01-52 22:30:00,206.827
2021-01-52 22:40:00,207.43
2021-01-52 22:50:00,208.033
2021-01-52 23:00:00,208.634
2021-01-52 23:10:00,209.233
2021-01-52 23:20:00,209.832
2021-01-52 23:30:00,210.428
2021-01-52 23:40:00,211.023
2021-01-52 23:50:00,211.617
2021-01-53 00:00:00,212.21
2021-01-53 00:10:00,212.8
2021-01-53 00:20:00,213.39
2021-01-53 00:30:00,213.978
2021-01-53 00:40:00,214.564
2021-01-53 00:50:00,215.149
2021-01-53 01:00:00,215.733
2021-01-53 01:10:00,216.315
2021-01-53 01:20:00,216.896
2021-01-53 01:30:00,217.475
2021-01-53 01:40:00,218.052
2021-01-53 01:50:00,218.628
2021-01-53 02:00:00,219.203
2021-01-53 02:10:00,219.776
2021-01-53 02:20:00,220.348
2021-01-53 02:30:00,220.918
2021-01-53 02:40:00,221.487
2021-01-53 02:50:00,222.054
2021-01-53 03:00:00,222.619
2021-01-53 03:10:00,223.183
2021-01-53 03:20:00,223.746
2021-01-53 03:30:00,224.307
2021-01-53 03:40:00,224.866
2021-01-53 03:50:00,225.424
2021-01-53 04:00:00,225.98
2021-01-53 04:10:00,226.535
2021-01-53 04:20:00,227.088
2021-01-53 04:30:00,227.64
2021-01-53 04:40:00,228.19
2021-01-53 04:50:00,228.739
2021-01-53 05:00:00,229.286
2021-01-53 05:10:00,229.831
2021-01-53 05:20:00,230.375
2021-01-53 05:30:00,230.917
2021-01-53 05:40:00,231.458
2021-01-53 05:50:00,231.997
2021-01-53 06:00:00,232.534
2021-01-53 06:10:00,233.07
2021-01-53 06:20:00,233.605
2021-01-53 06:30:00,234.137
2021-01-53 06:40:00,234.668
2021-01-53 06:50:00,235.198
2021-01-53 07:00:00,235.726
2021-01-53 07:10:00,236.252
2021-01-53 07:20:00,236.777
2021-01-53 07:30:00,237.3
2021-01-53 07:40:00,237.821
2021-01-53 07:50:00,238.341
2021-01-53 08:00:00,238.859
2021-01-53 08:10:00,239.376
2021-01-53 08:20:00,239.89
2021-01-53 08:30:00,240.404
2021-01-53 08:40:00,240.915
2021-01-53 08:50:00,241.425
2021-01-53 09:00:00,241.933
2021-01-53 09:10:00,242.44
2021-01-53 09:20:00,242.945
2021-01-53 09:30:00,243.448
2021-01-53 09:40:00,243.95
2021-01-53 09:50:00,244.45
2021-01-53 10:00:00,244.948
2021-01-53 10:10:00,245.445
2021-01-53 10:20:00,245.94
2021-01-53 10:30:00,246.433
2021-01-53 10:40:00,246.924
2021-01-53 10:50:00,247.414
2021-01-53 11:00:00,247.902
2021-01-53 11:10:00,248.389
2021-01-53 11:20:00,248.873
2021-01-53 11:30:00,249.356
2021-01-53 11:40:00,249.838
2021-01-53 11:50:00,250.317
2021-01-53 12:00:00,250.795
2021-01-53 12:10:00,251.271
2021-01-53 12:20:00,251.746
2021-01-53 12:30:00,252.219
2021-01-53 12:40:00,252.69
2021-01-53 12:50:00,253.159
2021-01-53 13:00:00,253.626
2021-01-53 13:10:00,254.092
2021-01-53 13:20:00,254.556
2021-01-53 13:30:00,255.019
2021-01-53 13:40:00,255.479
2021-01-53 13:50:00,255.938
2021-01-53 14:00:00,256.395
2021-01-53 14:10:00,256.85
2021-01-53 14:20:00,257.304
2021-01-53 14:30:00,257.756
2021-01-53 14:40:00,258.206
2021-01-53 14:50:00,258.654
2021-01-53 15:00:00,259.1
2021-01-53 15:10:00,259.545
2021-01-53 15:20:00,259.988
2021-01-53 15:30:00,260.429
2021-01-53 15:40:00,260.868
2021-01-53 15:50:00,261.306
2021-01-53 16:00:00,261.742
2021-01-53 16:10:00,262.176
2021-01-53 16:20:00,262.608
2021-01-53 16:30:00,263.038
2021-01-53 16:40:00,263.467
2021-01-53 16:50:00,263.893
2021-01-53 17:00:00,264.318
2021-01-53 17:10:00,264.742
2021-01-53 17:20:00,265.163
2021-01-53 17:30:00,265.582
2021-01-53 17:40:00,266.0
2021-01-53 17:50:00,266.416
2021-01-53 18:00:00,266.83
2021-01-53 18:10:00,267.242
2021-01-53 18:20:00,267.653
2021-01-53 18:30:00,268.061
2021-01-53 18:40:00,268.468
2021-01-53 18:50:00,268.873
2021-01-53 19:00:00,269.276
2021-01-53 19:10:00,269.677
2021-01-53 19:20:00,270.076
2021-01-53 19:30:00,270.474
2021-01-53 19:40:00,270.869
2021-01-53 19:50:00,271.263
2021-01-53 20:00:00,271.655
2021-01-53 20:10:00,272.045
2021-01-53 20:20:00,272.433
2021-01-53 20:30:00,272.82
2021-01-53 20:40:00,273.204
2021-01-53 20:50:00,273.587
2021-01-53 21:00:00,273.967
2021-01-53 21:10:00,274.346
2021-01-53 21:20:00,274.723
2021-01-53 21:30:00,275.098
2021-01-53 21:40:00,275.471
2021-01-53 21:50:00,275.843
2021-01-53 22:00:00,276.212
2021-01-53 22:10:00,276.58
2021-01-53 22:20:00,276.945
2021-01-53 22:30:00,277.309
2021-01-53 22:40:00,277.671
2021-01-53 22:50:00,278.031
2021-01-53 23:00:00,278.389
2021-01-53 23:10:00,278.745
2021-01-53 23:20:00,279.099
2021-01-53 23:30:00,279.451
2021-01-53 23:40:00,279.801
2021-01-53 23:50:00,280.15
2021-01-54 00:00:00,280.496
2021-01-54 00:10:00,280.841
2021-01-54 00:20:00,281.184
2021-01-54 00:30:00,281.524
2021-01-54 00:40:00,281.863
2021-01-54 00:50:00,282.2
2021-01-54 01:00:00,282.535
2021-01-54 01:10:00,282.868
2021-01-54 01:20:00,283.199
2021-01-54 01:30:00,283.528
2021-01-54 01:40:00,283.855
2021-01-54 01:50:00,284.181
2021-01-54 02:00:00,284.504
2021-01-54 02:10:00,284.825
2021-01-54 02:20:00,285.145
2021-01-54 02:30:00,285.462
2021-01-54 02:40:00,285.778
2021-01-54 02:50:00,286.091
2021-01-54 03:00:00,286.403
2021-01-54 03:10:00,286.712
2021-01-54 03:20:00,287.02
2021-01-54 03:30:00,287.326
2021-01-54 03:40:00,287.629
2021-01-54 03:50:00,287.931
2021-01-54 04:00:00,288.231
2021-01-54 04:10:00,288.528
2021-01-54 04:20:00,288.824
2021-01-54 04:30:00,289.118
2021-01-54 04:40:00,289.41
2021-01-54 04:50:00,289.7
2021-01-54 05:00:00,289.988
2021-01-54 05:10:00,290.274
2021-01-54 05:20:00,290.557
2021-01-54 05:30:00,290.839
2021-01-54 05:40:00,291.119
2021-01-54 05:50:00,291.397
2021-01-54 06:00:00,291.673
2021-01-54 06:10:00,291.947
2021-01-54 06:20:00,292.219
2021-01-54 06:30:00,292.489
2021-01-54 06:40:00,292.757
2021-01-54 06:50:00,293.023
2021-01-54 07:00:00,293.286
2021-01-54 07:10:00,293.548
2021-01-54 07:20:00,293.808
2021-01-54 07:30:00,294.066
2021-01-54 07:40:00,294.322
2021-01-54 07:50:00,294.576
2021-01-54 08:00:00,294.828
2021-01-54 08:10:00,295.077
2021-01-54 08:20:00,295.325
2021-01-54 08:30:00,295.571
2021-01-54 08:40:00,295.815
2021-01-54 08:50:00,296.056
2021-01-54 09:00:00,296.296
2021-01-54 09:10:00,296.533
2021-01-54 09:20:00,296.769
2021-01-54 09:30:00,297.003
2021-01-54 09:40:00,297.234
2021-01-54 09:50:00,297.464
2021-01-54 10:00:00,297.691
2021-01-54 10:10:00,297.916
2021-01-54 10:20:00,298.14
2021-01-54 10:30:00,298.361
2021-01-54 10:40:00,298.58
2021-01-54 10:50:00,298.798
2021-01-54 11:00:00,299.013
2021-01-54 11:10:00,299.226
2021-01-54 11:20:00,299.437
2021-01-54 11:30:00,299.646
2021-01-54 11:40:00,299.853
2021-01-54 11:50:00,300.058
2021-01-54 12:00:00,300.261
2021-01-54 12:10:00,300.462
2021-01-54 12:20:00,300.66
2021-01-54 12:30:00,300.857
2021-01-54 12:40:00,301.052
2021-01-54 12:50:00,301.244
2021-01-54 13:00:00,301.435
2021-01-54 13:10:00,301.623
2021-01-54 13:20:00,301.809
2021-01-54 13:30:00,301.994
2021-01-54 13:40:00,302.176
2021-01-54 13:50:00,302.356
2021-01-54 14:00:00,302.534
2021-01-54 14:10:00,302.71
2021-01-54 14:20:00,302.884
2021-01-54 14:30:00,303.056
2021-01-54 14:40:00,303.226
2021-01-54 14:50:00,303.393
2021-01-54 15:00:00,303.559
2021-01-54 15:10:00,303.723
2021-01-54 15:20:00,303.884
2021-01-54 15:30:00,304.043
2021-01-54 15:40:00,304.201
2021-01-54 15:50:00,304.356
2021-01-54 16:00:00,304.509
2021-01-54 16:10:00,304.66
2021-01-54 16:20:00,304.809
2021-01-54 16:30:00,304.956
2021-01-54 16:40:00,305.101
2021-01-54 16:50:00,305.243
2021-01-54 17:00:00,305.384
2021-01-54 17:10:00,305.522
2021-01-54 17:20:00,305.659
2021-01-54 17:30:00,305.793
2021-01-54 17:40:00,305.925
2021-01-54 17:50:00,306.055
2021-01-54 18:00:00,306.183
2021-01-54 18:10:00,306.309
2021-01-54 18:20:00,306.433
2021-01-54 18:30:00,306.555
2021-01-54 18:40:00,306.674
2021-01-54 18:50:00,306.792
2021-01-54 19:00:00,306.907
2021-01-54 19:10:00,307.021
2021-01-54 19:20:00,307.132
2021-01-54 19:30:00,307.241
2021-01-54 19:40:00,307.348
2021-01-54 19:50:00,307.453
2021-01-54 20:00:00,307.556
2021-01-54 20:10:00,307.656
2021-01-54 20:20:00,307.755
2021-01-54 20:30:00,307.851
2021-01-54 20:40:00,307.946
2021-01-54 20:50:00,308.038
2021-01-54 21:00:00,308.128
2021-01-54 21:10:00,308.216
2021-01-54 21:20:00,308.302
2021-01-54 21:30:00,308.386
2021-01-54 21:40:00,308.467
2021-01-54 21:50:00,308.547
2021-01-54 22:00:00,308.624
2021-01-54 22:10:00,308.7
2021-01-54 22:20:00,308.773
2021-01-54 22:30:00,308.844
2021-01-54 22:40:00,308.913
2021-01-54 22:50:00,308.98
2021-01-54 23:00:00,309.044
2021-01-54 23:10:00,309.107
2021-01-54 23:20:00,309.167
2021-01-54 23:30:00,309.226
2021-01-54 23:40:00,309.282
2021-01-54 23:50:00,309.336
2021-01-55 00:00:00,309.388
2021-01-55 00:10:00,309.438
2021-01-55 00:20:00,309.486
2021-01-55 00:30:00,309.532
2021-01-55 00:40:00,309.575
2021-01-55 00:50:00,309.617
2021-01-55 01:00:00,309.656
2021-01-55 01:10:00,309.693
2021-01-55 01:20:00,309.728
2021-01-55 01:30:00,309.761
2021-01-55 01:40:00,309.792
2021-01-55 01:50:00,309.82
2021-01-55 02:00:00,309.847
2021-01-55 02:10:00,309.871
2021-01-55 02:20:00,309.894
2021-01-55 02:30:00,309.914
2021-01-55 02:40:00,309.932
2021-01-55 02:50:00,309.948
2021-01-55 03:00:00,309.962
2021-01-55 03:10:00,309.973
2021-01-55 03:20:00,309.983
2021-01-55 03:30:00,309.99
2021-01-55 03:40:00,309.996
2021-01-55 03:50:00,309.999
2021-01-55 04:00:00,310.0
2021-01-55 04:10:00,309.999
2021-01-55 04:20:00,309.996
2021-01-55 04:30:00,309.99
2021-01-55 04:40:00,309.983
2021-01-55 04:50:00,309.973
2021-01-55 05:00:00,309.962
2021-01-55 05:10:00,309.948
2021-01-55 05:20:00,309.932
2021-01-55 05:30:00,309.914
2021-01-55 05:40:00,309.894
2021-01-55 05:50:00,309.871
2021-01-55 06:00:00,309.847
2021-01-55 06:10:00,309.82
2021-01-55 06:20:00,309.792
2021-01-55 06:30:00,309.761
2021-01-55 06:40:00,309.728
2021-01-55 06:50:00,309.693
2021-01-55 07:00:00,309.656
2021-01-55 07:10:00,309.617
2021-01-55 07:20:00,309.575
2021-01-55 07:30:00,309.532
2021-01-55 07:40:00,309.486
2021-01-55 07:50:00,309.438
2021-01-55 08:00:00,309.388
2021-01-55 08:10:00,309.336
2021-01-55 08:20:00,309.282
2021-01-55 08:30:00,309.226
2021-01-55 08:40:00,309.167
2021-01-55 08:50:00,309.107
2021-01-55 09:00:00,309.044
2021-01-55 09:10:00,308.98
2021-01-55 09:20:00,308.913
2021-01-55 09:30:00,308.844
2021-01-55 09:40:00,308.773
2021-01-55 09:50:00,308.7
2021-01-55 10:00:00,308.624
2021-01-55 10:10:00,308.547
2021-01-55 10:20:00,308.467
2021-01-55 10:30:00,308.386
2021-01-55 10:40:00,308.302
2021-01-55 10:50:00,308.216
2021-01-55 11:00:00,308.128
2021-01-55 11:10:00,308.038
2021-01-55 11:20:00,307.946
2021-01-55 11:30:00,307.851
2021-01-55 11:40:00,307.755
2021-01-55 11:50:00,307.656
2021-01-55 12:00:00,307.556
2021-01-55 12:10:00,307.453
2021-01-55 12:20:00,307.348
2021-01-55 12:30:00,307.241
2021-01-55 12:40:00,307.132
2021-01-55 12:50:00,307.021
2021-01-55 13:00:00,306.907
2021-01-55 13:10:00,306.792
2021-01-55 13:20:00,306.674
2021-01-55 13:30:00,306.555
2021-01-55 13:40:00,306.433
2021-01-55 13:50:00,306.309
2021-01-55 14:00:00,306.183
2021-01-55 14:10:00,306.055
2021-01-55 14:20:00,305.925
2021-01-55 14:30:00,305.793
2021-01-55 14:40:00,305.659
2021-01-55 14:50:00,305.522
2021-01-55 15:00:00,305.384
2021-01-55 15:10:00,305.243
2021-01-55 15:20:00,305.101
2021-01-55 15:30:00,304.956
2021-01-55 15:40:00,304.809
2021-01-55 15:50:00,304.66
2021-01-55 16:00:00,304.509
2021-01-55 16:10:00,304.356
2021-01-55 16:20:00,304.201
2021-01-55 16:30:00,304.043
2021-01-55 16:40:00,303.884
2021-01-55 16:50:00,303.723
2021-01-55 17:00:00,303.559
2021-01-55 17:10:00,303.393
2021-01-55 17:20:00,303.226
2021-01-55 17:30:00,303.056
2021-01-55 17:40:00,302.884
2021-01-55 17:50:00,302.71
2021-01-55 18:00:00,302.534
2021-01-55 18:10:00,302.356
2021-01-55 18:20:00,302.176
2021-01-55 18:30:00,301.994
2021-01-55 18:40:00,301.809
2021-01-55 18:50:00,301.623
2021-01-55 19:00:00,301.435
2021-01-55 19:10:00,301.244
2021-01-55 19:20:00,301.052
2021-01-55 19:30:00,300.857
2021-01-55 19:40:00,300.66
2021-01-55 19:50:00,300.462
2021-01-55 20:00:00,300.261
2021-01-55 20:10:00,300.058
2021-01-55 20:20:00,299.853
2021-01-55 20:30:00,299.646
2021-01-55 20:40:00,299.437
2021-01-55 20:50:00,299.226
2021-01-55 21:00:00,299.013
2021-01-55 21:10:00,298.798
2021-01-55 21:20:00,298.58
2021-01-55 21:30:00,298.361
2021-01-55 21:40:00,298.14
2021-01-55 21:50:00,297.916
2021-01-55 22:00:00,297.691
2021-01-55 22:10:00,297.464
2021-01-55 22:20:00,297.234
2021-01-55 22:30:00,297.003
2021-01-55 22:40:00,296.769
2021-01-55 22:50:00,296.533
2021-01-55 23:00:00,296.296
2021-01-55 23:10:00,296.056
2021-01-55 23:20:00,295.815
2021-01-55 23:30:00,295.571
2021-01-55 23:40:00,295.325
2021-01-55 23:50:00,295.077
2021-01-56 00:00:00,294.828
2021-01-56 00:10:00,294.576
2021-01-56 00:20:00,294.322
2021-01-56 00:30:00,294.066
2021-01-56 00:40:00,293.808
2021-01-56 00:50:00,293.548
2021-01-56 01:00:00,293.286
2021-01-56 01:10:00,293.023
2021-01-56 01:20:00,292.757
2021-01-56 01:30:00,292.489
2021-01-56 01:40:00,292.219
2021-01-56 01:50:00,291.947
2021-01-56 02:00:00,291.673
2021-01-56 02:10:00,291.397
2021-01-56 02:20:00,291.119
2021-01-56 02:30:00,290.839
2021-01-56 02:40:00,290.557
2021-01-56 02:50:00,290.274
2021-01-56 03:00:00,289.988
2021-01-56 03:10:00,289.7
2021-01-56 03:20:00,289.41
2021-01-56 03:30:00,289.118
2021-01-56 03:40:00,288.824
2021-01-56 03:50:00,288.528
2021-01-56 04:00:00,288.231
2021-01-56 04:10:00,287.931
2021-01-56 04:20:00,287.629
2021-01-56 04:30:00,287.326
2021-01-56 04:40:00,287.02
2021-01-56 04:50:00,286.712
2021-01-56 05:00:00,286.403
2021-01-56 05:10:00,286.091
2021-01-56 05:20:00,285.778
2021-01-56 05:30:00,285.462
2021-01-56 05:40:00,285.145
2021-01-56 05:50:00,284.825
2021-01-56 06:00:00,284.504
2021-01-56 06:10:00,284.181
2021-01-56 06:20:00,283.855
2021-01-56 06:30:00,283.528
2021-01-56 06:40:00,283.199
2021-01-56 06:50:00,282.868
2021-01-56 07:00:00,282.535
2021-01-56 07:10:00,282.2
2021-01-56 07:20:00,281.863
2021-01-56 07:30:00,281.524
2021-01-56 07:40:00,281.184
2021-01-56 07:50:00,280.841
2021-01-56 08:00:00,280.496
2021-01-56 08:10:00,280.15
2021-01-56 08:20:00,279.801
2021-01-56 08:30:00,279.451
2021-01-56 08:40:00,279.099
2021-01-56 08:50:00,278.745
2021-01-56 09:00:00,278.389
2021-01-56 09:10:00,278.031
2021-01-56 09:20:00,277.671
2021-01-56 09:30:00,277.309
2021-01-56 09:40:00,276.945
2021-01-56 09:50:00,276.58
2021-01-56 10:00:00,276.212
2021-01-56 10:10:00,275.843
2021-01-56 10:20:00,275.471
2021-01-56 10:30:00,275.098
2021-01-56 10:40:00,274.723
2021-01-56 10:50:00,274.346
2021-01-56 11:00:00,273.967
2021-01-56 11:10:00,273.587
2021-01-56 11:20:00,273.204
2021-01-56 11:30:00,272.82
2021-01-56 11:40:00,272.433
2021-01-56 11:50:00,272.045
2021-01-56 12:00:00,271.655
2021-01-56 12:10:00,271.263
2021-01-56 12:20:00,270.869
2021-01-56 12:30:00,270.474
2021-01-56 12:40:00,270.076
2021-01-56 12:50:00,269.677
2021-01-56 13:00:00,269.276
2021-01-56 13:10:00,268.873
2021-01-56 13:20:00,268.468
2021-01-56 13:30:00,268.061
2021-01-56 13:40:00,267.653
2021-01-56 13:50:00,267.242
2021-01-56 14:00:00,266.83
2021-01-56 14:10:00,266.416
2021-01-56 14:20:00,266.0
2021-01-56 14:30:00,265.582
2021-01-56 14:40:00,265.163
2021-01-56 14:50:00,264.742
2021-01-56 15:00:00,264.318
2021-01-56 15:10:00,263.893
2021-01-56 15:20:00,263.467
2021-01-56 15:30:00,263.038
2021-01-56 15:40:00,262.608
2021-01-56 15:50:00,262.176
2021-01-56 16:00:00,261.742
2021-01-56 16:10:00,261.306
2021-01-56 16:20:00,260.868
2021-01-56 16:30:00,260.429
2021-01-56 16:40:00,259.988
2021-01-56 16:50:00,259.545
2021-01-56 17:00:00,259.1
2021-01-56 17:10:00,258.654
2021-01-56 17:20:00,258.206
2021-01-56 17:30:00,257.756
2021-01-56 17:40:00,257.304
2021-01-56 17:50:00,256.85
2021-01-56 18:00:00,256.395
2021-01-56 18:10:00,255.938
2021-01-56 18:20:00,255.479
2021-01-56 18:30:00,255.019
2021-01-56 18:40:00,254.556
2021-01-56 18:50:00,254.092
2021-01-56 19:00:00,253.626
2021-01-56 19:10:00,253.159
2021-01-56 19:20:00,252.69
2021-01-56 19:30:00,252.219
2021-01-56 19:40:00,251.746
2021-01-56 19:50:00,251.271
2021-01-56 20:00:00,250.795
2021-01-56 20:10:00,250.317
2021-01-56 20:20:00,249.838
2021-01-56 20:30:00,249.356
2021-01-56 20:40:00,248.873
2021-01-56 20:50:00,248.389
2021-01-56 21:00:00,247.902
2021-01-56 21:10:00,247.414
2021-01-56 21:20:00,246.924
2021-01-56 21:30:00,246.433
2021-01-56 21:40:00,245.94
2021-01-56 21:50:00,245.445
2021-01-56 22:00:00,244.948
2021-01-56 22:10:00,244.45
2021-01-56 22:20:00,243.95
2021-01-56 22:30:00,243.448
2021-01-56 22:40:00,242.945
2021-01-56 22:50:00,242.44
2021-01-56 23:00:00,241.933
2021-01-56 23:10:00,241.425
2021-01-56 23:20:00,240.915
2021-01-56 23:30:00,240.404
2021-01-56 23:40:00,239.89
2021-01-56 23:50:00,239.376
2021-01-57 00:00:00,238.859
2021-01-57 00:10:00,238.341
2021-01-57 00:20:00,237.821
2021-01-57 00:30:00,237.3
2021-01-57 00:40:00,236.777
2021-01-57 00:50:00,236.252
2021-01-57 01:00:00,235.726
2021-01-57 01:10:00,235.198
2021-01-57 01:20:00,234.668
2021-01-57 01:30:00,234.137
2021-01-57 01:40:00,233.605
2021-01-57 01:50:00,233.07
2021-01-57 02:00:00,232.534
2021-01-57 02:10:00,231.997
2021-01-57 02:20:00,231.458
2021-01-57 02:30:00,230.917
2021-01-57 02:40:00,230.375
2021-01-57 02:50:00,229.831
2021-01-57 03:00:00,229.286
2021-01-57 03:10:00,228.739
2021-01-57 03:20:00,228.19
2021-01-57 03:30:00,227.64
2021-01-57 03:40:00,227.088
2021-01-57 03:50:00,226.535
2021-01-57 04:00:00,225.98
2021-01-57 04:10:00,225.424
2021-01-57 04:20:00,224.866
2021-01-57 04:30:00,224.307
2021-01-57 04:40:00,223.746
2021-01-57 04:50:00,223.183
2021-01-57 05:00:00,222.619
2021-01-57 05:10:00,222.054
2021-01-57 05:20:00,221.487
2021-01-57 05:30:00,220.918
2021-01-57 05:40:00,220.348
2021-01-57 05:50:00,219.776
2021-01-57 06:00:00,219.203
2021-01-57 06:10:00,218.628
2021-01-57 06:20:00,218.052
2021-01-57 06:30:00,217.475
2021-01-57 06:40:00,216.896
2021-01-57 06:50:00,216.315
2021-01-57 07:00:00,215.733
2021-01-57 07:10:00,215.149
2021-01-57 07:20:00,214.564
2021-01-57 07:30:00,213.978
2021-01-57 07:40:00,213.39
2021-01-57 07:50:00,212.8
2021-01-57 08:00:00,212.21
2021-01-57 08:10:00,211.617
2021-01-57 08:20:00,211.023
2021-01-57 08:30:00,210.428
2021-01-57 08:40:00,209.832
2021-01-57 08:50:00,209.233
2021-01-57 09:00:00,208.634
2021-01-57 09:10:00,208.033
2021-01-57 09:20:00,207.43
2021-01-57 09:30:00,206.827
2021-01-57 09:40:00,206.221
2021-01-57 09:50:00,205.615
2021-01-57 10:00:00,205.007
2021-01-57 10:10:00,204.397
2021-01-57 10:20:00,203.786
2021-01-57 10:30:00,203.174
2021-01-57 10:40:00,202.56
2021-01-57 10:50:00,201.945
2021-01-57 11:00:00,201.329
2021-01-57 11:10:00,200.711
2021-01-57 11:20:00,200.092
2021-01-57 11:30:00,199.471
2021-01-57 11:40:00,198.849
2021-01-57 11:50:00,198.226
2021-01-57 12:00:00,197.601
2021-01-57 12:10:00,196.975
2021-01-57 12:20:00,196.348
2021-01-57 12:30:00,195.719
2021-01-57 12:40:00,195.089
2021-01-57 12:50:00,194.458
2021-01-57 13:00:00,193.825
2021-01-57 13:10:00,193.191
2021-01-57 13:20:00,192.556
2021-01-57 13:30:00,191.919
2021-01-57 13:40:00,191.281
2021-01-57 13:50:00,190.642
2021-01-57 14:00:00,190.001
2021-01-57 14:10:00,189.359
2021-01-57 14:20:00,188.716
2021-01-57 14:30:00,188.072
2021-01-57 14:40:00,187.426
2021-01-57 14:50:00,186.779
2021-01-57 15:00:00,186.13
2021-01-57 15:10:00,185.481
2021-01-57 15:20:00,184.83
2021-01-57 15:30:00,184.178
2021-01-57 15:40:00,183.524
2021-01-57 15:50:00,182.869
2021-01-57 16:00:00,182.213
2021-01-57 16:10:00,181.556
2021-01-57 16:20:00,180.898
2021-01-57 16:30:00,180.238
2021-01-57 16:40:00,179.577
2021-01-57 16:50:00,178.915
2021-01-57 17:00:00,178.252
2021-01-57 17:10:00,177.587
2021-01-57 17:20:00,176.921
2021-01-57 17:30:00,176.254
2021-01-57 17:40:00,175.586
2021-01-57 17:50:00,174.916
2021-01-57 18:00:00,174.246
2021-01-57 18:10:00,173.574
2021-01-57 18:20:00,172.901
2021-01-57 18:30:00,172.227
2021-01-57 18:40:00,171.551
2021-01-57 18:50:00,170.875
2021-01-57 19:00:00,170.197
2021-01-57 19:10:00,169.518
2021-01-57 19:20:00,168.838
2021-01-57 19:30:00,168.157
2021-01-57 19:40:00,167.474
2021-01-57 19:50:00,166.791
2021-01-57 20:00:00,166.106
2021-01-57 20:10:00,165.42
2021-01-57 20:20:00,164.734
2021-01-57 20:30:00,164.045
2021-01-57 20:40:00,163.356
2021-01-57 20:50:00,162.666
2021-01-57 21:00:00,161.975
2021-01-57 21:10:00,161.282
2021-01-57 21:20:00,160.588
2021-01-57 21:30:00,159.894
2021-01-57 21:40:00,159.198
2021-01-57 21:50:00,158.501
2021-01-57 22:00:00,157.803
2021-01-57 22:10:00,157.104
2021-01-57 22:20:00,156.404
2021-01-57 22:30:00,155.702
2021-01-57 22:40:00,155.0
2021-01-57 22:50:00,154.297
2021-01-57 23:00:00,153.592
2021-01-57 23:10:00,152.887
2021-01-57 23:20:00,152.18
2021-01-57 23:30:00,151.473
2021-01-57 23:40:00,150.764
2021-01-57 23:50:00,150.054
2021-01-58 00:00:00,149.344
2021-01-58 00:10:00,148.632
2021-01-58 00:20:00,147.919
2021-01-58 00:30:00,147.205
2021-01-58 00:40:00,146.491
2021-01-58 00:50:00,145.775
2021-01-58 01:00:00,145.058
2021-01-58 01:10:00,144.341
2021-01-58 01:20:00,143.622
2021-01-58 01:30:00,142.902
2021-01-58 01:40:00,142.181
2021-01-58 01:50:00,141.46
2021-01-58 02:00:00,140.737
2021-01-58 02:10:00,140.013
2021-01-58 02:20:00,139.289
2021-01-58 02:30:00,138.563
2021-01-58 02:40:00,137.837
2021-01-58 02:50:00,137.109
2021-01-58 03:00:00,136.381
2021-01-58 03:10:00,135.652
2021-01-58 03:20:00,134.922
2021-01-58 03:30:00,134.191
2021-01-58 03:40:00,133.458
2021-01-58 03:50:00,132.725
2021-01-58 04:00:00,131.992
2021-01-58 04:10:00,131.257
2021-01-58 04:20:00,130.521
2021-01-58 04:30:00,129.785
2021-01-58 04:40:00,129.047
2021-01-58 04:50:00,128.309
2021-01-58 05:00:00,127.569
2021-01-58 05:10:00,126.829
2021-01-58 05:20:00,126.088
2021-01-58 05:30:00,125.347
2021-01-58 05:40:00,124.604
2021-01-58 05:50:00,123.86
2021-01-58 06:00:00,123.116
2021-01-58 06:10:00,122.371
2021-01-58 06:20:00,121.625
2021-01-58 06:30:00,120.878
2021-01-58 06:40:00,120.13
2021-01-58 06:50:00,119.381
2021-01-58 07:00:00,118.632
2021-01-58 07:10:00,117.882
2021-01-58 07:20:00,117.131
2021-01-58 07:30:00,116.379
2021-01-58 07:40:00,115.626
2021-01-58 07:50:00,114.873
2021-01-58 08:00:00,114.119
2021-01-58 08:10:00,113.364
2021-01-58 08:20:00,112.608
2021-01-58 08:30:00,111.851
2021-01-58 08:40:00,111.094
2021-01-58 08:50:00,110.336
2021-01-58 09:00:00,109.577
2021-01-58 09:10:00,108.818
2021-01-58 09:20:00,108.057
2021-01-58 09:30:00,107.296
2021-01-58 09:40:00,106.535
2021-01-58 09:50:00,105.772
2021-01-58 10:00:00,105.009
2021-01-58 10:10:00,104.245
2021-01-58 10:20:00,103.48
2021-01-58 10:30:00,102.715
2021-01-58 10:40:00,101.949
2021-01-58 10:50:00,101.182
2021-01-58 11:00:00,100.414
2021-01-58 11:10:00,99.646
2021-01-58 11:20:00,98.877
2021-01-58 11:30:00,98.108
2021-01-58 11:40:00,97.338
2021-01-58 11:50:00,96.567
2021-01-58 12:00:00,95.795
2021-01-58 12:10:00,95.023
2021-01-58 12:20:00,94.25
2021-01-58 12:30:00,93.477
2021-01-58 12:40:00,92.703
2021-01-58 12:50:00,91.928
2021-01-58 13:00:00,91.153
2021-01-58 13:10:00,90.376
2021-01-58 13:20:00,89.6
2021-01-58 13:30:00,88.823
2021-01-58 13:40:00,88.045
2021-01-58 13:50:00,87.266
2021-01-58 14:00:00,86.487
2021-01-58 14:10:00,85.708
2021-01-58 14:20:00,84.927
2021-01-58 14:30:00,84.147
2021-01-58 14:40:00,83.365
2021-01-58 14:50:00,82.583
2021-01-58 15:00:00,81.801
2021-01-58 15:10:00,81.018
2021-01-58 15:20:00,80.234
2021-01-58 15:30:00,79.45
2021-01-58 15:40:00,78.665
2021-01-58 15:50:00,77.88
2021-01-58 16:00:00,77.094
2021-01-58 16:10:00,76.308
2021-01-58 16:20:00,75.521
2021-01-58 16:30:00,74.733
2021-01-58 16:40:00,73.945
2021-01-58 16:50:00,73.157
2021-01-58 17:00:00,72.368
2021-01-58 17:10:00,71.579
2021-01-58 17:20:00,70.789
2021-01-58 17:30:00,69.998
2021-01-58 17:40:00,69.208
2021-01-58 17:50:00,68.416
2021-01-58 18:00:00,67.624
2021-01-58 18:10:00,66.832
2021-01-58 18:20:00,66.039
2021-01-58 18:30:00,65.246
2021-01-58 18:40:00,64.453
2021-01-58 18:50:00,63.659
2021-01-58 19:00:00,62.864
2021-01-58 19:10:00,62.069
2021-01-58 19:20:00,61.274
2021-01-58 19:30:00,60.478
2021-01-58 19:40:00,59.682
2021-01-58 19:50:00,58.885
2021-01-58 20:00:00,58.088
2021-01-58 20:10:00,57.291
2021-01-58 20:20:00,56.493
2021-01-58 20:30:00,55.695
2021-01-58 20:40:00,54.896
2021-01-58 20:50:00,54.097
2021-01-58 21:00:00,53.298
2021-01-58 21:10:00,52.498
2021-01-58 21:20:00,51.698
2021-01-58 21:30:00,50.898
2021-01-58 21:40:00,50.097
2021-01-58 21:50:00,49.296
2021-01-58 22:00:00,48.495
2021-01-58 22:10:00,47.693
2021-01-58 22:20:00,46.891
2021-01-58 22:30:00,46.088
2021-01-58 22:40:00,45.286
2021-01-58 22:50:00,44.483
2021-01-58 23:00:00,43.679
2021-01-58 23:10:00,42.876
2021-01-58 23:20:00,42.072
2021-01-58 23:30:00,41.268
2021-01-58 23:40:00,40.463
2021-01-58 23:50:00,39.658
2021-01-59 00:00:00,38.853
2021-01-59 00:10:00,38.048
2021-01-59 00:20:00,37.242
2021-01-59 00:30:00,36.437
2021-01-59 00:40:00,35.631
2021-01-59 00:50:00,34.824
2021-01-59 01:00:00,34.018
2021-01-59 01:10:00,33.211
2021-01-59 01:20:00,32.404
2021-01-59 01:30:00,31.597
2021-01-59 01:40:00,30.789
2021-01-59 01:50:00,29.981
2021-01-59 02:00:00,29.174
2021-01-59 02:10:00,28.366
2021-01-59 02:20:00,27.557
2021-01-59 02:30:00,26.749
2021-01-59 02:40:00,25.94
2021-01-59 02:50:00,25.131
2021-01-59 03:00:00,24.322
2021-01-59 03:10:00,23.513
2021-01-59 03:20:00,22.704
2021-01-59 03:30:00,21.894
2021-01-59 03:40:00,21.085
2021-01-59 03:50:00,20.275
2021-01-59 04:00:00,19.465
2021-01-59 04:10:00,18.655
2021-01-59 04:20:00,17.845
2021-01-59 04:30:00,17.035
2021-01-59 04:40:00,16.224
2021-01-59 04:50:00,15.414
2021-01-59 05:00:00,14.603
2021-01-59 05:10:00,13.792
2021-01-59 05:20:00,12.981
2021-01-59 05:30:00,12.171
2021-01-59 05:40:00,11.36
2021-01-59 05:50:00,10.548
2021-01-59 06:00:00,9.737
2021-01-59 06:10:00,8.926
2021-01-59 06:20:00,8.115
2021-01-59 06:30:00,7.304
2021-01-59 06:40:00,6.492
2021-01-59 06:50:00,5.681
2021-01-59 07:00:00,4.869
2021-01-59 07:10:00,4.058
2021-01-59 07:20:00,3.246
2021-01-59 07:30:00,2.435
2021-01-59 07:40:00,1.623
2021-01-59 07:50:00,0.812
2021-01-59 08:00:00,0.0
2021-01-59 08:10:00,0.0
2021-01-59 08:20:00,0.0
2021-01-59 08:30:00,0.0
2021-01-59 08:40:00,0.0
2021-01-59 08:50:00,0.0
2021-01-59 09:00:00,0.0
2021-01-59 09:10:00,0.0
2021-01-59 09:20:00,0.0
2021-01-59 09:30:00,0.0
2021-01-59 09:40:00,0.0
2021-01-59 09:50:00,0.0
2021-01-59 10:00:00,0.0
2021-01-59 10:10:00,0.0
2021-01-59 10:20:00,0.0
2021-01-59 10:30:00,0.0
2021-01-59 10:40:00,0.0
2021-01-59 10:50:00,0.0
2021-01-59 11:00:00,0.0
2021-01-59 11:10:00,0.0
2021-01-59 11:20:00,0.0
2021-01-59 11:30:00,0.0
2021-01-59 11:40:00,0.0
2021-01-59 11:50:00,0.0
2021-01-59 12:00:00,0.0
2021-01-59 12:10:00,0.0
2021-01-59 12:20:00,0.0
2021-01-59 12:30:00,0.0
2021-01-59 12:40:00,0.0
2021-01-59 12:50:00,0.0
2021-01-59 13:00:00,0.0
2021-01-59 13:10:00,0.0
2021-01-59 13:20:00,0.0
2021-01-59 13:30:00,0.0
2021-01-59 13:40:00,0.0
2021-01-59 13:50:00,0.0
2021-01-59 14:00:00,0.0
2021-01-59 14:10:00,0.0
2021-01-59 14:20:00,0.0
2021-01-59 14:30:00,0.0
2021-01-59 14:40:00,0.0
2021-01-59 14:50:00,0.0
2021-01-59 15:00:00,0.0
2021-01-59 15:10:00,0.0
2021-01-59 15:20:00,0.0
2021-01-59 15:30:00,0.0
2021-01-59 15:40:00,0.0
2021-01-59 15:50:00,0.0
2021-01-59 16:00:00,0.0
2021-01-59 16:10:00,0.0
2021-01-59 16:20:00,0.0
2021-01-59 16:30:00,0.0
2021-01-59 16:40:00,0.0
2021-01-59 16:50:00,0.0
2021-01-59 17:00:00,0.0
2021-01-59 17:10:00,0.0
2021-01-59 17:20:00,0.0
2021-01-59 17:30:00,0.0
2021-01-59 17:40:00,0.0
2021-01-59 17:50:00,0.0
2021-01-59 18:00:00,0.0
2021-01-59 18:10:00,0.0
2021-01-59 18:20:00,0.0
2021-01-59 18:30:00,0.0
2021-01-59 18:40:00,0.0
2021-01-59 18:50:00,0.0
2021-01-59 19:00:00,0.0
2021-01-59 19:10:00,0.0
2021-01-59 19:20:00,0.0
2021-01-59 19:30:00,0.0
2021-01-59 19:40:00,0.0
2021-01-59 19:50:00,0.0
2021-01-59 20:00:00,0.0
2021-01-59 20:10:00,0.0
2021-01-59 20:20:00,0.0
2021-01-59 20:30:00,0.0
2021-01-59 20:40:00,0.0
2021-01-59 20:50:00,0.0
2021-01-59 21:00:00,0.0
2021-01-59 21:10:00,0.0
2021-01-59 21:20:00,0.0
2021-01-59 21:30:00,0.0
2021-01-59 21:40:00,0.0
2021-01-59 21:50:00,0.0
2021-01-59 22:00:00,0.0
2021-01-59 22:10:00,0.0
2021-01-59 22:20:00,0.0
2021-01-59 22:30:00,0.0
2021-01-59 22:40:00,0.0
2021-01-59 22:50:00,0.0
2021-01-59 23:00:00,0.0
2021-01-59 23:10:00,0.0
2021-01-59 23:20:00,0.0
2021-01-59 23:30:00,0.0
2021-01-59 23:40:00,0.0
2021-01-59 23:50:00,0.0
2021-01-60 00:00:00,0.0
2021-01-60 00:10:00,0.0
2021-01-60 00:20:00,0.0
2021-01-60 00:30:00,0.0
2021-01-60 00:40:00,0.0
2021-01-60 00:50:00,0.0
2021-01-60 01:00:00,0.0
2021-01-60 01:10:00,0.0
2021-01-60 01:20:00,0.0
2021-01-60 01:30:00,0.0
2021-01-60 01:40:00,0.0
2021-01-60 01:50:00,0.0
2021-01-60 02:00:00,0.0
2021-01-60 02:10:00,0.0
2021-01-60 02:20:00,0.0
2021-01-60 02:30:00,0.0
2021-01-60 02:40:00,0.0
2021-01-60 02:50:00,0.0
2021-01-60 03:00:00,0.0
2021-01-60 03:10:00,0.0
2021-01-60 03:20:00,0.0
2021-01-60 03:30:00,0.0
2021-01-60 03:40:00,0.0
2021-01-60 03:50:00,0.0
2021-01-60 04:00:00,0.0
2021-01-60 04:10:00,0.0
2021-01-60 04:20:00,0.0
2021-01-60 04:30:00,0.0
2021-01-60 04:40:00,0.0
2021-01-60 04:50:00,0.0
2021-01-60 05:00:00,0.0
2021-01-60 05:10:00,0.0
2021-01-60 05:20:00,0.0
2021-01-60 05:30:00,0.0
2021-01-60 05:40:00,0.0
2021-01-60 05:50:00,0.0
2021-01-60 06:00:00,0.0
2021-01-60 06:10:00,0.0
2021-01-60 06:20:00,0.0
2021-01-60 06:30:00,0.0
2021-01-60 06:40:00,0.0
2021-01-60 06:50:00,0.0
2021-01-60 07:00:00,0.0
2021-01-60 07:10:00,0.0
2021-01-60 07:20:00,0.0
2021-01-60 07:30:00,0.0
2021-01-60 07:40:00,0.0
2021-01-60 07:50:00,0.0
2021-01-60 08:00:00,0.0
2021-01-60 08:10:00,0.0
2021-01-60 08:20:00,0.0
2021-01-60 08:30:00,0.0
2021-01-60 08:40:00,0.0
2021-01-60 08:50:00,0.0
2021-01-60 09:00:00,0.0
2021-01-60 09:10:00,0.0
2021-01-60 09:20:00,0.0
2021-01-60 09:30:00,0.0
2021-01-60 09:40:00,0.0
2021-01-60 09:50:00,0.0
2021-01-60 10:00:00,0.0
2021-01-60 10:10:00,0.0
2021-01-60 10:20:00,0.0
2021-01-60 10:30:00,0.0
2021-01-60 10:40:00,0.0
2021-01-60 10:50:00,0.0
2021-01-60 11:00:00,0.0
2021-01-60 11:10:00,0.0
2021-01-60 11:20:00,0.0
2021-01-60 11:30:00,0.0
2021-01-60 11:40:00,0.0
2021-01-60 11:50:00,0.0
2021-01-60 12:00:00,0.0
2021-01-60 12:10:00,0.0
2021-01-60 12:20:00,0.0
2021-01-60 12:30:00,0.0
2021-01-60 12:40:00,0.0
2021-01-60 12:50:00,0.0
2021-01-60 13:00:00,0.0
2021-01-60 13:10:00,0.0
2021-01-60 13:20:00,0.0
2021-01-60 13:30:00,0.0
2021-01-60 13:40:00,0.0
2021-01-60 13:50:00,0.0
2021-01-60 14:00:00,0.0
2021-01-60 14:10:00,0.0
2021-01-60 14:20:00,0.0
2021-01-60 14:30:00,0.0
2021-01-60 14:40:00,0.0
2021-01-60 14:50:00,0.0
2021-01-60 15:00:00,0.0
2021-01-60 15:10:00,0.0
2021-01-60 15:20:00,0.0
2021-01-60 15:30:00,0.0
2021-01-60 15:40:00,0.0
2021-01-60 15:50:00,0.0
2021-01-60 16:00:00,0.0
2021-01-60 16:10:00,0.0
2021-01-60 16:20:00,0.0
2021-01-60 16:30:00,0.0
2021-01-60 16:40:00,0.0
2021-01-60 16:50:00,0.0
2021-01-60 17:00:00,0.0
2021-01-60 17:10:00,0.0
2021-01-60 17:20:00,0.0
2021-01-60 17:30:00,0.0
2021-01-60 17:40:00,0.0
2021-01-60 17:50:00,0.0
2021-01-60 18:00:00,0.0
2021-01-60 18:10:00,0.0
2021-01-60 18:20:00,0.0
2021-01-60 18:30:00,0.0
2021-01-60 18:40:00,0.0
2021-01-60 18:50:00,0.0
2021-01-60 19:00:00,0.0
2021-01-60 19:10:00,0.0
2021-01-60 19:20:00,0.0
2021-01-60 19:30:00,0.0
2021-01-60 19:40:00,0.0
2021-01-60 19:50:00,0.0
2021-01-60 20:00:00,0.0
2021-01-60 20:10:00,0.0
2021-01-60 20:20:00,0.0
2021-01-60 20:30:00,0.0
2021-01-60 20:40:00,0.0
2021-01-60 20:50:00,0.0
2021-01-60 21:00:00,0.0
2021-01-60 21:10:00,0.0
2021-01-60 21:20:00,0.0
2021-01-60 21:30:00,0.0
2021-01-60 21:40:00,0.0
2021-01-60 21:50:00,0.0
2021-01-60 22:00:00,0.0
2021-01-60 22:10:00,0.0
2021-01-60 22:20:00,0.0
2021-01-60 22:30:00,0.0
2021-01-60 22:40:00,0.0
2021-01-60 22:50:00,0.0
2021-01-60 23:00:00,0.0
2021-01-60 23:10:00,0.0
2021-01-60 23:20:00,0.0
2021-01-60 23:30:00,0.0
2021-01-60 23:40:00,0.0
2021-01-60 23:50:00,0.0
2021-01-61 00:00:00,0.0
2021-01-61 00:10:00,0.0
2021-01-61 00:20:00,0.0
2021-01-61 00:30:00,0.0
2021-01-61 00:40:00,0.0
2021-01-61 00:50:00,0.0
2021-01-61 01:00:00,0.0
2021-01-61 01:10:00,0.0
2021-01-61 01:20:00,0.0
2021-01-61 01:30:00,0.0
2021-01-61 01:40:00,0.0
2021-01-61 01:50:00,0.0
2021-01-61 02:00:00,0.0
2021-01-61 02:10:00,0.0
2021-01-61 02:20:00,0.0
2021-01-61 02:30:00,0.0
2021-01-61 02:40:00,0.0
2021-01-61 02:50:00,0.0
2021-01-61 03:00:00,0.0
2021-01-61 03:10:00,0.0
2021-01-61 03:20:00,0.0
2021-01-61 03:30:00,0.0
2021-01-61 03:40:00,0.0
2021-01-61 03:50:00,0.0
2021-01-61 04:00:00,0.0
2021-01-61 04:10:00,0.0
2021-01-61 04:20:00,0.0
2021-01-61 04:30:00,0.0
2021-01-61 04:40:00,0.0
2021-01-61 04:50:00,0.0
2021-01-61 05:00:00,0.0
2021-01-61 05:10:00,0.0
2021-01-61 05:20:00,0.0
2021-01-61 05:30:00,0.0
2021-01-61 05:40:00,0.0
2021-01-61 05:50:00,0.0
2021-01-61 06:00:00,0.0
2021-01-61 06:10:00,0.0
2021-01-61 06:20:00,0.0
2021-01-61 06:30:00,0.0
2021-01-61 06:40:00,0.0
2021-01-61 06:50:00,0.0
2021-01-61 07:00:00,0.0
2021-01-61 07:10:00,0.0
2021-01-61 07:20:00,0.0
2021-01-61 07:30:00,0.0
2021-01-61 07:40:00,0.0
2021-01-61 07:50:00,0.0
2021-01-61 08:00:00,0.0
2021-01-61 08:10:00,0.0
2021-01-61 08:20:00,0.0
2021-01-61 08:30:00,0.0
2021-01-61 08:40:00,0.0
2021-01-61 08:50:00,0.0
2021-01-61 09:00:00,0.0
2021-01-61 09:10:00,0.0
2021-01-61 09:20:00,0.0
2021-01-61 09:30:00,0.0
2021-01-61 09:40:00,0.0
2021-01-61 09:50:00,0.0
2021-01-61 10:00:00,0.0
2021-01-61 10:10:00,0.0
2021-01-61 10:20:00,0.0
2021-01-61 10:30:00,0.0
2021-01-61 10:40:00,0.0
2021-01-61 10:50:00,0.0
2021-01-61 11:00:00,0.0
2021-01-61 11:10:00,0.0
2021-01-61 11:20:00,0.0
2021-01-61 11:30:00,0.0
2021-01-61 11:40:00,0.0
2021-01-61 11:50:00,0.0
2021-01-61 12:00:00,0.0
2021-01-61 12:10:00,0.0
2021-01-61 12:20:00,0.0
2021-01-61 12:30:00,0.0
2021-01-61 12:40:00,0.0
2021-01-61 12:50:00,0.0
2021-01-61 13:00:00,0.0
2021-01-61 13:10:00,0.0
2021-01-61 13:20:00,0.0
2021-01-61 13:30:00,0.0
2021-01-61 13:40:00,0.0
2021-01-61 13:50:00,0.0
2021-01-61 14:00:00,0.0
2021-01-61 14:10:00,0.0
2021-01-61 14:20:00,0.0
2021-01-61 14:30:00,0.0
2021-01-61 14:40:00,0.0
2021-01-61 14:50:00,0.0
2021-01-61 15:00:00,0.0
2021-01-61 15:10:00,0.0
2021-01-61 15:20:00,0.0
2021-01-61 15:30:00,0.0
2021-01-61 15:40:00,0.0
2021-01-61 15:50:00,0.0
2021-01-61 16:00:00,0.0
2021-01-61 16:10:00,0.0
2021-01-61 16:20:00,0.0
2021-01-61 16:30:00,0.0
2021-01-61 16:40:00,0.0
2021-01-61 16:50:00,0.0
2021-01-61 17:00:00,0.0
2021-01-61 17:10:00,0.0
2021-01-61 17:20:00,0.0
2021-01-61 17:30:00,0.0
2021-01-61 17:40:00,0.0
2021-01-61 17:50:00,0.0
2021-01-61 18:00:00,0.0
2021-01-61 18:10:00,0.0
2021-01-61 18:20:00,0.0
2021-01-61 18:30:00,0.0
2021-01-61 18:40:00,0.0
2021-01-61 18:50:00,0.0
2021-01-61 19:00:00,0.0
2021-01-61 19:10:00,0.0
2021-01-61 19:20:00,0.0
2021-01-61 19:30:00,0.0
2021-01-61 19:40:00,0.0
2021-01-61 19:50:00,0.0
2021-01-61 20:00:00,0.0
2021-01-61 20:10:00,0.0
2021-01-61 20:20:00,0.0
2021-01-61 20:30:00,0.0
2021-01-61 20:40:00,0.0
2021-01-61 20:50:00,0.0
2021-01-61 21:00:00,0.0
2021-01-61 21:10:00,0.0
2021-01-61 21:20:00,0.0
2021-01-61 21:30:00,0.0
2021-01-61 21:40:00,0.0
2021-01-61 21:50:00,0.0
2021-01-61 22:00:00,0.0
2021-01-61 22:10:00,0.0
2021-01-61 22:20:00,0.0
2021-01-61 22:30:00,0.0
2021-01-61 22:40:00,0.0
2021-01-61 22:50:00,0.0
2021-01-61 23:00:00,0.0
2021-01-61 23:10:00,0.0
2021-01-61 23:20:00,0.0
2021-01-61 23:30:00,0.0
2021-01-61 23:40:00,0.0
2021-01-61 23:50:00,0.0
2021-01-62 00:00:00,0.0
2021-01-62 00:10:00,0.0
2021-01-62 00:20:00,0.0
2021-01-62 00:30:00,0.0
2021-01-62 00:40:00,0.0
2021-01-62 00:50:00,0.0
2021-01-62 01:00:00,0.0
2021-01-62 01:10:00,0.0
2021-01-62 01:20:00,0.0
2021-01-62 01:30:00,0.0
2021-01-62 01:40:00,0.0
2021-01-62 01:50:00,0.0
2021-01-62 02:00:00,0.0
2021-01-62 02:10:00,0.0
2021-01-62 02:20:00,0.0
2021-01-62 02:30:00,0.0
2021-01-62 02:40:00,0.0
2021-01-62 02:50:00,0.0
2021-01-62 03:00:00,0.0
2021-01-62 03:10:00,0.0
2021-01-62 03:20:00,0.0
2021-01-62 03:30:00,0.0
2021-01-62 03:40:00,0.0
2021-01-62 03:50:00,0.0
2021-01-62 04:00:00,0.0
2021-01-62 04:10:00,0.0
2021-01-62 04:20:00,0.0
2021-01-62 04:30:00,0.0
2021-01-62 04:40:00,0.0
2021-01-62 04:50:00,0.0
2021-01-62 05:00:00,0.0
2021-01-62 05:10:00,0.0
2021-01-62 05:20:00,0.0
2021-01-62 05:30:00,0.0
2021-01-62 05:40:00,0.0
2021-01-62 05:50:00,0.0
2021-01-62 06:00:00,0.0
2021-01-62 06:10:00,0.0
2021-01-62 06:20:00,0.0
2021-01-62 06:30:00,0.0
2021-01-62 06:40:00,0.0
2021-01-62 06:50:00,0.0
2021-01-62 07:00:00,0.0
2021-01-62 07:10:00,0.0
2021-01-62 07:20:00,0.0
2021-01-62 07:30:00,0.0
2021-01-62 07:40:00,0.0
2021-01-62 07:50:00,0.0
2021-01-62 08:00:00,0.0
2021-01-62 08:10:00,0.0
2021-01-62 08:20:00,0.0
2021-01-62 08:30:00,0.0
2021-01-62 08:40:00,0.0
2021-01-62 08:50:00,0.0
2021-01-62 09:00:00,0.0
2021-01-62 09:10:00,0.0
2021-01-62 09:20:00,0.0
2021-01-62 09:30:00,0.0
2021-01-62 09:40:00,0.0
2021-01-62 09:50:00,0.0
2021-01-62 10:00:00,0.0
2021-01-62 10:10:00,0.0
2021-01-62 10:20:00,0.0
2021-01-62 10:30:00,0.0
2021-01-62 10:40:00,0.0
2021-01-62 10:50:00,0.0
2021-01-62 11:00:00,0.0
2021-01-62 11:10:00,0.0
2021-01-62 11:20:00,0.0
2021-01-62 11:30:00,0.0
2021-01-62 11:40:00,0.0
2021-01-62 11:50:00,0.0
2021-01-62 12:00:00,0.0
2021-01-62 12:10:00,0.0
2021-01-62 12:20:00,0.0
2021-01-62 12:30:00,0.0
2021-01-62 12:40:00,0.0
2021-01-62 12:50:00,0.0
2021-01-62 13:00:00,0.0
2021-01-62 13:10:00,0.0
2021-01-62 13:20:00,0.0
2021-01-62 13:30:00,0.0
2021-01-62 13:40:00,0.0
2021-01-62 13:50:00,0.0
2021-01-62 14:00:00,0.0
2021-01-62 14:10:00,0.0
2021-01-62 14:20:00,0.0
2021-01-62 14:30:00,0.0
2021-01-62 14:40:00,0.0
2021-01-62 14:50:00,0.0
2021-01-62 15:00:00,0.0
2021-01-62 15:10:00,0.0
2021-01-62 15:20:00,0.0
2021-01-62 15:30:00,0.0
2021-01-62 15:40:00,0.0
2021-01-62 15:50:00,0.0
2021-01-62 16:00:00,0.0
2021-01-62 16:10:00,0.0
2021-01-62 16:20:00,0.0
2021-01-62 16:30:00,0.0
2021-01-62 16:40:00,0.0
2021-01-62 16:50:00,0.0
2021-01-62 17:00:00,0.0
2021-01-62 17:10:00,0.0
2021-01-62 17:20:00,0.0
2021-01-62 17:30:00,0.0
2021-01-62 17:40:00,0.0
2021-01-62 17:50:00,0.0
2021-01-62 18:00:00,0.0
2021-01-62 18:10:00,0.0
2021-01-62 18:20:00,0.0
2021-01-62 18:30:00,0.0
2021-01-62 18:40:00,0.0
2021-01-62 18:50:00,0.0
2021-01-62 19:00:00,0.0
2021-01-62 19:10:00,0.0
2021-01-62 19:20:00,0.0
2021-01-62 19:30:00,0.0
2021-01-62 19:40:00,0.0
2021-01-62 19:50:00,0.0
2021-01-62 20:00:00,0.0
2021-01-62 20:10:00,0.0
2021-01-62 20:20:00,0.0
2021-01-62 20:30:00,0.0
2021-01-62 20:40:00,0.0
2021-01-62 20:50:00,0.0
2021-01-62 21:00:00,0.0
2021-01-62 21:10:00,0.0
2021-01-62 21:20:00,0.0
2021-01-62 21:30:00,0.0
2021-01-62 21:40:00,0.0
2021-01-62 21:50:00,0.0
2021-01-62 22:00:00,0.0
2021-01-62 22:10:00,0.0
2021-01-62 22:20:00,0.0
2021-01-62 22:30:00,0.0
2021-01-62 22:40:00,0.0
2021-01-62 22:50:00,0.0
2021-01-62 23:00:00,0.0
2021-01-62 23:10:00,0.0
2021-01-62 23:20:00,0.0
2021-01-62 23:30:00,0.0
2021-01-62 23:40:00,0.0
2021-01-62 23:50:00,0.0
2021-01-63 00:00:00,0.0
2021-01-63 00:10:00,0.0
2021-01-63 00:20:00,0.0
2021-01-63 00:30:00,0.0
2021-01-63 00:40:00,0.0
2021-01-63 00:50:00,0.0
2021-01-63 01:00:00,0.0
2021-01-63 01:10:00,0.0
2021-01-63 01:20:00,0.0
2021-01-63 01:30:00,0.0
2021-01-63 01:40:00,0.0
2021-01-63 01:50:00,0.0
2021-01-63 02:00:00,0.0
2021-01-63 02:10:00,0.0
2021-01-63 02:20:00,0.0
2021-01-63 02:30:00,0.0
2021-01-63 02:40:00,0.0
2021-01-63 02:50:00,0.0
2021-01-63 03:00:00,0.0
2021-01-63 03:10:00,0.0
2021-01-63 03:20:00,0.0
2021-01-63 03:30:00,0.0
2021-01-63 03:40:00,0.0
2021-01-63 03:50:00,0.0
2021-01-63 04:00:00,0.0
2021-01-63 04:10:00,0.0
2021-01-63 04:20:00,0.0
2021-01-63 04:30:00,0.0
2021-01-63 04:40:00,0.0
2021-01-63 04:50:00,0.0
2021-01-63 05:00:00,0.0
2021-01-63 05:10:00,0.0
2021-01-63 05:20:00,0.0
2021-01-63 05:30:00,0.0
2021-01-63 05:40:00,0.0
2021-01-63 05:50:00,0.0
2021-01-63 06:00:00,0.0
2021-01-63 06:10:00,0.0
2021-01-63 06:20:00,0.0
2021-01-63 06:30:00,0.0
2021-01-63 06:40:00,0.0
2021-01-63 06:50:00,0.0
2021-01-63 07:00:00,0.0
2021-01-63 07:10:00,0.0
2021-01-63 07:20:00,0.0
2021-01-63 07:30:00,0.0
2021-01-63 07:40:00,0.0
2021-01-63 07:50:00,0.0
2021-01-63 08:00:00,0.0
2021-01-63 08:10:00,0.0
2021-01-63 08:20:00,0.0
2021-01-63 08:30:00,0.0
2021-01-63 08:40:00,0.0
2021-01-63 08:50:00,0.0
2021-01-63 09:00:00,0.0
2021-01-63 09:10:00,0.0
2021-01-63 09:20:00,0.0
2021-01-63 09:30:00,0.0
2021-01-63 09:40:00,0.0
2021-01-63 09:50:00,0.0
2021-01-63 10:00:00,0.0
2021-01-63 10:10:00,0.0
2021-01-63 10:20:00,0.0
2021-01-63 10:30:00,0.0
2021-01-63 10:40:00,0.0
2021-01-63 10:50:00,0.0
2021-01-63 11:00:00,0.0
2021-01-63 11:10:00,0.0
2021-01-63 11:20:00,0.0
2021-01-63 11:30:00,0.0
2021-01-63 11:40:00,0.0
2021-01-63 11:50:00,0.0
2021-01-63 12:00:00,0.0
2021-01-63 12:10:00,0.0
2021-01-63 12:20:00,0.0
2021-01-63 12:30:00,0.0
2021-01-63 12:40:00,0.0
2021-01-63 12:50:00,0.0
2021-01-63 13:00:00,0.0
2021-01-63 13:10:00,0.0
2021-01-63 13:20:00,0.0
2021-01-63 13:30:00,0.0
2021-01-63 13:40:00,0.0
2021-01-63 13:50:00,0.0
2021-01-63 14:00:00,0.0
2021-01-63 14:10:00,0.0
2021-01-63 14:20:00,0.0
2021-01-63 14:30:00,0.0
2021-01-63 14:40:00,0.0
2021-01-63 14:50:00,0.0
2021-01-63 15:00:00,0.0
2021-01-63 15:10:00,0.0
2021-01-63 15:20:00,0.0
2021-01-63 15:30:00,0.0
2021-01-63 15:40:00,0.0
2021-01-63 15:50:00,0.0
2021-01-63 16:00:00,0.0
2021-01-63 16:10:00,0.0
2021-01-63 16:20:00,0.0
2021-01-63 16:30:00,0.0
2021-01-63 16:40:00,0.0
2021-01-63 16:50:00,0.0
2021-01-63 17:00:00,0.0
2021-01-63 17:10:00,0.0
2021-01-63 17:20:00,0.0
2021-01-63 17:30:00,0.0
2021-01-63 17:40:00,0.0
2021-01-63 17:50:00,0.0
2021-01-63 18:00:00,0.0
2021-01-63 18:10:00,0.0
2021-01-63 18:20:00,0.0
2021-01-63 18:30:00,0.0
2021-01-63 18:40:00,0.0
2021-01-63 18:50:00,0.0
2021-01-63 19:00:00,0.0
2021-01-63 19:10:00,0.0
2021-01-63 19:20:00,0.0
2021-01-63 19:30:00,0.0
2021-01-63 19:40:00,0.0
2021-01-63 19:50:00,0.0
2021-01-63 20:00:00,0.0
2021-01-63 20:10:00,0.0
2021-01-63 20:20:00,0.0
2021-01-63 20:30:00,0.0
2021-01-63 20:40:00,0.0
2021-01-63 20:50:00,0.0
2021-01-63 21:00:00,0.0
2021-01-63 21:10:00,0.0
2021-01-63 21:20:00,0.0
2021-01-63 21:30:00,0.0
2021-01-63 21:40:00,0.0
2021-01-63 21:50:00,0.0
2021-01-63 22:00:00,0.0
2021-01-63 22:10:00,0.0
2021-01-63 22:20:00,0.0
2021-01-63 22:30:00,0.0
2021-01-63 22:40:00,0.0
2021-01-63 22:50:00,0.0
2021-01-63 23:00:00,0.0
2021-01-63 23:10:00,0.0
2021-01-63 23:20:00,0.0
2021-01-63 23:30:00,0.0
2021-01-63 23:40:00,0.0
2021-01-63 23:50:00,0.0
2021-01-64 00:00:00,0.0
2021-01-64 00:10:00,0.0
2021-01-64 00:20:00,0.0
2021-01-64 00:30:00,0.0
2021-01-64 00:40:00,0.0
2021-01-64 00:50:00,0.0
2021-01-64 01:00:00,0.0
2021-01-64 01:10:00,0.0
2021-01-64 01:20:00,0.0
2021-01-64 01:30:00,0.0
2021-01-64 01:40:00,0.0
2021-01-64 01:50:00,0.0
2021-01-64 02:00:00,0.0
2021-01-64 02:10:00,0.0
2021-01-64 02:20:00,0.0
2021-01-64 02:30:00,0.0
2021-01-64 02:40:00,0.0
2021-01-64 02:50:00,0.0
2021-01-64 03:00:00,0.0
2021-01-64 03:10:00,0.0
2021-01-64 03:20:00,0.0
2021-01-64 03:30:00,0.0
2021-01-64 03:40:00,0.0
2021-01-64 03:50:00,0.0
2021-01-64 04:00:00,0.0
2021-01-64 04:10:00,0.0
2021-01-64 04:20:00,0.0
2021-01-64 04:30:00,0.0
2021-01-64 04:40:00,0.0
2021-01-64 04:50:00,0.0
2021-01-64 05:00:00,0.0
2021-01-64 05:10:00,0.0
2021-01-64 05:20:00,0.0
2021-01-64 05:30:00,0.0
2021-01-64 05:40:00,0.0
2021-01-64 05:50:00,0.0
2021-01-64 06:00:00,0.0
2021-01-64 06:10:00,0.0
2021-01-64 06:20:00,0.0
2021-01-64 06:30:00,0.0
2021-01-64 06:40:00,0.0
2021-01-64 06:50:00,0.0
2021-01-64 07:00:00,0.0
2021-01-64 07:10:00,0.0
2021-01-64 07:20:00,0.0
2021-01-64 07:30:00,0.0
2021-01-64 07:40:00,0.0
2021-01-64 07:50:00,0.0
2021-01-64 08:00:00,0.0
2021-01-64 08:10:00,0.0
2021-01-64 08:20:00,0.0
2021-01-64 08:30:00,0.0
2021-01-64 08:40:00,0.0
2021-01-64 08:50:00,0.0
2021-01-64 09:00:00,0.0
2021-01-64 09:10:00,0.0
2021-01-64 09:20:00,0.0
2021-01-64 09:30:00,0.0
2021-01-64 09:40:00,0.0
2021-01-64 09:50:00,0.0
2021-01-64 10:00:00,0.0
2021-01-64 10:10:00,0.0
2021-01-64 10:20:00,0.0
2021-01-64 10:30:00,0.0
2021-01-64 10:40:00,0.0
2021-01-64 10:50:00,0.0
2021-01-64 11:00:00,0.0
2021-01-64 11:10:00,0.0
2021-01-64 11:20:00,0.0
2021-01-64 11:30:00,0.0
2021-01-64 11:40:00,0.0
2021-01-64 11:50:00,0.0
2021-01-64 12:00:00,0.0
2021-01-64 12:10:00,0.0
2021-01-64 12:20:00,0.0
2021-01-64 12:30:00,0.0
2021-01-64 12:40:00,0.0
2021-01-64 12:50:00,0.0
2021-01-64 13:00:00,0.0
2021-01-64 13:10:00,0.0
2021-01-64 13:20:00,0.0
2021-01-64 13:30:00,0.0
2021-01-64 13:40:00,0.0
2021-01-64 13:50:00,0.0
2021-01-64 14:00:00,0.0
2021-01-64 14:10:00,0.0
2021-01-64 14:20:00,0.0
2021-01-64 14:30:00,0.0
2021-01-64 14:40:00,0.0
2021-01-64 14:50:00,0.0
2021-01-64 15:00:00,0.0
2021-01-64 15:10:00,0.0
2021-01-64 15:20:00,0.0
2021-01-64 15:30:00,0.0
2021-01-64 15:40:00,0.0
2021-01-64 15:50:00,0.0
2021-01-64 16:00:00,0.0
2021-01-64 16:10:00,0.0
2021-01-64 16:20:00,0.0
2021-01-64 16:30:00,0.0
2021-01-64 16:40:00,0.0
2021-01-64 16:50:00,0.0
2021-01-64 17:00:00,0.0
2021-01-64 17:10:00,0.0
2021-01-64 17:20:00,0.0
2021-01-64 17:30:00,0.0
2021-01-64 17:40:00,0.0
2021-01-64 17:50:00,0.0
2021-01-64 18:00:00,0.0
2021-01-64 18:10:00,0.0
2021-01-64 18:20:00,0.0
2021-01-64 18:30:00,0.0
2021-01-64 18:40:00,0.0
2021-01-64 18:50:00,0.0
2021-01-64 19:00:00,0.0
2021-01-64 19:10:00,0.0
2021-01-64 19:20:00,0.0
2021-01-64 19:30:00,0.0
2021-01-64 19:40:00,0.0
2021-01-64 19:50:00,0.0
2021-01-64 20:00:00,0.0
2021-01-64 20:10:00,0.0
2021-01-64 20:20:00,0.0
2021-01-64 20:30:00,0.0
2021-01-64 20:40:00,0.0
2021-01-64 20:50:00,0.0
2021-01-64 21:00:00,0.0
2021-01-64 21:10:00,0.0
2021-01-64 21:20:00,0.0
2021-01-64 21:30:00,0.0
2021-01-64 21:40:00,0.0
2021-01-64 21:50:00,0.0
2021-01-64 22:00:00,0.0
2021-01-64 22:10:00,0.0
2021-01-64 22:20:00,0.0
2021-01-64 22:30:00,0.0
2021-01-64 22:40:00,0.0
2021-01-64 22:50:00,0.0
2021-01-64 23:00:00,0.0
2021-01-64 23:10:00,0.0
2021-01-64 23:20:00,0.0
2021-01-64 23:30:00,0.0
2021-01-64 23:40:00,0.0
2021-01-64 23:50:00,0.0
2021-01-65 00:00:00,0.0
2021-01-65 00:10:00,0.0
2021-01-65 00:20:00,0.0
2021-01-65 00:30:00,0.0
2021-01-65 00:40:00,0.0
2021-01-65 00:50:00,0.0
2021-01-65 01:00:00,0.0
2021-01-65 01:10:00,0.0
2021-01-65 01:20:00,0.0
2021-01-65 01:30:00,0.0
2021-01-65 01:40:00,0.0
2021-01-65 01:50:00,0.0
2021-01-65 02:00:00,0.0
2021-01-65 02:10:00,0.0
2021-01-65 02:20:00,0.0
2021-01-65 02:30:00,0.0
2021-01-65 02:40:00,0.0
2021-01-65 02:50:00,0.0
2021-01-65 03:00:00,0.0
2021-01-65 03:10:00,0.0
2021-01-65 03:20:00,0.0
2021-01-65 03:30:00,0.0
2021-01-65 03:40:00,0.0
2021-01-65 03:50:00,0.0
2021-01-65 04:00:00,0.0
2021-01-65 04:10:00,0.0
2021-01-65 04:20:00,0.0
2021-01-65 04:30:00,0.0
2021-01-65 04:40:00,0.0
2021-01-65 04:50:00,0.0
2021-01-65 05:00:00,0.0
2021-01-65 05:10:00,0.0
2021-01-65 05:20:00,0.0
2021-01-65 05:30:00,0.0
2021-01-65 05:40:00,0.0
2021-01-65 05:50:00,0.0
2021-01-65 06:00:00,0.0
2021-01-65 06:10:00,0.0
2021-01-65 06:20:00,0.0
2021-01-65 06:30:00,0.0
2021-01-65 06:40:00,0.0
2021-01-65 06:50:00,0.0
2021-01-65 07:00:00,0.0
2021-01-65 07:10:00,0.0
2021-01-65 07:20:00,0.0
2021-01-65 07:30:00,0.0
2021-01-65 07:40:00,0.0
2021-01-65 07:50:00,0.0
2021-01-65 08:00:00,0.0
2021-01-65 08:10:00,0.0
2021-01-65 08:20:00,0.0
2021-01-65 08:30:00,0.0
2021-01-65 08:40:00,0.0
2021-01-65 08:50:00,0.0
2021-01-65 09:00:00,0.0
2021-01-65 09:10:00,0.0
2021-01-65 09:20:00,0.0
2021-01-65 09:30:00,0.0
2021-01-65 09:40:00,0.0
2021-01-65 09:50:00,0.0
2021-01-65 10:00:00,0.0
2021-01-65 10:10:00,0.0
2021-01-65 10:20:00,0.0
2021-01-65 10:30:00,0.0
2021-01-65 10:40:00,0.0
2021-01-65 10:50:00,0.0
2021-01-65 11:00:00,0.0
2021-01-65 11:10:00,0.0
2021-01-65 11:20:00,0.0
2021-01-65 11:30:00,0.0
2021-01-65 11:40:00,0.0
2021-01-65 11:50:00,0.0
2021-01-65 12:00:00,0.0
2021-01-65 12:10:00,0.0
2021-01-65 12:20:00,0.0
2021-01-65 12:30:00,0.0
2021-01-65 12:40:00,0.0
2021-01-65 12:50:00,0.0
2021-01-65 13:00:00,0.0
2021-01-65 13:10:00,0.0
2021-01-65 13:20:00,0.0
2021-01-65 13:30:00,0.0
2021-01-65 13:40:00,0.0
2021-01-65 13:50:00,0.0
2021-01-65 14:00:00,0.0
2021-01-65 14:10:00,0.0
2021-01-65 14:20:00,0.0
2021-01-65 14:30:00,0.0
2021-01-65 14:40:00,0.0
2021-01-65 14:50:00,0.0
2021-01-65 15:00:00,0.0
2021-01-65 15:10:00,0.0
2021-01-65 15:20:00,0.0
2021-01-65 15:30:00,0.0
2021-01-65 15:40:00,0.0
2021-01-65 15:50:00,0.0
2021-01-65 16:00:00,0.0
2021-01-65 16:10:00,0.0
2021-01-65 16:20:00,0.0
2021-01-65 16:30:00,0.0
2021-01-65 16:40:00,0.0
2021-01-65 16:50:00,0.0
2021-01-65 17:00:00,0.0
2021-01-65 17:10:00,0.0
2021-01-65 17:20:00,0.0
2021-01-65 17:30:00,0.0
2021-01-65 17:40:00,0.0
2021-01-65 17:50:00,0.0
2021-01-65 18:00:00,0.0
2021-01-65 18:10:00,0.0
2021-01-65 18:20:00,0.0
2021-01-65 18:30:00,0.0
2021-01-65 18:40:00,0.0
2021-01-65 18:50:00,0.0
2021-01-65 19:00:00,0.0
2021-01-65 19:10:00,0.0
2021-01-65 19:20:00,0.0
2021-01-65 19:30:00,0.0
2021-01-65 19:40:00,0.0
2021-01-65 19:50:00,0.0
2021-01-65 20:00:00,0.0
2021-01-65 20:10:00,0.0
2021-01-65 20:20:00,0.0
2021-01-65 20:30:00,0.0
2021-01-65 20:40:00,0.0
2021-01-65 20:50:00,0.0
2021-01-65 21:00:00,0.0
2021-01-65 21:10:00,0.0
2021-01-65 21:20:00,0.0
2021-01-65 21:30:00,0.0
2021-01-65 21:40:00,0.0
2021-01-65 21:50:00,0.0
2021-01-65 22:00:00,0.0
2021-01-65 22:10:00,0.0
2021-01-65 22:20:00,0.0
2021-01-65 22:30:00,0.0
2021-01-65 22:40:00,0.0
2021-01-65 22:50:00,0.0
2021-01-65 23:00:00,0.0
2021-01-65 23:10:00,0.0
2021-01-65 23:20:00,0.0
2021-01-65 23:30:00,0.0
2021-01-65 23:40:00,0.0
2021-01-65 23:50:00,0.0
2021-01-66 00:00:00,0.0
2021-01-66 00:10:00,0.0
2021-01-66 00:20:00,0.0
2021-01-66 00:30:00,0.0
2021-01-66 00:40:00,0.0
2021-01-66 00:50:00,0.0
2021-01-66 01:00:00,0.0
2021-01-66 01:10:00,0.0
2021-01-66 01:20:00,0.0
2021-01-66 01:30:00,0.0
2021-01-66 01:40:00,0.0
2021-01-66 01:50:00,0.0
2021-01-66 02:00:00,0.0
2021-01-66 02:10:00,0.0
2021-01-66 02:20:00,0.0
2021-01-66 02:30:00,0.0
2021-01-66 02:40:00,0.0
2021-01-66 02:50:00,0.0
2021-01-66 03:00:00,0.0
2021-01-66 03:10:00,0.0
2021-01-66 03:20:00,0.0
2021-01-66 03:30:00,0.0
2021-01-66 03:40:00,0.0
2021-01-66 03:50:00,0.0
2021-01-66 04:00:00,0.0
2021-01-66 04:10:00,0.0
2021-01-66 04:20:00,0.0
2021-01-66 04:30:00,0.0
2021-01-66 04:40:00,0.0
2021-01-66 04:50:00,0.0
2021-01-66 05:00:00,0.0
2021-01-66 05:10:00,0.0
2021-01-66 05:20:00,0.0
2021-01-66 05:30:00,0.0
2021-01-66 05:40:00,0.0
2021-01-66 05:50:00,0.0
2021-01-66 06:00:00,0.0
2021-01-66 06:10:00,0.0
2021-01-66 06:20:00,0.0
2021-01-66 06:30:00,0.0
2021-01-66 06:40:00,0.0
2021-01-66 06:50:00,0.0
2021-01-66 07:00:00,0.0
2021-01-66 07:10:00,0.0
2021-01-66 07:20:00,0.0
2021-01-66 07:30:00,0.0
2021-01-66 07:40:00,0.0
2021-01-66 07:50:00,0.0
2021-01-66 08:00:00,0.0
2021-01-66 08:10:00,0.0
2021-01-66 08:20:00,0.0
2021-01-66 08:30:00,0.0
2021-01-66 08:40:00,0.0
2021-01-66 08:50:00,0.0
2021-01-66 09:00:00,0.0
2021-01-66 09:10:00,0.0
2021-01-66 09:20:00,0.0
2021-01-66 09:30:00,0.0
2021-01-66 09:40:00,0.0
2021-01-66 09:50:00,0.0
2021-01-66 10:00:00,0.0
2021-01-66 10:10:00,0.0
2021-01-66 10:20:00,0.0
2021-01-66 10:30:00,0.0
2021-01-66 10:40:00,0.0
2021-01-66 10:50:00,0.0
2021-01-66 11:00:00,0.0
2021-01-66 11:10:00,0.0
2021-01-66 11:20:00,0.0
2021-01-66 11:30:00,0.0
2021-01-66 11:40:00,0.0
2021-01-66 11:50:00,0.0
2021-01-66 12:00:00,0.0
2021-01-66 12:10:00,0.0
2021-01-66 12:20:00,0.0
2021-01-66 12:30:00,0.0
2021-01-66 12:40:00,0.0
2021-01-66 12:50:00,0.0
2021-01-66 13:00:00,0.0
2021-01-66 13:10:00,0.0
2021-01-66 13:20:00,0.0
2021-01-66 13:30:00,0.0
2021-01-66 13:40:00,0.0
2021-01-66 13:50:00,0.0
2021-01-66 14:00:00,0.0
2021-01-66 14:10:00,0.0
2021-01-66 14:20:00,0.0
2021-01-66 14:30:00,0.0
2021-01-66 14:40:00,0.0
2021-01-66 14:50:00,0.0
2021-01-66 15:00:00,0.0
2021-01-66 15:10:00,0.0
2021-01-66 15:20:00,0.0
2021-01-66 15:30:00,0.0
2021-01-66 15:40:00,0.0
2021-01-66 15:50:00,0.0
2021-01-66 16:00:00,0.0
2021-01-66 16:10:00,0.0
2021-01-66 16:20:00,0.0
2021-01-66 16:30:00,0.0
2021-01-66 16:40:00,0.0
2021-01-66 16:50:00,0.0
2021-01-66 17:00:00,0.0
2021-01-66 17:10:00,0.0
2021-01-66 17:20:00,0.0
2021-01-66 17:30:00,0.0
2021-01-66 17:40:00,0.0
2021-01-66 17:50:00,0.0
2021-01-66 18:00:00,0.0
2021-01-66 18:10:00,0.0
2021-01-66 18:20:00,0.0
2021-01-66 18:30:00,0.0
2021-01-66 18:40:00,0.0
2021-01-66 18:50:00,0.0
2021-01-66 19:00:00,0.0
2021-01-66 19:10:00,0.0
2021-01-66 19:20:00,0.0
2021-01-66 19:30:00,0.0
2021-01-66 19:40:00,0.0
2021-01-66 19:50:00,0.0
2021-01-66 20:00:00,0.0
2021-01-66 20:10:00,0.0
2021-01-66 20:20:00,0.0
2021-01-66 20:30:00,0.0
2021-01-66 20:40:00,0.0
2021-01-66 20:50:00,0.0
2021-01-66 21:00:00,0.0
2021-01-66 21:10:00,0.0
2021-01-66 21:20:00,0.0
2021-01-66 21:30:00,0.0
2021-01-66 21:40:00,0.0
2021-01-66 21:50:00,0.0
2021-01-66 22:00:00,0.0
2021-01-66 22:10:00,0.0
2021-01-66 22:20:00,0.0
2021-01-66 22:30:00,0.0
2021-01-66 22:40:00,0.0
2021-01-66 22:50:00,0.0
2021-01-66 23:00:00,0.0
2021-01-66 23:10:00,0.0
2021-01-66 23:20:00,0.0
2021-01-66 23:30:00,0.0
2021-01-66 23:40:00,0.0
2021-01-66 23:50:00,0.0
2021-01-67 00:00:00,0.0
2021-01-67 00:10:00,0.0
2021-01-67 00:20:00,0.0
2021-01-67 00:30:00,0.0
2021-01-67 00:40:00,0.0
2021-01-67 00:50:00,0.0
2021-01-67 01:00:00,0.0
2021-01-67 01:10:00,0.0
2021-01-67 01:20:00,0.0
2021-01-67 01:30:00,0.0
2021-01-67 01:40:00,0.0
2021-01-67 01:50:00,0.0
2021-01-67 02:00:00,0.0
2021-01-67 02:10:00,0.0
2021-01-67 02:20:00,0.0
2021-01-67 02:30:00,0.0
2021-01-67 02:40:00,0.0
2021-01-67 02:50:00,0.0
2021-01-67 03:00:00,0.0
2021-01-67 03:10:00,0.0
2021-01-67 03:20:00,0.0
2021-01-67 03:30:00,0.0
2021-01-67 03:40:00,0.0
2021-01-67 03:50:00,0.0
2021-01-67 04:00:00,0.0
2021-01-67 04:10:00,0.0
2021-01-67 04:20:00,0.0
2021-01-67 04:30:00,0.0
2021-01-67 04:40:00,0.0
2021-01-67 04:50:00,0.0
2021-01-67 05:00:00,0.0
2021-01-67 05:10:00,0.0
2021-01-67 05:20:00,0.0
2021-01-67 05:30:00,0.0
2021-01-67 05:40:00,0.0
2021-01-67 05:50:00,0.0
2021-01-67 06:00:00,0.0
2021-01-67 06:10:00,0.0
2021-01-67 06:20:00,0.0
2021-01-67 06:30:00,0.0
2021-01-67 06:40:00,0.0
2021-01-67 06:50:00,0.0
2021-01-67 07:00:00,0.0
2021-01-67 07:10:00,0.0
2021-01-67 07:20:00,0.0
2021-01-67 07:30:00,0.0
2021-01-67 07:40:00,0.0
2021-01-67 07:50:00,0.0
2021-01-67 08:00:00,0.0
2021-01-67 08:10:00,0.0
2021-01-67 08:20:00,0.0
2021-01-67 08:30:00,0.0
2021-01-67 08:40:00,0.0
2021-01-67 08:50:00,0.0
2021-01-67 09:00:00,0.0
2021-01-67 09:10:00,0.0
2021-01-67 09:20:00,0.0
2021-01-67 09:30:00,0.0
2021-01-67 09:40:00,0.0
2021-01-67 09:50:00,0.0
2021-01-67 10:00:00,0.0
2021-01-67 10:10:00,0.0
2021-01-67 10:20:00,0.0
2021-01-67 10:30:00,0.0
2021-01-67 10:40:00,0.0
2021-01-67 10:50:00,0.0
2021-01-67 11:00:00,0.0
2021-01-67 11:10:00,0.0
2021-01-67 11:20:00,0.0
2021-01-67 11:30:00,0.0
2021-01-67 11:40:00,0.0
2021-01-67 11:50:00,0.0
2021-01-67 12:00:00,0.0
2021-01-67 12:10:00,0.0
2021-01-67 12:20:00,0.0
2021-01-67 12:30:00,0.0
2021-01-67 12:40:00,0.0
2021-01-67 12:50:00,0.0
2021-01-67 13:00:00,0.0
2021-01-67 13:10:00,0.0
2021-01-67 13:20:00,0.0
2021-01-67 13:30:00,0.0
2021-01-67 13:40:00,0.0
2021-01-67 13:50:00,0.0
2021-01-67 14:00:00,0.0
2021-01-67 14:10:00,0.0
2021-01-67 14:20:00,0.0
2021-01-67 14:30:00,0.0
2021-01-67 14:40:00,0.0
2021-01-67 14:50:00,0.0
2021-01-67 15:00:00,0.0
2021-01-67 15:10:00,0.0
2021-01-67 15:20:00,0.0
2021-01-67 15:30:00,0.0
2021-01-67 15:40:00,0.0
2021-01-67 15:50:00,0.0
2021-01-67 16:00:00,0.0
2021-01-67 16:10:00,0.812
2021-01-67 16:20:00,1.623
2021-01-67 16:30:00,2.435
2021-01-67 16:40:00,3.246
2021-01-67 16:50:00,4.058
2021-01-67 17:00:00,4.869
2021-01-67 17:10:00,5.681
2021-01-67 17:20:00,6.492
2021-01-67 17:30:00,7.304
2021-01-67 17:40:00,8.115
2021-01-67 17:50:00,8.926
2021-01-67 18:00:00,9.737
2021-01-67 18:10:00,10.548
2021-01-67 18:20:00,11.36
2021-01-67 18:30:00,12.171
2021-01-67 18:40:00,12.981
2021-01-67 18:50:00,13.792
2021-01-67 19:00:00,14.603
2021-01-67 19:10:00,15.414
2021-01-67 19:20:00,16.224
2021-01-67 19:30:00,17.035
2021-01-67 19:40:00,17.845
2021-01-67 19:50:00,18.655
2021-01-67 20:00:00,19.465
2021-01-67 20:10:00,20.275
2021-01-67 20:20:00,21.085
2021-01-67 20:30:00,21.894
2021-01-67 20:40:00,22.704
2021-01-67 20:50:00,23.513
2021-01-67 21:00:00,24.322
2021-01-67 21:10:00,25.131
2021-01-67 21:20:00,25.94
2021-01-67 21:30:00,26.749
2021-01-67 21:40:00,27.557
2021-01-67 21:50:00,28.366
2021-01-67 22:00:00,29.174
2021-01-67 22:10:00,29.981
2021-01-67 22:20:00,30.789
2021-01-67 22:30:00,31.597
2021-01-67 22:40:00,32.404
2021-01-67 22:50:00,33.211
2021-01-67 23:00:00,34.018
2021-01-67 23:10:00,34.824
2021-01-67 23:20:00,35.631
2021-01-67 23:30:00,36.437
2021-01-67 23:40:00,37.242
2021-01-67 23:50:00,38.048
2021-01-68 00:00:00,38.853
2021-01-68 00:10:00,39.658
2021-01-68 00:20:00,40.463
2021-01-68 00:30:00,41.268
2021-01-68 00:40:00,42.072
2021-01-68 00:50:00,42.876
2021-01-68 01:00:00,43.679
2021-01-68 01:10:00,44.483
2021-01-68 01:20:00,45.286
2021-01-68 01:30:00,46.088
2021-01-68 01:40:00,46.891
2021-01-68 01:50:00,47.693
2021-01-68 02:00:00,48.495
2021-01-68 02:10:00,49.296
2021-01-68 02:20:00,50.097
2021-01-68 02:30:00,50.898
2021-01-68 02:40:00,51.698
2021-01-68 02:50:00,52.498
2021-01-68 03:00:00,53.298
2021-01-68 03:10:00,54.097
2021-01-68 03:20:00,54.896
2021-01-68 03:30:00,55.695
2021-01-68 03:40:00,56.493
2021-01-68 03:50:00,57.291
2021-01-68 04:00:00,58.088
2021-01-68 04:10:00,58.885
2021-01-68 04:20:00,59.682
2021-01-68 04:30:00,60.478
2021-01-68 04:40:00,61.274
2021-01-68 04:50:00,62.069
2021-01-68 05:00:00,62.864
2021-01-68 05:10:00,63.659
2021-01-68 05:20:00,64.453
2021-01-68 05:30:00,65.246
2021-01-68 05:40:00,66.039
2021-01-68 05:50:00,66.832
2021-01-68 06:00:00,67.624
2021-01-68 06:10:00,68.416
2021-01-68 06:20:00,69.208
2021-01-68 06:30:00,69.998
2021-01-68 06:40:00,70.789
2021-01-68 06:50:00,71.579
2021-01-68 07:00:00,72.368
2021-01-68 07:10:00,73.157
2021-01-68 07:20:00,73.945
2021-01-68 07:30:00,74.733
2021-01-68 07:40:00,75.521
2021-01-68 07:50:00,76.308
2021-01-68 08:00:00,77.094
2021-01-68 08:10:00,77.88
2021-01-68 08:20:00,78.665
2021-01-68 08:30:00,79.45
2021-01-68 08:40:00,80.234
2021-01-68 08:50:00,81.018
2021-01-68 09:00:00,81.801
2021-01-68 09:10:00,82.583
2021-01-68 09:20:00,83.365
2021-01-68 09:30:00,84.147
2021-01-68 09:40:00,84.927
2021-01-68 09:50:00,85.708
2021-01-68 10:00:00,86.487
2021-01-68 10:10:00,87.266
2021-01-68 10:20:00,88.045
2021-01-68 10:30:00,88.823
2021-01-68 10:40:00,89.6
2021-01-68 10:50:00,90.376
2021-01-68 11:00:00,91.153
2021-01-68 11:10:00,91.928
2021-01-68 11:20:00,92.703
2021-01-68 11:30:00,93.477
2021-01-68 11:40:00,94.25
2021-01-68 11:50:00,95.023
2021-01-68 12:00:00,95.795
2021-01-68 12:10:00,96.567
2021-01-68 12:20:00,97.338
2021-01-68 12:30:00,98.108
2021-01-68 12:40:00,98.877
2021-01-68 12:50:00,99.646
2021-01-68 13:00:00,100.414
2021-01-68 13:10:00,101.182
2021-01-68 13:20:00,101.949
2021-01-68 13:30:00,102.715
2021-01-68 13:40:00,103.48
2021-01-68 13:50:00,104.245
2021-01-68 14:00:00,105.009
2021-01-68 14:10:00,105.772
2021-01-68 14:20:00,106.535
2021-01-68 14:30:00,107.296
2021-01-68 14:40:00,108.057
2021-01-68 14:50:00,108.818
2021-01-68 15:00:00,109.577
2021-01-68 15:10:00,110.336
2021-01-68 15:20:00,111.094
2021-01-68 15:30:00,111.851
2021-01-68 15:40:00,112.608
2021-01-68 15:50:00,113.364
2021-01-68 16:00:00,114.119
2021-01-68 16:10:00,114.873
2021-01-68 16:20:00,115.626
2021-01-68 16:30:00,116.379
2021-01-68 16:40:00,117.131
2021-01-68 16:50:00,117.882
2021-01-68 17:00:00,118.632
2021-01-68 17:10:00,119.381
2021-01-68 17:20:00,120.13
2021-01-68 17:30:00,120.878
2021-01-68 17:40:00,121.625
2021-01-68 17:50:00,122.371
2021-01-68 18:00:00,123.116
2021-01-68 18:10:00,123.86
2021-01-68 18:20:00,124.604
2021-01-68 18:30:00,125.347
2021-01-68 18:40:00,126.088
2021-01-68 18:50:00,126.829
2021-01-68 19:00:00,127.569
2021-01-68 19:10:00,128.309
2021-01-68 19:20:00,129.047
2021-01-68 19:30:00,129.785
2021-01-68 19:40:00,130.521
2021-01-68 19:50:00,131.257
2021-01-68 20:00:00,131.992
2021-01-68 20:10:00,132.725
2021-01-68 20:20:00,133.458
2021-01-68 20:30:00,134.191
2021-01-68 20:40:00,134.922
2021-01-68 20:50:00,135.652
2021-01-68 21:00:00,136.381
2021-01-68 21:10:00,137.109
2021-01-68 21:20:00,137.837
2021-01-68 21:30:00,138.563
2021-01-68 21:40:00,139.289
2021-01-68 21:50:00,140.013
2021-01-68 22:00:00,140.737
2021-01-68 22:10:00,141.46
2021-01-68 22:20:00,142.181
2021-01-68 22:30:00,142.902
2021-01-68 22:40:00,143.622
2021-01-68 22:50:00,144.341
2021-01-68 23:00:00,145.058
2021-01-68 23:10:00,145.775
2021-01-68 23:20:00,146.491
2021-01-68 23:30:00,147.205
2021-01-68 23:40:00,147.919
2021-01-68 23:50:00,148.632
2021-01-69 00:00:00,149.344
2021-01-69 00:10:00,150.054
2021-01-69 00:20:00,150.764
2021-01-69 00:30:00,151.473
2021-01-69 00:40:00,152.18
2021-01-69 00:50:00,152.887
2021-01-69 01:00:00,153.592
2021-01-69 01:10:00,154.297
2021-01-69 01:20:00,155.0
2021-01-69 01:30:00,155.702
2021-01-69 01:40:00,156.404
2021-01-69 01:50:00,157.104
2021-01-69 02:00:00,157.803
2021-01-69 02:10:00,158.501
2021-01-69 02:20:00,159.198
2021-01-69 02:30:00,159.894
2021-01-69 02:40:00,160.588
2021-01-69 02:50:00,161.282
2021-01-69 03:00:00,161.975
2021-01-69 03:10:00,162.666
2021-01-69 03:20:00,163.356
2021-01-69 03:30:00,164.045
2021-01-69 03:40:00,164.734
2021-01-69 03:50:00,165.42
2021-01-69 04:00:00,166.106
2021-01-69 04:10:00,166.791
2021-01-69 04:20:00,167.474
2021-01-69 04:30:00,168.157
2021-01-69 04:40:00,168.838
2021-01-69 04:50:00,169.518
2021-01-69 05:00:00,170.197
2021-01-69 05:10:00,170.875
2021-01-69 05:20:00,171.551
2021-01-69 05:30:00,172.227
2021-01-69 05:40:00,172.901
2021-01-69 05:50:00,173.574
2021-01-69 06:00:00,174.246
2021-01-69 06:10:00,174.916
2021-01-69 06:20:00,175.586
2021-01-69 06:30:00,176.254
2021-01-69 06:40:00,176.921
2021-01-69 06:50:00,177.587
2021-01-69 07:00:00,178.252
2021-01-69 07:10:00,178.915
2021-01-69 07:20:00,179.577
2021-01-69 07:30:00,180.238
2021-01-69 07:40:00,180.898
2021-01-69 07:50:00,181.556
2021-01-69 08:00:00,182.213
2021-01-69 08:10:00,182.869
2021-01-69 08:20:00,183.524
2021-01-69 08:30:00,184.178
2021-01-69 08:40:00,184.83
2021-01-69 08:50:00,185.481
2021-01-69 09:00:00,186.13
2021-01-69 09:10:00,186.779
2021-01-69 09:20:00,187.426
2021-01-69 09:30:00,188.072
2021-01-69 09:40:00,188.716
2021-01-69 09:50:00,189.359
2021-01-69 10:00:00,190.001
2021-01-69 10:10:00,190.642
2021-01-69 10:20:00,191.281
2021-01-69 10:30:00,191.919
2021-01-69 10:40:00,192.556
2021-01-69 10:50:00,193.191
2021-01-69 11:00:00,193.825
2021-01-69 11:10:00,194.458
2021-01-69 11:20:00,195.089
2021-01-69 11:30:00,195.719
2021-01-69 11:40:00,196.348
2021-01-69 11:50:00,196.975
2021-01-69 12:00:00,197.601
2021-01-69 12:10:00,198.226
2021-01-69 12:20:00,198.849
2021-01-69 12:30:00,199.471
2021-01-69 12:40:00,200.092
2021-01-69 12:50:00,200.711
2021-01-69 13:00:00,201.329
2021-01-69 13:10:00,201.945
2021-01-69 13:20:00,202.56
2021-01-69 13:30:00,203.174
2021-01-69 13:40:00,203.786
2021-01-69 13:50:00,204.397
2021-01-69 14:00:00,205.007
2021-01-69 14:10:00,205.615
2021-01-69 14:20:00,206.221
2021-01-69 14:30:00,206.827
2021-01-69 14:40:00,207.43
2021-01-69 14:50:00,208.033
2021-01-69 15:00:00,208.634
2021-01-69 15:10:00,209.233
2021-01-69 15:20:00,209.832
2021-01-69 15:30:00,210.428
2021-01-69 15:40:00,211.023
2021-01-69 15:50:00,211.617
2021-01-69 16:00:00,212.21
2021-01-69 16:10:00,212.8
2021-01-69 16:20:00,213.39
2021-01-69 16:30:00,213.978
2021-01-69 16:40:00,214.564
2021-01-69 16:50:00,215.149
2021-01-69 17:00:00,215.733
2021-01-69 17:10:00,216.315
2021-01-69 17:20:00,216.896
2021-01-69 17:30:00,217.475
2021-01-69 17:40:00,218.052
2021-01-69 17:50:00,218.628
2021-01-69 18:00:00,219.203
2021-01-69 18:10:00,219.776
2021-01-69 18:20:00,220.348
2021-01-69 18:30:00,220.918
2021-01-69 18:40:00,221.487
2021-01-69 18:50:00,222.054
2021-01-69 19:00:00,222.619
2021-01-69 19:10:00,223.183
2021-01-69 19:20:00,223.746
2021-01-69 19:30:00,224.307
2021-01-69 19:40:00,224.866
2021-01-69 19:50:00,225.424
2021-01-69 20:00:00,225.98
2021-01-69 20:10:00,226.535
2021-01-69 20:20:00,227.088
2021-01-69 20:30:00,227.64
2021-01-69 20:40:00,228.19
2021-01-69 20:50:00,228.739
2021-01-69 21:00:00,229.286
2021-01-69 21:10:00,229.831
2021-01-69 21:20:00,230.375
2021-01-69 21:30:00,230.917
2021-01-69 21:40:00,231.458
2021-01-69 21:50:00,231.997
2021-01-69 22:00:00,232.534
2021-01-69 22:10:00,233.07
2021-01-69 22:20:00,233.605
2021-01-69 22:30:00,234.137
2021-01-69 22:40:00,234.668
2021-01-69 22:50:00,235.198
2021-01-69 23:00:00,235.726
2021-01-69 23:10:00,236.252
2021-01-69 23:20:00,236.777
2021-01-69 23:30:00,237.3
2021-01-69 23:40:00,237.821
2021-01-69 23:50:00,238.341
2021-01-70 00:00:00,238.859
2021-01-70 00:10:00,239.376
2021-01-70 00:20:00,239.89
2021-01-70 00:30:00,240.404
2021-01-70 00:40:00,240.915
2021-01-70 00:50:00,241.425
2021-01-70 01:00:00,241.933
2021-01-70 01:10:00,242.44
2021-01-70 01:20:00,242.945
2021-01-70 01:30:00,243.448
2021-01-70 01:40:00,243.95
2021-01-70 01:50:00,244.45
2021-01-70 02:00:00,244.948
2021-01-70 02:10:00,245.445
2021-01-70 02:20:00,245.94
2021-01-70 02:30:00,246.433
2021-01-70 02:40:00,246.924
2021-01-70 02:50:00,247.414
2021-01-70 03:00:00,247.902
2021-01-70 03:10:00,248.389
2021-01-70 03:20:00,248.873
2021-01-70 03:30:00,249.356
2021-01-70 03:40:00,249.838
2021-01-70 03:50:00,250.317
2021-01-70 04:00:00,250.795
2021-01-70 04:10:00,251.271
2021-01-70 04:20:00,251.746
2021-01-70 04:30:00,252.219
2021-01-70 04:40:00,252.69
2021-01-70 04:50:00,253.159
2021-01-70 05:00:00,253.626
2021-01-70 05:10:00,254.092
2021-01-70 05:20:00,254.556
2021-01-70 05:30:00,255.019
2021-01-70 05:40:00,255.479
2021-01-70 05:50:00,255.938
2021-01-70 06:00:00,256.395
2021-01-70 06:10:00,256.85
2021-01-70 06:20:00,257.304
2021-01-70 06:30:00,257.756
2021-01-70 06:40:00,258.206
2021-01-70 06:50:00,258.654
2021-01-70 07:00:00,259.1
2021-01-70 07:10:00,259.545
2021-01-70 07:20:00,259.988
2021-01-70 07:30:00,260.429
2021-01-70 07:40:00,260.868
2021-01-70 07:50:00,261.306
2021-01-70 08:00:00,261.742
2021-01-70 08:10:00,262.176
2021-01-70 08:20:00,262.608
2021-01-70 08:30:00,263.038
2021-01-70 08:40:00,263.467
2021-01-70 08:50:00,263.893
2021-01-70 09:00:00,264.318
2021-01-70 09:10:00,264.742
2021-01-70 09:20:00,265.163
2021-01-70 09:30:00,265.582
2021-01-70 09:40:00,266.0
2021-01-70 09:50:00,266.416
2021-01-70 10:00:00,266.83
2021-01-70 10:10:00,267.242
2021-01-70 10:20:00,267.653
2021-01-70 10:30:00,268.061
2021-01-70 10:40:00,268.468
2021-01-70 10:50:00,268.873
2021-01-70 11:00:00,269.276
2021-01-70 11:10:00,269.677
2021-01-70 11:20:00,270.076
2021-01-70 11:30:00,270.474
2021-01-70 11:40:00,270.869
2021-01-70 11:50:00,271.263
2021-01-70 12:00:00,271.655
2021-01-70 12:10:00,272.045
2021-01-70 12:20:00,272.433
2021-01-70 12:30:00,272.82
2021-01-70 12:40:00,273.204
2021-01-70 12:50:00,273.587
2021-01-70 13:00:00,273.967
2021-01-70 13:10:00,274.346
2021-01-70 13:20:00,274.723
2021-01-70 13:30:00,275.098
2021-01-70 13:40:00,275.471
2021-01-70 13:50:00,275.843
2021-01-70 14:00:00,276.212
2021-01-70 14:10:00,276.58
2021-01-70 14:20:00,276.945
2021-01-70 14:30:00,277.309
2021-01-70 14:40:00,277.671
2021-01-70 14:50:00,278.031
2021-01-70 15:00:00,278.389
2021-01-70 15:10:00,278.745
2021-01-70 15:20:00,279.099
2021-01-70 15:30:00,279.451
2021-01-70 15:40:00,279.801
2021-01-70 15:50:00,280.15
2021-01-70 16:00:00,280.496
2021-01-70 16:10:00,280.841
2021-01-70 16:20:00,281.184
2021-01-70 16:30:00,281.524
2021-01-70 16:40:00,281.863
2021-01-70 16:50:00,282.2
2021-01-70 17:00:00,282.535
2021-01-70 17:10:00,282.868
2021-01-70 17:20:00,283.199
2021-01-70 17:30:00,283.528
2021-01-70 17:40:00,283.855
2021-01-70 17:50:00,284.181
2021-01-70 18:00:00,284.504
2021-01-70 18:10:00,284.825
2021-01-70 18:20:00,285.145
2021-01-70 18:30:00,285.462
2021-01-70 18:40:00,285.778
2021-01-70 18:50:00,286.091
2021-01-70 19:00:00,286.403
2021-01-70 19:10:00,286.712
2021-01-70 19:20:00,287.02
2021-01-70 19:30:00,287.326
2021-01-70 19:40:00,287.629
2021-01-70 19:50:00,287.931
2021-01-70 20:00:00,288.231
2021-01-70 20:10:00,288.528
2021-01-70 20:20:00,288.824
2021-01-70 20:30:00,289.118
2021-01-70 20:40:00,289.41
2021-01-70 20:50:00,289.7
2021-01-70 21:00:00,289.988
2021-01-70 21:10:00,290.274
2021-01-70 21:20:00,290.557
2021-01-70 21:30:00,290.839
2021-01-70 21:40:00,291.119
2021-01-70 21:50:00,291.397
2021-01-70 22:00:00,291.673
2021-01-70 22:10:00,291.947
2021-01-70 22:20:00,292.219
2021-01-70 22:30:00,292.489
2021-01-70 22:40:00,292.757
2021-01-70 22:50:00,293.023
2021-01-70 23:00:00,293.286
2021-01-70 23:10:00,293.548
2021-01-70 23:20:00,293.808
2021-01-70 23:30:00,294.066
2021-01-70 23:40:00,294.322
2021-01-70 23:50:00,294.576
2021-01-71 00:00:00,294.828
2021-01-71 00:10:00,295.077
2021-01-71 00:20:00,295.325
2021-01-71 00:30:00,295.571
2021-01-71 00:40:00,295.815
2021-01-71 00:50:00,296.056
2021-01-71 01:00:00,296.296
2021-01-71 01:10:00,296.533
2021-01-71 01:20:00,296.769
2021-01-71 01:30:00,297.003
2021-01-71 01:40:00,297.234
2021-01-71 01:50:00,297.464
2021-01-71 02:00:00,297.691
2021-01-71 02:10:00,297.916
2021-01-71 02:20:00,298.14
2021-01-71 02:30:00,298.361
2021-01-71 02:40:00,298.58
2021-01-71 02:50:00,298.798
2021-01-71 03:00:00,299.013
2021-01-71 03:10:00,299.226
2021-01-71 03:20:00,299.437
2021-01-71 03:30:00,299.646
2021-01-71 03:40:00,299.853
2021-01-71 03:50:00,300.058
2021-01-71 04:00:00,300.261
2021-01-71 04:10:00,300.462
2021-01-71 04:20:00,300.66
2021-01-71 04:30:00,300.857
2021-01-71 04:40:00,301.052
2021-01-71 04:50:00,301.244
2021-01-71 05:00:00,301.435
2021-01-71 05:10:00,301.623
2021-01-71 05:20:00,301.809
2021-01-71 05:30:00,301.994
2021-01-71 05:40:00,302.176
2021-01-71 05:50:00,302.356
2021-01-71 06:00:00,302.534
2021-01-71 06:10:00,302.71
2021-01-71 06:20:00,302.884
2021-01-71 06:30:00,303.056
2021-01-71 06:40:00,303.226
2021-01-71 06:50:00,303.393
2021-01-71 07:00:00,303.559
2021-01-71 07:10:00,303.723
2021-01-71 07:20:00,303.884
2021-01-71 07:30:00,304.043
2021-01-71 07:40:00,304.201
2021-01-71 07:50:00,304.356
2021-01-71 08:00:00,304.509
2021-01-71 08:10:00,304.66
2021-01-71 08:20:00,304.809
2021-01-71 08:30:00,304.956
2021-01-71 08:40:00,305.101
2021-01-71 08:50:00,305.243
2021-01-71 09:00:00,305.384
2021-01-71 09:10:00,305.522
2021-01-71 09:20:00,305.659
2021-01-71 09:30:00,305.793
2021-01-71 09:40:00,305.925
2021-01-71 09:50:00,306.055
2021-01-71 10:00:00,306.183
2021-01-71 10:10:00,306.309
2021-01-71 10:20:00,306.433
2021-01-71 10:30:00,306.555
2021-01-71 10:40:00,306.674
2021-01-71 10:50:00,306.792
2021-01-71 11:00:00,306.907
2021-01-71 11:10:00,307.021
2021-01-71 11:20:00,307.132
2021-01-71 11:30:00,307.241
2021-01-71 11:40:00,307.348
2021-01-71 11:50:00,307.453
2021-01-71 12:00:00,307.556
2021-01-71 12:10:00,307.656
2021-01-71 12:20:00,307.755
2021-01-71 12:30:00,307.851
2021-01-71 12:40:00,307.946
2021-01-71 12:50:00,308.038
2021-01-71 13:00:00,308.128
2021-01-71 13:10:00,308.216
2021-01-71 13:20:00,308.302
2021-01-71 13:30:00,308.386
2021-01-71 13:40:00,308.467
2021-01-71 13:50:00,308.547
2021-01-71 14:00:00,308.624
2021-01-71 14:10:00,308.7
2021-01-71 14:20:00,308.773
2021-01-71 14:30:00,308.844
2021-01-71 14:40:00,308.913
2021-01-71 14:50:00,308.98
2021-01-71 15:00:00,309.044
2021-01-71 15:10:00,309.107
2021-01-71 15:20:00,309.167
2021-01-71 15:30:00,309.226
2021-01-71 15:40:00,309.282
2021-01-71 15:50:00,309.336
2021-01-71 16:00:00,309.388
2021-01-71 16:10:00,309.438
2021-01-71 16:20:00,309.486
2021-01-71 16:30:00,309.532
2021-01-71 16:40:00,309.575
2021-01-71 16:50:00,309.617
2021-01-71 17:00:00,309.656
2021-01-71 17:10:00,309.693
2021-01-71 17:20:00,309.728
2021-01-71 17:30:00,309.761
2021-01-71 17:40:00,309.792
2021-01-71 17:50:00,309.82
2021-01-71 18:00:00,309.847
2021-01-71 18:10:00,309.871
2021-01-71 18:20:00,309.894
2021-01-71 18:30:00,309.914
2021-01-71 18:40:00,309.932
2021-01-71 18:50:00,309.948
2021-01-71 19:00:00,309.962
2021-01-71 19:10:00,309.973
2021-01-71 19:20:00,309.983
2021-01-71 19:30:00,309.99
2021-01-71 19:40:00,309.996
2021-01-71 19:50:00,309.999
2021-01-71 20:00:00,310.0
2021-01-71 20:10:00,309.999
2021-01-71 20:20:00,309.996
2021-01-71 20:30:00,309.99
2021-01-71 20:40:00,309.983
2021-01-71 20:50:00,309.973
2021-01-71 21:00:00,309.962
2021-01-71 21:10:00,309.948
2021-01-71 21:20:00,309.932
2021-01-71 21:30:00,309.914
2021-01-71 21:40:00,309.894
2021-01-71 21:50:00,309.871
2021-01-71 22:00:00,309.847
2021-01-71 22:10:00,309.82
2021-01-71 22:20:00,309.792
2021-01-71 22:30:00,309.761
2021-01-71 22:40:00,309.728
2021-01-71 22:50:00,309.693
2021-01-71 23:00:00,309.656
2021-01-71 23:10:00,309.617
2021-01-71 23:20:00,309.575
2021-01-71 23:30:00,309.532
2021-01-71 23:40:00,309.486
2021-01-71 23:50:00,309.438
2021-01-72 00:00:00,309.388
2021-01-72 00:10:00,309.336
2021-01-72 00:20:00,309.282
2021-01-72 00:30:00,309.226
2021-01-72 00:40:00,309.167
2021-01-72 00:50:00,309.107
2021-01-72 01:00:00,309.044
2021-01-72 01:10:00,308.98
2021-01-72 01:20:00,308.913
2021-01-72 01:30:00,308.844
2021-01-72 01:40:00,308.773
2021-01-72 01:50:00,308.7
2021-01-72 02:00:00,308.624
2021-01-72 02:10:00,308.547
2021-01-72 02:20:00,308.467
2021-01-72 02:30:00,308.386
2021-01-72 02:40:00,308.302
2021-01-72 02:50:00,308.216
2021-01-72 03:00:00,308.128
2021-01-72 03:10:00,308.038
2021-01-72 03:20:00,307.946
2021-01-72 03:30:00,307.851
2021-01-72 03:40:00,307.755
2021-01-72 03:50:00,307.656
2021-01-72 04:00:00,307.556
2021-01-72 04:10:00,307.453
2021-01-72 04:20:00,307.348
2021-01-72 04:30:00,307.241
2021-01-72 04:40:00,307.132
2021-01-72 04:50:00,307.021
2021-01-72 05:00:00,306.907
2021-01-72 05:10:00,306.792
2021-01-72 05:20:00,306.674
2021-01-72 05:30:00,306.555
2021-01-72 05:40:00,306.433
2021-01-72 05:50:00,306.309
2021-01-72 06:00:00,306.183
2021-01-72 06:10:00,306.055
2021-01-72 06:20:00,305.925
2021-01-72 06:30:00,305.793
2021-01-72 06:40:00,305.659
2021-01-72 06:50:00,305.522
2021-01-72 07:00:00,305.384
2021-01-72 07:10:00,305.243
2021-01-72 07:20:00,305.101
2021-01-72 07:30:00,304.956
2021-01-72 07:40:00,304.809
2021-01-72 07:50:00,304.66
2021-01-72 08:00:00,304.509
2021-01-72 08:10:00,304.356
2021-01-72 08:20:00,304.201
2021-01-72 08:30:00,304.043
2021-01-72 08:40:00,303.884
2021-01-72 08:50:00,303.723
2021-01-72 09:00:00,303.559
2021-01-72 09:10:00,303.393
2021-01-72 09:20:00,303.226
2021-01-72 09:30:00,303.056
2021-01-72 09:40:00,302.884
2021-01-72 09:50:00,302.71
2021-01-72 10:00:00,302.534
2021-01-72 10:10:00,302.356
2021-01-72 10:20:00,302.176
2021-01-72 10:30:00,301.994
2021-01-72 10:40:00,301.809
2021-01-72 10:50:00,301.623
2021-01-72 11:00:00,301.435
2021-01-72 11:10:00,301.244
2021-01-72 11:20:00,301.052
2021-01-72 11:30:00,300.857
2021-01-72 11:40:00,300.66
2021-01-72 11:50:00,300.462
2021-01-72 12:00:00,300.261
2021-01-72 12:10:00,300.058
2021-01-72 12:20:00,299.853
2021-01-72 12:30:00,299.646
2021-01-72 12:40:00,299.437
2021-01-72 12:50:00,299.226
2021-01-72 13:00:00,299.013
2021-01-72 13:10:00,298.798
2021-01-72 13:20:00,298.58
2021-01-72 13:30:00,298.361
2021-01-72 13:40:00,298.14
2021-01-72 13:50:00,297.916
2021-01-72 14:00:00,297.691
2021-01-72 14:10:00,297.464
2021-01-72 14:20:00,297.234
2021-01-72 14:30:00,297.003
2021-01-72 14:40:00,296.769
2021-01-72 14:50:00,296.533
2021-01-72 15:00:00,296.296
2021-01-72 15:10:00,296.056
2021-01-72 15:20:00,295.815
2021-01-72 15:30:00,295.571
2021-01-72 15:40:00,295.325
2021-01-72 15:50:00,295.077
2021-01-72 16:00:00,294.828
2021-01-72 16:10:00,294.576
2021-01-72 16:20:00,294.322
2021-01-72 16:30:00,294.066
2021-01-72 16:40:00,293.808
2021-01-72 16:50:00,293.548
2021-01-72 17:00:00,293.286
2021-01-72 17:10:00,293.023
2021-01-72 17:20:00,292.757
2021-01-72 17:30:00,292.489
2021-01-72 17:40:00,292.219
2021-01-72 17:50:00,291.947
2021-01-72 18:00:00,291.673
2021-01-72 18:10:00,291.397
2021-01-72 18:20:00,291.119
2021-01-72 18:30:00,290.839
2021-01-72 18:40:00,290.557
2021-01-72 18:50:00,290.274
2021-01-72 19:00:00,289.988
2021-01-72 19:10:00,289.7
2021-01-72 19:20:00,289.41
2021-01-72 19:30:00,289.118
2021-01-72 19:40:00,288.824
2021-01-72 19:50:00,288.528
2021-01-72 20:00:00,288.231
2021-01-72 20:10:00,287.931
2021-01-72 20:20:00,287.629
2021-01-72 20:30:00,287.326
2021-01-72 20:40:00,287.02
2021-01-72 20:50:00,286.712
2021-01-72 21:00:00,286.403
2021-01-72 21:10:00,286.091
2021-01-72 21:20:00,285.778
2021-01-72 21:30:00,285.462
2021-01-72 21:40:00,285.145
2021-01-72 21:50:00,284.825
2021-01-72 22:00:00,284.504
2021-01-72 22:10:00,284.181
2021-01-72 22:20:00,283.855
2021-01-72 22:30:00,283.528
2021-01-72 22:40:00,283.199
2021-01-72 22:50:00,282.868
2021-01-72 23:00:00,282.535
2021-01-72 23:10:00,282.2
2021-01-72 23:20:00,281.863
2021-01-72 23:30:00,281.524
2021-01-72 23:40:00,281.184
2021-01-72 23:50:00,280.841
2021-01-73 00:00:00,280.496
2021-01-73 00:10:00,280.15
2021-01-73 00:20:00,279.801
2021-01-73 00:30:00,279.451
2021-01-73 00:40:00,279.099
2021-01-73 00:50:00,278.745
2021-01-73 01:00:00,278.389
2021-01-73 01:10:00,278.031
2021-01-73 01:20:00,277.671
2021-01-73 01:30:00,277.309
2021-01-73 01:40:00,276.945
2021-01-73 01:50:00,276.58
2021-01-73 02:00:00,276.212
2021-01-73 02:10:00,275.843
2021-01-73 02:20:00,275.471
2021-01-73 02:30:00,275.098
2021-01-73 02:40:00,274.723
2021-01-73 02:50:00,274.346
2021-01-73 03:00:00,273.967
2021-01-73 03:10:00,273.587
2021-01-73 03:20:00,273.204
2021-01-73 03:30:00,272.82
2021-01-73 03:40:00,272.433
2021-01-73 03:50:00,272.045
2021-01-73 04:00:00,271.655
2021-01-73 04:10:00,271.263
2021-01-73 04:20:00,270.869
2021-01-73 04:30:00,270.474
2021-01-73 04:40:00,270.076
2021-01-73 04:50:00,269.677
2021-01-73 05:00:00,269.276
2021-01-73 05:10:00,268.873
2021-01-73 05:20:00,268.468
2021-01-73 05:30:00,268.061
2021-01-73 05:40:00,267.653
2021-01-73 05:50:00,267.242
2021-01-73 06:00:00,266.83
2021-01-73 06:10:00,266.416
2021-01-73 06:20:00,266.0
2021-01-73 06:30:00,265.582
2021-01-73 06:40:00,265.163
2021-01-73 06:50:00,264.742
2021-01-73 07:00:00,264.318
2021-01-73 07:10:00,263.893
2021-01-73 07:20:00,263.467
2021-01-73 07:30:00,263.038
2021-01-73 07:40:00,262.608
2021-01-73 07:50:00,262.176
2021-01-73 08:00:00,261.742
2021-01-73 08:10:00,261.306
2021-01-73 08:20:00,260.868
2021-01-73 08:30:00,260.429
2021-01-73 08:40:00,259.988
2021-01-73 08:50:00,259.545
2021-01-73 09:00:00,259.1
2021-01-73 09:10:00,258.654
2021-01-73 09:20:00,258.206
2021-01-73 09:30:00,257.756
2021-01-73 09:40:00,257.304
2021-01-73 09:50:00,256.85
2021-01-73 10:00:00,256.395
2021-01-73 10:10:00,255.938
2021-01-73 10:20:00,255.479
2021-01-73 10:30:00,255.019
2021-01-73 10:40:00,254.556
2021-01-73 10:50:00,254.092
2021-01-73 11:00:00,253.626
2021-01-73 11:10:00,253.159
2021-01-73 11:20:00,252.69
2021-01-73 11:30:00,252.219
2021-01-73 11:40:00,251.746
2021-01-73 11:50:00,251.271
2021-01-73 12:00:00,250.795
2021-01-73 12:10:00,250.317
2021-01-73 12:20:00,249.838
2021-01-73 12:30:00,249.356
2021-01-73 12:40:00,248.873
2021-01-73 12:50:00,248.389
2021-01-73 13:00:00,247.902
2021-01-73 13:10:00,247.414
2021-01-73 13:20:00,246.924
2021-01-73 13:30:00,246.433
2021-01-73 13:40:00,245.94
2021-01-73 13:50:00,245.445
2021-01-73 14:00:00,244.948
2021-01-73 14:10:00,244.45
2021-01-73 14:20:00,243.95
2021-01-73 14:30:00,243.448
2021-01-73 14:40:00,242.945
2021-01-73 14:50:00,242.44
2021-01-73 15:00:00,241.933
2021-01-73 15:10:00,241.425
2021-01-73 15:20:00,240.915
2021-01-73 15:30:00,240.404
2021-01-73 15:40:00,239.89
2021-01-73 15:50:00,239.376
2021-01-73 16:00:00,238.859
2021-01-73 16:10:00,238.341
2021-01-73 16:20:00,237.821
2021-01-73 16:30:00,237.3
2021-01-73 16:40:00,236.777
2021-01-73 16:50:00,236.252
2021-01-73 17:00:00,235.726
2021-01-73 17:10:00,235.198
2021-01-73 17:20:00,234.668
2021-01-73 17:30:00,234.137
2021-01-73 17:40:00,233.605
2021-01-73 17:50:00,233.07
2021-01-73 18:00:00,232.534
2021-01-73 18:10:00,231.997
2021-01-73 18:20:00,231.458
2021-01-73 18:30:00,230.917
2021-01-73 18:40:00,230.375
2021-01-73 18:50:00,229.831
2021-01-73 19:00:00,229.286
2021-01-73 19:10:00,228.739
2021-01-73 19:20:00,228.19
2021-01-73 19:30:00,227.64
2021-01-73 19:40:00,227.088
2021-01-73 19:50:00,226.535
2021-01-73 20:00:00,225.98
2021-01-73 20:10:00,225.424
2021-01-73 20:20:00,224.866
2021-01-73 20:30:00,224.307
2021-01-73 20:40:00,223.746
2021-01-73 20:50:00,223.183
2021-01-73 21:00:00,222.619
2021-01-73 21:10:00,222.054
2021-01-73 21:20:00,221.487
2021-01-73 21:30:00,220.918
2021-01-73 21:40:00,220.348
2021-01-73 21:50:00,219.776
2021-01-73 22:00:00,219.203
2021-01-73 22:10:00,218.628
2021-01-73 22:20:00,218.052
2021-01-73 22:30:00,217.475
2021-01-73 22:40:00,216.896
2021-01-73 22:50:00,216.315
2021-01-73 23:00:00,215.733
2021-01-73 23:10:00,215.149
2021-01-73 23:20:00,214.564
2021-01-73 23:30:00,213.978
2021-01-73 23:40:00,213.39
2021-01-73 23:50:00,212.8
2021-01-74 00:00:00,212.21
2021-01-74 00:10:00,211.617
2021-01-74 00:20:00,211.023
2021-01-74 00:30:00,210.428
2021-01-74 00:40:00,209.832
2021-01-74 00:50:00,209.233
2021-01-74 01:00:00,208.634
2021-01-74 01:10:00,208.033
2021-01-74 01:20:00,207.43
2021-01-74 01:30:00,206.827
2021-01-74 01:40:00,206.221
2021-01-74 01:50:00,205.615
2021-01-74 02:00:00,205.007
2021-01-74 02:10:00,204.397
2021-01-74 02:20:00,203.786
2021-01-74 02:30:00,203.174
2021-01-74 02:40:00,202.56
2021-01-74 02:50:00,201.945
2021-01-74 03:00:00,201.329
2021-01-74 03:10:00,200.711
2021-01-74 03:20:00,200.092
2021-01-74 03:30:00,199.471
2021-01-74 03:40:00,198.849
2021-01-74 03:50:00,198.226
2021-01-74 04:00:00,197.601
2021-01-74 04:10:00,196.975
2021-01-74 04:20:00,196.348
2021-01-74 04:30:00,195.719
2021-01-74 04:40:00,195.089
2021-01-74 04:50:00,194.458
2021-01-74 05:00:00,193.825
2021-01-74 05:10:00,193.191
2021-01-74 05:20:00,192.556
2021-01-74 05:30:00,191.919
2021-01-74 05:40:00,191.281
2021-01-74 05:50:00,190.642
2021-01-74 06:00:00,190.001
2021-01-74 06:10:00,189.359
2021-01-74 06:20:00,188.716
2021-01-74 06:30:00,188.072
2021-01-74 06:40:00,187.426
2021-01-74 06:50:00,186.779
2021-01-74 07:00:00,186.13
2021-01-74 07:10:00,185.481
2021-01-74 07:20:00,184.83
2021-01-74 07:30:00,184.178
2021-01-74 07:40:00,183.524
2021-01-74 07:50:00,182.869
2021-01-74 08:00:00,182.213
2021-01-74 08:10:00,181.556
2021-01-74 08:20:00,180.898
2021-01-74 08:30:00,180.238
2021-01-74 08:40:00,179.577
2021-01-74 08:50:00,178.915
2021-01-74 09:00:00,178.252
2021-01-74 09:10:00,177.587
2021-01-74 09:20:00,176.921
2021-01-74 09:30:00,176.254
2021-01-74 09:40:00,175.586
2021-01-74 09:50:00,174.916
2021-01-74 10:00:00,174.246
2021-01-74 10:10:00,173.574
2021-01-74 10:20:00,172.901
2021-01-74 10:30:00,172.227
2021-01-74 10:40:00,171.551
2021-01-74 10:50:00,170.875
2021-01-74 11:00:00,170.197
2021-01-74 11:10:00,169.518
2021-01-74 11:20:00,168.838
2021-01-74 11:30:00,168.157
2021-01-74 11:40:00,167.474
2021-01-74 11:50:00,166.791
2021-01-74 12:00:00,166.106
2021-01-74 12:10:00,165.42
2021-01-74 12:20:00,164.734
2021-01-74 12:30:00,164.045
2021-01-74 12:40:00,163.356
2021-01-74 12:50:00,162.666
2021-01-74 13:00:00,161.975
2021-01-74 13:10:00,161.282
2021-01-74 13:20:00,160.588
2021-01-74 13:30:00,159.894
2021-01-74 13:40:00,159.198
2021-01-74 13:50:00,158.501
2021-01-74 14:00:00,157.803
2021-01-74 14:10:00,157.104
2021-01-74 14:20:00,156.404
2021-01-74 14:30:00,155.702
2021-01-74 14:40:00,155.0
2021-01-74 14:50:00,154.297
2021-01-74 15:00:00,153.592
2021-01-74 15:10:00,152.887
2021-01-74 15:20:00,152.18
2021-01-74 15:30:00,151.473
2021-01-74 15:40:00,150.764
2021-01-74 15:50:00,150.054
2021-01-74 16:00:00,149.344
2021-01-74 16:10:00,148.632
2021-01-74 16:20:00,147.919
2021-01-74 16:30:00,147.205
2021-01-74 16:40:00,146.491
2021-01-74 16:50:00,145.775
2021-01-74 17:00:00,145.058
2021-01-74 17:10:00,144.341
2021-01-74 17:20:00,143.622
2021-01-74 17:30:00,142.902
2021-01-74 17:40:00,142.181
2021-01-74 17:50:00,141.46
2021-01-74 18:00:00,140.737
2021-01-74 18:10:00,140.013
2021-01-74 18:20:00,139.289
2021-01-74 18:30:00,138.563
2021-01-74 18:40:00,137.837
2021-01-74 18:50:00,137.109
2021-01-74 19:00:00,136.381
2021-01-74 19:10:00,135.652
2021-01-74 19:20:00,134.922
2021-01-74 19:30:00,134.191
2021-01-74 19:40:00,133.458
2021-01-74 19:50:00,132.725
2021-01-74 20:00:00,131.992
2021-01-74 20:10:00,131.257
2021-01-74 20:20:00,130.521
2021-01-74 20:30:00,129.785
2021-01-74 20:40:00,129.047
2021-01-74 20:50:00,128.309
2021-01-74 21:00:00,127.569
2021-01-74 21:10:00,126.829
2021-01-74 21:20:00,126.088
2021-01-74 21:30:00,125.347
2021-01-74 21:40:00,124.604
2021-01-74 21:50:00,123.86
2021-01-74 22:00:00,123.116
2021-01-74 22:10:00,122.371
2021-01-74 22:20:00,121.625
2021-01-74 22:30:00,120.878
2021-01-74 22:40:00,120.13
2021-01-74 22:50:00,119.381
2021-01-74 23:00:00,118.632
2021-01-74 23:10:00,117.882
2021-01-74 23:20:00,117.131
2021-01-74 23:30:00,116.379
2021-01-74 23:40:00,115.626
2021-01-74 23:50:00,114.873
2021-01-75 00:00:00,114.119
2021-01-75 00:10:00,113.364
2021-01-75 00:20:00,112.608
2021-01-75 00:30:00,111.851
2021-01-75 00:40:00,111.094
2021-01-75 00:50:00,110.336
2021-01-75 01:00:00,109.577
2021-01-75 01:10:00,108.818
2021-01-75 01:20:00,108.057
2021-01-75 01:30:00,107.296
2021-01-75 01:40:00,106.535
2021-01-75 01:50:00,105.772
2021-01-75 02:00:00,105.009
2021-01-75 02:10:00,104.245
2021-01-75 02:20:00,103.48
2021-01-75 02:30:00,102.715
2021-01-75 02:40:00,101.949
2021-01-75 02:50:00,101.182
2021-01-75 03:00:00,100.414
2021-01-75 03:10:00,99.646
2021-01-75 03:20:00,98.877
2021-01-75 03:30:00,98.108
2021-01-75 03:40:00,97.338
2021-01-75 03:50:00,96.567
2021-01-75 04:00:00,95.795
2021-01-75 04:10:00,95.023
2021-01-75 04:20:00,94.25
2021-01-75 04:30:00,93.477
2021-01-75 04:40:00,92.703
2021-01-75 04:50:00,91.928
2021-01-75 05:00:00,91.153
2021-01-75 05:10:00,90.376
2021-01-75 05:20:00,89.6
2021-01-75 05:30:00,88.823
2021-01-75 05:40:00,88.045
2021-01-75 05:50:00,87.266
2021-01-75 06:00:00,86.487
2021-01-75 06:10:00,85.708
2021-01-75 06:20:00,84.927
2021-01-75 06:30:00,84.147
2021-01-75 06:40:00,83.365
2021-01-75 06:50:00,82.583
2021-01-75 07:00:00,81.801
2021-01-75 07:10:00,81.018
2021-01-75 07:20:00,80.234
2021-01-75 07:30:00,79.45
2021-01-75 07:40:00,78.665
2021-01-75 07:50:00,77.88
2021-01-75 08:00:00,77.094
2021-01-75 08:10:00,76.308
2021-01-75 08:20:00,75.521
2021-01-75 08:30:00,74.733
2021-01-75 08:40:00,73.945
2021-01-75 08:50:00,73.157
2021-01-75 09:00:00,72.368
2021-01-75 09:10:00,71.579
2021-01-75 09:20:00,70.789
2021-01-75 09:30:00,69.998
2021-01-75 09:40:00,69.208
2021-01-75 09:50:00,68.416
2021-01-75 10:00:00,67.624
2021-01-75 10:10:00,66.832
2021-01-75 10:20:00,66.039
2021-01-75 10:30:00,65.246
2021-01-75 10:40:00,64.453
2021-01-75 10:50:00,63.659
2021-01-75 11:00:00,62.864
2021-01-75 11:10:00,62.069
2021-01-75 11:20:00,61.274
2021-01-75 11:30:00,60.478
2021-01-75 11:40:00,59.682
2021-01-75 11:50:00,58.885
2021-01-75 12:00:00,58.088
2021-01-75 12:10:00,57.291
2021-01-75 12:20:00,56.493
2021-01-75 12:30:00,55.695
2021-01-75 12:40:00,54.896
2021-01-75 12:50:00,54.097
2021-01-75 13:00:00,53.298
2021-01-75 13:10:00,52.498
2021-01-75 13:20:00,51.698
2021-01-75 13:30:00,50.898
2021-01-75 13:40:00,50.097
2021-01-75 13:50:00,49.296
2021-01-75 14:00:00,48.495
2021-01-75 14:10:00,47.693
2021-01-75 14:20:00,46.891
2021-01-75 14:30:00,46.088
2021-01-75 14:40:00,45.286
2021-01-75 14:50:00,44.483
2021-01-75 15:00:00,43.679
2021-01-75 15:10:00,42.876
2021-01-75 15:20:00,42.072
2021-01-75 15:30:00,41.268
2021-01-75 15:40:00,40.463
2021-01-75 15:50:00,39.658
2021-01-75 16:00:00,38.853
2021-01-75 16:10:00,38.048
2021-01-75 16:20:00,37.242
2021-01-75 16:30:00,36.437
2021-01-75 16:40:00,35.631
2021-01-75 16:50:00,34.824
2021-01-75 17:00:00,34.018
2021-01-75 17:10:00,33.211
2021-01-75 17:20:00,32.404
2021-01-75 17:30:00,31.597
2021-01-75 17:40:00,30.789
2021-01-75 17:50:00,29.981
2021-01-75 18:00:00,29.174
2021-01-75 18:10:00,28.366
2021-01-75 18:20:00,27.557
2021-01-75 18:30:00,26.749
2021-01-75 18:40:00,25.94
2021-01-75 18:50:00,25.131
2021-01-75 19:00:00,24.322
2021-01-75 19:10:00,23.513
2021-01-75 19:20:00,22.704
2021-01-75 19:30:00,21.894
2021-01-75 19:40:00,21.085
2021-01-75 19:50:00,20.275
2021-01-75 20:00:00,19.465
2021-01-75 20:10:00,18.655
2021-01-75 20:20:00,17.845
2021-01-75 20:30:00,17.035
2021-01-75 20:40:00,16.224
2021-01-75 20:50:00,15.414
2021-01-75 21:00:00,14.603
2021-01-75 21:10:00,13.792
2021-01-75 21:20:00,12.981
2021-01-75 21:30:00,12.171
2021-01-75 21:40:00,11.36
2021-01-75 21:50:00,10.548
2021-01-75 22:00:00,9.737
2021-01-75 22:10:00,8.926
2021-01-75 22:20:00,8.115
2021-01-75 22:30:00,7.304
2021-01-75 22:40:00,6.492
2021-01-75 22:50:00,5.681
2021-01-75 23:00:00,4.869
2021-01-75 23:10:00,4.058
2021-01-75 23:20:00,3.246
2021-01-75 23:30:00,2.435
2021-01-75 23:40:00,1.623
2021-01-75 23:50:00,0.812
2021-01-76 00:00:00,0.0
2021-01-76 00:10:00,0.0
2021-01-76 00:20:00,0.0
2021-01-76 00:30:00,0.0
2021-01-76 00:40:00,0.0
2021-01-76 00:50:00,0.0
2021-01-76 01:00:00,0.0
2021-01-76 01:10:00,0.0
2021-01-76 01:20:00,0.0
2021-01-76 01:30:00,0.0
2021-01-76 01:40:00,0.0
2021-01-76 01:50:00,0.0
2021-01-76 02:00:00,0.0
2021-01-76 02:10:00,0.0
2021-01-76 02:20:00,0.0
2021-01-76 02:30:00,0.0
2021-01-76 02:40:00,0.0
2021-01-76 02:50:00,0.0
2021-01-76 03:00:00,0.0
2021-01-76 03:10:00,0.0
2021-01-76 03:20:00,0.0
2021-01-76 03:30:00,0.0
2021-01-76 03:40:00,0.0
2021-01-76 03:50:00,0.0
2021-01-76 04:00:00,0.0
2021-01-76 04:10:00,0.0
2021-01-76 04:20:00,0.0
2021-01-76 04:30:00,0.0
2021-01-76 04:40:00,0.0
2021-01-76 04:50:00,0.0
2021-01-76 05:00:00,0.0
2021-01-76 05:10:00,0.0
2021-01-76 05:20:00,0.0
2021-01-76 05:30:00,0.0
2021-01-76 05:40:00,0.0
2021-01-76 05:50:00,0.0
2021-01-76 06:00:00,0.0
2021-01-76 06:10:00,0.0
2021-01-76 06:20:00,0.0
2021-01-76 06:30:00,0.0
2021-01-76 06:40:00,0.0
2021-01-76 06:50:00,0.0
2021-01-76 07:00:00,0.0
2021-01-76 07:10:00,0.0
2021-01-76 07:20:00,0.0
2021-01-76 07:30:00,0.0
2021-01-76 07:40:00,0.0
2021-01-76 07:50:00,0.0
2021-01-76 08:00:00,0.0
2021-01-76 08:10:00,0.0
2021-01-76 08:20:00,0.0
2021-01-76 08:30:00,0.0
2021-01-76 08:40:00,0.0
2021-01-76 08:50:00,0.0
2021-01-76 09:00:00,0.0
2021-01-76 09:10:00,0.0
2021-01-76 09:20:00,0.0
2021-01-76 09:30:00,0.0
2021-01-76 09:40:00,0.0
2021-01-76 09:50:00,0.0
2021-01-76 10:00:00,0.0
2021-01-76 10:10:00,0.0
2021-01-76 10:20:00,0.0
2021-01-76 10:30:00,0.0
2021-01-76 10:40:00,0.0
2021-01-76 10:50:00,0.0
2021-01-76 11:00:00,0.0
2021-01-76 11:10:00,0.0
2021-01-76 11:20:00,0.0
2021-01-76 11:30:00,0.0
2021-01-76 11:40:00,0.0
2021-01-76 11:50:00,0.0
2021-01-76 12:00:00,0.0
2021-01-76 12:10:00,0.0
2021-01-76 12:20:00,0.0
2021-01-76 12:30:00,0.0
2021-01-76 12:40:00,0.0
2021-01-76 12:50:00,0.0
2021-01-76 13:00:00,0.0
2021-01-76 13:10:00,0.0
2021-01-76 13:20:00,0.0
2021-01-76 13:30:00,0.0
2021-01-76 13:40:00,0.0
2021-01-76 13:50:00,0.0
2021-01-76 14:00:00,0.0
2021-01-76 14:10:00,0.0
2021-01-76 14:20:00,0.0
2021-01-76 14:30:00,0.0
2021-01-76 14:40:00,0.0
2021-01-76 14:50:00,0.0
2021-01-76 15:00:00,0.0
2021-01-76 15:10:00,0.0
2021-01-76 15:20:00,0.0
2021-01-76 15:30:00,0.0
2021-01-76 15:40:00,0.0
2021-01-76 15:50:00,0.0
2021-01-76 16:00:00,0.0
2021-01-76 16:10:00,0.0
2021-01-76 16:20:00,0.0
2021-01-76 16:30:00,0.0
2021-01-76 16:40:00,0.0
2021-01-76 16:50:00,0.0
2021-01-76 17:00:00,0.0
2021-01-76 17:10:00,0.0
2021-01-76 17:20:00,0.0
2021-01-76 17:30:00,0.0
2021-01-76 17:40:00,0.0
2021-01-76 17:50:00,0.0
2021-01-76 18:00:00,0.0
2021-01-76 18:10:00,0.0
2021-01-76 18:20:00,0.0
2021-01-76 18:30:00,0.0
2021-01-76 18:40:00,0.0
2021-01-76 18:50:00,0.0
2021-01-76 19:00:00,0.0
2021-01-76 19:10:00,0.0
2021-01-76 19:20:00,0.0
2021-01-76 19:30:00,0.0
2021-01-76 19:40:00,0.0
2021-01-76 19:50:00,0.0
2021-01-76 20:00:00,0.0
2021-01-76 20:10:00,0.0
2021-01-76 20:20:00,0.0
2021-01-76 20:30:00,0.0
2021-01-76 20:40:00,0.0
2021-01-76 20:50:00,0.0
2021-01-76 21:00:00,0.0
2021-01-76 21:10:00,0.0
2021-01-76 21:20:00,0.0
2021-01-76 21:30:00,0.0
2021-01-76 21:40:00,0.0
2021-01-76 21:50:00,0.0
2021-01-76 22:00:00,0.0
2021-01-76 22:10:00,0.0
2021-01-76 22:20:00,0.0
2021-01-76 22:30:00,0.0
2021-01-76 22:40:00,0.0
2021-01-76 22:50:00,0.0
2021-01-76 23:00:00,0.0
2021-01-76 23:10:00,0.0
2021-01-76 23:20:00,0.0
2021-01-76 23:30:00,0.0
2021-01-76 23:40:00,0.0
2021-01-76 23:50:00,0.0
2021-01-77 00:00:00,0.0
2021-01-77 00:10:00,0.0
2021-01-77 00:20:00,0.0
2021-01-77 00:30:00,0.0
2021-01-77 00:40:00,0.0
2021-01-77 00:50:00,0.0
2021-01-77 01:00:00,0.0
2021-01-77 01:10:00,0.0
2021-01-77 01:20:00,0.0
2021-01-77 01:30:00,0.0
2021-01-77 01:40:00,0.0
2021-01-77 01:50:00,0.0
2021-01-77 02:00:00,0.0
2021-01-77 02:10:00,0.0
2021-01-77 02:20:00,0.0
2021-01-77 02:30:00,0.0
2021-01-77 02:40:00,0.0
2021-01-77 02:50:00,0.0
2021-01-77 03:00:00,0.0
2021-01-77 03:10:00,0.0
2021-01-77 03:20:00,0.0
2021-01-77 03:30:00,0.0
2021-01-77 03:40:00,0.0
2021-01-77 03:50:00,0.0
2021-01-77 04:00:00,0.0
2021-01-77 04:10:00,0.0
2021-01-77 04:20:00,0.0
2021-01-77 04:30:00,0.0
2021-01-77 04:40:00,0.0
2021-01-77 04:50:00,0.0
2021-01-77 05:00:00,0.0
2021-01-77 05:10:00,0.0
2021-01-77 05:20:00,0.0
2021-01-77 05:30:00,0.0
2021-01-77 05:40:00,0.0
2021-01-77 05:50:00,0.0
2021-01-77 06:00:00,0.0
2021-01-77 06:10:00,0.0
2021-01-77 06:20:00,0.0
2021-01-77 06:30:00,0.0
2021-01-77 06:40:00,0.0
2021-01-77 06:50:00,0.0
2021-01-77 07:00:00,0.0
2021-01-77 07:10:00,0.0
2021-01-77 07:20:00,0.0
2021-01-77 07:30:00,0.0
2021-01-77 07:40:00,0.0
2021-01-77 07:50:00,0.0
2021-01-77 08:00:00,0.0
2021-01-77 08:10:00,0.0
2021-01-77 08:20:00,0.0
2021-01-77 08:30:00,0.0
2021-01-77 08:40:00,0.0
2021-01-77 08:50:00,0.0
2021-01-77 09:00:00,0.0
2021-01-77 09:10:00,0.0
2021-01-77 09:20:00,0.0
2021-01-77 09:30:00,0.0
2021-01-77 09:40:00,0.0
2021-01-77 09:50:00,0.0
2021-01-77 10:00:00,0.0
2021-01-77 10:10:00,0.0
2021-01-77 10:20:00,0.0
2021-01-77 10:30:00,0.0
2021-01-77 10:40:00,0.0
2021-01-77 10:50:00,0.0
2021-01-77 11:00:00,0.0
2021-01-77 11:10:00,0.0
2021-01-77 11:20:00,0.0
2021-01-77 11:30:00,0.0
2021-01-77 11:40:00,0.0
2021-01-77 11:50:00,0.0
2021-01-77 12:00:00,0.0
2021-01-77 12:10:00,0.0
2021-01-77 12:20:00,0.0
2021-01-77 12:30:00,0.0
2021-01-77 12:40:00,0.0
2021-01-77 12:50:00,0.0
2021-01-77 13:00:00,0.0
2021-01-77 13:10:00,0.0
2021-01-77 13:20:00,0.0
2021-01-77 13:30:00,0.0
2021-01-77 13:40:00,0.0
2021-01-77 13:50:00,0.0
2021-01-77 14:00:00,0.0
2021-01-77 14:10:00,0.0
2021-01-77 14:20:00,0.0
2021-01-77 14:30:00,0.0
2021-01-77 14:40:00,0.0
2021-01-77 14:50:00,0.0
2021-01-77 15:00:00,0.0
2021-01-77 15:10:00,0.0
2021-01-77 15:20:00,0.0
2021-01-77 15:30:00,0.0
2021-01-77 15:40:00,0.0
2021-01-77 15:50:00,0.0
2021-01-77 16:00:00,0.0
2021-01-77 16:10:00,0.0
2021-01-77 16:20:00,0.0
2021-01-77 16:30:00,0.0
2021-01-77 16:40:00,0.0
2021-01-77 16:50:00,0.0
2021-01-77 17:00:00,0.0
2021-01-77 17:10:00,0.0
2021-01-77 17:20:00,0.0
2021-01-77 17:30:00,0.0
2021-01-77 17:40:00,0.0
2021-01-77 17:50:00,0.0
2021-01-77 18:00:00,0.0
2021-01-77 18:10:00,0.0
2021-01-77 18:20:00,0.0
2021-01-77 18:30:00,0.0
2021-01-77 18:40:00,0.0
2021-01-77 18:50:00,0.0
2021-01-77 19:00:00,0.0
2021-01-77 19:10:00,0.0
2021-01-77 19:20:00,0.0
2021-01-77 19:30:00,0.0
2021-01-77 19:40:00,0.0
2021-01-77 19:50:00,0.0
2021-01-77 20:00:00,0.0
2021-01-77 20:10:00,0.0
2021-01-77 20:20:00,0.0
2021-01-77 20:30:00,0.0
2021-01-77 20:40:00,0.0
2021-01-77 20:50:00,0.0
2021-01-77 21:00:00,0.0
2021-01-77 21:10:00,0.0
2021-01-77 21:20:00,0.0
2021-01-77 21:30:00,0.0
2021-01-77 21:40:00,0.0
2021-01-77 21:50:00,0.0
2021-01-77 22:00:00,0.0
2021-01-77 22:10:00,0.0
2021-01-77 22:20:00,0.0
2021-01-77 22:30:00,0.0
2021-01-77 22:40:00,0.0
2021-01-77 22:50:00,0.0
2021-01-77 23:00:00,0.0
2021-01-77 23:10:00,0.0
2021-01-77 23:20:00,0.0
2021-01-77 23:30:00,0.0
2021-01-77 23:40:00,0.0
2021-01-77 23:50:00,0.0
2021-01-78 00:00:00,0.0
2021-01-78 00:10:00,0.0
2021-01-78 00:20:00,0.0
2021-01-78 00:30:00,0.0
2021-01-78 00:40:00,0.0
2021-01-78 00:50:00,0.0
2021-01-78 01:00:00,0.0
2021-01-78 01:10:00,0.0
2021-01-78 01:20:00,0.0
2021-01-78 01:30:00,0.0
2021-01-78 01:40:00,0.0
2021-01-78 01:50:00,0.0
2021-01-78 02:00:00,0.0
2021-01-78 02:10:00,0.0
2021-01-78 02:20:00,0.0
2021-01-78 02:30:00,0.0
2021-01-78 02:40:00,0.0
2021-01-78 02:50:00,0.0
2021-01-78 03:00:00,0.0
2021-01-78 03:10:00,0.0
2021-01-78 03:20:00,0.0
2021-01-78 03:30:00,0.0
2021-01-78 03:40:00,0.0
2021-01-78 03:50:00,0.0
2021-01-78 04:00:00,0.0
2021-01-78 04:10:00,0.0
2021-01-78 04:20:00,0.0
2021-01-78 04:30:00,0.0
2021-01-78 04:40:00,0.0
2021-01-78 04:50:00,0.0
2021-01-78 05:00:00,0.0
2021-01-78 05:10:00,0.0
2021-01-78 05:20:00,0.0
2021-01-78 05:30:00,0.0
2021-01-78 05:40:00,0.0
2021-01-78 05:50:00,0.0
2021-01-78 06:00:00,0.0
2021-01-78 06:10:00,0.0
2021-01-78 06:20:00,0.0
2021-01-78 06:30:00,0.0
2021-01-78 06:40:00,0.0
2021-01-78 06:50:00,0.0
2021-01-78 07:00:00,0.0
2021-01-78 07:10:00,0.0
2021-01-78 07:20:00,0.0
2021-01-78 07:30:00,0.0
2021-01-78 07:40:00,0.0
2021-01-78 07:50:00,0.0
2021-01-78 08:00:00,0.0
2021-01-78 08:10:00,0.0
2021-01-78 08:20:00,0.0
2021-01-78 08:30:00,0.0
2021-01-78 08:40:00,0.0
2021-01-78 08:50:00,0.0
2021-01-78 09:00:00,0.0
2021-01-78 09:10:00,0.0
2021-01-78 09:20:00,0.0
2021-01-78 09:30:00,0.0
2021-01-78 09:40:00,0.0
2021-01-78 09:50:00,0.0
2021-01-78 10:00:00,0.0
2021-01-78 10:10:00,0.0
2021-01-78 10:20:00,0.0
2021-01-78 10:30:00,0.0
2021-01-78 10:40:00,0.0
2021-01-78 10:50:00,0.0
2021-01-78 11:00:00,0.0
2021-01-78 11:10:00,0.0
2021-01-78 11:20:00,0.0
2021-01-78 11:30:00,0.0
2021-01-78 11:40:00,0.0
2021-01-78 11:50:00,0.0
2021-01-78 12:00:00,0.0
2021-01-78 12:10:00,0.0
2021-01-78 12:20:00,0.0
2021-01-78 12:30:00,0.0
2021-01-78 12:40:00,0.0
2021-01-78 12:50:00,0.0
2021-01-78 13:00:00,0.0
2021-01-78 13:10:00,0.0
2021-01-78 13:20:00,0.0
2021-01-78 13:30:00,0.0
2021-01-78 13:40:00,0.0
2021-01-78 13:50:00,0.0
2021-01-78 14:00:00,0.0
2021-01-78 14:10:00,0.0
2021-01-78 14:20:00,0.0
2021-01-78 14:30:00,0.0
2021-01-78 14:40:00,0.0
2021-01-78 14:50:00,0.0
2021-01-78 15:00:00,0.0
2021-01-78 15:10:00,0.0
2021-01-78 15:20:00,0.0
2021-01-78 15:30:00,0.0
2021-01-78 15:40:00,0.0
2021-01-78 15:50:00,0.0
2021-01-78 16:00:00,0.0
2021-01-78 16:10:00,0.0
2021-01-78 16:20:00,0.0
2021-01-78 16:30:00,0.0
2021-01-78 16:40:00,0.0
2021-01-78 16:50:00,0.0
2021-01-78 17:00:00,0.0
2021-01-78 17:10:00,0.0
2021-01-78 17:20:00,0.0
2021-01-78 17:30:00,0.0
2021-01-78 17:40:00,0.0
2021-01-78 17:50:00,0.0
2021-01-78 18:00:00,0.0
2021-01-78 18:10:00,0.0
2021-01-78 18:20:00,0.0
2021-01-78 18:30:00,0.0
2021-01-78 18:40:00,0.0
2021-01-78 18:50:00,0.0
2021-01-78 19:00:00,0.0
2021-01-78 19:10:00,0.0
2021-01-78 19:20:00,0.0
2021-01-78 19:30:00,0.0
2021-01-78 19:40:00,0.0
2021-01-78 19:50:00,0.0
2021-01-78 20:00:00,0.0
2021-01-78 20:10:00,0.0
2021-01-78 20:20:00,0.0
2021-01-78 20:30:00,0.0
2021-01-78 20:40:00,0.0
2021-01-78 20:50:00,0.0
2021-01-78 21:00:00,0.0
2021-01-78 21:10:00,0.0
2021-01-78 21:20:00,0.0
2021-01-78 21:30:00,0.0
2021-01-78 21:40:00,0.0
2021-01-78 21:50:00,0.0
2021-01-78 22:00:00,0.0
2021-01-78 22:10:00,0.0
2021-01-78 22:20:00,0.0
2021-01-78 22:30:00,0.0
2021-01-78 22:40:00,0.0
2021-01-78 22:50:00,0.0
2021-01-78 23:00:00,0.0
2021-01-78 23:10:00,0.0
2021-01-78 23:20:00,0.0
2021-01-78 23:30:00,0.0
2021-01-78 23:40:00,0.0
2021-01-78 23:50:00,0.0
2021-01-79 00:00:00,0.0
2021-01-79 00:10:00,0.0
2021-01-79 00:20:00,0.0
2021-01-79 00:30:00,0.0
2021-01-79 00:40:00,0.0
2021-01-79 00:50:00,0.0
2021-01-79 01:00:00,0.0
2021-01-79 01:10:00,0.0
2021-01-79 01:20:00,0.0
2021-01-79 01:30:00,0.0
2021-01-79 01:40:00,0.0
2021-01-79 01:50:00,0.0
2021-01-79 02:00:00,0.0
2021-01-79 02:10:00,0.0
2021-01-79 02:20:00,0.0
2021-01-79 02:30:00,0.0
2021-01-79 02:40:00,0.0
2021-01-79 02:50:00,0.0
2021-01-79 03:00:00,0.0
2021-01-79 03:10:00,0.0
2021-01-79 03:20:00,0.0
2021-01-79 03:30:00,0.0
2021-01-79 03:40:00,0.0
2021-01-79 03:50:00,0.0
2021-01-79 04:00:00,0.0
2021-01-79 04:10:00,0.0
2021-01-79 04:20:00,0.0
2021-01-79 04:30:00,0.0
2021-01-79 04:40:00,0.0
2021-01-79 04:50:00,0.0
2021-01-79 05:00:00,0.0
2021-01-79 05:10:00,0.0
2021-01-79 05:20:00,0.0
2021-01-79 05:30:00,0.0
2021-01-79 05:40:00,0.0
2021-01-79 05:50:00,0.0
2021-01-79 06:00:00,0.0
2021-01-79 06:10:00,0.0
2021-01-79 06:20:00,0.0
2021-01-79 06:30:00,0.0
2021-01-79 06:40:00,0.0
2021-01-79 06:50:00,0.0
2021-01-79 07:00:00,0.0
2021-01-79 07:10:00,0.0
2021-01-79 07:20:00,0.0
2021-01-79 07:30:00,0.0
2021-01-79 07:40:00,0.0
2021-01-79 07:50:00,0.0
2021-01-79 08:00:00,0.0
2021-01-79 08:10:00,0.0
2021-01-79 08:20:00,0.0
2021-01-79 08:30:00,0.0
2021-01-79 08:40:00,0.0
2021-01-79 08:50:00,0.0
2021-01-79 09:00:00,0.0
2021-01-79 09:10:00,0.0
2021-01-79 09:20:00,0.0
2021-01-79 09:30:00,0.0
2021-01-79 09:40:00,0.0
2021-01-79 09:50:00,0.0
2021-01-79 10:00:00,0.0
2021-01-79 10:10:00,0.0
2021-01-79 10:20:00,0.0
2021-01-79 10:30:00,0.0
2021-01-79 10:40:00,0.0
2021-01-79 10:50:00,0.0
2021-01-79 11:00:00,0.0
2021-01-79 11:10:00,0.0
2021-01-79 11:20:00,0.0
2021-01-79 11:30:00,0.0
2021-01-79 11:40:00,0.0
2021-01-79 11:50:00,0.0
2021-01-79 12:00:00,0.0
2021-01-79 12:10:00,0.0
2021-01-79 12:20:00,0.0
2021-01-79 12:30:00,0.0
2021-01-79 12:40:00,0.0
2021-01-79 12:50:00,0.0
2021-01-79 13:00:00,0.0
2021-01-79 13:10:00,0.0
2021-01-79 13:20:00,0.0
2021-01-79 13:30:00,0.0
2021-01-79 13:40:00,0.0
2021-01-79 13:50:00,0.0
2021-01-79 14:00:00,0.0
2021-01-79 14:10:00,0.0
2021-01-79 14:20:00,0.0
2021-01-79 14:30:00,0.0
2021-01-79 14:40:00,0.0
2021-01-79 14:50:00,0.0
2021-01-79 15:00:00,0.0
2021-01-79 15:10:00,0.0
2021-01-79 15:20:00,0.0
2021-01-79 15:30:00,0.0
2021-01-79 15:40:00,0.0
2021-01-79 15:50:00,0.0
2021-01-79 16:00:00,0.0
2021-01-79 16:10:00,0.0
2021-01-79 16:20:00,0.0
2021-01-79 16:30:00,0.0
2021-01-79 16:40:00,0.0
2021-01-79 16:50:00,0.0
2021-01-79 17:00:00,0.0
2021-01-79 17:10:00,0.0
2021-01-79 17:20:00,0.0
2021-01-79 17:30:00,0.0
2021-01-79 17:40:00,0.0
2021-01-79 17:50:00,0.0
2021-01-79 18:00:00,0.0
2021-01-79 18:10:00,0.0
2021-01-79 18:20:00,0.0
2021-01-79 18:30:00,0.0
2021-01-79 18:40:00,0.0
2021-01-79 18:50:00,0.0
2021-01-79 19:00:00,0.0
2021-01-79 19:10:00,0.0
2021-01-79 19:20:00,0.0
2021-01-79 19:30:00,0.0
2021-01-79 19:40:00,0.0
2021-01-79 19:50:00,0.0
2021-01-79 20:00:00,0.0
2021-01-79 20:10:00,0.0
2021-01-79 20:20:00,0.0
2021-01-79 20:30:00,0.0
2021-01-79 20:40:00,0.0
2021-01-79 20:50:00,0.0
2021-01-79 21:00:00,0.0
2021-01-79 21:10:00,0.0
2021-01-79 21:20:00,0.0
2021-01-79 21:30:00,0.0
2021-01-79 21:40:00,0.0
2021-01-79 21:50:00,0.0
2021-01-79 22:00:00,0.0
2021-01-79 22:10:00,0.0
2021-01-79 22:20:00,0.0
2021-01-79 22:30:00,0.0
2021-01-79 22:40:00,0.0
2021-01-79 22:50:00,0.0
2021-01-79 23:00:00,0.0
2021-01-79 23:10:00,0.0
2021-01-79 23:20:00,0.0
2021-01-79 23:30:00,0.0
2021-01-79 23:40:00,0.0
2021-01-79 23:50:00,0.0
2021-01-80 00:00:00,0.0
2021-01-80 00:10:00,0.0
2021-01-80 00:20:00,0.0
2021-01-80 00:30:00,0.0
2021-01-80 00:40:00,0.0
2021-01-80 00:50:00,0.0
2021-01-80 01:00:00,0.0
2021-01-80 01:10:00,0.0
2021-01-80 01:20:00,0.0
2021-01-80 01:30:00,0.0
2021-01-80 01:40:00,0.0
2021-01-80 01:50:00,0.0
2021-01-80 02:00:00,0.0
2021-01-80 02:10:00,0.0
2021-01-80 02:20:00,0.0
2021-01-80 02:30:00,0.0
2021-01-80 02:40:00,0.0
2021-01-80 02:50:00,0.0
2021-01-80 03:00:00,0.0
2021-01-80 03:10:00,0.0
2021-01-80 03:20:00,0.0
2021-01-80 03:30:00,0.0
2021-01-80 03:40:00,0.0
2021-01-80 03:50:00,0.0
2021-01-80 04:00:00,0.0
2021-01-80 04:10:00,0.0
2021-01-80 04:20:00,0.0
2021-01-80 04:30:00,0.0
2021-01-80 04:40:00,0.0
2021-01-80 04:50:00,0.0
2021-01-80 05:00:00,0.0
2021-01-80 05:10:00,0.0
2021-01-80 05:20:00,0.0
2021-01-80 05:30:00,0.0
2021-01-80 05:40:00,0.0
2021-01-80 05:50:00,0.0
2021-01-80 06:00:00,0.0
2021-01-80 06:10:00,0.0
2021-01-80 06:20:00,0.0
2021-01-80 06:30:00,0.0
2021-01-80 06:40:00,0.0
2021-01-80 06:50:00,0.0
2021-01-80 07:00:00,0.0
2021-01-80 07:10:00,0.0
2021-01-80 07:20:00,0.0
2021-01-80 07:30:00,0.0
2021-01-80 07:40:00,0.0
2021-01-80 07:50:00,0.0
2021-01-80 08:00:00,0.0
2021-01-80 08:10:00,0.0
2021-01-80 08:20:00,0.0
2021-01-80 08:30:00,0.0
2021-01-80 08:40:00,0.0
2021-01-80 08:50:00,0.0
2021-01-80 09:00:00,0.0
2021-01-80 09:10:00,0.0
2021-01-80 09:20:00,0.0
2021-01-80 09:30:00,0.0
2021-01-80 09:40:00,0.0
2021-01-80 09:50:00,0.0
2021-01-80 10:00:00,0.0
2021-01-80 10:10:00,0.0
2021-01-80 10:20:00,0.0
2021-01-80 10:30:00,0.0
2021-01-80 10:40:00,0.0
2021-01-80 10:50:00,0.0
2021-01-80 11:00:00,0.0
2021-01-80 11:10:00,0.0
2021-01-80 11:20:00,0.0
2021-01-80 11:30:00,0.0
2021-01-80 11:40:00,0.0
2021-01-80 11:50:00,0.0
2021-01-80 12:00:00,0.0
2021-01-80 12:10:00,0.0
2021-01-80 12:20:00,0.0
2021-01-80 12:30:00,0.0
2021-01-80 12:40:00,0.0
2021-01-80 12:50:00,0.0
2021-01-80 13:00:00,0.0
2021-01-80 13:10:00,0.0
2021-01-80 13:20:00,0.0
2021-01-80 13:30:00,0.0
2021-01-80 13:40:00,0.0
2021-01-80 13:50:00,0.0
2021-01-80 14:00:00,0.0
2021-01-80 14:10:00,0.0
2021-01-80 14:20:00,0.0
2021-01-80 14:30:00,0.0
2021-01-80 14:40:00,0.0
2021-01-80 14:50:00,0.0
2021-01-80 15:00:00,0.0
2021-01-80 15:10:00,0.0
2021-01-80 15:20:00,0.0
2021-01-80 15:30:00,0.0
2021-01-80 15:40:00,0.0
2021-01-80 15:50:00,0.0
2021-01-80 16:00:00,0.0
2021-01-80 16:10:00,0.0
2021-01-80 16:20:00,0.0
2021-01-80 16:30:00,0.0
2021-01-80 16:40:00,0.0
2021-01-80 16:50:00,0.0
2021-01-80 17:00:00,0.0
2021-01-80 17:10:00,0.0
2021-01-80 17:20:00,0.0
2021-01-80 17:30:00,0.0
2021-01-80 17:40:00,0.0
2021-01-80 17:50:00,0.0
2021-01-80 18:00:00,0.0
2021-01-80 18:10:00,0.0
2021-01-80 18:20:00,0.0
2021-01-80 18:30:00,0.0
2021-01-80 18:40:00,0.0
2021-01-80 18:50:00,0.0
2021-01-80 19:00:00,0.0
2021-01-80 19:10:00,0.0
2021-01-80 19:20:00,0.0
2021-01-80 19:30:00,0.0
2021-01-80 19:40:00,0.0
2021-01-80 19:50:00,0.0
2021-01-80 20:00:00,0.0
2021-01-80 20:10:00,0.0
2021-01-80 20:20:00,0.0
2021-01-80 20:30:00,0.0
2021-01-80 20:40:00,0.0
2021-01-80 20:50:00,0.0
2021-01-80 21:00:00,0.0
2021-01-80 21:10:00,0.0
2021-01-80 21:20:00,0.0
2021-01-80 21:30:00,0.0
2021-01-80 21:40:00,0.0
2021-01-80 21:50:00,0.0
2021-01-80 22:00:00,0.0
2021-01-80 22:10:00,0.0
2021-01-80 22:20:00,0.0
2021-01-80 22:30:00,0.0
2021-01-80 22:40:00,0.0
2021-01-80 22:50:00,0.0
2021-01-80 23:00:00,0.0
2021-01-80 23:10:00,0.0
2021-01-80 23:20:00,0.0
2021-01-80 23:30:00,0.0
2021-01-80 23:40:00,0.0
2021-01-80 23:50:00,0.0
2021-01-81 00:00:00,0.0
2021-01-81 00:10:00,0.0
2021-01-81 00:20:00,0.0
2021-01-81 00:30:00,0.0
2021-01-81 00:40:00,0.0
2021-01-81 00:50:00,0.0
2021-01-81 01:00:00,0.0
2021-01-81 01:10:00,0.0
2021-01-81 01:20:00,0.0
2021-01-81 01:30:00,0.0
2021-01-81 01:40:00,0.0
2021-01-81 01:50:00,0.0
2021-01-81 02:00:00,0.0
2021-01-81 02:10:00,0.0
2021-01-81 02:20:00,0.0
2021-01-81 02:30:00,0.0
2021-01-81 02:40:00,0.0
2021-01-81 02:50:00,0.0
2021-01-81 03:00:00,0.0
2021-01-81 03:10:00,0.0
2021-01-81 03:20:00,0.0
2021-01-81 03:30:00,0.0
2021-01-81 03:40:00,0.0
2021-01-81 03:50:00,0.0
2021-01-81 04:00:00,0.0
2021-01-81 04:10:00,0.0
2021-01-81 04:20:00,0.0
2021-01-81 04:30:00,0.0
2021-01-81 04:40:00,0.0
2021-01-81 04:50:00,0.0
2021-01-81 05:00:00,0.0
2021-01-81 05:10:00,0.0
2021-01-81 05:20:00,0.0
2021-01-81 05:30:00,0.0
2021-01-81 05:40:00,0.0
2021-01-81 05:50:00,0.0
2021-01-81 06:00:00,0.0
2021-01-81 06:10:00,0.0
2021-01-81 06:20:00,0.0
2021-01-81 06:30:00,0.0
2021-01-81 06:40:00,0.0
2021-01-81 06:50:00,0.0
2021-01-81 07:00:00,0.0
2021-01-81 07:10:00,0.0
2021-01-81 07:20:00,0.0
2021-01-81 07:30:00,0.0
2021-01-81 07:40:00,0.0
2021-01-81 07:50:00,0.0
2021-01-81 08:00:00,0.0
2021-01-81 08:10:00,0.0
2021-01-81 08:20:00,0.0
2021-01-81 08:30:00,0.0
2021-01-81 08:40:00,0.0
2021-01-81 08:50:00,0.0
2021-01-81 09:00:00,0.0
2021-01-81 09:10:00,0.0
2021-01-81 09:20:00,0.0
2021-01-81 09:30:00,0.0
2021-01-81 09:40:00,0.0
2021-01-81 09:50:00,0.0
2021-01-81 10:00:00,0.0
2021-01-81 10:10:00,0.0
2021-01-81 10:20:00,0.0
2021-01-81 10:30:00,0.0
2021-01-81 10:40:00,0.0
2021-01-81 10:50:00,0.0
2021-01-81 11:00:00,0.0
2021-01-81 11:10:00,0.0
2021-01-81 11:20:00,0.0
2021-01-81 11:30:00,0.0
2021-01-81 11:40:00,0.0
2021-01-81 11:50:00,0.0
2021-01-81 12:00:00,0.0
2021-01-81 12:10:00,0.0
2021-01-81 12:20:00,0.0
2021-01-81 12:30:00,0.0
2021-01-81 12:40:00,0.0
2021-01-81 12:50:00,0.0
2021-01-81 13:00:00,0.0
2021-01-81 13:10:00,0.0
2021-01-81 13:20:00,0.0
2021-01-81 13:30:00,0.0
2021-01-81 13:40:00,0.0
2021-01-81 13:50:00,0.0
2021-01-81 14:00:00,0.0
2021-01-81 14:10:00,0.0
2021-01-81 14:20:00,0.0
2021-01-81 14:30:00,0.0
2021-01-81 14:40:00,0.0
2021-01-81 14:50:00,0.0
2021-01-81 15:00:00,0.0
2021-01-81 15:10:00,0.0
2021-01-81 15:20:00,0.0
2021-01-81 15:30:00,0.0
2021-01-81 15:40:00,0.0
2021-01-81 15:50:00,0.0
2021-01-81 16:00:00,0.0
2021-01-81 16:10:00,0.0
2021-01-81 16:20:00,0.0
2021-01-81 16:30:00,0.0
2021-01-81 16:40:00,0.0
2021-01-81 16:50:00,0.0
2021-01-81 17:00:00,0.0
2021-01-81 17:10:00,0.0
2021-01-81 17:20:00,0.0
2021-01-81 17:30:00,0.0
2021-01-81 17:40:00,0.0
2021-01-81 17:50:00,0.0
2021-01-81 18:00:00,0.0
2021-01-81 18:10:00,0.0
2021-01-81 18:20:00,0.0
2021-01-81 18:30:00,0.0
2021-01-81 18:40:00,0.0
2021-01-81 18:50:00,0.0
2021-01-81 19:00:00,0.0
2021-01-81 19:10:00,0.0
2021-01-81 19:20:00,0.0
2021-01-81 19:30:00,0.0
2021-01-81 19:40:00,0.0
2021-01-81 19:50:00,0.0
2021-01-81 20:00:00,0.0
2021-01-81 20:10:00,0.0
2021-01-81 20:20:00,0.0
2021-01-81 20:30:00,0.0
2021-01-81 20:40:00,0.0
2021-01-81 20:50:00,0.0
2021-01-81 21:00:00,0.0
2021-01-81 21:10:00,0.0
2021-01-81 21:20:00,0.0
2021-01-81 21:30:00,0.0
2021-01-81 21:40:00,0.0
2021-01-81 21:50:00,0.0
2021-01-81 22:00:00,0.0
2021-01-81 22:10:00,0.0
2021-01-81 22:20:00,0.0
2021-01-81 22:30:00,0.0
2021-01-81 22:40:00,0.0
2021-01-81 22:50:00,0.0
2021-01-81 23:00:00,0.0
2021-01-81 23:10:00,0.0
2021-01-81 23:20:00,0.0
2021-01-81 23:30:00,0.0
2021-01-81 23:40:00,0.0
2021-01-81 23:50:00,0.0
2021-01-82 00:00:00,0.0
2021-01-82 00:10:00,0.0
2021-01-82 00:20:00,0.0
2021-01-82 00:30:00,0.0
2021-01-82 00:40:00,0.0
2021-01-82 00:50:00,0.0
2021-01-82 01:00:00,0.0
2021-01-82 01:10:00,0.0
2021-01-82 01:20:00,0.0
2021-01-82 01:30:00,0.0
2021-01-82 01:40:00,0.0
2021-01-82 01:50:00,0.0
2021-01-82 02:00:00,0.0
2021-01-82 02:10:00,0.0
2021-01-82 02:20:00,0.0
2021-01-82 02:30:00,0.0
2021-01-82 02:40:00,0.0
2021-01-82 02:50:00,0.0
2021-01-82 03:00:00,0.0
2021-01-82 03:10:00,0.0
2021-01-82 03:20:00,0.0
2021-01-82 03:30:00,0.0
2021-01-82 03:40:00,0.0
2021-01-82 03:50:00,0.0
2021-01-82 04:00:00,0.0
2021-01-82 04:10:00,0.0
2021-01-82 04:20:00,0.0
2021-01-82 04:30:00,0.0
2021-01-82 04:40:00,0.0
2021-01-82 04:50:00,0.0
2021-01-82 05:00:00,0.0
2021-01-82 05:10:00,0.0
2021-01-82 05:20:00,0.0
2021-01-82 05:30:00,0.0
2021-01-82 05:40:00,0.0
2021-01-82 05:50:00,0.0
2021-01-82 06:00:00,0.0
2021-01-82 06:10:00,0.0
2021-01-82 06:20:00,0.0
2021-01-82 06:30:00,0.0
2021-01-82 06:40:00,0.0
2021-01-82 06:50:00,0.0
2021-01-82 07:00:00,0.0
2021-01-82 07:10:00,0.0
2021-01-82 07:20:00,0.0
2021-01-82 07:30:00,0.0
2021-01-82 07:40:00,0.0
2021-01-82 07:50:00,0.0
2021-01-82 08:00:00,0.0
2021-01-82 08:10:00,0.0
2021-01-82 08:20:00,0.0
2021-01-82 08:30:00,0.0
2021-01-82 08:40:00,0.0
2021-01-82 08:50:00,0.0
2021-01-82 09:00:00,0.0
2021-01-82 09:10:00,0.0
2021-01-82 09:20:00,0.0
2021-01-82 09:30:00,0.0
2021-01-82 09:40:00,0.0
2021-01-82 09:50:00,0.0
2021-01-82 10:00:00,0.0
2021-01-82 10:10:00,0.0
2021-01-82 10:20:00,0.0
2021-01-82 10:30:00,0.0
2021-01-82 10:40:00,0.0
2021-01-82 10:50:00,0.0
2021-01-82 11:00:00,0.0
2021-01-82 11:10:00,0.0
2021-01-82 11:20:00,0.0
2021-01-82 11:30:00,0.0
2021-01-82 11:40:00,0.0
2021-01-82 11:50:00,0.0
2021-01-82 12:00:00,0.0
2021-01-82 12:10:00,0.0
2021-01-82 12:20:00,0.0
2021-01-82 12:30:00,0.0
2021-01-82 12:40:00,0.0
2021-01-82 12:50:00,0.0
2021-01-82 13:00:00,0.0
2021-01-82 13:10:00,0.0
2021-01-82 13:20:00,0.0
2021-01-82 13:30:00,0.0
2021-01-82 13:40:00,0.0
2021-01-82 13:50:00,0.0
2021-01-82 14:00:00,0.0
2021-01-82 14:10:00,0.0
2021-01-82 14:20:00,0.0
2021-01-82 14:30:00,0.0
2021-01-82 14:40:00,0.0
2021-01-82 14:50:00,0.0
2021-01-82 15:00:00,0.0
2021-01-82 15:10:00,0.0
2021-01-82 15:20:00,0.0
2021-01-82 15:30:00,0.0
2021-01-82 15:40:00,0.0
2021-01-82 15:50:00,0.0
2021-01-82 16:00:00,0.0
2021-01-82 16:10:00,0.0
2021-01-82 16:20:00,0.0
2021-01-82 16:30:00,0.0
2021-01-82 16:40:00,0.0
2021-01-82 16:50:00,0.0
2021-01-82 17:00:00,0.0
2021-01-82 17:10:00,0.0
2021-01-82 17:20:00,0.0
2021-01-82 17:30:00,0.0
2021-01-82 17:40:00,0.0
2021-01-82 17:50:00,0.0
2021-01-82 18:00:00,0.0
2021-01-82 18:10:00,0.0
2021-01-82 18:20:00,0.0
2021-01-82 18:30:00,0.0
2021-01-82 18:40:00,0.0
2021-01-82 18:50:00,0.0
2021-01-82 19:00:00,0.0
2021-01-82 19:10:00,0.0
2021-01-82 19:20:00,0.0
2021-01-82 19:30:00,0.0
2021-01-82 19:40:00,0.0
2021-01-82 19:50:00,0.0
2021-01-82 20:00:00,0.0
2021-01-82 20:10:00,0.0
2021-01-82 20:20:00,0.0
2021-01-82 20:30:00,0.0
2021-01-82 20:40:00,0.0
2021-01-82 20:50:00,0.0
2021-01-82 21:00:00,0.0
2021-01-82 21:10:00,0.0
2021-01-82 21:20:00,0.0
2021-01-82 21:30:00,0.0
2021-01-82 21:40:00,0.0
2021-01-82 21:50:00,0.0
2021-01-82 22:00:00,0.0
2021-01-82 22:10:00,0.0
2021-01-82 22:20:00,0.0
2021-01-82 22:30:00,0.0
2021-01-82 22:40:00,0.0
2021-01-82 22:50:00,0.0
2021-01-82 23:00:00,0.0
2021-01-82 23:10:00,0.0
2021-01-82 23:20:00,0.0
2021-01-82 23:30:00,0.0
2021-01-82 23:40:00,0.0
2021-01-82 23:50:00,0.0
2021-01-83 00:00:00,0.0
2021-01-83 00:10:00,0.0
2021-01-83 00:20:00,0.0
2021-01-83 00:30:00,0.0
2021-01-83 00:40:00,0.0
2021-01-83 00:50:00,0.0
2021-01-83 01:00:00,0.0
2021-01-83 01:10:00,0.0
2021-01-83 01:20:00,0.0
2021-01-83 01:30:00,0.0
2021-01-83 01:40:00,0.0
2021-01-83 01:50:00,0.0
2021-01-83 02:00:00,0.0
2021-01-83 02:10:00,0.0
2021-01-83 02:20:00,0.0
2021-01-83 02:30:00,0.0
2021-01-83 02:40:00,0.0
2021-01-83 02:50:00,0.0
2021-01-83 03:00:00,0.0
2021-01-83 03:10:00,0.0
2021-01-83 03:20:00,0.0
2021-01-83 03:30:00,0.0
2021-01-83 03:40:00,0.0
2021-01-83 03:50:00,0.0
2021-01-83 04:00:00,0.0
2021-01-83 04:10:00,0.0
2021-01-83 04:20:00,0.0
2021-01-83 04:30:00,0.0
2021-01-83 04:40:00,0.0
2021-01-83 04:50:00,0.0
2021-01-83 05:00:00,0.0
2021-01-83 05:10:00,0.0
2021-01-83 05:20:00,0.0
2021-01-83 05:30:00,0.0
2021-01-83 05:40:00,0.0
2021-01-83 05:50:00,0.0
2021-01-83 06:00:00,0.0
2021-01-83 06:10:00,0.0
2021-01-83 06:20:00,0.0
2021-01-83 06:30:00,0.0
2021-01-83 06:40:00,0.0
2021-01-83 06:50:00,0.0
2021-01-83 07:00:00,0.0
2021-01-83 07:10:00,0.0
2021-01-83 07:20:00,0.0
2021-01-83 07:30:00,0.0
2021-01-83 07:40:00,0.0
2021-01-83 07:50:00,0.0
2021-01-83 08:00:00,0.0
2021-01-83 08:10:00,0.0
2021-01-83 08:20:00,0.0
2021-01-83 08:30:00,0.0
2021-01-83 08:40:00,0.0
2021-01-83 08:50:00,0.0
2021-01-83 09:00:00,0.0
2021-01-83 09:10:00,0.0
2021-01-83 09:20:00,0.0
2021-01-83 09:30:00,0.0
2021-01-83 09:40:00,0.0
2021-01-83 09:50:00,0.0
2021-01-83 10:00:00,0.0
2021-01-83 10:10:00,0.0
2021-01-83 10:20:00,0.0
2021-01-83 10:30:00,0.0
2021-01-83 10:40:00,0.0
2021-01-83 10:50:00,0.0
2021-01-83 11:00:00,0.0
2021-01-83 11:10:00,0.0
2021-01-83 11:20:00,0.0
2021-01-83 11:30:00,0.0
2021-01-83 11:40:00,0.0
2021-01-83 11:50:00,0.0
2021-01-83 12:00:00,0.0
2021-01-83 12:10:00,0.0
2021-01-83 12:20:00,0.0
2021-01-83 12:30:00,0.0
2021-01-83 12:40:00,0.0
2021-01-83 12:50:00,0.0
2021-01-83 13:00:00,0.0
2021-01-83 13:10:00,0.0
2021-01-83 13:20:00,0.0
2021-01-83 13:30:00,0.0
2021-01-83 13:40:00,0.0
2021-01-83 13:50:00,0.0
2021-01-83 14:00:00,0.0
2021-01-83 14:10:00,0.0
2021-01-83 14:20:00,0.0
2021-01-83 14:30:00,0.0
2021-01-83 14:40:00,0.0
2021-01-83 14:50:00,0.0
2021-01-83 15:00:00,0.0
2021-01-83 15:10:00,0.0
2021-01-83 15:20:00,0.0
2021-01-83 15:30:00,0.0
2021-01-83 15:40:00,0.0
2021-01-83 15:50:00,0.0
2021-01-83 16:00:00,0.0
2021-01-83 16:10:00,0.0
2021-01-83 16:20:00,0.0
2021-01-83 16:30:00,0.0
2021-01-83 16:40:00,0.0
2021-01-83 16:50:00,0.0
2021-01-83 17:00:00,0.0
2021-01-83 17:10:00,0.0
2021-01-83 17:20:00,0.0
2021-01-83 17:30:00,0.0
2021-01-83 17:40:00,0.0
2021-01-83 17:50:00,0.0
2021-01-83 18:00:00,0.0
2021-01-83 18:10:00,0.0
2021-01-83 18:20:00,0.0
2021-01-83 18:30:00,0.0
2021-01-83 18:40:00,0.0
2021-01-83 18:50:00,0.0
2021-01-83 19:00:00,0.0
2021-01-83 19:10:00,0.0
2021-01-83 19:20:00,0.0
2021-01-83 19:30:00,0.0
2021-01-83 19:40:00,0.0
2021-01-83 19:50:00,0.0
2021-01-83 20:00:00,0.0
2021-01-83 20:10:00,0.0
2021-01-83 20:20:00,0.0
2021-01-83 20:30:00,0.0
2021-01-83 20:40:00,0.0
2021-01-83 20:50:00,0.0
2021-01-83 21:00:00,0.0
2021-01-83 21:10:00,0.0
2021-01-83 21:20:00,0.0
2021-01-83 21:30:00,0.0
2021-01-83 21:40:00,0.0
2021-01-83 21:50:00,0.0
2021-01-83 22:00:00,0.0
2021-01-83 22:10:00,0.0
2021-01-83 22:20:00,0.0
2021-01-83 22:30:00,0.0
2021-01-83 22:40:00,0.0
2021-01-83 22:50:00,0.0
2021-01-83 23:00:00,0.0
2021-01-83 23:10:00,0.0
2021-01-83 23:20:00,0.0
2021-01-83 23:30:00,0.0
2021-01-83 23:40:00,0.0
2021-01-83 23:50:00,0.0
2021-01-84 00:00:00,0.0
2021-01-84 00:10:00,0.0
2021-01-84 00:20:00,0.0
2021-01-84 00:30:00,0.0
2021-01-84 00:40:00,0.0
2021-01-84 00:50:00,0.0
2021-01-84 01:00:00,0.0
2021-01-84 01:10:00,0.0
2021-01-84 01:20:00,0.0
2021-01-84 01:30:00,0.0
2021-01-84 01:40:00,0.0
2021-01-84 01:50:00,0.0
2021-01-84 02:00:00,0.0
2021-01-84 02:10:00,0.0
2021-01-84 02:20:00,0.0
2021-01-84 02:30:00,0.0
2021-01-84 02:40:00,0.0
2021-01-84 02:50:00,0.0
2021-01-84 03:00:00,0.0
2021-01-84 03:10:00,0.0
2021-01-84 03:20:00,0.0
2021-01-84 03:30:00,0.0
2021-01-84 03:40:00,0.0
2021-01-84 03:50:00,0.0
2021-01-84 04:00:00,0.0
2021-01-84 04:10:00,0.0
2021-01-84 04:20:00,0.0
2021-01-84 04:30:00,0.0
2021-01-84 04:40:00,0.0
2021-01-84 04:50:00,0.0
2021-01-84 05:00:00,0.0
2021-01-84 05:10:00,0.0
2021-01-84 05:20:00,0.0
2021-01-84 05:30:00,0.0
2021-01-84 05:40:00,0.0
2021-01-84 05:50:00,0.0
2021-01-84 06:00:00,0.0
2021-01-84 06:10:00,0.0
2021-01-84 06:20:00,0.0
2021-01-84 06:30:00,0.0
2021-01-84 06:40:00,0.0
2021-01-84 06:50:00,0.0
2021-01-84 07:00:00,0.0
2021-01-84 07:10:00,0.0
2021-01-84 07:20:00,0.0
2021-01-84 07:30:00,0.0
2021-01-84 07:40:00,0.0
2021-01-84 07:50:00,0.0
2021-01-84 08:00:00,0.0
2021-01-84 08:10:00,0.812
2021-01-84 08:20:00,1.623
2021-01-84 08:30:00,2.435
2021-01-84 08:40:00,3.246
2021-01-84 08:50:00,4.058
2021-01-84 09:00:00,4.869
2021-01-84 09:10:00,5.681
2021-01-84 09:20:00,6.492
2021-01-84 09:30:00,7.304
2021-01-84 09:40:00,8.115
2021-01-84 09:50:00,8.926
