cloudlet_id,arrival_time,length,pes_required,file_size,output_size,deadline
0,0,760000,2,512,256,3600
1,0,760000,2,512,256,3600
2,0,760000,2,512,256,3600
3,1,760000,2,512,256,3601
4,1,760000,2,512,256,3601
5,2,760000,2,512,256,3602
6,2,760000,2,512,256,3602
7,2,760000,2,512,256,3602
8,2,760000,2,512,256,3602
9,3,760000,2,512,256,3603
10,3,760000,2,512,256,3603
11,4,760000,2,512,256,3604
12,4,760000,2,512,256,3604
13,5,760000,2,512,256,3605
14,6,760000,2,512,256,3606
15,6,760000,2,512,256,3606
16,6,760000,2,512,256,3606
17,6,760000,2,512,256,3606
18,7,760000,2,512,256,3607
19,7,760000,2,512,256,3607
20,7,760000,2,512,256,3607
21,7,760000,2,512,256,3607
22,7,760000,2,512,256,3607
23,7,760000,2,512,256,3607
24,8,760000,2,512,256,3608
25,8,760000,2,512,256,3608
26,8,760000,2,512,256,3608
27,8,760000,2,512,256,3608
28,8,760000,2,512,256,3608
29,8,760000,2,512,256,3608
30,8,760000,2,512,256,3608
31,9,760000,2,512,256,3609
32,9,760000,2,512,256,3609
33,9,760000,2,512,256,3609
34,9,760000,2,512,256,3609
35,9,760000,2,512,256,3609
36,10,760000,2,512,256,3610
37,10,760000,2,512,256,3610
38,10,760000,2,512,256,3610
39,10,760000,2,512,256,3610
40,10,760000,2,512,256,3610
41,10,760000,2,512,256,3610
42,10,760000,2,512,256,3610
43,10,760000,2,512,256,3610
44,10,760000,2,512,256,3610
45,12,760000,2,512,256,3612
46,12,760000,2,512,256,3612
47,12,760000,2,512,256,3612
48,12,760000,2,512,256,3612
49,12,760000,2,512,256,3612
50,13,760000,2,512,256,3613
51,13,760000,2,512,256,3613
52,14,760000,2,512,256,3614
53,14,760000,2,512,256,3614
54,14,760000,2,512,256,3614
55,15,760000,2,512,256,3615
56,15,760000,2,512,256,3615
57,15,760000,2,512,256,3615
58,15,760000,2,512,256,3615
59,15,760000,2,512,256,3615
60,16,760000,2,512,256,3616
61,16,760000,2,512,256,3616
62,17,760000,2,512,256,3617
63,17,760000,2,512,256,3617
64,17,760000,2,512,256,3617
65,17,760000,2,512,256,3617
66,17,760000,2,512,256,3617
67,17,760000,2,512,256,3617
68,17,760000,2,512,256,3617
69,17,760000,2,512,256,3617
70,18,760000,2,512,256,3618
71,18,760000,2,512,256,3618
72,18,760000,2,512,256,3618
73,18,760000,2,512,256,3618
74,18,760000,2,512,256,3618
75,18,760000,2,512,256,3618
76,18,760000,2,512,256,3618
77,18,760000,2,512,256,3618
78,18,760000,2,512,256,3618
79,19,760000,2,512,256,3619
80,19,760000,2,512,256,3619
81,19,760000,2,512,256,3619
82,19,760000,2,512,256,3619
83,19,760000,2,512,256,3619
84,19,760000,2,512,256,3619
85,19,760000,2,512,256,3619
86,19,760000,2,512,256,3619
87,19,760000,2,512,256,3619
88,19,760000,2,512,256,3619
89,19,760000,2,512,256,3619
90,20,760000,2,512,256,3620
91,20,760000,2,512,256,3620
92,20,760000,2,512,256,3620
93,20,760000,2,512,256,3620
94,20,760000,2,512,256,3620
95,21,760000,2,512,256,3621
96,21,760000,2,512,256,3621
97,21,760000,2,512,256,3621
98,22,760000,2,512,256,3622
99,22,760000,2,512,256,3622
100,22,760000,2,512,256,3622
101,23,760000,2,512,256,3623
102,24,760000,2,512,256,3624
103,25,760000,2,512,256,3625
104,25,760000,2,512,256,3625
105,25,760000,2,512,256,3625
106,25,760000,2,512,256,3625
107,26,760000,2,512,256,3626
108,26,760000,2,512,256,3626
109,26,760000,2,512,256,3626
110,27,760000,2,512,256,3627
111,27,760000,2,512,256,3627
112,27,760000,2,512,256,3627
113,27,760000,2,512,256,3627
114,28,760000,2,512,256,3628
115,28,760000,2,512,256,3628
116,28,760000,2,512,256,3628
117,28,760000,2,512,256,3628
118,28,760000,2,512,256,3628
119,29,760000,2,512,256,3629
120,29,760000,2,512,256,3629
121,29,760000,2,512,256,3629
122,29,760000,2,512,256,3629
123,30,760000,2,512,256,3630
124,30,760000,2,512,256,3630
125,30,760000,2,512,256,3630
126,30,760000,2,512,256,3630
127,30,760000,2,512,256,3630
128,30,760000,2,512,256,3630
129,30,760000,2,512,256,3630
130,30,760000,2,512,256,3630
131,31,760000,2,512,256,3631
132,31,760000,2,512,256,3631
133,31,760000,2,512,256,3631
134,31,760000,2,512,256,3631
135,31,760000,2,512,256,3631
136,31,760000,2,512,256,3631
137,32,760000,2,512,256,3632
138,32,760000,2,512,256,3632
139,32,760000,2,512,256,3632
140,32,760000,2,512,256,3632
141,32,760000,2,512,256,3632
142,33,760000,2,512,256,3633
143,33,760000,2,512,256,3633
144,33,760000,2,512,256,3633
145,34,760000,2,512,256,3634
146,34,760000,2,512,256,3634
147,34,760000,2,512,256,3634
148,34,760000,2,512,256,3634
149,34,760000,2,512,256,3634
150,34,760000,2,512,256,3634
151,34,760000,2,512,256,3634
152,35,760000,2,512,256,3635
153,36,760000,2,512,256,3636
154,36,760000,2,512,256,3636
155,36,760000,2,512,256,3636
156,36,760000,2,512,256,3636
157,37,760000,2,512,256,3637
158,38,760000,2,512,256,3638
159,38,760000,2,512,256,3638
160,38,760000,2,512,256,3638
161,38,760000,2,512,256,3638
162,38,760000,2,512,256,3638
163,38,760000,2,512,256,3638
164,38,760000,2,512,256,3638
165,39,760000,2,512,256,3639
166,39,760000,2,512,256,3639
167,39,760000,2,512,256,3639
168,40,760000,2,512,256,3640
169,40,760000,2,512,256,3640
170,40,760000,2,512,256,3640
171,40,760000,2,512,256,3640
172,40,760000,2,512,256,3640
173,41,760000,2,512,256,3641
174,41,760000,2,512,256,3641
175,41,760000,2,512,256,3641
176,41,760000,2,512,256,3641
177,41,760000,2,512,256,3641
178,42,760000,2,512,256,3642
179,42,760000,2,512,256,3642
180,42,760000,2,512,256,3642
181,42,760000,2,512,256,3642
182,42,760000,2,512,256,3642
183,43,760000,2,512,256,3643
184,43,760000,2,512,256,3643
185,43,760000,2,512,256,3643
186,43,760000,2,512,256,3643
187,44,760000,2,512,256,3644
188,44,760000,2,512,256,3644
189,44,760000,2,512,256,3644
190,44,760000,2,512,256,3644
191,45,760000,2,512,256,3645
192,45,760000,2,512,256,3645
193,45,760000,2,512,256,3645
194,45,760000,2,512,256,3645
195,45,760000,2,512,256,3645
196,45,760000,2,512,256,3645
197,45,760000,2,512,256,3645
198,46,760000,2,512,256,3646
199,46,760000,2,512,256,3646
200,46,760000,2,512,256,3646
201,46,760000,2,512,256,3646
202,46,760000,2,512,256,3646
203,47,760000,2,512,256,3647
204,47,760000,2,512,256,3647
205,47,760000,2,512,256,3647
206,47,760000,2,512,256,3647
207,47,760000,2,512,256,3647
208,47,760000,2,512,256,3647
209,48,760000,2,512,256,3648
210,48,760000,2,512,256,3648
211,49,760000,2,512,256,3649
212,49,760000,2,512,256,3649
213,49,760000,2,512,256,3649
214,49,760000,2,512,256,3649
215,50,760000,2,512,256,3650
216,50,760000,2,512,256,3650
217,50,760000,2,512,256,3650
218,50,760000,2,512,256,3650
219,50,760000,2,512,256,3650
220,50,760000,2,512,256,3650
221,50,760000,2,512,256,3650
222,51,760000,2,512,256,3651
223,51,760000,2,512,256,3651
224,51,760000,2,512,256,3651
225,51,760000,2,512,256,3651
226,51,760000,2,512,256,3651
227,51,760000,2,512,256,3651
228,52,760000,2,512,256,3652
229,52,760000,2,512,256,3652
230,52,760000,2,512,256,3652
231,52,760000,2,512,256,3652
232,52,760000,2,512,256,3652
233,53,760000,2,512,256,3653
234,53,760000,2,512,256,3653
235,53,760000,2,512,256,3653
236,53,760000,2,512,256,3653
237,53,760000,2,512,256,3653
238,54,760000,2,512,256,3654
239,54,760000,2,512,256,3654
240,54,760000,2,512,256,3654
241,54,760000,2,512,256,3654
242,54,760000,2,512,256,3654
243,55,760000,2,512,256,3655
244,55,760000,2,512,256,3655
245,55,760000,2,512,256,3655
246,55,760000,2,512,256,3655
247,56,760000,2,512,256,3656
248,56,760000,2,512,256,3656
249,56,760000,2,512,256,3656
250,56,760000,2,512,256,3656
251,56,760000,2,512,256,3656
252,56,760000,2,512,256,3656
253,56,760000,2,512,256,3656
254,56,760000,2,512,256,3656
255,56,760000,2,512,256,3656
256,57,760000,2,512,256,3657
257,57,760000,2,512,256,3657
258,57,760000,2,512,256,3657
259,57,760000,2,512,256,3657
260,57,760000,2,512,256,3657
261,57,760000,2,512,256,3657
262,57,760000,2,512,256,3657
263,58,760000,2,512,256,3658
264,58,760000,2,512,256,3658
265,58,760000,2,512,256,3658
266,59,760000,2,512,256,3659
267,59,760000,2,512,256,3659
268,59,760000,2,512,256,3659
269,59,760000,2,512,256,3659
270,60,760000,2,512,256,3660
271,60,760000,2,512,256,3660
272,60,760000,2,512,256,3660
273,61,760000,2,512,256,3661
274,61,760000,2,512,256,3661
275,61,760000,2,512,256,3661
276,61,760000,2,512,256,3661
277,61,760000,2,512,256,3661
278,61,760000,2,512,256,3661
279,62,760000,2,512,256,3662
280,62,760000,2,512,256,3662
281,62,760000,2,512,256,3662
282,62,760000,2,512,256,3662
283,63,760000,2,512,256,3663
284,63,760000,2,512,256,3663
285,63,760000,2,512,256,3663
286,63,760000,2,512,256,3663
287,63,760000,2,512,256,3663
288,64,760000,2,512,256,3664
289,64,760000,2,512,256,3664
290,64,760000,2,512,256,3664
291,64,760000,2,512,256,3664
292,65,760000,2,512,256,3665
293,65,760000,2,512,256,3665
294,65,760000,2,512,256,3665
295,65,760000,2,512,256,3665
296,65,760000,2,512,256,3665
297,65,760000,2,512,256,3665
298,66,760000,2,512,256,3666
299,66,760000,2,512,256,3666
300,66,760000,2,512,256,3666
301,66,760000,2,512,256,3666
302,67,760000,2,512,256,3667
303,67,760000,2,512,256,3667
304,67,760000,2,512,256,3667
305,67,760000,2,512,256,3667
306,68,760000,2,512,256,3668
307,68,760000,2,512,256,3668
308,68,760000,2,512,256,3668
309,68,760000,2,512,256,3668
310,68,760000,2,512,256,3668
311,68,760000,2,512,256,3668
312,69,760000,2,512,256,3669
313,69,760000,2,512,256,3669
314,69,760000,2,512,256,3669
315,70,760000,2,512,256,3670
316,70,760000,2,512,256,3670
317,70,760000,2,512,256,3670
318,71,760000,2,512,256,3671
319,71,760000,2,512,256,3671
320,71,760000,2,512,256,3671
321,71,760000,2,512,256,3671
322,71,760000,2,512,256,3671
323,71,760000,2,512,256,3671
324,71,760000,2,512,256,3671
325,72,760000,2,512,256,3672
326,72,760000,2,512,256,3672
327,72,760000,2,512,256,3672
328,73,760000,2,512,256,3673
329,73,760000,2,512,256,3673
330,73,760000,2,512,256,3673
331,74,760000,2,512,256,3674
332,74,760000,2,512,256,3674
333,74,760000,2,512,256,3674
334,74,760000,2,512,256,3674
335,74,760000,2,512,256,3674
336,74,760000,2,512,256,3674
337,75,760000,2,512,256,3675
338,75,760000,2,512,256,3675
339,75,760000,2,512,256,3675
340,76,760000,2,512,256,3676
341,76,760000,2,512,256,3676
342,77,760000,2,512,256,3677
343,77,760000,2,512,256,3677
344,78,760000,2,512,256,3678
345,78,760000,2,512,256,3678
346,78,760000,2,512,256,3678
347,78,760000,2,512,256,3678
348,78,760000,2,512,256,3678
349,78,760000,2,512,256,3678
350,79,760000,2,512,256,3679
351,79,760000,2,512,256,3679
352,80,760000,2,512,256,3680
353,80,760000,2,512,256,3680
354,80,760000,2,512,256,3680
355,80,760000,2,512,256,3680
356,80,760000,2,512,256,3680
357,81,760000,2,512,256,3681
358,81,760000,2,512,256,3681
359,81,760000,2,512,256,3681
360,81,760000,2,512,256,3681
361,81,760000,2,512,256,3681
362,82,760000,2,512,256,3682
363,82,760000,2,512,256,3682
364,82,760000,2,512,256,3682
365,82,760000,2,512,256,3682
366,82,760000,2,512,256,3682
367,82,760000,2,512,256,3682
368,82,760000,2,512,256,3682
369,82,760000,2,512,256,3682
370,83,760000,2,512,256,3683
371,83,760000,2,512,256,3683
372,83,760000,2,512,256,3683
373,84,760000,2,512,256,3684
374,84,760000,2,512,256,3684
375,84,760000,2,512,256,3684
376,85,760000,2,512,256,3685
377,85,760000,2,512,256,3685
378,85,760000,2,512,256,3685
379,85,760000,2,512,256,3685
380,85,760000,2,512,256,3685
381,85,760000,2,512,256,3685
382,85,760000,2,512,256,3685
383,86,760000,2,512,256,3686
384,86,760000,2,512,256,3686
385,86,760000,2,512,256,3686
386,86,760000,2,512,256,3686
387,86,760000,2,512,256,3686
388,86,760000,2,512,256,3686
389,87,760000,2,512,256,3687
390,87,760000,2,512,256,3687
391,87,760000,2,512,256,3687
392,87,760000,2,512,256,3687
393,88,760000,2,512,256,3688
394,88,760000,2,512,256,3688
395,89,760000,2,512,256,3689
396,89,760000,2,512,256,3689
397,89,760000,2,512,256,3689
398,89,760000,2,512,256,3689
399,89,760000,2,512,256,3689
400,90,760000,2,512,256,3690
401,90,760000,2,512,256,3690
402,90,760000,2,512,256,3690
403,90,760000,2,512,256,3690
404,91,760000,2,512,256,3691
405,91,760000,2,512,256,3691
406,91,760000,2,512,256,3691
407,92,760000,2,512,256,3692
408,92,760000,2,512,256,3692
409,93,760000,2,512,256,3693
410,93,760000,2,512,256,3693
411,93,760000,2,512,256,3693
412,93,760000,2,512,256,3693
413,93,760000,2,512,256,3693
414,94,760000,2,512,256,3694
415,94,760000,2,512,256,3694
416,94,760000,2,512,256,3694
417,95,760000,2,512,256,3695
418,95,760000,2,512,256,3695
419,95,760000,2,512,256,3695
420,95,760000,2,512,256,3695
421,96,760000,2,512,256,3696
422,96,760000,2,512,256,3696
423,97,760000,2,512,256,3697
424,97,760000,2,512,256,3697
425,98,760000,2,512,256,3698
426,98,760000,2,512,256,3698
427,99,760000,2,512,256,3699
428,99,760000,2,512,256,3699
429,99,760000,2,512,256,3699
430,100,760000,2,512,256,3700
431,100,760000,2,512,256,3700
432,100,760000,2,512,256,3700
433,100,760000,2,512,256,3700
434,101,760000,2,512,256,3701
435,101,760000,2,512,256,3701
436,101,760000,2,512,256,3701
437,101,760000,2,512,256,3701
438,101,760000,2,512,256,3701
439,101,760000,2,512,256,3701
440,102,760000,2,512,256,3702
441,102,760000,2,512,256,3702
442,102,760000,2,512,256,3702
443,103,760000,2,512,256,3703
444,103,760000,2,512,256,3703
445,103,760000,2,512,256,3703
446,103,760000,2,512,256,3703
447,104,760000,2,512,256,3704
448,104,760000,2,512,256,3704
449,105,760000,2,512,256,3705
450,105,760000,2,512,256,3705
451,106,760000,2,512,256,3706
452,106,760000,2,512,256,3706
453,106,760000,2,512,256,3706
454,106,760000,2,512,256,3706
455,107,760000,2,512,256,3707
456,107,760000,2,512,256,3707
457,107,760000,2,512,256,3707
458,107,760000,2,512,256,3707
459,107,760000,2,512,256,3707
460,107,760000,2,512,256,3707
461,108,760000,2,512,256,3708
462,108,760000,2,512,256,3708
463,108,760000,2,512,256,3708
464,109,760000,2,512,256,3709
465,109,760000,2,512,256,3709
466,109,760000,2,512,256,3709
467,109,760000,2,512,256,3709
468,109,760000,2,512,256,3709
469,109,760000,2,512,256,3709
470,109,760000,2,512,256,3709
471,110,760000,2,512,256,3710
472,110,760000,2,512,256,3710
473,110,760000,2,512,256,3710
474,110,760000,2,512,256,3710
475,110,760000,2,512,256,3710
476,110,760000,2,512,256,3710
477,110,760000,2,512,256,3710
478,110,760000,2,512,256,3710
479,110,760000,2,512,256,3710
480,111,760000,2,512,256,3711
481,111,760000,2,512,256,3711
482,111,760000,2,512,256,3711
483,112,760000,2,512,256,3712
484,112,760000,2,512,256,3712
485,112,760000,2,512,256,3712
486,112,760000,2,512,256,3712
487,112,760000,2,512,256,3712
488,113,760000,2,512,256,3713
489,113,760000,2,512,256,3713
490,113,760000,2,512,256,3713
491,113,760000,2,512,256,3713
492,113,760000,2,512,256,3713
493,113,760000,2,512,256,3713
494,113,760000,2,512,256,3713
495,114,760000,2,512,256,3714
496,114,760000,2,512,256,3714
497,114,760000,2,512,256,3714
498,114,760000,2,512,256,3714
499,114,760000,2,512,256,3714
500,114,760000,2,512,256,3714
501,115,760000,2,512,256,3715
502,116,760000,2,512,256,3716
503,116,760000,2,512,256,3716
504,116,760000,2,512,256,3716
505,117,760000,2,512,256,3717
506,117,760000,2,512,256,3717
507,117,760000,2,512,256,3717
508,117,760000,2,512,256,3717
509,117,760000,2,512,256,3717
510,117,760000,2,512,256,3717
511,117,760000,2,512,256,3717
512,117,760000,2,512,256,3717
513,118,760000,2,512,256,3718
514,118,760000,2,512,256,3718
515,118,760000,2,512,256,3718
516,119,760000,2,512,256,3719
517,119,760000,2,512,256,3719
518,119,760000,2,512,256,3719
519,119,760000,2,512,256,3719
520,119,760000,2,512,256,3719
521,119,760000,2,512,256,3719
522,120,760000,2,512,256,3720
523,120,760000,2,512,256,3720
524,120,760000,2,512,256,3720
525,121,760000,2,512,256,3721
526,121,760000,2,512,256,3721
527,121,760000,2,512,256,3721
528,122,760000,2,512,256,3722
529,122,760000,2,512,256,3722
530,122,760000,2,512,256,3722
531,122,760000,2,512,256,3722
532,122,760000,2,512,256,3722
533,123,760000,2,512,256,3723
534,123,760000,2,512,256,3723
535,124,760000,2,512,256,3724
536,124,760000,2,512,256,3724
537,125,760000,2,512,256,3725
538,125,760000,2,512,256,3725
539,125,760000,2,512,256,3725
540,125,760000,2,512,256,3725
541,125,760000,2,512,256,3725
542,126,760000,2,512,256,3726
543,126,760000,2,512,256,3726
544,126,760000,2,512,256,3726
545,127,760000,2,512,256,3727
546,127,760000,2,512,256,3727
547,127,760000,2,512,256,3727
548,127,760000,2,512,256,3727
549,127,760000,2,512,256,3727
550,127,760000,2,512,256,3727
551,128,760000,2,512,256,3728
552,128,760000,2,512,256,3728
553,128,760000,2,512,256,3728
554,128,760000,2,512,256,3728
555,129,760000,2,512,256,3729
556,129,760000,2,512,256,3729
557,129,760000,2,512,256,3729
558,129,760000,2,512,256,3729
559,129,760000,2,512,256,3729
560,130,760000,2,512,256,3730
561,130,760000,2,512,256,3730
562,130,760000,2,512,256,3730
563,130,760000,2,512,256,3730
564,131,760000,2,512,256,3731
565,131,760000,2,512,256,3731
566,131,760000,2,512,256,3731
567,132,760000,2,512,256,3732
568,132,760000,2,512,256,3732
569,132,760000,2,512,256,3732
570,132,760000,2,512,256,3732
571,133,760000,2,512,256,3733
572,133,760000,2,512,256,3733
573,133,760000,2,512,256,3733
574,134,760000,2,512,256,3734
575,135,760000,2,512,256,3735
576,135,760000,2,512,256,3735
577,135,760000,2,512,256,3735
578,135,760000,2,512,256,3735
579,135,760000,2,512,256,3735
580,135,760000,2,512,256,3735
581,135,760000,2,512,256,3735
582,136,760000,2,512,256,3736
583,136,760000,2,512,256,3736
584,136,760000,2,512,256,3736
585,136,760000,2,512,256,3736
586,136,760000,2,512,256,3736
587,136,760000,2,512,256,3736
588,137,760000,2,512,256,3737
589,137,760000,2,512,256,3737
590,137,760000,2,512,256,3737
591,138,760000,2,512,256,3738
592,138,760000,2,512,256,3738
593,139,760000,2,512,256,3739
594,139,760000,2,512,256,3739
595,139,760000,2,512,256,3739
596,139,760000,2,512,256,3739
597,139,760000,2,512,256,3739
598,140,760000,2,512,256,3740
599,140,760000,2,512,256,3740
600,140,760000,2,512,256,3740
601,140,760000,2,512,256,3740
602,140,760000,2,512,256,3740
603,140,760000,2,512,256,3740
604,140,760000,2,512,256,3740
605,141,760000,2,512,256,3741
606,141,760000,2,512,256,3741
607,142,760000,2,512,256,3742
608,142,760000,2,512,256,3742
609,142,760000,2,512,256,3742
610,142,760000,2,512,256,3742
611,143,760000,2,512,256,3743
612,143,760000,2,512,256,3743
613,143,760000,2,512,256,3743
614,143,760000,2,512,256,3743
615,143,760000,2,512,256,3743
616,144,760000,2,512,256,3744
617,144,760000,2,512,256,3744
618,144,760000,2,512,256,3744
619,145,760000,2,512,256,3745
620,146,760000,2,512,256,3746
621,146,760000,2,512,256,3746
622,146,760000,2,512,256,3746
623,146,760000,2,512,256,3746
624,146,760000,2,512,256,3746
625,146,760000,2,512,256,3746
626,146,760000,2,512,256,3746
627,146,760000,2,512,256,3746
628,147,760000,2,512,256,3747
629,147,760000,2,512,256,3747
630,147,760000,2,512,256,3747
631,147,760000,2,512,256,3747
632,148,760000,2,512,256,3748
633,148,760000,2,512,256,3748
634,148,760000,2,512,256,3748
635,148,760000,2,512,256,3748
636,148,760000,2,512,256,3748
637,148,760000,2,512,256,3748
638,150,760000,2,512,256,3750
639,150,760000,2,512,256,3750
640,150,760000,2,512,256,3750
641,150,760000,2,512,256,3750
642,150,760000,2,512,256,3750
643,150,760000,2,512,256,3750
644,150,760000,2,512,256,3750
645,151,760000,2,512,256,3751
646,151,760000,2,512,256,3751
647,151,760000,2,512,256,3751
648,151,760000,2,512,256,3751
649,151,760000,2,512,256,3751
650,151,760000,2,512,256,3751
651,152,760000,2,512,256,3752
652,152,760000,2,512,256,3752
653,152,760000,2,512,256,3752
654,152,760000,2,512,256,3752
655,152,760000,2,512,256,3752
656,153,760000,2,512,256,3753
657,153,760000,2,512,256,3753
658,153,760000,2,512,256,3753
659,153,760000,2,512,256,3753
660,153,760000,2,512,256,3753
661,153,760000,2,512,256,3753
662,153,760000,2,512,256,3753
663,153,760000,2,512,256,3753
664,153,760000,2,512,256,3753
665,154,760000,2,512,256,3754
666,154,760000,2,512,256,3754
667,154,760000,2,512,256,3754
668,154,760000,2,512,256,3754
669,154,760000,2,512,256,3754
670,155,760000,2,512,256,3755
671,155,760000,2,512,256,3755
672,155,760000,2,512,256,3755
673,155,760000,2,512,256,3755
674,155,760000,2,512,256,3755
675,155,760000,2,512,256,3755
676,156,760000,2,512,256,3756
677,156,760000,2,512,256,3756
678,156,760000,2,512,256,3756
679,156,760000,2,512,256,3756
680,157,760000,2,512,256,3757
681,157,760000,2,512,256,3757
682,157,760000,2,512,256,3757
683,158,760000,2,512,256,3758
684,158,760000,2,512,256,3758
685,159,760000,2,512,256,3759
686,159,760000,2,512,256,3759
687,159,760000,2,512,256,3759
688,160,760000,2,512,256,3760
689,160,760000,2,512,256,3760
690,160,760000,2,512,256,3760
691,160,760000,2,512,256,3760
692,160,760000,2,512,256,3760
693,160,760000,2,512,256,3760
694,161,760000,2,512,256,3761
695,161,760000,2,512,256,3761
696,161,760000,2,512,256,3761
697,161,760000,2,512,256,3761
698,161,760000,2,512,256,3761
699,161,760000,2,512,256,3761
700,161,760000,2,512,256,3761
701,161,760000,2,512,256,3761
702,162,760000,2,512,256,3762
703,162,760000,2,512,256,3762
704,162,760000,2,512,256,3762
705,162,760000,2,512,256,3762
706,164,760000,2,512,256,3764
707,164,760000,2,512,256,3764
708,164,760000,2,512,256,3764
709,164,760000,2,512,256,3764
710,164,760000,2,512,256,3764
711,165,760000,2,512,256,3765
712,165,760000,2,512,256,3765
713,165,760000,2,512,256,3765
714,165,760000,2,512,256,3765
715,165,760000,2,512,256,3765
716,165,760000,2,512,256,3765
717,165,760000,2,512,256,3765
718,166,760000,2,512,256,3766
719,166,760000,2,512,256,3766
720,166,760000,2,512,256,3766
721,166,760000,2,512,256,3766
722,166,760000,2,512,256,3766
723,166,760000,2,512,256,3766
724,167,760000,2,512,256,3767
725,167,760000,2,512,256,3767
726,167,760000,2,512,256,3767
727,168,760000,2,512,256,3768
728,168,760000,2,512,256,3768
729,168,760000,2,512,256,3768
730,168,760000,2,512,256,3768
731,168,760000,2,512,256,3768
732,169,760000,2,512,256,3769
733,169,760000,2,512,256,3769
734,169,760000,2,512,256,3769
735,169,760000,2,512,256,3769
736,169,760000,2,512,256,3769
737,169,760000,2,512,256,3769
738,169,760000,2,512,256,3769
739,170,760000,2,512,256,3770
740,170,760000,2,512,256,3770
741,170,760000,2,512,256,3770
742,170,760000,2,512,256,3770
743,171,760000,2,512,256,3771
744,171,760000,2,512,256,3771
745,171,760000,2,512,256,3771
746,171,760000,2,512,256,3771
747,171,760000,2,512,256,3771
748,171,760000,2,512,256,3771
749,171,760000,2,512,256,3771
750,172,760000,2,512,256,3772
751,172,760000,2,512,256,3772
752,172,760000,2,512,256,3772
753,174,760000,2,512,256,3774
754,174,760000,2,512,256,3774
755,174,760000,2,512,256,3774
756,174,760000,2,512,256,3774
757,174,760000,2,512,256,3774
758,174,760000,2,512,256,3774
759,175,760000,2,512,256,3775
760,175,760000,2,512,256,3775
761,175,760000,2,512,256,3775
762,175,760000,2,512,256,3775
763,175,760000,2,512,256,3775
764,175,760000,2,512,256,3775
765,175,760000,2,512,256,3775
766,176,760000,2,512,256,3776
767,176,760000,2,512,256,3776
768,176,760000,2,512,256,3776
769,176,760000,2,512,256,3776
770,177,760000,2,512,256,3777
771,177,760000,2,512,256,3777
772,177,760000,2,512,256,3777
773,178,760000,2,512,256,3778
774,178,760000,2,512,256,3778
775,178,760000,2,512,256,3778
776,178,760000,2,512,256,3778
777,178,760000,2,512,256,3778
778,178,760000,2,512,256,3778
779,179,760000,2,512,256,3779
780,179,760000,2,512,256,3779
781,180,760000,2,512,256,3780
782,180,760000,2,512,256,3780
783,180,760000,2,512,256,3780
784,180,760000,2,512,256,3780
785,181,760000,2,512,256,3781
786,181,760000,2,512,256,3781
787,181,760000,2,512,256,3781
788,181,760000,2,512,256,3781
789,182,760000,2,512,256,3782
790,182,760000,2,512,256,3782
791,182,760000,2,512,256,3782
792,182,760000,2,512,256,3782
793,183,760000,2,512,256,3783
794,183,760000,2,512,256,3783
795,183,760000,2,512,256,3783
796,183,760000,2,512,256,3783
797,183,760000,2,512,256,3783
798,183,760000,2,512,256,3783
799,183,760000,2,512,256,3783
800,183,760000,2,512,256,3783
801,183,760000,2,512,256,3783
802,184,760000,2,512,256,3784
803,184,760000,2,512,256,3784
804,184,760000,2,512,256,3784
805,184,760000,2,512,256,3784
806,185,760000,2,512,256,3785
807,185,760000,2,512,256,3785
808,185,760000,2,512,256,3785
809,185,760000,2,512,256,3785
810,185,760000,2,512,256,3785
811,185,760000,2,512,256,3785
812,186,760000,2,512,256,3786
813,186,760000,2,512,256,3786
814,186,760000,2,512,256,3786
815,186,760000,2,512,256,3786
816,187,760000,2,512,256,3787
817,187,760000,2,512,256,3787
818,187,760000,2,512,256,3787
819,189,760000,2,512,256,3789
820,189,760000,2,512,256,3789
821,192,760000,2,512,256,3792
822,193,760000,2,512,256,3793
823,194,760000,2,512,256,3794
824,199,760000,2,512,256,3799
825,201,760000,2,512,256,3801
826,201,760000,2,512,256,3801
827,204,760000,2,512,256,3804
828,211,760000,2,512,256,3811
829,213,760000,2,512,256,3813
830,216,760000,2,512,256,3816
831,219,760000,2,512,256,3819
832,227,760000,2,512,256,3827
833,227,760000,2,512,256,3827
834,231,760000,2,512,256,3831
835,233,760000,2,512,256,3833
836,234,760000,2,512,256,3834
837,240,760000,2,512,256,3840
838,240,760000,2,512,256,3840
839,240,760000,2,512,256,3840
840,241,760000,2,512,256,3841
841,241,760000,2,512,256,3841
842,241,760000,2,512,256,3841
843,241,760000,2,512,256,3841
844,242,760000,2,512,256,3842
845,242,760000,2,512,256,3842
846,242,760000,2,512,256,3842
847,242,760000,2,512,256,3842
848,242,760000,2,512,256,3842
849,242,760000,2,512,256,3842
850,243,760000,2,512,256,3843
851,243,760000,2,512,256,3843
852,243,760000,2,512,256,3843
853,243,760000,2,512,256,3843
854,243,760000,2,512,256,3843
855,243,760000,2,512,256,3843
856,244,760000,2,512,256,3844
857,244,760000,2,512,256,3844
858,244,760000,2,512,256,3844
859,244,760000,2,512,256,3844
860,244,760000,2,512,256,3844
861,245,760000,2,512,256,3845
862,245,760000,2,512,256,3845
863,246,760000,2,512,256,3846
864,246,760000,2,512,256,3846
865,247,760000,2,512,256,3847
866,247,760000,2,512,256,3847
867,247,760000,2,512,256,3847
868,247,760000,2,512,256,3847
869,247,760000,2,512,256,3847
870,247,760000,2,512,256,3847
871,248,760000,2,512,256,3848
872,248,760000,2,512,256,3848
873,248,760000,2,512,256,3848
874,249,760000,2,512,256,3849
875,249,760000,2,512,256,3849
876,249,760000,2,512,256,3849
877,249,760000,2,512,256,3849
878,250,760000,2,512,256,3850
879,250,760000,2,512,256,3850
880,250,760000,2,512,256,3850
881,250,760000,2,512,256,3850
882,250,760000,2,512,256,3850
883,251,760000,2,512,256,3851
884,251,760000,2,512,256,3851
885,251,760000,2,512,256,3851
886,251,760000,2,512,256,3851
887,251,760000,2,512,256,3851
888,251,760000,2,512,256,3851
889,252,760000,2,512,256,3852
890,252,760000,2,512,256,3852
891,252,760000,2,512,256,3852
892,253,760000,2,512,256,3853
893,253,760000,2,512,256,3853
894,253,760000,2,512,256,3853
895,253,760000,2,512,256,3853
896,254,760000,2,512,256,3854
897,254,760000,2,512,256,3854
898,254,760000,2,512,256,3854
899,254,760000,2,512,256,3854
900,255,760000,2,512,256,3855
901,255,760000,2,512,256,3855
902,255,760000,2,512,256,3855
903,256,760000,2,512,256,3856
904,256,760000,2,512,256,3856
905,256,760000,2,512,256,3856
906,256,760000,2,512,256,3856
907,256,760000,2,512,256,3856
908,257,760000,2,512,256,3857
909,257,760000,2,512,256,3857
910,257,760000,2,512,256,3857
911,257,760000,2,512,256,3857
912,257,760000,2,512,256,3857
913,257,760000,2,512,256,3857
914,257,760000,2,512,256,3857
915,257,760000,2,512,256,3857
916,258,760000,2,512,256,3858
917,258,760000,2,512,256,3858
918,258,760000,2,512,256,3858
919,258,760000,2,512,256,3858
920,258,760000,2,512,256,3858
921,258,760000,2,512,256,3858
922,259,760000,2,512,256,3859
923,259,760000,2,512,256,3859
924,260,760000,2,512,256,3860
925,260,760000,2,512,256,3860
926,260,760000,2,512,256,3860
927,260,760000,2,512,256,3860
928,260,760000,2,512,256,3860
929,260,760000,2,512,256,3860
930,261,760000,2,512,256,3861
931,261,760000,2,512,256,3861
932,261,760000,2,512,256,3861
933,262,760000,2,512,256,3862
934,262,760000,2,512,256,3862
935,262,760000,2,512,256,3862
936,262,760000,2,512,256,3862
937,262,760000,2,512,256,3862
938,262,760000,2,512,256,3862
939,263,760000,2,512,256,3863
940,263,760000,2,512,256,3863
941,263,760000,2,512,256,3863
942,264,760000,2,512,256,3864
943,264,760000,2,512,256,3864
944,264,760000,2,512,256,3864
945,264,760000,2,512,256,3864
946,265,760000,2,512,256,3865
947,265,760000,2,512,256,3865
948,265,760000,2,512,256,3865
949,265,760000,2,512,256,3865
950,265,760000,2,512,256,3865
951,265,760000,2,512,256,3865
952,265,760000,2,512,256,3865
953,265,760000,2,512,256,3865
954,266,760000,2,512,256,3866
955,266,760000,2,512,256,3866
956,266,760000,2,512,256,3866
957,266,760000,2,512,256,3866
958,266,760000,2,512,256,3866
959,266,760000,2,512,256,3866
960,267,760000,2,512,256,3867
961,267,760000,2,512,256,3867
962,268,760000,2,512,256,3868
963,268,760000,2,512,256,3868
964,268,760000,2,512,256,3868
965,268,760000,2,512,256,3868
966,268,760000,2,512,256,3868
967,268,760000,2,512,256,3868
968,268,760000,2,512,256,3868
969,269,760000,2,512,256,3869
970,269,760000,2,512,256,3869
971,269,760000,2,512,256,3869
972,270,760000,2,512,256,3870
973,270,760000,2,512,256,3870
974,271,760000,2,512,256,3871
975,271,760000,2,512,256,3871
976,271,760000,2,512,256,3871
977,271,760000,2,512,256,3871
978,272,760000,2,512,256,3872
979,272,760000,2,512,256,3872
980,272,760000,2,512,256,3872
981,272,760000,2,512,256,3872
982,272,760000,2,512,256,3872
983,272,760000,2,512,256,3872
984,272,760000,2,512,256,3872
985,272,760000,2,512,256,3872
986,272,760000,2,512,256,3872
987,273,760000,2,512,256,3873
988,273,760000,2,512,256,3873
989,273,760000,2,512,256,3873
990,273,760000,2,512,256,3873
991,273,760000,2,512,256,3873
992,273,760000,2,512,256,3873
993,273,760000,2,512,256,3873
994,273,760000,2,512,256,3873
995,273,760000,2,512,256,3873
996,273,760000,2,512,256,3873
997,273,760000,2,512,256,3873
998,274,760000,2,512,256,3874
999,274,760000,2,512,256,3874
1000,274,760000,2,512,256,3874
1001,274,760000,2,512,256,3874
1002,274,760000,2,512,256,3874
1003,275,760000,2,512,256,3875
1004,275,760000,2,512,256,3875
1005,275,760000,2,512,256,3875
1006,275,760000,2,512,256,3875
1007,275,760000,2,512,256,3875
1008,275,760000,2,512,256,3875
1009,276,760000,2,512,256,3876
1010,276,760000,2,512,256,3876
1011,276,760000,2,512,256,3876
1012,276,760000,2,512,256,3876
1013,276,760000,2,512,256,3876
1014,276,760000,2,512,256,3876
1015,277,760000,2,512,256,3877
1016,277,760000,2,512,256,3877
1017,277,760000,2,512,256,3877
1018,277,760000,2,512,256,3877
1019,278,760000,2,512,256,3878
1020,278,760000,2,512,256,3878
1021,279,760000,2,512,256,3879
1022,279,760000,2,512,256,3879
1023,279,760000,2,512,256,3879
1024,279,760000,2,512,256,3879
1025,279,760000,2,512,256,3879
1026,279,760000,2,512,256,3879
1027,280,760000,2,512,256,3880
1028,280,760000,2,512,256,3880
1029,280,760000,2,512,256,3880
1030,280,760000,2,512,256,3880
1031,280,760000,2,512,256,3880
1032,280,760000,2,512,256,3880
1033,280,760000,2,512,256,3880
1034,281,760000,2,512,256,3881
1035,281,760000,2,512,256,3881
1036,281,760000,2,512,256,3881
1037,281,760000,2,512,256,3881
1038,281,760000,2,512,256,3881
1039,281,760000,2,512,256,3881
1040,282,760000,2,512,256,3882
1041,282,760000,2,512,256,3882
1042,282,760000,2,512,256,3882
1043,283,760000,2,512,256,3883
1044,283,760000,2,512,256,3883
1045,283,760000,2,512,256,3883
1046,283,760000,2,512,256,3883
1047,283,760000,2,512,256,3883
1048,283,760000,2,512,256,3883
1049,284,760000,2,512,256,3884
1050,284,760000,2,512,256,3884
1051,284,760000,2,512,256,3884
1052,284,760000,2,512,256,3884
1053,284,760000,2,512,256,3884
1054,284,760000,2,512,256,3884
1055,284,760000,2,512,256,3884
1056,285,760000,2,512,256,3885
1057,285,760000,2,512,256,3885
1058,285,760000,2,512,256,3885
1059,286,760000,2,512,256,3886
1060,286,760000,2,512,256,3886
1061,286,760000,2,512,256,3886
1062,286,760000,2,512,256,3886
1063,286,760000,2,512,256,3886
1064,286,760000,2,512,256,3886
1065,286,760000,2,512,256,3886
1066,287,760000,2,512,256,3887
1067,287,760000,2,512,256,3887
1068,287,760000,2,512,256,3887
1069,287,760000,2,512,256,3887
1070,288,760000,2,512,256,3888
1071,288,760000,2,512,256,3888
1072,288,760000,2,512,256,3888
1073,288,760000,2,512,256,3888
1074,288,760000,2,512,256,3888
1075,289,760000,2,512,256,3889
1076,289,760000,2,512,256,3889
1077,289,760000,2,512,256,3889
1078,289,760000,2,512,256,3889
1079,289,760000,2,512,256,3889
1080,289,760000,2,512,256,3889
1081,290,760000,2,512,256,3890
1082,290,760000,2,512,256,3890
1083,290,760000,2,512,256,3890
1084,290,760000,2,512,256,3890
1085,290,760000,2,512,256,3890
1086,290,760000,2,512,256,3890
1087,290,760000,2,512,256,3890
1088,290,760000,2,512,256,3890
1089,291,760000,2,512,256,3891
1090,291,760000,2,512,256,3891
1091,291,760000,2,512,256,3891
1092,292,760000,2,512,256,3892
1093,292,760000,2,512,256,3892
1094,292,760000,2,512,256,3892
1095,293,760000,2,512,256,3893
1096,293,760000,2,512,256,3893
1097,293,760000,2,512,256,3893
1098,293,760000,2,512,256,3893
1099,294,760000,2,512,256,3894
1100,294,760000,2,512,256,3894
1101,295,760000,2,512,256,3895
1102,295,760000,2,512,256,3895
1103,295,760000,2,512,256,3895
1104,295,760000,2,512,256,3895
1105,296,760000,2,512,256,3896
1106,296,760000,2,512,256,3896
1107,297,760000,2,512,256,3897
1108,298,760000,2,512,256,3898
1109,298,760000,2,512,256,3898
1110,298,760000,2,512,256,3898
1111,298,760000,2,512,256,3898
1112,298,760000,2,512,256,3898
1113,298,760000,2,512,256,3898
1114,299,760000,2,512,256,3899
1115,299,760000,2,512,256,3899
1116,299,760000,2,512,256,3899
1117,300,760000,2,512,256,3900
1118,300,760000,2,512,256,3900
1119,300,760000,2,512,256,3900
1120,301,760000,2,512,256,3901
1121,301,760000,2,512,256,3901
1122,302,760000,2,512,256,3902
1123,302,760000,2,512,256,3902
1124,302,760000,2,512,256,3902
1125,302,760000,2,512,256,3902
1126,303,760000,2,512,256,3903
1127,303,760000,2,512,256,3903
1128,303,760000,2,512,256,3903
1129,303,760000,2,512,256,3903
1130,303,760000,2,512,256,3903
1131,303,760000,2,512,256,3903
1132,303,760000,2,512,256,3903
1133,304,760000,2,512,256,3904
1134,304,760000,2,512,256,3904
1135,304,760000,2,512,256,3904
1136,304,760000,2,512,256,3904
1137,304,760000,2,512,256,3904
1138,304,760000,2,512,256,3904
1139,305,760000,2,512,256,3905
1140,305,760000,2,512,256,3905
1141,305,760000,2,512,256,3905
1142,305,760000,2,512,256,3905
1143,306,760000,2,512,256,3906
1144,306,760000,2,512,256,3906
1145,307,760000,2,512,256,3907
1146,307,760000,2,512,256,3907
1147,307,760000,2,512,256,3907
1148,307,760000,2,512,256,3907
1149,308,760000,2,512,256,3908
1150,309,760000,2,512,256,3909
1151,309,760000,2,512,256,3909
1152,309,760000,2,512,256,3909
1153,310,760000,2,512,256,3910
1154,310,760000,2,512,256,3910
1155,310,760000,2,512,256,3910
1156,311,760000,2,512,256,3911
1157,311,760000,2,512,256,3911
1158,311,760000,2,512,256,3911
1159,311,760000,2,512,256,3911
1160,311,760000,2,512,256,3911
1161,312,760000,2,512,256,3912
1162,312,760000,2,512,256,3912
1163,312,760000,2,512,256,3912
1164,312,760000,2,512,256,3912
1165,312,760000,2,512,256,3912
1166,313,760000,2,512,256,3913
1167,313,760000,2,512,256,3913
1168,313,760000,2,512,256,3913
1169,313,760000,2,512,256,3913
1170,314,760000,2,512,256,3914
1171,314,760000,2,512,256,3914
1172,314,760000,2,512,256,3914
1173,315,760000,2,512,256,3915
1174,315,760000,2,512,256,3915
1175,315,760000,2,512,256,3915
1176,315,760000,2,512,256,3915
1177,316,760000,2,512,256,3916
1178,316,760000,2,512,256,3916
1179,316,760000,2,512,256,3916
1180,316,760000,2,512,256,3916
1181,316,760000,2,512,256,3916
1182,316,760000,2,512,256,3916
1183,317,760000,2,512,256,3917
1184,317,760000,2,512,256,3917
1185,317,760000,2,512,256,3917
1186,317,760000,2,512,256,3917
1187,317,760000,2,512,256,3917
1188,317,760000,2,512,256,3917
1189,317,760000,2,512,256,3917
1190,317,760000,2,512,256,3917
1191,317,760000,2,512,256,3917
1192,318,760000,2,512,256,3918
1193,318,760000,2,512,256,3918
1194,318,760000,2,512,256,3918
1195,318,760000,2,512,256,3918
1196,318,760000,2,512,256,3918
1197,319,760000,2,512,256,3919
1198,319,760000,2,512,256,3919
1199,319,760000,2,512,256,3919
1200,320,760000,2,512,256,3920
1201,320,760000,2,512,256,3920
1202,320,760000,2,512,256,3920
1203,320,760000,2,512,256,3920
1204,320,760000,2,512,256,3920
1205,320,760000,2,512,256,3920
1206,321,760000,2,512,256,3921
1207,322,760000,2,512,256,3922
1208,322,760000,2,512,256,3922
1209,322,760000,2,512,256,3922
1210,323,760000,2,512,256,3923
1211,323,760000,2,512,256,3923
1212,323,760000,2,512,256,3923
1213,323,760000,2,512,256,3923
1214,323,760000,2,512,256,3923
1215,324,760000,2,512,256,3924
1216,324,760000,2,512,256,3924
1217,324,760000,2,512,256,3924
1218,324,760000,2,512,256,3924
1219,325,760000,2,512,256,3925
1220,325,760000,2,512,256,3925
1221,325,760000,2,512,256,3925
1222,326,760000,2,512,256,3926
1223,326,760000,2,512,256,3926
1224,326,760000,2,512,256,3926
1225,327,760000,2,512,256,3927
1226,327,760000,2,512,256,3927
1227,327,760000,2,512,256,3927
1228,327,760000,2,512,256,3927
1229,328,760000,2,512,256,3928
1230,328,760000,2,512,256,3928
1231,328,760000,2,512,256,3928
1232,329,760000,2,512,256,3929
1233,329,760000,2,512,256,3929
1234,329,760000,2,512,256,3929
1235,330,760000,2,512,256,3930
1236,330,760000,2,512,256,3930
1237,331,760000,2,512,256,3931
1238,331,760000,2,512,256,3931
1239,331,760000,2,512,256,3931
1240,331,760000,2,512,256,3931
1241,332,760000,2,512,256,3932
1242,332,760000,2,512,256,3932
1243,332,760000,2,512,256,3932
1244,332,760000,2,512,256,3932
1245,332,760000,2,512,256,3932
1246,332,760000,2,512,256,3932
1247,332,760000,2,512,256,3932
1248,332,760000,2,512,256,3932
1249,332,760000,2,512,256,3932
1250,333,760000,2,512,256,3933
1251,333,760000,2,512,256,3933
1252,333,760000,2,512,256,3933
1253,334,760000,2,512,256,3934
1254,334,760000,2,512,256,3934
1255,334,760000,2,512,256,3934
1256,334,760000,2,512,256,3934
1257,335,760000,2,512,256,3935
1258,335,760000,2,512,256,3935
1259,335,760000,2,512,256,3935
1260,335,760000,2,512,256,3935
1261,336,760000,2,512,256,3936
1262,336,760000,2,512,256,3936
1263,336,760000,2,512,256,3936
1264,337,760000,2,512,256,3937
1265,337,760000,2,512,256,3937
1266,337,760000,2,512,256,3937
1267,338,760000,2,512,256,3938
1268,338,760000,2,512,256,3938
1269,338,760000,2,512,256,3938
1270,338,760000,2,512,256,3938
1271,339,760000,2,512,256,3939
1272,339,760000,2,512,256,3939
1273,339,760000,2,512,256,3939
1274,339,760000,2,512,256,3939
1275,339,760000,2,512,256,3939
1276,340,760000,2,512,256,3940
1277,340,760000,2,512,256,3940
1278,340,760000,2,512,256,3940
1279,340,760000,2,512,256,3940
1280,341,760000,2,512,256,3941
1281,341,760000,2,512,256,3941
1282,341,760000,2,512,256,3941
1283,341,760000,2,512,256,3941
1284,342,760000,2,512,256,3942
1285,342,760000,2,512,256,3942
1286,342,760000,2,512,256,3942
1287,342,760000,2,512,256,3942
1288,342,760000,2,512,256,3942
1289,342,760000,2,512,256,3942
1290,342,760000,2,512,256,3942
1291,342,760000,2,512,256,3942
1292,342,760000,2,512,256,3942
1293,343,760000,2,512,256,3943
1294,343,760000,2,512,256,3943
1295,343,760000,2,512,256,3943
1296,343,760000,2,512,256,3943
1297,343,760000,2,512,256,3943
1298,343,760000,2,512,256,3943
1299,344,760000,2,512,256,3944
1300,344,760000,2,512,256,3944
1301,344,760000,2,512,256,3944
1302,344,760000,2,512,256,3944
1303,344,760000,2,512,256,3944
1304,344,760000,2,512,256,3944
1305,344,760000,2,512,256,3944
1306,345,760000,2,512,256,3945
1307,345,760000,2,512,256,3945
1308,345,760000,2,512,256,3945
1309,345,760000,2,512,256,3945
1310,345,760000,2,512,256,3945
1311,345,760000,2,512,256,3945
1312,345,760000,2,512,256,3945
1313,345,760000,2,512,256,3945
1314,346,760000,2,512,256,3946
1315,346,760000,2,512,256,3946
1316,346,760000,2,512,256,3946
1317,346,760000,2,512,256,3946
1318,346,760000,2,512,256,3946
1319,346,760000,2,512,256,3946
1320,347,760000,2,512,256,3947
1321,347,760000,2,512,256,3947
1322,347,760000,2,512,256,3947
1323,347,760000,2,512,256,3947
1324,348,760000,2,512,256,3948
1325,348,760000,2,512,256,3948
1326,348,760000,2,512,256,3948
1327,349,760000,2,512,256,3949
1328,350,760000,2,512,256,3950
1329,350,760000,2,512,256,3950
1330,350,760000,2,512,256,3950
1331,351,760000,2,512,256,3951
1332,351,760000,2,512,256,3951
1333,351,760000,2,512,256,3951
1334,352,760000,2,512,256,3952
1335,352,760000,2,512,256,3952
1336,352,760000,2,512,256,3952
1337,352,760000,2,512,256,3952
1338,352,760000,2,512,256,3952
1339,352,760000,2,512,256,3952
1340,352,760000,2,512,256,3952
1341,352,760000,2,512,256,3952
1342,353,760000,2,512,256,3953
1343,353,760000,2,512,256,3953
1344,353,760000,2,512,256,3953
1345,353,760000,2,512,256,3953
1346,353,760000,2,512,256,3953
1347,353,760000,2,512,256,3953
1348,353,760000,2,512,256,3953
1349,353,760000,2,512,256,3953
1350,353,760000,2,512,256,3953
1351,353,760000,2,512,256,3953
1352,354,760000,2,512,256,3954
1353,354,760000,2,512,256,3954
1354,354,760000,2,512,256,3954
1355,354,760000,2,512,256,3954
1356,354,760000,2,512,256,3954
1357,354,760000,2,512,256,3954
1358,355,760000,2,512,256,3955
1359,355,760000,2,512,256,3955
1360,355,760000,2,512,256,3955
1361,355,760000,2,512,256,3955
1362,355,760000,2,512,256,3955
1363,355,760000,2,512,256,3955
1364,356,760000,2,512,256,3956
1365,356,760000,2,512,256,3956
1366,356,760000,2,512,256,3956
1367,357,760000,2,512,256,3957
1368,357,760000,2,512,256,3957
1369,357,760000,2,512,256,3957
1370,357,760000,2,512,256,3957
1371,358,760000,2,512,256,3958
1372,358,760000,2,512,256,3958
1373,358,760000,2,512,256,3958
1374,358,760000,2,512,256,3958
1375,359,760000,2,512,256,3959
1376,359,760000,2,512,256,3959
1377,359,760000,2,512,256,3959
1378,359,760000,2,512,256,3959
1379,360,760000,2,512,256,3960
1380,360,760000,2,512,256,3960
1381,360,760000,2,512,256,3960
1382,360,760000,2,512,256,3960
1383,360,760000,2,512,256,3960
1384,361,760000,2,512,256,3961
1385,361,760000,2,512,256,3961
1386,361,760000,2,512,256,3961
1387,361,760000,2,512,256,3961
1388,361,760000,2,512,256,3961
1389,361,760000,2,512,256,3961
1390,362,760000,2,512,256,3962
1391,362,760000,2,512,256,3962
1392,362,760000,2,512,256,3962
1393,362,760000,2,512,256,3962
1394,362,760000,2,512,256,3962
1395,362,760000,2,512,256,3962
1396,362,760000,2,512,256,3962
1397,362,760000,2,512,256,3962
1398,362,760000,2,512,256,3962
1399,363,760000,2,512,256,3963
1400,363,760000,2,512,256,3963
1401,363,760000,2,512,256,3963
1402,364,760000,2,512,256,3964
1403,364,760000,2,512,256,3964
1404,364,760000,2,512,256,3964
1405,364,760000,2,512,256,3964
1406,364,760000,2,512,256,3964
1407,365,760000,2,512,256,3965
1408,366,760000,2,512,256,3966
1409,366,760000,2,512,256,3966
1410,366,760000,2,512,256,3966
1411,366,760000,2,512,256,3966
1412,366,760000,2,512,256,3966
1413,366,760000,2,512,256,3966
1414,366,760000,2,512,256,3966
1415,369,760000,2,512,256,3969
1416,369,760000,2,512,256,3969
1417,370,760000,2,512,256,3970
1418,370,760000,2,512,256,3970
1419,370,760000,2,512,256,3970
1420,370,760000,2,512,256,3970
1421,370,760000,2,512,256,3970
1422,370,760000,2,512,256,3970
1423,371,760000,2,512,256,3971
1424,371,760000,2,512,256,3971
1425,374,760000,2,512,256,3974
1426,379,760000,2,512,256,3979
1427,379,760000,2,512,256,3979
1428,380,760000,2,512,256,3980
1429,382,760000,2,512,256,3982
1430,393,760000,2,512,256,3993
1431,398,760000,2,512,256,3998
1432,399,760000,2,512,256,3999
1433,400,760000,2,512,256,4000
1434,403,760000,2,512,256,4003
1435,403,760000,2,512,256,4003
1436,414,760000,2,512,256,4014
1437,414,760000,2,512,256,4014
1438,415,760000,2,512,256,4015
1439,416,760000,2,512,256,4016
1440,416,760000,2,512,256,4016
1441,416,760000,2,512,256,4016
1442,417,760000,2,512,256,4017
1443,420,760000,2,512,256,4020
1444,423,760000,2,512,256,4023
1445,424,760000,2,512,256,4024
1446,424,760000,2,512,256,4024
1447,426,760000,2,512,256,4026
1448,429,760000,2,512,256,4029
1449,431,760000,2,512,256,4031
1450,435,760000,2,512,256,4035
1451,435,760000,2,512,256,4035
1452,436,760000,2,512,256,4036
1453,436,760000,2,512,256,4036
1454,439,760000,2,512,256,4039
1455,439,760000,2,512,256,4039
1456,442,760000,2,512,256,4042
1457,452,760000,2,512,256,4052
1458,454,760000,2,512,256,4054
1459,455,760000,2,512,256,4055
1460,466,760000,2,512,256,4066
1461,477,760000,2,512,256,4077
1462,477,760000,2,512,256,4077
1463,477,760000,2,512,256,4077
1464,477,760000,2,512,256,4077
1465,482,760000,2,512,256,4082
1466,482,760000,2,512,256,4082
1467,483,760000,2,512,256,4083
1468,486,760000,2,512,256,4086
1469,487,760000,2,512,256,4087
1470,489,760000,2,512,256,4089
1471,490,760000,2,512,256,4090
1472,498,760000,2,512,256,4098
1473,500,760000,2,512,256,4100
1474,503,760000,2,512,256,4103
1475,510,760000,2,512,256,4110
1476,511,760000,2,512,256,4111
1477,514,760000,2,512,256,4114
1478,518,760000,2,512,256,4118
1479,523,760000,2,512,256,4123
1480,524,760000,2,512,256,4124
1481,524,760000,2,512,256,4124
1482,524,760000,2,512,256,4124
1483,526,760000,2,512,256,4126
1484,526,760000,2,512,256,4126
1485,526,760000,2,512,256,4126
1486,528,760000,2,512,256,4128
1487,530,760000,2,512,256,4130
1488,531,760000,2,512,256,4131
1489,533,760000,2,512,256,4133
1490,535,760000,2,512,256,4135
1491,535,760000,2,512,256,4135
1492,535,760000,2,512,256,4135
1493,535,760000,2,512,256,4135
1494,535,760000,2,512,256,4135
1495,536,760000,2,512,256,4136
1496,536,760000,2,512,256,4136
1497,536,760000,2,512,256,4136
1498,536,760000,2,512,256,4136
1499,536,760000,2,512,256,4136
1500,536,760000,2,512,256,4136
1501,536,760000,2,512,256,4136
1502,536,760000,2,512,256,4136
1503,537,760000,2,512,256,4137
1504,537,760000,2,512,256,4137
1505,537,760000,2,512,256,4137
1506,537,760000,2,512,256,4137
1507,537,760000,2,512,256,4137
1508,537,760000,2,512,256,4137
1509,538,760000,2,512,256,4138
1510,538,760000,2,512,256,4138
1511,538,760000,2,512,256,4138
1512,538,760000,2,512,256,4138
1513,538,760000,2,512,256,4138
1514,538,760000,2,512,256,4138
1515,538,760000,2,512,256,4138
1516,539,760000,2,512,256,4139
1517,539,760000,2,512,256,4139
1518,539,760000,2,512,256,4139
1519,539,760000,2,512,256,4139
1520,540,760000,2,512,256,4140
1521,540,760000,2,512,256,4140
1522,540,760000,2,512,256,4140
1523,540,760000,2,512,256,4140
1524,540,760000,2,512,256,4140
1525,540,760000,2,512,256,4140
1526,540,760000,2,512,256,4140
1527,541,760000,2,512,256,4141
1528,541,760000,2,512,256,4141
1529,541,760000,2,512,256,4141
1530,542,760000,2,512,256,4142
1531,542,760000,2,512,256,4142
1532,542,760000,2,512,256,4142
1533,542,760000,2,512,256,4142
1534,543,760000,2,512,256,4143
1535,543,760000,2,512,256,4143
1536,543,760000,2,512,256,4143
1537,543,760000,2,512,256,4143
1538,543,760000,2,512,256,4143
1539,544,760000,2,512,256,4144
1540,544,760000,2,512,256,4144
1541,544,760000,2,512,256,4144
1542,544,760000,2,512,256,4144
1543,544,760000,2,512,256,4144
1544,544,760000,2,512,256,4144
1545,545,760000,2,512,256,4145
1546,545,760000,2,512,256,4145
1547,545,760000,2,512,256,4145
1548,545,760000,2,512,256,4145
1549,545,760000,2,512,256,4145
1550,545,760000,2,512,256,4145
1551,546,760000,2,512,256,4146
1552,546,760000,2,512,256,4146
1553,547,760000,2,512,256,4147
1554,547,760000,2,512,256,4147
1555,548,760000,2,512,256,4148
1556,548,760000,2,512,256,4148
1557,548,760000,2,512,256,4148
1558,548,760000,2,512,256,4148
1559,548,760000,2,512,256,4148
1560,549,760000,2,512,256,4149
1561,549,760000,2,512,256,4149
1562,549,760000,2,512,256,4149
1563,549,760000,2,512,256,4149
1564,550,760000,2,512,256,4150
1565,550,760000,2,512,256,4150
1566,550,760000,2,512,256,4150
1567,550,760000,2,512,256,4150
1568,550,760000,2,512,256,4150
1569,551,760000,2,512,256,4151
1570,551,760000,2,512,256,4151
1571,551,760000,2,512,256,4151
1572,551,760000,2,512,256,4151
1573,551,760000,2,512,256,4151
1574,552,760000,2,512,256,4152
1575,552,760000,2,512,256,4152
1576,552,760000,2,512,256,4152
1577,553,760000,2,512,256,4153
1578,553,760000,2,512,256,4153
1579,553,760000,2,512,256,4153
1580,553,760000,2,512,256,4153
1581,553,760000,2,512,256,4153
1582,553,760000,2,512,256,4153
1583,554,760000,2,512,256,4154
1584,554,760000,2,512,256,4154
1585,554,760000,2,512,256,4154
1586,555,760000,2,512,256,4155
1587,555,760000,2,512,256,4155
1588,555,760000,2,512,256,4155
1589,555,760000,2,512,256,4155
1590,556,760000,2,512,256,4156
1591,556,760000,2,512,256,4156
1592,556,760000,2,512,256,4156
1593,556,760000,2,512,256,4156
1594,556,760000,2,512,256,4156
1595,556,760000,2,512,256,4156
1596,556,760000,2,512,256,4156
1597,556,760000,2,512,256,4156
1598,557,760000,2,512,256,4157
1599,557,760000,2,512,256,4157
1600,557,760000,2,512,256,4157
1601,557,760000,2,512,256,4157
1602,557,760000,2,512,256,4157
1603,557,760000,2,512,256,4157
1604,558,760000,2,512,256,4158
1605,558,760000,2,512,256,4158
1606,558,760000,2,512,256,4158
1607,558,760000,2,512,256,4158
1608,558,760000,2,512,256,4158
1609,558,760000,2,512,256,4158
1610,559,760000,2,512,256,4159
1611,559,760000,2,512,256,4159
1612,560,760000,2,512,256,4160
1613,560,760000,2,512,256,4160
1614,561,760000,2,512,256,4161
1615,561,760000,2,512,256,4161
1616,561,760000,2,512,256,4161
1617,561,760000,2,512,256,4161
1618,561,760000,2,512,256,4161
1619,561,760000,2,512,256,4161
1620,561,760000,2,512,256,4161
1621,562,760000,2,512,256,4162
1622,563,760000,2,512,256,4163
1623,563,760000,2,512,256,4163
1624,563,760000,2,512,256,4163
1625,563,760000,2,512,256,4163
1626,563,760000,2,512,256,4163
1627,564,760000,2,512,256,4164
1628,564,760000,2,512,256,4164
1629,565,760000,2,512,256,4165
1630,565,760000,2,512,256,4165
1631,565,760000,2,512,256,4165
1632,565,760000,2,512,256,4165
1633,565,760000,2,512,256,4165
1634,565,760000,2,512,256,4165
1635,565,760000,2,512,256,4165
1636,566,760000,2,512,256,4166
1637,566,760000,2,512,256,4166
1638,566,760000,2,512,256,4166
1639,566,760000,2,512,256,4166
1640,566,760000,2,512,256,4166
1641,567,760000,2,512,256,4167
1642,567,760000,2,512,256,4167
1643,567,760000,2,512,256,4167
1644,567,760000,2,512,256,4167
1645,568,760000,2,512,256,4168
1646,568,760000,2,512,256,4168
1647,568,760000,2,512,256,4168
1648,568,760000,2,512,256,4168
1649,569,760000,2,512,256,4169
1650,569,760000,2,512,256,4169
1651,569,760000,2,512,256,4169
1652,569,760000,2,512,256,4169
1653,569,760000,2,512,256,4169
1654,570,760000,2,512,256,4170
1655,570,760000,2,512,256,4170
1656,570,760000,2,512,256,4170
1657,571,760000,2,512,256,4171
1658,571,760000,2,512,256,4171
1659,571,760000,2,512,256,4171
1660,571,760000,2,512,256,4171
1661,572,760000,2,512,256,4172
1662,572,760000,2,512,256,4172
1663,572,760000,2,512,256,4172
1664,572,760000,2,512,256,4172
1665,572,760000,2,512,256,4172
1666,573,760000,2,512,256,4173
1667,573,760000,2,512,256,4173
1668,573,760000,2,512,256,4173
1669,573,760000,2,512,256,4173
1670,573,760000,2,512,256,4173
1671,574,760000,2,512,256,4174
1672,574,760000,2,512,256,4174
1673,575,760000,2,512,256,4175
1674,575,760000,2,512,256,4175
1675,575,760000,2,512,256,4175
1676,575,760000,2,512,256,4175
1677,575,760000,2,512,256,4175
1678,576,760000,2,512,256,4176
1679,576,760000,2,512,256,4176
1680,576,760000,2,512,256,4176
1681,576,760000,2,512,256,4176
1682,576,760000,2,512,256,4176
1683,577,760000,2,512,256,4177
1684,577,760000,2,512,256,4177
1685,577,760000,2,512,256,4177
1686,577,760000,2,512,256,4177
1687,577,760000,2,512,256,4177
1688,578,760000,2,512,256,4178
1689,578,760000,2,512,256,4178
1690,578,760000,2,512,256,4178
1691,578,760000,2,512,256,4178
1692,578,760000,2,512,256,4178
1693,578,760000,2,512,256,4178
1694,578,760000,2,512,256,4178
1695,579,760000,2,512,256,4179
1696,579,760000,2,512,256,4179
1697,579,760000,2,512,256,4179
1698,579,760000,2,512,256,4179
1699,580,760000,2,512,256,4180
1700,580,760000,2,512,256,4180
1701,580,760000,2,512,256,4180
1702,581,760000,2,512,256,4181
1703,581,760000,2,512,256,4181
1704,582,760000,2,512,256,4182
1705,582,760000,2,512,256,4182
1706,583,760000,2,512,256,4183
1707,583,760000,2,512,256,4183
1708,583,760000,2,512,256,4183
1709,583,760000,2,512,256,4183
1710,584,760000,2,512,256,4184
1711,584,760000,2,512,256,4184
1712,584,760000,2,512,256,4184
1713,585,760000,2,512,256,4185
1714,585,760000,2,512,256,4185
1715,585,760000,2,512,256,4185
1716,585,760000,2,512,256,4185
1717,585,760000,2,512,256,4185
1718,585,760000,2,512,256,4185
1719,586,760000,2,512,256,4186
1720,586,760000,2,512,256,4186
1721,586,760000,2,512,256,4186
1722,586,760000,2,512,256,4186
1723,586,760000,2,512,256,4186
1724,586,760000,2,512,256,4186
1725,586,760000,2,512,256,4186
1726,586,760000,2,512,256,4186
1727,586,760000,2,512,256,4186
1728,586,760000,2,512,256,4186
1729,587,760000,2,512,256,4187
1730,587,760000,2,512,256,4187
1731,587,760000,2,512,256,4187
1732,587,760000,2,512,256,4187
1733,588,760000,2,512,256,4188
1734,588,760000,2,512,256,4188
1735,588,760000,2,512,256,4188
1736,588,760000,2,512,256,4188
1737,588,760000,2,512,256,4188
1738,588,760000,2,512,256,4188
1739,588,760000,2,512,256,4188
1740,589,760000,2,512,256,4189
1741,589,760000,2,512,256,4189
1742,590,760000,2,512,256,4190
1743,590,760000,2,512,256,4190
1744,590,760000,2,512,256,4190
1745,590,760000,2,512,256,4190
1746,590,760000,2,512,256,4190
1747,591,760000,2,512,256,4191
1748,591,760000,2,512,256,4191
1749,591,760000,2,512,256,4191
1750,592,760000,2,512,256,4192
1751,592,760000,2,512,256,4192
1752,592,760000,2,512,256,4192
1753,593,760000,2,512,256,4193
1754,593,760000,2,512,256,4193
1755,593,760000,2,512,256,4193
1756,593,760000,2,512,256,4193
1757,594,760000,2,512,256,4194
1758,595,760000,2,512,256,4195
1759,595,760000,2,512,256,4195
1760,595,760000,2,512,256,4195
1761,595,760000,2,512,256,4195
1762,595,760000,2,512,256,4195
1763,595,760000,2,512,256,4195
1764,595,760000,2,512,256,4195
1765,595,760000,2,512,256,4195
1766,596,760000,2,512,256,4196
1767,596,760000,2,512,256,4196
1768,596,760000,2,512,256,4196
1769,596,760000,2,512,256,4196
1770,596,760000,2,512,256,4196
1771,596,760000,2,512,256,4196
1772,597,760000,2,512,256,4197
1773,597,760000,2,512,256,4197
1774,597,760000,2,512,256,4197
1775,597,760000,2,512,256,4197
1776,597,760000,2,512,256,4197
1777,597,760000,2,512,256,4197
1778,597,760000,2,512,256,4197
1779,597,760000,2,512,256,4197
1780,598,760000,2,512,256,4198
1781,598,760000,2,512,256,4198
1782,598,760000,2,512,256,4198
1783,599,760000,2,512,256,4199
1784,599,760000,2,512,256,4199
1785,600,760000,2,512,256,4200
1786,600,760000,2,512,256,4200
1787,600,760000,2,512,256,4200
1788,601,760000,2,512,256,4201
1789,601,760000,2,512,256,4201
1790,601,760000,2,512,256,4201
1791,601,760000,2,512,256,4201
1792,601,760000,2,512,256,4201
1793,602,760000,2,512,256,4202
1794,602,760000,2,512,256,4202
1795,602,760000,2,512,256,4202
1796,602,760000,2,512,256,4202
1797,602,760000,2,512,256,4202
1798,602,760000,2,512,256,4202
1799,603,760000,2,512,256,4203
1800,603,760000,2,512,256,4203
1801,603,760000,2,512,256,4203
1802,603,760000,2,512,256,4203
1803,603,760000,2,512,256,4203
1804,604,760000,2,512,256,4204
1805,604,760000,2,512,256,4204
1806,604,760000,2,512,256,4204
1807,604,760000,2,512,256,4204
1808,604,760000,2,512,256,4204
1809,604,760000,2,512,256,4204
1810,604,760000,2,512,256,4204
1811,604,760000,2,512,256,4204
1812,604,760000,2,512,256,4204
1813,605,760000,2,512,256,4205
1814,605,760000,2,512,256,4205
1815,605,760000,2,512,256,4205
1816,605,760000,2,512,256,4205
1817,605,760000,2,512,256,4205
1818,605,760000,2,512,256,4205
1819,606,760000,2,512,256,4206
1820,606,760000,2,512,256,4206
1821,606,760000,2,512,256,4206
1822,607,760000,2,512,256,4207
1823,607,760000,2,512,256,4207
1824,607,760000,2,512,256,4207
1825,607,760000,2,512,256,4207
1826,607,760000,2,512,256,4207
1827,608,760000,2,512,256,4208
1828,608,760000,2,512,256,4208
1829,608,760000,2,512,256,4208
1830,608,760000,2,512,256,4208
1831,608,760000,2,512,256,4208
1832,608,760000,2,512,256,4208
1833,609,760000,2,512,256,4209
1834,609,760000,2,512,256,4209
1835,609,760000,2,512,256,4209
1836,609,760000,2,512,256,4209
1837,609,760000,2,512,256,4209
1838,609,760000,2,512,256,4209
1839,610,760000,2,512,256,4210
1840,610,760000,2,512,256,4210
1841,610,760000,2,512,256,4210
1842,610,760000,2,512,256,4210
1843,611,760000,2,512,256,4211
1844,611,760000,2,512,256,4211
1845,611,760000,2,512,256,4211
1846,611,760000,2,512,256,4211
1847,611,760000,2,512,256,4211
1848,611,760000,2,512,256,4211
1849,611,760000,2,512,256,4211
1850,612,760000,2,512,256,4212
1851,612,760000,2,512,256,4212
1852,612,760000,2,512,256,4212
1853,612,760000,2,512,256,4212
1854,612,760000,2,512,256,4212
1855,612,760000,2,512,256,4212
1856,612,760000,2,512,256,4212
1857,613,760000,2,512,256,4213
1858,613,760000,2,512,256,4213
1859,613,760000,2,512,256,4213
1860,613,760000,2,512,256,4213
1861,614,760000,2,512,256,4214
1862,614,760000,2,512,256,4214
1863,614,760000,2,512,256,4214
1864,614,760000,2,512,256,4214
1865,614,760000,2,512,256,4214
1866,614,760000,2,512,256,4214
1867,615,760000,2,512,256,4215
1868,615,760000,2,512,256,4215
1869,615,760000,2,512,256,4215
1870,615,760000,2,512,256,4215
1871,615,760000,2,512,256,4215
1872,616,760000,2,512,256,4216
1873,616,760000,2,512,256,4216
1874,616,760000,2,512,256,4216
1875,616,760000,2,512,256,4216
1876,616,760000,2,512,256,4216
1877,616,760000,2,512,256,4216
1878,616,760000,2,512,256,4216
1879,617,760000,2,512,256,4217
1880,618,760000,2,512,256,4218
1881,618,760000,2,512,256,4218
1882,618,760000,2,512,256,4218
1883,618,760000,2,512,256,4218
1884,619,760000,2,512,256,4219
1885,619,760000,2,512,256,4219
1886,619,760000,2,512,256,4219
1887,619,760000,2,512,256,4219
1888,620,760000,2,512,256,4220
1889,620,760000,2,512,256,4220
1890,620,760000,2,512,256,4220
1891,620,760000,2,512,256,4220
1892,620,760000,2,512,256,4220
1893,621,760000,2,512,256,4221
1894,621,760000,2,512,256,4221
1895,622,760000,2,512,256,4222
1896,622,760000,2,512,256,4222
1897,623,760000,2,512,256,4223
1898,623,760000,2,512,256,4223
1899,623,760000,2,512,256,4223
1900,623,760000,2,512,256,4223
1901,623,760000,2,512,256,4223
1902,623,760000,2,512,256,4223
1903,623,760000,2,512,256,4223
1904,623,760000,2,512,256,4223
1905,623,760000,2,512,256,4223
1906,624,760000,2,512,256,4224
1907,624,760000,2,512,256,4224
1908,624,760000,2,512,256,4224
1909,624,760000,2,512,256,4224
1910,624,760000,2,512,256,4224
1911,624,760000,2,512,256,4224
1912,624,760000,2,512,256,4224
1913,625,760000,2,512,256,4225
1914,625,760000,2,512,256,4225
1915,625,760000,2,512,256,4225
1916,626,760000,2,512,256,4226
1917,626,760000,2,512,256,4226
1918,626,760000,2,512,256,4226
1919,626,760000,2,512,256,4226
1920,626,760000,2,512,256,4226
1921,627,760000,2,512,256,4227
1922,627,760000,2,512,256,4227
1923,628,760000,2,512,256,4228
1924,628,760000,2,512,256,4228
1925,629,760000,2,512,256,4229
1926,629,760000,2,512,256,4229
1927,629,760000,2,512,256,4229
1928,629,760000,2,512,256,4229
1929,629,760000,2,512,256,4229
1930,629,760000,2,512,256,4229
1931,629,760000,2,512,256,4229
1932,630,760000,2,512,256,4230
1933,630,760000,2,512,256,4230
1934,630,760000,2,512,256,4230
1935,631,760000,2,512,256,4231
1936,631,760000,2,512,256,4231
1937,631,760000,2,512,256,4231
1938,631,760000,2,512,256,4231
1939,631,760000,2,512,256,4231
1940,631,760000,2,512,256,4231
1941,631,760000,2,512,256,4231
1942,631,760000,2,512,256,4231
1943,632,760000,2,512,256,4232
1944,632,760000,2,512,256,4232
1945,632,760000,2,512,256,4232
1946,632,760000,2,512,256,4232
1947,632,760000,2,512,256,4232
1948,633,760000,2,512,256,4233
1949,633,760000,2,512,256,4233
1950,634,760000,2,512,256,4234
1951,634,760000,2,512,256,4234
1952,634,760000,2,512,256,4234
1953,634,760000,2,512,256,4234
1954,634,760000,2,512,256,4234
1955,634,760000,2,512,256,4234
1956,634,760000,2,512,256,4234
1957,634,760000,2,512,256,4234
1958,634,760000,2,512,256,4234
1959,634,760000,2,512,256,4234
1960,635,760000,2,512,256,4235
1961,635,760000,2,512,256,4235
1962,636,760000,2,512,256,4236
1963,636,760000,2,512,256,4236
1964,636,760000,2,512,256,4236
1965,636,760000,2,512,256,4236
1966,636,760000,2,512,256,4236
1967,637,760000,2,512,256,4237
1968,637,760000,2,512,256,4237
1969,637,760000,2,512,256,4237
1970,637,760000,2,512,256,4237
1971,638,760000,2,512,256,4238
1972,638,760000,2,512,256,4238
1973,639,760000,2,512,256,4239
1974,639,760000,2,512,256,4239
1975,639,760000,2,512,256,4239
1976,639,760000,2,512,256,4239
1977,640,760000,2,512,256,4240
1978,640,760000,2,512,256,4240
1979,640,760000,2,512,256,4240
1980,640,760000,2,512,256,4240
1981,640,760000,2,512,256,4240
1982,640,760000,2,512,256,4240
1983,641,760000,2,512,256,4241
1984,641,760000,2,512,256,4241
1985,641,760000,2,512,256,4241
1986,641,760000,2,512,256,4241
1987,642,760000,2,512,256,4242
1988,642,760000,2,512,256,4242
1989,642,760000,2,512,256,4242
1990,642,760000,2,512,256,4242
1991,642,760000,2,512,256,4242
1992,642,760000,2,512,256,4242
1993,643,760000,2,512,256,4243
1994,643,760000,2,512,256,4243
1995,643,760000,2,512,256,4243
1996,644,760000,2,512,256,4244
1997,644,760000,2,512,256,4244
1998,644,760000,2,512,256,4244
1999,644,760000,2,512,256,4244
2000,645,760000,2,512,256,4245
2001,645,760000,2,512,256,4245
2002,645,760000,2,512,256,4245
2003,645,760000,2,512,256,4245
2004,645,760000,2,512,256,4245
2005,646,760000,2,512,256,4246
2006,646,760000,2,512,256,4246
2007,646,760000,2,512,256,4246
2008,647,760000,2,512,256,4247
2009,647,760000,2,512,256,4247
2010,647,760000,2,512,256,4247
2011,648,760000,2,512,256,4248
2012,648,760000,2,512,256,4248
2013,648,760000,2,512,256,4248
2014,648,760000,2,512,256,4248
2015,648,760000,2,512,256,4248
2016,649,760000,2,512,256,4249
2017,649,760000,2,512,256,4249
2018,649,760000,2,512,256,4249
2019,649,760000,2,512,256,4249
2020,650,760000,2,512,256,4250
2021,650,760000,2,512,256,4250
2022,650,760000,2,512,256,4250
2023,650,760000,2,512,256,4250
2024,650,760000,2,512,256,4250
2025,650,760000,2,512,256,4250
2026,650,760000,2,512,256,4250
2027,650,760000,2,512,256,4250
2028,650,760000,2,512,256,4250
2029,650,760000,2,512,256,4250
2030,650,760000,2,512,256,4250
2031,651,760000,2,512,256,4251
2032,651,760000,2,512,256,4251
2033,652,760000,2,512,256,4252
2034,652,760000,2,512,256,4252
2035,652,760000,2,512,256,4252
2036,652,760000,2,512,256,4252
2037,652,760000,2,512,256,4252
2038,652,760000,2,512,256,4252
2039,652,760000,2,512,256,4252
2040,653,760000,2,512,256,4253
2041,653,760000,2,512,256,4253
2042,653,760000,2,512,256,4253
2043,653,760000,2,512,256,4253
2044,653,760000,2,512,256,4253
2045,654,760000,2,512,256,4254
2046,654,760000,2,512,256,4254
2047,654,760000,2,512,256,4254
2048,654,760000,2,512,256,4254
2049,654,760000,2,512,256,4254
2050,654,760000,2,512,256,4254
2051,655,760000,2,512,256,4255
2052,655,760000,2,512,256,4255
2053,655,760000,2,512,256,4255
2054,655,760000,2,512,256,4255
2055,656,760000,2,512,256,4256
2056,656,760000,2,512,256,4256
2057,656,760000,2,512,256,4256
2058,656,760000,2,512,256,4256
2059,656,760000,2,512,256,4256
2060,656,760000,2,512,256,4256
2061,657,760000,2,512,256,4257
2062,657,760000,2,512,256,4257
2063,658,760000,2,512,256,4258
2064,659,760000,2,512,256,4259
2065,659,760000,2,512,256,4259
2066,659,760000,2,512,256,4259
2067,659,760000,2,512,256,4259
2068,659,760000,2,512,256,4259
2069,660,760000,2,512,256,4260
2070,660,760000,2,512,256,4260
2071,660,760000,2,512,256,4260
2072,661,760000,2,512,256,4261
2073,661,760000,2,512,256,4261
2074,661,760000,2,512,256,4261
2075,661,760000,2,512,256,4261
2076,662,760000,2,512,256,4262
2077,662,760000,2,512,256,4262
2078,662,760000,2,512,256,4262
2079,663,760000,2,512,256,4263
2080,663,760000,2,512,256,4263
2081,663,760000,2,512,256,4263
2082,663,760000,2,512,256,4263
2083,663,760000,2,512,256,4263
2084,664,760000,2,512,256,4264
2085,664,760000,2,512,256,4264
2086,664,760000,2,512,256,4264
2087,664,760000,2,512,256,4264
2088,664,760000,2,512,256,4264
2089,665,760000,2,512,256,4265
2090,665,760000,2,512,256,4265
2091,665,760000,2,512,256,4265
2092,665,760000,2,512,256,4265
2093,665,760000,2,512,256,4265
2094,666,760000,2,512,256,4266
2095,666,760000,2,512,256,4266
2096,666,760000,2,512,256,4266
2097,666,760000,2,512,256,4266
2098,666,760000,2,512,256,4266
2099,667,760000,2,512,256,4267
2100,667,760000,2,512,256,4267
2101,667,760000,2,512,256,4267
2102,667,760000,2,512,256,4267
2103,667,760000,2,512,256,4267
2104,668,760000,2,512,256,4268
2105,669,760000,2,512,256,4269
2106,669,760000,2,512,256,4269
2107,669,760000,2,512,256,4269
2108,669,760000,2,512,256,4269
2109,669,760000,2,512,256,4269
2110,670,760000,2,512,256,4270
2111,670,760000,2,512,256,4270
2112,670,760000,2,512,256,4270
2113,670,760000,2,512,256,4270
2114,670,760000,2,512,256,4270
2115,671,760000,2,512,256,4271
2116,671,760000,2,512,256,4271
2117,671,760000,2,512,256,4271
2118,671,760000,2,512,256,4271
2119,671,760000,2,512,256,4271
2120,671,760000,2,512,256,4271
2121,671,760000,2,512,256,4271
2122,671,760000,2,512,256,4271
2123,672,760000,2,512,256,4272
2124,672,760000,2,512,256,4272
2125,672,760000,2,512,256,4272
2126,672,760000,2,512,256,4272
2127,672,760000,2,512,256,4272
2128,672,760000,2,512,256,4272
2129,672,760000,2,512,256,4272
2130,672,760000,2,512,256,4272
2131,673,760000,2,512,256,4273
2132,673,760000,2,512,256,4273
2133,673,760000,2,512,256,4273
2134,674,760000,2,512,256,4274
2135,674,760000,2,512,256,4274
2136,674,760000,2,512,256,4274
2137,674,760000,2,512,256,4274
2138,674,760000,2,512,256,4274
2139,674,760000,2,512,256,4274
2140,674,760000,2,512,256,4274
2141,675,760000,2,512,256,4275
2142,675,760000,2,512,256,4275
2143,675,760000,2,512,256,4275
2144,675,760000,2,512,256,4275
2145,676,760000,2,512,256,4276
2146,676,760000,2,512,256,4276
2147,676,760000,2,512,256,4276
2148,676,760000,2,512,256,4276
2149,677,760000,2,512,256,4277
2150,677,760000,2,512,256,4277
2151,677,760000,2,512,256,4277
2152,677,760000,2,512,256,4277
2153,677,760000,2,512,256,4277
2154,678,760000,2,512,256,4278
2155,678,760000,2,512,256,4278
2156,678,760000,2,512,256,4278
2157,678,760000,2,512,256,4278
2158,678,760000,2,512,256,4278
2159,679,760000,2,512,256,4279
2160,679,760000,2,512,256,4279
2161,679,760000,2,512,256,4279
2162,679,760000,2,512,256,4279
2163,679,760000,2,512,256,4279
2164,679,760000,2,512,256,4279
2165,679,760000,2,512,256,4279
2166,679,760000,2,512,256,4279
2167,680,760000,2,512,256,4280
2168,680,760000,2,512,256,4280
2169,680,760000,2,512,256,4280
2170,680,760000,2,512,256,4280
2171,680,760000,2,512,256,4280
2172,680,760000,2,512,256,4280
2173,680,760000,2,512,256,4280
2174,680,760000,2,512,256,4280
2175,681,760000,2,512,256,4281
2176,681,760000,2,512,256,4281
2177,681,760000,2,512,256,4281
2178,681,760000,2,512,256,4281
2179,681,760000,2,512,256,4281
2180,681,760000,2,512,256,4281
2181,681,760000,2,512,256,4281
2182,682,760000,2,512,256,4282
2183,682,760000,2,512,256,4282
2184,682,760000,2,512,256,4282
2185,686,760000,2,512,256,4286
2186,688,760000,2,512,256,4288
2187,690,760000,2,512,256,4290
2188,699,760000,2,512,256,4299
2189,701,760000,2,512,256,4301
2190,702,760000,2,512,256,4302
2191,703,760000,2,512,256,4303
2192,708,760000,2,512,256,4308
2193,708,760000,2,512,256,4308
2194,709,760000,2,512,256,4309
2195,711,760000,2,512,256,4311
2196,712,760000,2,512,256,4312
2197,713,760000,2,512,256,4313
2198,715,760000,2,512,256,4315
2199,719,760000,2,512,256,4319
2200,721,760000,2,512,256,4321
2201,723,760000,2,512,256,4323
2202,729,760000,2,512,256,4329
2203,731,760000,2,512,256,4331
2204,732,760000,2,512,256,4332
2205,732,760000,2,512,256,4332
2206,736,760000,2,512,256,4336
2207,740,760000,2,512,256,4340
2208,740,760000,2,512,256,4340
2209,740,760000,2,512,256,4340
2210,741,760000,2,512,256,4341
2211,744,760000,2,512,256,4344
2212,745,760000,2,512,256,4345
2213,754,760000,2,512,256,4354
2214,755,760000,2,512,256,4355
2215,759,760000,2,512,256,4359
2216,760,760000,2,512,256,4360
2217,763,760000,2,512,256,4363
2218,763,760000,2,512,256,4363
2219,767,760000,2,512,256,4367
2220,770,760000,2,512,256,4370
2221,771,760000,2,512,256,4371
2222,773,760000,2,512,256,4373
2223,773,760000,2,512,256,4373
2224,778,760000,2,512,256,4378
2225,779,760000,2,512,256,4379
2226,780,760000,2,512,256,4380
2227,782,760000,2,512,256,4382
2228,784,760000,2,512,256,4384
2229,787,760000,2,512,256,4387
2230,787,760000,2,512,256,4387
2231,790,760000,2,512,256,4390
2232,790,760000,2,512,256,4390
2233,796,760000,2,512,256,4396
2234,805,760000,2,512,256,4405
2235,810,760000,2,512,256,4410
2236,812,760000,2,512,256,4412
2237,812,760000,2,512,256,4412
2238,813,760000,2,512,256,4413
2239,816,760000,2,512,256,4416
2240,816,760000,2,512,256,4416
2241,817,760000,2,512,256,4417
2242,822,760000,2,512,256,4422
2243,827,760000,2,512,256,4427
2244,836,760000,2,512,256,4436
2245,837,760000,2,512,256,4437
2246,838,760000,2,512,256,4438
2247,841,760000,2,512,256,4441
2248,845,760000,2,512,256,4445
2249,845,760000,2,512,256,4445
2250,847,760000,2,512,256,4447
2251,847,760000,2,512,256,4447
2252,855,760000,2,512,256,4455
2253,857,760000,2,512,256,4457
2254,858,760000,2,512,256,4458
2255,861,760000,2,512,256,4461
2256,874,760000,2,512,256,4474
2257,877,760000,2,512,256,4477
2258,882,760000,2,512,256,4482
2259,886,760000,2,512,256,4486
2260,891,760000,2,512,256,4491
2261,892,760000,2,512,256,4492
2262,892,760000,2,512,256,4492
2263,893,760000,2,512,256,4493
2264,894,760000,2,512,256,4494
2265,899,760000,2,512,256,4499
2266,905,760000,2,512,256,4505
2267,911,760000,2,512,256,4511
2268,912,760000,2,512,256,4512
2269,912,760000,2,512,256,4512
2270,912,760000,2,512,256,4512
2271,913,760000,2,512,256,4513
2272,913,760000,2,512,256,4513
2273,913,760000,2,512,256,4513
2274,913,760000,2,512,256,4513
2275,913,760000,2,512,256,4513
2276,913,760000,2,512,256,4513
2277,914,760000,2,512,256,4514
2278,914,760000,2,512,256,4514
2279,914,760000,2,512,256,4514
2280,914,760000,2,512,256,4514
2281,914,760000,2,512,256,4514
2282,914,760000,2,512,256,4514
2283,915,760000,2,512,256,4515
2284,915,760000,2,512,256,4515
2285,915,760000,2,512,256,4515
2286,915,760000,2,512,256,4515
2287,916,760000,2,512,256,4516
2288,916,760000,2,512,256,4516
2289,916,760000,2,512,256,4516
2290,917,760000,2,512,256,4517
2291,917,760000,2,512,256,4517
2292,917,760000,2,512,256,4517
2293,917,760000,2,512,256,4517
2294,917,760000,2,512,256,4517
2295,918,760000,2,512,256,4518
2296,918,760000,2,512,256,4518
2297,919,760000,2,512,256,4519
2298,919,760000,2,512,256,4519
2299,919,760000,2,512,256,4519
2300,919,760000,2,512,256,4519
2301,920,760000,2,512,256,4520
2302,920,760000,2,512,256,4520
2303,920,760000,2,512,256,4520
2304,921,760000,2,512,256,4521
2305,921,760000,2,512,256,4521
2306,921,760000,2,512,256,4521
2307,922,760000,2,512,256,4522
2308,922,760000,2,512,256,4522
2309,922,760000,2,512,256,4522
2310,922,760000,2,512,256,4522
2311,922,760000,2,512,256,4522
2312,923,760000,2,512,256,4523
2313,924,760000,2,512,256,4524
2314,924,760000,2,512,256,4524
2315,925,760000,2,512,256,4525
2316,925,760000,2,512,256,4525
2317,925,760000,2,512,256,4525
2318,925,760000,2,512,256,4525
2319,925,760000,2,512,256,4525
2320,925,760000,2,512,256,4525
2321,925,760000,2,512,256,4525
2322,926,760000,2,512,256,4526
2323,927,760000,2,512,256,4527
2324,927,760000,2,512,256,4527
2325,927,760000,2,512,256,4527
2326,927,760000,2,512,256,4527
2327,927,760000,2,512,256,4527
2328,928,760000,2,512,256,4528
2329,928,760000,2,512,256,4528
2330,928,760000,2,512,256,4528
2331,928,760000,2,512,256,4528
2332,928,760000,2,512,256,4528
2333,929,760000,2,512,256,4529
2334,929,760000,2,512,256,4529
2335,929,760000,2,512,256,4529
2336,929,760000,2,512,256,4529
2337,930,760000,2,512,256,4530
2338,930,760000,2,512,256,4530
2339,930,760000,2,512,256,4530
2340,930,760000,2,512,256,4530
2341,931,760000,2,512,256,4531
2342,932,760000,2,512,256,4532
2343,932,760000,2,512,256,4532
2344,932,760000,2,512,256,4532
2345,932,760000,2,512,256,4532
2346,932,760000,2,512,256,4532
2347,933,760000,2,512,256,4533
2348,933,760000,2,512,256,4533
2349,933,760000,2,512,256,4533
2350,933,760000,2,512,256,4533
2351,934,760000,2,512,256,4534
2352,934,760000,2,512,256,4534
2353,935,760000,2,512,256,4535
2354,935,760000,2,512,256,4535
2355,935,760000,2,512,256,4535
2356,935,760000,2,512,256,4535
2357,936,760000,2,512,256,4536
2358,936,760000,2,512,256,4536
2359,936,760000,2,512,256,4536
2360,936,760000,2,512,256,4536
2361,936,760000,2,512,256,4536
2362,937,760000,2,512,256,4537
2363,937,760000,2,512,256,4537
2364,937,760000,2,512,256,4537
2365,937,760000,2,512,256,4537
2366,937,760000,2,512,256,4537
2367,937,760000,2,512,256,4537
2368,937,760000,2,512,256,4537
2369,938,760000,2,512,256,4538
2370,938,760000,2,512,256,4538
2371,938,760000,2,512,256,4538
2372,938,760000,2,512,256,4538
2373,938,760000,2,512,256,4538
2374,938,760000,2,512,256,4538
2375,938,760000,2,512,256,4538
2376,939,760000,2,512,256,4539
2377,939,760000,2,512,256,4539
2378,939,760000,2,512,256,4539
2379,940,760000,2,512,256,4540
2380,940,760000,2,512,256,4540
2381,940,760000,2,512,256,4540
2382,940,760000,2,512,256,4540
2383,940,760000,2,512,256,4540
2384,941,760000,2,512,256,4541
2385,941,760000,2,512,256,4541
2386,941,760000,2,512,256,4541
2387,942,760000,2,512,256,4542
2388,942,760000,2,512,256,4542
2389,942,760000,2,512,256,4542
2390,942,760000,2,512,256,4542
2391,942,760000,2,512,256,4542
2392,943,760000,2,512,256,4543
2393,943,760000,2,512,256,4543
2394,943,760000,2,512,256,4543
2395,944,760000,2,512,256,4544
2396,944,760000,2,512,256,4544
2397,945,760000,2,512,256,4545
2398,945,760000,2,512,256,4545
2399,945,760000,2,512,256,4545
2400,945,760000,2,512,256,4545
2401,945,760000,2,512,256,4545
2402,945,760000,2,512,256,4545
2403,946,760000,2,512,256,4546
2404,946,760000,2,512,256,4546
2405,946,760000,2,512,256,4546
2406,946,760000,2,512,256,4546
2407,946,760000,2,512,256,4546
2408,946,760000,2,512,256,4546
2409,947,760000,2,512,256,4547
2410,947,760000,2,512,256,4547
2411,947,760000,2,512,256,4547
2412,947,760000,2,512,256,4547
2413,947,760000,2,512,256,4547
2414,947,760000,2,512,256,4547
2415,948,760000,2,512,256,4548
2416,948,760000,2,512,256,4548
2417,948,760000,2,512,256,4548
2418,949,760000,2,512,256,4549
2419,949,760000,2,512,256,4549
2420,949,760000,2,512,256,4549
2421,949,760000,2,512,256,4549
2422,950,760000,2,512,256,4550
2423,950,760000,2,512,256,4550
2424,950,760000,2,512,256,4550
2425,950,760000,2,512,256,4550
2426,950,760000,2,512,256,4550
2427,950,760000,2,512,256,4550
2428,950,760000,2,512,256,4550
2429,951,760000,2,512,256,4551
2430,951,760000,2,512,256,4551
2431,951,760000,2,512,256,4551
2432,951,760000,2,512,256,4551
2433,952,760000,2,512,256,4552
2434,952,760000,2,512,256,4552
2435,952,760000,2,512,256,4552
2436,952,760000,2,512,256,4552
2437,952,760000,2,512,256,4552
2438,953,760000,2,512,256,4553
2439,953,760000,2,512,256,4553
2440,954,760000,2,512,256,4554
2441,954,760000,2,512,256,4554
2442,954,760000,2,512,256,4554
2443,954,760000,2,512,256,4554
2444,954,760000,2,512,256,4554
2445,955,760000,2,512,256,4555
2446,955,760000,2,512,256,4555
2447,955,760000,2,512,256,4555
2448,955,760000,2,512,256,4555
2449,955,760000,2,512,256,4555
2450,955,760000,2,512,256,4555
2451,955,760000,2,512,256,4555
2452,955,760000,2,512,256,4555
2453,955,760000,2,512,256,4555
2454,956,760000,2,512,256,4556
2455,956,760000,2,512,256,4556
2456,957,760000,2,512,256,4557
2457,957,760000,2,512,256,4557
2458,957,760000,2,512,256,4557
2459,958,760000,2,512,256,4558
2460,958,760000,2,512,256,4558
2461,958,760000,2,512,256,4558
2462,958,760000,2,512,256,4558
2463,958,760000,2,512,256,4558
2464,958,760000,2,512,256,4558
2465,959,760000,2,512,256,4559
2466,959,760000,2,512,256,4559
2467,959,760000,2,512,256,4559
2468,959,760000,2,512,256,4559
2469,960,760000,2,512,256,4560
2470,960,760000,2,512,256,4560
2471,960,760000,2,512,256,4560
2472,960,760000,2,512,256,4560
2473,960,760000,2,512,256,4560
2474,960,760000,2,512,256,4560
2475,960,760000,2,512,256,4560
2476,960,760000,2,512,256,4560
2477,960,760000,2,512,256,4560
2478,960,760000,2,512,256,4560
2479,960,760000,2,512,256,4560
2480,961,760000,2,512,256,4561
2481,961,760000,2,512,256,4561
2482,961,760000,2,512,256,4561
2483,961,760000,2,512,256,4561
2484,962,760000,2,512,256,4562
2485,962,760000,2,512,256,4562
2486,962,760000,2,512,256,4562
2487,962,760000,2,512,256,4562
2488,963,760000,2,512,256,4563
2489,963,760000,2,512,256,4563
2490,963,760000,2,512,256,4563
2491,963,760000,2,512,256,4563
2492,964,760000,2,512,256,4564
2493,964,760000,2,512,256,4564
2494,964,760000,2,512,256,4564
2495,964,760000,2,512,256,4564
2496,976,760000,2,512,256,4576
2497,980,760000,2,512,256,4580
2498,987,760000,2,512,256,4587
2499,990,760000,2,512,256,4590
2500,992,760000,2,512,256,4592
2501,992,760000,2,512,256,4592
2502,994,760000,2,512,256,4594
2503,996,760000,2,512,256,4596
2504,998,760000,2,512,256,4598
2505,999,760000,2,512,256,4599
2506,999,760000,2,512,256,4599
2507,1000,760000,2,512,256,4600
2508,1001,760000,2,512,256,4601
2509,1002,760000,2,512,256,4602
2510,1004,760000,2,512,256,4604
2511,1005,760000,2,512,256,4605
2512,1006,760000,2,512,256,4606
2513,1008,760000,2,512,256,4608
2514,1010,760000,2,512,256,4610
2515,1015,760000,2,512,256,4615
2516,1019,760000,2,512,256,4619
2517,1020,760000,2,512,256,4620
2518,1032,760000,2,512,256,4632
2519,1039,760000,2,512,256,4639
2520,1044,760000,2,512,256,4644
2521,1049,760000,2,512,256,4649
2522,1050,760000,2,512,256,4650
2523,1059,760000,2,512,256,4659
2524,1063,760000,2,512,256,4663
2525,1064,760000,2,512,256,4664
2526,1070,760000,2,512,256,4670
2527,1071,760000,2,512,256,4671
2528,1072,760000,2,512,256,4672
2529,1074,760000,2,512,256,4674
2530,1081,760000,2,512,256,4681
2531,1086,760000,2,512,256,4686
2532,1086,760000,2,512,256,4686
2533,1086,760000,2,512,256,4686
2534,1097,760000,2,512,256,4697
2535,1098,760000,2,512,256,4698
2536,1116,760000,2,512,256,4716
2537,1121,760000,2,512,256,4721
2538,1131,760000,2,512,256,4731
2539,1137,760000,2,512,256,4737
2540,1137,760000,2,512,256,4737
2541,1137,760000,2,512,256,4737
2542,1137,760000,2,512,256,4737
2543,1137,760000,2,512,256,4737
2544,1138,760000,2,512,256,4738
2545,1138,760000,2,512,256,4738
2546,1138,760000,2,512,256,4738
2547,1139,760000,2,512,256,4739
2548,1139,760000,2,512,256,4739
2549,1140,760000,2,512,256,4740
2550,1140,760000,2,512,256,4740
2551,1141,760000,2,512,256,4741
2552,1141,760000,2,512,256,4741
2553,1141,760000,2,512,256,4741
2554,1141,760000,2,512,256,4741
2555,1141,760000,2,512,256,4741
2556,1141,760000,2,512,256,4741
2557,1141,760000,2,512,256,4741
2558,1142,760000,2,512,256,4742
2559,1142,760000,2,512,256,4742
2560,1142,760000,2,512,256,4742
2561,1143,760000,2,512,256,4743
2562,1143,760000,2,512,256,4743
2563,1143,760000,2,512,256,4743
2564,1143,760000,2,512,256,4743
2565,1144,760000,2,512,256,4744
2566,1144,760000,2,512,256,4744
2567,1144,760000,2,512,256,4744
2568,1144,760000,2,512,256,4744
2569,1144,760000,2,512,256,4744
2570,1145,760000,2,512,256,4745
2571,1145,760000,2,512,256,4745
2572,1145,760000,2,512,256,4745
2573,1145,760000,2,512,256,4745
2574,1146,760000,2,512,256,4746
2575,1146,760000,2,512,256,4746
2576,1146,760000,2,512,256,4746
2577,1146,760000,2,512,256,4746
2578,1146,760000,2,512,256,4746
2579,1146,760000,2,512,256,4746
2580,1147,760000,2,512,256,4747
2581,1147,760000,2,512,256,4747
2582,1147,760000,2,512,256,4747
2583,1147,760000,2,512,256,4747
2584,1147,760000,2,512,256,4747
2585,1148,760000,2,512,256,4748
2586,1148,760000,2,512,256,4748
2587,1148,760000,2,512,256,4748
2588,1148,760000,2,512,256,4748
2589,1148,760000,2,512,256,4748
2590,1148,760000,2,512,256,4748
2591,1149,760000,2,512,256,4749
2592,1149,760000,2,512,256,4749
2593,1149,760000,2,512,256,4749
2594,1149,760000,2,512,256,4749
2595,1150,760000,2,512,256,4750
2596,1150,760000,2,512,256,4750
2597,1150,760000,2,512,256,4750
2598,1151,760000,2,512,256,4751
2599,1151,760000,2,512,256,4751
2600,1151,760000,2,512,256,4751
2601,1151,760000,2,512,256,4751
2602,1151,760000,2,512,256,4751
2603,1152,760000,2,512,256,4752
2604,1152,760000,2,512,256,4752
2605,1152,760000,2,512,256,4752
2606,1152,760000,2,512,256,4752
2607,1152,760000,2,512,256,4752
2608,1152,760000,2,512,256,4752
2609,1152,760000,2,512,256,4752
2610,1152,760000,2,512,256,4752
2611,1152,760000,2,512,256,4752
2612,1153,760000,2,512,256,4753
2613,1153,760000,2,512,256,4753
2614,1153,760000,2,512,256,4753
2615,1153,760000,2,512,256,4753
2616,1153,760000,2,512,256,4753
2617,1153,760000,2,512,256,4753
2618,1154,760000,2,512,256,4754
2619,1154,760000,2,512,256,4754
2620,1154,760000,2,512,256,4754
2621,1154,760000,2,512,256,4754
2622,1154,760000,2,512,256,4754
2623,1154,760000,2,512,256,4754
2624,1154,760000,2,512,256,4754
2625,1154,760000,2,512,256,4754
2626,1155,760000,2,512,256,4755
2627,1155,760000,2,512,256,4755
2628,1155,760000,2,512,256,4755
2629,1155,760000,2,512,256,4755
2630,1156,760000,2,512,256,4756
2631,1156,760000,2,512,256,4756
2632,1157,760000,2,512,256,4757
2633,1157,760000,2,512,256,4757
2634,1158,760000,2,512,256,4758
2635,1158,760000,2,512,256,4758
2636,1159,760000,2,512,256,4759
2637,1159,760000,2,512,256,4759
2638,1159,760000,2,512,256,4759
2639,1159,760000,2,512,256,4759
2640,1160,760000,2,512,256,4760
2641,1160,760000,2,512,256,4760
2642,1161,760000,2,512,256,4761
2643,1161,760000,2,512,256,4761
2644,1162,760000,2,512,256,4762
2645,1162,760000,2,512,256,4762
2646,1162,760000,2,512,256,4762
2647,1162,760000,2,512,256,4762
2648,1162,760000,2,512,256,4762
2649,1163,760000,2,512,256,4763
2650,1163,760000,2,512,256,4763
2651,1163,760000,2,512,256,4763
2652,1164,760000,2,512,256,4764
2653,1164,760000,2,512,256,4764
2654,1164,760000,2,512,256,4764
2655,1164,760000,2,512,256,4764
2656,1164,760000,2,512,256,4764
2657,1164,760000,2,512,256,4764
2658,1164,760000,2,512,256,4764
2659,1165,760000,2,512,256,4765
2660,1165,760000,2,512,256,4765
2661,1165,760000,2,512,256,4765
2662,1165,760000,2,512,256,4765
2663,1165,760000,2,512,256,4765
2664,1165,760000,2,512,256,4765
2665,1165,760000,2,512,256,4765
2666,1166,760000,2,512,256,4766
2667,1166,760000,2,512,256,4766
2668,1166,760000,2,512,256,4766
2669,1166,760000,2,512,256,4766
2670,1167,760000,2,512,256,4767
2671,1167,760000,2,512,256,4767
2672,1167,760000,2,512,256,4767
2673,1167,760000,2,512,256,4767
2674,1167,760000,2,512,256,4767
2675,1168,760000,2,512,256,4768
2676,1169,760000,2,512,256,4769
2677,1169,760000,2,512,256,4769
2678,1169,760000,2,512,256,4769
2679,1169,760000,2,512,256,4769
2680,1169,760000,2,512,256,4769
2681,1169,760000,2,512,256,4769
2682,1169,760000,2,512,256,4769
2683,1170,760000,2,512,256,4770
2684,1170,760000,2,512,256,4770
2685,1170,760000,2,512,256,4770
2686,1170,760000,2,512,256,4770
2687,1170,760000,2,512,256,4770
2688,1170,760000,2,512,256,4770
2689,1170,760000,2,512,256,4770
2690,1170,760000,2,512,256,4770
2691,1171,760000,2,512,256,4771
2692,1171,760000,2,512,256,4771
2693,1171,760000,2,512,256,4771
2694,1171,760000,2,512,256,4771
2695,1172,760000,2,512,256,4772
2696,1172,760000,2,512,256,4772
2697,1172,760000,2,512,256,4772
2698,1173,760000,2,512,256,4773
2699,1173,760000,2,512,256,4773
2700,1173,760000,2,512,256,4773
2701,1174,760000,2,512,256,4774
2702,1174,760000,2,512,256,4774
2703,1174,760000,2,512,256,4774
2704,1174,760000,2,512,256,4774
2705,1174,760000,2,512,256,4774
2706,1174,760000,2,512,256,4774
2707,1175,760000,2,512,256,4775
2708,1175,760000,2,512,256,4775
2709,1175,760000,2,512,256,4775
2710,1175,760000,2,512,256,4775
2711,1175,760000,2,512,256,4775
2712,1175,760000,2,512,256,4775
2713,1175,760000,2,512,256,4775
2714,1175,760000,2,512,256,4775
2715,1176,760000,2,512,256,4776
2716,1176,760000,2,512,256,4776
2717,1176,760000,2,512,256,4776
2718,1176,760000,2,512,256,4776
2719,1176,760000,2,512,256,4776
2720,1176,760000,2,512,256,4776
2721,1177,760000,2,512,256,4777
2722,1177,760000,2,512,256,4777
2723,1177,760000,2,512,256,4777
2724,1178,760000,2,512,256,4778
2725,1178,760000,2,512,256,4778
2726,1178,760000,2,512,256,4778
2727,1178,760000,2,512,256,4778
2728,1178,760000,2,512,256,4778
2729,1178,760000,2,512,256,4778
2730,1179,760000,2,512,256,4779
2731,1179,760000,2,512,256,4779
2732,1179,760000,2,512,256,4779
2733,1179,760000,2,512,256,4779
2734,1179,760000,2,512,256,4779
2735,1179,760000,2,512,256,4779
2736,1179,760000,2,512,256,4779
2737,1179,760000,2,512,256,4779
2738,1180,760000,2,512,256,4780
2739,1180,760000,2,512,256,4780
2740,1180,760000,2,512,256,4780
2741,1180,760000,2,512,256,4780
2742,1180,760000,2,512,256,4780
2743,1181,760000,2,512,256,4781
2744,1182,760000,2,512,256,4782
2745,1182,760000,2,512,256,4782
2746,1182,760000,2,512,256,4782
2747,1182,760000,2,512,256,4782
2748,1183,760000,2,512,256,4783
2749,1183,760000,2,512,256,4783
2750,1183,760000,2,512,256,4783
2751,1183,760000,2,512,256,4783
2752,1183,760000,2,512,256,4783
2753,1184,760000,2,512,256,4784
2754,1184,760000,2,512,256,4784
2755,1184,760000,2,512,256,4784
2756,1184,760000,2,512,256,4784
2757,1184,760000,2,512,256,4784
2758,1184,760000,2,512,256,4784
2759,1185,760000,2,512,256,4785
2760,1185,760000,2,512,256,4785
2761,1185,760000,2,512,256,4785
2762,1185,760000,2,512,256,4785
2763,1185,760000,2,512,256,4785
2764,1185,760000,2,512,256,4785
2765,1185,760000,2,512,256,4785
2766,1186,760000,2,512,256,4786
2767,1186,760000,2,512,256,4786
2768,1186,760000,2,512,256,4786
2769,1187,760000,2,512,256,4787
2770,1187,760000,2,512,256,4787
2771,1187,760000,2,512,256,4787
2772,1187,760000,2,512,256,4787
2773,1187,760000,2,512,256,4787
2774,1188,760000,2,512,256,4788
2775,1188,760000,2,512,256,4788
2776,1188,760000,2,512,256,4788
2777,1188,760000,2,512,256,4788
2778,1188,760000,2,512,256,4788
2779,1188,760000,2,512,256,4788
2780,1189,760000,2,512,256,4789
2781,1189,760000,2,512,256,4789
2782,1189,760000,2,512,256,4789
2783,1190,760000,2,512,256,4790
2784,1191,760000,2,512,256,4791
2785,1191,760000,2,512,256,4791
2786,1191,760000,2,512,256,4791
2787,1191,760000,2,512,256,4791
2788,1191,760000,2,512,256,4791
2789,1191,760000,2,512,256,4791
2790,1192,760000,2,512,256,4792
2791,1192,760000,2,512,256,4792
2792,1193,760000,2,512,256,4793
2793,1193,760000,2,512,256,4793
2794,1193,760000,2,512,256,4793
2795,1193,760000,2,512,256,4793
2796,1193,760000,2,512,256,4793
2797,1194,760000,2,512,256,4794
2798,1195,760000,2,512,256,4795
2799,1195,760000,2,512,256,4795
2800,1195,760000,2,512,256,4795
2801,1195,760000,2,512,256,4795
2802,1196,760000,2,512,256,4796
2803,1196,760000,2,512,256,4796
2804,1196,760000,2,512,256,4796
2805,1196,760000,2,512,256,4796
2806,1196,760000,2,512,256,4796
2807,1197,760000,2,512,256,4797
2808,1197,760000,2,512,256,4797
2809,1197,760000,2,512,256,4797
2810,1197,760000,2,512,256,4797
2811,1197,760000,2,512,256,4797
2812,1197,760000,2,512,256,4797
2813,1197,760000,2,512,256,4797
2814,1197,760000,2,512,256,4797
2815,1198,760000,2,512,256,4798
2816,1198,760000,2,512,256,4798
2817,1198,760000,2,512,256,4798
2818,1198,760000,2,512,256,4798
2819,1198,760000,2,512,256,4798
2820,1198,760000,2,512,256,4798
2821,1199,760000,2,512,256,4799
2822,1199,760000,2,512,256,4799
2823,1199,760000,2,512,256,4799
2824,1200,760000,2,512,256,4800
2825,1200,760000,2,512,256,4800
2826,1201,760000,2,512,256,4801
2827,1201,760000,2,512,256,4801
2828,1201,760000,2,512,256,4801
2829,1201,760000,2,512,256,4801
2830,1201,760000,2,512,256,4801
2831,1201,760000,2,512,256,4801
2832,1202,760000,2,512,256,4802
2833,1202,760000,2,512,256,4802
2834,1202,760000,2,512,256,4802
2835,1202,760000,2,512,256,4802
2836,1202,760000,2,512,256,4802
2837,1202,760000,2,512,256,4802
2838,1203,760000,2,512,256,4803
2839,1203,760000,2,512,256,4803
2840,1204,760000,2,512,256,4804
2841,1204,760000,2,512,256,4804
2842,1204,760000,2,512,256,4804
2843,1204,760000,2,512,256,4804
2844,1204,760000,2,512,256,4804
2845,1205,760000,2,512,256,4805
2846,1205,760000,2,512,256,4805
2847,1205,760000,2,512,256,4805
2848,1205,760000,2,512,256,4805
2849,1206,760000,2,512,256,4806
2850,1206,760000,2,512,256,4806
2851,1206,760000,2,512,256,4806
2852,1206,760000,2,512,256,4806
2853,1206,760000,2,512,256,4806
2854,1206,760000,2,512,256,4806
2855,1206,760000,2,512,256,4806
2856,1206,760000,2,512,256,4806
2857,1210,760000,2,512,256,4810
2858,1215,760000,2,512,256,4815
2859,1215,760000,2,512,256,4815
2860,1219,760000,2,512,256,4819
2861,1223,760000,2,512,256,4823
2862,1225,760000,2,512,256,4825
2863,1230,760000,2,512,256,4830
2864,1230,760000,2,512,256,4830
2865,1238,760000,2,512,256,4838
2866,1251,760000,2,512,256,4851
2867,1253,760000,2,512,256,4853
2868,1253,760000,2,512,256,4853
2869,1255,760000,2,512,256,4855
2870,1259,760000,2,512,256,4859
2871,1265,760000,2,512,256,4865
2872,1270,760000,2,512,256,4870
2873,1271,760000,2,512,256,4871
2874,1276,760000,2,512,256,4876
2875,1276,760000,2,512,256,4876
2876,1281,760000,2,512,256,4881
2877,1288,760000,2,512,256,4888
2878,1289,760000,2,512,256,4889
2879,1294,760000,2,512,256,4894
2880,1303,760000,2,512,256,4903
2881,1306,760000,2,512,256,4906
2882,1308,760000,2,512,256,4908
2883,1313,760000,2,512,256,4913
2884,1319,760000,2,512,256,4919
2885,1320,760000,2,512,256,4920
2886,1327,760000,2,512,256,4927
2887,1327,760000,2,512,256,4927
2888,1329,760000,2,512,256,4929
2889,1331,760000,2,512,256,4931
2890,1334,760000,2,512,256,4934
2891,1340,760000,2,512,256,4940
2892,1341,760000,2,512,256,4941
2893,1346,760000,2,512,256,4946
2894,1347,760000,2,512,256,4947
2895,1350,760000,2,512,256,4950
2896,1353,760000,2,512,256,4953
2897,1355,760000,2,512,256,4955
2898,1364,760000,2,512,256,4964
2899,1375,760000,2,512,256,4975
2900,1377,760000,2,512,256,4977
2901,1378,760000,2,512,256,4978
2902,1379,760000,2,512,256,4979
2903,1386,760000,2,512,256,4986
2904,1387,760000,2,512,256,4987
2905,1389,760000,2,512,256,4989
2906,1396,760000,2,512,256,4996
2907,1398,760000,2,512,256,4998
2908,1398,760000,2,512,256,4998
2909,1398,760000,2,512,256,4998
2910,1405,760000,2,512,256,5005
2911,1409,760000,2,512,256,5009
2912,1409,760000,2,512,256,5009
2913,1409,760000,2,512,256,5009
2914,1409,760000,2,512,256,5009
2915,1410,760000,2,512,256,5010
2916,1410,760000,2,512,256,5010
2917,1410,760000,2,512,256,5010
2918,1410,760000,2,512,256,5010
2919,1410,760000,2,512,256,5010
2920,1411,760000,2,512,256,5011
2921,1411,760000,2,512,256,5011
2922,1411,760000,2,512,256,5011
2923,1411,760000,2,512,256,5011
2924,1411,760000,2,512,256,5011
2925,1412,760000,2,512,256,5012
2926,1412,760000,2,512,256,5012
2927,1412,760000,2,512,256,5012
2928,1412,760000,2,512,256,5012
2929,1413,760000,2,512,256,5013
2930,1413,760000,2,512,256,5013
2931,1413,760000,2,512,256,5013
2932,1413,760000,2,512,256,5013
2933,1413,760000,2,512,256,5013
2934,1413,760000,2,512,256,5013
2935,1414,760000,2,512,256,5014
2936,1414,760000,2,512,256,5014
2937,1415,760000,2,512,256,5015
2938,1415,760000,2,512,256,5015
2939,1415,760000,2,512,256,5015
2940,1415,760000,2,512,256,5015
2941,1416,760000,2,512,256,5016
2942,1416,760000,2,512,256,5016
2943,1416,760000,2,512,256,5016
2944,1416,760000,2,512,256,5016
2945,1416,760000,2,512,256,5016
2946,1416,760000,2,512,256,5016
2947,1416,760000,2,512,256,5016
2948,1416,760000,2,512,256,5016
2949,1417,760000,2,512,256,5017
2950,1417,760000,2,512,256,5017
2951,1417,760000,2,512,256,5017
2952,1417,760000,2,512,256,5017
2953,1418,760000,2,512,256,5018
2954,1418,760000,2,512,256,5018
2955,1418,760000,2,512,256,5018
2956,1419,760000,2,512,256,5019
2957,1419,760000,2,512,256,5019
2958,1420,760000,2,512,256,5020
2959,1420,760000,2,512,256,5020
2960,1420,760000,2,512,256,5020
2961,1420,760000,2,512,256,5020
2962,1420,760000,2,512,256,5020
2963,1420,760000,2,512,256,5020
2964,1420,760000,2,512,256,5020
2965,1420,760000,2,512,256,5020
2966,1421,760000,2,512,256,5021
2967,1421,760000,2,512,256,5021
2968,1421,760000,2,512,256,5021
2969,1421,760000,2,512,256,5021
2970,1421,760000,2,512,256,5021
2971,1422,760000,2,512,256,5022
2972,1422,760000,2,512,256,5022
2973,1423,760000,2,512,256,5023
2974,1423,760000,2,512,256,5023
2975,1423,760000,2,512,256,5023
2976,1423,760000,2,512,256,5023
2977,1423,760000,2,512,256,5023
2978,1423,760000,2,512,256,5023
2979,1423,760000,2,512,256,5023
2980,1424,760000,2,512,256,5024
2981,1424,760000,2,512,256,5024
2982,1424,760000,2,512,256,5024
2983,1424,760000,2,512,256,5024
2984,1424,760000,2,512,256,5024
2985,1424,760000,2,512,256,5024
2986,1425,760000,2,512,256,5025
2987,1425,760000,2,512,256,5025
2988,1425,760000,2,512,256,5025
2989,1425,760000,2,512,256,5025
2990,1425,760000,2,512,256,5025
2991,1425,760000,2,512,256,5025
2992,1425,760000,2,512,256,5025
2993,1425,760000,2,512,256,5025
2994,1425,760000,2,512,256,5025
2995,1426,760000,2,512,256,5026
2996,1426,760000,2,512,256,5026
2997,1426,760000,2,512,256,5026
2998,1427,760000,2,512,256,5027
2999,1427,760000,2,512,256,5027
3000,1427,760000,2,512,256,5027
3001,1428,760000,2,512,256,5028
3002,1429,760000,2,512,256,5029
3003,1429,760000,2,512,256,5029
3004,1429,760000,2,512,256,5029
3005,1429,760000,2,512,256,5029
3006,1429,760000,2,512,256,5029
3007,1430,760000,2,512,256,5030
3008,1430,760000,2,512,256,5030
3009,1430,760000,2,512,256,5030
3010,1431,760000,2,512,256,5031
3011,1431,760000,2,512,256,5031
3012,1431,760000,2,512,256,5031
3013,1431,760000,2,512,256,5031
3014,1431,760000,2,512,256,5031
3015,1431,760000,2,512,256,5031
3016,1431,760000,2,512,256,5031
3017,1431,760000,2,512,256,5031
3018,1431,760000,2,512,256,5031
3019,1432,760000,2,512,256,5032
3020,1432,760000,2,512,256,5032
3021,1432,760000,2,512,256,5032
3022,1432,760000,2,512,256,5032
3023,1432,760000,2,512,256,5032
3024,1432,760000,2,512,256,5032
3025,1433,760000,2,512,256,5033
3026,1433,760000,2,512,256,5033
3027,1433,760000,2,512,256,5033
3028,1433,760000,2,512,256,5033
3029,1434,760000,2,512,256,5034
3030,1434,760000,2,512,256,5034
3031,1434,760000,2,512,256,5034
3032,1434,760000,2,512,256,5034
3033,1435,760000,2,512,256,5035
3034,1439,760000,2,512,256,5039
3035,1441,760000,2,512,256,5041
3036,1441,760000,2,512,256,5041
3037,1441,760000,2,512,256,5041
3038,1443,760000,2,512,256,5043
3039,1444,760000,2,512,256,5044
3040,1452,760000,2,512,256,5052
3041,1455,760000,2,512,256,5055
3042,1463,760000,2,512,256,5063
3043,1467,760000,2,512,256,5067
3044,1467,760000,2,512,256,5067
3045,1470,760000,2,512,256,5070
3046,1472,760000,2,512,256,5072
3047,1479,760000,2,512,256,5079
3048,1480,760000,2,512,256,5080
3049,1483,760000,2,512,256,5083
3050,1484,760000,2,512,256,5084
3051,1486,760000,2,512,256,5086
3052,1486,760000,2,512,256,5086
3053,1497,760000,2,512,256,5097
3054,1498,760000,2,512,256,5098
3055,1499,760000,2,512,256,5099
3056,1500,760000,2,512,256,5100
3057,1502,760000,2,512,256,5102
3058,1508,760000,2,512,256,5108
3059,1514,760000,2,512,256,5114
3060,1523,760000,2,512,256,5123
3061,1532,760000,2,512,256,5132
3062,1534,760000,2,512,256,5134
3063,1538,760000,2,512,256,5138
3064,1540,760000,2,512,256,5140
3065,1545,760000,2,512,256,5145
3066,1549,760000,2,512,256,5149
3067,1551,760000,2,512,256,5151
3068,1553,760000,2,512,256,5153
3069,1553,760000,2,512,256,5153
3070,1554,760000,2,512,256,5154
3071,1554,760000,2,512,256,5154
3072,1554,760000,2,512,256,5154
3073,1554,760000,2,512,256,5154
3074,1554,760000,2,512,256,5154
3075,1554,760000,2,512,256,5154
3076,1555,760000,2,512,256,5155
3077,1555,760000,2,512,256,5155
3078,1555,760000,2,512,256,5155
3079,1556,760000,2,512,256,5156
3080,1556,760000,2,512,256,5156
3081,1556,760000,2,512,256,5156
3082,1556,760000,2,512,256,5156
3083,1556,760000,2,512,256,5156
3084,1556,760000,2,512,256,5156
3085,1557,760000,2,512,256,5157
3086,1557,760000,2,512,256,5157
3087,1557,760000,2,512,256,5157
3088,1557,760000,2,512,256,5157
3089,1558,760000,2,512,256,5158
3090,1558,760000,2,512,256,5158
3091,1558,760000,2,512,256,5158
3092,1558,760000,2,512,256,5158
3093,1559,760000,2,512,256,5159
3094,1559,760000,2,512,256,5159
3095,1560,760000,2,512,256,5160
3096,1560,760000,2,512,256,5160
3097,1560,760000,2,512,256,5160
3098,1560,760000,2,512,256,5160
3099,1560,760000,2,512,256,5160
3100,1561,760000,2,512,256,5161
3101,1561,760000,2,512,256,5161
3102,1561,760000,2,512,256,5161
3103,1561,760000,2,512,256,5161
3104,1561,760000,2,512,256,5161
3105,1561,760000,2,512,256,5161
3106,1561,760000,2,512,256,5161
3107,1561,760000,2,512,256,5161
3108,1562,760000,2,512,256,5162
3109,1562,760000,2,512,256,5162
3110,1562,760000,2,512,256,5162
3111,1562,760000,2,512,256,5162
3112,1563,760000,2,512,256,5163
3113,1563,760000,2,512,256,5163
3114,1563,760000,2,512,256,5163
3115,1563,760000,2,512,256,5163
3116,1563,760000,2,512,256,5163
3117,1564,760000,2,512,256,5164
3118,1565,760000,2,512,256,5165
3119,1565,760000,2,512,256,5165
3120,1565,760000,2,512,256,5165
3121,1565,760000,2,512,256,5165
3122,1565,760000,2,512,256,5165
3123,1566,760000,2,512,256,5166
3124,1566,760000,2,512,256,5166
3125,1566,760000,2,512,256,5166
3126,1567,760000,2,512,256,5167
3127,1573,760000,2,512,256,5173
3128,1574,760000,2,512,256,5174
3129,1574,760000,2,512,256,5174
3130,1577,760000,2,512,256,5177
3131,1579,760000,2,512,256,5179
3132,1580,760000,2,512,256,5180
3133,1583,760000,2,512,256,5183
3134,1585,760000,2,512,256,5185
3135,1586,760000,2,512,256,5186
3136,1591,760000,2,512,256,5191
3137,1602,760000,2,512,256,5202
3138,1604,760000,2,512,256,5204
3139,1606,760000,2,512,256,5206
3140,1618,760000,2,512,256,5218
3141,1620,760000,2,512,256,5220
3142,1627,760000,2,512,256,5227
3143,1629,760000,2,512,256,5229
3144,1631,760000,2,512,256,5231
3145,1635,760000,2,512,256,5235
3146,1637,760000,2,512,256,5237
3147,1637,760000,2,512,256,5237
3148,1638,760000,2,512,256,5238
3149,1642,760000,2,512,256,5242
3150,1642,760000,2,512,256,5242
3151,1643,760000,2,512,256,5243
3152,1643,760000,2,512,256,5243
3153,1652,760000,2,512,256,5252
3154,1654,760000,2,512,256,5254
3155,1660,760000,2,512,256,5260
3156,1667,760000,2,512,256,5267
3157,1669,760000,2,512,256,5269
3158,1670,760000,2,512,256,5270
3159,1670,760000,2,512,256,5270
3160,1670,760000,2,512,256,5270
3161,1671,760000,2,512,256,5271
3162,1673,760000,2,512,256,5273
3163,1674,760000,2,512,256,5274
3164,1680,760000,2,512,256,5280
3165,1684,760000,2,512,256,5284
3166,1685,760000,2,512,256,5285
3167,1686,760000,2,512,256,5286
3168,1690,760000,2,512,256,5290
3169,1693,760000,2,512,256,5293
3170,1693,760000,2,512,256,5293
3171,1697,760000,2,512,256,5297
3172,1699,760000,2,512,256,5299
3173,1702,760000,2,512,256,5302
3174,1707,760000,2,512,256,5307
3175,1711,760000,2,512,256,5311
3176,1713,760000,2,512,256,5313
3177,1715,760000,2,512,256,5315
3178,1716,760000,2,512,256,5316
3179,1717,760000,2,512,256,5317
3180,1718,760000,2,512,256,5318
3181,1718,760000,2,512,256,5318
3182,1718,760000,2,512,256,5318
3183,1719,760000,2,512,256,5319
3184,1719,760000,2,512,256,5319
3185,1719,760000,2,512,256,5319
3186,1719,760000,2,512,256,5319
3187,1719,760000,2,512,256,5319
3188,1722,760000,2,512,256,5322
3189,1723,760000,2,512,256,5323
3190,1723,760000,2,512,256,5323
3191,1723,760000,2,512,256,5323
3192,1723,760000,2,512,256,5323
3193,1724,760000,2,512,256,5324
3194,1724,760000,2,512,256,5324
3195,1724,760000,2,512,256,5324
3196,1724,760000,2,512,256,5324
3197,1725,760000,2,512,256,5325
3198,1725,760000,2,512,256,5325
3199,1725,760000,2,512,256,5325
3200,1725,760000,2,512,256,5325
3201,1725,760000,2,512,256,5325
3202,1725,760000,2,512,256,5325
3203,1725,760000,2,512,256,5325
3204,1725,760000,2,512,256,5325
3205,1725,760000,2,512,256,5325
3206,1725,760000,2,512,256,5325
3207,1726,760000,2,512,256,5326
3208,1726,760000,2,512,256,5326
3209,1726,760000,2,512,256,5326
3210,1726,760000,2,512,256,5326
3211,1727,760000,2,512,256,5327
3212,1727,760000,2,512,256,5327
3213,1727,760000,2,512,256,5327
3214,1728,760000,2,512,256,5328
3215,1728,760000,2,512,256,5328
3216,1728,760000,2,512,256,5328
3217,1729,760000,2,512,256,5329
3218,1729,760000,2,512,256,5329
3219,1729,760000,2,512,256,5329
3220,1729,760000,2,512,256,5329
3221,1730,760000,2,512,256,5330
3222,1730,760000,2,512,256,5330
3223,1731,760000,2,512,256,5331
3224,1731,760000,2,512,256,5331
3225,1731,760000,2,512,256,5331
3226,1731,760000,2,512,256,5331
3227,1731,760000,2,512,256,5331
3228,1732,760000,2,512,256,5332
3229,1732,760000,2,512,256,5332
3230,1732,760000,2,512,256,5332
3231,1732,760000,2,512,256,5332
3232,1732,760000,2,512,256,5332
3233,1733,760000,2,512,256,5333
3234,1733,760000,2,512,256,5333
3235,1733,760000,2,512,256,5333
3236,1735,760000,2,512,256,5335
3237,1735,760000,2,512,256,5335
3238,1735,760000,2,512,256,5335
3239,1736,760000,2,512,256,5336
3240,1736,760000,2,512,256,5336
3241,1736,760000,2,512,256,5336
3242,1737,760000,2,512,256,5337
3243,1738,760000,2,512,256,5338
3244,1738,760000,2,512,256,5338
3245,1738,760000,2,512,256,5338
3246,1738,760000,2,512,256,5338
3247,1738,760000,2,512,256,5338
3248,1738,760000,2,512,256,5338
3249,1739,760000,2,512,256,5339
3250,1739,760000,2,512,256,5339
3251,1740,760000,2,512,256,5340
3252,1740,760000,2,512,256,5340
3253,1740,760000,2,512,256,5340
3254,1740,760000,2,512,256,5340
3255,1740,760000,2,512,256,5340
3256,1740,760000,2,512,256,5340
3257,1740,760000,2,512,256,5340
3258,1740,760000,2,512,256,5340
3259,1740,760000,2,512,256,5340
3260,1741,760000,2,512,256,5341
3261,1741,760000,2,512,256,5341
3262,1741,760000,2,512,256,5341
3263,1741,760000,2,512,256,5341
3264,1741,760000,2,512,256,5341
3265,1742,760000,2,512,256,5342
3266,1742,760000,2,512,256,5342
3267,1742,760000,2,512,256,5342
3268,1742,760000,2,512,256,5342
3269,1742,760000,2,512,256,5342
3270,1742,760000,2,512,256,5342
3271,1743,760000,2,512,256,5343
3272,1743,760000,2,512,256,5343
3273,1743,760000,2,512,256,5343
3274,1743,760000,2,512,256,5343
3275,1743,760000,2,512,256,5343
3276,1743,760000,2,512,256,5343
3277,1743,760000,2,512,256,5343
3278,1743,760000,2,512,256,5343
3279,1743,760000,2,512,256,5343
3280,1743,760000,2,512,256,5343
3281,1745,760000,2,512,256,5345
3282,1746,760000,2,512,256,5346
3283,1746,760000,2,512,256,5346
3284,1746,760000,2,512,256,5346
3285,1746,760000,2,512,256,5346
3286,1746,760000,2,512,256,5346
3287,1746,760000,2,512,256,5346
3288,1747,760000,2,512,256,5347
3289,1747,760000,2,512,256,5347
3290,1747,760000,2,512,256,5347
3291,1747,760000,2,512,256,5347
3292,1748,760000,2,512,256,5348
3293,1748,760000,2,512,256,5348
3294,1748,760000,2,512,256,5348
3295,1748,760000,2,512,256,5348
3296,1749,760000,2,512,256,5349
3297,1749,760000,2,512,256,5349
3298,1749,760000,2,512,256,5349
3299,1750,760000,2,512,256,5350
3300,1750,760000,2,512,256,5350
3301,1750,760000,2,512,256,5350
3302,1750,760000,2,512,256,5350
3303,1750,760000,2,512,256,5350
3304,1750,760000,2,512,256,5350
3305,1751,760000,2,512,256,5351
3306,1751,760000,2,512,256,5351
3307,1751,760000,2,512,256,5351
3308,1751,760000,2,512,256,5351
3309,1751,760000,2,512,256,5351
3310,1751,760000,2,512,256,5351
3311,1751,760000,2,512,256,5351
3312,1751,760000,2,512,256,5351
3313,1752,760000,2,512,256,5352
3314,1752,760000,2,512,256,5352
3315,1752,760000,2,512,256,5352
3316,1753,760000,2,512,256,5353
3317,1753,760000,2,512,256,5353
3318,1753,760000,2,512,256,5353
3319,1753,760000,2,512,256,5353
3320,1753,760000,2,512,256,5353
3321,1753,760000,2,512,256,5353
3322,1753,760000,2,512,256,5353
3323,1753,760000,2,512,256,5353
3324,1754,760000,2,512,256,5354
3325,1754,760000,2,512,256,5354
3326,1754,760000,2,512,256,5354
3327,1754,760000,2,512,256,5354
3328,1754,760000,2,512,256,5354
3329,1755,760000,2,512,256,5355
3330,1755,760000,2,512,256,5355
3331,1755,760000,2,512,256,5355
3332,1755,760000,2,512,256,5355
3333,1755,760000,2,512,256,5355
3334,1755,760000,2,512,256,5355
3335,1756,760000,2,512,256,5356
3336,1756,760000,2,512,256,5356
3337,1756,760000,2,512,256,5356
3338,1756,760000,2,512,256,5356
3339,1757,760000,2,512,256,5357
3340,1757,760000,2,512,256,5357
3341,1757,760000,2,512,256,5357
3342,1757,760000,2,512,256,5357
3343,1758,760000,2,512,256,5358
3344,1758,760000,2,512,256,5358
3345,1758,760000,2,512,256,5358
3346,1758,760000,2,512,256,5358
3347,1759,760000,2,512,256,5359
3348,1759,760000,2,512,256,5359
3349,1759,760000,2,512,256,5359
3350,1759,760000,2,512,256,5359
3351,1760,760000,2,512,256,5360
3352,1760,760000,2,512,256,5360
3353,1761,760000,2,512,256,5361
3354,1761,760000,2,512,256,5361
3355,1761,760000,2,512,256,5361
3356,1761,760000,2,512,256,5361
3357,1761,760000,2,512,256,5361
3358,1762,760000,2,512,256,5362
3359,1762,760000,2,512,256,5362
3360,1762,760000,2,512,256,5362
3361,1762,760000,2,512,256,5362
3362,1763,760000,2,512,256,5363
3363,1763,760000,2,512,256,5363
3364,1763,760000,2,512,256,5363
3365,1763,760000,2,512,256,5363
3366,1763,760000,2,512,256,5363
3367,1763,760000,2,512,256,5363
3368,1763,760000,2,512,256,5363
3369,1763,760000,2,512,256,5363
3370,1764,760000,2,512,256,5364
3371,1764,760000,2,512,256,5364
3372,1764,760000,2,512,256,5364
3373,1764,760000,2,512,256,5364
3374,1764,760000,2,512,256,5364
3375,1765,760000,2,512,256,5365
3376,1765,760000,2,512,256,5365
3377,1765,760000,2,512,256,5365
3378,1765,760000,2,512,256,5365
3379,1765,760000,2,512,256,5365
3380,1765,760000,2,512,256,5365
3381,1765,760000,2,512,256,5365
3382,1765,760000,2,512,256,5365
3383,1765,760000,2,512,256,5365
3384,1765,760000,2,512,256,5365
3385,1765,760000,2,512,256,5365
3386,1765,760000,2,512,256,5365
3387,1766,760000,2,512,256,5366
3388,1766,760000,2,512,256,5366
3389,1766,760000,2,512,256,5366
3390,1766,760000,2,512,256,5366
3391,1767,760000,2,512,256,5367
3392,1767,760000,2,512,256,5367
3393,1767,760000,2,512,256,5367
3394,1767,760000,2,512,256,5367
3395,1767,760000,2,512,256,5367
3396,1768,760000,2,512,256,5368
3397,1768,760000,2,512,256,5368
3398,1768,760000,2,512,256,5368
3399,1768,760000,2,512,256,5368
3400,1768,760000,2,512,256,5368
3401,1768,760000,2,512,256,5368
3402,1768,760000,2,512,256,5368
3403,1768,760000,2,512,256,5368
3404,1769,760000,2,512,256,5369
3405,1769,760000,2,512,256,5369
3406,1770,760000,2,512,256,5370
3407,1770,760000,2,512,256,5370
3408,1770,760000,2,512,256,5370
3409,1770,760000,2,512,256,5370
3410,1771,760000,2,512,256,5371
3411,1771,760000,2,512,256,5371
3412,1771,760000,2,512,256,5371
3413,1771,760000,2,512,256,5371
3414,1772,760000,2,512,256,5372
3415,1772,760000,2,512,256,5372
3416,1772,760000,2,512,256,5372
3417,1773,760000,2,512,256,5373
3418,1773,760000,2,512,256,5373
3419,1773,760000,2,512,256,5373
3420,1773,760000,2,512,256,5373
3421,1773,760000,2,512,256,5373
3422,1774,760000,2,512,256,5374
3423,1774,760000,2,512,256,5374
3424,1774,760000,2,512,256,5374
3425,1774,760000,2,512,256,5374
3426,1774,760000,2,512,256,5374
3427,1775,760000,2,512,256,5375
3428,1776,760000,2,512,256,5376
3429,1776,760000,2,512,256,5376
3430,1776,760000,2,512,256,5376
3431,1776,760000,2,512,256,5376
3432,1776,760000,2,512,256,5376
3433,1776,760000,2,512,256,5376
3434,1776,760000,2,512,256,5376
3435,1777,760000,2,512,256,5377
3436,1777,760000,2,512,256,5377
3437,1778,760000,2,512,256,5378
3438,1778,760000,2,512,256,5378
3439,1778,760000,2,512,256,5378
3440,1778,760000,2,512,256,5378
3441,1778,760000,2,512,256,5378
3442,1778,760000,2,512,256,5378
3443,1779,760000,2,512,256,5379
3444,1779,760000,2,512,256,5379
3445,1779,760000,2,512,256,5379
3446,1779,760000,2,512,256,5379
3447,1780,760000,2,512,256,5380
3448,1780,760000,2,512,256,5380
3449,1780,760000,2,512,256,5380
3450,1780,760000,2,512,256,5380
3451,1780,760000,2,512,256,5380
3452,1780,760000,2,512,256,5380
3453,1781,760000,2,512,256,5381
3454,1781,760000,2,512,256,5381
3455,1781,760000,2,512,256,5381
3456,1781,760000,2,512,256,5381
3457,1781,760000,2,512,256,5381
3458,1782,760000,2,512,256,5382
3459,1782,760000,2,512,256,5382
3460,1782,760000,2,512,256,5382
3461,1782,760000,2,512,256,5382
3462,1782,760000,2,512,256,5382
3463,1782,760000,2,512,256,5382
3464,1783,760000,2,512,256,5383
3465,1783,760000,2,512,256,5383
3466,1784,760000,2,512,256,5384
3467,1784,760000,2,512,256,5384
3468,1784,760000,2,512,256,5384
3469,1785,760000,2,512,256,5385
3470,1785,760000,2,512,256,5385
3471,1785,760000,2,512,256,5385
3472,1785,760000,2,512,256,5385
3473,1785,760000,2,512,256,5385
3474,1785,760000,2,512,256,5385
3475,1785,760000,2,512,256,5385
3476,1786,760000,2,512,256,5386
3477,1786,760000,2,512,256,5386
3478,1786,760000,2,512,256,5386
3479,1786,760000,2,512,256,5386
3480,1786,760000,2,512,256,5386
3481,1786,760000,2,512,256,5386
3482,1786,760000,2,512,256,5386
3483,1787,760000,2,512,256,5387
3484,1787,760000,2,512,256,5387
3485,1787,760000,2,512,256,5387
3486,1787,760000,2,512,256,5387
3487,1787,760000,2,512,256,5387
3488,1787,760000,2,512,256,5387
3489,1787,760000,2,512,256,5387
3490,1787,760000,2,512,256,5387
3491,1788,760000,2,512,256,5388
3492,1788,760000,2,512,256,5388
3493,1790,760000,2,512,256,5390
3494,1790,760000,2,512,256,5390
3495,1790,760000,2,512,256,5390
3496,1791,760000,2,512,256,5391
3497,1791,760000,2,512,256,5391
3498,1791,760000,2,512,256,5391
3499,1792,760000,2,512,256,5392
3500,1792,760000,2,512,256,5392
3501,1792,760000,2,512,256,5392
3502,1793,760000,2,512,256,5393
3503,1793,760000,2,512,256,5393
3504,1793,760000,2,512,256,5393
3505,1794,760000,2,512,256,5394
3506,1794,760000,2,512,256,5394
3507,1795,760000,2,512,256,5395
3508,1795,760000,2,512,256,5395
3509,1795,760000,2,512,256,5395
3510,1795,760000,2,512,256,5395
3511,1795,760000,2,512,256,5395
3512,1795,760000,2,512,256,5395
3513,1795,760000,2,512,256,5395
3514,1795,760000,2,512,256,5395
3515,1796,760000,2,512,256,5396
3516,1796,760000,2,512,256,5396
3517,1796,760000,2,512,256,5396
3518,1796,760000,2,512,256,5396
3519,1796,760000,2,512,256,5396
3520,1796,760000,2,512,256,5396
3521,1796,760000,2,512,256,5396
3522,1796,760000,2,512,256,5396
3523,1796,760000,2,512,256,5396
3524,1797,760000,2,512,256,5397
3525,1797,760000,2,512,256,5397
3526,1797,760000,2,512,256,5397
3527,1798,760000,2,512,256,5398
3528,1798,760000,2,512,256,5398
3529,1798,760000,2,512,256,5398
3530,1798,760000,2,512,256,5398
3531,1803,760000,2,512,256,5403
3532,1805,760000,2,512,256,5405
3533,1811,760000,2,512,256,5411
3534,1812,760000,2,512,256,5412
3535,1818,760000,2,512,256,5418
3536,1819,760000,2,512,256,5419
3537,1820,760000,2,512,256,5420
3538,1820,760000,2,512,256,5420
3539,1820,760000,2,512,256,5420
3540,1820,760000,2,512,256,5420
3541,1820,760000,2,512,256,5420
3542,1820,760000,2,512,256,5420
3543,1820,760000,2,512,256,5420
3544,1820,760000,2,512,256,5420
3545,1821,760000,2,512,256,5421
3546,1821,760000,2,512,256,5421
3547,1821,760000,2,512,256,5421
3548,1821,760000,2,512,256,5421
3549,1821,760000,2,512,256,5421
3550,1822,760000,2,512,256,5422
3551,1822,760000,2,512,256,5422
3552,1822,760000,2,512,256,5422
3553,1823,760000,2,512,256,5423
3554,1823,760000,2,512,256,5423
3555,1823,760000,2,512,256,5423
3556,1823,760000,2,512,256,5423
3557,1823,760000,2,512,256,5423
3558,1823,760000,2,512,256,5423
3559,1823,760000,2,512,256,5423
3560,1823,760000,2,512,256,5423
3561,1824,760000,2,512,256,5424
3562,1826,760000,2,512,256,5426
3563,1833,760000,2,512,256,5433
3564,1834,760000,2,512,256,5434
3565,1836,760000,2,512,256,5436
3566,1836,760000,2,512,256,5436
3567,1841,760000,2,512,256,5441
3568,1844,760000,2,512,256,5444
3569,1855,760000,2,512,256,5455
3570,1857,760000,2,512,256,5457
3571,1860,760000,2,512,256,5460
3572,1871,760000,2,512,256,5471
3573,1872,760000,2,512,256,5472
3574,1878,760000,2,512,256,5478
3575,1879,760000,2,512,256,5479
3576,1881,760000,2,512,256,5481
3577,1885,760000,2,512,256,5485
3578,1885,760000,2,512,256,5485
3579,1885,760000,2,512,256,5485
3580,1885,760000,2,512,256,5485
3581,1885,760000,2,512,256,5485
3582,1885,760000,2,512,256,5485
3583,1886,760000,2,512,256,5486
3584,1886,760000,2,512,256,5486
3585,1886,760000,2,512,256,5486
3586,1886,760000,2,512,256,5486
3587,1887,760000,2,512,256,5487
3588,1887,760000,2,512,256,5487
3589,1888,760000,2,512,256,5488
3590,1888,760000,2,512,256,5488
3591,1888,760000,2,512,256,5488
3592,1888,760000,2,512,256,5488
3593,1888,760000,2,512,256,5488
3594,1889,760000,2,512,256,5489
3595,1889,760000,2,512,256,5489
3596,1889,760000,2,512,256,5489
3597,1889,760000,2,512,256,5489
3598,1889,760000,2,512,256,5489
3599,1889,760000,2,512,256,5489
3600,1890,760000,2,512,256,5490
3601,1890,760000,2,512,256,5490
3602,1890,760000,2,512,256,5490
3603,1890,760000,2,512,256,5490
3604,1890,760000,2,512,256,5490
3605,1890,760000,2,512,256,5490
3606,1890,760000,2,512,256,5490
3607,1891,760000,2,512,256,5491
3608,1891,760000,2,512,256,5491
3609,1891,760000,2,512,256,5491
3610,1891,760000,2,512,256,5491
3611,1892,760000,2,512,256,5492
3612,1892,760000,2,512,256,5492
3613,1892,760000,2,512,256,5492
3614,1893,760000,2,512,256,5493
3615,1893,760000,2,512,256,5493
3616,1893,760000,2,512,256,5493
3617,1893,760000,2,512,256,5493
3618,1893,760000,2,512,256,5493
3619,1894,760000,2,512,256,5494
3620,1894,760000,2,512,256,5494
3621,1894,760000,2,512,256,5494
3622,1894,760000,2,512,256,5494
3623,1895,760000,2,512,256,5495
3624,1895,760000,2,512,256,5495
3625,1895,760000,2,512,256,5495
3626,1895,760000,2,512,256,5495
3627,1895,760000,2,512,256,5495
3628,1895,760000,2,512,256,5495
3629,1896,760000,2,512,256,5496
3630,1896,760000,2,512,256,5496
3631,1897,760000,2,512,256,5497
3632,1897,760000,2,512,256,5497
3633,1897,760000,2,512,256,5497
3634,1898,760000,2,512,256,5498
3635,1898,760000,2,512,256,5498
3636,1898,760000,2,512,256,5498
3637,1898,760000,2,512,256,5498
3638,1899,760000,2,512,256,5499
3639,1899,760000,2,512,256,5499
3640,1899,760000,2,512,256,5499
3641,1899,760000,2,512,256,5499
3642,1900,760000,2,512,256,5500
3643,1900,760000,2,512,256,5500
3644,1900,760000,2,512,256,5500
3645,1900,760000,2,512,256,5500
3646,1900,760000,2,512,256,5500
3647,1900,760000,2,512,256,5500
3648,1901,760000,2,512,256,5501
3649,1901,760000,2,512,256,5501
3650,1901,760000,2,512,256,5501
3651,1901,760000,2,512,256,5501
3652,1901,760000,2,512,256,5501
3653,1901,760000,2,512,256,5501
3654,1901,760000,2,512,256,5501
3655,1902,760000,2,512,256,5502
3656,1902,760000,2,512,256,5502
3657,1902,760000,2,512,256,5502
3658,1902,760000,2,512,256,5502
3659,1903,760000,2,512,256,5503
3660,1903,760000,2,512,256,5503
3661,1903,760000,2,512,256,5503
3662,1903,760000,2,512,256,5503
3663,1904,760000,2,512,256,5504
3664,1904,760000,2,512,256,5504
3665,1904,760000,2,512,256,5504
3666,1904,760000,2,512,256,5504
3667,1904,760000,2,512,256,5504
3668,1904,760000,2,512,256,5504
3669,1905,760000,2,512,256,5505
3670,1905,760000,2,512,256,5505
3671,1905,760000,2,512,256,5505
3672,1905,760000,2,512,256,5505
3673,1905,760000,2,512,256,5505
3674,1905,760000,2,512,256,5505
3675,1905,760000,2,512,256,5505
3676,1905,760000,2,512,256,5505
3677,1906,760000,2,512,256,5506
3678,1907,760000,2,512,256,5507
3679,1907,760000,2,512,256,5507
3680,1907,760000,2,512,256,5507
3681,1907,760000,2,512,256,5507
3682,1907,760000,2,512,256,5507
3683,1908,760000,2,512,256,5508
3684,1908,760000,2,512,256,5508
3685,1908,760000,2,512,256,5508
3686,1908,760000,2,512,256,5508
3687,1908,760000,2,512,256,5508
3688,1909,760000,2,512,256,5509
3689,1909,760000,2,512,256,5509
3690,1909,760000,2,512,256,5509
3691,1909,760000,2,512,256,5509
3692,1910,760000,2,512,256,5510
3693,1910,760000,2,512,256,5510
3694,1910,760000,2,512,256,5510
3695,1911,760000,2,512,256,5511
3696,1911,760000,2,512,256,5511
3697,1912,760000,2,512,256,5512
3698,1912,760000,2,512,256,5512
3699,1912,760000,2,512,256,5512
3700,1912,760000,2,512,256,5512
3701,1912,760000,2,512,256,5512
3702,1912,760000,2,512,256,5512
3703,1912,760000,2,512,256,5512
3704,1912,760000,2,512,256,5512
3705,1913,760000,2,512,256,5513
3706,1913,760000,2,512,256,5513
3707,1913,760000,2,512,256,5513
3708,1913,760000,2,512,256,5513
3709,1914,760000,2,512,256,5514
3710,1914,760000,2,512,256,5514
3711,1914,760000,2,512,256,5514
3712,1914,760000,2,512,256,5514
3713,1915,760000,2,512,256,5515
3714,1915,760000,2,512,256,5515
3715,1915,760000,2,512,256,5515
3716,1915,760000,2,512,256,5515
3717,1916,760000,2,512,256,5516
3718,1916,760000,2,512,256,5516
3719,1916,760000,2,512,256,5516
3720,1916,760000,2,512,256,5516
3721,1916,760000,2,512,256,5516
3722,1916,760000,2,512,256,5516
3723,1917,760000,2,512,256,5517
3724,1917,760000,2,512,256,5517
3725,1917,760000,2,512,256,5517
3726,1917,760000,2,512,256,5517
3727,1917,760000,2,512,256,5517
3728,1918,760000,2,512,256,5518
3729,1918,760000,2,512,256,5518
3730,1918,760000,2,512,256,5518
3731,1918,760000,2,512,256,5518
3732,1919,760000,2,512,256,5519
3733,1919,760000,2,512,256,5519
3734,1919,760000,2,512,256,5519
3735,1920,760000,2,512,256,5520
3736,1920,760000,2,512,256,5520
3737,1920,760000,2,512,256,5520
3738,1920,760000,2,512,256,5520
3739,1921,760000,2,512,256,5521
3740,1921,760000,2,512,256,5521
3741,1922,760000,2,512,256,5522
3742,1922,760000,2,512,256,5522
3743,1922,760000,2,512,256,5522
3744,1922,760000,2,512,256,5522
3745,1922,760000,2,512,256,5522
3746,1922,760000,2,512,256,5522
3747,1923,760000,2,512,256,5523
3748,1923,760000,2,512,256,5523
3749,1923,760000,2,512,256,5523
3750,1923,760000,2,512,256,5523
3751,1923,760000,2,512,256,5523
3752,1924,760000,2,512,256,5524
3753,1924,760000,2,512,256,5524
3754,1924,760000,2,512,256,5524
3755,1925,760000,2,512,256,5525
3756,1925,760000,2,512,256,5525
3757,1926,760000,2,512,256,5526
3758,1926,760000,2,512,256,5526
3759,1926,760000,2,512,256,5526
3760,1926,760000,2,512,256,5526
3761,1926,760000,2,512,256,5526
3762,1927,760000,2,512,256,5527
3763,1927,760000,2,512,256,5527
3764,1927,760000,2,512,256,5527
3765,1927,760000,2,512,256,5527
3766,1927,760000,2,512,256,5527
3767,1927,760000,2,512,256,5527
3768,1927,760000,2,512,256,5527
3769,1928,760000,2,512,256,5528
3770,1928,760000,2,512,256,5528
3771,1928,760000,2,512,256,5528
3772,1928,760000,2,512,256,5528
3773,1929,760000,2,512,256,5529
3774,1929,760000,2,512,256,5529
3775,1930,760000,2,512,256,5530
3776,1930,760000,2,512,256,5530
3777,1930,760000,2,512,256,5530
3778,1930,760000,2,512,256,5530
3779,1930,760000,2,512,256,5530
3780,1930,760000,2,512,256,5530
3781,1930,760000,2,512,256,5530
3782,1931,760000,2,512,256,5531
3783,1931,760000,2,512,256,5531
3784,1931,760000,2,512,256,5531
3785,1931,760000,2,512,256,5531
3786,1931,760000,2,512,256,5531
3787,1931,760000,2,512,256,5531
3788,1932,760000,2,512,256,5532
3789,1932,760000,2,512,256,5532
3790,1932,760000,2,512,256,5532
3791,1932,760000,2,512,256,5532
3792,1932,760000,2,512,256,5532
3793,1933,760000,2,512,256,5533
3794,1933,760000,2,512,256,5533
3795,1933,760000,2,512,256,5533
3796,1934,760000,2,512,256,5534
3797,1934,760000,2,512,256,5534
3798,1935,760000,2,512,256,5535
3799,1935,760000,2,512,256,5535
3800,1935,760000,2,512,256,5535
3801,1935,760000,2,512,256,5535
3802,1942,760000,2,512,256,5542
3803,1948,760000,2,512,256,5548
3804,1952,760000,2,512,256,5552
3805,1952,760000,2,512,256,5552
3806,1952,760000,2,512,256,5552
3807,1952,760000,2,512,256,5552
3808,1952,760000,2,512,256,5552
3809,1952,760000,2,512,256,5552
3810,1953,760000,2,512,256,5553
3811,1953,760000,2,512,256,5553
3812,1953,760000,2,512,256,5553
3813,1954,760000,2,512,256,5554
3814,1954,760000,2,512,256,5554
3815,1957,760000,2,512,256,5557
3816,1957,760000,2,512,256,5557
3817,1957,760000,2,512,256,5557
3818,1957,760000,2,512,256,5557
3819,1957,760000,2,512,256,5557
3820,1957,760000,2,512,256,5557
3821,1957,760000,2,512,256,5557
3822,1958,760000,2,512,256,5558
3823,1958,760000,2,512,256,5558
3824,1959,760000,2,512,256,5559
3825,1959,760000,2,512,256,5559
3826,1959,760000,2,512,256,5559
3827,1959,760000,2,512,256,5559
3828,1959,760000,2,512,256,5559
3829,1959,760000,2,512,256,5559
3830,1959,760000,2,512,256,5559
3831,1959,760000,2,512,256,5559
3832,1960,760000,2,512,256,5560
3833,1960,760000,2,512,256,5560
3834,1960,760000,2,512,256,5560
3835,1961,760000,2,512,256,5561
3836,1961,760000,2,512,256,5561
3837,1961,760000,2,512,256,5561
3838,1962,760000,2,512,256,5562
3839,1962,760000,2,512,256,5562
3840,1963,760000,2,512,256,5563
3841,1963,760000,2,512,256,5563
3842,1963,760000,2,512,256,5563
3843,1964,760000,2,512,256,5564
3844,1965,760000,2,512,256,5565
3845,1965,760000,2,512,256,5565
3846,1965,760000,2,512,256,5565
3847,1965,760000,2,512,256,5565
3848,1965,760000,2,512,256,5565
3849,1965,760000,2,512,256,5565
3850,1966,760000,2,512,256,5566
3851,1966,760000,2,512,256,5566
3852,1966,760000,2,512,256,5566
3853,1966,760000,2,512,256,5566
3854,1966,760000,2,512,256,5566
3855,1966,760000,2,512,256,5566
3856,1967,760000,2,512,256,5567
3857,1967,760000,2,512,256,5567
3858,1967,760000,2,512,256,5567
3859,1967,760000,2,512,256,5567
3860,1967,760000,2,512,256,5567
3861,1967,760000,2,512,256,5567
3862,1968,760000,2,512,256,5568
3863,1968,760000,2,512,256,5568
3864,1968,760000,2,512,256,5568
3865,1968,760000,2,512,256,5568
3866,1968,760000,2,512,256,5568
3867,1968,760000,2,512,256,5568
3868,1968,760000,2,512,256,5568
3869,1968,760000,2,512,256,5568
3870,1968,760000,2,512,256,5568
3871,1969,760000,2,512,256,5569
3872,1969,760000,2,512,256,5569
3873,1969,760000,2,512,256,5569
3874,1969,760000,2,512,256,5569
3875,1970,760000,2,512,256,5570
3876,1970,760000,2,512,256,5570
3877,1970,760000,2,512,256,5570
3878,1970,760000,2,512,256,5570
3879,1970,760000,2,512,256,5570
3880,1971,760000,2,512,256,5571
3881,1971,760000,2,512,256,5571
3882,1971,760000,2,512,256,5571
3883,1971,760000,2,512,256,5571
3884,1972,760000,2,512,256,5572
3885,1972,760000,2,512,256,5572
3886,1972,760000,2,512,256,5572
3887,1973,760000,2,512,256,5573
3888,1973,760000,2,512,256,5573
3889,1973,760000,2,512,256,5573
3890,1973,760000,2,512,256,5573
3891,1973,760000,2,512,256,5573
3892,1973,760000,2,512,256,5573
3893,1974,760000,2,512,256,5574
3894,1974,760000,2,512,256,5574
3895,1974,760000,2,512,256,5574
3896,1974,760000,2,512,256,5574
3897,1975,760000,2,512,256,5575
3898,1975,760000,2,512,256,5575
3899,1975,760000,2,512,256,5575
3900,1975,760000,2,512,256,5575
3901,1975,760000,2,512,256,5575
3902,1975,760000,2,512,256,5575
3903,1975,760000,2,512,256,5575
3904,1975,760000,2,512,256,5575
3905,1975,760000,2,512,256,5575
3906,1976,760000,2,512,256,5576
3907,1976,760000,2,512,256,5576
3908,1976,760000,2,512,256,5576
3909,1976,760000,2,512,256,5576
3910,1976,760000,2,512,256,5576
3911,1977,760000,2,512,256,5577
3912,1977,760000,2,512,256,5577
3913,1977,760000,2,512,256,5577
3914,1977,760000,2,512,256,5577
3915,1977,760000,2,512,256,5577
3916,1977,760000,2,512,256,5577
3917,1977,760000,2,512,256,5577
3918,1977,760000,2,512,256,5577
3919,1977,760000,2,512,256,5577
3920,1978,760000,2,512,256,5578
3921,1978,760000,2,512,256,5578
3922,1978,760000,2,512,256,5578
3923,1979,760000,2,512,256,5579
3924,1979,760000,2,512,256,5579
3925,1979,760000,2,512,256,5579
3926,1979,760000,2,512,256,5579
3927,1980,760000,2,512,256,5580
3928,1980,760000,2,512,256,5580
3929,1980,760000,2,512,256,5580
3930,1980,760000,2,512,256,5580
3931,1980,760000,2,512,256,5580
3932,1980,760000,2,512,256,5580
3933,1981,760000,2,512,256,5581
3934,1981,760000,2,512,256,5581
3935,1981,760000,2,512,256,5581
3936,1981,760000,2,512,256,5581
3937,1981,760000,2,512,256,5581
3938,1981,760000,2,512,256,5581
3939,1981,760000,2,512,256,5581
3940,1981,760000,2,512,256,5581
3941,1981,760000,2,512,256,5581
3942,1981,760000,2,512,256,5581
3943,1982,760000,2,512,256,5582
3944,1982,760000,2,512,256,5582
3945,1982,760000,2,512,256,5582
3946,1982,760000,2,512,256,5582
3947,1982,760000,2,512,256,5582
3948,1983,760000,2,512,256,5583
3949,1984,760000,2,512,256,5584
3950,1984,760000,2,512,256,5584
3951,1984,760000,2,512,256,5584
3952,1984,760000,2,512,256,5584
3953,1984,760000,2,512,256,5584
3954,1985,760000,2,512,256,5585
3955,1985,760000,2,512,256,5585
3956,1985,760000,2,512,256,5585
3957,1985,760000,2,512,256,5585
3958,1985,760000,2,512,256,5585
3959,1986,760000,2,512,256,5586
3960,1986,760000,2,512,256,5586
3961,1986,760000,2,512,256,5586
3962,1986,760000,2,512,256,5586
3963,1986,760000,2,512,256,5586
3964,1986,760000,2,512,256,5586
3965,1986,760000,2,512,256,5586
3966,1986,760000,2,512,256,5586
3967,1987,760000,2,512,256,5587
3968,1987,760000,2,512,256,5587
3969,1987,760000,2,512,256,5587
3970,1987,760000,2,512,256,5587
3971,1987,760000,2,512,256,5587
3972,1988,760000,2,512,256,5588
3973,1988,760000,2,512,256,5588
3974,1988,760000,2,512,256,5588
3975,1988,760000,2,512,256,5588
3976,1988,760000,2,512,256,5588
3977,1989,760000,2,512,256,5589
3978,1989,760000,2,512,256,5589
3979,1989,760000,2,512,256,5589
3980,1990,760000,2,512,256,5590
3981,1990,760000,2,512,256,5590
3982,1990,760000,2,512,256,5590
3983,1990,760000,2,512,256,5590
3984,1990,760000,2,512,256,5590
3985,1990,760000,2,512,256,5590
3986,1991,760000,2,512,256,5591
3987,1992,760000,2,512,256,5592
3988,1992,760000,2,512,256,5592
3989,1992,760000,2,512,256,5592
3990,1992,760000,2,512,256,5592
3991,1992,760000,2,512,256,5592
3992,1993,760000,2,512,256,5593
3993,1993,760000,2,512,256,5593
3994,1993,760000,2,512,256,5593
3995,1993,760000,2,512,256,5593
3996,1993,760000,2,512,256,5593
3997,1993,760000,2,512,256,5593
3998,1993,760000,2,512,256,5593
3999,1993,760000,2,512,256,5593
4000,1994,760000,2,512,256,5594
4001,1994,760000,2,512,256,5594
4002,1994,760000,2,512,256,5594
4003,1994,760000,2,512,256,5594
4004,1994,760000,2,512,256,5594
4005,1994,760000,2,512,256,5594
4006,1994,760000,2,512,256,5594
4007,1994,760000,2,512,256,5594
4008,1995,760000,2,512,256,5595
4009,1995,760000,2,512,256,5595
4010,1995,760000,2,512,256,5595
4011,1995,760000,2,512,256,5595
4012,1995,760000,2,512,256,5595
4013,1995,760000,2,512,256,5595
4014,1995,760000,2,512,256,5595
4015,1996,760000,2,512,256,5596
4016,1996,760000,2,512,256,5596
4017,1996,760000,2,512,256,5596
4018,1996,760000,2,512,256,5596
4019,1997,760000,2,512,256,5597
4020,1997,760000,2,512,256,5597
4021,1997,760000,2,512,256,5597
4022,1997,760000,2,512,256,5597
4023,1998,760000,2,512,256,5598
4024,1998,760000,2,512,256,5598
4025,1999,760000,2,512,256,5599
4026,1999,760000,2,512,256,5599
4027,2000,760000,2,512,256,5600
4028,2000,760000,2,512,256,5600
4029,2000,760000,2,512,256,5600
4030,2000,760000,2,512,256,5600
4031,2000,760000,2,512,256,5600
4032,2000,760000,2,512,256,5600
4033,2001,760000,2,512,256,5601
4034,2001,760000,2,512,256,5601
4035,2001,760000,2,512,256,5601
4036,2001,760000,2,512,256,5601
4037,2001,760000,2,512,256,5601
4038,2002,760000,2,512,256,5602
4039,2002,760000,2,512,256,5602
4040,2003,760000,2,512,256,5603
4041,2003,760000,2,512,256,5603
4042,2003,760000,2,512,256,5603
4043,2003,760000,2,512,256,5603
4044,2003,760000,2,512,256,5603
4045,2003,760000,2,512,256,5603
4046,2004,760000,2,512,256,5604
4047,2004,760000,2,512,256,5604
4048,2005,760000,2,512,256,5605
4049,2005,760000,2,512,256,5605
4050,2005,760000,2,512,256,5605
4051,2005,760000,2,512,256,5605
4052,2005,760000,2,512,256,5605
4053,2005,760000,2,512,256,5605
4054,2005,760000,2,512,256,5605
4055,2006,760000,2,512,256,5606
4056,2006,760000,2,512,256,5606
4057,2006,760000,2,512,256,5606
4058,2007,760000,2,512,256,5607
4059,2007,760000,2,512,256,5607
4060,2007,760000,2,512,256,5607
4061,2007,760000,2,512,256,5607
4062,2007,760000,2,512,256,5607
4063,2008,760000,2,512,256,5608
4064,2008,760000,2,512,256,5608
4065,2008,760000,2,512,256,5608
4066,2008,760000,2,512,256,5608
4067,2008,760000,2,512,256,5608
4068,2008,760000,2,512,256,5608
4069,2008,760000,2,512,256,5608
4070,2009,760000,2,512,256,5609
4071,2009,760000,2,512,256,5609
4072,2009,760000,2,512,256,5609
4073,2009,760000,2,512,256,5609
4074,2009,760000,2,512,256,5609
4075,2009,760000,2,512,256,5609
4076,2010,760000,2,512,256,5610
4077,2010,760000,2,512,256,5610
4078,2011,760000,2,512,256,5611
4079,2011,760000,2,512,256,5611
4080,2011,760000,2,512,256,5611
4081,2011,760000,2,512,256,5611
4082,2012,760000,2,512,256,5612
4083,2012,760000,2,512,256,5612
4084,2012,760000,2,512,256,5612
4085,2013,760000,2,512,256,5613
4086,2013,760000,2,512,256,5613
4087,2013,760000,2,512,256,5613
4088,2014,760000,2,512,256,5614
4089,2014,760000,2,512,256,5614
4090,2014,760000,2,512,256,5614
4091,2014,760000,2,512,256,5614
4092,2014,760000,2,512,256,5614
4093,2014,760000,2,512,256,5614
4094,2014,760000,2,512,256,5614
4095,2015,760000,2,512,256,5615
4096,2016,760000,2,512,256,5616
4097,2016,760000,2,512,256,5616
4098,2016,760000,2,512,256,5616
4099,2016,760000,2,512,256,5616
4100,2016,760000,2,512,256,5616
4101,2016,760000,2,512,256,5616
4102,2016,760000,2,512,256,5616
4103,2016,760000,2,512,256,5616
4104,2017,760000,2,512,256,5617
4105,2017,760000,2,512,256,5617
4106,2017,760000,2,512,256,5617
4107,2017,760000,2,512,256,5617
4108,2017,760000,2,512,256,5617
4109,2017,760000,2,512,256,5617
4110,2017,760000,2,512,256,5617
4111,2017,760000,2,512,256,5617
4112,2017,760000,2,512,256,5617
4113,2017,760000,2,512,256,5617
4114,2017,760000,2,512,256,5617
4115,2018,760000,2,512,256,5618
4116,2018,760000,2,512,256,5618
4117,2018,760000,2,512,256,5618
4118,2018,760000,2,512,256,5618
4119,2018,760000,2,512,256,5618
4120,2019,760000,2,512,256,5619
4121,2019,760000,2,512,256,5619
4122,2019,760000,2,512,256,5619
4123,2019,760000,2,512,256,5619
4124,2020,760000,2,512,256,5620
4125,2020,760000,2,512,256,5620
4126,2020,760000,2,512,256,5620
4127,2020,760000,2,512,256,5620
4128,2020,760000,2,512,256,5620
4129,2020,760000,2,512,256,5620
4130,2020,760000,2,512,256,5620
4131,2020,760000,2,512,256,5620
4132,2021,760000,2,512,256,5621
4133,2021,760000,2,512,256,5621
4134,2021,760000,2,512,256,5621
4135,2021,760000,2,512,256,5621
4136,2021,760000,2,512,256,5621
4137,2021,760000,2,512,256,5621
4138,2022,760000,2,512,256,5622
4139,2022,760000,2,512,256,5622
4140,2022,760000,2,512,256,5622
4141,2022,760000,2,512,256,5622
4142,2022,760000,2,512,256,5622
4143,2022,760000,2,512,256,5622
4144,2022,760000,2,512,256,5622
4145,2023,760000,2,512,256,5623
4146,2023,760000,2,512,256,5623
4147,2023,760000,2,512,256,5623
4148,2023,760000,2,512,256,5623
4149,2023,760000,2,512,256,5623
4150,2023,760000,2,512,256,5623
4151,2023,760000,2,512,256,5623
4152,2024,760000,2,512,256,5624
4153,2024,760000,2,512,256,5624
4154,2024,760000,2,512,256,5624
4155,2024,760000,2,512,256,5624
4156,2025,760000,2,512,256,5625
4157,2025,760000,2,512,256,5625
4158,2025,760000,2,512,256,5625
4159,2026,760000,2,512,256,5626
4160,2026,760000,2,512,256,5626
4161,2026,760000,2,512,256,5626
4162,2027,760000,2,512,256,5627
4163,2027,760000,2,512,256,5627
4164,2027,760000,2,512,256,5627
4165,2028,760000,2,512,256,5628
4166,2028,760000,2,512,256,5628
4167,2028,760000,2,512,256,5628
4168,2028,760000,2,512,256,5628
4169,2028,760000,2,512,256,5628
4170,2028,760000,2,512,256,5628
4171,2029,760000,2,512,256,5629
4172,2029,760000,2,512,256,5629
4173,2030,760000,2,512,256,5630
4174,2030,760000,2,512,256,5630
4175,2030,760000,2,512,256,5630
4176,2030,760000,2,512,256,5630
4177,2030,760000,2,512,256,5630
4178,2032,760000,2,512,256,5632
4179,2032,760000,2,512,256,5632
4180,2033,760000,2,512,256,5633
4181,2033,760000,2,512,256,5633
4182,2033,760000,2,512,256,5633
4183,2033,760000,2,512,256,5633
4184,2033,760000,2,512,256,5633
4185,2033,760000,2,512,256,5633
4186,2034,760000,2,512,256,5634
4187,2034,760000,2,512,256,5634
4188,2034,760000,2,512,256,5634
4189,2035,760000,2,512,256,5635
4190,2035,760000,2,512,256,5635
4191,2036,760000,2,512,256,5636
4192,2036,760000,2,512,256,5636
4193,2036,760000,2,512,256,5636
4194,2036,760000,2,512,256,5636
4195,2036,760000,2,512,256,5636
4196,2036,760000,2,512,256,5636
4197,2037,760000,2,512,256,5637
4198,2037,760000,2,512,256,5637
4199,2037,760000,2,512,256,5637
4200,2037,760000,2,512,256,5637
4201,2037,760000,2,512,256,5637
4202,2038,760000,2,512,256,5638
4203,2038,760000,2,512,256,5638
4204,2038,760000,2,512,256,5638
4205,2038,760000,2,512,256,5638
4206,2038,760000,2,512,256,5638
4207,2038,760000,2,512,256,5638
4208,2038,760000,2,512,256,5638
4209,2038,760000,2,512,256,5638
4210,2039,760000,2,512,256,5639
4211,2039,760000,2,512,256,5639
4212,2039,760000,2,512,256,5639
4213,2039,760000,2,512,256,5639
4214,2039,760000,2,512,256,5639
4215,2039,760000,2,512,256,5639
4216,2039,760000,2,512,256,5639
4217,2039,760000,2,512,256,5639
4218,2039,760000,2,512,256,5639
4219,2039,760000,2,512,256,5639
4220,2039,760000,2,512,256,5639
4221,2040,760000,2,512,256,5640
4222,2040,760000,2,512,256,5640
4223,2040,760000,2,512,256,5640
4224,2040,760000,2,512,256,5640
4225,2040,760000,2,512,256,5640
4226,2041,760000,2,512,256,5641
4227,2041,760000,2,512,256,5641
4228,2041,760000,2,512,256,5641
4229,2041,760000,2,512,256,5641
4230,2042,760000,2,512,256,5642
4231,2042,760000,2,512,256,5642
4232,2042,760000,2,512,256,5642
4233,2043,760000,2,512,256,5643
4234,2043,760000,2,512,256,5643
4235,2043,760000,2,512,256,5643
4236,2044,760000,2,512,256,5644
4237,2044,760000,2,512,256,5644
4238,2044,760000,2,512,256,5644
4239,2044,760000,2,512,256,5644
4240,2044,760000,2,512,256,5644
4241,2044,760000,2,512,256,5644
4242,2045,760000,2,512,256,5645
4243,2045,760000,2,512,256,5645
4244,2045,760000,2,512,256,5645
4245,2045,760000,2,512,256,5645
4246,2045,760000,2,512,256,5645
4247,2046,760000,2,512,256,5646
4248,2046,760000,2,512,256,5646
4249,2046,760000,2,512,256,5646
4250,2046,760000,2,512,256,5646
4251,2046,760000,2,512,256,5646
4252,2046,760000,2,512,256,5646
4253,2046,760000,2,512,256,5646
4254,2046,760000,2,512,256,5646
4255,2046,760000,2,512,256,5646
4256,2047,760000,2,512,256,5647
4257,2047,760000,2,512,256,5647
4258,2047,760000,2,512,256,5647
4259,2047,760000,2,512,256,5647
4260,2047,760000,2,512,256,5647
4261,2048,760000,2,512,256,5648
4262,2048,760000,2,512,256,5648
4263,2048,760000,2,512,256,5648
4264,2048,760000,2,512,256,5648
4265,2049,760000,2,512,256,5649
4266,2049,760000,2,512,256,5649
4267,2049,760000,2,512,256,5649
4268,2050,760000,2,512,256,5650
4269,2050,760000,2,512,256,5650
4270,2050,760000,2,512,256,5650
4271,2050,760000,2,512,256,5650
4272,2050,760000,2,512,256,5650
4273,2050,760000,2,512,256,5650
4274,2051,760000,2,512,256,5651
4275,2051,760000,2,512,256,5651
4276,2051,760000,2,512,256,5651
4277,2051,760000,2,512,256,5651
4278,2052,760000,2,512,256,5652
4279,2052,760000,2,512,256,5652
4280,2052,760000,2,512,256,5652
4281,2052,760000,2,512,256,5652
4282,2053,760000,2,512,256,5653
4283,2053,760000,2,512,256,5653
4284,2053,760000,2,512,256,5653
4285,2053,760000,2,512,256,5653
4286,2053,760000,2,512,256,5653
4287,2053,760000,2,512,256,5653
4288,2054,760000,2,512,256,5654
4289,2054,760000,2,512,256,5654
4290,2054,760000,2,512,256,5654
4291,2054,760000,2,512,256,5654
4292,2054,760000,2,512,256,5654
4293,2054,760000,2,512,256,5654
4294,2054,760000,2,512,256,5654
4295,2054,760000,2,512,256,5654
4296,2055,760000,2,512,256,5655
4297,2056,760000,2,512,256,5656
4298,2056,760000,2,512,256,5656
4299,2056,760000,2,512,256,5656
4300,2056,760000,2,512,256,5656
4301,2056,760000,2,512,256,5656
4302,2057,760000,2,512,256,5657
4303,2057,760000,2,512,256,5657
4304,2057,760000,2,512,256,5657
4305,2057,760000,2,512,256,5657
4306,2057,760000,2,512,256,5657
4307,2058,760000,2,512,256,5658
4308,2058,760000,2,512,256,5658
4309,2058,760000,2,512,256,5658
4310,2058,760000,2,512,256,5658
4311,2058,760000,2,512,256,5658
4312,2058,760000,2,512,256,5658
4313,2058,760000,2,512,256,5658
4314,2058,760000,2,512,256,5658
4315,2059,760000,2,512,256,5659
4316,2059,760000,2,512,256,5659
4317,2059,760000,2,512,256,5659
4318,2059,760000,2,512,256,5659
4319,2060,760000,2,512,256,5660
4320,2060,760000,2,512,256,5660
4321,2061,760000,2,512,256,5661
4322,2061,760000,2,512,256,5661
4323,2061,760000,2,512,256,5661
4324,2061,760000,2,512,256,5661
4325,2062,760000,2,512,256,5662
4326,2062,760000,2,512,256,5662
4327,2062,760000,2,512,256,5662
4328,2062,760000,2,512,256,5662
4329,2063,760000,2,512,256,5663
4330,2063,760000,2,512,256,5663
4331,2063,760000,2,512,256,5663
4332,2063,760000,2,512,256,5663
4333,2063,760000,2,512,256,5663
4334,2063,760000,2,512,256,5663
4335,2063,760000,2,512,256,5663
4336,2064,760000,2,512,256,5664
4337,2064,760000,2,512,256,5664
4338,2064,760000,2,512,256,5664
4339,2064,760000,2,512,256,5664
4340,2064,760000,2,512,256,5664
4341,2065,760000,2,512,256,5665
4342,2065,760000,2,512,256,5665
4343,2065,760000,2,512,256,5665
4344,2066,760000,2,512,256,5666
4345,2066,760000,2,512,256,5666
4346,2066,760000,2,512,256,5666
4347,2066,760000,2,512,256,5666
4348,2067,760000,2,512,256,5667
4349,2067,760000,2,512,256,5667
4350,2068,760000,2,512,256,5668
4351,2068,760000,2,512,256,5668
4352,2068,760000,2,512,256,5668
4353,2068,760000,2,512,256,5668
4354,2069,760000,2,512,256,5669
4355,2070,760000,2,512,256,5670
4356,2070,760000,2,512,256,5670
4357,2070,760000,2,512,256,5670
4358,2070,760000,2,512,256,5670
4359,2070,760000,2,512,256,5670
4360,2071,760000,2,512,256,5671
4361,2071,760000,2,512,256,5671
4362,2071,760000,2,512,256,5671
4363,2071,760000,2,512,256,5671
4364,2071,760000,2,512,256,5671
4365,2071,760000,2,512,256,5671
4366,2072,760000,2,512,256,5672
4367,2072,760000,2,512,256,5672
4368,2072,760000,2,512,256,5672
4369,2072,760000,2,512,256,5672
4370,2072,760000,2,512,256,5672
4371,2073,760000,2,512,256,5673
4372,2073,760000,2,512,256,5673
4373,2073,760000,2,512,256,5673
4374,2075,760000,2,512,256,5675
4375,2075,760000,2,512,256,5675
4376,2075,760000,2,512,256,5675
4377,2075,760000,2,512,256,5675
4378,2076,760000,2,512,256,5676
4379,2076,760000,2,512,256,5676
4380,2076,760000,2,512,256,5676
4381,2076,760000,2,512,256,5676
4382,2076,760000,2,512,256,5676
4383,2076,760000,2,512,256,5676
4384,2076,760000,2,512,256,5676
4385,2077,760000,2,512,256,5677
4386,2077,760000,2,512,256,5677
4387,2077,760000,2,512,256,5677
4388,2078,760000,2,512,256,5678
4389,2078,760000,2,512,256,5678
4390,2078,760000,2,512,256,5678
4391,2078,760000,2,512,256,5678
4392,2079,760000,2,512,256,5679
4393,2079,760000,2,512,256,5679
4394,2079,760000,2,512,256,5679
4395,2079,760000,2,512,256,5679
4396,2079,760000,2,512,256,5679
4397,2080,760000,2,512,256,5680
4398,2080,760000,2,512,256,5680
4399,2080,760000,2,512,256,5680
4400,2080,760000,2,512,256,5680
4401,2080,760000,2,512,256,5680
4402,2080,760000,2,512,256,5680
4403,2081,760000,2,512,256,5681
4404,2082,760000,2,512,256,5682
4405,2082,760000,2,512,256,5682
4406,2082,760000,2,512,256,5682
4407,2082,760000,2,512,256,5682
4408,2082,760000,2,512,256,5682
4409,2082,760000,2,512,256,5682
4410,2082,760000,2,512,256,5682
4411,2082,760000,2,512,256,5682
4412,2082,760000,2,512,256,5682
4413,2083,760000,2,512,256,5683
4414,2083,760000,2,512,256,5683
4415,2083,760000,2,512,256,5683
4416,2083,760000,2,512,256,5683
4417,2084,760000,2,512,256,5684
4418,2084,760000,2,512,256,5684
4419,2084,760000,2,512,256,5684
4420,2084,760000,2,512,256,5684
4421,2084,760000,2,512,256,5684
4422,2085,760000,2,512,256,5685
4423,2085,760000,2,512,256,5685
4424,2085,760000,2,512,256,5685
4425,2085,760000,2,512,256,5685
4426,2085,760000,2,512,256,5685
4427,2085,760000,2,512,256,5685
4428,2086,760000,2,512,256,5686
4429,2086,760000,2,512,256,5686
4430,2086,760000,2,512,256,5686
4431,2086,760000,2,512,256,5686
4432,2086,760000,2,512,256,5686
4433,2087,760000,2,512,256,5687
4434,2087,760000,2,512,256,5687
4435,2087,760000,2,512,256,5687
4436,2087,760000,2,512,256,5687
4437,2087,760000,2,512,256,5687
4438,2088,760000,2,512,256,5688
4439,2088,760000,2,512,256,5688
4440,2088,760000,2,512,256,5688
4441,2088,760000,2,512,256,5688
4442,2088,760000,2,512,256,5688
4443,2088,760000,2,512,256,5688
4444,2088,760000,2,512,256,5688
4445,2089,760000,2,512,256,5689
4446,2089,760000,2,512,256,5689
4447,2089,760000,2,512,256,5689
4448,2089,760000,2,512,256,5689
4449,2089,760000,2,512,256,5689
4450,2090,760000,2,512,256,5690
4451,2090,760000,2,512,256,5690
4452,2090,760000,2,512,256,5690
4453,2090,760000,2,512,256,5690
4454,2091,760000,2,512,256,5691
4455,2091,760000,2,512,256,5691
4456,2091,760000,2,512,256,5691
4457,2091,760000,2,512,256,5691
4458,2091,760000,2,512,256,5691
4459,2091,760000,2,512,256,5691
4460,2091,760000,2,512,256,5691
4461,2091,760000,2,512,256,5691
4462,2091,760000,2,512,256,5691
4463,2092,760000,2,512,256,5692
4464,2092,760000,2,512,256,5692
4465,2092,760000,2,512,256,5692
4466,2092,760000,2,512,256,5692
4467,2092,760000,2,512,256,5692
4468,2092,760000,2,512,256,5692
4469,2092,760000,2,512,256,5692
4470,2092,760000,2,512,256,5692
4471,2093,760000,2,512,256,5693
4472,2093,760000,2,512,256,5693
4473,2093,760000,2,512,256,5693
4474,2093,760000,2,512,256,5693
4475,2093,760000,2,512,256,5693
4476,2093,760000,2,512,256,5693
4477,2093,760000,2,512,256,5693
4478,2093,760000,2,512,256,5693
4479,2093,760000,2,512,256,5693
4480,2094,760000,2,512,256,5694
4481,2094,760000,2,512,256,5694
4482,2094,760000,2,512,256,5694
4483,2094,760000,2,512,256,5694
4484,2095,760000,2,512,256,5695
4485,2095,760000,2,512,256,5695
4486,2095,760000,2,512,256,5695
4487,2095,760000,2,512,256,5695
4488,2095,760000,2,512,256,5695
4489,2095,760000,2,512,256,5695
4490,2096,760000,2,512,256,5696
4491,2096,760000,2,512,256,5696
4492,2096,760000,2,512,256,5696
4493,2097,760000,2,512,256,5697
4494,2097,760000,2,512,256,5697
4495,2097,760000,2,512,256,5697
4496,2097,760000,2,512,256,5697
4497,2097,760000,2,512,256,5697
4498,2097,760000,2,512,256,5697
4499,2097,760000,2,512,256,5697
4500,2097,760000,2,512,256,5697
4501,2098,760000,2,512,256,5698
4502,2098,760000,2,512,256,5698
4503,2098,760000,2,512,256,5698
4504,2099,760000,2,512,256,5699
4505,2099,760000,2,512,256,5699
4506,2099,760000,2,512,256,5699
4507,2099,760000,2,512,256,5699
4508,2099,760000,2,512,256,5699
4509,2100,760000,2,512,256,5700
4510,2100,760000,2,512,256,5700
4511,2100,760000,2,512,256,5700
4512,2100,760000,2,512,256,5700
4513,2100,760000,2,512,256,5700
4514,2101,760000,2,512,256,5701
4515,2101,760000,2,512,256,5701
4516,2101,760000,2,512,256,5701
4517,2101,760000,2,512,256,5701
4518,2102,760000,2,512,256,5702
4519,2102,760000,2,512,256,5702
4520,2102,760000,2,512,256,5702
4521,2102,760000,2,512,256,5702
4522,2102,760000,2,512,256,5702
4523,2102,760000,2,512,256,5702
4524,2102,760000,2,512,256,5702
4525,2102,760000,2,512,256,5702
4526,2103,760000,2,512,256,5703
4527,2103,760000,2,512,256,5703
4528,2103,760000,2,512,256,5703
4529,2103,760000,2,512,256,5703
4530,2103,760000,2,512,256,5703
4531,2103,760000,2,512,256,5703
4532,2104,760000,2,512,256,5704
4533,2104,760000,2,512,256,5704
4534,2104,760000,2,512,256,5704
4535,2104,760000,2,512,256,5704
4536,2105,760000,2,512,256,5705
4537,2105,760000,2,512,256,5705
4538,2105,760000,2,512,256,5705
4539,2105,760000,2,512,256,5705
4540,2106,760000,2,512,256,5706
4541,2106,760000,2,512,256,5706
4542,2106,760000,2,512,256,5706
4543,2106,760000,2,512,256,5706
4544,2107,760000,2,512,256,5707
4545,2107,760000,2,512,256,5707
4546,2107,760000,2,512,256,5707
4547,2108,760000,2,512,256,5708
4548,2108,760000,2,512,256,5708
4549,2108,760000,2,512,256,5708
4550,2108,760000,2,512,256,5708
4551,2108,760000,2,512,256,5708
4552,2108,760000,2,512,256,5708
4553,2108,760000,2,512,256,5708
4554,2109,760000,2,512,256,5709
4555,2109,760000,2,512,256,5709
4556,2109,760000,2,512,256,5709
4557,2109,760000,2,512,256,5709
4558,2109,760000,2,512,256,5709
4559,2109,760000,2,512,256,5709
4560,2110,760000,2,512,256,5710
4561,2110,760000,2,512,256,5710
4562,2110,760000,2,512,256,5710
4563,2110,760000,2,512,256,5710
4564,2111,760000,2,512,256,5711
4565,2111,760000,2,512,256,5711
4566,2112,760000,2,512,256,5712
4567,2112,760000,2,512,256,5712
4568,2112,760000,2,512,256,5712
4569,2112,760000,2,512,256,5712
4570,2113,760000,2,512,256,5713
4571,2113,760000,2,512,256,5713
4572,2113,760000,2,512,256,5713
4573,2113,760000,2,512,256,5713
4574,2113,760000,2,512,256,5713
4575,2113,760000,2,512,256,5713
4576,2113,760000,2,512,256,5713
4577,2114,760000,2,512,256,5714
4578,2114,760000,2,512,256,5714
4579,2114,760000,2,512,256,5714
4580,2114,760000,2,512,256,5714
4581,2114,760000,2,512,256,5714
4582,2114,760000,2,512,256,5714
4583,2115,760000,2,512,256,5715
4584,2115,760000,2,512,256,5715
4585,2115,760000,2,512,256,5715
4586,2115,760000,2,512,256,5715
4587,2115,760000,2,512,256,5715
4588,2116,760000,2,512,256,5716
4589,2116,760000,2,512,256,5716
4590,2116,760000,2,512,256,5716
4591,2116,760000,2,512,256,5716
4592,2117,760000,2,512,256,5717
4593,2117,760000,2,512,256,5717
4594,2117,760000,2,512,256,5717
4595,2117,760000,2,512,256,5717
4596,2117,760000,2,512,256,5717
4597,2117,760000,2,512,256,5717
4598,2118,760000,2,512,256,5718
4599,2118,760000,2,512,256,5718
4600,2118,760000,2,512,256,5718
4601,2118,760000,2,512,256,5718
4602,2118,760000,2,512,256,5718
4603,2118,760000,2,512,256,5718
4604,2118,760000,2,512,256,5718
4605,2118,760000,2,512,256,5718
4606,2119,760000,2,512,256,5719
4607,2119,760000,2,512,256,5719
4608,2119,760000,2,512,256,5719
4609,2119,760000,2,512,256,5719
4610,2119,760000,2,512,256,5719
4611,2120,760000,2,512,256,5720
4612,2120,760000,2,512,256,5720
4613,2120,760000,2,512,256,5720
4614,2120,760000,2,512,256,5720
4615,2121,760000,2,512,256,5721
4616,2122,760000,2,512,256,5722
4617,2122,760000,2,512,256,5722
4618,2122,760000,2,512,256,5722
4619,2122,760000,2,512,256,5722
4620,2122,760000,2,512,256,5722
4621,2123,760000,2,512,256,5723
4622,2123,760000,2,512,256,5723
4623,2123,760000,2,512,256,5723
4624,2123,760000,2,512,256,5723
4625,2124,760000,2,512,256,5724
4626,2124,760000,2,512,256,5724
4627,2124,760000,2,512,256,5724
4628,2124,760000,2,512,256,5724
4629,2124,760000,2,512,256,5724
4630,2124,760000,2,512,256,5724
4631,2124,760000,2,512,256,5724
4632,2124,760000,2,512,256,5724
4633,2124,760000,2,512,256,5724
4634,2125,760000,2,512,256,5725
4635,2125,760000,2,512,256,5725
4636,2125,760000,2,512,256,5725
4637,2125,760000,2,512,256,5725
4638,2125,760000,2,512,256,5725
4639,2126,760000,2,512,256,5726
4640,2126,760000,2,512,256,5726
4641,2126,760000,2,512,256,5726
4642,2126,760000,2,512,256,5726
4643,2127,760000,2,512,256,5727
4644,2127,760000,2,512,256,5727
4645,2127,760000,2,512,256,5727
4646,2127,760000,2,512,256,5727
4647,2127,760000,2,512,256,5727
4648,2128,760000,2,512,256,5728
4649,2128,760000,2,512,256,5728
4650,2128,760000,2,512,256,5728
4651,2128,760000,2,512,256,5728
4652,2129,760000,2,512,256,5729
4653,2129,760000,2,512,256,5729
4654,2129,760000,2,512,256,5729
4655,2129,760000,2,512,256,5729
4656,2129,760000,2,512,256,5729
4657,2131,760000,2,512,256,5731
4658,2131,760000,2,512,256,5731
4659,2131,760000,2,512,256,5731
4660,2131,760000,2,512,256,5731
4661,2132,760000,2,512,256,5732
4662,2132,760000,2,512,256,5732
4663,2132,760000,2,512,256,5732
4664,2132,760000,2,512,256,5732
4665,2132,760000,2,512,256,5732
4666,2132,760000,2,512,256,5732
4667,2133,760000,2,512,256,5733
4668,2133,760000,2,512,256,5733
4669,2133,760000,2,512,256,5733
4670,2133,760000,2,512,256,5733
4671,2134,760000,2,512,256,5734
4672,2134,760000,2,512,256,5734
4673,2134,760000,2,512,256,5734
4674,2134,760000,2,512,256,5734
4675,2134,760000,2,512,256,5734
4676,2134,760000,2,512,256,5734
4677,2134,760000,2,512,256,5734
4678,2134,760000,2,512,256,5734
4679,2135,760000,2,512,256,5735
4680,2135,760000,2,512,256,5735
4681,2135,760000,2,512,256,5735
4682,2135,760000,2,512,256,5735
4683,2135,760000,2,512,256,5735
4684,2135,760000,2,512,256,5735
4685,2136,760000,2,512,256,5736
4686,2136,760000,2,512,256,5736
4687,2136,760000,2,512,256,5736
4688,2136,760000,2,512,256,5736
4689,2137,760000,2,512,256,5737
4690,2137,760000,2,512,256,5737
4691,2137,760000,2,512,256,5737
4692,2137,760000,2,512,256,5737
4693,2138,760000,2,512,256,5738
4694,2138,760000,2,512,256,5738
4695,2138,760000,2,512,256,5738
4696,2139,760000,2,512,256,5739
4697,2139,760000,2,512,256,5739
4698,2139,760000,2,512,256,5739
4699,2139,760000,2,512,256,5739
4700,2140,760000,2,512,256,5740
4701,2140,760000,2,512,256,5740
4702,2140,760000,2,512,256,5740
4703,2140,760000,2,512,256,5740
4704,2140,760000,2,512,256,5740
4705,2141,760000,2,512,256,5741
4706,2141,760000,2,512,256,5741
4707,2141,760000,2,512,256,5741
4708,2141,760000,2,512,256,5741
4709,2141,760000,2,512,256,5741
4710,2141,760000,2,512,256,5741
4711,2141,760000,2,512,256,5741
4712,2141,760000,2,512,256,5741
4713,2142,760000,2,512,256,5742
4714,2142,760000,2,512,256,5742
4715,2142,760000,2,512,256,5742
4716,2142,760000,2,512,256,5742
4717,2142,760000,2,512,256,5742
4718,2142,760000,2,512,256,5742
4719,2143,760000,2,512,256,5743
4720,2143,760000,2,512,256,5743
4721,2143,760000,2,512,256,5743
4722,2143,760000,2,512,256,5743
4723,2143,760000,2,512,256,5743
4724,2143,760000,2,512,256,5743
4725,2143,760000,2,512,256,5743
4726,2143,760000,2,512,256,5743
4727,2144,760000,2,512,256,5744
4728,2144,760000,2,512,256,5744
4729,2145,760000,2,512,256,5745
4730,2145,760000,2,512,256,5745
4731,2145,760000,2,512,256,5745
4732,2145,760000,2,512,256,5745
4733,2145,760000,2,512,256,5745
4734,2145,760000,2,512,256,5745
4735,2145,760000,2,512,256,5745
4736,2145,760000,2,512,256,5745
4737,2145,760000,2,512,256,5745
4738,2145,760000,2,512,256,5745
4739,2145,760000,2,512,256,5745
4740,2146,760000,2,512,256,5746
4741,2146,760000,2,512,256,5746
4742,2146,760000,2,512,256,5746
4743,2147,760000,2,512,256,5747
4744,2147,760000,2,512,256,5747
4745,2147,760000,2,512,256,5747
4746,2147,760000,2,512,256,5747
4747,2147,760000,2,512,256,5747
4748,2147,760000,2,512,256,5747
4749,2147,760000,2,512,256,5747
4750,2148,760000,2,512,256,5748
4751,2148,760000,2,512,256,5748
4752,2149,760000,2,512,256,5749
4753,2149,760000,2,512,256,5749
4754,2149,760000,2,512,256,5749
4755,2149,760000,2,512,256,5749
4756,2149,760000,2,512,256,5749
4757,2149,760000,2,512,256,5749
4758,2150,760000,2,512,256,5750
4759,2150,760000,2,512,256,5750
4760,2150,760000,2,512,256,5750
4761,2150,760000,2,512,256,5750
4762,2151,760000,2,512,256,5751
4763,2151,760000,2,512,256,5751
4764,2151,760000,2,512,256,5751
4765,2151,760000,2,512,256,5751
4766,2151,760000,2,512,256,5751
4767,2151,760000,2,512,256,5751
4768,2151,760000,2,512,256,5751
4769,2151,760000,2,512,256,5751
4770,2152,760000,2,512,256,5752
4771,2152,760000,2,512,256,5752
4772,2153,760000,2,512,256,5753
4773,2154,760000,2,512,256,5754
4774,2154,760000,2,512,256,5754
4775,2154,760000,2,512,256,5754
4776,2154,760000,2,512,256,5754
4777,2154,760000,2,512,256,5754
4778,2154,760000,2,512,256,5754
4779,2155,760000,2,512,256,5755
4780,2155,760000,2,512,256,5755
4781,2155,760000,2,512,256,5755
4782,2155,760000,2,512,256,5755
4783,2155,760000,2,512,256,5755
4784,2156,760000,2,512,256,5756
4785,2156,760000,2,512,256,5756
4786,2156,760000,2,512,256,5756
4787,2156,760000,2,512,256,5756
4788,2156,760000,2,512,256,5756
4789,2157,760000,2,512,256,5757
4790,2157,760000,2,512,256,5757
4791,2157,760000,2,512,256,5757
4792,2157,760000,2,512,256,5757
4793,2157,760000,2,512,256,5757
4794,2158,760000,2,512,256,5758
4795,2158,760000,2,512,256,5758
4796,2158,760000,2,512,256,5758
4797,2159,760000,2,512,256,5759
4798,2159,760000,2,512,256,5759
4799,2159,760000,2,512,256,5759
4800,2159,760000,2,512,256,5759
4801,2159,760000,2,512,256,5759
4802,2160,760000,2,512,256,5760
4803,2160,760000,2,512,256,5760
4804,2160,760000,2,512,256,5760
4805,2160,760000,2,512,256,5760
4806,2160,760000,2,512,256,5760
4807,2161,760000,2,512,256,5761
4808,2161,760000,2,512,256,5761
4809,2161,760000,2,512,256,5761
4810,2161,760000,2,512,256,5761
4811,2161,760000,2,512,256,5761
4812,2162,760000,2,512,256,5762
4813,2162,760000,2,512,256,5762
4814,2162,760000,2,512,256,5762
4815,2162,760000,2,512,256,5762
4816,2162,760000,2,512,256,5762
4817,2163,760000,2,512,256,5763
4818,2163,760000,2,512,256,5763
4819,2164,760000,2,512,256,5764
4820,2164,760000,2,512,256,5764
4821,2164,760000,2,512,256,5764
4822,2165,760000,2,512,256,5765
4823,2165,760000,2,512,256,5765
4824,2165,760000,2,512,256,5765
4825,2165,760000,2,512,256,5765
4826,2165,760000,2,512,256,5765
4827,2166,760000,2,512,256,5766
4828,2166,760000,2,512,256,5766
4829,2166,760000,2,512,256,5766
4830,2166,760000,2,512,256,5766
4831,2167,760000,2,512,256,5767
4832,2167,760000,2,512,256,5767
4833,2167,760000,2,512,256,5767
4834,2167,760000,2,512,256,5767
4835,2167,760000,2,512,256,5767
4836,2167,760000,2,512,256,5767
4837,2167,760000,2,512,256,5767
4838,2168,760000,2,512,256,5768
4839,2168,760000,2,512,256,5768
4840,2169,760000,2,512,256,5769
4841,2169,760000,2,512,256,5769
4842,2169,760000,2,512,256,5769
4843,2169,760000,2,512,256,5769
4844,2170,760000,2,512,256,5770
4845,2170,760000,2,512,256,5770
4846,2170,760000,2,512,256,5770
4847,2170,760000,2,512,256,5770
4848,2170,760000,2,512,256,5770
4849,2170,760000,2,512,256,5770
4850,2170,760000,2,512,256,5770
4851,2171,760000,2,512,256,5771
4852,2171,760000,2,512,256,5771
4853,2171,760000,2,512,256,5771
4854,2172,760000,2,512,256,5772
4855,2172,760000,2,512,256,5772
4856,2172,760000,2,512,256,5772
4857,2172,760000,2,512,256,5772
4858,2173,760000,2,512,256,5773
4859,2173,760000,2,512,256,5773
4860,2173,760000,2,512,256,5773
4861,2173,760000,2,512,256,5773
4862,2173,760000,2,512,256,5773
4863,2173,760000,2,512,256,5773
4864,2173,760000,2,512,256,5773
4865,2174,760000,2,512,256,5774
4866,2174,760000,2,512,256,5774
4867,2174,760000,2,512,256,5774
4868,2174,760000,2,512,256,5774
4869,2174,760000,2,512,256,5774
4870,2174,760000,2,512,256,5774
4871,2175,760000,2,512,256,5775
4872,2175,760000,2,512,256,5775
4873,2175,760000,2,512,256,5775
4874,2175,760000,2,512,256,5775
4875,2176,760000,2,512,256,5776
4876,2176,760000,2,512,256,5776
4877,2176,760000,2,512,256,5776
4878,2176,760000,2,512,256,5776
4879,2176,760000,2,512,256,5776
4880,2176,760000,2,512,256,5776
4881,2176,760000,2,512,256,5776
4882,2176,760000,2,512,256,5776
4883,2177,760000,2,512,256,5777
4884,2177,760000,2,512,256,5777
4885,2178,760000,2,512,256,5778
4886,2178,760000,2,512,256,5778
4887,2178,760000,2,512,256,5778
4888,2179,760000,2,512,256,5779
4889,2179,760000,2,512,256,5779
4890,2180,760000,2,512,256,5780
4891,2180,760000,2,512,256,5780
4892,2180,760000,2,512,256,5780
4893,2180,760000,2,512,256,5780
4894,2180,760000,2,512,256,5780
4895,2181,760000,2,512,256,5781
4896,2181,760000,2,512,256,5781
4897,2181,760000,2,512,256,5781
4898,2181,760000,2,512,256,5781
4899,2181,760000,2,512,256,5781
4900,2181,760000,2,512,256,5781
4901,2181,760000,2,512,256,5781
4902,2181,760000,2,512,256,5781
4903,2181,760000,2,512,256,5781
4904,2181,760000,2,512,256,5781
4905,2182,760000,2,512,256,5782
4906,2182,760000,2,512,256,5782
4907,2182,760000,2,512,256,5782
4908,2182,760000,2,512,256,5782
4909,2182,760000,2,512,256,5782
4910,2182,760000,2,512,256,5782
4911,2182,760000,2,512,256,5782
4912,2183,760000,2,512,256,5783
4913,2183,760000,2,512,256,5783
4914,2183,760000,2,512,256,5783
4915,2184,760000,2,512,256,5784
4916,2184,760000,2,512,256,5784
4917,2184,760000,2,512,256,5784
4918,2184,760000,2,512,256,5784
4919,2184,760000,2,512,256,5784
4920,2185,760000,2,512,256,5785
4921,2185,760000,2,512,256,5785
4922,2186,760000,2,512,256,5786
4923,2186,760000,2,512,256,5786
4924,2186,760000,2,512,256,5786
4925,2186,760000,2,512,256,5786
4926,2186,760000,2,512,256,5786
4927,2186,760000,2,512,256,5786
4928,2187,760000,2,512,256,5787
4929,2187,760000,2,512,256,5787
4930,2187,760000,2,512,256,5787
4931,2187,760000,2,512,256,5787
4932,2187,760000,2,512,256,5787
4933,2187,760000,2,512,256,5787
4934,2187,760000,2,512,256,5787
4935,2187,760000,2,512,256,5787
4936,2188,760000,2,512,256,5788
4937,2188,760000,2,512,256,5788
4938,2188,760000,2,512,256,5788
4939,2188,760000,2,512,256,5788
4940,2188,760000,2,512,256,5788
4941,2188,760000,2,512,256,5788
4942,2188,760000,2,512,256,5788
4943,2188,760000,2,512,256,5788
4944,2189,760000,2,512,256,5789
4945,2189,760000,2,512,256,5789
4946,2189,760000,2,512,256,5789
4947,2190,760000,2,512,256,5790
4948,2190,760000,2,512,256,5790
4949,2190,760000,2,512,256,5790
4950,2190,760000,2,512,256,5790
4951,2190,760000,2,512,256,5790
4952,2191,760000,2,512,256,5791
4953,2191,760000,2,512,256,5791
4954,2191,760000,2,512,256,5791
4955,2192,760000,2,512,256,5792
4956,2192,760000,2,512,256,5792
4957,2192,760000,2,512,256,5792
4958,2193,760000,2,512,256,5793
4959,2193,760000,2,512,256,5793
4960,2194,760000,2,512,256,5794
4961,2194,760000,2,512,256,5794
4962,2194,760000,2,512,256,5794
4963,2194,760000,2,512,256,5794
4964,2194,760000,2,512,256,5794
4965,2195,760000,2,512,256,5795
4966,2195,760000,2,512,256,5795
4967,2195,760000,2,512,256,5795
4968,2195,760000,2,512,256,5795
4969,2195,760000,2,512,256,5795
4970,2195,760000,2,512,256,5795
4971,2195,760000,2,512,256,5795
4972,2197,760000,2,512,256,5797
4973,2197,760000,2,512,256,5797
4974,2197,760000,2,512,256,5797
4975,2197,760000,2,512,256,5797
4976,2197,760000,2,512,256,5797
4977,2198,760000,2,512,256,5798
4978,2198,760000,2,512,256,5798
4979,2198,760000,2,512,256,5798
4980,2198,760000,2,512,256,5798
4981,2198,760000,2,512,256,5798
4982,2198,760000,2,512,256,5798
4983,2198,760000,2,512,256,5798
4984,2199,760000,2,512,256,5799
4985,2199,760000,2,512,256,5799
4986,2199,760000,2,512,256,5799
4987,2199,760000,2,512,256,5799
4988,2199,760000,2,512,256,5799
4989,2199,760000,2,512,256,5799
4990,2199,760000,2,512,256,5799
4991,2199,760000,2,512,256,5799
4992,2200,760000,2,512,256,5800
4993,2200,760000,2,512,256,5800
4994,2200,760000,2,512,256,5800
4995,2201,760000,2,512,256,5801
4996,2201,760000,2,512,256,5801
4997,2201,760000,2,512,256,5801
4998,2201,760000,2,512,256,5801
4999,2201,760000,2,512,256,5801
5000,2202,760000,2,512,256,5802
5001,2202,760000,2,512,256,5802
5002,2202,760000,2,512,256,5802
5003,2202,760000,2,512,256,5802
5004,2202,760000,2,512,256,5802
5005,2203,760000,2,512,256,5803
5006,2203,760000,2,512,256,5803
5007,2203,760000,2,512,256,5803
5008,2203,760000,2,512,256,5803
5009,2203,760000,2,512,256,5803
5010,2204,760000,2,512,256,5804
5011,2204,760000,2,512,256,5804
5012,2204,760000,2,512,256,5804
5013,2204,760000,2,512,256,5804
5014,2204,760000,2,512,256,5804
5015,2205,760000,2,512,256,5805
5016,2205,760000,2,512,256,5805
5017,2205,760000,2,512,256,5805
5018,2206,760000,2,512,256,5806
5019,2206,760000,2,512,256,5806
5020,2206,760000,2,512,256,5806
5021,2206,760000,2,512,256,5806
5022,2206,760000,2,512,256,5806
5023,2207,760000,2,512,256,5807
5024,2207,760000,2,512,256,5807
5025,2207,760000,2,512,256,5807
5026,2207,760000,2,512,256,5807
5027,2207,760000,2,512,256,5807
5028,2207,760000,2,512,256,5807
5029,2207,760000,2,512,256,5807
5030,2208,760000,2,512,256,5808
5031,2208,760000,2,512,256,5808
5032,2208,760000,2,512,256,5808
5033,2209,760000,2,512,256,5809
5034,2209,760000,2,512,256,5809
5035,2209,760000,2,512,256,5809
5036,2209,760000,2,512,256,5809
5037,2210,760000,2,512,256,5810
5038,2210,760000,2,512,256,5810
5039,2210,760000,2,512,256,5810
5040,2210,760000,2,512,256,5810
5041,2211,760000,2,512,256,5811
5042,2211,760000,2,512,256,5811
5043,2211,760000,2,512,256,5811
5044,2211,760000,2,512,256,5811
5045,2212,760000,2,512,256,5812
5046,2212,760000,2,512,256,5812
5047,2212,760000,2,512,256,5812
5048,2212,760000,2,512,256,5812
5049,2213,760000,2,512,256,5813
5050,2213,760000,2,512,256,5813
5051,2213,760000,2,512,256,5813
5052,2213,760000,2,512,256,5813
5053,2214,760000,2,512,256,5814
5054,2214,760000,2,512,256,5814
5055,2214,760000,2,512,256,5814
5056,2214,760000,2,512,256,5814
5057,2214,760000,2,512,256,5814
5058,2214,760000,2,512,256,5814
5059,2215,760000,2,512,256,5815
5060,2215,760000,2,512,256,5815
5061,2215,760000,2,512,256,5815
5062,2215,760000,2,512,256,5815
5063,2215,760000,2,512,256,5815
5064,2215,760000,2,512,256,5815
5065,2215,760000,2,512,256,5815
5066,2216,760000,2,512,256,5816
5067,2216,760000,2,512,256,5816
5068,2216,760000,2,512,256,5816
5069,2216,760000,2,512,256,5816
5070,2217,760000,2,512,256,5817
5071,2217,760000,2,512,256,5817
5072,2217,760000,2,512,256,5817
5073,2218,760000,2,512,256,5818
5074,2218,760000,2,512,256,5818
5075,2218,760000,2,512,256,5818
5076,2218,760000,2,512,256,5818
5077,2218,760000,2,512,256,5818
5078,2218,760000,2,512,256,5818
5079,2219,760000,2,512,256,5819
5080,2219,760000,2,512,256,5819
5081,2219,760000,2,512,256,5819
5082,2219,760000,2,512,256,5819
5083,2219,760000,2,512,256,5819
5084,2219,760000,2,512,256,5819
5085,2219,760000,2,512,256,5819
5086,2219,760000,2,512,256,5819
5087,2219,760000,2,512,256,5819
5088,2219,760000,2,512,256,5819
5089,2220,760000,2,512,256,5820
5090,2220,760000,2,512,256,5820
5091,2220,760000,2,512,256,5820
5092,2221,760000,2,512,256,5821
5093,2221,760000,2,512,256,5821
5094,2221,760000,2,512,256,5821
5095,2221,760000,2,512,256,5821
5096,2221,760000,2,512,256,5821
5097,2222,760000,2,512,256,5822
5098,2222,760000,2,512,256,5822
5099,2222,760000,2,512,256,5822
5100,2222,760000,2,512,256,5822
5101,2222,760000,2,512,256,5822
5102,2222,760000,2,512,256,5822
5103,2223,760000,2,512,256,5823
5104,2224,760000,2,512,256,5824
5105,2224,760000,2,512,256,5824
5106,2224,760000,2,512,256,5824
5107,2224,760000,2,512,256,5824
5108,2225,760000,2,512,256,5825
5109,2225,760000,2,512,256,5825
5110,2225,760000,2,512,256,5825
5111,2226,760000,2,512,256,5826
5112,2226,760000,2,512,256,5826
5113,2226,760000,2,512,256,5826
5114,2227,760000,2,512,256,5827
5115,2228,760000,2,512,256,5828
5116,2228,760000,2,512,256,5828
5117,2228,760000,2,512,256,5828
5118,2228,760000,2,512,256,5828
5119,2228,760000,2,512,256,5828
5120,2229,760000,2,512,256,5829
5121,2229,760000,2,512,256,5829
5122,2229,760000,2,512,256,5829
5123,2229,760000,2,512,256,5829
5124,2229,760000,2,512,256,5829
5125,2230,760000,2,512,256,5830
5126,2230,760000,2,512,256,5830
5127,2230,760000,2,512,256,5830
5128,2230,760000,2,512,256,5830
5129,2230,760000,2,512,256,5830
5130,2230,760000,2,512,256,5830
5131,2230,760000,2,512,256,5830
5132,2231,760000,2,512,256,5831
5133,2231,760000,2,512,256,5831
5134,2231,760000,2,512,256,5831
5135,2231,760000,2,512,256,5831
5136,2231,760000,2,512,256,5831
5137,2232,760000,2,512,256,5832
5138,2232,760000,2,512,256,5832
5139,2232,760000,2,512,256,5832
5140,2232,760000,2,512,256,5832
5141,2232,760000,2,512,256,5832
5142,2232,760000,2,512,256,5832
5143,2232,760000,2,512,256,5832
5144,2232,760000,2,512,256,5832
5145,2232,760000,2,512,256,5832
5146,2232,760000,2,512,256,5832
5147,2233,760000,2,512,256,5833
5148,2233,760000,2,512,256,5833
5149,2234,760000,2,512,256,5834
5150,2234,760000,2,512,256,5834
5151,2234,760000,2,512,256,5834
5152,2234,760000,2,512,256,5834
5153,2234,760000,2,512,256,5834
5154,2234,760000,2,512,256,5834
5155,2234,760000,2,512,256,5834
5156,2234,760000,2,512,256,5834
5157,2235,760000,2,512,256,5835
5158,2235,760000,2,512,256,5835
5159,2235,760000,2,512,256,5835
5160,2235,760000,2,512,256,5835
5161,2235,760000,2,512,256,5835
5162,2236,760000,2,512,256,5836
5163,2236,760000,2,512,256,5836
5164,2237,760000,2,512,256,5837
5165,2237,760000,2,512,256,5837
5166,2237,760000,2,512,256,5837
5167,2238,760000,2,512,256,5838
5168,2238,760000,2,512,256,5838
5169,2238,760000,2,512,256,5838
5170,2238,760000,2,512,256,5838
5171,2238,760000,2,512,256,5838
5172,2238,760000,2,512,256,5838
5173,2238,760000,2,512,256,5838
5174,2238,760000,2,512,256,5838
5175,2239,760000,2,512,256,5839
5176,2239,760000,2,512,256,5839
5177,2239,760000,2,512,256,5839
5178,2239,760000,2,512,256,5839
5179,2239,760000,2,512,256,5839
5180,2239,760000,2,512,256,5839
5181,2239,760000,2,512,256,5839
5182,2240,760000,2,512,256,5840
5183,2240,760000,2,512,256,5840
5184,2240,760000,2,512,256,5840
5185,2240,760000,2,512,256,5840
5186,2240,760000,2,512,256,5840
5187,2240,760000,2,512,256,5840
5188,2241,760000,2,512,256,5841
5189,2242,760000,2,512,256,5842
5190,2242,760000,2,512,256,5842
5191,2242,760000,2,512,256,5842
5192,2242,760000,2,512,256,5842
5193,2242,760000,2,512,256,5842
5194,2242,760000,2,512,256,5842
5195,2242,760000,2,512,256,5842
5196,2243,760000,2,512,256,5843
5197,2243,760000,2,512,256,5843
5198,2243,760000,2,512,256,5843
5199,2243,760000,2,512,256,5843
5200,2244,760000,2,512,256,5844
5201,2244,760000,2,512,256,5844
5202,2244,760000,2,512,256,5844
5203,2244,760000,2,512,256,5844
5204,2244,760000,2,512,256,5844
5205,2244,760000,2,512,256,5844
5206,2244,760000,2,512,256,5844
5207,2245,760000,2,512,256,5845
5208,2245,760000,2,512,256,5845
5209,2245,760000,2,512,256,5845
5210,2245,760000,2,512,256,5845
5211,2245,760000,2,512,256,5845
5212,2245,760000,2,512,256,5845
5213,2245,760000,2,512,256,5845
5214,2246,760000,2,512,256,5846
5215,2246,760000,2,512,256,5846
5216,2247,760000,2,512,256,5847
5217,2247,760000,2,512,256,5847
5218,2247,760000,2,512,256,5847
5219,2248,760000,2,512,256,5848
5220,2248,760000,2,512,256,5848
5221,2248,760000,2,512,256,5848
5222,2248,760000,2,512,256,5848
5223,2248,760000,2,512,256,5848
5224,2249,760000,2,512,256,5849
5225,2249,760000,2,512,256,5849
5226,2249,760000,2,512,256,5849
5227,2249,760000,2,512,256,5849
5228,2249,760000,2,512,256,5849
5229,2249,760000,2,512,256,5849
5230,2250,760000,2,512,256,5850
5231,2250,760000,2,512,256,5850
5232,2250,760000,2,512,256,5850
5233,2251,760000,2,512,256,5851
5234,2251,760000,2,512,256,5851
5235,2251,760000,2,512,256,5851
5236,2251,760000,2,512,256,5851
5237,2252,760000,2,512,256,5852
5238,2252,760000,2,512,256,5852
5239,2252,760000,2,512,256,5852
5240,2252,760000,2,512,256,5852
5241,2252,760000,2,512,256,5852
5242,2253,760000,2,512,256,5853
5243,2253,760000,2,512,256,5853
5244,2253,760000,2,512,256,5853
5245,2254,760000,2,512,256,5854
5246,2254,760000,2,512,256,5854
5247,2255,760000,2,512,256,5855
5248,2255,760000,2,512,256,5855
5249,2256,760000,2,512,256,5856
5250,2256,760000,2,512,256,5856
5251,2256,760000,2,512,256,5856
5252,2256,760000,2,512,256,5856
5253,2256,760000,2,512,256,5856
5254,2256,760000,2,512,256,5856
5255,2257,760000,2,512,256,5857
5256,2257,760000,2,512,256,5857
5257,2257,760000,2,512,256,5857
5258,2257,760000,2,512,256,5857
5259,2257,760000,2,512,256,5857
5260,2258,760000,2,512,256,5858
5261,2258,760000,2,512,256,5858
5262,2258,760000,2,512,256,5858
5263,2258,760000,2,512,256,5858
5264,2258,760000,2,512,256,5858
5265,2259,760000,2,512,256,5859
5266,2259,760000,2,512,256,5859
5267,2259,760000,2,512,256,5859
5268,2259,760000,2,512,256,5859
5269,2259,760000,2,512,256,5859
5270,2259,760000,2,512,256,5859
5271,2259,760000,2,512,256,5859
5272,2259,760000,2,512,256,5859
5273,2260,760000,2,512,256,5860
5274,2260,760000,2,512,256,5860
5275,2260,760000,2,512,256,5860
5276,2261,760000,2,512,256,5861
5277,2261,760000,2,512,256,5861
5278,2262,760000,2,512,256,5862
5279,2262,760000,2,512,256,5862
5280,2263,760000,2,512,256,5863
5281,2263,760000,2,512,256,5863
5282,2264,760000,2,512,256,5864
5283,2264,760000,2,512,256,5864
5284,2264,760000,2,512,256,5864
5285,2264,760000,2,512,256,5864
5286,2264,760000,2,512,256,5864
5287,2264,760000,2,512,256,5864
5288,2264,760000,2,512,256,5864
5289,2264,760000,2,512,256,5864
5290,2264,760000,2,512,256,5864
5291,2265,760000,2,512,256,5865
5292,2265,760000,2,512,256,5865
5293,2265,760000,2,512,256,5865
5294,2265,760000,2,512,256,5865
5295,2265,760000,2,512,256,5865
5296,2265,760000,2,512,256,5865
5297,2266,760000,2,512,256,5866
5298,2266,760000,2,512,256,5866
5299,2266,760000,2,512,256,5866
5300,2266,760000,2,512,256,5866
5301,2267,760000,2,512,256,5867
5302,2267,760000,2,512,256,5867
5303,2267,760000,2,512,256,5867
5304,2267,760000,2,512,256,5867
5305,2267,760000,2,512,256,5867
5306,2268,760000,2,512,256,5868
5307,2268,760000,2,512,256,5868
5308,2268,760000,2,512,256,5868
5309,2268,760000,2,512,256,5868
5310,2268,760000,2,512,256,5868
5311,2268,760000,2,512,256,5868
5312,2268,760000,2,512,256,5868
5313,2268,760000,2,512,256,5868
5314,2269,760000,2,512,256,5869
5315,2269,760000,2,512,256,5869
5316,2269,760000,2,512,256,5869
5317,2269,760000,2,512,256,5869
5318,2269,760000,2,512,256,5869
5319,2270,760000,2,512,256,5870
5320,2270,760000,2,512,256,5870
5321,2270,760000,2,512,256,5870
5322,2270,760000,2,512,256,5870
5323,2270,760000,2,512,256,5870
5324,2270,760000,2,512,256,5870
5325,2270,760000,2,512,256,5870
5326,2271,760000,2,512,256,5871
5327,2271,760000,2,512,256,5871
5328,2271,760000,2,512,256,5871
5329,2271,760000,2,512,256,5871
5330,2272,760000,2,512,256,5872
5331,2272,760000,2,512,256,5872
5332,2272,760000,2,512,256,5872
5333,2272,760000,2,512,256,5872
5334,2273,760000,2,512,256,5873
5335,2273,760000,2,512,256,5873
5336,2274,760000,2,512,256,5874
5337,2274,760000,2,512,256,5874
5338,2274,760000,2,512,256,5874
5339,2274,760000,2,512,256,5874
5340,2274,760000,2,512,256,5874
5341,2274,760000,2,512,256,5874
5342,2274,760000,2,512,256,5874
5343,2274,760000,2,512,256,5874
5344,2274,760000,2,512,256,5874
5345,2274,760000,2,512,256,5874
5346,2275,760000,2,512,256,5875
5347,2275,760000,2,512,256,5875
5348,2275,760000,2,512,256,5875
5349,2276,760000,2,512,256,5876
5350,2276,760000,2,512,256,5876
5351,2276,760000,2,512,256,5876
5352,2277,760000,2,512,256,5877
5353,2277,760000,2,512,256,5877
5354,2278,760000,2,512,256,5878
5355,2278,760000,2,512,256,5878
5356,2279,760000,2,512,256,5879
5357,2279,760000,2,512,256,5879
5358,2279,760000,2,512,256,5879
5359,2279,760000,2,512,256,5879
5360,2279,760000,2,512,256,5879
5361,2279,760000,2,512,256,5879
5362,2280,760000,2,512,256,5880
5363,2280,760000,2,512,256,5880
5364,2280,760000,2,512,256,5880
5365,2281,760000,2,512,256,5881
5366,2281,760000,2,512,256,5881
5367,2281,760000,2,512,256,5881
5368,2282,760000,2,512,256,5882
5369,2282,760000,2,512,256,5882
5370,2282,760000,2,512,256,5882
5371,2282,760000,2,512,256,5882
5372,2283,760000,2,512,256,5883
5373,2283,760000,2,512,256,5883
5374,2283,760000,2,512,256,5883
5375,2283,760000,2,512,256,5883
5376,2283,760000,2,512,256,5883
5377,2284,760000,2,512,256,5884
5378,2284,760000,2,512,256,5884
5379,2284,760000,2,512,256,5884
5380,2284,760000,2,512,256,5884
5381,2285,760000,2,512,256,5885
5382,2285,760000,2,512,256,5885
5383,2285,760000,2,512,256,5885
5384,2286,760000,2,512,256,5886
5385,2286,760000,2,512,256,5886
5386,2286,760000,2,512,256,5886
5387,2286,760000,2,512,256,5886
5388,2287,760000,2,512,256,5887
5389,2287,760000,2,512,256,5887
5390,2287,760000,2,512,256,5887
5391,2289,760000,2,512,256,5889
5392,2289,760000,2,512,256,5889
5393,2289,760000,2,512,256,5889
5394,2289,760000,2,512,256,5889
5395,2290,760000,2,512,256,5890
5396,2290,760000,2,512,256,5890
5397,2290,760000,2,512,256,5890
5398,2290,760000,2,512,256,5890
5399,2290,760000,2,512,256,5890
5400,2290,760000,2,512,256,5890
5401,2291,760000,2,512,256,5891
5402,2291,760000,2,512,256,5891
5403,2291,760000,2,512,256,5891
5404,2291,760000,2,512,256,5891
5405,2291,760000,2,512,256,5891
5406,2291,760000,2,512,256,5891
5407,2292,760000,2,512,256,5892
5408,2292,760000,2,512,256,5892
5409,2292,760000,2,512,256,5892
5410,2292,760000,2,512,256,5892
5411,2293,760000,2,512,256,5893
5412,2293,760000,2,512,256,5893
5413,2293,760000,2,512,256,5893
5414,2294,760000,2,512,256,5894
5415,2294,760000,2,512,256,5894
5416,2294,760000,2,512,256,5894
5417,2294,760000,2,512,256,5894
5418,2294,760000,2,512,256,5894
5419,2294,760000,2,512,256,5894
5420,2294,760000,2,512,256,5894
5421,2294,760000,2,512,256,5894
5422,2294,760000,2,512,256,5894
5423,2295,760000,2,512,256,5895
5424,2295,760000,2,512,256,5895
5425,2295,760000,2,512,256,5895
5426,2296,760000,2,512,256,5896
5427,2296,760000,2,512,256,5896
5428,2296,760000,2,512,256,5896
5429,2296,760000,2,512,256,5896
5430,2296,760000,2,512,256,5896
5431,2296,760000,2,512,256,5896
5432,2296,760000,2,512,256,5896
5433,2296,760000,2,512,256,5896
5434,2296,760000,2,512,256,5896
5435,2297,760000,2,512,256,5897
5436,2297,760000,2,512,256,5897
5437,2297,760000,2,512,256,5897
5438,2297,760000,2,512,256,5897
5439,2299,760000,2,512,256,5899
5440,2299,760000,2,512,256,5899
5441,2299,760000,2,512,256,5899
5442,2299,760000,2,512,256,5899
5443,2299,760000,2,512,256,5899
5444,2299,760000,2,512,256,5899
5445,2299,760000,2,512,256,5899
5446,2300,760000,2,512,256,5900
5447,2300,760000,2,512,256,5900
5448,2300,760000,2,512,256,5900
5449,2300,760000,2,512,256,5900
5450,2300,760000,2,512,256,5900
5451,2300,760000,2,512,256,5900
5452,2300,760000,2,512,256,5900
5453,2301,760000,2,512,256,5901
5454,2301,760000,2,512,256,5901
5455,2301,760000,2,512,256,5901
5456,2302,760000,2,512,256,5902
5457,2302,760000,2,512,256,5902
5458,2302,760000,2,512,256,5902
5459,2302,760000,2,512,256,5902
5460,2302,760000,2,512,256,5902
5461,2302,760000,2,512,256,5902
5462,2302,760000,2,512,256,5902
5463,2303,760000,2,512,256,5903
5464,2304,760000,2,512,256,5904
5465,2304,760000,2,512,256,5904
5466,2304,760000,2,512,256,5904
5467,2304,760000,2,512,256,5904
5468,2305,760000,2,512,256,5905
5469,2305,760000,2,512,256,5905
5470,2305,760000,2,512,256,5905
5471,2305,760000,2,512,256,5905
5472,2305,760000,2,512,256,5905
5473,2305,760000,2,512,256,5905
5474,2305,760000,2,512,256,5905
5475,2305,760000,2,512,256,5905
5476,2305,760000,2,512,256,5905
5477,2306,760000,2,512,256,5906
5478,2306,760000,2,512,256,5906
5479,2306,760000,2,512,256,5906
5480,2306,760000,2,512,256,5906
5481,2306,760000,2,512,256,5906
5482,2307,760000,2,512,256,5907
5483,2307,760000,2,512,256,5907
5484,2307,760000,2,512,256,5907
5485,2308,760000,2,512,256,5908
5486,2308,760000,2,512,256,5908
5487,2308,760000,2,512,256,5908
5488,2308,760000,2,512,256,5908
5489,2308,760000,2,512,256,5908
5490,2309,760000,2,512,256,5909
5491,2309,760000,2,512,256,5909
5492,2309,760000,2,512,256,5909
5493,2310,760000,2,512,256,5910
5494,2310,760000,2,512,256,5910
5495,2310,760000,2,512,256,5910
5496,2310,760000,2,512,256,5910
5497,2310,760000,2,512,256,5910
5498,2310,760000,2,512,256,5910
5499,2311,760000,2,512,256,5911
5500,2311,760000,2,512,256,5911
5501,2311,760000,2,512,256,5911
5502,2311,760000,2,512,256,5911
5503,2312,760000,2,512,256,5912
5504,2312,760000,2,512,256,5912
5505,2313,760000,2,512,256,5913
5506,2314,760000,2,512,256,5914
5507,2314,760000,2,512,256,5914
5508,2314,760000,2,512,256,5914
5509,2314,760000,2,512,256,5914
5510,2315,760000,2,512,256,5915
5511,2315,760000,2,512,256,5915
5512,2315,760000,2,512,256,5915
5513,2315,760000,2,512,256,5915
5514,2315,760000,2,512,256,5915
5515,2315,760000,2,512,256,5915
5516,2316,760000,2,512,256,5916
5517,2316,760000,2,512,256,5916
5518,2316,760000,2,512,256,5916
5519,2316,760000,2,512,256,5916
5520,2316,760000,2,512,256,5916
5521,2316,760000,2,512,256,5916
5522,2316,760000,2,512,256,5916
5523,2317,760000,2,512,256,5917
5524,2317,760000,2,512,256,5917
5525,2317,760000,2,512,256,5917
5526,2317,760000,2,512,256,5917
5527,2317,760000,2,512,256,5917
5528,2317,760000,2,512,256,5917
5529,2317,760000,2,512,256,5917
5530,2317,760000,2,512,256,5917
5531,2317,760000,2,512,256,5917
5532,2317,760000,2,512,256,5917
5533,2317,760000,2,512,256,5917
5534,2318,760000,2,512,256,5918
5535,2318,760000,2,512,256,5918
5536,2318,760000,2,512,256,5918
5537,2318,760000,2,512,256,5918
5538,2319,760000,2,512,256,5919
5539,2319,760000,2,512,256,5919
5540,2319,760000,2,512,256,5919
5541,2319,760000,2,512,256,5919
5542,2319,760000,2,512,256,5919
5543,2319,760000,2,512,256,5919
5544,2320,760000,2,512,256,5920
5545,2320,760000,2,512,256,5920
5546,2320,760000,2,512,256,5920
5547,2320,760000,2,512,256,5920
5548,2321,760000,2,512,256,5921
5549,2321,760000,2,512,256,5921
5550,2321,760000,2,512,256,5921
5551,2321,760000,2,512,256,5921
5552,2322,760000,2,512,256,5922
5553,2322,760000,2,512,256,5922
5554,2323,760000,2,512,256,5923
5555,2323,760000,2,512,256,5923
5556,2323,760000,2,512,256,5923
5557,2323,760000,2,512,256,5923
5558,2323,760000,2,512,256,5923
5559,2323,760000,2,512,256,5923
5560,2323,760000,2,512,256,5923
5561,2323,760000,2,512,256,5923
5562,2323,760000,2,512,256,5923
5563,2324,760000,2,512,256,5924
5564,2324,760000,2,512,256,5924
5565,2324,760000,2,512,256,5924
5566,2324,760000,2,512,256,5924
5567,2324,760000,2,512,256,5924
5568,2324,760000,2,512,256,5924
5569,2324,760000,2,512,256,5924
5570,2324,760000,2,512,256,5924
5571,2324,760000,2,512,256,5924
5572,2325,760000,2,512,256,5925
5573,2325,760000,2,512,256,5925
5574,2325,760000,2,512,256,5925
5575,2326,760000,2,512,256,5926
5576,2326,760000,2,512,256,5926
5577,2326,760000,2,512,256,5926
5578,2326,760000,2,512,256,5926
5579,2326,760000,2,512,256,5926
5580,2327,760000,2,512,256,5927
5581,2327,760000,2,512,256,5927
5582,2327,760000,2,512,256,5927
5583,2327,760000,2,512,256,5927
5584,2328,760000,2,512,256,5928
5585,2328,760000,2,512,256,5928
5586,2328,760000,2,512,256,5928
5587,2328,760000,2,512,256,5928
5588,2328,760000,2,512,256,5928
5589,2329,760000,2,512,256,5929
5590,2329,760000,2,512,256,5929
5591,2329,760000,2,512,256,5929
5592,2329,760000,2,512,256,5929
5593,2330,760000,2,512,256,5930
5594,2330,760000,2,512,256,5930
5595,2330,760000,2,512,256,5930
5596,2330,760000,2,512,256,5930
5597,2330,760000,2,512,256,5930
5598,2331,760000,2,512,256,5931
5599,2331,760000,2,512,256,5931
5600,2331,760000,2,512,256,5931
5601,2332,760000,2,512,256,5932
5602,2332,760000,2,512,256,5932
5603,2332,760000,2,512,256,5932
5604,2332,760000,2,512,256,5932
5605,2333,760000,2,512,256,5933
5606,2333,760000,2,512,256,5933
5607,2333,760000,2,512,256,5933
5608,2333,760000,2,512,256,5933
5609,2333,760000,2,512,256,5933
5610,2334,760000,2,512,256,5934
5611,2334,760000,2,512,256,5934
5612,2334,760000,2,512,256,5934
5613,2334,760000,2,512,256,5934
5614,2335,760000,2,512,256,5935
5615,2335,760000,2,512,256,5935
5616,2335,760000,2,512,256,5935
5617,2335,760000,2,512,256,5935
5618,2336,760000,2,512,256,5936
5619,2337,760000,2,512,256,5937
5620,2337,760000,2,512,256,5937
5621,2337,760000,2,512,256,5937
5622,2337,760000,2,512,256,5937
5623,2337,760000,2,512,256,5937
5624,2337,760000,2,512,256,5937
5625,2338,760000,2,512,256,5938
5626,2338,760000,2,512,256,5938
5627,2338,760000,2,512,256,5938
5628,2338,760000,2,512,256,5938
5629,2338,760000,2,512,256,5938
5630,2338,760000,2,512,256,5938
5631,2338,760000,2,512,256,5938
5632,2339,760000,2,512,256,5939
5633,2339,760000,2,512,256,5939
5634,2339,760000,2,512,256,5939
5635,2340,760000,2,512,256,5940
5636,2340,760000,2,512,256,5940
5637,2341,760000,2,512,256,5941
5638,2341,760000,2,512,256,5941
5639,2341,760000,2,512,256,5941
5640,2342,760000,2,512,256,5942
5641,2342,760000,2,512,256,5942
5642,2342,760000,2,512,256,5942
5643,2342,760000,2,512,256,5942
5644,2342,760000,2,512,256,5942
5645,2342,760000,2,512,256,5942
5646,2342,760000,2,512,256,5942
5647,2342,760000,2,512,256,5942
5648,2343,760000,2,512,256,5943
5649,2343,760000,2,512,256,5943
5650,2343,760000,2,512,256,5943
5651,2343,760000,2,512,256,5943
5652,2343,760000,2,512,256,5943
5653,2343,760000,2,512,256,5943
5654,2344,760000,2,512,256,5944
5655,2344,760000,2,512,256,5944
5656,2344,760000,2,512,256,5944
5657,2344,760000,2,512,256,5944
5658,2344,760000,2,512,256,5944
5659,2344,760000,2,512,256,5944
5660,2345,760000,2,512,256,5945
5661,2345,760000,2,512,256,5945
5662,2345,760000,2,512,256,5945
5663,2345,760000,2,512,256,5945
5664,2346,760000,2,512,256,5946
5665,2346,760000,2,512,256,5946
5666,2346,760000,2,512,256,5946
5667,2347,760000,2,512,256,5947
5668,2347,760000,2,512,256,5947
5669,2347,760000,2,512,256,5947
5670,2347,760000,2,512,256,5947
5671,2348,760000,2,512,256,5948
5672,2349,760000,2,512,256,5949
5673,2349,760000,2,512,256,5949
5674,2349,760000,2,512,256,5949
5675,2349,760000,2,512,256,5949
5676,2349,760000,2,512,256,5949
5677,2349,760000,2,512,256,5949
5678,2349,760000,2,512,256,5949
5679,2350,760000,2,512,256,5950
5680,2350,760000,2,512,256,5950
5681,2350,760000,2,512,256,5950
5682,2350,760000,2,512,256,5950
5683,2350,760000,2,512,256,5950
5684,2350,760000,2,512,256,5950
5685,2351,760000,2,512,256,5951
5686,2351,760000,2,512,256,5951
5687,2351,760000,2,512,256,5951
5688,2351,760000,2,512,256,5951
5689,2351,760000,2,512,256,5951
5690,2351,760000,2,512,256,5951
5691,2352,760000,2,512,256,5952
5692,2352,760000,2,512,256,5952
5693,2353,760000,2,512,256,5953
5694,2353,760000,2,512,256,5953
5695,2353,760000,2,512,256,5953
5696,2353,760000,2,512,256,5953
5697,2353,760000,2,512,256,5953
5698,2354,760000,2,512,256,5954
5699,2354,760000,2,512,256,5954
5700,2354,760000,2,512,256,5954
5701,2354,760000,2,512,256,5954
5702,2354,760000,2,512,256,5954
5703,2355,760000,2,512,256,5955
5704,2355,760000,2,512,256,5955
5705,2355,760000,2,512,256,5955
5706,2356,760000,2,512,256,5956
5707,2358,760000,2,512,256,5958
5708,2358,760000,2,512,256,5958
5709,2358,760000,2,512,256,5958
5710,2358,760000,2,512,256,5958
5711,2359,760000,2,512,256,5959
5712,2359,760000,2,512,256,5959
5713,2359,760000,2,512,256,5959
5714,2359,760000,2,512,256,5959
5715,2360,760000,2,512,256,5960
5716,2360,760000,2,512,256,5960
5717,2360,760000,2,512,256,5960
5718,2360,760000,2,512,256,5960
5719,2360,760000,2,512,256,5960
5720,2360,760000,2,512,256,5960
5721,2360,760000,2,512,256,5960
5722,2360,760000,2,512,256,5960
5723,2361,760000,2,512,256,5961
5724,2361,760000,2,512,256,5961
5725,2361,760000,2,512,256,5961
5726,2362,760000,2,512,256,5962
5727,2362,760000,2,512,256,5962
5728,2362,760000,2,512,256,5962
5729,2362,760000,2,512,256,5962
5730,2362,760000,2,512,256,5962
5731,2362,760000,2,512,256,5962
5732,2363,760000,2,512,256,5963
5733,2363,760000,2,512,256,5963
5734,2364,760000,2,512,256,5964
5735,2364,760000,2,512,256,5964
5736,2364,760000,2,512,256,5964
5737,2365,760000,2,512,256,5965
5738,2365,760000,2,512,256,5965
5739,2365,760000,2,512,256,5965
5740,2366,760000,2,512,256,5966
5741,2367,760000,2,512,256,5967
5742,2367,760000,2,512,256,5967
5743,2368,760000,2,512,256,5968
5744,2368,760000,2,512,256,5968
5745,2369,760000,2,512,256,5969
5746,2369,760000,2,512,256,5969
5747,2369,760000,2,512,256,5969
5748,2369,760000,2,512,256,5969
5749,2370,760000,2,512,256,5970
5750,2370,760000,2,512,256,5970
5751,2370,760000,2,512,256,5970
5752,2370,760000,2,512,256,5970
5753,2370,760000,2,512,256,5970
5754,2371,760000,2,512,256,5971
5755,2371,760000,2,512,256,5971
5756,2372,760000,2,512,256,5972
5757,2372,760000,2,512,256,5972
5758,2372,760000,2,512,256,5972
5759,2372,760000,2,512,256,5972
5760,2372,760000,2,512,256,5972
5761,2372,760000,2,512,256,5972
5762,2372,760000,2,512,256,5972
5763,2372,760000,2,512,256,5972
5764,2373,760000,2,512,256,5973
5765,2373,760000,2,512,256,5973
5766,2373,760000,2,512,256,5973
5767,2374,760000,2,512,256,5974
5768,2374,760000,2,512,256,5974
5769,2375,760000,2,512,256,5975
5770,2375,760000,2,512,256,5975
5771,2375,760000,2,512,256,5975
5772,2375,760000,2,512,256,5975
5773,2375,760000,2,512,256,5975
5774,2375,760000,2,512,256,5975
5775,2375,760000,2,512,256,5975
5776,2376,760000,2,512,256,5976
5777,2376,760000,2,512,256,5976
5778,2376,760000,2,512,256,5976
5779,2377,760000,2,512,256,5977
5780,2377,760000,2,512,256,5977
5781,2377,760000,2,512,256,5977
5782,2377,760000,2,512,256,5977
5783,2377,760000,2,512,256,5977
5784,2377,760000,2,512,256,5977
5785,2377,760000,2,512,256,5977
5786,2377,760000,2,512,256,5977
5787,2378,760000,2,512,256,5978
5788,2378,760000,2,512,256,5978
5789,2378,760000,2,512,256,5978
5790,2379,760000,2,512,256,5979
5791,2379,760000,2,512,256,5979
5792,2379,760000,2,512,256,5979
5793,2379,760000,2,512,256,5979
5794,2380,760000,2,512,256,5980
5795,2380,760000,2,512,256,5980
5796,2380,760000,2,512,256,5980
5797,2381,760000,2,512,256,5981
5798,2381,760000,2,512,256,5981
5799,2381,760000,2,512,256,5981
5800,2381,760000,2,512,256,5981
5801,2381,760000,2,512,256,5981
5802,2382,760000,2,512,256,5982
5803,2382,760000,2,512,256,5982
5804,2382,760000,2,512,256,5982
5805,2382,760000,2,512,256,5982
5806,2383,760000,2,512,256,5983
5807,2383,760000,2,512,256,5983
5808,2383,760000,2,512,256,5983
5809,2383,760000,2,512,256,5983
5810,2383,760000,2,512,256,5983
5811,2384,760000,2,512,256,5984
5812,2384,760000,2,512,256,5984
5813,2384,760000,2,512,256,5984
5814,2384,760000,2,512,256,5984
5815,2384,760000,2,512,256,5984
5816,2384,760000,2,512,256,5984
5817,2385,760000,2,512,256,5985
5818,2385,760000,2,512,256,5985
5819,2385,760000,2,512,256,5985
5820,2385,760000,2,512,256,5985
5821,2385,760000,2,512,256,5985
5822,2385,760000,2,512,256,5985
5823,2385,760000,2,512,256,5985
5824,2385,760000,2,512,256,5985
5825,2386,760000,2,512,256,5986
5826,2386,760000,2,512,256,5986
5827,2386,760000,2,512,256,5986
5828,2387,760000,2,512,256,5987
5829,2387,760000,2,512,256,5987
5830,2387,760000,2,512,256,5987
5831,2388,760000,2,512,256,5988
5832,2388,760000,2,512,256,5988
5833,2388,760000,2,512,256,5988
5834,2388,760000,2,512,256,5988
5835,2388,760000,2,512,256,5988
5836,2388,760000,2,512,256,5988
5837,2389,760000,2,512,256,5989
5838,2389,760000,2,512,256,5989
5839,2390,760000,2,512,256,5990
5840,2390,760000,2,512,256,5990
5841,2390,760000,2,512,256,5990
5842,2390,760000,2,512,256,5990
5843,2390,760000,2,512,256,5990
5844,2390,760000,2,512,256,5990
5845,2390,760000,2,512,256,5990
5846,2390,760000,2,512,256,5990
5847,2390,760000,2,512,256,5990
5848,2391,760000,2,512,256,5991
5849,2391,760000,2,512,256,5991
5850,2391,760000,2,512,256,5991
5851,2391,760000,2,512,256,5991
5852,2393,760000,2,512,256,5993
5853,2393,760000,2,512,256,5993
5854,2393,760000,2,512,256,5993
5855,2393,760000,2,512,256,5993
5856,2394,760000,2,512,256,5994
5857,2394,760000,2,512,256,5994
5858,2394,760000,2,512,256,5994
5859,2395,760000,2,512,256,5995
5860,2395,760000,2,512,256,5995
5861,2395,760000,2,512,256,5995
5862,2395,760000,2,512,256,5995
5863,2395,760000,2,512,256,5995
5864,2396,760000,2,512,256,5996
5865,2397,760000,2,512,256,5997
5866,2397,760000,2,512,256,5997
5867,2397,760000,2,512,256,5997
5868,2397,760000,2,512,256,5997
5869,2397,760000,2,512,256,5997
5870,2397,760000,2,512,256,5997
5871,2397,760000,2,512,256,5997
5872,2397,760000,2,512,256,5997
5873,2398,760000,2,512,256,5998
5874,2398,760000,2,512,256,5998
5875,2398,760000,2,512,256,5998
5876,2398,760000,2,512,256,5998
5877,2398,760000,2,512,256,5998
5878,2399,760000,2,512,256,5999
5879,2399,760000,2,512,256,5999
5880,2399,760000,2,512,256,5999
5881,2399,760000,2,512,256,5999
5882,2399,760000,2,512,256,5999
5883,2400,760000,2,512,256,6000
5884,2400,760000,2,512,256,6000
5885,2400,760000,2,512,256,6000
5886,2400,760000,2,512,256,6000
5887,2400,760000,2,512,256,6000
5888,2401,760000,2,512,256,6001
5889,2401,760000,2,512,256,6001
5890,2401,760000,2,512,256,6001
5891,2401,760000,2,512,256,6001
5892,2401,760000,2,512,256,6001
5893,2402,760000,2,512,256,6002
5894,2402,760000,2,512,256,6002
5895,2402,760000,2,512,256,6002
5896,2402,760000,2,512,256,6002
5897,2402,760000,2,512,256,6002
5898,2402,760000,2,512,256,6002
5899,2403,760000,2,512,256,6003
5900,2403,760000,2,512,256,6003
5901,2403,760000,2,512,256,6003
5902,2403,760000,2,512,256,6003
5903,2403,760000,2,512,256,6003
5904,2403,760000,2,512,256,6003
5905,2403,760000,2,512,256,6003
5906,2403,760000,2,512,256,6003
5907,2404,760000,2,512,256,6004
5908,2404,760000,2,512,256,6004
5909,2404,760000,2,512,256,6004
5910,2404,760000,2,512,256,6004
5911,2405,760000,2,512,256,6005
5912,2405,760000,2,512,256,6005
5913,2406,760000,2,512,256,6006
5914,2406,760000,2,512,256,6006
5915,2406,760000,2,512,256,6006
5916,2406,760000,2,512,256,6006
5917,2406,760000,2,512,256,6006
5918,2406,760000,2,512,256,6006
5919,2406,760000,2,512,256,6006
5920,2407,760000,2,512,256,6007
5921,2407,760000,2,512,256,6007
5922,2407,760000,2,512,256,6007
5923,2407,760000,2,512,256,6007
5924,2407,760000,2,512,256,6007
5925,2407,760000,2,512,256,6007
5926,2408,760000,2,512,256,6008
5927,2408,760000,2,512,256,6008
5928,2408,760000,2,512,256,6008
5929,2408,760000,2,512,256,6008
5930,2409,760000,2,512,256,6009
5931,2409,760000,2,512,256,6009
5932,2409,760000,2,512,256,6009
5933,2410,760000,2,512,256,6010
5934,2410,760000,2,512,256,6010
5935,2411,760000,2,512,256,6011
5936,2411,760000,2,512,256,6011
5937,2411,760000,2,512,256,6011
5938,2411,760000,2,512,256,6011
5939,2411,760000,2,512,256,6011
5940,2411,760000,2,512,256,6011
5941,2412,760000,2,512,256,6012
5942,2413,760000,2,512,256,6013
5943,2413,760000,2,512,256,6013
5944,2414,760000,2,512,256,6014
5945,2414,760000,2,512,256,6014
5946,2414,760000,2,512,256,6014
5947,2414,760000,2,512,256,6014
5948,2414,760000,2,512,256,6014
5949,2415,760000,2,512,256,6015
5950,2415,760000,2,512,256,6015
5951,2415,760000,2,512,256,6015
5952,2416,760000,2,512,256,6016
5953,2416,760000,2,512,256,6016
5954,2416,760000,2,512,256,6016
5955,2416,760000,2,512,256,6016
5956,2416,760000,2,512,256,6016
5957,2416,760000,2,512,256,6016
5958,2416,760000,2,512,256,6016
5959,2417,760000,2,512,256,6017
5960,2417,760000,2,512,256,6017
5961,2417,760000,2,512,256,6017
5962,2417,760000,2,512,256,6017
5963,2417,760000,2,512,256,6017
5964,2417,760000,2,512,256,6017
5965,2418,760000,2,512,256,6018
5966,2418,760000,2,512,256,6018
5967,2418,760000,2,512,256,6018
5968,2418,760000,2,512,256,6018
5969,2419,760000,2,512,256,6019
5970,2419,760000,2,512,256,6019
5971,2419,760000,2,512,256,6019
5972,2419,760000,2,512,256,6019
5973,2419,760000,2,512,256,6019
5974,2419,760000,2,512,256,6019
5975,2420,760000,2,512,256,6020
5976,2420,760000,2,512,256,6020
5977,2420,760000,2,512,256,6020
5978,2421,760000,2,512,256,6021
5979,2421,760000,2,512,256,6021
5980,2421,760000,2,512,256,6021
5981,2421,760000,2,512,256,6021
5982,2422,760000,2,512,256,6022
5983,2422,760000,2,512,256,6022
5984,2422,760000,2,512,256,6022
5985,2422,760000,2,512,256,6022
5986,2422,760000,2,512,256,6022
5987,2422,760000,2,512,256,6022
5988,2422,760000,2,512,256,6022
5989,2423,760000,2,512,256,6023
5990,2423,760000,2,512,256,6023
5991,2423,760000,2,512,256,6023
5992,2423,760000,2,512,256,6023
5993,2423,760000,2,512,256,6023
5994,2424,760000,2,512,256,6024
5995,2424,760000,2,512,256,6024
5996,2424,760000,2,512,256,6024
5997,2424,760000,2,512,256,6024
5998,2424,760000,2,512,256,6024
5999,2425,760000,2,512,256,6025
6000,2425,760000,2,512,256,6025
6001,2425,760000,2,512,256,6025
6002,2425,760000,2,512,256,6025
6003,2425,760000,2,512,256,6025
6004,2426,760000,2,512,256,6026
6005,2426,760000,2,512,256,6026
6006,2426,760000,2,512,256,6026
6007,2427,760000,2,512,256,6027
6008,2427,760000,2,512,256,6027
6009,2427,760000,2,512,256,6027
6010,2428,760000,2,512,256,6028
6011,2428,760000,2,512,256,6028
6012,2428,760000,2,512,256,6028
6013,2428,760000,2,512,256,6028
6014,2428,760000,2,512,256,6028
6015,2428,760000,2,512,256,6028
6016,2429,760000,2,512,256,6029
6017,2429,760000,2,512,256,6029
6018,2429,760000,2,512,256,6029
6019,2429,760000,2,512,256,6029
6020,2430,760000,2,512,256,6030
6021,2430,760000,2,512,256,6030
6022,2430,760000,2,512,256,6030
6023,2430,760000,2,512,256,6030
6024,2431,760000,2,512,256,6031
6025,2431,760000,2,512,256,6031
6026,2431,760000,2,512,256,6031
6027,2431,760000,2,512,256,6031
6028,2432,760000,2,512,256,6032
6029,2432,760000,2,512,256,6032
6030,2432,760000,2,512,256,6032
6031,2432,760000,2,512,256,6032
6032,2432,760000,2,512,256,6032
6033,2433,760000,2,512,256,6033
6034,2433,760000,2,512,256,6033
6035,2433,760000,2,512,256,6033
6036,2433,760000,2,512,256,6033
6037,2433,760000,2,512,256,6033
6038,2433,760000,2,512,256,6033
6039,2434,760000,2,512,256,6034
6040,2434,760000,2,512,256,6034
6041,2434,760000,2,512,256,6034
6042,2435,760000,2,512,256,6035
6043,2435,760000,2,512,256,6035
6044,2436,760000,2,512,256,6036
6045,2436,760000,2,512,256,6036
6046,2436,760000,2,512,256,6036
6047,2437,760000,2,512,256,6037
6048,2437,760000,2,512,256,6037
6049,2437,760000,2,512,256,6037
6050,2437,760000,2,512,256,6037
6051,2437,760000,2,512,256,6037
6052,2438,760000,2,512,256,6038
6053,2438,760000,2,512,256,6038
6054,2438,760000,2,512,256,6038
6055,2438,760000,2,512,256,6038
6056,2438,760000,2,512,256,6038
6057,2438,760000,2,512,256,6038
6058,2438,760000,2,512,256,6038
6059,2438,760000,2,512,256,6038
6060,2439,760000,2,512,256,6039
6061,2439,760000,2,512,256,6039
6062,2439,760000,2,512,256,6039
6063,2439,760000,2,512,256,6039
6064,2440,760000,2,512,256,6040
6065,2440,760000,2,512,256,6040
6066,2440,760000,2,512,256,6040
6067,2441,760000,2,512,256,6041
6068,2441,760000,2,512,256,6041
6069,2441,760000,2,512,256,6041
6070,2441,760000,2,512,256,6041
6071,2442,760000,2,512,256,6042
6072,2442,760000,2,512,256,6042
6073,2442,760000,2,512,256,6042
6074,2442,760000,2,512,256,6042
6075,2442,760000,2,512,256,6042
6076,2442,760000,2,512,256,6042
6077,2442,760000,2,512,256,6042
6078,2442,760000,2,512,256,6042
6079,2443,760000,2,512,256,6043
6080,2443,760000,2,512,256,6043
6081,2443,760000,2,512,256,6043
6082,2444,760000,2,512,256,6044
6083,2444,760000,2,512,256,6044
6084,2444,760000,2,512,256,6044
6085,2444,760000,2,512,256,6044
6086,2444,760000,2,512,256,6044
6087,2444,760000,2,512,256,6044
6088,2445,760000,2,512,256,6045
6089,2445,760000,2,512,256,6045
6090,2445,760000,2,512,256,6045
6091,2445,760000,2,512,256,6045
6092,2445,760000,2,512,256,6045
6093,2445,760000,2,512,256,6045
6094,2445,760000,2,512,256,6045
6095,2446,760000,2,512,256,6046
6096,2446,760000,2,512,256,6046
6097,2446,760000,2,512,256,6046
6098,2446,760000,2,512,256,6046
6099,2446,760000,2,512,256,6046
6100,2446,760000,2,512,256,6046
6101,2447,760000,2,512,256,6047
6102,2447,760000,2,512,256,6047
6103,2447,760000,2,512,256,6047
6104,2447,760000,2,512,256,6047
6105,2447,760000,2,512,256,6047
6106,2447,760000,2,512,256,6047
6107,2448,760000,2,512,256,6048
6108,2448,760000,2,512,256,6048
6109,2448,760000,2,512,256,6048
6110,2448,760000,2,512,256,6048
6111,2448,760000,2,512,256,6048
6112,2448,760000,2,512,256,6048
6113,2449,760000,2,512,256,6049
6114,2449,760000,2,512,256,6049
6115,2449,760000,2,512,256,6049
6116,2449,760000,2,512,256,6049
6117,2450,760000,2,512,256,6050
6118,2450,760000,2,512,256,6050
6119,2450,760000,2,512,256,6050
6120,2450,760000,2,512,256,6050
6121,2450,760000,2,512,256,6050
6122,2451,760000,2,512,256,6051
6123,2451,760000,2,512,256,6051
6124,2451,760000,2,512,256,6051
6125,2451,760000,2,512,256,6051
6126,2451,760000,2,512,256,6051
6127,2452,760000,2,512,256,6052
6128,2452,760000,2,512,256,6052
6129,2452,760000,2,512,256,6052
6130,2452,760000,2,512,256,6052
6131,2452,760000,2,512,256,6052
6132,2452,760000,2,512,256,6052
6133,2452,760000,2,512,256,6052
6134,2453,760000,2,512,256,6053
6135,2453,760000,2,512,256,6053
6136,2453,760000,2,512,256,6053
6137,2453,760000,2,512,256,6053
6138,2453,760000,2,512,256,6053
6139,2453,760000,2,512,256,6053
6140,2453,760000,2,512,256,6053
6141,2454,760000,2,512,256,6054
6142,2454,760000,2,512,256,6054
6143,2454,760000,2,512,256,6054
6144,2455,760000,2,512,256,6055
6145,2455,760000,2,512,256,6055
6146,2455,760000,2,512,256,6055
6147,2456,760000,2,512,256,6056
6148,2456,760000,2,512,256,6056
6149,2456,760000,2,512,256,6056
6150,2456,760000,2,512,256,6056
6151,2456,760000,2,512,256,6056
6152,2456,760000,2,512,256,6056
6153,2457,760000,2,512,256,6057
6154,2457,760000,2,512,256,6057
6155,2457,760000,2,512,256,6057
6156,2457,760000,2,512,256,6057
6157,2457,760000,2,512,256,6057
6158,2458,760000,2,512,256,6058
6159,2458,760000,2,512,256,6058
6160,2458,760000,2,512,256,6058
6161,2458,760000,2,512,256,6058
6162,2458,760000,2,512,256,6058
6163,2458,760000,2,512,256,6058
6164,2458,760000,2,512,256,6058
6165,2458,760000,2,512,256,6058
6166,2459,760000,2,512,256,6059
6167,2459,760000,2,512,256,6059
6168,2459,760000,2,512,256,6059
6169,2460,760000,2,512,256,6060
6170,2460,760000,2,512,256,6060
6171,2460,760000,2,512,256,6060
6172,2460,760000,2,512,256,6060
6173,2460,760000,2,512,256,6060
6174,2460,760000,2,512,256,6060
6175,2460,760000,2,512,256,6060
6176,2461,760000,2,512,256,6061
6177,2461,760000,2,512,256,6061
6178,2461,760000,2,512,256,6061
6179,2461,760000,2,512,256,6061
6180,2461,760000,2,512,256,6061
6181,2461,760000,2,512,256,6061
6182,2462,760000,2,512,256,6062
6183,2462,760000,2,512,256,6062
6184,2462,760000,2,512,256,6062
6185,2462,760000,2,512,256,6062
6186,2462,760000,2,512,256,6062
6187,2462,760000,2,512,256,6062
6188,2462,760000,2,512,256,6062
6189,2462,760000,2,512,256,6062
6190,2462,760000,2,512,256,6062
6191,2463,760000,2,512,256,6063
6192,2463,760000,2,512,256,6063
6193,2463,760000,2,512,256,6063
6194,2463,760000,2,512,256,6063
6195,2463,760000,2,512,256,6063
6196,2463,760000,2,512,256,6063
6197,2464,760000,2,512,256,6064
6198,2464,760000,2,512,256,6064
6199,2464,760000,2,512,256,6064
6200,2465,760000,2,512,256,6065
6201,2465,760000,2,512,256,6065
6202,2465,760000,2,512,256,6065
6203,2466,760000,2,512,256,6066
6204,2466,760000,2,512,256,6066
6205,2466,760000,2,512,256,6066
6206,2466,760000,2,512,256,6066
6207,2466,760000,2,512,256,6066
6208,2467,760000,2,512,256,6067
6209,2468,760000,2,512,256,6068
6210,2468,760000,2,512,256,6068
6211,2468,760000,2,512,256,6068
6212,2468,760000,2,512,256,6068
6213,2469,760000,2,512,256,6069
6214,2469,760000,2,512,256,6069
6215,2469,760000,2,512,256,6069
6216,2469,760000,2,512,256,6069
6217,2469,760000,2,512,256,6069
6218,2469,760000,2,512,256,6069
6219,2469,760000,2,512,256,6069
6220,2469,760000,2,512,256,6069
6221,2469,760000,2,512,256,6069
6222,2470,760000,2,512,256,6070
6223,2470,760000,2,512,256,6070
6224,2471,760000,2,512,256,6071
6225,2471,760000,2,512,256,6071
6226,2471,760000,2,512,256,6071
6227,2471,760000,2,512,256,6071
6228,2471,760000,2,512,256,6071
6229,2471,760000,2,512,256,6071
6230,2471,760000,2,512,256,6071
6231,2472,760000,2,512,256,6072
6232,2472,760000,2,512,256,6072
6233,2472,760000,2,512,256,6072
6234,2472,760000,2,512,256,6072
6235,2472,760000,2,512,256,6072
6236,2472,760000,2,512,256,6072
6237,2472,760000,2,512,256,6072
6238,2472,760000,2,512,256,6072
6239,2473,760000,2,512,256,6073
6240,2473,760000,2,512,256,6073
6241,2473,760000,2,512,256,6073
6242,2473,760000,2,512,256,6073
6243,2474,760000,2,512,256,6074
6244,2474,760000,2,512,256,6074
6245,2474,760000,2,512,256,6074
6246,2474,760000,2,512,256,6074
6247,2474,760000,2,512,256,6074
6248,2475,760000,2,512,256,6075
6249,2475,760000,2,512,256,6075
6250,2475,760000,2,512,256,6075
6251,2475,760000,2,512,256,6075
6252,2475,760000,2,512,256,6075
6253,2475,760000,2,512,256,6075
6254,2475,760000,2,512,256,6075
6255,2475,760000,2,512,256,6075
6256,2475,760000,2,512,256,6075
6257,2476,760000,2,512,256,6076
6258,2476,760000,2,512,256,6076
6259,2476,760000,2,512,256,6076
6260,2476,760000,2,512,256,6076
6261,2476,760000,2,512,256,6076
6262,2476,760000,2,512,256,6076
6263,2476,760000,2,512,256,6076
6264,2476,760000,2,512,256,6076
6265,2476,760000,2,512,256,6076
6266,2477,760000,2,512,256,6077
6267,2477,760000,2,512,256,6077
6268,2477,760000,2,512,256,6077
6269,2477,760000,2,512,256,6077
6270,2477,760000,2,512,256,6077
6271,2478,760000,2,512,256,6078
6272,2478,760000,2,512,256,6078
6273,2478,760000,2,512,256,6078
6274,2478,760000,2,512,256,6078
6275,2478,760000,2,512,256,6078
6276,2478,760000,2,512,256,6078
6277,2478,760000,2,512,256,6078
6278,2478,760000,2,512,256,6078
6279,2479,760000,2,512,256,6079
6280,2479,760000,2,512,256,6079
6281,2479,760000,2,512,256,6079
6282,2479,760000,2,512,256,6079
6283,2479,760000,2,512,256,6079
6284,2479,760000,2,512,256,6079
6285,2479,760000,2,512,256,6079
6286,2480,760000,2,512,256,6080
6287,2480,760000,2,512,256,6080
6288,2480,760000,2,512,256,6080
6289,2480,760000,2,512,256,6080
6290,2481,760000,2,512,256,6081
6291,2481,760000,2,512,256,6081
6292,2482,760000,2,512,256,6082
6293,2482,760000,2,512,256,6082
6294,2482,760000,2,512,256,6082
6295,2482,760000,2,512,256,6082
6296,2482,760000,2,512,256,6082
6297,2482,760000,2,512,256,6082
6298,2483,760000,2,512,256,6083
6299,2483,760000,2,512,256,6083
6300,2483,760000,2,512,256,6083
6301,2483,760000,2,512,256,6083
6302,2484,760000,2,512,256,6084
6303,2484,760000,2,512,256,6084
6304,2484,760000,2,512,256,6084
6305,2484,760000,2,512,256,6084
6306,2484,760000,2,512,256,6084
6307,2484,760000,2,512,256,6084
6308,2485,760000,2,512,256,6085
6309,2485,760000,2,512,256,6085
6310,2485,760000,2,512,256,6085
6311,2485,760000,2,512,256,6085
6312,2486,760000,2,512,256,6086
6313,2486,760000,2,512,256,6086
6314,2486,760000,2,512,256,6086
6315,2486,760000,2,512,256,6086
6316,2486,760000,2,512,256,6086
6317,2487,760000,2,512,256,6087
6318,2487,760000,2,512,256,6087
6319,2488,760000,2,512,256,6088
6320,2488,760000,2,512,256,6088
6321,2488,760000,2,512,256,6088
6322,2489,760000,2,512,256,6089
6323,2489,760000,2,512,256,6089
6324,2489,760000,2,512,256,6089
6325,2489,760000,2,512,256,6089
6326,2489,760000,2,512,256,6089
6327,2489,760000,2,512,256,6089
6328,2489,760000,2,512,256,6089
6329,2489,760000,2,512,256,6089
6330,2489,760000,2,512,256,6089
6331,2489,760000,2,512,256,6089
6332,2489,760000,2,512,256,6089
6333,2490,760000,2,512,256,6090
6334,2490,760000,2,512,256,6090
6335,2490,760000,2,512,256,6090
6336,2490,760000,2,512,256,6090
6337,2490,760000,2,512,256,6090
6338,2491,760000,2,512,256,6091
6339,2491,760000,2,512,256,6091
6340,2491,760000,2,512,256,6091
6341,2491,760000,2,512,256,6091
6342,2491,760000,2,512,256,6091
6343,2491,760000,2,512,256,6091
6344,2491,760000,2,512,256,6091
6345,2492,760000,2,512,256,6092
6346,2492,760000,2,512,256,6092
6347,2493,760000,2,512,256,6093
6348,2493,760000,2,512,256,6093
6349,2493,760000,2,512,256,6093
6350,2493,760000,2,512,256,6093
6351,2493,760000,2,512,256,6093
6352,2494,760000,2,512,256,6094
6353,2494,760000,2,512,256,6094
6354,2494,760000,2,512,256,6094
6355,2495,760000,2,512,256,6095
6356,2495,760000,2,512,256,6095
6357,2495,760000,2,512,256,6095
6358,2495,760000,2,512,256,6095
6359,2495,760000,2,512,256,6095
6360,2496,760000,2,512,256,6096
6361,2496,760000,2,512,256,6096
6362,2496,760000,2,512,256,6096
6363,2496,760000,2,512,256,6096
6364,2496,760000,2,512,256,6096
6365,2496,760000,2,512,256,6096
6366,2496,760000,2,512,256,6096
6367,2497,760000,2,512,256,6097
6368,2497,760000,2,512,256,6097
6369,2497,760000,2,512,256,6097
6370,2497,760000,2,512,256,6097
6371,2497,760000,2,512,256,6097
6372,2497,760000,2,512,256,6097
6373,2497,760000,2,512,256,6097
6374,2497,760000,2,512,256,6097
6375,2497,760000,2,512,256,6097
6376,2498,760000,2,512,256,6098
6377,2498,760000,2,512,256,6098
6378,2498,760000,2,512,256,6098
6379,2498,760000,2,512,256,6098
6380,2499,760000,2,512,256,6099
6381,2499,760000,2,512,256,6099
6382,2499,760000,2,512,256,6099
6383,2500,760000,2,512,256,6100
6384,2500,760000,2,512,256,6100
6385,2500,760000,2,512,256,6100
6386,2500,760000,2,512,256,6100
6387,2501,760000,2,512,256,6101
6388,2501,760000,2,512,256,6101
6389,2501,760000,2,512,256,6101
6390,2502,760000,2,512,256,6102
6391,2502,760000,2,512,256,6102
6392,2503,760000,2,512,256,6103
6393,2503,760000,2,512,256,6103
6394,2503,760000,2,512,256,6103
6395,2503,760000,2,512,256,6103
6396,2503,760000,2,512,256,6103
6397,2504,760000,2,512,256,6104
6398,2504,760000,2,512,256,6104
6399,2504,760000,2,512,256,6104
6400,2504,760000,2,512,256,6104
6401,2504,760000,2,512,256,6104
6402,2504,760000,2,512,256,6104
6403,2505,760000,2,512,256,6105
6404,2505,760000,2,512,256,6105
6405,2505,760000,2,512,256,6105
6406,2505,760000,2,512,256,6105
6407,2506,760000,2,512,256,6106
6408,2506,760000,2,512,256,6106
6409,2506,760000,2,512,256,6106
6410,2506,760000,2,512,256,6106
6411,2506,760000,2,512,256,6106
6412,2506,760000,2,512,256,6106
6413,2507,760000,2,512,256,6107
6414,2507,760000,2,512,256,6107
6415,2508,760000,2,512,256,6108
6416,2508,760000,2,512,256,6108
6417,2508,760000,2,512,256,6108
6418,2509,760000,2,512,256,6109
6419,2509,760000,2,512,256,6109
6420,2509,760000,2,512,256,6109
6421,2509,760000,2,512,256,6109
6422,2510,760000,2,512,256,6110
6423,2510,760000,2,512,256,6110
6424,2510,760000,2,512,256,6110
6425,2510,760000,2,512,256,6110
6426,2510,760000,2,512,256,6110
6427,2510,760000,2,512,256,6110
6428,2510,760000,2,512,256,6110
6429,2511,760000,2,512,256,6111
6430,2511,760000,2,512,256,6111
6431,2511,760000,2,512,256,6111
6432,2511,760000,2,512,256,6111
6433,2511,760000,2,512,256,6111
6434,2512,760000,2,512,256,6112
6435,2512,760000,2,512,256,6112
6436,2512,760000,2,512,256,6112
6437,2512,760000,2,512,256,6112
6438,2512,760000,2,512,256,6112
6439,2513,760000,2,512,256,6113
6440,2513,760000,2,512,256,6113
6441,2513,760000,2,512,256,6113
6442,2513,760000,2,512,256,6113
6443,2513,760000,2,512,256,6113
6444,2513,760000,2,512,256,6113
6445,2513,760000,2,512,256,6113
6446,2513,760000,2,512,256,6113
6447,2514,760000,2,512,256,6114
6448,2514,760000,2,512,256,6114
6449,2514,760000,2,512,256,6114
6450,2515,760000,2,512,256,6115
6451,2515,760000,2,512,256,6115
6452,2515,760000,2,512,256,6115
6453,2515,760000,2,512,256,6115
6454,2515,760000,2,512,256,6115
6455,2515,760000,2,512,256,6115
6456,2515,760000,2,512,256,6115
6457,2515,760000,2,512,256,6115
6458,2516,760000,2,512,256,6116
6459,2516,760000,2,512,256,6116
6460,2516,760000,2,512,256,6116
6461,2516,760000,2,512,256,6116
6462,2517,760000,2,512,256,6117
6463,2517,760000,2,512,256,6117
6464,2517,760000,2,512,256,6117
6465,2517,760000,2,512,256,6117
6466,2518,760000,2,512,256,6118
6467,2518,760000,2,512,256,6118
6468,2518,760000,2,512,256,6118
6469,2519,760000,2,512,256,6119
6470,2519,760000,2,512,256,6119
6471,2519,760000,2,512,256,6119
6472,2519,760000,2,512,256,6119
6473,2519,760000,2,512,256,6119
6474,2519,760000,2,512,256,6119
6475,2519,760000,2,512,256,6119
6476,2520,760000,2,512,256,6120
6477,2520,760000,2,512,256,6120
6478,2520,760000,2,512,256,6120
6479,2520,760000,2,512,256,6120
6480,2520,760000,2,512,256,6120
6481,2521,760000,2,512,256,6121
6482,2521,760000,2,512,256,6121
6483,2521,760000,2,512,256,6121
6484,2523,760000,2,512,256,6123
6485,2523,760000,2,512,256,6123
6486,2523,760000,2,512,256,6123
6487,2524,760000,2,512,256,6124
6488,2524,760000,2,512,256,6124
6489,2524,760000,2,512,256,6124
6490,2524,760000,2,512,256,6124
6491,2524,760000,2,512,256,6124
6492,2524,760000,2,512,256,6124
6493,2525,760000,2,512,256,6125
6494,2525,760000,2,512,256,6125
6495,2525,760000,2,512,256,6125
6496,2526,760000,2,512,256,6126
6497,2526,760000,2,512,256,6126
6498,2527,760000,2,512,256,6127
6499,2527,760000,2,512,256,6127
6500,2527,760000,2,512,256,6127
6501,2527,760000,2,512,256,6127
6502,2528,760000,2,512,256,6128
6503,2528,760000,2,512,256,6128
6504,2528,760000,2,512,256,6128
6505,2528,760000,2,512,256,6128
6506,2528,760000,2,512,256,6128
6507,2529,760000,2,512,256,6129
6508,2529,760000,2,512,256,6129
6509,2530,760000,2,512,256,6130
6510,2531,760000,2,512,256,6131
6511,2531,760000,2,512,256,6131
6512,2531,760000,2,512,256,6131
6513,2531,760000,2,512,256,6131
6514,2532,760000,2,512,256,6132
6515,2532,760000,2,512,256,6132
6516,2532,760000,2,512,256,6132
6517,2532,760000,2,512,256,6132
6518,2533,760000,2,512,256,6133
6519,2533,760000,2,512,256,6133
6520,2534,760000,2,512,256,6134
6521,2534,760000,2,512,256,6134
6522,2534,760000,2,512,256,6134
6523,2534,760000,2,512,256,6134
6524,2535,760000,2,512,256,6135
6525,2535,760000,2,512,256,6135
6526,2535,760000,2,512,256,6135
6527,2535,760000,2,512,256,6135
6528,2535,760000,2,512,256,6135
6529,2536,760000,2,512,256,6136
6530,2536,760000,2,512,256,6136
6531,2536,760000,2,512,256,6136
6532,2536,760000,2,512,256,6136
6533,2537,760000,2,512,256,6137
6534,2538,760000,2,512,256,6138
6535,2538,760000,2,512,256,6138
6536,2538,760000,2,512,256,6138
6537,2538,760000,2,512,256,6138
6538,2538,760000,2,512,256,6138
6539,2538,760000,2,512,256,6138
6540,2539,760000,2,512,256,6139
6541,2539,760000,2,512,256,6139
6542,2539,760000,2,512,256,6139
6543,2539,760000,2,512,256,6139
6544,2539,760000,2,512,256,6139
6545,2539,760000,2,512,256,6139
6546,2539,760000,2,512,256,6139
6547,2540,760000,2,512,256,6140
6548,2540,760000,2,512,256,6140
6549,2540,760000,2,512,256,6140
6550,2540,760000,2,512,256,6140
6551,2540,760000,2,512,256,6140
6552,2540,760000,2,512,256,6140
6553,2540,760000,2,512,256,6140
6554,2540,760000,2,512,256,6140
6555,2540,760000,2,512,256,6140
6556,2541,760000,2,512,256,6141
6557,2541,760000,2,512,256,6141
6558,2541,760000,2,512,256,6141
6559,2541,760000,2,512,256,6141
6560,2541,760000,2,512,256,6141
6561,2541,760000,2,512,256,6141
6562,2541,760000,2,512,256,6141
6563,2542,760000,2,512,256,6142
6564,2542,760000,2,512,256,6142
6565,2542,760000,2,512,256,6142
6566,2542,760000,2,512,256,6142
6567,2542,760000,2,512,256,6142
6568,2542,760000,2,512,256,6142
6569,2543,760000,2,512,256,6143
6570,2544,760000,2,512,256,6144
6571,2544,760000,2,512,256,6144
6572,2544,760000,2,512,256,6144
6573,2544,760000,2,512,256,6144
6574,2544,760000,2,512,256,6144
6575,2545,760000,2,512,256,6145
6576,2545,760000,2,512,256,6145
6577,2546,760000,2,512,256,6146
6578,2546,760000,2,512,256,6146
6579,2546,760000,2,512,256,6146
6580,2546,760000,2,512,256,6146
6581,2546,760000,2,512,256,6146
6582,2547,760000,2,512,256,6147
6583,2547,760000,2,512,256,6147
6584,2547,760000,2,512,256,6147
6585,2547,760000,2,512,256,6147
6586,2547,760000,2,512,256,6147
6587,2547,760000,2,512,256,6147
6588,2547,760000,2,512,256,6147
6589,2548,760000,2,512,256,6148
6590,2548,760000,2,512,256,6148
6591,2548,760000,2,512,256,6148
6592,2548,760000,2,512,256,6148
6593,2548,760000,2,512,256,6148
6594,2548,760000,2,512,256,6148
6595,2548,760000,2,512,256,6148
6596,2548,760000,2,512,256,6148
6597,2548,760000,2,512,256,6148
6598,2549,760000,2,512,256,6149
6599,2549,760000,2,512,256,6149
6600,2549,760000,2,512,256,6149
6601,2549,760000,2,512,256,6149
6602,2549,760000,2,512,256,6149
6603,2549,760000,2,512,256,6149
6604,2549,760000,2,512,256,6149
6605,2550,760000,2,512,256,6150
6606,2550,760000,2,512,256,6150
6607,2550,760000,2,512,256,6150
6608,2550,760000,2,512,256,6150
6609,2551,760000,2,512,256,6151
6610,2551,760000,2,512,256,6151
6611,2551,760000,2,512,256,6151
6612,2551,760000,2,512,256,6151
6613,2551,760000,2,512,256,6151
6614,2551,760000,2,512,256,6151
6615,2552,760000,2,512,256,6152
6616,2552,760000,2,512,256,6152
6617,2552,760000,2,512,256,6152
6618,2553,760000,2,512,256,6153
6619,2553,760000,2,512,256,6153
6620,2553,760000,2,512,256,6153
6621,2553,760000,2,512,256,6153
6622,2554,760000,2,512,256,6154
6623,2554,760000,2,512,256,6154
6624,2554,760000,2,512,256,6154
6625,2554,760000,2,512,256,6154
6626,2554,760000,2,512,256,6154
6627,2555,760000,2,512,256,6155
6628,2555,760000,2,512,256,6155
6629,2555,760000,2,512,256,6155
6630,2555,760000,2,512,256,6155
6631,2555,760000,2,512,256,6155
6632,2555,760000,2,512,256,6155
6633,2556,760000,2,512,256,6156
6634,2556,760000,2,512,256,6156
6635,2556,760000,2,512,256,6156
6636,2557,760000,2,512,256,6157
6637,2557,760000,2,512,256,6157
6638,2557,760000,2,512,256,6157
6639,2558,760000,2,512,256,6158
6640,2558,760000,2,512,256,6158
6641,2558,760000,2,512,256,6158
6642,2558,760000,2,512,256,6158
6643,2559,760000,2,512,256,6159
6644,2559,760000,2,512,256,6159
6645,2559,760000,2,512,256,6159
6646,2559,760000,2,512,256,6159
6647,2559,760000,2,512,256,6159
6648,2560,760000,2,512,256,6160
6649,2560,760000,2,512,256,6160
6650,2560,760000,2,512,256,6160
6651,2561,760000,2,512,256,6161
6652,2561,760000,2,512,256,6161
6653,2561,760000,2,512,256,6161
6654,2561,760000,2,512,256,6161
6655,2561,760000,2,512,256,6161
6656,2561,760000,2,512,256,6161
6657,2562,760000,2,512,256,6162
6658,2562,760000,2,512,256,6162
6659,2562,760000,2,512,256,6162
6660,2562,760000,2,512,256,6162
6661,2562,760000,2,512,256,6162
6662,2562,760000,2,512,256,6162
6663,2563,760000,2,512,256,6163
6664,2563,760000,2,512,256,6163
6665,2563,760000,2,512,256,6163
6666,2563,760000,2,512,256,6163
6667,2564,760000,2,512,256,6164
6668,2564,760000,2,512,256,6164
6669,2564,760000,2,512,256,6164
6670,2564,760000,2,512,256,6164
6671,2564,760000,2,512,256,6164
6672,2565,760000,2,512,256,6165
6673,2565,760000,2,512,256,6165
6674,2565,760000,2,512,256,6165
6675,2565,760000,2,512,256,6165
6676,2565,760000,2,512,256,6165
6677,2566,760000,2,512,256,6166
6678,2566,760000,2,512,256,6166
6679,2566,760000,2,512,256,6166
6680,2567,760000,2,512,256,6167
6681,2567,760000,2,512,256,6167
6682,2567,760000,2,512,256,6167
6683,2567,760000,2,512,256,6167
6684,2567,760000,2,512,256,6167
6685,2567,760000,2,512,256,6167
6686,2567,760000,2,512,256,6167
6687,2568,760000,2,512,256,6168
6688,2568,760000,2,512,256,6168
6689,2568,760000,2,512,256,6168
6690,2568,760000,2,512,256,6168
6691,2568,760000,2,512,256,6168
6692,2568,760000,2,512,256,6168
6693,2569,760000,2,512,256,6169
6694,2569,760000,2,512,256,6169
6695,2569,760000,2,512,256,6169
6696,2569,760000,2,512,256,6169
6697,2569,760000,2,512,256,6169
6698,2570,760000,2,512,256,6170
6699,2570,760000,2,512,256,6170
6700,2570,760000,2,512,256,6170
6701,2570,760000,2,512,256,6170
6702,2570,760000,2,512,256,6170
6703,2571,760000,2,512,256,6171
6704,2571,760000,2,512,256,6171
6705,2571,760000,2,512,256,6171
6706,2571,760000,2,512,256,6171
6707,2571,760000,2,512,256,6171
6708,2573,760000,2,512,256,6173
6709,2573,760000,2,512,256,6173
6710,2573,760000,2,512,256,6173
6711,2573,760000,2,512,256,6173
6712,2573,760000,2,512,256,6173
6713,2573,760000,2,512,256,6173
6714,2573,760000,2,512,256,6173
6715,2574,760000,2,512,256,6174
6716,2574,760000,2,512,256,6174
6717,2574,760000,2,512,256,6174
6718,2574,760000,2,512,256,6174
6719,2575,760000,2,512,256,6175
6720,2575,760000,2,512,256,6175
6721,2575,760000,2,512,256,6175
6722,2575,760000,2,512,256,6175
6723,2576,760000,2,512,256,6176
6724,2576,760000,2,512,256,6176
6725,2576,760000,2,512,256,6176
6726,2578,760000,2,512,256,6178
6727,2578,760000,2,512,256,6178
6728,2578,760000,2,512,256,6178
6729,2578,760000,2,512,256,6178
6730,2579,760000,2,512,256,6179
6731,2579,760000,2,512,256,6179
6732,2579,760000,2,512,256,6179
6733,2579,760000,2,512,256,6179
6734,2579,760000,2,512,256,6179
6735,2580,760000,2,512,256,6180
6736,2580,760000,2,512,256,6180
6737,2581,760000,2,512,256,6181
6738,2581,760000,2,512,256,6181
6739,2581,760000,2,512,256,6181
6740,2581,760000,2,512,256,6181
6741,2581,760000,2,512,256,6181
6742,2581,760000,2,512,256,6181
6743,2582,760000,2,512,256,6182
6744,2582,760000,2,512,256,6182
6745,2583,760000,2,512,256,6183
6746,2583,760000,2,512,256,6183
6747,2583,760000,2,512,256,6183
6748,2584,760000,2,512,256,6184
6749,2584,760000,2,512,256,6184
6750,2584,760000,2,512,256,6184
6751,2585,760000,2,512,256,6185
6752,2585,760000,2,512,256,6185
6753,2585,760000,2,512,256,6185
6754,2585,760000,2,512,256,6185
6755,2586,760000,2,512,256,6186
6756,2587,760000,2,512,256,6187
6757,2587,760000,2,512,256,6187
6758,2587,760000,2,512,256,6187
6759,2588,760000,2,512,256,6188
6760,2588,760000,2,512,256,6188
6761,2588,760000,2,512,256,6188
6762,2588,760000,2,512,256,6188
6763,2588,760000,2,512,256,6188
6764,2588,760000,2,512,256,6188
6765,2589,760000,2,512,256,6189
6766,2589,760000,2,512,256,6189
6767,2589,760000,2,512,256,6189
6768,2589,760000,2,512,256,6189
6769,2589,760000,2,512,256,6189
6770,2590,760000,2,512,256,6190
6771,2590,760000,2,512,256,6190
6772,2590,760000,2,512,256,6190
6773,2590,760000,2,512,256,6190
6774,2590,760000,2,512,256,6190
6775,2590,760000,2,512,256,6190
6776,2590,760000,2,512,256,6190
6777,2591,760000,2,512,256,6191
6778,2591,760000,2,512,256,6191
6779,2592,760000,2,512,256,6192
6780,2592,760000,2,512,256,6192
6781,2592,760000,2,512,256,6192
6782,2592,760000,2,512,256,6192
6783,2592,760000,2,512,256,6192
6784,2592,760000,2,512,256,6192
6785,2592,760000,2,512,256,6192
6786,2593,760000,2,512,256,6193
6787,2593,760000,2,512,256,6193
6788,2593,760000,2,512,256,6193
6789,2593,760000,2,512,256,6193
6790,2594,760000,2,512,256,6194
6791,2594,760000,2,512,256,6194
6792,2594,760000,2,512,256,6194
6793,2594,760000,2,512,256,6194
6794,2594,760000,2,512,256,6194
6795,2594,760000,2,512,256,6194
6796,2595,760000,2,512,256,6195
6797,2595,760000,2,512,256,6195
6798,2595,760000,2,512,256,6195
6799,2595,760000,2,512,256,6195
6800,2595,760000,2,512,256,6195
6801,2595,760000,2,512,256,6195
6802,2595,760000,2,512,256,6195
6803,2596,760000,2,512,256,6196
6804,2596,760000,2,512,256,6196
6805,2596,760000,2,512,256,6196
6806,2596,760000,2,512,256,6196
6807,2597,760000,2,512,256,6197
6808,2597,760000,2,512,256,6197
6809,2598,760000,2,512,256,6198
6810,2598,760000,2,512,256,6198
6811,2598,760000,2,512,256,6198
6812,2598,760000,2,512,256,6198
6813,2598,760000,2,512,256,6198
6814,2599,760000,2,512,256,6199
6815,2599,760000,2,512,256,6199
6816,2600,760000,2,512,256,6200
6817,2600,760000,2,512,256,6200
6818,2600,760000,2,512,256,6200
6819,2600,760000,2,512,256,6200
6820,2600,760000,2,512,256,6200
6821,2601,760000,2,512,256,6201
6822,2601,760000,2,512,256,6201
6823,2601,760000,2,512,256,6201
6824,2601,760000,2,512,256,6201
6825,2601,760000,2,512,256,6201
6826,2602,760000,2,512,256,6202
6827,2602,760000,2,512,256,6202
6828,2602,760000,2,512,256,6202
6829,2602,760000,2,512,256,6202
6830,2602,760000,2,512,256,6202
6831,2602,760000,2,512,256,6202
6832,2603,760000,2,512,256,6203
6833,2603,760000,2,512,256,6203
6834,2603,760000,2,512,256,6203
6835,2603,760000,2,512,256,6203
6836,2603,760000,2,512,256,6203
6837,2603,760000,2,512,256,6203
6838,2603,760000,2,512,256,6203
6839,2604,760000,2,512,256,6204
6840,2604,760000,2,512,256,6204
6841,2605,760000,2,512,256,6205
6842,2605,760000,2,512,256,6205
6843,2605,760000,2,512,256,6205
6844,2605,760000,2,512,256,6205
6845,2605,760000,2,512,256,6205
6846,2606,760000,2,512,256,6206
6847,2606,760000,2,512,256,6206
6848,2606,760000,2,512,256,6206
6849,2606,760000,2,512,256,6206
6850,2606,760000,2,512,256,6206
6851,2606,760000,2,512,256,6206
6852,2607,760000,2,512,256,6207
6853,2607,760000,2,512,256,6207
6854,2607,760000,2,512,256,6207
6855,2607,760000,2,512,256,6207
6856,2607,760000,2,512,256,6207
6857,2607,760000,2,512,256,6207
6858,2607,760000,2,512,256,6207
6859,2608,760000,2,512,256,6208
6860,2608,760000,2,512,256,6208
6861,2608,760000,2,512,256,6208
6862,2608,760000,2,512,256,6208
6863,2608,760000,2,512,256,6208
6864,2610,760000,2,512,256,6210
6865,2610,760000,2,512,256,6210
6866,2610,760000,2,512,256,6210
6867,2610,760000,2,512,256,6210
6868,2610,760000,2,512,256,6210
6869,2610,760000,2,512,256,6210
6870,2610,760000,2,512,256,6210
6871,2611,760000,2,512,256,6211
6872,2611,760000,2,512,256,6211
6873,2611,760000,2,512,256,6211
6874,2611,760000,2,512,256,6211
6875,2612,760000,2,512,256,6212
6876,2612,760000,2,512,256,6212
6877,2612,760000,2,512,256,6212
6878,2612,760000,2,512,256,6212
6879,2613,760000,2,512,256,6213
6880,2613,760000,2,512,256,6213
6881,2613,760000,2,512,256,6213
6882,2613,760000,2,512,256,6213
6883,2613,760000,2,512,256,6213
6884,2614,760000,2,512,256,6214
6885,2614,760000,2,512,256,6214
6886,2614,760000,2,512,256,6214
6887,2614,760000,2,512,256,6214
6888,2614,760000,2,512,256,6214
6889,2615,760000,2,512,256,6215
6890,2615,760000,2,512,256,6215
6891,2615,760000,2,512,256,6215
6892,2615,760000,2,512,256,6215
6893,2616,760000,2,512,256,6216
6894,2616,760000,2,512,256,6216
6895,2616,760000,2,512,256,6216
6896,2616,760000,2,512,256,6216
6897,2617,760000,2,512,256,6217
6898,2618,760000,2,512,256,6218
6899,2618,760000,2,512,256,6218
6900,2618,760000,2,512,256,6218
6901,2618,760000,2,512,256,6218
6902,2618,760000,2,512,256,6218
6903,2619,760000,2,512,256,6219
6904,2619,760000,2,512,256,6219
6905,2619,760000,2,512,256,6219
6906,2620,760000,2,512,256,6220
6907,2620,760000,2,512,256,6220
6908,2620,760000,2,512,256,6220
6909,2620,760000,2,512,256,6220
6910,2620,760000,2,512,256,6220
6911,2621,760000,2,512,256,6221
6912,2621,760000,2,512,256,6221
6913,2621,760000,2,512,256,6221
6914,2621,760000,2,512,256,6221
6915,2621,760000,2,512,256,6221
6916,2622,760000,2,512,256,6222
6917,2622,760000,2,512,256,6222
6918,2622,760000,2,512,256,6222
6919,2622,760000,2,512,256,6222
6920,2622,760000,2,512,256,6222
6921,2622,760000,2,512,256,6222
6922,2622,760000,2,512,256,6222
6923,2623,760000,2,512,256,6223
6924,2623,760000,2,512,256,6223
6925,2623,760000,2,512,256,6223
6926,2624,760000,2,512,256,6224
6927,2624,760000,2,512,256,6224
6928,2624,760000,2,512,256,6224
6929,2625,760000,2,512,256,6225
6930,2625,760000,2,512,256,6225
6931,2625,760000,2,512,256,6225
6932,2626,760000,2,512,256,6226
6933,2626,760000,2,512,256,6226
6934,2626,760000,2,512,256,6226
6935,2626,760000,2,512,256,6226
6936,2627,760000,2,512,256,6227
6937,2627,760000,2,512,256,6227
6938,2628,760000,2,512,256,6228
6939,2628,760000,2,512,256,6228
6940,2628,760000,2,512,256,6228
6941,2628,760000,2,512,256,6228
6942,2628,760000,2,512,256,6228
6943,2628,760000,2,512,256,6228
6944,2629,760000,2,512,256,6229
6945,2629,760000,2,512,256,6229
6946,2629,760000,2,512,256,6229
6947,2629,760000,2,512,256,6229
6948,2629,760000,2,512,256,6229
6949,2629,760000,2,512,256,6229
6950,2629,760000,2,512,256,6229
6951,2629,760000,2,512,256,6229
6952,2630,760000,2,512,256,6230
6953,2630,760000,2,512,256,6230
6954,2631,760000,2,512,256,6231
6955,2631,760000,2,512,256,6231
6956,2631,760000,2,512,256,6231
6957,2631,760000,2,512,256,6231
6958,2631,760000,2,512,256,6231
6959,2631,760000,2,512,256,6231
6960,2632,760000,2,512,256,6232
6961,2632,760000,2,512,256,6232
6962,2632,760000,2,512,256,6232
6963,2633,760000,2,512,256,6233
6964,2633,760000,2,512,256,6233
6965,2633,760000,2,512,256,6233
6966,2634,760000,2,512,256,6234
6967,2634,760000,2,512,256,6234
6968,2634,760000,2,512,256,6234
6969,2634,760000,2,512,256,6234
6970,2635,760000,2,512,256,6235
6971,2635,760000,2,512,256,6235
6972,2635,760000,2,512,256,6235
6973,2635,760000,2,512,256,6235
6974,2635,760000,2,512,256,6235
6975,2636,760000,2,512,256,6236
6976,2637,760000,2,512,256,6237
6977,2637,760000,2,512,256,6237
6978,2637,760000,2,512,256,6237
6979,2638,760000,2,512,256,6238
6980,2638,760000,2,512,256,6238
6981,2638,760000,2,512,256,6238
6982,2639,760000,2,512,256,6239
6983,2639,760000,2,512,256,6239
6984,2640,760000,2,512,256,6240
6985,2640,760000,2,512,256,6240
6986,2640,760000,2,512,256,6240
6987,2640,760000,2,512,256,6240
6988,2640,760000,2,512,256,6240
6989,2640,760000,2,512,256,6240
6990,2640,760000,2,512,256,6240
6991,2640,760000,2,512,256,6240
6992,2640,760000,2,512,256,6240
6993,2640,760000,2,512,256,6240
6994,2640,760000,2,512,256,6240
6995,2640,760000,2,512,256,6240
6996,2641,760000,2,512,256,6241
6997,2641,760000,2,512,256,6241
6998,2641,760000,2,512,256,6241
6999,2641,760000,2,512,256,6241
7000,2641,760000,2,512,256,6241
7001,2642,760000,2,512,256,6242
7002,2642,760000,2,512,256,6242
7003,2642,760000,2,512,256,6242
7004,2642,760000,2,512,256,6242
7005,2643,760000,2,512,256,6243
7006,2643,760000,2,512,256,6243
7007,2644,760000,2,512,256,6244
7008,2644,760000,2,512,256,6244
7009,2644,760000,2,512,256,6244
7010,2644,760000,2,512,256,6244
7011,2644,760000,2,512,256,6244
7012,2644,760000,2,512,256,6244
7013,2645,760000,2,512,256,6245
7014,2645,760000,2,512,256,6245
7015,2645,760000,2,512,256,6245
7016,2645,760000,2,512,256,6245
7017,2645,760000,2,512,256,6245
7018,2646,760000,2,512,256,6246
7019,2646,760000,2,512,256,6246
7020,2646,760000,2,512,256,6246
7021,2646,760000,2,512,256,6246
7022,2646,760000,2,512,256,6246
7023,2646,760000,2,512,256,6246
7024,2647,760000,2,512,256,6247
7025,2647,760000,2,512,256,6247
7026,2647,760000,2,512,256,6247
7027,2648,760000,2,512,256,6248
7028,2648,760000,2,512,256,6248
7029,2648,760000,2,512,256,6248
7030,2648,760000,2,512,256,6248
7031,2648,760000,2,512,256,6248
7032,2648,760000,2,512,256,6248
7033,2649,760000,2,512,256,6249
7034,2649,760000,2,512,256,6249
7035,2649,760000,2,512,256,6249
7036,2649,760000,2,512,256,6249
7037,2649,760000,2,512,256,6249
7038,2649,760000,2,512,256,6249
7039,2650,760000,2,512,256,6250
7040,2650,760000,2,512,256,6250
7041,2650,760000,2,512,256,6250
7042,2651,760000,2,512,256,6251
7043,2651,760000,2,512,256,6251
7044,2651,760000,2,512,256,6251
7045,2651,760000,2,512,256,6251
7046,2651,760000,2,512,256,6251
7047,2651,760000,2,512,256,6251
7048,2651,760000,2,512,256,6251
7049,2652,760000,2,512,256,6252
7050,2652,760000,2,512,256,6252
7051,2652,760000,2,512,256,6252
7052,2652,760000,2,512,256,6252
7053,2653,760000,2,512,256,6253
7054,2653,760000,2,512,256,6253
7055,2653,760000,2,512,256,6253
7056,2654,760000,2,512,256,6254
7057,2654,760000,2,512,256,6254
7058,2654,760000,2,512,256,6254
7059,2654,760000,2,512,256,6254
7060,2654,760000,2,512,256,6254
7061,2654,760000,2,512,256,6254
7062,2655,760000,2,512,256,6255
7063,2655,760000,2,512,256,6255
7064,2655,760000,2,512,256,6255
7065,2656,760000,2,512,256,6256
7066,2656,760000,2,512,256,6256
7067,2656,760000,2,512,256,6256
7068,2656,760000,2,512,256,6256
7069,2656,760000,2,512,256,6256
7070,2657,760000,2,512,256,6257
7071,2657,760000,2,512,256,6257
7072,2657,760000,2,512,256,6257
7073,2657,760000,2,512,256,6257
7074,2657,760000,2,512,256,6257
7075,2657,760000,2,512,256,6257
7076,2657,760000,2,512,256,6257
7077,2657,760000,2,512,256,6257
7078,2657,760000,2,512,256,6257
7079,2657,760000,2,512,256,6257
7080,2657,760000,2,512,256,6257
7081,2657,760000,2,512,256,6257
7082,2658,760000,2,512,256,6258
7083,2658,760000,2,512,256,6258
7084,2658,760000,2,512,256,6258
7085,2659,760000,2,512,256,6259
7086,2659,760000,2,512,256,6259
7087,2659,760000,2,512,256,6259
7088,2659,760000,2,512,256,6259
7089,2660,760000,2,512,256,6260
7090,2660,760000,2,512,256,6260
7091,2660,760000,2,512,256,6260
7092,2660,760000,2,512,256,6260
7093,2660,760000,2,512,256,6260
7094,2660,760000,2,512,256,6260
7095,2661,760000,2,512,256,6261
7096,2661,760000,2,512,256,6261
7097,2661,760000,2,512,256,6261
7098,2661,760000,2,512,256,6261
7099,2661,760000,2,512,256,6261
7100,2661,760000,2,512,256,6261
7101,2661,760000,2,512,256,6261
7102,2661,760000,2,512,256,6261
7103,2662,760000,2,512,256,6262
7104,2662,760000,2,512,256,6262
7105,2662,760000,2,512,256,6262
7106,2662,760000,2,512,256,6262
7107,2662,760000,2,512,256,6262
7108,2662,760000,2,512,256,6262
7109,2663,760000,2,512,256,6263
7110,2663,760000,2,512,256,6263
7111,2663,760000,2,512,256,6263
7112,2663,760000,2,512,256,6263
7113,2664,760000,2,512,256,6264
7114,2664,760000,2,512,256,6264
7115,2664,760000,2,512,256,6264
7116,2664,760000,2,512,256,6264
7117,2664,760000,2,512,256,6264
7118,2665,760000,2,512,256,6265
7119,2665,760000,2,512,256,6265
7120,2665,760000,2,512,256,6265
7121,2665,760000,2,512,256,6265
7122,2665,760000,2,512,256,6265
7123,2665,760000,2,512,256,6265
7124,2665,760000,2,512,256,6265
7125,2665,760000,2,512,256,6265
7126,2665,760000,2,512,256,6265
7127,2666,760000,2,512,256,6266
7128,2666,760000,2,512,256,6266
7129,2666,760000,2,512,256,6266
7130,2666,760000,2,512,256,6266
7131,2666,760000,2,512,256,6266
7132,2666,760000,2,512,256,6266
7133,2667,760000,2,512,256,6267
7134,2667,760000,2,512,256,6267
7135,2667,760000,2,512,256,6267
7136,2667,760000,2,512,256,6267
7137,2667,760000,2,512,256,6267
7138,2667,760000,2,512,256,6267
7139,2667,760000,2,512,256,6267
7140,2667,760000,2,512,256,6267
7141,2667,760000,2,512,256,6267
7142,2668,760000,2,512,256,6268
7143,2669,760000,2,512,256,6269
7144,2669,760000,2,512,256,6269
7145,2669,760000,2,512,256,6269
7146,2669,760000,2,512,256,6269
7147,2669,760000,2,512,256,6269
7148,2669,760000,2,512,256,6269
7149,2669,760000,2,512,256,6269
7150,2669,760000,2,512,256,6269
7151,2670,760000,2,512,256,6270
7152,2670,760000,2,512,256,6270
7153,2670,760000,2,512,256,6270
7154,2670,760000,2,512,256,6270
7155,2671,760000,2,512,256,6271
7156,2671,760000,2,512,256,6271
7157,2671,760000,2,512,256,6271
7158,2671,760000,2,512,256,6271
7159,2671,760000,2,512,256,6271
7160,2672,760000,2,512,256,6272
7161,2673,760000,2,512,256,6273
7162,2673,760000,2,512,256,6273
7163,2673,760000,2,512,256,6273
7164,2674,760000,2,512,256,6274
7165,2674,760000,2,512,256,6274
7166,2674,760000,2,512,256,6274
7167,2674,760000,2,512,256,6274
7168,2674,760000,2,512,256,6274
7169,2674,760000,2,512,256,6274
7170,2674,760000,2,512,256,6274
7171,2675,760000,2,512,256,6275
7172,2675,760000,2,512,256,6275
7173,2675,760000,2,512,256,6275
7174,2675,760000,2,512,256,6275
7175,2675,760000,2,512,256,6275
7176,2676,760000,2,512,256,6276
7177,2676,760000,2,512,256,6276
7178,2676,760000,2,512,256,6276
7179,2676,760000,2,512,256,6276
7180,2677,760000,2,512,256,6277
7181,2677,760000,2,512,256,6277
7182,2677,760000,2,512,256,6277
7183,2678,760000,2,512,256,6278
7184,2678,760000,2,512,256,6278
7185,2678,760000,2,512,256,6278
7186,2678,760000,2,512,256,6278
7187,2679,760000,2,512,256,6279
7188,2679,760000,2,512,256,6279
7189,2679,760000,2,512,256,6279
7190,2679,760000,2,512,256,6279
7191,2680,760000,2,512,256,6280
7192,2680,760000,2,512,256,6280
7193,2680,760000,2,512,256,6280
7194,2680,760000,2,512,256,6280
7195,2680,760000,2,512,256,6280
7196,2680,760000,2,512,256,6280
7197,2680,760000,2,512,256,6280
7198,2681,760000,2,512,256,6281
7199,2681,760000,2,512,256,6281
7200,2681,760000,2,512,256,6281
7201,2681,760000,2,512,256,6281
7202,2681,760000,2,512,256,6281
7203,2681,760000,2,512,256,6281
7204,2682,760000,2,512,256,6282
7205,2682,760000,2,512,256,6282
7206,2682,760000,2,512,256,6282
7207,2682,760000,2,512,256,6282
7208,2682,760000,2,512,256,6282
7209,2683,760000,2,512,256,6283
7210,2684,760000,2,512,256,6284
7211,2684,760000,2,512,256,6284
7212,2684,760000,2,512,256,6284
7213,2684,760000,2,512,256,6284
7214,2684,760000,2,512,256,6284
7215,2685,760000,2,512,256,6285
7216,2685,760000,2,512,256,6285
7217,2685,760000,2,512,256,6285
7218,2685,760000,2,512,256,6285
7219,2685,760000,2,512,256,6285
7220,2685,760000,2,512,256,6285
7221,2685,760000,2,512,256,6285
7222,2686,760000,2,512,256,6286
7223,2686,760000,2,512,256,6286
7224,2686,760000,2,512,256,6286
7225,2686,760000,2,512,256,6286
7226,2686,760000,2,512,256,6286
7227,2686,760000,2,512,256,6286
7228,2686,760000,2,512,256,6286
7229,2687,760000,2,512,256,6287
7230,2687,760000,2,512,256,6287
7231,2687,760000,2,512,256,6287
7232,2688,760000,2,512,256,6288
7233,2688,760000,2,512,256,6288
7234,2688,760000,2,512,256,6288
7235,2688,760000,2,512,256,6288
7236,2688,760000,2,512,256,6288
7237,2689,760000,2,512,256,6289
7238,2689,760000,2,512,256,6289
7239,2689,760000,2,512,256,6289
7240,2689,760000,2,512,256,6289
7241,2689,760000,2,512,256,6289
7242,2689,760000,2,512,256,6289
7243,2689,760000,2,512,256,6289
7244,2689,760000,2,512,256,6289
7245,2689,760000,2,512,256,6289
7246,2690,760000,2,512,256,6290
7247,2690,760000,2,512,256,6290
7248,2690,760000,2,512,256,6290
7249,2690,760000,2,512,256,6290
7250,2690,760000,2,512,256,6290
7251,2691,760000,2,512,256,6291
7252,2691,760000,2,512,256,6291
7253,2691,760000,2,512,256,6291
7254,2691,760000,2,512,256,6291
7255,2691,760000,2,512,256,6291
7256,2691,760000,2,512,256,6291
7257,2691,760000,2,512,256,6291
7258,2692,760000,2,512,256,6292
7259,2692,760000,2,512,256,6292
7260,2692,760000,2,512,256,6292
7261,2692,760000,2,512,256,6292
7262,2692,760000,2,512,256,6292
7263,2693,760000,2,512,256,6293
7264,2693,760000,2,512,256,6293
7265,2693,760000,2,512,256,6293
7266,2693,760000,2,512,256,6293
7267,2693,760000,2,512,256,6293
7268,2694,760000,2,512,256,6294
7269,2694,760000,2,512,256,6294
7270,2694,760000,2,512,256,6294
7271,2694,760000,2,512,256,6294
7272,2694,760000,2,512,256,6294
7273,2694,760000,2,512,256,6294
7274,2695,760000,2,512,256,6295
7275,2695,760000,2,512,256,6295
7276,2695,760000,2,512,256,6295
7277,2695,760000,2,512,256,6295
7278,2695,760000,2,512,256,6295
7279,2696,760000,2,512,256,6296
7280,2696,760000,2,512,256,6296
7281,2696,760000,2,512,256,6296
7282,2697,760000,2,512,256,6297
7283,2698,760000,2,512,256,6298
7284,2699,760000,2,512,256,6299
7285,2699,760000,2,512,256,6299
7286,2699,760000,2,512,256,6299
7287,2700,760000,2,512,256,6300
7288,2700,760000,2,512,256,6300
7289,2700,760000,2,512,256,6300
7290,2701,760000,2,512,256,6301
7291,2701,760000,2,512,256,6301
7292,2701,760000,2,512,256,6301
7293,2701,760000,2,512,256,6301
7294,2701,760000,2,512,256,6301
7295,2702,760000,2,512,256,6302
7296,2703,760000,2,512,256,6303
7297,2703,760000,2,512,256,6303
7298,2703,760000,2,512,256,6303
7299,2703,760000,2,512,256,6303
7300,2703,760000,2,512,256,6303
7301,2704,760000,2,512,256,6304
7302,2704,760000,2,512,256,6304
7303,2704,760000,2,512,256,6304
7304,2704,760000,2,512,256,6304
7305,2704,760000,2,512,256,6304
7306,2704,760000,2,512,256,6304
7307,2705,760000,2,512,256,6305
7308,2705,760000,2,512,256,6305
7309,2705,760000,2,512,256,6305
7310,2706,760000,2,512,256,6306
7311,2706,760000,2,512,256,6306
7312,2706,760000,2,512,256,6306
7313,2707,760000,2,512,256,6307
7314,2707,760000,2,512,256,6307
7315,2708,760000,2,512,256,6308
7316,2708,760000,2,512,256,6308
7317,2708,760000,2,512,256,6308
7318,2708,760000,2,512,256,6308
7319,2708,760000,2,512,256,6308
7320,2708,760000,2,512,256,6308
7321,2708,760000,2,512,256,6308
7322,2708,760000,2,512,256,6308
7323,2709,760000,2,512,256,6309
7324,2709,760000,2,512,256,6309
7325,2709,760000,2,512,256,6309
7326,2710,760000,2,512,256,6310
7327,2710,760000,2,512,256,6310
7328,2710,760000,2,512,256,6310
7329,2711,760000,2,512,256,6311
7330,2711,760000,2,512,256,6311
7331,2711,760000,2,512,256,6311
7332,2711,760000,2,512,256,6311
7333,2711,760000,2,512,256,6311
7334,2712,760000,2,512,256,6312
7335,2712,760000,2,512,256,6312
7336,2712,760000,2,512,256,6312
7337,2712,760000,2,512,256,6312
7338,2712,760000,2,512,256,6312
7339,2712,760000,2,512,256,6312
7340,2713,760000,2,512,256,6313
7341,2713,760000,2,512,256,6313
7342,2713,760000,2,512,256,6313
7343,2713,760000,2,512,256,6313
7344,2714,760000,2,512,256,6314
7345,2714,760000,2,512,256,6314
7346,2714,760000,2,512,256,6314
7347,2715,760000,2,512,256,6315
7348,2715,760000,2,512,256,6315
7349,2715,760000,2,512,256,6315
7350,2715,760000,2,512,256,6315
7351,2716,760000,2,512,256,6316
7352,2716,760000,2,512,256,6316
7353,2717,760000,2,512,256,6317
7354,2717,760000,2,512,256,6317
7355,2717,760000,2,512,256,6317
7356,2717,760000,2,512,256,6317
7357,2718,760000,2,512,256,6318
7358,2718,760000,2,512,256,6318
7359,2718,760000,2,512,256,6318
7360,2718,760000,2,512,256,6318
7361,2718,760000,2,512,256,6318
7362,2718,760000,2,512,256,6318
7363,2718,760000,2,512,256,6318
7364,2719,760000,2,512,256,6319
7365,2719,760000,2,512,256,6319
7366,2720,760000,2,512,256,6320
7367,2720,760000,2,512,256,6320
7368,2720,760000,2,512,256,6320
7369,2720,760000,2,512,256,6320
7370,2721,760000,2,512,256,6321
7371,2721,760000,2,512,256,6321
7372,2721,760000,2,512,256,6321
7373,2721,760000,2,512,256,6321
7374,2721,760000,2,512,256,6321
7375,2721,760000,2,512,256,6321
7376,2721,760000,2,512,256,6321
7377,2722,760000,2,512,256,6322
7378,2722,760000,2,512,256,6322
7379,2722,760000,2,512,256,6322
7380,2722,760000,2,512,256,6322
7381,2722,760000,2,512,256,6322
7382,2723,760000,2,512,256,6323
7383,2723,760000,2,512,256,6323
7384,2723,760000,2,512,256,6323
7385,2723,760000,2,512,256,6323
7386,2723,760000,2,512,256,6323
7387,2724,760000,2,512,256,6324
7388,2724,760000,2,512,256,6324
7389,2724,760000,2,512,256,6324
7390,2725,760000,2,512,256,6325
7391,2725,760000,2,512,256,6325
7392,2725,760000,2,512,256,6325
7393,2725,760000,2,512,256,6325
7394,2725,760000,2,512,256,6325
7395,2725,760000,2,512,256,6325
7396,2725,760000,2,512,256,6325
7397,2726,760000,2,512,256,6326
7398,2726,760000,2,512,256,6326
7399,2726,760000,2,512,256,6326
7400,2726,760000,2,512,256,6326
7401,2727,760000,2,512,256,6327
7402,2727,760000,2,512,256,6327
7403,2727,760000,2,512,256,6327
7404,2728,760000,2,512,256,6328
7405,2728,760000,2,512,256,6328
7406,2729,760000,2,512,256,6329
7407,2729,760000,2,512,256,6329
7408,2729,760000,2,512,256,6329
7409,2729,760000,2,512,256,6329
7410,2729,760000,2,512,256,6329
7411,2729,760000,2,512,256,6329
7412,2729,760000,2,512,256,6329
7413,2730,760000,2,512,256,6330
7414,2731,760000,2,512,256,6331
7415,2731,760000,2,512,256,6331
7416,2731,760000,2,512,256,6331
7417,2731,760000,2,512,256,6331
7418,2731,760000,2,512,256,6331
7419,2731,760000,2,512,256,6331
7420,2731,760000,2,512,256,6331
7421,2732,760000,2,512,256,6332
7422,2732,760000,2,512,256,6332
7423,2732,760000,2,512,256,6332
7424,2732,760000,2,512,256,6332
7425,2732,760000,2,512,256,6332
7426,2733,760000,2,512,256,6333
7427,2733,760000,2,512,256,6333
7428,2733,760000,2,512,256,6333
7429,2734,760000,2,512,256,6334
7430,2735,760000,2,512,256,6335
7431,2735,760000,2,512,256,6335
7432,2735,760000,2,512,256,6335
7433,2735,760000,2,512,256,6335
7434,2735,760000,2,512,256,6335
7435,2736,760000,2,512,256,6336
7436,2736,760000,2,512,256,6336
7437,2736,760000,2,512,256,6336
7438,2736,760000,2,512,256,6336
7439,2736,760000,2,512,256,6336
7440,2736,760000,2,512,256,6336
7441,2736,760000,2,512,256,6336
7442,2736,760000,2,512,256,6336
7443,2737,760000,2,512,256,6337
7444,2737,760000,2,512,256,6337
7445,2738,760000,2,512,256,6338
7446,2738,760000,2,512,256,6338
7447,2738,760000,2,512,256,6338
7448,2738,760000,2,512,256,6338
7449,2738,760000,2,512,256,6338
7450,2739,760000,2,512,256,6339
7451,2739,760000,2,512,256,6339
7452,2739,760000,2,512,256,6339
7453,2739,760000,2,512,256,6339
7454,2739,760000,2,512,256,6339
7455,2740,760000,2,512,256,6340
7456,2740,760000,2,512,256,6340
7457,2740,760000,2,512,256,6340
7458,2740,760000,2,512,256,6340
7459,2740,760000,2,512,256,6340
7460,2740,760000,2,512,256,6340
7461,2741,760000,2,512,256,6341
7462,2741,760000,2,512,256,6341
7463,2741,760000,2,512,256,6341
7464,2741,760000,2,512,256,6341
7465,2742,760000,2,512,256,6342
7466,2742,760000,2,512,256,6342
7467,2742,760000,2,512,256,6342
7468,2743,760000,2,512,256,6343
7469,2743,760000,2,512,256,6343
7470,2743,760000,2,512,256,6343
7471,2743,760000,2,512,256,6343
7472,2744,760000,2,512,256,6344
7473,2744,760000,2,512,256,6344
7474,2744,760000,2,512,256,6344
7475,2745,760000,2,512,256,6345
7476,2745,760000,2,512,256,6345
7477,2745,760000,2,512,256,6345
7478,2745,760000,2,512,256,6345
7479,2745,760000,2,512,256,6345
7480,2746,760000,2,512,256,6346
7481,2746,760000,2,512,256,6346
7482,2746,760000,2,512,256,6346
7483,2746,760000,2,512,256,6346
7484,2747,760000,2,512,256,6347
7485,2748,760000,2,512,256,6348
7486,2748,760000,2,512,256,6348
7487,2748,760000,2,512,256,6348
7488,2748,760000,2,512,256,6348
7489,2748,760000,2,512,256,6348
7490,2748,760000,2,512,256,6348
7491,2749,760000,2,512,256,6349
7492,2749,760000,2,512,256,6349
7493,2749,760000,2,512,256,6349
7494,2750,760000,2,512,256,6350
7495,2750,760000,2,512,256,6350
7496,2751,760000,2,512,256,6351
7497,2751,760000,2,512,256,6351
7498,2751,760000,2,512,256,6351
7499,2751,760000,2,512,256,6351
7500,2751,760000,2,512,256,6351
7501,2751,760000,2,512,256,6351
7502,2751,760000,2,512,256,6351
7503,2751,760000,2,512,256,6351
7504,2751,760000,2,512,256,6351
7505,2751,760000,2,512,256,6351
7506,2752,760000,2,512,256,6352
7507,2752,760000,2,512,256,6352
7508,2753,760000,2,512,256,6353
7509,2753,760000,2,512,256,6353
7510,2753,760000,2,512,256,6353
7511,2753,760000,2,512,256,6353
7512,2753,760000,2,512,256,6353
7513,2754,760000,2,512,256,6354
7514,2754,760000,2,512,256,6354
7515,2754,760000,2,512,256,6354
7516,2755,760000,2,512,256,6355
7517,2755,760000,2,512,256,6355
7518,2756,760000,2,512,256,6356
7519,2756,760000,2,512,256,6356
7520,2756,760000,2,512,256,6356
7521,2756,760000,2,512,256,6356
7522,2756,760000,2,512,256,6356
7523,2756,760000,2,512,256,6356
7524,2757,760000,2,512,256,6357
7525,2757,760000,2,512,256,6357
7526,2757,760000,2,512,256,6357
7527,2757,760000,2,512,256,6357
7528,2757,760000,2,512,256,6357
7529,2757,760000,2,512,256,6357
7530,2758,760000,2,512,256,6358
7531,2758,760000,2,512,256,6358
7532,2758,760000,2,512,256,6358
7533,2758,760000,2,512,256,6358
7534,2759,760000,2,512,256,6359
7535,2759,760000,2,512,256,6359
7536,2759,760000,2,512,256,6359
7537,2759,760000,2,512,256,6359
7538,2759,760000,2,512,256,6359
7539,2760,760000,2,512,256,6360
7540,2760,760000,2,512,256,6360
7541,2760,760000,2,512,256,6360
7542,2760,760000,2,512,256,6360
7543,2760,760000,2,512,256,6360
7544,2760,760000,2,512,256,6360
7545,2760,760000,2,512,256,6360
7546,2761,760000,2,512,256,6361
7547,2761,760000,2,512,256,6361
7548,2761,760000,2,512,256,6361
7549,2761,760000,2,512,256,6361
7550,2762,760000,2,512,256,6362
7551,2762,760000,2,512,256,6362
7552,2762,760000,2,512,256,6362
7553,2762,760000,2,512,256,6362
7554,2762,760000,2,512,256,6362
7555,2763,760000,2,512,256,6363
7556,2763,760000,2,512,256,6363
7557,2763,760000,2,512,256,6363
7558,2763,760000,2,512,256,6363
7559,2763,760000,2,512,256,6363
7560,2763,760000,2,512,256,6363
7561,2763,760000,2,512,256,6363
7562,2763,760000,2,512,256,6363
7563,2763,760000,2,512,256,6363
7564,2764,760000,2,512,256,6364
7565,2764,760000,2,512,256,6364
7566,2764,760000,2,512,256,6364
7567,2764,760000,2,512,256,6364
7568,2764,760000,2,512,256,6364
7569,2765,760000,2,512,256,6365
7570,2765,760000,2,512,256,6365
7571,2765,760000,2,512,256,6365
7572,2766,760000,2,512,256,6366
7573,2766,760000,2,512,256,6366
7574,2766,760000,2,512,256,6366
7575,2766,760000,2,512,256,6366
7576,2767,760000,2,512,256,6367
7577,2767,760000,2,512,256,6367
7578,2767,760000,2,512,256,6367
7579,2767,760000,2,512,256,6367
7580,2767,760000,2,512,256,6367
7581,2768,760000,2,512,256,6368
7582,2768,760000,2,512,256,6368
7583,2768,760000,2,512,256,6368
7584,2768,760000,2,512,256,6368
7585,2768,760000,2,512,256,6368
7586,2768,760000,2,512,256,6368
7587,2768,760000,2,512,256,6368
7588,2768,760000,2,512,256,6368
7589,2769,760000,2,512,256,6369
7590,2769,760000,2,512,256,6369
7591,2769,760000,2,512,256,6369
7592,2769,760000,2,512,256,6369
7593,2769,760000,2,512,256,6369
7594,2770,760000,2,512,256,6370
7595,2770,760000,2,512,256,6370
7596,2771,760000,2,512,256,6371
7597,2771,760000,2,512,256,6371
7598,2771,760000,2,512,256,6371
7599,2771,760000,2,512,256,6371
7600,2771,760000,2,512,256,6371
7601,2772,760000,2,512,256,6372
7602,2772,760000,2,512,256,6372
7603,2772,760000,2,512,256,6372
7604,2772,760000,2,512,256,6372
7605,2773,760000,2,512,256,6373
7606,2773,760000,2,512,256,6373
7607,2773,760000,2,512,256,6373
7608,2775,760000,2,512,256,6375
7609,2775,760000,2,512,256,6375
7610,2775,760000,2,512,256,6375
7611,2775,760000,2,512,256,6375
7612,2775,760000,2,512,256,6375
7613,2775,760000,2,512,256,6375
7614,2776,760000,2,512,256,6376
7615,2776,760000,2,512,256,6376
7616,2776,760000,2,512,256,6376
7617,2776,760000,2,512,256,6376
7618,2777,760000,2,512,256,6377
7619,2777,760000,2,512,256,6377
7620,2777,760000,2,512,256,6377
7621,2777,760000,2,512,256,6377
7622,2778,760000,2,512,256,6378
7623,2778,760000,2,512,256,6378
7624,2779,760000,2,512,256,6379
7625,2779,760000,2,512,256,6379
7626,2779,760000,2,512,256,6379
7627,2779,760000,2,512,256,6379
7628,2779,760000,2,512,256,6379
7629,2779,760000,2,512,256,6379
7630,2780,760000,2,512,256,6380
7631,2780,760000,2,512,256,6380
7632,2780,760000,2,512,256,6380
7633,2781,760000,2,512,256,6381
7634,2781,760000,2,512,256,6381
7635,2781,760000,2,512,256,6381
7636,2781,760000,2,512,256,6381
7637,2782,760000,2,512,256,6382
7638,2782,760000,2,512,256,6382
7639,2782,760000,2,512,256,6382
7640,2782,760000,2,512,256,6382
7641,2782,760000,2,512,256,6382
7642,2783,760000,2,512,256,6383
7643,2783,760000,2,512,256,6383
7644,2784,760000,2,512,256,6384
7645,2784,760000,2,512,256,6384
7646,2784,760000,2,512,256,6384
7647,2785,760000,2,512,256,6385
7648,2785,760000,2,512,256,6385
7649,2786,760000,2,512,256,6386
7650,2786,760000,2,512,256,6386
7651,2786,760000,2,512,256,6386
7652,2787,760000,2,512,256,6387
7653,2787,760000,2,512,256,6387
7654,2787,760000,2,512,256,6387
7655,2787,760000,2,512,256,6387
7656,2787,760000,2,512,256,6387
7657,2788,760000,2,512,256,6388
7658,2788,760000,2,512,256,6388
7659,2788,760000,2,512,256,6388
7660,2788,760000,2,512,256,6388
7661,2788,760000,2,512,256,6388
7662,2789,760000,2,512,256,6389
7663,2789,760000,2,512,256,6389
7664,2789,760000,2,512,256,6389
7665,2789,760000,2,512,256,6389
7666,2789,760000,2,512,256,6389
7667,2790,760000,2,512,256,6390
7668,2790,760000,2,512,256,6390
7669,2790,760000,2,512,256,6390
7670,2791,760000,2,512,256,6391
7671,2791,760000,2,512,256,6391
7672,2792,760000,2,512,256,6392
7673,2792,760000,2,512,256,6392
7674,2792,760000,2,512,256,6392
7675,2793,760000,2,512,256,6393
7676,2793,760000,2,512,256,6393
7677,2793,760000,2,512,256,6393
7678,2794,760000,2,512,256,6394
7679,2794,760000,2,512,256,6394
7680,2794,760000,2,512,256,6394
7681,2795,760000,2,512,256,6395
7682,2795,760000,2,512,256,6395
7683,2795,760000,2,512,256,6395
7684,2795,760000,2,512,256,6395
7685,2795,760000,2,512,256,6395
7686,2795,760000,2,512,256,6395
7687,2795,760000,2,512,256,6395
7688,2795,760000,2,512,256,6395
7689,2795,760000,2,512,256,6395
7690,2796,760000,2,512,256,6396
7691,2796,760000,2,512,256,6396
7692,2797,760000,2,512,256,6397
7693,2797,760000,2,512,256,6397
7694,2798,760000,2,512,256,6398
7695,2798,760000,2,512,256,6398
7696,2798,760000,2,512,256,6398
7697,2798,760000,2,512,256,6398
7698,2798,760000,2,512,256,6398
7699,2798,760000,2,512,256,6398
7700,2798,760000,2,512,256,6398
7701,2798,760000,2,512,256,6398
7702,2799,760000,2,512,256,6399
7703,2800,760000,2,512,256,6400
7704,2800,760000,2,512,256,6400
7705,2800,760000,2,512,256,6400
7706,2800,760000,2,512,256,6400
7707,2801,760000,2,512,256,6401
7708,2801,760000,2,512,256,6401
7709,2801,760000,2,512,256,6401
7710,2801,760000,2,512,256,6401
7711,2801,760000,2,512,256,6401
7712,2801,760000,2,512,256,6401
7713,2801,760000,2,512,256,6401
7714,2801,760000,2,512,256,6401
7715,2801,760000,2,512,256,6401
7716,2801,760000,2,512,256,6401
7717,2802,760000,2,512,256,6402
7718,2802,760000,2,512,256,6402
7719,2802,760000,2,512,256,6402
7720,2803,760000,2,512,256,6403
7721,2803,760000,2,512,256,6403
7722,2803,760000,2,512,256,6403
7723,2804,760000,2,512,256,6404
7724,2804,760000,2,512,256,6404
7725,2804,760000,2,512,256,6404
7726,2805,760000,2,512,256,6405
7727,2805,760000,2,512,256,6405
7728,2805,760000,2,512,256,6405
7729,2806,760000,2,512,256,6406
7730,2806,760000,2,512,256,6406
7731,2807,760000,2,512,256,6407
7732,2807,760000,2,512,256,6407
7733,2807,760000,2,512,256,6407
7734,2807,760000,2,512,256,6407
7735,2807,760000,2,512,256,6407
7736,2807,760000,2,512,256,6407
7737,2808,760000,2,512,256,6408
7738,2808,760000,2,512,256,6408
7739,2808,760000,2,512,256,6408
7740,2809,760000,2,512,256,6409
7741,2810,760000,2,512,256,6410
7742,2810,760000,2,512,256,6410
7743,2810,760000,2,512,256,6410
7744,2810,760000,2,512,256,6410
7745,2811,760000,2,512,256,6411
7746,2811,760000,2,512,256,6411
7747,2811,760000,2,512,256,6411
7748,2811,760000,2,512,256,6411
7749,2811,760000,2,512,256,6411
7750,2811,760000,2,512,256,6411
7751,2812,760000,2,512,256,6412
7752,2812,760000,2,512,256,6412
7753,2812,760000,2,512,256,6412
7754,2813,760000,2,512,256,6413
7755,2813,760000,2,512,256,6413
7756,2814,760000,2,512,256,6414
7757,2814,760000,2,512,256,6414
7758,2815,760000,2,512,256,6415
7759,2816,760000,2,512,256,6416
7760,2816,760000,2,512,256,6416
7761,2816,760000,2,512,256,6416
7762,2816,760000,2,512,256,6416
7763,2816,760000,2,512,256,6416
7764,2816,760000,2,512,256,6416
7765,2816,760000,2,512,256,6416
7766,2817,760000,2,512,256,6417
7767,2817,760000,2,512,256,6417
7768,2817,760000,2,512,256,6417
7769,2817,760000,2,512,256,6417
7770,2817,760000,2,512,256,6417
7771,2817,760000,2,512,256,6417
7772,2818,760000,2,512,256,6418
7773,2818,760000,2,512,256,6418
7774,2818,760000,2,512,256,6418
7775,2818,760000,2,512,256,6418
7776,2819,760000,2,512,256,6419
7777,2819,760000,2,512,256,6419
7778,2819,760000,2,512,256,6419
7779,2820,760000,2,512,256,6420
7780,2820,760000,2,512,256,6420
7781,2820,760000,2,512,256,6420
7782,2820,760000,2,512,256,6420
7783,2821,760000,2,512,256,6421
7784,2821,760000,2,512,256,6421
7785,2821,760000,2,512,256,6421
7786,2822,760000,2,512,256,6422
7787,2822,760000,2,512,256,6422
7788,2822,760000,2,512,256,6422
7789,2823,760000,2,512,256,6423
7790,2823,760000,2,512,256,6423
7791,2824,760000,2,512,256,6424
7792,2824,760000,2,512,256,6424
7793,2824,760000,2,512,256,6424
7794,2824,760000,2,512,256,6424
7795,2824,760000,2,512,256,6424
7796,2824,760000,2,512,256,6424
7797,2824,760000,2,512,256,6424
7798,2824,760000,2,512,256,6424
7799,2825,760000,2,512,256,6425
7800,2825,760000,2,512,256,6425
7801,2825,760000,2,512,256,6425
7802,2825,760000,2,512,256,6425
7803,2825,760000,2,512,256,6425
7804,2825,760000,2,512,256,6425
7805,2826,760000,2,512,256,6426
7806,2826,760000,2,512,256,6426
7807,2826,760000,2,512,256,6426
7808,2826,760000,2,512,256,6426
7809,2826,760000,2,512,256,6426
7810,2826,760000,2,512,256,6426
7811,2827,760000,2,512,256,6427
7812,2827,760000,2,512,256,6427
7813,2827,760000,2,512,256,6427
7814,2827,760000,2,512,256,6427
7815,2827,760000,2,512,256,6427
7816,2827,760000,2,512,256,6427
7817,2828,760000,2,512,256,6428
7818,2828,760000,2,512,256,6428
7819,2828,760000,2,512,256,6428
7820,2829,760000,2,512,256,6429
7821,2829,760000,2,512,256,6429
7822,2829,760000,2,512,256,6429
7823,2829,760000,2,512,256,6429
7824,2829,760000,2,512,256,6429
7825,2829,760000,2,512,256,6429
7826,2829,760000,2,512,256,6429
7827,2830,760000,2,512,256,6430
7828,2830,760000,2,512,256,6430
7829,2830,760000,2,512,256,6430
7830,2830,760000,2,512,256,6430
7831,2830,760000,2,512,256,6430
7832,2830,760000,2,512,256,6430
7833,2830,760000,2,512,256,6430
7834,2830,760000,2,512,256,6430
7835,2831,760000,2,512,256,6431
7836,2831,760000,2,512,256,6431
7837,2831,760000,2,512,256,6431
7838,2831,760000,2,512,256,6431
7839,2832,760000,2,512,256,6432
7840,2832,760000,2,512,256,6432
7841,2832,760000,2,512,256,6432
7842,2832,760000,2,512,256,6432
7843,2832,760000,2,512,256,6432
7844,2833,760000,2,512,256,6433
7845,2833,760000,2,512,256,6433
7846,2833,760000,2,512,256,6433
7847,2833,760000,2,512,256,6433
7848,2833,760000,2,512,256,6433
7849,2834,760000,2,512,256,6434
7850,2834,760000,2,512,256,6434
7851,2834,760000,2,512,256,6434
7852,2834,760000,2,512,256,6434
7853,2835,760000,2,512,256,6435
7854,2835,760000,2,512,256,6435
7855,2836,760000,2,512,256,6436
7856,2836,760000,2,512,256,6436
7857,2837,760000,2,512,256,6437
7858,2837,760000,2,512,256,6437
7859,2837,760000,2,512,256,6437
7860,2837,760000,2,512,256,6437
7861,2838,760000,2,512,256,6438
7862,2838,760000,2,512,256,6438
7863,2838,760000,2,512,256,6438
7864,2838,760000,2,512,256,6438
7865,2838,760000,2,512,256,6438
7866,2838,760000,2,512,256,6438
7867,2838,760000,2,512,256,6438
7868,2839,760000,2,512,256,6439
7869,2840,760000,2,512,256,6440
7870,2840,760000,2,512,256,6440
7871,2840,760000,2,512,256,6440
7872,2841,760000,2,512,256,6441
7873,2841,760000,2,512,256,6441
7874,2842,760000,2,512,256,6442
7875,2842,760000,2,512,256,6442
7876,2842,760000,2,512,256,6442
7877,2842,760000,2,512,256,6442
7878,2843,760000,2,512,256,6443
7879,2843,760000,2,512,256,6443
7880,2843,760000,2,512,256,6443
7881,2843,760000,2,512,256,6443
7882,2844,760000,2,512,256,6444
7883,2844,760000,2,512,256,6444
7884,2844,760000,2,512,256,6444
7885,2844,760000,2,512,256,6444
7886,2845,760000,2,512,256,6445
7887,2845,760000,2,512,256,6445
7888,2845,760000,2,512,256,6445
7889,2845,760000,2,512,256,6445
7890,2846,760000,2,512,256,6446
7891,2846,760000,2,512,256,6446
7892,2846,760000,2,512,256,6446
7893,2846,760000,2,512,256,6446
7894,2846,760000,2,512,256,6446
7895,2846,760000,2,512,256,6446
7896,2847,760000,2,512,256,6447
7897,2847,760000,2,512,256,6447
7898,2847,760000,2,512,256,6447
7899,2847,760000,2,512,256,6447
7900,2847,760000,2,512,256,6447
7901,2847,760000,2,512,256,6447
7902,2847,760000,2,512,256,6447
7903,2848,760000,2,512,256,6448
7904,2848,760000,2,512,256,6448
7905,2849,760000,2,512,256,6449
7906,2849,760000,2,512,256,6449
7907,2849,760000,2,512,256,6449
7908,2849,760000,2,512,256,6449
7909,2850,760000,2,512,256,6450
7910,2850,760000,2,512,256,6450
7911,2850,760000,2,512,256,6450
7912,2850,760000,2,512,256,6450
7913,2851,760000,2,512,256,6451
7914,2851,760000,2,512,256,6451
7915,2851,760000,2,512,256,6451
7916,2851,760000,2,512,256,6451
7917,2851,760000,2,512,256,6451
7918,2851,760000,2,512,256,6451
7919,2852,760000,2,512,256,6452
7920,2852,760000,2,512,256,6452
7921,2852,760000,2,512,256,6452
7922,2853,760000,2,512,256,6453
7923,2853,760000,2,512,256,6453
7924,2853,760000,2,512,256,6453
7925,2853,760000,2,512,256,6453
7926,2854,760000,2,512,256,6454
7927,2854,760000,2,512,256,6454
7928,2854,760000,2,512,256,6454
7929,2854,760000,2,512,256,6454
7930,2855,760000,2,512,256,6455
7931,2855,760000,2,512,256,6455
7932,2855,760000,2,512,256,6455
7933,2855,760000,2,512,256,6455
7934,2855,760000,2,512,256,6455
7935,2855,760000,2,512,256,6455
7936,2855,760000,2,512,256,6455
7937,2855,760000,2,512,256,6455
7938,2855,760000,2,512,256,6455
7939,2855,760000,2,512,256,6455
7940,2855,760000,2,512,256,6455
7941,2855,760000,2,512,256,6455
7942,2855,760000,2,512,256,6455
7943,2856,760000,2,512,256,6456
7944,2856,760000,2,512,256,6456
7945,2857,760000,2,512,256,6457
7946,2857,760000,2,512,256,6457
7947,2857,760000,2,512,256,6457
7948,2857,760000,2,512,256,6457
7949,2857,760000,2,512,256,6457
7950,2857,760000,2,512,256,6457
7951,2857,760000,2,512,256,6457
7952,2857,760000,2,512,256,6457
7953,2858,760000,2,512,256,6458
7954,2858,760000,2,512,256,6458
7955,2858,760000,2,512,256,6458
7956,2858,760000,2,512,256,6458
7957,2858,760000,2,512,256,6458
7958,2858,760000,2,512,256,6458
7959,2858,760000,2,512,256,6458
7960,2859,760000,2,512,256,6459
7961,2859,760000,2,512,256,6459
7962,2859,760000,2,512,256,6459
7963,2859,760000,2,512,256,6459
7964,2859,760000,2,512,256,6459
7965,2859,760000,2,512,256,6459
7966,2859,760000,2,512,256,6459
7967,2859,760000,2,512,256,6459
7968,2860,760000,2,512,256,6460
7969,2860,760000,2,512,256,6460
7970,2860,760000,2,512,256,6460
7971,2861,760000,2,512,256,6461
7972,2861,760000,2,512,256,6461
7973,2861,760000,2,512,256,6461
7974,2861,760000,2,512,256,6461
7975,2862,760000,2,512,256,6462
7976,2862,760000,2,512,256,6462
7977,2862,760000,2,512,256,6462
7978,2862,760000,2,512,256,6462
7979,2864,760000,2,512,256,6464
7980,2864,760000,2,512,256,6464
7981,2864,760000,2,512,256,6464
7982,2864,760000,2,512,256,6464
7983,2865,760000,2,512,256,6465
7984,2865,760000,2,512,256,6465
7985,2866,760000,2,512,256,6466
7986,2866,760000,2,512,256,6466
7987,2866,760000,2,512,256,6466
7988,2866,760000,2,512,256,6466
7989,2867,760000,2,512,256,6467
7990,2867,760000,2,512,256,6467
7991,2867,760000,2,512,256,6467
7992,2867,760000,2,512,256,6467
7993,2867,760000,2,512,256,6467
7994,2867,760000,2,512,256,6467
7995,2867,760000,2,512,256,6467
7996,2867,760000,2,512,256,6467
7997,2868,760000,2,512,256,6468
7998,2868,760000,2,512,256,6468
7999,2868,760000,2,512,256,6468
8000,2869,760000,2,512,256,6469
8001,2870,760000,2,512,256,6470
8002,2871,760000,2,512,256,6471
8003,2871,760000,2,512,256,6471
8004,2871,760000,2,512,256,6471
8005,2871,760000,2,512,256,6471
8006,2871,760000,2,512,256,6471
8007,2872,760000,2,512,256,6472
8008,2872,760000,2,512,256,6472
8009,2872,760000,2,512,256,6472
8010,2872,760000,2,512,256,6472
8011,2872,760000,2,512,256,6472
8012,2872,760000,2,512,256,6472
8013,2873,760000,2,512,256,6473
8014,2873,760000,2,512,256,6473
8015,2874,760000,2,512,256,6474
8016,2874,760000,2,512,256,6474
8017,2874,760000,2,512,256,6474
8018,2874,760000,2,512,256,6474
8019,2874,760000,2,512,256,6474
8020,2874,760000,2,512,256,6474
8021,2874,760000,2,512,256,6474
8022,2874,760000,2,512,256,6474
8023,2874,760000,2,512,256,6474
8024,2875,760000,2,512,256,6475
8025,2876,760000,2,512,256,6476
8026,2876,760000,2,512,256,6476
8027,2876,760000,2,512,256,6476
8028,2876,760000,2,512,256,6476
8029,2876,760000,2,512,256,6476
8030,2877,760000,2,512,256,6477
8031,2877,760000,2,512,256,6477
8032,2877,760000,2,512,256,6477
8033,2877,760000,2,512,256,6477
8034,2878,760000,2,512,256,6478
8035,2878,760000,2,512,256,6478
8036,2878,760000,2,512,256,6478
8037,2878,760000,2,512,256,6478
8038,2878,760000,2,512,256,6478
8039,2879,760000,2,512,256,6479
8040,2879,760000,2,512,256,6479
8041,2879,760000,2,512,256,6479
8042,2879,760000,2,512,256,6479
8043,2879,760000,2,512,256,6479
8044,2879,760000,2,512,256,6479
8045,2879,760000,2,512,256,6479
8046,2879,760000,2,512,256,6479
8047,2880,760000,2,512,256,6480
8048,2880,760000,2,512,256,6480
8049,2880,760000,2,512,256,6480
8050,2880,760000,2,512,256,6480
8051,2880,760000,2,512,256,6480
8052,2881,760000,2,512,256,6481
8053,2882,760000,2,512,256,6482
8054,2882,760000,2,512,256,6482
8055,2882,760000,2,512,256,6482
8056,2882,760000,2,512,256,6482
8057,2882,760000,2,512,256,6482
8058,2882,760000,2,512,256,6482
8059,2882,760000,2,512,256,6482
8060,2882,760000,2,512,256,6482
8061,2883,760000,2,512,256,6483
8062,2883,760000,2,512,256,6483
8063,2883,760000,2,512,256,6483
8064,2884,760000,2,512,256,6484
8065,2884,760000,2,512,256,6484
8066,2884,760000,2,512,256,6484
8067,2884,760000,2,512,256,6484
8068,2884,760000,2,512,256,6484
8069,2884,760000,2,512,256,6484
8070,2884,760000,2,512,256,6484
8071,2885,760000,2,512,256,6485
8072,2885,760000,2,512,256,6485
8073,2886,760000,2,512,256,6486
8074,2886,760000,2,512,256,6486
8075,2886,760000,2,512,256,6486
8076,2887,760000,2,512,256,6487
8077,2887,760000,2,512,256,6487
8078,2887,760000,2,512,256,6487
8079,2887,760000,2,512,256,6487
8080,2887,760000,2,512,256,6487
8081,2888,760000,2,512,256,6488
8082,2888,760000,2,512,256,6488
8083,2888,760000,2,512,256,6488
8084,2888,760000,2,512,256,6488
8085,2888,760000,2,512,256,6488
8086,2888,760000,2,512,256,6488
8087,2889,760000,2,512,256,6489
8088,2889,760000,2,512,256,6489
8089,2889,760000,2,512,256,6489
8090,2889,760000,2,512,256,6489
8091,2889,760000,2,512,256,6489
8092,2890,760000,2,512,256,6490
8093,2890,760000,2,512,256,6490
8094,2890,760000,2,512,256,6490
8095,2890,760000,2,512,256,6490
8096,2891,760000,2,512,256,6491
8097,2891,760000,2,512,256,6491
8098,2891,760000,2,512,256,6491
8099,2891,760000,2,512,256,6491
8100,2891,760000,2,512,256,6491
8101,2891,760000,2,512,256,6491
8102,2891,760000,2,512,256,6491
8103,2891,760000,2,512,256,6491
8104,2892,760000,2,512,256,6492
8105,2892,760000,2,512,256,6492
8106,2892,760000,2,512,256,6492
8107,2892,760000,2,512,256,6492
8108,2893,760000,2,512,256,6493
8109,2894,760000,2,512,256,6494
8110,2894,760000,2,512,256,6494
8111,2894,760000,2,512,256,6494
8112,2894,760000,2,512,256,6494
8113,2895,760000,2,512,256,6495
8114,2895,760000,2,512,256,6495
8115,2895,760000,2,512,256,6495
8116,2895,760000,2,512,256,6495
8117,2895,760000,2,512,256,6495
8118,2895,760000,2,512,256,6495
8119,2895,760000,2,512,256,6495
8120,2896,760000,2,512,256,6496
8121,2896,760000,2,512,256,6496
8122,2896,760000,2,512,256,6496
8123,2896,760000,2,512,256,6496
8124,2897,760000,2,512,256,6497
8125,2897,760000,2,512,256,6497
8126,2898,760000,2,512,256,6498
8127,2898,760000,2,512,256,6498
8128,2898,760000,2,512,256,6498
8129,2898,760000,2,512,256,6498
8130,2898,760000,2,512,256,6498
8131,2898,760000,2,512,256,6498
8132,2899,760000,2,512,256,6499
8133,2899,760000,2,512,256,6499
8134,2899,760000,2,512,256,6499
8135,2899,760000,2,512,256,6499
8136,2899,760000,2,512,256,6499
8137,2899,760000,2,512,256,6499
8138,2900,760000,2,512,256,6500
8139,2900,760000,2,512,256,6500
8140,2900,760000,2,512,256,6500
8141,2901,760000,2,512,256,6501
8142,2901,760000,2,512,256,6501
8143,2901,760000,2,512,256,6501
8144,2901,760000,2,512,256,6501
8145,2901,760000,2,512,256,6501
8146,2901,760000,2,512,256,6501
8147,2902,760000,2,512,256,6502
8148,2902,760000,2,512,256,6502
8149,2902,760000,2,512,256,6502
8150,2902,760000,2,512,256,6502
8151,2903,760000,2,512,256,6503
8152,2903,760000,2,512,256,6503
8153,2903,760000,2,512,256,6503
8154,2903,760000,2,512,256,6503
8155,2903,760000,2,512,256,6503
8156,2903,760000,2,512,256,6503
8157,2903,760000,2,512,256,6503
8158,2903,760000,2,512,256,6503
8159,2905,760000,2,512,256,6505
8160,2905,760000,2,512,256,6505
8161,2905,760000,2,512,256,6505
8162,2905,760000,2,512,256,6505
8163,2906,760000,2,512,256,6506
8164,2906,760000,2,512,256,6506
8165,2906,760000,2,512,256,6506
8166,2906,760000,2,512,256,6506
8167,2907,760000,2,512,256,6507
8168,2907,760000,2,512,256,6507
8169,2907,760000,2,512,256,6507
8170,2907,760000,2,512,256,6507
8171,2907,760000,2,512,256,6507
8172,2908,760000,2,512,256,6508
8173,2908,760000,2,512,256,6508
8174,2908,760000,2,512,256,6508
8175,2908,760000,2,512,256,6508
8176,2908,760000,2,512,256,6508
8177,2909,760000,2,512,256,6509
8178,2909,760000,2,512,256,6509
8179,2909,760000,2,512,256,6509
8180,2909,760000,2,512,256,6509
8181,2909,760000,2,512,256,6509
8182,2909,760000,2,512,256,6509
8183,2909,760000,2,512,256,6509
8184,2909,760000,2,512,256,6509
8185,2909,760000,2,512,256,6509
8186,2910,760000,2,512,256,6510
8187,2910,760000,2,512,256,6510
8188,2910,760000,2,512,256,6510
8189,2910,760000,2,512,256,6510
8190,2911,760000,2,512,256,6511
8191,2911,760000,2,512,256,6511
8192,2911,760000,2,512,256,6511
8193,2911,760000,2,512,256,6511
8194,2911,760000,2,512,256,6511
8195,2911,760000,2,512,256,6511
8196,2912,760000,2,512,256,6512
8197,2912,760000,2,512,256,6512
8198,2912,760000,2,512,256,6512
8199,2912,760000,2,512,256,6512
8200,2912,760000,2,512,256,6512
8201,2912,760000,2,512,256,6512
8202,2912,760000,2,512,256,6512
8203,2913,760000,2,512,256,6513
8204,2914,760000,2,512,256,6514
8205,2914,760000,2,512,256,6514
8206,2914,760000,2,512,256,6514
8207,2914,760000,2,512,256,6514
8208,2914,760000,2,512,256,6514
8209,2915,760000,2,512,256,6515
8210,2915,760000,2,512,256,6515
8211,2915,760000,2,512,256,6515
8212,2915,760000,2,512,256,6515
8213,2916,760000,2,512,256,6516
8214,2916,760000,2,512,256,6516
8215,2917,760000,2,512,256,6517
8216,2917,760000,2,512,256,6517
8217,2917,760000,2,512,256,6517
8218,2917,760000,2,512,256,6517
8219,2917,760000,2,512,256,6517
8220,2918,760000,2,512,256,6518
8221,2919,760000,2,512,256,6519
8222,2919,760000,2,512,256,6519
8223,2919,760000,2,512,256,6519
8224,2919,760000,2,512,256,6519
8225,2920,760000,2,512,256,6520
8226,2920,760000,2,512,256,6520
8227,2920,760000,2,512,256,6520
8228,2921,760000,2,512,256,6521
8229,2921,760000,2,512,256,6521
8230,2921,760000,2,512,256,6521
8231,2921,760000,2,512,256,6521
8232,2921,760000,2,512,256,6521
8233,2922,760000,2,512,256,6522
8234,2922,760000,2,512,256,6522
8235,2922,760000,2,512,256,6522
8236,2923,760000,2,512,256,6523
8237,2923,760000,2,512,256,6523
8238,2923,760000,2,512,256,6523
8239,2923,760000,2,512,256,6523
8240,2923,760000,2,512,256,6523
8241,2924,760000,2,512,256,6524
8242,2924,760000,2,512,256,6524
8243,2924,760000,2,512,256,6524
8244,2924,760000,2,512,256,6524
8245,2924,760000,2,512,256,6524
8246,2924,760000,2,512,256,6524
8247,2924,760000,2,512,256,6524
8248,2924,760000,2,512,256,6524
8249,2924,760000,2,512,256,6524
8250,2925,760000,2,512,256,6525
8251,2925,760000,2,512,256,6525
8252,2925,760000,2,512,256,6525
8253,2925,760000,2,512,256,6525
8254,2925,760000,2,512,256,6525
8255,2926,760000,2,512,256,6526
8256,2926,760000,2,512,256,6526
8257,2927,760000,2,512,256,6527
8258,2927,760000,2,512,256,6527
8259,2927,760000,2,512,256,6527
8260,2927,760000,2,512,256,6527
8261,2928,760000,2,512,256,6528
8262,2928,760000,2,512,256,6528
8263,2928,760000,2,512,256,6528
8264,2928,760000,2,512,256,6528
8265,2928,760000,2,512,256,6528
8266,2928,760000,2,512,256,6528
8267,2929,760000,2,512,256,6529
8268,2929,760000,2,512,256,6529
8269,2929,760000,2,512,256,6529
8270,2929,760000,2,512,256,6529
8271,2929,760000,2,512,256,6529
8272,2929,760000,2,512,256,6529
8273,2929,760000,2,512,256,6529
8274,2930,760000,2,512,256,6530
8275,2930,760000,2,512,256,6530
8276,2930,760000,2,512,256,6530
8277,2930,760000,2,512,256,6530
8278,2931,760000,2,512,256,6531
8279,2931,760000,2,512,256,6531
8280,2931,760000,2,512,256,6531
8281,2931,760000,2,512,256,6531
8282,2932,760000,2,512,256,6532
8283,2932,760000,2,512,256,6532
8284,2932,760000,2,512,256,6532
8285,2933,760000,2,512,256,6533
8286,2933,760000,2,512,256,6533
8287,2933,760000,2,512,256,6533
8288,2934,760000,2,512,256,6534
8289,2934,760000,2,512,256,6534
8290,2934,760000,2,512,256,6534
8291,2935,760000,2,512,256,6535
8292,2935,760000,2,512,256,6535
8293,2936,760000,2,512,256,6536
8294,2936,760000,2,512,256,6536
8295,2936,760000,2,512,256,6536
8296,2936,760000,2,512,256,6536
8297,2936,760000,2,512,256,6536
8298,2936,760000,2,512,256,6536
8299,2937,760000,2,512,256,6537
8300,2937,760000,2,512,256,6537
8301,2937,760000,2,512,256,6537
8302,2937,760000,2,512,256,6537
8303,2938,760000,2,512,256,6538
8304,2938,760000,2,512,256,6538
8305,2938,760000,2,512,256,6538
8306,2938,760000,2,512,256,6538
8307,2939,760000,2,512,256,6539
8308,2939,760000,2,512,256,6539
8309,2940,760000,2,512,256,6540
8310,2940,760000,2,512,256,6540
8311,2940,760000,2,512,256,6540
8312,2941,760000,2,512,256,6541
8313,2941,760000,2,512,256,6541
8314,2941,760000,2,512,256,6541
8315,2941,760000,2,512,256,6541
8316,2942,760000,2,512,256,6542
8317,2942,760000,2,512,256,6542
8318,2942,760000,2,512,256,6542
8319,2942,760000,2,512,256,6542
8320,2943,760000,2,512,256,6543
8321,2943,760000,2,512,256,6543
8322,2943,760000,2,512,256,6543
8323,2943,760000,2,512,256,6543
8324,2944,760000,2,512,256,6544
8325,2944,760000,2,512,256,6544
8326,2944,760000,2,512,256,6544
8327,2944,760000,2,512,256,6544
8328,2944,760000,2,512,256,6544
8329,2944,760000,2,512,256,6544
8330,2944,760000,2,512,256,6544
8331,2944,760000,2,512,256,6544
8332,2945,760000,2,512,256,6545
8333,2945,760000,2,512,256,6545
8334,2945,760000,2,512,256,6545
8335,2945,760000,2,512,256,6545
8336,2945,760000,2,512,256,6545
8337,2945,760000,2,512,256,6545
8338,2946,760000,2,512,256,6546
8339,2946,760000,2,512,256,6546
8340,2946,760000,2,512,256,6546
8341,2947,760000,2,512,256,6547
8342,2947,760000,2,512,256,6547
8343,2947,760000,2,512,256,6547
8344,2947,760000,2,512,256,6547
8345,2947,760000,2,512,256,6547
8346,2947,760000,2,512,256,6547
8347,2948,760000,2,512,256,6548
8348,2948,760000,2,512,256,6548
8349,2948,760000,2,512,256,6548
8350,2948,760000,2,512,256,6548
8351,2948,760000,2,512,256,6548
8352,2948,760000,2,512,256,6548
8353,2949,760000,2,512,256,6549
8354,2949,760000,2,512,256,6549
8355,2949,760000,2,512,256,6549
8356,2949,760000,2,512,256,6549
8357,2949,760000,2,512,256,6549
8358,2949,760000,2,512,256,6549
8359,2949,760000,2,512,256,6549
8360,2950,760000,2,512,256,6550
8361,2950,760000,2,512,256,6550
8362,2951,760000,2,512,256,6551
8363,2951,760000,2,512,256,6551
8364,2951,760000,2,512,256,6551
8365,2951,760000,2,512,256,6551
8366,2951,760000,2,512,256,6551
8367,2952,760000,2,512,256,6552
8368,2952,760000,2,512,256,6552
8369,2952,760000,2,512,256,6552
8370,2952,760000,2,512,256,6552
8371,2953,760000,2,512,256,6553
8372,2953,760000,2,512,256,6553
8373,2953,760000,2,512,256,6553
8374,2954,760000,2,512,256,6554
8375,2954,760000,2,512,256,6554
8376,2954,760000,2,512,256,6554
8377,2954,760000,2,512,256,6554
8378,2954,760000,2,512,256,6554
8379,2955,760000,2,512,256,6555
8380,2955,760000,2,512,256,6555
8381,2956,760000,2,512,256,6556
8382,2956,760000,2,512,256,6556
8383,2956,760000,2,512,256,6556
8384,2957,760000,2,512,256,6557
8385,2957,760000,2,512,256,6557
8386,2957,760000,2,512,256,6557
8387,2958,760000,2,512,256,6558
8388,2958,760000,2,512,256,6558
8389,2959,760000,2,512,256,6559
8390,2959,760000,2,512,256,6559
8391,2959,760000,2,512,256,6559
8392,2959,760000,2,512,256,6559
8393,2960,760000,2,512,256,6560
8394,2960,760000,2,512,256,6560
8395,2960,760000,2,512,256,6560
8396,2960,760000,2,512,256,6560
8397,2960,760000,2,512,256,6560
8398,2961,760000,2,512,256,6561
8399,2961,760000,2,512,256,6561
8400,2961,760000,2,512,256,6561
8401,2961,760000,2,512,256,6561
8402,2962,760000,2,512,256,6562
8403,2962,760000,2,512,256,6562
8404,2963,760000,2,512,256,6563
8405,2963,760000,2,512,256,6563
8406,2963,760000,2,512,256,6563
8407,2964,760000,2,512,256,6564
8408,2964,760000,2,512,256,6564
8409,2964,760000,2,512,256,6564
8410,2965,760000,2,512,256,6565
8411,2965,760000,2,512,256,6565
8412,2965,760000,2,512,256,6565
8413,2966,760000,2,512,256,6566
8414,2966,760000,2,512,256,6566
8415,2967,760000,2,512,256,6567
8416,2967,760000,2,512,256,6567
8417,2967,760000,2,512,256,6567
8418,2967,760000,2,512,256,6567
8419,2967,760000,2,512,256,6567
8420,2967,760000,2,512,256,6567
8421,2968,760000,2,512,256,6568
8422,2968,760000,2,512,256,6568
8423,2968,760000,2,512,256,6568
8424,2968,760000,2,512,256,6568
8425,2968,760000,2,512,256,6568
8426,2968,760000,2,512,256,6568
8427,2969,760000,2,512,256,6569
8428,2969,760000,2,512,256,6569
8429,2969,760000,2,512,256,6569
8430,2969,760000,2,512,256,6569
8431,2969,760000,2,512,256,6569
8432,2969,760000,2,512,256,6569
8433,2969,760000,2,512,256,6569
8434,2969,760000,2,512,256,6569
8435,2970,760000,2,512,256,6570
8436,2970,760000,2,512,256,6570
8437,2970,760000,2,512,256,6570
8438,2971,760000,2,512,256,6571
8439,2971,760000,2,512,256,6571
8440,2971,760000,2,512,256,6571
8441,2971,760000,2,512,256,6571
8442,2971,760000,2,512,256,6571
8443,2971,760000,2,512,256,6571
8444,2971,760000,2,512,256,6571
8445,2971,760000,2,512,256,6571
8446,2971,760000,2,512,256,6571
8447,2972,760000,2,512,256,6572
8448,2972,760000,2,512,256,6572
8449,2972,760000,2,512,256,6572
8450,2972,760000,2,512,256,6572
8451,2972,760000,2,512,256,6572
8452,2973,760000,2,512,256,6573
8453,2973,760000,2,512,256,6573
8454,2973,760000,2,512,256,6573
8455,2973,760000,2,512,256,6573
8456,2973,760000,2,512,256,6573
8457,2974,760000,2,512,256,6574
8458,2974,760000,2,512,256,6574
8459,2974,760000,2,512,256,6574
8460,2975,760000,2,512,256,6575
8461,2975,760000,2,512,256,6575
8462,2975,760000,2,512,256,6575
8463,2975,760000,2,512,256,6575
8464,2975,760000,2,512,256,6575
8465,2975,760000,2,512,256,6575
8466,2975,760000,2,512,256,6575
8467,2975,760000,2,512,256,6575
8468,2976,760000,2,512,256,6576
8469,2976,760000,2,512,256,6576
8470,2976,760000,2,512,256,6576
8471,2976,760000,2,512,256,6576
8472,2977,760000,2,512,256,6577
8473,2977,760000,2,512,256,6577
8474,2977,760000,2,512,256,6577
8475,2977,760000,2,512,256,6577
8476,2977,760000,2,512,256,6577
8477,2978,760000,2,512,256,6578
8478,2978,760000,2,512,256,6578
8479,2978,760000,2,512,256,6578
8480,2978,760000,2,512,256,6578
8481,2978,760000,2,512,256,6578
8482,2979,760000,2,512,256,6579
8483,2979,760000,2,512,256,6579
8484,2979,760000,2,512,256,6579
8485,2980,760000,2,512,256,6580
8486,2980,760000,2,512,256,6580
8487,2981,760000,2,512,256,6581
8488,2981,760000,2,512,256,6581
8489,2981,760000,2,512,256,6581
8490,2981,760000,2,512,256,6581
8491,2981,760000,2,512,256,6581
8492,2981,760000,2,512,256,6581
8493,2982,760000,2,512,256,6582
8494,2982,760000,2,512,256,6582
8495,2982,760000,2,512,256,6582
8496,2982,760000,2,512,256,6582
8497,2982,760000,2,512,256,6582
8498,2983,760000,2,512,256,6583
8499,2983,760000,2,512,256,6583
8500,2983,760000,2,512,256,6583
8501,2983,760000,2,512,256,6583
8502,2983,760000,2,512,256,6583
8503,2983,760000,2,512,256,6583
8504,2983,760000,2,512,256,6583
8505,2984,760000,2,512,256,6584
8506,2984,760000,2,512,256,6584
8507,2984,760000,2,512,256,6584
8508,2984,760000,2,512,256,6584
8509,2985,760000,2,512,256,6585
8510,2985,760000,2,512,256,6585
8511,2985,760000,2,512,256,6585
8512,2985,760000,2,512,256,6585
8513,2985,760000,2,512,256,6585
8514,2986,760000,2,512,256,6586
8515,2986,760000,2,512,256,6586
8516,2986,760000,2,512,256,6586
8517,2986,760000,2,512,256,6586
8518,2987,760000,2,512,256,6587
8519,2987,760000,2,512,256,6587
8520,2987,760000,2,512,256,6587
8521,2987,760000,2,512,256,6587
8522,2988,760000,2,512,256,6588
8523,2988,760000,2,512,256,6588
8524,2988,760000,2,512,256,6588
8525,2988,760000,2,512,256,6588
8526,2988,760000,2,512,256,6588
8527,2988,760000,2,512,256,6588
8528,2988,760000,2,512,256,6588
8529,2988,760000,2,512,256,6588
8530,2988,760000,2,512,256,6588
8531,2988,760000,2,512,256,6588
8532,2989,760000,2,512,256,6589
8533,2989,760000,2,512,256,6589
8534,2990,760000,2,512,256,6590
8535,2990,760000,2,512,256,6590
8536,2990,760000,2,512,256,6590
8537,2991,760000,2,512,256,6591
8538,2991,760000,2,512,256,6591
8539,2991,760000,2,512,256,6591
8540,2991,760000,2,512,256,6591
8541,2992,760000,2,512,256,6592
8542,2992,760000,2,512,256,6592
8543,2992,760000,2,512,256,6592
8544,2992,760000,2,512,256,6592
8545,2992,760000,2,512,256,6592
8546,2992,760000,2,512,256,6592
8547,2993,760000,2,512,256,6593
8548,2993,760000,2,512,256,6593
8549,2993,760000,2,512,256,6593
8550,2993,760000,2,512,256,6593
8551,2993,760000,2,512,256,6593
8552,2993,760000,2,512,256,6593
8553,2993,760000,2,512,256,6593
8554,2994,760000,2,512,256,6594
8555,2994,760000,2,512,256,6594
8556,2995,760000,2,512,256,6595
8557,2995,760000,2,512,256,6595
8558,2995,760000,2,512,256,6595
8559,2995,760000,2,512,256,6595
8560,2995,760000,2,512,256,6595
8561,2995,760000,2,512,256,6595
8562,2995,760000,2,512,256,6595
8563,2996,760000,2,512,256,6596
8564,2996,760000,2,512,256,6596
8565,2996,760000,2,512,256,6596
8566,2996,760000,2,512,256,6596
8567,2997,760000,2,512,256,6597
8568,2997,760000,2,512,256,6597
8569,2997,760000,2,512,256,6597
8570,2997,760000,2,512,256,6597
8571,2997,760000,2,512,256,6597
8572,2998,760000,2,512,256,6598
8573,2998,760000,2,512,256,6598
8574,2998,760000,2,512,256,6598
8575,2998,760000,2,512,256,6598
8576,2999,760000,2,512,256,6599
8577,2999,760000,2,512,256,6599
8578,2999,760000,2,512,256,6599
8579,2999,760000,2,512,256,6599
8580,2999,760000,2,512,256,6599
8581,2999,760000,2,512,256,6599
8582,2999,760000,2,512,256,6599
8583,3000,760000,2,512,256,6600
8584,3000,760000,2,512,256,6600
8585,3000,760000,2,512,256,6600
8586,3000,760000,2,512,256,6600
8587,3000,760000,2,512,256,6600
8588,3001,760000,2,512,256,6601
8589,3001,760000,2,512,256,6601
8590,3001,760000,2,512,256,6601
8591,3001,760000,2,512,256,6601
8592,3002,760000,2,512,256,6602
8593,3002,760000,2,512,256,6602
8594,3003,760000,2,512,256,6603
8595,3003,760000,2,512,256,6603
8596,3003,760000,2,512,256,6603
8597,3004,760000,2,512,256,6604
8598,3004,760000,2,512,256,6604
8599,3004,760000,2,512,256,6604
8600,3004,760000,2,512,256,6604
8601,3004,760000,2,512,256,6604
8602,3005,760000,2,512,256,6605
8603,3005,760000,2,512,256,6605
8604,3005,760000,2,512,256,6605
8605,3005,760000,2,512,256,6605
8606,3005,760000,2,512,256,6605
8607,3005,760000,2,512,256,6605
8608,3005,760000,2,512,256,6605
8609,3006,760000,2,512,256,6606
8610,3006,760000,2,512,256,6606
8611,3006,760000,2,512,256,6606
8612,3006,760000,2,512,256,6606
8613,3007,760000,2,512,256,6607
8614,3007,760000,2,512,256,6607
8615,3007,760000,2,512,256,6607
8616,3007,760000,2,512,256,6607
8617,3007,760000,2,512,256,6607
8618,3008,760000,2,512,256,6608
8619,3008,760000,2,512,256,6608
8620,3009,760000,2,512,256,6609
8621,3009,760000,2,512,256,6609
8622,3009,760000,2,512,256,6609
8623,3009,760000,2,512,256,6609
8624,3009,760000,2,512,256,6609
8625,3010,760000,2,512,256,6610
8626,3010,760000,2,512,256,6610
8627,3010,760000,2,512,256,6610
8628,3011,760000,2,512,256,6611
8629,3011,760000,2,512,256,6611
8630,3011,760000,2,512,256,6611
8631,3011,760000,2,512,256,6611
8632,3011,760000,2,512,256,6611
8633,3011,760000,2,512,256,6611
8634,3011,760000,2,512,256,6611
8635,3011,760000,2,512,256,6611
8636,3012,760000,2,512,256,6612
8637,3012,760000,2,512,256,6612
8638,3012,760000,2,512,256,6612
8639,3013,760000,2,512,256,6613
8640,3013,760000,2,512,256,6613
8641,3013,760000,2,512,256,6613
8642,3013,760000,2,512,256,6613
8643,3013,760000,2,512,256,6613
8644,3014,760000,2,512,256,6614
8645,3014,760000,2,512,256,6614
8646,3014,760000,2,512,256,6614
8647,3015,760000,2,512,256,6615
8648,3015,760000,2,512,256,6615
8649,3015,760000,2,512,256,6615
8650,3015,760000,2,512,256,6615
8651,3017,760000,2,512,256,6617
8652,3017,760000,2,512,256,6617
8653,3017,760000,2,512,256,6617
8654,3018,760000,2,512,256,6618
8655,3018,760000,2,512,256,6618
8656,3018,760000,2,512,256,6618
8657,3018,760000,2,512,256,6618
8658,3019,760000,2,512,256,6619
8659,3019,760000,2,512,256,6619
8660,3019,760000,2,512,256,6619
8661,3021,760000,2,512,256,6621
8662,3021,760000,2,512,256,6621
8663,3021,760000,2,512,256,6621
8664,3021,760000,2,512,256,6621
8665,3021,760000,2,512,256,6621
8666,3021,760000,2,512,256,6621
8667,3021,760000,2,512,256,6621
8668,3022,760000,2,512,256,6622
8669,3022,760000,2,512,256,6622
8670,3022,760000,2,512,256,6622
8671,3024,760000,2,512,256,6624
8672,3024,760000,2,512,256,6624
8673,3024,760000,2,512,256,6624
8674,3024,760000,2,512,256,6624
8675,3024,760000,2,512,256,6624
8676,3024,760000,2,512,256,6624
8677,3025,760000,2,512,256,6625
8678,3025,760000,2,512,256,6625
8679,3025,760000,2,512,256,6625
8680,3025,760000,2,512,256,6625
8681,3026,760000,2,512,256,6626
8682,3026,760000,2,512,256,6626
8683,3026,760000,2,512,256,6626
8684,3027,760000,2,512,256,6627
8685,3027,760000,2,512,256,6627
8686,3027,760000,2,512,256,6627
8687,3027,760000,2,512,256,6627
8688,3027,760000,2,512,256,6627
8689,3028,760000,2,512,256,6628
8690,3028,760000,2,512,256,6628
8691,3028,760000,2,512,256,6628
8692,3029,760000,2,512,256,6629
8693,3029,760000,2,512,256,6629
8694,3030,760000,2,512,256,6630
8695,3030,760000,2,512,256,6630
8696,3030,760000,2,512,256,6630
8697,3030,760000,2,512,256,6630
8698,3031,760000,2,512,256,6631
8699,3031,760000,2,512,256,6631
8700,3031,760000,2,512,256,6631
8701,3032,760000,2,512,256,6632
8702,3033,760000,2,512,256,6633
8703,3033,760000,2,512,256,6633
8704,3033,760000,2,512,256,6633
8705,3033,760000,2,512,256,6633
8706,3034,760000,2,512,256,6634
8707,3034,760000,2,512,256,6634
8708,3034,760000,2,512,256,6634
8709,3035,760000,2,512,256,6635
8710,3035,760000,2,512,256,6635
8711,3035,760000,2,512,256,6635
8712,3035,760000,2,512,256,6635
8713,3035,760000,2,512,256,6635
8714,3035,760000,2,512,256,6635
8715,3035,760000,2,512,256,6635
8716,3035,760000,2,512,256,6635
8717,3036,760000,2,512,256,6636
8718,3036,760000,2,512,256,6636
8719,3036,760000,2,512,256,6636
8720,3036,760000,2,512,256,6636
8721,3036,760000,2,512,256,6636
8722,3037,760000,2,512,256,6637
8723,3041,760000,2,512,256,6641
8724,3041,760000,2,512,256,6641
8725,3041,760000,2,512,256,6641
8726,3041,760000,2,512,256,6641
8727,3041,760000,2,512,256,6641
8728,3041,760000,2,512,256,6641
8729,3041,760000,2,512,256,6641
8730,3042,760000,2,512,256,6642
8731,3044,760000,2,512,256,6644
8732,3045,760000,2,512,256,6645
8733,3047,760000,2,512,256,6647
8734,3049,760000,2,512,256,6649
8735,3053,760000,2,512,256,6653
8736,3056,760000,2,512,256,6656
8737,3059,760000,2,512,256,6659
8738,3063,760000,2,512,256,6663
8739,3066,760000,2,512,256,6666
8740,3066,760000,2,512,256,6666
8741,3066,760000,2,512,256,6666
8742,3066,760000,2,512,256,6666
8743,3066,760000,2,512,256,6666
8744,3067,760000,2,512,256,6667
8745,3067,760000,2,512,256,6667
8746,3067,760000,2,512,256,6667
8747,3067,760000,2,512,256,6667
8748,3067,760000,2,512,256,6667
8749,3067,760000,2,512,256,6667
8750,3067,760000,2,512,256,6667
8751,3067,760000,2,512,256,6667
8752,3068,760000,2,512,256,6668
8753,3068,760000,2,512,256,6668
8754,3069,760000,2,512,256,6669
8755,3069,760000,2,512,256,6669
8756,3069,760000,2,512,256,6669
8757,3069,760000,2,512,256,6669
8758,3070,760000,2,512,256,6670
8759,3070,760000,2,512,256,6670
8760,3070,760000,2,512,256,6670
8761,3070,760000,2,512,256,6670
8762,3070,760000,2,512,256,6670
8763,3070,760000,2,512,256,6670
8764,3070,760000,2,512,256,6670
8765,3071,760000,2,512,256,6671
8766,3071,760000,2,512,256,6671
8767,3071,760000,2,512,256,6671
8768,3071,760000,2,512,256,6671
8769,3071,760000,2,512,256,6671
8770,3072,760000,2,512,256,6672
8771,3073,760000,2,512,256,6673
8772,3073,760000,2,512,256,6673
8773,3073,760000,2,512,256,6673
8774,3074,760000,2,512,256,6674
8775,3074,760000,2,512,256,6674
8776,3074,760000,2,512,256,6674
8777,3074,760000,2,512,256,6674
8778,3074,760000,2,512,256,6674
8779,3074,760000,2,512,256,6674
8780,3075,760000,2,512,256,6675
8781,3075,760000,2,512,256,6675
8782,3075,760000,2,512,256,6675
8783,3076,760000,2,512,256,6676
8784,3076,760000,2,512,256,6676
8785,3077,760000,2,512,256,6677
8786,3077,760000,2,512,256,6677
8787,3077,760000,2,512,256,6677
8788,3077,760000,2,512,256,6677
8789,3077,760000,2,512,256,6677
8790,3077,760000,2,512,256,6677
8791,3077,760000,2,512,256,6677
8792,3078,760000,2,512,256,6678
8793,3078,760000,2,512,256,6678
8794,3078,760000,2,512,256,6678
8795,3078,760000,2,512,256,6678
8796,3079,760000,2,512,256,6679
8797,3080,760000,2,512,256,6680
8798,3080,760000,2,512,256,6680
8799,3080,760000,2,512,256,6680
8800,3080,760000,2,512,256,6680
8801,3080,760000,2,512,256,6680
8802,3080,760000,2,512,256,6680
8803,3080,760000,2,512,256,6680
8804,3081,760000,2,512,256,6681
8805,3081,760000,2,512,256,6681
8806,3081,760000,2,512,256,6681
8807,3081,760000,2,512,256,6681
8808,3081,760000,2,512,256,6681
8809,3082,760000,2,512,256,6682
8810,3082,760000,2,512,256,6682
8811,3082,760000,2,512,256,6682
8812,3082,760000,2,512,256,6682
8813,3082,760000,2,512,256,6682
8814,3083,760000,2,512,256,6683
8815,3083,760000,2,512,256,6683
8816,3083,760000,2,512,256,6683
8817,3083,760000,2,512,256,6683
8818,3084,760000,2,512,256,6684
8819,3084,760000,2,512,256,6684
8820,3084,760000,2,512,256,6684
8821,3085,760000,2,512,256,6685
8822,3085,760000,2,512,256,6685
8823,3086,760000,2,512,256,6686
8824,3086,760000,2,512,256,6686
8825,3086,760000,2,512,256,6686
8826,3087,760000,2,512,256,6687
8827,3087,760000,2,512,256,6687
8828,3088,760000,2,512,256,6688
8829,3088,760000,2,512,256,6688
8830,3088,760000,2,512,256,6688
8831,3088,760000,2,512,256,6688
8832,3089,760000,2,512,256,6689
8833,3089,760000,2,512,256,6689
8834,3089,760000,2,512,256,6689
8835,3089,760000,2,512,256,6689
8836,3090,760000,2,512,256,6690
8837,3090,760000,2,512,256,6690
8838,3090,760000,2,512,256,6690
8839,3090,760000,2,512,256,6690
8840,3090,760000,2,512,256,6690
8841,3090,760000,2,512,256,6690
8842,3090,760000,2,512,256,6690
8843,3090,760000,2,512,256,6690
8844,3090,760000,2,512,256,6690
8845,3091,760000,2,512,256,6691
8846,3091,760000,2,512,256,6691
8847,3091,760000,2,512,256,6691
8848,3091,760000,2,512,256,6691
8849,3091,760000,2,512,256,6691
8850,3091,760000,2,512,256,6691
8851,3092,760000,2,512,256,6692
8852,3092,760000,2,512,256,6692
8853,3092,760000,2,512,256,6692
8854,3092,760000,2,512,256,6692
8855,3092,760000,2,512,256,6692
8856,3092,760000,2,512,256,6692
8857,3092,760000,2,512,256,6692
8858,3093,760000,2,512,256,6693
8859,3093,760000,2,512,256,6693
8860,3093,760000,2,512,256,6693
8861,3093,760000,2,512,256,6693
8862,3093,760000,2,512,256,6693
8863,3094,760000,2,512,256,6694
8864,3094,760000,2,512,256,6694
8865,3094,760000,2,512,256,6694
8866,3094,760000,2,512,256,6694
8867,3094,760000,2,512,256,6694
8868,3095,760000,2,512,256,6695
8869,3095,760000,2,512,256,6695
8870,3095,760000,2,512,256,6695
8871,3095,760000,2,512,256,6695
8872,3095,760000,2,512,256,6695
8873,3095,760000,2,512,256,6695
8874,3096,760000,2,512,256,6696
8875,3096,760000,2,512,256,6696
8876,3096,760000,2,512,256,6696
8877,3097,760000,2,512,256,6697
8878,3097,760000,2,512,256,6697
8879,3097,760000,2,512,256,6697
8880,3097,760000,2,512,256,6697
8881,3097,760000,2,512,256,6697
8882,3097,760000,2,512,256,6697
8883,3098,760000,2,512,256,6698
8884,3098,760000,2,512,256,6698
8885,3098,760000,2,512,256,6698
8886,3098,760000,2,512,256,6698
8887,3098,760000,2,512,256,6698
8888,3098,760000,2,512,256,6698
8889,3099,760000,2,512,256,6699
8890,3099,760000,2,512,256,6699
8891,3099,760000,2,512,256,6699
8892,3099,760000,2,512,256,6699
8893,3099,760000,2,512,256,6699
8894,3099,760000,2,512,256,6699
8895,3100,760000,2,512,256,6700
8896,3100,760000,2,512,256,6700
8897,3100,760000,2,512,256,6700
8898,3101,760000,2,512,256,6701
8899,3101,760000,2,512,256,6701
8900,3101,760000,2,512,256,6701
8901,3102,760000,2,512,256,6702
8902,3102,760000,2,512,256,6702
8903,3102,760000,2,512,256,6702
8904,3102,760000,2,512,256,6702
8905,3102,760000,2,512,256,6702
8906,3102,760000,2,512,256,6702
8907,3103,760000,2,512,256,6703
8908,3103,760000,2,512,256,6703
8909,3104,760000,2,512,256,6704
8910,3104,760000,2,512,256,6704
8911,3104,760000,2,512,256,6704
8912,3104,760000,2,512,256,6704
8913,3104,760000,2,512,256,6704
8914,3104,760000,2,512,256,6704
8915,3104,760000,2,512,256,6704
8916,3104,760000,2,512,256,6704
8917,3104,760000,2,512,256,6704
8918,3104,760000,2,512,256,6704
8919,3105,760000,2,512,256,6705
8920,3105,760000,2,512,256,6705
8921,3105,760000,2,512,256,6705
8922,3105,760000,2,512,256,6705
8923,3105,760000,2,512,256,6705
8924,3105,760000,2,512,256,6705
8925,3105,760000,2,512,256,6705
8926,3105,760000,2,512,256,6705
8927,3106,760000,2,512,256,6706
8928,3106,760000,2,512,256,6706
8929,3106,760000,2,512,256,6706
8930,3106,760000,2,512,256,6706
8931,3106,760000,2,512,256,6706
8932,3106,760000,2,512,256,6706
8933,3107,760000,2,512,256,6707
8934,3107,760000,2,512,256,6707
8935,3108,760000,2,512,256,6708
8936,3108,760000,2,512,256,6708
8937,3108,760000,2,512,256,6708
8938,3108,760000,2,512,256,6708
8939,3108,760000,2,512,256,6708
8940,3108,760000,2,512,256,6708
8941,3111,760000,2,512,256,6711
8942,3112,760000,2,512,256,6712
8943,3112,760000,2,512,256,6712
8944,3112,760000,2,512,256,6712
8945,3113,760000,2,512,256,6713
8946,3113,760000,2,512,256,6713
8947,3113,760000,2,512,256,6713
8948,3114,760000,2,512,256,6714
8949,3114,760000,2,512,256,6714
8950,3114,760000,2,512,256,6714
8951,3114,760000,2,512,256,6714
8952,3115,760000,2,512,256,6715
8953,3115,760000,2,512,256,6715
8954,3115,760000,2,512,256,6715
8955,3115,760000,2,512,256,6715
8956,3116,760000,2,512,256,6716
8957,3116,760000,2,512,256,6716
8958,3116,760000,2,512,256,6716
8959,3117,760000,2,512,256,6717
8960,3117,760000,2,512,256,6717
8961,3117,760000,2,512,256,6717
8962,3117,760000,2,512,256,6717
8963,3118,760000,2,512,256,6718
8964,3118,760000,2,512,256,6718
8965,3118,760000,2,512,256,6718
8966,3118,760000,2,512,256,6718
8967,3118,760000,2,512,256,6718
8968,3119,760000,2,512,256,6719
8969,3119,760000,2,512,256,6719
8970,3119,760000,2,512,256,6719
8971,3120,760000,2,512,256,6720
8972,3120,760000,2,512,256,6720
8973,3120,760000,2,512,256,6720
8974,3121,760000,2,512,256,6721
8975,3121,760000,2,512,256,6721
8976,3121,760000,2,512,256,6721
8977,3121,760000,2,512,256,6721
8978,3121,760000,2,512,256,6721
8979,3121,760000,2,512,256,6721
8980,3121,760000,2,512,256,6721
8981,3122,760000,2,512,256,6722
8982,3122,760000,2,512,256,6722
8983,3122,760000,2,512,256,6722
8984,3122,760000,2,512,256,6722
8985,3122,760000,2,512,256,6722
8986,3123,760000,2,512,256,6723
8987,3123,760000,2,512,256,6723
8988,3123,760000,2,512,256,6723
8989,3123,760000,2,512,256,6723
8990,3123,760000,2,512,256,6723
8991,3123,760000,2,512,256,6723
8992,3123,760000,2,512,256,6723
8993,3124,760000,2,512,256,6724
8994,3124,760000,2,512,256,6724
8995,3124,760000,2,512,256,6724
8996,3124,760000,2,512,256,6724
8997,3125,760000,2,512,256,6725
8998,3125,760000,2,512,256,6725
8999,3125,760000,2,512,256,6725
9000,3125,760000,2,512,256,6725
9001,3126,760000,2,512,256,6726
9002,3126,760000,2,512,256,6726
9003,3126,760000,2,512,256,6726
9004,3126,760000,2,512,256,6726
9005,3126,760000,2,512,256,6726
9006,3126,760000,2,512,256,6726
9007,3127,760000,2,512,256,6727
9008,3127,760000,2,512,256,6727
9009,3127,760000,2,512,256,6727
9010,3127,760000,2,512,256,6727
9011,3127,760000,2,512,256,6727
9012,3128,760000,2,512,256,6728
9013,3128,760000,2,512,256,6728
9014,3129,760000,2,512,256,6729
9015,3129,760000,2,512,256,6729
9016,3129,760000,2,512,256,6729
9017,3129,760000,2,512,256,6729
9018,3130,760000,2,512,256,6730
9019,3130,760000,2,512,256,6730
9020,3130,760000,2,512,256,6730
9021,3130,760000,2,512,256,6730
9022,3130,760000,2,512,256,6730
9023,3130,760000,2,512,256,6730
9024,3130,760000,2,512,256,6730
9025,3130,760000,2,512,256,6730
9026,3131,760000,2,512,256,6731
9027,3131,760000,2,512,256,6731
9028,3131,760000,2,512,256,6731
9029,3131,760000,2,512,256,6731
9030,3131,760000,2,512,256,6731
9031,3131,760000,2,512,256,6731
9032,3131,760000,2,512,256,6731
9033,3131,760000,2,512,256,6731
9034,3131,760000,2,512,256,6731
9035,3131,760000,2,512,256,6731
9036,3132,760000,2,512,256,6732
9037,3132,760000,2,512,256,6732
9038,3132,760000,2,512,256,6732
9039,3132,760000,2,512,256,6732
9040,3132,760000,2,512,256,6732
9041,3132,760000,2,512,256,6732
9042,3132,760000,2,512,256,6732
9043,3133,760000,2,512,256,6733
9044,3134,760000,2,512,256,6734
9045,3134,760000,2,512,256,6734
9046,3135,760000,2,512,256,6735
9047,3135,760000,2,512,256,6735
9048,3135,760000,2,512,256,6735
9049,3136,760000,2,512,256,6736
9050,3136,760000,2,512,256,6736
9051,3136,760000,2,512,256,6736
9052,3137,760000,2,512,256,6737
9053,3137,760000,2,512,256,6737
9054,3137,760000,2,512,256,6737
9055,3137,760000,2,512,256,6737
9056,3137,760000,2,512,256,6737
9057,3137,760000,2,512,256,6737
9058,3137,760000,2,512,256,6737
9059,3138,760000,2,512,256,6738
9060,3138,760000,2,512,256,6738
9061,3138,760000,2,512,256,6738
9062,3139,760000,2,512,256,6739
9063,3139,760000,2,512,256,6739
9064,3139,760000,2,512,256,6739
9065,3139,760000,2,512,256,6739
9066,3139,760000,2,512,256,6739
9067,3139,760000,2,512,256,6739
9068,3140,760000,2,512,256,6740
9069,3140,760000,2,512,256,6740
9070,3140,760000,2,512,256,6740
9071,3140,760000,2,512,256,6740
9072,3141,760000,2,512,256,6741
9073,3141,760000,2,512,256,6741
9074,3141,760000,2,512,256,6741
9075,3142,760000,2,512,256,6742
9076,3142,760000,2,512,256,6742
9077,3142,760000,2,512,256,6742
9078,3142,760000,2,512,256,6742
9079,3142,760000,2,512,256,6742
9080,3142,760000,2,512,256,6742
9081,3143,760000,2,512,256,6743
9082,3143,760000,2,512,256,6743
9083,3145,760000,2,512,256,6745
9084,3145,760000,2,512,256,6745
9085,3145,760000,2,512,256,6745
9086,3146,760000,2,512,256,6746
9087,3146,760000,2,512,256,6746
9088,3146,760000,2,512,256,6746
9089,3146,760000,2,512,256,6746
9090,3146,760000,2,512,256,6746
9091,3146,760000,2,512,256,6746
9092,3146,760000,2,512,256,6746
9093,3146,760000,2,512,256,6746
9094,3147,760000,2,512,256,6747
9095,3147,760000,2,512,256,6747
9096,3148,760000,2,512,256,6748
9097,3148,760000,2,512,256,6748
9098,3148,760000,2,512,256,6748
9099,3148,760000,2,512,256,6748
9100,3149,760000,2,512,256,6749
9101,3149,760000,2,512,256,6749
9102,3149,760000,2,512,256,6749
9103,3149,760000,2,512,256,6749
9104,3150,760000,2,512,256,6750
9105,3150,760000,2,512,256,6750
9106,3151,760000,2,512,256,6751
9107,3151,760000,2,512,256,6751
9108,3151,760000,2,512,256,6751
9109,3151,760000,2,512,256,6751
9110,3151,760000,2,512,256,6751
9111,3151,760000,2,512,256,6751
9112,3151,760000,2,512,256,6751
9113,3151,760000,2,512,256,6751
9114,3152,760000,2,512,256,6752
9115,3152,760000,2,512,256,6752
9116,3152,760000,2,512,256,6752
9117,3152,760000,2,512,256,6752
9118,3152,760000,2,512,256,6752
9119,3152,760000,2,512,256,6752
9120,3152,760000,2,512,256,6752
9121,3152,760000,2,512,256,6752
9122,3153,760000,2,512,256,6753
9123,3153,760000,2,512,256,6753
9124,3153,760000,2,512,256,6753
9125,3153,760000,2,512,256,6753
9126,3154,760000,2,512,256,6754
9127,3154,760000,2,512,256,6754
9128,3154,760000,2,512,256,6754
9129,3154,760000,2,512,256,6754
9130,3154,760000,2,512,256,6754
9131,3155,760000,2,512,256,6755
9132,3155,760000,2,512,256,6755
9133,3155,760000,2,512,256,6755
9134,3156,760000,2,512,256,6756
9135,3156,760000,2,512,256,6756
9136,3156,760000,2,512,256,6756
9137,3156,760000,2,512,256,6756
9138,3157,760000,2,512,256,6757
9139,3157,760000,2,512,256,6757
9140,3157,760000,2,512,256,6757
9141,3157,760000,2,512,256,6757
9142,3157,760000,2,512,256,6757
9143,3157,760000,2,512,256,6757
9144,3158,760000,2,512,256,6758
9145,3158,760000,2,512,256,6758
9146,3158,760000,2,512,256,6758
9147,3158,760000,2,512,256,6758
9148,3158,760000,2,512,256,6758
9149,3158,760000,2,512,256,6758
9150,3159,760000,2,512,256,6759
9151,3159,760000,2,512,256,6759
9152,3159,760000,2,512,256,6759
9153,3159,760000,2,512,256,6759
9154,3159,760000,2,512,256,6759
9155,3160,760000,2,512,256,6760
9156,3160,760000,2,512,256,6760
9157,3160,760000,2,512,256,6760
9158,3160,760000,2,512,256,6760
9159,3160,760000,2,512,256,6760
9160,3160,760000,2,512,256,6760
9161,3161,760000,2,512,256,6761
9162,3161,760000,2,512,256,6761
9163,3161,760000,2,512,256,6761
9164,3161,760000,2,512,256,6761
9165,3161,760000,2,512,256,6761
9166,3161,760000,2,512,256,6761
9167,3162,760000,2,512,256,6762
9168,3162,760000,2,512,256,6762
9169,3162,760000,2,512,256,6762
9170,3162,760000,2,512,256,6762
9171,3162,760000,2,512,256,6762
9172,3162,760000,2,512,256,6762
9173,3163,760000,2,512,256,6763
9174,3163,760000,2,512,256,6763
9175,3163,760000,2,512,256,6763
9176,3163,760000,2,512,256,6763
9177,3163,760000,2,512,256,6763
9178,3163,760000,2,512,256,6763
9179,3163,760000,2,512,256,6763
9180,3163,760000,2,512,256,6763
9181,3164,760000,2,512,256,6764
9182,3164,760000,2,512,256,6764
9183,3164,760000,2,512,256,6764
9184,3164,760000,2,512,256,6764
9185,3164,760000,2,512,256,6764
9186,3164,760000,2,512,256,6764
9187,3165,760000,2,512,256,6765
9188,3166,760000,2,512,256,6766
9189,3166,760000,2,512,256,6766
9190,3166,760000,2,512,256,6766
9191,3166,760000,2,512,256,6766
9192,3166,760000,2,512,256,6766
9193,3167,760000,2,512,256,6767
9194,3167,760000,2,512,256,6767
9195,3167,760000,2,512,256,6767
9196,3167,760000,2,512,256,6767
9197,3168,760000,2,512,256,6768
9198,3168,760000,2,512,256,6768
9199,3168,760000,2,512,256,6768
9200,3168,760000,2,512,256,6768
9201,3168,760000,2,512,256,6768
9202,3168,760000,2,512,256,6768
9203,3173,760000,2,512,256,6773
9204,3177,760000,2,512,256,6777
9205,3179,760000,2,512,256,6779
9206,3180,760000,2,512,256,6780
9207,3189,760000,2,512,256,6789
9208,3191,760000,2,512,256,6791
9209,3192,760000,2,512,256,6792
9210,3196,760000,2,512,256,6796
9211,3198,760000,2,512,256,6798
9212,3204,760000,2,512,256,6804
9213,3205,760000,2,512,256,6805
9214,3210,760000,2,512,256,6810
9215,3221,760000,2,512,256,6821
9216,3221,760000,2,512,256,6821
9217,3231,760000,2,512,256,6831
9218,3239,760000,2,512,256,6839
9219,3243,760000,2,512,256,6843
9220,3243,760000,2,512,256,6843
9221,3247,760000,2,512,256,6847
9222,3256,760000,2,512,256,6856
9223,3262,760000,2,512,256,6862
9224,3268,760000,2,512,256,6868
9225,3270,760000,2,512,256,6870
9226,3270,760000,2,512,256,6870
9227,3273,760000,2,512,256,6873
9228,3273,760000,2,512,256,6873
9229,3273,760000,2,512,256,6873
9230,3273,760000,2,512,256,6873
9231,3273,760000,2,512,256,6873
9232,3274,760000,2,512,256,6874
9233,3275,760000,2,512,256,6875
9234,3275,760000,2,512,256,6875
9235,3275,760000,2,512,256,6875
9236,3275,760000,2,512,256,6875
9237,3275,760000,2,512,256,6875
9238,3275,760000,2,512,256,6875
9239,3276,760000,2,512,256,6876
9240,3276,760000,2,512,256,6876
9241,3276,760000,2,512,256,6876
9242,3276,760000,2,512,256,6876
9243,3277,760000,2,512,256,6877
9244,3279,760000,2,512,256,6879
9245,3283,760000,2,512,256,6883
9246,3284,760000,2,512,256,6884
9247,3284,760000,2,512,256,6884
9248,3284,760000,2,512,256,6884
9249,3284,760000,2,512,256,6884
9250,3284,760000,2,512,256,6884
9251,3284,760000,2,512,256,6884
9252,3284,760000,2,512,256,6884
9253,3284,760000,2,512,256,6884
9254,3284,760000,2,512,256,6884
9255,3285,760000,2,512,256,6885
9256,3285,760000,2,512,256,6885
9257,3285,760000,2,512,256,6885
9258,3285,760000,2,512,256,6885
9259,3285,760000,2,512,256,6885
9260,3285,760000,2,512,256,6885
9261,3285,760000,2,512,256,6885
9262,3285,760000,2,512,256,6885
9263,3286,760000,2,512,256,6886
9264,3287,760000,2,512,256,6887
9265,3287,760000,2,512,256,6887
9266,3288,760000,2,512,256,6888
9267,3288,760000,2,512,256,6888
9268,3288,760000,2,512,256,6888
9269,3288,760000,2,512,256,6888
9270,3288,760000,2,512,256,6888
9271,3289,760000,2,512,256,6889
9272,3289,760000,2,512,256,6889
9273,3290,760000,2,512,256,6890
9274,3290,760000,2,512,256,6890
9275,3290,760000,2,512,256,6890
9276,3290,760000,2,512,256,6890
9277,3291,760000,2,512,256,6891
9278,3291,760000,2,512,256,6891
9279,3291,760000,2,512,256,6891
9280,3291,760000,2,512,256,6891
9281,3292,760000,2,512,256,6892
9282,3293,760000,2,512,256,6893
9283,3293,760000,2,512,256,6893
9284,3293,760000,2,512,256,6893
9285,3293,760000,2,512,256,6893
9286,3293,760000,2,512,256,6893
9287,3293,760000,2,512,256,6893
9288,3293,760000,2,512,256,6893
9289,3293,760000,2,512,256,6893
9290,3294,760000,2,512,256,6894
9291,3294,760000,2,512,256,6894
9292,3294,760000,2,512,256,6894
9293,3294,760000,2,512,256,6894
9294,3294,760000,2,512,256,6894
9295,3295,760000,2,512,256,6895
9296,3295,760000,2,512,256,6895
9297,3295,760000,2,512,256,6895
9298,3295,760000,2,512,256,6895
9299,3295,760000,2,512,256,6895
9300,3295,760000,2,512,256,6895
9301,3295,760000,2,512,256,6895
9302,3296,760000,2,512,256,6896
9303,3296,760000,2,512,256,6896
9304,3296,760000,2,512,256,6896
9305,3296,760000,2,512,256,6896
9306,3296,760000,2,512,256,6896
9307,3296,760000,2,512,256,6896
9308,3296,760000,2,512,256,6896
9309,3297,760000,2,512,256,6897
9310,3297,760000,2,512,256,6897
9311,3297,760000,2,512,256,6897
9312,3297,760000,2,512,256,6897
9313,3297,760000,2,512,256,6897
9314,3297,760000,2,512,256,6897
9315,3298,760000,2,512,256,6898
9316,3298,760000,2,512,256,6898
9317,3298,760000,2,512,256,6898
9318,3299,760000,2,512,256,6899
9319,3299,760000,2,512,256,6899
9320,3299,760000,2,512,256,6899
9321,3299,760000,2,512,256,6899
9322,3299,760000,2,512,256,6899
9323,3300,760000,2,512,256,6900
9324,3300,760000,2,512,256,6900
9325,3300,760000,2,512,256,6900
9326,3301,760000,2,512,256,6901
9327,3301,760000,2,512,256,6901
9328,3301,760000,2,512,256,6901
9329,3302,760000,2,512,256,6902
9330,3302,760000,2,512,256,6902
9331,3302,760000,2,512,256,6902
9332,3302,760000,2,512,256,6902
9333,3302,760000,2,512,256,6902
9334,3302,760000,2,512,256,6902
9335,3303,760000,2,512,256,6903
9336,3303,760000,2,512,256,6903
9337,3303,760000,2,512,256,6903
9338,3303,760000,2,512,256,6903
9339,3303,760000,2,512,256,6903
9340,3303,760000,2,512,256,6903
9341,3303,760000,2,512,256,6903
9342,3304,760000,2,512,256,6904
9343,3304,760000,2,512,256,6904
9344,3305,760000,2,512,256,6905
9345,3305,760000,2,512,256,6905
9346,3305,760000,2,512,256,6905
9347,3306,760000,2,512,256,6906
9348,3306,760000,2,512,256,6906
9349,3307,760000,2,512,256,6907
9350,3307,760000,2,512,256,6907
9351,3307,760000,2,512,256,6907
9352,3307,760000,2,512,256,6907
9353,3307,760000,2,512,256,6907
9354,3307,760000,2,512,256,6907
9355,3308,760000,2,512,256,6908
9356,3308,760000,2,512,256,6908
9357,3308,760000,2,512,256,6908
9358,3309,760000,2,512,256,6909
9359,3309,760000,2,512,256,6909
9360,3309,760000,2,512,256,6909
9361,3309,760000,2,512,256,6909
9362,3310,760000,2,512,256,6910
9363,3310,760000,2,512,256,6910
9364,3310,760000,2,512,256,6910
9365,3311,760000,2,512,256,6911
9366,3319,760000,2,512,256,6919
9367,3320,760000,2,512,256,6920
9368,3320,760000,2,512,256,6920
9369,3321,760000,2,512,256,6921
9370,3321,760000,2,512,256,6921
9371,3321,760000,2,512,256,6921
9372,3321,760000,2,512,256,6921
9373,3321,760000,2,512,256,6921
9374,3323,760000,2,512,256,6923
9375,3324,760000,2,512,256,6924
9376,3326,760000,2,512,256,6926
9377,3326,760000,2,512,256,6926
9378,3328,760000,2,512,256,6928
9379,3335,760000,2,512,256,6935
9380,3335,760000,2,512,256,6935
9381,3338,760000,2,512,256,6938
9382,3338,760000,2,512,256,6938
9383,3341,760000,2,512,256,6941
9384,3346,760000,2,512,256,6946
9385,3350,760000,2,512,256,6950
9386,3350,760000,2,512,256,6950
9387,3353,760000,2,512,256,6953
9388,3353,760000,2,512,256,6953
9389,3355,760000,2,512,256,6955
9390,3355,760000,2,512,256,6955
9391,3355,760000,2,512,256,6955
9392,3355,760000,2,512,256,6955
9393,3355,760000,2,512,256,6955
9394,3355,760000,2,512,256,6955
9395,3355,760000,2,512,256,6955
9396,3359,760000,2,512,256,6959
9397,3359,760000,2,512,256,6959
9398,3361,760000,2,512,256,6961
9399,3361,760000,2,512,256,6961
9400,3361,760000,2,512,256,6961
9401,3361,760000,2,512,256,6961
9402,3361,760000,2,512,256,6961
9403,3363,760000,2,512,256,6963
9404,3363,760000,2,512,256,6963
9405,3368,760000,2,512,256,6968
9406,3369,760000,2,512,256,6969
9407,3369,760000,2,512,256,6969
9408,3369,760000,2,512,256,6969
9409,3369,760000,2,512,256,6969
9410,3369,760000,2,512,256,6969
9411,3369,760000,2,512,256,6969
9412,3370,760000,2,512,256,6970
9413,3370,760000,2,512,256,6970
9414,3371,760000,2,512,256,6971
9415,3371,760000,2,512,256,6971
9416,3371,760000,2,512,256,6971
9417,3371,760000,2,512,256,6971
9418,3371,760000,2,512,256,6971
9419,3371,760000,2,512,256,6971
9420,3373,760000,2,512,256,6973
9421,3374,760000,2,512,256,6974
9422,3374,760000,2,512,256,6974
9423,3374,760000,2,512,256,6974
9424,3374,760000,2,512,256,6974
9425,3374,760000,2,512,256,6974
9426,3374,760000,2,512,256,6974
9427,3375,760000,2,512,256,6975
9428,3375,760000,2,512,256,6975
9429,3375,760000,2,512,256,6975
9430,3375,760000,2,512,256,6975
9431,3379,760000,2,512,256,6979
9432,3381,760000,2,512,256,6981
9433,3382,760000,2,512,256,6982
9434,3382,760000,2,512,256,6982
9435,3382,760000,2,512,256,6982
9436,3382,760000,2,512,256,6982
9437,3382,760000,2,512,256,6982
9438,3382,760000,2,512,256,6982
9439,3382,760000,2,512,256,6982
9440,3382,760000,2,512,256,6982
9441,3382,760000,2,512,256,6982
9442,3384,760000,2,512,256,6984
9443,3389,760000,2,512,256,6989
9444,3393,760000,2,512,256,6993
9445,3399,760000,2,512,256,6999
9446,3399,760000,2,512,256,6999
9447,3399,760000,2,512,256,6999
9448,3399,760000,2,512,256,6999
9449,3399,760000,2,512,256,6999
9450,3399,760000,2,512,256,6999
9451,3400,760000,2,512,256,7000
9452,3400,760000,2,512,256,7000
9453,3400,760000,2,512,256,7000
9454,3400,760000,2,512,256,7000
9455,3400,760000,2,512,256,7000
9456,3400,760000,2,512,256,7000
9457,3400,760000,2,512,256,7000
9458,3402,760000,2,512,256,7002
9459,3403,760000,2,512,256,7003
9460,3408,760000,2,512,256,7008
9461,3412,760000,2,512,256,7012
9462,3413,760000,2,512,256,7013
9463,3413,760000,2,512,256,7013
9464,3414,760000,2,512,256,7014
9465,3414,760000,2,512,256,7014
9466,3414,760000,2,512,256,7014
9467,3415,760000,2,512,256,7015
9468,3415,760000,2,512,256,7015
9469,3415,760000,2,512,256,7015
9470,3415,760000,2,512,256,7015
9471,3415,760000,2,512,256,7015
9472,3416,760000,2,512,256,7016
9473,3416,760000,2,512,256,7016
9474,3416,760000,2,512,256,7016
9475,3416,760000,2,512,256,7016
9476,3417,760000,2,512,256,7017
9477,3417,760000,2,512,256,7017
9478,3417,760000,2,512,256,7017
9479,3417,760000,2,512,256,7017
9480,3418,760000,2,512,256,7018
9481,3418,760000,2,512,256,7018
9482,3418,760000,2,512,256,7018
9483,3418,760000,2,512,256,7018
9484,3419,760000,2,512,256,7019
9485,3419,760000,2,512,256,7019
9486,3419,760000,2,512,256,7019
9487,3419,760000,2,512,256,7019
9488,3419,760000,2,512,256,7019
9489,3420,760000,2,512,256,7020
9490,3420,760000,2,512,256,7020
9491,3420,760000,2,512,256,7020
9492,3420,760000,2,512,256,7020
9493,3420,760000,2,512,256,7020
9494,3420,760000,2,512,256,7020
9495,3421,760000,2,512,256,7021
9496,3421,760000,2,512,256,7021
9497,3421,760000,2,512,256,7021
9498,3422,760000,2,512,256,7022
9499,3422,760000,2,512,256,7022
9500,3422,760000,2,512,256,7022
9501,3422,760000,2,512,256,7022
9502,3422,760000,2,512,256,7022
9503,3422,760000,2,512,256,7022
9504,3422,760000,2,512,256,7022
9505,3422,760000,2,512,256,7022
9506,3423,760000,2,512,256,7023
9507,3423,760000,2,512,256,7023
9508,3423,760000,2,512,256,7023
9509,3423,760000,2,512,256,7023
9510,3423,760000,2,512,256,7023
9511,3423,760000,2,512,256,7023
9512,3424,760000,2,512,256,7024
9513,3424,760000,2,512,256,7024
9514,3424,760000,2,512,256,7024
9515,3424,760000,2,512,256,7024
9516,3424,760000,2,512,256,7024
9517,3424,760000,2,512,256,7024
9518,3424,760000,2,512,256,7024
9519,3424,760000,2,512,256,7024
9520,3424,760000,2,512,256,7024
9521,3425,760000,2,512,256,7025
9522,3425,760000,2,512,256,7025
9523,3426,760000,2,512,256,7026
9524,3426,760000,2,512,256,7026
9525,3426,760000,2,512,256,7026
9526,3426,760000,2,512,256,7026
9527,3427,760000,2,512,256,7027
9528,3427,760000,2,512,256,7027
9529,3427,760000,2,512,256,7027
9530,3427,760000,2,512,256,7027
9531,3428,760000,2,512,256,7028
9532,3428,760000,2,512,256,7028
9533,3428,760000,2,512,256,7028
9534,3428,760000,2,512,256,7028
9535,3428,760000,2,512,256,7028
9536,3429,760000,2,512,256,7029
9537,3429,760000,2,512,256,7029
9538,3430,760000,2,512,256,7030
9539,3431,760000,2,512,256,7031
9540,3431,760000,2,512,256,7031
9541,3431,760000,2,512,256,7031
9542,3431,760000,2,512,256,7031
9543,3431,760000,2,512,256,7031
9544,3431,760000,2,512,256,7031
9545,3432,760000,2,512,256,7032
9546,3432,760000,2,512,256,7032
9547,3432,760000,2,512,256,7032
9548,3432,760000,2,512,256,7032
9549,3433,760000,2,512,256,7033
9550,3433,760000,2,512,256,7033
9551,3433,760000,2,512,256,7033
9552,3434,760000,2,512,256,7034
9553,3434,760000,2,512,256,7034
9554,3435,760000,2,512,256,7035
9555,3435,760000,2,512,256,7035
9556,3435,760000,2,512,256,7035
9557,3436,760000,2,512,256,7036
9558,3436,760000,2,512,256,7036
9559,3436,760000,2,512,256,7036
9560,3436,760000,2,512,256,7036
9561,3437,760000,2,512,256,7037
9562,3437,760000,2,512,256,7037
9563,3437,760000,2,512,256,7037
9564,3437,760000,2,512,256,7037
9565,3437,760000,2,512,256,7037
9566,3438,760000,2,512,256,7038
9567,3438,760000,2,512,256,7038
9568,3438,760000,2,512,256,7038
9569,3438,760000,2,512,256,7038
9570,3439,760000,2,512,256,7039
9571,3439,760000,2,512,256,7039
9572,3440,760000,2,512,256,7040
9573,3440,760000,2,512,256,7040
9574,3440,760000,2,512,256,7040
9575,3440,760000,2,512,256,7040
9576,3441,760000,2,512,256,7041
9577,3441,760000,2,512,256,7041
9578,3441,760000,2,512,256,7041
9579,3442,760000,2,512,256,7042
9580,3442,760000,2,512,256,7042
9581,3442,760000,2,512,256,7042
9582,3442,760000,2,512,256,7042
9583,3443,760000,2,512,256,7043
9584,3443,760000,2,512,256,7043
9585,3443,760000,2,512,256,7043
9586,3443,760000,2,512,256,7043
9587,3443,760000,2,512,256,7043
9588,3443,760000,2,512,256,7043
9589,3443,760000,2,512,256,7043
9590,3444,760000,2,512,256,7044
9591,3444,760000,2,512,256,7044
9592,3444,760000,2,512,256,7044
9593,3445,760000,2,512,256,7045
9594,3445,760000,2,512,256,7045
9595,3445,760000,2,512,256,7045
9596,3445,760000,2,512,256,7045
9597,3445,760000,2,512,256,7045
9598,3445,760000,2,512,256,7045
9599,3446,760000,2,512,256,7046
9600,3446,760000,2,512,256,7046
9601,3446,760000,2,512,256,7046
9602,3446,760000,2,512,256,7046
9603,3446,760000,2,512,256,7046
9604,3446,760000,2,512,256,7046
9605,3446,760000,2,512,256,7046
9606,3447,760000,2,512,256,7047
9607,3447,760000,2,512,256,7047
9608,3447,760000,2,512,256,7047
9609,3447,760000,2,512,256,7047
9610,3448,760000,2,512,256,7048
9611,3448,760000,2,512,256,7048
9612,3448,760000,2,512,256,7048
9613,3448,760000,2,512,256,7048
9614,3449,760000,2,512,256,7049
9615,3449,760000,2,512,256,7049
9616,3449,760000,2,512,256,7049
9617,3454,760000,2,512,256,7054
9618,3454,760000,2,512,256,7054
9619,3455,760000,2,512,256,7055
9620,3455,760000,2,512,256,7055
9621,3455,760000,2,512,256,7055
9622,3455,760000,2,512,256,7055
9623,3455,760000,2,512,256,7055
9624,3456,760000,2,512,256,7056
9625,3456,760000,2,512,256,7056
9626,3456,760000,2,512,256,7056
9627,3456,760000,2,512,256,7056
9628,3456,760000,2,512,256,7056
9629,3457,760000,2,512,256,7057
9630,3457,760000,2,512,256,7057
9631,3457,760000,2,512,256,7057
9632,3457,760000,2,512,256,7057
9633,3457,760000,2,512,256,7057
9634,3458,760000,2,512,256,7058
9635,3458,760000,2,512,256,7058
9636,3458,760000,2,512,256,7058
9637,3458,760000,2,512,256,7058
9638,3458,760000,2,512,256,7058
9639,3459,760000,2,512,256,7059
9640,3459,760000,2,512,256,7059
9641,3459,760000,2,512,256,7059
9642,3459,760000,2,512,256,7059
9643,3459,760000,2,512,256,7059
9644,3460,760000,2,512,256,7060
9645,3460,760000,2,512,256,7060
9646,3460,760000,2,512,256,7060
9647,3460,760000,2,512,256,7060
9648,3460,760000,2,512,256,7060
9649,3461,760000,2,512,256,7061
9650,3461,760000,2,512,256,7061
9651,3462,760000,2,512,256,7062
9652,3464,760000,2,512,256,7064
9653,3464,760000,2,512,256,7064
9654,3464,760000,2,512,256,7064
9655,3465,760000,2,512,256,7065
9656,3465,760000,2,512,256,7065
9657,3466,760000,2,512,256,7066
9658,3466,760000,2,512,256,7066
9659,3466,760000,2,512,256,7066
9660,3466,760000,2,512,256,7066
9661,3466,760000,2,512,256,7066
9662,3466,760000,2,512,256,7066
9663,3466,760000,2,512,256,7066
9664,3466,760000,2,512,256,7066
9665,3466,760000,2,512,256,7066
9666,3469,760000,2,512,256,7069
9667,3469,760000,2,512,256,7069
9668,3469,760000,2,512,256,7069
9669,3469,760000,2,512,256,7069
9670,3469,760000,2,512,256,7069
9671,3469,760000,2,512,256,7069
9672,3470,760000,2,512,256,7070
9673,3470,760000,2,512,256,7070
9674,3470,760000,2,512,256,7070
9675,3470,760000,2,512,256,7070
9676,3471,760000,2,512,256,7071
9677,3471,760000,2,512,256,7071
9678,3471,760000,2,512,256,7071
9679,3471,760000,2,512,256,7071
9680,3471,760000,2,512,256,7071
9681,3471,760000,2,512,256,7071
9682,3471,760000,2,512,256,7071
9683,3471,760000,2,512,256,7071
9684,3472,760000,2,512,256,7072
9685,3472,760000,2,512,256,7072
9686,3472,760000,2,512,256,7072
9687,3473,760000,2,512,256,7073
9688,3473,760000,2,512,256,7073
9689,3474,760000,2,512,256,7074
9690,3474,760000,2,512,256,7074
9691,3474,760000,2,512,256,7074
9692,3474,760000,2,512,256,7074
9693,3475,760000,2,512,256,7075
9694,3475,760000,2,512,256,7075
9695,3475,760000,2,512,256,7075
9696,3475,760000,2,512,256,7075
9697,3475,760000,2,512,256,7075
9698,3475,760000,2,512,256,7075
9699,3475,760000,2,512,256,7075
9700,3475,760000,2,512,256,7075
9701,3475,760000,2,512,256,7075
9702,3476,760000,2,512,256,7076
9703,3476,760000,2,512,256,7076
9704,3476,760000,2,512,256,7076
9705,3476,760000,2,512,256,7076
9706,3476,760000,2,512,256,7076
9707,3477,760000,2,512,256,7077
9708,3477,760000,2,512,256,7077
9709,3478,760000,2,512,256,7078
9710,3478,760000,2,512,256,7078
9711,3478,760000,2,512,256,7078
9712,3478,760000,2,512,256,7078
9713,3478,760000,2,512,256,7078
9714,3479,760000,2,512,256,7079
9715,3479,760000,2,512,256,7079
9716,3479,760000,2,512,256,7079
9717,3480,760000,2,512,256,7080
9718,3480,760000,2,512,256,7080
9719,3480,760000,2,512,256,7080
9720,3480,760000,2,512,256,7080
9721,3480,760000,2,512,256,7080
9722,3481,760000,2,512,256,7081
9723,3481,760000,2,512,256,7081
9724,3481,760000,2,512,256,7081
9725,3482,760000,2,512,256,7082
9726,3482,760000,2,512,256,7082
9727,3482,760000,2,512,256,7082
9728,3482,760000,2,512,256,7082
9729,3482,760000,2,512,256,7082
9730,3483,760000,2,512,256,7083
9731,3483,760000,2,512,256,7083
9732,3483,760000,2,512,256,7083
9733,3483,760000,2,512,256,7083
9734,3483,760000,2,512,256,7083
9735,3483,760000,2,512,256,7083
9736,3483,760000,2,512,256,7083
9737,3483,760000,2,512,256,7083
9738,3484,760000,2,512,256,7084
9739,3484,760000,2,512,256,7084
9740,3484,760000,2,512,256,7084
9741,3484,760000,2,512,256,7084
9742,3484,760000,2,512,256,7084
9743,3485,760000,2,512,256,7085
9744,3485,760000,2,512,256,7085
9745,3485,760000,2,512,256,7085
9746,3485,760000,2,512,256,7085
9747,3485,760000,2,512,256,7085
9748,3486,760000,2,512,256,7086
9749,3486,760000,2,512,256,7086
9750,3486,760000,2,512,256,7086
9751,3486,760000,2,512,256,7086
9752,3486,760000,2,512,256,7086
9753,3487,760000,2,512,256,7087
9754,3487,760000,2,512,256,7087
9755,3487,760000,2,512,256,7087
9756,3487,760000,2,512,256,7087
9757,3488,760000,2,512,256,7088
9758,3488,760000,2,512,256,7088
9759,3488,760000,2,512,256,7088
9760,3488,760000,2,512,256,7088
9761,3489,760000,2,512,256,7089
9762,3489,760000,2,512,256,7089
9763,3489,760000,2,512,256,7089
9764,3489,760000,2,512,256,7089
9765,3489,760000,2,512,256,7089
9766,3489,760000,2,512,256,7089
9767,3489,760000,2,512,256,7089
9768,3490,760000,2,512,256,7090
9769,3491,760000,2,512,256,7091
9770,3491,760000,2,512,256,7091
9771,3491,760000,2,512,256,7091
9772,3491,760000,2,512,256,7091
9773,3491,760000,2,512,256,7091
9774,3492,760000,2,512,256,7092
9775,3492,760000,2,512,256,7092
9776,3492,760000,2,512,256,7092
9777,3492,760000,2,512,256,7092
9778,3492,760000,2,512,256,7092
9779,3493,760000,2,512,256,7093
9780,3493,760000,2,512,256,7093
9781,3493,760000,2,512,256,7093
9782,3494,760000,2,512,256,7094
9783,3494,760000,2,512,256,7094
9784,3494,760000,2,512,256,7094
9785,3494,760000,2,512,256,7094
9786,3494,760000,2,512,256,7094
9787,3494,760000,2,512,256,7094
9788,3494,760000,2,512,256,7094
9789,3494,760000,2,512,256,7094
9790,3494,760000,2,512,256,7094
9791,3495,760000,2,512,256,7095
9792,3495,760000,2,512,256,7095
9793,3495,760000,2,512,256,7095
9794,3496,760000,2,512,256,7096
9795,3496,760000,2,512,256,7096
9796,3496,760000,2,512,256,7096
9797,3496,760000,2,512,256,7096
9798,3496,760000,2,512,256,7096
9799,3496,760000,2,512,256,7096
9800,3496,760000,2,512,256,7096
9801,3497,760000,2,512,256,7097
9802,3497,760000,2,512,256,7097
9803,3497,760000,2,512,256,7097
9804,3498,760000,2,512,256,7098
9805,3498,760000,2,512,256,7098
9806,3498,760000,2,512,256,7098
9807,3499,760000,2,512,256,7099
9808,3499,760000,2,512,256,7099
9809,3499,760000,2,512,256,7099
9810,3499,760000,2,512,256,7099
9811,3499,760000,2,512,256,7099
9812,3499,760000,2,512,256,7099
9813,3499,760000,2,512,256,7099
9814,3500,760000,2,512,256,7100
9815,3500,760000,2,512,256,7100
9816,3500,760000,2,512,256,7100
9817,3500,760000,2,512,256,7100
9818,3500,760000,2,512,256,7100
9819,3501,760000,2,512,256,7101
9820,3501,760000,2,512,256,7101
9821,3501,760000,2,512,256,7101
9822,3501,760000,2,512,256,7101
9823,3502,760000,2,512,256,7102
9824,3502,760000,2,512,256,7102
9825,3503,760000,2,512,256,7103
9826,3503,760000,2,512,256,7103
9827,3503,760000,2,512,256,7103
9828,3503,760000,2,512,256,7103
9829,3503,760000,2,512,256,7103
9830,3503,760000,2,512,256,7103
9831,3503,760000,2,512,256,7103
9832,3503,760000,2,512,256,7103
9833,3504,760000,2,512,256,7104
9834,3504,760000,2,512,256,7104
9835,3504,760000,2,512,256,7104
9836,3504,760000,2,512,256,7104
9837,3504,760000,2,512,256,7104
9838,3504,760000,2,512,256,7104
9839,3504,760000,2,512,256,7104
9840,3504,760000,2,512,256,7104
9841,3505,760000,2,512,256,7105
9842,3505,760000,2,512,256,7105
9843,3505,760000,2,512,256,7105
9844,3505,760000,2,512,256,7105
9845,3506,760000,2,512,256,7106
9846,3506,760000,2,512,256,7106
9847,3506,760000,2,512,256,7106
9848,3506,760000,2,512,256,7106
9849,3507,760000,2,512,256,7107
9850,3507,760000,2,512,256,7107
9851,3507,760000,2,512,256,7107
9852,3507,760000,2,512,256,7107
9853,3507,760000,2,512,256,7107
9854,3507,760000,2,512,256,7107
9855,3508,760000,2,512,256,7108
9856,3508,760000,2,512,256,7108
9857,3508,760000,2,512,256,7108
9858,3509,760000,2,512,256,7109
9859,3509,760000,2,512,256,7109
9860,3510,760000,2,512,256,7110
9861,3510,760000,2,512,256,7110
9862,3510,760000,2,512,256,7110
9863,3510,760000,2,512,256,7110
9864,3510,760000,2,512,256,7110
9865,3510,760000,2,512,256,7110
9866,3510,760000,2,512,256,7110
9867,3511,760000,2,512,256,7111
9868,3511,760000,2,512,256,7111
9869,3511,760000,2,512,256,7111
9870,3511,760000,2,512,256,7111
9871,3512,760000,2,512,256,7112
9872,3512,760000,2,512,256,7112
9873,3512,760000,2,512,256,7112
9874,3513,760000,2,512,256,7113
9875,3513,760000,2,512,256,7113
9876,3513,760000,2,512,256,7113
9877,3513,760000,2,512,256,7113
9878,3513,760000,2,512,256,7113
9879,3520,760000,2,512,256,7120
9880,3529,760000,2,512,256,7129
9881,3530,760000,2,512,256,7130
9882,3530,760000,2,512,256,7130
9883,3532,760000,2,512,256,7132
9884,3534,760000,2,512,256,7134
9885,3541,760000,2,512,256,7141
9886,3547,760000,2,512,256,7147
9887,3556,760000,2,512,256,7156
9888,3556,760000,2,512,256,7156
9889,3563,760000,2,512,256,7163
9890,3569,760000,2,512,256,7169
9891,3573,760000,2,512,256,7173
9892,3573,760000,2,512,256,7173
9893,3575,760000,2,512,256,7175
9894,3575,760000,2,512,256,7175
9895,3575,760000,2,512,256,7175
9896,3576,760000,2,512,256,7176
9897,3576,760000,2,512,256,7176
9898,3576,760000,2,512,256,7176
9899,3576,760000,2,512,256,7176
9900,3576,760000,2,512,256,7176
9901,3576,760000,2,512,256,7176
9902,3576,760000,2,512,256,7176
9903,3577,760000,2,512,256,7177
9904,3577,760000,2,512,256,7177
9905,3577,760000,2,512,256,7177
9906,3577,760000,2,512,256,7177
9907,3577,760000,2,512,256,7177
9908,3578,760000,2,512,256,7178
9909,3578,760000,2,512,256,7178
9910,3578,760000,2,512,256,7178
9911,3579,760000,2,512,256,7179
9912,3579,760000,2,512,256,7179
9913,3579,760000,2,512,256,7179
9914,3579,760000,2,512,256,7179
9915,3579,760000,2,512,256,7179
9916,3579,760000,2,512,256,7179
9917,3579,760000,2,512,256,7179
9918,3580,760000,2,512,256,7180
9919,3581,760000,2,512,256,7181
9920,3581,760000,2,512,256,7181
9921,3581,760000,2,512,256,7181
9922,3581,760000,2,512,256,7181
9923,3581,760000,2,512,256,7181
9924,3581,760000,2,512,256,7181
9925,3582,760000,2,512,256,7182
9926,3582,760000,2,512,256,7182
9927,3582,760000,2,512,256,7182
9928,3582,760000,2,512,256,7182
9929,3582,760000,2,512,256,7182
9930,3582,760000,2,512,256,7182
9931,3582,760000,2,512,256,7182
9932,3584,760000,2,512,256,7184
9933,3584,760000,2,512,256,7184
9934,3584,760000,2,512,256,7184
9935,3584,760000,2,512,256,7184
9936,3584,760000,2,512,256,7184
9937,3584,760000,2,512,256,7184
9938,3585,760000,2,512,256,7185
9939,3585,760000,2,512,256,7185
9940,3586,760000,2,512,256,7186
9941,3586,760000,2,512,256,7186
9942,3586,760000,2,512,256,7186
9943,3586,760000,2,512,256,7186
9944,3586,760000,2,512,256,7186
9945,3586,760000,2,512,256,7186
9946,3587,760000,2,512,256,7187
9947,3587,760000,2,512,256,7187
9948,3587,760000,2,512,256,7187
9949,3587,760000,2,512,256,7187
9950,3588,760000,2,512,256,7188
9951,3588,760000,2,512,256,7188
9952,3588,760000,2,512,256,7188
9953,3588,760000,2,512,256,7188
9954,3589,760000,2,512,256,7189
9955,3589,760000,2,512,256,7189
9956,3589,760000,2,512,256,7189
9957,3589,760000,2,512,256,7189
9958,3589,760000,2,512,256,7189
9959,3589,760000,2,512,256,7189
9960,3589,760000,2,512,256,7189
9961,3589,760000,2,512,256,7189
9962,3594,760000,2,512,256,7194
9963,3594,760000,2,512,256,7194
9964,3594,760000,2,512,256,7194
9965,3594,760000,2,512,256,7194
9966,3594,760000,2,512,256,7194
9967,3594,760000,2,512,256,7194
9968,3594,760000,2,512,256,7194
9969,3595,760000,2,512,256,7195
9970,3595,760000,2,512,256,7195
9971,3595,760000,2,512,256,7195
9972,3595,760000,2,512,256,7195
9973,3596,760000,2,512,256,7196
9974,3596,760000,2,512,256,7196
9975,3596,760000,2,512,256,7196
9976,3596,760000,2,512,256,7196
9977,3596,760000,2,512,256,7196
9978,3596,760000,2,512,256,7196
9979,3596,760000,2,512,256,7196
9980,3596,760000,2,512,256,7196
9981,3597,760000,2,512,256,7197
9982,3597,760000,2,512,256,7197
9983,3597,760000,2,512,256,7197
9984,3597,760000,2,512,256,7197
9985,3597,760000,2,512,256,7197
9986,3597,760000,2,512,256,7197
9987,3597,760000,2,512,256,7197
9988,3598,760000,2,512,256,7198
9989,3598,760000,2,512,256,7198
9990,3598,760000,2,512,256,7198
9991,3598,760000,2,512,256,7198
9992,3598,760000,2,512,256,7198
9993,3599,760000,2,512,256,7199
9994,3599,760000,2,512,256,7199
9995,3600,760000,2,512,256,7200
9996,3600,760000,2,512,256,7200
9997,3600,760000,2,512,256,7200
9998,3600,760000,2,512,256,7200
9999,3600,760000,2,512,256,7200
10000,3600,760000,2,512,256,7200
10001,3600,760000,2,512,256,7200
10002,3600,760000,2,512,256,7200
10003,3600,760000,2,512,256,7200
10004,3600,760000,2,512,256,7200
10005,3600,760000,2,512,256,7200
10006,3601,760000,2,512,256,7201
10007,3601,760000,2,512,256,7201
10008,3601,760000,2,512,256,7201
10009,3601,760000,2,512,256,7201
10010,3602,760000,2,512,256,7202
10011,3602,760000,2,512,256,7202
10012,3602,760000,2,512,256,7202
10013,3602,760000,2,512,256,7202
10014,3603,760000,2,512,256,7203
10015,3603,760000,2,512,256,7203
10016,3603,760000,2,512,256,7203
10017,3603,760000,2,512,256,7203
10018,3604,760000,2,512,256,7204
10019,3604,760000,2,512,256,7204
10020,3604,760000,2,512,256,7204
10021,3604,760000,2,512,256,7204
10022,3604,760000,2,512,256,7204
10023,3604,760000,2,512,256,7204
10024,3604,760000,2,512,256,7204
10025,3605,760000,2,512,256,7205
10026,3605,760000,2,512,256,7205
10027,3605,760000,2,512,256,7205
10028,3605,760000,2,512,256,7205
10029,3605,760000,2,512,256,7205
10030,3605,760000,2,512,256,7205
10031,3605,760000,2,512,256,7205
10032,3605,760000,2,512,256,7205
10033,3606,760000,2,512,256,7206
10034,3606,760000,2,512,256,7206
10035,3606,760000,2,512,256,7206
10036,3606,760000,2,512,256,7206
10037,3606,760000,2,512,256,7206
10038,3608,760000,2,512,256,7208
10039,3608,760000,2,512,256,7208
10040,3608,760000,2,512,256,7208
10041,3608,760000,2,512,256,7208
10042,3608,760000,2,512,256,7208
10043,3608,760000,2,512,256,7208
10044,3608,760000,2,512,256,7208
10045,3609,760000,2,512,256,7209
10046,3609,760000,2,512,256,7209
10047,3610,760000,2,512,256,7210
10048,3610,760000,2,512,256,7210
10049,3610,760000,2,512,256,7210
10050,3610,760000,2,512,256,7210
10051,3610,760000,2,512,256,7210
10052,3610,760000,2,512,256,7210
10053,3611,760000,2,512,256,7211
10054,3611,760000,2,512,256,7211
10055,3612,760000,2,512,256,7212
10056,3612,760000,2,512,256,7212
10057,3612,760000,2,512,256,7212
10058,3612,760000,2,512,256,7212
10059,3613,760000,2,512,256,7213
10060,3613,760000,2,512,256,7213
10061,3613,760000,2,512,256,7213
10062,3613,760000,2,512,256,7213
10063,3613,760000,2,512,256,7213
10064,3613,760000,2,512,256,7213
10065,3614,760000,2,512,256,7214
10066,3614,760000,2,512,256,7214
10067,3614,760000,2,512,256,7214
10068,3615,760000,2,512,256,7215
10069,3616,760000,2,512,256,7216
10070,3616,760000,2,512,256,7216
10071,3616,760000,2,512,256,7216
10072,3616,760000,2,512,256,7216
10073,3616,760000,2,512,256,7216
10074,3617,760000,2,512,256,7217
10075,3617,760000,2,512,256,7217
10076,3617,760000,2,512,256,7217
10077,3617,760000,2,512,256,7217
10078,3617,760000,2,512,256,7217
10079,3618,760000,2,512,256,7218
10080,3618,760000,2,512,256,7218
10081,3618,760000,2,512,256,7218
10082,3618,760000,2,512,256,7218
10083,3618,760000,2,512,256,7218
10084,3618,760000,2,512,256,7218
10085,3619,760000,2,512,256,7219
10086,3619,760000,2,512,256,7219
10087,3619,760000,2,512,256,7219
10088,3620,760000,2,512,256,7220
10089,3620,760000,2,512,256,7220
10090,3621,760000,2,512,256,7221
10091,3621,760000,2,512,256,7221
10092,3621,760000,2,512,256,7221
10093,3621,760000,2,512,256,7221
10094,3621,760000,2,512,256,7221
10095,3621,760000,2,512,256,7221
10096,3621,760000,2,512,256,7221
10097,3621,760000,2,512,256,7221
10098,3621,760000,2,512,256,7221
10099,3621,760000,2,512,256,7221
10100,3622,760000,2,512,256,7222
10101,3622,760000,2,512,256,7222
10102,3622,760000,2,512,256,7222
10103,3622,760000,2,512,256,7222
10104,3622,760000,2,512,256,7222
10105,3622,760000,2,512,256,7222
10106,3622,760000,2,512,256,7222
10107,3623,760000,2,512,256,7223
10108,3623,760000,2,512,256,7223
10109,3623,760000,2,512,256,7223
10110,3624,760000,2,512,256,7224
10111,3624,760000,2,512,256,7224
10112,3624,760000,2,512,256,7224
10113,3625,760000,2,512,256,7225
10114,3625,760000,2,512,256,7225
10115,3625,760000,2,512,256,7225
10116,3626,760000,2,512,256,7226
10117,3626,760000,2,512,256,7226
10118,3626,760000,2,512,256,7226
10119,3626,760000,2,512,256,7226
10120,3627,760000,2,512,256,7227
10121,3627,760000,2,512,256,7227
10122,3627,760000,2,512,256,7227
10123,3628,760000,2,512,256,7228
10124,3628,760000,2,512,256,7228
10125,3628,760000,2,512,256,7228
10126,3628,760000,2,512,256,7228
10127,3628,760000,2,512,256,7228
10128,3628,760000,2,512,256,7228
10129,3628,760000,2,512,256,7228
10130,3629,760000,2,512,256,7229
10131,3629,760000,2,512,256,7229
10132,3630,760000,2,512,256,7230
10133,3631,760000,2,512,256,7231
10134,3631,760000,2,512,256,7231
10135,3631,760000,2,512,256,7231
10136,3631,760000,2,512,256,7231
10137,3632,760000,2,512,256,7232
10138,3633,760000,2,512,256,7233
10139,3633,760000,2,512,256,7233
10140,3633,760000,2,512,256,7233
10141,3633,760000,2,512,256,7233
10142,3633,760000,2,512,256,7233
10143,3634,760000,2,512,256,7234
10144,3634,760000,2,512,256,7234
10145,3634,760000,2,512,256,7234
10146,3634,760000,2,512,256,7234
10147,3634,760000,2,512,256,7234
10148,3634,760000,2,512,256,7234
10149,3634,760000,2,512,256,7234
10150,3634,760000,2,512,256,7234
10151,3635,760000,2,512,256,7235
10152,3635,760000,2,512,256,7235
10153,3635,760000,2,512,256,7235
10154,3635,760000,2,512,256,7235
10155,3636,760000,2,512,256,7236
10156,3636,760000,2,512,256,7236
10157,3636,760000,2,512,256,7236
10158,3636,760000,2,512,256,7236
10159,3636,760000,2,512,256,7236
10160,3637,760000,2,512,256,7237
10161,3637,760000,2,512,256,7237
10162,3637,760000,2,512,256,7237
10163,3637,760000,2,512,256,7237
10164,3637,760000,2,512,256,7237
10165,3638,760000,2,512,256,7238
10166,3638,760000,2,512,256,7238
10167,3638,760000,2,512,256,7238
10168,3638,760000,2,512,256,7238
10169,3638,760000,2,512,256,7238
10170,3639,760000,2,512,256,7239
10171,3639,760000,2,512,256,7239
10172,3639,760000,2,512,256,7239
10173,3639,760000,2,512,256,7239
10174,3639,760000,2,512,256,7239
10175,3639,760000,2,512,256,7239
10176,3639,760000,2,512,256,7239
10177,3640,760000,2,512,256,7240
10178,3640,760000,2,512,256,7240
10179,3640,760000,2,512,256,7240
10180,3640,760000,2,512,256,7240
10181,3640,760000,2,512,256,7240
10182,3641,760000,2,512,256,7241
10183,3641,760000,2,512,256,7241
10184,3641,760000,2,512,256,7241
10185,3641,760000,2,512,256,7241
10186,3641,760000,2,512,256,7241
10187,3641,760000,2,512,256,7241
10188,3642,760000,2,512,256,7242
10189,3642,760000,2,512,256,7242
10190,3642,760000,2,512,256,7242
10191,3643,760000,2,512,256,7243
10192,3643,760000,2,512,256,7243
10193,3644,760000,2,512,256,7244
10194,3644,760000,2,512,256,7244
10195,3644,760000,2,512,256,7244
10196,3644,760000,2,512,256,7244
10197,3645,760000,2,512,256,7245
10198,3645,760000,2,512,256,7245
10199,3645,760000,2,512,256,7245
10200,3645,760000,2,512,256,7245
10201,3645,760000,2,512,256,7245
10202,3646,760000,2,512,256,7246
10203,3646,760000,2,512,256,7246
10204,3646,760000,2,512,256,7246
10205,3646,760000,2,512,256,7246
10206,3646,760000,2,512,256,7246
10207,3646,760000,2,512,256,7246
10208,3646,760000,2,512,256,7246
10209,3647,760000,2,512,256,7247
10210,3647,760000,2,512,256,7247
10211,3647,760000,2,512,256,7247
10212,3647,760000,2,512,256,7247
10213,3647,760000,2,512,256,7247
10214,3648,760000,2,512,256,7248
10215,3648,760000,2,512,256,7248
10216,3648,760000,2,512,256,7248
10217,3648,760000,2,512,256,7248
10218,3648,760000,2,512,256,7248
10219,3650,760000,2,512,256,7250
10220,3650,760000,2,512,256,7250
10221,3650,760000,2,512,256,7250
10222,3650,760000,2,512,256,7250
10223,3650,760000,2,512,256,7250
10224,3650,760000,2,512,256,7250
10225,3651,760000,2,512,256,7251
10226,3651,760000,2,512,256,7251
10227,3651,760000,2,512,256,7251
10228,3651,760000,2,512,256,7251
10229,3652,760000,2,512,256,7252
10230,3652,760000,2,512,256,7252
10231,3652,760000,2,512,256,7252
10232,3652,760000,2,512,256,7252
10233,3653,760000,2,512,256,7253
10234,3653,760000,2,512,256,7253
10235,3653,760000,2,512,256,7253
10236,3654,760000,2,512,256,7254
10237,3654,760000,2,512,256,7254
10238,3654,760000,2,512,256,7254
10239,3654,760000,2,512,256,7254
10240,3655,760000,2,512,256,7255
10241,3655,760000,2,512,256,7255
10242,3655,760000,2,512,256,7255
10243,3655,760000,2,512,256,7255
10244,3656,760000,2,512,256,7256
10245,3656,760000,2,512,256,7256
10246,3657,760000,2,512,256,7257
10247,3657,760000,2,512,256,7257
10248,3657,760000,2,512,256,7257
10249,3659,760000,2,512,256,7259
10250,3668,760000,2,512,256,7268
10251,3676,760000,2,512,256,7276
10252,3680,760000,2,512,256,7280
10253,3689,760000,2,512,256,7289
10254,3692,760000,2,512,256,7292
10255,3701,760000,2,512,256,7301
10256,3702,760000,2,512,256,7302
10257,3702,760000,2,512,256,7302
10258,3703,760000,2,512,256,7303
10259,3706,760000,2,512,256,7306
10260,3708,760000,2,512,256,7308
10261,3710,760000,2,512,256,7310
10262,3710,760000,2,512,256,7310
10263,3717,760000,2,512,256,7317
10264,3719,760000,2,512,256,7319
10265,3721,760000,2,512,256,7321
10266,3722,760000,2,512,256,7322
10267,3726,760000,2,512,256,7326
10268,3726,760000,2,512,256,7326
10269,3727,760000,2,512,256,7327
10270,3728,760000,2,512,256,7328
10271,3729,760000,2,512,256,7329
10272,3731,760000,2,512,256,7331
10273,3732,760000,2,512,256,7332
10274,3733,760000,2,512,256,7333
10275,3735,760000,2,512,256,7335
10276,3741,760000,2,512,256,7341
10277,3742,760000,2,512,256,7342
10278,3744,760000,2,512,256,7344
10279,3753,760000,2,512,256,7353
10280,3755,760000,2,512,256,7355
10281,3756,760000,2,512,256,7356
10282,3764,760000,2,512,256,7364
10283,3764,760000,2,512,256,7364
10284,3772,760000,2,512,256,7372
10285,3776,760000,2,512,256,7376
10286,3776,760000,2,512,256,7376
10287,3778,760000,2,512,256,7378
10288,3784,760000,2,512,256,7384
10289,3784,760000,2,512,256,7384
10290,3784,760000,2,512,256,7384
10291,3784,760000,2,512,256,7384
10292,3786,760000,2,512,256,7386
10293,3786,760000,2,512,256,7386
10294,3786,760000,2,512,256,7386
10295,3786,760000,2,512,256,7386
10296,3786,760000,2,512,256,7386
10297,3787,760000,2,512,256,7387
10298,3787,760000,2,512,256,7387
10299,3787,760000,2,512,256,7387
10300,3787,760000,2,512,256,7387
10301,3787,760000,2,512,256,7387
10302,3787,760000,2,512,256,7387
10303,3790,760000,2,512,256,7390
10304,3792,760000,2,512,256,7392
10305,3800,760000,2,512,256,7400
10306,3800,760000,2,512,256,7400
10307,3800,760000,2,512,256,7400
10308,3800,760000,2,512,256,7400
10309,3800,760000,2,512,256,7400
10310,3802,760000,2,512,256,7402
10311,3802,760000,2,512,256,7402
10312,3802,760000,2,512,256,7402
10313,3802,760000,2,512,256,7402
10314,3803,760000,2,512,256,7403
10315,3803,760000,2,512,256,7403
10316,3803,760000,2,512,256,7403
10317,3803,760000,2,512,256,7403
10318,3803,760000,2,512,256,7403
10319,3803,760000,2,512,256,7403
10320,3805,760000,2,512,256,7405
10321,3808,760000,2,512,256,7408
10322,3813,760000,2,512,256,7413
10323,3813,760000,2,512,256,7413
10324,3816,760000,2,512,256,7416
10325,3816,760000,2,512,256,7416
10326,3826,760000,2,512,256,7426
10327,3828,760000,2,512,256,7428
10328,3830,760000,2,512,256,7430
10329,3831,760000,2,512,256,7431
10330,3835,760000,2,512,256,7435
10331,3839,760000,2,512,256,7439
10332,3839,760000,2,512,256,7439
10333,3839,760000,2,512,256,7439
10334,3839,760000,2,512,256,7439
10335,3839,760000,2,512,256,7439
10336,3840,760000,2,512,256,7440
10337,3840,760000,2,512,256,7440
10338,3841,760000,2,512,256,7441
10339,3841,760000,2,512,256,7441
10340,3841,760000,2,512,256,7441
10341,3841,760000,2,512,256,7441
10342,3841,760000,2,512,256,7441
10343,3842,760000,2,512,256,7442
10344,3842,760000,2,512,256,7442
10345,3842,760000,2,512,256,7442
10346,3842,760000,2,512,256,7442
10347,3842,760000,2,512,256,7442
10348,3842,760000,2,512,256,7442
10349,3842,760000,2,512,256,7442
10350,3843,760000,2,512,256,7443
10351,3843,760000,2,512,256,7443
10352,3844,760000,2,512,256,7444
10353,3844,760000,2,512,256,7444
10354,3844,760000,2,512,256,7444
10355,3844,760000,2,512,256,7444
10356,3844,760000,2,512,256,7444
10357,3845,760000,2,512,256,7445
10358,3845,760000,2,512,256,7445
10359,3845,760000,2,512,256,7445
10360,3846,760000,2,512,256,7446
10361,3847,760000,2,512,256,7447
10362,3847,760000,2,512,256,7447
10363,3847,760000,2,512,256,7447
10364,3847,760000,2,512,256,7447
10365,3847,760000,2,512,256,7447
10366,3848,760000,2,512,256,7448
10367,3848,760000,2,512,256,7448
10368,3848,760000,2,512,256,7448
10369,3848,760000,2,512,256,7448
10370,3848,760000,2,512,256,7448
10371,3848,760000,2,512,256,7448
10372,3848,760000,2,512,256,7448
10373,3848,760000,2,512,256,7448
10374,3848,760000,2,512,256,7448
10375,3849,760000,2,512,256,7449
10376,3849,760000,2,512,256,7449
10377,3849,760000,2,512,256,7449
10378,3849,760000,2,512,256,7449
10379,3849,760000,2,512,256,7449
10380,3849,760000,2,512,256,7449
10381,3850,760000,2,512,256,7450
10382,3850,760000,2,512,256,7450
10383,3850,760000,2,512,256,7450
10384,3850,760000,2,512,256,7450
10385,3850,760000,2,512,256,7450
10386,3850,760000,2,512,256,7450
10387,3851,760000,2,512,256,7451
10388,3851,760000,2,512,256,7451
10389,3851,760000,2,512,256,7451
10390,3851,760000,2,512,256,7451
10391,3852,760000,2,512,256,7452
10392,3852,760000,2,512,256,7452
10393,3852,760000,2,512,256,7452
10394,3852,760000,2,512,256,7452
10395,3853,760000,2,512,256,7453
10396,3853,760000,2,512,256,7453
10397,3854,760000,2,512,256,7454
10398,3854,760000,2,512,256,7454
10399,3854,760000,2,512,256,7454
10400,3854,760000,2,512,256,7454
10401,3854,760000,2,512,256,7454
10402,3854,760000,2,512,256,7454
10403,3855,760000,2,512,256,7455
10404,3855,760000,2,512,256,7455
10405,3855,760000,2,512,256,7455
10406,3855,760000,2,512,256,7455
10407,3855,760000,2,512,256,7455
10408,3856,760000,2,512,256,7456
10409,3856,760000,2,512,256,7456
10410,3856,760000,2,512,256,7456
10411,3856,760000,2,512,256,7456
10412,3857,760000,2,512,256,7457
10413,3857,760000,2,512,256,7457
10414,3857,760000,2,512,256,7457
10415,3857,760000,2,512,256,7457
10416,3857,760000,2,512,256,7457
10417,3858,760000,2,512,256,7458
10418,3858,760000,2,512,256,7458
10419,3859,760000,2,512,256,7459
10420,3859,760000,2,512,256,7459
10421,3859,760000,2,512,256,7459
10422,3859,760000,2,512,256,7459
10423,3859,760000,2,512,256,7459
10424,3860,760000,2,512,256,7460
10425,3860,760000,2,512,256,7460
10426,3861,760000,2,512,256,7461
10427,3861,760000,2,512,256,7461
10428,3861,760000,2,512,256,7461
10429,3861,760000,2,512,256,7461
10430,3862,760000,2,512,256,7462
10431,3862,760000,2,512,256,7462
10432,3862,760000,2,512,256,7462
10433,3862,760000,2,512,256,7462
10434,3862,760000,2,512,256,7462
10435,3862,760000,2,512,256,7462
10436,3862,760000,2,512,256,7462
10437,3862,760000,2,512,256,7462
10438,3863,760000,2,512,256,7463
10439,3863,760000,2,512,256,7463
10440,3863,760000,2,512,256,7463
10441,3863,760000,2,512,256,7463
10442,3863,760000,2,512,256,7463
10443,3864,760000,2,512,256,7464
10444,3864,760000,2,512,256,7464
10445,3864,760000,2,512,256,7464
10446,3865,760000,2,512,256,7465
10447,3865,760000,2,512,256,7465
10448,3865,760000,2,512,256,7465
10449,3865,760000,2,512,256,7465
10450,3866,760000,2,512,256,7466
10451,3866,760000,2,512,256,7466
10452,3866,760000,2,512,256,7466
10453,3866,760000,2,512,256,7466
10454,3866,760000,2,512,256,7466
10455,3866,760000,2,512,256,7466
10456,3867,760000,2,512,256,7467
10457,3867,760000,2,512,256,7467
10458,3867,760000,2,512,256,7467
10459,3867,760000,2,512,256,7467
10460,3867,760000,2,512,256,7467
10461,3867,760000,2,512,256,7467
10462,3868,760000,2,512,256,7468
10463,3868,760000,2,512,256,7468
10464,3868,760000,2,512,256,7468
10465,3868,760000,2,512,256,7468
10466,3869,760000,2,512,256,7469
10467,3869,760000,2,512,256,7469
10468,3869,760000,2,512,256,7469
10469,3869,760000,2,512,256,7469
10470,3869,760000,2,512,256,7469
10471,3870,760000,2,512,256,7470
10472,3870,760000,2,512,256,7470
10473,3870,760000,2,512,256,7470
10474,3870,760000,2,512,256,7470
10475,3870,760000,2,512,256,7470
10476,3870,760000,2,512,256,7470
10477,3871,760000,2,512,256,7471
10478,3871,760000,2,512,256,7471
10479,3872,760000,2,512,256,7472
10480,3872,760000,2,512,256,7472
10481,3872,760000,2,512,256,7472
10482,3872,760000,2,512,256,7472
10483,3872,760000,2,512,256,7472
10484,3872,760000,2,512,256,7472
10485,3872,760000,2,512,256,7472
10486,3873,760000,2,512,256,7473
10487,3873,760000,2,512,256,7473
10488,3873,760000,2,512,256,7473
10489,3874,760000,2,512,256,7474
10490,3874,760000,2,512,256,7474
10491,3874,760000,2,512,256,7474
10492,3874,760000,2,512,256,7474
10493,3874,760000,2,512,256,7474
10494,3874,760000,2,512,256,7474
10495,3875,760000,2,512,256,7475
10496,3875,760000,2,512,256,7475
10497,3875,760000,2,512,256,7475
10498,3876,760000,2,512,256,7476
10499,3876,760000,2,512,256,7476
10500,3876,760000,2,512,256,7476
10501,3876,760000,2,512,256,7476
10502,3876,760000,2,512,256,7476
10503,3876,760000,2,512,256,7476
10504,3877,760000,2,512,256,7477
10505,3877,760000,2,512,256,7477
10506,3877,760000,2,512,256,7477
10507,3877,760000,2,512,256,7477
10508,3877,760000,2,512,256,7477
10509,3877,760000,2,512,256,7477
10510,3878,760000,2,512,256,7478
10511,3878,760000,2,512,256,7478
10512,3878,760000,2,512,256,7478
10513,3878,760000,2,512,256,7478
10514,3878,760000,2,512,256,7478
10515,3878,760000,2,512,256,7478
10516,3878,760000,2,512,256,7478
10517,3879,760000,2,512,256,7479
10518,3879,760000,2,512,256,7479
10519,3879,760000,2,512,256,7479
10520,3879,760000,2,512,256,7479
10521,3879,760000,2,512,256,7479
10522,3879,760000,2,512,256,7479
10523,3879,760000,2,512,256,7479
10524,3879,760000,2,512,256,7479
10525,3880,760000,2,512,256,7480
10526,3880,760000,2,512,256,7480
10527,3880,760000,2,512,256,7480
10528,3881,760000,2,512,256,7481
10529,3881,760000,2,512,256,7481
10530,3881,760000,2,512,256,7481
10531,3882,760000,2,512,256,7482
10532,3882,760000,2,512,256,7482
10533,3882,760000,2,512,256,7482
10534,3882,760000,2,512,256,7482
10535,3882,760000,2,512,256,7482
10536,3882,760000,2,512,256,7482
10537,3882,760000,2,512,256,7482
10538,3882,760000,2,512,256,7482
10539,3883,760000,2,512,256,7483
10540,3883,760000,2,512,256,7483
10541,3883,760000,2,512,256,7483
10542,3883,760000,2,512,256,7483
10543,3883,760000,2,512,256,7483
10544,3883,760000,2,512,256,7483
10545,3883,760000,2,512,256,7483
10546,3883,760000,2,512,256,7483
10547,3883,760000,2,512,256,7483
10548,3884,760000,2,512,256,7484
10549,3884,760000,2,512,256,7484
10550,3884,760000,2,512,256,7484
10551,3884,760000,2,512,256,7484
10552,3885,760000,2,512,256,7485
10553,3885,760000,2,512,256,7485
10554,3885,760000,2,512,256,7485
10555,3885,760000,2,512,256,7485
10556,3885,760000,2,512,256,7485
10557,3885,760000,2,512,256,7485
10558,3886,760000,2,512,256,7486
10559,3886,760000,2,512,256,7486
10560,3886,760000,2,512,256,7486
10561,3886,760000,2,512,256,7486
10562,3887,760000,2,512,256,7487
10563,3887,760000,2,512,256,7487
10564,3887,760000,2,512,256,7487
10565,3887,760000,2,512,256,7487
10566,3887,760000,2,512,256,7487
10567,3888,760000,2,512,256,7488
10568,3888,760000,2,512,256,7488
10569,3888,760000,2,512,256,7488
10570,3888,760000,2,512,256,7488
10571,3889,760000,2,512,256,7489
10572,3889,760000,2,512,256,7489
10573,3889,760000,2,512,256,7489
10574,3889,760000,2,512,256,7489
10575,3889,760000,2,512,256,7489
10576,3890,760000,2,512,256,7490
10577,3890,760000,2,512,256,7490
10578,3890,760000,2,512,256,7490
10579,3890,760000,2,512,256,7490
10580,3890,760000,2,512,256,7490
10581,3891,760000,2,512,256,7491
10582,3891,760000,2,512,256,7491
10583,3891,760000,2,512,256,7491
10584,3892,760000,2,512,256,7492
10585,3892,760000,2,512,256,7492
10586,3892,760000,2,512,256,7492
10587,3892,760000,2,512,256,7492
10588,3892,760000,2,512,256,7492
10589,3893,760000,2,512,256,7493
10590,3893,760000,2,512,256,7493
10591,3893,760000,2,512,256,7493
10592,3893,760000,2,512,256,7493
10593,3893,760000,2,512,256,7493
10594,3893,760000,2,512,256,7493
10595,3894,760000,2,512,256,7494
10596,3894,760000,2,512,256,7494
10597,3894,760000,2,512,256,7494
10598,3894,760000,2,512,256,7494
10599,3894,760000,2,512,256,7494
10600,3895,760000,2,512,256,7495
10601,3895,760000,2,512,256,7495
10602,3895,760000,2,512,256,7495
10603,3895,760000,2,512,256,7495
10604,3896,760000,2,512,256,7496
10605,3896,760000,2,512,256,7496
10606,3896,760000,2,512,256,7496
10607,3897,760000,2,512,256,7497
10608,3897,760000,2,512,256,7497
10609,3897,760000,2,512,256,7497
10610,3897,760000,2,512,256,7497
10611,3897,760000,2,512,256,7497
10612,3897,760000,2,512,256,7497
10613,3897,760000,2,512,256,7497
10614,3898,760000,2,512,256,7498
10615,3898,760000,2,512,256,7498
10616,3898,760000,2,512,256,7498
10617,3898,760000,2,512,256,7498
10618,3898,760000,2,512,256,7498
10619,3898,760000,2,512,256,7498
10620,3899,760000,2,512,256,7499
10621,3899,760000,2,512,256,7499
10622,3899,760000,2,512,256,7499
10623,3900,760000,2,512,256,7500
10624,3900,760000,2,512,256,7500
10625,3900,760000,2,512,256,7500
10626,3900,760000,2,512,256,7500
10627,3901,760000,2,512,256,7501
10628,3902,760000,2,512,256,7502
10629,3902,760000,2,512,256,7502
10630,3902,760000,2,512,256,7502
10631,3902,760000,2,512,256,7502
10632,3902,760000,2,512,256,7502
10633,3902,760000,2,512,256,7502
10634,3902,760000,2,512,256,7502
10635,3902,760000,2,512,256,7502
10636,3902,760000,2,512,256,7502
10637,3903,760000,2,512,256,7503
10638,3903,760000,2,512,256,7503
10639,3903,760000,2,512,256,7503
10640,3903,760000,2,512,256,7503
10641,3903,760000,2,512,256,7503
10642,3903,760000,2,512,256,7503
10643,3904,760000,2,512,256,7504
10644,3904,760000,2,512,256,7504
10645,3904,760000,2,512,256,7504
10646,3904,760000,2,512,256,7504
10647,3904,760000,2,512,256,7504
10648,3904,760000,2,512,256,7504
10649,3904,760000,2,512,256,7504
10650,3904,760000,2,512,256,7504
10651,3905,760000,2,512,256,7505
10652,3905,760000,2,512,256,7505
10653,3905,760000,2,512,256,7505
10654,3905,760000,2,512,256,7505
10655,3905,760000,2,512,256,7505
10656,3906,760000,2,512,256,7506
10657,3906,760000,2,512,256,7506
10658,3907,760000,2,512,256,7507
10659,3907,760000,2,512,256,7507
10660,3907,760000,2,512,256,7507
10661,3907,760000,2,512,256,7507
10662,3907,760000,2,512,256,7507
10663,3907,760000,2,512,256,7507
10664,3907,760000,2,512,256,7507
10665,3908,760000,2,512,256,7508
10666,3908,760000,2,512,256,7508
10667,3908,760000,2,512,256,7508
10668,3908,760000,2,512,256,7508
10669,3909,760000,2,512,256,7509
10670,3909,760000,2,512,256,7509
10671,3909,760000,2,512,256,7509
10672,3909,760000,2,512,256,7509
10673,3909,760000,2,512,256,7509
10674,3910,760000,2,512,256,7510
10675,3910,760000,2,512,256,7510
10676,3910,760000,2,512,256,7510
10677,3910,760000,2,512,256,7510
10678,3910,760000,2,512,256,7510
10679,3910,760000,2,512,256,7510
10680,3911,760000,2,512,256,7511
10681,3911,760000,2,512,256,7511
10682,3911,760000,2,512,256,7511
10683,3911,760000,2,512,256,7511
10684,3911,760000,2,512,256,7511
10685,3912,760000,2,512,256,7512
10686,3912,760000,2,512,256,7512
10687,3912,760000,2,512,256,7512
10688,3913,760000,2,512,256,7513
10689,3913,760000,2,512,256,7513
10690,3913,760000,2,512,256,7513
10691,3913,760000,2,512,256,7513
10692,3914,760000,2,512,256,7514
10693,3914,760000,2,512,256,7514
10694,3915,760000,2,512,256,7515
10695,3915,760000,2,512,256,7515
10696,3915,760000,2,512,256,7515
10697,3915,760000,2,512,256,7515
10698,3915,760000,2,512,256,7515
10699,3915,760000,2,512,256,7515
10700,3916,760000,2,512,256,7516
10701,3916,760000,2,512,256,7516
10702,3916,760000,2,512,256,7516
10703,3916,760000,2,512,256,7516
10704,3917,760000,2,512,256,7517
10705,3917,760000,2,512,256,7517
10706,3917,760000,2,512,256,7517
10707,3917,760000,2,512,256,7517
10708,3917,760000,2,512,256,7517
10709,3917,760000,2,512,256,7517
10710,3917,760000,2,512,256,7517
10711,3917,760000,2,512,256,7517
10712,3918,760000,2,512,256,7518
10713,3918,760000,2,512,256,7518
10714,3918,760000,2,512,256,7518
10715,3919,760000,2,512,256,7519
10716,3919,760000,2,512,256,7519
10717,3919,760000,2,512,256,7519
10718,3919,760000,2,512,256,7519
10719,3919,760000,2,512,256,7519
10720,3919,760000,2,512,256,7519
10721,3920,760000,2,512,256,7520
10722,3920,760000,2,512,256,7520
10723,3920,760000,2,512,256,7520
10724,3920,760000,2,512,256,7520
10725,3920,760000,2,512,256,7520
10726,3920,760000,2,512,256,7520
10727,3920,760000,2,512,256,7520
10728,3921,760000,2,512,256,7521
10729,3921,760000,2,512,256,7521
10730,3923,760000,2,512,256,7523
10731,3923,760000,2,512,256,7523
10732,3923,760000,2,512,256,7523
10733,3923,760000,2,512,256,7523
10734,3923,760000,2,512,256,7523
10735,3923,760000,2,512,256,7523
10736,3923,760000,2,512,256,7523
10737,3924,760000,2,512,256,7524
10738,3924,760000,2,512,256,7524
10739,3924,760000,2,512,256,7524
10740,3924,760000,2,512,256,7524
10741,3925,760000,2,512,256,7525
10742,3925,760000,2,512,256,7525
10743,3925,760000,2,512,256,7525
10744,3925,760000,2,512,256,7525
10745,3925,760000,2,512,256,7525
10746,3926,760000,2,512,256,7526
10747,3926,760000,2,512,256,7526
10748,3926,760000,2,512,256,7526
10749,3926,760000,2,512,256,7526
10750,3926,760000,2,512,256,7526
10751,3926,760000,2,512,256,7526
10752,3927,760000,2,512,256,7527
10753,3927,760000,2,512,256,7527
10754,3927,760000,2,512,256,7527
10755,3927,760000,2,512,256,7527
10756,3927,760000,2,512,256,7527
10757,3928,760000,2,512,256,7528
10758,3928,760000,2,512,256,7528
10759,3928,760000,2,512,256,7528
10760,3928,760000,2,512,256,7528
10761,3928,760000,2,512,256,7528
10762,3929,760000,2,512,256,7529
10763,3929,760000,2,512,256,7529
10764,3929,760000,2,512,256,7529
10765,3930,760000,2,512,256,7530
10766,3930,760000,2,512,256,7530
10767,3930,760000,2,512,256,7530
10768,3931,760000,2,512,256,7531
10769,3931,760000,2,512,256,7531
10770,3931,760000,2,512,256,7531
10771,3931,760000,2,512,256,7531
10772,3931,760000,2,512,256,7531
10773,3931,760000,2,512,256,7531
10774,3932,760000,2,512,256,7532
10775,3932,760000,2,512,256,7532
10776,3932,760000,2,512,256,7532
10777,3932,760000,2,512,256,7532
10778,3932,760000,2,512,256,7532
10779,3932,760000,2,512,256,7532
10780,3932,760000,2,512,256,7532
10781,3933,760000,2,512,256,7533
10782,3933,760000,2,512,256,7533
10783,3933,760000,2,512,256,7533
10784,3933,760000,2,512,256,7533
10785,3933,760000,2,512,256,7533
10786,3934,760000,2,512,256,7534
10787,3934,760000,2,512,256,7534
10788,3934,760000,2,512,256,7534
10789,3934,760000,2,512,256,7534
10790,3934,760000,2,512,256,7534
10791,3934,760000,2,512,256,7534
10792,3935,760000,2,512,256,7535
10793,3935,760000,2,512,256,7535
10794,3935,760000,2,512,256,7535
10795,3935,760000,2,512,256,7535
10796,3936,760000,2,512,256,7536
10797,3936,760000,2,512,256,7536
10798,3936,760000,2,512,256,7536
10799,3936,760000,2,512,256,7536
10800,3936,760000,2,512,256,7536
10801,3936,760000,2,512,256,7536
10802,3937,760000,2,512,256,7537
10803,3937,760000,2,512,256,7537
10804,3937,760000,2,512,256,7537
10805,3937,760000,2,512,256,7537
10806,3937,760000,2,512,256,7537
10807,3937,760000,2,512,256,7537
10808,3937,760000,2,512,256,7537
10809,3937,760000,2,512,256,7537
10810,3937,760000,2,512,256,7537
10811,3937,760000,2,512,256,7537
10812,3938,760000,2,512,256,7538
10813,3938,760000,2,512,256,7538
10814,3938,760000,2,512,256,7538
10815,3938,760000,2,512,256,7538
10816,3938,760000,2,512,256,7538
10817,3938,760000,2,512,256,7538
10818,3939,760000,2,512,256,7539
10819,3939,760000,2,512,256,7539
10820,3939,760000,2,512,256,7539
10821,3939,760000,2,512,256,7539
10822,3940,760000,2,512,256,7540
10823,3940,760000,2,512,256,7540
10824,3940,760000,2,512,256,7540
10825,3940,760000,2,512,256,7540
10826,3940,760000,2,512,256,7540
10827,3941,760000,2,512,256,7541
10828,3941,760000,2,512,256,7541
10829,3941,760000,2,512,256,7541
10830,3941,760000,2,512,256,7541
10831,3941,760000,2,512,256,7541
10832,3941,760000,2,512,256,7541
10833,3942,760000,2,512,256,7542
10834,3943,760000,2,512,256,7543
10835,3943,760000,2,512,256,7543
10836,3943,760000,2,512,256,7543
10837,3943,760000,2,512,256,7543
10838,3944,760000,2,512,256,7544
10839,3944,760000,2,512,256,7544
10840,3944,760000,2,512,256,7544
10841,3944,760000,2,512,256,7544
10842,3944,760000,2,512,256,7544
10843,3944,760000,2,512,256,7544
10844,3945,760000,2,512,256,7545
10845,3945,760000,2,512,256,7545
10846,3945,760000,2,512,256,7545
10847,3945,760000,2,512,256,7545
10848,3945,760000,2,512,256,7545
10849,3945,760000,2,512,256,7545
10850,3945,760000,2,512,256,7545
10851,3946,760000,2,512,256,7546
10852,3946,760000,2,512,256,7546
10853,3946,760000,2,512,256,7546
10854,3946,760000,2,512,256,7546
10855,3946,760000,2,512,256,7546
10856,3946,760000,2,512,256,7546
10857,3946,760000,2,512,256,7546
10858,3947,760000,2,512,256,7547
10859,3948,760000,2,512,256,7548
10860,3949,760000,2,512,256,7549
10861,3949,760000,2,512,256,7549
10862,3949,760000,2,512,256,7549
10863,3949,760000,2,512,256,7549
10864,3949,760000,2,512,256,7549
10865,3949,760000,2,512,256,7549
10866,3949,760000,2,512,256,7549
10867,3949,760000,2,512,256,7549
10868,3949,760000,2,512,256,7549
10869,3951,760000,2,512,256,7551
10870,3956,760000,2,512,256,7556
10871,3956,760000,2,512,256,7556
10872,3958,760000,2,512,256,7558
10873,3963,760000,2,512,256,7563
10874,3967,760000,2,512,256,7567
10875,3970,760000,2,512,256,7570
10876,3975,760000,2,512,256,7575
10877,3975,760000,2,512,256,7575
10878,3983,760000,2,512,256,7583
10879,3985,760000,2,512,256,7585
10880,3987,760000,2,512,256,7587
10881,3987,760000,2,512,256,7587
10882,3987,760000,2,512,256,7587
10883,3987,760000,2,512,256,7587
10884,3987,760000,2,512,256,7587
10885,3987,760000,2,512,256,7587
10886,3987,760000,2,512,256,7587
10887,3987,760000,2,512,256,7587
10888,3987,760000,2,512,256,7587
10889,3987,760000,2,512,256,7587
10890,3987,760000,2,512,256,7587
10891,3988,760000,2,512,256,7588
10892,3988,760000,2,512,256,7588
10893,3988,760000,2,512,256,7588
10894,3988,760000,2,512,256,7588
10895,3989,760000,2,512,256,7589
10896,3989,760000,2,512,256,7589
10897,3989,760000,2,512,256,7589
10898,3989,760000,2,512,256,7589
10899,3990,760000,2,512,256,7590
10900,3990,760000,2,512,256,7590
10901,3990,760000,2,512,256,7590
10902,3990,760000,2,512,256,7590
10903,3990,760000,2,512,256,7590
10904,3990,760000,2,512,256,7590
10905,3991,760000,2,512,256,7591
10906,3991,760000,2,512,256,7591
10907,3991,760000,2,512,256,7591
10908,3991,760000,2,512,256,7591
10909,3991,760000,2,512,256,7591
10910,3991,760000,2,512,256,7591
10911,3991,760000,2,512,256,7591
10912,3991,760000,2,512,256,7591
10913,3992,760000,2,512,256,7592
10914,3993,760000,2,512,256,7593
10915,3993,760000,2,512,256,7593
10916,3993,760000,2,512,256,7593
10917,3993,760000,2,512,256,7593
10918,3994,760000,2,512,256,7594
10919,3994,760000,2,512,256,7594
10920,3994,760000,2,512,256,7594
10921,3995,760000,2,512,256,7595
10922,3995,760000,2,512,256,7595
10923,3995,760000,2,512,256,7595
10924,3995,760000,2,512,256,7595
10925,3996,760000,2,512,256,7596
10926,3996,760000,2,512,256,7596
10927,3996,760000,2,512,256,7596
10928,3997,760000,2,512,256,7597
10929,3997,760000,2,512,256,7597
10930,3997,760000,2,512,256,7597
10931,3997,760000,2,512,256,7597
10932,3998,760000,2,512,256,7598
10933,3998,760000,2,512,256,7598
10934,3998,760000,2,512,256,7598
10935,3999,760000,2,512,256,7599
10936,3999,760000,2,512,256,7599
10937,3999,760000,2,512,256,7599
10938,3999,760000,2,512,256,7599
10939,4000,760000,2,512,256,7600
10940,4000,760000,2,512,256,7600
10941,4000,760000,2,512,256,7600
10942,4000,760000,2,512,256,7600
10943,4000,760000,2,512,256,7600
10944,4001,760000,2,512,256,7601
10945,4001,760000,2,512,256,7601
10946,4001,760000,2,512,256,7601
10947,4001,760000,2,512,256,7601
10948,4002,760000,2,512,256,7602
10949,4002,760000,2,512,256,7602
10950,4002,760000,2,512,256,7602
10951,4003,760000,2,512,256,7603
10952,4003,760000,2,512,256,7603
10953,4003,760000,2,512,256,7603
10954,4003,760000,2,512,256,7603
10955,4003,760000,2,512,256,7603
10956,4003,760000,2,512,256,7603
10957,4003,760000,2,512,256,7603
10958,4004,760000,2,512,256,7604
10959,4004,760000,2,512,256,7604
10960,4004,760000,2,512,256,7604
10961,4004,760000,2,512,256,7604
10962,4004,760000,2,512,256,7604
10963,4004,760000,2,512,256,7604
10964,4005,760000,2,512,256,7605
10965,4005,760000,2,512,256,7605
10966,4005,760000,2,512,256,7605
10967,4005,760000,2,512,256,7605
10968,4005,760000,2,512,256,7605
10969,4006,760000,2,512,256,7606
10970,4006,760000,2,512,256,7606
10971,4006,760000,2,512,256,7606
10972,4006,760000,2,512,256,7606
10973,4007,760000,2,512,256,7607
10974,4007,760000,2,512,256,7607
10975,4007,760000,2,512,256,7607
10976,4007,760000,2,512,256,7607
10977,4007,760000,2,512,256,7607
10978,4007,760000,2,512,256,7607
10979,4007,760000,2,512,256,7607
10980,4008,760000,2,512,256,7608
10981,4008,760000,2,512,256,7608
10982,4008,760000,2,512,256,7608
10983,4008,760000,2,512,256,7608
10984,4008,760000,2,512,256,7608
10985,4008,760000,2,512,256,7608
10986,4009,760000,2,512,256,7609
10987,4010,760000,2,512,256,7610
10988,4010,760000,2,512,256,7610
10989,4011,760000,2,512,256,7611
10990,4011,760000,2,512,256,7611
10991,4011,760000,2,512,256,7611
10992,4012,760000,2,512,256,7612
10993,4012,760000,2,512,256,7612
10994,4013,760000,2,512,256,7613
10995,4013,760000,2,512,256,7613
10996,4013,760000,2,512,256,7613
10997,4013,760000,2,512,256,7613
10998,4013,760000,2,512,256,7613
10999,4014,760000,2,512,256,7614
11000,4014,760000,2,512,256,7614
11001,4014,760000,2,512,256,7614
11002,4015,760000,2,512,256,7615
11003,4015,760000,2,512,256,7615
11004,4015,760000,2,512,256,7615
11005,4015,760000,2,512,256,7615
11006,4016,760000,2,512,256,7616
11007,4016,760000,2,512,256,7616
11008,4016,760000,2,512,256,7616
11009,4016,760000,2,512,256,7616
11010,4017,760000,2,512,256,7617
11011,4017,760000,2,512,256,7617
11012,4018,760000,2,512,256,7618
11013,4019,760000,2,512,256,7619
11014,4019,760000,2,512,256,7619
11015,4019,760000,2,512,256,7619
11016,4019,760000,2,512,256,7619
11017,4019,760000,2,512,256,7619
11018,4019,760000,2,512,256,7619
11019,4019,760000,2,512,256,7619
11020,4020,760000,2,512,256,7620
11021,4020,760000,2,512,256,7620
11022,4020,760000,2,512,256,7620
11023,4020,760000,2,512,256,7620
11024,4020,760000,2,512,256,7620
11025,4021,760000,2,512,256,7621
11026,4021,760000,2,512,256,7621
11027,4021,760000,2,512,256,7621
11028,4021,760000,2,512,256,7621
11029,4021,760000,2,512,256,7621
11030,4021,760000,2,512,256,7621
11031,4022,760000,2,512,256,7622
11032,4022,760000,2,512,256,7622
11033,4022,760000,2,512,256,7622
11034,4022,760000,2,512,256,7622
11035,4022,760000,2,512,256,7622
11036,4022,760000,2,512,256,7622
11037,4022,760000,2,512,256,7622
11038,4022,760000,2,512,256,7622
11039,4023,760000,2,512,256,7623
11040,4023,760000,2,512,256,7623
11041,4023,760000,2,512,256,7623
11042,4024,760000,2,512,256,7624
11043,4024,760000,2,512,256,7624
11044,4024,760000,2,512,256,7624
11045,4024,760000,2,512,256,7624
11046,4024,760000,2,512,256,7624
11047,4024,760000,2,512,256,7624
11048,4024,760000,2,512,256,7624
11049,4025,760000,2,512,256,7625
11050,4025,760000,2,512,256,7625
11051,4025,760000,2,512,256,7625
11052,4026,760000,2,512,256,7626
11053,4026,760000,2,512,256,7626
11054,4026,760000,2,512,256,7626
11055,4026,760000,2,512,256,7626
11056,4026,760000,2,512,256,7626
11057,4027,760000,2,512,256,7627
11058,4027,760000,2,512,256,7627
11059,4027,760000,2,512,256,7627
11060,4027,760000,2,512,256,7627
11061,4027,760000,2,512,256,7627
11062,4028,760000,2,512,256,7628
11063,4028,760000,2,512,256,7628
11064,4028,760000,2,512,256,7628
11065,4028,760000,2,512,256,7628
11066,4028,760000,2,512,256,7628
11067,4028,760000,2,512,256,7628
11068,4029,760000,2,512,256,7629
11069,4029,760000,2,512,256,7629
11070,4029,760000,2,512,256,7629
11071,4029,760000,2,512,256,7629
11072,4029,760000,2,512,256,7629
11073,4029,760000,2,512,256,7629
11074,4029,760000,2,512,256,7629
11075,4030,760000,2,512,256,7630
11076,4030,760000,2,512,256,7630
11077,4030,760000,2,512,256,7630
11078,4030,760000,2,512,256,7630
11079,4030,760000,2,512,256,7630
11080,4031,760000,2,512,256,7631
11081,4031,760000,2,512,256,7631
11082,4031,760000,2,512,256,7631
11083,4032,760000,2,512,256,7632
11084,4033,760000,2,512,256,7633
11085,4033,760000,2,512,256,7633
11086,4033,760000,2,512,256,7633
11087,4033,760000,2,512,256,7633
11088,4033,760000,2,512,256,7633
11089,4034,760000,2,512,256,7634
11090,4034,760000,2,512,256,7634
11091,4034,760000,2,512,256,7634
11092,4034,760000,2,512,256,7634
11093,4034,760000,2,512,256,7634
11094,4034,760000,2,512,256,7634
11095,4034,760000,2,512,256,7634
11096,4034,760000,2,512,256,7634
11097,4035,760000,2,512,256,7635
11098,4035,760000,2,512,256,7635
11099,4035,760000,2,512,256,7635
11100,4035,760000,2,512,256,7635
11101,4035,760000,2,512,256,7635
11102,4036,760000,2,512,256,7636
11103,4036,760000,2,512,256,7636
11104,4036,760000,2,512,256,7636
11105,4036,760000,2,512,256,7636
11106,4036,760000,2,512,256,7636
11107,4036,760000,2,512,256,7636
11108,4037,760000,2,512,256,7637
11109,4037,760000,2,512,256,7637
11110,4037,760000,2,512,256,7637
11111,4037,760000,2,512,256,7637
11112,4037,760000,2,512,256,7637
11113,4037,760000,2,512,256,7637
11114,4038,760000,2,512,256,7638
11115,4038,760000,2,512,256,7638
11116,4038,760000,2,512,256,7638
11117,4038,760000,2,512,256,7638
11118,4038,760000,2,512,256,7638
11119,4038,760000,2,512,256,7638
11120,4038,760000,2,512,256,7638
11121,4039,760000,2,512,256,7639
11122,4039,760000,2,512,256,7639
11123,4039,760000,2,512,256,7639
11124,4040,760000,2,512,256,7640
11125,4040,760000,2,512,256,7640
11126,4040,760000,2,512,256,7640
11127,4040,760000,2,512,256,7640
11128,4041,760000,2,512,256,7641
11129,4041,760000,2,512,256,7641
11130,4041,760000,2,512,256,7641
11131,4042,760000,2,512,256,7642
11132,4042,760000,2,512,256,7642
11133,4042,760000,2,512,256,7642
11134,4042,760000,2,512,256,7642
11135,4042,760000,2,512,256,7642
11136,4042,760000,2,512,256,7642
11137,4042,760000,2,512,256,7642
11138,4043,760000,2,512,256,7643
11139,4043,760000,2,512,256,7643
11140,4043,760000,2,512,256,7643
11141,4043,760000,2,512,256,7643
11142,4043,760000,2,512,256,7643
11143,4044,760000,2,512,256,7644
11144,4044,760000,2,512,256,7644
11145,4044,760000,2,512,256,7644
11146,4044,760000,2,512,256,7644
11147,4044,760000,2,512,256,7644
11148,4045,760000,2,512,256,7645
11149,4045,760000,2,512,256,7645
11150,4045,760000,2,512,256,7645
11151,4045,760000,2,512,256,7645
11152,4045,760000,2,512,256,7645
11153,4045,760000,2,512,256,7645
11154,4046,760000,2,512,256,7646
11155,4046,760000,2,512,256,7646
11156,4046,760000,2,512,256,7646
11157,4046,760000,2,512,256,7646
11158,4047,760000,2,512,256,7647
11159,4047,760000,2,512,256,7647
11160,4047,760000,2,512,256,7647
11161,4047,760000,2,512,256,7647
11162,4047,760000,2,512,256,7647
11163,4047,760000,2,512,256,7647
11164,4048,760000,2,512,256,7648
11165,4049,760000,2,512,256,7649
11166,4049,760000,2,512,256,7649
11167,4049,760000,2,512,256,7649
11168,4049,760000,2,512,256,7649
11169,4049,760000,2,512,256,7649
11170,4049,760000,2,512,256,7649
11171,4050,760000,2,512,256,7650
11172,4050,760000,2,512,256,7650
11173,4050,760000,2,512,256,7650
11174,4051,760000,2,512,256,7651
11175,4051,760000,2,512,256,7651
11176,4051,760000,2,512,256,7651
11177,4052,760000,2,512,256,7652
11178,4052,760000,2,512,256,7652
11179,4052,760000,2,512,256,7652
11180,4052,760000,2,512,256,7652
11181,4053,760000,2,512,256,7653
11182,4053,760000,2,512,256,7653
11183,4053,760000,2,512,256,7653
11184,4054,760000,2,512,256,7654
11185,4055,760000,2,512,256,7655
11186,4055,760000,2,512,256,7655
11187,4055,760000,2,512,256,7655
11188,4055,760000,2,512,256,7655
11189,4055,760000,2,512,256,7655
11190,4056,760000,2,512,256,7656
11191,4056,760000,2,512,256,7656
11192,4056,760000,2,512,256,7656
11193,4056,760000,2,512,256,7656
11194,4056,760000,2,512,256,7656
11195,4056,760000,2,512,256,7656
11196,4056,760000,2,512,256,7656
11197,4056,760000,2,512,256,7656
11198,4056,760000,2,512,256,7656
11199,4057,760000,2,512,256,7657
11200,4057,760000,2,512,256,7657
11201,4057,760000,2,512,256,7657
11202,4057,760000,2,512,256,7657
11203,4058,760000,2,512,256,7658
11204,4058,760000,2,512,256,7658
11205,4058,760000,2,512,256,7658
11206,4059,760000,2,512,256,7659
11207,4059,760000,2,512,256,7659
11208,4059,760000,2,512,256,7659
11209,4059,760000,2,512,256,7659
11210,4059,760000,2,512,256,7659
11211,4060,760000,2,512,256,7660
11212,4060,760000,2,512,256,7660
11213,4060,760000,2,512,256,7660
11214,4060,760000,2,512,256,7660
11215,4060,760000,2,512,256,7660
11216,4060,760000,2,512,256,7660
11217,4061,760000,2,512,256,7661
11218,4061,760000,2,512,256,7661
11219,4061,760000,2,512,256,7661
11220,4061,760000,2,512,256,7661
11221,4061,760000,2,512,256,7661
11222,4061,760000,2,512,256,7661
11223,4061,760000,2,512,256,7661
11224,4062,760000,2,512,256,7662
11225,4062,760000,2,512,256,7662
11226,4062,760000,2,512,256,7662
11227,4062,760000,2,512,256,7662
11228,4063,760000,2,512,256,7663
11229,4063,760000,2,512,256,7663
11230,4064,760000,2,512,256,7664
11231,4064,760000,2,512,256,7664
11232,4064,760000,2,512,256,7664
11233,4064,760000,2,512,256,7664
11234,4064,760000,2,512,256,7664
11235,4064,760000,2,512,256,7664
11236,4065,760000,2,512,256,7665
11237,4065,760000,2,512,256,7665
11238,4065,760000,2,512,256,7665
11239,4065,760000,2,512,256,7665
11240,4065,760000,2,512,256,7665
11241,4066,760000,2,512,256,7666
11242,4066,760000,2,512,256,7666
11243,4067,760000,2,512,256,7667
11244,4067,760000,2,512,256,7667
11245,4067,760000,2,512,256,7667
11246,4067,760000,2,512,256,7667
11247,4067,760000,2,512,256,7667
11248,4067,760000,2,512,256,7667
11249,4067,760000,2,512,256,7667
11250,4067,760000,2,512,256,7667
11251,4068,760000,2,512,256,7668
11252,4068,760000,2,512,256,7668
11253,4068,760000,2,512,256,7668
11254,4068,760000,2,512,256,7668
11255,4069,760000,2,512,256,7669
11256,4069,760000,2,512,256,7669
11257,4069,760000,2,512,256,7669
11258,4069,760000,2,512,256,7669
11259,4069,760000,2,512,256,7669
11260,4069,760000,2,512,256,7669
11261,4070,760000,2,512,256,7670
11262,4070,760000,2,512,256,7670
11263,4070,760000,2,512,256,7670
11264,4070,760000,2,512,256,7670
11265,4070,760000,2,512,256,7670
11266,4070,760000,2,512,256,7670
11267,4070,760000,2,512,256,7670
11268,4070,760000,2,512,256,7670
11269,4070,760000,2,512,256,7670
11270,4070,760000,2,512,256,7670
11271,4071,760000,2,512,256,7671
11272,4071,760000,2,512,256,7671
11273,4071,760000,2,512,256,7671
11274,4071,760000,2,512,256,7671
11275,4071,760000,2,512,256,7671
11276,4071,760000,2,512,256,7671
11277,4071,760000,2,512,256,7671
11278,4072,760000,2,512,256,7672
11279,4072,760000,2,512,256,7672
11280,4072,760000,2,512,256,7672
11281,4073,760000,2,512,256,7673
11282,4073,760000,2,512,256,7673
11283,4073,760000,2,512,256,7673
11284,4073,760000,2,512,256,7673
11285,4073,760000,2,512,256,7673
11286,4074,760000,2,512,256,7674
11287,4074,760000,2,512,256,7674
11288,4074,760000,2,512,256,7674
11289,4074,760000,2,512,256,7674
11290,4074,760000,2,512,256,7674
11291,4074,760000,2,512,256,7674
11292,4074,760000,2,512,256,7674
11293,4075,760000,2,512,256,7675
11294,4075,760000,2,512,256,7675
11295,4075,760000,2,512,256,7675
11296,4075,760000,2,512,256,7675
11297,4075,760000,2,512,256,7675
11298,4076,760000,2,512,256,7676
11299,4076,760000,2,512,256,7676
11300,4076,760000,2,512,256,7676
11301,4076,760000,2,512,256,7676
11302,4076,760000,2,512,256,7676
11303,4076,760000,2,512,256,7676
11304,4076,760000,2,512,256,7676
11305,4077,760000,2,512,256,7677
11306,4078,760000,2,512,256,7678
11307,4078,760000,2,512,256,7678
11308,4078,760000,2,512,256,7678
11309,4078,760000,2,512,256,7678
11310,4079,760000,2,512,256,7679
11311,4079,760000,2,512,256,7679
11312,4079,760000,2,512,256,7679
11313,4079,760000,2,512,256,7679
11314,4079,760000,2,512,256,7679
11315,4080,760000,2,512,256,7680
11316,4080,760000,2,512,256,7680
11317,4080,760000,2,512,256,7680
11318,4080,760000,2,512,256,7680
11319,4081,760000,2,512,256,7681
11320,4081,760000,2,512,256,7681
11321,4081,760000,2,512,256,7681
11322,4081,760000,2,512,256,7681
11323,4081,760000,2,512,256,7681
11324,4081,760000,2,512,256,7681
11325,4081,760000,2,512,256,7681
11326,4082,760000,2,512,256,7682
11327,4082,760000,2,512,256,7682
11328,4083,760000,2,512,256,7683
11329,4083,760000,2,512,256,7683
11330,4083,760000,2,512,256,7683
11331,4083,760000,2,512,256,7683
11332,4085,760000,2,512,256,7685
11333,4086,760000,2,512,256,7686
11334,4088,760000,2,512,256,7688
11335,4088,760000,2,512,256,7688
11336,4088,760000,2,512,256,7688
11337,4088,760000,2,512,256,7688
11338,4088,760000,2,512,256,7688
11339,4088,760000,2,512,256,7688
11340,4088,760000,2,512,256,7688
11341,4089,760000,2,512,256,7689
11342,4089,760000,2,512,256,7689
11343,4090,760000,2,512,256,7690
11344,4090,760000,2,512,256,7690
11345,4090,760000,2,512,256,7690
11346,4090,760000,2,512,256,7690
11347,4090,760000,2,512,256,7690
11348,4091,760000,2,512,256,7691
11349,4091,760000,2,512,256,7691
11350,4091,760000,2,512,256,7691
11351,4096,760000,2,512,256,7696
11352,4097,760000,2,512,256,7697
11353,4101,760000,2,512,256,7701
11354,4102,760000,2,512,256,7702
11355,4105,760000,2,512,256,7705
11356,4105,760000,2,512,256,7705
11357,4116,760000,2,512,256,7716
11358,4119,760000,2,512,256,7719
11359,4121,760000,2,512,256,7721
11360,4121,760000,2,512,256,7721
11361,4121,760000,2,512,256,7721
11362,4123,760000,2,512,256,7723
11363,4128,760000,2,512,256,7728
11364,4129,760000,2,512,256,7729
11365,4129,760000,2,512,256,7729
11366,4130,760000,2,512,256,7730
11367,4130,760000,2,512,256,7730
11368,4130,760000,2,512,256,7730
11369,4130,760000,2,512,256,7730
11370,4130,760000,2,512,256,7730
11371,4130,760000,2,512,256,7730
11372,4130,760000,2,512,256,7730
11373,4131,760000,2,512,256,7731
11374,4131,760000,2,512,256,7731
11375,4131,760000,2,512,256,7731
11376,4131,760000,2,512,256,7731
11377,4131,760000,2,512,256,7731
11378,4133,760000,2,512,256,7733
11379,4133,760000,2,512,256,7733
11380,4133,760000,2,512,256,7733
11381,4133,760000,2,512,256,7733
11382,4133,760000,2,512,256,7733
11383,4133,760000,2,512,256,7733
11384,4133,760000,2,512,256,7733
11385,4133,760000,2,512,256,7733
11386,4134,760000,2,512,256,7734
11387,4134,760000,2,512,256,7734
11388,4134,760000,2,512,256,7734
11389,4134,760000,2,512,256,7734
11390,4134,760000,2,512,256,7734
11391,4134,760000,2,512,256,7734
11392,4135,760000,2,512,256,7735
11393,4135,760000,2,512,256,7735
11394,4136,760000,2,512,256,7736
11395,4136,760000,2,512,256,7736
11396,4136,760000,2,512,256,7736
11397,4136,760000,2,512,256,7736
11398,4136,760000,2,512,256,7736
11399,4136,760000,2,512,256,7736
11400,4137,760000,2,512,256,7737
11401,4137,760000,2,512,256,7737
11402,4137,760000,2,512,256,7737
11403,4137,760000,2,512,256,7737
11404,4137,760000,2,512,256,7737
11405,4138,760000,2,512,256,7738
11406,4138,760000,2,512,256,7738
11407,4139,760000,2,512,256,7739
11408,4139,760000,2,512,256,7739
11409,4139,760000,2,512,256,7739
11410,4139,760000,2,512,256,7739
11411,4139,760000,2,512,256,7739
11412,4140,760000,2,512,256,7740
11413,4140,760000,2,512,256,7740
11414,4140,760000,2,512,256,7740
11415,4140,760000,2,512,256,7740
11416,4140,760000,2,512,256,7740
11417,4141,760000,2,512,256,7741
11418,4141,760000,2,512,256,7741
11419,4141,760000,2,512,256,7741
11420,4141,760000,2,512,256,7741
11421,4141,760000,2,512,256,7741
11422,4141,760000,2,512,256,7741
11423,4142,760000,2,512,256,7742
11424,4142,760000,2,512,256,7742
11425,4142,760000,2,512,256,7742
11426,4143,760000,2,512,256,7743
11427,4143,760000,2,512,256,7743
11428,4143,760000,2,512,256,7743
11429,4143,760000,2,512,256,7743
11430,4143,760000,2,512,256,7743
11431,4143,760000,2,512,256,7743
11432,4144,760000,2,512,256,7744
11433,4144,760000,2,512,256,7744
11434,4144,760000,2,512,256,7744
11435,4145,760000,2,512,256,7745
11436,4145,760000,2,512,256,7745
11437,4145,760000,2,512,256,7745
11438,4145,760000,2,512,256,7745
11439,4146,760000,2,512,256,7746
11440,4146,760000,2,512,256,7746
11441,4147,760000,2,512,256,7747
11442,4147,760000,2,512,256,7747
11443,4147,760000,2,512,256,7747
11444,4148,760000,2,512,256,7748
11445,4148,760000,2,512,256,7748
11446,4148,760000,2,512,256,7748
11447,4148,760000,2,512,256,7748
11448,4148,760000,2,512,256,7748
11449,4148,760000,2,512,256,7748
11450,4149,760000,2,512,256,7749
11451,4150,760000,2,512,256,7750
11452,4150,760000,2,512,256,7750
11453,4150,760000,2,512,256,7750
11454,4150,760000,2,512,256,7750
11455,4150,760000,2,512,256,7750
11456,4150,760000,2,512,256,7750
11457,4150,760000,2,512,256,7750
11458,4150,760000,2,512,256,7750
11459,4150,760000,2,512,256,7750
11460,4151,760000,2,512,256,7751
11461,4151,760000,2,512,256,7751
11462,4151,760000,2,512,256,7751
11463,4151,760000,2,512,256,7751
11464,4152,760000,2,512,256,7752
11465,4152,760000,2,512,256,7752
11466,4152,760000,2,512,256,7752
11467,4152,760000,2,512,256,7752
11468,4152,760000,2,512,256,7752
11469,4152,760000,2,512,256,7752
11470,4153,760000,2,512,256,7753
11471,4153,760000,2,512,256,7753
11472,4153,760000,2,512,256,7753
11473,4153,760000,2,512,256,7753
11474,4154,760000,2,512,256,7754
11475,4154,760000,2,512,256,7754
11476,4154,760000,2,512,256,7754
11477,4155,760000,2,512,256,7755
11478,4155,760000,2,512,256,7755
11479,4155,760000,2,512,256,7755
11480,4155,760000,2,512,256,7755
11481,4155,760000,2,512,256,7755
11482,4156,760000,2,512,256,7756
11483,4156,760000,2,512,256,7756
11484,4156,760000,2,512,256,7756
11485,4156,760000,2,512,256,7756
11486,4156,760000,2,512,256,7756
11487,4157,760000,2,512,256,7757
11488,4157,760000,2,512,256,7757
11489,4157,760000,2,512,256,7757
11490,4157,760000,2,512,256,7757
11491,4157,760000,2,512,256,7757
11492,4157,760000,2,512,256,7757
11493,4158,760000,2,512,256,7758
11494,4158,760000,2,512,256,7758
11495,4158,760000,2,512,256,7758
11496,4158,760000,2,512,256,7758
11497,4158,760000,2,512,256,7758
11498,4159,760000,2,512,256,7759
11499,4159,760000,2,512,256,7759
11500,4159,760000,2,512,256,7759
11501,4159,760000,2,512,256,7759
11502,4159,760000,2,512,256,7759
11503,4160,760000,2,512,256,7760
11504,4160,760000,2,512,256,7760
11505,4160,760000,2,512,256,7760
11506,4160,760000,2,512,256,7760
11507,4160,760000,2,512,256,7760
11508,4161,760000,2,512,256,7761
11509,4161,760000,2,512,256,7761
11510,4161,760000,2,512,256,7761
11511,4161,760000,2,512,256,7761
11512,4161,760000,2,512,256,7761
11513,4161,760000,2,512,256,7761
11514,4162,760000,2,512,256,7762
11515,4162,760000,2,512,256,7762
11516,4162,760000,2,512,256,7762
11517,4163,760000,2,512,256,7763
11518,4163,760000,2,512,256,7763
11519,4163,760000,2,512,256,7763
11520,4164,760000,2,512,256,7764
11521,4164,760000,2,512,256,7764
11522,4164,760000,2,512,256,7764
11523,4165,760000,2,512,256,7765
11524,4165,760000,2,512,256,7765
11525,4166,760000,2,512,256,7766
11526,4166,760000,2,512,256,7766
11527,4166,760000,2,512,256,7766
11528,4166,760000,2,512,256,7766
11529,4167,760000,2,512,256,7767
11530,4167,760000,2,512,256,7767
11531,4167,760000,2,512,256,7767
11532,4167,760000,2,512,256,7767
11533,4167,760000,2,512,256,7767
11534,4168,760000,2,512,256,7768
11535,4168,760000,2,512,256,7768
11536,4168,760000,2,512,256,7768
11537,4169,760000,2,512,256,7769
11538,4170,760000,2,512,256,7770
11539,4170,760000,2,512,256,7770
11540,4170,760000,2,512,256,7770
11541,4170,760000,2,512,256,7770
11542,4171,760000,2,512,256,7771
11543,4171,760000,2,512,256,7771
11544,4171,760000,2,512,256,7771
11545,4172,760000,2,512,256,7772
11546,4173,760000,2,512,256,7773
11547,4173,760000,2,512,256,7773
11548,4173,760000,2,512,256,7773
11549,4173,760000,2,512,256,7773
11550,4174,760000,2,512,256,7774
11551,4174,760000,2,512,256,7774
11552,4174,760000,2,512,256,7774
11553,4175,760000,2,512,256,7775
11554,4175,760000,2,512,256,7775
11555,4175,760000,2,512,256,7775
11556,4175,760000,2,512,256,7775
11557,4175,760000,2,512,256,7775
11558,4176,760000,2,512,256,7776
11559,4176,760000,2,512,256,7776
11560,4176,760000,2,512,256,7776
11561,4176,760000,2,512,256,7776
11562,4176,760000,2,512,256,7776
11563,4177,760000,2,512,256,7777
11564,4177,760000,2,512,256,7777
11565,4177,760000,2,512,256,7777
11566,4178,760000,2,512,256,7778
11567,4178,760000,2,512,256,7778
11568,4178,760000,2,512,256,7778
11569,4178,760000,2,512,256,7778
11570,4179,760000,2,512,256,7779
11571,4180,760000,2,512,256,7780
11572,4180,760000,2,512,256,7780
11573,4180,760000,2,512,256,7780
11574,4180,760000,2,512,256,7780
11575,4181,760000,2,512,256,7781
11576,4181,760000,2,512,256,7781
11577,4181,760000,2,512,256,7781
11578,4181,760000,2,512,256,7781
11579,4181,760000,2,512,256,7781
11580,4181,760000,2,512,256,7781
11581,4181,760000,2,512,256,7781
11582,4181,760000,2,512,256,7781
11583,4182,760000,2,512,256,7782
11584,4182,760000,2,512,256,7782
11585,4182,760000,2,512,256,7782
11586,4183,760000,2,512,256,7783
11587,4183,760000,2,512,256,7783
11588,4183,760000,2,512,256,7783
11589,4184,760000,2,512,256,7784
11590,4184,760000,2,512,256,7784
11591,4184,760000,2,512,256,7784
11592,4184,760000,2,512,256,7784
11593,4184,760000,2,512,256,7784
11594,4185,760000,2,512,256,7785
11595,4185,760000,2,512,256,7785
11596,4185,760000,2,512,256,7785
11597,4185,760000,2,512,256,7785
11598,4185,760000,2,512,256,7785
11599,4185,760000,2,512,256,7785
11600,4185,760000,2,512,256,7785
11601,4186,760000,2,512,256,7786
11602,4186,760000,2,512,256,7786
11603,4186,760000,2,512,256,7786
11604,4186,760000,2,512,256,7786
11605,4186,760000,2,512,256,7786
11606,4186,760000,2,512,256,7786
11607,4186,760000,2,512,256,7786
11608,4186,760000,2,512,256,7786
11609,4187,760000,2,512,256,7787
11610,4187,760000,2,512,256,7787
11611,4187,760000,2,512,256,7787
11612,4187,760000,2,512,256,7787
11613,4187,760000,2,512,256,7787
11614,4188,760000,2,512,256,7788
11615,4188,760000,2,512,256,7788
11616,4188,760000,2,512,256,7788
11617,4188,760000,2,512,256,7788
11618,4189,760000,2,512,256,7789
11619,4189,760000,2,512,256,7789
11620,4189,760000,2,512,256,7789
11621,4190,760000,2,512,256,7790
11622,4190,760000,2,512,256,7790
11623,4190,760000,2,512,256,7790
11624,4190,760000,2,512,256,7790
11625,4190,760000,2,512,256,7790
11626,4191,760000,2,512,256,7791
11627,4191,760000,2,512,256,7791
11628,4191,760000,2,512,256,7791
11629,4191,760000,2,512,256,7791
11630,4191,760000,2,512,256,7791
11631,4191,760000,2,512,256,7791
11632,4191,760000,2,512,256,7791
11633,4192,760000,2,512,256,7792
11634,4192,760000,2,512,256,7792
11635,4192,760000,2,512,256,7792
11636,4192,760000,2,512,256,7792
11637,4193,760000,2,512,256,7793
11638,4193,760000,2,512,256,7793
11639,4193,760000,2,512,256,7793
11640,4193,760000,2,512,256,7793
11641,4193,760000,2,512,256,7793
11642,4193,760000,2,512,256,7793
11643,4194,760000,2,512,256,7794
11644,4194,760000,2,512,256,7794
11645,4194,760000,2,512,256,7794
11646,4194,760000,2,512,256,7794
11647,4194,760000,2,512,256,7794
11648,4194,760000,2,512,256,7794
11649,4195,760000,2,512,256,7795
11650,4195,760000,2,512,256,7795
11651,4195,760000,2,512,256,7795
11652,4195,760000,2,512,256,7795
11653,4195,760000,2,512,256,7795
11654,4195,760000,2,512,256,7795
11655,4195,760000,2,512,256,7795
11656,4196,760000,2,512,256,7796
11657,4196,760000,2,512,256,7796
11658,4196,760000,2,512,256,7796
11659,4197,760000,2,512,256,7797
11660,4197,760000,2,512,256,7797
11661,4197,760000,2,512,256,7797
11662,4198,760000,2,512,256,7798
11663,4198,760000,2,512,256,7798
11664,4198,760000,2,512,256,7798
11665,4198,760000,2,512,256,7798
11666,4198,760000,2,512,256,7798
11667,4198,760000,2,512,256,7798
11668,4199,760000,2,512,256,7799
11669,4199,760000,2,512,256,7799
11670,4199,760000,2,512,256,7799
11671,4199,760000,2,512,256,7799
11672,4200,760000,2,512,256,7800
11673,4200,760000,2,512,256,7800
11674,4200,760000,2,512,256,7800
11675,4200,760000,2,512,256,7800
11676,4200,760000,2,512,256,7800
11677,4200,760000,2,512,256,7800
11678,4201,760000,2,512,256,7801
11679,4201,760000,2,512,256,7801
11680,4201,760000,2,512,256,7801
11681,4201,760000,2,512,256,7801
11682,4201,760000,2,512,256,7801
11683,4201,760000,2,512,256,7801
11684,4201,760000,2,512,256,7801
11685,4202,760000,2,512,256,7802
11686,4202,760000,2,512,256,7802
11687,4202,760000,2,512,256,7802
11688,4202,760000,2,512,256,7802
11689,4202,760000,2,512,256,7802
11690,4202,760000,2,512,256,7802
11691,4203,760000,2,512,256,7803
11692,4203,760000,2,512,256,7803
11693,4203,760000,2,512,256,7803
11694,4203,760000,2,512,256,7803
11695,4204,760000,2,512,256,7804
11696,4204,760000,2,512,256,7804
11697,4205,760000,2,512,256,7805
11698,4205,760000,2,512,256,7805
11699,4205,760000,2,512,256,7805
11700,4205,760000,2,512,256,7805
11701,4205,760000,2,512,256,7805
11702,4205,760000,2,512,256,7805
11703,4206,760000,2,512,256,7806
11704,4206,760000,2,512,256,7806
11705,4206,760000,2,512,256,7806
11706,4206,760000,2,512,256,7806
11707,4207,760000,2,512,256,7807
11708,4207,760000,2,512,256,7807
11709,4207,760000,2,512,256,7807
11710,4207,760000,2,512,256,7807
11711,4207,760000,2,512,256,7807
11712,4207,760000,2,512,256,7807
11713,4207,760000,2,512,256,7807
11714,4207,760000,2,512,256,7807
11715,4208,760000,2,512,256,7808
11716,4208,760000,2,512,256,7808
11717,4209,760000,2,512,256,7809
11718,4209,760000,2,512,256,7809
11719,4209,760000,2,512,256,7809
11720,4209,760000,2,512,256,7809
11721,4209,760000,2,512,256,7809
11722,4209,760000,2,512,256,7809
11723,4210,760000,2,512,256,7810
11724,4210,760000,2,512,256,7810
11725,4210,760000,2,512,256,7810
11726,4211,760000,2,512,256,7811
11727,4211,760000,2,512,256,7811
11728,4211,760000,2,512,256,7811
11729,4211,760000,2,512,256,7811
11730,4211,760000,2,512,256,7811
11731,4211,760000,2,512,256,7811
11732,4211,760000,2,512,256,7811
11733,4211,760000,2,512,256,7811
11734,4212,760000,2,512,256,7812
11735,4212,760000,2,512,256,7812
11736,4212,760000,2,512,256,7812
11737,4212,760000,2,512,256,7812
11738,4213,760000,2,512,256,7813
11739,4213,760000,2,512,256,7813
11740,4213,760000,2,512,256,7813
11741,4213,760000,2,512,256,7813
11742,4213,760000,2,512,256,7813
11743,4213,760000,2,512,256,7813
11744,4213,760000,2,512,256,7813
11745,4214,760000,2,512,256,7814
11746,4214,760000,2,512,256,7814
11747,4214,760000,2,512,256,7814
11748,4214,760000,2,512,256,7814
11749,4215,760000,2,512,256,7815
11750,4215,760000,2,512,256,7815
11751,4215,760000,2,512,256,7815
11752,4216,760000,2,512,256,7816
11753,4217,760000,2,512,256,7817
11754,4217,760000,2,512,256,7817
11755,4217,760000,2,512,256,7817
11756,4222,760000,2,512,256,7822
11757,4229,760000,2,512,256,7829
11758,4232,760000,2,512,256,7832
11759,4240,760000,2,512,256,7840
11760,4241,760000,2,512,256,7841
11761,4241,760000,2,512,256,7841
11762,4249,760000,2,512,256,7849
11763,4249,760000,2,512,256,7849
11764,4250,760000,2,512,256,7850
11765,4251,760000,2,512,256,7851
11766,4251,760000,2,512,256,7851
11767,4254,760000,2,512,256,7854
11768,4263,760000,2,512,256,7863
11769,4265,760000,2,512,256,7865
11770,4270,760000,2,512,256,7870
11771,4271,760000,2,512,256,7871
11772,4275,760000,2,512,256,7875
11773,4276,760000,2,512,256,7876
11774,4284,760000,2,512,256,7884
11775,4295,760000,2,512,256,7895
11776,4298,760000,2,512,256,7898
11777,4300,760000,2,512,256,7900
11778,4302,760000,2,512,256,7902
11779,4310,760000,2,512,256,7910
11780,4310,760000,2,512,256,7910
11781,4312,760000,2,512,256,7912
11782,4313,760000,2,512,256,7913
11783,4313,760000,2,512,256,7913
11784,4316,760000,2,512,256,7916
11785,4316,760000,2,512,256,7916
11786,4318,760000,2,512,256,7918
11787,4321,760000,2,512,256,7921
11788,4325,760000,2,512,256,7925
11789,4326,760000,2,512,256,7926
11790,4328,760000,2,512,256,7928
11791,4329,760000,2,512,256,7929
11792,4333,760000,2,512,256,7933
11793,4334,760000,2,512,256,7934
11794,4342,760000,2,512,256,7942
11795,4343,760000,2,512,256,7943
11796,4345,760000,2,512,256,7945
11797,4347,760000,2,512,256,7947
11798,4355,760000,2,512,256,7955
11799,4362,760000,2,512,256,7962
11800,4363,760000,2,512,256,7963
11801,4366,760000,2,512,256,7966
11802,4370,760000,2,512,256,7970
11803,4372,760000,2,512,256,7972
11804,4372,760000,2,512,256,7972
11805,4381,760000,2,512,256,7981
11806,4381,760000,2,512,256,7981
11807,4394,760000,2,512,256,7994
11808,4394,760000,2,512,256,7994
11809,4396,760000,2,512,256,7996
11810,4408,760000,2,512,256,8008
11811,4408,760000,2,512,256,8008
11812,4412,760000,2,512,256,8012
11813,4420,760000,2,512,256,8020
11814,4421,760000,2,512,256,8021
11815,4421,760000,2,512,256,8021
11816,4421,760000,2,512,256,8021
11817,4422,760000,2,512,256,8022
11818,4422,760000,2,512,256,8022
11819,4422,760000,2,512,256,8022
11820,4422,760000,2,512,256,8022
11821,4422,760000,2,512,256,8022
11822,4422,760000,2,512,256,8022
11823,4423,760000,2,512,256,8023
11824,4423,760000,2,512,256,8023
11825,4423,760000,2,512,256,8023
11826,4423,760000,2,512,256,8023
11827,4424,760000,2,512,256,8024
11828,4424,760000,2,512,256,8024
11829,4425,760000,2,512,256,8025
11830,4425,760000,2,512,256,8025
11831,4425,760000,2,512,256,8025
11832,4425,760000,2,512,256,8025
11833,4426,760000,2,512,256,8026
11834,4427,760000,2,512,256,8027
11835,4427,760000,2,512,256,8027
11836,4427,760000,2,512,256,8027
11837,4428,760000,2,512,256,8028
11838,4428,760000,2,512,256,8028
11839,4428,760000,2,512,256,8028
11840,4428,760000,2,512,256,8028
11841,4429,760000,2,512,256,8029
11842,4429,760000,2,512,256,8029
11843,4429,760000,2,512,256,8029
11844,4429,760000,2,512,256,8029
11845,4431,760000,2,512,256,8031
11846,4431,760000,2,512,256,8031
11847,4431,760000,2,512,256,8031
11848,4431,760000,2,512,256,8031
11849,4431,760000,2,512,256,8031
11850,4431,760000,2,512,256,8031
11851,4431,760000,2,512,256,8031
11852,4431,760000,2,512,256,8031
11853,4431,760000,2,512,256,8031
11854,4432,760000,2,512,256,8032
11855,4432,760000,2,512,256,8032
11856,4432,760000,2,512,256,8032
11857,4432,760000,2,512,256,8032
11858,4432,760000,2,512,256,8032
11859,4433,760000,2,512,256,8033
11860,4433,760000,2,512,256,8033
11861,4433,760000,2,512,256,8033
11862,4433,760000,2,512,256,8033
11863,4433,760000,2,512,256,8033
11864,4434,760000,2,512,256,8034
11865,4434,760000,2,512,256,8034
11866,4434,760000,2,512,256,8034
11867,4435,760000,2,512,256,8035
11868,4435,760000,2,512,256,8035
11869,4435,760000,2,512,256,8035
11870,4436,760000,2,512,256,8036
11871,4436,760000,2,512,256,8036
11872,4436,760000,2,512,256,8036
11873,4436,760000,2,512,256,8036
11874,4437,760000,2,512,256,8037
11875,4438,760000,2,512,256,8038
11876,4438,760000,2,512,256,8038
11877,4438,760000,2,512,256,8038
11878,4438,760000,2,512,256,8038
11879,4439,760000,2,512,256,8039
11880,4439,760000,2,512,256,8039
11881,4439,760000,2,512,256,8039
11882,4439,760000,2,512,256,8039
11883,4440,760000,2,512,256,8040
11884,4440,760000,2,512,256,8040
11885,4440,760000,2,512,256,8040
11886,4441,760000,2,512,256,8041
11887,4441,760000,2,512,256,8041
11888,4441,760000,2,512,256,8041
11889,4441,760000,2,512,256,8041
11890,4441,760000,2,512,256,8041
11891,4442,760000,2,512,256,8042
11892,4442,760000,2,512,256,8042
11893,4442,760000,2,512,256,8042
11894,4443,760000,2,512,256,8043
11895,4443,760000,2,512,256,8043
11896,4443,760000,2,512,256,8043
11897,4443,760000,2,512,256,8043
11898,4443,760000,2,512,256,8043
11899,4443,760000,2,512,256,8043
11900,4444,760000,2,512,256,8044
11901,4444,760000,2,512,256,8044
11902,4444,760000,2,512,256,8044
11903,4444,760000,2,512,256,8044
11904,4445,760000,2,512,256,8045
11905,4445,760000,2,512,256,8045
11906,4445,760000,2,512,256,8045
11907,4445,760000,2,512,256,8045
11908,4445,760000,2,512,256,8045
11909,4445,760000,2,512,256,8045
11910,4445,760000,2,512,256,8045
11911,4445,760000,2,512,256,8045
11912,4446,760000,2,512,256,8046
11913,4446,760000,2,512,256,8046
11914,4446,760000,2,512,256,8046
11915,4446,760000,2,512,256,8046
11916,4446,760000,2,512,256,8046
11917,4447,760000,2,512,256,8047
11918,4447,760000,2,512,256,8047
11919,4447,760000,2,512,256,8047
11920,4448,760000,2,512,256,8048
11921,4448,760000,2,512,256,8048
11922,4448,760000,2,512,256,8048
11923,4448,760000,2,512,256,8048
11924,4448,760000,2,512,256,8048
11925,4448,760000,2,512,256,8048
11926,4449,760000,2,512,256,8049
11927,4449,760000,2,512,256,8049
11928,4449,760000,2,512,256,8049
11929,4449,760000,2,512,256,8049
11930,4449,760000,2,512,256,8049
11931,4449,760000,2,512,256,8049
11932,4449,760000,2,512,256,8049
11933,4449,760000,2,512,256,8049
11934,4450,760000,2,512,256,8050
11935,4450,760000,2,512,256,8050
11936,4450,760000,2,512,256,8050
11937,4451,760000,2,512,256,8051
11938,4451,760000,2,512,256,8051
11939,4451,760000,2,512,256,8051
11940,4451,760000,2,512,256,8051
11941,4452,760000,2,512,256,8052
11942,4452,760000,2,512,256,8052
11943,4452,760000,2,512,256,8052
11944,4453,760000,2,512,256,8053
11945,4453,760000,2,512,256,8053
11946,4453,760000,2,512,256,8053
11947,4453,760000,2,512,256,8053
11948,4453,760000,2,512,256,8053
11949,4453,760000,2,512,256,8053
11950,4453,760000,2,512,256,8053
11951,4454,760000,2,512,256,8054
11952,4454,760000,2,512,256,8054
11953,4454,760000,2,512,256,8054
11954,4454,760000,2,512,256,8054
11955,4454,760000,2,512,256,8054
11956,4454,760000,2,512,256,8054
11957,4454,760000,2,512,256,8054
11958,4455,760000,2,512,256,8055
11959,4455,760000,2,512,256,8055
11960,4455,760000,2,512,256,8055
11961,4455,760000,2,512,256,8055
11962,4455,760000,2,512,256,8055
11963,4455,760000,2,512,256,8055
11964,4456,760000,2,512,256,8056
11965,4456,760000,2,512,256,8056
11966,4456,760000,2,512,256,8056
11967,4456,760000,2,512,256,8056
11968,4456,760000,2,512,256,8056
11969,4457,760000,2,512,256,8057
11970,4457,760000,2,512,256,8057
11971,4457,760000,2,512,256,8057
11972,4457,760000,2,512,256,8057
11973,4457,760000,2,512,256,8057
11974,4457,760000,2,512,256,8057
11975,4458,760000,2,512,256,8058
11976,4458,760000,2,512,256,8058
11977,4458,760000,2,512,256,8058
11978,4458,760000,2,512,256,8058
11979,4459,760000,2,512,256,8059
11980,4459,760000,2,512,256,8059
11981,4459,760000,2,512,256,8059
11982,4459,760000,2,512,256,8059
11983,4460,760000,2,512,256,8060
11984,4460,760000,2,512,256,8060
11985,4460,760000,2,512,256,8060
11986,4460,760000,2,512,256,8060
11987,4460,760000,2,512,256,8060
11988,4460,760000,2,512,256,8060
11989,4461,760000,2,512,256,8061
11990,4461,760000,2,512,256,8061
11991,4461,760000,2,512,256,8061
11992,4461,760000,2,512,256,8061
11993,4462,760000,2,512,256,8062
11994,4462,760000,2,512,256,8062
11995,4462,760000,2,512,256,8062
11996,4462,760000,2,512,256,8062
11997,4462,760000,2,512,256,8062
11998,4462,760000,2,512,256,8062
11999,4462,760000,2,512,256,8062
12000,4463,760000,2,512,256,8063
12001,4463,760000,2,512,256,8063
12002,4463,760000,2,512,256,8063
12003,4464,760000,2,512,256,8064
12004,4464,760000,2,512,256,8064
12005,4464,760000,2,512,256,8064
12006,4464,760000,2,512,256,8064
12007,4464,760000,2,512,256,8064
12008,4465,760000,2,512,256,8065
12009,4465,760000,2,512,256,8065
12010,4465,760000,2,512,256,8065
12011,4465,760000,2,512,256,8065
12012,4465,760000,2,512,256,8065
12013,4465,760000,2,512,256,8065
12014,4465,760000,2,512,256,8065
12015,4466,760000,2,512,256,8066
12016,4466,760000,2,512,256,8066
12017,4466,760000,2,512,256,8066
12018,4466,760000,2,512,256,8066
12019,4466,760000,2,512,256,8066
12020,4467,760000,2,512,256,8067
12021,4467,760000,2,512,256,8067
12022,4467,760000,2,512,256,8067
12023,4467,760000,2,512,256,8067
12024,4467,760000,2,512,256,8067
12025,4468,760000,2,512,256,8068
12026,4468,760000,2,512,256,8068
12027,4468,760000,2,512,256,8068
12028,4468,760000,2,512,256,8068
12029,4468,760000,2,512,256,8068
12030,4468,760000,2,512,256,8068
12031,4468,760000,2,512,256,8068
12032,4468,760000,2,512,256,8068
12033,4469,760000,2,512,256,8069
12034,4469,760000,2,512,256,8069
12035,4469,760000,2,512,256,8069
12036,4469,760000,2,512,256,8069
12037,4469,760000,2,512,256,8069
12038,4469,760000,2,512,256,8069
12039,4470,760000,2,512,256,8070
12040,4470,760000,2,512,256,8070
12041,4470,760000,2,512,256,8070
12042,4471,760000,2,512,256,8071
12043,4471,760000,2,512,256,8071
12044,4471,760000,2,512,256,8071
12045,4471,760000,2,512,256,8071
12046,4471,760000,2,512,256,8071
12047,4472,760000,2,512,256,8072
12048,4472,760000,2,512,256,8072
12049,4472,760000,2,512,256,8072
12050,4472,760000,2,512,256,8072
12051,4472,760000,2,512,256,8072
12052,4473,760000,2,512,256,8073
12053,4473,760000,2,512,256,8073
12054,4473,760000,2,512,256,8073
12055,4473,760000,2,512,256,8073
12056,4474,760000,2,512,256,8074
12057,4474,760000,2,512,256,8074
12058,4474,760000,2,512,256,8074
12059,4474,760000,2,512,256,8074
12060,4475,760000,2,512,256,8075
12061,4475,760000,2,512,256,8075
12062,4475,760000,2,512,256,8075
12063,4475,760000,2,512,256,8075
12064,4475,760000,2,512,256,8075
12065,4475,760000,2,512,256,8075
12066,4475,760000,2,512,256,8075
12067,4475,760000,2,512,256,8075
12068,4476,760000,2,512,256,8076
12069,4476,760000,2,512,256,8076
12070,4476,760000,2,512,256,8076
12071,4476,760000,2,512,256,8076
12072,4477,760000,2,512,256,8077
12073,4477,760000,2,512,256,8077
12074,4477,760000,2,512,256,8077
12075,4477,760000,2,512,256,8077
12076,4477,760000,2,512,256,8077
12077,4477,760000,2,512,256,8077
12078,4478,760000,2,512,256,8078
12079,4478,760000,2,512,256,8078
12080,4478,760000,2,512,256,8078
12081,4478,760000,2,512,256,8078
12082,4478,760000,2,512,256,8078
12083,4478,760000,2,512,256,8078
12084,4478,760000,2,512,256,8078
12085,4478,760000,2,512,256,8078
12086,4479,760000,2,512,256,8079
12087,4479,760000,2,512,256,8079
12088,4480,760000,2,512,256,8080
12089,4481,760000,2,512,256,8081
12090,4481,760000,2,512,256,8081
12091,4481,760000,2,512,256,8081
12092,4481,760000,2,512,256,8081
12093,4481,760000,2,512,256,8081
12094,4483,760000,2,512,256,8083
12095,4483,760000,2,512,256,8083
12096,4483,760000,2,512,256,8083
12097,4483,760000,2,512,256,8083
12098,4483,760000,2,512,256,8083
12099,4483,760000,2,512,256,8083
12100,4484,760000,2,512,256,8084
12101,4484,760000,2,512,256,8084
12102,4484,760000,2,512,256,8084
12103,4484,760000,2,512,256,8084
12104,4484,760000,2,512,256,8084
12105,4484,760000,2,512,256,8084
12106,4486,760000,2,512,256,8086
12107,4488,760000,2,512,256,8088
12108,4489,760000,2,512,256,8089
12109,4489,760000,2,512,256,8089
12110,4489,760000,2,512,256,8089
12111,4489,760000,2,512,256,8089
12112,4489,760000,2,512,256,8089
12113,4489,760000,2,512,256,8089
12114,4489,760000,2,512,256,8089
12115,4490,760000,2,512,256,8090
12116,4490,760000,2,512,256,8090
12117,4490,760000,2,512,256,8090
12118,4490,760000,2,512,256,8090
12119,4490,760000,2,512,256,8090
12120,4490,760000,2,512,256,8090
12121,4490,760000,2,512,256,8090
12122,4490,760000,2,512,256,8090
12123,4491,760000,2,512,256,8091
12124,4491,760000,2,512,256,8091
12125,4491,760000,2,512,256,8091
12126,4491,760000,2,512,256,8091
12127,4491,760000,2,512,256,8091
12128,4491,760000,2,512,256,8091
12129,4491,760000,2,512,256,8091
12130,4492,760000,2,512,256,8092
12131,4492,760000,2,512,256,8092
12132,4492,760000,2,512,256,8092
12133,4493,760000,2,512,256,8093
12134,4493,760000,2,512,256,8093
12135,4493,760000,2,512,256,8093
12136,4493,760000,2,512,256,8093
12137,4493,760000,2,512,256,8093
12138,4494,760000,2,512,256,8094
12139,4494,760000,2,512,256,8094
12140,4494,760000,2,512,256,8094
12141,4494,760000,2,512,256,8094
12142,4495,760000,2,512,256,8095
12143,4495,760000,2,512,256,8095
12144,4495,760000,2,512,256,8095
12145,4496,760000,2,512,256,8096
12146,4496,760000,2,512,256,8096
12147,4496,760000,2,512,256,8096
12148,4496,760000,2,512,256,8096
12149,4496,760000,2,512,256,8096
12150,4496,760000,2,512,256,8096
12151,4497,760000,2,512,256,8097
12152,4497,760000,2,512,256,8097
12153,4497,760000,2,512,256,8097
12154,4497,760000,2,512,256,8097
12155,4498,760000,2,512,256,8098
12156,4498,760000,2,512,256,8098
12157,4499,760000,2,512,256,8099
12158,4500,760000,2,512,256,8100
12159,4508,760000,2,512,256,8108
12160,4512,760000,2,512,256,8112
12161,4515,760000,2,512,256,8115
12162,4516,760000,2,512,256,8116
12163,4516,760000,2,512,256,8116
12164,4522,760000,2,512,256,8122
12165,4526,760000,2,512,256,8126
12166,4528,760000,2,512,256,8128
12167,4528,760000,2,512,256,8128
12168,4528,760000,2,512,256,8128
12169,4528,760000,2,512,256,8128
12170,4528,760000,2,512,256,8128
12171,4528,760000,2,512,256,8128
12172,4528,760000,2,512,256,8128
12173,4529,760000,2,512,256,8129
12174,4529,760000,2,512,256,8129
12175,4529,760000,2,512,256,8129
12176,4529,760000,2,512,256,8129
12177,4530,760000,2,512,256,8130
12178,4530,760000,2,512,256,8130
12179,4530,760000,2,512,256,8130
12180,4530,760000,2,512,256,8130
12181,4530,760000,2,512,256,8130
12182,4531,760000,2,512,256,8131
12183,4531,760000,2,512,256,8131
12184,4531,760000,2,512,256,8131
12185,4531,760000,2,512,256,8131
12186,4531,760000,2,512,256,8131
12187,4531,760000,2,512,256,8131
12188,4531,760000,2,512,256,8131
12189,4532,760000,2,512,256,8132
12190,4532,760000,2,512,256,8132
12191,4532,760000,2,512,256,8132
12192,4532,760000,2,512,256,8132
12193,4532,760000,2,512,256,8132
12194,4532,760000,2,512,256,8132
12195,4533,760000,2,512,256,8133
12196,4534,760000,2,512,256,8134
12197,4534,760000,2,512,256,8134
12198,4535,760000,2,512,256,8135
12199,4535,760000,2,512,256,8135
12200,4536,760000,2,512,256,8136
12201,4536,760000,2,512,256,8136
12202,4536,760000,2,512,256,8136
12203,4536,760000,2,512,256,8136
12204,4536,760000,2,512,256,8136
12205,4536,760000,2,512,256,8136
12206,4536,760000,2,512,256,8136
12207,4537,760000,2,512,256,8137
12208,4537,760000,2,512,256,8137
12209,4537,760000,2,512,256,8137
12210,4537,760000,2,512,256,8137
12211,4537,760000,2,512,256,8137
12212,4538,760000,2,512,256,8138
12213,4538,760000,2,512,256,8138
12214,4538,760000,2,512,256,8138
12215,4538,760000,2,512,256,8138
12216,4538,760000,2,512,256,8138
12217,4538,760000,2,512,256,8138
12218,4539,760000,2,512,256,8139
12219,4539,760000,2,512,256,8139
12220,4539,760000,2,512,256,8139
12221,4539,760000,2,512,256,8139
12222,4539,760000,2,512,256,8139
12223,4540,760000,2,512,256,8140
12224,4540,760000,2,512,256,8140
12225,4540,760000,2,512,256,8140
12226,4541,760000,2,512,256,8141
12227,4541,760000,2,512,256,8141
12228,4541,760000,2,512,256,8141
12229,4541,760000,2,512,256,8141
12230,4541,760000,2,512,256,8141
12231,4541,760000,2,512,256,8141
12232,4541,760000,2,512,256,8141
12233,4541,760000,2,512,256,8141
12234,4541,760000,2,512,256,8141
12235,4542,760000,2,512,256,8142
12236,4542,760000,2,512,256,8142
12237,4543,760000,2,512,256,8143
12238,4543,760000,2,512,256,8143
12239,4543,760000,2,512,256,8143
12240,4543,760000,2,512,256,8143
12241,4543,760000,2,512,256,8143
12242,4543,760000,2,512,256,8143
12243,4544,760000,2,512,256,8144
12244,4544,760000,2,512,256,8144
12245,4545,760000,2,512,256,8145
12246,4545,760000,2,512,256,8145
12247,4545,760000,2,512,256,8145
12248,4545,760000,2,512,256,8145
12249,4545,760000,2,512,256,8145
12250,4546,760000,2,512,256,8146
12251,4546,760000,2,512,256,8146
12252,4546,760000,2,512,256,8146
12253,4546,760000,2,512,256,8146
12254,4546,760000,2,512,256,8146
12255,4546,760000,2,512,256,8146
12256,4547,760000,2,512,256,8147
12257,4547,760000,2,512,256,8147
12258,4547,760000,2,512,256,8147
12259,4547,760000,2,512,256,8147
12260,4547,760000,2,512,256,8147
12261,4547,760000,2,512,256,8147
12262,4548,760000,2,512,256,8148
12263,4548,760000,2,512,256,8148
12264,4548,760000,2,512,256,8148
12265,4548,760000,2,512,256,8148
12266,4548,760000,2,512,256,8148
12267,4549,760000,2,512,256,8149
12268,4549,760000,2,512,256,8149
12269,4549,760000,2,512,256,8149
12270,4549,760000,2,512,256,8149
12271,4550,760000,2,512,256,8150
12272,4550,760000,2,512,256,8150
12273,4550,760000,2,512,256,8150
12274,4551,760000,2,512,256,8151
12275,4551,760000,2,512,256,8151
12276,4551,760000,2,512,256,8151
12277,4551,760000,2,512,256,8151
12278,4551,760000,2,512,256,8151
12279,4552,760000,2,512,256,8152
12280,4552,760000,2,512,256,8152
12281,4552,760000,2,512,256,8152
12282,4552,760000,2,512,256,8152
12283,4553,760000,2,512,256,8153
12284,4553,760000,2,512,256,8153
12285,4553,760000,2,512,256,8153
12286,4553,760000,2,512,256,8153
12287,4553,760000,2,512,256,8153
12288,4553,760000,2,512,256,8153
12289,4553,760000,2,512,256,8153
12290,4553,760000,2,512,256,8153
12291,4554,760000,2,512,256,8154
12292,4554,760000,2,512,256,8154
12293,4554,760000,2,512,256,8154
12294,4554,760000,2,512,256,8154
12295,4554,760000,2,512,256,8154
12296,4555,760000,2,512,256,8155
12297,4555,760000,2,512,256,8155
12298,4555,760000,2,512,256,8155
12299,4555,760000,2,512,256,8155
12300,4555,760000,2,512,256,8155
12301,4555,760000,2,512,256,8155
12302,4556,760000,2,512,256,8156
12303,4556,760000,2,512,256,8156
12304,4556,760000,2,512,256,8156
12305,4556,760000,2,512,256,8156
12306,4556,760000,2,512,256,8156
12307,4556,760000,2,512,256,8156
12308,4556,760000,2,512,256,8156
12309,4556,760000,2,512,256,8156
12310,4557,760000,2,512,256,8157
12311,4557,760000,2,512,256,8157
12312,4557,760000,2,512,256,8157
12313,4558,760000,2,512,256,8158
12314,4558,760000,2,512,256,8158
12315,4558,760000,2,512,256,8158
12316,4558,760000,2,512,256,8158
12317,4558,760000,2,512,256,8158
12318,4559,760000,2,512,256,8159
12319,4559,760000,2,512,256,8159
12320,4559,760000,2,512,256,8159
12321,4559,760000,2,512,256,8159
12322,4559,760000,2,512,256,8159
12323,4560,760000,2,512,256,8160
12324,4560,760000,2,512,256,8160
12325,4560,760000,2,512,256,8160
12326,4560,760000,2,512,256,8160
12327,4560,760000,2,512,256,8160
12328,4560,760000,2,512,256,8160
12329,4561,760000,2,512,256,8161
12330,4561,760000,2,512,256,8161
12331,4561,760000,2,512,256,8161
12332,4561,760000,2,512,256,8161
12333,4561,760000,2,512,256,8161
12334,4562,760000,2,512,256,8162
12335,4562,760000,2,512,256,8162
12336,4562,760000,2,512,256,8162
12337,4562,760000,2,512,256,8162
12338,4563,760000,2,512,256,8163
12339,4563,760000,2,512,256,8163
12340,4563,760000,2,512,256,8163
12341,4564,760000,2,512,256,8164
12342,4564,760000,2,512,256,8164
12343,4564,760000,2,512,256,8164
12344,4564,760000,2,512,256,8164
12345,4564,760000,2,512,256,8164
12346,4564,760000,2,512,256,8164
12347,4566,760000,2,512,256,8166
12348,4571,760000,2,512,256,8171
12349,4577,760000,2,512,256,8177
12350,4577,760000,2,512,256,8177
12351,4578,760000,2,512,256,8178
12352,4583,760000,2,512,256,8183
12353,4587,760000,2,512,256,8187
12354,4591,760000,2,512,256,8191
12355,4592,760000,2,512,256,8192
12356,4599,760000,2,512,256,8199
12357,4601,760000,2,512,256,8201
12358,4603,760000,2,512,256,8203
12359,4603,760000,2,512,256,8203
12360,4604,760000,2,512,256,8204
12361,4604,760000,2,512,256,8204
12362,4604,760000,2,512,256,8204
12363,4604,760000,2,512,256,8204
12364,4604,760000,2,512,256,8204
12365,4604,760000,2,512,256,8204
12366,4605,760000,2,512,256,8205
12367,4605,760000,2,512,256,8205
12368,4605,760000,2,512,256,8205
12369,4605,760000,2,512,256,8205
12370,4605,760000,2,512,256,8205
12371,4605,760000,2,512,256,8205
12372,4606,760000,2,512,256,8206
12373,4606,760000,2,512,256,8206
12374,4606,760000,2,512,256,8206
12375,4606,760000,2,512,256,8206
12376,4606,760000,2,512,256,8206
12377,4606,760000,2,512,256,8206
12378,4606,760000,2,512,256,8206
12379,4607,760000,2,512,256,8207
12380,4607,760000,2,512,256,8207
12381,4608,760000,2,512,256,8208
12382,4608,760000,2,512,256,8208
12383,4608,760000,2,512,256,8208
12384,4608,760000,2,512,256,8208
12385,4608,760000,2,512,256,8208
12386,4609,760000,2,512,256,8209
12387,4609,760000,2,512,256,8209
12388,4609,760000,2,512,256,8209
12389,4609,760000,2,512,256,8209
12390,4610,760000,2,512,256,8210
12391,4610,760000,2,512,256,8210
12392,4610,760000,2,512,256,8210
12393,4610,760000,2,512,256,8210
12394,4611,760000,2,512,256,8211
12395,4611,760000,2,512,256,8211
12396,4611,760000,2,512,256,8211
12397,4611,760000,2,512,256,8211
12398,4611,760000,2,512,256,8211
12399,4611,760000,2,512,256,8211
12400,4611,760000,2,512,256,8211
12401,4611,760000,2,512,256,8211
12402,4612,760000,2,512,256,8212
12403,4612,760000,2,512,256,8212
12404,4612,760000,2,512,256,8212
12405,4612,760000,2,512,256,8212
12406,4612,760000,2,512,256,8212
12407,4612,760000,2,512,256,8212
12408,4612,760000,2,512,256,8212
12409,4612,760000,2,512,256,8212
12410,4612,760000,2,512,256,8212
12411,4613,760000,2,512,256,8213
12412,4613,760000,2,512,256,8213
12413,4613,760000,2,512,256,8213
12414,4613,760000,2,512,256,8213
12415,4614,760000,2,512,256,8214
12416,4614,760000,2,512,256,8214
12417,4614,760000,2,512,256,8214
12418,4614,760000,2,512,256,8214
12419,4614,760000,2,512,256,8214
12420,4614,760000,2,512,256,8214
12421,4614,760000,2,512,256,8214
12422,4615,760000,2,512,256,8215
12423,4615,760000,2,512,256,8215
12424,4615,760000,2,512,256,8215
12425,4615,760000,2,512,256,8215
12426,4615,760000,2,512,256,8215
12427,4616,760000,2,512,256,8216
12428,4616,760000,2,512,256,8216
12429,4616,760000,2,512,256,8216
12430,4616,760000,2,512,256,8216
12431,4616,760000,2,512,256,8216
12432,4617,760000,2,512,256,8217
12433,4617,760000,2,512,256,8217
12434,4617,760000,2,512,256,8217
12435,4617,760000,2,512,256,8217
12436,4617,760000,2,512,256,8217
12437,4618,760000,2,512,256,8218
12438,4618,760000,2,512,256,8218
12439,4619,760000,2,512,256,8219
12440,4619,760000,2,512,256,8219
12441,4619,760000,2,512,256,8219
12442,4619,760000,2,512,256,8219
12443,4619,760000,2,512,256,8219
12444,4620,760000,2,512,256,8220
12445,4620,760000,2,512,256,8220
12446,4620,760000,2,512,256,8220
12447,4621,760000,2,512,256,8221
12448,4621,760000,2,512,256,8221
12449,4621,760000,2,512,256,8221
12450,4621,760000,2,512,256,8221
12451,4621,760000,2,512,256,8221
12452,4621,760000,2,512,256,8221
12453,4622,760000,2,512,256,8222
12454,4622,760000,2,512,256,8222
12455,4622,760000,2,512,256,8222
12456,4622,760000,2,512,256,8222
12457,4623,760000,2,512,256,8223
12458,4623,760000,2,512,256,8223
12459,4623,760000,2,512,256,8223
12460,4623,760000,2,512,256,8223
12461,4623,760000,2,512,256,8223
12462,4624,760000,2,512,256,8224
12463,4624,760000,2,512,256,8224
12464,4624,760000,2,512,256,8224
12465,4624,760000,2,512,256,8224
12466,4625,760000,2,512,256,8225
12467,4626,760000,2,512,256,8226
12468,4626,760000,2,512,256,8226
12469,4626,760000,2,512,256,8226
12470,4627,760000,2,512,256,8227
12471,4627,760000,2,512,256,8227
12472,4627,760000,2,512,256,8227
12473,4628,760000,2,512,256,8228
12474,4628,760000,2,512,256,8228
12475,4628,760000,2,512,256,8228
12476,4628,760000,2,512,256,8228
12477,4628,760000,2,512,256,8228
12478,4629,760000,2,512,256,8229
12479,4629,760000,2,512,256,8229
12480,4629,760000,2,512,256,8229
12481,4629,760000,2,512,256,8229
12482,4629,760000,2,512,256,8229
12483,4629,760000,2,512,256,8229
12484,4630,760000,2,512,256,8230
12485,4630,760000,2,512,256,8230
12486,4630,760000,2,512,256,8230
12487,4631,760000,2,512,256,8231
12488,4631,760000,2,512,256,8231
12489,4631,760000,2,512,256,8231
12490,4631,760000,2,512,256,8231
12491,4631,760000,2,512,256,8231
12492,4631,760000,2,512,256,8231
12493,4632,760000,2,512,256,8232
12494,4632,760000,2,512,256,8232
12495,4632,760000,2,512,256,8232
12496,4633,760000,2,512,256,8233
12497,4633,760000,2,512,256,8233
12498,4633,760000,2,512,256,8233
12499,4633,760000,2,512,256,8233
12500,4634,760000,2,512,256,8234
12501,4634,760000,2,512,256,8234
12502,4634,760000,2,512,256,8234
12503,4635,760000,2,512,256,8235
12504,4635,760000,2,512,256,8235
12505,4636,760000,2,512,256,8236
12506,4636,760000,2,512,256,8236
12507,4636,760000,2,512,256,8236
12508,4636,760000,2,512,256,8236
12509,4636,760000,2,512,256,8236
12510,4636,760000,2,512,256,8236
12511,4636,760000,2,512,256,8236
12512,4637,760000,2,512,256,8237
12513,4637,760000,2,512,256,8237
12514,4637,760000,2,512,256,8237
12515,4637,760000,2,512,256,8237
12516,4637,760000,2,512,256,8237
12517,4638,760000,2,512,256,8238
12518,4638,760000,2,512,256,8238
12519,4638,760000,2,512,256,8238
12520,4639,760000,2,512,256,8239
12521,4639,760000,2,512,256,8239
12522,4639,760000,2,512,256,8239
12523,4639,760000,2,512,256,8239
12524,4639,760000,2,512,256,8239
12525,4639,760000,2,512,256,8239
12526,4640,760000,2,512,256,8240
12527,4641,760000,2,512,256,8241
12528,4641,760000,2,512,256,8241
12529,4641,760000,2,512,256,8241
12530,4641,760000,2,512,256,8241
12531,4642,760000,2,512,256,8242
12532,4643,760000,2,512,256,8243
12533,4643,760000,2,512,256,8243
12534,4644,760000,2,512,256,8244
12535,4644,760000,2,512,256,8244
12536,4644,760000,2,512,256,8244
12537,4644,760000,2,512,256,8244
12538,4644,760000,2,512,256,8244
12539,4644,760000,2,512,256,8244
12540,4645,760000,2,512,256,8245
12541,4645,760000,2,512,256,8245
12542,4646,760000,2,512,256,8246
12543,4647,760000,2,512,256,8247
12544,4647,760000,2,512,256,8247
12545,4649,760000,2,512,256,8249
12546,4649,760000,2,512,256,8249
12547,4649,760000,2,512,256,8249
12548,4649,760000,2,512,256,8249
12549,4649,760000,2,512,256,8249
12550,4649,760000,2,512,256,8249
12551,4649,760000,2,512,256,8249
12552,4650,760000,2,512,256,8250
12553,4650,760000,2,512,256,8250
12554,4650,760000,2,512,256,8250
12555,4650,760000,2,512,256,8250
12556,4650,760000,2,512,256,8250
12557,4650,760000,2,512,256,8250
12558,4651,760000,2,512,256,8251
12559,4651,760000,2,512,256,8251
12560,4651,760000,2,512,256,8251
12561,4652,760000,2,512,256,8252
12562,4652,760000,2,512,256,8252
12563,4652,760000,2,512,256,8252
12564,4653,760000,2,512,256,8253
12565,4653,760000,2,512,256,8253
12566,4653,760000,2,512,256,8253
12567,4653,760000,2,512,256,8253
12568,4653,760000,2,512,256,8253
12569,4654,760000,2,512,256,8254
12570,4654,760000,2,512,256,8254
12571,4654,760000,2,512,256,8254
12572,4654,760000,2,512,256,8254
12573,4654,760000,2,512,256,8254
12574,4654,760000,2,512,256,8254
12575,4655,760000,2,512,256,8255
12576,4655,760000,2,512,256,8255
12577,4666,760000,2,512,256,8266
12578,4674,760000,2,512,256,8274
12579,4675,760000,2,512,256,8275
12580,4684,760000,2,512,256,8284
12581,4684,760000,2,512,256,8284
12582,4686,760000,2,512,256,8286
12583,4687,760000,2,512,256,8287
12584,4689,760000,2,512,256,8289
12585,4689,760000,2,512,256,8289
12586,4693,760000,2,512,256,8293
12587,4694,760000,2,512,256,8294
12588,4695,760000,2,512,256,8295
12589,4702,760000,2,512,256,8302
12590,4703,760000,2,512,256,8303
12591,4709,760000,2,512,256,8309
12592,4710,760000,2,512,256,8310
12593,4716,760000,2,512,256,8316
12594,4716,760000,2,512,256,8316
12595,4716,760000,2,512,256,8316
12596,4721,760000,2,512,256,8321
12597,4722,760000,2,512,256,8322
12598,4722,760000,2,512,256,8322
12599,4723,760000,2,512,256,8323
12600,4723,760000,2,512,256,8323
12601,4723,760000,2,512,256,8323
12602,4724,760000,2,512,256,8324
12603,4724,760000,2,512,256,8324
12604,4725,760000,2,512,256,8325
12605,4725,760000,2,512,256,8325
12606,4725,760000,2,512,256,8325
12607,4725,760000,2,512,256,8325
12608,4726,760000,2,512,256,8326
12609,4726,760000,2,512,256,8326
12610,4727,760000,2,512,256,8327
12611,4727,760000,2,512,256,8327
12612,4727,760000,2,512,256,8327
12613,4727,760000,2,512,256,8327
12614,4727,760000,2,512,256,8327
12615,4727,760000,2,512,256,8327
12616,4727,760000,2,512,256,8327
12617,4728,760000,2,512,256,8328
12618,4728,760000,2,512,256,8328
12619,4729,760000,2,512,256,8329
12620,4729,760000,2,512,256,8329
12621,4729,760000,2,512,256,8329
12622,4730,760000,2,512,256,8330
12623,4730,760000,2,512,256,8330
12624,4730,760000,2,512,256,8330
12625,4731,760000,2,512,256,8331
12626,4731,760000,2,512,256,8331
12627,4731,760000,2,512,256,8331
12628,4731,760000,2,512,256,8331
12629,4731,760000,2,512,256,8331
12630,4731,760000,2,512,256,8331
12631,4731,760000,2,512,256,8331
12632,4731,760000,2,512,256,8331
12633,4731,760000,2,512,256,8331
12634,4731,760000,2,512,256,8331
12635,4731,760000,2,512,256,8331
12636,4732,760000,2,512,256,8332
12637,4732,760000,2,512,256,8332
12638,4732,760000,2,512,256,8332
12639,4732,760000,2,512,256,8332
12640,4732,760000,2,512,256,8332
12641,4733,760000,2,512,256,8333
12642,4733,760000,2,512,256,8333
12643,4733,760000,2,512,256,8333
12644,4733,760000,2,512,256,8333
12645,4733,760000,2,512,256,8333
12646,4733,760000,2,512,256,8333
12647,4733,760000,2,512,256,8333
12648,4734,760000,2,512,256,8334
12649,4734,760000,2,512,256,8334
12650,4734,760000,2,512,256,8334
12651,4734,760000,2,512,256,8334
12652,4735,760000,2,512,256,8335
12653,4735,760000,2,512,256,8335
12654,4735,760000,2,512,256,8335
12655,4735,760000,2,512,256,8335
12656,4736,760000,2,512,256,8336
12657,4736,760000,2,512,256,8336
12658,4737,760000,2,512,256,8337
12659,4737,760000,2,512,256,8337
12660,4737,760000,2,512,256,8337
12661,4737,760000,2,512,256,8337
12662,4737,760000,2,512,256,8337
12663,4738,760000,2,512,256,8338
12664,4738,760000,2,512,256,8338
12665,4738,760000,2,512,256,8338
12666,4738,760000,2,512,256,8338
12667,4739,760000,2,512,256,8339
12668,4739,760000,2,512,256,8339
12669,4739,760000,2,512,256,8339
12670,4739,760000,2,512,256,8339
12671,4739,760000,2,512,256,8339
12672,4740,760000,2,512,256,8340
12673,4740,760000,2,512,256,8340
12674,4740,760000,2,512,256,8340
12675,4740,760000,2,512,256,8340
12676,4740,760000,2,512,256,8340
12677,4740,760000,2,512,256,8340
12678,4740,760000,2,512,256,8340
12679,4740,760000,2,512,256,8340
12680,4741,760000,2,512,256,8341
12681,4741,760000,2,512,256,8341
12682,4741,760000,2,512,256,8341
12683,4742,760000,2,512,256,8342
12684,4742,760000,2,512,256,8342
12685,4742,760000,2,512,256,8342
12686,4742,760000,2,512,256,8342
12687,4743,760000,2,512,256,8343
12688,4743,760000,2,512,256,8343
12689,4743,760000,2,512,256,8343
12690,4743,760000,2,512,256,8343
12691,4743,760000,2,512,256,8343
12692,4743,760000,2,512,256,8343
12693,4744,760000,2,512,256,8344
12694,4744,760000,2,512,256,8344
12695,4744,760000,2,512,256,8344
12696,4744,760000,2,512,256,8344
12697,4744,760000,2,512,256,8344
12698,4744,760000,2,512,256,8344
12699,4744,760000,2,512,256,8344
12700,4745,760000,2,512,256,8345
12701,4745,760000,2,512,256,8345
12702,4745,760000,2,512,256,8345
12703,4745,760000,2,512,256,8345
12704,4745,760000,2,512,256,8345
12705,4746,760000,2,512,256,8346
12706,4746,760000,2,512,256,8346
12707,4746,760000,2,512,256,8346
12708,4746,760000,2,512,256,8346
12709,4747,760000,2,512,256,8347
12710,4747,760000,2,512,256,8347
12711,4747,760000,2,512,256,8347
12712,4747,760000,2,512,256,8347
12713,4747,760000,2,512,256,8347
12714,4747,760000,2,512,256,8347
12715,4748,760000,2,512,256,8348
12716,4748,760000,2,512,256,8348
12717,4748,760000,2,512,256,8348
12718,4748,760000,2,512,256,8348
12719,4748,760000,2,512,256,8348
12720,4748,760000,2,512,256,8348
12721,4748,760000,2,512,256,8348
12722,4749,760000,2,512,256,8349
12723,4749,760000,2,512,256,8349
12724,4749,760000,2,512,256,8349
12725,4749,760000,2,512,256,8349
12726,4749,760000,2,512,256,8349
12727,4749,760000,2,512,256,8349
12728,4750,760000,2,512,256,8350
12729,4751,760000,2,512,256,8351
12730,4751,760000,2,512,256,8351
12731,4751,760000,2,512,256,8351
12732,4751,760000,2,512,256,8351
12733,4752,760000,2,512,256,8352
12734,4752,760000,2,512,256,8352
12735,4752,760000,2,512,256,8352
12736,4753,760000,2,512,256,8353
12737,4753,760000,2,512,256,8353
12738,4753,760000,2,512,256,8353
12739,4753,760000,2,512,256,8353
12740,4753,760000,2,512,256,8353
12741,4753,760000,2,512,256,8353
12742,4754,760000,2,512,256,8354
12743,4754,760000,2,512,256,8354
12744,4754,760000,2,512,256,8354
12745,4754,760000,2,512,256,8354
12746,4754,760000,2,512,256,8354
12747,4755,760000,2,512,256,8355
12748,4755,760000,2,512,256,8355
12749,4755,760000,2,512,256,8355
12750,4755,760000,2,512,256,8355
12751,4756,760000,2,512,256,8356
12752,4756,760000,2,512,256,8356
12753,4756,760000,2,512,256,8356
12754,4756,760000,2,512,256,8356
12755,4757,760000,2,512,256,8357
12756,4757,760000,2,512,256,8357
12757,4757,760000,2,512,256,8357
12758,4757,760000,2,512,256,8357
12759,4757,760000,2,512,256,8357
12760,4757,760000,2,512,256,8357
12761,4758,760000,2,512,256,8358
12762,4758,760000,2,512,256,8358
12763,4758,760000,2,512,256,8358
12764,4759,760000,2,512,256,8359
12765,4759,760000,2,512,256,8359
12766,4759,760000,2,512,256,8359
12767,4760,760000,2,512,256,8360
12768,4760,760000,2,512,256,8360
12769,4760,760000,2,512,256,8360
12770,4761,760000,2,512,256,8361
12771,4761,760000,2,512,256,8361
12772,4761,760000,2,512,256,8361
12773,4762,760000,2,512,256,8362
12774,4763,760000,2,512,256,8363
12775,4763,760000,2,512,256,8363
12776,4763,760000,2,512,256,8363
12777,4763,760000,2,512,256,8363
12778,4764,760000,2,512,256,8364
12779,4764,760000,2,512,256,8364
12780,4764,760000,2,512,256,8364
12781,4765,760000,2,512,256,8365
12782,4765,760000,2,512,256,8365
12783,4765,760000,2,512,256,8365
12784,4765,760000,2,512,256,8365
12785,4765,760000,2,512,256,8365
12786,4766,760000,2,512,256,8366
12787,4766,760000,2,512,256,8366
12788,4766,760000,2,512,256,8366
12789,4766,760000,2,512,256,8366
12790,4767,760000,2,512,256,8367
12791,4767,760000,2,512,256,8367
12792,4767,760000,2,512,256,8367
12793,4767,760000,2,512,256,8367
12794,4768,760000,2,512,256,8368
12795,4768,760000,2,512,256,8368
12796,4769,760000,2,512,256,8369
12797,4769,760000,2,512,256,8369
12798,4770,760000,2,512,256,8370
12799,4770,760000,2,512,256,8370
12800,4770,760000,2,512,256,8370
12801,4770,760000,2,512,256,8370
12802,4770,760000,2,512,256,8370
12803,4771,760000,2,512,256,8371
12804,4771,760000,2,512,256,8371
12805,4771,760000,2,512,256,8371
12806,4771,760000,2,512,256,8371
12807,4771,760000,2,512,256,8371
12808,4771,760000,2,512,256,8371
12809,4772,760000,2,512,256,8372
12810,4772,760000,2,512,256,8372
12811,4772,760000,2,512,256,8372
12812,4772,760000,2,512,256,8372
12813,4772,760000,2,512,256,8372
12814,4772,760000,2,512,256,8372
12815,4772,760000,2,512,256,8372
12816,4772,760000,2,512,256,8372
12817,4773,760000,2,512,256,8373
12818,4773,760000,2,512,256,8373
12819,4773,760000,2,512,256,8373
12820,4773,760000,2,512,256,8373
12821,4773,760000,2,512,256,8373
12822,4774,760000,2,512,256,8374
12823,4774,760000,2,512,256,8374
12824,4774,760000,2,512,256,8374
12825,4774,760000,2,512,256,8374
12826,4774,760000,2,512,256,8374
12827,4775,760000,2,512,256,8375
12828,4775,760000,2,512,256,8375
12829,4775,760000,2,512,256,8375
12830,4775,760000,2,512,256,8375
12831,4775,760000,2,512,256,8375
12832,4775,760000,2,512,256,8375
12833,4775,760000,2,512,256,8375
12834,4776,760000,2,512,256,8376
12835,4776,760000,2,512,256,8376
12836,4776,760000,2,512,256,8376
12837,4776,760000,2,512,256,8376
12838,4776,760000,2,512,256,8376
12839,4776,760000,2,512,256,8376
12840,4777,760000,2,512,256,8377
12841,4777,760000,2,512,256,8377
12842,4777,760000,2,512,256,8377
12843,4777,760000,2,512,256,8377
12844,4778,760000,2,512,256,8378
12845,4778,760000,2,512,256,8378
12846,4778,760000,2,512,256,8378
12847,4778,760000,2,512,256,8378
12848,4778,760000,2,512,256,8378
12849,4779,760000,2,512,256,8379
12850,4779,760000,2,512,256,8379
12851,4780,760000,2,512,256,8380
12852,4780,760000,2,512,256,8380
12853,4780,760000,2,512,256,8380
12854,4780,760000,2,512,256,8380
12855,4780,760000,2,512,256,8380
12856,4780,760000,2,512,256,8380
12857,4780,760000,2,512,256,8380
12858,4780,760000,2,512,256,8380
12859,4781,760000,2,512,256,8381
12860,4781,760000,2,512,256,8381
12861,4781,760000,2,512,256,8381
12862,4781,760000,2,512,256,8381
12863,4781,760000,2,512,256,8381
12864,4782,760000,2,512,256,8382
12865,4782,760000,2,512,256,8382
12866,4782,760000,2,512,256,8382
12867,4782,760000,2,512,256,8382
12868,4782,760000,2,512,256,8382
12869,4783,760000,2,512,256,8383
12870,4784,760000,2,512,256,8384
12871,4784,760000,2,512,256,8384
12872,4785,760000,2,512,256,8385
12873,4785,760000,2,512,256,8385
12874,4785,760000,2,512,256,8385
12875,4785,760000,2,512,256,8385
12876,4785,760000,2,512,256,8385
12877,4786,760000,2,512,256,8386
12878,4786,760000,2,512,256,8386
12879,4786,760000,2,512,256,8386
12880,4787,760000,2,512,256,8387
12881,4787,760000,2,512,256,8387
12882,4787,760000,2,512,256,8387
12883,4787,760000,2,512,256,8387
12884,4787,760000,2,512,256,8387
12885,4787,760000,2,512,256,8387
12886,4787,760000,2,512,256,8387
12887,4788,760000,2,512,256,8388
12888,4788,760000,2,512,256,8388
12889,4788,760000,2,512,256,8388
12890,4789,760000,2,512,256,8389
12891,4789,760000,2,512,256,8389
12892,4789,760000,2,512,256,8389
12893,4789,760000,2,512,256,8389
12894,4789,760000,2,512,256,8389
12895,4789,760000,2,512,256,8389
12896,4790,760000,2,512,256,8390
12897,4790,760000,2,512,256,8390
12898,4790,760000,2,512,256,8390
12899,4790,760000,2,512,256,8390
12900,4790,760000,2,512,256,8390
12901,4791,760000,2,512,256,8391
12902,4791,760000,2,512,256,8391
12903,4792,760000,2,512,256,8392
12904,4792,760000,2,512,256,8392
12905,4793,760000,2,512,256,8393
12906,4793,760000,2,512,256,8393
12907,4793,760000,2,512,256,8393
12908,4793,760000,2,512,256,8393
12909,4794,760000,2,512,256,8394
12910,4794,760000,2,512,256,8394
12911,4794,760000,2,512,256,8394
12912,4794,760000,2,512,256,8394
12913,4795,760000,2,512,256,8395
12914,4796,760000,2,512,256,8396
12915,4796,760000,2,512,256,8396
12916,4796,760000,2,512,256,8396
12917,4796,760000,2,512,256,8396
12918,4796,760000,2,512,256,8396
12919,4796,760000,2,512,256,8396
12920,4797,760000,2,512,256,8397
12921,4797,760000,2,512,256,8397
12922,4797,760000,2,512,256,8397
12923,4797,760000,2,512,256,8397
12924,4798,760000,2,512,256,8398
12925,4798,760000,2,512,256,8398
12926,4798,760000,2,512,256,8398
12927,4799,760000,2,512,256,8399
12928,4799,760000,2,512,256,8399
12929,4800,760000,2,512,256,8400
12930,4800,760000,2,512,256,8400
12931,4800,760000,2,512,256,8400
12932,4800,760000,2,512,256,8400
12933,4800,760000,2,512,256,8400
12934,4801,760000,2,512,256,8401
12935,4801,760000,2,512,256,8401
12936,4801,760000,2,512,256,8401
12937,4802,760000,2,512,256,8402
12938,4802,760000,2,512,256,8402
12939,4802,760000,2,512,256,8402
12940,4802,760000,2,512,256,8402
12941,4802,760000,2,512,256,8402
12942,4802,760000,2,512,256,8402
12943,4803,760000,2,512,256,8403
12944,4803,760000,2,512,256,8403
12945,4803,760000,2,512,256,8403
12946,4803,760000,2,512,256,8403
12947,4803,760000,2,512,256,8403
12948,4803,760000,2,512,256,8403
12949,4803,760000,2,512,256,8403
12950,4804,760000,2,512,256,8404
12951,4804,760000,2,512,256,8404
12952,4804,760000,2,512,256,8404
12953,4804,760000,2,512,256,8404
12954,4805,760000,2,512,256,8405
12955,4805,760000,2,512,256,8405
12956,4805,760000,2,512,256,8405
12957,4806,760000,2,512,256,8406
12958,4806,760000,2,512,256,8406
12959,4806,760000,2,512,256,8406
12960,4806,760000,2,512,256,8406
12961,4807,760000,2,512,256,8407
12962,4807,760000,2,512,256,8407
12963,4808,760000,2,512,256,8408
12964,4808,760000,2,512,256,8408
12965,4808,760000,2,512,256,8408
12966,4809,760000,2,512,256,8409
12967,4809,760000,2,512,256,8409
12968,4809,760000,2,512,256,8409
12969,4809,760000,2,512,256,8409
12970,4810,760000,2,512,256,8410
12971,4810,760000,2,512,256,8410
12972,4810,760000,2,512,256,8410
12973,4810,760000,2,512,256,8410
12974,4811,760000,2,512,256,8411
12975,4811,760000,2,512,256,8411
12976,4811,760000,2,512,256,8411
12977,4812,760000,2,512,256,8412
12978,4812,760000,2,512,256,8412
12979,4812,760000,2,512,256,8412
12980,4812,760000,2,512,256,8412
12981,4812,760000,2,512,256,8412
12982,4813,760000,2,512,256,8413
12983,4813,760000,2,512,256,8413
12984,4813,760000,2,512,256,8413
12985,4813,760000,2,512,256,8413
12986,4814,760000,2,512,256,8414
12987,4814,760000,2,512,256,8414
12988,4814,760000,2,512,256,8414
12989,4814,760000,2,512,256,8414
12990,4814,760000,2,512,256,8414
12991,4815,760000,2,512,256,8415
12992,4815,760000,2,512,256,8415
12993,4815,760000,2,512,256,8415
12994,4815,760000,2,512,256,8415
12995,4815,760000,2,512,256,8415
12996,4815,760000,2,512,256,8415
12997,4816,760000,2,512,256,8416
12998,4816,760000,2,512,256,8416
12999,4816,760000,2,512,256,8416
13000,4816,760000,2,512,256,8416
13001,4817,760000,2,512,256,8417
13002,4817,760000,2,512,256,8417
13003,4817,760000,2,512,256,8417
13004,4818,760000,2,512,256,8418
13005,4818,760000,2,512,256,8418
13006,4818,760000,2,512,256,8418
13007,4818,760000,2,512,256,8418
13008,4818,760000,2,512,256,8418
13009,4818,760000,2,512,256,8418
13010,4818,760000,2,512,256,8418
13011,4819,760000,2,512,256,8419
13012,4819,760000,2,512,256,8419
13013,4819,760000,2,512,256,8419
13014,4819,760000,2,512,256,8419
13015,4819,760000,2,512,256,8419
13016,4820,760000,2,512,256,8420
13017,4820,760000,2,512,256,8420
13018,4820,760000,2,512,256,8420
13019,4820,760000,2,512,256,8420
13020,4820,760000,2,512,256,8420
13021,4820,760000,2,512,256,8420
13022,4820,760000,2,512,256,8420
13023,4821,760000,2,512,256,8421
13024,4821,760000,2,512,256,8421
13025,4821,760000,2,512,256,8421
13026,4821,760000,2,512,256,8421
13027,4821,760000,2,512,256,8421
13028,4822,760000,2,512,256,8422
13029,4822,760000,2,512,256,8422
13030,4822,760000,2,512,256,8422
13031,4823,760000,2,512,256,8423
13032,4823,760000,2,512,256,8423
13033,4823,760000,2,512,256,8423
13034,4824,760000,2,512,256,8424
13035,4825,760000,2,512,256,8425
13036,4825,760000,2,512,256,8425
13037,4825,760000,2,512,256,8425
13038,4825,760000,2,512,256,8425
13039,4826,760000,2,512,256,8426
13040,4826,760000,2,512,256,8426
13041,4826,760000,2,512,256,8426
13042,4826,760000,2,512,256,8426
13043,4826,760000,2,512,256,8426
13044,4826,760000,2,512,256,8426
13045,4827,760000,2,512,256,8427
13046,4827,760000,2,512,256,8427
13047,4827,760000,2,512,256,8427
13048,4828,760000,2,512,256,8428
13049,4828,760000,2,512,256,8428
13050,4828,760000,2,512,256,8428
13051,4828,760000,2,512,256,8428
13052,4828,760000,2,512,256,8428
13053,4828,760000,2,512,256,8428
13054,4828,760000,2,512,256,8428
13055,4829,760000,2,512,256,8429
13056,4829,760000,2,512,256,8429
13057,4829,760000,2,512,256,8429
13058,4830,760000,2,512,256,8430
13059,4830,760000,2,512,256,8430
13060,4830,760000,2,512,256,8430
13061,4830,760000,2,512,256,8430
13062,4830,760000,2,512,256,8430
13063,4830,760000,2,512,256,8430
13064,4830,760000,2,512,256,8430
13065,4831,760000,2,512,256,8431
13066,4831,760000,2,512,256,8431
13067,4831,760000,2,512,256,8431
13068,4831,760000,2,512,256,8431
13069,4831,760000,2,512,256,8431
13070,4832,760000,2,512,256,8432
13071,4832,760000,2,512,256,8432
13072,4832,760000,2,512,256,8432
13073,4832,760000,2,512,256,8432
13074,4832,760000,2,512,256,8432
13075,4833,760000,2,512,256,8433
13076,4833,760000,2,512,256,8433
13077,4834,760000,2,512,256,8434
13078,4834,760000,2,512,256,8434
13079,4834,760000,2,512,256,8434
13080,4834,760000,2,512,256,8434
13081,4834,760000,2,512,256,8434
13082,4834,760000,2,512,256,8434
13083,4834,760000,2,512,256,8434
13084,4834,760000,2,512,256,8434
13085,4834,760000,2,512,256,8434
13086,4835,760000,2,512,256,8435
13087,4835,760000,2,512,256,8435
13088,4836,760000,2,512,256,8436
13089,4836,760000,2,512,256,8436
13090,4836,760000,2,512,256,8436
13091,4837,760000,2,512,256,8437
13092,4837,760000,2,512,256,8437
13093,4837,760000,2,512,256,8437
13094,4837,760000,2,512,256,8437
13095,4837,760000,2,512,256,8437
13096,4837,760000,2,512,256,8437
13097,4838,760000,2,512,256,8438
13098,4838,760000,2,512,256,8438
13099,4838,760000,2,512,256,8438
13100,4838,760000,2,512,256,8438
13101,4838,760000,2,512,256,8438
13102,4838,760000,2,512,256,8438
13103,4838,760000,2,512,256,8438
13104,4839,760000,2,512,256,8439
13105,4839,760000,2,512,256,8439
13106,4839,760000,2,512,256,8439
13107,4842,760000,2,512,256,8442
13108,4846,760000,2,512,256,8446
13109,4852,760000,2,512,256,8452
13110,4852,760000,2,512,256,8452
13111,4854,760000,2,512,256,8454
13112,4854,760000,2,512,256,8454
13113,4854,760000,2,512,256,8454
13114,4854,760000,2,512,256,8454
13115,4854,760000,2,512,256,8454
13116,4854,760000,2,512,256,8454
13117,4855,760000,2,512,256,8455
13118,4855,760000,2,512,256,8455
13119,4855,760000,2,512,256,8455
13120,4855,760000,2,512,256,8455
13121,4855,760000,2,512,256,8455
13122,4855,760000,2,512,256,8455
13123,4856,760000,2,512,256,8456
13124,4856,760000,2,512,256,8456
13125,4856,760000,2,512,256,8456
13126,4856,760000,2,512,256,8456
13127,4856,760000,2,512,256,8456
13128,4856,760000,2,512,256,8456
13129,4857,760000,2,512,256,8457
13130,4857,760000,2,512,256,8457
13131,4857,760000,2,512,256,8457
13132,4857,760000,2,512,256,8457
13133,4857,760000,2,512,256,8457
13134,4857,760000,2,512,256,8457
13135,4857,760000,2,512,256,8457
13136,4858,760000,2,512,256,8458
13137,4858,760000,2,512,256,8458
13138,4859,760000,2,512,256,8459
13139,4859,760000,2,512,256,8459
13140,4859,760000,2,512,256,8459
13141,4859,760000,2,512,256,8459
13142,4859,760000,2,512,256,8459
13143,4860,760000,2,512,256,8460
13144,4860,760000,2,512,256,8460
13145,4860,760000,2,512,256,8460
13146,4860,760000,2,512,256,8460
13147,4860,760000,2,512,256,8460
13148,4864,760000,2,512,256,8464
13149,4865,760000,2,512,256,8465
13150,4865,760000,2,512,256,8465
13151,4865,760000,2,512,256,8465
13152,4865,760000,2,512,256,8465
13153,4865,760000,2,512,256,8465
13154,4866,760000,2,512,256,8466
13155,4866,760000,2,512,256,8466
13156,4866,760000,2,512,256,8466
13157,4866,760000,2,512,256,8466
13158,4867,760000,2,512,256,8467
13159,4867,760000,2,512,256,8467
13160,4867,760000,2,512,256,8467
13161,4867,760000,2,512,256,8467
13162,4867,760000,2,512,256,8467
13163,4867,760000,2,512,256,8467
13164,4868,760000,2,512,256,8468
13165,4868,760000,2,512,256,8468
13166,4868,760000,2,512,256,8468
13167,4868,760000,2,512,256,8468
13168,4869,760000,2,512,256,8469
13169,4869,760000,2,512,256,8469
13170,4870,760000,2,512,256,8470
13171,4870,760000,2,512,256,8470
13172,4870,760000,2,512,256,8470
13173,4871,760000,2,512,256,8471
13174,4871,760000,2,512,256,8471
13175,4871,760000,2,512,256,8471
13176,4871,760000,2,512,256,8471
13177,4871,760000,2,512,256,8471
13178,4872,760000,2,512,256,8472
13179,4872,760000,2,512,256,8472
13180,4872,760000,2,512,256,8472
13181,4873,760000,2,512,256,8473
13182,4873,760000,2,512,256,8473
13183,4873,760000,2,512,256,8473
13184,4873,760000,2,512,256,8473
13185,4873,760000,2,512,256,8473
13186,4873,760000,2,512,256,8473
13187,4874,760000,2,512,256,8474
13188,4874,760000,2,512,256,8474
13189,4874,760000,2,512,256,8474
13190,4874,760000,2,512,256,8474
13191,4874,760000,2,512,256,8474
13192,4875,760000,2,512,256,8475
13193,4875,760000,2,512,256,8475
13194,4875,760000,2,512,256,8475
13195,4875,760000,2,512,256,8475
13196,4875,760000,2,512,256,8475
13197,4875,760000,2,512,256,8475
13198,4877,760000,2,512,256,8477
13199,4877,760000,2,512,256,8477
13200,4877,760000,2,512,256,8477
13201,4877,760000,2,512,256,8477
13202,4878,760000,2,512,256,8478
13203,4878,760000,2,512,256,8478
13204,4878,760000,2,512,256,8478
13205,4878,760000,2,512,256,8478
13206,4878,760000,2,512,256,8478
13207,4880,760000,2,512,256,8480
13208,4880,760000,2,512,256,8480
13209,4880,760000,2,512,256,8480
13210,4880,760000,2,512,256,8480
13211,4880,760000,2,512,256,8480
13212,4880,760000,2,512,256,8480
13213,4880,760000,2,512,256,8480
13214,4882,760000,2,512,256,8482
13215,4882,760000,2,512,256,8482
13216,4882,760000,2,512,256,8482
13217,4882,760000,2,512,256,8482
13218,4882,760000,2,512,256,8482
13219,4883,760000,2,512,256,8483
13220,4883,760000,2,512,256,8483
13221,4884,760000,2,512,256,8484
13222,4884,760000,2,512,256,8484
13223,4885,760000,2,512,256,8485
13224,4885,760000,2,512,256,8485
13225,4885,760000,2,512,256,8485
13226,4885,760000,2,512,256,8485
13227,4885,760000,2,512,256,8485
13228,4885,760000,2,512,256,8485
13229,4886,760000,2,512,256,8486
13230,4886,760000,2,512,256,8486
13231,4886,760000,2,512,256,8486
13232,4886,760000,2,512,256,8486
13233,4886,760000,2,512,256,8486
13234,4887,760000,2,512,256,8487
13235,4887,760000,2,512,256,8487
13236,4887,760000,2,512,256,8487
13237,4887,760000,2,512,256,8487
13238,4887,760000,2,512,256,8487
13239,4888,760000,2,512,256,8488
13240,4888,760000,2,512,256,8488
13241,4888,760000,2,512,256,8488
13242,4888,760000,2,512,256,8488
13243,4888,760000,2,512,256,8488
13244,4888,760000,2,512,256,8488
13245,4889,760000,2,512,256,8489
13246,4889,760000,2,512,256,8489
13247,4889,760000,2,512,256,8489
13248,4889,760000,2,512,256,8489
13249,4889,760000,2,512,256,8489
13250,4890,760000,2,512,256,8490
13251,4890,760000,2,512,256,8490
13252,4890,760000,2,512,256,8490
13253,4891,760000,2,512,256,8491
13254,4891,760000,2,512,256,8491
13255,4891,760000,2,512,256,8491
13256,4891,760000,2,512,256,8491
13257,4892,760000,2,512,256,8492
13258,4892,760000,2,512,256,8492
13259,4892,760000,2,512,256,8492
13260,4893,760000,2,512,256,8493
13261,4893,760000,2,512,256,8493
13262,4893,760000,2,512,256,8493
13263,4893,760000,2,512,256,8493
13264,4893,760000,2,512,256,8493
13265,4893,760000,2,512,256,8493
13266,4894,760000,2,512,256,8494
13267,4894,760000,2,512,256,8494
13268,4894,760000,2,512,256,8494
13269,4894,760000,2,512,256,8494
13270,4895,760000,2,512,256,8495
13271,4895,760000,2,512,256,8495
13272,4895,760000,2,512,256,8495
13273,4895,760000,2,512,256,8495
13274,4895,760000,2,512,256,8495
13275,4895,760000,2,512,256,8495
13276,4895,760000,2,512,256,8495
13277,4895,760000,2,512,256,8495
13278,4895,760000,2,512,256,8495
13279,4895,760000,2,512,256,8495
13280,4896,760000,2,512,256,8496
13281,4896,760000,2,512,256,8496
13282,4896,760000,2,512,256,8496
13283,4896,760000,2,512,256,8496
13284,4897,760000,2,512,256,8497
13285,4897,760000,2,512,256,8497
13286,4897,760000,2,512,256,8497
13287,4898,760000,2,512,256,8498
13288,4898,760000,2,512,256,8498
13289,4898,760000,2,512,256,8498
13290,4898,760000,2,512,256,8498
13291,4898,760000,2,512,256,8498
13292,4898,760000,2,512,256,8498
13293,4898,760000,2,512,256,8498
13294,4899,760000,2,512,256,8499
13295,4899,760000,2,512,256,8499
13296,4899,760000,2,512,256,8499
13297,4899,760000,2,512,256,8499
13298,4899,760000,2,512,256,8499
13299,4899,760000,2,512,256,8499
13300,4899,760000,2,512,256,8499
13301,4900,760000,2,512,256,8500
13302,4900,760000,2,512,256,8500
13303,4900,760000,2,512,256,8500
13304,4900,760000,2,512,256,8500
13305,4900,760000,2,512,256,8500
13306,4900,760000,2,512,256,8500
13307,4901,760000,2,512,256,8501
13308,4901,760000,2,512,256,8501
13309,4901,760000,2,512,256,8501
13310,4901,760000,2,512,256,8501
13311,4901,760000,2,512,256,8501
13312,4901,760000,2,512,256,8501
13313,4901,760000,2,512,256,8501
13314,4901,760000,2,512,256,8501
13315,4902,760000,2,512,256,8502
13316,4902,760000,2,512,256,8502
13317,4902,760000,2,512,256,8502
13318,4902,760000,2,512,256,8502
13319,4903,760000,2,512,256,8503
13320,4903,760000,2,512,256,8503
13321,4903,760000,2,512,256,8503
13322,4904,760000,2,512,256,8504
13323,4904,760000,2,512,256,8504
13324,4904,760000,2,512,256,8504
13325,4904,760000,2,512,256,8504
13326,4905,760000,2,512,256,8505
13327,4905,760000,2,512,256,8505
13328,4906,760000,2,512,256,8506
13329,4906,760000,2,512,256,8506
13330,4906,760000,2,512,256,8506
13331,4906,760000,2,512,256,8506
13332,4906,760000,2,512,256,8506
13333,4907,760000,2,512,256,8507
13334,4907,760000,2,512,256,8507
13335,4907,760000,2,512,256,8507
13336,4907,760000,2,512,256,8507
13337,4907,760000,2,512,256,8507
13338,4907,760000,2,512,256,8507
13339,4907,760000,2,512,256,8507
13340,4907,760000,2,512,256,8507
13341,4908,760000,2,512,256,8508
13342,4908,760000,2,512,256,8508
13343,4908,760000,2,512,256,8508
13344,4908,760000,2,512,256,8508
13345,4908,760000,2,512,256,8508
13346,4909,760000,2,512,256,8509
13347,4909,760000,2,512,256,8509
13348,4909,760000,2,512,256,8509
13349,4910,760000,2,512,256,8510
13350,4910,760000,2,512,256,8510
13351,4911,760000,2,512,256,8511
13352,4911,760000,2,512,256,8511
13353,4911,760000,2,512,256,8511
13354,4911,760000,2,512,256,8511
13355,4911,760000,2,512,256,8511
13356,4911,760000,2,512,256,8511
13357,4912,760000,2,512,256,8512
13358,4912,760000,2,512,256,8512
13359,4912,760000,2,512,256,8512
13360,4913,760000,2,512,256,8513
13361,4913,760000,2,512,256,8513
13362,4914,760000,2,512,256,8514
13363,4914,760000,2,512,256,8514
13364,4914,760000,2,512,256,8514
13365,4915,760000,2,512,256,8515
13366,4915,760000,2,512,256,8515
13367,4916,760000,2,512,256,8516
13368,4916,760000,2,512,256,8516
13369,4916,760000,2,512,256,8516
13370,4916,760000,2,512,256,8516
13371,4917,760000,2,512,256,8517
13372,4917,760000,2,512,256,8517
13373,4917,760000,2,512,256,8517
13374,4917,760000,2,512,256,8517
13375,4917,760000,2,512,256,8517
13376,4918,760000,2,512,256,8518
13377,4918,760000,2,512,256,8518
13378,4918,760000,2,512,256,8518
13379,4918,760000,2,512,256,8518
13380,4918,760000,2,512,256,8518
13381,4919,760000,2,512,256,8519
13382,4919,760000,2,512,256,8519
13383,4920,760000,2,512,256,8520
13384,4920,760000,2,512,256,8520
13385,4920,760000,2,512,256,8520
13386,4921,760000,2,512,256,8521
13387,4921,760000,2,512,256,8521
13388,4921,760000,2,512,256,8521
13389,4922,760000,2,512,256,8522
13390,4922,760000,2,512,256,8522
13391,4922,760000,2,512,256,8522
13392,4922,760000,2,512,256,8522
13393,4923,760000,2,512,256,8523
13394,4923,760000,2,512,256,8523
13395,4923,760000,2,512,256,8523
13396,4923,760000,2,512,256,8523
13397,4923,760000,2,512,256,8523
13398,4923,760000,2,512,256,8523
13399,4923,760000,2,512,256,8523
13400,4923,760000,2,512,256,8523
13401,4923,760000,2,512,256,8523
13402,4924,760000,2,512,256,8524
13403,4924,760000,2,512,256,8524
13404,4924,760000,2,512,256,8524
13405,4924,760000,2,512,256,8524
13406,4924,760000,2,512,256,8524
13407,4924,760000,2,512,256,8524
13408,4925,760000,2,512,256,8525
13409,4925,760000,2,512,256,8525
13410,4926,760000,2,512,256,8526
13411,4926,760000,2,512,256,8526
13412,4926,760000,2,512,256,8526
13413,4926,760000,2,512,256,8526
13414,4926,760000,2,512,256,8526
13415,4926,760000,2,512,256,8526
13416,4927,760000,2,512,256,8527
13417,4927,760000,2,512,256,8527
13418,4927,760000,2,512,256,8527
13419,4927,760000,2,512,256,8527
13420,4927,760000,2,512,256,8527
13421,4927,760000,2,512,256,8527
13422,4927,760000,2,512,256,8527
13423,4927,760000,2,512,256,8527
13424,4927,760000,2,512,256,8527
13425,4927,760000,2,512,256,8527
13426,4928,760000,2,512,256,8528
13427,4928,760000,2,512,256,8528
13428,4928,760000,2,512,256,8528
13429,4928,760000,2,512,256,8528
13430,4929,760000,2,512,256,8529
13431,4929,760000,2,512,256,8529
13432,4929,760000,2,512,256,8529
13433,4929,760000,2,512,256,8529
13434,4929,760000,2,512,256,8529
13435,4929,760000,2,512,256,8529
13436,4929,760000,2,512,256,8529
13437,4929,760000,2,512,256,8529
13438,4930,760000,2,512,256,8530
13439,4930,760000,2,512,256,8530
13440,4930,760000,2,512,256,8530
13441,4930,760000,2,512,256,8530
13442,4930,760000,2,512,256,8530
13443,4931,760000,2,512,256,8531
13444,4931,760000,2,512,256,8531
13445,4931,760000,2,512,256,8531
13446,4931,760000,2,512,256,8531
13447,4931,760000,2,512,256,8531
13448,4931,760000,2,512,256,8531
13449,4932,760000,2,512,256,8532
13450,4932,760000,2,512,256,8532
13451,4932,760000,2,512,256,8532
13452,4932,760000,2,512,256,8532
13453,4932,760000,2,512,256,8532
13454,4932,760000,2,512,256,8532
13455,4932,760000,2,512,256,8532
13456,4932,760000,2,512,256,8532
13457,4932,760000,2,512,256,8532
13458,4933,760000,2,512,256,8533
13459,4933,760000,2,512,256,8533
13460,4933,760000,2,512,256,8533
13461,4933,760000,2,512,256,8533
13462,4934,760000,2,512,256,8534
13463,4934,760000,2,512,256,8534
13464,4934,760000,2,512,256,8534
13465,4934,760000,2,512,256,8534
13466,4934,760000,2,512,256,8534
13467,4935,760000,2,512,256,8535
13468,4935,760000,2,512,256,8535
13469,4935,760000,2,512,256,8535
13470,4936,760000,2,512,256,8536
13471,4936,760000,2,512,256,8536
13472,4936,760000,2,512,256,8536
13473,4936,760000,2,512,256,8536
13474,4939,760000,2,512,256,8539
13475,4942,760000,2,512,256,8542
13476,4943,760000,2,512,256,8543
13477,4946,760000,2,512,256,8546
13478,4948,760000,2,512,256,8548
13479,4948,760000,2,512,256,8548
13480,4952,760000,2,512,256,8552
13481,4953,760000,2,512,256,8553
13482,4954,760000,2,512,256,8554
13483,4956,760000,2,512,256,8556
13484,4961,760000,2,512,256,8561
13485,4962,760000,2,512,256,8562
13486,4963,760000,2,512,256,8563
13487,4966,760000,2,512,256,8566
13488,4966,760000,2,512,256,8566
13489,4978,760000,2,512,256,8578
13490,4978,760000,2,512,256,8578
13491,4982,760000,2,512,256,8582
13492,4982,760000,2,512,256,8582
13493,4983,760000,2,512,256,8583
13494,4984,760000,2,512,256,8584
13495,4984,760000,2,512,256,8584
13496,4991,760000,2,512,256,8591
13497,4991,760000,2,512,256,8591
13498,4993,760000,2,512,256,8593
13499,4997,760000,2,512,256,8597
13500,4997,760000,2,512,256,8597
13501,4998,760000,2,512,256,8598
13502,5004,760000,2,512,256,8604
13503,5006,760000,2,512,256,8606
13504,5010,760000,2,512,256,8610
13505,5019,760000,2,512,256,8619
13506,5022,760000,2,512,256,8622
13507,5029,760000,2,512,256,8629
13508,5033,760000,2,512,256,8633
13509,5034,760000,2,512,256,8634
13510,5035,760000,2,512,256,8635
13511,5035,760000,2,512,256,8635
13512,5040,760000,2,512,256,8640
13513,5044,760000,2,512,256,8644
13514,5045,760000,2,512,256,8645
13515,5045,760000,2,512,256,8645
13516,5045,760000,2,512,256,8645
13517,5045,760000,2,512,256,8645
13518,5045,760000,2,512,256,8645
13519,5045,760000,2,512,256,8645
13520,5045,760000,2,512,256,8645
13521,5046,760000,2,512,256,8646
13522,5046,760000,2,512,256,8646
13523,5046,760000,2,512,256,8646
13524,5046,760000,2,512,256,8646
13525,5047,760000,2,512,256,8647
13526,5047,760000,2,512,256,8647
13527,5047,760000,2,512,256,8647
13528,5047,760000,2,512,256,8647
13529,5047,760000,2,512,256,8647
13530,5048,760000,2,512,256,8648
13531,5048,760000,2,512,256,8648
13532,5048,760000,2,512,256,8648
13533,5048,760000,2,512,256,8648
13534,5049,760000,2,512,256,8649
13535,5049,760000,2,512,256,8649
13536,5049,760000,2,512,256,8649
13537,5049,760000,2,512,256,8649
13538,5049,760000,2,512,256,8649
13539,5050,760000,2,512,256,8650
13540,5050,760000,2,512,256,8650
13541,5050,760000,2,512,256,8650
13542,5050,760000,2,512,256,8650
13543,5051,760000,2,512,256,8651
13544,5051,760000,2,512,256,8651
13545,5051,760000,2,512,256,8651
13546,5051,760000,2,512,256,8651
13547,5051,760000,2,512,256,8651
13548,5052,760000,2,512,256,8652
13549,5052,760000,2,512,256,8652
13550,5052,760000,2,512,256,8652
13551,5052,760000,2,512,256,8652
13552,5053,760000,2,512,256,8653
13553,5053,760000,2,512,256,8653
13554,5053,760000,2,512,256,8653
13555,5053,760000,2,512,256,8653
13556,5053,760000,2,512,256,8653
13557,5053,760000,2,512,256,8653
13558,5053,760000,2,512,256,8653
13559,5053,760000,2,512,256,8653
13560,5053,760000,2,512,256,8653
13561,5054,760000,2,512,256,8654
13562,5054,760000,2,512,256,8654
13563,5054,760000,2,512,256,8654
13564,5055,760000,2,512,256,8655
13565,5055,760000,2,512,256,8655
13566,5055,760000,2,512,256,8655
13567,5055,760000,2,512,256,8655
13568,5056,760000,2,512,256,8656
13569,5056,760000,2,512,256,8656
13570,5057,760000,2,512,256,8657
13571,5057,760000,2,512,256,8657
13572,5057,760000,2,512,256,8657
13573,5057,760000,2,512,256,8657
13574,5058,760000,2,512,256,8658
13575,5058,760000,2,512,256,8658
13576,5058,760000,2,512,256,8658
13577,5059,760000,2,512,256,8659
13578,5059,760000,2,512,256,8659
13579,5059,760000,2,512,256,8659
13580,5059,760000,2,512,256,8659
13581,5059,760000,2,512,256,8659
13582,5060,760000,2,512,256,8660
13583,5060,760000,2,512,256,8660
13584,5060,760000,2,512,256,8660
13585,5060,760000,2,512,256,8660
13586,5061,760000,2,512,256,8661
13587,5061,760000,2,512,256,8661
13588,5061,760000,2,512,256,8661
13589,5061,760000,2,512,256,8661
13590,5061,760000,2,512,256,8661
13591,5061,760000,2,512,256,8661
13592,5061,760000,2,512,256,8661
13593,5062,760000,2,512,256,8662
13594,5062,760000,2,512,256,8662
13595,5062,760000,2,512,256,8662
13596,5062,760000,2,512,256,8662
13597,5063,760000,2,512,256,8663
13598,5063,760000,2,512,256,8663
13599,5063,760000,2,512,256,8663
13600,5063,760000,2,512,256,8663
13601,5063,760000,2,512,256,8663
13602,5063,760000,2,512,256,8663
13603,5063,760000,2,512,256,8663
13604,5063,760000,2,512,256,8663
13605,5064,760000,2,512,256,8664
13606,5064,760000,2,512,256,8664
13607,5064,760000,2,512,256,8664
13608,5064,760000,2,512,256,8664
13609,5064,760000,2,512,256,8664
13610,5064,760000,2,512,256,8664
13611,5065,760000,2,512,256,8665
13612,5066,760000,2,512,256,8666
13613,5066,760000,2,512,256,8666
13614,5066,760000,2,512,256,8666
13615,5066,760000,2,512,256,8666
13616,5066,760000,2,512,256,8666
13617,5067,760000,2,512,256,8667
13618,5067,760000,2,512,256,8667
13619,5067,760000,2,512,256,8667
13620,5067,760000,2,512,256,8667
13621,5068,760000,2,512,256,8668
13622,5068,760000,2,512,256,8668
13623,5068,760000,2,512,256,8668
13624,5068,760000,2,512,256,8668
13625,5068,760000,2,512,256,8668
13626,5069,760000,2,512,256,8669
13627,5069,760000,2,512,256,8669
13628,5069,760000,2,512,256,8669
13629,5069,760000,2,512,256,8669
13630,5069,760000,2,512,256,8669
13631,5069,760000,2,512,256,8669
13632,5069,760000,2,512,256,8669
13633,5069,760000,2,512,256,8669
13634,5070,760000,2,512,256,8670
13635,5070,760000,2,512,256,8670
13636,5070,760000,2,512,256,8670
13637,5071,760000,2,512,256,8671
13638,5071,760000,2,512,256,8671
13639,5072,760000,2,512,256,8672
13640,5072,760000,2,512,256,8672
13641,5072,760000,2,512,256,8672
13642,5072,760000,2,512,256,8672
13643,5072,760000,2,512,256,8672
13644,5072,760000,2,512,256,8672
13645,5072,760000,2,512,256,8672
13646,5072,760000,2,512,256,8672
13647,5072,760000,2,512,256,8672
13648,5072,760000,2,512,256,8672
13649,5073,760000,2,512,256,8673
13650,5073,760000,2,512,256,8673
13651,5074,760000,2,512,256,8674
13652,5074,760000,2,512,256,8674
13653,5074,760000,2,512,256,8674
13654,5074,760000,2,512,256,8674
13655,5074,760000,2,512,256,8674
13656,5074,760000,2,512,256,8674
13657,5074,760000,2,512,256,8674
13658,5075,760000,2,512,256,8675
13659,5075,760000,2,512,256,8675
13660,5075,760000,2,512,256,8675
13661,5075,760000,2,512,256,8675
13662,5076,760000,2,512,256,8676
13663,5076,760000,2,512,256,8676
13664,5076,760000,2,512,256,8676
13665,5076,760000,2,512,256,8676
13666,5076,760000,2,512,256,8676
13667,5077,760000,2,512,256,8677
13668,5077,760000,2,512,256,8677
13669,5077,760000,2,512,256,8677
13670,5077,760000,2,512,256,8677
13671,5077,760000,2,512,256,8677
13672,5078,760000,2,512,256,8678
13673,5079,760000,2,512,256,8679
13674,5079,760000,2,512,256,8679
13675,5080,760000,2,512,256,8680
13676,5080,760000,2,512,256,8680
13677,5080,760000,2,512,256,8680
13678,5080,760000,2,512,256,8680
13679,5081,760000,2,512,256,8681
13680,5081,760000,2,512,256,8681
13681,5081,760000,2,512,256,8681
13682,5081,760000,2,512,256,8681
13683,5081,760000,2,512,256,8681
13684,5081,760000,2,512,256,8681
13685,5081,760000,2,512,256,8681
13686,5082,760000,2,512,256,8682
13687,5082,760000,2,512,256,8682
13688,5082,760000,2,512,256,8682
13689,5082,760000,2,512,256,8682
13690,5082,760000,2,512,256,8682
13691,5083,760000,2,512,256,8683
13692,5083,760000,2,512,256,8683
13693,5083,760000,2,512,256,8683
13694,5083,760000,2,512,256,8683
13695,5083,760000,2,512,256,8683
13696,5083,760000,2,512,256,8683
13697,5083,760000,2,512,256,8683
13698,5083,760000,2,512,256,8683
13699,5084,760000,2,512,256,8684
13700,5084,760000,2,512,256,8684
13701,5084,760000,2,512,256,8684
13702,5084,760000,2,512,256,8684
13703,5084,760000,2,512,256,8684
13704,5084,760000,2,512,256,8684
13705,5084,760000,2,512,256,8684
13706,5085,760000,2,512,256,8685
13707,5087,760000,2,512,256,8687
13708,5091,760000,2,512,256,8691
13709,5092,760000,2,512,256,8692
13710,5095,760000,2,512,256,8695
13711,5102,760000,2,512,256,8702
13712,5109,760000,2,512,256,8709
13713,5111,760000,2,512,256,8711
13714,5112,760000,2,512,256,8712
13715,5120,760000,2,512,256,8720
13716,5125,760000,2,512,256,8725
13717,5125,760000,2,512,256,8725
13718,5127,760000,2,512,256,8727
13719,5128,760000,2,512,256,8728
13720,5130,760000,2,512,256,8730
13721,5130,760000,2,512,256,8730
13722,5136,760000,2,512,256,8736
13723,5137,760000,2,512,256,8737
13724,5138,760000,2,512,256,8738
13725,5140,760000,2,512,256,8740
13726,5151,760000,2,512,256,8751
13727,5155,760000,2,512,256,8755
13728,5156,760000,2,512,256,8756
13729,5161,760000,2,512,256,8761
13730,5161,760000,2,512,256,8761
13731,5161,760000,2,512,256,8761
13732,5161,760000,2,512,256,8761
13733,5161,760000,2,512,256,8761
13734,5162,760000,2,512,256,8762
13735,5162,760000,2,512,256,8762
13736,5162,760000,2,512,256,8762
13737,5162,760000,2,512,256,8762
13738,5162,760000,2,512,256,8762
13739,5162,760000,2,512,256,8762
13740,5164,760000,2,512,256,8764
13741,5165,760000,2,512,256,8765
13742,5165,760000,2,512,256,8765
13743,5165,760000,2,512,256,8765
13744,5165,760000,2,512,256,8765
13745,5165,760000,2,512,256,8765
13746,5165,760000,2,512,256,8765
13747,5166,760000,2,512,256,8766
13748,5166,760000,2,512,256,8766
13749,5166,760000,2,512,256,8766
13750,5167,760000,2,512,256,8767
13751,5167,760000,2,512,256,8767
13752,5168,760000,2,512,256,8768
13753,5168,760000,2,512,256,8768
13754,5168,760000,2,512,256,8768
13755,5168,760000,2,512,256,8768
13756,5168,760000,2,512,256,8768
13757,5168,760000,2,512,256,8768
13758,5168,760000,2,512,256,8768
13759,5169,760000,2,512,256,8769
13760,5169,760000,2,512,256,8769
13761,5169,760000,2,512,256,8769
13762,5169,760000,2,512,256,8769
13763,5169,760000,2,512,256,8769
13764,5170,760000,2,512,256,8770
13765,5170,760000,2,512,256,8770
13766,5170,760000,2,512,256,8770
13767,5170,760000,2,512,256,8770
13768,5170,760000,2,512,256,8770
13769,5171,760000,2,512,256,8771
13770,5171,760000,2,512,256,8771
13771,5171,760000,2,512,256,8771
13772,5171,760000,2,512,256,8771
13773,5171,760000,2,512,256,8771
13774,5171,760000,2,512,256,8771
13775,5172,760000,2,512,256,8772
13776,5172,760000,2,512,256,8772
13777,5172,760000,2,512,256,8772
13778,5172,760000,2,512,256,8772
13779,5173,760000,2,512,256,8773
13780,5173,760000,2,512,256,8773
13781,5173,760000,2,512,256,8773
13782,5174,760000,2,512,256,8774
13783,5174,760000,2,512,256,8774
13784,5174,760000,2,512,256,8774
13785,5174,760000,2,512,256,8774
13786,5174,760000,2,512,256,8774
13787,5174,760000,2,512,256,8774
13788,5175,760000,2,512,256,8775
13789,5175,760000,2,512,256,8775
13790,5175,760000,2,512,256,8775
13791,5175,760000,2,512,256,8775
13792,5176,760000,2,512,256,8776
13793,5176,760000,2,512,256,8776
13794,5176,760000,2,512,256,8776
13795,5176,760000,2,512,256,8776
13796,5176,760000,2,512,256,8776
13797,5176,760000,2,512,256,8776
13798,5176,760000,2,512,256,8776
13799,5177,760000,2,512,256,8777
13800,5177,760000,2,512,256,8777
13801,5178,760000,2,512,256,8778
13802,5178,760000,2,512,256,8778
13803,5178,760000,2,512,256,8778
13804,5178,760000,2,512,256,8778
13805,5178,760000,2,512,256,8778
13806,5178,760000,2,512,256,8778
13807,5178,760000,2,512,256,8778
13808,5178,760000,2,512,256,8778
13809,5179,760000,2,512,256,8779
13810,5179,760000,2,512,256,8779
13811,5179,760000,2,512,256,8779
13812,5179,760000,2,512,256,8779
13813,5179,760000,2,512,256,8779
13814,5179,760000,2,512,256,8779
13815,5179,760000,2,512,256,8779
13816,5180,760000,2,512,256,8780
13817,5180,760000,2,512,256,8780
13818,5180,760000,2,512,256,8780
13819,5181,760000,2,512,256,8781
13820,5181,760000,2,512,256,8781
13821,5181,760000,2,512,256,8781
13822,5181,760000,2,512,256,8781
13823,5181,760000,2,512,256,8781
13824,5182,760000,2,512,256,8782
13825,5182,760000,2,512,256,8782
13826,5182,760000,2,512,256,8782
13827,5182,760000,2,512,256,8782
13828,5182,760000,2,512,256,8782
13829,5182,760000,2,512,256,8782
13830,5182,760000,2,512,256,8782
13831,5182,760000,2,512,256,8782
13832,5183,760000,2,512,256,8783
13833,5183,760000,2,512,256,8783
13834,5183,760000,2,512,256,8783
13835,5183,760000,2,512,256,8783
13836,5183,760000,2,512,256,8783
13837,5183,760000,2,512,256,8783
13838,5184,760000,2,512,256,8784
13839,5184,760000,2,512,256,8784
13840,5185,760000,2,512,256,8785
13841,5185,760000,2,512,256,8785
13842,5185,760000,2,512,256,8785
13843,5185,760000,2,512,256,8785
13844,5185,760000,2,512,256,8785
13845,5186,760000,2,512,256,8786
13846,5186,760000,2,512,256,8786
13847,5186,760000,2,512,256,8786
13848,5186,760000,2,512,256,8786
13849,5186,760000,2,512,256,8786
13850,5186,760000,2,512,256,8786
13851,5186,760000,2,512,256,8786
13852,5187,760000,2,512,256,8787
13853,5187,760000,2,512,256,8787
13854,5187,760000,2,512,256,8787
13855,5188,760000,2,512,256,8788
13856,5188,760000,2,512,256,8788
13857,5189,760000,2,512,256,8789
13858,5189,760000,2,512,256,8789
13859,5189,760000,2,512,256,8789
13860,5189,760000,2,512,256,8789
13861,5189,760000,2,512,256,8789
13862,5190,760000,2,512,256,8790
13863,5190,760000,2,512,256,8790
13864,5190,760000,2,512,256,8790
13865,5190,760000,2,512,256,8790
13866,5190,760000,2,512,256,8790
13867,5191,760000,2,512,256,8791
13868,5191,760000,2,512,256,8791
13869,5191,760000,2,512,256,8791
13870,5191,760000,2,512,256,8791
13871,5191,760000,2,512,256,8791
13872,5192,760000,2,512,256,8792
13873,5192,760000,2,512,256,8792
13874,5192,760000,2,512,256,8792
13875,5192,760000,2,512,256,8792
13876,5192,760000,2,512,256,8792
13877,5192,760000,2,512,256,8792
13878,5192,760000,2,512,256,8792
13879,5192,760000,2,512,256,8792
13880,5193,760000,2,512,256,8793
13881,5193,760000,2,512,256,8793
13882,5193,760000,2,512,256,8793
13883,5193,760000,2,512,256,8793
13884,5193,760000,2,512,256,8793
13885,5193,760000,2,512,256,8793
13886,5193,760000,2,512,256,8793
13887,5194,760000,2,512,256,8794
13888,5194,760000,2,512,256,8794
13889,5195,760000,2,512,256,8795
13890,5195,760000,2,512,256,8795
13891,5195,760000,2,512,256,8795
13892,5195,760000,2,512,256,8795
13893,5195,760000,2,512,256,8795
13894,5196,760000,2,512,256,8796
13895,5196,760000,2,512,256,8796
13896,5196,760000,2,512,256,8796
13897,5196,760000,2,512,256,8796
13898,5196,760000,2,512,256,8796
13899,5196,760000,2,512,256,8796
13900,5196,760000,2,512,256,8796
13901,5196,760000,2,512,256,8796
13902,5196,760000,2,512,256,8796
13903,5196,760000,2,512,256,8796
13904,5197,760000,2,512,256,8797
13905,5197,760000,2,512,256,8797
13906,5197,760000,2,512,256,8797
13907,5197,760000,2,512,256,8797
13908,5197,760000,2,512,256,8797
13909,5197,760000,2,512,256,8797
13910,5197,760000,2,512,256,8797
13911,5198,760000,2,512,256,8798
13912,5198,760000,2,512,256,8798
13913,5198,760000,2,512,256,8798
13914,5198,760000,2,512,256,8798
13915,5198,760000,2,512,256,8798
13916,5199,760000,2,512,256,8799
13917,5199,760000,2,512,256,8799
13918,5199,760000,2,512,256,8799
13919,5199,760000,2,512,256,8799
13920,5200,760000,2,512,256,8800
13921,5200,760000,2,512,256,8800
13922,5200,760000,2,512,256,8800
13923,5200,760000,2,512,256,8800
13924,5200,760000,2,512,256,8800
13925,5200,760000,2,512,256,8800
13926,5200,760000,2,512,256,8800
13927,5201,760000,2,512,256,8801
13928,5201,760000,2,512,256,8801
13929,5202,760000,2,512,256,8802
13930,5202,760000,2,512,256,8802
13931,5202,760000,2,512,256,8802
13932,5202,760000,2,512,256,8802
13933,5202,760000,2,512,256,8802
13934,5203,760000,2,512,256,8803
13935,5203,760000,2,512,256,8803
13936,5203,760000,2,512,256,8803
13937,5204,760000,2,512,256,8804
13938,5205,760000,2,512,256,8805
13939,5205,760000,2,512,256,8805
13940,5206,760000,2,512,256,8806
13941,5207,760000,2,512,256,8807
13942,5207,760000,2,512,256,8807
13943,5207,760000,2,512,256,8807
13944,5208,760000,2,512,256,8808
13945,5208,760000,2,512,256,8808
13946,5208,760000,2,512,256,8808
13947,5209,760000,2,512,256,8809
13948,5209,760000,2,512,256,8809
13949,5209,760000,2,512,256,8809
13950,5209,760000,2,512,256,8809
13951,5210,760000,2,512,256,8810
13952,5211,760000,2,512,256,8811
13953,5211,760000,2,512,256,8811
13954,5211,760000,2,512,256,8811
13955,5211,760000,2,512,256,8811
13956,5211,760000,2,512,256,8811
13957,5211,760000,2,512,256,8811
13958,5212,760000,2,512,256,8812
13959,5212,760000,2,512,256,8812
13960,5212,760000,2,512,256,8812
13961,5213,760000,2,512,256,8813
13962,5213,760000,2,512,256,8813
13963,5213,760000,2,512,256,8813
13964,5213,760000,2,512,256,8813
13965,5213,760000,2,512,256,8813
13966,5213,760000,2,512,256,8813
13967,5214,760000,2,512,256,8814
13968,5214,760000,2,512,256,8814
13969,5214,760000,2,512,256,8814
13970,5214,760000,2,512,256,8814
13971,5214,760000,2,512,256,8814
13972,5214,760000,2,512,256,8814
13973,5214,760000,2,512,256,8814
13974,5215,760000,2,512,256,8815
13975,5215,760000,2,512,256,8815
13976,5215,760000,2,512,256,8815
13977,5215,760000,2,512,256,8815
13978,5215,760000,2,512,256,8815
13979,5215,760000,2,512,256,8815
13980,5215,760000,2,512,256,8815
13981,5215,760000,2,512,256,8815
13982,5216,760000,2,512,256,8816
13983,5216,760000,2,512,256,8816
13984,5216,760000,2,512,256,8816
13985,5216,760000,2,512,256,8816
13986,5217,760000,2,512,256,8817
13987,5217,760000,2,512,256,8817
13988,5217,760000,2,512,256,8817
13989,5217,760000,2,512,256,8817
13990,5218,760000,2,512,256,8818
13991,5218,760000,2,512,256,8818
13992,5218,760000,2,512,256,8818
13993,5218,760000,2,512,256,8818
13994,5218,760000,2,512,256,8818
13995,5219,760000,2,512,256,8819
13996,5219,760000,2,512,256,8819
13997,5220,760000,2,512,256,8820
13998,5220,760000,2,512,256,8820
13999,5220,760000,2,512,256,8820
14000,5220,760000,2,512,256,8820
14001,5221,760000,2,512,256,8821
14002,5221,760000,2,512,256,8821
14003,5221,760000,2,512,256,8821
14004,5221,760000,2,512,256,8821
14005,5221,760000,2,512,256,8821
14006,5221,760000,2,512,256,8821
14007,5221,760000,2,512,256,8821
14008,5222,760000,2,512,256,8822
14009,5223,760000,2,512,256,8823
14010,5223,760000,2,512,256,8823
14011,5223,760000,2,512,256,8823
14012,5223,760000,2,512,256,8823
14013,5223,760000,2,512,256,8823
14014,5224,760000,2,512,256,8824
14015,5224,760000,2,512,256,8824
14016,5224,760000,2,512,256,8824
14017,5224,760000,2,512,256,8824
14018,5224,760000,2,512,256,8824
14019,5225,760000,2,512,256,8825
14020,5225,760000,2,512,256,8825
14021,5225,760000,2,512,256,8825
14022,5225,760000,2,512,256,8825
14023,5225,760000,2,512,256,8825
14024,5225,760000,2,512,256,8825
14025,5226,760000,2,512,256,8826
14026,5226,760000,2,512,256,8826
14027,5226,760000,2,512,256,8826
14028,5226,760000,2,512,256,8826
14029,5226,760000,2,512,256,8826
14030,5226,760000,2,512,256,8826
14031,5226,760000,2,512,256,8826
14032,5227,760000,2,512,256,8827
14033,5227,760000,2,512,256,8827
14034,5227,760000,2,512,256,8827
14035,5227,760000,2,512,256,8827
14036,5227,760000,2,512,256,8827
14037,5227,760000,2,512,256,8827
14038,5227,760000,2,512,256,8827
14039,5227,760000,2,512,256,8827
14040,5227,760000,2,512,256,8827
14041,5227,760000,2,512,256,8827
14042,5227,760000,2,512,256,8827
14043,5228,760000,2,512,256,8828
14044,5228,760000,2,512,256,8828
14045,5228,760000,2,512,256,8828
14046,5228,760000,2,512,256,8828
14047,5228,760000,2,512,256,8828
14048,5229,760000,2,512,256,8829
14049,5229,760000,2,512,256,8829
14050,5229,760000,2,512,256,8829
14051,5229,760000,2,512,256,8829
14052,5229,760000,2,512,256,8829
14053,5229,760000,2,512,256,8829
14054,5229,760000,2,512,256,8829
14055,5229,760000,2,512,256,8829
14056,5230,760000,2,512,256,8830
14057,5230,760000,2,512,256,8830
14058,5230,760000,2,512,256,8830
14059,5230,760000,2,512,256,8830
14060,5230,760000,2,512,256,8830
14061,5230,760000,2,512,256,8830
14062,5230,760000,2,512,256,8830
14063,5231,760000,2,512,256,8831
14064,5231,760000,2,512,256,8831
14065,5231,760000,2,512,256,8831
14066,5232,760000,2,512,256,8832
14067,5232,760000,2,512,256,8832
14068,5232,760000,2,512,256,8832
14069,5232,760000,2,512,256,8832
14070,5232,760000,2,512,256,8832
14071,5233,760000,2,512,256,8833
14072,5233,760000,2,512,256,8833
14073,5233,760000,2,512,256,8833
14074,5233,760000,2,512,256,8833
14075,5233,760000,2,512,256,8833
14076,5234,760000,2,512,256,8834
14077,5234,760000,2,512,256,8834
14078,5234,760000,2,512,256,8834
14079,5234,760000,2,512,256,8834
14080,5234,760000,2,512,256,8834
14081,5234,760000,2,512,256,8834
14082,5235,760000,2,512,256,8835
14083,5235,760000,2,512,256,8835
14084,5235,760000,2,512,256,8835
14085,5235,760000,2,512,256,8835
14086,5236,760000,2,512,256,8836
14087,5236,760000,2,512,256,8836
14088,5236,760000,2,512,256,8836
14089,5236,760000,2,512,256,8836
14090,5236,760000,2,512,256,8836
14091,5237,760000,2,512,256,8837
14092,5237,760000,2,512,256,8837
14093,5237,760000,2,512,256,8837
14094,5237,760000,2,512,256,8837
14095,5237,760000,2,512,256,8837
14096,5237,760000,2,512,256,8837
14097,5238,760000,2,512,256,8838
14098,5239,760000,2,512,256,8839
14099,5239,760000,2,512,256,8839
14100,5239,760000,2,512,256,8839
14101,5239,760000,2,512,256,8839
14102,5239,760000,2,512,256,8839
14103,5240,760000,2,512,256,8840
14104,5240,760000,2,512,256,8840
14105,5240,760000,2,512,256,8840
14106,5240,760000,2,512,256,8840
14107,5240,760000,2,512,256,8840
14108,5240,760000,2,512,256,8840
14109,5243,760000,2,512,256,8843
14110,5244,760000,2,512,256,8844
14111,5252,760000,2,512,256,8852
14112,5254,760000,2,512,256,8854
14113,5254,760000,2,512,256,8854
14114,5259,760000,2,512,256,8859
14115,5264,760000,2,512,256,8864
14116,5266,760000,2,512,256,8866
14117,5267,760000,2,512,256,8867
14118,5270,760000,2,512,256,8870
14119,5276,760000,2,512,256,8876
14120,5276,760000,2,512,256,8876
14121,5276,760000,2,512,256,8876
14122,5279,760000,2,512,256,8879
14123,5279,760000,2,512,256,8879
14124,5279,760000,2,512,256,8879
14125,5279,760000,2,512,256,8879
14126,5279,760000,2,512,256,8879
14127,5279,760000,2,512,256,8879
14128,5279,760000,2,512,256,8879
14129,5279,760000,2,512,256,8879
14130,5279,760000,2,512,256,8879
14131,5280,760000,2,512,256,8880
14132,5281,760000,2,512,256,8881
14133,5281,760000,2,512,256,8881
14134,5281,760000,2,512,256,8881
14135,5281,760000,2,512,256,8881
14136,5281,760000,2,512,256,8881
14137,5281,760000,2,512,256,8881
14138,5281,760000,2,512,256,8881
14139,5281,760000,2,512,256,8881
14140,5282,760000,2,512,256,8882
14141,5283,760000,2,512,256,8883
14142,5283,760000,2,512,256,8883
14143,5283,760000,2,512,256,8883
14144,5285,760000,2,512,256,8885
14145,5285,760000,2,512,256,8885
14146,5285,760000,2,512,256,8885
14147,5285,760000,2,512,256,8885
14148,5285,760000,2,512,256,8885
14149,5285,760000,2,512,256,8885
14150,5286,760000,2,512,256,8886
14151,5286,760000,2,512,256,8886
14152,5286,760000,2,512,256,8886
14153,5286,760000,2,512,256,8886
14154,5286,760000,2,512,256,8886
14155,5287,760000,2,512,256,8887
14156,5287,760000,2,512,256,8887
14157,5287,760000,2,512,256,8887
14158,5287,760000,2,512,256,8887
14159,5287,760000,2,512,256,8887
14160,5287,760000,2,512,256,8887
14161,5288,760000,2,512,256,8888
14162,5288,760000,2,512,256,8888
14163,5288,760000,2,512,256,8888
14164,5288,760000,2,512,256,8888
14165,5288,760000,2,512,256,8888
14166,5288,760000,2,512,256,8888
14167,5288,760000,2,512,256,8888
14168,5289,760000,2,512,256,8889
14169,5289,760000,2,512,256,8889
14170,5289,760000,2,512,256,8889
14171,5289,760000,2,512,256,8889
14172,5289,760000,2,512,256,8889
14173,5289,760000,2,512,256,8889
14174,5289,760000,2,512,256,8889
14175,5290,760000,2,512,256,8890
14176,5290,760000,2,512,256,8890
14177,5290,760000,2,512,256,8890
14178,5290,760000,2,512,256,8890
14179,5290,760000,2,512,256,8890
14180,5290,760000,2,512,256,8890
14181,5291,760000,2,512,256,8891
14182,5291,760000,2,512,256,8891
14183,5291,760000,2,512,256,8891
14184,5291,760000,2,512,256,8891
14185,5291,760000,2,512,256,8891
14186,5291,760000,2,512,256,8891
14187,5291,760000,2,512,256,8891
14188,5292,760000,2,512,256,8892
14189,5292,760000,2,512,256,8892
14190,5292,760000,2,512,256,8892
14191,5293,760000,2,512,256,8893
14192,5293,760000,2,512,256,8893
14193,5293,760000,2,512,256,8893
14194,5293,760000,2,512,256,8893
14195,5293,760000,2,512,256,8893
14196,5293,760000,2,512,256,8893
14197,5293,760000,2,512,256,8893
14198,5294,760000,2,512,256,8894
14199,5294,760000,2,512,256,8894
14200,5294,760000,2,512,256,8894
14201,5294,760000,2,512,256,8894
14202,5294,760000,2,512,256,8894
14203,5294,760000,2,512,256,8894
14204,5294,760000,2,512,256,8894
14205,5295,760000,2,512,256,8895
14206,5295,760000,2,512,256,8895
14207,5295,760000,2,512,256,8895
14208,5295,760000,2,512,256,8895
14209,5295,760000,2,512,256,8895
14210,5296,760000,2,512,256,8896
14211,5296,760000,2,512,256,8896
14212,5296,760000,2,512,256,8896
14213,5296,760000,2,512,256,8896
14214,5297,760000,2,512,256,8897
14215,5297,760000,2,512,256,8897
14216,5297,760000,2,512,256,8897
14217,5298,760000,2,512,256,8898
14218,5298,760000,2,512,256,8898
14219,5298,760000,2,512,256,8898
14220,5298,760000,2,512,256,8898
14221,5298,760000,2,512,256,8898
14222,5298,760000,2,512,256,8898
14223,5298,760000,2,512,256,8898
14224,5298,760000,2,512,256,8898
14225,5298,760000,2,512,256,8898
14226,5299,760000,2,512,256,8899
14227,5299,760000,2,512,256,8899
14228,5299,760000,2,512,256,8899
14229,5299,760000,2,512,256,8899
14230,5300,760000,2,512,256,8900
14231,5300,760000,2,512,256,8900
14232,5300,760000,2,512,256,8900
14233,5300,760000,2,512,256,8900
14234,5300,760000,2,512,256,8900
14235,5300,760000,2,512,256,8900
14236,5301,760000,2,512,256,8901
14237,5301,760000,2,512,256,8901
14238,5301,760000,2,512,256,8901
14239,5301,760000,2,512,256,8901
14240,5301,760000,2,512,256,8901
14241,5301,760000,2,512,256,8901
14242,5301,760000,2,512,256,8901
14243,5302,760000,2,512,256,8902
14244,5302,760000,2,512,256,8902
14245,5302,760000,2,512,256,8902
14246,5302,760000,2,512,256,8902
14247,5302,760000,2,512,256,8902
14248,5302,760000,2,512,256,8902
14249,5303,760000,2,512,256,8903
14250,5303,760000,2,512,256,8903
14251,5303,760000,2,512,256,8903
14252,5304,760000,2,512,256,8904
14253,5304,760000,2,512,256,8904
14254,5304,760000,2,512,256,8904
14255,5305,760000,2,512,256,8905
14256,5305,760000,2,512,256,8905
14257,5306,760000,2,512,256,8906
14258,5306,760000,2,512,256,8906
14259,5306,760000,2,512,256,8906
14260,5308,760000,2,512,256,8908
14261,5308,760000,2,512,256,8908
14262,5308,760000,2,512,256,8908
14263,5308,760000,2,512,256,8908
14264,5308,760000,2,512,256,8908
14265,5309,760000,2,512,256,8909
14266,5309,760000,2,512,256,8909
14267,5309,760000,2,512,256,8909
14268,5309,760000,2,512,256,8909
14269,5309,760000,2,512,256,8909
14270,5309,760000,2,512,256,8909
14271,5309,760000,2,512,256,8909
14272,5310,760000,2,512,256,8910
14273,5310,760000,2,512,256,8910
14274,5310,760000,2,512,256,8910
14275,5310,760000,2,512,256,8910
14276,5311,760000,2,512,256,8911
14277,5311,760000,2,512,256,8911
14278,5311,760000,2,512,256,8911
14279,5312,760000,2,512,256,8912
14280,5312,760000,2,512,256,8912
14281,5312,760000,2,512,256,8912
14282,5312,760000,2,512,256,8912
14283,5312,760000,2,512,256,8912
14284,5312,760000,2,512,256,8912
14285,5312,760000,2,512,256,8912
14286,5312,760000,2,512,256,8912
14287,5313,760000,2,512,256,8913
14288,5313,760000,2,512,256,8913
14289,5313,760000,2,512,256,8913
14290,5313,760000,2,512,256,8913
14291,5314,760000,2,512,256,8914
14292,5314,760000,2,512,256,8914
14293,5314,760000,2,512,256,8914
14294,5314,760000,2,512,256,8914
14295,5316,760000,2,512,256,8916
14296,5316,760000,2,512,256,8916
14297,5316,760000,2,512,256,8916
14298,5316,760000,2,512,256,8916
14299,5316,760000,2,512,256,8916
14300,5317,760000,2,512,256,8917
14301,5317,760000,2,512,256,8917
14302,5317,760000,2,512,256,8917
14303,5317,760000,2,512,256,8917
14304,5317,760000,2,512,256,8917
14305,5317,760000,2,512,256,8917
14306,5318,760000,2,512,256,8918
14307,5318,760000,2,512,256,8918
14308,5318,760000,2,512,256,8918
14309,5318,760000,2,512,256,8918
14310,5318,760000,2,512,256,8918
14311,5319,760000,2,512,256,8919
14312,5319,760000,2,512,256,8919
14313,5320,760000,2,512,256,8920
14314,5320,760000,2,512,256,8920
14315,5320,760000,2,512,256,8920
14316,5321,760000,2,512,256,8921
14317,5322,760000,2,512,256,8922
14318,5322,760000,2,512,256,8922
14319,5322,760000,2,512,256,8922
14320,5322,760000,2,512,256,8922
14321,5323,760000,2,512,256,8923
14322,5323,760000,2,512,256,8923
14323,5324,760000,2,512,256,8924
14324,5324,760000,2,512,256,8924
14325,5324,760000,2,512,256,8924
14326,5324,760000,2,512,256,8924
14327,5324,760000,2,512,256,8924
14328,5324,760000,2,512,256,8924
14329,5324,760000,2,512,256,8924
14330,5325,760000,2,512,256,8925
14331,5325,760000,2,512,256,8925
14332,5325,760000,2,512,256,8925
14333,5326,760000,2,512,256,8926
14334,5326,760000,2,512,256,8926
14335,5326,760000,2,512,256,8926
14336,5326,760000,2,512,256,8926
14337,5326,760000,2,512,256,8926
14338,5326,760000,2,512,256,8926
14339,5326,760000,2,512,256,8926
14340,5326,760000,2,512,256,8926
14341,5326,760000,2,512,256,8926
14342,5327,760000,2,512,256,8927
14343,5327,760000,2,512,256,8927
14344,5327,760000,2,512,256,8927
14345,5327,760000,2,512,256,8927
14346,5327,760000,2,512,256,8927
14347,5327,760000,2,512,256,8927
14348,5328,760000,2,512,256,8928
14349,5328,760000,2,512,256,8928
14350,5328,760000,2,512,256,8928
14351,5329,760000,2,512,256,8929
14352,5329,760000,2,512,256,8929
14353,5329,760000,2,512,256,8929
14354,5329,760000,2,512,256,8929
14355,5330,760000,2,512,256,8930
14356,5330,760000,2,512,256,8930
14357,5330,760000,2,512,256,8930
14358,5330,760000,2,512,256,8930
14359,5330,760000,2,512,256,8930
14360,5330,760000,2,512,256,8930
14361,5330,760000,2,512,256,8930
14362,5330,760000,2,512,256,8930
14363,5331,760000,2,512,256,8931
14364,5331,760000,2,512,256,8931
14365,5331,760000,2,512,256,8931
14366,5332,760000,2,512,256,8932
14367,5332,760000,2,512,256,8932
14368,5332,760000,2,512,256,8932
14369,5332,760000,2,512,256,8932
14370,5332,760000,2,512,256,8932
14371,5332,760000,2,512,256,8932
14372,5332,760000,2,512,256,8932
14373,5333,760000,2,512,256,8933
14374,5333,760000,2,512,256,8933
14375,5333,760000,2,512,256,8933
14376,5333,760000,2,512,256,8933
14377,5333,760000,2,512,256,8933
14378,5333,760000,2,512,256,8933
14379,5333,760000,2,512,256,8933
14380,5334,760000,2,512,256,8934
14381,5334,760000,2,512,256,8934
14382,5335,760000,2,512,256,8935
14383,5335,760000,2,512,256,8935
14384,5335,760000,2,512,256,8935
14385,5335,760000,2,512,256,8935
14386,5336,760000,2,512,256,8936
14387,5336,760000,2,512,256,8936
14388,5336,760000,2,512,256,8936
14389,5336,760000,2,512,256,8936
14390,5336,760000,2,512,256,8936
14391,5336,760000,2,512,256,8936
14392,5337,760000,2,512,256,8937
14393,5338,760000,2,512,256,8938
14394,5338,760000,2,512,256,8938
14395,5338,760000,2,512,256,8938
14396,5338,760000,2,512,256,8938
14397,5338,760000,2,512,256,8938
14398,5338,760000,2,512,256,8938
14399,5339,760000,2,512,256,8939
14400,5339,760000,2,512,256,8939
14401,5339,760000,2,512,256,8939
14402,5339,760000,2,512,256,8939
14403,5339,760000,2,512,256,8939
14404,5340,760000,2,512,256,8940
14405,5340,760000,2,512,256,8940
14406,5340,760000,2,512,256,8940
14407,5341,760000,2,512,256,8941
14408,5341,760000,2,512,256,8941
14409,5341,760000,2,512,256,8941
14410,5342,760000,2,512,256,8942
14411,5342,760000,2,512,256,8942
14412,5342,760000,2,512,256,8942
14413,5342,760000,2,512,256,8942
14414,5343,760000,2,512,256,8943
14415,5343,760000,2,512,256,8943
14416,5343,760000,2,512,256,8943
14417,5343,760000,2,512,256,8943
14418,5343,760000,2,512,256,8943
14419,5343,760000,2,512,256,8943
14420,5343,760000,2,512,256,8943
14421,5343,760000,2,512,256,8943
14422,5344,760000,2,512,256,8944
14423,5344,760000,2,512,256,8944
14424,5344,760000,2,512,256,8944
14425,5345,760000,2,512,256,8945
14426,5345,760000,2,512,256,8945
14427,5345,760000,2,512,256,8945
14428,5345,760000,2,512,256,8945
14429,5346,760000,2,512,256,8946
14430,5346,760000,2,512,256,8946
14431,5346,760000,2,512,256,8946
14432,5346,760000,2,512,256,8946
14433,5346,760000,2,512,256,8946
14434,5347,760000,2,512,256,8947
14435,5347,760000,2,512,256,8947
14436,5347,760000,2,512,256,8947
14437,5348,760000,2,512,256,8948
14438,5348,760000,2,512,256,8948
14439,5348,760000,2,512,256,8948
14440,5348,760000,2,512,256,8948
14441,5348,760000,2,512,256,8948
14442,5349,760000,2,512,256,8949
14443,5349,760000,2,512,256,8949
14444,5349,760000,2,512,256,8949
14445,5350,760000,2,512,256,8950
14446,5350,760000,2,512,256,8950
14447,5350,760000,2,512,256,8950
14448,5351,760000,2,512,256,8951
14449,5351,760000,2,512,256,8951
14450,5351,760000,2,512,256,8951
14451,5352,760000,2,512,256,8952
14452,5352,760000,2,512,256,8952
14453,5352,760000,2,512,256,8952
14454,5352,760000,2,512,256,8952
14455,5352,760000,2,512,256,8952
14456,5353,760000,2,512,256,8953
14457,5353,760000,2,512,256,8953
14458,5353,760000,2,512,256,8953
14459,5353,760000,2,512,256,8953
14460,5354,760000,2,512,256,8954
14461,5354,760000,2,512,256,8954
14462,5354,760000,2,512,256,8954
14463,5354,760000,2,512,256,8954
14464,5354,760000,2,512,256,8954
14465,5355,760000,2,512,256,8955
14466,5355,760000,2,512,256,8955
14467,5355,760000,2,512,256,8955
14468,5356,760000,2,512,256,8956
14469,5356,760000,2,512,256,8956
14470,5356,760000,2,512,256,8956
14471,5356,760000,2,512,256,8956
14472,5356,760000,2,512,256,8956
14473,5357,760000,2,512,256,8957
14474,5357,760000,2,512,256,8957
14475,5357,760000,2,512,256,8957
14476,5358,760000,2,512,256,8958
14477,5358,760000,2,512,256,8958
14478,5358,760000,2,512,256,8958
14479,5358,760000,2,512,256,8958
14480,5359,760000,2,512,256,8959
14481,5359,760000,2,512,256,8959
14482,5360,760000,2,512,256,8960
14483,5360,760000,2,512,256,8960
14484,5360,760000,2,512,256,8960
14485,5360,760000,2,512,256,8960
14486,5360,760000,2,512,256,8960
14487,5361,760000,2,512,256,8961
14488,5361,760000,2,512,256,8961
14489,5361,760000,2,512,256,8961
14490,5362,760000,2,512,256,8962
14491,5363,760000,2,512,256,8963
14492,5363,760000,2,512,256,8963
14493,5363,760000,2,512,256,8963
14494,5363,760000,2,512,256,8963
14495,5364,760000,2,512,256,8964
14496,5364,760000,2,512,256,8964
14497,5364,760000,2,512,256,8964
14498,5364,760000,2,512,256,8964
14499,5364,760000,2,512,256,8964
14500,5365,760000,2,512,256,8965
14501,5365,760000,2,512,256,8965
14502,5365,760000,2,512,256,8965
14503,5366,760000,2,512,256,8966
14504,5366,760000,2,512,256,8966
14505,5366,760000,2,512,256,8966
14506,5366,760000,2,512,256,8966
14507,5366,760000,2,512,256,8966
14508,5367,760000,2,512,256,8967
14509,5367,760000,2,512,256,8967
14510,5367,760000,2,512,256,8967
14511,5368,760000,2,512,256,8968
14512,5369,760000,2,512,256,8969
14513,5369,760000,2,512,256,8969
14514,5369,760000,2,512,256,8969
14515,5369,760000,2,512,256,8969
14516,5369,760000,2,512,256,8969
14517,5370,760000,2,512,256,8970
14518,5370,760000,2,512,256,8970
14519,5370,760000,2,512,256,8970
14520,5370,760000,2,512,256,8970
14521,5370,760000,2,512,256,8970
14522,5371,760000,2,512,256,8971
14523,5371,760000,2,512,256,8971
14524,5371,760000,2,512,256,8971
14525,5371,760000,2,512,256,8971
14526,5372,760000,2,512,256,8972
14527,5372,760000,2,512,256,8972
14528,5372,760000,2,512,256,8972
14529,5372,760000,2,512,256,8972
14530,5372,760000,2,512,256,8972
14531,5372,760000,2,512,256,8972
14532,5373,760000,2,512,256,8973
14533,5373,760000,2,512,256,8973
14534,5373,760000,2,512,256,8973
14535,5373,760000,2,512,256,8973
14536,5373,760000,2,512,256,8973
14537,5373,760000,2,512,256,8973
14538,5374,760000,2,512,256,8974
14539,5374,760000,2,512,256,8974
14540,5375,760000,2,512,256,8975
14541,5375,760000,2,512,256,8975
14542,5375,760000,2,512,256,8975
14543,5375,760000,2,512,256,8975
14544,5375,760000,2,512,256,8975
14545,5375,760000,2,512,256,8975
14546,5375,760000,2,512,256,8975
14547,5376,760000,2,512,256,8976
14548,5376,760000,2,512,256,8976
14549,5376,760000,2,512,256,8976
14550,5376,760000,2,512,256,8976
14551,5376,760000,2,512,256,8976
14552,5376,760000,2,512,256,8976
14553,5376,760000,2,512,256,8976
14554,5377,760000,2,512,256,8977
14555,5377,760000,2,512,256,8977
14556,5378,760000,2,512,256,8978
14557,5378,760000,2,512,256,8978
14558,5379,760000,2,512,256,8979
14559,5379,760000,2,512,256,8979
14560,5380,760000,2,512,256,8980
14561,5381,760000,2,512,256,8981
14562,5381,760000,2,512,256,8981
14563,5381,760000,2,512,256,8981
14564,5381,760000,2,512,256,8981
14565,5381,760000,2,512,256,8981
14566,5381,760000,2,512,256,8981
14567,5382,760000,2,512,256,8982
14568,5382,760000,2,512,256,8982
14569,5382,760000,2,512,256,8982
14570,5382,760000,2,512,256,8982
14571,5382,760000,2,512,256,8982
14572,5382,760000,2,512,256,8982
14573,5382,760000,2,512,256,8982
14574,5383,760000,2,512,256,8983
14575,5383,760000,2,512,256,8983
14576,5383,760000,2,512,256,8983
14577,5383,760000,2,512,256,8983
14578,5383,760000,2,512,256,8983
14579,5383,760000,2,512,256,8983
14580,5383,760000,2,512,256,8983
14581,5384,760000,2,512,256,8984
14582,5384,760000,2,512,256,8984
14583,5384,760000,2,512,256,8984
14584,5384,760000,2,512,256,8984
14585,5384,760000,2,512,256,8984
14586,5385,760000,2,512,256,8985
14587,5385,760000,2,512,256,8985
14588,5385,760000,2,512,256,8985
14589,5386,760000,2,512,256,8986
14590,5386,760000,2,512,256,8986
14591,5386,760000,2,512,256,8986
14592,5386,760000,2,512,256,8986
14593,5386,760000,2,512,256,8986
14594,5386,760000,2,512,256,8986
14595,5387,760000,2,512,256,8987
14596,5387,760000,2,512,256,8987
14597,5387,760000,2,512,256,8987
14598,5387,760000,2,512,256,8987
14599,5387,760000,2,512,256,8987
14600,5387,760000,2,512,256,8987
14601,5387,760000,2,512,256,8987
14602,5388,760000,2,512,256,8988
14603,5388,760000,2,512,256,8988
14604,5388,760000,2,512,256,8988
14605,5388,760000,2,512,256,8988
14606,5388,760000,2,512,256,8988
14607,5388,760000,2,512,256,8988
14608,5389,760000,2,512,256,8989
14609,5389,760000,2,512,256,8989
14610,5389,760000,2,512,256,8989
14611,5389,760000,2,512,256,8989
14612,5389,760000,2,512,256,8989
14613,5389,760000,2,512,256,8989
14614,5390,760000,2,512,256,8990
14615,5390,760000,2,512,256,8990
14616,5390,760000,2,512,256,8990
14617,5390,760000,2,512,256,8990
14618,5402,760000,2,512,256,9002
14619,5406,760000,2,512,256,9006
14620,5406,760000,2,512,256,9006
14621,5412,760000,2,512,256,9012
14622,5412,760000,2,512,256,9012
14623,5414,760000,2,512,256,9014
14624,5419,760000,2,512,256,9019
14625,5420,760000,2,512,256,9020
14626,5421,760000,2,512,256,9021
14627,5422,760000,2,512,256,9022
14628,5422,760000,2,512,256,9022
14629,5425,760000,2,512,256,9025
14630,5428,760000,2,512,256,9028
14631,5429,760000,2,512,256,9029
14632,5432,760000,2,512,256,9032
14633,5432,760000,2,512,256,9032
14634,5432,760000,2,512,256,9032
14635,5432,760000,2,512,256,9032
14636,5433,760000,2,512,256,9033
14637,5433,760000,2,512,256,9033
14638,5433,760000,2,512,256,9033
14639,5434,760000,2,512,256,9034
14640,5434,760000,2,512,256,9034
14641,5434,760000,2,512,256,9034
14642,5434,760000,2,512,256,9034
14643,5434,760000,2,512,256,9034
14644,5434,760000,2,512,256,9034
14645,5434,760000,2,512,256,9034
14646,5434,760000,2,512,256,9034
14647,5435,760000,2,512,256,9035
14648,5435,760000,2,512,256,9035
14649,5435,760000,2,512,256,9035
14650,5435,760000,2,512,256,9035
14651,5435,760000,2,512,256,9035
14652,5435,760000,2,512,256,9035
14653,5436,760000,2,512,256,9036
14654,5436,760000,2,512,256,9036
14655,5436,760000,2,512,256,9036
14656,5436,760000,2,512,256,9036
14657,5436,760000,2,512,256,9036
14658,5437,760000,2,512,256,9037
14659,5437,760000,2,512,256,9037
14660,5438,760000,2,512,256,9038
14661,5438,760000,2,512,256,9038
14662,5438,760000,2,512,256,9038
14663,5438,760000,2,512,256,9038
14664,5438,760000,2,512,256,9038
14665,5439,760000,2,512,256,9039
14666,5439,760000,2,512,256,9039
14667,5439,760000,2,512,256,9039
14668,5439,760000,2,512,256,9039
14669,5439,760000,2,512,256,9039
14670,5439,760000,2,512,256,9039
14671,5440,760000,2,512,256,9040
14672,5440,760000,2,512,256,9040
14673,5440,760000,2,512,256,9040
14674,5440,760000,2,512,256,9040
14675,5440,760000,2,512,256,9040
14676,5440,760000,2,512,256,9040
14677,5441,760000,2,512,256,9041
14678,5441,760000,2,512,256,9041
14679,5441,760000,2,512,256,9041
14680,5441,760000,2,512,256,9041
14681,5442,760000,2,512,256,9042
14682,5442,760000,2,512,256,9042
14683,5442,760000,2,512,256,9042
14684,5442,760000,2,512,256,9042
14685,5442,760000,2,512,256,9042
14686,5442,760000,2,512,256,9042
14687,5442,760000,2,512,256,9042
14688,5443,760000,2,512,256,9043
14689,5443,760000,2,512,256,9043
14690,5443,760000,2,512,256,9043
14691,5443,760000,2,512,256,9043
14692,5444,760000,2,512,256,9044
14693,5444,760000,2,512,256,9044
14694,5444,760000,2,512,256,9044
14695,5445,760000,2,512,256,9045
14696,5445,760000,2,512,256,9045
14697,5445,760000,2,512,256,9045
14698,5445,760000,2,512,256,9045
14699,5446,760000,2,512,256,9046
14700,5446,760000,2,512,256,9046
14701,5446,760000,2,512,256,9046
14702,5446,760000,2,512,256,9046
14703,5446,760000,2,512,256,9046
14704,5446,760000,2,512,256,9046
14705,5446,760000,2,512,256,9046
14706,5447,760000,2,512,256,9047
14707,5447,760000,2,512,256,9047
14708,5447,760000,2,512,256,9047
14709,5447,760000,2,512,256,9047
14710,5447,760000,2,512,256,9047
14711,5447,760000,2,512,256,9047
14712,5447,760000,2,512,256,9047
14713,5447,760000,2,512,256,9047
14714,5448,760000,2,512,256,9048
14715,5448,760000,2,512,256,9048
14716,5448,760000,2,512,256,9048
14717,5448,760000,2,512,256,9048
14718,5449,760000,2,512,256,9049
14719,5449,760000,2,512,256,9049
14720,5449,760000,2,512,256,9049
14721,5449,760000,2,512,256,9049
14722,5450,760000,2,512,256,9050
14723,5450,760000,2,512,256,9050
14724,5450,760000,2,512,256,9050
14725,5451,760000,2,512,256,9051
14726,5451,760000,2,512,256,9051
14727,5451,760000,2,512,256,9051
14728,5451,760000,2,512,256,9051
14729,5451,760000,2,512,256,9051
14730,5451,760000,2,512,256,9051
14731,5451,760000,2,512,256,9051
14732,5451,760000,2,512,256,9051
14733,5452,760000,2,512,256,9052
14734,5452,760000,2,512,256,9052
14735,5453,760000,2,512,256,9053
14736,5453,760000,2,512,256,9053
14737,5454,760000,2,512,256,9054
14738,5454,760000,2,512,256,9054
14739,5454,760000,2,512,256,9054
14740,5454,760000,2,512,256,9054
14741,5455,760000,2,512,256,9055
14742,5455,760000,2,512,256,9055
14743,5455,760000,2,512,256,9055
14744,5455,760000,2,512,256,9055
14745,5455,760000,2,512,256,9055
14746,5455,760000,2,512,256,9055
14747,5455,760000,2,512,256,9055
14748,5455,760000,2,512,256,9055
14749,5456,760000,2,512,256,9056
14750,5456,760000,2,512,256,9056
14751,5456,760000,2,512,256,9056
14752,5456,760000,2,512,256,9056
14753,5456,760000,2,512,256,9056
14754,5457,760000,2,512,256,9057
14755,5457,760000,2,512,256,9057
14756,5457,760000,2,512,256,9057
14757,5457,760000,2,512,256,9057
14758,5458,760000,2,512,256,9058
14759,5458,760000,2,512,256,9058
14760,5458,760000,2,512,256,9058
14761,5458,760000,2,512,256,9058
14762,5458,760000,2,512,256,9058
14763,5459,760000,2,512,256,9059
14764,5459,760000,2,512,256,9059
14765,5459,760000,2,512,256,9059
14766,5459,760000,2,512,256,9059
14767,5459,760000,2,512,256,9059
14768,5460,760000,2,512,256,9060
14769,5460,760000,2,512,256,9060
14770,5460,760000,2,512,256,9060
14771,5460,760000,2,512,256,9060
14772,5460,760000,2,512,256,9060
14773,5461,760000,2,512,256,9061
14774,5462,760000,2,512,256,9062
14775,5462,760000,2,512,256,9062
14776,5462,760000,2,512,256,9062
14777,5462,760000,2,512,256,9062
14778,5462,760000,2,512,256,9062
14779,5463,760000,2,512,256,9063
14780,5463,760000,2,512,256,9063
14781,5463,760000,2,512,256,9063
14782,5464,760000,2,512,256,9064
14783,5464,760000,2,512,256,9064
14784,5464,760000,2,512,256,9064
14785,5464,760000,2,512,256,9064
14786,5465,760000,2,512,256,9065
14787,5465,760000,2,512,256,9065
14788,5466,760000,2,512,256,9066
14789,5466,760000,2,512,256,9066
14790,5466,760000,2,512,256,9066
14791,5466,760000,2,512,256,9066
14792,5466,760000,2,512,256,9066
14793,5467,760000,2,512,256,9067
14794,5467,760000,2,512,256,9067
14795,5467,760000,2,512,256,9067
14796,5467,760000,2,512,256,9067
14797,5467,760000,2,512,256,9067
14798,5467,760000,2,512,256,9067
14799,5468,760000,2,512,256,9068
14800,5468,760000,2,512,256,9068
14801,5468,760000,2,512,256,9068
14802,5468,760000,2,512,256,9068
14803,5468,760000,2,512,256,9068
14804,5469,760000,2,512,256,9069
14805,5469,760000,2,512,256,9069
14806,5469,760000,2,512,256,9069
14807,5470,760000,2,512,256,9070
14808,5470,760000,2,512,256,9070
14809,5470,760000,2,512,256,9070
14810,5470,760000,2,512,256,9070
14811,5470,760000,2,512,256,9070
14812,5470,760000,2,512,256,9070
14813,5470,760000,2,512,256,9070
14814,5470,760000,2,512,256,9070
14815,5470,760000,2,512,256,9070
14816,5470,760000,2,512,256,9070
14817,5471,760000,2,512,256,9071
14818,5471,760000,2,512,256,9071
14819,5471,760000,2,512,256,9071
14820,5471,760000,2,512,256,9071
14821,5471,760000,2,512,256,9071
14822,5472,760000,2,512,256,9072
14823,5472,760000,2,512,256,9072
14824,5472,760000,2,512,256,9072
14825,5472,760000,2,512,256,9072
14826,5472,760000,2,512,256,9072
14827,5472,760000,2,512,256,9072
14828,5473,760000,2,512,256,9073
14829,5473,760000,2,512,256,9073
14830,5473,760000,2,512,256,9073
14831,5473,760000,2,512,256,9073
14832,5473,760000,2,512,256,9073
14833,5473,760000,2,512,256,9073
14834,5473,760000,2,512,256,9073
14835,5473,760000,2,512,256,9073
14836,5474,760000,2,512,256,9074
14837,5474,760000,2,512,256,9074
14838,5474,760000,2,512,256,9074
14839,5476,760000,2,512,256,9076
14840,5481,760000,2,512,256,9081
14841,5481,760000,2,512,256,9081
14842,5488,760000,2,512,256,9088
14843,5490,760000,2,512,256,9090
14844,5490,760000,2,512,256,9090
14845,5491,760000,2,512,256,9091
14846,5497,760000,2,512,256,9097
14847,5501,760000,2,512,256,9101
14848,5501,760000,2,512,256,9101
14849,5503,760000,2,512,256,9103
14850,5503,760000,2,512,256,9103
14851,5505,760000,2,512,256,9105
14852,5515,760000,2,512,256,9115
14853,5516,760000,2,512,256,9116
14854,5516,760000,2,512,256,9116
14855,5520,760000,2,512,256,9120
14856,5521,760000,2,512,256,9121
14857,5521,760000,2,512,256,9121
14858,5521,760000,2,512,256,9121
14859,5521,760000,2,512,256,9121
14860,5521,760000,2,512,256,9121
14861,5521,760000,2,512,256,9121
14862,5521,760000,2,512,256,9121
14863,5524,760000,2,512,256,9124
14864,5524,760000,2,512,256,9124
14865,5524,760000,2,512,256,9124
14866,5524,760000,2,512,256,9124
14867,5524,760000,2,512,256,9124
14868,5524,760000,2,512,256,9124
14869,5525,760000,2,512,256,9125
14870,5525,760000,2,512,256,9125
14871,5525,760000,2,512,256,9125
14872,5525,760000,2,512,256,9125
14873,5525,760000,2,512,256,9125
14874,5525,760000,2,512,256,9125
14875,5525,760000,2,512,256,9125
14876,5526,760000,2,512,256,9126
14877,5527,760000,2,512,256,9127
14878,5527,760000,2,512,256,9127
14879,5528,760000,2,512,256,9128
14880,5528,760000,2,512,256,9128
14881,5528,760000,2,512,256,9128
14882,5529,760000,2,512,256,9129
14883,5529,760000,2,512,256,9129
14884,5529,760000,2,512,256,9129
14885,5529,760000,2,512,256,9129
14886,5530,760000,2,512,256,9130
14887,5530,760000,2,512,256,9130
14888,5530,760000,2,512,256,9130
14889,5530,760000,2,512,256,9130
14890,5530,760000,2,512,256,9130
14891,5530,760000,2,512,256,9130
14892,5530,760000,2,512,256,9130
14893,5531,760000,2,512,256,9131
14894,5531,760000,2,512,256,9131
14895,5532,760000,2,512,256,9132
14896,5532,760000,2,512,256,9132
14897,5532,760000,2,512,256,9132
14898,5533,760000,2,512,256,9133
14899,5533,760000,2,512,256,9133
14900,5534,760000,2,512,256,9134
14901,5534,760000,2,512,256,9134
14902,5534,760000,2,512,256,9134
14903,5535,760000,2,512,256,9135
14904,5535,760000,2,512,256,9135
14905,5535,760000,2,512,256,9135
14906,5535,760000,2,512,256,9135
14907,5536,760000,2,512,256,9136
14908,5536,760000,2,512,256,9136
14909,5536,760000,2,512,256,9136
14910,5536,760000,2,512,256,9136
14911,5537,760000,2,512,256,9137
14912,5538,760000,2,512,256,9138
14913,5538,760000,2,512,256,9138
14914,5538,760000,2,512,256,9138
14915,5538,760000,2,512,256,9138
14916,5539,760000,2,512,256,9139
14917,5539,760000,2,512,256,9139
14918,5539,760000,2,512,256,9139
14919,5539,760000,2,512,256,9139
14920,5539,760000,2,512,256,9139
14921,5540,760000,2,512,256,9140
14922,5540,760000,2,512,256,9140
14923,5540,760000,2,512,256,9140
14924,5540,760000,2,512,256,9140
14925,5540,760000,2,512,256,9140
14926,5540,760000,2,512,256,9140
14927,5541,760000,2,512,256,9141
14928,5541,760000,2,512,256,9141
14929,5541,760000,2,512,256,9141
14930,5541,760000,2,512,256,9141
14931,5541,760000,2,512,256,9141
14932,5541,760000,2,512,256,9141
14933,5541,760000,2,512,256,9141
14934,5541,760000,2,512,256,9141
14935,5542,760000,2,512,256,9142
14936,5542,760000,2,512,256,9142
14937,5542,760000,2,512,256,9142
14938,5542,760000,2,512,256,9142
14939,5542,760000,2,512,256,9142
14940,5542,760000,2,512,256,9142
14941,5542,760000,2,512,256,9142
14942,5542,760000,2,512,256,9142
14943,5542,760000,2,512,256,9142
14944,5543,760000,2,512,256,9143
14945,5543,760000,2,512,256,9143
14946,5543,760000,2,512,256,9143
14947,5544,760000,2,512,256,9144
14948,5544,760000,2,512,256,9144
14949,5544,760000,2,512,256,9144
14950,5545,760000,2,512,256,9145
14951,5545,760000,2,512,256,9145
14952,5546,760000,2,512,256,9146
14953,5546,760000,2,512,256,9146
14954,5546,760000,2,512,256,9146
14955,5546,760000,2,512,256,9146
14956,5547,760000,2,512,256,9147
14957,5547,760000,2,512,256,9147
14958,5547,760000,2,512,256,9147
14959,5547,760000,2,512,256,9147
14960,5547,760000,2,512,256,9147
14961,5548,760000,2,512,256,9148
14962,5548,760000,2,512,256,9148
14963,5548,760000,2,512,256,9148
14964,5548,760000,2,512,256,9148
14965,5548,760000,2,512,256,9148
14966,5549,760000,2,512,256,9149
14967,5549,760000,2,512,256,9149
14968,5549,760000,2,512,256,9149
14969,5549,760000,2,512,256,9149
14970,5549,760000,2,512,256,9149
14971,5549,760000,2,512,256,9149
14972,5550,760000,2,512,256,9150
14973,5550,760000,2,512,256,9150
14974,5551,760000,2,512,256,9151
14975,5551,760000,2,512,256,9151
14976,5551,760000,2,512,256,9151
14977,5551,760000,2,512,256,9151
14978,5551,760000,2,512,256,9151
14979,5551,760000,2,512,256,9151
14980,5551,760000,2,512,256,9151
14981,5551,760000,2,512,256,9151
14982,5551,760000,2,512,256,9151
14983,5552,760000,2,512,256,9152
14984,5552,760000,2,512,256,9152
14985,5552,760000,2,512,256,9152
14986,5552,760000,2,512,256,9152
14987,5552,760000,2,512,256,9152
14988,5553,760000,2,512,256,9153
14989,5553,760000,2,512,256,9153
14990,5553,760000,2,512,256,9153
14991,5553,760000,2,512,256,9153
14992,5553,760000,2,512,256,9153
14993,5553,760000,2,512,256,9153
14994,5554,760000,2,512,256,9154
14995,5554,760000,2,512,256,9154
14996,5554,760000,2,512,256,9154
14997,5554,760000,2,512,256,9154
14998,5554,760000,2,512,256,9154
14999,5555,760000,2,512,256,9155
15000,5555,760000,2,512,256,9155
15001,5555,760000,2,512,256,9155
15002,5555,760000,2,512,256,9155
15003,5555,760000,2,512,256,9155
15004,5556,760000,2,512,256,9156
15005,5556,760000,2,512,256,9156
15006,5557,760000,2,512,256,9157
15007,5557,760000,2,512,256,9157
15008,5557,760000,2,512,256,9157
15009,5558,760000,2,512,256,9158
15010,5558,760000,2,512,256,9158
15011,5558,760000,2,512,256,9158
15012,5558,760000,2,512,256,9158
15013,5558,760000,2,512,256,9158
15014,5558,760000,2,512,256,9158
15015,5559,760000,2,512,256,9159
15016,5559,760000,2,512,256,9159
15017,5559,760000,2,512,256,9159
15018,5559,760000,2,512,256,9159
15019,5559,760000,2,512,256,9159
15020,5561,760000,2,512,256,9161
15021,5561,760000,2,512,256,9161
15022,5561,760000,2,512,256,9161
15023,5561,760000,2,512,256,9161
15024,5561,760000,2,512,256,9161
15025,5562,760000,2,512,256,9162
15026,5562,760000,2,512,256,9162
15027,5562,760000,2,512,256,9162
15028,5563,760000,2,512,256,9163
15029,5563,760000,2,512,256,9163
15030,5563,760000,2,512,256,9163
15031,5563,760000,2,512,256,9163
15032,5564,760000,2,512,256,9164
15033,5564,760000,2,512,256,9164
15034,5564,760000,2,512,256,9164
15035,5564,760000,2,512,256,9164
15036,5564,760000,2,512,256,9164
15037,5565,760000,2,512,256,9165
15038,5565,760000,2,512,256,9165
15039,5565,760000,2,512,256,9165
15040,5566,760000,2,512,256,9166
15041,5566,760000,2,512,256,9166
15042,5566,760000,2,512,256,9166
15043,5566,760000,2,512,256,9166
15044,5566,760000,2,512,256,9166
15045,5567,760000,2,512,256,9167
15046,5567,760000,2,512,256,9167
15047,5567,760000,2,512,256,9167
15048,5567,760000,2,512,256,9167
15049,5567,760000,2,512,256,9167
15050,5567,760000,2,512,256,9167
15051,5578,760000,2,512,256,9178
15052,5579,760000,2,512,256,9179
15053,5584,760000,2,512,256,9184
15054,5592,760000,2,512,256,9192
15055,5592,760000,2,512,256,9192
15056,5614,760000,2,512,256,9214
15057,5616,760000,2,512,256,9216
15058,5616,760000,2,512,256,9216
15059,5624,760000,2,512,256,9224
15060,5632,760000,2,512,256,9232
15061,5633,760000,2,512,256,9233
15062,5637,760000,2,512,256,9237
15063,5638,760000,2,512,256,9238
15064,5639,760000,2,512,256,9239
15065,5646,760000,2,512,256,9246
15066,5654,760000,2,512,256,9254
15067,5654,760000,2,512,256,9254
15068,5654,760000,2,512,256,9254
15069,5654,760000,2,512,256,9254
15070,5656,760000,2,512,256,9256
15071,5661,760000,2,512,256,9261
15072,5662,760000,2,512,256,9262
15073,5663,760000,2,512,256,9263
15074,5663,760000,2,512,256,9263
15075,5666,760000,2,512,256,9266
15076,5666,760000,2,512,256,9266
15077,5666,760000,2,512,256,9266
15078,5667,760000,2,512,256,9267
15079,5667,760000,2,512,256,9267
15080,5667,760000,2,512,256,9267
15081,5667,760000,2,512,256,9267
15082,5668,760000,2,512,256,9268
15083,5668,760000,2,512,256,9268
15084,5668,760000,2,512,256,9268
15085,5668,760000,2,512,256,9268
15086,5673,760000,2,512,256,9273
15087,5673,760000,2,512,256,9273
15088,5673,760000,2,512,256,9273
15089,5673,760000,2,512,256,9273
15090,5673,760000,2,512,256,9273
15091,5673,760000,2,512,256,9273
15092,5673,760000,2,512,256,9273
15093,5673,760000,2,512,256,9273
15094,5674,760000,2,512,256,9274
15095,5674,760000,2,512,256,9274
15096,5674,760000,2,512,256,9274
15097,5674,760000,2,512,256,9274
15098,5674,760000,2,512,256,9274
15099,5675,760000,2,512,256,9275
15100,5675,760000,2,512,256,9275
15101,5675,760000,2,512,256,9275
15102,5675,760000,2,512,256,9275
15103,5675,760000,2,512,256,9275
15104,5676,760000,2,512,256,9276
15105,5676,760000,2,512,256,9276
15106,5676,760000,2,512,256,9276
15107,5676,760000,2,512,256,9276
15108,5676,760000,2,512,256,9276
15109,5676,760000,2,512,256,9276
15110,5676,760000,2,512,256,9276
15111,5676,760000,2,512,256,9276
15112,5676,760000,2,512,256,9276
15113,5676,760000,2,512,256,9276
15114,5677,760000,2,512,256,9277
15115,5677,760000,2,512,256,9277
15116,5677,760000,2,512,256,9277
15117,5678,760000,2,512,256,9278
15118,5678,760000,2,512,256,9278
15119,5678,760000,2,512,256,9278
15120,5678,760000,2,512,256,9278
15121,5679,760000,2,512,256,9279
15122,5679,760000,2,512,256,9279
15123,5679,760000,2,512,256,9279
15124,5679,760000,2,512,256,9279
15125,5679,760000,2,512,256,9279
15126,5679,760000,2,512,256,9279
15127,5680,760000,2,512,256,9280
15128,5680,760000,2,512,256,9280
15129,5680,760000,2,512,256,9280
15130,5681,760000,2,512,256,9281
15131,5681,760000,2,512,256,9281
15132,5682,760000,2,512,256,9282
15133,5682,760000,2,512,256,9282
15134,5682,760000,2,512,256,9282
15135,5682,760000,2,512,256,9282
15136,5682,760000,2,512,256,9282
15137,5682,760000,2,512,256,9282
15138,5682,760000,2,512,256,9282
15139,5682,760000,2,512,256,9282
15140,5682,760000,2,512,256,9282
15141,5683,760000,2,512,256,9283
15142,5683,760000,2,512,256,9283
15143,5683,760000,2,512,256,9283
15144,5683,760000,2,512,256,9283
15145,5683,760000,2,512,256,9283
15146,5683,760000,2,512,256,9283
15147,5683,760000,2,512,256,9283
15148,5684,760000,2,512,256,9284
15149,5684,760000,2,512,256,9284
15150,5684,760000,2,512,256,9284
15151,5684,760000,2,512,256,9284
15152,5684,760000,2,512,256,9284
15153,5684,760000,2,512,256,9284
15154,5684,760000,2,512,256,9284
15155,5684,760000,2,512,256,9284
15156,5685,760000,2,512,256,9285
15157,5685,760000,2,512,256,9285
15158,5685,760000,2,512,256,9285
15159,5685,760000,2,512,256,9285
15160,5685,760000,2,512,256,9285
15161,5685,760000,2,512,256,9285
15162,5685,760000,2,512,256,9285
15163,5686,760000,2,512,256,9286
15164,5686,760000,2,512,256,9286
15165,5686,760000,2,512,256,9286
15166,5687,760000,2,512,256,9287
15167,5687,760000,2,512,256,9287
15168,5687,760000,2,512,256,9287
15169,5687,760000,2,512,256,9287
15170,5687,760000,2,512,256,9287
15171,5688,760000,2,512,256,9288
15172,5688,760000,2,512,256,9288
15173,5688,760000,2,512,256,9288
15174,5688,760000,2,512,256,9288
15175,5689,760000,2,512,256,9289
15176,5689,760000,2,512,256,9289
15177,5690,760000,2,512,256,9290
15178,5690,760000,2,512,256,9290
15179,5690,760000,2,512,256,9290
15180,5691,760000,2,512,256,9291
15181,5691,760000,2,512,256,9291
15182,5691,760000,2,512,256,9291
15183,5691,760000,2,512,256,9291
15184,5692,760000,2,512,256,9292
15185,5692,760000,2,512,256,9292
15186,5692,760000,2,512,256,9292
15187,5692,760000,2,512,256,9292
15188,5692,760000,2,512,256,9292
15189,5692,760000,2,512,256,9292
15190,5692,760000,2,512,256,9292
15191,5692,760000,2,512,256,9292
15192,5693,760000,2,512,256,9293
15193,5693,760000,2,512,256,9293
15194,5693,760000,2,512,256,9293
15195,5693,760000,2,512,256,9293
15196,5694,760000,2,512,256,9294
15197,5694,760000,2,512,256,9294
15198,5694,760000,2,512,256,9294
15199,5694,760000,2,512,256,9294
15200,5694,760000,2,512,256,9294
15201,5695,760000,2,512,256,9295
15202,5695,760000,2,512,256,9295
15203,5695,760000,2,512,256,9295
15204,5695,760000,2,512,256,9295
15205,5695,760000,2,512,256,9295
15206,5696,760000,2,512,256,9296
15207,5696,760000,2,512,256,9296
15208,5696,760000,2,512,256,9296
15209,5697,760000,2,512,256,9297
15210,5697,760000,2,512,256,9297
15211,5697,760000,2,512,256,9297
15212,5698,760000,2,512,256,9298
15213,5698,760000,2,512,256,9298
15214,5699,760000,2,512,256,9299
15215,5699,760000,2,512,256,9299
15216,5700,760000,2,512,256,9300
15217,5700,760000,2,512,256,9300
15218,5700,760000,2,512,256,9300
15219,5700,760000,2,512,256,9300
15220,5701,760000,2,512,256,9301
15221,5701,760000,2,512,256,9301
15222,5701,760000,2,512,256,9301
15223,5701,760000,2,512,256,9301
15224,5701,760000,2,512,256,9301
15225,5701,760000,2,512,256,9301
15226,5701,760000,2,512,256,9301
15227,5702,760000,2,512,256,9302
15228,5702,760000,2,512,256,9302
15229,5702,760000,2,512,256,9302
15230,5703,760000,2,512,256,9303
15231,5703,760000,2,512,256,9303
15232,5703,760000,2,512,256,9303
15233,5703,760000,2,512,256,9303
15234,5703,760000,2,512,256,9303
15235,5703,760000,2,512,256,9303
15236,5704,760000,2,512,256,9304
15237,5704,760000,2,512,256,9304
15238,5704,760000,2,512,256,9304
15239,5704,760000,2,512,256,9304
15240,5704,760000,2,512,256,9304
15241,5704,760000,2,512,256,9304
15242,5704,760000,2,512,256,9304
15243,5704,760000,2,512,256,9304
15244,5705,760000,2,512,256,9305
15245,5705,760000,2,512,256,9305
15246,5705,760000,2,512,256,9305
15247,5705,760000,2,512,256,9305
15248,5705,760000,2,512,256,9305
15249,5705,760000,2,512,256,9305
15250,5705,760000,2,512,256,9305
15251,5706,760000,2,512,256,9306
15252,5706,760000,2,512,256,9306
15253,5706,760000,2,512,256,9306
15254,5706,760000,2,512,256,9306
15255,5706,760000,2,512,256,9306
15256,5706,760000,2,512,256,9306
15257,5707,760000,2,512,256,9307
15258,5707,760000,2,512,256,9307
15259,5707,760000,2,512,256,9307
15260,5707,760000,2,512,256,9307
15261,5707,760000,2,512,256,9307
15262,5707,760000,2,512,256,9307
15263,5707,760000,2,512,256,9307
15264,5708,760000,2,512,256,9308
15265,5708,760000,2,512,256,9308
15266,5708,760000,2,512,256,9308
15267,5709,760000,2,512,256,9309
15268,5709,760000,2,512,256,9309
15269,5709,760000,2,512,256,9309
15270,5709,760000,2,512,256,9309
15271,5709,760000,2,512,256,9309
15272,5709,760000,2,512,256,9309
15273,5710,760000,2,512,256,9310
15274,5710,760000,2,512,256,9310
15275,5710,760000,2,512,256,9310
15276,5710,760000,2,512,256,9310
15277,5710,760000,2,512,256,9310
15278,5711,760000,2,512,256,9311
15279,5711,760000,2,512,256,9311
15280,5711,760000,2,512,256,9311
15281,5711,760000,2,512,256,9311
15282,5711,760000,2,512,256,9311
15283,5711,760000,2,512,256,9311
15284,5712,760000,2,512,256,9312
15285,5712,760000,2,512,256,9312
15286,5712,760000,2,512,256,9312
15287,5712,760000,2,512,256,9312
15288,5713,760000,2,512,256,9313
15289,5713,760000,2,512,256,9313
15290,5714,760000,2,512,256,9314
15291,5714,760000,2,512,256,9314
15292,5715,760000,2,512,256,9315
15293,5715,760000,2,512,256,9315
15294,5715,760000,2,512,256,9315
15295,5715,760000,2,512,256,9315
15296,5716,760000,2,512,256,9316
15297,5716,760000,2,512,256,9316
15298,5717,760000,2,512,256,9317
15299,5718,760000,2,512,256,9318
15300,5718,760000,2,512,256,9318
15301,5719,760000,2,512,256,9319
15302,5719,760000,2,512,256,9319
15303,5719,760000,2,512,256,9319
15304,5719,760000,2,512,256,9319
15305,5719,760000,2,512,256,9319
15306,5719,760000,2,512,256,9319
15307,5719,760000,2,512,256,9319
15308,5720,760000,2,512,256,9320
15309,5720,760000,2,512,256,9320
15310,5720,760000,2,512,256,9320
15311,5720,760000,2,512,256,9320
15312,5720,760000,2,512,256,9320
15313,5721,760000,2,512,256,9321
15314,5721,760000,2,512,256,9321
15315,5722,760000,2,512,256,9322
15316,5722,760000,2,512,256,9322
15317,5722,760000,2,512,256,9322
15318,5722,760000,2,512,256,9322
15319,5722,760000,2,512,256,9322
15320,5722,760000,2,512,256,9322
15321,5722,760000,2,512,256,9322
15322,5722,760000,2,512,256,9322
15323,5723,760000,2,512,256,9323
15324,5723,760000,2,512,256,9323
15325,5723,760000,2,512,256,9323
15326,5723,760000,2,512,256,9323
15327,5723,760000,2,512,256,9323
15328,5723,760000,2,512,256,9323
15329,5724,760000,2,512,256,9324
15330,5724,760000,2,512,256,9324
15331,5724,760000,2,512,256,9324
15332,5724,760000,2,512,256,9324
15333,5724,760000,2,512,256,9324
15334,5724,760000,2,512,256,9324
15335,5725,760000,2,512,256,9325
15336,5725,760000,2,512,256,9325
15337,5726,760000,2,512,256,9326
15338,5726,760000,2,512,256,9326
15339,5726,760000,2,512,256,9326
15340,5727,760000,2,512,256,9327
15341,5727,760000,2,512,256,9327
15342,5727,760000,2,512,256,9327
15343,5728,760000,2,512,256,9328
15344,5729,760000,2,512,256,9329
15345,5729,760000,2,512,256,9329
15346,5729,760000,2,512,256,9329
15347,5729,760000,2,512,256,9329
15348,5730,760000,2,512,256,9330
15349,5730,760000,2,512,256,9330
15350,5730,760000,2,512,256,9330
15351,5730,760000,2,512,256,9330
15352,5730,760000,2,512,256,9330
15353,5731,760000,2,512,256,9331
15354,5731,760000,2,512,256,9331
15355,5732,760000,2,512,256,9332
15356,5732,760000,2,512,256,9332
15357,5732,760000,2,512,256,9332
15358,5732,760000,2,512,256,9332
15359,5732,760000,2,512,256,9332
15360,5732,760000,2,512,256,9332
15361,5733,760000,2,512,256,9333
15362,5733,760000,2,512,256,9333
15363,5733,760000,2,512,256,9333
15364,5733,760000,2,512,256,9333
15365,5734,760000,2,512,256,9334
15366,5735,760000,2,512,256,9335
15367,5735,760000,2,512,256,9335
15368,5735,760000,2,512,256,9335
15369,5735,760000,2,512,256,9335
15370,5735,760000,2,512,256,9335
15371,5735,760000,2,512,256,9335
15372,5735,760000,2,512,256,9335
15373,5735,760000,2,512,256,9335
15374,5736,760000,2,512,256,9336
15375,5736,760000,2,512,256,9336
15376,5737,760000,2,512,256,9337
15377,5737,760000,2,512,256,9337
15378,5737,760000,2,512,256,9337
15379,5738,760000,2,512,256,9338
15380,5738,760000,2,512,256,9338
15381,5738,760000,2,512,256,9338
15382,5738,760000,2,512,256,9338
15383,5738,760000,2,512,256,9338
15384,5738,760000,2,512,256,9338
15385,5738,760000,2,512,256,9338
15386,5739,760000,2,512,256,9339
15387,5739,760000,2,512,256,9339
15388,5740,760000,2,512,256,9340
15389,5740,760000,2,512,256,9340
15390,5740,760000,2,512,256,9340
15391,5740,760000,2,512,256,9340
15392,5741,760000,2,512,256,9341
15393,5741,760000,2,512,256,9341
15394,5741,760000,2,512,256,9341
15395,5741,760000,2,512,256,9341
15396,5741,760000,2,512,256,9341
15397,5741,760000,2,512,256,9341
15398,5741,760000,2,512,256,9341
15399,5742,760000,2,512,256,9342
15400,5742,760000,2,512,256,9342
15401,5742,760000,2,512,256,9342
15402,5742,760000,2,512,256,9342
15403,5742,760000,2,512,256,9342
15404,5742,760000,2,512,256,9342
15405,5742,760000,2,512,256,9342
15406,5742,760000,2,512,256,9342
15407,5742,760000,2,512,256,9342
15408,5742,760000,2,512,256,9342
15409,5743,760000,2,512,256,9343
15410,5744,760000,2,512,256,9344
15411,5745,760000,2,512,256,9345
15412,5745,760000,2,512,256,9345
15413,5745,760000,2,512,256,9345
15414,5745,760000,2,512,256,9345
15415,5745,760000,2,512,256,9345
15416,5745,760000,2,512,256,9345
15417,5746,760000,2,512,256,9346
15418,5746,760000,2,512,256,9346
15419,5746,760000,2,512,256,9346
15420,5746,760000,2,512,256,9346
15421,5747,760000,2,512,256,9347
15422,5747,760000,2,512,256,9347
15423,5747,760000,2,512,256,9347
15424,5747,760000,2,512,256,9347
15425,5747,760000,2,512,256,9347
15426,5747,760000,2,512,256,9347
15427,5748,760000,2,512,256,9348
15428,5748,760000,2,512,256,9348
15429,5749,760000,2,512,256,9349
15430,5749,760000,2,512,256,9349
15431,5750,760000,2,512,256,9350
15432,5750,760000,2,512,256,9350
15433,5750,760000,2,512,256,9350
15434,5751,760000,2,512,256,9351
15435,5751,760000,2,512,256,9351
15436,5751,760000,2,512,256,9351
15437,5751,760000,2,512,256,9351
15438,5751,760000,2,512,256,9351
15439,5751,760000,2,512,256,9351
15440,5751,760000,2,512,256,9351
15441,5752,760000,2,512,256,9352
15442,5752,760000,2,512,256,9352
15443,5752,760000,2,512,256,9352
15444,5753,760000,2,512,256,9353
15445,5753,760000,2,512,256,9353
15446,5753,760000,2,512,256,9353
15447,5754,760000,2,512,256,9354
15448,5754,760000,2,512,256,9354
15449,5754,760000,2,512,256,9354
15450,5755,760000,2,512,256,9355
15451,5755,760000,2,512,256,9355
15452,5755,760000,2,512,256,9355
15453,5756,760000,2,512,256,9356
15454,5756,760000,2,512,256,9356
15455,5756,760000,2,512,256,9356
15456,5756,760000,2,512,256,9356
15457,5757,760000,2,512,256,9357
15458,5757,760000,2,512,256,9357
15459,5757,760000,2,512,256,9357
15460,5757,760000,2,512,256,9357
15461,5757,760000,2,512,256,9357
15462,5758,760000,2,512,256,9358
15463,5758,760000,2,512,256,9358
15464,5758,760000,2,512,256,9358
15465,5758,760000,2,512,256,9358
15466,5758,760000,2,512,256,9358
15467,5758,760000,2,512,256,9358
15468,5758,760000,2,512,256,9358
15469,5758,760000,2,512,256,9358
15470,5758,760000,2,512,256,9358
15471,5759,760000,2,512,256,9359
15472,5759,760000,2,512,256,9359
15473,5759,760000,2,512,256,9359
15474,5759,760000,2,512,256,9359
15475,5760,760000,2,512,256,9360
15476,5760,760000,2,512,256,9360
15477,5760,760000,2,512,256,9360
15478,5760,760000,2,512,256,9360
15479,5760,760000,2,512,256,9360
15480,5760,760000,2,512,256,9360
15481,5760,760000,2,512,256,9360
15482,5761,760000,2,512,256,9361
15483,5761,760000,2,512,256,9361
15484,5761,760000,2,512,256,9361
15485,5761,760000,2,512,256,9361
15486,5761,760000,2,512,256,9361
15487,5761,760000,2,512,256,9361
15488,5762,760000,2,512,256,9362
15489,5762,760000,2,512,256,9362
15490,5762,760000,2,512,256,9362
15491,5762,760000,2,512,256,9362
15492,5762,760000,2,512,256,9362
15493,5762,760000,2,512,256,9362
15494,5762,760000,2,512,256,9362
15495,5763,760000,2,512,256,9363
15496,5763,760000,2,512,256,9363
15497,5763,760000,2,512,256,9363
15498,5763,760000,2,512,256,9363
15499,5763,760000,2,512,256,9363
15500,5763,760000,2,512,256,9363
15501,5764,760000,2,512,256,9364
15502,5764,760000,2,512,256,9364
15503,5764,760000,2,512,256,9364
15504,5764,760000,2,512,256,9364
15505,5764,760000,2,512,256,9364
15506,5764,760000,2,512,256,9364
15507,5765,760000,2,512,256,9365
15508,5765,760000,2,512,256,9365
15509,5765,760000,2,512,256,9365
15510,5765,760000,2,512,256,9365
15511,5765,760000,2,512,256,9365
15512,5766,760000,2,512,256,9366
15513,5766,760000,2,512,256,9366
15514,5766,760000,2,512,256,9366
15515,5766,760000,2,512,256,9366
15516,5766,760000,2,512,256,9366
15517,5766,760000,2,512,256,9366
15518,5766,760000,2,512,256,9366
15519,5766,760000,2,512,256,9366
15520,5767,760000,2,512,256,9367
15521,5767,760000,2,512,256,9367
15522,5767,760000,2,512,256,9367
15523,5767,760000,2,512,256,9367
15524,5768,760000,2,512,256,9368
15525,5768,760000,2,512,256,9368
15526,5768,760000,2,512,256,9368
15527,5768,760000,2,512,256,9368
15528,5768,760000,2,512,256,9368
15529,5769,760000,2,512,256,9369
15530,5769,760000,2,512,256,9369
15531,5769,760000,2,512,256,9369
15532,5769,760000,2,512,256,9369
15533,5769,760000,2,512,256,9369
15534,5769,760000,2,512,256,9369
15535,5770,760000,2,512,256,9370
15536,5770,760000,2,512,256,9370
15537,5770,760000,2,512,256,9370
15538,5770,760000,2,512,256,9370
15539,5770,760000,2,512,256,9370
15540,5771,760000,2,512,256,9371
15541,5771,760000,2,512,256,9371
15542,5771,760000,2,512,256,9371
15543,5771,760000,2,512,256,9371
15544,5771,760000,2,512,256,9371
15545,5771,760000,2,512,256,9371
15546,5771,760000,2,512,256,9371
15547,5772,760000,2,512,256,9372
15548,5772,760000,2,512,256,9372
15549,5772,760000,2,512,256,9372
15550,5772,760000,2,512,256,9372
15551,5773,760000,2,512,256,9373
15552,5773,760000,2,512,256,9373
15553,5773,760000,2,512,256,9373
15554,5773,760000,2,512,256,9373
15555,5773,760000,2,512,256,9373
15556,5773,760000,2,512,256,9373
15557,5774,760000,2,512,256,9374
15558,5774,760000,2,512,256,9374
15559,5774,760000,2,512,256,9374
15560,5774,760000,2,512,256,9374
15561,5775,760000,2,512,256,9375
15562,5775,760000,2,512,256,9375
15563,5775,760000,2,512,256,9375
15564,5775,760000,2,512,256,9375
15565,5776,760000,2,512,256,9376
15566,5776,760000,2,512,256,9376
15567,5776,760000,2,512,256,9376
15568,5776,760000,2,512,256,9376
15569,5776,760000,2,512,256,9376
15570,5776,760000,2,512,256,9376
15571,5777,760000,2,512,256,9377
15572,5777,760000,2,512,256,9377
15573,5777,760000,2,512,256,9377
15574,5777,760000,2,512,256,9377
15575,5777,760000,2,512,256,9377
15576,5777,760000,2,512,256,9377
15577,5777,760000,2,512,256,9377
15578,5777,760000,2,512,256,9377
15579,5778,760000,2,512,256,9378
15580,5778,760000,2,512,256,9378
15581,5778,760000,2,512,256,9378
15582,5779,760000,2,512,256,9379
15583,5779,760000,2,512,256,9379
15584,5780,760000,2,512,256,9380
15585,5781,760000,2,512,256,9381
15586,5781,760000,2,512,256,9381
15587,5781,760000,2,512,256,9381
15588,5781,760000,2,512,256,9381
15589,5782,760000,2,512,256,9382
15590,5782,760000,2,512,256,9382
15591,5782,760000,2,512,256,9382
15592,5782,760000,2,512,256,9382
15593,5782,760000,2,512,256,9382
15594,5782,760000,2,512,256,9382
15595,5783,760000,2,512,256,9383
15596,5783,760000,2,512,256,9383
15597,5783,760000,2,512,256,9383
15598,5783,760000,2,512,256,9383
15599,5783,760000,2,512,256,9383
15600,5783,760000,2,512,256,9383
15601,5783,760000,2,512,256,9383
15602,5784,760000,2,512,256,9384
15603,5784,760000,2,512,256,9384
15604,5784,760000,2,512,256,9384
15605,5784,760000,2,512,256,9384
15606,5784,760000,2,512,256,9384
15607,5784,760000,2,512,256,9384
15608,5785,760000,2,512,256,9385
15609,5785,760000,2,512,256,9385
15610,5785,760000,2,512,256,9385
15611,5785,760000,2,512,256,9385
15612,5785,760000,2,512,256,9385
15613,5786,760000,2,512,256,9386
15614,5786,760000,2,512,256,9386
15615,5787,760000,2,512,256,9387
15616,5787,760000,2,512,256,9387
15617,5787,760000,2,512,256,9387
15618,5787,760000,2,512,256,9387
15619,5787,760000,2,512,256,9387
15620,5788,760000,2,512,256,9388
15621,5788,760000,2,512,256,9388
15622,5788,760000,2,512,256,9388
15623,5788,760000,2,512,256,9388
15624,5789,760000,2,512,256,9389
15625,5789,760000,2,512,256,9389
15626,5789,760000,2,512,256,9389
15627,5789,760000,2,512,256,9389
15628,5789,760000,2,512,256,9389
15629,5789,760000,2,512,256,9389
15630,5790,760000,2,512,256,9390
15631,5790,760000,2,512,256,9390
15632,5790,760000,2,512,256,9390
15633,5791,760000,2,512,256,9391
15634,5791,760000,2,512,256,9391
15635,5791,760000,2,512,256,9391
15636,5792,760000,2,512,256,9392
15637,5792,760000,2,512,256,9392
15638,5792,760000,2,512,256,9392
15639,5792,760000,2,512,256,9392
15640,5793,760000,2,512,256,9393
15641,5793,760000,2,512,256,9393
15642,5794,760000,2,512,256,9394
15643,5794,760000,2,512,256,9394
15644,5795,760000,2,512,256,9395
15645,5795,760000,2,512,256,9395
15646,5795,760000,2,512,256,9395
15647,5795,760000,2,512,256,9395
15648,5795,760000,2,512,256,9395
15649,5796,760000,2,512,256,9396
15650,5796,760000,2,512,256,9396
15651,5796,760000,2,512,256,9396
15652,5796,760000,2,512,256,9396
15653,5796,760000,2,512,256,9396
15654,5796,760000,2,512,256,9396
15655,5796,760000,2,512,256,9396
15656,5796,760000,2,512,256,9396
15657,5797,760000,2,512,256,9397
15658,5797,760000,2,512,256,9397
15659,5797,760000,2,512,256,9397
15660,5797,760000,2,512,256,9397
15661,5798,760000,2,512,256,9398
15662,5798,760000,2,512,256,9398
15663,5798,760000,2,512,256,9398
15664,5798,760000,2,512,256,9398
15665,5799,760000,2,512,256,9399
15666,5799,760000,2,512,256,9399
15667,5799,760000,2,512,256,9399
15668,5799,760000,2,512,256,9399
15669,5800,760000,2,512,256,9400
15670,5800,760000,2,512,256,9400
15671,5800,760000,2,512,256,9400
15672,5801,760000,2,512,256,9401
15673,5801,760000,2,512,256,9401
15674,5801,760000,2,512,256,9401
15675,5802,760000,2,512,256,9402
15676,5802,760000,2,512,256,9402
15677,5802,760000,2,512,256,9402
15678,5802,760000,2,512,256,9402
15679,5802,760000,2,512,256,9402
15680,5802,760000,2,512,256,9402
15681,5802,760000,2,512,256,9402
15682,5802,760000,2,512,256,9402
15683,5802,760000,2,512,256,9402
15684,5802,760000,2,512,256,9402
15685,5802,760000,2,512,256,9402
15686,5803,760000,2,512,256,9403
15687,5803,760000,2,512,256,9403
15688,5803,760000,2,512,256,9403
15689,5804,760000,2,512,256,9404
15690,5804,760000,2,512,256,9404
15691,5804,760000,2,512,256,9404
15692,5805,760000,2,512,256,9405
15693,5805,760000,2,512,256,9405
15694,5805,760000,2,512,256,9405
15695,5805,760000,2,512,256,9405
15696,5806,760000,2,512,256,9406
15697,5806,760000,2,512,256,9406
15698,5806,760000,2,512,256,9406
15699,5807,760000,2,512,256,9407
15700,5807,760000,2,512,256,9407
15701,5807,760000,2,512,256,9407
15702,5807,760000,2,512,256,9407
15703,5807,760000,2,512,256,9407
15704,5807,760000,2,512,256,9407
15705,5807,760000,2,512,256,9407
15706,5808,760000,2,512,256,9408
15707,5808,760000,2,512,256,9408
15708,5808,760000,2,512,256,9408
15709,5808,760000,2,512,256,9408
15710,5809,760000,2,512,256,9409
15711,5810,760000,2,512,256,9410
15712,5810,760000,2,512,256,9410
15713,5810,760000,2,512,256,9410
15714,5810,760000,2,512,256,9410
15715,5810,760000,2,512,256,9410
15716,5810,760000,2,512,256,9410
15717,5810,760000,2,512,256,9410
15718,5810,760000,2,512,256,9410
15719,5810,760000,2,512,256,9410
15720,5814,760000,2,512,256,9414
15721,5814,760000,2,512,256,9414
15722,5815,760000,2,512,256,9415
15723,5815,760000,2,512,256,9415
15724,5817,760000,2,512,256,9417
15725,5818,760000,2,512,256,9418
15726,5824,760000,2,512,256,9424
15727,5824,760000,2,512,256,9424
15728,5839,760000,2,512,256,9439
15729,5839,760000,2,512,256,9439
15730,5845,760000,2,512,256,9445
15731,5850,760000,2,512,256,9450
15732,5854,760000,2,512,256,9454
15733,5855,760000,2,512,256,9455
15734,5856,760000,2,512,256,9456
15735,5857,760000,2,512,256,9457
15736,5864,760000,2,512,256,9464
15737,5866,760000,2,512,256,9466
15738,5866,760000,2,512,256,9466
15739,5867,760000,2,512,256,9467
15740,5867,760000,2,512,256,9467
15741,5868,760000,2,512,256,9468
15742,5869,760000,2,512,256,9469
15743,5870,760000,2,512,256,9470
15744,5871,760000,2,512,256,9471
15745,5872,760000,2,512,256,9472
15746,5872,760000,2,512,256,9472
15747,5872,760000,2,512,256,9472
15748,5879,760000,2,512,256,9479
15749,5880,760000,2,512,256,9480
15750,5881,760000,2,512,256,9481
15751,5881,760000,2,512,256,9481
15752,5881,760000,2,512,256,9481
15753,5881,760000,2,512,256,9481
15754,5881,760000,2,512,256,9481
15755,5881,760000,2,512,256,9481
15756,5881,760000,2,512,256,9481
15757,5881,760000,2,512,256,9481
15758,5882,760000,2,512,256,9482
15759,5882,760000,2,512,256,9482
15760,5882,760000,2,512,256,9482
15761,5882,760000,2,512,256,9482
15762,5882,760000,2,512,256,9482
15763,5883,760000,2,512,256,9483
15764,5883,760000,2,512,256,9483
15765,5883,760000,2,512,256,9483
15766,5883,760000,2,512,256,9483
15767,5883,760000,2,512,256,9483
15768,5883,760000,2,512,256,9483
15769,5883,760000,2,512,256,9483
15770,5884,760000,2,512,256,9484
15771,5884,760000,2,512,256,9484
15772,5884,760000,2,512,256,9484
15773,5885,760000,2,512,256,9485
15774,5885,760000,2,512,256,9485
15775,5886,760000,2,512,256,9486
15776,5886,760000,2,512,256,9486
15777,5886,760000,2,512,256,9486
15778,5886,760000,2,512,256,9486
15779,5886,760000,2,512,256,9486
15780,5887,760000,2,512,256,9487
15781,5887,760000,2,512,256,9487
15782,5887,760000,2,512,256,9487
15783,5888,760000,2,512,256,9488
15784,5888,760000,2,512,256,9488
15785,5888,760000,2,512,256,9488
15786,5888,760000,2,512,256,9488
15787,5889,760000,2,512,256,9489
15788,5889,760000,2,512,256,9489
15789,5889,760000,2,512,256,9489
15790,5889,760000,2,512,256,9489
15791,5889,760000,2,512,256,9489
15792,5890,760000,2,512,256,9490
15793,5890,760000,2,512,256,9490
15794,5890,760000,2,512,256,9490
15795,5890,760000,2,512,256,9490
15796,5890,760000,2,512,256,9490
15797,5890,760000,2,512,256,9490
15798,5890,760000,2,512,256,9490
15799,5890,760000,2,512,256,9490
15800,5891,760000,2,512,256,9491
15801,5891,760000,2,512,256,9491
15802,5891,760000,2,512,256,9491
15803,5892,760000,2,512,256,9492
15804,5892,760000,2,512,256,9492
15805,5893,760000,2,512,256,9493
15806,5893,760000,2,512,256,9493
15807,5893,760000,2,512,256,9493
15808,5894,760000,2,512,256,9494
15809,5894,760000,2,512,256,9494
15810,5894,760000,2,512,256,9494
15811,5895,760000,2,512,256,9495
15812,5895,760000,2,512,256,9495
15813,5895,760000,2,512,256,9495
15814,5896,760000,2,512,256,9496
15815,5896,760000,2,512,256,9496
15816,5896,760000,2,512,256,9496
15817,5897,760000,2,512,256,9497
15818,5897,760000,2,512,256,9497
15819,5897,760000,2,512,256,9497
15820,5897,760000,2,512,256,9497
15821,5897,760000,2,512,256,9497
15822,5897,760000,2,512,256,9497
15823,5897,760000,2,512,256,9497
15824,5898,760000,2,512,256,9498
15825,5898,760000,2,512,256,9498
15826,5898,760000,2,512,256,9498
15827,5898,760000,2,512,256,9498
15828,5898,760000,2,512,256,9498
15829,5898,760000,2,512,256,9498
15830,5899,760000,2,512,256,9499
15831,5899,760000,2,512,256,9499
15832,5899,760000,2,512,256,9499
15833,5900,760000,2,512,256,9500
15834,5900,760000,2,512,256,9500
15835,5900,760000,2,512,256,9500
15836,5900,760000,2,512,256,9500
15837,5900,760000,2,512,256,9500
15838,5900,760000,2,512,256,9500
15839,5901,760000,2,512,256,9501
15840,5901,760000,2,512,256,9501
15841,5901,760000,2,512,256,9501
15842,5901,760000,2,512,256,9501
15843,5902,760000,2,512,256,9502
15844,5902,760000,2,512,256,9502
15845,5902,760000,2,512,256,9502
15846,5902,760000,2,512,256,9502
15847,5902,760000,2,512,256,9502
15848,5902,760000,2,512,256,9502
15849,5902,760000,2,512,256,9502
15850,5903,760000,2,512,256,9503
15851,5903,760000,2,512,256,9503
15852,5903,760000,2,512,256,9503
15853,5903,760000,2,512,256,9503
15854,5904,760000,2,512,256,9504
15855,5904,760000,2,512,256,9504
15856,5904,760000,2,512,256,9504
15857,5904,760000,2,512,256,9504
15858,5904,760000,2,512,256,9504
15859,5904,760000,2,512,256,9504
15860,5904,760000,2,512,256,9504
15861,5904,760000,2,512,256,9504
15862,5904,760000,2,512,256,9504
15863,5905,760000,2,512,256,9505
15864,5905,760000,2,512,256,9505
15865,5905,760000,2,512,256,9505
15866,5905,760000,2,512,256,9505
15867,5905,760000,2,512,256,9505
15868,5906,760000,2,512,256,9506
15869,5906,760000,2,512,256,9506
15870,5906,760000,2,512,256,9506
15871,5906,760000,2,512,256,9506
15872,5906,760000,2,512,256,9506
15873,5906,760000,2,512,256,9506
15874,5907,760000,2,512,256,9507
15875,5907,760000,2,512,256,9507
15876,5907,760000,2,512,256,9507
15877,5907,760000,2,512,256,9507
15878,5907,760000,2,512,256,9507
15879,5907,760000,2,512,256,9507
15880,5908,760000,2,512,256,9508
15881,5908,760000,2,512,256,9508
15882,5908,760000,2,512,256,9508
15883,5908,760000,2,512,256,9508
15884,5908,760000,2,512,256,9508
15885,5909,760000,2,512,256,9509
15886,5909,760000,2,512,256,9509
15887,5910,760000,2,512,256,9510
15888,5910,760000,2,512,256,9510
15889,5910,760000,2,512,256,9510
15890,5911,760000,2,512,256,9511
15891,5911,760000,2,512,256,9511
15892,5911,760000,2,512,256,9511
15893,5911,760000,2,512,256,9511
15894,5911,760000,2,512,256,9511
15895,5911,760000,2,512,256,9511
15896,5911,760000,2,512,256,9511
15897,5911,760000,2,512,256,9511
15898,5911,760000,2,512,256,9511
15899,5912,760000,2,512,256,9512
15900,5912,760000,2,512,256,9512
15901,5912,760000,2,512,256,9512
15902,5913,760000,2,512,256,9513
15903,5913,760000,2,512,256,9513
15904,5913,760000,2,512,256,9513
15905,5913,760000,2,512,256,9513
15906,5913,760000,2,512,256,9513
15907,5914,760000,2,512,256,9514
15908,5914,760000,2,512,256,9514
15909,5914,760000,2,512,256,9514
15910,5915,760000,2,512,256,9515
15911,5915,760000,2,512,256,9515
15912,5915,760000,2,512,256,9515
15913,5915,760000,2,512,256,9515
15914,5916,760000,2,512,256,9516
15915,5916,760000,2,512,256,9516
15916,5916,760000,2,512,256,9516
15917,5916,760000,2,512,256,9516
15918,5916,760000,2,512,256,9516
15919,5917,760000,2,512,256,9517
15920,5917,760000,2,512,256,9517
15921,5917,760000,2,512,256,9517
15922,5917,760000,2,512,256,9517
15923,5917,760000,2,512,256,9517
15924,5917,760000,2,512,256,9517
15925,5917,760000,2,512,256,9517
15926,5918,760000,2,512,256,9518
15927,5919,760000,2,512,256,9519
15928,5919,760000,2,512,256,9519
15929,5919,760000,2,512,256,9519
15930,5919,760000,2,512,256,9519
15931,5920,760000,2,512,256,9520
15932,5920,760000,2,512,256,9520
15933,5920,760000,2,512,256,9520
15934,5920,760000,2,512,256,9520
15935,5920,760000,2,512,256,9520
15936,5921,760000,2,512,256,9521
15937,5921,760000,2,512,256,9521
15938,5921,760000,2,512,256,9521
15939,5922,760000,2,512,256,9522
15940,5922,760000,2,512,256,9522
15941,5922,760000,2,512,256,9522
15942,5922,760000,2,512,256,9522
15943,5923,760000,2,512,256,9523
15944,5923,760000,2,512,256,9523
15945,5923,760000,2,512,256,9523
15946,5925,760000,2,512,256,9525
15947,5925,760000,2,512,256,9525
15948,5925,760000,2,512,256,9525
15949,5925,760000,2,512,256,9525
15950,5925,760000,2,512,256,9525
15951,5925,760000,2,512,256,9525
15952,5926,760000,2,512,256,9526
15953,5926,760000,2,512,256,9526
15954,5926,760000,2,512,256,9526
15955,5926,760000,2,512,256,9526
15956,5926,760000,2,512,256,9526
15957,5926,760000,2,512,256,9526
15958,5927,760000,2,512,256,9527
15959,5927,760000,2,512,256,9527
15960,5927,760000,2,512,256,9527
15961,5927,760000,2,512,256,9527
15962,5927,760000,2,512,256,9527
15963,5928,760000,2,512,256,9528
15964,5928,760000,2,512,256,9528
15965,5929,760000,2,512,256,9529
15966,5929,760000,2,512,256,9529
15967,5932,760000,2,512,256,9532
15968,5932,760000,2,512,256,9532
15969,5932,760000,2,512,256,9532
15970,5932,760000,2,512,256,9532
15971,5932,760000,2,512,256,9532
15972,5932,760000,2,512,256,9532
15973,5933,760000,2,512,256,9533
15974,5933,760000,2,512,256,9533
15975,5934,760000,2,512,256,9534
15976,5934,760000,2,512,256,9534
15977,5934,760000,2,512,256,9534
15978,5934,760000,2,512,256,9534
15979,5934,760000,2,512,256,9534
15980,5934,760000,2,512,256,9534
15981,5934,760000,2,512,256,9534
15982,5935,760000,2,512,256,9535
15983,5935,760000,2,512,256,9535
15984,5935,760000,2,512,256,9535
15985,5935,760000,2,512,256,9535
15986,5935,760000,2,512,256,9535
15987,5935,760000,2,512,256,9535
15988,5935,760000,2,512,256,9535
15989,5935,760000,2,512,256,9535
15990,5936,760000,2,512,256,9536
15991,5936,760000,2,512,256,9536
15992,5936,760000,2,512,256,9536
15993,5937,760000,2,512,256,9537
15994,5939,760000,2,512,256,9539
15995,5940,760000,2,512,256,9540
15996,5944,760000,2,512,256,9544
15997,5958,760000,2,512,256,9558
15998,5966,760000,2,512,256,9566
15999,5975,760000,2,512,256,9575
