cloudlet_id,arrival_time,length,pes_required,file_size,output_size,deadline
0,1,14355078,2,9570,4785,3601
1,3,6749479,2,4499,2249,3603
2,4,6167430,3,4111,2055,3604
3,4,12086995,1,8057,4028,3604
4,5,14470420,3,9646,4823,3605
5,5,10196607,3,6797,3398,3605
6,5,4217622,2,2811,1405,3605
7,7,3884725,2,2589,1294,3607
8,10,3583317,4,2388,1194,3610
9,10,2048805,1,1365,682,3610
10,13,10508610,2,7005,3502,3613
11,14,15085560,1,10057,5028,3614
12,15,9954715,4,6636,3318,3615
13,15,2003036,3,1335,667,3615
14,15,9155453,1,6103,3051,3615
15,15,9281471,3,6187,3093,3615
16,15,19461488,2,12974,6487,3615
17,16,3448105,1,2298,1149,3616
18,17,8254460,3,5502,2751,3617
19,18,17703166,2,11802,5901,3618
20,18,12043154,2,8028,4014,3618
21,18,12553934,2,8369,4184,3618
22,21,10531591,2,7021,3510,3621
23,21,11502178,2,7668,3834,3621
24,23,13519732,2,9013,4506,3623
25,24,6366961,1,4244,2122,3624
26,24,13972439,4,9314,4657,3624
27,25,3827287,1,2551,1275,3625
28,26,11495077,2,7663,3831,3626
29,27,10820733,2,7213,3606,3627
30,28,7237650,4,4825,2412,3628
31,28,9912939,1,6608,3304,3628
32,30,7209495,1,4806,2403,3630
33,31,5185202,1,3456,1728,3631
34,33,8421497,2,5614,2807,3633
35,34,5039689,1,3359,1679,3634
36,35,11469971,2,7646,3823,3635
37,40,4831938,1,3221,1610,3640
38,41,13223938,2,8815,4407,3641
39,41,4690453,1,3126,1563,3641
40,46,7462983,1,4975,2487,3646
41,46,7200197,3,4800,2400,3646
42,48,15987389,1,10658,5329,3648
43,49,11503739,3,7669,3834,3649
44,52,9060930,1,6040,3020,3652
45,55,12262822,4,8175,4087,3655
46,59,2003036,3,1335,667,3659
47,59,9820782,1,6547,3273,3659
48,60,19017635,1,12678,6339,3660
49,60,10611641,3,7074,3537,3660
50,63,10321251,2,6880,3440,3663
51,65,12485500,2,8323,4161,3665
52,66,14051519,3,9367,4683,3666
53,68,2003036,1,1335,667,3668
54,69,2433218,2,1622,811,3669
55,70,10962925,3,7308,3654,3670
56,72,6793351,3,4528,2264,3672
57,73,15928253,2,10618,5309,3673
58,73,8594741,2,5729,2864,3673
59,75,2003036,1,1335,667,3675
60,76,4300455,1,2866,1433,3676
61,77,2003036,2,1335,667,3677
62,77,8960014,2,5973,2986,3677
63,79,9166163,2,6110,3055,3679
64,79,8102197,3,5401,2700,3679
65,80,14877503,1,9918,4959,3680
66,80,15416703,2,10277,5138,3680
67,82,9247266,2,6164,3082,3682
68,83,2003036,1,1335,667,3683
69,83,12797161,3,8531,4265,3683
70,83,12518092,3,8345,4172,3683
71,88,11409553,2,7606,3803,3688
72,88,14438541,4,9625,4812,3688
73,88,4765496,1,3176,1588,3688
74,88,19068297,2,12712,6356,3688
75,90,5691200,2,3794,1897,3690
76,96,13391799,1,8927,4463,3696
77,97,2410589,2,1607,803,3697
78,98,5822633,1,3881,1940,3698
79,99,16849194,3,11232,5616,3699
80,100,8839347,3,5892,2946,3700
81,100,13800567,2,9200,4600,3700
82,103,11083096,1,7388,3694,3703
83,103,9542149,1,6361,3180,3703
84,104,16161820,3,10774,5387,3704
85,106,8948597,2,5965,2982,3706
86,106,2003036,1,1335,667,3706
87,108,6395111,3,4263,2131,3708
88,108,12499306,2,8332,4166,3708
89,115,11797670,1,7865,3932,3715
90,116,2952713,3,1968,984,3716
91,117,6750689,1,4500,2250,3717
92,117,7393459,1,4928,2464,3717
93,119,8368069,2,5578,2789,3719
94,120,3814169,4,2542,1271,3720
95,120,7183216,4,4788,2394,3720
96,120,6731454,2,4487,2243,3720
97,122,13492347,2,8994,4497,3722
98,123,13661750,3,9107,4553,3723
99,124,9358035,1,6238,3119,3724
100,125,8248321,3,5498,2749,3725
101,128,10645793,1,7097,3548,3728
102,130,6335013,2,4223,2111,3730
103,134,4846601,2,3231,1615,3734
104,134,5777761,3,3851,1925,3734
105,134,7154183,2,4769,2384,3734
106,135,4771599,1,3181,1590,3735
107,136,10745553,2,7163,3581,3736
108,137,13303883,3,8869,4434,3737
109,137,2862396,2,1908,954,3737
110,139,10128429,2,6752,3376,3739
111,139,9023965,4,6015,3007,3739
112,141,11554300,2,7702,3851,3741
113,144,9956865,2,6637,3318,3744
114,144,3464053,3,2309,1154,3744
115,145,4325804,2,2883,1441,3745
116,145,10147785,1,6765,3382,3745
117,146,14651719,1,9767,4883,3746
118,146,2003036,2,1335,667,3746
119,147,11573309,3,7715,3857,3747
120,147,15376602,2,10251,5125,3747
121,149,9325516,3,6217,3108,3749
122,149,12494847,2,8329,4164,3749
123,150,6846565,3,4564,2282,3750
124,150,9477215,2,6318,3159,3750
125,151,2709996,2,1806,903,3751
126,156,2003036,3,1335,667,3756
127,158,14264063,4,9509,4754,3758
128,158,5575973,1,3717,1858,3758
129,162,7962191,2,5308,2654,3762
130,162,3766718,3,2511,1255,3762
131,163,3660684,4,2440,1220,3763
132,164,9231721,2,6154,3077,3764
133,165,6727098,2,4484,2242,3765
134,167,11718629,3,7812,3906,3767
135,167,12054692,3,8036,4018,3767
136,168,11461193,2,7640,3820,3768
137,170,11090511,2,7393,3696,3770
138,170,17125911,3,11417,5708,3770
139,171,5203714,4,3469,1734,3771
140,171,9767596,3,6511,3255,3771
141,172,15120019,2,10080,5040,3772
142,173,15714244,2,10476,5238,3773
143,173,3607531,3,2405,1202,3773
144,175,8607445,2,5738,2869,3775
145,176,16135999,2,10757,5378,3776
146,177,12305004,1,8203,4101,3777
147,178,10895195,3,7263,3631,3778
148,180,9034110,1,6022,3011,3780
149,182,8285452,2,5523,2761,3782
150,184,11314132,2,7542,3771,3784
151,184,8877771,4,5918,2959,3784
152,185,9823283,2,6548,3274,3785
153,185,10369409,1,6912,3456,3785
154,187,6959225,1,4639,2319,3787
155,233,12413395,4,8275,4137,3833
156,242,23149184,1,15432,7716,3842
157,242,2006601,1,1337,668,3842
158,243,11475447,4,7650,3825,3843
159,246,6589130,3,4392,2196,3846
160,246,12617433,1,8411,4205,3846
161,246,10225005,2,6816,3408,3846
162,250,13448728,2,8965,4482,3850
163,251,15312987,3,10208,5104,3851
164,253,10882387,4,7254,3627,3853
165,253,15117145,2,10078,5039,3853
166,254,2003036,1,1335,667,3854
167,254,17183076,3,11455,5727,3854
168,256,11705519,1,7803,3901,3856
169,256,14872835,1,9915,4957,3856
170,257,4517405,1,3011,1505,3857
171,259,6271039,1,4180,2090,3859
172,260,10672897,1,7115,3557,3860
173,263,9938391,1,6625,3312,3863
174,265,11290920,2,7527,3763,3865
175,266,14902904,1,9935,4967,3866
176,269,2059630,1,1373,686,3869
177,269,14404015,1,9602,4801,3869
178,271,10052503,2,6701,3350,3871
179,272,9096768,1,6064,3032,3872
180,272,3385112,4,2256,1128,3872
181,274,12282333,1,8188,4094,3874
182,274,2003036,3,1335,667,3874
183,276,12937380,2,8624,4312,3876
184,277,3290511,2,2193,1096,3877
185,278,10256104,1,6837,3418,3878
186,278,9478104,2,6318,3159,3878
187,279,15286088,1,10190,5095,3879
188,282,9210010,2,6140,3070,3882
189,283,6886813,2,4591,2295,3883
190,284,7732006,1,5154,2577,3884
191,286,15751844,3,10501,5250,3886
192,287,12432177,2,8288,4144,3887
193,291,8277209,2,5518,2759,3891
194,292,8949554,2,5966,2983,3892
195,292,2952177,2,1968,984,3892
196,294,11765965,1,7843,3921,3894
197,295,2083988,2,1389,694,3895
198,299,13403397,1,8935,4467,3899
199,299,10594854,1,7063,3531,3899
200,300,20772764,1,13848,6924,3900
201,307,5057054,2,3371,1685,3907
202,308,9552497,3,6368,3184,3908
203,308,18119755,1,12079,6039,3908
204,311,15384569,4,10256,5128,3911
205,312,6877469,3,4584,2292,3912
206,313,11024561,3,7349,3674,3913
207,316,10024189,3,6682,3341,3916
208,316,11285905,4,7523,3761,3916
209,317,6866344,1,4577,2288,3917
210,319,9612626,1,6408,3204,3919
211,321,2813027,2,1875,937,3921
212,322,10624157,3,7082,3541,3922
213,325,12043345,2,8028,4014,3925
214,327,8990237,2,5993,2996,3927
215,328,2736418,3,1824,912,3928
216,330,14470323,2,9646,4823,3930
217,333,11658030,3,7772,3886,3933
218,334,6743151,1,4495,2247,3934
219,334,8750560,1,5833,2916,3934
220,334,3251916,4,2167,1083,3934
221,335,5393829,2,3595,1797,3935
222,335,7591354,1,5060,2530,3935
223,339,15551462,1,10367,5183,3939
224,339,7133045,1,4755,2377,3939
225,339,12900512,1,8600,4300,3939
226,340,7589078,1,5059,2529,3940
227,340,11132636,1,7421,3710,3940
228,342,9377933,2,6251,3125,3942
229,345,13949896,1,9299,4649,3945
230,345,7604874,3,5069,2534,3945
231,348,2928060,2,1952,976,3948
232,349,3786969,2,2524,1262,3949
233,350,7618097,1,5078,2539,3950
234,350,4385877,2,2923,1461,3950
235,352,11863934,2,7909,3954,3952
236,352,7916040,3,5277,2638,3952
237,353,20717126,2,13811,6905,3953
238,353,2183594,3,1455,727,3953
239,354,10932918,2,7288,3644,3954
240,354,4931685,3,3287,1643,3954
241,355,7791502,2,5194,2597,3955
242,355,10652532,1,7101,3550,3955
243,356,2003036,2,1335,667,3956
244,358,11082513,3,7388,3694,3958
245,358,18591259,3,12394,6197,3958
246,360,7971609,2,5314,2657,3960
247,362,11186088,2,7457,3728,3962
248,363,14634326,1,9756,4878,3963
249,364,9276267,3,6184,3092,3964
250,366,7396889,2,4931,2465,3966
251,366,2003036,1,1335,667,3966
252,369,12904014,3,8602,4301,3969
253,369,9505147,1,6336,3168,3969
254,370,5451184,1,3634,1817,3970
255,370,10585728,4,7057,3528,3970
256,371,7384630,3,4923,2461,3971
257,371,7633651,2,5089,2544,3971
258,371,12747629,2,8498,4249,3971
259,400,3983316,2,2655,1327,4000
260,410,14735250,1,9823,4911,4010
261,425,3716044,1,2477,1238,4025
262,447,7028495,2,4685,2342,4047
263,451,18681570,2,12454,6227,4051
264,476,15095974,2,10063,5031,4076
265,484,10455063,3,6970,3485,4084
266,493,5776368,2,3850,1925,4093
267,518,7629838,1,5086,2543,4118
268,518,10345417,2,6896,3448,4118
269,522,10184289,2,6789,3394,4122
270,524,9605638,2,6403,3201,4124
271,535,9876221,2,6584,3292,4135
272,536,9049026,4,6032,3016,4136
273,537,3516425,1,2344,1172,4137
274,538,7687352,2,5124,2562,4138
275,539,14137233,2,9424,4712,4139
276,544,3848328,1,2565,1282,4144
277,544,9160884,3,6107,3053,4144
278,545,6320686,3,4213,2106,4145
279,545,10517016,2,7011,3505,4145
280,547,8263674,2,5509,2754,4147
281,547,16673540,2,11115,5557,4147
282,548,12298262,2,8198,4099,4148
283,549,4103104,2,2735,1367,4149
284,551,13040289,2,8693,4346,4151
285,553,6523954,2,4349,2174,4153
286,554,7414753,3,4943,2471,4154
287,554,11429507,1,7619,3809,4154
288,558,7798956,1,5199,2599,4158
289,558,14039128,1,9359,4679,4158
290,559,6524593,3,4349,2174,4159
291,559,7225691,2,4817,2408,4159
292,559,7057026,3,4704,2352,4159
293,561,7465940,1,4977,2488,4161
294,561,14969048,4,9979,4989,4161
295,563,12849056,1,8566,4283,4163
296,563,17721605,2,11814,5907,4163
297,563,20235065,3,13490,6745,4163
298,564,5369911,1,3579,1789,4164
299,565,10332545,1,6888,3444,4165
300,565,4714243,2,3142,1571,4165
301,565,6510640,4,4340,2170,4165
302,568,7175503,2,4783,2391,4168
303,568,5250761,4,3500,1750,4168
304,568,5274501,3,3516,1758,4168
305,569,9364913,2,6243,3121,4169
306,570,4531635,1,3021,1510,4170
307,570,13810501,3,9207,4603,4170
308,572,5879019,1,3919,1959,4172
309,573,22677428,4,15118,7559,4173
310,574,7980865,2,5320,2660,4174
311,576,10339749,1,6893,3446,4176
312,578,4177295,2,2784,1392,4178
313,579,17704244,3,11802,5901,4179
314,583,15060577,2,10040,5020,4183
315,583,11353327,3,7568,3784,4183
316,584,3945368,1,2630,1315,4184
317,585,10964618,1,7309,3654,4185
318,585,4961079,2,3307,1653,4185
319,587,16605765,2,11070,5535,4187
320,587,13662081,2,9108,4554,4187
321,588,10445306,3,6963,3481,4188
322,591,2003036,1,1335,667,4191
323,593,5583089,2,3722,1861,4193
324,594,13114801,2,8743,4371,4194
325,594,15481439,1,10320,5160,4194
326,595,15014018,1,10009,5004,4195
327,596,2840246,2,1893,946,4196
328,596,11374223,4,7582,3791,4196
329,599,14591933,3,9727,4863,4199
330,599,2541341,1,1694,847,4199
331,600,9979554,1,6653,3326,4200
332,600,11249339,3,7499,3749,4200
333,601,8659683,2,5773,2886,4201
334,601,2003036,3,1335,667,4201
335,605,8547312,1,5698,2849,4205
336,606,8540068,2,5693,2846,4206
337,606,9347841,3,6231,3115,4206
338,608,7475708,2,4983,2491,4208
339,609,8018598,2,5345,2672,4209
340,609,9836229,2,6557,3278,4209
341,610,12009246,3,8006,4003,4210
342,611,8643178,2,5762,2881,4211
343,611,8168960,3,5445,2722,4211
344,611,10431402,2,6954,3477,4211
345,611,2003036,1,1335,667,4211
346,612,12165094,4,8110,4055,4212
347,612,10012640,1,6675,3337,4212
348,614,10194070,1,6796,3398,4214
349,614,14345044,2,9563,4781,4214
350,615,2003036,2,1335,667,4215
351,615,2003036,2,1335,667,4215
352,617,11249165,2,7499,3749,4217
353,619,9983104,2,6655,3327,4219
354,621,10782137,2,7188,3594,4221
355,621,7932450,1,5288,2644,4221
356,621,13009307,4,8672,4336,4221
357,624,14218423,2,9478,4739,4224
358,624,12196404,3,8130,4065,4224
359,627,8839669,1,5893,2946,4227
360,628,2003036,2,1335,667,4228
361,629,13481995,1,8987,4493,4229
362,631,15521302,3,10347,5173,4231
363,634,12920093,1,8613,4306,4234
364,634,6050779,3,4033,2016,4234
365,635,13051855,1,8701,4350,4235
366,636,13893439,2,9262,4631,4236
367,638,17040498,2,11360,5680,4238
368,638,6066699,3,4044,2022,4238
369,638,8994586,1,5996,2998,4238
370,640,13383006,1,8922,4461,4240
371,640,10273916,1,6849,3424,4240
372,641,4979572,1,3319,1659,4241
373,641,11883783,1,7922,3961,4241
374,641,12623108,1,8415,4207,4241
375,642,10411612,1,6941,3470,4242
376,642,11004810,1,7336,3668,4242
377,642,8849235,1,5899,2949,4242
378,644,16677530,3,11118,5559,4244
379,645,5955911,2,3970,1985,4245
380,646,7368223,2,4912,2456,4246
381,646,10064688,1,6709,3354,4246
382,646,13976475,1,9317,4658,4246
383,648,3266772,1,2177,1088,4248
384,652,4109893,2,2739,1369,4252
385,652,2003036,3,1335,667,4252
386,652,10162530,3,6775,3387,4252
387,654,4975164,3,3316,1658,4254
388,654,8282076,1,5521,2760,4254
389,655,12995897,2,8663,4331,4255
390,655,7123854,2,4749,2374,4255
391,656,11057527,2,7371,3685,4256
392,656,8666113,4,5777,2888,4256
393,661,13044283,1,8696,4348,4261
394,662,12156500,2,8104,4052,4262
395,662,6896750,3,4597,2298,4262
396,662,9255093,1,6170,3085,4262
397,663,14719152,1,9812,4906,4263
398,663,11788061,1,7858,3929,4263
399,664,3719307,2,2479,1239,4264
400,666,12969937,1,8646,4323,4266
401,669,5127022,3,3418,1709,4269
402,670,16381135,3,10920,5460,4270
403,671,14630618,3,9753,4876,4271
404,672,11321643,1,7547,3773,4272
405,673,10723800,2,7149,3574,4273
406,674,9073105,1,6048,3024,4274
407,675,13073170,2,8715,4357,4275
408,676,8344144,4,5562,2781,4276
409,676,11076851,2,7384,3692,4276
410,677,13944838,1,9296,4648,4277
411,679,7483211,2,4988,2494,4279
412,680,7238102,1,4825,2412,4280
413,680,4632376,1,3088,1544,4280
414,681,5217780,1,3478,1739,4281
415,681,2003036,2,1335,667,4281
416,681,13304392,3,8869,4434,4281
417,681,18167649,3,12111,6055,4281
418,682,16438894,3,10959,5479,4282
419,682,2686692,1,1791,895,4282
420,697,13281975,1,8854,4427,4297
421,705,16424370,2,10949,5474,4305
422,707,7956413,1,5304,2652,4307
423,729,10472384,2,6981,3490,4329
424,751,2003036,2,1335,667,4351
425,764,11217313,2,7478,3739,4364
426,769,5221895,2,3481,1740,4369
427,794,10914899,4,7276,3638,4394
428,804,2979102,2,1986,993,4404
429,859,12461748,3,8307,4153,4459
430,860,14632483,3,9754,4877,4460
431,873,6485519,1,4323,2161,4473
432,883,4891261,1,3260,1630,4483
433,895,2003036,1,1335,667,4495
434,912,8814498,1,5876,2938,4512
435,915,7394033,2,4929,2464,4515
436,916,3024997,3,2016,1008,4516
437,919,12056857,3,8037,4018,4519
438,919,7987238,2,5324,2662,4519
439,921,5167019,2,3444,1722,4521
440,921,7515814,1,5010,2505,4521
441,923,14843366,2,9895,4947,4523
442,923,12732512,2,8488,4244,4523
443,924,9429173,2,6286,3143,4524
444,924,12805379,4,8536,4268,4524
445,924,4783145,3,3188,1594,4524
446,926,10161065,3,6774,3387,4526
447,928,10679135,1,7119,3559,4528
448,931,7897705,1,5265,2632,4531
449,933,11977715,2,7985,3992,4533
450,933,6497897,1,4331,2165,4533
451,937,12312853,3,8208,4104,4537
452,937,12502312,2,8334,4167,4537
453,937,2003036,1,1335,667,4537
454,938,15379684,3,10253,5126,4538
455,939,2003036,2,1335,667,4539
456,939,7238750,1,4825,2412,4539
457,942,14636247,2,9757,4878,4542
458,942,8585221,2,5723,2861,4542
459,943,3407327,3,2271,1135,4543
460,943,5085891,2,3390,1695,4543
461,945,14643268,3,9762,4881,4545
462,946,2003036,2,1335,667,4546
463,947,15103349,1,10068,5034,4547
464,949,9766842,1,6511,3255,4549
465,949,4641255,3,3094,1547,4549
466,949,7387177,3,4924,2462,4549
467,952,5430721,2,3620,1810,4552
468,952,13919108,3,9279,4639,4552
469,954,13316106,3,8877,4438,4554
470,955,2267211,3,1511,755,4555
471,955,8196257,1,5464,2732,4555
472,955,6124947,4,4083,2041,4555
473,956,15844808,3,10563,5281,4556
474,956,3930511,2,2620,1310,4556
475,956,17245166,1,11496,5748,4556
476,956,9865124,2,6576,3288,4556
477,957,4778537,1,3185,1592,4557
478,957,6962818,3,4641,2320,4557
479,958,6402418,1,4268,2134,4558
480,961,4270689,2,2847,1423,4561
481,962,10442547,1,6961,3480,4562
482,963,4481171,2,2987,1493,4563
483,963,2003036,1,1335,667,4563
484,964,8304041,2,5536,2768,4564
485,966,2003036,4,1335,667,4566
486,980,6625317,3,4416,2208,4580
487,1003,5918006,2,3945,1972,4603
488,1010,6088755,2,4059,2029,4610
489,1016,19033179,3,12688,6344,4616
490,1030,10269415,3,6846,3423,4630
491,1031,11121024,1,7414,3707,4631
492,1035,2009253,2,1339,669,4635
493,1035,7067877,1,4711,2355,4635
494,1053,10985510,3,7323,3661,4653
495,1063,5397800,4,3598,1799,4663
496,1097,14107663,2,9405,4702,4697
497,1116,4594829,1,3063,1531,4716
498,1122,8724575,3,5816,2908,4722
499,1124,7373943,1,4915,2457,4724
500,1137,10755743,1,7170,3585,4737
501,1137,7128598,3,4752,2376,4737
502,1140,8794307,2,5862,2931,4740
503,1141,8950980,2,5967,2983,4741
504,1142,6705417,1,4470,2235,4742
505,1142,12201414,2,8134,4067,4742
506,1149,11089554,2,7393,3696,4749
507,1150,9615810,1,6410,3205,4750
508,1151,8075175,2,5383,2691,4751
509,1152,13605067,2,9070,4535,4752
510,1153,8952313,2,5968,2984,4753
511,1154,8632945,1,5755,2877,4754
512,1154,10486998,3,6991,3495,4754
513,1157,17661406,1,11774,5887,4757
514,1157,3974420,2,2649,1324,4757
515,1158,13484792,1,8989,4494,4758
516,1158,2003036,2,1335,667,4758
517,1159,10994391,3,7329,3664,4759
518,1159,17113809,3,11409,5704,4759
519,1161,12217524,1,8145,4072,4761
520,1161,10784156,3,7189,3594,4761
521,1162,7489328,2,4992,2496,4762
522,1164,10155103,1,6770,3385,4764
523,1165,8879174,4,5919,2959,4765
524,1166,6472915,1,4315,2157,4766
525,1167,8708758,2,5805,2902,4767
526,1167,10909248,2,7272,3636,4767
527,1167,6557461,2,4371,2185,4767
528,1168,6381403,2,4254,2127,4768
529,1168,3884792,3,2589,1294,4768
530,1169,11776109,1,7850,3925,4769
531,1169,12472857,2,8315,4157,4769
532,1170,11059232,1,7372,3686,4770
533,1170,14365038,1,9576,4788,4770
534,1173,10411183,2,6940,3470,4773
535,1174,11781905,3,7854,3927,4774
536,1175,11384522,2,7589,3794,4775
537,1175,9602623,3,6401,3200,4775
538,1176,7622854,2,5081,2540,4776
539,1181,19993988,1,13329,6664,4781
540,1184,7978312,2,5318,2659,4784
541,1184,7014180,2,4676,2338,4784
542,1185,11971187,1,7980,3990,4785
543,1187,11150243,2,7433,3716,4787
544,1187,3684021,2,2456,1228,4787
545,1189,15074898,1,10049,5024,4789
546,1190,9590659,1,6393,3196,4790
547,1190,5008400,2,3338,1669,4790
548,1190,15372826,1,10248,5124,4790
549,1193,12834992,2,8556,4278,4793
550,1193,4316102,3,2877,1438,4793
551,1193,18024639,1,12016,6008,4793
552,1197,12984266,1,8656,4328,4797
553,1198,9969226,4,6646,3323,4798
554,1200,17182024,2,11454,5727,4800
555,1201,10733106,2,7155,3577,4801
556,1203,9888612,1,6592,3296,4803
557,1203,7039318,1,4692,2346,4803
558,1204,12637479,1,8424,4212,4804
559,1204,12163147,3,8108,4054,4804
560,1204,10081339,1,6720,3360,4804
561,1205,6454844,3,4303,2151,4805
562,1205,10600750,2,7067,3533,4805
563,1214,9700607,1,6467,3233,4814
564,1225,4005436,2,2670,1335,4825
565,1278,3381970,1,2254,1127,4878
566,1321,12562228,2,8374,4187,4921
567,1336,2003036,2,1335,667,4936
568,1336,10940928,3,7293,3646,4936
569,1386,7860539,1,5240,2620,4986
570,1409,15911223,3,10607,5303,5009
571,1410,7791201,3,5194,2597,5010
572,1410,12987361,3,8658,4329,5010
573,1411,8226355,2,5484,2742,5011
574,1411,10527822,3,7018,3509,5011
575,1413,13335975,1,8890,4445,5013
576,1416,7930518,3,5287,2643,5016
577,1416,14506482,1,9670,4835,5016
578,1417,5536751,1,3691,1845,5017
579,1417,11342858,1,7561,3780,5017
580,1419,14173359,2,9448,4724,5019
581,1421,12989855,1,8659,4329,5021
582,1421,18652270,2,12434,6217,5021
583,1423,6574487,1,4382,2191,5023
584,1423,3799587,1,2533,1266,5023
585,1423,5533879,3,3689,1844,5023
586,1426,12991681,3,8661,4330,5026
587,1427,12259232,1,8172,4086,5027
588,1427,10476031,2,6984,3492,5027
589,1428,4954201,3,3302,1651,5028
590,1430,13471319,2,8980,4490,5030
591,1430,4495642,2,2997,1498,5030
592,1447,15238367,3,10158,5079,5047
593,1462,22893168,1,15262,7631,5062
594,1475,11666711,2,7777,3888,5075
595,1533,12643147,2,8428,4214,5133
596,1534,7793943,2,5195,2597,5134
597,1554,2003036,2,1335,667,5154
598,1554,7298824,2,4865,2432,5154
599,1554,5089685,2,3393,1696,5154
600,1555,3493774,1,2329,1164,5155
601,1556,17777562,3,11851,5925,5156
602,1559,11244923,1,7496,3748,5159
603,1560,11726366,2,7817,3908,5160
604,1562,8622467,2,5748,2874,5162
605,1562,9236077,2,6157,3078,5162
606,1564,14362244,1,9574,4787,5164
607,1564,9869440,3,6579,3289,5164
608,1565,12406926,1,8271,4135,5165
609,1567,9131820,3,6087,3043,5167
610,1591,8473153,2,5648,2824,5191
611,1628,3674455,2,2449,1224,5228
612,1641,2003036,4,1335,667,5241
613,1662,8836363,2,5890,2945,5262
614,1704,10269799,3,6846,3423,5304
615,1719,4218808,2,2812,1406,5319
616,1719,9859806,2,6573,3286,5319
617,1719,10257432,2,6838,3419,5319
618,1722,2003036,3,1335,667,5322
619,1727,5890867,1,3927,1963,5327
620,1728,11850647,1,7900,3950,5328
621,1730,11759586,1,7839,3919,5330
622,1730,4815761,2,3210,1605,5330
623,1731,10729277,2,7152,3576,5331
624,1731,14622994,3,9748,4874,5331
625,1733,13517314,3,9011,4505,5333
626,1733,9585741,1,6390,3195,5333
627,1738,7906088,1,5270,2635,5338
628,1740,7178829,1,4785,2392,5340
629,1741,12123562,4,8082,4041,5341
630,1743,10894479,2,7262,3631,5343
631,1748,12851795,2,8567,4283,5348
632,1749,10609511,1,7073,3536,5349
633,1750,13705208,2,9136,4568,5350
634,1753,10441491,3,6960,3480,5353
635,1753,13551637,2,9034,4517,5353
636,1754,13939828,3,9293,4646,5354
637,1754,6389313,4,4259,2129,5354
638,1756,2003036,1,1335,667,5356
639,1757,16971438,1,11314,5657,5357
640,1759,11171895,1,7447,3723,5359
641,1759,2288281,4,1525,762,5359
642,1760,6798115,3,4532,2266,5360
643,1760,13493884,2,8995,4497,5360
644,1762,8754722,2,5836,2918,5362
645,1765,7707404,1,5138,2569,5365
646,1765,16328715,3,10885,5442,5365
647,1766,5295233,2,3530,1765,5366
648,1767,6418036,2,4278,2139,5367
649,1767,10967861,3,7311,3655,5367
650,1768,11774892,2,7849,3924,5368
651,1768,12252112,2,8168,4084,5368
652,1768,14121973,2,9414,4707,5368
653,1769,10910138,3,7273,3636,5369
654,1769,12220748,4,8147,4073,5369
655,1770,8846966,3,5897,2948,5370
656,1772,10297749,3,6865,3432,5372
657,1775,10499816,2,6999,3499,5375
658,1775,10984589,1,7323,3661,5375
659,1778,13496884,3,8997,4498,5378
660,1783,12517125,2,8344,4172,5383
661,1783,10214457,1,6809,3404,5383
662,1784,6368585,2,4245,2122,5384
663,1786,10320161,2,6880,3440,5386
664,1790,9888907,1,6592,3296,5390
665,1790,10885815,3,7257,3628,5390
666,1792,19959613,2,13306,6653,5392
667,1795,7654623,3,5103,2551,5395
668,1795,11918363,2,7945,3972,5395
669,1797,14830555,2,9887,4943,5397
670,1798,10456856,1,6971,3485,5398
671,1815,20551449,2,13700,6850,5415
672,1818,8311419,2,5540,2770,5418
673,1823,11475793,1,7650,3825,5423
674,1836,6415096,1,4276,2138,5436
675,1853,8430916,2,5620,2810,5453
676,1854,11137081,2,7424,3712,5454
677,1858,13829327,2,9219,4609,5458
678,1861,11453284,1,7635,3817,5461
679,1883,15689795,2,10459,5229,5483
680,1885,9587186,2,6391,3195,5485
681,1885,8518151,1,5678,2839,5485
682,1891,22201580,2,14801,7400,5491
683,1892,11791940,3,7861,3930,5492
684,1893,6772597,1,4515,2257,5493
685,1893,6886249,2,4590,2295,5493
686,1894,5766680,4,3844,1922,5494
687,1895,14236137,1,9490,4745,5495
688,1896,8372992,2,5581,2790,5496
689,1896,10589179,1,7059,3529,5496
690,1899,9728955,4,6485,3242,5499
691,1900,13311890,2,8874,4437,5500
692,1903,6199046,2,4132,2066,5503
693,1907,5167756,3,3445,1722,5507
694,1908,11026048,3,7350,3675,5508
695,1908,12723599,1,8482,4241,5508
696,1909,11513845,1,7675,3837,5509
697,1914,6367108,2,4244,2122,5514
698,1915,13068487,1,8712,4356,5515
699,1917,6662723,1,4441,2220,5517
700,1918,7664692,2,5109,2554,5518
701,1919,5760940,1,3840,1920,5519
702,1922,15879278,4,10586,5293,5522
703,1923,12869901,2,8579,4289,5523
704,1926,12741780,1,8494,4247,5526
705,1930,15636148,1,10424,5212,5530
706,1933,22691310,1,15127,7563,5533
707,1934,2311986,1,1541,770,5534
708,1935,6687440,3,4458,2229,5535
709,1954,7238182,4,4825,2412,5554
710,1957,6180679,3,4120,2060,5557
711,1959,5158693,2,3439,1719,5559
712,1961,8664693,2,5776,2888,5561
713,1963,4532152,1,3021,1510,5563
714,1964,11525157,4,7683,3841,5564
715,1965,10248174,2,6832,3416,5565
716,1967,12183093,4,8122,4061,5567
717,1971,12303424,3,8202,4101,5571
718,1971,12732828,1,8488,4244,5571
719,1972,8332287,1,5554,2777,5572
720,1972,19574811,1,13049,6524,5572
721,1973,11071719,2,7381,3690,5573
722,1975,2003036,2,1335,667,5575
723,1976,5497641,4,3665,1832,5576
724,1976,2171027,1,1447,723,5576
725,1978,10093302,2,6728,3364,5578
726,1978,9466223,3,6310,3155,5578
727,1979,7904063,2,5269,2634,5579
728,1980,19078080,2,12718,6359,5580
729,1981,12489351,1,8326,4163,5581
730,1981,13287580,2,8858,4429,5581
731,1983,5818988,3,3879,1939,5583
732,1984,5512202,2,3674,1837,5584
733,1985,10181054,3,6787,3393,5585
734,1985,10794892,3,7196,3598,5585
735,1988,2003036,3,1335,667,5588
736,1990,9202565,2,6135,3067,5590
737,1991,10078599,1,6719,3359,5591
738,1992,9045537,1,6030,3015,5592
739,1994,6349366,2,4232,2116,5594
740,1994,7583585,2,5055,2527,5594
741,1994,9218104,2,6145,3072,5594
742,1995,10424398,1,6949,3474,5595
743,1997,12740871,1,8493,4246,5597
744,1998,14886413,1,9924,4962,5598
745,1999,8688603,2,5792,2896,5599
746,1999,7959360,1,5306,2653,5599
747,2000,11987618,1,7991,3995,5600
748,2001,12768152,2,8512,4256,5601
749,2002,8058310,1,5372,2686,5602
750,2004,13577347,2,9051,4525,5604
751,2008,14430003,3,9620,4810,5608
752,2008,15836590,1,10557,5278,5608
753,2008,18029768,2,12019,6009,5608
754,2008,6110388,3,4073,2036,5608
755,2009,10077815,1,6718,3359,5609
756,2009,10066005,1,6710,3355,5609
757,2010,9573177,3,6382,3191,5610
758,2010,7089060,3,4726,2363,5610
759,2011,3320002,3,2213,1106,5611
760,2012,10432869,3,6955,3477,5612
761,2012,6552330,1,4368,2184,5612
762,2012,10402736,3,6935,3467,5612
763,2013,6436559,2,4291,2145,5613
764,2013,5059205,3,3372,1686,5613
765,2014,11071121,2,7380,3690,5614
766,2016,10695356,2,7130,3565,5616
767,2016,12625904,2,8417,4208,5616
768,2016,19866495,2,13244,6622,5616
769,2017,11264875,2,7509,3754,5617
770,2018,12201359,3,8134,4067,5618
771,2019,5158792,1,3439,1719,5619
772,2022,4215305,1,2810,1405,5622
773,2024,17148722,4,11432,5716,5624
774,2024,5853212,1,3902,1951,5624
775,2024,5310299,2,3540,1770,5624
776,2027,9838966,1,6559,3279,5627
777,2027,9608696,2,6405,3202,5627
778,2029,5947735,1,3965,1982,5629
779,2031,8640716,2,5760,2880,5631
780,2031,15555766,3,10370,5185,5631
781,2036,6382702,1,4255,2127,5636
782,2037,3734133,3,2489,1244,5637
783,2040,14263287,3,9508,4754,5640
784,2040,12233877,3,8155,4077,5640
785,2041,7218606,2,4812,2406,5641
786,2042,2884620,4,1923,961,5642
787,2044,6659287,3,4439,2219,5644
788,2044,9768634,2,6512,3256,5644
789,2045,15268664,1,10179,5089,5645
790,2046,5343479,2,3562,1781,5646
791,2048,9634261,3,6422,3211,5648
792,2049,13057940,4,8705,4352,5649
793,2054,2003036,3,1335,667,5654
794,2054,14674277,3,9782,4891,5654
795,2054,4686074,1,3124,1562,5654
796,2055,11511425,2,7674,3837,5655
797,2058,11126937,1,7417,3708,5658
798,2058,14903225,1,9935,4967,5658
799,2060,12498101,2,8332,4166,5660
800,2061,2003036,3,1335,667,5661
801,2063,6478311,3,4318,2159,5663
802,2064,10638045,2,7092,3546,5664
803,2066,9136437,3,6090,3045,5666
804,2071,12167689,1,8111,4055,5671
805,2073,13572719,2,9048,4524,5673
806,2074,12757367,1,8504,4252,5674
807,2076,9049477,1,6032,3016,5676
808,2078,2003036,3,1335,667,5678
809,2079,7962401,1,5308,2654,5679
810,2079,11891679,3,7927,3963,5679
811,2081,5100718,3,3400,1700,5681
812,2082,12860226,1,8573,4286,5682
813,2083,14109152,3,9406,4703,5683
814,2084,10586946,1,7057,3528,5684
815,2086,2003036,1,1335,667,5686
816,2086,4255051,2,2836,1418,5686
817,2087,18515912,2,12343,6171,5687
818,2088,7552025,2,5034,2517,5688
819,2091,2003036,4,1335,667,5691
820,2092,15582228,1,10388,5194,5692
821,2092,10075369,2,6716,3358,5692
822,2092,14994957,1,9996,4998,5692
823,2097,11263384,3,7508,3754,5697
824,2098,12081826,2,8054,4027,5698
825,2098,11651199,2,7767,3883,5698
826,2098,13158639,1,8772,4386,5698
827,2099,20279170,1,13519,6759,5699
828,2099,14391339,3,9594,4797,5699
829,2099,2892857,4,1928,964,5699
830,2104,12028206,2,8018,4009,5704
831,2107,15159638,1,10106,5053,5707
832,2110,15435546,2,10290,5145,5710
833,2112,8092542,4,5395,2697,5712
834,2112,15265385,2,10176,5088,5712
835,2113,14196355,3,9464,4732,5713
836,2116,21609077,1,14406,7203,5716
837,2118,6635048,2,4423,2211,5718
838,2119,7728410,3,5152,2576,5719
839,2120,8635552,2,5757,2878,5720
840,2122,7805830,1,5203,2601,5722
841,2123,6004006,1,4002,2001,5723
842,2123,2003036,3,1335,667,5723
843,2123,8056061,3,5370,2685,5723
844,2127,11679812,4,7786,3893,5727
845,2129,7792311,4,5194,2597,5729
846,2131,18737612,2,12491,6245,5731
847,2131,10075461,2,6716,3358,5731
848,2131,15833627,3,10555,5277,5731
849,2132,11193355,3,7462,3731,5732
850,2132,13739655,1,9159,4579,5732
851,2132,11273672,1,7515,3757,5732
852,2133,16184058,2,10789,5394,5733
853,2133,10267287,2,6844,3422,5733
854,2134,12251110,2,8167,4083,5734
855,2134,11666178,3,7777,3888,5734
856,2137,8715924,3,5810,2905,5737
857,2137,11840365,3,7893,3946,5737
858,2138,20085177,1,13390,6695,5738
859,2140,8796545,2,5864,2932,5740
860,2141,11905635,3,7937,3968,5741
861,2143,15683774,1,10455,5227,5743
862,2144,15154106,1,10102,5051,5744
863,2145,10067982,1,6711,3355,5745
864,2145,2003036,2,1335,667,5745
865,2145,12343870,4,8229,4114,5745
866,2145,2003036,4,1335,667,5745
867,2150,16639935,1,11093,5546,5750
868,2151,10778968,3,7185,3592,5751
869,2151,14520539,3,9680,4840,5751
870,2151,5949516,2,3966,1983,5751
871,2154,3018291,2,2012,1006,5754
872,2156,11190354,2,7460,3730,5756
873,2156,9863733,4,6575,3287,5756
874,2157,7799887,3,5199,2599,5757
875,2157,10396732,1,6931,3465,5757
876,2157,22487542,3,14991,7495,5757
877,2158,13776243,3,9184,4592,5758
878,2159,14745090,2,9830,4915,5759
879,2159,13818658,3,9212,4606,5759
880,2160,16682863,2,11121,5560,5760
881,2161,9158557,2,6105,3052,5761
882,2162,2003036,2,1335,667,5762
883,2162,9165252,1,6110,3055,5762
884,2162,13673533,2,9115,4557,5762
885,2162,5644452,1,3762,1881,5762
886,2163,9220327,1,6146,3073,5763
887,2165,6897489,3,4598,2299,5765
888,2166,16784569,3,11189,5594,5766
889,2167,13392854,2,8928,4464,5767
890,2167,12951561,1,8634,4317,5767
891,2170,12816630,2,8544,4272,5770
892,2175,9847302,3,6564,3282,5775
893,2175,10905531,1,7270,3635,5775
894,2179,4673752,2,3115,1557,5779
895,2179,2003036,3,1335,667,5779
896,2179,10691568,1,7127,3563,5779
897,2180,11475347,2,7650,3825,5780
898,2181,15465128,2,10310,5155,5781
899,2183,17096922,2,11397,5698,5783
900,2184,17090895,1,11393,5696,5784
901,2184,5517255,2,3678,1839,5784
902,2185,8427579,4,5618,2809,5785
903,2185,12179963,2,8119,4059,5785
904,2186,21426042,2,14284,7142,5786
905,2186,16685734,4,11123,5561,5786
906,2189,15060111,1,10040,5020,5789
907,2192,8267484,4,5511,2755,5792
908,2192,6034747,2,4023,2011,5792
909,2193,13570652,4,9047,4523,5793
910,2194,5054685,3,3369,1684,5794
911,2195,8940586,2,5960,2980,5795
912,2196,9497893,2,6331,3165,5796
913,2197,17194162,1,11462,5731,5797
914,2200,8416618,2,5611,2805,5800
915,2200,2003036,3,1335,667,5800
916,2201,12288624,2,8192,4096,5801
917,2201,6864805,2,4576,2288,5801
918,2201,10207309,2,6804,3402,5801
919,2202,9624415,3,6416,3208,5802
920,2202,8781641,3,5854,2927,5802
921,2202,13577109,1,9051,4525,5802
922,2203,3106816,1,2071,1035,5803
923,2203,7685083,2,5123,2561,5803
924,2204,13098021,4,8732,4366,5804
925,2205,7247602,3,4831,2415,5805
926,2206,2764560,1,1843,921,5806
927,2209,13028243,2,8685,4342,5809
928,2210,15076775,1,10051,5025,5810
929,2211,9812392,2,6541,3270,5811
930,2212,2003036,4,1335,667,5812
931,2213,13196864,1,8797,4398,5813
932,2213,2534345,1,1689,844,5813
933,2214,11406884,1,7604,3802,5814
934,2215,6015529,2,4010,2005,5815
935,2216,4787979,3,3191,1595,5816
936,2216,8023565,2,5349,2674,5816
937,2218,9189087,3,6126,3063,5818
938,2222,7111841,1,4741,2370,5822
939,2222,12668364,3,8445,4222,5822
940,2222,8004819,2,5336,2668,5822
941,2223,14432732,3,9621,4810,5823
942,2225,11282378,1,7521,3760,5825
943,2227,6871406,2,4580,2290,5827
944,2230,6112534,2,4075,2037,5830
945,2231,2590192,3,1726,863,5831
946,2231,11325463,1,7550,3775,5831
947,2232,8417112,2,5611,2805,5832
948,2233,2003036,1,1335,667,5833
949,2233,7600802,3,5067,2533,5833
950,2238,5954371,3,3969,1984,5838
951,2238,17116489,3,11410,5705,5838
952,2239,2341044,1,1560,780,5839
953,2240,3519255,3,2346,1173,5840
954,2242,15017623,3,10011,5005,5842
955,2243,16129879,1,10753,5376,5843
956,2245,6657667,3,4438,2219,5845
957,2245,7166475,3,4777,2388,5845
958,2246,12792446,2,8528,4264,5846
959,2248,2003036,1,1335,667,5848
960,2249,2003036,3,1335,667,5849
961,2250,8749960,1,5833,2916,5850
962,2250,17000272,2,11333,5666,5850
963,2251,8051417,2,5367,2683,5851
964,2251,10470083,3,6980,3490,5851
965,2253,15124974,1,10083,5041,5853
966,2254,19510550,1,13007,6503,5854
967,2254,7415420,2,4943,2471,5854
968,2255,9939298,3,6626,3313,5855
969,2257,18226871,4,12151,6075,5857
970,2258,3154885,1,2103,1051,5858
971,2258,14646311,2,9764,4882,5858
972,2259,5425803,1,3617,1808,5859
973,2260,10477004,3,6984,3492,5860
974,2260,8921735,1,5947,2973,5860
975,2260,5697583,1,3798,1899,5860
976,2260,5584505,1,3723,1861,5860
977,2261,11260931,2,7507,3753,5861
978,2265,14501905,2,9667,4833,5865
979,2265,9430479,2,6286,3143,5865
980,2265,10331166,2,6887,3443,5865
981,2265,12589363,1,8392,4196,5865
982,2266,5636257,3,3757,1878,5866
983,2266,13348847,2,8899,4449,5866
984,2266,13707818,3,9138,4569,5866
985,2267,21749280,1,14499,7249,5867
986,2267,8320140,1,5546,2773,5867
987,2268,7950681,2,5300,2650,5868
988,2268,13480777,3,8987,4493,5868
989,2271,13706741,2,9137,4568,5871
990,2272,7603631,2,5069,2534,5872
991,2272,8198192,1,5465,2732,5872
992,2274,12453963,4,8302,4151,5874
993,2276,6285396,1,4190,2095,5876
994,2276,8164971,1,5443,2721,5876
995,2280,10418957,3,6945,3472,5880
996,2281,14503705,1,9669,4834,5881
997,2281,7290355,3,4860,2430,5881
998,2283,2003036,3,1335,667,5883
999,2283,2003036,3,1335,667,5883
1000,2283,4339217,3,2892,1446,5883
1001,2285,4096954,2,2731,1365,5885
1002,2288,9318374,1,6212,3106,5888
1003,2288,4657097,2,3104,1552,5888
1004,2290,6847981,1,4565,2282,5890
1005,2291,6526504,2,4351,2175,5891
1006,2291,8029884,3,5353,2676,5891
1007,2292,15975480,3,10650,5325,5892
1008,2294,12998463,2,8665,4332,5894
1009,2296,10087871,3,6725,3362,5896
1010,2297,7937411,2,5291,2645,5897
1011,2298,8062672,2,5375,2687,5898
1012,2299,11492276,2,7661,3830,5899
1013,2299,12647929,2,8431,4215,5899
1014,2300,5924700,2,3949,1974,5900
1015,2302,10179591,1,6786,3393,5902
1016,2304,2003036,1,1335,667,5904
1017,2307,10969336,3,7312,3656,5907
1018,2307,13450055,3,8966,4483,5907
1019,2308,8752956,1,5835,2917,5908
1020,2309,18201957,3,12134,6067,5909
1021,2309,6043586,1,4029,2014,5909
1022,2310,10995145,2,7330,3665,5910
1023,2310,9853722,3,6569,3284,5910
1024,2311,9563154,3,6375,3187,5911
1025,2311,9499947,3,6333,3166,5911
1026,2315,10497882,4,6998,3499,5915
1027,2315,13836784,1,9224,4612,5915
1028,2317,16224401,1,10816,5408,5917
1029,2321,10005037,1,6670,3335,5921
1030,2324,13689669,2,9126,4563,5924
1031,2324,6852434,1,4568,2284,5924
1032,2324,13467209,2,8978,4489,5924
1033,2325,6581012,1,4387,2193,5925
1034,2326,14930597,3,9953,4976,5926
1035,2327,19978161,2,13318,6659,5927
1036,2328,9464967,1,6309,3154,5928
1037,2328,2003036,3,1335,667,5928
1038,2330,7545106,3,5030,2515,5930
1039,2332,15567030,1,10378,5189,5932
1040,2335,12507801,2,8338,4169,5935
1041,2337,11136989,1,7424,3712,5937
1042,2337,14561075,1,9707,4853,5937
1043,2338,12198527,1,8132,4066,5938
1044,2338,15503259,2,10335,5167,5938
1045,2338,14158864,1,9439,4719,5938
1046,2339,16873224,1,11248,5624,5939
1047,2339,11632211,1,7754,3877,5939
1048,2339,14095028,2,9396,4698,5939
1049,2339,8631009,2,5754,2877,5939
1050,2341,7304496,2,4869,2434,5941
1051,2342,17707290,2,11804,5902,5942
1052,2343,10989576,1,7326,3663,5943
1053,2343,13642638,1,9095,4547,5943
1054,2344,10572853,2,7048,3524,5944
1055,2344,7371852,2,4914,2457,5944
1056,2349,10064676,2,6709,3354,5949
1057,2352,16486959,3,10991,5495,5952
1058,2352,12517551,3,8345,4172,5952
1059,2353,2301859,1,1534,767,5953
1060,2353,9045108,3,6030,3015,5953
1061,2354,18047673,3,12031,6015,5954
1062,2355,9051632,1,6034,3017,5955
1063,2357,2003036,3,1335,667,5957
1064,2357,18546828,2,12364,6182,5957
1065,2359,13090605,1,8727,4363,5959
1066,2365,9699642,2,6466,3233,5965
1067,2366,8341261,2,5560,2780,5966
1068,2366,14893154,2,9928,4964,5966
1069,2375,7572551,2,5048,2524,5975
1070,2379,15190175,1,10126,5063,5979
1071,2380,12458760,3,8305,4152,5980
1072,2388,11117918,2,7411,3705,5988
1073,2390,10670989,2,7113,3556,5990
1074,2392,9226627,2,6151,3075,5992
1075,2393,14727700,1,9818,4909,5993
1076,2396,6115225,1,4076,2038,5996
1077,2396,2705437,1,1803,901,5996
1078,2396,12784355,3,8522,4261,5996
1079,2399,12860062,1,8573,4286,5999
1080,2400,12179543,2,8119,4059,6000
1081,2400,11852741,2,7901,3950,6000
1082,2401,8570557,3,5713,2856,6001
1083,2402,13564229,1,9042,4521,6002
1084,2402,9809855,2,6539,3269,6002
1085,2402,7819840,4,5213,2606,6002
1086,2403,8609537,4,5739,2869,6003
1087,2404,19121858,3,12747,6373,6004
1088,2405,2195936,2,1463,731,6005
1089,2405,12267638,1,8178,4089,6005
1090,2406,2447713,3,1631,815,6006
1091,2406,9527389,2,6351,3175,6006
1092,2409,8060893,3,5373,2686,6009
1093,2410,2003036,1,1335,667,6010
1094,2411,11768504,2,7845,3922,6011
1095,2412,8302411,2,5534,2767,6012
1096,2413,2003036,2,1335,667,6013
1097,2415,13798969,2,9199,4599,6015
1098,2417,16482507,1,10988,5494,6017
1099,2418,16730915,1,11153,5576,6018
1100,2418,11632934,4,7755,3877,6018
1101,2418,10222754,4,6815,3407,6018
1102,2419,16000954,2,10667,5333,6019
1103,2419,17597395,1,11731,5865,6019
1104,2421,15123980,1,10082,5041,6021
1105,2422,5771828,3,3847,1923,6022
1106,2423,10922605,3,7281,3640,6023
1107,2426,11996003,1,7997,3998,6026
1108,2427,2003036,2,1335,667,6027
1109,2428,12130507,2,8087,4043,6028
1110,2430,20259166,3,13506,6753,6030
1111,2430,12899262,2,8599,4299,6030
1112,2430,16655601,1,11103,5551,6030
1113,2432,10839544,3,7226,3613,6032
1114,2433,9685196,3,6456,3228,6033
1115,2433,11733503,2,7822,3911,6033
1116,2433,6338386,2,4225,2112,6033
1117,2434,5671607,2,3781,1890,6034
1118,2434,15722198,1,10481,5240,6034
1119,2435,16200092,3,10800,5400,6035
1120,2437,5548430,2,3698,1849,6037
1121,2438,14377784,2,9585,4792,6038
1122,2439,9623264,4,6415,3207,6039
1123,2439,11546638,1,7697,3848,6039
1124,2441,12089305,1,8059,4029,6041
1125,2442,14496547,2,9664,4832,6042
1126,2443,10387975,1,6925,3462,6043
1127,2444,16370539,3,10913,5456,6044
1128,2445,11409649,2,7606,3803,6045
1129,2447,12828271,1,8552,4276,6047
1130,2452,6259805,2,4173,2086,6052
1131,2452,19743888,2,13162,6581,6052
1132,2453,12132599,3,8088,4044,6053
1133,2454,13228536,2,8819,4409,6054
1134,2454,2767358,2,1844,922,6054
1135,2459,6307400,2,4204,2102,6059
1136,2461,15594110,2,10396,5198,6061
1137,2461,11308148,1,7538,3769,6061
1138,2462,2003036,2,1335,667,6062
1139,2464,14694574,2,9796,4898,6064
1140,2464,7564441,4,5042,2521,6064
1141,2466,16375744,3,10917,5458,6066
1142,2467,9619318,3,6412,3206,6067
1143,2470,10937756,2,7291,3645,6070
1144,2475,15328526,2,10219,5109,6075
1145,2475,5970330,1,3980,1990,6075
1146,2476,5540586,2,3693,1846,6076
1147,2477,9129593,2,6086,3043,6077
1148,2477,13743105,2,9162,4581,6077
1149,2478,4017140,2,2678,1339,6078
1150,2479,2497629,3,1665,832,6079
1151,2479,13727548,1,9151,4575,6079
1152,2480,7297657,1,4865,2432,6080
1153,2481,8247482,3,5498,2749,6081
1154,2482,2003036,3,1335,667,6082
1155,2485,6955134,2,4636,2318,6085
1156,2485,9981074,2,6654,3327,6085
1157,2489,14208233,2,9472,4736,6089
1158,2490,6539375,2,4359,2179,6090
1159,2491,17484691,2,11656,5828,6091
1160,2491,6930000,4,4620,2310,6091
1161,2493,6936599,2,4624,2312,6093
1162,2494,16943787,3,11295,5647,6094
1163,2496,10968193,1,7312,3656,6096
1164,2497,7527296,2,5018,2509,6097
1165,2500,9316019,3,6210,3105,6100
1166,2502,16113251,2,10742,5371,6102
1167,2502,16623105,1,11082,5541,6102
1168,2505,6334030,3,4222,2111,6105
1169,2506,9823936,4,6549,3274,6106
1170,2506,10421500,1,6947,3473,6106
1171,2507,5570361,4,3713,1856,6107
1172,2507,9764215,1,6509,3254,6107
1173,2508,10039167,3,6692,3346,6108
1174,2509,15153909,2,10102,5051,6109
1175,2509,15456838,1,10304,5152,6109
1176,2511,8531487,2,5687,2843,6111
1177,2511,9050928,3,6033,3016,6111
1178,2511,13009031,2,8672,4336,6111
1179,2512,7377833,3,4918,2459,6112
1180,2513,12668079,2,8445,4222,6113
1181,2513,9618998,1,6412,3206,6113
1182,2514,5646263,3,3764,1882,6114
1183,2518,5702878,4,3801,1900,6118
1184,2520,16536826,3,11024,5512,6120
1185,2521,9310213,1,6206,3103,6121
1186,2522,17407975,1,11605,5802,6122
1187,2522,7700307,1,5133,2566,6122
1188,2523,11327590,1,7551,3775,6123
1189,2526,20798566,2,13865,6932,6126
1190,2526,5249716,2,3499,1749,6126
1191,2530,2003036,1,1335,667,6130
1192,2531,15813621,3,10542,5271,6131
1193,2532,6288890,3,4192,2096,6132
1194,2533,9921858,1,6614,3307,6133
1195,2534,7374544,2,4916,2458,6134
1196,2535,11223742,1,7482,3741,6135
1197,2535,5731273,2,3820,1910,6135
1198,2539,9204219,2,6136,3068,6139
1199,2539,12042419,2,8028,4014,6139
1200,2540,5470901,2,3647,1823,6140
1201,2540,6860018,2,4573,2286,6140
1202,2541,8449583,2,5633,2816,6141
1203,2544,3575750,2,2383,1191,6144
1204,2544,8110768,3,5407,2703,6144
1205,2547,10550574,2,7033,3516,6147
1206,2547,8214479,2,5476,2738,6147
1207,2552,8792130,2,5861,2930,6152
1208,2553,9925485,1,6616,3308,6153
1209,2553,7059854,3,4706,2353,6153
1210,2555,13129680,1,8753,4376,6155
1211,2557,16486888,2,10991,5495,6157
1212,2557,7922295,2,5281,2640,6157
1213,2558,12201884,2,8134,4067,6158
1214,2559,8935264,2,5956,2978,6159
1215,2559,11662367,1,7774,3887,6159
1216,2560,17071880,1,11381,5690,6160
1217,2560,12307620,2,8205,4102,6160
1218,2561,2022700,2,1348,674,6161
1219,2561,12061259,3,8040,4020,6161
1220,2564,15571486,1,10380,5190,6164
1221,2565,9016482,4,6010,3005,6165
1222,2565,14502335,2,9668,4834,6165
1223,2565,6904945,1,4603,2301,6165
1224,2567,3320105,1,2213,1106,6167
1225,2569,10651403,1,7100,3550,6169
1226,2569,2099036,4,1399,699,6169
1227,2569,8934571,3,5956,2978,6169
1228,2570,15814758,3,10543,5271,6170
1229,2573,2003036,1,1335,667,6173
1230,2574,4248703,4,2832,1416,6174
1231,2576,5363984,2,3575,1787,6176
1232,2577,9729806,2,6486,3243,6177
1233,2578,8366955,3,5577,2788,6178
1234,2580,16320848,3,10880,5440,6180
1235,2580,14316264,4,9544,4772,6180
1236,2581,12247289,2,8164,4082,6181
1237,2581,10671509,2,7114,3557,6181
1238,2581,11787398,1,7858,3929,6181
1239,2582,6130370,1,4086,2043,6182
1240,2583,13878480,2,9252,4626,6183
1241,2584,5003384,3,3335,1667,6184
1242,2585,13780080,3,9186,4593,6185
1243,2586,15360921,2,10240,5120,6186
1244,2586,10965509,1,7310,3655,6186
1245,2587,9221016,2,6147,3073,6187
1246,2587,11819307,3,7879,3939,6187
1247,2588,2003036,2,1335,667,6188
1248,2590,11377405,2,7584,3792,6190
1249,2590,9504311,1,6336,3168,6190
1250,2591,9787006,3,6524,3262,6191
1251,2591,13199400,1,8799,4399,6191
1252,2592,9678207,2,6452,3226,6192
1253,2592,4876459,4,3250,1625,6192
1254,2593,9377900,1,6251,3125,6193
1255,2593,10319639,2,6879,3439,6193
1256,2593,10533166,2,7022,3511,6193
1257,2595,10744921,2,7163,3581,6195
1258,2595,14699438,3,9799,4899,6195
1259,2595,5120605,2,3413,1706,6195
1260,2598,10807030,2,7204,3602,6198
1261,2599,15828672,3,10552,5276,6199
1262,2607,2197579,2,1465,732,6207
1263,2607,10824815,4,7216,3608,6207
1264,2609,7376977,2,4917,2458,6209
1265,2609,8344449,2,5562,2781,6209
1266,2610,5937364,1,3958,1979,6210
1267,2613,9251042,1,6167,3083,6213
1268,2614,18313404,3,12208,6104,6214
1269,2614,4316605,1,2877,1438,6214
1270,2614,4743944,1,3162,1581,6214
1271,2615,4147580,2,2765,1382,6215
1272,2617,17800359,3,11866,5933,6217
1273,2621,7931492,2,5287,2643,6221
1274,2624,9899627,2,6599,3299,6224
1275,2624,8199904,1,5466,2733,6224
1276,2628,5758825,2,3839,1919,6228
1277,2629,8955394,3,5970,2985,6229
1278,2634,21094064,1,14062,7031,6234
1279,2634,16289005,3,10859,5429,6234
1280,2635,6171132,3,4114,2057,6235
1281,2635,12933685,3,8622,4311,6235
1282,2635,6267646,3,4178,2089,6235
1283,2636,2009391,3,1339,669,6236
1284,2636,14609941,3,9739,4869,6236
1285,2638,15243519,3,10162,5081,6238
1286,2638,14729558,1,9819,4909,6238
1287,2641,7897575,1,5265,2632,6241
1288,2641,9263548,1,6175,3087,6241
1289,2643,13394244,2,8929,4464,6243
1290,2643,11779584,2,7853,3926,6243
1291,2643,8241121,2,5494,2747,6243
1292,2644,2718296,3,1812,906,6244
1293,2644,10528394,3,7018,3509,6244
1294,2644,14878091,1,9918,4959,6244
1295,2645,4617851,2,3078,1539,6245
1296,2645,12893958,1,8595,4297,6245
1297,2646,11509380,2,7672,3836,6246
1298,2647,13395969,2,8930,4465,6247
1299,2648,13945024,1,9296,4648,6248
1300,2648,6885341,4,4590,2295,6248
1301,2652,2727817,3,1818,909,6252
1302,2653,7610696,1,5073,2536,6253
1303,2653,14022324,4,9348,4674,6253
1304,2655,7572459,2,5048,2524,6255
1305,2657,6887243,2,4591,2295,6257
1306,2658,2003036,2,1335,667,6258
1307,2658,17914063,4,11942,5971,6258
1308,2659,13736529,2,9157,4578,6259
1309,2661,13484968,2,8989,4494,6261
1310,2661,14376552,3,9584,4792,6261
1311,2663,12614305,3,8409,4204,6263
1312,2663,8914029,2,5942,2971,6263
1313,2665,9277121,3,6184,3092,6265
1314,2665,8088218,4,5392,2696,6265
1315,2666,21889507,2,14593,7296,6266
1316,2668,12520579,2,8347,4173,6268
1317,2672,7924908,2,5283,2641,6272
1318,2673,12113093,3,8075,4037,6273
1319,2673,5459364,1,3639,1819,6273
1320,2674,16795734,2,11197,5598,6274
1321,2676,7035852,1,4690,2345,6276
1322,2677,12273485,1,8182,4091,6277
1323,2678,14819358,1,9879,4939,6278
1324,2679,11749265,2,7832,3916,6279
1325,2679,10440938,4,6960,3480,6279
1326,2681,10063861,3,6709,3354,6281
1327,2682,9760808,1,6507,3253,6282
1328,2683,7416096,1,4944,2472,6283
1329,2685,7989433,3,5326,2663,6285
1330,2686,16683441,3,11122,5561,6286
1331,2686,9526022,2,6350,3175,6286
1332,2688,6473728,2,4315,2157,6288
1333,2688,7688313,3,5125,2562,6288
1334,2688,14974362,1,9982,4991,6288
1335,2689,13060022,2,8706,4353,6289
1336,2692,12540486,4,8360,4180,6292
1337,2692,8854574,2,5903,2951,6292
1338,2694,12599225,1,8399,4199,6294
1339,2694,7114757,2,4743,2371,6294
1340,2694,8845142,2,5896,2948,6294
1341,2695,14385922,1,9590,4795,6295
1342,2696,13955399,3,9303,4651,6296
1343,2696,5589877,3,3726,1863,6296
1344,2697,6159466,2,4106,2053,6297
1345,2697,10505080,2,7003,3501,6297
1346,2697,17794563,1,11863,5931,6297
1347,2697,2003036,2,1335,667,6297
1348,2699,11269577,1,7513,3756,6299
1349,2699,3813585,1,2542,1271,6299
1350,2699,7156356,4,4770,2385,6299
1351,2700,8372761,2,5581,2790,6300
1352,2701,8120018,3,5413,2706,6301
1353,2703,7609450,3,5072,2536,6303
1354,2705,10047659,3,6698,3349,6305
1355,2707,7602872,2,5068,2534,6307
1356,2707,3424131,2,2282,1141,6307
1357,2709,13529918,2,9019,4509,6309
1358,2709,13408245,2,8938,4469,6309
1359,2711,13815221,2,9210,4605,6311
1360,2712,3071349,2,2047,1023,6312
1361,2712,11362351,1,7574,3787,6312
1362,2713,13061700,2,8707,4353,6313
1363,2713,5367726,2,3578,1789,6313
1364,2713,10056520,1,6704,3352,6313
1365,2714,9491184,3,6327,3163,6314
1366,2714,18317438,3,12211,6105,6314
1367,2715,18688555,4,12459,6229,6315
1368,2717,2514207,2,1676,838,6317
1369,2717,21254883,1,14169,7084,6317
1370,2717,5890411,1,3926,1963,6317
1371,2719,14434906,2,9623,4811,6319
1372,2719,14389048,2,9592,4796,6319
1373,2719,5527771,1,3685,1842,6319
1374,2720,12238252,2,8158,4079,6320
1375,2723,9530542,1,6353,3176,6323
1376,2724,12513449,3,8342,4171,6324
1377,2725,11054779,1,7369,3684,6325
1378,2726,15406877,2,10271,5135,6326
1379,2726,10354991,1,6903,3451,6326
1380,2728,9258598,1,6172,3086,6328
1381,2728,14954953,2,9969,4984,6328
1382,2731,12630924,2,8420,4210,6331
1383,2731,13313337,2,8875,4437,6331
1384,2733,7019999,3,4679,2339,6333
1385,2734,5304356,3,3536,1768,6334
1386,2734,7456551,3,4971,2485,6334
1387,2735,7217242,3,4811,2405,6335
1388,2735,13558445,3,9038,4519,6335
1389,2737,14413772,2,9609,4804,6337
1390,2737,9316032,3,6210,3105,6337
1391,2737,16464087,3,10976,5488,6337
1392,2737,16182637,3,10788,5394,6337
1393,2738,11112136,1,7408,3704,6338
1394,2741,6311051,1,4207,2103,6341
1395,2741,17115133,2,11410,5705,6341
1396,2741,9740183,3,6493,3246,6341
1397,2742,10583783,2,7055,3527,6342
1398,2744,8484636,3,5656,2828,6344
1399,2744,6005044,3,4003,2001,6344
1400,2745,3396270,3,2264,1132,6345
1401,2746,12867408,3,8578,4289,6346
1402,2747,6484523,1,4323,2161,6347
1403,2748,23803966,2,15869,7934,6348
1404,2748,5120429,1,3413,1706,6348
1405,2751,4348369,1,2898,1449,6351
1406,2751,12314287,2,8209,4104,6351
1407,2754,16907534,3,11271,5635,6354
1408,2754,10306273,2,6870,3435,6354
1409,2755,12594177,4,8396,4198,6355
1410,2755,2003036,2,1335,667,6355
1411,2756,6961749,4,4641,2320,6356
1412,2757,5176574,2,3451,1725,6357
1413,2759,2003036,2,1335,667,6359
1414,2759,10542388,1,7028,3514,6359
1415,2761,2003036,3,1335,667,6361
1416,2761,4056265,1,2704,1352,6361
1417,2762,7594137,1,5062,2531,6362
1418,2763,6268714,3,4179,2089,6363
1419,2763,11801724,3,7867,3933,6363
1420,2764,11392376,3,7594,3797,6364
1421,2765,14043377,2,9362,4681,6365
1422,2765,13406044,2,8937,4468,6365
1423,2766,15156628,2,10104,5052,6366
1424,2768,10006532,3,6671,3335,6368
1425,2770,11382852,4,7588,3794,6370
1426,2774,12320483,2,8213,4106,6374
1427,2774,10653601,4,7102,3551,6374
1428,2775,8225091,3,5483,2741,6375
1429,2776,8516916,2,5677,2838,6376
1430,2778,6330581,3,4220,2110,6378
1431,2779,11915334,4,7943,3971,6379
1432,2779,9591468,4,6394,3197,6379
1433,2780,7026367,3,4684,2342,6380
1434,2783,7030553,2,4687,2343,6383
1435,2783,4560117,2,3040,1520,6383
1436,2784,14426650,3,9617,4808,6384
1437,2785,10369495,4,6912,3456,6385
1438,2785,6126685,2,4084,2042,6385
1439,2785,13659165,2,9106,4553,6385
1440,2786,7489330,2,4992,2496,6386
1441,2789,3676319,2,2450,1225,6389
1442,2790,14617653,2,9745,4872,6390
1443,2791,7594573,2,5063,2531,6391
1444,2792,8172339,4,5448,2724,6392
1445,2792,10200769,2,6800,3400,6392
1446,2793,15164634,2,10109,5054,6393
1447,2794,10105483,1,6736,3368,6394
1448,2796,4610961,3,3073,1536,6396
1449,2797,12466339,3,8310,4155,6397
1450,2798,7829412,4,5219,2609,6398
1451,2800,18523731,2,12349,6174,6400
1452,2801,10010132,3,6673,3336,6401
1453,2803,2003036,2,1335,667,6403
1454,2804,11625761,3,7750,3875,6404
1455,2805,18779150,2,12519,6259,6405
1456,2806,17117583,2,11411,5705,6406
1457,2807,18266978,2,12177,6088,6407
1458,2807,5419292,2,3612,1806,6407
1459,2808,14126094,2,9417,4708,6408
1460,2819,6761271,2,4507,2253,6419
1461,2820,11026012,4,7350,3675,6420
1462,2823,4278198,4,2852,1426,6423
1463,2826,7110725,1,4740,2370,6426
1464,2827,6967449,1,4644,2322,6427
1465,2829,14064814,1,9376,4688,6429
1466,2830,13623883,2,9082,4541,6430
1467,2831,11262758,3,7508,3754,6431
1468,2831,3929058,3,2619,1309,6431
1469,2832,8610672,2,5740,2870,6432
1470,2833,6652558,3,4435,2217,6433
1471,2834,13934659,1,9289,4644,6434
1472,2834,15325057,2,10216,5108,6434
1473,2836,14776128,2,9850,4925,6436
1474,2839,6611532,1,4407,2203,6439
1475,2839,2003036,1,1335,667,6439
1476,2841,2051781,1,1367,683,6441
1477,2842,16422209,3,10948,5474,6442
1478,2843,8206790,2,5471,2735,6443
1479,2844,6631790,3,4421,2210,6444
1480,2845,17418369,1,11612,5806,6445
1481,2845,15717039,1,10478,5239,6445
1482,2845,10125364,3,6750,3375,6445
1483,2848,8692860,1,5795,2897,6448
1484,2849,9419820,3,6279,3139,6449
1485,2850,11038962,1,7359,3679,6450
1486,2850,17226319,3,11484,5742,6450
1487,2851,11919167,1,7946,3973,6451
1488,2853,13287268,3,8858,4429,6453
1489,2854,15284880,4,10189,5094,6454
1490,2854,4743647,1,3162,1581,6454
1491,2855,13417212,3,8944,4472,6455
1492,2856,8687607,1,5791,2895,6456
1493,2858,2003036,2,1335,667,6458
1494,2860,2003036,2,1335,667,6460
1495,2861,5426695,2,3617,1808,6461
1496,2862,12409311,1,8272,4136,6462
1497,2863,10528053,3,7018,3509,6463
1498,2866,10846088,1,7230,3615,6466
1499,2867,18807749,3,12538,6269,6467
1500,2867,4295607,2,2863,1431,6467
1501,2868,9891541,1,6594,3297,6468
1502,2868,11387217,4,7591,3795,6468
1503,2871,6696920,2,4464,2232,6471
1504,2875,10142842,4,6761,3380,6475
1505,2875,2804478,3,1869,934,6475
1506,2875,16369386,1,10912,5456,6475
1507,2876,6943257,2,4628,2314,6476
1508,2877,19170354,2,12780,6390,6477
1509,2879,9868822,4,6579,3289,6479
1510,2879,14648441,2,9765,4882,6479
1511,2880,9774951,2,6516,3258,6480
1512,2880,9876621,2,6584,3292,6480
1513,2881,7383057,2,4922,2461,6481
1514,2882,10552049,3,7034,3517,6482
1515,2882,11448344,2,7632,3816,6482
1516,2883,6480658,2,4320,2160,6483
1517,2884,9451624,1,6301,3150,6484
1518,2886,7265566,1,4843,2421,6486
1519,2886,20379373,1,13586,6793,6486
1520,2887,9610777,1,6407,3203,6487
1521,2889,16979277,3,11319,5659,6489
1522,2889,9133541,2,6089,3044,6489
1523,2892,11183743,3,7455,3727,6492
1524,2892,4060015,1,2706,1353,6492
1525,2893,8000298,3,5333,2666,6493
1526,2893,10964022,2,7309,3654,6493
1527,2893,17163028,2,11442,5721,6493
1528,2895,11015617,2,7343,3671,6495
1529,2896,16251371,2,10834,5417,6496
1530,2899,12902835,1,8601,4300,6499
1531,2905,17349599,3,11566,5783,6505
1532,2908,9749085,2,6499,3249,6508
1533,2908,20787506,2,13858,6929,6508
1534,2909,7827580,1,5218,2609,6509
1535,2910,6560865,1,4373,2186,6510
1536,2913,4561675,2,3041,1520,6513
1537,2914,20520710,4,13680,6840,6514
1538,2914,13708289,2,9138,4569,6514
1539,2915,8509353,1,5672,2836,6515
1540,2915,15644311,2,10429,5214,6515
1541,2916,13114490,2,8742,4371,6516
1542,2917,18876181,3,12584,6292,6517
1543,2918,3039358,3,2026,1013,6518
1544,2919,8819245,1,5879,2939,6519
1545,2920,7930673,3,5287,2643,6520
1546,2922,2003036,1,1335,667,6522
1547,2922,14793893,1,9862,4931,6522
1548,2924,8796547,2,5864,2932,6524
1549,2924,13348570,2,8899,4449,6524
1550,2928,20650269,1,13766,6883,6528
1551,2929,8423169,3,5615,2807,6529
1552,2930,8117113,3,5411,2705,6530
1553,2933,10549977,2,7033,3516,6533
1554,2933,14464534,1,9643,4821,6533
1555,2933,7461099,1,4974,2487,6533
1556,2934,7171541,3,4781,2390,6534
1557,2934,14779751,1,9853,4926,6534
1558,2935,11721641,3,7814,3907,6535
1559,2935,2003036,2,1335,667,6535
1560,2937,4492545,2,2995,1497,6537
1561,2938,16780993,1,11187,5593,6538
1562,2939,11826601,2,7884,3942,6539
1563,2939,6580090,3,4386,2193,6539
1564,2939,9247171,1,6164,3082,6539
1565,2940,10074834,2,6716,3358,6540
1566,2941,13331003,2,8887,4443,6541
1567,2943,3893716,1,2595,1297,6543
1568,2944,6225163,3,4150,2075,6544
1569,2945,11245343,1,7496,3748,6545
1570,2946,9565241,2,6376,3188,6546
1571,2949,12592450,4,8394,4197,6549
1572,2949,4473997,3,2982,1491,6549
1573,2949,11624696,2,7749,3874,6549
1574,2950,14934760,2,9956,4978,6550
1575,2951,12209187,1,8139,4069,6551
1576,2952,10642131,2,7094,3547,6552
1577,2953,9583047,3,6388,3194,6553
1578,2953,6252646,1,4168,2084,6553
1579,2954,9690693,3,6460,3230,6554
1580,2961,15692458,4,10461,5230,6561
1581,2964,9478737,2,6319,3159,6564
1582,2964,6004983,1,4003,2001,6564
1583,2964,7796704,1,5197,2598,6564
1584,2964,10920376,3,7280,3640,6564
1585,2967,8331814,2,5554,2777,6567
1586,2967,12202358,3,8134,4067,6567
1587,2968,12371546,1,8247,4123,6568
1588,2968,14021674,3,9347,4673,6568
1589,2968,16430919,2,10953,5476,6568
1590,2969,14503344,1,9668,4834,6569
1591,2969,5804721,2,3869,1934,6569
1592,2970,5943102,1,3962,1981,6570
1593,2970,9673689,4,6449,3224,6570
1594,2970,7981807,2,5321,2660,6570
1595,2972,4884933,3,3256,1628,6572
1596,2972,8024548,1,5349,2674,6572
1597,2973,7876629,1,5251,2625,6573
1598,2973,6987274,2,4658,2329,6573
1599,2974,8591969,3,5727,2863,6574
1600,2974,15326256,1,10217,5108,6574
1601,2976,10913110,1,7275,3637,6576
1602,2976,21155202,2,14103,7051,6576
1603,2977,10783630,2,7189,3594,6577
1604,2978,8707901,4,5805,2902,6578
1605,2978,10033804,2,6689,3344,6578
1606,2979,11171144,3,7447,3723,6579
1607,2981,11976794,3,7984,3992,6581
1608,2982,19374563,1,12916,6458,6582
1609,2982,6205462,1,4136,2068,6582
1610,2983,13886753,1,9257,4628,6583
1611,2986,10951475,1,7300,3650,6586
1612,2986,2934507,3,1956,978,6586
1613,2987,13488587,2,8992,4496,6587
1614,2987,15728142,2,10485,5242,6587
1615,2987,6152030,1,4101,2050,6587
1616,2991,9974915,4,6649,3324,6591
1617,2995,2239299,1,1492,746,6595
1618,2995,4341951,4,2894,1447,6595
1619,2996,14738469,1,9825,4912,6596
1620,2997,7913118,1,5275,2637,6597
1621,2998,5017991,1,3345,1672,6598
1622,3000,11049317,2,7366,3683,6600
1623,3000,7660754,1,5107,2553,6600
1624,3001,7893265,1,5262,2631,6601
1625,3002,13347195,1,8898,4449,6602
1626,3003,4779443,3,3186,1593,6603
1627,3006,5934851,3,3956,1978,6606
1628,3006,10709590,4,7139,3569,6606
1629,3007,14384143,1,9589,4794,6607
1630,3008,15595356,2,10396,5198,6608
1631,3009,7017858,1,4678,2339,6609
1632,3010,14239777,2,9493,4746,6610
1633,3014,6481182,1,4320,2160,6614
1634,3014,18245593,2,12163,6081,6614
1635,3014,4905465,3,3270,1635,6614
1636,3015,16002406,3,10668,5334,6615
1637,3015,7056507,1,4704,2352,6615
1638,3016,19088538,3,12725,6362,6616
1639,3017,12680160,2,8453,4226,6617
1640,3017,5436164,2,3624,1812,6617
1641,3018,7661538,1,5107,2553,6618
1642,3019,13535829,1,9023,4511,6619
1643,3022,14759268,4,9839,4919,6622
1644,3022,9696475,2,6464,3232,6622
1645,3023,10216445,2,6810,3405,6623
1646,3023,13432946,2,8955,4477,6623
1647,3027,10609171,4,7072,3536,6627
1648,3027,4185571,3,2790,1395,6627
1649,3030,6351242,1,4234,2117,6630
1650,3032,11074824,2,7383,3691,6632
1651,3036,15493151,2,10328,5164,6636
1652,3041,17298136,2,11532,5766,6641
1653,3043,13528385,1,9018,4509,6643
1654,3068,11309949,2,7539,3769,6668
1655,3070,13389955,3,8926,4463,6670
1656,3071,7010245,1,4673,2336,6671
1657,3071,9324592,1,6216,3108,6671
1658,3071,6300961,2,4200,2100,6671
1659,3072,4387307,2,2924,1462,6672
1660,3072,11518427,4,7678,3839,6672
1661,3072,10851255,3,7234,3617,6672
1662,3073,13114311,3,8742,4371,6673
1663,3073,12476411,2,8317,4158,6673
1664,3075,11108735,2,7405,3702,6675
1665,3076,12523755,1,8349,4174,6676
1666,3076,9822813,3,6548,3274,6676
1667,3076,11876009,2,7917,3958,6676
1668,3077,6742569,3,4495,2247,6677
1669,3077,11681380,2,7787,3893,6677
1670,3078,13027623,2,8685,4342,6678
1671,3079,6997038,2,4664,2332,6679
1672,3079,10248777,3,6832,3416,6679
1673,3080,7204707,1,4803,2401,6680
1674,3081,7642302,3,5094,2547,6681
1675,3081,4945313,2,3296,1648,6681
1676,3082,15719811,1,10479,5239,6682
1677,3084,14818040,1,9878,4939,6684
1678,3085,12437301,2,8291,4145,6685
1679,3089,18903530,3,12602,6301,6689
1680,3092,9162280,4,6108,3054,6692
1681,3092,23678816,2,15785,7892,6692
1682,3096,8989742,4,5993,2996,6696
1683,3099,11165291,2,7443,3721,6699
1684,3100,8222461,3,5481,2740,6700
1685,3101,11693186,2,7795,3897,6701
1686,3102,13781153,1,9187,4593,6702
1687,3103,9501776,1,6334,3167,6703
1688,3104,18022553,1,12015,6007,6704
1689,3108,11092983,3,7395,3697,6708
1690,3112,11234210,1,7489,3744,6712
1691,3113,5918480,1,3945,1972,6713
1692,3114,11901282,1,7934,3967,6714
1693,3115,9411140,2,6274,3137,6715
1694,3115,7273945,4,4849,2424,6715
1695,3115,6515740,4,4343,2171,6715
1696,3116,22056362,1,14704,7352,6716
1697,3117,8827731,2,5885,2942,6717
1698,3119,3448792,1,2299,1149,6719
1699,3119,6868413,3,4578,2289,6719
1700,3121,9782771,2,6521,3260,6721
1701,3122,12478914,1,8319,4159,6722
1702,3122,12515552,2,8343,4171,6722
1703,3124,13064565,2,8709,4354,6724
1704,3124,7108902,4,4739,2369,6724
1705,3127,11549485,3,7699,3849,6727
1706,3128,6066927,3,4044,2022,6728
1707,3131,7222552,1,4815,2407,6731
1708,3131,5879220,2,3919,1959,6731
1709,3134,4659311,4,3106,1553,6734
1710,3135,14811389,3,9874,4937,6735
1711,3136,13118634,1,8745,4372,6736
1712,3137,14416843,2,9611,4805,6737
1713,3138,10192355,1,6794,3397,6738
1714,3139,13516118,4,9010,4505,6739
1715,3139,2077346,2,1384,692,6739
1716,3139,13904967,1,9269,4634,6739
1717,3140,10813427,2,7208,3604,6740
1718,3145,12841455,1,8560,4280,6745
1719,3145,11727879,1,7818,3909,6745
1720,3146,5566688,2,3711,1855,6746
1721,3147,3263767,3,2175,1087,6747
1722,3150,6806071,1,4537,2268,6750
1723,3150,12561164,2,8374,4187,6750
1724,3154,13125303,3,8750,4375,6754
1725,3156,3850095,1,2566,1283,6756
1726,3156,5593530,2,3729,1864,6756
1727,3157,6755678,2,4503,2251,6757
1728,3158,8404865,4,5603,2801,6758
1729,3161,3876646,2,2584,1292,6761
1730,3162,3606232,2,2404,1202,6762
1731,3162,6311306,3,4207,2103,6762
1732,3163,10403909,1,6935,3467,6763
1733,3164,4694440,2,3129,1564,6764
1734,3168,9493271,2,6328,3164,6768
1735,3176,14785896,2,9857,4928,6776
1736,3184,4148278,3,2765,1382,6784
1737,3194,9084762,3,6056,3028,6794
1738,3200,14633583,1,9755,4877,6800
1739,3222,8130113,2,5420,2710,6822
1740,3242,7429746,3,4953,2476,6842
1741,3242,15258856,1,10172,5086,6842
1742,3242,8635177,2,5756,2878,6842
1743,3242,14992950,2,9995,4997,6842
1744,3245,11948452,2,7965,3982,6845
1745,3254,8470035,1,5646,2823,6854
1746,3274,12177062,3,8118,4059,6874
1747,3275,11459390,1,7639,3819,6875
1748,3276,14616124,3,9744,4872,6876
1749,3285,7543878,1,5029,2514,6885
1750,3286,10200887,1,6800,3400,6886
1751,3287,9737937,3,6491,3245,6887
1752,3287,13188654,3,8792,4396,6887
1753,3288,5394870,2,3596,1798,6888
1754,3288,14598521,3,9732,4866,6888
1755,3289,12116843,2,8077,4038,6889
1756,3292,4080020,2,2720,1360,6892
1757,3292,15460613,1,10307,5153,6892
1758,3294,20083856,3,13389,6694,6894
1759,3296,14530274,1,9686,4843,6896
1760,3296,16446356,3,10964,5482,6896
1761,3298,10399932,2,6933,3466,6898
1762,3298,2527058,2,1684,842,6898
1763,3300,2003036,3,1335,667,6900
1764,3300,11164790,2,7443,3721,6900
1765,3301,7347230,2,4898,2449,6901
1766,3301,5893338,2,3928,1964,6901
1767,3303,9732389,3,6488,3244,6903
1768,3304,12789516,1,8526,4263,6904
1769,3304,3467847,2,2311,1155,6904
1770,3305,7992163,2,5328,2664,6905
1771,3306,16819909,3,11213,5606,6906
1772,3307,5169036,2,3446,1723,6907
1773,3307,13935044,4,9290,4645,6907
1774,3308,7830579,2,5220,2610,6908
1775,3309,12474978,2,8316,4158,6909
1776,3310,14960647,2,9973,4986,6910
1777,3314,13356009,1,8904,4452,6914
1778,3316,14112606,1,9408,4704,6916
1779,3320,4825142,1,3216,1608,6920
1780,3329,15034253,3,10022,5011,6929
1781,3337,6172235,2,4114,2057,6937
1782,3347,11184889,2,7456,3728,6947
1783,3370,11179050,3,7452,3726,6970
1784,3371,12201543,4,8134,4067,6971
1785,3374,11533785,3,7689,3844,6974
1786,3375,6212270,1,4141,2070,6975
1787,3375,3931555,2,2621,1310,6975
1788,3387,13946705,4,9297,4648,6987
1789,3399,10852703,2,7235,3617,6999
1790,3405,15195224,2,10130,5065,7005
1791,3414,9813574,3,6542,3271,7014
1792,3415,3682341,3,2454,1227,7015
1793,3418,14369360,1,9579,4789,7018
1794,3420,8345981,2,5563,2781,7020
1795,3420,11556530,3,7704,3852,7020
1796,3420,7097188,1,4731,2365,7020
1797,3422,17425767,2,11617,5808,7022
1798,3423,6064649,1,4043,2021,7023
1799,3423,8494439,1,5662,2831,7023
1800,3426,10499431,1,6999,3499,7026
1801,3427,5092898,2,3395,1697,7027
1802,3427,11504773,2,7669,3834,7027
1803,3431,17279785,1,11519,5759,7031
1804,3431,7804748,2,5203,2601,7031
1805,3434,11796020,1,7864,3932,7034
1806,3434,2003036,2,1335,667,7034
1807,3434,9839731,3,6559,3279,7034
1808,3438,8604350,2,5736,2868,7038
1809,3439,6326348,2,4217,2108,7039
1810,3440,14889092,2,9926,4963,7040
1811,3440,8544853,1,5696,2848,7040
1812,3440,9215317,3,6143,3071,7040
1813,3442,8315234,4,5543,2771,7042
1814,3445,2003036,2,1335,667,7045
1815,3448,4913507,2,3275,1637,7048
1816,3448,14346663,3,9564,4782,7048
1817,3449,2003036,4,1335,667,7049
1818,3450,6561525,3,4374,2187,7050
1819,3457,8213708,1,5475,2737,7057
1820,3457,17873386,3,11915,5957,7057
1821,3460,13479145,4,8986,4493,7060
1822,3460,7504105,3,5002,2501,7060
1823,3464,15894400,1,10596,5298,7064
1824,3470,6677799,2,4451,2225,7070
1825,3470,14563019,1,9708,4854,7070
1826,3471,3890949,3,2593,1296,7071
1827,3472,14852169,1,9901,4950,7072
1828,3472,8184803,2,5456,2728,7072
1829,3473,5379884,1,3586,1793,7073
1830,3475,9036549,1,6024,3012,7075
1831,3478,11265121,3,7510,3755,7078
1832,3479,7785431,2,5190,2595,7079
1833,3483,12511752,1,8341,4170,7083
1834,3483,7387724,1,4925,2462,7083
1835,3483,12811091,1,8540,4270,7083
1836,3484,12008198,1,8005,4002,7084
1837,3485,9740608,2,6493,3246,7085
1838,3485,8025943,3,5350,2675,7085
1839,3490,10698147,1,7132,3566,7090
1840,3491,12495078,4,8330,4165,7091
1841,3491,19307357,1,12871,6435,7091
1842,3492,14248986,2,9499,4749,7092
1843,3492,14413799,1,9609,4804,7092
1844,3492,23934578,3,15956,7978,7092
1845,3494,12340515,4,8227,4113,7094
1846,3496,12199384,1,8132,4066,7096
1847,3499,13188054,2,8792,4396,7099
1848,3500,5467940,3,3645,1822,7100
1849,3500,8014589,1,5343,2671,7100
1850,3500,7733959,3,5155,2577,7100
1851,3502,12933864,3,8622,4311,7102
1852,3502,9230203,2,6153,3076,7102
1853,3502,10638128,3,7092,3546,7102
1854,3503,14916151,4,9944,4972,7103
1855,3504,13905252,4,9270,4635,7104
1856,3504,9286329,2,6190,3095,7104
1857,3509,6995624,1,4663,2331,7109
1858,3509,15131668,1,10087,5043,7109
1859,3509,13502974,3,9001,4500,7109
1860,3510,2776051,1,1850,925,7110
1861,3512,8603846,2,5735,2867,7112
1862,3565,10761128,2,7174,3587,7165
1863,3575,13525231,1,9016,4508,7175
1864,3575,14116851,2,9411,4705,7175
1865,3582,11294694,4,7529,3764,7182
1866,3582,12652789,2,8435,4217,7182
1867,3584,10304232,2,6869,3434,7184
1868,3585,6978243,3,4652,2326,7185
1869,3585,8837704,2,5891,2945,7185
1870,3586,10100768,3,6733,3366,7186
1871,3586,9858885,2,6572,3286,7186
1872,3589,2003036,2,1335,667,7189
1873,3594,8223788,1,5482,2741,7194
1874,3597,10268487,1,6845,3422,7197
1875,3597,8747091,1,5831,2915,7197
1876,3598,8902785,2,5935,2967,7198
1877,3601,12214472,1,8142,4071,7201
1878,3602,5152501,3,3435,1717,7202
1879,3603,2677868,2,1785,892,7203
1880,3604,8446036,2,5630,2815,7204
1881,3607,13458912,1,8972,4486,7207
1882,3609,17620693,3,11747,5873,7209
1883,3609,13540097,1,9026,4513,7209
1884,3609,3397963,1,2265,1132,7209
1885,3610,8967938,3,5978,2989,7210
1886,3611,11171786,2,7447,3723,7211
1887,3612,10815551,2,7210,3605,7212
1888,3614,12445732,3,8297,4148,7214
1889,3614,5882194,2,3921,1960,7214
1890,3615,10307866,2,6871,3435,7215
1891,3616,11909502,1,7939,3969,7216
1892,3616,13736337,4,9157,4578,7216
1893,3617,6383943,1,4255,2127,7217
1894,3617,8459615,4,5639,2819,7217
1895,3617,2003036,2,1335,667,7217
1896,3617,7214355,3,4809,2404,7217
1897,3618,7651729,3,5101,2550,7218
1898,3618,5420084,3,3613,1806,7218
1899,3620,10761564,1,7174,3587,7220
1900,3621,9763042,3,6508,3254,7221
1901,3622,2003036,4,1335,667,7222
1902,3623,10986436,2,7324,3662,7223
1903,3624,5831379,2,3887,1943,7224
1904,3625,12204096,1,8136,4068,7225
1905,3625,4238092,2,2825,1412,7225
1906,3626,10150412,4,6766,3383,7226
1907,3627,8739009,1,5826,2913,7227
1908,3629,11381207,1,7587,3793,7229
1909,3629,10577168,4,7051,3525,7229
1910,3632,8865196,3,5910,2955,7232
1911,3633,3091460,4,2060,1030,7233
1912,3634,3357653,2,2238,1119,7234
1913,3638,7383699,2,4922,2461,7238
1914,3643,9977862,1,6651,3325,7243
1915,3644,7273908,2,4849,2424,7244
1916,3648,12832902,1,8555,4277,7248
1917,3650,8756777,3,5837,2918,7250
1918,3651,5666030,2,3777,1888,7251
1919,3655,8761845,2,5841,2920,7255
1920,3656,11033090,2,7355,3677,7256
1921,3658,11479378,1,7652,3826,7258
1922,3659,18480714,3,12320,6160,7259
1923,3712,7000517,1,4667,2333,7312
1924,3723,9684022,3,6456,3228,7323
1925,3736,11935646,4,7957,3978,7336
1926,3771,9909615,3,6606,3303,7371
1927,3773,7758977,1,5172,2586,7373
1928,3786,3032939,1,2021,1010,7386
1929,3788,7712933,2,5141,2570,7388
1930,3791,5176184,2,3450,1725,7391
1931,3799,2233655,1,1489,744,7399
1932,3800,6429189,2,4286,2143,7400
1933,3802,5296114,2,3530,1765,7402
1934,3813,12646205,4,8430,4215,7413
1935,3816,12724197,2,8482,4241,7416
1936,3829,5941548,3,3961,1980,7429
1937,3839,8842372,1,5894,2947,7439
1938,3841,2003036,1,1335,667,7441
1939,3841,7787272,3,5191,2595,7441
1940,3842,11813322,3,7875,3937,7442
1941,3843,13733033,1,9155,4577,7443
1942,3843,6801596,2,4534,2267,7443
1943,3844,14755709,1,9837,4918,7444
1944,3846,3184212,2,2122,1061,7446
1945,3846,4392332,3,2928,1464,7446
1946,3847,13213504,2,8809,4404,7447
1947,3849,17546638,2,11697,5848,7449
1948,3849,12238992,1,8159,4079,7449
1949,3850,9833362,1,6555,3277,7450
1950,3850,2003036,4,1335,667,7450
1951,3851,2003036,2,1335,667,7451
1952,3852,10598405,1,7065,3532,7452
1953,3852,8401450,2,5600,2800,7452
1954,3852,5031367,1,3354,1677,7452
1955,3852,10310522,1,6873,3436,7452
1956,3853,10534056,3,7022,3511,7453
1957,3853,14271500,2,9514,4757,7453
1958,3855,10630821,4,7087,3543,7455
1959,3855,15551343,2,10367,5183,7455
1960,3857,10051206,2,6700,3350,7457
1961,3858,9495383,3,6330,3165,7458
1962,3859,14811852,1,9874,4937,7459
1963,3859,5605511,2,3737,1868,7459
1964,3862,22699415,2,15132,7566,7462
1965,3864,11706400,3,7804,3902,7464
1966,3864,11731511,3,7821,3910,7464
1967,3865,12381696,1,8254,4127,7465
1968,3867,18475113,3,12316,6158,7467
1969,3868,13586874,2,9057,4528,7468
1970,3868,2781463,1,1854,927,7468
1971,3869,16340381,2,10893,5446,7469
1972,3870,8478815,2,5652,2826,7470
1973,3871,10498108,4,6998,3499,7471
1974,3873,4249798,2,2833,1416,7473
1975,3874,12386681,2,8257,4128,7474
1976,3875,7079545,3,4719,2359,7475
1977,3877,10466626,3,6977,3488,7477
1978,3877,8734792,3,5823,2911,7477
1979,3878,18690884,3,12460,6230,7478
1980,3879,18948889,3,12632,6316,7479
1981,3879,10224805,2,6816,3408,7479
1982,3882,10303515,3,6869,3434,7482
1983,3883,8332134,2,5554,2777,7483
1984,3886,14999761,2,9999,4999,7486
1985,3887,8532792,4,5688,2844,7487
1986,3888,8116283,4,5410,2705,7488
1987,3888,14425530,2,9617,4808,7488
1988,3889,7589155,2,5059,2529,7489
1989,3889,9845023,3,6563,3281,7489
1990,3891,2888479,3,1925,962,7491
1991,3893,13188844,2,8792,4396,7493
1992,3896,18762336,2,12508,6254,7496
1993,3896,13265618,2,8843,4421,7496
1994,3897,16603259,2,11068,5534,7497
1995,3899,6201939,1,4134,2067,7499
1996,3902,11080251,2,7386,3693,7502
1997,3903,5764517,2,3843,1921,7503
1998,3905,8988677,2,5992,2996,7505
1999,3905,13495404,3,8996,4498,7505
2000,3905,10474066,3,6982,3491,7505
2001,3907,3648645,3,2432,1216,7507
2002,3907,4088565,2,2725,1362,7507
2003,3910,3790507,3,2527,1263,7510
2004,3911,12230071,2,8153,4076,7511
2005,3911,19316800,1,12877,6438,7511
2006,3913,16155546,3,10770,5385,7513
2007,3914,2003036,2,1335,667,7514
2008,3914,16419726,4,10946,5473,7514
2009,3916,14235376,3,9490,4745,7516
2010,3916,3050774,3,2033,1016,7516
2011,3917,8648700,2,5765,2882,7517
2012,3918,14952511,2,9968,4984,7518
2013,3918,12495888,1,8330,4165,7518
2014,3922,4115309,1,2743,1371,7522
2015,3923,12767689,1,8511,4255,7523
2016,3926,2003036,2,1335,667,7526
2017,3926,9010956,1,6007,3003,7526
2018,3927,15143756,1,10095,5047,7527
2019,3927,10098078,2,6732,3366,7527
2020,3928,7766551,2,5177,2588,7528
2021,3933,14023311,1,9348,4674,7533
2022,3935,14408219,2,9605,4802,7535
2023,3936,15919304,4,10612,5306,7536
2024,3936,13955691,3,9303,4651,7536
2025,3936,14888751,1,9925,4962,7536
2026,3937,13318272,2,8878,4439,7537
2027,3937,11211871,2,7474,3737,7537
2028,3941,10418580,1,6945,3472,7541
2029,3941,8945889,1,5963,2981,7541
2030,3942,4551240,3,3034,1517,7542
2031,3945,5709751,2,3806,1903,7545
2032,3946,8744187,1,5829,2914,7546
2033,3946,11103362,2,7402,3701,7546
2034,3948,16508676,2,11005,5502,7548
2035,3957,9826805,1,6551,3275,7557
2036,3958,14537675,2,9691,4845,7558
2037,3985,14879470,3,9919,4959,7585
2038,3987,8972087,2,5981,2990,7587
2039,3987,12695346,4,8463,4231,7587
2040,3989,8917639,3,5945,2972,7589
2041,3989,15973820,3,10649,5324,7589
2042,3991,12880816,4,8587,4293,7591
2043,3992,4649870,3,3099,1549,7592
2044,3992,10743142,2,7162,3581,7592
2045,3993,17442940,3,11628,5814,7593
2046,3996,9198401,1,6132,3066,7596
2047,3996,12032954,2,8021,4010,7596
2048,3999,12475361,1,8316,4158,7599
2049,4000,5343295,2,3562,1781,7600
2050,4001,12316852,1,8211,4105,7601
2051,4001,3733400,1,2488,1244,7601
2052,4001,7195596,2,4797,2398,7601
2053,4002,14863279,2,9908,4954,7602
2054,4006,11623018,1,7748,3874,7606
2055,4006,8642948,1,5761,2880,7606
2056,4011,12027302,1,8018,4009,7611
2057,4012,9744353,1,6496,3248,7612
2058,4015,10071867,2,6714,3357,7615
2059,4017,12975348,2,8650,4325,7617
2060,4017,6737055,3,4491,2245,7617
2061,4021,10196967,3,6797,3398,7621
2062,4025,8607838,3,5738,2869,7625
2063,4028,2869133,3,1912,956,7628
2064,4030,5866840,2,3911,1955,7630
2065,4035,17082818,3,11388,5694,7635
2066,4036,11749061,3,7832,3916,7636
2067,4037,4049990,2,2699,1349,7637
2068,4039,3073063,3,2048,1024,7639
2069,4039,9509674,1,6339,3169,7639
2070,4041,17051181,2,11367,5683,7641
2071,4042,9173491,2,6115,3057,7642
2072,4045,15905603,3,10603,5301,7645
2073,4046,11601270,4,7734,3867,7646
2074,4046,12139024,1,8092,4046,7646
2075,4047,3995313,3,2663,1331,7647
2076,4047,14240435,1,9493,4746,7647
2077,4047,8505696,1,5670,2835,7647
2078,4047,13904989,2,9269,4634,7647
2079,4047,6345852,2,4230,2115,7647
2080,4048,10813109,1,7208,3604,7648
2081,4049,11601596,3,7734,3867,7649
2082,4050,9320976,3,6213,3106,7650
2083,4051,11838395,3,7892,3946,7651
2084,4052,8814572,2,5876,2938,7652
2085,4054,7089976,2,4726,2363,7654
2086,4055,17250819,2,11500,5750,7655
2087,4058,14742630,4,9828,4914,7658
2088,4061,6586090,1,4390,2195,7661
2089,4063,12577060,1,8384,4192,7663
2090,4064,6668051,2,4445,2222,7664
2091,4065,4676006,1,3117,1558,7665
2092,4066,14674382,2,9782,4891,7666
2093,4067,2335091,2,1556,778,7667
2094,4068,14192360,1,9461,4730,7668
2095,4068,8876202,2,5917,2958,7668
2096,4069,9061773,3,6041,3020,7669
2097,4074,11861857,2,7907,3953,7674
2098,4074,12634542,2,8423,4211,7674
2099,4075,6290990,2,4193,2096,7675
2100,4078,13249845,2,8833,4416,7678
2101,4078,10526120,1,7017,3508,7678
2102,4080,4354352,2,2902,1451,7680
2103,4080,9249583,2,6166,3083,7680
2104,4081,16240368,3,10826,5413,7681
2105,4082,17571306,3,11714,5857,7682
2106,4083,13248146,3,8832,4416,7683
2107,4088,4650502,1,3100,1550,7688
2108,4090,12226260,2,8150,4075,7690
2109,4090,13849864,1,9233,4616,7690
2110,4096,13285821,1,8857,4428,7696
2111,4099,13552834,3,9035,4517,7699
2112,4118,11652343,3,7768,3884,7718
2113,4124,9688828,1,6459,3229,7724
2114,4132,7273369,2,4848,2424,7732
2115,4134,2003036,2,1335,667,7734
2116,4135,11545886,3,7697,3848,7735
2117,4138,10853687,1,7235,3617,7738
2118,4138,12528078,1,8352,4176,7738
2119,4138,3987096,2,2658,1329,7738
2120,4141,12922159,1,8614,4307,7741
2121,4146,19274664,2,12849,6424,7746
2122,4147,10368739,2,6912,3456,7747
2123,4148,9737263,2,6491,3245,7748
2124,4148,11407799,2,7605,3802,7748
2125,4149,19174576,2,12783,6391,7749
2126,4149,5401771,3,3601,1800,7749
2127,4150,10930997,2,7287,3643,7750
2128,4154,6411258,1,4274,2137,7754
2129,4155,7549921,2,5033,2516,7755
2130,4155,9791683,2,6527,3263,7755
2131,4156,16087335,4,10724,5362,7756
2132,4156,18131937,3,12087,6043,7756
2133,4156,12034879,3,8023,4011,7756
2134,4159,8317930,1,5545,2772,7759
2135,4161,21249529,1,14166,7083,7761
2136,4162,8088263,2,5392,2696,7762
2137,4162,7441166,2,4960,2480,7762
2138,4163,2015811,1,1343,671,7763
2139,4164,16307126,3,10871,5435,7764
2140,4164,14378896,3,9585,4792,7764
2141,4165,20911817,2,13941,6970,7765
2142,4167,3752832,3,2501,1250,7767
2143,4167,16586906,2,11057,5528,7767
2144,4168,10331267,3,6887,3443,7768
2145,4168,13648135,1,9098,4549,7768
2146,4173,2588926,2,1725,862,7773
2147,4174,16631573,2,11087,5543,7774
2148,4174,13559875,3,9039,4519,7774
2149,4176,9839817,1,6559,3279,7776
2150,4176,12922591,1,8615,4307,7776
2151,4177,6565221,1,4376,2188,7777
2152,4179,7403740,2,4935,2467,7779
2153,4180,7926512,2,5284,2642,7780
2154,4181,2003036,4,1335,667,7781
2155,4182,13898977,3,9265,4632,7782
2156,4183,15385488,2,10256,5128,7783
2157,4186,6854339,2,4569,2284,7786
2158,4188,11584470,3,7722,3861,7788
2159,4189,8818432,1,5878,2939,7789
2160,4191,11494653,2,7663,3831,7791
2161,4192,7186794,1,4791,2395,7792
2162,4192,6033731,3,4022,2011,7792
2163,4192,14756701,2,9837,4918,7792
2164,4192,9727324,1,6484,3242,7792
2165,4194,19128480,2,12752,6376,7794
2166,4198,10223889,3,6815,3407,7798
2167,4200,5841502,2,3894,1947,7800
2168,4201,15544792,1,10363,5181,7801
2169,4202,12858087,1,8572,4286,7802
2170,4202,13291071,2,8860,4430,7802
2171,4204,15381013,2,10254,5127,7804
2172,4205,7073136,2,4715,2357,7805
2173,4206,9441669,1,6294,3147,7806
2174,4206,9242483,2,6161,3080,7806
2175,4206,4198003,2,2798,1399,7806
2176,4206,8827222,2,5884,2942,7806
2177,4207,16038013,2,10692,5346,7807
2178,4209,11084821,3,7389,3694,7809
2179,4210,3948708,3,2632,1316,7810
2180,4210,3003274,3,2002,1001,7810
2181,4212,17518041,2,11678,5839,7812
2182,4212,9608126,1,6405,3202,7812
2183,4213,7097410,1,4731,2365,7813
2184,4213,8780344,1,5853,2926,7813
2185,4215,3357203,2,2238,1119,7815
2186,4216,16428826,1,10952,5476,7816
2187,4217,8243755,2,5495,2747,7817
2188,4217,16177824,1,10785,5392,7817
2189,4239,10247964,1,6831,3415,7839
2190,4350,16457836,3,10971,5485,7950
2191,4356,11172057,2,7448,3724,7956
2192,4362,13860553,1,9240,4620,7962
2193,4362,13256008,1,8837,4418,7962
2194,4368,12824245,2,8549,4274,7968
2195,4373,11583260,3,7722,3861,7973
2196,4375,8965759,2,5977,2988,7975
2197,4400,18647717,2,12431,6215,8000
2198,4421,5927767,3,3951,1975,8021
2199,4421,10034592,1,6689,3344,8021
2200,4422,10082266,4,6721,3360,8022
2201,4423,11828910,4,7885,3942,8023
2202,4423,8079618,1,5386,2693,8023
2203,4424,11433686,2,7622,3811,8024
2204,4424,9254233,1,6169,3084,8024
2205,4426,2885587,2,1923,961,8026
2206,4426,10058229,2,6705,3352,8026
2207,4432,5055117,3,3370,1685,8032
2208,4432,2198596,2,1465,732,8032
2209,4432,10632043,1,7088,3544,8032
2210,4434,12213985,2,8142,4071,8034
2211,4435,12388917,3,8259,4129,8035
2212,4436,12571320,1,8380,4190,8036
2213,4438,2003036,1,1335,667,8038
2214,4438,3881306,4,2587,1293,8038
2215,4438,18909504,1,12606,6303,8038
2216,4439,5295586,2,3530,1765,8039
2217,4440,12768135,2,8512,4256,8040
2218,4442,6919267,3,4612,2306,8042
2219,4443,10374250,4,6916,3458,8043
2220,4444,7161209,3,4774,2387,8044
2221,4445,12545949,1,8363,4181,8045
2222,4446,10631596,1,7087,3543,8046
2223,4446,7994812,2,5329,2664,8046
2224,4448,5282231,2,3521,1760,8048
2225,4449,11221991,1,7481,3740,8049
2226,4449,4549660,3,3033,1516,8049
2227,4449,11941763,1,7961,3980,8049
2228,4450,21852299,3,14568,7284,8050
2229,4455,16100165,4,10733,5366,8055
2230,4456,13252650,2,8835,4417,8056
2231,4456,9629361,2,6419,3209,8056
2232,4458,2003036,1,1335,667,8058
2233,4458,4055858,3,2703,1351,8058
2234,4460,15796508,2,10531,5265,8060
2235,4461,6455882,1,4303,2151,8061
2236,4463,6863768,2,4575,2287,8063
2237,4463,9268620,2,6179,3089,8063
2238,4464,5228716,2,3485,1742,8064
2239,4465,4486340,3,2990,1495,8065
2240,4465,9787700,1,6525,3262,8065
2241,4466,5997206,4,3998,1999,8066
2242,4468,6675533,1,4450,2225,8068
2243,4470,6494483,4,4329,2164,8070
2244,4470,12369367,1,8246,4123,8070
2245,4471,8969027,2,5979,2989,8071
2246,4471,9210385,2,6140,3070,8071
2247,4473,12705512,2,8470,4235,8073
2248,4474,9375030,3,6250,3125,8074
2249,4475,8761136,3,5840,2920,8075
2250,4478,12135418,3,8090,4045,8078
2251,4478,13026632,2,8684,4342,8078
2252,4483,9352343,2,6234,3117,8083
2253,4490,10378464,1,6918,3459,8090
2254,4491,6491782,1,4327,2163,8091
2255,4492,6136226,1,4090,2045,8092
2256,4492,13481595,2,8987,4493,8092
2257,4493,12020456,2,8013,4006,8093
2258,4493,12067131,1,8044,4022,8093
2259,4497,11280941,2,7520,3760,8097
2260,4497,10223408,4,6815,3407,8097
2261,4498,13153788,3,8769,4384,8098
2262,4498,14229554,1,9486,4743,8098
2263,4509,14121928,1,9414,4707,8109
2264,4531,9560989,2,6373,3186,8131
2265,4532,16266119,1,10844,5422,8132
2266,4533,11044812,3,7363,3681,8133
2267,4536,12865190,2,8576,4288,8136
2268,4536,11286500,4,7524,3762,8136
2269,4536,11128395,1,7418,3709,8136
2270,4537,6699269,3,4466,2233,8137
2271,4538,13176047,2,8784,4392,8138
2272,4538,22838437,2,15225,7612,8138
2273,4540,8326040,1,5550,2775,8140
2274,4541,10335139,3,6890,3445,8141
2275,4541,8004207,3,5336,2668,8141
2276,4543,7815755,4,5210,2605,8143
2277,4543,16975750,3,11317,5658,8143
2278,4544,6982212,1,4654,2327,8144
2279,4544,7878578,1,5252,2626,8144
2280,4547,2860618,1,1907,953,8147
2281,4548,6600751,3,4400,2200,8148
2282,4548,2315710,1,1543,771,8148
2283,4553,12862615,3,8575,4287,8153
2284,4556,22632938,3,15088,7544,8156
2285,4556,8362619,2,5575,2787,8156
2286,4557,2503383,2,1668,834,8157
2287,4558,14071324,3,9380,4690,8158
2288,4561,6739051,2,4492,2246,8161
2289,4562,15871114,2,10580,5290,8162
2290,4563,8744121,3,5829,2914,8163
2291,4587,7167692,2,4778,2389,8187
2292,4599,9213154,1,6142,3071,8199
2293,4604,13430349,3,8953,4476,8204
2294,4605,8990232,2,5993,2996,8205
2295,4606,7776524,2,5184,2592,8206
2296,4606,9119078,2,6079,3039,8206
2297,4606,4283143,1,2855,1427,8206
2298,4606,11804532,4,7869,3934,8206
2299,4608,2003036,4,1335,667,8208
2300,4608,8013598,3,5342,2671,8208
2301,4608,13437598,2,8958,4479,8208
2302,4610,11380965,2,7587,3793,8210
2303,4611,12675653,3,8450,4225,8211
2304,4612,9722028,2,6481,3240,8212
2305,4613,15287025,1,10191,5095,8213
2306,4613,14182640,4,9455,4727,8213
2307,4614,12025860,2,8017,4008,8214
2308,4615,14195469,4,9463,4731,8215
2309,4616,13397210,1,8931,4465,8216
2310,4620,8034591,3,5356,2678,8220
2311,4621,3958454,4,2638,1319,8221
2312,4623,11909679,2,7939,3969,8223
2313,4623,12476309,2,8317,4158,8223
2314,4623,14929750,1,9953,4976,8223
2315,4624,5795337,3,3863,1931,8224
2316,4625,5930047,1,3953,1976,8225
2317,4626,12087870,2,8058,4029,8226
2318,4626,9694441,1,6462,3231,8226
2319,4627,2003036,4,1335,667,8227
2320,4628,11705727,3,7803,3901,8228
2321,4628,2003036,2,1335,667,8228
2322,4629,5755067,1,3836,1918,8229
2323,4630,16106976,4,10737,5368,8230
2324,4631,18239598,2,12159,6079,8231
2325,4631,4536421,1,3024,1512,8231
2326,4633,8530666,1,5687,2843,8233
2327,4633,10207271,1,6804,3402,8233
2328,4634,18042865,1,12028,6014,8234
2329,4634,7793901,1,5195,2597,8234
2330,4634,7865943,3,5243,2621,8234
2331,4636,16995021,2,11330,5665,8236
2332,4637,8326067,2,5550,2775,8237
2333,4639,13270018,1,8846,4423,8239
2334,4641,3357946,2,2238,1119,8241
2335,4641,9243461,4,6162,3081,8241
2336,4642,2535657,2,1690,845,8242
2337,4645,5258517,2,3505,1752,8245
2338,4645,13797316,1,9198,4599,8245
2339,4646,9790263,4,6526,3263,8246
2340,4646,8577023,2,5718,2859,8246
2341,4648,6640691,3,4427,2213,8248
2342,4651,9020719,2,6013,3006,8251
2343,4652,11372244,3,7581,3790,8252
2344,4652,14445014,3,9630,4815,8252
2345,4654,2003036,2,1335,667,8254
2346,4655,6266572,3,4177,2088,8255
2347,4655,10732198,1,7154,3577,8255
2348,4659,9569619,3,6379,3189,8259
2349,4660,11833126,2,7888,3944,8260
2350,4684,11220937,2,7480,3740,8284
2351,4689,8641190,2,5760,2880,8289
2352,4717,7640740,2,5093,2546,8317
2353,4717,8908745,1,5939,2969,8317
2354,4717,15192365,2,10128,5064,8317
2355,4722,6716143,2,4477,2238,8322
2356,4726,9732119,1,6488,3244,8326
2357,4730,10841470,2,7227,3613,8330
2358,4731,17047415,2,11364,5682,8331
2359,4732,8661740,1,5774,2887,8332
2360,4734,14336357,2,9557,4778,8334
2361,4736,15567500,1,10378,5189,8336
2362,4736,9727848,4,6485,3242,8336
2363,4738,9065503,3,6043,3021,8338
2364,4739,8532189,2,5688,2844,8339
2365,4739,8862227,3,5908,2954,8339
2366,4741,13865092,1,9243,4621,8341
2367,4742,11056301,1,7370,3685,8342
2368,4742,11075589,2,7383,3691,8342
2369,4744,4943987,1,3295,1647,8344
2370,4744,5654865,2,3769,1884,8344
2371,4744,19675329,2,13116,6558,8344
2372,4745,9213748,3,6142,3071,8345
2373,4746,6523412,1,4348,2174,8346
2374,4746,16464899,2,10976,5488,8346
2375,4747,11285241,2,7523,3761,8347
2376,4747,12620824,2,8413,4206,8347
2377,4748,9393023,1,6262,3131,8348
2378,4749,8578973,3,5719,2859,8349
2379,4750,9250881,2,6167,3083,8350
2380,4751,3783412,4,2522,1261,8351
2381,4752,9618904,1,6412,3206,8352
2382,4752,11349349,3,7566,3783,8352
2383,4755,18354902,2,12236,6118,8355
2384,4756,10402761,2,6935,3467,8356
2385,4757,2003036,3,1335,667,8357
2386,4758,9591602,2,6394,3197,8358
2387,4760,22361658,1,14907,7453,8360
2388,4760,13919744,1,9279,4639,8360
2389,4762,6360639,3,4240,2120,8362
2390,4765,12679195,3,8452,4226,8365
2391,4765,6671050,4,4447,2223,8365
2392,4766,3913798,2,2609,1304,8366
2393,4766,8445137,1,5630,2815,8366
2394,4766,10427672,2,6951,3475,8366
2395,4767,2003036,2,1335,667,8367
2396,4767,4836112,1,3224,1612,8367
2397,4768,10061759,4,6707,3353,8368
2398,4768,8175611,4,5450,2725,8368
2399,4768,11794525,2,7863,3931,8368
2400,4770,4540874,2,3027,1513,8370
2401,4770,13233567,1,8822,4411,8370
2402,4770,4680177,4,3120,1560,8370
2403,4772,17418703,2,11612,5806,8372
2404,4773,2282547,2,1521,760,8373
2405,4777,5091222,2,3394,1697,8377
2406,4777,11896197,1,7930,3965,8377
2407,4778,17515595,2,11677,5838,8378
2408,4779,11435024,1,7623,3811,8379
2409,4779,12551883,3,8367,4183,8379
2410,4780,10094214,2,6729,3364,8380
2411,4780,5389375,3,3592,1796,8380
2412,4781,7806208,2,5204,2602,8381
2413,4784,4553307,2,3035,1517,8384
2414,4788,4252249,1,2834,1417,8388
2415,4788,11825792,3,7883,3941,8388
2416,4790,4953206,1,3302,1651,8390
2417,4791,11455354,2,7636,3818,8391
2418,4791,4148084,2,2765,1382,8391
2419,4792,11350926,2,7567,3783,8392
2420,4793,7812769,1,5208,2604,8393
2421,4793,16354555,2,10903,5451,8393
2422,4794,11474124,3,7649,3824,8394
2423,4800,15584642,2,10389,5194,8400
2424,4806,6609607,2,4406,2203,8406
2425,4807,10268207,2,6845,3422,8407
2426,4807,5593585,2,3729,1864,8407
2427,4810,8151130,1,5434,2717,8410
2428,4812,8833919,2,5889,2944,8412
2429,4817,6743858,3,4495,2247,8417
2430,4818,4537113,1,3024,1512,8418
2431,4818,3644696,2,2429,1214,8418
2432,4818,2003036,1,1335,667,8418
2433,4819,5254404,3,3502,1751,8419
2434,4820,12843186,2,8562,4281,8420
2435,4824,2811017,1,1874,937,8424
2436,4827,3849281,2,2566,1283,8427
2437,4829,18086454,1,12057,6028,8429
2438,4829,7146598,1,4764,2382,8429
2439,4830,11462078,1,7641,3820,8430
2440,4834,12909992,1,8606,4303,8434
2441,4835,13001071,3,8667,4333,8435
2442,4835,3154366,1,2102,1051,8435
2443,4836,8973831,2,5982,2991,8436
2444,4838,2722103,1,1814,907,8438
2445,4839,21040317,3,14026,7013,8439
2446,4847,2827346,1,1884,942,8447
2447,4854,5292740,2,3528,1764,8454
2448,4854,5325367,2,3550,1775,8454
2449,4854,3269984,4,2179,1089,8454
2450,4855,16111089,3,10740,5370,8455
2451,4859,20932739,1,13955,6977,8459
2452,4866,7871058,3,5247,2623,8466
2453,4866,4064255,4,2709,1354,8466
2454,4868,2003036,1,1335,667,8468
2455,4868,8915022,1,5943,2971,8468
2456,4868,8589373,2,5726,2863,8468
2457,4869,7079897,2,4719,2359,8469
2458,4870,11012879,2,7341,3670,8470
2459,4870,11796156,1,7864,3932,8470
2460,4872,11471259,3,7647,3823,8472
2461,4872,8590457,1,5726,2863,8472
2462,4872,5050356,2,3366,1683,8472
2463,4873,13015975,3,8677,4338,8473
2464,4875,10071575,2,6714,3357,8475
2465,4876,14018855,1,9345,4672,8476
2466,4877,13575914,1,9050,4525,8477
2467,4878,3607538,2,2405,1202,8478
2468,4881,3551382,1,2367,1183,8481
2469,4882,6610084,2,4406,2203,8482
2470,4883,5254769,1,3503,1751,8483
2471,4883,13418970,3,8945,4472,8483
2472,4887,11598471,2,7732,3866,8487
2473,4887,14969014,2,9979,4989,8487
2474,4890,11802077,3,7868,3934,8490
2475,4891,10955526,2,7303,3651,8491
2476,4892,15422156,1,10281,5140,8492
2477,4892,12132159,1,8088,4044,8492
2478,4892,10322098,2,6881,3440,8492
2479,4895,16687328,2,11124,5562,8495
2480,4896,10534279,1,7022,3511,8496
2481,4898,8643567,1,5762,2881,8498
2482,4899,6239251,1,4159,2079,8499
2483,4901,13183594,2,8789,4394,8501
2484,4901,15590355,2,10393,5196,8501
2485,4904,9787189,3,6524,3262,8504
2486,4904,15909732,4,10606,5303,8504
2487,4906,2003036,3,1335,667,8506
2488,4907,9765259,3,6510,3255,8507
2489,4908,9834477,3,6556,3278,8508
2490,4908,6738738,4,4492,2246,8508
2491,4909,20758835,4,13839,6919,8509
2492,4910,9716859,3,6477,3238,8510
2493,4913,8177605,3,5451,2725,8513
2494,4914,10132185,2,6754,3377,8514
2495,4914,2003036,2,1335,667,8514
2496,4914,6590582,2,4393,2196,8514
2497,4916,14446474,3,9630,4815,8516
2498,4916,7180628,1,4787,2393,8516
2499,4916,6279579,2,4186,2093,8516
2500,4917,15916988,1,10611,5305,8517
2501,4918,16055477,4,10703,5351,8518
2502,4919,12345166,2,8230,4115,8519
2503,4919,7964042,2,5309,2654,8519
2504,4919,8935923,3,5957,2978,8519
2505,4921,6391011,2,4260,2130,8521
2506,4922,5531905,3,3687,1843,8522
2507,4923,5308170,1,3538,1769,8523
2508,4924,7229712,4,4819,2409,8524
2509,4926,5351866,3,3567,1783,8526
2510,4928,2967825,2,1978,989,8528
2511,4929,11003989,3,7335,3667,8529
2512,4929,11072461,1,7381,3690,8529
2513,4931,17680362,2,11786,5893,8531
2514,4932,7003091,3,4668,2334,8532
2515,4933,11349653,1,7566,3783,8533
2516,4934,11424521,3,7616,3808,8534
2517,4935,8871175,3,5914,2957,8535
2518,4936,13369763,4,8913,4456,8536
2519,4937,13509004,1,9006,4503,8537
2520,4955,11490764,4,7660,3830,8555
2521,4982,8863053,1,5908,2954,8582
2522,4992,8403851,2,5602,2801,8592
2523,4992,3850944,1,2567,1283,8592
2524,5026,6383044,1,4255,2127,8626
2525,5045,7211896,2,4807,2403,8645
2526,5045,4949628,1,3299,1649,8645
2527,5046,11997841,3,7998,3999,8646
2528,5046,15408177,1,10272,5136,8646
2529,5048,5922695,1,3948,1974,8648
2530,5049,11292600,1,7528,3764,8649
2531,5049,5354615,2,3569,1784,8649
2532,5049,8640946,2,5760,2880,8649
2533,5051,6903980,2,4602,2301,8651
2534,5051,12727820,3,8485,4242,8651
2535,5053,6955995,3,4637,2318,8653
2536,5056,14574560,2,9716,4858,8656
2537,5056,8907756,1,5938,2969,8656
2538,5057,7087525,2,4725,2362,8657
2539,5059,4366744,2,2911,1455,8659
2540,5059,11156328,1,7437,3718,8659
2541,5060,14049775,1,9366,4683,8660
2542,5060,11246991,1,7497,3748,8660
2543,5061,20105212,2,13403,6701,8661
2544,5062,16458987,1,10972,5486,8662
2545,5062,8629203,3,5752,2876,8662
2546,5063,8581882,1,5721,2860,8663
2547,5063,12132021,1,8088,4044,8663
2548,5065,6238368,2,4158,2079,8665
2549,5065,15271441,2,10180,5090,8665
2550,5065,11644850,1,7763,3881,8665
2551,5065,11170995,1,7447,3723,8665
2552,5066,13111162,2,8740,4370,8666
2553,5067,17779680,2,11853,5926,8667
2554,5069,10785645,2,7190,3595,8669
2555,5069,9505724,1,6337,3168,8669
2556,5069,16814721,3,11209,5604,8669
2557,5070,14375763,2,9583,4791,8670
2558,5071,8568576,1,5712,2856,8671
2559,5072,10038553,2,6692,3346,8672
2560,5072,10895727,2,7263,3631,8672
2561,5073,11645808,3,7763,3881,8673
2562,5073,3901213,1,2600,1300,8673
2563,5075,3063462,3,2042,1021,8675
2564,5076,6015862,2,4010,2005,8676
2565,5077,5667266,3,3778,1889,8677
2566,5077,7113573,3,4742,2371,8677
2567,5077,12875711,2,8583,4291,8677
2568,5080,9253843,2,6169,3084,8680
2569,5080,10900295,3,7266,3633,8680
2570,5080,4497451,2,2998,1499,8680
2571,5083,7934635,4,5289,2644,8683
2572,5104,12661849,2,8441,4220,8704
2573,5122,12696528,2,8464,4232,8722
2574,5133,6749647,2,4499,2249,8733
2575,5140,10743763,1,7162,3581,8740
2576,5143,19925012,3,13283,6641,8743
2577,5161,9935867,1,6623,3311,8761
2578,5162,6891102,3,4594,2297,8762
2579,5163,9232061,1,6154,3077,8763
2580,5165,10430605,2,6953,3476,8765
2581,5166,9333888,3,6222,3111,8766
2582,5169,9873868,1,6582,3291,8769
2583,5170,3509809,4,2339,1169,8770
2584,5171,5676766,2,3784,1892,8771
2585,5172,9342150,2,6228,3114,8772
2586,5172,9270343,3,6180,3090,8772
2587,5172,7463459,3,4975,2487,8772
2588,5173,9217408,2,6144,3072,8773
2589,5173,10290162,3,6860,3430,8773
2590,5176,14023613,3,9349,4674,8776
2591,5178,9568048,4,6378,3189,8778
2592,5179,11813868,3,7875,3937,8779
2593,5180,7574278,4,5049,2524,8780
2594,5180,12593516,3,8395,4197,8780
2595,5181,11708531,1,7805,3902,8781
2596,5183,13917268,4,9278,4639,8783
2597,5184,13230623,1,8820,4410,8784
2598,5188,12668510,3,8445,4222,8788
2599,5188,9571628,2,6381,3190,8788
2600,5190,11119078,3,7412,3706,8790
2601,5191,14808232,1,9872,4936,8791
2602,5192,7076389,3,4717,2358,8792
2603,5194,7183051,2,4788,2394,8794
2604,5195,10832859,4,7221,3610,8795
2605,5195,11886773,2,7924,3962,8795
2606,5198,6301070,3,4200,2100,8798
2607,5207,9678236,1,6452,3226,8807
2608,5207,9591542,2,6394,3197,8807
2609,5208,2003036,2,1335,667,8808
2610,5212,9025505,2,6017,3008,8812
2611,5212,9306173,3,6204,3102,8812
2612,5216,9292765,2,6195,3097,8816
2613,5217,16396463,2,10930,5465,8817
2614,5217,4535782,3,3023,1511,8817
2615,5217,6298744,1,4199,2099,8817
2616,5218,2003036,3,1335,667,8818
2617,5218,7847768,2,5231,2615,8818
2618,5220,8232080,1,5488,2744,8820
2619,5220,7716798,2,5144,2572,8820
2620,5220,15007292,3,10004,5002,8820
2621,5220,13893835,3,9262,4631,8820
2622,5225,10366065,2,6910,3455,8825
2623,5229,8344888,3,5563,2781,8829
2624,5229,14640041,3,9760,4880,8829
2625,5230,9926133,2,6617,3308,8830
2626,5230,6327374,1,4218,2109,8830
2627,5231,2280337,1,1520,760,8831
2628,5232,8026249,3,5350,2675,8832
2629,5233,13416229,2,8944,4472,8833
2630,5233,20275151,1,13516,6758,8833
2631,5233,10292845,1,6861,3430,8833
2632,5234,6565851,3,4377,2188,8834
2633,5236,4674741,1,3116,1558,8836
2634,5238,12502745,2,8335,4167,8838
2635,5238,2062353,3,1374,687,8838
2636,5239,12495490,1,8330,4165,8839
2637,5240,13700465,2,9133,4566,8840
2638,5240,11981415,2,7987,3993,8840
2639,5240,9025200,2,6016,3008,8840
2640,5279,12561270,3,8374,4187,8879
2641,5286,10785568,1,7190,3595,8886
2642,5288,6508306,3,4338,2169,8888
2643,5288,18354672,3,12236,6118,8888
2644,5291,8430219,2,5620,2810,8891
2645,5295,13511362,2,9007,4503,8895
2646,5296,2003036,2,1335,667,8896
2647,5296,15768016,2,10512,5256,8896
2648,5299,16634647,3,11089,5544,8899
2649,5299,10149634,3,6766,3383,8899
2650,5300,12533464,1,8355,4177,8900
2651,5301,12532311,3,8354,4177,8901
2652,5301,7118262,3,4745,2372,8901
2653,5302,12480965,2,8320,4160,8902
2654,5305,6370818,1,4247,2123,8905
2655,5307,7271614,2,4847,2423,8907
2656,5308,15094119,2,10062,5031,8908
2657,5309,14407795,1,9605,4802,8909
2658,5310,6831664,2,4554,2277,8910
2659,5311,6709074,1,4472,2236,8911
2660,5313,7105584,3,4737,2368,8913
2661,5314,13317060,2,8878,4439,8914
2662,5316,5508417,1,3672,1836,8916
2663,5316,11622821,2,7748,3874,8916
2664,5318,13381090,2,8920,4460,8918
2665,5318,9617471,3,6411,3205,8918
2666,5319,14567364,2,9711,4855,8919
2667,5320,8643704,1,5762,2881,8920
2668,5322,9051367,1,6034,3017,8922
2669,5323,5610895,1,3740,1870,8923
2670,5327,14599424,2,9732,4866,8927
2671,5328,6560601,2,4373,2186,8928
2672,5328,11591540,2,7727,3863,8928
2673,5330,9693769,2,6462,3231,8930
2674,5331,5270464,2,3513,1756,8931
2675,5331,7270054,4,4846,2423,8931
2676,5332,16247548,1,10831,5415,8932
2677,5334,10924014,1,7282,3641,8934
2678,5335,5467109,4,3644,1822,8935
2679,5336,11391241,2,7594,3797,8936
2680,5338,9356667,1,6237,3118,8938
2681,5343,25581978,3,17054,8527,8943
2682,5347,11300183,1,7533,3766,8947
2683,5350,8299767,3,5533,2766,8950
2684,5350,16415003,2,10943,5471,8950
2685,5350,2003036,2,1335,667,8950
2686,5350,10440263,4,6960,3480,8950
2687,5351,19003729,3,12669,6334,8951
2688,5351,9491488,3,6327,3163,8951
2689,5352,2203485,2,1468,734,8952
2690,5354,8230843,2,5487,2743,8954
2691,5360,16570444,3,11046,5523,8960
2692,5360,11710060,3,7806,3903,8960
2693,5362,6234596,2,4156,2078,8962
2694,5365,6926905,4,4617,2308,8965
2695,5365,7492704,3,4995,2497,8965
2696,5367,11643036,2,7762,3881,8967
2697,5370,16046201,2,10697,5348,8970
2698,5372,14758270,2,9838,4919,8972
2699,5373,12070348,1,8046,4023,8973
2700,5373,4013681,2,2675,1337,8973
2701,5373,4030412,2,2686,1343,8973
2702,5375,12418454,2,8278,4139,8975
2703,5376,3951368,2,2634,1317,8976
2704,5377,8998586,2,5999,2999,8977
2705,5380,11385932,3,7590,3795,8980
2706,5383,4888235,3,3258,1629,8983
2707,5384,5399002,2,3599,1799,8984
2708,5385,9590990,1,6393,3196,8985
2709,5386,12285044,4,8190,4095,8986
2710,5387,14799263,2,9866,4933,8987
2711,5389,12751065,2,8500,4250,8989
2712,5389,10347136,2,6898,3449,8989
2713,5419,6652205,2,4434,2217,9019
2714,5433,5188782,4,3459,1729,9033
2715,5433,7712742,3,5141,2570,9033
2716,5434,11862688,2,7908,3954,9034
2717,5435,11532284,2,7688,3844,9035
2718,5435,2003036,3,1335,667,9035
2719,5435,6474265,2,4316,2158,9035
2720,5436,15443689,2,10295,5147,9036
2721,5437,10372187,2,6914,3457,9037
2722,5439,3628960,2,2419,1209,9039
2723,5440,20632464,2,13754,6877,9040
2724,5441,9884743,2,6589,3294,9041
2725,5442,11747306,3,7831,3915,9042
2726,5444,11815768,1,7877,3938,9044
2727,5445,8358488,3,5572,2786,9045
2728,5445,6736127,1,4490,2245,9045
2729,5445,19577207,1,13051,6525,9045
2730,5446,14536457,1,9690,4845,9046
2731,5449,13719509,1,9146,4573,9049
2732,5449,12612416,3,8408,4204,9049
2733,5450,5493397,1,3662,1831,9050
2734,5451,15772790,1,10515,5257,9051
2735,5451,6215322,3,4143,2071,9051
2736,5452,11291904,1,7527,3763,9052
2737,5453,2626726,2,1751,875,9053
2738,5453,2003036,1,1335,667,9053
2739,5454,11449662,3,7633,3816,9054
2740,5455,6368705,3,4245,2122,9055
2741,5458,2003036,3,1335,667,9058
2742,5459,12451613,3,8301,4150,9059
2743,5460,19570022,2,13046,6523,9060
2744,5462,16277690,1,10851,5425,9062
2745,5462,8855490,1,5903,2951,9062
2746,5462,10055042,3,6703,3351,9062
2747,5463,14015919,3,9343,4671,9063
2748,5463,15072418,1,10048,5024,9063
2749,5465,8466921,2,5644,2822,9065
2750,5465,10169211,2,6779,3389,9065
2751,5465,11369998,1,7579,3789,9065
2752,5466,12511405,2,8340,4170,9066
2753,5466,9415425,2,6276,3138,9066
2754,5468,9473974,1,6315,3157,9068
2755,5469,16233848,1,10822,5411,9069
2756,5471,15466282,1,10310,5155,9071
2757,5472,12166786,2,8111,4055,9072
2758,5472,17762911,2,11841,5920,9072
2759,5474,8273533,1,5515,2757,9074
2760,5474,17329644,3,11553,5776,9074
2761,5474,12460203,2,8306,4153,9074
2762,5474,24757137,3,16504,8252,9074
2763,5477,4640865,2,3093,1546,9077
2764,5479,6908416,1,4605,2302,9079
2765,5503,11902629,2,7935,3967,9103
2766,5521,11805444,1,7870,3935,9121
2767,5528,18804123,3,12536,6268,9128
2768,5529,7002927,1,4668,2334,9129
2769,5532,14093492,3,9395,4697,9132
2770,5534,15254201,2,10169,5084,9134
2771,5534,13190906,3,8793,4396,9134
2772,5535,5684131,1,3789,1894,9135
2773,5535,16359708,1,10906,5453,9135
2774,5535,15555537,2,10370,5185,9135
2775,5535,12717404,3,8478,4239,9135
2776,5535,10936138,4,7290,3645,9135
2777,5536,11034208,2,7356,3678,9136
2778,5537,9660329,4,6440,3220,9137
2779,5540,12903088,2,8602,4301,9140
2780,5540,10155498,3,6770,3385,9140
2781,5540,6191020,1,4127,2063,9140
2782,5541,5289354,2,3526,1763,9141
2783,5541,6625878,1,4417,2208,9141
2784,5545,11016290,1,7344,3672,9145
2785,5546,9893693,2,6595,3297,9146
2786,5547,10985696,1,7323,3661,9147
2787,5548,12272258,2,8181,4090,9148
2788,5549,7187949,3,4791,2395,9149
2789,5550,16620659,1,11080,5540,9150
2790,5550,8808651,1,5872,2936,9150
2791,5550,8061796,2,5374,2687,9150
2792,5550,12189211,1,8126,4063,9150
2793,5551,2003036,2,1335,667,9151
2794,5551,6452374,2,4301,2150,9151
2795,5551,14436707,2,9624,4812,9151
2796,5551,2184913,4,1456,728,9151
2797,5551,15051895,1,10034,5017,9151
2798,5552,16825614,3,11217,5608,9152
2799,5553,8350106,1,5566,2783,9153
2800,5554,11330329,2,7553,3776,9154
2801,5557,15058713,3,10039,5019,9157
2802,5557,7911438,3,5274,2637,9157
2803,5557,13926095,2,9284,4642,9157
2804,5559,6990424,3,4660,2330,9159
2805,5560,7862706,2,5241,2620,9160
2806,5562,6412704,1,4275,2137,9162
2807,5563,11559431,3,7706,3853,9163
2808,5564,15233948,4,10155,5077,9164
2809,5564,9185412,2,6123,3061,9164
2810,5565,4285874,3,2857,1428,9165
2811,5566,5135602,3,3423,1711,9166
2812,5566,11793571,1,7862,3931,9166
2813,5572,18326297,2,12217,6108,9172
2814,5596,11789630,1,7859,3929,9196
2815,5602,8271501,1,5514,2757,9202
2816,5610,13468239,4,8978,4489,9210
2817,5612,8935798,2,5957,2978,9212
2818,5612,8310311,1,5540,2770,9212
2819,5636,5695566,3,3797,1898,9236
2820,5644,16362818,1,10908,5454,9244
2821,5666,2003036,2,1335,667,9266
2822,5667,13610994,3,9073,4536,9267
2823,5675,7925158,2,5283,2641,9275
2824,5677,8165842,1,5443,2721,9277
2825,5684,17642155,3,11761,5880,9284
2826,5686,6796711,2,4531,2265,9286
2827,5686,6950222,4,4633,2316,9286
2828,5686,9427513,1,6285,3142,9286
2829,5688,11880318,3,7920,3960,9288
2830,5690,8023809,4,5349,2674,9290
2831,5691,2922063,1,1948,974,9291
2832,5692,6113623,2,4075,2037,9292
2833,5692,15789932,2,10526,5263,9292
2834,5695,10352184,1,6901,3450,9295
2835,5695,12048152,2,8032,4016,9295
2836,5696,8836997,2,5891,2945,9296
2837,5696,7042934,2,4695,2347,9296
2838,5696,17575699,2,11717,5858,9296
2839,5699,9167029,2,6111,3055,9299
2840,5699,8016985,2,5344,2672,9299
2841,5700,14955306,1,9970,4985,9300
2842,5703,6759623,1,4506,2253,9303
2843,5705,7334843,2,4889,2444,9305
2844,5707,10061358,2,6707,3353,9307
2845,5708,10016395,2,6677,3338,9308
2846,5709,11185202,2,7456,3728,9309
2847,5709,19441975,1,12961,6480,9309
2848,5709,11530592,1,7687,3843,9309
2849,5709,2003036,2,1335,667,9309
2850,5710,11485752,1,7657,3828,9310
2851,5710,10185897,4,6790,3395,9310
2852,5712,10211000,2,6807,3403,9312
2853,5714,11123621,2,7415,3707,9314
2854,5716,9885930,2,6590,3295,9316
2855,5717,9778064,2,6518,3259,9317
2856,5718,12778064,1,8518,4259,9318
2857,5718,7572112,2,5048,2524,9318
2858,5721,5744117,1,3829,1914,9321
2859,5726,23642847,2,15761,7880,9326
2860,5728,6788930,1,4525,2262,9328
2861,5728,10466505,1,6977,3488,9328
2862,5728,3274491,3,2182,1091,9328
2863,5729,10540081,3,7026,3513,9329
2864,5730,5809289,3,3872,1936,9330
2865,5730,8021028,3,5347,2673,9330
2866,5731,14725107,3,9816,4908,9331
2867,5732,12142445,2,8094,4047,9332
2868,5732,12576903,1,8384,4192,9332
2869,5732,2032659,3,1355,677,9332
2870,5733,18293753,2,12195,6097,9333
2871,5734,4643571,4,3095,1547,9334
2872,5734,16904142,2,11269,5634,9334
2873,5735,14619103,4,9746,4873,9335
2874,5736,12617119,2,8411,4205,9336
2875,5737,6161907,3,4107,2053,9337
2876,5738,10698368,4,7132,3566,9338
2877,5738,7892815,1,5261,2630,9338
2878,5739,10146054,2,6764,3382,9339
2879,5739,8889046,1,5926,2963,9339
2880,5739,2003036,1,1335,667,9339
2881,5740,15070869,3,10047,5023,9340
2882,5741,9649642,2,6433,3216,9341
2883,5741,7830265,2,5220,2610,9341
2884,5742,7489878,3,4993,2496,9342
2885,5742,11630694,1,7753,3876,9342
2886,5743,5987170,3,3991,1995,9343
2887,5743,2003036,2,1335,667,9343
2888,5744,11850043,3,7900,3950,9344
2889,5744,12354687,3,8236,4118,9344
2890,5744,9115471,3,6076,3038,9344
2891,5745,4841775,2,3227,1613,9345
2892,5747,10415995,1,6943,3471,9347
2893,5751,3414779,2,2276,1138,9351
2894,5751,5385624,2,3590,1795,9351
2895,5754,6631910,1,4421,2210,9354
2896,5756,13818668,2,9212,4606,9356
2897,5758,8380952,2,5587,2793,9358
2898,5760,7996720,1,5331,2665,9360
2899,5760,18824645,3,12549,6274,9360
2900,5761,11603667,1,7735,3867,9361
2901,5761,11542969,2,7695,3847,9361
2902,5762,8349000,2,5566,2783,9362
2903,5763,7327432,3,4884,2442,9363
2904,5764,2003036,2,1335,667,9364
2905,5764,14381127,2,9587,4793,9364
2906,5764,12035634,2,8023,4011,9364
2907,5766,9207707,2,6138,3069,9366
2908,5767,9396721,3,6264,3132,9367
2909,5767,13332855,3,8888,4444,9367
2910,5768,3008364,3,2005,1002,9368
2911,5769,7356683,3,4904,2452,9369
2912,5769,4894054,1,3262,1631,9369
2913,5769,17999069,1,11999,5999,9369
2914,5771,13961609,2,9307,4653,9371
2915,5772,2003036,1,1335,667,9372
2916,5772,3192912,1,2128,1064,9372
2917,5777,9418719,1,6279,3139,9377
2918,5778,7885970,1,5257,2628,9378
2919,5781,4046412,2,2697,1348,9381
2920,5783,18779891,2,12519,6259,9383
2921,5785,11423742,1,7615,3807,9385
2922,5785,12155095,2,8103,4051,9385
2923,5785,6896384,2,4597,2298,9385
2924,5786,13270345,3,8846,4423,9386
2925,5787,8300632,2,5533,2766,9387
2926,5788,8738199,3,5825,2912,9388
2927,5789,12768860,2,8512,4256,9389
2928,5790,2673563,1,1782,891,9390
2929,5793,17212711,2,11475,5737,9393
2930,5794,10837175,1,7224,3612,9394
2931,5795,15788176,2,10525,5262,9395
2932,5796,5168444,1,3445,1722,9396
2933,5797,5854630,2,3903,1951,9397
2934,5798,4778691,1,3185,1592,9398
2935,5800,11143227,2,7428,3714,9400
2936,5800,10312554,3,6875,3437,9400
2937,5800,7922153,3,5281,2640,9400
2938,5801,5444940,1,3629,1814,9401
2939,5802,4306844,2,2871,1435,9402
2940,5806,9796669,2,6531,3265,9406
2941,5806,7916858,4,5277,2638,9406
2942,5807,6925264,1,4616,2308,9407
2943,5808,16987648,1,11325,5662,9408
2944,5809,9644150,4,6429,3214,9409
2945,5849,15739046,2,10492,5246,9449
2946,5856,7611901,1,5074,2537,9456
2947,5859,11118343,1,7412,3706,9459
2948,5870,9765157,1,6510,3255,9470
2949,5872,2364283,2,1576,788,9472
2950,5872,16452456,3,10968,5484,9472
2951,5882,9406064,1,6270,3135,9482
2952,5883,13379158,2,8919,4459,9483
2953,5884,6625912,3,4417,2208,9484
2954,5884,9272252,1,6181,3090,9484
2955,5884,6108422,1,4072,2036,9484
2956,5884,15585613,2,10390,5195,9484
2957,5885,11418647,1,7612,3806,9485
2958,5887,11669426,2,7779,3889,9487
2959,5889,16136283,1,10757,5378,9489
2960,5891,15226612,2,10151,5075,9491
2961,5895,13464447,2,8976,4488,9495
2962,5895,3607694,3,2405,1202,9495
2963,5895,6879870,2,4586,2293,9495
2964,5897,5490825,2,3660,1830,9497
2965,5897,13294049,1,8862,4431,9497
2966,5899,10784277,2,7189,3594,9499
2967,5899,3748375,2,2498,1249,9499
2968,5901,9164540,2,6109,3054,9501
2969,5903,3281468,3,2187,1093,9503
2970,5903,9775611,1,6517,3258,9503
2971,5905,2554695,3,1703,851,9505
2972,5907,12398514,3,8265,4132,9507
2973,5908,11718591,3,7812,3906,9508
2974,5908,18613978,1,12409,6204,9508
2975,5909,13836399,1,9224,4612,9509
2976,5910,8109175,3,5406,2703,9510
2977,5910,13702081,2,9134,4567,9510
2978,5911,3716144,1,2477,1238,9511
2979,5912,5677478,3,3784,1892,9512
2980,5913,11516595,1,7677,3838,9513
2981,5914,2003036,2,1335,667,9514
2982,5917,9847701,3,6565,3282,9517
2983,5918,5417025,1,3611,1805,9518
2984,5919,10471752,2,6981,3490,9519
2985,5920,5158003,3,3438,1719,9520
2986,5921,11927192,2,7951,3975,9521
2987,5922,10102283,3,6734,3367,9522
2988,5924,16326389,3,10884,5442,9524
2989,5924,10045529,2,6697,3348,9524
2990,5925,6551036,1,4367,2183,9525
2991,5926,8902505,1,5935,2967,9526
2992,5927,3956933,3,2637,1318,9527
2993,5929,11845570,1,7897,3948,9529
2994,5932,12673533,2,8449,4224,9532
2995,5933,21143425,2,14095,7047,9533
2996,5933,7212669,3,4808,2404,9533
2997,5935,8808273,1,5872,2936,9535
2998,5936,7420332,1,4946,2473,9536
2999,5962,10971138,2,7314,3657,9562
