cloudlet_id,arrival_time,length,pes_required,file_size,output_size,deadline
0,0,1208116,2,805,402,6500
1,1,741830,2,494,247,6501
2,1,3654971,1,2436,1218,6501
3,2,4748813,2,3165,1582,6502
4,2,1785633,1,1190,595,6502
5,3,922019,2,614,307,6503
6,3,454410,2,302,151,6503
7,3,2022467,2,1348,674,6503
8,4,1948590,2,1299,649,6504
9,4,1606149,2,1070,535,6504
10,4,2498388,1,1665,832,6504
11,5,2676083,2,1784,892,6505
12,5,2602376,2,1734,867,6505
13,5,1948836,1,1299,649,6505
14,5,1145727,2,763,381,6505
15,7,2952811,2,1968,984,6507
16,7,2284843,2,1523,761,6507
17,8,3180325,4,2120,1060,6508
18,9,3079840,2,2053,1026,6509
19,10,818408,2,545,272,6510
20,10,805669,2,537,268,6510
21,10,1499568,1,999,499,6510
22,10,1192100,3,794,397,6510
23,10,3044235,1,2029,1014,6510
24,12,2631236,1,1754,877,6512
25,12,3395879,1,2263,1131,6512
26,13,2677426,1,1784,892,6513
27,13,2485377,1,1656,828,6513
28,13,3498679,2,2332,1166,6513
29,14,2752309,3,1834,917,6514
30,14,2341677,2,1561,780,6514
31,14,3785697,4,2523,1261,6514
32,14,2389812,3,1593,796,6514
33,14,1960884,3,1307,653,6514
34,15,1415440,4,943,471,6515
35,15,2990838,2,1993,996,6515
36,15,3536837,2,2357,1178,6515
37,15,2220327,2,1480,740,6515
38,15,3609291,4,2406,1203,6515
39,15,454410,2,302,151,6515
40,15,2215352,1,1476,738,6515
41,16,2231055,3,1487,743,6516
42,16,1528754,1,1019,509,6516
43,16,4709361,3,3139,1569,6516
44,16,2204372,2,1469,734,6516
45,17,1855176,2,1236,618,6517
46,17,2298593,3,1532,766,6517
47,18,454410,1,302,151,6518
48,18,1495143,2,996,498,6518
49,18,3277335,2,2184,1092,6518
50,19,1629001,4,1086,543,6519
51,21,1424589,2,949,474,6521
52,21,3610937,1,2407,1203,6521
53,21,3642355,1,2428,1214,6521
54,22,2800631,3,1867,933,6522
55,22,1806727,2,1204,602,6522
56,23,2027209,1,1351,675,6523
57,23,1449868,2,966,483,6523
58,23,1254971,3,836,418,6523
59,24,1204215,3,802,401,6524
60,24,1640137,2,1093,546,6524
61,25,1214127,2,809,404,6525
62,25,673282,2,448,224,6525
63,25,2496371,2,1664,832,6525
64,26,2511905,2,1674,837,6526
65,26,4010977,3,2673,1336,6526
66,26,1588725,2,1059,529,6526
67,27,2574789,1,1716,858,6527
68,28,2591773,2,1727,863,6528
69,28,2012520,3,1341,670,6528
70,28,3033072,1,2022,1011,6528
71,28,3064660,1,2043,1021,6528
72,29,2606801,3,1737,868,6529
73,30,2010677,4,1340,670,6530
74,31,1906502,1,1271,635,6531
75,31,873627,2,582,291,6531
76,32,1448061,2,965,482,6532
77,33,1636095,2,1090,545,6533
78,33,1122875,2,748,374,6533
79,33,2721837,1,1814,907,6533
80,33,3495508,1,2330,1165,6533
81,34,1343626,2,895,447,6534
82,35,2561846,2,1707,853,6535
83,36,1214751,1,809,404,6536
84,36,1960290,3,1306,653,6536
85,37,1566241,2,1044,522,6537
86,38,2887440,2,1924,962,6538
87,39,1578041,2,1052,526,6539
88,40,3306393,2,2204,1102,6540
89,40,2020819,3,1347,673,6540
90,40,1607880,1,1071,535,6540
91,40,990642,1,660,330,6540
92,40,2530931,2,1687,843,6540
93,41,3187340,2,2124,1062,6541
94,41,2551499,1,1700,850,6541
95,41,4561080,1,3040,1520,6541
96,41,3733895,2,2489,1244,6541
97,42,1957626,1,1305,652,6542
98,43,1946891,1,1297,648,6543
99,44,2752277,3,1834,917,6544
100,46,1415240,1,943,471,6546
101,46,3464488,3,2309,1154,6546
102,46,2641757,2,1761,880,6546
103,47,2534258,2,1689,844,6547
104,48,2974406,2,1982,991,6548
105,48,4033508,1,2689,1344,6548
106,48,2446838,1,1631,815,6548
107,48,2156474,2,1437,718,6548
108,49,3814597,2,2543,1271,6549
109,50,3261294,1,2174,1087,6550
110,51,1943872,2,1295,647,6551
111,51,2277352,1,1518,759,6551
112,51,2471811,2,1647,823,6551
113,52,2641975,2,1761,880,6552
114,52,885031,3,590,295,6552
115,52,694979,3,463,231,6552
116,53,1364762,2,909,454,6553
117,53,1285679,3,857,428,6553
118,54,1613789,2,1075,537,6554
119,54,2920991,4,1947,973,6554
120,55,2099332,1,1399,699,6555
121,55,2472847,1,1648,824,6555
122,55,1020294,3,680,340,6555
123,56,1800056,3,1200,600,6556
124,56,2872474,2,1914,957,6556
125,57,2880342,3,1920,960,6557
126,57,1531229,1,1020,510,6557
127,59,2437336,4,1624,812,6559
128,59,4520200,2,3013,1506,6559
129,59,2254056,3,1502,751,6559
130,60,1563319,1,1042,521,6560
131,60,2094391,2,1396,698,6560
132,61,2366293,1,1577,788,6561
133,62,2117491,3,1411,705,6562
134,63,2239991,2,1493,746,6563
135,63,796237,2,530,265,6563
136,65,1287834,1,858,429,6565
137,66,2119365,2,1412,706,6566
138,67,2103075,2,1402,701,6567
139,68,1693165,2,1128,564,6568
140,68,2091066,3,1394,697,6568
141,68,2334432,2,1556,778,6568
142,69,3181405,1,2120,1060,6569
143,69,2170613,2,1447,723,6569
144,70,2680101,4,1786,893,6570
145,70,1718305,4,1145,572,6570
146,70,2856972,1,1904,952,6570
147,70,2656204,2,1770,885,6570
148,72,3157279,3,2104,1052,6572
149,72,3001507,2,2001,1000,6572
150,72,2873985,2,1915,957,6572
151,72,2171425,2,1447,723,6572
152,73,2522480,3,1681,840,6573
153,73,3359404,1,2239,1119,6573
154,73,1605354,3,1070,535,6573
155,74,1629551,2,1086,543,6574
156,74,2457548,1,1638,819,6574
157,75,2696640,3,1797,898,6575
158,76,1429464,1,952,476,6576
159,77,2195610,1,1463,731,6577
160,77,2175943,1,1450,725,6577
161,77,454410,4,302,151,6577
162,78,2047531,1,1365,682,6578
163,78,2111204,1,1407,703,6578
164,78,2108162,1,1405,702,6578
165,78,3719711,2,2479,1239,6578
166,79,1028990,3,685,342,6579
167,79,1428937,4,952,476,6579
168,79,454410,3,302,151,6579
169,79,1780349,2,1186,593,6579
170,80,1867534,1,1245,622,6580
171,80,1750637,4,1167,583,6580
172,80,3404563,2,2269,1134,6580
173,81,3151963,1,2101,1050,6581
174,82,2351651,2,1567,783,6582
175,82,1893126,1,1262,631,6582
176,82,3321248,2,2214,1107,6582
177,83,2251848,2,1501,750,6583
178,83,1435432,3,956,478,6583
179,83,517319,2,344,172,6583
180,83,1820839,1,1213,606,6583
181,84,3043613,1,2029,1014,6584
182,84,4599632,2,3066,1533,6584
183,85,2335041,2,1556,778,6585
184,85,1489533,1,993,496,6585
185,85,1060514,2,707,353,6585
186,86,2836380,2,1890,945,6586
187,87,467867,3,311,155,6587
188,87,2834734,1,1889,944,6587
189,87,3108095,2,2072,1036,6587
190,88,2718111,3,1812,906,6588
191,88,2047462,1,1364,682,6588
192,88,2849657,2,1899,949,6588
193,88,2446820,2,1631,815,6588
194,88,1476478,1,984,492,6588
195,88,4163951,2,2775,1387,6588
196,89,1912484,2,1274,637,6589
197,89,3065195,3,2043,1021,6589
198,90,454410,1,302,151,6590
199,90,3577141,2,2384,1192,6590
200,90,3773745,3,2515,1257,6590
201,93,2302552,4,1535,767,6593
202,94,2843349,3,1895,947,6594
203,94,2843087,1,1895,947,6594
204,96,1614853,2,1076,538,6596
205,97,2831439,2,1887,943,6597
206,98,1445287,2,963,481,6598
207,99,1649642,1,1099,549,6599
208,99,3424261,1,2282,1141,6599
209,99,3268561,2,2179,1089,6599
210,99,1549835,3,1033,516,6599
211,100,1522024,2,1014,507,6600
212,100,1611977,2,1074,537,6600
213,100,3021116,2,2014,1007,6600
214,100,1249643,2,833,416,6600
215,100,2636760,3,1757,878,6600
216,100,3035642,2,2023,1011,6600
217,101,2181825,2,1454,727,6601
218,102,3304760,4,2203,1101,6602
219,103,1960916,2,1307,653,6603
220,103,2053398,2,1368,684,6603
221,103,1272891,2,848,424,6603
222,103,3312034,2,2208,1104,6603
223,103,1488342,2,992,496,6603
224,104,2629663,2,1753,876,6604
225,105,2199134,1,1466,733,6605
226,105,1195660,2,797,398,6605
227,106,1649289,1,1099,549,6606
228,106,3685928,2,2457,1228,6606
229,107,2478228,3,1652,826,6607
230,107,1240271,2,826,413,6607
231,107,2584223,1,1722,861,6607
232,108,2122659,3,1415,707,6608
233,108,5803542,2,3869,1934,6608
234,108,2563566,1,1709,854,6608
235,109,1882890,3,1255,627,6609
236,109,3723917,1,2482,1241,6609
237,110,454410,3,302,151,6610
238,110,2368484,2,1578,789,6610
239,111,4311197,1,2874,1437,6611
240,112,2153244,2,1435,717,6612
241,112,499884,2,333,166,6612
242,113,1867254,1,1244,622,6613
243,113,3759180,1,2506,1253,6613
244,113,2656551,2,1771,885,6613
245,114,1414384,2,942,471,6614
246,114,1571442,1,1047,523,6614
247,115,1699799,3,1133,566,6615
248,115,2641346,2,1760,880,6615
249,116,3640250,1,2426,1213,6616
250,117,3348069,1,2232,1116,6617
251,117,2738286,3,1825,912,6617
252,117,910546,1,607,303,6617
253,117,914342,2,609,304,6617
254,117,2817258,1,1878,939,6617
255,117,896410,1,597,298,6617
256,117,2041424,1,1360,680,6617
257,117,2583019,1,1722,861,6617
258,119,1108948,2,739,369,6619
259,119,1224821,2,816,408,6619
260,120,2175818,1,1450,725,6620
261,120,2786992,2,1857,928,6620
262,120,3357369,3,2238,1119,6620
263,121,2892714,1,1928,964,6621
264,121,2347357,2,1564,782,6621
265,121,1509123,1,1006,503,6621
266,121,1177130,1,784,392,6621
267,122,1749717,2,1166,583,6622
268,123,2691176,1,1794,897,6623
269,123,2616221,1,1744,872,6623
270,123,454410,3,302,151,6623
271,124,1468755,3,979,489,6624
272,124,3503564,1,2335,1167,6624
273,124,2353040,1,1568,784,6624
274,124,823268,3,548,274,6624
275,124,4680693,2,3120,1560,6624
276,124,2242458,4,1494,747,6624
277,125,2665001,3,1776,888,6625
278,126,2680532,2,1787,893,6626
279,127,1896211,1,1264,632,6627
280,128,1528162,2,1018,509,6628
281,128,4441296,1,2960,1480,6628
282,129,3297749,3,2198,1099,6629
283,129,3112416,2,2074,1037,6629
284,129,2861260,1,1907,953,6629
285,129,1246235,3,830,415,6629
286,130,3578224,4,2385,1192,6630
287,130,1410012,2,940,470,6630
288,130,2561688,3,1707,853,6630
289,132,595901,2,397,198,6632
290,132,454410,2,302,151,6632
291,132,2597477,1,1731,865,6632
292,133,1444808,2,963,481,6633
293,134,454410,2,302,151,6634
294,134,2824780,4,1883,941,6634
295,134,4439666,1,2959,1479,6634
296,134,3692766,2,2461,1230,6634
297,135,2008962,3,1339,669,6635
298,135,2281093,2,1520,760,6635
299,135,3179659,2,2119,1059,6635
300,136,3419337,1,2279,1139,6636
301,136,1920811,1,1280,640,6636
302,137,2306993,1,1537,768,6637
303,137,2579404,1,1719,859,6637
304,137,2838344,1,1892,946,6637
305,139,2135989,2,1423,711,6639
306,139,2149271,1,1432,716,6639
307,140,3682820,2,2455,1227,6640
308,141,3508690,2,2339,1169,6641
309,141,2760164,2,1840,920,6641
310,141,4029704,1,2686,1343,6641
311,142,1876938,1,1251,625,6642
312,143,3931413,2,2620,1310,6643
313,143,2826729,3,1884,942,6643
314,144,5616418,2,3744,1872,6644
315,144,1052829,1,701,350,6644
316,144,1567247,2,1044,522,6644
317,145,2700237,1,1800,900,6645
318,145,2678190,2,1785,892,6645
319,146,4265914,2,2843,1421,6646
320,146,1588688,1,1059,529,6646
321,147,3197258,1,2131,1065,6647
322,147,3460577,2,2307,1153,6647
323,148,2992496,3,1994,997,6648
324,149,1289505,3,859,429,6649
325,149,3711373,1,2474,1237,6649
326,149,3528938,1,2352,1176,6649
327,150,2885077,2,1923,961,6650
328,150,2480979,3,1653,826,6650
329,150,2503227,2,1668,834,6650
330,150,2191548,2,1461,730,6650
331,150,2927202,3,1951,975,6650
332,151,2303882,1,1535,767,6651
333,151,1404498,3,936,468,6651
334,152,1199946,2,799,399,6652
335,152,1503151,1,1002,501,6652
336,153,2499162,2,1666,833,6653
337,153,2244489,3,1496,748,6653
338,153,2492221,2,1661,830,6653
339,154,2784091,3,1856,928,6654
340,154,1630662,1,1087,543,6654
341,155,3770572,1,2513,1256,6655
342,156,1998336,3,1332,666,6656
343,157,1828904,1,1219,609,6657
344,157,2765251,3,1843,921,6657
345,158,454410,2,302,151,6658
346,158,1463789,1,975,487,6658
347,158,3275119,2,2183,1091,6658
348,158,495671,1,330,165,6658
349,158,3414682,2,2276,1138,6658
350,158,3817068,4,2544,1272,6658
351,161,1894310,2,1262,631,6661
352,162,2570405,3,1713,856,6662
353,162,3416228,2,2277,1138,6662
354,162,1794793,2,1196,598,6662
355,163,3159282,2,2106,1053,6663
356,163,1585852,1,1057,528,6663
357,164,1783738,2,1189,594,6664
358,164,1454790,2,969,484,6664
359,164,2622379,1,1748,874,6664
360,165,3455982,3,2303,1151,6665
361,165,2083808,2,1389,694,6665
362,166,972296,2,648,324,6666
363,166,1165066,3,776,388,6666
364,166,2675496,1,1783,891,6666
365,167,4157514,3,2771,1385,6667
366,167,2674602,1,1783,891,6667
367,168,1876477,2,1250,625,6668
368,168,3055412,1,2036,1018,6668
369,168,2027180,1,1351,675,6668
370,169,1885282,3,1256,628,6669
371,170,1292099,4,861,430,6670
372,170,3712078,2,2474,1237,6670
373,170,454410,2,302,151,6670
374,170,3087798,2,2058,1029,6670
375,171,1797906,4,1198,599,6671
376,171,1852508,1,1235,617,6671
377,171,4002309,2,2668,1334,6671
378,172,1541906,1,1027,513,6672
379,172,1576731,1,1051,525,6672
380,172,2138731,2,1425,712,6672
381,172,2695176,4,1796,898,6672
382,173,1820286,1,1213,606,6673
383,173,662901,3,441,220,6673
384,173,1386940,3,924,462,6673
385,173,3582113,2,2388,1194,6673
386,175,2348502,2,1565,782,6675
387,176,2733251,1,1822,911,6676
388,177,2004766,1,1336,668,6677
389,178,1597764,3,1065,532,6678
390,178,3987233,2,2658,1329,6678
391,178,2079637,2,1386,693,6678
392,180,1818738,2,1212,606,6680
393,180,3392769,4,2261,1130,6680
394,181,1533492,2,1022,511,6681
395,181,1663987,4,1109,554,6681
396,182,2282525,2,1521,760,6682
397,182,2272325,4,1514,757,6682
398,183,2537481,1,1691,845,6683
399,184,4410618,2,2940,1470,6684
400,184,2615837,2,1743,871,6684
401,184,454410,2,302,151,6684
402,185,2605664,3,1737,868,6685
403,185,2310778,2,1540,770,6685
404,185,2316473,3,1544,772,6685
405,185,2523511,1,1682,841,6685
406,186,2242728,1,1495,747,6686
407,187,2218257,2,1478,739,6687
408,187,2898839,2,1932,966,6687
409,193,1717814,2,1145,572,6693
410,201,1303114,1,868,434,6701
411,207,5363630,3,3575,1787,6707
412,209,1540141,2,1026,513,6709
413,211,2374437,3,1582,791,6711
414,225,742853,2,495,247,6725
415,229,2391129,3,1594,797,6729
416,229,1317899,3,878,439,6729
417,240,1819655,1,1213,606,6740
418,240,3340546,2,2227,1113,6740
419,241,2754642,4,1836,918,6741
420,241,2853203,2,1902,951,6741
421,242,461130,3,307,153,6742
422,242,4150131,3,2766,1383,6742
423,242,1053443,2,702,351,6742
424,242,3834883,2,2556,1278,6742
425,242,3316498,3,2210,1105,6742
426,243,2862327,3,1908,954,6743
427,243,1397894,1,931,465,6743
428,243,2427038,2,1618,809,6743
429,244,1790569,2,1193,596,6744
430,244,2301740,2,1534,767,6744
431,245,2016574,3,1344,672,6745
432,246,454410,1,302,151,6746
433,246,3418986,1,2279,1139,6746
434,246,2189123,3,1459,729,6746
435,246,1776378,1,1184,592,6746
436,246,1699158,1,1132,566,6746
437,247,2638546,3,1759,879,6747
438,248,1358253,2,905,452,6748
439,248,454410,2,302,151,6748
440,249,2688307,2,1792,896,6749
441,249,2802791,1,1868,934,6749
442,249,2067941,1,1378,689,6749
443,250,1098408,2,732,366,6750
444,250,2362979,1,1575,787,6750
445,251,774679,2,516,258,6751
446,251,1221786,2,814,407,6751
447,251,1504519,2,1003,501,6751
448,252,3134911,2,2089,1044,6752
449,253,1901308,2,1267,633,6753
450,253,1814141,2,1209,604,6753
451,253,4270570,2,2847,1423,6753
452,254,2632414,2,1754,877,6754
453,254,2618644,2,1745,872,6754
454,254,1894059,1,1262,631,6754
455,254,1662305,3,1108,554,6754
456,254,454410,2,302,151,6754
457,254,3262511,3,2175,1087,6754
458,254,2730411,1,1820,910,6754
459,255,2088866,2,1392,696,6755
460,256,2131745,1,1421,710,6756
461,256,3024699,3,2016,1008,6756
462,256,682479,1,454,227,6756
463,256,1668941,1,1112,556,6756
464,256,1110268,3,740,370,6756
465,256,4083279,1,2722,1361,6756
466,257,3167339,1,2111,1055,6757
467,258,454410,3,302,151,6758
468,258,724346,3,482,241,6758
469,258,2136736,3,1424,712,6758
470,259,1789016,3,1192,596,6759
471,260,917971,2,611,305,6760
472,260,4260417,2,2840,1420,6760
473,261,2591597,1,1727,863,6761
474,263,2757512,2,1838,919,6763
475,263,1564518,1,1043,521,6763
476,264,3010518,2,2007,1003,6764
477,265,1883086,3,1255,627,6765
478,265,1982353,3,1321,660,6765
479,265,2896751,2,1931,965,6765
480,266,606526,4,404,202,6766
481,266,3904886,1,2603,1301,6766
482,266,2458528,1,1639,819,6766
483,267,3581715,3,2387,1193,6767
484,268,1172516,1,781,390,6768
485,268,1328185,2,885,442,6768
486,269,1084097,1,722,361,6769
487,269,2527959,1,1685,842,6769
488,269,2339512,1,1559,779,6769
489,271,1797224,2,1198,599,6771
490,271,1235242,2,823,411,6771
491,272,977053,2,651,325,6772
492,272,2222478,3,1481,740,6772
493,272,1796023,3,1197,598,6772
494,273,1571069,1,1047,523,6773
495,273,3853827,3,2569,1284,6773
496,274,2187877,2,1458,729,6774
497,274,3570569,2,2380,1190,6774
498,274,1726840,2,1151,575,6774
499,274,2522314,2,1681,840,6774
500,275,2215329,1,1476,738,6775
501,275,536363,2,357,178,6775
502,276,3732414,3,2488,1244,6776
503,276,2133865,1,1422,711,6776
504,276,3035203,1,2023,1011,6776
505,276,1503158,2,1002,501,6776
506,277,2103508,1,1402,701,6777
507,277,1385760,1,923,461,6777
508,277,3535761,2,2357,1178,6777
509,277,2590441,3,1726,863,6777
510,277,2647333,2,1764,882,6777
511,278,3660686,2,2440,1220,6778
512,278,3454318,1,2302,1151,6778
513,279,3054552,2,2036,1018,6779
514,279,818444,2,545,272,6779
515,279,1560771,1,1040,520,6779
516,280,1245652,2,830,415,6780
517,281,3015895,2,2010,1005,6781
518,281,2446527,1,1631,815,6781
519,282,850358,2,566,283,6782
520,282,2079073,3,1386,693,6782
521,283,744436,2,496,248,6783
522,283,2217701,1,1478,739,6783
523,283,579560,2,386,193,6783
524,283,2812734,3,1875,937,6783
525,284,2658486,1,1772,886,6784
526,285,4222778,3,2815,1407,6785
527,285,3138933,1,2092,1046,6785
528,285,1839652,2,1226,613,6785
529,286,3108462,1,2072,1036,6786
530,286,843047,1,562,281,6786
531,286,1287996,4,858,429,6786
532,286,2612661,1,1741,870,6786
533,287,454410,2,302,151,6787
534,287,2234055,4,1489,744,6787
535,287,1228909,3,819,409,6787
536,289,2375628,1,1583,791,6789
537,289,1170148,1,780,390,6789
538,290,2705810,1,1803,901,6790
539,290,2291810,2,1527,763,6790
540,290,3703814,2,2469,1234,6790
541,291,2278935,1,1519,759,6791
542,291,1486172,1,990,495,6791
543,291,2019627,1,1346,673,6791
544,291,897672,2,598,299,6791
545,292,2687293,4,1791,895,6792
546,292,2875125,1,1916,958,6792
547,292,4796609,1,3197,1598,6792
548,292,1636270,1,1090,545,6792
549,292,1998250,3,1332,666,6792
550,294,1683381,2,1122,561,6794
551,294,2488919,1,1659,829,6794
552,294,2662298,2,1774,887,6794
553,295,2217477,1,1478,739,6795
554,295,3382733,2,2255,1127,6795
555,296,1641236,4,1094,547,6796
556,297,3280335,3,2186,1093,6797
557,298,2822621,2,1881,940,6798
558,298,2259749,1,1506,753,6798
559,299,1950051,1,1300,650,6799
560,299,4753128,3,3168,1584,6799
561,299,1436721,3,957,478,6799
562,299,2576662,2,1717,858,6799
563,300,1505008,3,1003,501,6800
564,301,4097707,2,2731,1365,6801
565,302,3178760,3,2119,1059,6802
566,302,1578489,2,1052,526,6802
567,303,2796137,2,1864,932,6803
568,303,2535523,1,1690,845,6803
569,304,1743840,2,1162,581,6804
570,305,3047213,3,2031,1015,6805
571,305,2670083,1,1780,890,6805
572,307,2492584,2,1661,830,6807
573,307,2229189,1,1486,743,6807
574,308,2712769,3,1808,904,6808
575,308,2506580,2,1671,835,6808
576,308,2332467,1,1554,777,6808
577,308,1616660,2,1077,538,6808
578,310,4003793,3,2669,1334,6810
579,311,1198076,1,798,399,6811
580,311,2709274,1,1806,903,6811
581,311,1944628,2,1296,648,6811
582,312,4071049,4,2714,1357,6812
583,312,1348309,1,898,449,6812
584,313,1520300,2,1013,506,6813
585,313,1280486,2,853,426,6813
586,313,2602767,1,1735,867,6813
587,315,868212,2,578,289,6815
588,315,1782791,2,1188,594,6815
589,316,454410,2,302,151,6816
590,316,2517861,1,1678,839,6816
591,317,1760618,2,1173,586,6817
592,317,750627,3,500,250,6817
593,317,3382000,2,2254,1127,6817
594,319,935062,3,623,311,6819
595,319,3086862,3,2057,1028,6819
596,320,1555289,2,1036,518,6820
597,320,3909531,1,2606,1303,6820
598,321,3038406,2,2025,1012,6821
599,321,1241399,1,827,413,6821
600,321,1334404,2,889,444,6821
601,322,2891151,2,1927,963,6822
602,322,2003788,4,1335,667,6822
603,322,2098909,3,1399,699,6822
604,322,3572814,1,2381,1190,6822
605,323,1506573,1,1004,502,6823
606,323,2365390,2,1576,788,6823
607,325,3248082,3,2165,1082,6825
608,325,3099309,2,2066,1033,6825
609,327,2108857,3,1405,702,6827
610,327,1976665,2,1317,658,6827
611,328,494246,3,329,164,6828
612,328,1192121,1,794,397,6828
613,329,2597546,4,1731,865,6829
614,330,2131075,1,1420,710,6830
615,330,2348656,3,1565,782,6830
616,330,3334605,2,2223,1111,6830
617,331,1058104,2,705,352,6831
618,333,2030573,2,1353,676,6833
619,334,2464991,2,1643,821,6834
620,334,1552100,2,1034,517,6834
621,334,3735623,3,2490,1245,6834
622,334,3201008,3,2134,1067,6834
623,335,2568688,2,1712,856,6835
624,335,4106511,4,2737,1368,6835
625,335,739545,2,493,246,6835
626,335,2264149,3,1509,754,6835
627,336,2646600,2,1764,882,6836
628,336,1336988,1,891,445,6836
629,336,2579506,2,1719,859,6836
630,338,1140655,3,760,380,6838
631,338,2978090,2,1985,992,6838
632,339,3353603,2,2235,1117,6839
633,339,2550489,3,1700,850,6839
634,339,454410,2,302,151,6839
635,339,1283578,1,855,427,6839
636,340,2849421,4,1899,949,6840
637,340,2293723,2,1529,764,6840
638,340,454410,1,302,151,6840
639,340,3542746,1,2361,1180,6840
640,340,2411770,2,1607,803,6840
641,341,1434609,1,956,478,6841
642,342,3289314,1,2192,1096,6842
643,342,1579317,1,1052,526,6842
644,342,1568160,3,1045,522,6842
645,342,2638437,4,1758,879,6842
646,343,4093022,3,2728,1364,6843
647,344,3932040,3,2621,1310,6844
648,344,2639826,2,1759,879,6844
649,345,2744802,2,1829,914,6845
650,345,3081295,2,2054,1027,6845
651,345,986881,1,657,328,6845
652,345,2930640,2,1953,976,6845
653,345,1521516,3,1014,507,6845
654,347,2597668,3,1731,865,6847
655,347,2039481,2,1359,679,6847
656,347,2784495,1,1856,928,6847
657,348,2392801,2,1595,797,6848
658,348,454410,1,302,151,6848
659,348,2454952,2,1636,818,6848
660,349,2928600,2,1952,976,6849
661,349,2727976,2,1818,909,6849
662,349,2167163,2,1444,722,6849
663,350,3951031,2,2634,1317,6850
664,350,2590404,2,1726,863,6850
665,351,2719536,1,1813,906,6851
666,352,3339961,2,2226,1113,6852
667,352,2642772,2,1761,880,6852
668,352,1353896,4,902,451,6852
669,352,454410,2,302,151,6852
670,353,1784230,3,1189,594,6853
671,353,3050056,3,2033,1016,6853
672,353,1911036,2,1274,637,6853
673,353,3091191,3,2060,1030,6853
674,354,2424112,3,1616,808,6854
675,354,3588996,3,2392,1196,6854
676,354,1970213,2,1313,656,6854
677,354,2750149,4,1833,916,6854
678,354,2789277,1,1859,929,6854
679,355,3807320,4,2538,1269,6855
680,355,527145,3,351,175,6855
681,355,1803362,3,1202,601,6855
682,356,3139591,2,2093,1046,6856
683,358,3852608,3,2568,1284,6858
684,358,2517503,3,1678,839,6858
685,358,1972782,1,1315,657,6858
686,359,3046144,2,2030,1015,6859
687,359,3160230,1,2106,1053,6859
688,360,1904323,2,1269,634,6860
689,360,2609762,1,1739,869,6860
690,360,3479046,2,2319,1159,6860
691,361,4204896,4,2803,1401,6861
692,361,3031305,4,2020,1010,6861
693,362,2317178,1,1544,772,6862
694,362,2216761,3,1477,738,6862
695,363,2841944,3,1894,947,6863
696,363,2153783,2,1435,717,6863
697,363,2465942,2,1643,821,6863
698,363,1190453,2,793,396,6863
699,364,3598189,1,2398,1199,6864
700,364,1106299,1,737,368,6864
701,364,1830248,2,1220,610,6864
702,365,2371831,2,1581,790,6865
703,365,4307678,1,2871,1435,6865
704,366,1839889,1,1226,613,6866
705,366,1591100,2,1060,530,6866
706,366,1708882,3,1139,569,6866
707,366,3968142,2,2645,1322,6866
708,367,454410,4,302,151,6867
709,368,1246828,1,831,415,6868
710,369,5064579,2,3376,1688,6869
711,369,2876180,2,1917,958,6869
712,369,1141266,3,760,380,6869
713,369,2229191,1,1486,743,6869
714,370,2341016,4,1560,780,6870
715,370,3137146,1,2091,1045,6870
716,370,4152796,4,2768,1384,6870
717,371,2669313,2,1779,889,6871
718,371,1720158,3,1146,573,6871
719,371,3076781,3,2051,1025,6871
720,371,1558140,3,1038,519,6871
721,392,1215542,1,810,405,6892
722,396,472679,3,315,157,6896
723,399,671827,4,447,223,6899
724,412,1355504,1,903,451,6912
725,418,1067851,4,711,355,6918
726,421,2592309,2,1728,864,6921
727,423,1045754,2,697,348,6923
728,428,454410,1,302,151,6928
729,440,1204731,2,803,401,6940
730,450,1789609,1,1193,596,6950
731,456,1653024,2,1102,551,6956
732,462,3825645,2,2550,1275,6962
733,471,1644750,1,1096,548,6971
734,480,3172725,3,2115,1057,6980
735,484,2252641,2,1501,750,6984
736,489,2228796,1,1485,742,6989
737,499,1417938,2,945,472,6999
738,501,2211948,2,1474,737,7001
739,501,1489798,2,993,496,7001
740,503,2445886,1,1630,815,7003
741,507,2030502,2,1353,676,7007
742,510,1306241,2,870,435,7010
743,510,3286184,1,2190,1095,7010
744,518,2708460,2,1805,902,7018
745,518,1813940,3,1209,604,7018
746,518,2420804,3,1613,806,7018
747,518,2186347,2,1457,728,7018
748,520,1385005,3,923,461,7020
749,521,2344126,1,1562,781,7021
750,524,1637113,1,1091,545,7024
751,526,1305928,2,870,435,7026
752,528,612896,3,408,204,7028
753,528,1905401,2,1270,635,7028
754,533,2851732,2,1901,950,7033
755,535,1561814,4,1041,520,7035
756,535,4849277,2,3232,1616,7035
757,536,3177594,4,2118,1059,7036
758,536,3605625,1,2403,1201,7036
759,537,3085123,1,2056,1028,7037
760,537,4166459,2,2777,1388,7037
761,537,1467401,2,978,489,7037
762,538,454410,1,302,151,7038
763,538,1815920,4,1210,605,7038
764,538,2842784,2,1895,947,7038
765,539,2426963,2,1617,808,7039
766,539,2553698,2,1702,851,7039
767,540,3622577,1,2415,1207,7040
768,540,2662673,3,1775,887,7040
769,541,3088875,1,2059,1029,7041
770,541,1311419,1,874,437,7041
771,541,1152094,2,768,384,7041
772,541,3922355,3,2614,1307,7041
773,542,2375213,2,1583,791,7042
774,542,1634846,2,1089,544,7042
775,542,1636722,2,1091,545,7042
776,544,1608371,3,1072,536,7044
777,544,1547194,1,1031,515,7044
778,544,960130,3,640,320,7044
779,544,737986,2,491,245,7044
780,545,2072672,3,1381,690,7045
781,545,1665829,1,1110,555,7045
782,545,3404033,2,2269,1134,7045
783,546,2571697,2,1714,857,7046
784,547,2543316,1,1695,847,7047
785,547,1512266,1,1008,504,7047
786,547,2148307,1,1432,716,7047
787,548,2641144,2,1760,880,7048
788,548,3004303,1,2002,1001,7048
789,548,2176052,2,1450,725,7048
790,549,3375369,1,2250,1125,7049
791,549,2280217,2,1520,760,7049
792,549,3082673,3,2055,1027,7049
793,550,1771213,3,1180,590,7050
794,550,454410,2,302,151,7050
795,550,2546425,2,1697,848,7050
796,551,3013636,1,2009,1004,7051
797,551,2860297,4,1906,953,7051
798,551,2703702,4,1802,901,7051
799,552,1915646,2,1277,638,7052
800,552,1447214,4,964,482,7052
801,553,2836148,1,1890,945,7053
802,553,2708058,1,1805,902,7053
803,553,1698573,1,1132,566,7053
804,554,3406349,2,2270,1135,7054
805,554,1369388,4,912,456,7054
806,554,1675442,2,1116,558,7054
807,554,3945166,1,2630,1315,7054
808,554,3160106,1,2106,1053,7054
809,556,1906012,3,1270,635,7056
810,556,2565873,3,1710,855,7056
811,557,2430312,2,1620,810,7057
812,557,454410,1,302,151,7057
813,557,1345250,1,896,448,7057
814,558,2220062,4,1480,740,7058
815,558,1907442,3,1271,635,7058
816,558,2524692,2,1683,841,7058
817,559,3426857,4,2284,1142,7059
818,559,1943304,4,1295,647,7059
819,559,1190679,2,793,396,7059
820,559,2604185,2,1736,868,7059
821,560,1938102,1,1292,646,7060
822,561,2112486,2,1408,704,7061
823,561,1973733,1,1315,657,7061
824,562,4564153,1,3042,1521,7062
825,562,454410,1,302,151,7062
826,563,1875008,3,1250,625,7063
827,563,2268277,1,1512,756,7063
828,563,1473392,4,982,491,7063
829,563,3192051,1,2128,1064,7063
830,563,3103542,4,2069,1034,7063
831,564,2223224,2,1482,741,7064
832,564,1995306,1,1330,665,7064
833,564,2157582,3,1438,719,7064
834,565,2164913,3,1443,721,7065
835,565,2191919,1,1461,730,7065
836,565,2079835,2,1386,693,7065
837,565,2530159,1,1686,843,7065
838,566,3042150,2,2028,1014,7066
839,567,1014204,2,676,338,7067
840,568,1197827,2,798,399,7068
841,568,484326,1,322,161,7068
842,568,3157873,1,2105,1052,7068
843,568,2527985,3,1685,842,7068
844,568,2788646,2,1859,929,7068
845,568,810498,2,540,270,7068
846,569,4097019,1,2731,1365,7069
847,569,1649546,1,1099,549,7069
848,570,2444026,3,1629,814,7070
849,570,3145591,1,2097,1048,7070
850,570,1262939,3,841,420,7070
851,572,1713475,2,1142,571,7072
852,572,2455238,2,1636,818,7072
853,572,5193592,1,3462,1731,7072
854,572,2579926,2,1719,859,7072
855,573,3914428,2,2609,1304,7073
856,574,3504756,1,2336,1168,7074
857,574,2648311,2,1765,882,7074
858,575,1260673,2,840,420,7075
859,576,3355564,4,2237,1118,7076
860,576,740348,2,493,246,7076
861,576,3908819,1,2605,1302,7076
862,576,2476539,3,1651,825,7076
863,577,454410,2,302,151,7077
864,577,1923908,4,1282,641,7077
865,577,2940660,3,1960,980,7077
866,578,2029711,1,1353,676,7078
867,578,3003087,3,2002,1001,7078
868,578,1402966,1,935,467,7078
869,579,936784,2,624,312,7079
870,579,2199002,3,1466,733,7079
871,580,2304322,3,1536,768,7080
872,580,1915853,3,1277,638,7080
873,580,3526859,2,2351,1175,7080
874,582,1402778,4,935,467,7082
875,583,2592236,2,1728,864,7083
876,583,2341543,1,1561,780,7083
877,584,680428,1,453,226,7084
878,584,923443,3,615,307,7084
879,584,2284227,2,1522,761,7084
880,584,4297672,2,2865,1432,7084
881,585,2864307,1,1909,954,7085
882,585,507722,2,338,169,7085
883,586,454410,1,302,151,7086
884,587,3021539,2,2014,1007,7087
885,587,2173678,2,1449,724,7087
886,587,3438904,2,2292,1146,7087
887,587,1371584,2,914,457,7087
888,588,2630114,2,1753,876,7088
889,588,3137195,1,2091,1045,7088
890,588,1814552,1,1209,604,7088
891,588,1836410,4,1224,612,7088
892,589,2297878,3,1531,765,7089
893,590,2826893,3,1884,942,7090
894,591,2257394,1,1504,752,7091
895,592,3267884,2,2178,1089,7092
896,593,1799756,1,1199,599,7093
897,593,913868,1,609,304,7093
898,593,4293352,1,2862,1431,7093
899,594,1653858,3,1102,551,7094
900,594,1690861,3,1127,563,7094
901,594,2204770,1,1469,734,7094
902,594,2340736,2,1560,780,7094
903,595,1876695,3,1251,625,7095
904,595,2254224,1,1502,751,7095
905,595,2231395,2,1487,743,7095
906,595,2450788,2,1633,816,7095
907,596,454410,2,302,151,7096
908,596,4195098,2,2796,1398,7096
909,596,2121458,1,1414,707,7096
910,597,2865690,1,1910,955,7097
911,599,863048,1,575,287,7099
912,599,1790488,1,1193,596,7099
913,599,1584658,2,1056,528,7099
914,599,3774727,3,2516,1258,7099
915,600,1673100,1,1115,557,7100
916,600,3047127,2,2031,1015,7100
917,601,1607045,3,1071,535,7101
918,601,1809281,1,1206,603,7101
919,601,2020993,2,1347,673,7101
920,602,3584681,4,2389,1194,7102
921,602,454410,3,302,151,7102
922,603,926886,1,617,308,7103
923,604,454410,3,302,151,7104
924,605,1160163,1,773,386,7105
925,606,1442251,3,961,480,7106
926,606,621368,1,414,207,7106
927,607,1521440,2,1014,507,7107
928,608,454410,1,302,151,7108
929,608,1231235,2,820,410,7108
930,609,3499385,1,2332,1166,7109
931,609,2684686,2,1789,894,7109
932,610,2463720,1,1642,821,7110
933,610,1246786,2,831,415,7110
934,610,701522,2,467,233,7110
935,610,1107351,1,738,369,7110
936,610,2227870,3,1485,742,7110
937,611,3159692,2,2106,1053,7111
938,611,3194649,2,2129,1064,7111
939,611,2916801,3,1944,972,7111
940,611,1517955,2,1011,505,7111
941,611,2297149,3,1531,765,7111
942,611,1943501,2,1295,647,7111
943,612,2066348,3,1377,688,7112
944,612,4354853,2,2903,1451,7112
945,613,470541,3,313,156,7113
946,613,2032110,2,1354,677,7113
947,614,3510968,3,2340,1170,7114
948,614,773289,3,515,257,7114
949,615,1613867,2,1075,537,7115
950,615,1731148,1,1154,577,7115
951,615,2043753,2,1362,681,7115
952,615,640307,1,426,213,7115
953,616,2880683,1,1920,960,7116
954,617,2953276,1,1968,984,7117
955,617,2791823,1,1861,930,7117
956,617,1382160,4,921,460,7117
957,619,2360500,1,1573,786,7119
958,620,1352441,4,901,450,7120
959,620,1931995,2,1287,643,7120
960,621,4473802,2,2982,1491,7121
961,621,2369890,1,1579,789,7121
962,621,1057896,2,705,352,7121
963,621,2456428,4,1637,818,7121
964,621,889943,4,593,296,7121
965,622,1046154,2,697,348,7122
966,622,1207582,1,805,402,7122
967,624,1817777,1,1211,605,7124
968,624,3230027,1,2153,1076,7124
969,624,2863416,3,1908,954,7124
970,625,2806771,4,1871,935,7125
971,627,1148484,2,765,382,7127
972,627,1718597,2,1145,572,7127
973,627,2550149,4,1700,850,7127
974,628,1629641,1,1086,543,7128
975,628,1987441,2,1324,662,7128
976,628,2723304,2,1815,907,7128
977,628,1915456,1,1276,638,7128
978,628,2503177,1,1668,834,7128
979,628,3900490,1,2600,1300,7128
980,628,2096337,3,1397,698,7128
981,629,3477830,4,2318,1159,7129
982,629,2843961,2,1895,947,7129
983,629,771908,2,514,257,7129
984,630,1145200,1,763,381,7130
985,631,1419762,2,946,473,7131
986,631,1398047,1,932,466,7131
987,633,2179735,2,1453,726,7133
988,633,2900475,2,1933,966,7133
989,634,3555351,2,2370,1185,7134
990,634,2587134,2,1724,862,7134
991,635,1816376,2,1210,605,7135
992,635,454410,2,302,151,7135
993,636,2344221,2,1562,781,7136
994,637,2298397,3,1532,766,7137
995,638,2459079,1,1639,819,7138
996,638,4425516,4,2950,1475,7138
997,638,3540462,2,2360,1180,7138
998,638,3074713,3,2049,1024,7138
999,639,1288400,3,858,429,7139
1000,639,1747552,1,1165,582,7139
1001,640,2175078,1,1450,725,7140
1002,640,1479256,1,986,493,7140
1003,640,2783735,2,1855,927,7140
1004,641,2636960,3,1757,878,7141
1005,641,1159339,1,772,386,7141
1006,641,3495701,3,2330,1165,7141
1007,641,2376653,1,1584,792,7141
1008,641,504209,2,336,168,7141
1009,642,2219555,3,1479,739,7142
1010,642,2559561,2,1706,853,7142
1011,642,3266653,1,2177,1088,7142
1012,642,1927006,1,1284,642,7142
1013,642,3118551,1,2079,1039,7142
1014,642,2463387,1,1642,821,7142
1015,643,927508,3,618,309,7143
1016,643,825151,1,550,275,7143
1017,644,3419779,2,2279,1139,7144
1018,644,3494850,1,2329,1164,7144
1019,644,2602199,1,1734,867,7144
1020,644,3801293,3,2534,1267,7144
1021,645,3352350,3,2234,1117,7145
1022,645,2971006,1,1980,990,7145
1023,645,1340304,1,893,446,7145
1024,646,4042300,2,2694,1347,7146
1025,646,2820375,1,1880,940,7146
1026,646,1877559,1,1251,625,7146
1027,646,1588795,2,1059,529,7146
1028,648,2534590,3,1689,844,7148
1029,648,563521,3,375,187,7148
1030,650,2987410,3,1991,995,7150
1031,651,1297097,1,864,432,7151
1032,651,2650967,2,1767,883,7151
1033,651,1738733,2,1159,579,7151
1034,651,2001701,2,1334,667,7151
1035,651,1498168,2,998,499,7151
1036,652,2107204,1,1404,702,7152
1037,652,4203792,1,2802,1401,7152
1038,652,3688165,3,2458,1229,7152
1039,652,2634476,2,1756,878,7152
1040,654,2246188,1,1497,748,7154
1041,654,3135179,2,2090,1045,7154
1042,655,3427356,2,2284,1142,7155
1043,655,1423624,2,949,474,7155
1044,655,2192874,1,1461,730,7155
1045,655,454410,3,302,151,7155
1046,656,3420333,1,2280,1140,7156
1047,656,4383375,1,2922,1461,7156
1048,656,2353927,3,1569,784,7156
1049,657,454410,2,302,151,7157
1050,657,2894592,2,1929,964,7157
1051,657,1347688,3,898,449,7157
1052,657,1593826,1,1062,531,7157
1053,657,2912675,2,1941,970,7157
1054,659,2532311,2,1688,844,7159
1055,659,1772996,1,1181,590,7159
1056,660,1607878,2,1071,535,7160
1057,661,2400707,1,1600,800,7161
1058,661,1853402,3,1235,617,7161
1059,661,1137940,3,758,379,7161
1060,662,1932029,2,1288,644,7162
1061,662,2619256,1,1746,873,7162
1062,662,2089952,2,1393,696,7162
1063,662,826847,1,551,275,7162
1064,663,3283290,2,2188,1094,7163
1065,663,454410,1,302,151,7163
1066,664,1815675,1,1210,605,7164
1067,665,1637944,3,1091,545,7165
1068,665,2423550,2,1615,807,7165
1069,665,2846304,2,1897,948,7165
1070,666,3424078,1,2282,1141,7166
1071,666,1543671,1,1029,514,7166
1072,666,2871784,2,1914,957,7166
1073,667,2472258,2,1648,824,7167
1074,669,522133,4,348,174,7169
1075,670,4215203,2,2810,1405,7170
1076,670,801014,2,534,267,7170
1077,670,2700952,1,1800,900,7170
1078,671,2670753,2,1780,890,7171
1079,671,2553866,2,1702,851,7171
1080,671,1766383,2,1177,588,7171
1081,671,3117850,2,2078,1039,7171
1082,672,676695,2,451,225,7172
1083,672,2204744,4,1469,734,7172
1084,673,1695531,2,1130,565,7173
1085,674,1579565,3,1053,526,7174
1086,674,2710410,3,1806,903,7174
1087,675,3373687,3,2249,1124,7175
1088,675,1921097,1,1280,640,7175
1089,676,3070235,2,2046,1023,7176
1090,676,2322905,2,1548,774,7176
1091,676,1359300,3,906,453,7176
1092,677,2008313,3,1338,669,7177
1093,677,1965848,2,1310,655,7177
1094,677,1559769,3,1039,519,7177
1095,677,2710139,1,1806,903,7177
1096,678,2511956,3,1674,837,7178
1097,679,645734,3,430,215,7179
1098,680,583492,3,388,194,7180
1099,680,2706256,2,1804,902,7180
1100,680,1438482,3,958,479,7180
1101,680,2580863,1,1720,860,7180
1102,681,3070491,2,2046,1023,7181
1103,681,972599,2,648,324,7181
1104,681,828862,1,552,276,7181
1105,681,3984025,2,2656,1328,7181
1106,681,2631503,1,1754,877,7181
1107,682,1843408,2,1228,614,7182
1108,682,1317168,2,878,439,7182
1109,682,1750163,1,1166,583,7182
1110,682,1054782,2,703,351,7182
1111,682,3175269,2,2116,1058,7182
1112,682,1477881,1,985,492,7182
1113,683,3390103,3,2260,1130,7183
1114,696,1862437,1,1241,620,7196
1115,698,1205305,4,803,401,7198
1116,706,1836189,2,1224,612,7206
1117,708,454410,1,302,151,7208
1118,714,2148573,1,1432,716,7214
1119,719,2098115,3,1398,699,7219
1120,719,3115284,2,2076,1038,7219
1121,723,454410,1,302,151,7223
1122,729,3459967,3,2306,1153,7229
1123,744,3111048,2,2074,1037,7244
1124,748,3552166,3,2368,1184,7248
1125,750,2218146,3,1478,739,7250
1126,762,3308679,2,2205,1102,7262
1127,763,767817,4,511,255,7263
1128,769,3001085,1,2000,1000,7269
1129,784,1483595,1,989,494,7284
1130,809,583619,2,389,194,7309
1131,809,1122703,4,748,374,7309
1132,810,2277704,4,1518,759,7310
1133,815,1429267,3,952,476,7315
1134,816,2656555,1,1771,885,7316
1135,818,454410,1,302,151,7318
1136,820,454410,1,302,151,7320
1137,822,3675208,1,2450,1225,7322
1138,831,3196114,3,2130,1065,7331
1139,834,1199225,2,799,399,7334
1140,836,2268982,2,1512,756,7336
1141,837,3314416,3,2209,1104,7337
1142,844,2700649,1,1800,900,7344
1143,846,2423596,2,1615,807,7346
1144,846,3391759,1,2261,1130,7346
1145,847,1524952,2,1016,508,7347
1146,849,2303927,1,1535,767,7349
1147,850,2253800,1,1502,751,7350
1148,851,1993171,2,1328,664,7351
1149,878,1873503,2,1249,624,7378
1150,883,2346551,2,1564,782,7383
1151,884,2307228,2,1538,769,7384
1152,885,1200113,1,800,400,7385
1153,899,3091823,3,2061,1030,7399
1154,904,1273771,2,849,424,7404
1155,912,2048922,2,1365,682,7412
1156,912,1970148,1,1313,656,7412
1157,912,2638182,2,1758,879,7412
1158,912,454410,4,302,151,7412
1159,914,3182935,2,2121,1060,7414
1160,914,1579879,1,1053,526,7414
1161,915,3519366,3,2346,1173,7415
1162,915,1783163,2,1188,594,7415
1163,916,2222110,2,1481,740,7416
1164,916,4228746,1,2819,1409,7416
1165,916,1988492,3,1325,662,7416
1166,917,3538676,1,2359,1179,7417
1167,918,2311970,3,1541,770,7418
1168,919,2696782,1,1797,898,7419
1169,919,2343576,2,1562,781,7419
1170,919,3138911,3,2092,1046,7419
1171,920,1571146,2,1047,523,7420
1172,920,1265936,4,843,421,7420
1173,921,1619155,2,1079,539,7421
1174,921,2373995,2,1582,791,7421
1175,921,2046279,4,1364,682,7421
1176,921,2998250,1,1998,999,7421
1177,921,3606035,1,2404,1202,7421
1178,922,1274330,1,849,424,7422
1179,922,1521644,3,1014,507,7422
1180,923,803606,1,535,267,7423
1181,923,4347947,3,2898,1449,7423
1182,924,2583550,3,1722,861,7424
1183,924,2762609,4,1841,920,7424
1184,924,901790,3,601,300,7424
1185,924,2270853,2,1513,756,7424
1186,924,2792715,3,1861,930,7424
1187,924,2013624,3,1342,671,7424
1188,925,3371874,2,2247,1123,7425
1189,926,4635716,1,3090,1545,7426
1190,927,1303751,1,869,434,7427
1191,928,1227044,2,818,409,7428
1192,930,1374612,2,916,458,7430
1193,931,3914262,1,2609,1304,7431
1194,931,3337776,2,2225,1112,7431
1195,932,2133482,2,1422,711,7432
1196,932,2309428,3,1539,769,7432
1197,932,1437197,4,958,479,7432
1198,933,3182032,2,2121,1060,7433
1199,933,1883629,1,1255,627,7433
1200,933,2006141,1,1337,668,7433
1201,935,2894489,3,1929,964,7435
1202,936,2079839,1,1386,693,7436
1203,936,2031815,3,1354,677,7436
1204,937,2282861,3,1521,760,7437
1205,937,3085238,1,2056,1028,7437
1206,937,3955460,3,2636,1318,7437
1207,937,2870663,3,1913,956,7437
1208,937,3093375,3,2062,1031,7437
1209,937,2067714,1,1378,689,7437
1210,938,1548381,1,1032,516,7438
1211,939,2940699,1,1960,980,7439
1212,939,2447129,3,1631,815,7439
1213,939,817522,2,545,272,7439
1214,939,1936623,1,1291,645,7439
1215,939,2187293,2,1458,729,7439
1216,940,1750146,3,1166,583,7440
1217,941,3787008,2,2524,1262,7441
1218,941,2762647,2,1841,920,7441
1219,941,3676013,2,2450,1225,7441
1220,941,2541381,1,1694,847,7441
1221,942,2355262,2,1570,785,7442
1222,942,1314451,2,876,438,7442
1223,943,2284246,3,1522,761,7443
1224,943,2285396,3,1523,761,7443
1225,944,874282,2,582,291,7444
1226,944,1720424,3,1146,573,7444
1227,944,1941518,2,1294,647,7444
1228,944,2694800,1,1796,898,7444
1229,945,2743744,2,1829,914,7445
1230,946,1677696,2,1118,559,7446
1231,946,2751432,2,1834,917,7446
1232,946,2085887,1,1390,695,7446
1233,947,454410,4,302,151,7447
1234,947,1776479,3,1184,592,7447
1235,947,3375231,2,2250,1125,7447
1236,948,552534,1,368,184,7448
1237,948,2387267,3,1591,795,7448
1238,948,3892855,1,2595,1297,7448
1239,949,1494382,4,996,498,7449
1240,949,2274246,1,1516,758,7449
1241,949,938794,4,625,312,7449
1242,949,3935766,2,2623,1311,7449
1243,950,2186848,4,1457,728,7450
1244,950,2319721,1,1546,773,7450
1245,952,3656716,2,2437,1218,7452
1246,952,2948359,3,1965,982,7452
1247,952,1376787,3,917,458,7452
1248,953,1610258,3,1073,536,7453
1249,954,2778078,2,1852,926,7454
1250,954,1633934,2,1089,544,7454
1251,954,454410,3,302,151,7454
1252,955,2217614,1,1478,739,7455
1253,955,758647,3,505,252,7455
1254,955,3924571,2,2616,1308,7455
1255,955,2452801,2,1635,817,7455
1256,956,1346578,2,897,448,7456
1257,956,1557752,1,1038,519,7456
1258,956,454410,2,302,151,7456
1259,956,1147935,2,765,382,7456
1260,956,3311160,2,2207,1103,7456
1261,956,4553876,4,3035,1517,7456
1262,956,3014733,3,2009,1004,7456
1263,956,2177943,2,1451,725,7456
1264,956,1830404,1,1220,610,7456
1265,956,1294107,1,862,431,7456
1266,956,4377999,4,2918,1459,7456
1267,957,2079068,1,1386,693,7457
1268,957,4435116,2,2956,1478,7457
1269,958,3696814,2,2464,1232,7458
1270,958,492220,2,328,164,7458
1271,958,1591165,1,1060,530,7458
1272,958,1588003,1,1058,529,7458
1273,958,2190412,1,1460,730,7458
1274,959,2210382,1,1473,736,7459
1275,959,5335470,3,3556,1778,7459
1276,961,1170667,2,780,390,7461
1277,961,2506153,1,1670,835,7461
1278,961,2902380,2,1934,967,7461
1279,961,2270442,3,1513,756,7461
1280,961,2384700,2,1589,794,7461
1281,962,1203813,3,802,401,7462
1282,962,2380923,1,1587,793,7462
1283,963,2794915,3,1863,931,7463
1284,963,2606995,2,1737,868,7463
1285,963,2855035,2,1903,951,7463
1286,963,3716330,1,2477,1238,7463
1287,964,3230024,1,2153,1076,7464
1288,982,2344942,1,1563,781,7482
1289,990,1074017,1,716,358,7490
1290,990,1658590,3,1105,552,7490
1291,991,2047493,1,1364,682,7491
1292,996,2530053,1,1686,843,7496
1293,1010,1782991,1,1188,594,7510
1294,1018,1315335,2,876,438,7518
1295,1024,1057208,2,704,352,7524
1296,1028,583848,2,389,194,7528
1297,1040,2031830,3,1354,677,7540
1298,1053,769431,3,512,256,7553
1299,1054,1249089,4,832,416,7554
1300,1058,1869315,1,1246,623,7558
1301,1066,906178,1,604,302,7566
1302,1066,2660316,3,1773,886,7566
1303,1067,3028869,2,2019,1009,7567
1304,1074,1710303,3,1140,570,7574
1305,1074,1825223,2,1216,608,7574
1306,1083,2821529,4,1881,940,7583
1307,1095,1542045,3,1028,514,7595
1308,1096,1471765,3,981,490,7596
1309,1100,3495375,2,2330,1165,7600
1310,1101,3176062,2,2117,1058,7601
1311,1102,2887087,2,1924,962,7602
1312,1105,3218448,1,2145,1072,7605
1313,1119,454410,3,302,151,7619
1314,1137,3656240,3,2437,1218,7637
1315,1137,2672902,2,1781,890,7637
1316,1137,3305494,3,2203,1101,7637
1317,1137,2667892,1,1778,889,7637
1318,1137,2322071,1,1548,774,7637
1319,1139,1990567,3,1327,663,7639
1320,1139,2647426,1,1764,882,7639
1321,1140,1953311,2,1302,651,7640
1322,1141,3159385,2,2106,1053,7641
1323,1141,650021,2,433,216,7641
1324,1141,1718330,3,1145,572,7641
1325,1142,4362721,3,2908,1454,7642
1326,1142,1631931,3,1087,543,7642
1327,1143,2028013,1,1352,676,7643
1328,1144,1369679,2,913,456,7644
1329,1144,2615425,1,1743,871,7644
1330,1144,1519276,4,1012,506,7644
1331,1145,2082276,1,1388,694,7645
1332,1146,3139949,2,2093,1046,7646
1333,1146,1557618,1,1038,519,7646
1334,1146,3078342,1,2052,1026,7646
1335,1148,3112714,2,2075,1037,7648
1336,1148,3350659,1,2233,1116,7648
1337,1149,2415741,3,1610,805,7649
1338,1149,5585984,2,3723,1861,7649
1339,1150,3350228,2,2233,1116,7650
1340,1150,2604211,2,1736,868,7650
1341,1150,1376485,3,917,458,7650
1342,1151,2172814,3,1448,724,7651
1343,1151,3730357,1,2486,1243,7651
1344,1151,4019915,1,2679,1339,7651
1345,1151,3783525,2,2522,1261,7651
1346,1152,3074847,2,2049,1024,7652
1347,1152,988234,1,658,329,7652
1348,1153,2770134,3,1846,923,7653
1349,1153,1002812,1,668,334,7653
1350,1154,751226,3,500,250,7654
1351,1154,2516570,3,1677,838,7654
1352,1154,2806980,1,1871,935,7654
1353,1154,3195682,1,2130,1065,7654
1354,1155,2780332,1,1853,926,7655
1355,1156,2815554,2,1877,938,7656
1356,1156,1265318,2,843,421,7656
1357,1156,2164719,1,1443,721,7656
1358,1157,731140,1,487,243,7657
1359,1157,454410,3,302,151,7657
1360,1157,3029298,2,2019,1009,7657
1361,1157,1502038,2,1001,500,7657
1362,1158,3164111,2,2109,1054,7658
1363,1158,3405248,1,2270,1135,7658
1364,1159,1638845,2,1092,546,7659
1365,1159,2875596,4,1917,958,7659
1366,1159,1596068,3,1064,532,7659
1367,1160,454410,2,302,151,7660
1368,1160,2398123,1,1598,799,7660
1369,1161,1790617,1,1193,596,7661
1370,1161,1822092,3,1214,607,7661
1371,1161,4291683,3,2861,1430,7661
1372,1162,711979,1,474,237,7662
1373,1164,2663505,1,1775,887,7664
1374,1164,1254936,1,836,418,7664
1375,1164,3200675,2,2133,1066,7664
1376,1165,2577172,2,1718,859,7665
1377,1165,2659899,3,1773,886,7665
1378,1165,1305973,2,870,435,7665
1379,1166,1489295,3,992,496,7666
1380,1166,3220090,2,2146,1073,7666
1381,1166,4082552,3,2721,1360,7666
1382,1167,2763126,1,1842,921,7667
1383,1167,1354506,1,903,451,7667
1384,1167,2618587,2,1745,872,7667
1385,1167,4753950,3,3169,1584,7667
1386,1168,2376768,4,1584,792,7668
1387,1168,3766667,2,2511,1255,7668
1388,1168,1515120,1,1010,505,7668
1389,1169,2229019,1,1486,743,7669
1390,1169,2905506,3,1937,968,7669
1391,1169,2678286,1,1785,892,7669
1392,1169,1488476,4,992,496,7669
1393,1169,1444381,1,962,481,7669
1394,1169,3282493,4,2188,1094,7669
1395,1169,3490317,3,2326,1163,7669
1396,1170,3818098,1,2545,1272,7670
1397,1170,4116427,2,2744,1372,7670
1398,1170,2409687,3,1606,803,7670
1399,1173,1953872,2,1302,651,7673
1400,1174,3653332,3,2435,1217,7674
1401,1174,3001107,3,2000,1000,7674
1402,1174,1267565,3,845,422,7674
1403,1175,1215237,2,810,405,7675
1404,1175,2775009,1,1850,925,7675
1405,1176,2090799,2,1393,696,7676
1406,1176,2245026,2,1496,748,7676
1407,1176,3368631,1,2245,1122,7676
1408,1176,3048105,2,2032,1016,7676
1409,1178,3631741,2,2421,1210,7678
1410,1179,454410,1,302,151,7679
1411,1180,2531129,2,1687,843,7680
1412,1180,2982314,2,1988,994,7680
1413,1181,711234,4,474,237,7681
1414,1181,1602469,2,1068,534,7681
1415,1182,1412718,3,941,470,7682
1416,1182,2294234,2,1529,764,7682
1417,1182,3936403,1,2624,1312,7682
1418,1182,4339989,3,2893,1446,7682
1419,1182,1439503,1,959,479,7682
1420,1182,2810413,2,1873,936,7682
1421,1183,2843376,1,1895,947,7683
1422,1183,2668366,2,1778,889,7683
1423,1184,2679975,3,1786,893,7684
1424,1184,2582602,3,1721,860,7684
1425,1184,3997458,4,2664,1332,7684
1426,1184,3399235,4,2266,1133,7684
1427,1185,1188124,1,792,396,7685
1428,1185,3085612,1,2057,1028,7685
1429,1186,3184431,1,2122,1061,7686
1430,1187,2594079,3,1729,864,7687
1431,1187,3428842,1,2285,1142,7687
1432,1189,2464340,2,1642,821,7689
1433,1190,2477012,2,1651,825,7690
1434,1190,2396008,2,1597,798,7690
1435,1190,454410,1,302,151,7690
1436,1190,2189848,1,1459,729,7690
1437,1192,1588815,2,1059,529,7692
1438,1193,1058998,3,705,352,7693
1439,1193,3738221,2,2492,1246,7693
1440,1193,2787562,1,1858,929,7693
1441,1193,2241549,1,1494,747,7693
1442,1193,1694582,3,1129,564,7693
1443,1193,2574859,1,1716,858,7693
1444,1194,3285715,1,2190,1095,7694
1445,1195,1426541,1,951,475,7695
1446,1195,2267112,1,1511,755,7695
1447,1196,3159579,1,2106,1053,7696
1448,1197,454410,2,302,151,7697
1449,1197,2213188,1,1475,737,7697
1450,1197,1833132,2,1222,611,7697
1451,1197,2135218,2,1423,711,7697
1452,1197,1759173,4,1172,586,7697
1453,1198,2412759,1,1608,804,7698
1454,1198,4238808,2,2825,1412,7698
1455,1198,1940864,2,1293,646,7698
1456,1198,2570301,1,1713,856,7698
1457,1198,4311522,2,2874,1437,7698
1458,1199,1709701,3,1139,569,7699
1459,1199,4127413,2,2751,1375,7699
1460,1200,2277491,3,1518,759,7700
1461,1200,4093899,1,2729,1364,7700
1462,1200,3039071,1,2026,1013,7700
1463,1201,2586043,3,1724,862,7701
1464,1201,2204947,3,1469,734,7701
1465,1203,1634015,3,1089,544,7703
1466,1203,2349540,3,1566,783,7703
1467,1203,3189531,1,2126,1063,7703
1468,1204,2258644,3,1505,752,7704
1469,1204,1948327,3,1298,649,7704
1470,1204,2015643,1,1343,671,7704
1471,1204,3286779,4,2191,1095,7704
1472,1204,3524681,2,2349,1174,7704
1473,1205,1589940,1,1059,529,7705
1474,1205,1588470,2,1058,529,7705
1475,1205,2659914,1,1773,886,7705
1476,1206,3833831,3,2555,1277,7706
1477,1206,3443735,3,2295,1147,7706
1478,1206,992128,1,661,330,7706
1479,1208,2002052,4,1334,667,7708
1480,1211,1320579,3,880,440,7711
1481,1211,1998538,1,1332,666,7711
1482,1214,3912433,2,2608,1304,7714
1483,1217,817551,3,545,272,7717
1484,1230,616885,2,411,205,7730
1485,1247,1424917,2,949,474,7747
1486,1262,2565802,2,1710,855,7762
1487,1265,2906722,1,1937,968,7765
1488,1269,2719306,1,1812,906,7769
1489,1284,3474096,2,2316,1158,7784
1490,1285,469431,1,312,156,7785
1491,1304,3487030,1,2324,1162,7804
1492,1308,1952956,1,1301,650,7808
1493,1311,3019945,1,2013,1006,7811
1494,1311,918950,2,612,306,7811
1495,1313,2277117,2,1518,759,7813
1496,1323,2513617,2,1675,837,7823
1497,1324,3453714,1,2302,1151,7824
1498,1328,651250,1,434,217,7828
1499,1337,2303491,2,1535,767,7837
1500,1337,1162481,2,774,387,7837
1501,1338,2788879,3,1859,929,7838
1502,1340,3066692,3,2044,1022,7840
1503,1343,3588080,2,2392,1196,7843
1504,1345,1725023,1,1150,575,7845
1505,1355,3220066,1,2146,1073,7855
1506,1356,3663465,2,2442,1221,7856
1507,1369,591957,1,394,197,7869
1508,1394,2898124,1,1932,966,7894
1509,1408,3252052,2,2168,1084,7908
1510,1409,2007521,4,1338,669,7909
1511,1409,1034127,2,689,344,7909
1512,1409,3236148,2,2157,1078,7909
1513,1410,1045645,1,697,348,7910
1514,1410,2089699,3,1393,696,7910
1515,1411,2231025,3,1487,743,7911
1516,1411,3003631,3,2002,1001,7911
1517,1411,1631367,3,1087,543,7911
1518,1412,1572116,2,1048,524,7912
1519,1412,2373182,2,1582,791,7912
1520,1413,3301005,4,2200,1100,7913
1521,1413,4610788,3,3073,1536,7913
1522,1414,730767,1,487,243,7914
1523,1415,2594462,2,1729,864,7915
1524,1416,1161152,1,774,387,7916
1525,1416,3313704,3,2209,1104,7916
1526,1417,1312460,2,874,437,7917
1527,1417,1582274,1,1054,527,7917
1528,1417,1669565,2,1113,556,7917
1529,1417,2194142,2,1462,731,7917
1530,1418,2602493,2,1734,867,7918
1531,1419,2766596,3,1844,922,7919
1532,1420,2266152,3,1510,755,7920
1533,1421,912339,2,608,304,7921
1534,1421,3016154,2,2010,1005,7921
1535,1421,2217903,3,1478,739,7921
1536,1421,3459832,4,2306,1153,7921
1537,1423,1548441,3,1032,516,7923
1538,1423,633848,2,422,211,7923
1539,1423,2237260,2,1491,745,7923
1540,1423,3597060,2,2398,1199,7923
1541,1423,2436600,2,1624,812,7923
1542,1424,2067902,4,1378,689,7924
1543,1425,1382187,1,921,460,7925
1544,1426,4069228,3,2712,1356,7926
1545,1426,1219361,2,812,406,7926
1546,1427,1530390,1,1020,510,7927
1547,1427,2854865,2,1903,951,7927
1548,1428,454410,1,302,151,7928
1549,1428,3575219,3,2383,1191,7928
1550,1429,2910238,2,1940,970,7929
1551,1429,3191443,1,2127,1063,7929
1552,1430,2842680,3,1895,947,7930
1553,1430,2107313,3,1404,702,7930
1554,1430,1185062,4,790,395,7930
1555,1430,2128833,2,1419,709,7930
1556,1431,1274946,2,849,424,7931
1557,1431,2769105,3,1846,923,7931
1558,1431,3096918,1,2064,1032,7931
1559,1433,3781971,2,2521,1260,7933
1560,1433,2652152,2,1768,884,7933
1561,1433,3217355,1,2144,1072,7933
1562,1437,1968242,2,1312,656,7937
1563,1440,1783048,2,1188,594,7940
1564,1447,2756342,2,1837,918,7947
1565,1448,1876911,2,1251,625,7948
1566,1465,2547270,3,1698,849,7965
1567,1469,1187063,1,791,395,7969
1568,1471,1370653,2,913,456,7971
1569,1471,2921705,1,1947,973,7971
1570,1481,3178620,1,2119,1059,7981
1571,1498,1264292,1,842,421,7998
1572,1502,2957700,2,1971,985,8002
1573,1510,1727368,3,1151,575,8010
1574,1512,2288924,2,1525,762,8012
1575,1520,3720764,1,2480,1240,8020
1576,1522,3097642,3,2065,1032,8022
1577,1526,3085766,3,2057,1028,8026
1578,1529,4223638,1,2815,1407,8029
1579,1553,1552387,3,1034,517,8053
1580,1553,1264069,2,842,421,8053
1581,1554,1533735,2,1022,511,8054
1582,1554,2011842,2,1341,670,8054
1583,1554,454410,2,302,151,8054
1584,1554,2059970,3,1373,686,8054
1585,1555,1715268,2,1143,571,8055
1586,1555,3073382,2,2048,1024,8055
1587,1556,2632370,1,1754,877,8056
1588,1556,1657884,3,1105,552,8056
1589,1557,2875238,2,1916,958,8057
1590,1558,3011529,3,2007,1003,8058
1591,1559,1486271,2,990,495,8059
1592,1559,1767970,2,1178,589,8059
1593,1559,454410,3,302,151,8059
1594,1560,1156934,2,771,385,8060
1595,1560,1512932,2,1008,504,8060
1596,1560,2347878,2,1565,782,8060
1597,1561,1305469,4,870,435,8061
1598,1561,1747084,1,1164,582,8061
1599,1561,1019244,2,679,339,8061
1600,1562,2447000,1,1631,815,8062
1601,1562,2707309,3,1804,902,8062
1602,1562,2683436,1,1788,894,8062
1603,1563,2284687,2,1523,761,8063
1604,1563,696422,1,464,232,8063
1605,1563,1638195,2,1092,546,8063
1606,1563,1855610,1,1237,618,8063
1607,1563,1859711,1,1239,619,8063
1608,1563,2348711,2,1565,782,8063
1609,1564,3729554,1,2486,1243,8064
1610,1564,3102354,3,2068,1034,8064
1611,1565,1262389,4,841,420,8065
1612,1565,2965663,2,1977,988,8065
1613,1565,2926708,3,1951,975,8065
1614,1565,1447908,2,965,482,8065
1615,1566,3139948,4,2093,1046,8066
1616,1566,2108076,2,1405,702,8066
1617,1566,830481,1,553,276,8066
1618,1571,2737458,2,1824,912,8071
1619,1572,2493876,4,1662,831,8072
1620,1579,2039266,3,1359,679,8079
1621,1597,2233756,1,1489,744,8097
1622,1599,1536840,2,1024,512,8099
1623,1607,2895860,3,1930,965,8107
1624,1611,2227624,2,1485,742,8111
1625,1611,2442230,4,1628,814,8111
1626,1616,2637199,1,1758,879,8116
1627,1617,1091575,3,727,363,8117
1628,1630,1357714,3,905,452,8130
1629,1649,454410,1,302,151,8149
1630,1651,2849454,2,1899,949,8151
1631,1659,1032659,3,688,344,8159
1632,1661,2407591,2,1605,802,8161
1633,1674,2651356,2,1767,883,8174
1634,1674,2887908,1,1925,962,8174
1635,1685,1041036,3,694,347,8185
1636,1695,2205426,2,1470,735,8195
1637,1696,3979781,2,2653,1326,8196
1638,1717,4024802,2,2683,1341,8217
1639,1718,3281510,2,2187,1093,8218
1640,1718,2617109,1,1744,872,8218
1641,1719,1244406,2,829,414,8219
1642,1719,3006784,2,2004,1002,8219
1643,1719,2110485,4,1406,703,8219
1644,1719,2845145,3,1896,948,8219
1645,1722,1625016,1,1083,541,8222
1646,1722,2095238,4,1396,698,8222
1647,1722,2439877,2,1626,813,8222
1648,1723,2523849,2,1682,841,8223
1649,1723,2776842,3,1851,925,8223
1650,1723,1679867,1,1119,559,8223
1651,1724,898645,2,599,299,8224
1652,1724,3933265,1,2622,1311,8224
1653,1724,4817117,2,3211,1605,8224
1654,1725,2729502,2,1819,909,8225
1655,1727,918370,2,612,306,8227
1656,1727,1481517,2,987,493,8227
1657,1728,2792582,3,1861,930,8228
1658,1729,3643235,2,2428,1214,8229
1659,1729,1031963,2,687,343,8229
1660,1730,2144928,2,1429,714,8230
1661,1730,2472374,4,1648,824,8230
1662,1730,3156013,2,2104,1052,8230
1663,1731,1920744,1,1280,640,8231
1664,1731,673170,1,448,224,8231
1665,1731,2907175,1,1938,969,8231
1666,1731,3422065,2,2281,1140,8231
1667,1731,2187606,2,1458,729,8231
1668,1733,2686375,1,1790,895,8233
1669,1733,1786919,2,1191,595,8233
1670,1733,1407312,1,938,469,8233
1671,1733,3321489,1,2214,1107,8233
1672,1733,2668233,3,1778,889,8233
1673,1733,2773413,3,1848,924,8233
1674,1736,3807845,1,2538,1269,8236
1675,1736,1193555,2,795,397,8236
1676,1737,1707645,1,1138,569,8237
1677,1738,2433524,1,1622,811,8238
1678,1738,1695083,1,1130,565,8238
1679,1739,3072745,3,2048,1024,8239
1680,1740,2080448,1,1386,693,8240
1681,1740,1257262,1,838,419,8240
1682,1740,2339295,2,1559,779,8240
1683,1741,2446207,2,1630,815,8241
1684,1741,3227689,1,2151,1075,8241
1685,1741,2674005,4,1782,891,8241
1686,1741,2743535,2,1829,914,8241
1687,1741,2599522,2,1733,866,8241
1688,1741,2079606,2,1386,693,8241
1689,1742,1539771,2,1026,513,8242
1690,1742,2567364,3,1711,855,8242
1691,1742,1931455,4,1287,643,8242
1692,1743,3999761,1,2666,1333,8243
1693,1743,3644326,3,2429,1214,8243
1694,1743,2919078,3,1946,973,8243
1695,1747,2659002,3,1772,886,8247
1696,1748,2182118,2,1454,727,8248
1697,1748,982648,2,655,327,8248
1698,1748,2051030,3,1367,683,8248
1699,1749,2375723,3,1583,791,8249
1700,1749,2506650,4,1671,835,8249
1701,1750,2752113,2,1834,917,8250
1702,1750,3214037,2,2142,1071,8250
1703,1750,1564375,1,1042,521,8250
1704,1750,1573657,1,1049,524,8250
1705,1752,3755437,2,2503,1251,8252
1706,1752,3060318,1,2040,1020,8252
1707,1753,1872516,3,1248,624,8253
1708,1753,2162434,1,1441,720,8253
1709,1753,2167032,1,1444,722,8253
1710,1753,2304331,2,1536,768,8253
1711,1753,2755331,3,1836,918,8253
1712,1753,4863881,1,3242,1621,8253
1713,1754,2466060,2,1644,822,8254
1714,1754,2949504,2,1966,983,8254
1715,1754,547758,3,365,182,8254
1716,1755,1776277,3,1184,592,8255
1717,1755,3528417,2,2352,1176,8255
1718,1756,2683385,1,1788,894,8256
1719,1756,454410,2,302,151,8256
1720,1757,2961185,2,1974,987,8257
1721,1757,4233223,2,2822,1411,8257
1722,1757,454410,1,302,151,8257
1723,1759,3825504,3,2550,1275,8259
1724,1759,454410,2,302,151,8259
1725,1759,3231080,1,2154,1077,8259
1726,1759,2263206,2,1508,754,8259
1727,1759,454410,4,302,151,8259
1728,1759,2728190,3,1818,909,8259
1729,1759,3448693,3,2299,1149,8259
1730,1760,2644095,1,1762,881,8260
1731,1760,2869990,1,1913,956,8260
1732,1761,1851142,1,1234,617,8261
1733,1761,454410,2,302,151,8261
1734,1761,2979426,2,1986,993,8261
1735,1761,4061036,2,2707,1353,8261
1736,1761,3426957,2,2284,1142,8261
1737,1762,454410,1,302,151,8262
1738,1762,723188,2,482,241,8262
1739,1764,1407113,3,938,469,8264
1740,1765,643356,1,428,214,8265
1741,1765,2317230,2,1544,772,8265
1742,1765,2674286,3,1782,891,8265
1743,1765,809727,2,539,269,8265
1744,1766,3066602,1,2044,1022,8266
1745,1766,2886631,3,1924,962,8266
1746,1767,1711599,1,1141,570,8267
1747,1767,2095659,2,1397,698,8267
1748,1767,454410,1,302,151,8267
1749,1767,1932337,1,1288,644,8267
1750,1768,2279600,2,1519,759,8268
1751,1768,2444580,1,1629,814,8268
1752,1768,2659421,2,1772,886,8268
1753,1768,2521767,3,1681,840,8268
1754,1769,2001778,4,1334,667,8269
1755,1769,2564661,2,1709,854,8269
1756,1769,3296549,3,2197,1098,8269
1757,1769,2174410,2,1449,724,8269
1758,1769,2596765,2,1731,865,8269
1759,1770,2081704,1,1387,693,8270
1760,1771,1610788,4,1073,536,8271
1761,1772,2806653,1,1871,935,8272
1762,1772,1704374,3,1136,568,8272
1763,1772,2666854,3,1777,888,8272
1764,1773,2300938,1,1533,766,8273
1765,1774,1961299,2,1307,653,8274
1766,1775,1936549,4,1291,645,8275
1767,1775,1752535,4,1168,584,8275
1768,1775,589346,1,392,196,8275
1769,1775,2663529,1,1775,887,8275
1770,1778,2508788,2,1672,836,8278
1771,1778,3140771,2,2093,1046,8278
1772,1778,1728676,3,1152,576,8278
1773,1779,4209931,3,2806,1403,8279
1774,1780,1883799,1,1255,627,8280
1775,1780,1377318,2,918,459,8280
1776,1780,1256084,2,837,418,8280
1777,1781,499249,2,332,166,8281
1778,1782,3839042,2,2559,1279,8282
1779,1782,3673859,3,2449,1224,8282
1780,1783,2886264,3,1924,962,8283
1781,1783,1355868,1,903,451,8283
1782,1784,4123929,2,2749,1374,8284
1783,1785,1912444,2,1274,637,8285
1784,1785,1996991,1,1331,665,8285
1785,1785,3741534,2,2494,1247,8285
1786,1786,2945734,4,1963,981,8286
1787,1786,4522505,1,3015,1507,8286
1788,1786,2526348,2,1684,842,8286
1789,1787,1866116,2,1244,622,8287
1790,1790,1646526,2,1097,548,8290
1791,1790,454410,1,302,151,8290
1792,1791,1987207,1,1324,662,8291
1793,1791,3442306,1,2294,1147,8291
1794,1792,2884310,3,1922,961,8292
1795,1792,2292812,1,1528,764,8292
1796,1792,1254806,2,836,418,8292
1797,1793,2504009,4,1669,834,8293
1798,1794,3307572,1,2205,1102,8294
1799,1795,2712426,2,1808,904,8295
1800,1795,2442523,3,1628,814,8295
1801,1795,1457222,3,971,485,8295
1802,1796,3158675,1,2105,1052,8296
1803,1796,454410,1,302,151,8296
1804,1797,2663479,2,1775,887,8297
1805,1797,4900003,4,3266,1633,8297
1806,1798,729855,1,486,243,8298
1807,1798,2025268,2,1350,675,8298
1808,1803,2263961,2,1509,754,8303
1809,1807,1799094,3,1199,599,8307
1810,1814,3331661,3,2221,1110,8314
1811,1818,2755093,1,1836,918,8318
1812,1818,2427764,1,1618,809,8318
1813,1819,3087198,2,2058,1029,8319
1814,1820,2289175,3,1526,763,8320
1815,1820,5523213,2,3682,1841,8320
1816,1821,2426789,2,1617,808,8321
1817,1821,2471710,1,1647,823,8321
1818,1822,523229,4,348,174,8322
1819,1822,1716413,2,1144,572,8322
1820,1822,3445153,3,2296,1148,8322
1821,1822,906648,2,604,302,8322
1822,1823,454410,2,302,151,8323
1823,1823,2305089,1,1536,768,8323
1824,1823,3673528,1,2449,1224,8323
1825,1825,2315381,3,1543,771,8325
1826,1829,1928388,2,1285,642,8329
1827,1835,454410,2,302,151,8335
1828,1839,2734444,1,1822,911,8339
1829,1842,2948151,1,1965,982,8342
1830,1843,454410,3,302,151,8343
1831,1846,3432020,4,2288,1144,8346
1832,1852,3054913,1,2036,1018,8352
1833,1852,3429754,3,2286,1143,8352
1834,1858,2868658,2,1912,956,8358
1835,1861,2940389,2,1960,980,8361
1836,1867,2804446,4,1869,934,8367
1837,1870,3159994,2,2106,1053,8370
1838,1876,454410,3,302,151,8376
1839,1885,737333,2,491,245,8385
1840,1885,1519538,2,1013,506,8385
1841,1886,2139318,3,1426,713,8386
1842,1888,2668889,2,1779,889,8388
1843,1888,2604011,2,1736,868,8388
1844,1890,3414203,3,2276,1138,8390
1845,1891,3446296,3,2297,1148,8391
1846,1892,1380103,3,920,460,8392
1847,1893,2515974,1,1677,838,8393
1848,1893,1405207,2,936,468,8393
1849,1893,2079581,2,1386,693,8393
1850,1893,2601056,2,1734,867,8393
1851,1894,454410,3,302,151,8394
1852,1895,4737358,2,3158,1579,8395
1853,1895,2851158,3,1900,950,8395
1854,1895,1662989,2,1108,554,8395
1855,1896,4242634,3,2828,1414,8396
1856,1896,1916828,3,1277,638,8396
1857,1896,2407540,3,1605,802,8396
1858,1896,1774011,2,1182,591,8396
1859,1896,3961082,3,2640,1320,8396
1860,1896,2164710,3,1443,721,8396
1861,1897,2424885,2,1616,808,8397
1862,1898,3502822,3,2335,1167,8398
1863,1898,2870308,2,1913,956,8398
1864,1899,2216482,4,1477,738,8399
1865,1900,3407337,3,2271,1135,8400
1866,1900,4867450,1,3244,1622,8400
1867,1900,2596576,4,1731,865,8400
1868,1900,2391427,1,1594,797,8400
1869,1900,2446502,3,1631,815,8400
1870,1901,3611861,1,2407,1203,8401
1871,1903,1659416,4,1106,553,8403
1872,1904,1987491,2,1324,662,8404
1873,1907,700133,1,466,233,8407
1874,1907,1061636,2,707,353,8407
1875,1907,1742639,1,1161,580,8407
1876,1907,2214858,2,1476,738,8407
1877,1908,4080799,2,2720,1360,8408
1878,1908,2820060,1,1880,940,8408
1879,1909,1339520,2,893,446,8409
1880,1909,1527746,2,1018,509,8409
1881,1910,3677622,1,2451,1225,8410
1882,1911,3423920,1,2282,1141,8411
1883,1911,2300830,2,1533,766,8411
1884,1911,1819600,3,1213,606,8411
1885,1911,3422205,3,2281,1140,8411
1886,1913,1256449,3,837,418,8413
1887,1913,2672870,4,1781,890,8413
1888,1914,4595666,3,3063,1531,8414
1889,1915,2482009,4,1654,827,8415
1890,1916,1479049,4,986,493,8416
1891,1916,2691619,1,1794,897,8416
1892,1916,1791502,1,1194,597,8416
1893,1916,846674,2,564,282,8416
1894,1917,2988804,3,1992,996,8417
1895,1917,3414948,2,2276,1138,8417
1896,1917,1954171,3,1302,651,8417
1897,1917,1886355,2,1257,628,8417
1898,1917,1288923,1,859,429,8417
1899,1918,2118752,1,1412,706,8418
1900,1918,1697071,2,1131,565,8418
1901,1919,1238347,3,825,412,8419
1902,1919,4206644,2,2804,1402,8419
1903,1919,2749002,2,1832,916,8419
1904,1919,2857278,3,1904,952,8419
1905,1919,3175256,2,2116,1058,8419
1906,1921,3060373,3,2040,1020,8421
1907,1922,1849676,1,1233,616,8422
1908,1922,2550713,1,1700,850,8422
1909,1923,1996986,2,1331,665,8423
1910,1923,2720344,2,1813,906,8423
1911,1923,2621401,1,1747,873,8423
1912,1924,1880809,3,1253,626,8424
1913,1924,912945,4,608,304,8424
1914,1926,2421565,1,1614,807,8426
1915,1926,2063199,3,1375,687,8426
1916,1926,454410,1,302,151,8426
1917,1926,2791094,3,1860,930,8426
1918,1926,3259036,1,2172,1086,8426
1919,1927,4857096,3,3238,1619,8427
1920,1927,1872080,1,1248,624,8427
1921,1927,1721258,2,1147,573,8427
1922,1928,1137752,1,758,379,8428
1923,1929,2485369,2,1656,828,8429
1924,1929,2478904,4,1652,826,8429
1925,1930,1442562,2,961,480,8430
1926,1930,2093197,4,1395,697,8430
1927,1930,454410,2,302,151,8430
1928,1930,3219197,3,2146,1073,8430
1929,1931,1484090,1,989,494,8431
1930,1931,2236616,2,1491,745,8431
1931,1931,813366,1,542,271,8431
1932,1932,1676638,4,1117,558,8432
1933,1932,1986189,2,1324,662,8432
1934,1932,2260505,1,1507,753,8432
1935,1933,2762538,1,1841,920,8433
1936,1933,3743391,1,2495,1247,8433
1937,1933,3021189,3,2014,1007,8433
1938,1933,3255787,3,2170,1085,8433
1939,1934,3750578,2,2500,1250,8434
1940,1934,2854531,1,1903,951,8434
1941,1935,2234519,3,1489,744,8435
1942,1940,3303787,1,2202,1101,8440
1943,1953,3369117,2,2246,1123,8453
1944,1953,2935157,2,1956,978,8453
1945,1954,784806,2,523,261,8454
1946,1954,1411722,2,941,470,8454
1947,1954,1991032,2,1327,663,8454
1948,1955,3069151,2,2046,1023,8455
1949,1956,2250224,1,1500,750,8456
1950,1957,3434409,3,2289,1144,8457
1951,1957,3616776,3,2411,1205,8457
1952,1957,3498107,2,2332,1166,8457
1953,1958,3504620,3,2336,1168,8458
1954,1959,1211804,2,807,403,8459
1955,1959,2765506,3,1843,921,8459
1956,1961,1650898,2,1100,550,8461
1957,1962,586007,1,390,195,8462
1958,1962,1978132,3,1318,659,8462
1959,1963,3626489,1,2417,1208,8463
1960,1963,2743122,2,1828,914,8463
1961,1964,4335102,2,2890,1445,8464
1962,1964,2453253,2,1635,817,8464
1963,1965,4774737,2,3183,1591,8465
1964,1965,2453551,1,1635,817,8465
1965,1965,2295033,3,1530,765,8465
1966,1965,963972,2,642,321,8465
1967,1966,3407513,1,2271,1135,8466
1968,1967,1758665,3,1172,586,8467
1969,1967,1610493,2,1073,536,8467
1970,1968,3582007,3,2388,1194,8468
1971,1969,3456241,3,2304,1152,8469
1972,1971,3429483,3,2286,1143,8471
1973,1971,1901737,3,1267,633,8471
1974,1971,2219930,2,1479,739,8471
1975,1971,2210853,1,1473,736,8471
1976,1971,3072113,2,2048,1024,8471
1977,1972,3860448,3,2573,1286,8472
1978,1972,2648450,2,1765,882,8472
1979,1972,4291221,1,2860,1430,8472
1980,1973,3189360,3,2126,1063,8473
1981,1973,2031985,3,1354,677,8473
1982,1974,3119342,2,2079,1039,8474
1983,1975,4016240,3,2677,1338,8475
1984,1976,4315144,3,2876,1438,8476
1985,1976,3485553,1,2323,1161,8476
1986,1976,2298299,3,1532,766,8476
1987,1976,2050497,1,1366,683,8476
1988,1978,2861035,2,1907,953,8478
1989,1978,3983557,2,2655,1327,8478
1990,1978,2715544,1,1810,905,8478
1991,1978,2736772,2,1824,912,8478
1992,1979,2324599,3,1549,774,8479
1993,1979,1936806,3,1291,645,8479
1994,1980,2106279,3,1404,702,8480
1995,1980,2410512,1,1607,803,8480
1996,1980,4028672,1,2685,1342,8480
1997,1980,2026960,2,1351,675,8480
1998,1981,2325841,2,1550,775,8481
1999,1981,1387268,2,924,462,8481
2000,1982,3004748,4,2003,1001,8482
2001,1982,3669372,2,2446,1223,8482
2002,1983,3932971,3,2621,1310,8483
2003,1984,2479973,3,1653,826,8484
2004,1984,2859281,2,1906,953,8484
2005,1984,2115056,4,1410,705,8484
2006,1984,2811907,1,1874,937,8484
2007,1985,2593054,1,1728,864,8485
2008,1985,2331620,1,1554,777,8485
2009,1985,2412891,4,1608,804,8485
2010,1985,2734104,3,1822,911,8485
2011,1986,1971301,1,1314,657,8486
2012,1987,2024115,1,1349,674,8487
2013,1988,4017694,3,2678,1339,8488
2014,1988,5043372,2,3362,1681,8488
2015,1988,1040678,3,693,346,8488
2016,1989,984338,2,656,328,8489
2017,1989,1293435,3,862,431,8489
2018,1989,2166445,2,1444,722,8489
2019,1990,3187915,1,2125,1062,8490
2020,1990,2876559,2,1917,958,8490
2021,1990,2447937,1,1631,815,8490
2022,1991,2812844,2,1875,937,8491
2023,1991,1564445,3,1042,521,8491
2024,1991,2022452,3,1348,674,8491
2025,1992,2251504,3,1501,750,8492
2026,1992,652311,2,434,217,8492
2027,1992,1084700,4,723,361,8492
2028,1992,1125335,3,750,375,8492
2029,1994,3053290,3,2035,1017,8494
2030,1994,2522905,3,1681,840,8494
2031,1994,2896811,2,1931,965,8494
2032,1995,454410,2,302,151,8495
2033,1996,755218,3,503,251,8496
2034,1997,2950135,1,1966,983,8497
2035,1997,454410,1,302,151,8497
2036,1997,3524137,1,2349,1174,8497
2037,1997,454410,2,302,151,8497
2038,1998,3134303,2,2089,1044,8498
2039,1998,1363540,1,909,454,8498
2040,1998,3344471,2,2229,1114,8498
2041,1998,5552143,2,3701,1850,8498
2042,1999,454410,3,302,151,8499
2043,1999,2983018,4,1988,994,8499
2044,1999,454410,2,302,151,8499
2045,1999,2708387,1,1805,902,8499
2046,2000,2060641,3,1373,686,8500
2047,2000,2404741,2,1603,801,8500
2048,2000,1339921,2,893,446,8500
2049,2001,3070091,1,2046,1023,8501
2050,2001,791216,2,527,263,8501
2051,2001,3541526,2,2361,1180,8501
2052,2001,1853622,3,1235,617,8501
2053,2002,837907,3,558,279,8502
2054,2002,3902748,4,2601,1300,8502
2055,2004,2203196,3,1468,734,8504
2056,2004,4222458,2,2814,1407,8504
2057,2005,3520790,2,2347,1173,8505
2058,2005,1456007,1,970,485,8505
2059,2006,2185154,1,1456,728,8506
2060,2008,2395801,1,1597,798,8508
2061,2008,3832575,1,2555,1277,8508
2062,2008,2719377,1,1812,906,8508
2063,2008,2452294,4,1634,817,8508
2064,2009,2067688,2,1378,689,8509
2065,2009,2220358,2,1480,740,8509
2066,2009,3605893,2,2403,1201,8509
2067,2010,2275837,1,1517,758,8510
2068,2010,1868195,2,1245,622,8510
2069,2010,1694884,3,1129,564,8510
2070,2010,1705867,2,1137,568,8510
2071,2011,838515,1,559,279,8511
2072,2011,1504849,2,1003,501,8511
2073,2011,3804067,3,2536,1268,8511
2074,2011,2060817,2,1373,686,8511
2075,2012,2992255,1,1994,997,8512
2076,2012,454410,4,302,151,8512
2077,2012,2853103,1,1902,951,8512
2078,2012,2107078,2,1404,702,8512
2079,2012,1779814,1,1186,593,8512
2080,2012,2457066,1,1638,819,8512
2081,2013,1765106,2,1176,588,8513
2082,2013,454410,3,302,151,8513
2083,2013,3214976,3,2143,1071,8513
2084,2013,2520516,2,1680,840,8513
2085,2014,1951067,1,1300,650,8514
2086,2014,1284200,2,856,428,8514
2087,2014,769234,3,512,256,8514
2088,2014,2500962,2,1667,833,8514
2089,2015,3921667,2,2614,1307,8515
2090,2015,2479771,2,1653,826,8515
2091,2016,858283,2,572,286,8516
2092,2016,2502213,2,1668,834,8516
2093,2016,2217510,3,1478,739,8516
2094,2016,3155466,4,2103,1051,8516
2095,2016,2892386,2,1928,964,8516
2096,2017,454410,2,302,151,8517
2097,2017,2829517,2,1886,943,8517
2098,2017,1246070,1,830,415,8517
2099,2018,818442,3,545,272,8518
2100,2018,2079350,2,1386,693,8518
2101,2019,2692235,2,1794,897,8519
2102,2019,594526,3,396,198,8519
2103,2019,2992423,2,1994,997,8519
2104,2020,3052503,1,2035,1017,8520
2105,2020,2320079,2,1546,773,8520
2106,2020,1384971,2,923,461,8520
2107,2020,1270711,3,847,423,8520
2108,2021,3320985,3,2213,1106,8521
2109,2022,726942,2,484,242,8522
2110,2022,3360387,2,2240,1120,8522
2111,2022,2103146,2,1402,701,8522
2112,2023,2174066,2,1449,724,8523
2113,2023,525662,2,350,175,8523
2114,2024,2122043,2,1414,707,8524
2115,2024,2899392,2,1932,966,8524
2116,2024,905674,3,603,301,8524
2117,2024,2781865,1,1854,927,8524
2118,2024,2363057,4,1575,787,8524
2119,2025,1613859,3,1075,537,8525
2120,2025,3145886,1,2097,1048,8525
2121,2025,454410,2,302,151,8525
2122,2025,2626503,3,1751,875,8525
2123,2026,3927795,2,2618,1309,8526
2124,2027,3744279,1,2496,1248,8527
2125,2027,2670596,1,1780,890,8527
2126,2027,1963604,3,1309,654,8527
2127,2028,1621990,1,1081,540,8528
2128,2028,1962331,1,1308,654,8528
2129,2028,2828050,3,1885,942,8528
2130,2028,1446705,2,964,482,8528
2131,2029,3046456,1,2030,1015,8529
2132,2029,4453039,2,2968,1484,8529
2133,2029,2208778,1,1472,736,8529
2134,2029,897510,2,598,299,8529
2135,2030,897152,1,598,299,8530
2136,2031,3066027,1,2044,1022,8531
2137,2031,2210963,2,1473,736,8531
2138,2031,3168540,2,2112,1056,8531
2139,2032,1726450,1,1150,575,8532
2140,2034,3121297,1,2080,1040,8534
2141,2035,2110200,2,1406,703,8535
2142,2035,1523121,2,1015,507,8535
2143,2035,1862059,1,1241,620,8535
2144,2036,1048154,1,698,349,8536
2145,2037,4306014,2,2870,1435,8537
2146,2039,2173506,2,1449,724,8539
2147,2039,2931014,2,1954,977,8539
2148,2039,1723142,4,1148,574,8539
2149,2040,1196535,3,797,398,8540
2150,2040,2032924,2,1355,677,8540
2151,2040,3397933,3,2265,1132,8540
2152,2041,1739641,2,1159,579,8541
2153,2041,1381998,2,921,460,8541
2154,2042,2430999,3,1620,810,8542
2155,2042,2782261,1,1854,927,8542
2156,2043,3951733,2,2634,1317,8543
2157,2043,2633731,3,1755,877,8543
2158,2044,2930481,2,1953,976,8544
2159,2044,3007452,2,2004,1002,8544
2160,2044,1093181,1,728,364,8544
2161,2044,1287117,1,858,429,8544
2162,2045,1163850,4,775,387,8545
2163,2045,910034,2,606,303,8545
2164,2045,3085345,1,2056,1028,8545
2165,2046,2568603,2,1712,856,8546
2166,2046,2353328,1,1568,784,8546
2167,2046,454410,2,302,151,8546
2168,2046,4373614,1,2915,1457,8546
2169,2047,1357726,1,905,452,8547
2170,2047,4369868,1,2913,1456,8547
2171,2047,790313,1,526,263,8547
2172,2047,1441432,3,960,480,8547
2173,2047,454410,1,302,151,8547
2174,2047,2642294,3,1761,880,8547
2175,2048,1146100,3,764,382,8548
2176,2049,1174990,2,783,391,8549
2177,2049,868760,2,579,289,8549
2178,2049,3066834,2,2044,1022,8549
2179,2052,2999465,2,1999,999,8552
2180,2052,4124712,3,2749,1374,8552
2181,2052,1570967,4,1047,523,8552
2182,2052,2495775,3,1663,831,8552
2183,2053,953804,1,635,317,8553
2184,2053,1929498,2,1286,643,8553
2185,2054,1741570,2,1161,580,8554
2186,2054,2746913,2,1831,915,8554
2187,2054,3311875,1,2207,1103,8554
2188,2054,3285337,1,2190,1095,8554
2189,2054,1410339,3,940,470,8554
2190,2054,3292905,1,2195,1097,8554
2191,2055,2226975,1,1484,742,8555
2192,2055,1940174,1,1293,646,8555
2193,2055,1547651,2,1031,515,8555
2194,2055,1699558,1,1133,566,8555
2195,2056,4053429,2,2702,1351,8556
2196,2056,2586353,1,1724,862,8556
2197,2058,2450576,1,1633,816,8558
2198,2058,2003922,3,1335,667,8558
2199,2058,4772871,2,3181,1590,8558
2200,2058,3606321,2,2404,1202,8558
2201,2059,1534819,1,1023,511,8559
2202,2059,1992299,3,1328,664,8559
2203,2060,2053001,3,1368,684,8560
2204,2061,2421192,3,1614,807,8561
2205,2062,1555100,1,1036,518,8562
2206,2063,2720705,2,1813,906,8563
2207,2063,3756696,2,2504,1252,8563
2208,2064,928967,1,619,309,8564
2209,2065,1118607,2,745,372,8565
2210,2065,1778057,1,1185,592,8565
2211,2065,1825460,2,1216,608,8565
2212,2066,4315325,1,2876,1438,8566
2213,2067,3296219,3,2197,1098,8567
2214,2067,3237545,2,2158,1079,8567
2215,2068,2001756,2,1334,667,8568
2216,2068,1979316,2,1319,659,8568
2217,2069,787793,2,525,262,8569
2218,2069,3071317,1,2047,1023,8569
2219,2070,2774114,3,1849,924,8570
2220,2071,3586881,3,2391,1195,8571
2221,2071,2056492,1,1370,685,8571
2222,2072,2127091,1,1418,709,8572
2223,2072,2445907,2,1630,815,8572
2224,2073,3183945,1,2122,1061,8573
2225,2073,768868,4,512,256,8573
2226,2073,3024609,2,2016,1008,8573
2227,2073,2251094,2,1500,750,8573
2228,2074,1189675,1,793,396,8574
2229,2074,454410,3,302,151,8574
2230,2074,2132515,1,1421,710,8574
2231,2074,3752223,1,2501,1250,8574
2232,2076,3984284,3,2656,1328,8576
2233,2076,2635393,2,1756,878,8576
2234,2078,4278047,1,2852,1426,8578
2235,2078,2228145,2,1485,742,8578
2236,2078,3246728,2,2164,1082,8578
2237,2078,1810701,2,1207,603,8578
2238,2078,1745912,2,1163,581,8578
2239,2079,1579349,1,1052,526,8579
2240,2079,454410,1,302,151,8579
2241,2079,3588001,1,2392,1196,8579
2242,2079,1616030,2,1077,538,8579
2243,2079,1452640,1,968,484,8579
2244,2079,1065620,1,710,355,8579
2245,2080,2063107,1,1375,687,8580
2246,2081,4075082,2,2716,1358,8581
2247,2082,4412775,4,2941,1470,8582
2248,2082,573942,2,382,191,8582
2249,2082,1909654,2,1273,636,8582
2250,2082,1214499,3,809,404,8582
2251,2083,3282547,2,2188,1094,8583
2252,2083,2565069,2,1710,855,8583
2253,2084,1621206,3,1080,540,8584
2254,2086,2346249,2,1564,782,8586
2255,2086,1783926,2,1189,594,8586
2256,2086,3922490,2,2614,1307,8586
2257,2087,2831272,2,1887,943,8587
2258,2087,2956891,3,1971,985,8587
2259,2088,454410,2,302,151,8588
2260,2090,2203763,3,1469,734,8590
2261,2091,4401970,1,2934,1467,8591
2262,2091,3627913,3,2418,1209,8591
2263,2092,454410,2,302,151,8592
2264,2092,1951596,1,1301,650,8592
2265,2092,1043589,3,695,347,8592
2266,2092,4021517,1,2681,1340,8592
2267,2093,2521805,2,1681,840,8593
2268,2095,1487038,2,991,495,8595
2269,2095,2306973,2,1537,768,8595
2270,2096,454410,3,302,151,8596
2271,2097,1162761,3,775,387,8597
2272,2097,2309310,1,1539,769,8597
2273,2098,3136686,1,2091,1045,8598
2274,2098,454410,2,302,151,8598
2275,2098,1882347,2,1254,627,8598
2276,2098,3304374,1,2202,1101,8598
2277,2098,788051,4,525,262,8598
2278,2099,2506371,3,1670,835,8599
2279,2099,2339503,1,1559,779,8599
2280,2099,4024869,1,2683,1341,8599
2281,2099,2036753,2,1357,678,8599
2282,2099,2096601,2,1397,698,8599
2283,2100,3146179,3,2097,1048,8600
2284,2100,915961,3,610,305,8600
2285,2103,2046213,2,1364,682,8603
2286,2104,1806106,3,1204,602,8604
2287,2104,2130023,3,1420,710,8604
2288,2105,3139478,2,2092,1046,8605
2289,2105,2838636,2,1892,946,8605
2290,2106,1506580,3,1004,502,8606
2291,2106,2411813,2,1607,803,8606
2292,2106,3795909,1,2530,1265,8606
2293,2107,1422042,1,948,474,8607
2294,2107,2420471,2,1613,806,8607
2295,2108,2074557,1,1383,691,8608
2296,2108,2207631,1,1471,735,8608
2297,2108,604829,3,403,201,8608
2298,2108,3714444,2,2476,1238,8608
2299,2109,1480335,1,986,493,8609
2300,2109,3321128,2,2214,1107,8609
2301,2110,1636740,2,1091,545,8610
2302,2110,1632519,2,1088,544,8610
2303,2110,3512373,1,2341,1170,8610
2304,2110,3288219,1,2192,1096,8610
2305,2111,2485394,3,1656,828,8611
2306,2112,3050266,1,2033,1016,8612
2307,2112,1977026,2,1318,659,8612
2308,2112,2263494,2,1508,754,8612
2309,2113,1595590,2,1063,531,8613
2310,2113,3196385,2,2130,1065,8613
2311,2113,1563088,4,1042,521,8613
2312,2113,3790506,1,2527,1263,8613
2313,2113,1949133,3,1299,649,8613
2314,2114,2293017,1,1528,764,8614
2315,2115,3047789,3,2031,1015,8615
2316,2115,2296449,1,1530,765,8615
2317,2116,1967461,4,1311,655,8616
2318,2116,2241352,2,1494,747,8616
2319,2116,3185909,3,2123,1061,8616
2320,2117,1594334,3,1062,531,8617
2321,2118,2142982,2,1428,714,8618
2322,2118,2282566,2,1521,760,8618
2323,2118,3156020,1,2104,1052,8618
2324,2119,2169965,3,1446,723,8619
2325,2119,4120894,2,2747,1373,8619
2326,2119,2112001,1,1408,704,8619
2327,2120,2029036,3,1352,676,8620
2328,2120,2097182,1,1398,699,8620
2329,2120,925886,2,617,308,8620
2330,2121,1212077,2,808,404,8621
2331,2121,1729483,1,1152,576,8621
2332,2122,3433346,2,2288,1144,8622
2333,2122,2238180,4,1492,746,8622
2334,2123,1776538,2,1184,592,8623
2335,2123,3526085,2,2350,1175,8623
2336,2123,3858007,2,2572,1286,8623
2337,2123,3555580,2,2370,1185,8623
2338,2123,1399831,1,933,466,8623
2339,2123,1765696,2,1177,588,8623
2340,2124,4126453,2,2750,1375,8624
2341,2124,2518596,1,1679,839,8624
2342,2125,1998421,4,1332,666,8625
2343,2127,3006504,3,2004,1002,8627
2344,2127,3301934,1,2201,1100,8627
2345,2128,1687786,1,1125,562,8628
2346,2128,2496409,2,1664,832,8628
2347,2129,3219384,1,2146,1073,8629
2348,2129,1085746,3,723,361,8629
2349,2131,2284671,2,1523,761,8631
2350,2131,1132672,4,755,377,8631
2351,2131,1266415,1,844,422,8631
2352,2131,1696323,2,1130,565,8631
2353,2132,2759867,3,1839,919,8632
2354,2132,1942806,2,1295,647,8632
2355,2132,1609092,2,1072,536,8632
2356,2132,2324760,3,1549,774,8632
2357,2132,1099369,1,732,366,8632
2358,2133,2710467,1,1806,903,8633
2359,2133,3428804,1,2285,1142,8633
2360,2134,2191069,3,1460,730,8634
2361,2134,2064856,2,1376,688,8634
2362,2134,2653863,3,1769,884,8634
2363,2135,454410,2,302,151,8635
2364,2135,2820903,1,1880,940,8635
2365,2136,5443485,1,3628,1814,8636
2366,2137,2146622,4,1431,715,8637
2367,2137,2150253,3,1433,716,8637
2368,2137,3032329,2,2021,1010,8637
2369,2138,3954273,2,2636,1318,8638
2370,2138,3268878,1,2179,1089,8638
2371,2138,454410,1,302,151,8638
2372,2139,2848080,4,1898,949,8639
2373,2139,4901647,3,3267,1633,8639
2374,2139,2908446,1,1938,969,8639
2375,2140,1091559,1,727,363,8640
2376,2141,2560198,1,1706,853,8641
2377,2141,962646,2,641,320,8641
2378,2141,3532495,4,2354,1177,8641
2379,2141,1294734,2,863,431,8641
2380,2142,2347957,1,1565,782,8642
2381,2142,1395036,2,930,465,8642
2382,2143,1713348,2,1142,571,8643
2383,2143,3791522,1,2527,1263,8643
2384,2144,2377826,2,1585,792,8644
2385,2144,1700308,3,1133,566,8644
2386,2144,1101143,2,734,367,8644
2387,2145,454410,1,302,151,8645
2388,2145,992712,1,661,330,8645
2389,2145,2386519,1,1591,795,8645
2390,2145,3274262,2,2182,1091,8645
2391,2145,1699133,2,1132,566,8645
2392,2146,3877807,1,2585,1292,8646
2393,2146,1538461,4,1025,512,8646
2394,2146,2028701,3,1352,676,8646
2395,2147,1168266,1,778,389,8647
2396,2147,3285026,1,2190,1095,8647
2397,2147,4416590,1,2944,1472,8647
2398,2147,470728,4,313,156,8647
2399,2148,1918125,3,1278,639,8648
2400,2150,3565188,4,2376,1188,8650
2401,2151,792660,2,528,264,8651
2402,2151,2851439,2,1900,950,8651
2403,2151,3520909,1,2347,1173,8651
2404,2152,2352032,2,1568,784,8652
2405,2152,2834650,2,1889,944,8652
2406,2152,4072434,2,2714,1357,8652
2407,2152,4264163,4,2842,1421,8652
2408,2153,2208692,2,1472,736,8653
2409,2153,1727734,3,1151,575,8653
2410,2154,1331441,1,887,443,8654
2411,2155,3270919,4,2180,1090,8655
2412,2156,869515,2,579,289,8656
2413,2156,2013812,3,1342,671,8656
2414,2156,2377041,3,1584,792,8656
2415,2156,1757768,2,1171,585,8656
2416,2156,2558143,3,1705,852,8656
2417,2157,4894064,3,3262,1631,8657
2418,2157,2147724,1,1431,715,8657
2419,2157,1826881,1,1217,608,8657
2420,2157,3310147,2,2206,1103,8657
2421,2157,2517005,2,1678,839,8657
2422,2158,3743658,3,2495,1247,8658
2423,2158,2440429,3,1626,813,8658
2424,2159,2018056,2,1345,672,8659
2425,2159,454410,3,302,151,8659
2426,2159,615997,1,410,205,8659
2427,2160,454410,1,302,151,8660
2428,2161,2659894,2,1773,886,8661
2429,2161,879255,3,586,293,8661
2430,2161,3555779,2,2370,1185,8661
2431,2162,2302974,3,1535,767,8662
2432,2162,2022387,3,1348,674,8662
2433,2162,1409273,2,939,469,8662
2434,2162,2908260,2,1938,969,8662
2435,2162,1449513,2,966,483,8662
2436,2162,1264577,2,843,421,8662
2437,2162,3487044,4,2324,1162,8662
2438,2163,2634621,1,1756,878,8663
2439,2165,2031852,2,1354,677,8665
2440,2165,2927864,3,1951,975,8665
2441,2165,2281181,2,1520,760,8665
2442,2166,2663650,1,1775,887,8666
2443,2166,1436886,2,957,478,8666
2444,2166,4388870,3,2925,1462,8666
2445,2166,1679433,2,1119,559,8666
2446,2167,3862954,1,2575,1287,8667
2447,2167,2078945,3,1385,692,8667
2448,2167,3097243,2,2064,1032,8667
2449,2167,3022735,3,2015,1007,8667
2450,2168,3444616,3,2296,1148,8668
2451,2169,1412577,4,941,470,8669
2452,2169,3371802,3,2247,1123,8669
2453,2170,4159890,1,2773,1386,8670
2454,2171,2007556,2,1338,669,8671
2455,2171,2307533,1,1538,769,8671
2456,2171,1736866,2,1157,578,8671
2457,2172,1917845,1,1278,639,8672
2458,2172,4021845,2,2681,1340,8672
2459,2172,1245297,3,830,415,8672
2460,2173,1308806,2,872,436,8673
2461,2173,3919070,1,2612,1306,8673
2462,2174,2910601,1,1940,970,8674
2463,2175,4439962,4,2959,1479,8675
2464,2175,1811511,2,1207,603,8675
2465,2176,2401162,1,1600,800,8676
2466,2176,1596558,2,1064,532,8676
2467,2177,2418563,4,1612,806,8677
2468,2177,458173,3,305,152,8677
2469,2179,2972362,1,1981,990,8679
2470,2179,2602776,4,1735,867,8679
2471,2179,2213204,1,1475,737,8679
2472,2179,1872932,2,1248,624,8679
2473,2180,1357233,1,904,452,8680
2474,2180,3016079,1,2010,1005,8680
2475,2180,1074701,2,716,358,8680
2476,2181,2795423,1,1863,931,8681
2477,2181,4393014,2,2928,1464,8681
2478,2181,3790879,3,2527,1263,8681
2479,2182,733173,1,488,244,8682
2480,2183,1723276,1,1148,574,8683
2481,2183,2702950,2,1801,900,8683
2482,2183,2200191,2,1466,733,8683
2483,2184,841266,1,560,280,8684
2484,2184,2666005,1,1777,888,8684
2485,2184,2261808,3,1507,753,8684
2486,2184,4229298,3,2819,1409,8684
2487,2184,2013142,1,1342,671,8684
2488,2185,3466241,1,2310,1155,8685
2489,2185,976550,2,651,325,8685
2490,2185,1220990,1,813,406,8685
2491,2186,3009892,2,2006,1003,8686
2492,2186,3380079,3,2253,1126,8686
2493,2186,1293190,2,862,431,8686
2494,2187,2296666,1,1531,765,8687
2495,2187,859492,2,572,286,8687
2496,2187,2086766,2,1391,695,8687
2497,2188,3127737,2,2085,1042,8688
2498,2189,1827338,2,1218,609,8689
2499,2190,2017430,3,1344,672,8690
2500,2190,1116921,2,744,372,8690
2501,2190,1609153,2,1072,536,8690
2502,2190,4069580,4,2713,1356,8690
2503,2192,2346609,3,1564,782,8692
2504,2192,1247267,3,831,415,8692
2505,2192,1950219,2,1300,650,8692
2506,2193,638804,1,425,212,8693
2507,2193,1235150,3,823,411,8693
2508,2194,3662890,2,2441,1220,8694
2509,2194,2126372,1,1417,708,8694
2510,2194,4205173,2,2803,1401,8694
2511,2194,2174563,1,1449,724,8694
2512,2194,2235264,3,1490,745,8694
2513,2195,2927313,3,1951,975,8695
2514,2195,454410,2,302,151,8695
2515,2195,2481583,2,1654,827,8695
2516,2195,2221964,1,1481,740,8695
2517,2196,3791408,1,2527,1263,8696
2518,2196,3258358,1,2172,1086,8696
2519,2196,1112938,1,741,370,8696
2520,2196,3542039,1,2361,1180,8696
2521,2197,2003853,2,1335,667,8697
2522,2197,1347316,3,898,449,8697
2523,2199,2473572,2,1649,824,8699
2524,2199,2064733,3,1376,688,8699
2525,2199,3845010,1,2563,1281,8699
2526,2200,2620308,2,1746,873,8700
2527,2200,2482319,2,1654,827,8700
2528,2201,3192890,3,2128,1064,8701
2529,2201,3389425,2,2259,1129,8701
2530,2201,3073224,2,2048,1024,8701
2531,2201,3723340,1,2482,1241,8701
2532,2201,2894379,1,1929,964,8701
2533,2201,2443460,3,1628,814,8701
2534,2202,3539006,1,2359,1179,8702
2535,2202,2179115,3,1452,726,8702
2536,2202,2306041,2,1537,768,8702
2537,2202,4032227,1,2688,1344,8702
2538,2202,3930340,1,2620,1310,8702
2539,2202,2263690,4,1509,754,8702
2540,2202,1808328,3,1205,602,8702
2541,2202,3768030,2,2512,1256,8702
2542,2202,3090414,2,2060,1030,8702
2543,2203,2594706,1,1729,864,8703
2544,2203,1942959,2,1295,647,8703
2545,2204,2611183,1,1740,870,8704
2546,2205,2249854,2,1499,749,8705
2547,2205,1592815,4,1061,530,8705
2548,2205,2403985,2,1602,801,8705
2549,2206,2543424,1,1695,847,8706
2550,2206,1888237,1,1258,629,8706
2551,2207,3196140,2,2130,1065,8707
2552,2208,3589780,1,2393,1196,8708
2553,2208,3263694,2,2175,1087,8708
2554,2208,1989607,1,1326,663,8708
2555,2208,3044818,3,2029,1014,8708
2556,2209,2351758,1,1567,783,8709
2557,2209,1008595,2,672,336,8709
2558,2210,2959862,2,1973,986,8710
2559,2211,2421457,4,1614,807,8711
2560,2212,4923750,2,3282,1641,8712
2561,2212,3761995,4,2507,1253,8712
2562,2213,2999145,3,1999,999,8713
2563,2213,2526806,3,1684,842,8713
2564,2214,2439442,2,1626,813,8714
2565,2215,1245855,2,830,415,8715
2566,2215,494070,3,329,164,8715
2567,2215,1379925,3,919,459,8715
2568,2216,2223262,3,1482,741,8716
2569,2216,454410,2,302,151,8716
2570,2216,1715522,2,1143,571,8716
2571,2217,2018884,3,1345,672,8717
2572,2217,2051792,3,1367,683,8717
2573,2218,1595488,1,1063,531,8718
2574,2219,1922878,1,1281,640,8719
2575,2220,4034596,1,2689,1344,8720
2576,2220,2949041,3,1966,983,8720
2577,2221,1699185,1,1132,566,8721
2578,2221,2202169,3,1468,734,8721
2579,2222,2243101,3,1495,747,8722
2580,2222,1486874,1,991,495,8722
2581,2222,1485673,4,990,495,8722
2582,2222,3305231,1,2203,1101,8722
2583,2222,1842852,4,1228,614,8722
2584,2222,1152807,2,768,384,8722
2585,2222,2227941,1,1485,742,8722
2586,2223,2392705,4,1595,797,8723
2587,2223,454410,3,302,151,8723
2588,2223,2230389,2,1486,743,8723
2589,2224,3159491,1,2106,1053,8724
2590,2225,2733396,1,1822,911,8725
2591,2225,4551841,4,3034,1517,8725
2592,2225,3551211,1,2367,1183,8725
2593,2226,3753471,1,2502,1251,8726
2594,2226,5134919,2,3423,1711,8726
2595,2227,3047205,1,2031,1015,8727
2596,2227,2438776,1,1625,812,8727
2597,2227,3267623,3,2178,1089,8727
2598,2228,1700273,2,1133,566,8728
2599,2228,2382150,2,1588,794,8728
2600,2228,1609798,2,1073,536,8728
2601,2229,2678957,2,1785,892,8729
2602,2230,1605523,2,1070,535,8730
2603,2230,1569718,1,1046,523,8730
2604,2231,2694793,1,1796,898,8731
2605,2231,2131250,1,1420,710,8731
2606,2231,454410,1,302,151,8731
2607,2231,783856,3,522,261,8731
2608,2232,1099058,3,732,366,8732
2609,2233,1369279,1,912,456,8733
2610,2233,2695765,1,1797,898,8733
2611,2233,2495897,2,1663,831,8733
2612,2233,3361214,4,2240,1120,8733
2613,2234,3041730,1,2027,1013,8734
2614,2235,3367986,2,2245,1122,8735
2615,2236,2894087,2,1929,964,8736
2616,2237,2486430,2,1657,828,8737
2617,2237,3396050,2,2264,1132,8737
2618,2238,3212077,3,2141,1070,8738
2619,2238,2656577,2,1771,885,8738
2620,2238,3571621,3,2381,1190,8738
2621,2239,454410,3,302,151,8739
2622,2239,1975073,3,1316,658,8739
2623,2240,1959402,4,1306,653,8740
2624,2240,3450577,3,2300,1150,8740
2625,2242,3878678,4,2585,1292,8742
2626,2242,789354,3,526,263,8742
2627,2243,3714857,1,2476,1238,8743
2628,2243,1074338,3,716,358,8743
2629,2244,1105245,3,736,368,8744
2630,2244,2032510,4,1355,677,8744
2631,2244,1946708,1,1297,648,8744
2632,2245,678689,3,452,226,8745
2633,2245,2936499,1,1957,978,8745
2634,2245,2966685,3,1977,988,8745
2635,2245,3349724,2,2233,1116,8745
2636,2245,1828875,2,1219,609,8745
2637,2245,2231579,1,1487,743,8745
2638,2246,2240940,3,1493,746,8746
2639,2246,3997893,2,2665,1332,8746
2640,2246,454410,2,302,151,8746
2641,2246,1293648,4,862,431,8746
2642,2247,2277714,2,1518,759,8747
2643,2248,1162138,2,774,387,8748
2644,2248,2007937,2,1338,669,8748
2645,2249,2143147,2,1428,714,8749
2646,2249,1599616,4,1066,533,8749
2647,2250,2337963,2,1558,779,8750
2648,2250,2914283,1,1942,971,8750
2649,2251,2030485,4,1353,676,8751
2650,2251,1808693,2,1205,602,8751
2651,2251,2102567,1,1401,700,8751
2652,2251,2264446,1,1509,754,8751
2653,2251,492708,1,328,164,8751
2654,2252,2743952,1,1829,914,8752
2655,2252,1810935,2,1207,603,8752
2656,2253,3561870,2,2374,1187,8753
2657,2254,2876355,3,1917,958,8754
2658,2254,3468351,3,2312,1156,8754
2659,2254,1238376,3,825,412,8754
2660,2255,1892335,1,1261,630,8755
2661,2255,1001732,3,667,333,8755
2662,2255,1551046,3,1034,517,8755
2663,2255,3552229,2,2368,1184,8755
2664,2256,3792892,2,2528,1264,8756
2665,2257,1098172,1,732,366,8757
2666,2257,1803496,3,1202,601,8757
2667,2258,2194145,4,1462,731,8758
2668,2258,2870785,2,1913,956,8758
2669,2259,472780,1,315,157,8759
2670,2260,633106,2,422,211,8760
2671,2260,2772654,2,1848,924,8760
2672,2260,454410,2,302,151,8760
2673,2260,1815233,3,1210,605,8760
2674,2260,2437775,2,1625,812,8760
2675,2261,2697035,3,1798,899,8761
2676,2262,2127153,2,1418,709,8762
2677,2262,1898091,1,1265,632,8762
2678,2264,3135557,1,2090,1045,8764
2679,2264,2563650,1,1709,854,8764
2680,2265,1610525,2,1073,536,8765
2681,2265,2310618,4,1540,770,8765
2682,2265,2663809,4,1775,887,8765
2683,2265,4028813,3,2685,1342,8765
2684,2265,3076004,2,2050,1025,8765
2685,2265,3513839,1,2342,1171,8765
2686,2266,1647751,2,1098,549,8766
2687,2266,1736113,1,1157,578,8766
2688,2266,2031391,4,1354,677,8766
2689,2266,2125257,1,1416,708,8766
2690,2266,1241422,2,827,413,8766
2691,2266,3566367,1,2377,1188,8766
2692,2266,3175207,2,2116,1058,8766
2693,2267,1959517,3,1306,653,8767
2694,2267,2928148,3,1952,976,8767
2695,2267,2499946,2,1666,833,8767
2696,2268,3008017,3,2005,1002,8768
2697,2268,897600,1,598,299,8768
2698,2268,2123122,2,1415,707,8768
2699,2269,2212709,3,1475,737,8769
2700,2270,2909674,2,1939,969,8770
2701,2270,1629521,1,1086,543,8770
2702,2271,454410,2,302,151,8771
2703,2271,1166095,3,777,388,8771
2704,2271,2209632,1,1473,736,8771
2705,2271,2337366,1,1558,779,8771
2706,2271,3993550,3,2662,1331,8771
2707,2272,2867862,2,1911,955,8772
2708,2272,2355407,1,1570,785,8772
2709,2274,2238931,3,1492,746,8774
2710,2274,3400990,1,2267,1133,8774
2711,2274,1668707,2,1112,556,8774
2712,2276,2128620,1,1419,709,8776
2713,2276,1158367,2,772,386,8776
2714,2276,3722770,1,2481,1240,8776
2715,2276,2673349,3,1782,891,8776
2716,2276,1548662,2,1032,516,8776
2717,2278,2155028,3,1436,718,8778
2718,2279,2793127,1,1862,931,8779
2719,2279,2015708,4,1343,671,8779
2720,2279,1725594,1,1150,575,8779
2721,2279,1603105,1,1068,534,8779
2722,2280,2618611,4,1745,872,8780
2723,2280,1905966,2,1270,635,8780
2724,2280,1808117,2,1205,602,8780
2725,2281,906030,2,604,302,8781
2726,2281,2351430,3,1567,783,8781
2727,2281,2086762,2,1391,695,8781
2728,2282,1943189,1,1295,647,8782
2729,2283,2475277,3,1650,825,8783
2730,2283,3036823,3,2024,1012,8783
2731,2283,2989345,3,1992,996,8783
2732,2283,2837171,4,1891,945,8783
2733,2284,2025982,2,1350,675,8784
2734,2284,1692337,1,1128,564,8784
2735,2284,1204727,4,803,401,8784
2736,2285,1665593,1,1110,555,8785
2737,2286,2292140,2,1528,764,8786
2738,2286,1468133,2,978,489,8786
2739,2286,2370260,2,1580,790,8786
2740,2287,1284945,3,856,428,8787
2741,2288,573814,2,382,191,8788
2742,2288,3109828,3,2073,1036,8788
2743,2288,1786997,1,1191,595,8788
2744,2288,1416247,2,944,472,8788
2745,2289,1153676,1,769,384,8789
2746,2290,2704570,2,1803,901,8790
2747,2290,3677785,2,2451,1225,8790
2748,2290,1859937,4,1239,619,8790
2749,2290,2051652,2,1367,683,8790
2750,2290,3367709,1,2245,1122,8790
2751,2291,454410,3,302,151,8791
2752,2291,4283019,2,2855,1427,8791
2753,2292,4770951,2,3180,1590,8792
2754,2292,454410,2,302,151,8792
2755,2293,2172360,1,1448,724,8793
2756,2293,1536982,4,1024,512,8793
2757,2293,2001341,2,1334,667,8793
2758,2294,1844283,1,1229,614,8794
2759,2294,3102009,2,2068,1034,8794
2760,2294,2156955,3,1437,718,8794
2761,2294,1340717,2,893,446,8794
2762,2295,2096003,1,1397,698,8795
2763,2296,2798376,1,1865,932,8796
2764,2296,1061786,1,707,353,8796
2765,2296,588903,4,392,196,8796
2766,2296,4309473,2,2872,1436,8796
2767,2297,1615218,1,1076,538,8797
2768,2297,2131616,2,1421,710,8797
2769,2297,1865334,2,1243,621,8797
2770,2298,2832426,2,1888,944,8798
2771,2298,4084589,1,2723,1361,8798
2772,2298,2864986,1,1909,954,8798
2773,2298,719639,3,479,239,8798
2774,2298,856891,2,571,285,8798
2775,2299,1864139,2,1242,621,8799
2776,2299,1997801,2,1331,665,8799
2777,2299,511488,2,340,170,8799
2778,2299,3109761,2,2073,1036,8799
2779,2299,1161371,2,774,387,8799
2780,2300,3798833,3,2532,1266,8800
2781,2300,4133504,3,2755,1377,8800
2782,2300,2018229,1,1345,672,8800
2783,2301,2720864,2,1813,906,8801
2784,2301,1012479,3,674,337,8801
2785,2301,2909709,4,1939,969,8801
2786,2302,1762686,4,1175,587,8802
2787,2302,1160436,1,773,386,8802
2788,2303,1976227,3,1317,658,8803
2789,2303,1795858,2,1197,598,8803
2790,2304,1939599,3,1293,646,8804
2791,2304,3243023,3,2162,1081,8804
2792,2305,1469133,1,979,489,8805
2793,2306,4045975,3,2697,1348,8806
2794,2307,917279,3,611,305,8807
2795,2307,3923701,2,2615,1307,8807
2796,2308,1232746,2,821,410,8808
2797,2308,2271013,1,1514,757,8808
2798,2309,1770862,3,1180,590,8809
2799,2309,1920613,2,1280,640,8809
2800,2309,3091374,1,2060,1030,8809
2801,2310,3805505,2,2537,1268,8810
2802,2310,3489268,2,2326,1163,8810
2803,2310,1858115,1,1238,619,8810
2804,2310,2460436,2,1640,820,8810
2805,2311,1472435,1,981,490,8811
2806,2311,1258266,3,838,419,8811
2807,2311,1100046,2,733,366,8811
2808,2311,1824664,1,1216,608,8811
2809,2313,2527251,1,1684,842,8813
2810,2314,454410,3,302,151,8814
2811,2315,2224656,3,1483,741,8815
2812,2315,3822067,2,2548,1274,8815
2813,2315,3419116,3,2279,1139,8815
2814,2315,1673744,3,1115,557,8815
2815,2315,843855,2,562,281,8815
2816,2316,2742190,2,1828,914,8816
2817,2317,454410,2,302,151,8817
2818,2318,3407095,2,2271,1135,8818
2819,2318,2053672,3,1369,684,8818
2820,2319,4144411,2,2762,1381,8819
2821,2319,506361,3,337,168,8819
2822,2320,3210782,2,2140,1070,8820
2823,2320,2169287,2,1446,723,8820
2824,2320,1933576,4,1289,644,8820
2825,2320,871491,4,580,290,8820
2826,2320,2881155,4,1920,960,8820
2827,2321,2963347,1,1975,987,8821
2828,2321,4097203,4,2731,1365,8821
2829,2322,3302702,2,2201,1100,8822
2830,2323,1664837,2,1109,554,8823
2831,2324,1245678,1,830,415,8824
2832,2324,872873,2,581,290,8824
2833,2324,3778306,1,2518,1259,8824
2834,2324,1476426,2,984,492,8824
2835,2325,3785469,1,2523,1261,8825
2836,2325,2808894,4,1872,936,8825
2837,2325,2609349,3,1739,869,8825
2838,2325,1958300,4,1305,652,8825
2839,2326,2947536,1,1965,982,8826
2840,2326,2256231,4,1504,752,8826
2841,2327,1894557,1,1263,631,8827
2842,2327,2983660,2,1989,994,8827
2843,2327,2124849,1,1416,708,8827
2844,2327,1455814,2,970,485,8827
2845,2327,2885325,1,1923,961,8827
2846,2328,2206629,1,1471,735,8828
2847,2328,2771921,1,1847,923,8828
2848,2328,1808013,2,1205,602,8828
2849,2329,1035817,2,690,345,8829
2850,2329,4046027,3,2697,1348,8829
2851,2329,3853339,2,2568,1284,8829
2852,2329,3175650,3,2117,1058,8829
2853,2330,1875543,1,1250,625,8830
2854,2330,1964997,2,1309,654,8830
2855,2330,3685371,3,2456,1228,8830
2856,2331,1910285,2,1273,636,8831
2857,2331,1625310,1,1083,541,8831
2858,2332,4186263,3,2790,1395,8832
2859,2333,2223302,1,1482,741,8833
2860,2334,4080126,1,2720,1360,8834
2861,2334,842302,2,561,280,8834
2862,2335,2801853,2,1867,933,8835
2863,2335,4389570,1,2926,1463,8835
2864,2335,2302467,1,1534,767,8835
2865,2335,2002125,1,1334,667,8835
2866,2336,1078114,2,718,359,8836
2867,2337,3378660,3,2252,1126,8837
2868,2337,1484653,2,989,494,8837
2869,2338,2175115,3,1450,725,8838
2870,2338,1009867,3,673,336,8838
2871,2338,3863852,1,2575,1287,8838
2872,2338,3452829,1,2301,1150,8838
2873,2338,2239756,1,1493,746,8838
2874,2338,1092022,1,728,364,8838
2875,2339,3842394,1,2561,1280,8839
2876,2339,1897912,3,1265,632,8839
2877,2339,1142063,3,761,380,8839
2878,2339,470421,4,313,156,8839
2879,2339,1611600,1,1074,537,8839
2880,2339,784795,4,523,261,8839
2881,2341,1635263,4,1090,545,8841
2882,2341,3033149,2,2022,1011,8841
2883,2341,1888232,2,1258,629,8841
2884,2342,2635718,3,1757,878,8842
2885,2343,1532496,2,1021,510,8843
2886,2343,2338679,2,1559,779,8843
2887,2343,4236020,1,2824,1412,8843
2888,2343,1915749,1,1277,638,8843
2889,2344,2665098,2,1776,888,8844
2890,2344,671419,1,447,223,8844
2891,2344,3826239,1,2550,1275,8844
2892,2345,1784142,2,1189,594,8845
2893,2345,3346138,1,2230,1115,8845
2894,2346,2146107,3,1430,715,8846
2895,2346,2897341,2,1931,965,8846
2896,2348,2958107,2,1972,986,8848
2897,2348,1809464,2,1206,603,8848
2898,2348,3388438,1,2258,1129,8848
2899,2349,1496046,3,997,498,8849
2900,2349,3067426,2,2044,1022,8849
2901,2350,1873095,2,1248,624,8850
2902,2350,2629445,3,1752,876,8850
2903,2350,1799697,1,1199,599,8850
2904,2351,2323146,1,1548,774,8851
2905,2351,1173258,3,782,391,8851
2906,2352,2525157,3,1683,841,8852
2907,2352,2317228,1,1544,772,8852
2908,2353,1719784,2,1146,573,8853
2909,2353,2215787,3,1477,738,8853
2910,2354,2409058,3,1606,803,8854
2911,2355,1641872,1,1094,547,8855
2912,2356,2140403,1,1426,713,8856
2913,2356,1243951,1,829,414,8856
2914,2357,4670378,2,3113,1556,8857
2915,2357,3354915,3,2236,1118,8857
2916,2357,2551266,1,1700,850,8857
2917,2357,3470443,1,2313,1156,8857
2918,2357,454410,1,302,151,8857
2919,2358,454410,1,302,151,8858
2920,2358,1863805,2,1242,621,8858
2921,2359,862575,1,575,287,8859
2922,2359,2030138,3,1353,676,8859
2923,2360,2482317,2,1654,827,8860
2924,2360,3213101,4,2142,1071,8860
2925,2362,1108263,1,738,369,8862
2926,2362,2680640,4,1787,893,8862
2927,2363,2286761,3,1524,762,8863
2928,2363,2627350,2,1751,875,8863
2929,2364,1740623,2,1160,580,8864
2930,2365,3686197,1,2457,1228,8865
2931,2365,2166219,1,1444,722,8865
2932,2365,4086012,2,2724,1362,8865
2933,2366,1463938,2,975,487,8866
2934,2366,3031532,1,2021,1010,8866
2935,2367,2211043,4,1474,737,8867
2936,2367,1936958,2,1291,645,8867
2937,2368,2918542,2,1945,972,8868
2938,2368,1966167,1,1310,655,8868
2939,2368,454410,2,302,151,8868
2940,2368,454410,2,302,151,8868
2941,2368,3573001,2,2382,1191,8868
2942,2369,3529892,2,2353,1176,8869
2943,2369,4201708,3,2801,1400,8869
2944,2370,2254128,2,1502,751,8870
2945,2370,950431,3,633,316,8870
2946,2371,1843057,2,1228,614,8871
2947,2371,2283730,2,1522,761,8871
2948,2371,1242431,2,828,414,8871
2949,2372,3957588,3,2638,1319,8872
2950,2373,4561766,2,3041,1520,8873
2951,2373,2761054,2,1840,920,8873
2952,2373,2260942,2,1507,753,8873
2953,2373,948046,2,632,316,8873
2954,2374,3853157,2,2568,1284,8874
2955,2374,2350067,2,1566,783,8874
2956,2374,1976401,1,1317,658,8874
2957,2375,2764012,3,1842,921,8875
2958,2375,1673205,3,1115,557,8875
2959,2376,2422217,4,1614,807,8876
2960,2379,797239,1,531,265,8879
2961,2379,3383511,3,2255,1127,8879
2962,2380,2165297,1,1443,721,8880
2963,2380,3456833,3,2304,1152,8880
2964,2380,2066403,1,1377,688,8880
2965,2381,2132795,1,1421,710,8881
2966,2381,1032549,2,688,344,8881
2967,2381,3048841,1,2032,1016,8881
2968,2381,1376571,1,917,458,8881
2969,2381,1774720,2,1183,591,8881
2970,2381,2273120,3,1515,757,8881
2971,2382,2395991,1,1597,798,8882
2972,2385,527698,2,351,175,8885
2973,2385,2036068,2,1357,678,8885
2974,2387,3085110,3,2056,1028,8887
2975,2388,1885228,3,1256,628,8888
2976,2389,2042278,1,1361,680,8889
2977,2390,2438097,3,1625,812,8890
2978,2392,2143264,1,1428,714,8892
2979,2393,1218427,2,812,406,8893
2980,2393,2234888,1,1489,744,8893
2981,2394,3288411,2,2192,1096,8894
2982,2394,1197304,4,798,399,8894
2983,2396,1889170,2,1259,629,8896
2984,2396,859439,2,572,286,8896
2985,2396,3234539,2,2156,1078,8896
2986,2396,2177620,1,1451,725,8896
2987,2396,1402786,3,935,467,8896
2988,2397,2366383,2,1577,788,8897
2989,2397,1041462,1,694,347,8897
2990,2397,1215380,1,810,405,8897
2991,2398,779176,2,519,259,8898
2992,2399,1181350,3,787,393,8899
2993,2399,3659821,1,2439,1219,8899
2994,2400,1522493,3,1014,507,8900
2995,2400,2748728,2,1832,916,8900
2996,2400,1416996,1,944,472,8900
2997,2401,3048613,2,2032,1016,8901
2998,2401,1222960,4,815,407,8901
2999,2402,2312156,1,1541,770,8902
3000,2402,2326085,1,1550,775,8902
3001,2402,4652049,3,3101,1550,8902
3002,2403,2916610,2,1944,972,8903
3003,2404,1665851,1,1110,555,8904
3004,2405,2972458,3,1981,990,8905
3005,2405,4458166,3,2972,1486,8905
3006,2406,605873,2,403,201,8906
3007,2406,1410677,1,940,470,8906
3008,2409,2029840,2,1353,676,8909
3009,2409,1845609,2,1230,615,8909
3010,2410,1931831,1,1287,643,8910
3011,2410,938573,3,625,312,8910
3012,2411,3707485,4,2471,1235,8911
3013,2412,817543,2,545,272,8912
3014,2412,2067347,2,1378,689,8912
3015,2412,3341329,3,2227,1113,8912
3016,2413,2241187,4,1494,747,8913
3017,2413,1270695,4,847,423,8913
3018,2414,893133,1,595,297,8914
3019,2414,2036893,2,1357,678,8914
3020,2414,1498045,3,998,499,8914
3021,2415,2481882,2,1654,827,8915
3022,2415,839174,4,559,279,8915
3023,2415,3103315,4,2068,1034,8915
3024,2417,2390189,1,1593,796,8917
3025,2418,2466142,2,1644,822,8918
3026,2418,3745438,1,2496,1248,8918
3027,2418,1824437,2,1216,608,8918
3028,2418,1529958,2,1019,509,8918
3029,2419,1712003,3,1141,570,8919
3030,2419,2075206,1,1383,691,8919
3031,2419,2179044,1,1452,726,8919
3032,2419,1422725,1,948,474,8919
3033,2419,454410,1,302,151,8919
3034,2419,1698543,1,1132,566,8919
3035,2421,2639943,2,1759,879,8921
3036,2422,2411362,1,1607,803,8922
3037,2423,3498500,1,2332,1166,8923
3038,2424,4271382,1,2847,1423,8924
3039,2425,3048409,1,2032,1016,8925
3040,2425,3685569,1,2457,1228,8925
3041,2426,3056016,1,2037,1018,8926
3042,2427,4020288,3,2680,1340,8927
3043,2427,4164403,1,2776,1388,8927
3044,2427,3244541,2,2163,1081,8927
3045,2427,2994268,1,1996,998,8927
3046,2428,2062215,3,1374,687,8928
3047,2428,2229785,2,1486,743,8928
3048,2428,1926637,3,1284,642,8928
3049,2428,2907230,1,1938,969,8928
3050,2429,1535549,2,1023,511,8929
3051,2430,2076658,1,1384,692,8930
3052,2430,454410,1,302,151,8930
3053,2430,4033774,2,2689,1344,8930
3054,2430,2046631,4,1364,682,8930
3055,2431,2737844,1,1825,912,8931
3056,2431,3762522,2,2508,1254,8931
3057,2431,2579076,1,1719,859,8931
3058,2431,3748778,1,2499,1249,8931
3059,2432,1002469,1,668,334,8932
3060,2432,4723180,2,3148,1574,8932
3061,2432,3383534,2,2255,1127,8932
3062,2433,2485942,2,1657,828,8933
3063,2433,3729082,1,2486,1243,8933
3064,2433,1077211,1,718,359,8933
3065,2433,1976963,3,1317,658,8933
3066,2434,3748682,1,2499,1249,8934
3067,2434,454410,2,302,151,8934
3068,2435,2845073,2,1896,948,8935
3069,2436,2816158,1,1877,938,8936
3070,2436,4285429,2,2856,1428,8936
3071,2436,653600,1,435,217,8936
3072,2437,3917771,3,2611,1305,8937
3073,2438,1700034,2,1133,566,8938
3074,2438,1815017,2,1210,605,8938
3075,2439,1022645,3,681,340,8939
3076,2439,1159805,2,773,386,8939
3077,2439,2684619,1,1789,894,8939
3078,2439,1134776,3,756,378,8939
3079,2440,3028932,4,2019,1009,8940
3080,2441,1594218,1,1062,531,8941
3081,2441,1031816,2,687,343,8941
3082,2442,1732405,3,1154,577,8942
3083,2442,2616306,2,1744,872,8942
3084,2443,1988477,3,1325,662,8943
3085,2443,2307026,3,1538,769,8943
3086,2444,2983867,1,1989,994,8944
3087,2444,3378741,2,2252,1126,8944
3088,2444,1955001,2,1303,651,8944
3089,2444,1204413,1,802,401,8944
3090,2445,2349850,1,1566,783,8945
3091,2445,2753252,1,1835,917,8945
3092,2447,778571,3,519,259,8947
3093,2447,1361471,3,907,453,8947
3094,2448,1536736,3,1024,512,8948
3095,2450,2059567,2,1373,686,8950
3096,2450,1493951,2,995,497,8950
3097,2452,2994943,2,1996,998,8952
3098,2452,630925,2,420,210,8952
3099,2452,656910,2,437,218,8952
3100,2452,1930674,1,1287,643,8952
3101,2452,2092458,1,1394,697,8952
3102,2453,784789,1,523,261,8953
3103,2453,1651696,3,1101,550,8953
3104,2454,1862013,4,1241,620,8954
3105,2454,1869933,1,1246,623,8954
3106,2454,2427336,4,1618,809,8954
3107,2455,1595636,2,1063,531,8955
3108,2455,3783021,3,2522,1261,8955
3109,2456,2771200,3,1847,923,8956
3110,2457,1446838,3,964,482,8957
3111,2457,2368680,2,1579,789,8957
3112,2457,2398845,1,1599,799,8957
3113,2458,3514007,2,2342,1171,8958
3114,2458,1658205,3,1105,552,8958
3115,2458,3056593,2,2037,1018,8958
3116,2458,2314842,3,1543,771,8958
3117,2459,3797059,2,2531,1265,8959
3118,2459,3591885,1,2394,1197,8959
3119,2460,2473445,1,1648,824,8960
3120,2461,2003885,2,1335,667,8961
3121,2461,2790014,2,1860,930,8961
3122,2461,2087553,1,1391,695,8961
3123,2461,3990032,1,2660,1330,8961
3124,2461,2352279,1,1568,784,8961
3125,2462,1857311,1,1238,619,8962
3126,2463,1802128,3,1201,600,8963
3127,2464,1031815,1,687,343,8964
3128,2464,2841087,3,1894,947,8964
3129,2464,1433651,4,955,477,8964
3130,2464,3394820,3,2263,1131,8964
3131,2464,950124,2,633,316,8964
3132,2465,2402143,3,1601,800,8965
3133,2465,3448063,1,2298,1149,8965
3134,2466,454410,1,302,151,8966
3135,2466,4335568,2,2890,1445,8966
3136,2467,1837228,2,1224,612,8967
3137,2467,2416308,3,1610,805,8967
3138,2467,2856311,1,1904,952,8967
3139,2468,3014459,2,2009,1004,8968
3140,2468,2552074,2,1701,850,8968
3141,2469,3291797,2,2194,1097,8969
3142,2470,2802758,2,1868,934,8970
3143,2470,4072413,1,2714,1357,8970
3144,2472,2806088,2,1870,935,8972
3145,2473,4280736,2,2853,1426,8973
3146,2473,3193332,2,2128,1064,8973
3147,2473,454410,3,302,151,8973
3148,2475,4941698,3,3294,1647,8975
3149,2475,1684827,3,1123,561,8975
3150,2475,3801126,1,2534,1267,8975
3151,2475,2299443,2,1532,766,8975
3152,2476,3356931,1,2237,1118,8976
3153,2476,1568133,2,1045,522,8976
3154,2477,2911824,1,1941,970,8977
3155,2477,2013181,3,1342,671,8977
3156,2477,3886457,3,2590,1295,8977
3157,2478,2720553,3,1813,906,8978
3158,2479,3228977,3,2152,1076,8979
3159,2479,454410,2,302,151,8979
3160,2479,2184558,2,1456,728,8979
3161,2480,2691806,4,1794,897,8980
3162,2481,2500678,2,1667,833,8981
3163,2481,3254757,1,2169,1084,8981
3164,2481,1897940,3,1265,632,8981
3165,2482,2321930,2,1547,773,8982
3166,2482,3479761,4,2319,1159,8982
3167,2484,454410,2,302,151,8984
3168,2485,2874614,2,1916,958,8985
3169,2485,1930678,4,1287,643,8985
3170,2485,1339275,1,892,446,8985
3171,2487,2616139,1,1744,872,8987
3172,2487,3527022,1,2351,1175,8987
3173,2489,3334493,1,2222,1111,8989
3174,2490,2133906,3,1422,711,8990
3175,2490,3167426,1,2111,1055,8990
3176,2491,3159581,3,2106,1053,8991
3177,2491,2182719,2,1455,727,8991
3178,2491,1563428,3,1042,521,8991
3179,2491,1622572,2,1081,540,8991
3180,2492,3128689,1,2085,1042,8992
3181,2493,2228957,2,1485,742,8993
3182,2493,1202409,3,801,400,8993
3183,2494,549408,2,366,183,8994
3184,2494,3122532,1,2081,1040,8994
3185,2494,1713011,1,1142,571,8994
3186,2495,2609845,2,1739,869,8995
3187,2495,3539553,1,2359,1179,8995
3188,2495,933776,2,622,311,8995
3189,2496,2225900,2,1483,741,8996
3190,2496,2097528,2,1398,699,8996
3191,2496,2660306,2,1773,886,8996
3192,2497,3538994,3,2359,1179,8997
3193,2497,912788,4,608,304,8997
3194,2497,2854623,3,1903,951,8997
3195,2498,3326702,4,2217,1108,8998
3196,2498,2081493,1,1387,693,8998
3197,2499,2131520,1,1421,710,8999
3198,2499,2699881,2,1799,899,8999
3199,2500,2624598,3,1749,874,9000
3200,2500,2867459,3,1911,955,9000
3201,2500,2845915,3,1897,948,9000
3202,2502,1268059,1,845,422,9002
3203,2502,3284519,3,2189,1094,9002
3204,2502,3464994,2,2309,1154,9002
3205,2503,2462304,1,1641,820,9003
3206,2504,744392,3,496,248,9004
3207,2504,2154730,2,1436,718,9004
3208,2504,2470814,2,1647,823,9004
3209,2504,1101784,3,734,367,9004
3210,2505,1903836,2,1269,634,9005
3211,2505,831079,1,554,277,9005
3212,2505,2892958,2,1928,964,9005
3213,2506,2441725,1,1627,813,9006
3214,2506,589364,3,392,196,9006
3215,2506,2631394,3,1754,877,9006
3216,2506,2214273,1,1476,738,9006
3217,2506,2800042,1,1866,933,9006
3218,2507,1871738,1,1247,623,9007
3219,2507,1452599,2,968,484,9007
3220,2508,1483920,2,989,494,9008
3221,2508,1721812,2,1147,573,9008
3222,2508,2291296,3,1527,763,9008
3223,2508,2423325,3,1615,807,9008
3224,2509,2077053,3,1384,692,9009
3225,2509,1839238,1,1226,613,9009
3226,2509,1912767,3,1275,637,9009
3227,2509,4836002,3,3224,1612,9009
3228,2511,1484043,4,989,494,9011
3229,2511,1701566,2,1134,567,9011
3230,2511,5639758,1,3759,1879,9011
3231,2511,2702502,1,1801,900,9011
3232,2511,861126,1,574,287,9011
3233,2512,3133631,2,2089,1044,9012
3234,2512,1341605,3,894,447,9012
3235,2513,3201494,3,2134,1067,9013
3236,2513,2056357,2,1370,685,9013
3237,2514,1822392,2,1214,607,9014
3238,2514,3917295,2,2611,1305,9014
3239,2515,2851150,1,1900,950,9015
3240,2515,3266855,3,2177,1088,9015
3241,2515,2716720,2,1811,905,9015
3242,2517,1817639,2,1211,605,9017
3243,2518,2897111,2,1931,965,9018
3244,2518,3508377,3,2338,1169,9018
3245,2519,2409808,3,1606,803,9019
3246,2519,4114088,1,2742,1371,9019
3247,2519,3141606,3,2094,1047,9019
3248,2520,2488785,2,1659,829,9020
3249,2520,2529174,2,1686,843,9020
3250,2521,2412363,2,1608,804,9021
3251,2521,992755,2,661,330,9021
3252,2522,2179957,3,1453,726,9022
3253,2522,2498195,1,1665,832,9022
3254,2522,1846634,3,1231,615,9022
3255,2523,2617297,2,1744,872,9023
3256,2524,2293834,1,1529,764,9024
3257,2524,3063089,1,2042,1021,9024
3258,2525,2950030,1,1966,983,9025
3259,2526,2442950,1,1628,814,9026
3260,2526,874180,3,582,291,9026
3261,2526,4102923,4,2735,1367,9026
3262,2526,2126977,1,1417,708,9026
3263,2526,2189349,1,1459,729,9026
3264,2527,1921848,3,1281,640,9027
3265,2528,1772686,2,1181,590,9028
3266,2530,3850728,3,2567,1283,9030
3267,2530,3689171,2,2459,1229,9030
3268,2531,2726407,1,1817,908,9031
3269,2531,2162138,2,1441,720,9031
3270,2532,2905049,1,1936,968,9032
3271,2532,2347501,1,1565,782,9032
3272,2532,2077561,3,1385,692,9032
3273,2533,2617736,3,1745,872,9033
3274,2533,1821000,3,1214,607,9033
3275,2534,2529970,2,1686,843,9034
3276,2534,2480849,1,1653,826,9034
3277,2535,2888504,1,1925,962,9035
3278,2535,1639030,3,1092,546,9035
3279,2535,2998108,4,1998,999,9035
3280,2536,1345416,3,896,448,9036
3281,2536,1686644,2,1124,562,9036
3282,2536,1731264,1,1154,577,9036
3283,2537,1175960,2,783,391,9037
3284,2538,3310485,2,2206,1103,9038
3285,2538,1281268,4,854,427,9038
3286,2538,1557462,2,1038,519,9038
3287,2539,3555606,2,2370,1185,9039
3288,2539,1688673,2,1125,562,9039
3289,2539,2079688,2,1386,693,9039
3290,2539,1237328,3,824,412,9039
3291,2540,3123677,1,2082,1041,9040
3292,2540,3137771,1,2091,1045,9040
3293,2540,3027564,3,2018,1009,9040
3294,2540,2821631,1,1881,940,9040
3295,2540,2347288,4,1564,782,9040
3296,2541,1735915,1,1157,578,9041
3297,2541,1438806,1,959,479,9041
3298,2542,3590877,3,2393,1196,9042
3299,2542,3054002,2,2036,1018,9042
3300,2542,1563199,1,1042,521,9042
3301,2543,2312774,2,1541,770,9043
3302,2544,1965205,2,1310,655,9044
3303,2544,1118541,2,745,372,9044
3304,2544,2453684,1,1635,817,9044
3305,2545,1847240,2,1231,615,9045
3306,2545,1298155,1,865,432,9045
3307,2547,759751,4,506,253,9047
3308,2547,673182,2,448,224,9047
3309,2550,1892295,2,1261,630,9050
3310,2550,2185046,1,1456,728,9050
3311,2552,1377122,4,918,459,9052
3312,2552,2937379,1,1958,979,9052
3313,2553,2205033,2,1470,735,9053
3314,2553,2861869,2,1907,953,9053
3315,2554,2085037,1,1390,695,9054
3316,2555,1467283,1,978,489,9055
3317,2555,2388725,2,1592,796,9055
3318,2555,981063,1,654,327,9055
3319,2556,2823583,2,1882,941,9056
3320,2556,1313887,4,875,437,9056
3321,2557,3210870,2,2140,1070,9057
3322,2557,1926004,1,1284,642,9057
3323,2558,3358407,1,2238,1119,9058
3324,2559,1124254,2,749,374,9059
3325,2559,1579082,2,1052,526,9059
3326,2559,2661525,2,1774,887,9059
3327,2560,3468791,2,2312,1156,9060
3328,2560,3976027,4,2650,1325,9060
3329,2561,2314343,2,1542,771,9061
3330,2561,4151001,1,2767,1383,9061
3331,2561,1975890,3,1317,658,9061
3332,2561,3395453,3,2263,1131,9061
3333,2562,1308742,2,872,436,9062
3334,2562,2701671,2,1801,900,9062
3335,2562,454410,3,302,151,9062
3336,2563,1125310,2,750,375,9063
3337,2563,2749190,1,1832,916,9063
3338,2564,930183,3,620,310,9064
3339,2564,2708572,3,1805,902,9064
3340,2564,3198832,3,2132,1066,9064
3341,2565,1759488,1,1172,586,9065
3342,2565,1281370,2,854,427,9065
3343,2565,1787230,2,1191,595,9065
3344,2565,1284581,2,856,428,9065
3345,2566,2168566,2,1445,722,9066
3346,2566,2376429,2,1584,792,9066
3347,2567,1959178,2,1306,653,9067
3348,2568,3983951,3,2655,1327,9068
3349,2569,1536515,3,1024,512,9069
3350,2569,3694681,1,2463,1231,9069
3351,2569,1207463,2,804,402,9069
3352,2570,2346458,2,1564,782,9070
3353,2570,3481682,1,2321,1160,9070
3354,2570,3428774,1,2285,1142,9070
3355,2570,1842368,2,1228,614,9070
3356,2572,2839565,2,1893,946,9072
3357,2572,2702672,2,1801,900,9072
3358,2572,1720003,2,1146,573,9072
3359,2573,2901810,2,1934,967,9073
3360,2573,4176302,3,2784,1392,9073
3361,2573,2754326,2,1836,918,9073
3362,2574,2851104,1,1900,950,9074
3363,2575,2959275,2,1972,986,9075
3364,2576,778314,4,518,259,9076
3365,2576,2742593,1,1828,914,9076
3366,2576,1232492,3,821,410,9076
3367,2576,1668936,3,1112,556,9076
3368,2577,4482466,1,2988,1494,9077
3369,2577,2013109,2,1342,671,9077
3370,2578,1515279,3,1010,505,9078
3371,2578,3450475,2,2300,1150,9078
3372,2578,1303123,1,868,434,9078
3373,2578,1814598,1,1209,604,9078
3374,2579,3549107,2,2366,1183,9079
3375,2579,2315776,2,1543,771,9079
3376,2579,675438,2,450,225,9079
3377,2580,2828236,2,1885,942,9080
3378,2580,1866694,3,1244,622,9080
3379,2580,3846427,1,2564,1282,9080
3380,2580,1652270,1,1101,550,9080
3381,2581,3346846,3,2231,1115,9081
3382,2581,4087562,2,2725,1362,9081
3383,2581,1402026,2,934,467,9081
3384,2581,2074504,2,1383,691,9081
3385,2581,2669388,2,1779,889,9081
3386,2582,1395480,1,930,465,9082
3387,2582,2548405,3,1698,849,9082
3388,2583,2042086,1,1361,680,9083
3389,2583,2021487,2,1347,673,9083
3390,2584,2322085,1,1548,774,9084
3391,2584,2344912,3,1563,781,9084
3392,2585,2439604,2,1626,813,9085
3393,2585,1659796,3,1106,553,9085
3394,2585,1704429,2,1136,568,9085
3395,2585,2150802,3,1433,716,9085
3396,2586,2226288,2,1484,742,9086
3397,2586,1823360,2,1215,607,9086
3398,2586,2603252,1,1735,867,9086
3399,2587,454410,1,302,151,9087
3400,2587,1525204,2,1016,508,9087
3401,2587,1985845,1,1323,661,9087
3402,2587,1396738,3,931,465,9087
3403,2588,3937777,2,2625,1312,9088
3404,2588,2291334,1,1527,763,9088
3405,2588,2452782,2,1635,817,9088
3406,2590,1777983,2,1185,592,9090
3407,2590,2255916,2,1503,751,9090
3408,2590,1029547,2,686,343,9090
3409,2591,2098424,2,1398,699,9091
3410,2591,1314031,1,876,438,9091
3411,2592,1988425,1,1325,662,9092
3412,2592,454410,2,302,151,9092
3413,2592,1118754,3,745,372,9092
3414,2592,3768800,2,2512,1256,9092
3415,2592,3121066,3,2080,1040,9092
3416,2593,3620664,2,2413,1206,9093
3417,2593,3690886,3,2460,1230,9093
3418,2593,2960126,3,1973,986,9093
3419,2593,1809026,3,1206,603,9093
3420,2593,1211541,1,807,403,9093
3421,2595,3444506,2,2296,1148,9095
3422,2595,2338065,3,1558,779,9095
3423,2595,4821993,2,3214,1607,9095
3424,2597,1898765,3,1265,632,9097
3425,2597,4289181,1,2859,1429,9097
3426,2598,2111742,4,1407,703,9098
3427,2598,3638055,1,2425,1212,9098
3428,2598,4006784,1,2671,1335,9098
3429,2598,1226162,2,817,408,9098
3430,2598,1776176,1,1184,592,9098
3431,2599,1215908,1,810,405,9099
3432,2599,1014527,4,676,338,9099
3433,2600,2954073,2,1969,984,9100
3434,2601,2071012,1,1380,690,9101
3435,2602,2325589,2,1550,775,9102
3436,2603,2840760,1,1893,946,9103
3437,2603,454410,3,302,151,9103
3438,2604,3587667,1,2391,1195,9104
3439,2604,1915127,2,1276,638,9104
3440,2605,2816388,1,1877,938,9105
3441,2606,2906679,4,1937,968,9106
3442,2607,3673582,3,2449,1224,9107
3443,2607,2164840,2,1443,721,9107
3444,2607,454410,2,302,151,9107
3445,2607,2330458,1,1553,776,9107
3446,2608,2477256,1,1651,825,9108
3447,2609,1214598,1,809,404,9109
3448,2609,2422847,4,1615,807,9109
3449,2610,1902936,1,1268,634,9110
3450,2610,899188,1,599,299,9110
3451,2610,2958590,1,1972,986,9110
3452,2610,1695684,3,1130,565,9110
3453,2611,1856558,2,1237,618,9111
3454,2612,1799098,2,1199,599,9112
3455,2613,3535230,3,2356,1178,9113
3456,2614,2230215,1,1486,743,9114
3457,2614,2352922,3,1568,784,9114
3458,2614,1821533,1,1214,607,9114
3459,2615,2745294,3,1830,915,9115
3460,2615,3651622,2,2434,1217,9115
3461,2615,2934436,2,1956,978,9115
3462,2616,2974317,3,1982,991,9116
3463,2617,2891872,3,1927,963,9117
3464,2617,860858,2,573,286,9117
3465,2617,1376286,2,917,458,9117
3466,2618,2062465,4,1374,687,9118
3467,2618,1529910,3,1019,509,9118
3468,2618,1183643,2,789,394,9118
3469,2620,454410,1,302,151,9120
3470,2621,895328,3,596,298,9121
3471,2623,2009772,2,1339,669,9123
3472,2624,2201066,2,1467,733,9124
3473,2624,1461213,2,974,487,9124
3474,2624,2352744,2,1568,784,9124
3475,2624,1828488,2,1218,609,9124
3476,2625,3387075,3,2258,1129,9125
3477,2625,2106799,3,1404,702,9125
3478,2626,2983993,3,1989,994,9126
3479,2626,2479819,3,1653,826,9126
3480,2626,838541,2,559,279,9126
3481,2628,2179358,3,1452,726,9128
3482,2628,1008720,3,672,336,9128
3483,2628,2161504,3,1441,720,9128
3484,2628,1510211,3,1006,503,9128
3485,2629,2662576,3,1775,887,9129
3486,2629,899596,4,599,299,9129
3487,2631,2287080,1,1524,762,9131
3488,2631,2857299,2,1904,952,9131
3489,2631,3199995,2,2133,1066,9131
3490,2632,1490747,2,993,496,9132
3491,2634,2290198,1,1526,763,9134
3492,2634,2460325,3,1640,820,9134
3493,2635,3853865,1,2569,1284,9135
3494,2635,757504,2,505,252,9135
3495,2635,1340518,1,893,446,9135
3496,2635,5139393,3,3426,1713,9135
3497,2635,1992828,1,1328,664,9135
3498,2636,454410,1,302,151,9136
3499,2636,1676437,2,1117,558,9136
3500,2636,454410,1,302,151,9136
3501,2637,2518372,1,1678,839,9137
3502,2637,3099991,2,2066,1033,9137
3503,2637,1339945,3,893,446,9137
3504,2638,1790770,1,1193,596,9138
3505,2638,3216413,1,2144,1072,9138
3506,2639,482590,2,321,160,9139
3507,2639,920845,3,613,306,9139
3508,2639,2038819,3,1359,679,9139
3509,2641,1502845,1,1001,500,9141
3510,2641,1971593,2,1314,657,9141
3511,2641,979963,3,653,326,9141
3512,2642,2491168,4,1660,830,9142
3513,2642,2119470,1,1412,706,9142
3514,2643,2833553,1,1889,944,9143
3515,2643,2476942,2,1651,825,9143
3516,2643,2483373,1,1655,827,9143
3517,2643,793312,1,528,264,9143
3518,2644,2775685,2,1850,925,9144
3519,2644,1933764,4,1289,644,9144
3520,2644,2101715,1,1401,700,9144
3521,2644,3343818,3,2229,1114,9144
3522,2645,1536482,1,1024,512,9145
3523,2645,3653530,2,2435,1217,9145
3524,2645,3748912,4,2499,1249,9145
3525,2646,3041712,2,2027,1013,9146
3526,2646,1269441,2,846,423,9146
3527,2646,454410,3,302,151,9146
3528,2647,3375074,2,2250,1125,9147
3529,2647,2385932,3,1590,795,9147
3530,2648,1510143,2,1006,503,9148
3531,2648,3471925,3,2314,1157,9148
3532,2648,1391172,1,927,463,9148
3533,2648,1838383,1,1225,612,9148
3534,2648,2808708,1,1872,936,9148
3535,2649,1133477,2,755,377,9149
3536,2650,2160113,1,1440,720,9150
3537,2651,3385607,1,2257,1128,9151
3538,2652,2487893,1,1658,829,9152
3539,2652,3547445,3,2364,1182,9152
3540,2652,3431069,1,2287,1143,9152
3541,2653,2279961,1,1519,759,9153
3542,2653,454410,2,302,151,9153
3543,2653,1141483,4,760,380,9153
3544,2653,3052499,2,2034,1017,9153
3545,2653,687038,2,458,229,9153
3546,2654,1938031,3,1292,646,9154
3547,2654,2618119,3,1745,872,9154
3548,2655,3774570,2,2516,1258,9155
3549,2655,1684136,1,1122,561,9155
3550,2656,1614133,2,1076,538,9156
3551,2657,2218427,1,1478,739,9157
3552,2657,2630830,1,1753,876,9157
3553,2658,2114344,3,1409,704,9158
3554,2658,3344844,3,2229,1114,9158
3555,2659,1454987,2,969,484,9159
3556,2659,2394904,1,1596,798,9159
3557,2659,2727244,1,1818,909,9159
3558,2660,1862842,1,1241,620,9160
3559,2660,3130587,2,2087,1043,9160
3560,2661,2424347,1,1616,808,9161
3561,2661,3078582,2,2052,1026,9161
3562,2661,2470505,4,1647,823,9161
3563,2661,2656893,2,1771,885,9161
3564,2662,1625478,2,1083,541,9162
3565,2662,1627134,1,1084,542,9162
3566,2662,3523899,1,2349,1174,9162
3567,2662,2921809,1,1947,973,9162
3568,2662,1226147,1,817,408,9162
3569,2663,2456968,2,1637,818,9163
3570,2663,454410,2,302,151,9163
3571,2664,1685240,1,1123,561,9164
3572,2664,3254625,2,2169,1084,9164
3573,2665,2144097,3,1429,714,9165
3574,2665,2392606,4,1595,797,9165
3575,2665,454410,3,302,151,9165
3576,2665,1871000,2,1247,623,9165
3577,2666,2617906,3,1745,872,9166
3578,2666,2747772,3,1831,915,9166
3579,2667,3255983,1,2170,1085,9167
3580,2668,2057077,3,1371,685,9168
3581,2668,2102679,1,1401,700,9168
3582,2668,910063,1,606,303,9168
3583,2668,2062942,2,1375,687,9168
3584,2668,982187,2,654,327,9168
3585,2668,454410,1,302,151,9168
3586,2669,1162538,2,775,387,9169
3587,2671,3814562,3,2543,1271,9171
3588,2672,1995421,2,1330,665,9172
3589,2672,2496856,2,1664,832,9172
3590,2673,1747039,2,1164,582,9173
3591,2673,454410,3,302,151,9173
3592,2673,3229152,3,2152,1076,9173
3593,2673,454410,3,302,151,9173
3594,2674,1704817,2,1136,568,9174
3595,2674,2216210,3,1477,738,9174
3596,2676,2507707,3,1671,835,9176
3597,2676,1529290,4,1019,509,9176
3598,2677,454410,3,302,151,9177
3599,2677,1452994,2,968,484,9177
3600,2678,1506502,1,1004,502,9178
3601,2678,1481621,2,987,493,9178
3602,2679,3263858,2,2175,1087,9179
3603,2679,1031235,3,687,343,9179
3604,2679,2579777,1,1719,859,9179
3605,2680,2433895,3,1622,811,9180
3606,2681,3254039,1,2169,1084,9181
3607,2681,2135932,1,1423,711,9181
3608,2681,3080919,2,2053,1026,9181
3609,2682,2095967,1,1397,698,9182
3610,2682,2716181,1,1810,905,9182
3611,2682,735409,1,490,245,9182
3612,2682,454410,1,302,151,9182
3613,2683,2658061,2,1772,886,9183
3614,2683,2712900,1,1808,904,9183
3615,2683,2758213,1,1838,919,9183
3616,2684,1735346,2,1156,578,9184
3617,2684,3795174,3,2530,1265,9184
3618,2684,1801860,3,1201,600,9184
3619,2685,2702365,2,1801,900,9185
3620,2685,2880018,2,1920,960,9185
3621,2685,4029327,2,2686,1343,9185
3622,2685,1947911,2,1298,649,9185
3623,2685,1604210,2,1069,534,9185
3624,2685,740312,3,493,246,9185
3625,2685,3859223,1,2572,1286,9185
3626,2686,2702909,2,1801,900,9186
3627,2686,2735269,2,1823,911,9186
3628,2686,5458636,2,3639,1819,9186
3629,2687,2604382,1,1736,868,9187
3630,2687,940527,1,627,313,9187
3631,2688,2071753,3,1381,690,9188
3632,2688,1275410,1,850,425,9188
3633,2688,1867304,1,1244,622,9188
3634,2688,1860433,3,1240,620,9188
3635,2689,1671862,2,1114,557,9189
3636,2689,847526,2,565,282,9189
3637,2689,3900258,1,2600,1300,9189
3638,2689,2577598,2,1718,859,9189
3639,2691,2041521,3,1361,680,9191
3640,2691,3046675,1,2031,1015,9191
3641,2692,2753679,1,1835,917,9192
3642,2692,2553921,1,1702,851,9192
3643,2692,2972406,2,1981,990,9192
3644,2692,2408987,2,1605,802,9192
3645,2692,2957298,3,1971,985,9192
3646,2693,3042048,3,2028,1014,9193
3647,2693,2438416,2,1625,812,9193
3648,2694,2046713,3,1364,682,9194
3649,2694,3836761,2,2557,1278,9194
3650,2694,1783432,2,1188,594,9194
3651,2694,2672137,1,1781,890,9194
3652,2694,2695238,1,1796,898,9194
3653,2695,1648824,1,1099,549,9195
3654,2696,1446114,2,964,482,9196
3655,2696,1910263,2,1273,636,9196
3656,2696,1768796,1,1179,589,9196
3657,2696,781224,2,520,260,9196
3658,2697,1605946,1,1070,535,9197
3659,2697,2544241,1,1696,848,9197
3660,2697,3566378,1,2377,1188,9197
3661,2697,2838871,1,1892,946,9197
3662,2699,454410,3,302,151,9199
3663,2699,2927732,2,1951,975,9199
3664,2699,1701382,3,1134,567,9199
3665,2700,2735288,2,1823,911,9200
3666,2700,2257597,2,1505,752,9200
3667,2700,2075041,4,1383,691,9200
3668,2700,2167521,1,1445,722,9200
3669,2701,2249122,3,1499,749,9201
3670,2701,3646598,4,2431,1215,9201
3671,2701,2251948,3,1501,750,9201
3672,2701,3381925,2,2254,1127,9201
3673,2702,3233029,3,2155,1077,9202
3674,2702,2954051,2,1969,984,9202
3675,2702,454410,1,302,151,9202
3676,2702,3413719,2,2275,1137,9202
3677,2702,1803881,1,1202,601,9202
3678,2702,3003824,1,2002,1001,9202
3679,2703,1277710,3,851,425,9203
3680,2704,1060403,1,706,353,9204
3681,2705,4292752,2,2861,1430,9205
3682,2705,1293608,1,862,431,9205
3683,2705,3443854,2,2295,1147,9205
3684,2706,2393125,1,1595,797,9206
3685,2706,1842509,1,1228,614,9206
3686,2706,2226215,2,1484,742,9206
3687,2706,941781,3,627,313,9206
3688,2707,2257986,2,1505,752,9207
3689,2707,1165031,3,776,388,9207
3690,2707,1867739,2,1245,622,9207
3691,2709,3218096,2,2145,1072,9209
3692,2709,2531939,3,1687,843,9209
3693,2710,756645,1,504,252,9210
3694,2711,3142629,3,2095,1047,9211
3695,2711,2264790,3,1509,754,9211
3696,2711,1717707,1,1145,572,9211
3697,2712,3035467,1,2023,1011,9212
3698,2712,2101093,1,1400,700,9212
3699,2712,1080251,1,720,360,9212
3700,2713,4161290,2,2774,1387,9213
3701,2713,2254374,3,1502,751,9213
3702,2713,2188839,1,1459,729,9213
3703,2714,1857861,3,1238,619,9214
3704,2714,3478472,2,2318,1159,9214
3705,2714,1735402,4,1156,578,9214
3706,2714,692428,1,461,230,9214
3707,2714,1578154,2,1052,526,9214
3708,2715,3628573,1,2419,1209,9215
3709,2716,3122839,1,2081,1040,9216
3710,2716,2011315,3,1340,670,9216
3711,2717,3676095,2,2450,1225,9217
3712,2717,3036762,3,2024,1012,9217
3713,2717,1999482,1,1332,666,9217
3714,2718,2102419,3,1401,700,9218
3715,2719,2608751,1,1739,869,9219
3716,2719,1421509,1,947,473,9219
3717,2719,2276655,2,1517,758,9219
3718,2719,2587480,2,1724,862,9219
3719,2720,547258,2,364,182,9220
3720,2720,2078484,3,1385,692,9220
3721,2720,1962198,3,1308,654,9220
3722,2723,3323168,3,2215,1107,9223
3723,2724,454410,1,302,151,9224
3724,2724,1881989,4,1254,627,9224
3725,2724,1779492,4,1186,593,9224
3726,2725,3253647,2,2169,1084,9225
3727,2726,2227526,1,1485,742,9226
3728,2726,4108416,1,2738,1369,9226
3729,2726,2949111,2,1966,983,9226
3730,2727,1852628,4,1235,617,9227
3731,2728,2517081,2,1678,839,9228
3732,2728,1910041,1,1273,636,9228
3733,2729,3150715,1,2100,1050,9229
3734,2730,909981,1,606,303,9230
3735,2730,1429884,3,953,476,9230
3736,2731,2737956,2,1825,912,9231
3737,2731,3525289,4,2350,1175,9231
3738,2731,454410,3,302,151,9231
3739,2732,3677339,3,2451,1225,9232
3740,2733,2128772,2,1419,709,9233
3741,2734,454410,1,302,151,9234
3742,2734,454410,1,302,151,9234
3743,2734,708371,1,472,236,9234
3744,2735,2251902,3,1501,750,9235
3745,2735,2204673,2,1469,734,9235
3746,2735,2919447,3,1946,973,9235
3747,2736,1710241,2,1140,570,9236
3748,2737,1139164,2,759,379,9237
3749,2737,1849700,1,1233,616,9237
3750,2737,2306413,2,1537,768,9237
3751,2737,2507996,2,1671,835,9237
3752,2738,1465190,3,976,488,9238
3753,2738,3193708,1,2129,1064,9238
3754,2739,1636719,3,1091,545,9239
3755,2739,1382831,4,921,460,9239
3756,2740,1717496,2,1144,572,9240
3757,2740,3370989,3,2247,1123,9240
3758,2741,2136275,3,1424,712,9241
3759,2741,1561963,4,1041,520,9241
3760,2741,3218922,2,2145,1072,9241
3761,2741,4462842,3,2975,1487,9241
3762,2742,2486433,2,1657,828,9242
3763,2742,3533557,1,2355,1177,9242
3764,2742,3331358,1,2220,1110,9242
3765,2743,1652830,3,1101,550,9243
3766,2744,2299280,1,1532,766,9244
3767,2744,960747,3,640,320,9244
3768,2744,2062512,2,1375,687,9244
3769,2744,1631818,3,1087,543,9244
3770,2744,1860130,1,1240,620,9244
3771,2744,1505340,1,1003,501,9244
3772,2745,1978515,2,1319,659,9245
3773,2745,2816215,2,1877,938,9245
3774,2746,2149878,1,1433,716,9246
3775,2746,454410,4,302,151,9246
3776,2746,1509199,1,1006,503,9246
3777,2747,718582,1,479,239,9247
3778,2747,2521582,2,1681,840,9247
3779,2748,2786652,3,1857,928,9248
3780,2748,2534350,1,1689,844,9248
3781,2749,1466989,3,977,488,9249
3782,2750,2524438,1,1682,841,9250
3783,2751,1791394,2,1194,597,9251
3784,2751,1108302,1,738,369,9251
3785,2751,3030615,4,2020,1010,9251
3786,2751,3108419,2,2072,1036,9251
3787,2752,3242221,1,2161,1080,9252
3788,2753,1650060,2,1100,550,9253
3789,2754,3477855,2,2318,1159,9254
3790,2754,1767400,2,1178,589,9254
3791,2755,2940203,2,1960,980,9255
3792,2755,1749681,2,1166,583,9255
3793,2756,2043045,1,1362,681,9256
3794,2756,454410,2,302,151,9256
3795,2756,1963366,3,1308,654,9256
3796,2756,2365181,1,1576,788,9256
3797,2756,1852805,3,1235,617,9256
3798,2757,4067614,2,2711,1355,9257
3799,2757,1083518,2,722,361,9257
3800,2757,1695831,3,1130,565,9257
3801,2758,1346887,1,897,448,9258
3802,2758,1695631,1,1130,565,9258
3803,2759,3326588,3,2217,1108,9259
3804,2759,3783221,4,2522,1261,9259
3805,2759,1555543,4,1037,518,9259
3806,2759,1532830,2,1021,510,9259
3807,2759,1088975,2,725,362,9259
3808,2759,3607624,3,2405,1202,9259
3809,2760,3418189,3,2278,1139,9260
3810,2760,2163691,2,1442,721,9260
3811,2761,844646,3,563,281,9261
3812,2761,936088,2,624,312,9261
3813,2761,2446504,3,1631,815,9261
3814,2761,2833704,1,1889,944,9261
3815,2762,454410,2,302,151,9262
3816,2762,1943535,1,1295,647,9262
3817,2762,3926630,1,2617,1308,9262
3818,2762,2049663,1,1366,683,9262
3819,2763,3795088,2,2530,1265,9263
3820,2763,2935648,2,1957,978,9263
3821,2763,1163458,2,775,387,9263
3822,2764,1972815,3,1315,657,9264
3823,2764,2140469,2,1426,713,9264
3824,2765,1298180,2,865,432,9265
3825,2765,1280435,1,853,426,9265
3826,2766,3812602,3,2541,1270,9266
3827,2766,1272774,2,848,424,9266
3828,2768,3374666,2,2249,1124,9268
3829,2768,1825778,2,1217,608,9268
3830,2768,2245835,1,1497,748,9268
3831,2769,2846491,1,1897,948,9269
3832,2769,1660069,1,1106,553,9269
3833,2770,2852687,2,1901,950,9270
3834,2770,454410,3,302,151,9270
3835,2770,2721616,2,1814,907,9270
3836,2771,454410,4,302,151,9271
3837,2771,2040116,3,1360,680,9271
3838,2771,3145446,4,2096,1048,9271
3839,2772,2908297,3,1938,969,9272
3840,2773,944525,3,629,314,9273
3841,2773,1076158,2,717,358,9273
3842,2773,1567936,3,1045,522,9273
3843,2773,2462440,1,1641,820,9273
3844,2774,454410,1,302,151,9274
3845,2774,2258529,4,1505,752,9274
3846,2774,2590461,1,1726,863,9274
3847,2775,1982666,2,1321,660,9275
3848,2775,2809149,1,1872,936,9275
3849,2776,2500790,3,1667,833,9276
3850,2776,1718250,3,1145,572,9276
3851,2778,454410,3,302,151,9278
3852,2778,2408453,3,1605,802,9278
3853,2778,1297604,2,865,432,9278
3854,2779,1680739,4,1120,560,9279
3855,2779,2761916,3,1841,920,9279
3856,2779,3721162,1,2480,1240,9279
3857,2779,2233135,2,1488,744,9279
3858,2780,2838537,2,1892,946,9280
3859,2780,795181,2,530,265,9280
3860,2781,2523078,1,1682,841,9281
3861,2781,2210800,2,1473,736,9281
3862,2781,3528838,1,2352,1176,9281
3863,2782,1719472,1,1146,573,9282
3864,2782,2024993,2,1349,674,9282
3865,2782,3354604,1,2236,1118,9282
3866,2782,2177952,1,1451,725,9282
3867,2782,1138345,1,758,379,9282
3868,2783,4880895,1,3253,1626,9283
3869,2783,1169272,2,779,389,9283
3870,2783,2205898,1,1470,735,9283
3871,2783,2626511,2,1751,875,9283
3872,2784,2545667,3,1697,848,9284
3873,2784,2078051,3,1385,692,9284
3874,2784,2083146,3,1388,694,9284
3875,2785,2031849,3,1354,677,9285
3876,2785,1131094,1,754,377,9285
3877,2785,4470481,2,2980,1490,9285
3878,2785,2047125,3,1364,682,9285
3879,2785,2882364,2,1921,960,9285
3880,2786,1929893,1,1286,643,9286
3881,2786,1909331,3,1272,636,9286
3882,2787,1806393,1,1204,602,9287
3883,2788,687452,1,458,229,9288
3884,2788,2107826,1,1405,702,9288
3885,2789,1855915,2,1237,618,9289
3886,2789,3469841,2,2313,1156,9289
3887,2789,1048516,3,699,349,9289
3888,2790,1681961,1,1121,560,9290
3889,2790,1353464,1,902,451,9290
3890,2790,3746924,3,2497,1248,9290
3891,2790,1383147,1,922,461,9290
3892,2791,2846957,1,1897,948,9291
3893,2791,3263963,1,2175,1087,9291
3894,2791,2122650,2,1415,707,9291
3895,2792,864367,4,576,288,9292
3896,2792,877308,1,584,292,9292
3897,2792,3151091,3,2100,1050,9292
3898,2793,983190,2,655,327,9293
3899,2793,2672866,1,1781,890,9293
3900,2794,2388962,1,1592,796,9294
3901,2795,2657638,1,1771,885,9295
3902,2796,2754208,2,1836,918,9296
3903,2796,1317443,2,878,439,9296
3904,2796,1274647,4,849,424,9296
3905,2797,3003006,1,2002,1001,9297
3906,2797,1628593,2,1085,542,9297
3907,2798,454410,1,302,151,9298
3908,2798,2935351,1,1956,978,9298
3909,2798,1212553,2,808,404,9298
3910,2800,2749659,2,1833,916,9300
3911,2800,3696101,1,2464,1232,9300
3912,2801,2289187,2,1526,763,9301
3913,2801,3290142,1,2193,1096,9301
3914,2802,2429295,2,1619,809,9302
3915,2802,3895072,3,2596,1298,9302
3916,2803,1186127,2,790,395,9303
3917,2803,2263650,2,1509,754,9303
3918,2803,2960304,1,1973,986,9303
3919,2804,2077368,2,1384,692,9304
3920,2805,3450103,3,2300,1150,9305
3921,2805,1830322,2,1220,610,9305
3922,2805,4387820,2,2925,1462,9305
3923,2806,4441831,2,2961,1480,9306
3924,2806,2560446,1,1706,853,9306
3925,2806,2837041,1,1891,945,9306
3926,2807,3490440,3,2326,1163,9307
3927,2807,1058232,3,705,352,9307
3928,2807,930631,2,620,310,9307
3929,2808,3556639,3,2371,1185,9308
3930,2808,2552181,3,1701,850,9308
3931,2808,2040465,2,1360,680,9308
3932,2808,2283422,1,1522,761,9308
3933,2809,454410,3,302,151,9309
3934,2809,2077214,3,1384,692,9309
3935,2810,1502117,4,1001,500,9310
3936,2810,3210706,4,2140,1070,9310
3937,2810,3289390,1,2192,1096,9310
3938,2812,2861660,1,1907,953,9312
3939,2813,2676375,1,1784,892,9313
3940,2814,741129,3,494,247,9314
3941,2817,2875936,3,1917,958,9317
3942,2818,2915559,2,1943,971,9318
3943,2818,3545161,1,2363,1181,9318
3944,2819,4437753,2,2958,1479,9319
3945,2819,541538,2,361,180,9319
3946,2820,1874862,3,1249,624,9320
3947,2820,1513139,2,1008,504,9320
3948,2821,2448424,3,1632,816,9321
3949,2822,2285751,2,1523,761,9322
3950,2822,2032718,3,1355,677,9322
3951,2823,3322694,3,2215,1107,9323
3952,2824,1145939,1,763,381,9324
3953,2825,1207583,3,805,402,9325
3954,2826,1224858,3,816,408,9326
3955,2826,1903642,2,1269,634,9326
3956,2827,1015911,2,677,338,9327
3957,2827,2222388,4,1481,740,9327
3958,2827,2102848,1,1401,700,9327
3959,2828,1467899,3,978,489,9328
3960,2828,3165407,2,2110,1055,9328
3961,2829,2211214,3,1474,737,9329
3962,2829,3358523,2,2239,1119,9329
3963,2830,2072626,1,1381,690,9330
3964,2831,2247312,2,1498,749,9331
3965,2831,1696648,3,1131,565,9331
3966,2831,2264844,2,1509,754,9331
3967,2832,3000250,1,2000,1000,9332
3968,2833,1851492,1,1234,617,9333
3969,2834,2802085,3,1868,934,9334
3970,2834,1441079,4,960,480,9334
3971,2834,3048119,1,2032,1016,9334
3972,2835,1679140,4,1119,559,9335
3973,2836,3142825,2,2095,1047,9336
3974,2836,2334393,3,1556,778,9336
3975,2836,3827106,2,2551,1275,9336
3976,2837,1092105,2,728,364,9337
3977,2837,762773,2,508,254,9337
3978,2837,1642015,1,1094,547,9337
3979,2837,856392,1,570,285,9337
3980,2838,858310,3,572,286,9338
3981,2838,2907536,1,1938,969,9338
3982,2839,2267777,2,1511,755,9339
3983,2839,1781613,2,1187,593,9339
3984,2839,1876410,1,1250,625,9339
3985,2840,1661420,4,1107,553,9340
3986,2840,3959423,1,2639,1319,9340
3987,2841,1520052,1,1013,506,9341
3988,2841,920270,2,613,306,9341
3989,2841,3085949,1,2057,1028,9341
3990,2842,2051456,2,1367,683,9342
3991,2843,4356536,2,2904,1452,9343
3992,2843,1734045,2,1156,578,9343
3993,2844,3137002,2,2091,1045,9344
3994,2845,3378511,1,2252,1126,9345
3995,2845,1739024,3,1159,579,9345
3996,2845,1512470,2,1008,504,9345
3997,2845,3030038,2,2020,1010,9345
3998,2846,2859831,3,1906,953,9346
3999,2846,829810,2,553,276,9346
4000,2846,1118312,3,745,372,9346
4001,2846,454410,3,302,151,9346
4002,2847,2880786,3,1920,960,9347
4003,2848,2004351,3,1336,668,9348
4004,2848,2106263,2,1404,702,9348
4005,2849,542679,2,361,180,9349
4006,2850,1149325,2,766,383,9350
4007,2850,1783373,1,1188,594,9350
4008,2850,1584648,3,1056,528,9350
4009,2850,2392527,2,1595,797,9350
4010,2850,2868600,3,1912,956,9350
4011,2851,4592551,2,3061,1530,9351
4012,2852,2251583,3,1501,750,9352
4013,2852,3412461,1,2274,1137,9352
4014,2853,1423467,1,948,474,9353
4015,2853,559547,1,373,186,9353
4016,2853,1911848,2,1274,637,9353
4017,2854,638503,1,425,212,9354
4018,2854,2287051,1,1524,762,9354
4019,2854,1474095,2,982,491,9354
4020,2854,454410,2,302,151,9354
4021,2855,4046999,1,2697,1348,9355
4022,2855,1722434,4,1148,574,9355
4023,2855,597711,2,398,199,9355
4024,2856,3190360,1,2126,1063,9356
4025,2856,1527098,1,1018,509,9356
4026,2856,3386659,2,2257,1128,9356
4027,2857,1522210,2,1014,507,9357
4028,2858,1719023,3,1146,573,9358
4029,2858,2624613,2,1749,874,9358
4030,2858,2878570,4,1919,959,9358
4031,2858,3057764,2,2038,1019,9358
4032,2858,2180296,2,1453,726,9358
4033,2859,2812518,3,1875,937,9359
4034,2860,3034396,3,2022,1011,9360
4035,2860,2477115,3,1651,825,9360
4036,2860,2126192,2,1417,708,9360
4037,2860,794348,2,529,264,9360
4038,2861,2884658,1,1923,961,9361
4039,2862,2315168,2,1543,771,9362
4040,2862,1849159,3,1232,616,9362
4041,2863,3578466,3,2385,1192,9363
4042,2863,812200,2,541,270,9363
4043,2863,3952948,4,2635,1317,9363
4044,2863,2249276,2,1499,749,9363
4045,2863,2596687,1,1731,865,9363
4046,2864,1868147,2,1245,622,9364
4047,2866,567597,1,378,189,9366
4048,2866,2129309,3,1419,709,9366
4049,2867,2614300,2,1742,871,9367
4050,2867,2963437,3,1975,987,9367
4051,2867,2069575,2,1379,689,9367
4052,2867,454410,2,302,151,9367
4053,2868,695820,1,463,231,9368
4054,2868,4370079,2,2913,1456,9368
4055,2868,1155016,2,770,385,9368
4056,2869,3731096,1,2487,1243,9369
4057,2871,1317018,2,878,439,9371
4058,2871,2085502,2,1390,695,9371
4059,2871,2911276,4,1940,970,9371
4060,2872,1433464,1,955,477,9372
4061,2873,3899965,2,2599,1299,9373
4062,2873,2349475,1,1566,783,9373
4063,2874,2743233,1,1828,914,9374
4064,2875,1998442,2,1332,666,9375
4065,2875,2945539,2,1963,981,9375
4066,2875,3886242,2,2590,1295,9375
4067,2875,2137819,2,1425,712,9375
4068,2875,4040546,2,2693,1346,9375
4069,2876,1646740,3,1097,548,9376
4070,2876,3053278,2,2035,1017,9376
4071,2876,2772130,2,1848,924,9376
4072,2877,1179507,2,786,393,9377
4073,2878,2490653,2,1660,830,9378
4074,2878,2279580,3,1519,759,9378
4075,2879,1399727,2,933,466,9379
4076,2879,2638079,2,1758,879,9379
4077,2879,2421619,2,1614,807,9379
4078,2879,2197835,1,1465,732,9379
4079,2879,2201934,1,1467,733,9379
4080,2880,2180021,1,1453,726,9380
4081,2880,1896105,4,1264,632,9380
4082,2880,2415018,1,1610,805,9380
4083,2880,1613697,3,1075,537,9380
4084,2880,4988430,1,3325,1662,9380
4085,2881,831116,3,554,277,9381
4086,2882,1674202,1,1116,558,9382
4087,2882,1754967,2,1169,584,9382
4088,2882,4358294,3,2905,1452,9382
4089,2882,922314,3,614,307,9382
4090,2883,2707521,2,1805,902,9383
4091,2883,2526013,1,1684,842,9383
4092,2883,2613131,1,1742,871,9383
4093,2884,3536114,3,2357,1178,9384
4094,2884,3515140,2,2343,1171,9384
4095,2884,1810981,2,1207,603,9384
4096,2884,2470417,2,1646,823,9384
4097,2885,454410,1,302,151,9385
4098,2885,2373364,2,1582,791,9385
4099,2885,1460257,2,973,486,9385
4100,2886,2081487,2,1387,693,9386
4101,2886,548888,1,365,182,9386
4102,2887,2685999,1,1790,895,9387
4103,2887,537440,2,358,179,9387
4104,2887,2423658,3,1615,807,9387
4105,2887,1018043,2,678,339,9387
4106,2888,1403357,2,935,467,9388
4107,2889,3452673,3,2301,1150,9389
4108,2889,2873149,2,1915,957,9389
4109,2889,3447020,2,2298,1149,9389
4110,2889,3866748,2,2577,1288,9389
4111,2889,1481882,3,987,493,9389
4112,2890,3804631,2,2536,1268,9390
4113,2891,773684,1,515,257,9391
4114,2891,3034878,1,2023,1011,9391
4115,2892,1767650,3,1178,589,9392
4116,2892,1320890,1,880,440,9392
4117,2892,2900297,2,1933,966,9392
4118,2893,3238188,4,2158,1079,9393
4119,2893,3207840,3,2138,1069,9393
4120,2893,2491726,4,1661,830,9393
4121,2894,2406965,1,1604,802,9394
4122,2895,2810729,3,1873,936,9395
4123,2895,2582624,2,1721,860,9395
4124,2896,2825543,2,1883,941,9396
4125,2896,2480623,4,1653,826,9396
4126,2898,3133730,2,2089,1044,9398
4127,2898,608356,2,405,202,9398
4128,2899,2137832,1,1425,712,9399
4129,2901,857174,3,571,285,9401
4130,2902,2554955,1,1703,851,9402
4131,2902,3950795,3,2633,1316,9402
4132,2903,1787334,1,1191,595,9403
4133,2903,2402154,3,1601,800,9403
4134,2904,3045498,1,2030,1015,9404
4135,2905,454410,3,302,151,9405
4136,2905,1738232,2,1158,579,9405
4137,2906,2644738,1,1763,881,9406
4138,2906,454410,2,302,151,9406
4139,2907,1273338,1,848,424,9407
4140,2907,3397590,3,2265,1132,9407
4141,2907,3297535,1,2198,1099,9407
4142,2908,2654760,2,1769,884,9408
4143,2908,3174027,2,2116,1058,9408
4144,2909,2491976,4,1661,830,9409
4145,2909,2839897,2,1893,946,9409
4146,2910,1949318,2,1299,649,9410
4147,2910,2390458,2,1593,796,9410
4148,2912,1625500,1,1083,541,9412
4149,2912,3563862,1,2375,1187,9412
4150,2913,3827725,2,2551,1275,9413
4151,2913,3682902,1,2455,1227,9413
4152,2913,1854790,1,1236,618,9413
4153,2913,1296889,3,864,432,9413
4154,2914,3577655,2,2385,1192,9414
4155,2914,2828152,2,1885,942,9414
4156,2914,2608001,1,1738,869,9414
4157,2915,1624210,2,1082,541,9415
4158,2915,2707257,3,1804,902,9415
4159,2915,1162437,2,774,387,9415
4160,2916,2920328,2,1946,973,9416
4161,2916,3681853,1,2454,1227,9416
4162,2917,3939666,2,2626,1313,9417
4163,2917,2996460,3,1997,998,9417
4164,2918,859040,3,572,286,9418
4165,2918,2473804,3,1649,824,9418
4166,2918,4459707,2,2973,1486,9418
4167,2919,1383961,2,922,461,9419
4168,2920,2211540,2,1474,737,9420
4169,2920,3717267,1,2478,1239,9420
4170,2920,2903020,1,1935,967,9420
4171,2921,4807816,2,3205,1602,9421
4172,2921,1522747,2,1015,507,9421
4173,2921,1260101,3,840,420,9421
4174,2922,3523622,3,2349,1174,9422
4175,2922,1049356,1,699,349,9422
4176,2922,2070869,3,1380,690,9422
4177,2923,2204931,2,1469,734,9423
4178,2924,3331267,3,2220,1110,9424
4179,2924,2900090,3,1933,966,9424
4180,2924,2739362,3,1826,913,9424
4181,2924,1860595,2,1240,620,9424
4182,2925,3514296,3,2342,1171,9425
4183,2926,5907327,1,3938,1969,9426
4184,2926,2978831,3,1985,992,9426
4185,2928,2373956,2,1582,791,9428
4186,2928,945085,2,630,315,9428
4187,2928,1620274,1,1080,540,9428
4188,2929,2053547,2,1369,684,9429
4189,2929,1725462,3,1150,575,9429
4190,2929,2255611,2,1503,751,9429
4191,2929,4089932,3,2726,1363,9429
4192,2930,3547180,2,2364,1182,9430
4193,2930,2109655,3,1406,703,9430
4194,2930,1036677,2,691,345,9430
4195,2930,3639403,1,2426,1213,9430
4196,2931,2221895,2,1481,740,9431
4197,2932,506837,4,337,168,9432
4198,2933,3000453,2,2000,1000,9433
4199,2933,3320734,2,2213,1106,9433
4200,2933,454410,4,302,151,9433
4201,2934,1429006,3,952,476,9434
4202,2934,2159118,3,1439,719,9434
4203,2934,3023029,2,2015,1007,9434
4204,2935,1744738,3,1163,581,9435
4205,2935,1421249,3,947,473,9435
4206,2935,3015523,1,2010,1005,9435
4207,2935,1793226,2,1195,597,9435
4208,2935,2826258,2,1884,942,9435
4209,2936,1135611,2,757,378,9436
4210,2937,889394,2,592,296,9437
4211,2937,3044253,1,2029,1014,9437
4212,2938,2530231,1,1686,843,9438
4213,2938,3215188,3,2143,1071,9438
4214,2938,1727514,2,1151,575,9438
4215,2938,1459116,1,972,486,9438
4216,2938,3663278,1,2442,1221,9438
4217,2939,714942,3,476,238,9439
4218,2939,3551570,2,2367,1183,9439
4219,2939,3622162,3,2414,1207,9439
4220,2939,3151423,3,2100,1050,9439
4221,2939,1568819,1,1045,522,9439
4222,2939,1437217,2,958,479,9439
4223,2939,2057283,2,1371,685,9439
4224,2940,947972,1,631,315,9440
4225,2940,1288792,1,859,429,9440
4226,2940,2931240,1,1954,977,9440
4227,2941,2935958,1,1957,978,9441
4228,2941,1198941,2,799,399,9441
4229,2942,2963331,3,1975,987,9442
4230,2942,2736539,3,1824,912,9442
4231,2943,3815790,3,2543,1271,9443
4232,2943,2853947,2,1902,951,9443
4233,2944,3354366,3,2236,1118,9444
4234,2944,2759824,2,1839,919,9444
4235,2945,3273950,2,2182,1091,9445
4236,2945,956072,4,637,318,9445
4237,2946,2147575,1,1431,715,9446
4238,2947,2232192,1,1488,744,9447
4239,2947,2022834,2,1348,674,9447
4240,2948,2725888,2,1817,908,9448
4241,2948,2920653,1,1947,973,9448
4242,2948,2673101,1,1782,891,9448
4243,2949,2091138,1,1394,697,9449
4244,2949,1519822,3,1013,506,9449
4245,2949,3393836,3,2262,1131,9449
4246,2949,2629624,4,1753,876,9449
4247,2949,1230596,1,820,410,9449
4248,2950,2074019,1,1382,691,9450
4249,2950,489661,1,326,163,9450
4250,2950,2308213,3,1538,769,9450
4251,2951,2069221,2,1379,689,9451
4252,2951,1684701,2,1123,561,9451
4253,2952,3892179,2,2594,1297,9452
4254,2952,1089972,2,726,363,9452
4255,2953,2994281,1,1996,998,9453
4256,2953,4507788,3,3005,1502,9453
4257,2953,3373471,2,2248,1124,9453
4258,2953,2239803,1,1493,746,9453
4259,2953,1112552,3,741,370,9453
4260,2954,879447,2,586,293,9454
4261,2954,1851269,2,1234,617,9454
4262,2954,1569644,2,1046,523,9454
4263,2954,1536368,3,1024,512,9454
4264,2955,1938419,2,1292,646,9455
4265,2957,2167509,1,1445,722,9457
4266,2957,2768140,2,1845,922,9457
4267,2957,1006499,2,670,335,9457
4268,2957,1574508,3,1049,524,9457
4269,2957,2108797,3,1405,702,9457
4270,2957,2072181,1,1381,690,9457
4271,2958,4149649,3,2766,1383,9458
4272,2958,2509503,1,1673,836,9458
4273,2958,622279,2,414,207,9458
4274,2958,2699607,2,1799,899,9458
4275,2958,2829948,3,1886,943,9458
4276,2958,2144115,2,1429,714,9458
4277,2959,1031445,3,687,343,9459
4278,2960,4069523,1,2713,1356,9460
4279,2960,1178176,2,785,392,9460
4280,2961,2947637,1,1965,982,9461
4281,2961,2476585,4,1651,825,9461
4282,2961,2886331,1,1924,962,9461
4283,2962,4017178,2,2678,1339,9462
4284,2963,2846281,2,1897,948,9463
4285,2963,1700858,1,1133,566,9463
4286,2964,3402840,1,2268,1134,9464
4287,2964,1626799,2,1084,542,9464
4288,2964,2439274,2,1626,813,9464
4289,2964,949972,1,633,316,9464
4290,2964,1215599,1,810,405,9464
4291,2967,2324588,3,1549,774,9467
4292,2967,2648389,3,1765,882,9467
4293,2967,531487,3,354,177,9467
4294,2968,2780487,1,1853,926,9468
4295,2968,1434247,3,956,478,9468
4296,2968,3580430,2,2386,1193,9468
4297,2968,1912193,4,1274,637,9468
4298,2968,1123233,2,748,374,9468
4299,2969,2349553,1,1566,783,9469
4300,2969,1335270,3,890,445,9469
4301,2969,3569446,2,2379,1189,9469
4302,2969,2272591,2,1515,757,9469
4303,2970,2116971,1,1411,705,9470
4304,2970,2877119,4,1918,959,9470
4305,2970,1244569,1,829,414,9470
4306,2970,953990,4,635,317,9470
4307,2971,2689557,2,1793,896,9471
4308,2971,1147721,1,765,382,9471
4309,2972,1147374,3,764,382,9472
4310,2972,3127567,2,2085,1042,9472
4311,2973,2808886,2,1872,936,9473
4312,2973,990106,1,660,330,9473
4313,2973,1639031,2,1092,546,9473
4314,2973,1348054,2,898,449,9473
4315,2973,4088197,1,2725,1362,9473
4316,2974,3198374,1,2132,1066,9474
4317,2974,1841768,2,1227,613,9474
4318,2974,2861163,2,1907,953,9474
4319,2974,885454,3,590,295,9474
4320,2974,1584321,2,1056,528,9474
4321,2976,2379264,1,1586,793,9476
4322,2976,2734420,4,1822,911,9476
4323,2976,2172405,2,1448,724,9476
4324,2977,2525623,2,1683,841,9477
4325,2977,2352142,2,1568,784,9477
4326,2977,2104804,2,1403,701,9477
4327,2977,1969263,2,1312,656,9477
4328,2978,1836226,3,1224,612,9478
4329,2978,2509187,2,1672,836,9478
4330,2978,2692076,3,1794,897,9478
4331,2979,2474856,3,1649,824,9479
4332,2979,1067025,2,711,355,9479
4333,2979,1250723,2,833,416,9479
4334,2979,2679875,3,1786,893,9479
4335,2980,3776720,1,2517,1258,9480
4336,2981,2427882,4,1618,809,9481
4337,2982,1851150,1,1234,617,9482
4338,2982,2501420,2,1667,833,9482
4339,2983,1109738,1,739,369,9483
4340,2984,3610341,1,2406,1203,9484
4341,2985,2462827,3,1641,820,9485
4342,2986,1587581,4,1058,529,9486
4343,2986,2101514,1,1401,700,9486
4344,2986,1733196,2,1155,577,9486
4345,2986,3613129,2,2408,1204,9486
4346,2987,2065274,3,1376,688,9487
4347,2987,2430898,4,1620,810,9487
4348,2987,2858640,4,1905,952,9487
4349,2989,1514673,2,1009,504,9489
4350,2989,2470102,3,1646,823,9489
4351,2989,2552638,3,1701,850,9489
4352,2989,683125,2,455,227,9489
4353,2990,2530411,1,1686,843,9490
4354,2990,2225261,1,1483,741,9490
4355,2990,2404929,3,1603,801,9490
4356,2991,2308478,3,1538,769,9491
4357,2991,2537030,2,1691,845,9491
4358,2993,3639378,2,2426,1213,9493
4359,2993,1066095,3,710,355,9493
4360,2993,1922225,1,1281,640,9493
4361,2994,2953615,2,1969,984,9494
4362,2994,2763758,4,1842,921,9494
4363,2995,2741755,2,1827,913,9495
4364,2995,5087367,1,3391,1695,9495
4365,2995,2899955,2,1933,966,9495
4366,2995,3428345,3,2285,1142,9495
4367,2995,1958092,1,1305,652,9495
4368,2995,1256873,2,837,418,9495
4369,2996,1950684,2,1300,650,9496
4370,2996,2999973,1,1999,999,9496
4371,2996,2687999,2,1791,895,9496
4372,2996,2684342,2,1789,894,9496
4373,2996,2052899,2,1368,684,9496
4374,2997,1889865,2,1259,629,9497
4375,2997,2088159,1,1392,696,9497
4376,2997,3012769,1,2008,1004,9497
4377,2997,3131627,1,2087,1043,9497
4378,2998,1243245,3,828,414,9498
4379,2998,3051485,2,2034,1017,9498
4380,2999,1606737,2,1071,535,9499
4381,3000,2751485,1,1834,917,9500
4382,3000,2075779,2,1383,691,9500
4383,3000,3872946,3,2581,1290,9500
4384,3000,1844600,3,1229,614,9500
4385,3000,2454666,2,1636,818,9500
4386,3000,2892243,1,1928,964,9500
4387,3001,1378494,1,918,459,9501
4388,3001,2197558,2,1465,732,9501
4389,3002,1999487,1,1332,666,9502
4390,3003,1746715,2,1164,582,9503
4391,3004,1822467,3,1214,607,9504
4392,3004,3408997,2,2272,1136,9504
4393,3005,1660078,3,1106,553,9505
4394,3006,2851157,1,1900,950,9506
4395,3006,2593698,2,1729,864,9506
4396,3006,843746,1,562,281,9506
4397,3007,2802859,2,1868,934,9507
4398,3007,826842,1,551,275,9507
4399,3007,2914224,3,1942,971,9507
4400,3008,1753485,2,1168,584,9508
4401,3009,2280604,3,1520,760,9509
4402,3009,948749,2,632,316,9509
4403,3009,2397175,1,1598,799,9509
4404,3010,3219784,1,2146,1073,9510
4405,3010,1446990,2,964,482,9510
4406,3010,1651268,4,1100,550,9510
4407,3010,2736864,2,1824,912,9510
4408,3010,2762421,2,1841,920,9510
4409,3011,454410,2,302,151,9511
4410,3012,4332645,2,2888,1444,9512
4411,3012,2812454,4,1874,937,9512
4412,3012,2984594,3,1989,994,9512
4413,3012,2125290,2,1416,708,9512
4414,3012,454410,2,302,151,9512
4415,3013,2961900,2,1974,987,9513
4416,3014,1694188,2,1129,564,9514
4417,3014,2828177,2,1885,942,9514
4418,3014,2048342,1,1365,682,9514
4419,3015,2515426,3,1676,838,9515
4420,3015,1479676,2,986,493,9515
4421,3015,3155819,3,2103,1051,9515
4422,3016,1057024,4,704,352,9516
4423,3016,4567969,3,3045,1522,9516
4424,3017,4560177,2,3040,1520,9517
4425,3017,3941357,4,2627,1313,9517
4426,3017,3576127,2,2384,1192,9517
4427,3018,2185605,1,1457,728,9518
4428,3018,3464752,2,2309,1154,9518
4429,3019,2173716,4,1449,724,9519
4430,3019,683698,1,455,227,9519
4431,3022,3808955,1,2539,1269,9522
4432,3022,3426184,3,2284,1142,9522
4433,3022,2240007,2,1493,746,9522
4434,3022,1019394,2,679,339,9522
4435,3023,1672705,3,1115,557,9523
4436,3023,454410,1,302,151,9523
4437,3023,3238321,1,2158,1079,9523
4438,3024,632791,1,421,210,9524
4439,3024,2565311,3,1710,855,9524
4440,3025,1409438,2,939,469,9525
4441,3026,813356,1,542,271,9526
4442,3027,2515749,1,1677,838,9527
4443,3027,1930765,2,1287,643,9527
4444,3027,3129032,3,2086,1043,9527
4445,3027,976021,1,650,325,9527
4446,3028,1497754,1,998,499,9528
4447,3029,454410,1,302,151,9529
4448,3029,454410,2,302,151,9529
4449,3029,4110561,2,2740,1370,9529
4450,3030,4402366,4,2934,1467,9530
4451,3030,2366854,2,1577,788,9530
4452,3030,1429748,2,953,476,9530
4453,3031,1966908,3,1311,655,9531
4454,3032,3165211,3,2110,1055,9532
4455,3032,1746126,1,1164,582,9532
4456,3034,2515011,4,1676,838,9534
4457,3034,2259007,2,1506,753,9534
4458,3034,1690482,2,1126,563,9534
4459,3034,1734058,3,1156,578,9534
4460,3036,2571947,2,1714,857,9536
4461,3041,1273257,4,848,424,9541
4462,3041,2733907,1,1822,911,9541
4463,3041,1789896,3,1193,596,9541
4464,3051,2402272,2,1601,800,9551
4465,3063,3687043,3,2458,1229,9563
4466,3068,2100086,2,1400,700,9568
4467,3068,3212477,2,2141,1070,9568
4468,3069,454410,3,302,151,9569
4469,3069,1791139,2,1194,597,9569
4470,3069,2300358,1,1533,766,9569
4471,3070,4238505,3,2825,1412,9570
4472,3070,454410,3,302,151,9570
4473,3071,2173682,2,1449,724,9571
4474,3071,3761400,2,2507,1253,9571
4475,3071,1469427,2,979,489,9571
4476,3071,2054438,3,1369,684,9571
4477,3072,2611226,1,1740,870,9572
4478,3072,2460695,2,1640,820,9572
4479,3072,3872927,3,2581,1290,9572
4480,3072,2730579,1,1820,910,9572
4481,3073,3629593,2,2419,1209,9573
4482,3073,1903969,3,1269,634,9573
4483,3073,1514919,3,1009,504,9573
4484,3073,2041265,3,1360,680,9573
4485,3074,1086956,2,724,362,9574
4486,3075,2766402,1,1844,922,9575
4487,3075,1877519,1,1251,625,9575
4488,3076,1585197,3,1056,528,9576
4489,3076,2781888,3,1854,927,9576
4490,3076,1102689,3,735,367,9576
4491,3077,3059827,1,2039,1019,9577
4492,3077,1782986,3,1188,594,9577
4493,3077,3457135,1,2304,1152,9577
4494,3077,1870505,1,1247,623,9577
4495,3077,2918127,2,1945,972,9577
4496,3078,2455638,3,1637,818,9578
4497,3078,3032631,4,2021,1010,9578
4498,3078,2384461,2,1589,794,9578
4499,3078,571355,1,380,190,9578
4500,3079,3303462,1,2202,1101,9579
4501,3079,2182400,1,1454,727,9579
4502,3079,3079268,4,2052,1026,9579
4503,3080,2977772,3,1985,992,9580
4504,3080,1481414,3,987,493,9580
4505,3081,1336742,2,891,445,9581
4506,3081,2942099,2,1961,980,9581
4507,3081,1962001,3,1308,654,9581
4508,3082,3229475,1,2152,1076,9582
4509,3082,2089852,2,1393,696,9582
4510,3082,3318406,1,2212,1106,9582
4511,3083,2704845,2,1803,901,9583
4512,3084,2566481,2,1710,855,9584
4513,3084,1889652,1,1259,629,9584
4514,3084,2509688,2,1673,836,9584
4515,3085,3491648,2,2327,1163,9585
4516,3085,2216618,2,1477,738,9585
4517,3086,2815133,1,1876,938,9586
4518,3087,2319449,2,1546,773,9587
4519,3087,2399447,1,1599,799,9587
4520,3088,4034102,2,2689,1344,9588
4521,3089,3500724,3,2333,1166,9589
4522,3089,2353233,1,1568,784,9589
4523,3089,2491312,4,1660,830,9589
4524,3090,1554441,2,1036,518,9590
4525,3092,2095199,2,1396,698,9592
4526,3092,2588384,1,1725,862,9592
4527,3092,3141735,3,2094,1047,9592
4528,3092,3038069,2,2025,1012,9592
4529,3093,1137918,2,758,379,9593
4530,3093,3270938,1,2180,1090,9593
4531,3093,2181285,2,1454,727,9593
4532,3095,1262927,2,841,420,9595
4533,3096,3638398,2,2425,1212,9596
4534,3096,3768138,2,2512,1256,9596
4535,3097,2541710,1,1694,847,9597
4536,3097,2996735,1,1997,998,9597
4537,3097,3056706,2,2037,1018,9597
4538,3099,3699117,2,2466,1233,9599
4539,3099,3016442,3,2010,1005,9599
4540,3100,914591,3,609,304,9600
4541,3100,4326921,2,2884,1442,9600
4542,3101,3361600,2,2241,1120,9601
4543,3101,1751100,2,1167,583,9601
4544,3101,1219338,1,812,406,9601
4545,3101,2788181,2,1858,929,9601
4546,3102,1987550,2,1325,662,9602
4547,3102,2609444,1,1739,869,9602
4548,3103,3032125,1,2021,1010,9603
4549,3103,1692906,2,1128,564,9603
4550,3103,1130916,1,753,376,9603
4551,3103,2666518,1,1777,888,9603
4552,3104,1726701,4,1151,575,9604
4553,3104,2421421,1,1614,807,9604
4554,3104,898602,2,599,299,9604
4555,3105,2014212,1,1342,671,9605
4556,3105,3003032,1,2002,1001,9605
4557,3105,2891568,2,1927,963,9605
4558,3105,1466014,1,977,488,9605
4559,3105,1077590,3,718,359,9605
4560,3105,2288166,3,1525,762,9605
4561,3105,2845661,3,1897,948,9605
4562,3106,2686309,3,1790,895,9606
4563,3106,1748405,1,1165,582,9606
4564,3106,2576551,2,1717,858,9606
4565,3107,3808090,2,2538,1269,9607
4566,3108,2481793,3,1654,827,9608
4567,3112,602283,4,401,200,9612
4568,3112,2479806,3,1653,826,9612
4569,3112,4361836,3,2907,1453,9612
4570,3112,955792,4,637,318,9612
4571,3113,2302440,2,1534,767,9613
4572,3113,2040639,2,1360,680,9613
4573,3114,2370082,2,1580,790,9614
4574,3114,2470657,1,1647,823,9614
4575,3115,3437581,2,2291,1145,9615
4576,3115,2358733,1,1572,786,9615
4577,3115,3577947,1,2385,1192,9615
4578,3115,2151755,2,1434,717,9615
4579,3115,1914061,3,1276,638,9615
4580,3116,1587862,3,1058,529,9616
4581,3116,454410,1,302,151,9616
4582,3116,2554014,4,1702,851,9616
4583,3116,4372104,2,2914,1457,9616
4584,3117,2740559,2,1827,913,9617
4585,3117,2974195,1,1982,991,9617
4586,3119,1849757,1,1233,616,9619
4587,3119,2022237,3,1348,674,9619
4588,3119,3278768,2,2185,1092,9619
4589,3121,4325782,2,2883,1441,9621
4590,3121,3793360,2,2528,1264,9621
4591,3121,3095349,1,2063,1031,9621
4592,3121,2307988,2,1538,769,9621
4593,3122,2486470,3,1657,828,9622
4594,3122,1501647,3,1001,500,9622
4595,3122,791411,2,527,263,9622
4596,3122,1119986,4,746,373,9622
4597,3122,2322966,1,1548,774,9622
4598,3123,1973510,1,1315,657,9623
4599,3124,769659,4,513,256,9624
4600,3124,2233889,3,1489,744,9624
4601,3124,1946479,2,1297,648,9624
4602,3124,1072902,2,715,357,9624
4603,3125,1893570,1,1262,631,9625
4604,3125,1943900,2,1295,647,9625
4605,3126,1641586,2,1094,547,9626
4606,3126,3219497,2,2146,1073,9626
4607,3127,454410,1,302,151,9627
4608,3127,454410,2,302,151,9627
4609,3127,2275408,1,1516,758,9627
4610,3127,2370332,1,1580,790,9627
4611,3128,2685327,3,1790,895,9628
4612,3130,1720991,4,1147,573,9630
4613,3131,1333543,4,889,444,9631
4614,3131,2264569,3,1509,754,9631
4615,3131,1820570,2,1213,606,9631
4616,3133,3857899,2,2571,1285,9633
4617,3133,1940552,2,1293,646,9633
4618,3133,2217671,2,1478,739,9633
4619,3134,4802971,3,3201,1600,9634
4620,3135,2072922,1,1381,690,9635
4621,3135,2840676,2,1893,946,9635
4622,3135,2932850,3,1955,977,9635
4623,3135,3019850,1,2013,1006,9635
4624,3136,2568027,2,1712,856,9636
4625,3136,2470236,3,1646,823,9636
4626,3136,2374633,4,1583,791,9636
4627,3136,1683140,1,1122,561,9636
4628,3136,2604867,1,1736,868,9636
4629,3137,4346181,1,2897,1448,9637
4630,3137,3509877,1,2339,1169,9637
4631,3138,2582781,1,1721,860,9638
4632,3138,3147068,1,2098,1049,9638
4633,3138,1383384,3,922,461,9638
4634,3138,2005696,2,1337,668,9638
4635,3139,3241152,2,2160,1080,9639
4636,3139,3792562,1,2528,1264,9639
4637,3139,1483898,3,989,494,9639
4638,3140,1777618,4,1185,592,9640
4639,3143,4502336,1,3001,1500,9643
4640,3143,2370469,4,1580,790,9643
4641,3143,4136294,2,2757,1378,9643
4642,3144,2483544,2,1655,827,9644
4643,3145,2523749,2,1682,841,9645
4644,3145,1959708,2,1306,653,9645
4645,3145,3235738,4,2157,1078,9645
4646,3146,3660271,3,2440,1220,9646
4647,3146,1213840,3,809,404,9646
4648,3146,1911696,2,1274,637,9646
4649,3147,3207645,3,2138,1069,9647
4650,3147,2139596,1,1426,713,9647
4651,3147,1767601,2,1178,589,9647
4652,3148,3304227,4,2202,1101,9648
4653,3149,3400244,1,2266,1133,9649
4654,3149,1812325,2,1208,604,9649
4655,3150,2489177,2,1659,829,9650
4656,3150,1036478,2,690,345,9650
4657,3150,1356490,2,904,452,9650
4658,3150,2398998,2,1599,799,9650
4659,3154,2304160,2,1536,768,9654
4660,3154,1283494,2,855,427,9654
4661,3155,1540021,2,1026,513,9655
4662,3156,1183124,4,788,394,9656
4663,3156,2737312,2,1824,912,9656
4664,3157,454410,3,302,151,9657
4665,3158,1237790,1,825,412,9658
4666,3158,454410,3,302,151,9658
4667,3159,2700465,3,1800,900,9659
4668,3159,454410,2,302,151,9659
4669,3160,2304490,1,1536,768,9660
4670,3161,3948335,1,2632,1316,9661
4671,3161,3983005,4,2655,1327,9661
4672,3161,454410,1,302,151,9661
4673,3161,2577150,3,1718,859,9661
4674,3162,1260903,1,840,420,9662
4675,3162,1052160,3,701,350,9662
4676,3162,2156035,1,1437,718,9662
4677,3162,3527881,1,2351,1175,9662
4678,3163,2885153,1,1923,961,9663
4679,3163,1540873,1,1027,513,9663
4680,3163,2992891,2,1995,997,9663
4681,3164,454410,2,302,151,9664
4682,3164,1502221,1,1001,500,9664
4683,3166,1429684,2,953,476,9666
4684,3167,2352126,1,1568,784,9667
4685,3168,2064673,3,1376,688,9668
4686,3168,2127406,3,1418,709,9668
4687,3170,2093412,2,1395,697,9670
4688,3171,2294959,2,1529,764,9671
4689,3173,2824291,4,1882,941,9673
4690,3179,2424728,2,1616,808,9679
4691,3179,1981321,1,1320,660,9679
4692,3182,2682805,3,1788,894,9682
4693,3191,3116696,1,2077,1038,9691
4694,3195,1703556,2,1135,567,9695
4695,3214,2211314,1,1474,737,9714
4696,3230,3460008,1,2306,1153,9730
4697,3241,1144562,2,763,381,9741
4698,3242,4117216,3,2744,1372,9742
4699,3242,902867,3,601,300,9742
4700,3242,1918941,3,1279,639,9742
4701,3242,1300554,2,867,433,9742
4702,3252,4509034,2,3006,1503,9752
4703,3254,1757413,1,1171,585,9754
4704,3255,1759978,2,1173,586,9755
4705,3270,1892987,1,1261,630,9770
4706,3270,2369795,1,1579,789,9770
4707,3273,1936243,2,1290,645,9773
4708,3273,2136183,2,1424,712,9773
4709,3274,454410,2,302,151,9774
4710,3274,2330490,4,1553,776,9774
4711,3275,2290255,2,1526,763,9775
4712,3275,3333905,2,2222,1111,9775
4713,3275,3610462,3,2406,1203,9775
4714,3275,2080132,4,1386,693,9775
4715,3276,3106580,3,2071,1035,9776
4716,3276,1145781,1,763,381,9776
4717,3276,3056597,1,2037,1018,9776
4718,3280,1686737,1,1124,562,9780
4719,3282,1060788,2,707,353,9782
4720,3282,2082299,1,1388,694,9782
4721,3285,3703923,2,2469,1234,9785
4722,3286,2457113,2,1638,819,9786
4723,3286,3802091,1,2534,1267,9786
4724,3287,1506528,1,1004,502,9787
4725,3287,3343395,1,2228,1114,9787
4726,3287,1605266,2,1070,535,9787
4727,3287,2502430,2,1668,834,9787
4728,3288,2493590,2,1662,831,9788
4729,3288,2948373,1,1965,982,9788
4730,3289,2528412,1,1685,842,9789
4731,3290,1516290,1,1010,505,9790
4732,3290,3172094,2,2114,1057,9790
4733,3291,4042533,2,2695,1347,9791
4734,3292,1675156,2,1116,558,9792
4735,3292,454410,2,302,151,9792
4736,3293,2782564,3,1855,927,9793
4737,3294,1933443,1,1288,644,9794
4738,3294,2138007,1,1425,712,9794
4739,3295,2840697,3,1893,946,9795
4740,3296,1805423,2,1203,601,9796
4741,3296,1997169,1,1331,665,9796
4742,3296,2169685,2,1446,723,9796
4743,3297,3774758,3,2516,1258,9797
4744,3297,2302793,4,1535,767,9797
4745,3298,1008669,2,672,336,9798
4746,3298,1049356,3,699,349,9798
4747,3298,2414401,1,1609,804,9798
4748,3298,1117297,2,744,372,9798
4749,3298,674715,2,449,224,9798
4750,3299,2921835,2,1947,973,9799
4751,3300,2971895,4,1981,990,9800
4752,3300,1895658,2,1263,631,9800
4753,3300,2572293,1,1714,857,9800
4754,3300,2464389,1,1642,821,9800
4755,3300,2887976,4,1925,962,9800
4756,3301,2890359,3,1926,963,9801
4757,3301,454410,2,302,151,9801
4758,3301,2026158,2,1350,675,9801
4759,3302,2801566,2,1867,933,9802
4760,3302,1852389,1,1234,617,9802
4761,3302,2309063,2,1539,769,9802
4762,3303,3039581,1,2026,1013,9803
4763,3303,2354789,2,1569,784,9803
4764,3304,3813779,1,2542,1271,9804
4765,3304,3424305,1,2282,1141,9804
4766,3304,2150826,2,1433,716,9804
4767,3305,2069562,1,1379,689,9805
4768,3305,454410,2,302,151,9805
4769,3305,1938226,2,1292,646,9805
4770,3305,888437,4,592,296,9805
4771,3306,2498239,2,1665,832,9806
4772,3306,2428347,2,1618,809,9806
4773,3307,2983507,2,1989,994,9807
4774,3307,3700036,3,2466,1233,9807
4775,3307,2245191,2,1496,748,9807
4776,3308,4603597,2,3069,1534,9808
4777,3309,2509712,3,1673,836,9809
4778,3309,932455,1,621,310,9809
4779,3309,1697374,4,1131,565,9809
4780,3310,1890945,4,1260,630,9810
4781,3310,2877453,2,1918,959,9810
4782,3310,1303560,1,869,434,9810
4783,3316,1967392,3,1311,655,9816
4784,3320,2107398,1,1404,702,9820
4785,3321,1813880,3,1209,604,9821
4786,3321,3101658,1,2067,1033,9821
4787,3321,2927750,4,1951,975,9821
4788,3321,3464773,1,2309,1154,9821
4789,3323,1933602,2,1289,644,9823
4790,3326,3501540,1,2334,1167,9826
4791,3328,877468,2,584,292,9828
4792,3333,852534,2,568,284,9833
4793,3337,1031031,3,687,343,9837
4794,3338,2281467,2,1520,760,9838
4795,3345,3501387,3,2334,1167,9845
4796,3354,1656406,1,1104,552,9854
4797,3358,1784667,2,1189,594,9858
4798,3358,2051187,2,1367,683,9858
4799,3361,2857721,2,1905,952,9861
4800,3361,1783714,2,1189,594,9861
4801,3366,1726672,3,1151,575,9866
4802,3366,896487,2,597,298,9866
4803,3366,1687509,3,1125,562,9866
4804,3369,3475912,1,2317,1158,9869
4805,3369,2365014,2,1576,788,9869
4806,3370,1515605,4,1010,505,9870
4807,3370,3535910,1,2357,1178,9870
4808,3371,1673714,2,1115,557,9871
4809,3371,3723843,3,2482,1241,9871
4810,3374,3707128,3,2471,1235,9874
4811,3374,2329317,3,1552,776,9874
4812,3374,739899,2,493,246,9874
4813,3375,4612885,2,3075,1537,9875
4814,3375,2668009,1,1778,889,9875
4815,3375,1940900,2,1293,646,9875
4816,3376,3249615,1,2166,1083,9876
4817,3379,2990099,3,1993,996,9879
4818,3380,3612381,2,2408,1204,9880
4819,3382,1594850,1,1063,531,9882
4820,3382,2597663,2,1731,865,9882
4821,3385,1059589,3,706,353,9885
4822,3388,2953324,3,1968,984,9888
4823,3399,2248589,1,1499,749,9899
4824,3399,2559359,1,1706,853,9899
4825,3399,2122418,2,1414,707,9899
4826,3400,2015432,1,1343,671,9900
4827,3403,1384350,3,922,461,9903
4828,3408,3080202,3,2053,1026,9908
4829,3414,3795155,3,2530,1265,9914
4830,3414,1702899,4,1135,567,9914
4831,3414,2838001,3,1892,946,9914
4832,3415,2713923,4,1809,904,9915
4833,3416,2280328,3,1520,760,9916
4834,3416,711224,3,474,237,9916
4835,3416,941267,2,627,313,9916
4836,3417,1473556,1,982,491,9917
4837,3418,454410,4,302,151,9918
4838,3420,3711651,2,2474,1237,9920
4839,3420,2647997,3,1765,882,9920
4840,3420,2241416,1,1494,747,9920
4841,3420,454410,3,302,151,9920
4842,3421,454410,1,302,151,9921
4843,3421,2269655,2,1513,756,9921
4844,3421,4286721,2,2857,1428,9921
4845,3422,1557740,2,1038,519,9922
4846,3422,3155215,3,2103,1051,9922
4847,3422,1781386,1,1187,593,9922
4848,3422,2328527,3,1552,776,9922
4849,3422,3513969,3,2342,1171,9922
4850,3423,1918340,4,1278,639,9923
4851,3423,1566471,3,1044,522,9923
4852,3423,3721916,2,2481,1240,9923
4853,3424,2318628,1,1545,772,9924
4854,3425,3387721,4,2258,1129,9925
4855,3425,1571435,3,1047,523,9925
4856,3426,3710264,2,2473,1236,9926
4857,3426,2551812,1,1701,850,9926
4858,3427,2716585,1,1811,905,9927
4859,3427,2406630,3,1604,802,9927
4860,3427,1755240,2,1170,585,9927
4861,3427,2270328,1,1513,756,9927
4862,3429,1819535,3,1213,606,9929
4863,3430,3253110,1,2168,1084,9930
4864,3431,2064439,3,1376,688,9931
4865,3431,741987,2,494,247,9931
4866,3431,554969,2,369,184,9931
4867,3433,506614,3,337,168,9933
4868,3433,2903876,2,1935,967,9933
4869,3434,1094726,3,729,364,9934
4870,3434,2578863,2,1719,859,9934
4871,3434,2411686,2,1607,803,9934
4872,3435,2205890,2,1470,735,9935
4873,3435,2720284,2,1813,906,9935
4874,3435,2433902,4,1622,811,9935
4875,3436,454410,1,302,151,9936
4876,3436,1941167,3,1294,647,9936
4877,3436,2706684,1,1804,902,9936
4878,3437,3949110,1,2632,1316,9937
4879,3437,3996320,2,2664,1332,9937
4880,3437,878334,2,585,292,9937
4881,3438,1914482,2,1276,638,9938
4882,3439,670819,1,447,223,9939
4883,3440,3826013,2,2550,1275,9940
4884,3440,3307616,2,2205,1102,9940
4885,3440,2630498,1,1753,876,9940
4886,3440,2441868,1,1627,813,9940
4887,3441,3683637,2,2455,1227,9941
4888,3441,3510535,3,2340,1170,9941
4889,3442,3456059,2,2304,1152,9942
4890,3442,2738969,1,1825,912,9942
4891,3442,1914990,2,1276,638,9942
4892,3443,3056374,3,2037,1018,9943
4893,3443,3106388,1,2070,1035,9943
4894,3443,2077137,2,1384,692,9943
4895,3445,1912924,3,1275,637,9945
4896,3445,3430773,1,2287,1143,9945
4897,3446,3973478,3,2648,1324,9946
4898,3448,1505850,4,1003,501,9948
4899,3448,2002767,2,1335,667,9948
4900,3448,2630851,2,1753,876,9948
4901,3449,2769559,3,1846,923,9949
4902,3449,1737970,2,1158,579,9949
4903,3449,4197802,1,2798,1399,9949
4904,3449,2703609,2,1802,901,9949
4905,3455,2815347,2,1876,938,9955
4906,3455,4070371,3,2713,1356,9955
4907,3455,1812918,1,1208,604,9955
4908,3455,2181634,2,1454,727,9955
4909,3457,990625,3,660,330,9957
4910,3457,2095834,2,1397,698,9957
4911,3458,749737,1,499,249,9958
4912,3458,3036667,3,2024,1012,9958
4913,3459,2701463,2,1800,900,9959
4914,3459,1988767,3,1325,662,9959
4915,3459,2169374,1,1446,723,9959
4916,3460,3050589,2,2033,1016,9960
4917,3460,1110786,3,740,370,9960
4918,3460,2480795,2,1653,826,9960
4919,3461,2987243,1,1991,995,9961
4920,3461,454410,1,302,151,9961
4921,3462,2972345,4,1981,990,9962
4922,3462,560451,2,373,186,9962
4923,3464,2151818,3,1434,717,9964
4924,3464,1082572,3,721,360,9964
4925,3464,3735387,3,2490,1245,9964
4926,3466,1088983,2,725,362,9966
4927,3466,584858,2,389,194,9966
4928,3467,2408391,3,1605,802,9967
4929,3469,1849070,2,1232,616,9969
4930,3469,733707,4,489,244,9969
4931,3470,2809654,1,1873,936,9970
4932,3470,454410,1,302,151,9970
4933,3470,1212573,3,808,404,9970
4934,3470,1683933,1,1122,561,9970
4935,3471,3092259,4,2061,1030,9971
4936,3471,3596564,3,2397,1198,9971
4937,3471,3399558,4,2266,1133,9971
4938,3471,2115338,3,1410,705,9971
4939,3471,454410,1,302,151,9971
4940,3471,2671666,1,1781,890,9971
4941,3472,3775596,3,2517,1258,9972
4942,3472,3533504,1,2355,1177,9972
4943,3472,2745378,4,1830,915,9972
4944,3473,1055875,3,703,351,9973
4945,3473,1734964,2,1156,578,9973
4946,3473,4249223,2,2832,1416,9973
4947,3473,823553,2,549,274,9973
4948,3474,1098471,2,732,366,9974
4949,3474,3235734,3,2157,1078,9974
4950,3474,1831222,3,1220,610,9974
4951,3475,1063797,2,709,354,9975
4952,3475,3834280,1,2556,1278,9975
4953,3476,2743443,3,1828,914,9976
4954,3476,1881687,1,1254,627,9976
4955,3477,1100584,2,733,366,9977
4956,3478,4365363,3,2910,1455,9978
4957,3478,2247049,1,1498,749,9978
4958,3478,3700708,3,2467,1233,9978
4959,3478,3185720,2,2123,1061,9978
4960,3478,1739468,1,1159,579,9978
4961,3479,1747607,3,1165,582,9979
4962,3479,3750793,1,2500,1250,9979
4963,3480,3767359,3,2511,1255,9980
4964,3481,454410,1,302,151,9981
4965,3481,2834156,2,1889,944,9981
4966,3482,2148116,2,1432,716,9982
4967,3483,1215557,1,810,405,9983
4968,3483,2539664,2,1693,846,9983
4969,3483,892191,2,594,297,9983
4970,3483,1795135,3,1196,598,9983
4971,3484,1455672,3,970,485,9984
4972,3484,1761051,2,1174,587,9984
4973,3484,2198968,2,1465,732,9984
4974,3484,1233711,2,822,411,9984
4975,3484,3880502,2,2587,1293,9984
4976,3485,2776393,2,1850,925,9985
4977,3485,4106850,2,2737,1368,9985
4978,3485,2108380,3,1405,702,9985
4979,3485,1710954,2,1140,570,9985
4980,3486,4069892,2,2713,1356,9986
4981,3487,1681028,1,1120,560,9987
4982,3487,2089759,3,1393,696,9987
4983,3487,3008241,1,2005,1002,9987
4984,3487,1006571,1,671,335,9987
4985,3488,2999292,4,1999,999,9988
4986,3488,2868476,3,1912,956,9988
4987,3489,3569835,3,2379,1189,9989
4988,3490,3182050,2,2121,1060,9990
4989,3491,3601176,2,2400,1200,9991
4990,3491,2159151,2,1439,719,9991
4991,3491,1390036,3,926,463,9991
4992,3491,4429345,3,2952,1476,9991
4993,3492,711122,2,474,237,9992
4994,3492,813551,4,542,271,9992
4995,3492,2849848,2,1899,949,9992
4996,3492,3933471,1,2622,1311,9992
4997,3492,2465850,1,1643,821,9992
4998,3494,3293759,1,2195,1097,9994
4999,3494,454410,2,302,151,9994
5000,3494,1761303,2,1174,587,9994
5001,3494,454410,3,302,151,9994
5002,3495,3069958,2,2046,1023,9995
5003,3495,690126,3,460,230,9995
5004,3495,965579,2,643,321,9995
5005,3496,2797600,2,1865,932,9996
5006,3496,3357682,1,2238,1119,9996
5007,3496,2109517,3,1406,703,9996
5008,3496,2855006,1,1903,951,9996
5009,3498,2821895,2,1881,940,9998
5010,3499,2051792,2,1367,683,9999
5011,3499,1152798,3,768,384,9999
5012,3499,2849606,2,1899,949,9999
5013,3500,2898892,2,1932,966,10000
5014,3500,3186119,2,2124,1062,10000
5015,3500,2591113,3,1727,863,10000
5016,3500,1077349,2,718,359,10000
5017,3500,2977868,4,1985,992,10000
5018,3502,2270637,2,1513,756,10002
5019,3502,1778488,2,1185,592,10002
5020,3502,1970807,2,1313,656,10002
5021,3502,1566315,3,1044,522,10002
5022,3502,3180822,1,2120,1060,10002
5023,3503,822137,2,548,274,10003
5024,3503,1256287,2,837,418,10003
5025,3503,1935904,2,1290,645,10003
5026,3504,3921983,2,2614,1307,10004
5027,3504,3349969,2,2233,1116,10004
5028,3504,594417,2,396,198,10004
5029,3504,3653696,4,2435,1217,10004
5030,3505,3651726,2,2434,1217,10005
5031,3506,1071717,4,714,357,10006
5032,3506,454410,2,302,151,10006
5033,3506,2198208,3,1465,732,10006
5034,3508,3419640,1,2279,1139,10008
5035,3508,3898990,3,2599,1299,10008
5036,3509,1381696,1,921,460,10009
5037,3509,4063311,2,2708,1354,10009
5038,3509,454410,2,302,151,10009
5039,3509,1895746,2,1263,631,10009
5040,3509,1845484,2,1230,615,10009
5041,3510,3450224,1,2300,1150,10010
5042,3512,3599462,2,2399,1199,10012
5043,3512,3247668,4,2165,1082,10012
5044,3513,891217,2,594,297,10013
5045,3513,3154010,1,2102,1051,10013
5046,3517,2792505,3,1861,930,10017
5047,3517,563342,1,375,187,10017
5048,3519,454410,3,302,151,10019
5049,3523,3333312,3,2222,1111,10023
5050,3526,2087912,3,1391,695,10026
5051,3535,958050,4,638,319,10035
5052,3543,2059209,1,1372,686,10043
5053,3550,2644253,3,1762,881,10050
5054,3557,2187340,3,1458,729,10057
5055,3567,685264,1,456,228,10067
5056,3568,4199884,1,2799,1399,10068
5057,3572,3298784,2,2199,1099,10072
5058,3575,1929152,2,1286,643,10075
5059,3575,1970338,1,1313,656,10075
5060,3576,2639597,3,1759,879,10076
5061,3576,1117099,1,744,372,10076
5062,3576,2601961,3,1734,867,10076
5063,3579,911479,3,607,303,10079
5064,3580,2199933,4,1466,733,10080
5065,3580,1077276,3,718,359,10080
5066,3581,1128895,2,752,376,10081
5067,3582,3954672,1,2636,1318,10082
5068,3582,2332603,2,1555,777,10082
5069,3583,2484106,2,1656,828,10083
5070,3584,454410,3,302,151,10084
5071,3584,1661661,1,1107,553,10084
5072,3585,2743602,4,1829,914,10085
5073,3585,2470538,3,1647,823,10085
5074,3585,454410,2,302,151,10085
5075,3586,2483831,4,1655,827,10086
5076,3586,2646827,1,1764,882,10086
5077,3586,3584596,2,2389,1194,10086
5078,3586,1602126,1,1068,534,10086
5079,3587,454410,4,302,151,10087
5080,3587,1252929,1,835,417,10087
5081,3587,1150386,1,766,383,10087
5082,3587,3025276,1,2016,1008,10087
5083,3587,454410,3,302,151,10087
5084,3589,1813639,3,1209,604,10089
5085,3589,3729814,2,2486,1243,10089
5086,3592,2279423,3,1519,759,10092
5087,3594,3188463,2,2125,1062,10094
5088,3594,593438,2,395,197,10094
5089,3596,634140,4,422,211,10096
5090,3596,3741517,2,2494,1247,10096
5091,3597,2375534,1,1583,791,10097
5092,3597,2377639,2,1585,792,10097
5093,3598,1128825,3,752,376,10098
5094,3598,2375090,2,1583,791,10098
5095,3598,1100417,3,733,366,10098
5096,3599,3485532,2,2323,1161,10099
5097,3600,5061043,2,3374,1687,10100
5098,3601,2766841,2,1844,922,10101
5099,3602,1622866,2,1081,540,10102
5100,3602,454410,4,302,151,10102
5101,3603,549816,2,366,183,10103
5102,3604,3861774,2,2574,1287,10104
5103,3604,1219781,3,813,406,10104
5104,3605,1892899,3,1261,630,10105
5105,3605,2942069,3,1961,980,10105
5106,3605,3787575,3,2525,1262,10105
5107,3606,2067987,1,1378,689,10106
5108,3607,1858309,1,1238,619,10107
5109,3607,2345276,3,1563,781,10107
5110,3607,1630338,2,1086,543,10107
5111,3608,1685364,2,1123,561,10108
5112,3609,2693164,3,1795,897,10109
5113,3609,2461495,4,1640,820,10109
5114,3609,4451449,3,2967,1483,10109
5115,3609,2720738,3,1813,906,10109
5116,3610,3449006,1,2299,1149,10110
5117,3610,1176743,1,784,392,10110
5118,3610,2808981,1,1872,936,10110
5119,3611,1532857,3,1021,510,10111
5120,3612,2676369,3,1784,892,10112
5121,3612,2976002,3,1984,992,10112
5122,3614,2323036,3,1548,774,10114
5123,3614,4733352,2,3155,1577,10114
5124,3615,3732047,1,2488,1244,10115
5125,3616,3475691,1,2317,1158,10116
5126,3616,3053472,2,2035,1017,10116
5127,3616,4074948,1,2716,1358,10116
5128,3617,802860,4,535,267,10117
5129,3617,3673057,1,2448,1224,10117
5130,3617,1258579,2,839,419,10117
5131,3617,1695056,1,1130,565,10117
5132,3618,2846029,2,1897,948,10118
5133,3618,3532920,2,2355,1177,10118
5134,3619,1092607,2,728,364,10119
5135,3620,1748012,1,1165,582,10120
5136,3620,2371768,2,1581,790,10120
5137,3620,2081504,1,1387,693,10120
5138,3621,3145230,2,2096,1048,10121
5139,3622,5785017,4,3856,1928,10122
5140,3623,2700772,2,1800,900,10123
5141,3623,1520368,3,1013,506,10123
5142,3624,946470,2,630,315,10124
5143,3624,1939502,1,1293,646,10124
5144,3625,1310717,2,873,436,10125
5145,3625,2750082,4,1833,916,10125
5146,3625,2734206,2,1822,911,10125
5147,3626,1798496,2,1198,599,10126
5148,3626,4301511,1,2867,1433,10126
5149,3627,1520111,1,1013,506,10127
5150,3627,2149940,1,1433,716,10127
5151,3628,2925543,4,1950,975,10128
5152,3628,3184106,3,2122,1061,10128
5153,3629,3578271,4,2385,1192,10129
5154,3629,2710153,2,1806,903,10129
5155,3629,3346525,1,2231,1115,10129
5156,3629,1592028,1,1061,530,10129
5157,3629,3210716,2,2140,1070,10129
5158,3630,3197064,2,2131,1065,10130
5159,3631,3818858,2,2545,1272,10131
5160,3631,566203,1,377,188,10131
5161,3632,1344525,3,896,448,10132
5162,3632,3113646,1,2075,1037,10132
5163,3632,454410,2,302,151,10132
5164,3633,2775087,2,1850,925,10133
5165,3633,3355616,2,2237,1118,10133
5166,3633,1682750,1,1121,560,10133
5167,3634,1832213,2,1221,610,10134
5168,3635,1173827,4,782,391,10135
5169,3635,1738808,3,1159,579,10135
5170,3636,1768436,3,1178,589,10136
5171,3636,1573897,1,1049,524,10136
5172,3636,1517831,1,1011,505,10136
5173,3637,1994968,3,1329,664,10137
5174,3638,1982597,3,1321,660,10138
5175,3638,4188203,2,2792,1396,10138
5176,3640,1869025,2,1246,623,10140
5177,3640,2623916,1,1749,874,10140
5178,3641,1682231,3,1121,560,10141
5179,3642,1669233,3,1112,556,10142
5180,3643,529463,1,352,176,10143
5181,3643,665450,1,443,221,10143
5182,3643,1037987,3,691,345,10143
5183,3643,2459865,1,1639,819,10143
5184,3643,3372353,4,2248,1124,10143
5185,3643,454410,2,302,151,10143
5186,3644,1710661,2,1140,570,10144
5187,3644,874510,2,583,291,10144
5188,3644,2001846,2,1334,667,10144
5189,3645,3371939,3,2247,1123,10145
5190,3646,1815147,3,1210,605,10146
5191,3648,2223467,3,1482,741,10148
5192,3648,3759907,2,2506,1253,10148
5193,3648,2740217,2,1826,913,10148
5194,3648,1494914,2,996,498,10148
5195,3650,2434527,2,1623,811,10150
5196,3651,1425945,3,950,475,10151
5197,3651,2701959,3,1801,900,10151
5198,3651,2798944,2,1865,932,10151
5199,3653,874235,1,582,291,10153
5200,3653,2451126,4,1634,817,10153
5201,3653,2151840,2,1434,717,10153
5202,3655,2828939,2,1885,942,10155
5203,3655,3122037,4,2081,1040,10155
5204,3656,2760204,1,1840,920,10156
5205,3656,1962057,2,1308,654,10156
5206,3657,3226306,2,2150,1075,10157
5207,3670,1379410,1,919,459,10170
5208,3684,921918,2,614,307,10184
5209,3685,454410,1,302,151,10185
5210,3692,2200335,1,1466,733,10192
5211,3693,1432082,1,954,477,10193
5212,3705,2678722,1,1785,892,10205
5213,3724,454410,1,302,151,10224
5214,3730,1610359,2,1073,536,10230
5215,3751,2752863,2,1835,917,10251
5216,3758,1219122,2,812,406,10258
5217,3763,2690482,4,1793,896,10263
5218,3763,1702537,2,1135,567,10263
5219,3778,2238505,3,1492,746,10278
5220,3784,2880552,3,1920,960,10284
5221,3786,3246210,2,2164,1082,10286
5222,3787,2366615,2,1577,788,10287
5223,3789,1439787,2,959,479,10289
5224,3797,1803740,2,1202,601,10297
5225,3797,2923286,1,1948,974,10297
5226,3799,1227897,2,818,409,10299
5227,3800,2089990,2,1393,696,10300
5228,3800,1877513,1,1251,625,10300
5229,3802,2166370,3,1444,722,10302
5230,3802,1240136,4,826,413,10302
5231,3802,454410,2,302,151,10302
5232,3802,2804468,3,1869,934,10302
5233,3803,3257798,3,2171,1085,10303
5234,3803,454410,1,302,151,10303
5235,3811,2649247,3,1766,883,10311
5236,3815,3379519,2,2253,1126,10315
5237,3820,2881322,4,1920,960,10320
5238,3824,1846036,2,1230,615,10324
5239,3825,1307398,3,871,435,10325
5240,3831,2354843,2,1569,784,10331
5241,3834,2525390,4,1683,841,10334
5242,3839,2370005,1,1580,790,10339
5243,3839,2087875,3,1391,695,10339
5244,3839,1165122,3,776,388,10339
5245,3839,2704215,2,1802,901,10339
5246,3840,2753461,2,1835,917,10340
5247,3841,2477374,1,1651,825,10341
5248,3841,2385531,1,1590,795,10341
5249,3841,3988951,3,2659,1329,10341
5250,3842,1633670,2,1089,544,10342
5251,3842,3582217,3,2388,1194,10342
5252,3842,1521566,2,1014,507,10342
5253,3843,3405865,3,2270,1135,10343
5254,3843,3533071,3,2355,1177,10343
5255,3843,1972427,1,1314,657,10343
5256,3844,3970254,3,2646,1323,10344
5257,3845,2751602,2,1834,917,10345
5258,3846,1375106,3,916,458,10346
5259,3846,1889503,3,1259,629,10346
5260,3846,3430210,3,2286,1143,10346
5261,3846,3215811,2,2143,1071,10346
5262,3847,1190285,1,793,396,10347
5263,3847,2129669,2,1419,709,10347
5264,3848,2480135,1,1653,826,10348
5265,3848,1753063,1,1168,584,10348
5266,3848,4682715,1,3121,1560,10348
5267,3849,2510952,1,1673,836,10349
5268,3849,2208851,2,1472,736,10349
5269,3850,3489601,3,2326,1163,10350
5270,3850,1898647,2,1265,632,10350
5271,3850,3302065,2,2201,1100,10350
5272,3851,566923,1,377,188,10351
5273,3852,1808223,2,1205,602,10352
5274,3852,3344642,1,2229,1114,10352
5275,3852,3877454,2,2584,1292,10352
5276,3852,1481414,1,987,493,10352
5277,3852,1362276,3,908,454,10352
5278,3852,2852219,1,1901,950,10352
5279,3853,1635045,2,1090,545,10353
5280,3853,1997449,3,1331,665,10353
5281,3853,3168105,2,2112,1056,10353
5282,3854,1715747,3,1143,571,10354
5283,3854,454410,1,302,151,10354
5284,3854,941792,2,627,313,10354
5285,3854,2282228,3,1521,760,10354
5286,3855,454410,3,302,151,10355
5287,3855,1968226,4,1312,656,10355
5288,3855,848739,4,565,282,10355
5289,3856,3948759,2,2632,1316,10356
5290,3857,4485739,2,2990,1495,10357
5291,3857,1190125,1,793,396,10357
5292,3858,2534565,2,1689,844,10358
5293,3858,1290111,2,860,430,10358
5294,3859,1955798,1,1303,651,10359
5295,3859,4115956,1,2743,1371,10359
5296,3860,1794896,2,1196,598,10360
5297,3860,1979598,4,1319,659,10360
5298,3861,1308386,3,872,436,10361
5299,3862,3443938,2,2295,1147,10362
5300,3862,454410,3,302,151,10362
5301,3862,1819323,2,1212,606,10362
5302,3863,2225134,2,1483,741,10363
5303,3863,1596149,2,1064,532,10363
5304,3864,3154957,2,2103,1051,10364
5305,3864,3501028,3,2334,1167,10364
5306,3864,828349,2,552,276,10364
5307,3864,4412476,1,2941,1470,10364
5308,3864,816878,1,544,272,10364
5309,3865,3589573,2,2393,1196,10365
5310,3865,2425236,2,1616,808,10365
5311,3865,1757054,2,1171,585,10365
5312,3866,1853503,1,1235,617,10366
5313,3867,2237785,3,1491,745,10367
5314,3867,2485140,3,1656,828,10367
5315,3868,1331263,1,887,443,10368
5316,3868,2032864,3,1355,677,10368
5317,3868,1484096,2,989,494,10368
5318,3869,1029756,2,686,343,10369
5319,3869,1436411,3,957,478,10369
5320,3870,1096290,4,730,365,10370
5321,3870,1842473,3,1228,614,10370
5322,3871,2714221,2,1809,904,10371
5323,3871,2395466,1,1596,798,10371
5324,3872,4290663,1,2860,1430,10372
5325,3872,454410,3,302,151,10372
5326,3872,2751914,3,1834,917,10372
5327,3872,2278613,1,1519,759,10372
5328,3873,3106008,2,2070,1035,10373
5329,3873,3004579,1,2003,1001,10373
5330,3873,2103358,1,1402,701,10373
5331,3874,2448571,3,1632,816,10374
5332,3874,1511296,2,1007,503,10374
5333,3874,2899489,2,1932,966,10374
5334,3875,454410,4,302,151,10375
5335,3875,3066293,1,2044,1022,10375
5336,3875,2248356,3,1498,749,10375
5337,3877,1774066,1,1182,591,10377
5338,3877,2034302,2,1356,678,10377
5339,3877,2109283,2,1406,703,10377
5340,3877,3598441,3,2398,1199,10377
5341,3877,5578044,2,3718,1859,10377
5342,3878,3519272,2,2346,1173,10378
5343,3879,1694047,2,1129,564,10379
5344,3879,2915952,1,1943,971,10379
5345,3879,2960476,3,1973,986,10379
5346,3880,1326144,2,884,442,10380
5347,3880,982980,2,655,327,10380
5348,3882,2207349,2,1471,735,10382
5349,3882,3097867,2,2065,1032,10382
5350,3883,624101,3,416,208,10383
5351,3884,1534987,3,1023,511,10384
5352,3885,2857541,3,1905,952,10385
5353,3886,2314708,2,1543,771,10386
5354,3886,3720078,3,2480,1240,10386
5355,3887,829036,2,552,276,10387
5356,3887,4676954,2,3117,1558,10387
5357,3888,699572,3,466,233,10388
5358,3888,454410,3,302,151,10388
5359,3889,2211815,2,1474,737,10389
5360,3889,1112153,1,741,370,10389
5361,3890,2232424,2,1488,744,10390
5362,3891,2196669,1,1464,732,10391
5363,3891,2071885,4,1381,690,10391
5364,3891,1410749,3,940,470,10391
5365,3892,2714406,1,1809,904,10392
5366,3892,1947597,1,1298,649,10392
5367,3892,3400460,1,2266,1133,10392
5368,3893,2087632,1,1391,695,10393
5369,3894,1285772,2,857,428,10394
5370,3894,546497,3,364,182,10394
5371,3894,2096081,1,1397,698,10394
5372,3896,974386,4,649,324,10396
5373,3896,891818,1,594,297,10396
5374,3897,2811333,1,1874,937,10397
5375,3897,454520,4,303,151,10397
5376,3899,3715907,3,2477,1238,10399
5377,3900,2435347,2,1623,811,10400
5378,3900,2227223,2,1484,742,10400
5379,3900,1214081,2,809,404,10400
5380,3902,3053560,2,2035,1017,10402
5381,3902,2269079,1,1512,756,10402
5382,3902,1570569,1,1047,523,10402
5383,3903,2476354,1,1650,825,10403
5384,3903,551532,4,367,183,10403
5385,3904,600054,4,400,200,10404
5386,3905,1126746,2,751,375,10405
5387,3905,2629413,1,1752,876,10405
5388,3905,2268718,2,1512,756,10405
5389,3905,3344549,2,2229,1114,10405
5390,3906,1331431,3,887,443,10406
5391,3906,2859602,1,1906,953,10406
5392,3907,2155625,4,1437,718,10407
5393,3907,1307859,3,871,435,10407
5394,3908,2665996,2,1777,888,10408
5395,3909,2204557,1,1469,734,10409
5396,3910,1628824,3,1085,542,10410
5397,3911,2314990,2,1543,771,10411
5398,3911,2139614,2,1426,713,10411
5399,3911,2114915,2,1409,704,10411
5400,3913,1850205,2,1233,616,10413
5401,3913,937841,2,625,312,10413
5402,3913,2348491,3,1565,782,10413
5403,3914,1451336,2,967,483,10414
5404,3914,1228842,2,819,409,10414
5405,3915,2025952,3,1350,675,10415
5406,3915,3022534,1,2015,1007,10415
5407,3916,2461824,1,1641,820,10416
5408,3916,1728997,2,1152,576,10416
5409,3916,1687892,1,1125,562,10416
5410,3917,2922119,2,1948,974,10417
5411,3917,454410,3,302,151,10417
5412,3917,3087293,2,2058,1029,10417
5413,3917,454410,1,302,151,10417
5414,3918,824905,2,549,274,10418
5415,3918,1746252,2,1164,582,10418
5416,3918,4490832,2,2993,1496,10418
5417,3918,3987080,3,2658,1329,10418
5418,3920,2994378,2,1996,998,10420
5419,3920,2636586,2,1757,878,10420
5420,3921,454410,1,302,151,10421
5421,3921,2432322,2,1621,810,10421
5422,3922,1710513,1,1140,570,10422
5423,3922,1437068,2,958,479,10422
5424,3922,2430323,3,1620,810,10422
5425,3923,1790376,2,1193,596,10423
5426,3924,3160840,3,2107,1053,10424
5427,3924,454410,2,302,151,10424
5428,3924,2348742,4,1565,782,10424
5429,3925,1373241,3,915,457,10425
5430,3926,1853228,2,1235,617,10426
5431,3926,2583506,3,1722,861,10426
5432,3926,1129689,1,753,376,10426
5433,3926,2439964,1,1626,813,10426
5434,3926,2054950,1,1369,684,10426
5435,3927,1596650,3,1064,532,10427
5436,3927,1790925,2,1193,596,10427
5437,3927,2114032,2,1409,704,10427
5438,3927,1486996,1,991,495,10427
5439,3928,2279303,1,1519,759,10428
5440,3928,1987635,3,1325,662,10428
5441,3930,1647060,2,1098,549,10430
5442,3931,3897539,2,2598,1299,10431
5443,3932,2696599,1,1797,898,10432
5444,3932,1880756,3,1253,626,10432
5445,3933,2421180,3,1614,807,10433
5446,3933,1222205,1,814,407,10433
5447,3934,1825484,3,1216,608,10434
5448,3935,1944795,2,1296,648,10435
5449,3936,997299,1,664,332,10436
5450,3936,2668088,2,1778,889,10436
5451,3936,1755099,1,1170,585,10436
5452,3936,1908612,1,1272,636,10436
5453,3936,1690577,3,1127,563,10436
5454,3937,5297488,2,3531,1765,10437
5455,3937,1594577,3,1063,531,10437
5456,3937,454410,2,302,151,10437
5457,3937,636243,3,424,212,10437
5458,3937,3048377,1,2032,1016,10437
5459,3937,3638468,1,2425,1212,10437
5460,3938,1574965,3,1049,524,10438
5461,3939,3579675,1,2386,1193,10439
5462,3939,3030267,2,2020,1010,10439
5463,3939,2078320,1,1385,692,10439
5464,3941,2005763,2,1337,668,10441
5465,3941,2456975,4,1637,818,10441
5466,3941,3169179,3,2112,1056,10441
5467,3941,2678252,1,1785,892,10441
5468,3941,1580065,3,1053,526,10441
5469,3941,2093936,4,1395,697,10441
5470,3942,4297736,4,2865,1432,10442
5471,3942,2528896,2,1685,842,10442
5472,3942,3160866,1,2107,1053,10442
5473,3944,2824039,2,1882,941,10444
5474,3944,2551536,4,1701,850,10444
5475,3945,2383185,2,1588,794,10445
5476,3946,3189561,3,2126,1063,10446
5477,3946,3006805,1,2004,1002,10446
5478,3946,2541860,2,1694,847,10446
5479,3946,1562731,1,1041,520,10446
5480,3947,2666253,1,1777,888,10447
5481,3947,2203539,2,1469,734,10447
5482,3948,1956881,2,1304,652,10448
5483,3948,5010889,1,3340,1670,10448
5484,3948,698489,2,465,232,10448
5485,3948,3252054,2,2168,1084,10448
5486,3949,1390035,2,926,463,10449
5487,3952,2406186,2,1604,802,10452
5488,3957,4898230,3,3265,1632,10457
5489,3968,1288102,2,858,429,10468
5490,3971,1531946,3,1021,510,10471
5491,3987,2254143,1,1502,751,10487
5492,3987,1405836,4,937,468,10487
5493,3987,3175928,3,2117,1058,10487
5494,3988,1725534,2,1150,575,10488
5495,3989,2940723,2,1960,980,10489
5496,3989,913057,2,608,304,10489
5497,3989,454410,3,302,151,10489
5498,3989,2037930,3,1358,679,10489
5499,3990,668372,1,445,222,10490
5500,3991,3824361,2,2549,1274,10491
5501,3991,707944,1,471,235,10491
5502,3992,1211095,2,807,403,10492
5503,3992,2694943,3,1796,898,10492
5504,3992,1672538,1,1115,557,10492
5505,3993,719616,1,479,239,10493
5506,3994,4357753,2,2905,1452,10494
5507,3994,1247957,3,831,415,10494
5508,3994,2071391,2,1380,690,10494
5509,3995,2058166,1,1372,686,10495
5510,3996,2998285,1,1998,999,10496
5511,3996,2744768,2,1829,914,10496
5512,3998,1426709,1,951,475,10498
5513,3998,1938916,2,1292,646,10498
5514,3998,2040039,2,1360,680,10498
5515,3999,3037802,2,2025,1012,10499
5516,3999,1077531,4,718,359,10499
5517,4000,4335410,3,2890,1445,10500
5518,4000,1495843,3,997,498,10500
5519,4001,2263103,3,1508,754,10501
5520,4001,1086050,2,724,362,10501
5521,4001,944783,2,629,314,10501
5522,4001,1378014,2,918,459,10501
5523,4002,1279765,3,853,426,10502
5524,4002,1848503,1,1232,616,10502
5525,4004,1271134,4,847,423,10504
5526,4005,2983197,1,1988,994,10505
5527,4006,1471509,2,981,490,10506
5528,4006,1358192,2,905,452,10506
5529,4006,1870269,2,1246,623,10506
5530,4008,3287149,4,2191,1095,10508
5531,4009,2491743,2,1661,830,10509
5532,4010,2170124,2,1446,723,10510
5533,4010,806872,1,537,268,10510
5534,4010,1103719,2,735,367,10510
5535,4011,964974,2,643,321,10511
5536,4011,3608203,1,2405,1202,10511
5537,4011,2814508,2,1876,938,10511
5538,4012,1391109,3,927,463,10512
5539,4012,1695023,3,1130,565,10512
5540,4012,1428254,2,952,476,10512
5541,4013,1366325,2,910,455,10513
5542,4013,2742671,2,1828,914,10513
5543,4014,1978066,1,1318,659,10514
5544,4015,4399881,1,2933,1466,10515
5545,4015,3550444,1,2366,1183,10515
5546,4016,3610891,1,2407,1203,10516
5547,4016,2958459,3,1972,986,10516
5548,4016,1839913,2,1226,613,10516
5549,4017,2883244,2,1922,961,10517
5550,4017,1915395,2,1276,638,10517
5551,4018,3938879,3,2625,1312,10518
5552,4020,2685393,1,1790,895,10520
5553,4020,2540292,2,1693,846,10520
5554,4020,2401971,2,1601,800,10520
5555,4020,4051336,2,2700,1350,10520
5556,4020,806151,2,537,268,10520
5557,4021,4151555,2,2767,1383,10521
5558,4021,2081721,3,1387,693,10521
5559,4021,834371,2,556,278,10521
5560,4021,1502973,4,1001,500,10521
5561,4023,584227,2,389,194,10523
5562,4023,2940362,1,1960,980,10523
5563,4024,1210475,3,806,403,10524
5564,4025,2444499,2,1629,814,10525
5565,4025,3431698,2,2287,1143,10525
5566,4026,1584964,2,1056,528,10526
5567,4026,1997934,1,1331,665,10526
5568,4027,939458,1,626,313,10527
5569,4028,1874984,4,1249,624,10528
5570,4028,4903788,1,3269,1634,10528
5571,4028,3067425,3,2044,1022,10528
5572,4029,2001383,1,1334,667,10529
5573,4030,1646646,1,1097,548,10530
5574,4030,2228460,3,1485,742,10530
5575,4030,2405016,2,1603,801,10530
5576,4033,1843583,3,1229,614,10533
5577,4035,2813993,2,1875,937,10535
5578,4035,1297223,2,864,432,10535
5579,4035,1292172,1,861,430,10535
5580,4036,2650545,1,1767,883,10536
5581,4036,1077204,3,718,359,10536
5582,4037,3017412,4,2011,1005,10537
5583,4037,2257448,1,1504,752,10537
5584,4038,454410,1,302,151,10538
5585,4039,2384003,2,1589,794,10539
5586,4039,549118,2,366,183,10539
5587,4039,2980958,2,1987,993,10539
5588,4039,2017758,2,1345,672,10539
5589,4040,4164638,2,2776,1388,10540
5590,4041,3367383,2,2244,1122,10541
5591,4041,1187574,4,791,395,10541
5592,4042,454410,1,302,151,10542
5593,4042,1500017,4,1000,500,10542
5594,4042,1023407,3,682,341,10542
5595,4042,4138724,3,2759,1379,10542
5596,4043,2261503,1,1507,753,10543
5597,4043,3226397,2,2150,1075,10543
5598,4044,1980627,1,1320,660,10544
5599,4045,2088353,2,1392,696,10545
5600,4045,2238690,1,1492,746,10545
5601,4046,3403399,3,2268,1134,10546
5602,4046,2590661,3,1727,863,10546
5603,4046,1191008,3,794,397,10546
5604,4047,3930943,2,2620,1310,10547
5605,4047,1972668,1,1315,657,10547
5606,4047,1806315,2,1204,602,10547
5607,4047,454410,4,302,151,10547
5608,4047,2920673,2,1947,973,10547
5609,4047,2375327,2,1583,791,10547
5610,4048,2374215,2,1582,791,10548
5611,4048,1860192,1,1240,620,10548
5612,4049,1683934,3,1122,561,10549
5613,4050,1894182,2,1262,631,10550
5614,4051,2745595,2,1830,915,10551
5615,4051,2925497,3,1950,975,10551
5616,4052,2035837,2,1357,678,10552
5617,4052,3242264,3,2161,1080,10552
5618,4054,2191304,1,1460,730,10554
5619,4055,1756517,1,1171,585,10555
5620,4055,2474913,2,1649,824,10555
5621,4057,882182,2,588,294,10557
5622,4058,2509985,1,1673,836,10558
5623,4060,695288,2,463,231,10560
5624,4061,1221278,3,814,407,10561
5625,4061,454410,3,302,151,10561
5626,4062,2093006,3,1395,697,10562
5627,4062,3917774,1,2611,1305,10562
5628,4063,2152347,1,1434,717,10563
5629,4063,2930065,2,1953,976,10563
5630,4063,4677107,2,3118,1559,10563
5631,4063,2685165,2,1790,895,10563
5632,4064,1489679,1,993,496,10564
5633,4064,1630409,2,1086,543,10564
5634,4064,2272722,2,1515,757,10564
5635,4065,1624964,1,1083,541,10565
5636,4065,1701449,4,1134,567,10565
5637,4065,3279394,2,2186,1093,10565
5638,4065,3321214,3,2214,1107,10565
5639,4066,588230,1,392,196,10566
5640,4066,1435534,3,957,478,10566
5641,4067,1797641,2,1198,599,10567
5642,4068,2884571,3,1923,961,10568
5643,4068,3440755,2,2293,1146,10568
5644,4068,5034601,4,3356,1678,10568
5645,4068,1795934,1,1197,598,10568
5646,4069,1846999,3,1231,615,10569
5647,4070,2873816,2,1915,957,10570
5648,4070,1574536,1,1049,524,10570
5649,4071,2127926,4,1418,709,10571
5650,4071,1847705,4,1231,615,10571
5651,4072,454410,1,302,151,10572
5652,4073,2398045,2,1598,799,10573
5653,4073,2085599,3,1390,695,10573
5654,4073,3571784,2,2381,1190,10573
5655,4074,2277663,4,1518,759,10574
5656,4074,989168,3,659,329,10574
5657,4075,2008163,2,1338,669,10575
5658,4075,454410,4,302,151,10575
5659,4075,1033980,3,689,344,10575
5660,4077,2921804,2,1947,973,10577
5661,4077,2019163,1,1346,673,10577
5662,4078,3215242,3,2143,1071,10578
5663,4078,454410,1,302,151,10578
5664,4078,2024151,2,1349,674,10578
5665,4078,1785875,2,1190,595,10578
5666,4079,3249330,2,2166,1083,10579
5667,4080,2959896,2,1973,986,10580
5668,4080,2928702,1,1952,976,10580
5669,4080,3848021,3,2565,1282,10580
5670,4080,1895709,2,1263,631,10580
5671,4080,3637065,4,2424,1212,10580
5672,4081,1204430,2,802,401,10581
5673,4081,1166936,3,777,388,10581
5674,4081,3041674,3,2027,1013,10581
5675,4081,733569,3,489,244,10581
5676,4082,2857657,3,1905,952,10582
5677,4082,2375634,2,1583,791,10582
5678,4083,3367935,3,2245,1122,10583
5679,4083,2211272,4,1474,737,10583
5680,4083,2329355,2,1552,776,10583
5681,4085,2792733,3,1861,930,10585
5682,4088,1594541,2,1063,531,10588
5683,4088,1550008,3,1033,516,10588
5684,4088,2757116,2,1838,919,10588
5685,4089,2242104,1,1494,747,10589
5686,4089,1855602,2,1237,618,10589
5687,4089,2187409,3,1458,729,10589
5688,4090,3902362,1,2601,1300,10590
5689,4090,1819097,3,1212,606,10590
5690,4090,1789446,2,1192,596,10590
5691,4091,526320,2,350,175,10591
5692,4091,2228746,3,1485,742,10591
5693,4091,2943661,3,1962,981,10591
5694,4091,3126996,2,2084,1042,10591
5695,4096,2382693,3,1588,794,10596
5696,4096,3249314,2,2166,1083,10596
5697,4098,3019675,1,2013,1006,10598
5698,4098,3409954,2,2273,1136,10598
5699,4118,3278422,1,2185,1092,10618
5700,4126,3877229,3,2584,1292,10626
5701,4127,2098551,3,1399,699,10627
5702,4130,915236,3,610,305,10630
5703,4131,2950650,2,1967,983,10631
5704,4133,3070104,3,2046,1023,10633
5705,4133,3877247,1,2584,1292,10633
5706,4134,3582069,2,2388,1194,10634
5707,4134,4261143,1,2840,1420,10634
5708,4134,2905801,2,1937,968,10634
5709,4135,2505990,4,1670,835,10635
5710,4135,856012,3,570,285,10635
5711,4135,2587054,3,1724,862,10635
5712,4135,1707157,2,1138,569,10635
5713,4137,2488302,1,1658,829,10637
5714,4137,2327784,2,1551,775,10637
5715,4138,2754360,3,1836,918,10638
5716,4138,2172536,2,1448,724,10638
5717,4138,3228034,1,2152,1076,10638
5718,4138,454410,2,302,151,10638
5719,4139,2466303,1,1644,822,10639
5720,4140,3501501,3,2334,1167,10640
5721,4141,4184028,1,2789,1394,10641
5722,4141,3020422,1,2013,1006,10641
5723,4142,3994711,3,2663,1331,10642
5724,4144,2444773,3,1629,814,10644
5725,4144,2274976,2,1516,758,10644
5726,4144,2813335,4,1875,937,10644
5727,4145,2268783,3,1512,756,10645
5728,4146,1472149,1,981,490,10646
5729,4146,1745256,3,1163,581,10646
5730,4146,1134959,2,756,378,10646
5731,4147,2812273,3,1874,937,10647
5732,4147,2283696,2,1522,761,10647
5733,4147,1903685,2,1269,634,10647
5734,4148,1692659,1,1128,564,10648
5735,4148,2788430,2,1858,929,10648
5736,4148,3069996,2,2046,1023,10648
5737,4148,1116187,1,744,372,10648
5738,4149,955492,2,636,318,10649
5739,4149,3247961,2,2165,1082,10649
5740,4150,866082,2,577,288,10650
5741,4150,2831812,1,1887,943,10650
5742,4150,3925213,2,2616,1308,10650
5743,4150,3927590,2,2618,1309,10650
5744,4150,3026466,2,2017,1008,10650
5745,4151,2996751,2,1997,998,10651
5746,4152,4574449,2,3049,1524,10652
5747,4153,454410,2,302,151,10653
5748,4153,1797302,2,1198,599,10653
5749,4154,3139566,3,2093,1046,10654
5750,4155,1927199,2,1284,642,10655
5751,4155,3539626,3,2359,1179,10655
5752,4155,2231813,3,1487,743,10655
5753,4155,2406747,3,1604,802,10655
5754,4156,1991216,3,1327,663,10656
5755,4156,1737822,4,1158,579,10656
5756,4156,1712672,1,1141,570,10656
5757,4157,2549295,3,1699,849,10657
5758,4158,1480117,3,986,493,10658
5759,4159,3246627,3,2164,1082,10659
5760,4160,2939922,1,1959,979,10660
5761,4161,3396117,3,2264,1132,10661
5762,4161,1117812,2,745,372,10661
5763,4161,534467,4,356,178,10661
5764,4162,2267769,1,1511,755,10662
5765,4162,5235847,1,3490,1745,10662
5766,4162,3566649,1,2377,1188,10662
5767,4162,1705171,2,1136,568,10662
5768,4163,2706080,4,1804,902,10663
5769,4163,3015950,2,2010,1005,10663
5770,4163,872979,2,581,290,10663
5771,4164,3672385,3,2448,1224,10664
5772,4164,2100871,2,1400,700,10664
5773,4164,2179335,2,1452,726,10664
5774,4164,2296367,2,1530,765,10664
5775,4165,3442252,1,2294,1147,10665
5776,4165,1499934,2,999,499,10665
5777,4166,526805,3,351,175,10666
5778,4167,2602246,3,1734,867,10667
5779,4167,454410,3,302,151,10667
5780,4168,1964194,2,1309,654,10668
5781,4168,3485535,2,2323,1161,10668
5782,4168,2864127,3,1909,954,10668
5783,4168,3337777,1,2225,1112,10668
5784,4168,2906310,1,1937,968,10668
5785,4168,4736428,2,3157,1578,10668
5786,4169,1670620,1,1113,556,10669
5787,4169,2679108,2,1786,893,10669
5788,4170,1824105,3,1216,608,10670
5789,4171,3250304,1,2166,1083,10671
5790,4172,2209093,2,1472,736,10672
5791,4173,4029434,1,2686,1343,10673
5792,4173,1729331,1,1152,576,10673
5793,4174,3710726,4,2473,1236,10674
5794,4174,2878488,1,1918,959,10674
5795,4175,2238860,1,1492,746,10675
5796,4176,2826654,2,1884,942,10676
5797,4176,2539171,2,1692,846,10676
5798,4176,2635985,3,1757,878,10676
5799,4176,2060539,4,1373,686,10676
5800,4176,1554729,1,1036,518,10676
5801,4177,1929465,1,1286,643,10677
5802,4177,551164,4,367,183,10677
5803,4177,3132876,3,2088,1044,10677
5804,4179,1009190,3,672,336,10679
5805,4180,2049522,1,1366,683,10680
5806,4180,2934625,3,1956,978,10680
5807,4180,3130267,3,2086,1043,10680
5808,4181,457606,2,305,152,10681
5809,4181,2178142,1,1452,726,10681
5810,4182,2742102,2,1828,914,10682
5811,4182,2325231,4,1550,775,10682
5812,4182,3646261,1,2430,1215,10682
5813,4183,1431816,1,954,477,10683
5814,4183,454410,1,302,151,10683
5815,4184,3100544,2,2067,1033,10684
5816,4184,1722920,2,1148,574,10684
5817,4184,474078,3,316,158,10684
5818,4185,2109982,2,1406,703,10685
5819,4185,3530199,2,2353,1176,10685
5820,4186,980472,2,653,326,10686
5821,4186,4660423,3,3106,1553,10686
5822,4186,1415380,1,943,471,10686
5823,4188,2361011,3,1574,787,10688
5824,4188,1025581,1,683,341,10688
5825,4188,2314592,2,1543,771,10688
5826,4189,2135302,2,1423,711,10689
5827,4189,749158,2,499,249,10689
5828,4189,5161237,2,3440,1720,10689
5829,4189,1765605,2,1177,588,10689
5830,4189,1766500,2,1177,588,10689
5831,4191,3262813,4,2175,1087,10691
5832,4191,4126983,3,2751,1375,10691
5833,4191,3423743,2,2282,1141,10691
5834,4192,1043936,3,695,347,10692
5835,4192,2490754,1,1660,830,10692
5836,4192,454410,4,302,151,10692
5837,4192,3193972,1,2129,1064,10692
5838,4192,600197,2,400,200,10692
5839,4193,1450838,2,967,483,10693
5840,4193,2268776,2,1512,756,10693
5841,4194,2727034,2,1818,909,10694
5842,4194,2005264,1,1336,668,10694
5843,4195,3825194,3,2550,1275,10695
5844,4198,3011505,1,2007,1003,10698
5845,4198,2931230,3,1954,977,10698
5846,4198,1015082,3,676,338,10698
5847,4200,4009520,2,2673,1336,10700
5848,4200,1450977,3,967,483,10700
5849,4200,4048551,2,2699,1349,10700
5850,4200,4339586,1,2893,1446,10700
5851,4200,2796200,1,1864,932,10700
5852,4201,3327202,3,2218,1109,10701
5853,4201,454410,3,302,151,10701
5854,4201,2072674,2,1381,690,10701
5855,4202,3398927,2,2265,1132,10702
5856,4202,3217289,2,2144,1072,10702
5857,4203,1024977,2,683,341,10703
5858,4203,1971741,1,1314,657,10703
5859,4203,454410,2,302,151,10703
5860,4204,2694302,3,1796,898,10704
5861,4204,454410,2,302,151,10704
5862,4204,3427874,4,2285,1142,10704
5863,4205,3481293,1,2320,1160,10705
5864,4206,1787046,1,1191,595,10706
5865,4206,2805013,2,1870,935,10706
5866,4206,2050082,2,1366,683,10706
5867,4206,2519381,1,1679,839,10706
5868,4206,1099066,3,732,366,10706
5869,4206,2908499,2,1938,969,10706
5870,4207,594065,1,396,198,10707
5871,4207,454410,2,302,151,10707
5872,4207,2147387,1,1431,715,10707
5873,4209,2056069,2,1370,685,10709
5874,4210,2550456,1,1700,850,10710
5875,4210,1607978,2,1071,535,10710
5876,4210,4200022,4,2800,1400,10710
5877,4211,2436255,2,1624,812,10711
5878,4212,2510152,1,1673,836,10712
5879,4212,2473705,2,1649,824,10712
5880,4212,3297446,2,2198,1099,10712
5881,4212,2860982,1,1907,953,10712
5882,4213,2723978,2,1815,907,10713
5883,4213,3024535,3,2016,1008,10713
5884,4214,454410,1,302,151,10714
5885,4215,454410,1,302,151,10715
5886,4215,2194285,1,1462,731,10715
5887,4215,2069943,1,1379,689,10715
5888,4215,2864859,2,1909,954,10715
5889,4216,2292515,1,1528,764,10716
5890,4216,2866961,1,1911,955,10716
5891,4216,998525,3,665,332,10716
5892,4216,2261064,2,1507,753,10716
5893,4217,900923,2,600,300,10717
5894,4217,2667581,3,1778,889,10717
5895,4217,454410,1,302,151,10717
5896,4217,2628169,1,1752,876,10717
5897,4221,770112,1,513,256,10721
5898,4225,1879922,1,1253,626,10725
5899,4228,3187043,1,2124,1062,10728
5900,4228,2504527,1,1669,834,10728
5901,4230,589490,3,392,196,10730
5902,4237,1584579,3,1056,528,10737
5903,4247,737006,3,491,245,10747
5904,4265,539291,2,359,179,10765
5905,4273,2392350,3,1594,797,10773
5906,4273,2844910,1,1896,948,10773
5907,4277,2722534,1,1815,907,10777
5908,4291,2888188,3,1925,962,10791
5909,4297,2259871,2,1506,753,10797
5910,4319,1992529,1,1328,664,10819
5911,4323,1174919,3,783,391,10823
5912,4325,1822102,2,1214,607,10825
5913,4327,921073,1,614,307,10827
5914,4343,1407933,1,938,469,10843
5915,4343,2362970,2,1575,787,10843
5916,4345,2151601,2,1434,717,10845
5917,4350,5405495,4,3603,1801,10850
5918,4355,896078,2,597,298,10855
5919,4357,2144145,2,1429,714,10857
5920,4359,816394,3,544,272,10859
5921,4363,1875568,3,1250,625,10863
5922,4363,1917173,2,1278,639,10863
5923,4371,3135873,1,2090,1045,10871
5924,4396,1812300,1,1208,604,10896
5925,4402,2076440,1,1384,692,10902
5926,4421,1832082,2,1221,610,10921
5927,4421,839583,1,559,279,10921
5928,4422,1605325,4,1070,535,10922
5929,4422,1881548,1,1254,627,10922
5930,4423,2347530,1,1565,782,10923
5931,4423,2843529,2,1895,947,10923
5932,4423,2032192,3,1354,677,10923
5933,4423,2014218,1,1342,671,10923
5934,4424,512652,1,341,170,10924
5935,4424,2823885,2,1882,941,10924
5936,4424,1560548,3,1040,520,10924
5937,4424,3035924,4,2023,1011,10924
5938,4424,3618006,2,2412,1206,10924
5939,4426,2079921,2,1386,693,10926
5940,4426,1225793,1,817,408,10926
5941,4426,2254976,3,1503,751,10926
5942,4426,2628570,4,1752,876,10926
5943,4426,1949454,3,1299,649,10926
5944,4428,1695364,2,1130,565,10928
5945,4428,2848217,1,1898,949,10928
5946,4428,2780784,2,1853,926,10928
5947,4429,1917995,3,1278,639,10929
5948,4430,580895,2,387,193,10930
5949,4430,2738660,1,1825,912,10930
5950,4432,1487517,2,991,495,10932
5951,4432,2491196,2,1660,830,10932
5952,4432,2426595,1,1617,808,10932
5953,4432,454410,2,302,151,10932
5954,4432,2354949,3,1569,784,10932
5955,4434,2798118,4,1865,932,10934
5956,4434,2923488,1,1948,974,10934
5957,4434,2392046,3,1594,797,10934
5958,4435,454410,3,302,151,10935
5959,4435,3577765,3,2385,1192,10935
5960,4436,2692288,1,1794,897,10936
5961,4436,1041749,1,694,347,10936
5962,4436,1466623,2,977,488,10936
5963,4437,2508458,2,1672,836,10937
5964,4438,2967075,1,1978,989,10938
5965,4438,1773145,3,1182,591,10938
5966,4438,3116084,2,2077,1038,10938
5967,4439,454410,1,302,151,10939
5968,4439,1206216,2,804,402,10939
5969,4440,454410,2,302,151,10940
5970,4440,1354522,2,903,451,10940
5971,4441,3813940,2,2542,1271,10941
5972,4441,4375991,3,2917,1458,10941
5973,4442,2511899,1,1674,837,10942
5974,4442,1619305,2,1079,539,10942
5975,4442,2045439,4,1363,681,10942
5976,4443,2756002,1,1837,918,10943
5977,4444,674023,2,449,224,10944
5978,4444,1686713,3,1124,562,10944
5979,4444,3739115,3,2492,1246,10944
5980,4445,1202892,3,801,400,10945
5981,4445,1506229,3,1004,502,10945
5982,4445,2285538,1,1523,761,10945
5983,4445,2561540,3,1707,853,10945
5984,4445,1633031,1,1088,544,10945
5985,4445,2350739,1,1567,783,10945
5986,4446,2893620,2,1929,964,10946
5987,4446,4277481,2,2851,1425,10946
5988,4446,2142974,2,1428,714,10946
5989,4446,2229826,2,1486,743,10946
5990,4447,3833750,4,2555,1277,10947
5991,4447,1710570,2,1140,570,10947
5992,4447,918001,1,612,306,10947
5993,4448,2527909,3,1685,842,10948
5994,4449,3372354,1,2248,1124,10949
5995,4449,2641192,3,1760,880,10949
5996,4449,2172858,2,1448,724,10949
5997,4449,791180,2,527,263,10949
5998,4449,2212371,1,1474,737,10949
5999,4449,3532854,1,2355,1177,10949
6000,4450,1010260,1,673,336,10950
6001,4450,2021814,4,1347,673,10950
6002,4450,1875876,1,1250,625,10950
6003,4451,1558700,3,1039,519,10951
6004,4451,2525531,1,1683,841,10951
6005,4452,2725294,2,1816,908,10952
6006,4452,2714581,2,1809,904,10952
6007,4453,1273337,4,848,424,10953
6008,4453,589159,3,392,196,10953
6009,4453,2540321,2,1693,846,10953
6010,4453,1754786,3,1169,584,10953
6011,4455,4151580,1,2767,1383,10955
6012,4455,4198813,3,2799,1399,10955
6013,4456,4307374,3,2871,1435,10956
6014,4456,1310859,3,873,436,10956
6015,4456,2854185,2,1902,951,10956
6016,4457,3162530,2,2108,1054,10957
6017,4458,3047407,1,2031,1015,10958
6018,4458,1909705,1,1273,636,10958
6019,4458,3579895,1,2386,1193,10958
6020,4458,2272535,2,1515,757,10958
6021,4459,2403028,2,1602,801,10959
6022,4459,699734,2,466,233,10959
6023,4460,2931271,2,1954,977,10960
6024,4460,2005798,1,1337,668,10960
6025,4461,2747249,1,1831,915,10961
6026,4461,2512434,2,1674,837,10961
6027,4462,2457043,1,1638,819,10962
6028,4462,2225310,1,1483,741,10962
6029,4463,3076286,4,2050,1025,10963
6030,4463,2068697,1,1379,689,10963
6031,4463,784223,4,522,261,10963
6032,4463,2853762,2,1902,951,10963
6033,4463,1444904,3,963,481,10963
6034,4464,918094,3,612,306,10964
6035,4464,1226885,3,817,408,10964
6036,4464,2561734,4,1707,853,10964
6037,4464,2173366,1,1448,724,10964
6038,4464,454410,2,302,151,10964
6039,4464,1879791,1,1253,626,10964
6040,4465,3467497,1,2311,1155,10965
6041,4465,1810634,1,1207,603,10965
6042,4465,2102862,4,1401,700,10965
6043,4466,3338426,2,2225,1112,10966
6044,4466,3085375,4,2056,1028,10966
6045,4466,3316710,4,2211,1105,10966
6046,4466,454410,4,302,151,10966
6047,4468,4044441,4,2696,1348,10968
6048,4469,2922719,4,1948,974,10969
6049,4469,4788717,2,3192,1596,10969
6050,4470,1472182,2,981,490,10970
6051,4470,469058,2,312,156,10970
6052,4470,2279429,2,1519,759,10970
6053,4470,1990502,2,1327,663,10970
6054,4470,2940369,3,1960,980,10970
6055,4471,3371079,2,2247,1123,10971
6056,4471,2182798,1,1455,727,10971
6057,4471,2025944,2,1350,675,10971
6058,4472,2806489,1,1870,935,10972
6059,4472,2009973,1,1339,669,10972
6060,4473,1924444,2,1282,641,10973
6061,4473,3332439,2,2221,1110,10973
6062,4474,3560074,3,2373,1186,10974
6063,4474,3380320,2,2253,1126,10974
6064,4475,2100047,3,1400,700,10975
6065,4475,454410,2,302,151,10975
6066,4475,2120520,2,1413,706,10975
6067,4475,1497074,2,998,499,10975
6068,4477,2139415,1,1426,713,10977
6069,4478,1585911,2,1057,528,10978
6070,4478,2250844,3,1500,750,10978
6071,4478,1209471,3,806,403,10978
6072,4479,962615,1,641,320,10979
6073,4480,3522156,1,2348,1174,10980
6074,4480,1280650,1,853,426,10980
6075,4480,2272388,3,1514,757,10980
6076,4481,3247966,2,2165,1082,10981
6077,4481,3206854,1,2137,1068,10981
6078,4481,3084719,1,2056,1028,10981
6079,4483,2581706,1,1721,860,10983
6080,4483,3012286,1,2008,1004,10983
6081,4483,3675925,3,2450,1225,10983
6082,4484,2706601,3,1804,902,10984
6083,4484,454410,1,302,151,10984
6084,4484,1731665,3,1154,577,10984
6085,4486,2984033,3,1989,994,10986
6086,4488,1630892,1,1087,543,10988
6087,4489,3928481,2,2618,1309,10989
6088,4490,2207453,2,1471,735,10990
6089,4490,2359209,2,1572,786,10990
6090,4491,3422012,1,2281,1140,10991
6091,4492,2085099,2,1390,695,10992
6092,4492,2452279,3,1634,817,10992
6093,4492,3191333,4,2127,1063,10992
6094,4492,766767,1,511,255,10992
6095,4492,1980354,1,1320,660,10992
6096,4492,3119794,2,2079,1039,10992
6097,4493,2339120,2,1559,779,10993
6098,4493,3772283,2,2514,1257,10993
6099,4493,660790,3,440,220,10993
6100,4493,544154,1,362,181,10993
6101,4493,3058993,2,2039,1019,10993
6102,4493,3157269,1,2104,1052,10993
6103,4494,2074466,2,1382,691,10994
6104,4496,2681421,4,1787,893,10996
6105,4496,3033965,1,2022,1011,10996
6106,4497,1439937,2,959,479,10997
6107,4497,1549352,1,1032,516,10997
6108,4497,2466029,2,1644,822,10997
6109,4497,3196409,3,2130,1065,10997
6110,4497,1079949,2,719,359,10997
6111,4498,2069663,2,1379,689,10998
6112,4498,2022336,3,1348,674,10998
6113,4498,2699380,2,1799,899,10998
6114,4498,2263156,3,1508,754,10998
6115,4498,1713926,3,1142,571,10998
6116,4498,3548610,1,2365,1182,10998
6117,4508,1720700,2,1147,573,11008
6118,4518,1973403,1,1315,657,11018
6119,4528,644867,1,429,214,11028
6120,4529,1542422,3,1028,514,11029
6121,4529,2799697,2,1866,933,11029
6122,4530,2599840,4,1733,866,11030
6123,4530,2885008,1,1923,961,11030
6124,4531,2835385,1,1890,945,11031
6125,4531,4406574,3,2937,1468,11031
6126,4531,1507422,2,1004,502,11031
6127,4532,616314,2,410,205,11032
6128,4532,1197940,2,798,399,11032
6129,4533,1552620,2,1035,517,11033
6130,4533,1275876,2,850,425,11033
6131,4533,2367810,2,1578,789,11033
6132,4534,3552791,3,2368,1184,11034
6133,4534,3846230,4,2564,1282,11034
6134,4534,2787665,2,1858,929,11034
6135,4534,4461333,2,2974,1487,11034
6136,4535,1907685,1,1271,635,11035
6137,4535,602926,3,401,200,11035
6138,4536,3348841,3,2232,1116,11036
6139,4536,454410,1,302,151,11036
6140,4536,1500117,1,1000,500,11036
6141,4536,2803823,1,1869,934,11036
6142,4536,2167372,2,1444,722,11036
6143,4537,2076815,2,1384,692,11037
6144,4537,1064783,3,709,354,11037
6145,4537,2261004,2,1507,753,11037
6146,4537,3298216,3,2198,1099,11037
6147,4537,2292465,3,1528,764,11037
6148,4538,1423208,2,948,474,11038
6149,4538,996538,3,664,332,11038
6150,4538,1444302,1,962,481,11038
6151,4538,2673180,2,1782,891,11038
6152,4539,2623356,2,1748,874,11039
6153,4539,1453593,3,969,484,11039
6154,4540,454410,1,302,151,11040
6155,4540,2701479,2,1800,900,11040
6156,4541,1354213,2,902,451,11041
6157,4541,2976562,2,1984,992,11041
6158,4541,1498986,3,999,499,11041
6159,4541,1261998,3,841,420,11041
6160,4541,2428655,2,1619,809,11041
6161,4542,4682613,3,3121,1560,11042
6162,4543,3037874,2,2025,1012,11043
6163,4543,2411323,2,1607,803,11043
6164,4543,2638947,3,1759,879,11043
6165,4543,481670,2,321,160,11043
6166,4543,1124543,2,749,374,11043
6167,4543,454410,3,302,151,11043
6168,4544,4040710,3,2693,1346,11044
6169,4544,3833682,3,2555,1277,11044
6170,4544,2673675,4,1782,891,11044
6171,4545,2410194,3,1606,803,11045
6172,4545,685669,2,457,228,11045
6173,4546,2047832,3,1365,682,11046
6174,4546,4104630,2,2736,1368,11046
6175,4547,2406412,3,1604,802,11047
6176,4547,1694742,3,1129,564,11047
6177,4548,474559,1,316,158,11048
6178,4548,3683304,4,2455,1227,11048
6179,4549,2200394,4,1466,733,11049
6180,4550,475926,3,317,158,11050
6181,4550,1327059,3,884,442,11050
6182,4552,965866,2,643,321,11052
6183,4553,2137352,2,1424,712,11053
6184,4553,2484037,3,1656,828,11053
6185,4553,1757549,3,1171,585,11053
6186,4553,3066519,3,2044,1022,11053
6187,4554,2352618,3,1568,784,11054
6188,4556,3358181,3,2238,1119,11056
6189,4556,1906846,3,1271,635,11056
6190,4557,5385657,1,3590,1795,11057
6191,4558,1694903,3,1129,564,11058
6192,4558,1348464,4,898,449,11058
6193,4558,1222737,2,815,407,11058
6194,4559,2056379,3,1370,685,11059
6195,4560,513957,1,342,171,11060
6196,4561,2573217,2,1715,857,11061
6197,4561,454410,1,302,151,11061
6198,4561,2437345,3,1624,812,11061
6199,4561,890499,4,593,296,11061
6200,4562,1882206,2,1254,627,11062
6201,4562,2890144,3,1926,963,11062
6202,4562,4627748,4,3085,1542,11062
6203,4562,1169877,2,779,389,11062
6204,4563,2118361,2,1412,706,11063
6205,4563,1532062,3,1021,510,11063
6206,4563,1382674,1,921,460,11063
6207,4564,1541045,2,1027,513,11064
6208,4564,3114593,4,2076,1038,11064
6209,4574,1773050,1,1182,591,11074
6210,4580,4571796,3,3047,1523,11080
6211,4601,2697355,3,1798,899,11101
6212,4604,1239392,2,826,413,11104
6213,4604,1897122,2,1264,632,11104
6214,4604,1452223,4,968,484,11104
6215,4605,3090057,3,2060,1030,11105
6216,4605,596525,3,397,198,11105
6217,4605,901031,4,600,300,11105
6218,4606,1667239,2,1111,555,11106
6219,4606,2970309,1,1980,990,11106
6220,4606,3532757,4,2355,1177,11106
6221,4606,3683546,2,2455,1227,11106
6222,4606,2813730,3,1875,937,11106
6223,4607,2187301,1,1458,729,11107
6224,4607,3084492,2,2056,1028,11107
6225,4608,1101886,1,734,367,11108
6226,4608,454410,2,302,151,11108
6227,4608,2718477,1,1812,906,11108
6228,4608,1243821,1,829,414,11108
6229,4609,2205278,2,1470,735,11109
6230,4610,2394358,1,1596,798,11110
6231,4611,2525732,1,1683,841,11111
6232,4611,3230868,3,2153,1076,11111
6233,4611,3122781,2,2081,1040,11111
6234,4612,2471421,1,1647,823,11112
6235,4612,1820123,3,1213,606,11112
6236,4613,2382227,1,1588,794,11113
6237,4613,1662470,3,1108,554,11113
6238,4613,2071216,2,1380,690,11113
6239,4613,4948927,2,3299,1649,11113
6240,4613,2458324,2,1638,819,11113
6241,4613,2732389,4,1821,910,11113
6242,4614,1550750,1,1033,516,11114
6243,4615,3314995,2,2209,1104,11115
6244,4616,3049368,3,2032,1016,11116
6245,4617,3056607,1,2037,1018,11117
6246,4617,2491759,1,1661,830,11117
6247,4618,3329428,1,2219,1109,11118
6248,4620,3572248,3,2381,1190,11120
6249,4620,2561496,2,1707,853,11120
6250,4621,2154867,2,1436,718,11121
6251,4621,3186678,3,2124,1062,11121
6252,4621,1347651,1,898,449,11121
6253,4622,1537991,2,1025,512,11122
6254,4623,2217554,1,1478,739,11123
6255,4623,491647,2,327,163,11123
6256,4623,3118201,2,2078,1039,11123
6257,4624,1287545,3,858,429,11124
6258,4624,1789986,1,1193,596,11124
6259,4625,2053987,2,1369,684,11125
6260,4625,2312217,1,1541,770,11125
6261,4626,1920690,2,1280,640,11126
6262,4626,2203167,3,1468,734,11126
6263,4626,2211084,2,1474,737,11126
6264,4627,1814995,1,1209,604,11127
6265,4627,1481518,1,987,493,11127
6266,4627,3377772,1,2251,1125,11127
6267,4628,454410,1,302,151,11128
6268,4628,2061721,3,1374,687,11128
6269,4629,1792636,1,1195,597,11129
6270,4630,2700231,2,1800,900,11130
6271,4630,785148,2,523,261,11130
6272,4630,1761057,1,1174,587,11130
6273,4631,2167394,2,1444,722,11131
6274,4631,3366116,1,2244,1122,11131
6275,4632,2611682,3,1741,870,11132
6276,4632,1062025,1,708,354,11132
6277,4633,1773642,2,1182,591,11133
6278,4633,3177967,1,2118,1059,11133
6279,4633,1044350,3,696,348,11133
6280,4634,2191641,3,1461,730,11134
6281,4634,2262724,1,1508,754,11134
6282,4634,1877616,2,1251,625,11134
6283,4634,5028245,1,3352,1676,11134
6284,4635,1850063,2,1233,616,11135
6285,4635,2731899,2,1821,910,11135
6286,4636,1488566,2,992,496,11136
6287,4637,2811630,3,1874,937,11137
6288,4637,3162361,3,2108,1054,11137
6289,4637,1670902,1,1113,556,11137
6290,4638,2216121,1,1477,738,11138
6291,4638,1356695,2,904,452,11138
6292,4639,1101985,1,734,367,11139
6293,4639,3332092,2,2221,1110,11139
6294,4640,1705626,3,1137,568,11140
6295,4641,454410,1,302,151,11141
6296,4641,4076988,2,2717,1358,11141
6297,4641,1451969,1,967,483,11141
6298,4641,2020152,4,1346,673,11141
6299,4641,3949748,1,2633,1316,11141
6300,4641,2127129,2,1418,709,11141
6301,4642,2105050,1,1403,701,11142
6302,4642,1016338,2,677,338,11142
6303,4642,600559,2,400,200,11142
6304,4644,2101932,1,1401,700,11144
6305,4645,2642994,3,1761,880,11145
6306,4645,2584425,2,1722,861,11145
6307,4645,1779997,3,1186,593,11145
6308,4646,2292761,2,1528,764,11146
6309,4646,454410,2,302,151,11146
6310,4646,2742534,2,1828,914,11146
6311,4648,2437074,3,1624,812,11148
6312,4648,4289963,2,2859,1429,11148
6313,4648,2279696,2,1519,759,11148
6314,4650,1308243,2,872,436,11150
6315,4651,2220189,1,1480,740,11151
6316,4651,1936899,2,1291,645,11151
6317,4652,2716504,3,1811,905,11152
6318,4652,2299544,1,1533,766,11152
6319,4652,983852,2,655,327,11152
6320,4654,599629,2,399,199,11154
6321,4654,2540852,2,1693,846,11154
6322,4654,3686176,1,2457,1228,11154
6323,4654,2353176,1,1568,784,11154
6324,4654,3103582,1,2069,1034,11154
6325,4655,3307567,2,2205,1102,11155
6326,4655,2544823,1,1696,848,11155
6327,4655,1439295,2,959,479,11155
6328,4655,2471736,1,1647,823,11155
6329,4655,3506187,2,2337,1168,11155
6330,4666,2813821,1,1875,937,11166
6331,4696,3037072,3,2024,1012,11196
6332,4706,1799132,2,1199,599,11206
6333,4713,2065158,2,1376,688,11213
6334,4716,2150660,2,1433,716,11216
6335,4716,2219560,1,1479,739,11216
6336,4717,3466195,2,2310,1155,11217
6337,4717,454410,1,302,151,11217
6338,4717,2303272,2,1535,767,11217
6339,4717,2190770,3,1460,730,11217
6340,4717,869796,2,579,289,11217
6341,4722,2958879,3,1972,986,11222
6342,4722,1531304,1,1020,510,11222
6343,4722,1907011,1,1271,635,11222
6344,4724,4162284,3,2774,1387,11224
6345,4725,3304668,2,2203,1101,11225
6346,4726,2859417,2,1906,953,11226
6347,4726,2661364,4,1774,887,11226
6348,4727,2103677,3,1402,701,11227
6349,4727,4316256,2,2877,1438,11227
6350,4728,3092203,1,2061,1030,11228
6351,4729,1505693,3,1003,501,11229
6352,4730,840554,2,560,280,11230
6353,4730,2851597,2,1901,950,11230
6354,4730,2214927,3,1476,738,11230
6355,4731,811071,3,540,270,11231
6356,4732,2710245,3,1806,903,11232
6357,4732,1996990,3,1331,665,11232
6358,4732,2814613,2,1876,938,11232
6359,4732,2723694,3,1815,907,11232
6360,4732,1650146,1,1100,550,11232
6361,4733,2919083,4,1946,973,11233
6362,4734,1762980,1,1175,587,11234
6363,4734,1829461,2,1219,609,11234
6364,4735,1727843,1,1151,575,11235
6365,4736,3428382,2,2285,1142,11236
6366,4736,1985186,1,1323,661,11236
6367,4736,3675265,2,2450,1225,11236
6368,4736,4095523,2,2730,1365,11236
6369,4737,1516766,1,1011,505,11237
6370,4738,454410,2,302,151,11238
6371,4738,3339979,3,2226,1113,11238
6372,4739,1922409,1,1281,640,11239
6373,4739,1386441,1,924,462,11239
6374,4740,1670131,3,1113,556,11240
6375,4740,1847934,2,1231,615,11240
6376,4741,3598328,2,2398,1199,11241
6377,4741,2435546,3,1623,811,11241
6378,4742,3584429,1,2389,1194,11242
6379,4742,2777351,1,1851,925,11242
6380,4742,1955885,1,1303,651,11242
6381,4742,1872939,2,1248,624,11242
6382,4742,2846250,3,1897,948,11242
6383,4743,3110870,1,2073,1036,11243
6384,4744,3291192,1,2194,1097,11244
6385,4744,2004646,1,1336,668,11244
6386,4744,2451183,3,1634,817,11244
6387,4745,2869185,1,1912,956,11245
6388,4746,1879475,2,1252,626,11246
6389,4746,1111661,1,741,370,11246
6390,4747,1447700,2,965,482,11247
6391,4747,2025609,3,1350,675,11247
6392,4747,2949104,2,1966,983,11247
6393,4747,3559255,2,2372,1186,11247
6394,4748,885596,1,590,295,11248
6395,4748,1661310,2,1107,553,11248
6396,4748,1906162,2,1270,635,11248
6397,4748,3084585,1,2056,1028,11248
6398,4748,1732097,3,1154,577,11248
6399,4749,1832681,3,1221,610,11249
6400,4749,828397,1,552,276,11249
6401,4750,2766295,3,1844,922,11250
6402,4750,2107031,2,1404,702,11250
6403,4751,1603339,3,1068,534,11251
6404,4751,2006717,4,1337,668,11251
6405,4751,3424314,1,2282,1141,11251
6406,4752,1244630,3,829,414,11252
6407,4752,1411518,3,941,470,11252
6408,4752,3552380,1,2368,1184,11252
6409,4754,2349523,1,1566,783,11254
6410,4754,2956820,1,1971,985,11254
6411,4754,2682809,2,1788,894,11254
6412,4755,2235922,2,1490,745,11255
6413,4755,1915940,2,1277,638,11255
6414,4756,3122252,3,2081,1040,11256
6415,4757,3460448,1,2306,1153,11257
6416,4757,3380547,1,2253,1126,11257
6417,4757,1059997,3,706,353,11257
6418,4758,3606219,3,2404,1202,11258
6419,4758,1906088,1,1270,635,11258
6420,4758,1500090,3,1000,500,11258
6421,4759,2098925,3,1399,699,11259
6422,4759,3121813,2,2081,1040,11259
6423,4760,2824632,1,1883,941,11260
6424,4760,2010936,3,1340,670,11260
6425,4760,3128497,4,2085,1042,11260
6426,4760,2415046,1,1610,805,11260
6427,4760,1686230,2,1124,562,11260
6428,4760,1548138,3,1032,516,11260
6429,4761,2691482,2,1794,897,11261
6430,4761,2187681,1,1458,729,11261
6431,4761,865702,2,577,288,11261
6432,4761,3138206,1,2092,1046,11261
6433,4761,1781005,1,1187,593,11261
6434,4761,3899867,1,2599,1299,11261
6435,4762,837601,3,558,279,11262
6436,4764,2087289,1,1391,695,11264
6437,4765,1556376,2,1037,518,11265
6438,4765,1274756,3,849,424,11265
6439,4765,1774343,2,1182,591,11265
6440,4765,4082316,2,2721,1360,11265
6441,4765,2418634,2,1612,806,11265
6442,4766,1462589,2,975,487,11266
6443,4766,454410,1,302,151,11266
6444,4766,512090,1,341,170,11266
6445,4766,1723557,2,1149,574,11266
6446,4766,1624152,2,1082,541,11266
6447,4767,2042975,2,1361,680,11267
6448,4767,454410,3,302,151,11267
6449,4767,2178312,2,1452,726,11267
6450,4767,3322823,1,2215,1107,11267
6451,4767,3931278,1,2620,1310,11267
6452,4767,454410,1,302,151,11267
6453,4768,1452687,1,968,484,11268
6454,4768,1398661,1,932,466,11268
6455,4768,2421038,2,1614,807,11268
6456,4768,1024927,2,683,341,11268
6457,4769,3992032,4,2661,1330,11269
6458,4769,2316547,2,1544,772,11269
6459,4770,2146142,4,1430,715,11270
6460,4770,3900475,3,2600,1300,11270
6461,4770,2255642,3,1503,751,11270
6462,4770,2681328,2,1787,893,11270
6463,4770,1504416,1,1002,501,11270
6464,4771,870817,2,580,290,11271
6465,4771,1648002,2,1098,549,11271
6466,4771,4508061,1,3005,1502,11271
6467,4772,2919264,1,1946,973,11272
6468,4772,2552739,2,1701,850,11272
6469,4772,1273783,1,849,424,11272
6470,4772,3203732,1,2135,1067,11272
6471,4772,883913,1,589,294,11272
6472,4773,669856,2,446,223,11273
6473,4774,1700630,1,1133,566,11274
6474,4775,4270364,2,2846,1423,11275
6475,4776,4212498,3,2808,1404,11276
6476,4776,1810694,3,1207,603,11276
6477,4777,1582733,1,1055,527,11277
6478,4777,594907,1,396,198,11277
6479,4778,2351829,1,1567,783,11278
6480,4778,2437694,3,1625,812,11278
6481,4779,3079309,3,2052,1026,11279
6482,4779,3203176,2,2135,1067,11279
6483,4779,2070200,3,1380,690,11279
6484,4780,2840544,4,1893,946,11280
6485,4780,1555700,2,1037,518,11280
6486,4780,2821133,3,1880,940,11280
6487,4781,1753444,2,1168,584,11281
6488,4782,2741810,3,1827,913,11282
6489,4782,2659037,3,1772,886,11282
6490,4783,2342395,1,1561,780,11283
6491,4783,3084404,1,2056,1028,11283
6492,4784,666438,1,444,222,11284
6493,4784,1183255,1,788,394,11284
6494,4784,1995934,3,1330,665,11284
6495,4785,796425,4,530,265,11285
6496,4786,1856062,2,1237,618,11286
6497,4786,1889019,3,1259,629,11286
6498,4786,3611099,3,2407,1203,11286
6499,4786,2417779,2,1611,805,11286
6500,4787,3324560,2,2216,1108,11287
6501,4788,2580488,2,1720,860,11288
6502,4788,1724371,3,1149,574,11288
6503,4788,2408764,3,1605,802,11288
6504,4789,3017831,2,2011,1005,11289
6505,4789,3492209,2,2328,1164,11289
6506,4790,2136772,2,1424,712,11290
6507,4790,587598,1,391,195,11290
6508,4790,515730,3,343,171,11290
6509,4790,1938318,1,1292,646,11290
6510,4791,454410,3,302,151,11291
6511,4791,4107403,3,2738,1369,11291
6512,4791,2882367,1,1921,960,11291
6513,4792,1622129,1,1081,540,11292
6514,4793,1137521,4,758,379,11293
6515,4793,3323221,2,2215,1107,11293
6516,4793,1133442,1,755,377,11293
6517,4794,1230992,3,820,410,11294
6518,4796,1488929,1,992,496,11296
6519,4796,2388694,1,1592,796,11296
6520,4796,2906766,3,1937,968,11296
6521,4796,3491463,1,2327,1163,11296
6522,4797,3340451,2,2226,1113,11297
6523,4797,2272840,1,1515,757,11297
6524,4798,3315453,3,2210,1105,11298
6525,4800,1586004,2,1057,528,11300
6526,4800,454410,1,302,151,11300
6527,4802,1585870,2,1057,528,11302
6528,4803,1447710,2,965,482,11303
6529,4803,1625891,3,1083,541,11303
6530,4803,1291163,2,860,430,11303
6531,4803,1800600,3,1200,600,11303
6532,4804,2905968,1,1937,968,11304
6533,4804,4025766,1,2683,1341,11304
6534,4805,508017,2,338,169,11305
6535,4805,955441,2,636,318,11305
6536,4805,1462857,3,975,487,11305
6537,4806,3054960,2,2036,1018,11306
6538,4806,2062506,1,1375,687,11306
6539,4807,1531704,1,1021,510,11307
6540,4807,3004853,3,2003,1001,11307
6541,4809,3249883,2,2166,1083,11309
6542,4810,2252868,2,1501,750,11310
6543,4810,1437528,3,958,479,11310
6544,4811,2548389,1,1698,849,11311
6545,4812,2033550,1,1355,677,11312
6546,4813,2025632,1,1350,675,11313
6547,4813,1748160,2,1165,582,11313
6548,4813,3217772,2,2145,1072,11313
6549,4814,2527532,1,1685,842,11314
6550,4814,3330972,3,2220,1110,11314
6551,4815,3638338,2,2425,1212,11315
6552,4816,2741321,2,1827,913,11316
6553,4816,1754216,2,1169,584,11316
6554,4816,3335701,1,2223,1111,11316
6555,4816,2748155,2,1832,916,11316
6556,4816,4933790,3,3289,1644,11316
6557,4817,2589105,3,1726,863,11317
6558,4818,2985381,3,1990,995,11318
6559,4818,2568985,3,1712,856,11318
6560,4818,2170728,1,1447,723,11318
6561,4818,2007455,2,1338,669,11318
6562,4818,2572890,1,1715,857,11318
6563,4818,2804911,3,1869,934,11318
6564,4819,3452321,3,2301,1150,11319
6565,4820,2587825,1,1725,862,11320
6566,4822,1798781,2,1199,599,11322
6567,4823,1937866,2,1291,645,11323
6568,4823,919449,3,612,306,11323
6569,4824,3970511,1,2647,1323,11324
6570,4824,1718741,1,1145,572,11324
6571,4824,3261181,2,2174,1087,11324
6572,4824,2554801,1,1703,851,11324
6573,4824,2582591,2,1721,860,11324
6574,4827,2151968,3,1434,717,11327
6575,4827,1466586,3,977,488,11327
6576,4827,1281797,1,854,427,11327
6577,4828,4039270,2,2692,1346,11328
6578,4828,2388565,3,1592,796,11328
6579,4829,3422548,1,2281,1140,11329
6580,4829,3688008,3,2458,1229,11329
6581,4829,1851990,2,1234,617,11329
6582,4829,2705051,1,1803,901,11329
6583,4829,2318069,2,1545,772,11329
6584,4830,1088888,2,725,362,11330
6585,4830,2082410,3,1388,694,11330
6586,4831,2872729,2,1915,957,11331
6587,4832,1761830,2,1174,587,11332
6588,4834,1939922,1,1293,646,11334
6589,4835,2094795,1,1396,698,11335
6590,4835,4430923,2,2953,1476,11335
6591,4835,454410,1,302,151,11335
6592,4835,2784940,3,1856,928,11335
6593,4836,2013030,3,1342,671,11336
6594,4836,1617029,1,1078,539,11336
6595,4836,1987943,2,1325,662,11336
6596,4837,2954389,1,1969,984,11337
6597,4837,3012818,1,2008,1004,11337
6598,4837,2462237,1,1641,820,11337
6599,4837,3389292,2,2259,1129,11337
6600,4838,3569332,3,2379,1189,11338
6601,4838,3106730,2,2071,1035,11338
6602,4839,1713610,3,1142,571,11339
6603,4844,2777577,1,1851,925,11344
6604,4852,2782443,2,1854,927,11352
6605,4852,1438129,4,958,479,11352
6606,4854,667420,1,444,222,11354
6607,4854,454410,2,302,151,11354
6608,4854,2343471,1,1562,781,11354
6609,4854,2576771,2,1717,858,11354
6610,4854,1063769,2,709,354,11354
6611,4855,3341536,3,2227,1113,11355
6612,4857,2427680,2,1618,809,11357
6613,4859,3651759,1,2434,1217,11359
6614,4859,2650893,1,1767,883,11359
6615,4859,1181806,2,787,393,11359
6616,4859,2740606,3,1827,913,11359
6617,4859,2957185,4,1971,985,11359
6618,4860,1712147,3,1141,570,11360
6619,4866,797621,1,531,265,11366
6620,4866,2374594,2,1583,791,11366
6621,4866,1248763,2,832,416,11366
6622,4868,3418069,1,2278,1139,11368
6623,4868,1855743,2,1237,618,11368
6624,4868,4035319,1,2690,1345,11368
6625,4868,454410,3,302,151,11368
6626,4868,2409867,2,1606,803,11368
6627,4868,3733492,2,2488,1244,11368
6628,4869,1361782,3,907,453,11369
6629,4869,2109278,1,1406,703,11369
6630,4869,1859976,2,1239,619,11369
6631,4870,1572950,3,1048,524,11370
6632,4870,2522157,2,1681,840,11370
6633,4870,947581,1,631,315,11370
6634,4870,2158592,3,1439,719,11370
6635,4870,2799613,2,1866,933,11370
6636,4870,2052132,1,1368,684,11370
6637,4871,1249418,2,832,416,11371
6638,4872,3325333,2,2216,1108,11372
6639,4872,3018680,1,2012,1006,11372
6640,4872,1207516,2,805,402,11372
6641,4872,948925,1,632,316,11372
6642,4872,1298780,3,865,432,11372
6643,4873,2829548,3,1886,943,11373
6644,4873,2553801,4,1702,851,11373
6645,4873,3079847,2,2053,1026,11373
6646,4874,1938586,1,1292,646,11374
6647,4875,1326580,1,884,442,11375
6648,4875,3211498,4,2140,1070,11375
6649,4876,1706191,3,1137,568,11376
6650,4877,2462780,1,1641,820,11377
6651,4877,687372,4,458,229,11377
6652,4878,1689462,3,1126,563,11378
6653,4878,3304078,1,2202,1101,11378
6654,4880,1539714,1,1026,513,11380
6655,4880,3104816,2,2069,1034,11380
6656,4881,454410,1,302,151,11381
6657,4881,1700115,2,1133,566,11381
6658,4881,2096852,3,1397,698,11381
6659,4882,4053661,1,2702,1351,11382
6660,4882,1076773,2,717,358,11382
6661,4882,2958087,3,1972,986,11382
6662,4882,3352679,2,2235,1117,11382
6663,4883,1534382,2,1022,511,11383
6664,4883,1890150,1,1260,630,11383
6665,4884,2416853,3,1611,805,11384
6666,4885,757346,1,504,252,11385
6667,4886,1806741,2,1204,602,11386
6668,4887,3576774,2,2384,1192,11387
6669,4887,2806423,3,1870,935,11387
6670,4890,2111783,1,1407,703,11390
6671,4890,2387657,2,1591,795,11390
6672,4890,2865979,1,1910,955,11390
6673,4891,3061778,2,2041,1020,11391
6674,4891,1703159,2,1135,567,11391
6675,4891,3841182,1,2560,1280,11391
6676,4891,3617912,1,2411,1205,11391
6677,4892,2964492,3,1976,988,11392
6678,4892,1410188,1,940,470,11392
6679,4892,1228950,1,819,409,11392
6680,4892,1938122,3,1292,646,11392
6681,4893,2334177,2,1556,778,11393
6682,4894,463904,3,309,154,11394
6683,4894,2777834,2,1851,925,11394
6684,4895,3588379,2,2392,1196,11395
6685,4895,2861449,2,1907,953,11395
6686,4896,1580838,3,1053,526,11396
6687,4897,1459833,3,973,486,11397
6688,4897,2578625,3,1719,859,11397
6689,4897,2115308,1,1410,705,11397
6690,4898,2725024,1,1816,908,11398
6691,4898,2887262,3,1924,962,11398
6692,4899,3388422,3,2258,1129,11399
6693,4900,1114541,3,743,371,11400
6694,4900,2498637,2,1665,832,11400
6695,4900,1900424,3,1266,633,11400
6696,4901,2171202,3,1447,723,11401
6697,4901,3155840,2,2103,1051,11401
6698,4902,3266994,2,2177,1088,11402
6699,4902,3701849,2,2467,1233,11402
6700,4902,2707182,1,1804,902,11402
6701,4902,2159565,1,1439,719,11402
6702,4903,2013500,1,1342,671,11403
6703,4904,498397,1,332,166,11404
6704,4904,3641824,2,2427,1213,11404
6705,4904,1942933,2,1295,647,11404
6706,4904,2789289,3,1859,929,11404
6707,4904,2966270,3,1977,988,11404
6708,4905,998811,3,665,332,11405
6709,4905,1327999,3,885,442,11405
6710,4905,3853756,1,2569,1284,11405
6711,4905,2568997,1,1712,856,11405
6712,4906,1678445,3,1118,559,11406
6713,4907,2142869,3,1428,714,11407
6714,4907,3382642,4,2255,1127,11407
6715,4907,3227313,2,2151,1075,11407
6716,4908,773095,1,515,257,11408
6717,4908,3942977,2,2628,1314,11408
6718,4908,3259860,3,2173,1086,11408
6719,4908,2116155,3,1410,705,11408
6720,4909,1053606,3,702,351,11409
6721,4909,3349691,3,2233,1116,11409
6722,4909,2759159,1,1839,919,11409
6723,4909,781564,1,521,260,11409
6724,4910,2034767,3,1356,678,11410
6725,4910,5468317,1,3645,1822,11410
6726,4910,2288921,3,1525,762,11410
6727,4911,1513442,1,1008,504,11411
6728,4912,1240940,3,827,413,11412
6729,4913,4083882,2,2722,1361,11413
6730,4914,3138817,2,2092,1046,11414
6731,4914,3711046,1,2474,1237,11414
6732,4914,2525799,1,1683,841,11414
6733,4916,3554186,1,2369,1184,11416
6734,4916,1404708,1,936,468,11416
6735,4916,2438286,3,1625,812,11416
6736,4917,2565539,1,1710,855,11417
6737,4917,3685493,2,2456,1228,11417
6738,4918,2598041,1,1732,866,11418
6739,4919,1632512,2,1088,544,11419
6740,4919,2337560,1,1558,779,11419
6741,4919,558047,4,372,186,11419
6742,4919,454410,2,302,151,11419
6743,4920,3122031,1,2081,1040,11420
6744,4920,1888903,1,1259,629,11420
6745,4921,2004770,1,1336,668,11421
6746,4921,3121627,1,2081,1040,11421
6747,4921,3700383,2,2466,1233,11421
6748,4922,2818521,1,1879,939,11422
6749,4923,4243353,1,2828,1414,11423
6750,4923,2786009,1,1857,928,11423
6751,4924,2581039,3,1720,860,11424
6752,4924,2517828,3,1678,839,11424
6753,4925,957730,2,638,319,11425
6754,4925,3249483,2,2166,1083,11425
6755,4926,454410,1,302,151,11426
6756,4926,1672651,2,1115,557,11426
6757,4926,2295493,2,1530,765,11426
6758,4926,1464579,2,976,488,11426
6759,4926,1810164,2,1206,603,11426
6760,4927,4152667,2,2768,1384,11427
6761,4928,3400827,1,2267,1133,11428
6762,4929,1570844,3,1047,523,11429
6763,4929,1791954,2,1194,597,11429
6764,4929,966412,4,644,322,11429
6765,4931,2992850,2,1995,997,11431
6766,4931,2016707,4,1344,672,11431
6767,4931,454410,3,302,151,11431
6768,4931,2375092,2,1583,791,11431
6769,4931,2720871,1,1813,906,11431
6770,4932,3256786,1,2171,1085,11432
6771,4933,2197049,3,1464,732,11433
6772,4934,1891022,2,1260,630,11434
6773,4934,4302850,1,2868,1434,11434
6774,4934,2278783,3,1519,759,11434
6775,4935,3007745,2,2005,1002,11435
6776,4935,1720412,3,1146,573,11435
6777,4936,2977428,1,1984,992,11436
6778,4936,783782,3,522,261,11436
6779,4942,1799621,3,1199,599,11442
6780,4945,1036683,3,691,345,11445
6781,4960,1653511,3,1102,551,11460
6782,4961,3550557,2,2367,1183,11461
6783,4968,1645994,2,1097,548,11468
6784,4969,3006410,4,2004,1002,11469
6785,4976,3823334,2,2548,1274,11476
6786,4978,2243853,3,1495,747,11478
6787,4986,3288098,2,2192,1096,11486
6788,4986,2815043,1,1876,938,11486
6789,5009,2391097,1,1594,797,11509
6790,5014,3039188,2,2026,1013,11514
6791,5017,4153242,3,2768,1384,11517
6792,5039,1620491,2,1080,540,11539
6793,5040,1291341,3,860,430,11540
6794,5041,1231311,2,820,410,11541
6795,5042,3288774,1,2192,1096,11542
6796,5045,3426739,3,2284,1142,11545
6797,5045,1722971,2,1148,574,11545
6798,5045,454410,1,302,151,11545
6799,5046,1582163,2,1054,527,11546
6800,5046,2832187,2,1888,944,11546
6801,5046,2203830,1,1469,734,11546
6802,5047,2456441,2,1637,818,11547
6803,5047,1736970,3,1157,578,11547
6804,5048,3308876,3,2205,1102,11548
6805,5048,2622936,2,1748,874,11548
6806,5048,2871662,2,1914,957,11548
6807,5049,2434681,1,1623,811,11549
6808,5049,2808175,4,1872,936,11549
6809,5049,2740903,3,1827,913,11549
6810,5050,1323165,3,882,441,11550
6811,5051,2653477,1,1768,884,11551
6812,5051,3081304,2,2054,1027,11551
6813,5051,3453091,2,2302,1151,11551
6814,5052,2697486,3,1798,899,11552
6815,5053,1285156,2,856,428,11553
6816,5053,1442540,2,961,480,11553
6817,5054,1827144,3,1218,609,11554
6818,5054,2465761,1,1643,821,11554
6819,5054,2147072,1,1431,715,11554
6820,5055,1123121,2,748,374,11555
6821,5056,1116998,3,744,372,11556
6822,5056,454410,3,302,151,11556
6823,5056,454410,3,302,151,11556
6824,5056,2137312,2,1424,712,11556
6825,5057,4644304,3,3096,1548,11557
6826,5057,4109116,1,2739,1369,11557
6827,5057,1271884,4,847,423,11557
6828,5057,2425313,4,1616,808,11557
6829,5059,774631,2,516,258,11559
6830,5059,930519,3,620,310,11559
6831,5059,1047727,2,698,349,11559
6832,5059,2041494,2,1360,680,11559
6833,5059,2085498,1,1390,695,11559
6834,5060,2530417,2,1686,843,11560
6835,5060,2950136,3,1966,983,11560
6836,5060,1927615,2,1285,642,11560
6837,5060,2309063,4,1539,769,11560
6838,5060,1153711,2,769,384,11560
6839,5060,897406,1,598,299,11560
6840,5061,739467,4,492,246,11561
6841,5061,2935854,1,1957,978,11561
6842,5061,1926565,1,1284,642,11561
6843,5062,454410,2,302,151,11562
6844,5062,2207545,2,1471,735,11562
6845,5062,995227,1,663,331,11562
6846,5062,3969657,1,2646,1323,11562
6847,5063,1680249,1,1120,560,11563
6848,5063,2968836,3,1979,989,11563
6849,5063,3385429,3,2256,1128,11563
6850,5063,1295709,1,863,431,11563
6851,5064,2349801,3,1566,783,11564
6852,5064,2837927,3,1891,945,11564
6853,5065,2390186,1,1593,796,11565
6854,5065,2641246,1,1760,880,11565
6855,5065,912607,1,608,304,11565
6856,5065,2838508,1,1892,946,11565
6857,5065,1774984,4,1183,591,11565
6858,5065,2629336,2,1752,876,11565
6859,5066,3212666,1,2141,1070,11566
6860,5066,2955854,2,1970,985,11566
6861,5066,2628588,1,1752,876,11566
6862,5067,2928575,3,1952,976,11567
6863,5067,2975896,1,1983,991,11567
6864,5069,3801082,1,2534,1267,11569
6865,5069,2237235,2,1491,745,11569
6866,5069,2439682,4,1626,813,11569
6867,5070,3225015,4,2150,1075,11570
6868,5070,1770666,1,1180,590,11570
6869,5070,906842,1,604,302,11570
6870,5071,2776338,3,1850,925,11571
6871,5072,2061406,3,1374,687,11572
6872,5072,1037446,1,691,345,11572
6873,5072,2783814,2,1855,927,11572
6874,5072,3735271,2,2490,1245,11572
6875,5073,605764,1,403,201,11573
6876,5073,3317297,1,2211,1105,11573
6877,5073,454410,1,302,151,11573
6878,5073,1862787,2,1241,620,11573
6879,5074,4153833,3,2769,1384,11574
6880,5075,1936363,2,1290,645,11575
6881,5075,2364004,3,1576,788,11575
6882,5075,3052020,2,2034,1017,11575
6883,5076,517089,1,344,172,11576
6884,5076,2345760,2,1563,781,11576
6885,5076,2337702,3,1558,779,11576
6886,5077,4176127,3,2784,1392,11577
6887,5077,1008600,2,672,336,11577
6888,5077,1881955,1,1254,627,11577
6889,5078,1322878,2,881,440,11578
6890,5079,1214444,2,809,404,11579
6891,5079,3424730,3,2283,1141,11579
6892,5080,2299298,1,1532,766,11580
6893,5080,1704025,1,1136,568,11580
6894,5080,1742592,3,1161,580,11580
6895,5080,1696193,2,1130,565,11580
6896,5081,1787622,2,1191,595,11581
6897,5083,979252,3,652,326,11583
6898,5084,2007518,1,1338,669,11584
6899,5084,1904788,4,1269,634,11584
6900,5084,1497261,1,998,499,11584
6901,5087,2430572,3,1620,810,11587
6902,5087,2517317,2,1678,839,11587
6903,5095,1702921,2,1135,567,11595
6904,5097,2124683,2,1416,708,11597
6905,5104,4479073,3,2986,1493,11604
6906,5123,4440027,2,2960,1480,11623
6907,5138,1194324,1,796,398,11638
6908,5144,1337098,4,891,445,11644
6909,5146,1188892,2,792,396,11646
6910,5150,3352804,1,2235,1117,11650
6911,5150,1864584,1,1243,621,11650
6912,5161,2517097,4,1678,839,11661
6913,5162,4313792,1,2875,1437,11662
6914,5162,2261350,4,1507,753,11662
6915,5162,2994133,2,1996,998,11662
6916,5165,2804139,2,1869,934,11665
6917,5166,1670643,2,1113,556,11666
6918,5166,3354959,4,2236,1118,11666
6919,5166,1403296,1,935,467,11666
6920,5167,3641972,2,2427,1213,11667
6921,5168,1671426,2,1114,557,11668
6922,5168,1783364,2,1188,594,11668
6923,5168,1159155,2,772,386,11668
6924,5169,1327066,2,884,442,11669
6925,5169,1835716,2,1223,611,11669
6926,5170,454410,2,302,151,11670
6927,5171,2033485,1,1355,677,11671
6928,5171,1752685,2,1168,584,11671
6929,5171,3079774,3,2053,1026,11671
6930,5171,2704514,1,1803,901,11671
6931,5171,1548545,4,1032,516,11671
6932,5171,1803217,3,1202,601,11671
6933,5172,2032170,3,1354,677,11672
6934,5172,3791324,3,2527,1263,11672
6935,5172,1431307,2,954,477,11672
6936,5172,1536150,3,1024,512,11672
6937,5172,1118160,4,745,372,11672
6938,5172,756779,3,504,252,11672
6939,5172,2585936,1,1723,861,11672
6940,5173,2479502,2,1653,826,11673
6941,5173,3583573,3,2389,1194,11673
6942,5173,3336809,3,2224,1112,11673
6943,5173,4722914,2,3148,1574,11673
6944,5176,2196520,1,1464,732,11676
6945,5176,2005678,4,1337,668,11676
6946,5176,942669,1,628,314,11676
6947,5176,2984246,1,1989,994,11676
6948,5178,2393241,1,1595,797,11678
6949,5178,2937918,1,1958,979,11678
6950,5178,1107383,3,738,369,11678
6951,5179,2631537,3,1754,877,11679
6952,5179,2481850,2,1654,827,11679
6953,5180,2414201,2,1609,804,11680
6954,5180,1573463,2,1048,524,11680
6955,5180,3488041,1,2325,1162,11680
6956,5180,4368329,4,2912,1456,11680
6957,5180,1136809,3,757,378,11680
6958,5181,3008647,2,2005,1002,11681
6959,5182,454410,1,302,151,11682
6960,5182,2955651,2,1970,985,11682
6961,5183,454410,1,302,151,11683
6962,5183,1735311,2,1156,578,11683
6963,5183,929584,2,619,309,11683
6964,5183,2051603,2,1367,683,11683
6965,5184,3129650,1,2086,1043,11684
6966,5185,454410,4,302,151,11685
6967,5185,1904509,2,1269,634,11685
6968,5186,1747169,2,1164,582,11686
6969,5186,3888548,2,2592,1296,11686
6970,5187,2713491,1,1808,904,11687
6971,5188,1068436,2,712,356,11688
6972,5188,1790187,2,1193,596,11688
6973,5190,3863044,3,2575,1287,11690
6974,5190,3002432,3,2001,1000,11690
6975,5191,1333227,3,888,444,11691
6976,5192,1998990,3,1332,666,11692
6977,5192,2031668,4,1354,677,11692
6978,5193,1722004,2,1148,574,11693
6979,5193,523490,3,348,174,11693
6980,5193,1579234,2,1052,526,11693
6981,5193,3692397,1,2461,1230,11693
6982,5194,1882358,2,1254,627,11694
6983,5194,2166480,1,1444,722,11694
6984,5194,2415726,2,1610,805,11694
6985,5195,4539926,1,3026,1513,11695
6986,5195,2281123,3,1520,760,11695
6987,5195,3390523,3,2260,1130,11695
6988,5196,1660456,3,1106,553,11696
6989,5196,2006833,4,1337,668,11696
6990,5197,2284883,1,1523,761,11697
6991,5197,1480558,1,987,493,11697
6992,5198,2063763,4,1375,687,11698
6993,5198,3180012,3,2120,1060,11698
6994,5200,1453739,2,969,484,11700
6995,5200,2272140,2,1514,757,11700
6996,5201,2996674,2,1997,998,11701
6997,5201,1429097,1,952,476,11701
6998,5201,3392024,1,2261,1130,11701
6999,5202,2346567,2,1564,782,11702
7000,5205,2103224,1,1402,701,11705
7001,5205,454410,1,302,151,11705
7002,5207,1890059,4,1260,630,11707
7003,5207,2651973,2,1767,883,11707
7004,5207,4056528,2,2704,1352,11707
7005,5207,2852671,2,1901,950,11707
7006,5208,3423517,3,2282,1141,11708
7007,5210,1035834,2,690,345,11710
7008,5210,2142383,3,1428,714,11710
7009,5211,3520167,2,2346,1173,11711
7010,5211,1364411,1,909,454,11711
7011,5211,3258914,2,2172,1086,11711
7012,5211,3021809,2,2014,1007,11711
7013,5212,2552933,2,1701,850,11712
7014,5212,1935976,3,1290,645,11712
7015,5212,1263639,3,842,421,11712
7016,5212,4087236,3,2724,1362,11712
7017,5213,2918079,2,1945,972,11713
7018,5213,2620302,2,1746,873,11713
7019,5213,1849942,1,1233,616,11713
7020,5213,2310770,3,1540,770,11713
7021,5214,2440460,2,1626,813,11714
7022,5215,2680891,1,1787,893,11715
7023,5216,3022855,2,2015,1007,11716
7024,5217,1472033,3,981,490,11717
7025,5217,772568,3,515,257,11717
7026,5217,2358220,3,1572,786,11717
7027,5218,485655,2,323,161,11718
7028,5218,1941131,3,1294,647,11718
7029,5219,1751442,2,1167,583,11719
7030,5219,2774823,2,1849,924,11719
7031,5220,4299100,1,2866,1433,11720
7032,5220,454410,3,302,151,11720
7033,5220,4597226,1,3064,1532,11720
7034,5220,2033748,3,1355,677,11720
7035,5220,2627656,2,1751,875,11720
7036,5221,825493,3,550,275,11721
7037,5221,3291272,1,2194,1097,11721
7038,5221,2314451,2,1542,771,11721
7039,5222,2209203,2,1472,736,11722
7040,5224,454410,2,302,151,11724
7041,5224,2347500,1,1565,782,11724
7042,5224,3136843,3,2091,1045,11724
7043,5225,2030473,1,1353,676,11725
7044,5225,3472576,1,2315,1157,11725
7045,5227,3430346,1,2286,1143,11727
7046,5228,1616579,3,1077,538,11728
7047,5228,3902929,2,2601,1300,11728
7048,5229,2318360,2,1545,772,11729
7049,5229,2322910,3,1548,774,11729
7050,5230,2373250,2,1582,791,11730
7051,5230,2342919,3,1561,780,11730
7052,5230,454410,2,302,151,11730
7053,5231,2082383,2,1388,694,11731
7054,5231,877520,3,585,292,11731
7055,5231,3934850,4,2623,1311,11731
7056,5231,3893695,2,2595,1297,11731
7057,5232,3143090,3,2095,1047,11732
7058,5233,2028235,2,1352,676,11733
7059,5233,1241432,2,827,413,11733
7060,5233,1599724,2,1066,533,11733
7061,5233,4258249,2,2838,1419,11733
7062,5233,1564331,1,1042,521,11733
7063,5234,454410,4,302,151,11734
7064,5234,3325313,1,2216,1108,11734
7065,5234,3806196,2,2537,1268,11734
7066,5234,3968468,2,2645,1322,11734
7067,5235,3333679,1,2222,1111,11735
7068,5236,3500509,2,2333,1166,11736
7069,5238,2326170,2,1550,775,11738
7070,5238,454410,1,302,151,11738
7071,5238,2300555,2,1533,766,11738
7072,5239,2907559,2,1938,969,11739
7073,5239,2133746,3,1422,711,11739
7074,5239,2087158,1,1391,695,11739
7075,5240,1286313,1,857,428,11740
7076,5240,1247849,3,831,415,11740
7077,5240,4151413,1,2767,1383,11740
7078,5241,4188422,1,2792,1396,11741
7079,5251,2269343,1,1512,756,11751
7080,5259,2559885,2,1706,853,11759
7081,5260,1269198,2,846,423,11760
7082,5266,2929032,2,1952,976,11766
7083,5266,4071153,1,2714,1357,11766
7084,5267,708530,3,472,236,11767
7085,5276,2746334,3,1830,915,11776
7086,5279,2823157,1,1882,941,11779
7087,5279,2811486,1,1874,937,11779
7088,5279,3951702,3,2634,1317,11779
7089,5279,4353719,4,2902,1451,11779
7090,5281,2033330,1,1355,677,11781
7091,5281,2960317,3,1973,986,11781
7092,5281,2358171,4,1572,786,11781
7093,5281,1625760,1,1083,541,11781
7094,5282,2548935,4,1699,849,11782
7095,5283,2958605,2,1972,986,11783
7096,5284,2493842,2,1662,831,11784
7097,5284,1371110,1,914,457,11784
7098,5284,1798094,3,1198,599,11784
7099,5284,1805919,3,1203,601,11784
7100,5285,1410716,4,940,470,11785
7101,5285,2592619,3,1728,864,11785
7102,5286,2699536,2,1799,899,11786
7103,5286,3273529,4,2182,1091,11786
7104,5286,1395197,3,930,465,11786
7105,5287,1681622,3,1121,560,11787
7106,5287,3861475,1,2574,1287,11787
7107,5288,2103865,1,1402,701,11788
7108,5288,2302856,1,1535,767,11788
7109,5291,2093019,1,1395,697,11791
7110,5291,3430485,3,2286,1143,11791
7111,5292,3470132,2,2313,1156,11792
7112,5293,3410218,1,2273,1136,11793
7113,5294,2299212,2,1532,766,11794
7114,5294,1380051,2,920,460,11794
7115,5295,4240429,3,2826,1413,11795
7116,5296,3147558,1,2098,1049,11796
7117,5296,1805151,2,1203,601,11796
7118,5296,3727793,2,2485,1242,11796
7119,5296,1724431,1,1149,574,11796
7120,5296,3714383,4,2476,1238,11796
7121,5297,3783480,2,2522,1261,11797
7122,5299,1329905,1,886,443,11799
7123,5299,2866852,3,1911,955,11799
7124,5299,3071778,2,2047,1023,11799
7125,5299,4945590,2,3297,1648,11799
7126,5299,1513104,1,1008,504,11799
7127,5300,3736713,3,2491,1245,11800
7128,5300,2289784,4,1526,763,11800
7129,5301,1002851,1,668,334,11801
7130,5301,2149371,2,1432,716,11801
7131,5301,2274569,1,1516,758,11801
7132,5301,1189416,4,792,396,11801
7133,5302,2591222,3,1727,863,11802
7134,5302,3251334,2,2167,1083,11802
7135,5302,2515591,1,1677,838,11802
7136,5303,1718056,1,1145,572,11803
7137,5303,2120248,3,1413,706,11803
7138,5304,2267404,1,1511,755,11804
7139,5304,2494243,1,1662,831,11804
7140,5305,3406764,2,2271,1135,11805
7141,5305,2550086,2,1700,850,11805
7142,5305,837901,2,558,279,11805
7143,5305,1697120,2,1131,565,11805
7144,5307,2441793,3,1627,813,11807
7145,5307,3421379,1,2280,1140,11807
7146,5307,3598996,3,2399,1199,11807
7147,5308,4086526,2,2724,1362,11808
7148,5308,2405592,3,1603,801,11808
7149,5308,3052473,3,2034,1017,11808
7150,5309,784975,2,523,261,11809
7151,5309,2711569,1,1807,903,11809
7152,5310,1172675,1,781,390,11810
7153,5310,2208108,1,1472,736,11810
7154,5311,5369823,2,3579,1789,11811
7155,5313,2582410,2,1721,860,11813
7156,5314,1388867,1,925,462,11814
7157,5314,2688981,1,1792,896,11814
7158,5314,1743380,4,1162,581,11814
7159,5314,1289763,3,859,429,11814
7160,5316,4422345,1,2948,1474,11816
7161,5316,3362781,2,2241,1120,11816
7162,5316,2625333,2,1750,875,11816
7163,5316,1871440,1,1247,623,11816
7164,5317,1954291,1,1302,651,11817
7165,5317,3849116,2,2566,1283,11817
7166,5318,2585501,3,1723,861,11818
7167,5318,454410,3,302,151,11818
7168,5318,4747270,1,3164,1582,11818
7169,5318,2459216,2,1639,819,11818
7170,5319,2623117,2,1748,874,11819
7171,5320,3383110,1,2255,1127,11820
7172,5320,2747887,2,1831,915,11820
7173,5322,3035705,1,2023,1011,11822
7174,5323,1838825,3,1225,612,11823
7175,5323,1014679,4,676,338,11823
7176,5323,2558565,2,1705,852,11823
7177,5324,3735763,1,2490,1245,11824
7178,5325,1609721,3,1073,536,11825
7179,5326,1527701,3,1018,509,11826
7180,5327,3520446,1,2346,1173,11827
7181,5328,1804551,2,1203,601,11828
7182,5328,1852283,2,1234,617,11828
7183,5330,1890538,1,1260,630,11830
7184,5330,2205611,2,1470,735,11830
7185,5331,663127,1,442,221,11831
7186,5331,1720616,1,1147,573,11831
7187,5331,2507582,2,1671,835,11831
7188,5332,2500292,1,1666,833,11832
7189,5332,3456007,1,2304,1152,11832
7190,5333,4152684,3,2768,1384,11833
7191,5334,3818445,1,2545,1272,11834
7192,5334,3207210,4,2138,1069,11834
7193,5334,2119979,4,1413,706,11834
7194,5335,1635009,1,1090,545,11835
7195,5335,2290328,4,1526,763,11835
7196,5335,2870758,3,1913,956,11835
7197,5335,3112416,1,2074,1037,11835
7198,5336,2909106,1,1939,969,11836
7199,5336,2148157,3,1432,716,11836
7200,5337,3076554,2,2051,1025,11837
7201,5338,3561193,2,2374,1187,11838
7202,5338,3171944,2,2114,1057,11838
7203,5339,2239318,1,1492,746,11839
7204,5340,1419504,2,946,473,11840
7205,5342,1395253,3,930,465,11842
7206,5342,1575557,2,1050,525,11842
7207,5343,2534888,2,1689,844,11843
7208,5343,2803508,1,1869,934,11843
7209,5343,825800,2,550,275,11843
7210,5344,1756753,1,1171,585,11844
7211,5345,2520789,3,1680,840,11845
7212,5345,1352196,1,901,450,11845
7213,5346,2715682,2,1810,905,11846
7214,5347,1957728,4,1305,652,11847
7215,5347,1532408,2,1021,510,11847
7216,5348,2326447,2,1550,775,11848
7217,5349,2673125,3,1782,891,11849
7218,5350,1404494,1,936,468,11850
7219,5350,2023997,3,1349,674,11850
7220,5350,2750214,3,1833,916,11850
7221,5350,1492871,3,995,497,11850
7222,5350,577122,1,384,192,11850
7223,5350,701022,2,467,233,11850
7224,5350,1844625,1,1229,614,11850
7225,5351,924069,3,616,308,11851
7226,5351,1916530,3,1277,638,11851
7227,5351,3974323,2,2649,1324,11851
7228,5352,862540,1,575,287,11852
7229,5353,1983108,3,1322,661,11853
7230,5353,4452164,2,2968,1484,11853
7231,5354,2689330,4,1792,896,11854
7232,5354,1896081,2,1264,632,11854
7233,5354,2111649,3,1407,703,11854
7234,5354,2711039,2,1807,903,11854
7235,5354,4005844,3,2670,1335,11854
7236,5356,1729293,3,1152,576,11856
7237,5360,1497452,3,998,499,11860
7238,5360,862325,2,574,287,11860
7239,5361,2377457,2,1584,792,11861
7240,5361,834843,3,556,278,11861
7241,5362,1797867,3,1198,599,11862
7242,5362,1342991,3,895,447,11862
7243,5362,3370257,2,2246,1123,11862
7244,5363,1752253,1,1168,584,11863
7245,5364,2677879,3,1785,892,11864
7246,5364,631990,1,421,210,11864
7247,5365,2406505,2,1604,802,11865
7248,5365,1041911,2,694,347,11865
7249,5365,1836857,1,1224,612,11865
7250,5367,4532831,2,3021,1510,11867
7251,5367,3225125,4,2150,1075,11867
7252,5369,2140757,2,1427,713,11869
7253,5370,5542718,3,3695,1847,11870
7254,5370,1336354,4,890,445,11870
7255,5370,3463392,3,2308,1154,11870
7256,5371,705009,1,470,235,11871
7257,5372,2022657,2,1348,674,11872
7258,5372,894039,2,596,298,11872
7259,5373,2535094,3,1690,845,11873
7260,5373,2329274,3,1552,776,11873
7261,5373,1957486,1,1304,652,11873
7262,5373,3388592,1,2259,1129,11873
7263,5374,1692235,2,1128,564,11874
7264,5374,2606229,1,1737,868,11874
7265,5374,3111002,1,2074,1037,11874
7266,5375,755571,1,503,251,11875
7267,5376,1506854,2,1004,502,11876
7268,5377,2327118,1,1551,775,11877
7269,5377,2916332,1,1944,972,11877
7270,5378,3725154,2,2483,1241,11878
7271,5379,2051329,2,1367,683,11879
7272,5380,1948482,2,1298,649,11880
7273,5380,1379888,3,919,459,11880
7274,5381,2609432,2,1739,869,11881
7275,5381,1968269,1,1312,656,11881
7276,5382,1991872,1,1327,663,11882
7277,5383,2176055,2,1450,725,11883
7278,5383,2836046,3,1890,945,11883
7279,5383,1695678,1,1130,565,11883
7280,5383,1482578,3,988,494,11883
7281,5384,2713453,2,1808,904,11884
7282,5385,454410,4,302,151,11885
7283,5385,1654835,2,1103,551,11885
7284,5385,1094925,1,729,364,11885
7285,5386,3502287,3,2334,1167,11886
7286,5386,1821230,3,1214,607,11886
7287,5386,1698760,2,1132,566,11886
7288,5386,2222336,1,1481,740,11886
7289,5386,1663327,3,1108,554,11886
7290,5387,1860373,2,1240,620,11887
7291,5387,2371337,1,1580,790,11887
7292,5388,1840546,2,1227,613,11888
7293,5388,1833208,1,1222,611,11888
7294,5388,1239242,1,826,413,11888
7295,5389,1092395,2,728,364,11889
7296,5389,2334046,3,1556,778,11889
7297,5389,2585524,3,1723,861,11889
7298,5389,811870,3,541,270,11889
7299,5390,3049030,2,2032,1016,11890
7300,5390,3053228,3,2035,1017,11890
7301,5394,3268593,2,2179,1089,11894
7302,5399,2578662,1,1719,859,11899
7303,5433,2923416,1,1948,974,11933
7304,5433,4506068,1,3004,1502,11933
7305,5433,1963767,3,1309,654,11933
7306,5434,1202911,3,801,400,11934
7307,5434,703592,1,469,234,11934
7308,5435,4067089,2,2711,1355,11935
7309,5435,4080496,2,2720,1360,11935
7310,5435,1326718,2,884,442,11935
7311,5436,1528420,1,1018,509,11936
7312,5436,1940793,3,1293,646,11936
7313,5436,3523756,2,2349,1174,11936
7314,5437,955883,2,637,318,11937
7315,5437,454410,2,302,151,11937
7316,5437,4488164,1,2992,1496,11937
7317,5438,2591426,2,1727,863,11938
7318,5438,2736651,3,1824,912,11938
7319,5439,2062344,3,1374,687,11939
7320,5440,2748278,1,1832,916,11940
7321,5440,723892,1,482,241,11940
7322,5441,1412273,2,941,470,11941
7323,5442,2379565,3,1586,793,11942
7324,5442,454410,2,302,151,11942
7325,5442,1962748,3,1308,654,11942
7326,5444,1899719,1,1266,633,11944
7327,5444,1962572,1,1308,654,11944
7328,5444,1708611,1,1139,569,11944
7329,5444,1253827,2,835,417,11944
7330,5445,454410,1,302,151,11945
7331,5445,2420042,3,1613,806,11945
7332,5445,1965196,4,1310,655,11945
7333,5445,865931,2,577,288,11945
7334,5445,2335985,1,1557,778,11945
7335,5445,1970485,2,1313,656,11945
7336,5446,1800688,4,1200,600,11946
7337,5446,454410,2,302,151,11946
7338,5446,2970126,3,1980,990,11946
7339,5446,1011350,2,674,337,11946
7340,5447,2336738,1,1557,778,11947
7341,5447,1445658,2,963,481,11947
7342,5449,1874606,1,1249,624,11949
7343,5449,3450178,4,2300,1150,11949
7344,5450,2815587,2,1877,938,11950
7345,5451,3427427,3,2284,1142,11951
7346,5451,2609842,2,1739,869,11951
7347,5452,2677075,1,1784,892,11952
7348,5452,454410,3,302,151,11952
7349,5452,1947404,1,1298,649,11952
7350,5453,2042097,2,1361,680,11953
7351,5453,3523151,2,2348,1174,11953
7352,5453,1754469,2,1169,584,11953
7353,5454,2542847,1,1695,847,11954
7354,5454,2502868,2,1668,834,11954
7355,5455,3455682,1,2303,1151,11955
7356,5455,2135306,3,1423,711,11955
7357,5455,3118397,3,2078,1039,11955
7358,5455,528957,2,352,176,11955
7359,5455,621840,1,414,207,11955
7360,5456,454410,4,302,151,11956
7361,5456,3075657,1,2050,1025,11956
7362,5457,2960821,1,1973,986,11957
7363,5457,3188985,2,2125,1062,11957
7364,5457,1579499,2,1052,526,11957
7365,5458,1695865,3,1130,565,11958
7366,5458,2148287,3,1432,716,11958
7367,5458,3748119,2,2498,1249,11958
7368,5459,4003856,3,2669,1334,11959
7369,5459,3083656,2,2055,1027,11959
7370,5460,2610491,4,1740,870,11960
7371,5460,3637374,2,2424,1212,11960
7372,5460,2010470,1,1340,670,11960
7373,5460,1872342,2,1248,624,11960
7374,5460,2140134,1,1426,713,11960
7375,5461,1271390,2,847,423,11961
7376,5462,2093116,3,1395,697,11962
7377,5462,1129586,3,753,376,11962
7378,5462,3320040,2,2213,1106,11962
7379,5463,2827927,3,1885,942,11963
7380,5463,3733665,3,2489,1244,11963
7381,5463,606234,3,404,202,11963
7382,5463,4216386,2,2810,1405,11963
7383,5464,664315,2,442,221,11964
7384,5465,1046872,1,697,348,11965
7385,5465,1637307,3,1091,545,11965
7386,5465,3609091,3,2406,1203,11965
7387,5465,2502680,2,1668,834,11965
7388,5465,2022753,1,1348,674,11965
7389,5466,1461649,3,974,487,11966
7390,5466,865263,2,576,288,11966
7391,5466,3430072,2,2286,1143,11966
7392,5466,3088595,2,2059,1029,11966
7393,5468,3654824,2,2436,1218,11968
7394,5468,2677765,1,1785,892,11968
7395,5469,454410,3,302,151,11969
7396,5469,999560,1,666,333,11969
7397,5470,2747344,1,1831,915,11970
7398,5471,1894042,3,1262,631,11971
7399,5471,1700677,1,1133,566,11971
7400,5471,1144086,3,762,381,11971
7401,5471,3240885,2,2160,1080,11971
7402,5471,2738470,1,1825,912,11971
7403,5472,2784478,3,1856,928,11972
7404,5472,1624240,2,1082,541,11972
7405,5472,2452289,2,1634,817,11972
7406,5472,904289,3,602,301,11972
7407,5472,2139310,3,1426,713,11972
7408,5473,454410,2,302,151,11973
7409,5474,668772,3,445,222,11974
7410,5474,1942510,2,1295,647,11974
7411,5474,4700422,2,3133,1566,11974
7412,5474,454410,1,302,151,11974
7413,5495,1000585,2,667,333,11995
7414,5496,2493684,3,1662,831,11996
7415,5509,4081146,3,2720,1360,12009
7416,5521,2478755,1,1652,826,12021
7417,5521,2989934,3,1993,996,12021
7418,5521,1926875,2,1284,642,12021
7419,5521,1749978,1,1166,583,12021
7420,5521,2356076,3,1570,785,12021
7421,5524,1598999,1,1065,532,12024
7422,5524,3012558,4,2008,1004,12024
7423,5524,629761,3,419,209,12024
7424,5525,3181991,2,2121,1060,12025
7425,5526,2312243,2,1541,770,12026
7426,5526,2052514,4,1368,684,12026
7427,5527,592225,3,394,197,12027
7428,5527,1270291,2,846,423,12027
7429,5528,3497577,4,2331,1165,12028
7430,5528,2058773,2,1372,686,12028
7431,5528,2556690,3,1704,852,12028
7432,5529,1372796,1,915,457,12029
7433,5529,2242343,1,1494,747,12029
7434,5529,869130,2,579,289,12029
7435,5529,2374171,2,1582,791,12029
7436,5530,2651000,2,1767,883,12030
7437,5530,2599853,1,1733,866,12030
7438,5530,1348204,3,898,449,12030
7439,5530,1922329,1,1281,640,12030
7440,5531,2821288,3,1880,940,12031
7441,5531,2055871,3,1370,685,12031
7442,5531,1978302,2,1318,659,12031
7443,5532,4218196,1,2812,1406,12032
7444,5532,1299737,4,866,433,12032
7445,5533,3376693,3,2251,1125,12033
7446,5533,1091478,2,727,363,12033
7447,5534,2941512,3,1961,980,12034
7448,5534,2996080,2,1997,998,12034
7449,5535,1750240,1,1166,583,12035
7450,5535,1027274,1,684,342,12035
7451,5535,454410,2,302,151,12035
7452,5535,1643143,3,1095,547,12035
7453,5535,2810067,3,1873,936,12035
7454,5535,1170258,2,780,390,12035
7455,5535,2371171,3,1580,790,12035
7456,5536,762515,2,508,254,12036
7457,5536,2032917,1,1355,677,12036
7458,5536,1099286,1,732,366,12036
7459,5536,2192320,1,1461,730,12036
7460,5536,1759734,1,1173,586,12036
7461,5537,1054992,4,703,351,12037
7462,5537,1598402,2,1065,532,12037
7463,5537,1316946,2,877,438,12037
7464,5538,928663,4,619,309,12038
7465,5538,3379072,1,2252,1126,12038
7466,5540,1903798,2,1269,634,12040
7467,5540,454410,4,302,151,12040
7468,5540,1634793,2,1089,544,12040
7469,5540,3207270,4,2138,1069,12040
7470,5540,1493619,3,995,497,12040
7471,5540,3803375,3,2535,1267,12040
7472,5541,1396179,3,930,465,12041
7473,5541,2786744,2,1857,928,12041
7474,5542,3331931,2,2221,1110,12042
7475,5542,2732337,2,1821,910,12042
7476,5545,866736,1,577,288,12045
7477,5546,1308448,2,872,436,12046
7478,5546,3468355,2,2312,1156,12046
7479,5547,1449397,4,966,483,12047
7480,5547,3269602,3,2179,1089,12047
7481,5547,1832116,4,1221,610,12047
7482,5547,2416658,1,1611,805,12047
7483,5547,854862,1,569,284,12047
7484,5548,1650143,2,1100,550,12048
7485,5549,1377116,3,918,459,12049
7486,5549,2502707,2,1668,834,12049
7487,5550,2367336,1,1578,789,12050
7488,5550,2745072,2,1830,915,12050
7489,5550,1770528,1,1180,590,12050
7490,5550,1320961,1,880,440,12050
7491,5550,2458875,4,1639,819,12050
7492,5551,1219375,2,812,406,12051
7493,5551,3374652,2,2249,1124,12051
7494,5551,2154959,2,1436,718,12051
7495,5551,1938601,2,1292,646,12051
7496,5551,2744588,1,1829,914,12051
7497,5551,2193972,2,1462,731,12051
7498,5551,576820,2,384,192,12051
7499,5552,1186820,3,791,395,12052
7500,5553,3353474,3,2235,1117,12053
7501,5553,2357814,1,1571,785,12053
7502,5553,552777,3,368,184,12053
7503,5553,2632056,2,1754,877,12053
7504,5554,1700250,1,1133,566,12054
7505,5554,1377941,2,918,459,12054
7506,5554,1101506,3,734,367,12054
7507,5554,3294399,2,2196,1098,12054
7508,5554,454410,2,302,151,12054
7509,5554,1415738,1,943,471,12054
7510,5556,2394869,4,1596,798,12056
7511,5556,3885802,1,2590,1295,12056
7512,5557,2838326,3,1892,946,12057
7513,5557,1407055,2,938,469,12057
7514,5557,3835694,3,2557,1278,12057
7515,5557,886541,1,591,295,12057
7516,5558,2543335,3,1695,847,12058
7517,5558,2770771,2,1847,923,12058
7518,5558,1371177,1,914,457,12058
7519,5559,2985284,1,1990,995,12059
7520,5559,1746636,2,1164,582,12059
7521,5559,2982778,1,1988,994,12059
7522,5560,454410,4,302,151,12060
7523,5560,2614536,3,1743,871,12060
7524,5560,1850702,4,1233,616,12060
7525,5560,3447532,4,2298,1149,12060
7526,5560,2227082,2,1484,742,12060
7527,5560,3549289,1,2366,1183,12060
7528,5561,2791043,1,1860,930,12061
7529,5562,2141682,2,1427,713,12062
7530,5562,3077379,4,2051,1025,12062
7531,5562,3083912,1,2055,1027,12062
7532,5563,2754540,2,1836,918,12063
7533,5563,454410,1,302,151,12063
7534,5564,1267457,2,844,422,12064
7535,5564,3687189,3,2458,1229,12064
7536,5564,987942,1,658,329,12064
7537,5565,3174297,1,2116,1058,12065
7538,5565,2994342,3,1996,998,12065
7539,5566,1530024,3,1020,510,12066
7540,5566,454410,2,302,151,12066
7541,5570,1690380,4,1126,563,12070
7542,5576,4396657,1,2931,1465,12076
7543,5580,1389415,3,926,463,12080
7544,5587,1459983,2,973,486,12087
7545,5591,1252099,3,834,417,12091
7546,5599,3514071,1,2342,1171,12099
7547,5609,2023687,2,1349,674,12109
7548,5609,1632109,3,1088,544,12109
7549,5612,3717216,2,2478,1239,12112
7550,5615,2864537,3,1909,954,12115
7551,5632,1332146,3,888,444,12132
7552,5639,1021030,1,680,340,12139
7553,5645,3456188,3,2304,1152,12145
7554,5646,2289214,1,1526,763,12146
7555,5655,688252,2,458,229,12155
7556,5657,454410,3,302,151,12157
7557,5666,1130986,1,753,376,12166
7558,5666,1004773,3,669,334,12166
7559,5666,454410,1,302,151,12166
7560,5667,1147889,1,765,382,12167
7561,5674,1332361,3,888,444,12174
7562,5674,1798993,1,1199,599,12174
7563,5674,4002918,1,2668,1334,12174
7564,5675,1999223,3,1332,666,12175
7565,5675,2100717,2,1400,700,12175
7566,5675,2792723,1,1861,930,12175
7567,5677,2029410,3,1352,676,12177
7568,5678,2681174,2,1787,893,12178
7569,5678,2558956,1,1705,852,12178
7570,5679,2397386,1,1598,799,12179
7571,5679,5100545,3,3400,1700,12179
7572,5680,3203604,1,2135,1067,12180
7573,5680,1166073,1,777,388,12180
7574,5681,2650572,3,1767,883,12181
7575,5681,1462560,3,975,487,12181
7576,5682,2728306,1,1818,909,12182
7577,5682,866027,3,577,288,12182
7578,5682,1139431,4,759,379,12182
7579,5683,2623668,3,1749,874,12183
7580,5683,3292088,3,2194,1097,12183
7581,5684,2785964,2,1857,928,12184
7582,5684,3145317,2,2096,1048,12184
7583,5685,2654249,2,1769,884,12185
7584,5686,2448413,2,1632,816,12186
7585,5686,1757062,1,1171,585,12186
7586,5686,3103280,1,2068,1034,12186
7587,5686,3319908,1,2213,1106,12186
7588,5687,2207518,2,1471,735,12187
7589,5688,2152501,2,1435,717,12188
7590,5688,3899137,1,2599,1299,12188
7591,5689,2251169,3,1500,750,12189
7592,5690,2349432,1,1566,783,12190
7593,5691,2767132,1,1844,922,12191
7594,5691,2172050,3,1448,724,12191
7595,5691,1433315,3,955,477,12191
7596,5692,2658489,1,1772,886,12192
7597,5692,2232425,2,1488,744,12192
7598,5693,4155606,1,2770,1385,12193
7599,5693,3078176,2,2052,1026,12193
7600,5694,1663215,2,1108,554,12194
7601,5694,3017456,3,2011,1005,12194
7602,5695,2586818,2,1724,862,12195
7603,5695,3610835,2,2407,1203,12195
7604,5695,1735835,1,1157,578,12195
7605,5695,2464956,2,1643,821,12195
7606,5696,2170733,3,1447,723,12196
7607,5696,2331840,3,1554,777,12196
7608,5696,1367002,1,911,455,12196
7609,5696,2860874,3,1907,953,12196
7610,5697,2699385,1,1799,899,12197
7611,5699,3586090,2,2390,1195,12199
7612,5699,2261798,2,1507,753,12199
7613,5699,1850975,1,1233,616,12199
7614,5699,3079041,2,2052,1026,12199
7615,5700,1460037,2,973,486,12200
7616,5701,3381361,1,2254,1127,12201
7617,5702,3379171,2,2252,1126,12202
7618,5703,3557519,1,2371,1185,12203
7619,5704,2657117,4,1771,885,12204
7620,5705,1774644,2,1183,591,12205
7621,5705,2383685,2,1589,794,12205
7622,5706,2660640,2,1773,886,12206
7623,5707,1699348,3,1132,566,12207
7624,5707,3635056,3,2423,1211,12207
7625,5708,2865140,1,1910,955,12208
7626,5708,1359821,3,906,453,12208
7627,5709,4197141,3,2798,1399,12209
7628,5709,2371622,2,1581,790,12209
7629,5709,1153414,2,768,384,12209
7630,5709,1423179,1,948,474,12209
7631,5709,3793192,1,2528,1264,12209
7632,5709,4137954,3,2758,1379,12209
7633,5709,3304169,3,2202,1101,12209
7634,5710,3620939,3,2413,1206,12210
7635,5710,3515943,2,2343,1171,12210
7636,5710,2841452,4,1894,947,12210
7637,5710,2608469,3,1738,869,12210
7638,5710,2824017,2,1882,941,12210
7639,5712,3024567,4,2016,1008,12212
7640,5713,1513823,1,1009,504,12213
7641,5713,3020420,1,2013,1006,12213
7642,5714,3763371,2,2508,1254,12214
7643,5714,2061049,1,1374,687,12214
7644,5716,1951778,2,1301,650,12216
7645,5717,2759280,3,1839,919,12217
7646,5718,1607825,2,1071,535,12218
7647,5718,925705,2,617,308,12218
7648,5718,3445502,2,2297,1148,12218
7649,5719,1810986,1,1207,603,12219
7650,5720,2290911,1,1527,763,12220
7651,5721,1648244,2,1098,549,12221
7652,5722,3577431,1,2384,1192,12222
7653,5722,3144355,2,2096,1048,12222
7654,5723,2025912,3,1350,675,12223
7655,5724,1065696,2,710,355,12224
7656,5725,1917340,1,1278,639,12225
7657,5725,2854986,1,1903,951,12225
7658,5726,2464914,4,1643,821,12226
7659,5726,2383593,4,1589,794,12226
7660,5728,2488494,3,1658,829,12228
7661,5728,3047859,1,2031,1015,12228
7662,5728,2229251,2,1486,743,12228
7663,5728,2732153,2,1821,910,12228
7664,5729,1263001,2,842,421,12229
7665,5729,4883162,1,3255,1627,12229
7666,5729,1981825,2,1321,660,12229
7667,5730,2480207,1,1653,826,12230
7668,5730,2851216,1,1900,950,12230
7669,5730,1852048,3,1234,617,12230
7670,5730,2280049,3,1520,760,12230
7671,5731,2267627,2,1511,755,12231
7672,5731,1337516,2,891,445,12231
7673,5731,2720473,2,1813,906,12231
7674,5732,585848,4,390,195,12232
7675,5732,4064057,3,2709,1354,12232
7676,5732,3082800,3,2055,1027,12232
7677,5732,2925502,2,1950,975,12232
7678,5732,496468,2,330,165,12232
7679,5732,1461750,3,974,487,12232
7680,5733,3692546,3,2461,1230,12233
7681,5734,5907327,1,3938,1969,12234
7682,5734,3493529,2,2329,1164,12234
7683,5734,3332243,3,2221,1110,12234
7684,5734,2808794,1,1872,936,12234
7685,5735,1405549,1,937,468,12235
7686,5735,3289537,2,2193,1096,12235
7687,5735,1146150,1,764,382,12235
7688,5735,1034320,1,689,344,12235
7689,5735,969965,2,646,323,12235
7690,5736,3269649,2,2179,1089,12236
7691,5736,2213348,3,1475,737,12236
7692,5736,2375169,4,1583,791,12236
7693,5737,2256300,2,1504,752,12237
7694,5737,1121092,2,747,373,12237
7695,5738,1586279,1,1057,528,12238
7696,5738,1637712,2,1091,545,12238
7697,5738,835268,3,556,278,12238
7698,5739,1756533,3,1171,585,12239
7699,5739,1166497,2,777,388,12239
7700,5739,2862677,3,1908,954,12239
7701,5739,2947840,3,1965,982,12239
7702,5739,949404,2,632,316,12239
7703,5740,1968766,3,1312,656,12240
7704,5740,4169726,1,2779,1389,12240
7705,5741,1269295,2,846,423,12241
7706,5741,2708253,2,1805,902,12241
7707,5742,2379937,3,1586,793,12242
7708,5742,3389441,1,2259,1129,12242
7709,5742,2574141,2,1716,858,12242
7710,5743,1831083,1,1220,610,12243
7711,5743,2340310,3,1560,780,12243
7712,5744,2355243,3,1570,785,12244
7713,5744,2178298,3,1452,726,12244
7714,5744,923360,3,615,307,12244
7715,5744,3543010,3,2362,1181,12244
7716,5745,3362394,3,2241,1120,12245
7717,5746,1204447,3,802,401,12246
7718,5747,1964580,3,1309,654,12247
7719,5747,2041916,1,1361,680,12247
7720,5747,1089599,2,726,363,12247
7721,5748,454410,2,302,151,12248
7722,5748,1586420,2,1057,528,12248
7723,5750,1907655,1,1271,635,12250
7724,5750,798500,1,532,266,12250
7725,5751,2452995,2,1635,817,12251
7726,5751,3460979,3,2307,1153,12251
7727,5751,3133047,2,2088,1044,12251
7728,5754,2142523,4,1428,714,12254
7729,5754,454410,1,302,151,12254
7730,5754,3003799,2,2002,1001,12254
7731,5754,2421724,3,1614,807,12254
7732,5755,2705915,3,1803,901,12255
7733,5756,4251563,3,2834,1417,12256
7734,5756,1428743,3,952,476,12256
7735,5757,454410,2,302,151,12257
7736,5758,1194974,4,796,398,12258
7737,5758,2768992,3,1845,922,12258
7738,5758,2299579,1,1533,766,12258
7739,5759,1029156,2,686,343,12259
7740,5760,820499,1,546,273,12260
7741,5760,1909489,4,1272,636,12260
7742,5760,998014,2,665,332,12260
7743,5761,2804356,3,1869,934,12261
7744,5761,1851397,2,1234,617,12261
7745,5761,1630870,1,1087,543,12261
7746,5762,1496770,4,997,498,12262
7747,5763,2541071,2,1694,847,12263
7748,5764,2315614,1,1543,771,12264
7749,5764,2478535,3,1652,826,12264
7750,5764,2456217,4,1637,818,12264
7751,5764,2198235,2,1465,732,12264
7752,5765,1215754,2,810,405,12265
7753,5765,1525292,2,1016,508,12265
7754,5765,1868525,1,1245,622,12265
7755,5766,4383550,1,2922,1461,12266
7756,5766,892969,4,595,297,12266
7757,5766,1843678,2,1229,614,12266
7758,5766,2372519,1,1581,790,12266
7759,5766,1961915,2,1307,653,12266
7760,5767,3370099,3,2246,1123,12267
7761,5767,1956634,1,1304,652,12267
7762,5767,2032249,2,1354,677,12267
7763,5768,3104943,4,2069,1034,12268
7764,5768,4123361,4,2748,1374,12268
7765,5769,3711106,3,2474,1237,12269
7766,5769,2132331,3,1421,710,12269
7767,5769,2221425,3,1480,740,12269
7768,5769,2319816,2,1546,773,12269
7769,5770,2422344,3,1614,807,12270
7770,5770,1405702,4,937,468,12270
7771,5770,3229643,1,2153,1076,12270
7772,5770,2483291,3,1655,827,12270
7773,5771,2226187,2,1484,742,12271
7774,5771,972402,2,648,324,12271
7775,5771,2335732,2,1557,778,12271
7776,5772,454410,2,302,151,12272
7777,5772,1677358,2,1118,559,12272
7778,5773,1696325,3,1130,565,12273
7779,5773,2565479,2,1710,855,12273
7780,5774,4194049,2,2796,1398,12274
7781,5775,2856780,1,1904,952,12275
7782,5777,3752927,2,2501,1250,12277
7783,5777,2931728,2,1954,977,12277
7784,5777,3422328,1,2281,1140,12277
7785,5778,4170817,3,2780,1390,12278
7786,5779,1523803,2,1015,507,12279
7787,5780,1457072,3,971,485,12280
7788,5780,2955856,1,1970,985,12280
7789,5781,2268288,1,1512,756,12281
7790,5781,2497344,3,1664,832,12281
7791,5782,2017806,2,1345,672,12282
7792,5783,1662421,2,1108,554,12283
7793,5783,3929155,3,2619,1309,12283
7794,5783,1147527,3,765,382,12283
7795,5784,2973832,1,1982,991,12284
7796,5784,2808032,3,1872,936,12284
7797,5784,657631,2,438,219,12284
7798,5785,1422641,4,948,474,12285
7799,5785,1594500,1,1063,531,12285
7800,5785,2849292,2,1899,949,12285
7801,5785,1896784,2,1264,632,12285
7802,5785,2184540,1,1456,728,12285
7803,5786,781718,3,521,260,12286
7804,5787,4650112,1,3100,1550,12287
7805,5787,2344841,2,1563,781,12287
7806,5788,2782239,3,1854,927,12288
7807,5788,1719302,1,1146,573,12288
7808,5788,1604788,1,1069,534,12288
7809,5789,4227620,3,2818,1409,12289
7810,5789,454410,2,302,151,12289
7811,5790,2556944,2,1704,852,12290
7812,5790,1033381,3,688,344,12290
7813,5793,1857967,1,1238,619,12293
7814,5793,1619647,2,1079,539,12293
7815,5794,1263964,3,842,421,12294
7816,5795,2308285,1,1538,769,12295
7817,5795,454410,4,302,151,12295
7818,5796,1949487,2,1299,649,12296
7819,5796,2179735,3,1453,726,12296
7820,5796,882295,3,588,294,12296
7821,5797,3819197,2,2546,1273,12297
7822,5797,1664262,2,1109,554,12297
7823,5797,2029240,2,1352,676,12297
7824,5798,1666551,3,1111,555,12298
7825,5799,2188654,1,1459,729,12299
7826,5800,3609524,1,2406,1203,12300
7827,5800,4800515,3,3200,1600,12300
7828,5800,3034407,1,2022,1011,12300
7829,5800,3384438,2,2256,1128,12300
7830,5800,4026962,2,2684,1342,12300
7831,5800,2526500,2,1684,842,12300
7832,5801,3877508,3,2585,1292,12301
7833,5802,3082217,2,2054,1027,12302
7834,5802,2419265,2,1612,806,12302
7835,5803,2630245,2,1753,876,12303
7836,5803,454410,1,302,151,12303
7837,5804,2570718,1,1713,856,12304
7838,5804,693687,2,462,231,12304
7839,5804,610338,4,406,203,12304
7840,5806,2469252,3,1646,823,12306
7841,5806,1132990,2,755,377,12306
7842,5807,2264776,3,1509,754,12307
7843,5807,2413588,1,1609,804,12307
7844,5808,2459203,3,1639,819,12308
7845,5809,1347655,3,898,449,12309
7846,5810,3190882,4,2127,1063,12310
7847,5810,2180813,3,1453,726,12310
7848,5812,2723015,2,1815,907,12312
7849,5812,1048783,3,699,349,12312
7850,5834,2089723,1,1393,696,12334
7851,5852,3393947,2,2262,1131,12352
7852,5866,3263980,2,2175,1087,12366
7853,5872,1456879,3,971,485,12372
7854,5872,1714258,1,1142,571,12372
7855,5882,1261194,1,840,420,12382
7856,5883,1600918,2,1067,533,12383
7857,5883,841611,3,561,280,12383
7858,5884,2130775,1,1420,710,12384
7859,5884,2919384,3,1946,973,12384
7860,5884,1469394,3,979,489,12384
7861,5884,2179411,3,1452,726,12384
7862,5884,2046607,2,1364,682,12384
7863,5884,3350826,2,2233,1116,12384
7864,5884,1646744,4,1097,548,12384
7865,5884,1683935,2,1122,561,12384
7866,5885,1407058,3,938,469,12385
7867,5885,1109034,4,739,369,12385
7868,5886,2813099,3,1875,937,12386
7869,5887,2133909,1,1422,711,12387
7870,5887,2328088,1,1552,776,12387
7871,5887,3575270,2,2383,1191,12387
7872,5887,3633998,3,2422,1211,12387
7873,5887,588903,2,392,196,12387
7874,5888,2934409,4,1956,978,12388
7875,5889,2502755,2,1668,834,12389
7876,5889,1800108,2,1200,600,12389
7877,5889,2607080,1,1738,869,12389
7878,5891,506957,3,337,168,12391
7879,5891,3767487,2,2511,1255,12391
7880,5891,2798539,1,1865,932,12391
7881,5891,1387452,2,924,462,12391
7882,5891,1673513,1,1115,557,12391
7883,5891,530714,2,353,176,12391
7884,5891,1951052,2,1300,650,12391
7885,5891,1778493,1,1185,592,12391
7886,5892,917227,2,611,305,12392
7887,5892,3066166,1,2044,1022,12392
7888,5892,3577475,1,2384,1192,12392
7889,5893,2244075,1,1496,748,12393
7890,5893,1959549,2,1306,653,12393
7891,5894,2716787,1,1811,905,12394
7892,5895,2251970,3,1501,750,12395
7893,5895,1165605,2,777,388,12395
7894,5895,1604737,3,1069,534,12395
7895,5895,1968966,4,1312,656,12395
7896,5896,2525800,3,1683,841,12396
7897,5896,2281595,2,1521,760,12396
7898,5897,2487135,3,1658,829,12397
7899,5897,713031,2,475,237,12397
7900,5897,2952182,2,1968,984,12397
7901,5899,2275541,2,1517,758,12399
7902,5899,4881995,1,3254,1627,12399
7903,5899,1875723,3,1250,625,12399
7904,5900,2602760,2,1735,867,12400
7905,5901,5164705,3,3443,1721,12401
7906,5901,2470493,3,1646,823,12401
7907,5902,2202902,1,1468,734,12402
7908,5902,1262998,3,841,420,12402
7909,5903,3834582,1,2556,1278,12403
7910,5903,1086958,4,724,362,12403
7911,5903,2708747,1,1805,902,12403
7912,5903,1787876,2,1191,595,12403
7913,5903,2078467,2,1385,692,12403
7914,5903,816189,3,544,272,12403
7915,5904,3645292,2,2430,1215,12404
7916,5904,1988023,1,1325,662,12404
7917,5905,1029715,2,686,343,12405
7918,5905,3552827,2,2368,1184,12405
7919,5905,1756608,1,1171,585,12405
7920,5905,2614159,2,1742,871,12405
7921,5905,3132332,1,2088,1044,12405
7922,5905,2756712,3,1837,918,12405
7923,5905,454410,2,302,151,12405
7924,5906,2982997,4,1988,994,12406
7925,5907,2169179,2,1446,723,12407
7926,5907,1935643,2,1290,645,12407
7927,5907,2160528,2,1440,720,12407
7928,5908,625916,1,417,208,12408
7929,5908,2468529,2,1645,822,12408
7930,5909,877065,3,584,292,12409
7931,5909,1979800,3,1319,659,12409
7932,5910,2431817,2,1621,810,12410
7933,5910,3370168,1,2246,1123,12410
7934,5910,1434058,3,956,478,12410
7935,5910,3756184,2,2504,1252,12410
7936,5910,3240133,3,2160,1080,12410
7937,5910,1833011,2,1222,611,12410
7938,5911,1138439,1,758,379,12411
7939,5911,795859,3,530,265,12411
7940,5911,2549896,2,1699,849,12411
7941,5912,1518233,3,1012,506,12412
7942,5912,3498298,2,2332,1166,12412
7943,5912,1577289,2,1051,525,12412
7944,5913,1351183,2,900,450,12413
7945,5913,2510914,1,1673,836,12413
7946,5914,1570620,1,1047,523,12414
7947,5914,2280791,2,1520,760,12414
7948,5916,3280146,1,2186,1093,12416
7949,5916,2391907,2,1594,797,12416
7950,5917,2395726,4,1597,798,12417
7951,5917,2481796,3,1654,827,12417
7952,5918,540987,2,360,180,12418
7953,5918,2672673,4,1781,890,12418
7954,5918,2435567,1,1623,811,12418
7955,5918,3184967,4,2123,1061,12418
7956,5919,2891443,2,1927,963,12419
7957,5919,2065572,4,1377,688,12419
7958,5920,3327590,4,2218,1109,12420
7959,5921,1972857,1,1315,657,12421
7960,5921,2524748,3,1683,841,12421
7961,5922,1953923,2,1302,651,12422
7962,5922,2744160,1,1829,914,12422
7963,5922,1887118,3,1258,629,12422
7964,5924,3956542,1,2637,1318,12424
7965,5924,4334645,3,2889,1444,12424
7966,5925,3165583,1,2110,1055,12425
7967,5926,3847905,2,2565,1282,12426
7968,5926,698322,3,465,232,12426
7969,5927,818801,2,545,272,12427
7970,5927,1943278,2,1295,647,12427
7971,5927,2314204,3,1542,771,12427
7972,5928,2069397,1,1379,689,12428
7973,5928,593094,1,395,197,12428
7974,5928,3449462,2,2299,1149,12428
7975,5928,4474549,3,2983,1491,12428
7976,5929,3581759,2,2387,1193,12429
7977,5932,3381912,3,2254,1127,12432
7978,5932,2503239,2,1668,834,12432
7979,5933,1410150,1,940,470,12433
7980,5933,2346203,3,1564,782,12433
7981,5933,4424849,1,2949,1474,12433
7982,5934,1912169,2,1274,637,12434
7983,5934,1806891,2,1204,602,12434
7984,5934,3404181,3,2269,1134,12434
7985,5935,3472052,1,2314,1157,12435
7986,5935,1405135,3,936,468,12435
7987,5935,2004701,3,1336,668,12435
7988,5936,1758890,3,1172,586,12436
7989,5936,2343301,2,1562,781,12436
7990,5937,3400483,2,2266,1133,12437
7991,5938,1449994,4,966,483,12438
7992,5941,3386146,1,2257,1128,12441
7993,5947,2375979,3,1583,791,12447
7994,5950,4650399,2,3100,1550,12450
7995,5950,2598029,2,1732,866,12450
7996,5952,2172957,2,1448,724,12452
7997,5952,2859650,1,1906,953,12452
7998,5966,1927343,2,1284,642,12466
7999,5973,454410,2,302,151,12473
