timestamp,power_kw
2021-01-01 00:10:00,145.44
2021-01-01 00:20:00,148.8
2021-01-01 00:30:00,108.88
2021-01-01 00:40:00,112.45
2021-01-01 00:50:00,72.75
2021-01-01 01:00:00,57.62
2021-01-01 01:10:00,74.08
2021-01-01 01:20:00,30.23
2021-01-01 01:30:00,42.24
2021-01-01 01:40:00,44.52
2021-01-01 01:50:00,34.1
2021-01-01 02:00:00,31.04
2021-01-01 02:10:00,36.63
2021-01-01 02:10:00,36.63
2021-01-01 02:10:00,36.63
2021-01-01 02:10:00,36.63
2021-01-01 02:10:00,36.63
2021-01-01 02:10:00,36.63
2021-01-01 02:20:00,59.32
2021-01-01 02:20:00,59.32
2021-01-01 02:20:00,59.32
2021-01-01 02:20:00,59.32
2021-01-01 02:20:00,59.32
2021-01-01 02:20:00,59.32
2021-01-01 02:30:00,77.42
2021-01-01 02:30:00,77.42
2021-01-01 02:30:00,77.42
2021-01-01 02:30:00,77.42
2021-01-01 02:30:00,77.42
2021-01-01 02:30:00,77.42
2021-01-01 02:40:00,96.38
2021-01-01 02:40:00,96.38
2021-01-01 02:40:00,96.38
2021-01-01 02:40:00,96.38
2021-01-01 02:40:00,96.38
2021-01-01 02:40:00,96.38
2021-01-01 02:50:00,101.72
2021-01-01 02:50:00,101.72
2021-01-01 02:50:00,101.72
2021-01-01 02:50:00,101.72
2021-01-01 02:50:00,101.72
2021-01-01 02:50:00,101.72
2021-01-01 03:00:00,72.33
2021-01-01 03:00:00,72.33
2021-01-01 03:00:00,72.33
2021-01-01 03:00:00,72.33
2021-01-01 03:00:00,72.33
2021-01-01 03:00:00,72.33
2021-01-01 03:10:00,73.61
2021-01-01 03:10:00,73.61
2021-01-01 03:10:00,73.61
2021-01-01 03:10:00,73.61
2021-01-01 03:10:00,73.61
2021-01-01 03:10:00,73.61
2021-01-01 03:20:00,110.83
2021-01-01 03:20:00,110.83
2021-01-01 03:20:00,110.83
2021-01-01 03:20:00,110.83
2021-01-01 03:20:00,110.83
2021-01-01 03:20:00,110.83
2021-01-01 03:30:00,129.0
2021-01-01 03:30:00,129.0
2021-01-01 03:30:00,129.0
2021-01-01 03:30:00,129.0
2021-01-01 03:30:00,129.0
2021-01-01 03:30:00,129.0
2021-01-01 03:40:00,155.47
2021-01-01 03:40:00,155.47
2021-01-01 03:40:00,155.47
2021-01-01 03:40:00,155.47
2021-01-01 03:40:00,155.47
2021-01-01 03:40:00,155.47
2021-01-01 03:50:00,159.56
2021-01-01 03:50:00,159.56
2021-01-01 03:50:00,159.56
2021-01-01 03:50:00,159.56
2021-01-01 03:50:00,159.56
2021-01-01 03:50:00,159.56
2021-01-01 04:00:00,129.28
2021-01-01 04:00:00,129.28
2021-01-01 04:00:00,129.28
2021-01-01 04:00:00,129.28
2021-01-01 04:00:00,129.28
2021-01-01 04:00:00,129.28
2021-01-01 04:10:00,52.58
2021-01-01 04:10:00,52.58
2021-01-01 04:10:00,52.58
2021-01-01 04:10:00,52.58
2021-01-01 04:10:00,52.58
2021-01-01 04:10:00,52.58
2021-01-01 04:20:00,32.47
2021-01-01 04:20:00,32.47
2021-01-01 04:20:00,32.47
2021-01-01 04:20:00,32.47
2021-01-01 04:20:00,32.47
2021-01-01 04:20:00,32.47
2021-01-01 04:30:00,37.44
2021-01-01 04:30:00,37.44
2021-01-01 04:30:00,37.44
2021-01-01 04:30:00,37.44
2021-01-01 04:30:00,37.44
2021-01-01 04:30:00,37.44
2021-01-01 04:40:00,34.6
2021-01-01 04:40:00,34.6
2021-01-01 04:40:00,34.6
2021-01-01 04:40:00,34.6
2021-01-01 04:40:00,34.6
2021-01-01 04:40:00,34.6
2021-01-01 04:50:00,31.86
2021-01-01 04:50:00,31.86
2021-01-01 04:50:00,31.86
2021-01-01 04:50:00,31.86
2021-01-01 04:50:00,31.86
2021-01-01 04:50:00,31.86
2021-01-01 05:00:00,12.84
2021-01-01 05:00:00,12.84
2021-01-01 05:00:00,12.84
2021-01-01 05:00:00,12.84
2021-01-01 05:00:00,12.84
2021-01-01 05:00:00,12.84
2021-01-01 05:10:00,20.07
2021-01-01 05:10:00,20.07
2021-01-01 05:10:00,20.07
2021-01-01 05:10:00,20.07
2021-01-01 05:10:00,20.07
2021-01-01 05:10:00,20.07
2021-01-01 05:20:00,32.31
2021-01-01 05:20:00,32.31
2021-01-01 05:20:00,32.31
2021-01-01 05:20:00,32.31
2021-01-01 05:20:00,32.31
2021-01-01 05:20:00,32.31
2021-01-01 05:30:00,35.95
2021-01-01 05:30:00,35.95
2021-01-01 05:30:00,35.95
2021-01-01 05:30:00,35.95
2021-01-01 05:30:00,35.95
2021-01-01 05:30:00,35.95
2021-01-01 05:40:00,10.48
2021-01-01 05:40:00,10.48
2021-01-01 05:40:00,10.48
2021-01-01 05:40:00,10.48
2021-01-01 05:40:00,10.48
2021-01-01 05:40:00,10.48
2021-01-01 05:50:00,10.04
2021-01-01 05:50:00,10.04
2021-01-01 05:50:00,10.04
2021-01-01 05:50:00,10.04
2021-01-01 05:50:00,10.04
2021-01-01 05:50:00,10.04
2021-01-01 06:00:00,22.43
2021-01-01 06:00:00,22.43
2021-01-01 06:00:00,22.43
2021-01-01 06:00:00,22.43
2021-01-01 06:00:00,22.43
2021-01-01 06:00:00,22.43
2021-01-01 06:10:00,47.55
2021-01-01 06:10:00,47.55
2021-01-01 06:10:00,47.55
2021-01-01 06:10:00,47.55
2021-01-01 06:10:00,47.55
2021-01-01 06:10:00,47.55
2021-01-01 06:20:00,29.21
2021-01-01 06:20:00,29.21
2021-01-01 06:20:00,29.21
2021-01-01 06:20:00,29.21
2021-01-01 06:20:00,29.21
2021-01-01 06:20:00,29.21
2021-01-01 06:30:00,10.31
2021-01-01 06:30:00,10.31
2021-01-01 06:30:00,10.31
2021-01-01 06:30:00,10.31
2021-01-01 06:30:00,10.31
2021-01-01 06:30:00,10.31
2021-01-01 06:40:00,6.2
2021-01-01 06:40:00,6.2
2021-01-01 06:40:00,6.2
2021-01-01 06:40:00,6.2
2021-01-01 06:40:00,6.2
2021-01-01 06:40:00,6.2
2021-01-01 06:50:00,7.25
2021-01-01 06:50:00,7.25
2021-01-01 06:50:00,7.25
2021-01-01 06:50:00,7.25
2021-01-01 06:50:00,7.25
2021-01-01 06:50:00,7.25
2021-01-01 07:00:00,0.79
2021-01-01 07:00:00,0.79
2021-01-01 07:00:00,0.79
2021-01-01 07:00:00,0.79
2021-01-01 07:00:00,0.79
2021-01-01 07:00:00,0.79
2021-01-01 07:10:00,0.0
2021-01-01 07:10:00,0.0
2021-01-01 07:10:00,0.0
2021-01-01 07:10:00,0.0
2021-01-01 07:10:00,0.0
2021-01-01 07:10:00,0.0
2021-01-01 07:20:00,0.0
2021-01-01 07:20:00,0.0
2021-01-01 07:20:00,0.0
2021-01-01 07:20:00,0.0
2021-01-01 07:20:00,0.0
2021-01-01 07:20:00,0.0
2021-01-01 07:30:00,0.0
2021-01-01 07:30:00,0.0
2021-01-01 07:30:00,0.0
2021-01-01 07:30:00,0.0
2021-01-01 07:30:00,0.0
2021-01-01 07:30:00,0.0
2021-01-01 07:40:00,0.0
2021-01-01 07:40:00,0.0
2021-01-01 07:40:00,0.0
2021-01-01 07:40:00,0.0
2021-01-01 07:40:00,0.0
2021-01-01 07:40:00,0.0
2021-01-01 07:50:00,0.0
2021-01-01 07:50:00,0.0
2021-01-01 07:50:00,0.0
2021-01-01 07:50:00,0.0
2021-01-01 07:50:00,0.0
2021-01-01 07:50:00,0.0
2021-01-01 08:00:00,0.0
2021-01-01 08:00:00,0.0
2021-01-01 08:00:00,0.0
2021-01-01 08:00:00,0.0
2021-01-01 08:00:00,0.0
2021-01-01 08:00:00,0.0
2021-01-01 08:10:00,0.0
2021-01-01 08:10:00,0.0
2021-01-01 08:10:00,0.0
2021-01-01 08:10:00,0.0
2021-01-01 08:10:00,0.0
2021-01-01 08:10:00,0.0
2021-01-01 08:20:00,0.0
2021-01-01 08:20:00,0.0
2021-01-01 08:20:00,0.0
2021-01-01 08:20:00,0.0
2021-01-01 08:20:00,0.0
2021-01-01 08:20:00,0.0
2021-01-01 08:30:00,0.0
2021-01-01 08:30:00,0.0
2021-01-01 08:30:00,0.0
2021-01-01 08:30:00,0.0
2021-01-01 08:30:00,0.0
2021-01-01 08:30:00,0.0
2021-01-01 08:40:00,0.0
2021-01-01 08:40:00,0.0
2021-01-01 08:40:00,0.0
2021-01-01 08:40:00,0.0
2021-01-01 08:40:00,0.0
2021-01-01 08:40:00,0.0
2021-01-01 08:50:00,0.0
2021-01-01 08:50:00,0.0
2021-01-01 08:50:00,0.0
2021-01-01 08:50:00,0.0
2021-01-01 08:50:00,0.0
2021-01-01 08:50:00,0.0
2021-01-01 09:00:00,0.0
2021-01-01 09:00:00,0.0
2021-01-01 09:00:00,0.0
2021-01-01 09:00:00,0.0
2021-01-01 09:00:00,0.0
2021-01-01 09:00:00,0.0
2021-01-01 09:10:00,0.0
2021-01-01 09:10:00,0.0
2021-01-01 09:10:00,0.0
2021-01-01 09:10:00,0.0
2021-01-01 09:10:00,0.0
2021-01-01 09:10:00,0.0
2021-01-01 09:20:00,0.0
2021-01-01 09:20:00,0.0
2021-01-01 09:20:00,0.0
2021-01-01 09:20:00,0.0
2021-01-01 09:20:00,0.0
2021-01-01 09:20:00,0.0
2021-01-01 09:30:00,0.0
2021-01-01 09:30:00,0.0
2021-01-01 09:30:00,0.0
2021-01-01 09:30:00,0.0
2021-01-01 09:30:00,0.0
2021-01-01 09:30:00,0.0
2021-01-01 09:40:00,0.0
2021-01-01 09:40:00,0.0
2021-01-01 09:40:00,0.0
2021-01-01 09:40:00,0.0
2021-01-01 09:40:00,0.0
2021-01-01 09:40:00,0.0
2021-01-01 09:50:00,0.0
2021-01-01 09:50:00,0.0
2021-01-01 09:50:00,0.0
2021-01-01 09:50:00,0.0
2021-01-01 09:50:00,0.0
2021-01-01 09:50:00,0.0
2021-01-01 10:00:00,0.0
2021-01-01 10:00:00,0.0
2021-01-01 10:00:00,0.0
2021-01-01 10:00:00,0.0
2021-01-01 10:00:00,0.0
2021-01-01 10:00:00,0.0
2021-01-01 10:10:00,0.0
2021-01-01 10:10:00,0.0
2021-01-01 10:10:00,0.0
2021-01-01 10:10:00,0.0
2021-01-01 10:10:00,0.0
2021-01-01 10:10:00,0.0
2021-01-01 10:20:00,0.0
2021-01-01 10:20:00,0.0
2021-01-01 10:20:00,0.0
2021-01-01 10:20:00,0.0
2021-01-01 10:20:00,0.0
2021-01-01 10:20:00,0.0
2021-01-01 10:30:00,0.0
2021-01-01 10:30:00,0.0
2021-01-01 10:30:00,0.0
2021-01-01 10:30:00,0.0
2021-01-01 10:30:00,0.0
2021-01-01 10:30:00,0.0
2021-01-01 10:40:00,0.0
2021-01-01 10:40:00,0.0
2021-01-01 10:40:00,0.0
2021-01-01 10:40:00,0.0
2021-01-01 10:40:00,0.0
2021-01-01 10:40:00,0.0
2021-01-01 10:50:00,0.0
2021-01-01 10:50:00,0.0
2021-01-01 10:50:00,0.0
2021-01-01 10:50:00,0.0
2021-01-01 10:50:00,0.0
2021-01-01 10:50:00,0.0
2021-01-01 11:00:00,0.0
2021-01-01 11:00:00,0.0
2021-01-01 11:00:00,0.0
2021-01-01 11:00:00,0.0
2021-01-01 11:00:00,0.0
2021-01-01 11:00:00,0.0
2021-01-01 11:10:00,0.0
2021-01-01 11:10:00,0.0
2021-01-01 11:10:00,0.0
2021-01-01 11:10:00,0.0
2021-01-01 11:10:00,0.0
2021-01-01 11:10:00,0.0
2021-01-01 11:20:00,0.0
2021-01-01 11:20:00,0.0
2021-01-01 11:20:00,0.0
2021-01-01 11:20:00,0.0
2021-01-01 11:20:00,0.0
2021-01-01 11:20:00,0.0
2021-01-01 11:30:00,0.0
2021-01-01 11:30:00,0.0
2021-01-01 11:30:00,0.0
2021-01-01 11:30:00,0.0
2021-01-01 11:30:00,0.0
2021-01-01 11:30:00,0.0
2021-01-01 11:40:00,0.0
2021-01-01 11:40:00,0.0
2021-01-01 11:40:00,0.0
2021-01-01 11:40:00,0.0
2021-01-01 11:40:00,0.0
2021-01-01 11:40:00,0.0
2021-01-01 11:50:00,0.0
2021-01-01 11:50:00,0.0
2021-01-01 11:50:00,0.0
2021-01-01 11:50:00,0.0
2021-01-01 11:50:00,0.0
2021-01-01 11:50:00,0.0
2021-01-01 12:00:00,0.0
2021-01-01 12:00:00,0.0
2021-01-01 12:00:00,0.0
2021-01-01 12:00:00,0.0
2021-01-01 12:00:00,0.0
2021-01-01 12:00:00,0.0
2021-01-01 12:10:00,0.0
2021-01-01 12:10:00,0.0
2021-01-01 12:10:00,0.0
2021-01-01 12:10:00,0.0
2021-01-01 12:10:00,0.0
2021-01-01 12:10:00,0.0
2021-01-01 12:20:00,0.0
2021-01-01 12:20:00,0.0
2021-01-01 12:20:00,0.0
2021-01-01 12:20:00,0.0
2021-01-01 12:20:00,0.0
2021-01-01 12:20:00,0.0
2021-01-01 12:30:00,0.0
2021-01-01 12:30:00,0.0
2021-01-01 12:30:00,0.0
2021-01-01 12:30:00,0.0
2021-01-01 12:30:00,0.0
2021-01-01 12:30:00,0.0
2021-01-01 12:40:00,0.0
2021-01-01 12:40:00,0.0
2021-01-01 12:40:00,0.0
2021-01-01 12:40:00,0.0
2021-01-01 12:40:00,0.0
2021-01-01 12:40:00,0.0
2021-01-01 12:50:00,0.0
2021-01-01 12:50:00,0.0
2021-01-01 12:50:00,0.0
2021-01-01 12:50:00,0.0
2021-01-01 12:50:00,0.0
2021-01-01 12:50:00,0.0
2021-01-01 13:00:00,0.0
2021-01-01 13:00:00,0.0
2021-01-01 13:00:00,0.0
2021-01-01 13:00:00,0.0
2021-01-01 13:00:00,0.0
2021-01-01 13:00:00,0.0
2021-01-01 13:10:00,0.0
2021-01-01 13:10:00,0.0
2021-01-01 13:10:00,0.0
2021-01-01 13:10:00,0.0
2021-01-01 13:10:00,0.0
2021-01-01 13:10:00,0.0
2021-01-01 13:20:00,0.0
2021-01-01 13:20:00,0.0
2021-01-01 13:20:00,0.0
2021-01-01 13:20:00,0.0
2021-01-01 13:20:00,0.0
2021-01-01 13:20:00,0.0
2021-01-01 13:30:00,0.0
2021-01-01 13:30:00,0.0
2021-01-01 13:30:00,0.0
2021-01-01 13:30:00,0.0
2021-01-01 13:30:00,0.0
2021-01-01 13:30:00,0.0
2021-01-01 13:40:00,0.0
2021-01-01 13:40:00,0.0
2021-01-01 13:40:00,0.0
2021-01-01 13:40:00,0.0
2021-01-01 13:40:00,0.0
2021-01-01 13:40:00,0.0
2021-01-01 13:50:00,0.0
2021-01-01 13:50:00,0.0
2021-01-01 13:50:00,0.0
2021-01-01 13:50:00,0.0
2021-01-01 13:50:00,0.0
2021-01-01 13:50:00,0.0
2021-01-01 14:00:00,0.0
2021-01-01 14:00:00,0.0
2021-01-01 14:00:00,0.0
2021-01-01 14:00:00,0.0
2021-01-01 14:00:00,0.0
2021-01-01 14:00:00,0.0
2021-01-01 14:10:00,0.0
2021-01-01 14:10:00,0.0
2021-01-01 14:10:00,0.0
2021-01-01 14:10:00,0.0
2021-01-01 14:10:00,0.0
2021-01-01 14:10:00,0.0
2021-01-01 14:20:00,0.0
2021-01-01 14:20:00,0.0
2021-01-01 14:20:00,0.0
2021-01-01 14:20:00,0.0
2021-01-01 14:20:00,0.0
2021-01-01 14:20:00,0.0
2021-01-01 14:30:00,0.0
2021-01-01 14:30:00,0.0
2021-01-01 14:30:00,0.0
2021-01-01 14:30:00,0.0
2021-01-01 14:30:00,0.0
2021-01-01 14:30:00,0.0
2021-01-01 14:40:00,0.0
2021-01-01 14:40:00,0.0
2021-01-01 14:40:00,0.0
2021-01-01 14:40:00,0.0
2021-01-01 14:40:00,0.0
2021-01-01 14:40:00,0.0
2021-01-01 14:50:00,0.0
2021-01-01 14:50:00,0.0
2021-01-01 14:50:00,0.0
2021-01-01 14:50:00,0.0
2021-01-01 14:50:00,0.0
2021-01-01 14:50:00,0.0
2021-01-01 15:00:00,0.0
2021-01-01 15:00:00,0.0
2021-01-01 15:00:00,0.0
2021-01-01 15:00:00,0.0
2021-01-01 15:00:00,0.0
2021-01-01 15:00:00,0.0
2021-01-01 15:10:00,0.0
2021-01-01 15:10:00,0.0
2021-01-01 15:10:00,0.0
2021-01-01 15:10:00,0.0
2021-01-01 15:10:00,0.0
2021-01-01 15:10:00,0.0
2021-01-01 15:20:00,35.14
2021-01-01 15:20:00,35.14
2021-01-01 15:20:00,35.14
2021-01-01 15:20:00,35.14
2021-01-01 15:20:00,35.14
2021-01-01 15:20:00,35.14
2021-01-01 15:30:00,35.7
2021-01-01 15:30:00,35.7
2021-01-01 15:30:00,35.7
2021-01-01 15:30:00,35.7
2021-01-01 15:30:00,35.7
2021-01-01 15:30:00,35.7
2021-01-01 15:40:00,33.95
2021-01-01 15:40:00,33.95
2021-01-01 15:40:00,33.95
2021-01-01 15:40:00,33.95
2021-01-01 15:40:00,33.95
2021-01-01 15:40:00,33.95
2021-01-01 15:50:00,25.32
2021-01-01 15:50:00,25.32
2021-01-01 15:50:00,25.32
2021-01-01 15:50:00,25.32
2021-01-01 15:50:00,25.32
2021-01-01 15:50:00,25.32
2021-01-01 16:00:00,2.87
2021-01-01 16:00:00,2.87
2021-01-01 16:00:00,2.87
2021-01-01 16:00:00,2.87
2021-01-01 16:00:00,2.87
2021-01-01 16:00:00,2.87
2021-01-01 16:10:00,0.0
2021-01-01 16:10:00,0.0
2021-01-01 16:10:00,0.0
2021-01-01 16:10:00,0.0
2021-01-01 16:10:00,0.0
2021-01-01 16:10:00,0.0
2021-01-01 16:20:00,0.0
2021-01-01 16:20:00,0.0
2021-01-01 16:20:00,0.0
2021-01-01 16:20:00,0.0
2021-01-01 16:20:00,0.0
2021-01-01 16:20:00,0.0
2021-01-01 16:30:00,0.0
2021-01-01 16:30:00,0.0
2021-01-01 16:30:00,0.0
2021-01-01 16:30:00,0.0
2021-01-01 16:30:00,0.0
2021-01-01 16:30:00,0.0
2021-01-01 16:40:00,0.0
2021-01-01 16:40:00,0.0
2021-01-01 16:40:00,0.0
2021-01-01 16:40:00,0.0
2021-01-01 16:40:00,0.0
2021-01-01 16:40:00,0.0
2021-01-01 16:50:00,0.0
2021-01-01 16:50:00,0.0
2021-01-01 16:50:00,0.0
2021-01-01 16:50:00,0.0
2021-01-01 16:50:00,0.0
2021-01-01 16:50:00,0.0
2021-01-01 17:00:00,0.0
2021-01-01 17:00:00,0.0
2021-01-01 17:00:00,0.0
2021-01-01 17:00:00,0.0
2021-01-01 17:00:00,0.0
2021-01-01 17:00:00,0.0
2021-01-01 17:10:00,0.0
2021-01-01 17:10:00,0.0
2021-01-01 17:10:00,0.0
2021-01-01 17:10:00,0.0
2021-01-01 17:10:00,0.0
2021-01-01 17:10:00,0.0
2021-01-01 17:20:00,0.0
2021-01-01 17:20:00,0.0
2021-01-01 17:20:00,0.0
2021-01-01 17:20:00,0.0
2021-01-01 17:20:00,0.0
2021-01-01 17:20:00,0.0
2021-01-01 17:30:00,0.0
2021-01-01 17:30:00,0.0
2021-01-01 17:30:00,0.0
2021-01-01 17:30:00,0.0
2021-01-01 17:30:00,0.0
2021-01-01 17:30:00,0.0
2021-01-01 17:40:00,0.0
2021-01-01 17:40:00,0.0
2021-01-01 17:40:00,0.0
2021-01-01 17:40:00,0.0
2021-01-01 17:40:00,0.0
2021-01-01 17:40:00,0.0
2021-01-01 17:50:00,0.0
2021-01-01 17:50:00,0.0
2021-01-01 17:50:00,0.0
2021-01-01 17:50:00,0.0
2021-01-01 17:50:00,0.0
2021-01-01 17:50:00,0.0
2021-01-01 18:00:00,0.0
2021-01-01 18:00:00,0.0
2021-01-01 18:00:00,0.0
2021-01-01 18:00:00,0.0
2021-01-01 18:00:00,0.0
2021-01-01 18:00:00,0.0
2021-01-01 18:10:00,0.0
2021-01-01 18:10:00,0.0
2021-01-01 18:10:00,0.0
2021-01-01 18:10:00,0.0
2021-01-01 18:10:00,0.0
2021-01-01 18:10:00,0.0
2021-01-01 18:20:00,0.0
2021-01-01 18:20:00,0.0
2021-01-01 18:20:00,0.0
2021-01-01 18:20:00,0.0
2021-01-01 18:20:00,0.0
2021-01-01 18:20:00,0.0
2021-01-01 18:30:00,0.0
2021-01-01 18:30:00,0.0
2021-01-01 18:30:00,0.0
2021-01-01 18:30:00,0.0
2021-01-01 18:30:00,0.0
2021-01-01 18:30:00,0.0
2021-01-01 18:40:00,0.0
2021-01-01 18:40:00,0.0
2021-01-01 18:40:00,0.0
2021-01-01 18:40:00,0.0
2021-01-01 18:40:00,0.0
2021-01-01 18:40:00,0.0
2021-01-01 18:50:00,0.0
2021-01-01 18:50:00,0.0
2021-01-01 18:50:00,0.0
2021-01-01 18:50:00,0.0
2021-01-01 18:50:00,0.0
2021-01-01 18:50:00,0.0
2021-01-01 19:00:00,0.0
2021-01-01 19:00:00,0.0
2021-01-01 19:00:00,0.0
2021-01-01 19:00:00,0.0
2021-01-01 19:00:00,0.0
2021-01-01 19:00:00,0.0
2021-01-01 19:10:00,0.0
2021-01-01 19:10:00,0.0
2021-01-01 19:10:00,0.0
2021-01-01 19:10:00,0.0
2021-01-01 19:10:00,0.0
2021-01-01 19:10:00,0.0
2021-01-01 19:20:00,0.0
2021-01-01 19:20:00,0.0
2021-01-01 19:20:00,0.0
2021-01-01 19:20:00,0.0
2021-01-01 19:20:00,0.0
2021-01-01 19:20:00,0.0
2021-01-01 19:30:00,0.0
2021-01-01 19:30:00,0.0
2021-01-01 19:30:00,0.0
2021-01-01 19:30:00,0.0
2021-01-01 19:30:00,0.0
2021-01-01 19:30:00,0.0
2021-01-01 19:40:00,0.0
2021-01-01 19:40:00,0.0
2021-01-01 19:40:00,0.0
2021-01-01 19:40:00,0.0
2021-01-01 19:40:00,0.0
2021-01-01 19:40:00,0.0
2021-01-01 19:50:00,0.0
2021-01-01 19:50:00,0.0
2021-01-01 19:50:00,0.0
2021-01-01 19:50:00,0.0
2021-01-01 19:50:00,0.0
2021-01-01 19:50:00,0.0
2021-01-01 20:00:00,0.0
2021-01-01 20:00:00,0.0
2021-01-01 20:00:00,0.0
2021-01-01 20:00:00,0.0
2021-01-01 20:00:00,0.0
2021-01-01 20:00:00,0.0
2021-01-01 20:10:00,0.0
2021-01-01 20:10:00,0.0
2021-01-01 20:10:00,0.0
2021-01-01 20:10:00,0.0
2021-01-01 20:10:00,0.0
2021-01-01 20:10:00,0.0
2021-01-01 20:20:00,0.0
2021-01-01 20:20:00,0.0
2021-01-01 20:20:00,0.0
2021-01-01 20:20:00,0.0
2021-01-01 20:20:00,0.0
2021-01-01 20:20:00,0.0
2021-01-01 20:30:00,0.0
2021-01-01 20:30:00,0.0
2021-01-01 20:30:00,0.0
2021-01-01 20:30:00,0.0
2021-01-01 20:30:00,0.0
2021-01-01 20:30:00,0.0
2021-01-01 20:40:00,0.0
2021-01-01 20:40:00,0.0
2021-01-01 20:40:00,0.0
2021-01-01 20:40:00,0.0
2021-01-01 20:40:00,0.0
2021-01-01 20:40:00,0.0
2021-01-01 20:50:00,0.0
2021-01-01 20:50:00,0.0
2021-01-01 20:50:00,0.0
2021-01-01 20:50:00,0.0
2021-01-01 20:50:00,0.0
2021-01-01 20:50:00,0.0
2021-01-01 21:00:00,0.0
2021-01-01 21:00:00,0.0
2021-01-01 21:00:00,0.0
2021-01-01 21:00:00,0.0
2021-01-01 21:00:00,0.0
2021-01-01 21:00:00,0.0
2021-01-01 21:10:00,0.0
2021-01-01 21:10:00,0.0
2021-01-01 21:10:00,0.0
2021-01-01 21:10:00,0.0
2021-01-01 21:10:00,0.0
2021-01-01 21:10:00,0.0
2021-01-01 21:20:00,0.0
2021-01-01 21:20:00,0.0
2021-01-01 21:20:00,0.0
2021-01-01 21:20:00,0.0
2021-01-01 21:20:00,0.0
2021-01-01 21:20:00,0.0
2021-01-01 21:30:00,0.0
2021-01-01 21:30:00,0.0
2021-01-01 21:30:00,0.0
2021-01-01 21:30:00,0.0
2021-01-01 21:30:00,0.0
2021-01-01 21:30:00,0.0
2021-01-01 21:40:00,0.0
2021-01-01 21:40:00,0.0
2021-01-01 21:40:00,0.0
2021-01-01 21:40:00,0.0
2021-01-01 21:40:00,0.0
2021-01-01 21:40:00,0.0
2021-01-01 21:50:00,0.0
2021-01-01 21:50:00,0.0
2021-01-01 21:50:00,0.0
2021-01-01 21:50:00,0.0
2021-01-01 21:50:00,0.0
2021-01-01 21:50:00,0.0
2021-01-01 22:00:00,0.0
2021-01-01 22:00:00,0.0
2021-01-01 22:00:00,0.0
2021-01-01 22:00:00,0.0
2021-01-01 22:00:00,0.0
2021-01-01 22:00:00,0.0
2021-01-01 22:10:00,0.0
2021-01-01 22:10:00,0.0
2021-01-01 22:10:00,0.0
2021-01-01 22:10:00,0.0
2021-01-01 22:10:00,0.0
2021-01-01 22:10:00,0.0
2021-01-01 22:20:00,0.0
2021-01-01 22:20:00,0.0
2021-01-01 22:20:00,0.0
2021-01-01 22:20:00,0.0
2021-01-01 22:20:00,0.0
2021-01-01 22:20:00,0.0
2021-01-01 22:30:00,0.0
2021-01-01 22:30:00,0.0
2021-01-01 22:30:00,0.0
2021-01-01 22:30:00,0.0
2021-01-01 22:30:00,0.0
2021-01-01 22:30:00,0.0
2021-01-01 22:40:00,0.0
2021-01-01 22:40:00,0.0
2021-01-01 22:40:00,0.0
2021-01-01 22:40:00,0.0
2021-01-01 22:40:00,0.0
2021-01-01 22:40:00,0.0
2021-01-01 22:50:00,0.0
2021-01-01 22:50:00,0.0
2021-01-01 22:50:00,0.0
2021-01-01 22:50:00,0.0
2021-01-01 22:50:00,0.0
2021-01-01 22:50:00,0.0
2021-01-01 23:00:00,0.0
2021-01-01 23:00:00,0.0
2021-01-01 23:00:00,0.0
2021-01-01 23:00:00,0.0
2021-01-01 23:00:00,0.0
2021-01-01 23:00:00,0.0
2021-01-01 23:10:00,0.0
2021-01-01 23:10:00,0.0
2021-01-01 23:10:00,0.0
2021-01-01 23:10:00,0.0
2021-01-01 23:10:00,0.0
2021-01-01 23:10:00,0.0
2021-01-01 23:20:00,0.0
2021-01-01 23:20:00,0.0
2021-01-01 23:20:00,0.0
2021-01-01 23:20:00,0.0
2021-01-01 23:20:00,0.0
2021-01-01 23:20:00,0.0
2021-01-01 23:30:00,0.0
2021-01-01 23:30:00,0.0
2021-01-01 23:30:00,0.0
2021-01-01 23:30:00,0.0
2021-01-01 23:30:00,0.0
2021-01-01 23:30:00,0.0
2021-01-01 23:40:00,0.0
2021-01-01 23:40:00,0.0
2021-01-01 23:40:00,0.0
2021-01-01 23:40:00,0.0
2021-01-01 23:40:00,0.0
2021-01-01 23:40:00,0.0
2021-01-01 23:50:00,0.0
2021-01-01 23:50:00,0.0
2021-01-01 23:50:00,0.0
2021-01-01 23:50:00,0.0
2021-01-01 23:50:00,0.0
2021-01-01 23:50:00,0.0
2021-01-02 00:00:00,0.0
2021-01-02 00:00:00,0.0
2021-01-02 00:00:00,0.0
2021-01-02 00:00:00,0.0
2021-01-02 00:00:00,0.0
2021-01-02 00:00:00,0.0
2021-01-02 00:10:00,0.0
2021-01-02 00:10:00,0.0
2021-01-02 00:10:00,0.0
2021-01-02 00:10:00,0.0
2021-01-02 00:10:00,0.0
2021-01-02 00:10:00,0.0
2021-01-02 00:20:00,0.0
2021-01-02 00:20:00,0.0
2021-01-02 00:20:00,0.0
2021-01-02 00:20:00,0.0
2021-01-02 00:20:00,0.0
2021-01-02 00:20:00,0.0
2021-01-02 00:30:00,0.0
2021-01-02 00:30:00,0.0
2021-01-02 00:30:00,0.0
2021-01-02 00:30:00,0.0
2021-01-02 00:30:00,0.0
2021-01-02 00:30:00,0.0
2021-01-02 00:40:00,0.0
2021-01-02 00:40:00,0.0
2021-01-02 00:40:00,0.0
2021-01-02 00:40:00,0.0
2021-01-02 00:40:00,0.0
2021-01-02 00:40:00,0.0
2021-01-02 00:50:00,0.0
2021-01-02 00:50:00,0.0
2021-01-02 00:50:00,0.0
2021-01-02 00:50:00,0.0
2021-01-02 00:50:00,0.0
2021-01-02 00:50:00,0.0
2021-01-02 01:00:00,0.0
2021-01-02 01:00:00,0.0
2021-01-02 01:00:00,0.0
2021-01-02 01:00:00,0.0
2021-01-02 01:00:00,0.0
2021-01-02 01:00:00,0.0
2021-01-02 01:10:00,0.0
2021-01-02 01:10:00,0.0
2021-01-02 01:10:00,0.0
2021-01-02 01:10:00,0.0
2021-01-02 01:10:00,0.0
2021-01-02 01:10:00,0.0
2021-01-02 01:20:00,0.0
2021-01-02 01:20:00,0.0
2021-01-02 01:20:00,0.0
2021-01-02 01:20:00,0.0
2021-01-02 01:20:00,0.0
2021-01-02 01:20:00,0.0
2021-01-02 01:30:00,0.0
2021-01-02 01:30:00,0.0
2021-01-02 01:30:00,0.0
2021-01-02 01:30:00,0.0
2021-01-02 01:30:00,0.0
2021-01-02 01:30:00,0.0
2021-01-02 01:40:00,0.0
2021-01-02 01:40:00,0.0
2021-01-02 01:40:00,0.0
2021-01-02 01:40:00,0.0
2021-01-02 01:40:00,0.0
2021-01-02 01:40:00,0.0
2021-01-02 01:50:00,0.0
2021-01-02 01:50:00,0.0
2021-01-02 01:50:00,0.0
2021-01-02 01:50:00,0.0
2021-01-02 01:50:00,0.0
2021-01-02 01:50:00,0.0
2021-01-02 02:00:00,0.0
2021-01-02 02:00:00,0.0
2021-01-02 02:00:00,0.0
2021-01-02 02:00:00,0.0
2021-01-02 02:00:00,0.0
2021-01-02 02:00:00,0.0
2021-01-02 02:10:00,0.0
2021-01-02 02:10:00,0.0
2021-01-02 02:10:00,0.0
2021-01-02 02:10:00,0.0
2021-01-02 02:10:00,0.0
2021-01-02 02:10:00,0.0
2021-01-02 02:20:00,0.0
2021-01-02 02:20:00,0.0
2021-01-02 02:20:00,0.0
2021-01-02 02:20:00,0.0
2021-01-02 02:20:00,0.0
2021-01-02 02:20:00,0.0
2021-01-02 02:30:00,0.0
2021-01-02 02:30:00,0.0
2021-01-02 02:30:00,0.0
2021-01-02 02:30:00,0.0
2021-01-02 02:30:00,0.0
2021-01-02 02:30:00,0.0
2021-01-02 02:40:00,0.0
2021-01-02 02:40:00,0.0
2021-01-02 02:40:00,0.0
2021-01-02 02:40:00,0.0
2021-01-02 02:40:00,0.0
2021-01-02 02:40:00,0.0
2021-01-02 02:50:00,0.0
2021-01-02 02:50:00,0.0
2021-01-02 02:50:00,0.0
2021-01-02 02:50:00,0.0
2021-01-02 02:50:00,0.0
2021-01-02 02:50:00,0.0
2021-01-02 03:00:00,0.0
2021-01-02 03:00:00,0.0
2021-01-02 03:00:00,0.0
2021-01-02 03:00:00,0.0
2021-01-02 03:00:00,0.0
2021-01-02 03:00:00,0.0
2021-01-02 03:10:00,0.0
2021-01-02 03:10:00,0.0
2021-01-02 03:10:00,0.0
2021-01-02 03:10:00,0.0
2021-01-02 03:10:00,0.0
2021-01-02 03:10:00,0.0
2021-01-02 03:20:00,0.0
2021-01-02 03:20:00,0.0
2021-01-02 03:20:00,0.0
2021-01-02 03:20:00,0.0
2021-01-02 03:20:00,0.0
2021-01-02 03:20:00,0.0
2021-01-02 03:30:00,0.0
2021-01-02 03:30:00,0.0
2021-01-02 03:30:00,0.0
2021-01-02 03:30:00,0.0
2021-01-02 03:30:00,0.0
2021-01-02 03:30:00,0.0
2021-01-02 03:40:00,0.0
2021-01-02 03:40:00,0.0
2021-01-02 03:40:00,0.0
2021-01-02 03:40:00,0.0
2021-01-02 03:40:00,0.0
2021-01-02 03:40:00,0.0
2021-01-02 03:50:00,0.0
2021-01-02 03:50:00,0.0
2021-01-02 03:50:00,0.0
2021-01-02 03:50:00,0.0
2021-01-02 03:50:00,0.0
2021-01-02 03:50:00,0.0
2021-01-02 04:00:00,0.0
2021-01-02 04:00:00,0.0
2021-01-02 04:00:00,0.0
2021-01-02 04:00:00,0.0
2021-01-02 04:00:00,0.0
2021-01-02 04:00:00,0.0
2021-01-02 04:10:00,0.0
2021-01-02 04:10:00,0.0
2021-01-02 04:10:00,0.0
2021-01-02 04:10:00,0.0
2021-01-02 04:10:00,0.0
2021-01-02 04:10:00,0.0
2021-01-02 04:20:00,0.0
2021-01-02 04:20:00,0.0
2021-01-02 04:20:00,0.0
2021-01-02 04:20:00,0.0
2021-01-02 04:20:00,0.0
2021-01-02 04:20:00,0.0
2021-01-02 04:30:00,0.0
2021-01-02 04:30:00,0.0
2021-01-02 04:30:00,0.0
2021-01-02 04:30:00,0.0
2021-01-02 04:30:00,0.0
2021-01-02 04:30:00,0.0
2021-01-02 04:40:00,0.0
2021-01-02 04:40:00,0.0
2021-01-02 04:40:00,0.0
2021-01-02 04:40:00,0.0
2021-01-02 04:40:00,0.0
2021-01-02 04:40:00,0.0
2021-01-02 04:50:00,0.0
2021-01-02 04:50:00,0.0
2021-01-02 04:50:00,0.0
2021-01-02 04:50:00,0.0
2021-01-02 04:50:00,0.0
2021-01-02 04:50:00,0.0
2021-01-02 05:00:00,0.0
2021-01-02 05:00:00,0.0
2021-01-02 05:00:00,0.0
2021-01-02 05:00:00,0.0
2021-01-02 05:00:00,0.0
2021-01-02 05:00:00,0.0
2021-01-02 05:10:00,0.0
2021-01-02 05:10:00,0.0
2021-01-02 05:10:00,0.0
2021-01-02 05:10:00,0.0
2021-01-02 05:10:00,0.0
2021-01-02 05:10:00,0.0
2021-01-02 05:20:00,0.0
2021-01-02 05:20:00,0.0
2021-01-02 05:20:00,0.0
2021-01-02 05:20:00,0.0
2021-01-02 05:20:00,0.0
2021-01-02 05:20:00,0.0
2021-01-02 05:30:00,0.0
2021-01-02 05:30:00,0.0
2021-01-02 05:30:00,0.0
2021-01-02 05:30:00,0.0
2021-01-02 05:30:00,0.0
2021-01-02 05:30:00,0.0
2021-01-02 05:40:00,0.0
2021-01-02 05:40:00,0.0
2021-01-02 05:40:00,0.0
2021-01-02 05:40:00,0.0
2021-01-02 05:40:00,0.0
2021-01-02 05:40:00,0.0
2021-01-02 05:50:00,0.0
2021-01-02 05:50:00,0.0
2021-01-02 05:50:00,0.0
2021-01-02 05:50:00,0.0
2021-01-02 05:50:00,0.0
2021-01-02 05:50:00,0.0
2021-01-02 06:00:00,0.0
2021-01-02 06:00:00,0.0
2021-01-02 06:00:00,0.0
2021-01-02 06:00:00,0.0
2021-01-02 06:00:00,0.0
2021-01-02 06:00:00,0.0
2021-01-02 06:10:00,0.0
2021-01-02 06:10:00,0.0
2021-01-02 06:10:00,0.0
2021-01-02 06:10:00,0.0
2021-01-02 06:10:00,0.0
2021-01-02 06:10:00,0.0
2021-01-02 06:20:00,0.0
2021-01-02 06:20:00,0.0
2021-01-02 06:20:00,0.0
2021-01-02 06:20:00,0.0
2021-01-02 06:20:00,0.0
2021-01-02 06:20:00,0.0
2021-01-02 06:30:00,0.0
2021-01-02 06:30:00,0.0
2021-01-02 06:30:00,0.0
2021-01-02 06:30:00,0.0
2021-01-02 06:30:00,0.0
2021-01-02 06:30:00,0.0
2021-01-02 06:40:00,0.0
2021-01-02 06:40:00,0.0
2021-01-02 06:40:00,0.0
2021-01-02 06:40:00,0.0
2021-01-02 06:40:00,0.0
2021-01-02 06:40:00,0.0
2021-01-02 06:50:00,0.0
2021-01-02 06:50:00,0.0
2021-01-02 06:50:00,0.0
2021-01-02 06:50:00,0.0
2021-01-02 06:50:00,0.0
2021-01-02 06:50:00,0.0
2021-01-02 07:00:00,0.0
2021-01-02 07:00:00,0.0
2021-01-02 07:00:00,0.0
2021-01-02 07:00:00,0.0
2021-01-02 07:00:00,0.0
2021-01-02 07:00:00,0.0
2021-01-02 07:10:00,0.0
2021-01-02 07:10:00,0.0
2021-01-02 07:10:00,0.0
2021-01-02 07:10:00,0.0
2021-01-02 07:10:00,0.0
2021-01-02 07:10:00,0.0
2021-01-02 07:20:00,0.0
2021-01-02 07:20:00,0.0
2021-01-02 07:20:00,0.0
2021-01-02 07:20:00,0.0
2021-01-02 07:20:00,0.0
2021-01-02 07:20:00,0.0
2021-01-02 07:30:00,0.0
2021-01-02 07:30:00,0.0
2021-01-02 07:30:00,0.0
2021-01-02 07:30:00,0.0
2021-01-02 07:30:00,0.0
2021-01-02 07:30:00,0.0
2021-01-02 07:40:00,0.0
2021-01-02 07:40:00,0.0
2021-01-02 07:40:00,0.0
2021-01-02 07:40:00,0.0
2021-01-02 07:40:00,0.0
2021-01-02 07:40:00,0.0
2021-01-02 07:50:00,0.0
2021-01-02 07:50:00,0.0
2021-01-02 07:50:00,0.0
2021-01-02 07:50:00,0.0
2021-01-02 07:50:00,0.0
2021-01-02 07:50:00,0.0
2021-01-02 08:00:00,0.0
2021-01-02 08:00:00,0.0
2021-01-02 08:00:00,0.0
2021-01-02 08:00:00,0.0
2021-01-02 08:00:00,0.0
2021-01-02 08:00:00,0.0
2021-01-02 08:10:00,0.0
2021-01-02 08:10:00,0.0
2021-01-02 08:10:00,0.0
2021-01-02 08:10:00,0.0
2021-01-02 08:10:00,0.0
2021-01-02 08:10:00,0.0
2021-01-02 08:20:00,0.0
2021-01-02 08:20:00,0.0
2021-01-02 08:20:00,0.0
2021-01-02 08:20:00,0.0
2021-01-02 08:20:00,0.0
2021-01-02 08:20:00,0.0
2021-01-02 08:30:00,0.0
2021-01-02 08:30:00,0.0
2021-01-02 08:30:00,0.0
2021-01-02 08:30:00,0.0
2021-01-02 08:30:00,0.0
2021-01-02 08:30:00,0.0
2021-01-02 08:40:00,0.0
2021-01-02 08:40:00,0.0
2021-01-02 08:40:00,0.0
2021-01-02 08:40:00,0.0
2021-01-02 08:40:00,0.0
2021-01-02 08:40:00,0.0
2021-01-02 08:50:00,0.0
2021-01-02 08:50:00,0.0
2021-01-02 08:50:00,0.0
2021-01-02 08:50:00,0.0
2021-01-02 08:50:00,0.0
2021-01-02 08:50:00,0.0
2021-01-02 09:00:00,0.0
2021-01-02 09:00:00,0.0
2021-01-02 09:00:00,0.0
2021-01-02 09:00:00,0.0
2021-01-02 09:00:00,0.0
2021-01-02 09:00:00,0.0
2021-01-02 09:10:00,0.0
2021-01-02 09:10:00,0.0
2021-01-02 09:10:00,0.0
2021-01-02 09:10:00,0.0
2021-01-02 09:10:00,0.0
2021-01-02 09:10:00,0.0
2021-01-02 09:20:00,0.0
2021-01-02 09:20:00,0.0
2021-01-02 09:20:00,0.0
2021-01-02 09:20:00,0.0
2021-01-02 09:20:00,0.0
2021-01-02 09:20:00,0.0
2021-01-02 09:30:00,0.0
2021-01-02 09:30:00,0.0
2021-01-02 09:30:00,0.0
2021-01-02 09:30:00,0.0
2021-01-02 09:30:00,0.0
2021-01-02 09:30:00,0.0
2021-01-02 09:40:00,0.0
2021-01-02 09:40:00,0.0
2021-01-02 09:40:00,0.0
2021-01-02 09:40:00,0.0
2021-01-02 09:40:00,0.0
2021-01-02 09:40:00,0.0
2021-01-02 09:50:00,24.77
2021-01-02 09:50:00,24.77
2021-01-02 09:50:00,24.77
2021-01-02 09:50:00,24.77
2021-01-02 09:50:00,24.77
2021-01-02 09:50:00,24.77
2021-01-02 10:00:00,197.13
2021-01-02 10:00:00,197.13
2021-01-02 10:00:00,197.13
2021-01-02 10:00:00,197.13
2021-01-02 10:00:00,197.13
2021-01-02 10:00:00,197.13
2021-01-02 10:10:00,317.65
2021-01-02 10:10:00,317.65
2021-01-02 10:10:00,317.65
2021-01-02 10:10:00,317.65
2021-01-02 10:10:00,317.65
2021-01-02 10:10:00,317.65
2021-01-02 10:20:00,400.66
2021-01-02 10:20:00,400.66
2021-01-02 10:20:00,400.66
2021-01-02 10:20:00,400.66
2021-01-02 10:20:00,400.66
2021-01-02 10:20:00,400.66
2021-01-02 10:30:00,332.25
2021-01-02 10:30:00,332.25
2021-01-02 10:30:00,332.25
2021-01-02 10:30:00,332.25
2021-01-02 10:30:00,332.25
2021-01-02 10:30:00,332.25
2021-01-02 10:40:00,312.22
2021-01-02 10:40:00,312.22
2021-01-02 10:40:00,312.22
2021-01-02 10:40:00,312.22
2021-01-02 10:40:00,312.22
2021-01-02 10:40:00,312.22
2021-01-02 10:50:00,337.66
2021-01-02 10:50:00,337.66
2021-01-02 10:50:00,337.66
2021-01-02 10:50:00,337.66
2021-01-02 10:50:00,337.66
2021-01-02 10:50:00,337.66
2021-01-02 11:00:00,271.84
2021-01-02 11:00:00,271.84
2021-01-02 11:00:00,271.84
2021-01-02 11:00:00,271.84
2021-01-02 11:00:00,271.84
2021-01-02 11:00:00,271.84
2021-01-02 11:10:00,207.39
2021-01-02 11:10:00,207.39
2021-01-02 11:10:00,207.39
2021-01-02 11:10:00,207.39
2021-01-02 11:10:00,207.39
2021-01-02 11:10:00,207.39
2021-01-02 11:20:00,195.35
2021-01-02 11:20:00,195.35
2021-01-02 11:20:00,195.35
2021-01-02 11:20:00,195.35
2021-01-02 11:20:00,195.35
2021-01-02 11:20:00,195.35
2021-01-02 11:30:00,239.26
2021-01-02 11:30:00,239.26
2021-01-02 11:30:00,239.26
2021-01-02 11:30:00,239.26
2021-01-02 11:30:00,239.26
2021-01-02 11:30:00,239.26
2021-01-02 11:40:00,248.59
2021-01-02 11:40:00,248.59
2021-01-02 11:40:00,248.59
2021-01-02 11:40:00,248.59
2021-01-02 11:40:00,248.59
2021-01-02 11:40:00,248.59
2021-01-02 11:50:00,261.72
2021-01-02 11:50:00,261.72
2021-01-02 11:50:00,261.72
2021-01-02 11:50:00,261.72
2021-01-02 11:50:00,261.72
2021-01-02 11:50:00,261.72
2021-01-02 12:00:00,219.16
2021-01-02 12:00:00,219.16
2021-01-02 12:00:00,219.16
2021-01-02 12:00:00,219.16
2021-01-02 12:00:00,219.16
2021-01-02 12:00:00,219.16
2021-01-02 12:10:00,204.95
2021-01-02 12:10:00,204.95
2021-01-02 12:10:00,204.95
2021-01-02 12:10:00,204.95
2021-01-02 12:10:00,204.95
2021-01-02 12:10:00,204.95
2021-01-02 12:20:00,226.67
2021-01-02 12:20:00,226.67
2021-01-02 12:20:00,226.67
2021-01-02 12:20:00,226.67
2021-01-02 12:20:00,226.67
2021-01-02 12:20:00,226.67
2021-01-02 12:30:00,234.14
2021-01-02 12:30:00,234.14
2021-01-02 12:30:00,234.14
2021-01-02 12:30:00,234.14
2021-01-02 12:30:00,234.14
2021-01-02 12:30:00,234.14
2021-01-02 12:40:00,374.28
2021-01-02 12:40:00,374.28
2021-01-02 12:40:00,374.28
2021-01-02 12:40:00,374.28
2021-01-02 12:40:00,374.28
2021-01-02 12:40:00,374.28
2021-01-02 12:50:00,359.93
2021-01-02 12:50:00,359.93
2021-01-02 12:50:00,359.93
2021-01-02 12:50:00,359.93
2021-01-02 12:50:00,359.93
2021-01-02 12:50:00,359.93
2021-01-02 13:00:00,430.89
2021-01-02 13:00:00,430.89
2021-01-02 13:00:00,430.89
2021-01-02 13:00:00,430.89
2021-01-02 13:00:00,430.89
2021-01-02 13:00:00,430.89
2021-01-02 13:10:00,428.04
2021-01-02 13:10:00,428.04
2021-01-02 13:10:00,428.04
2021-01-02 13:10:00,428.04
2021-01-02 13:10:00,428.04
2021-01-02 13:10:00,428.04
2021-01-02 13:20:00,458.76
2021-01-02 13:20:00,458.76
2021-01-02 13:20:00,458.76
2021-01-02 13:20:00,458.76
2021-01-02 13:20:00,458.76
2021-01-02 13:20:00,458.76
2021-01-02 13:30:00,574.44
2021-01-02 13:30:00,574.44
2021-01-02 13:30:00,574.44
2021-01-02 13:30:00,574.44
2021-01-02 13:30:00,574.44
2021-01-02 13:30:00,574.44
2021-01-02 13:40:00,637.69
2021-01-02 13:40:00,637.69
2021-01-02 13:40:00,637.69
2021-01-02 13:40:00,637.69
2021-01-02 13:40:00,637.69
2021-01-02 13:40:00,637.69
2021-01-02 13:50:00,570.6
2021-01-02 13:50:00,570.6
2021-01-02 13:50:00,570.6
2021-01-02 13:50:00,570.6
2021-01-02 13:50:00,570.6
2021-01-02 13:50:00,570.6
2021-01-02 14:00:00,501.77
2021-01-02 14:00:00,501.77
2021-01-02 14:00:00,501.77
2021-01-02 14:00:00,501.77
2021-01-02 14:00:00,501.77
2021-01-02 14:00:00,501.77
2021-01-02 14:10:00,495.25
2021-01-02 14:10:00,495.25
2021-01-02 14:10:00,495.25
2021-01-02 14:10:00,495.25
2021-01-02 14:10:00,495.25
2021-01-02 14:10:00,495.25
2021-01-02 14:20:00,607.67
2021-01-02 14:20:00,607.67
2021-01-02 14:20:00,607.67
2021-01-02 14:20:00,607.67
2021-01-02 14:20:00,607.67
2021-01-02 14:20:00,607.67
2021-01-02 14:30:00,713.28
2021-01-02 14:30:00,713.28
2021-01-02 14:30:00,713.28
2021-01-02 14:30:00,713.28
2021-01-02 14:30:00,713.28
2021-01-02 14:30:00,713.28
2021-01-02 14:40:00,859.76
2021-01-02 14:40:00,859.76
2021-01-02 14:40:00,859.76
2021-01-02 14:40:00,859.76
2021-01-02 14:40:00,859.76
2021-01-02 14:40:00,859.76
2021-01-02 14:50:00,801.38
2021-01-02 14:50:00,801.38
2021-01-02 14:50:00,801.38
2021-01-02 14:50:00,801.38
2021-01-02 14:50:00,801.38
2021-01-02 14:50:00,801.38
2021-01-02 15:00:00,622.3
2021-01-02 15:00:00,622.3
2021-01-02 15:00:00,622.3
2021-01-02 15:00:00,622.3
2021-01-02 15:00:00,622.3
2021-01-02 15:00:00,622.3
2021-01-02 15:10:00,556.25
2021-01-02 15:10:00,556.25
2021-01-02 15:10:00,556.25
2021-01-02 15:10:00,556.25
2021-01-02 15:10:00,556.25
2021-01-02 15:10:00,556.25
2021-01-02 15:20:00,531.21
2021-01-02 15:20:00,531.21
2021-01-02 15:20:00,531.21
2021-01-02 15:20:00,531.21
2021-01-02 15:20:00,531.21
2021-01-02 15:20:00,531.21
2021-01-02 15:30:00,464.9
2021-01-02 15:30:00,464.9
2021-01-02 15:30:00,464.9
2021-01-02 15:30:00,464.9
2021-01-02 15:30:00,464.9
2021-01-02 15:30:00,464.9
2021-01-02 15:40:00,356.18
2021-01-02 15:40:00,356.18
2021-01-02 15:40:00,356.18
2021-01-02 15:40:00,356.18
2021-01-02 15:40:00,356.18
2021-01-02 15:40:00,356.18
2021-01-02 15:50:00,388.27
2021-01-02 15:50:00,388.27
2021-01-02 15:50:00,388.27
2021-01-02 15:50:00,388.27
2021-01-02 15:50:00,388.27
2021-01-02 15:50:00,388.27
2021-01-02 16:00:00,440.01
2021-01-02 16:00:00,440.01
2021-01-02 16:00:00,440.01
2021-01-02 16:00:00,440.01
2021-01-02 16:00:00,440.01
2021-01-02 16:00:00,440.01
2021-01-02 16:10:00,439.51
2021-01-02 16:10:00,439.51
2021-01-02 16:10:00,439.51
2021-01-02 16:10:00,439.51
2021-01-02 16:10:00,439.51
2021-01-02 16:10:00,439.51
2021-01-02 16:20:00,493.95
2021-01-02 16:20:00,493.95
2021-01-02 16:20:00,493.95
2021-01-02 16:20:00,493.95
2021-01-02 16:20:00,493.95
2021-01-02 16:20:00,493.95
2021-01-02 16:30:00,381.45
2021-01-02 16:30:00,381.45
2021-01-02 16:30:00,381.45
2021-01-02 16:30:00,381.45
2021-01-02 16:30:00,381.45
2021-01-02 16:30:00,381.45
2021-01-02 16:40:00,310.11
2021-01-02 16:40:00,310.11
2021-01-02 16:40:00,310.11
2021-01-02 16:40:00,310.11
2021-01-02 16:40:00,310.11
2021-01-02 16:40:00,310.11
2021-01-02 16:50:00,312.58
2021-01-02 16:50:00,312.58
2021-01-02 16:50:00,312.58
2021-01-02 16:50:00,312.58
2021-01-02 16:50:00,312.58
2021-01-02 16:50:00,312.58
2021-01-02 17:00:00,253.63
2021-01-02 17:00:00,253.63
2021-01-02 17:00:00,253.63
2021-01-02 17:00:00,253.63
2021-01-02 17:00:00,253.63
2021-01-02 17:00:00,253.63
2021-01-02 17:10:00,252.84
2021-01-02 17:10:00,252.84
2021-01-02 17:10:00,252.84
2021-01-02 17:10:00,252.84
2021-01-02 17:10:00,252.84
2021-01-02 17:10:00,252.84
2021-01-02 17:20:00,313.84
2021-01-02 17:20:00,313.84
2021-01-02 17:20:00,313.84
2021-01-02 17:20:00,313.84
2021-01-02 17:20:00,313.84
2021-01-02 17:20:00,313.84
2021-01-02 17:30:00,252.53
2021-01-02 17:30:00,252.53
2021-01-02 17:30:00,252.53
2021-01-02 17:30:00,252.53
2021-01-02 17:30:00,252.53
2021-01-02 17:30:00,252.53
2021-01-02 17:40:00,243.11
2021-01-02 17:40:00,243.11
2021-01-02 17:40:00,243.11
2021-01-02 17:40:00,243.11
2021-01-02 17:40:00,243.11
2021-01-02 17:40:00,243.11
2021-01-02 17:50:00,188.02
2021-01-02 17:50:00,188.02
2021-01-02 17:50:00,188.02
2021-01-02 17:50:00,188.02
2021-01-02 17:50:00,188.02
2021-01-02 17:50:00,188.02
2021-01-02 18:00:00,130.33
2021-01-02 18:00:00,130.33
2021-01-02 18:00:00,130.33
2021-01-02 18:00:00,130.33
2021-01-02 18:00:00,130.33
2021-01-02 18:00:00,130.33
2021-01-02 18:10:00,143.81
2021-01-02 18:10:00,143.81
2021-01-02 18:10:00,143.81
2021-01-02 18:10:00,143.81
2021-01-02 18:10:00,143.81
2021-01-02 18:10:00,143.81
2021-01-02 18:20:00,110.92
2021-01-02 18:20:00,110.92
2021-01-02 18:20:00,110.92
2021-01-02 18:20:00,110.92
2021-01-02 18:20:00,110.92
2021-01-02 18:20:00,110.92
2021-01-02 18:30:00,109.89
2021-01-02 18:30:00,109.89
2021-01-02 18:30:00,109.89
2021-01-02 18:30:00,109.89
2021-01-02 18:30:00,109.89
2021-01-02 18:30:00,109.89
2021-01-02 18:40:00,113.54
2021-01-02 18:40:00,113.54
2021-01-02 18:40:00,113.54
2021-01-02 18:40:00,113.54
2021-01-02 18:40:00,113.54
2021-01-02 18:40:00,113.54
2021-01-02 18:50:00,76.22
2021-01-02 18:50:00,76.22
2021-01-02 18:50:00,76.22
2021-01-02 18:50:00,76.22
2021-01-02 18:50:00,76.22
2021-01-02 18:50:00,76.22
2021-01-02 19:00:00,104.92
2021-01-02 19:00:00,104.92
2021-01-02 19:00:00,104.92
2021-01-02 19:00:00,104.92
2021-01-02 19:00:00,104.92
2021-01-02 19:00:00,104.92
2021-01-02 19:10:00,109.36
2021-01-02 19:10:00,109.36
2021-01-02 19:10:00,109.36
2021-01-02 19:10:00,109.36
2021-01-02 19:10:00,109.36
2021-01-02 19:10:00,109.36
2021-01-02 19:20:00,69.42
2021-01-02 19:20:00,69.42
2021-01-02 19:20:00,69.42
2021-01-02 19:20:00,69.42
2021-01-02 19:20:00,69.42
2021-01-02 19:20:00,69.42
2021-01-02 19:30:00,125.33
2021-01-02 19:30:00,125.33
2021-01-02 19:30:00,125.33
2021-01-02 19:30:00,125.33
2021-01-02 19:30:00,125.33
2021-01-02 19:30:00,125.33
2021-01-02 19:40:00,154.05
2021-01-02 19:40:00,154.05
2021-01-02 19:40:00,154.05
2021-01-02 19:40:00,154.05
2021-01-02 19:40:00,154.05
2021-01-02 19:40:00,154.05
2021-01-02 19:50:00,194.64
2021-01-02 19:50:00,194.64
2021-01-02 19:50:00,194.64
2021-01-02 19:50:00,194.64
2021-01-02 19:50:00,194.64
2021-01-02 19:50:00,194.64
2021-01-02 20:00:00,188.39
2021-01-02 20:00:00,188.39
2021-01-02 20:00:00,188.39
2021-01-02 20:00:00,188.39
2021-01-02 20:00:00,188.39
2021-01-02 20:00:00,188.39
2021-01-02 20:10:00,254.42
2021-01-02 20:10:00,254.42
2021-01-02 20:10:00,254.42
2021-01-02 20:10:00,254.42
2021-01-02 20:10:00,254.42
2021-01-02 20:10:00,254.42
2021-01-02 20:20:00,294.16
2021-01-02 20:20:00,294.16
2021-01-02 20:20:00,294.16
2021-01-02 20:20:00,294.16
2021-01-02 20:20:00,294.16
2021-01-02 20:20:00,294.16
2021-01-02 20:30:00,258.37
2021-01-02 20:30:00,258.37
2021-01-02 20:30:00,258.37
2021-01-02 20:30:00,258.37
2021-01-02 20:30:00,258.37
2021-01-02 20:30:00,258.37
2021-01-02 20:40:00,359.12
2021-01-02 20:40:00,359.12
2021-01-02 20:40:00,359.12
2021-01-02 20:40:00,359.12
2021-01-02 20:40:00,359.12
2021-01-02 20:40:00,359.12
2021-01-02 20:50:00,466.7
2021-01-02 20:50:00,466.7
2021-01-02 20:50:00,466.7
2021-01-02 20:50:00,466.7
2021-01-02 20:50:00,466.7
2021-01-02 20:50:00,466.7
2021-01-02 21:00:00,493.76
2021-01-02 21:00:00,493.76
2021-01-02 21:00:00,493.76
2021-01-02 21:00:00,493.76
2021-01-02 21:00:00,493.76
2021-01-02 21:00:00,493.76
2021-01-02 21:10:00,392.65
2021-01-02 21:10:00,392.65
2021-01-02 21:10:00,392.65
2021-01-02 21:10:00,392.65
2021-01-02 21:10:00,392.65
2021-01-02 21:10:00,392.65
2021-01-02 21:20:00,311.48
2021-01-02 21:20:00,311.48
2021-01-02 21:20:00,311.48
2021-01-02 21:20:00,311.48
2021-01-02 21:20:00,311.48
2021-01-02 21:20:00,311.48
2021-01-02 21:30:00,269.33
2021-01-02 21:30:00,269.33
2021-01-02 21:30:00,269.33
2021-01-02 21:30:00,269.33
2021-01-02 21:30:00,269.33
2021-01-02 21:30:00,269.33
2021-01-02 21:40:00,203.3
2021-01-02 21:40:00,203.3
2021-01-02 21:40:00,203.3
2021-01-02 21:40:00,203.3
2021-01-02 21:40:00,203.3
2021-01-02 21:40:00,203.3
2021-01-02 21:50:00,174.1
2021-01-02 21:50:00,174.1
2021-01-02 21:50:00,174.1
2021-01-02 21:50:00,174.1
2021-01-02 21:50:00,174.1
2021-01-02 21:50:00,174.1
2021-01-02 22:00:00,91.12
2021-01-02 22:00:00,91.12
2021-01-02 22:00:00,91.12
2021-01-02 22:00:00,91.12
2021-01-02 22:00:00,91.12
2021-01-02 22:00:00,91.12
2021-01-02 22:10:00,24.46
2021-01-02 22:10:00,24.46
2021-01-02 22:10:00,24.46
2021-01-02 22:10:00,24.46
2021-01-02 22:10:00,24.46
2021-01-02 22:10:00,24.46
2021-01-02 22:20:00,0.0
2021-01-02 22:20:00,0.0
2021-01-02 22:20:00,0.0
2021-01-02 22:20:00,0.0
2021-01-02 22:20:00,0.0
2021-01-02 22:20:00,0.0
2021-01-02 22:30:00,0.0
2021-01-02 22:30:00,0.0
2021-01-02 22:30:00,0.0
2021-01-02 22:30:00,0.0
2021-01-02 22:30:00,0.0
2021-01-02 22:30:00,0.0
2021-01-02 22:40:00,0.0
2021-01-02 22:40:00,0.0
2021-01-02 22:40:00,0.0
2021-01-02 22:40:00,0.0
2021-01-02 22:40:00,0.0
2021-01-02 22:40:00,0.0
2021-01-02 22:50:00,0.0
2021-01-02 22:50:00,0.0
2021-01-02 22:50:00,0.0
2021-01-02 22:50:00,0.0
2021-01-02 22:50:00,0.0
2021-01-02 22:50:00,0.0
2021-01-02 23:00:00,0.0
2021-01-02 23:00:00,0.0
2021-01-02 23:00:00,0.0
2021-01-02 23:00:00,0.0
2021-01-02 23:00:00,0.0
2021-01-02 23:00:00,0.0
2021-01-02 23:10:00,0.0
2021-01-02 23:10:00,0.0
2021-01-02 23:10:00,0.0
2021-01-02 23:10:00,0.0
2021-01-02 23:10:00,0.0
2021-01-02 23:10:00,0.0
2021-01-02 23:20:00,0.0
2021-01-02 23:20:00,0.0
2021-01-02 23:20:00,0.0
2021-01-02 23:20:00,0.0
2021-01-02 23:20:00,0.0
2021-01-02 23:20:00,0.0
2021-01-02 23:30:00,0.0
2021-01-02 23:30:00,0.0
2021-01-02 23:30:00,0.0
2021-01-02 23:30:00,0.0
2021-01-02 23:30:00,0.0
2021-01-02 23:30:00,0.0
2021-01-02 23:40:00,0.0
2021-01-02 23:40:00,0.0
2021-01-02 23:40:00,0.0
2021-01-02 23:40:00,0.0
2021-01-02 23:40:00,0.0
2021-01-02 23:40:00,0.0
2021-01-02 23:50:00,0.0
2021-01-02 23:50:00,0.0
2021-01-02 23:50:00,0.0
2021-01-02 23:50:00,0.0
2021-01-02 23:50:00,0.0
2021-01-02 23:50:00,0.0
2021-01-03 00:00:00,0.0
2021-01-03 00:00:00,0.0
2021-01-03 00:00:00,0.0
2021-01-03 00:00:00,0.0
2021-01-03 00:00:00,0.0
2021-01-03 00:00:00,0.0
2021-01-03 00:10:00,0.0
2021-01-03 00:10:00,0.0
2021-01-03 00:10:00,0.0
2021-01-03 00:10:00,0.0
2021-01-03 00:10:00,0.0
2021-01-03 00:10:00,0.0
2021-01-03 00:20:00,0.0
2021-01-03 00:20:00,0.0
2021-01-03 00:20:00,0.0
2021-01-03 00:20:00,0.0
2021-01-03 00:20:00,0.0
2021-01-03 00:20:00,0.0
2021-01-03 00:30:00,0.0
2021-01-03 00:30:00,0.0
2021-01-03 00:30:00,0.0
2021-01-03 00:30:00,0.0
2021-01-03 00:30:00,0.0
2021-01-03 00:30:00,0.0
2021-01-03 00:40:00,0.0
2021-01-03 00:40:00,0.0
2021-01-03 00:40:00,0.0
2021-01-03 00:40:00,0.0
2021-01-03 00:40:00,0.0
2021-01-03 00:40:00,0.0
2021-01-03 00:50:00,0.0
2021-01-03 00:50:00,0.0
2021-01-03 00:50:00,0.0
2021-01-03 00:50:00,0.0
2021-01-03 00:50:00,0.0
2021-01-03 00:50:00,0.0
2021-01-03 01:00:00,0.0
2021-01-03 01:00:00,0.0
2021-01-03 01:00:00,0.0
2021-01-03 01:00:00,0.0
2021-01-03 01:00:00,0.0
2021-01-03 01:00:00,0.0
2021-01-03 01:10:00,0.0
2021-01-03 01:10:00,0.0
2021-01-03 01:10:00,0.0
2021-01-03 01:10:00,0.0
2021-01-03 01:10:00,0.0
2021-01-03 01:10:00,0.0
2021-01-03 01:20:00,0.0
2021-01-03 01:20:00,0.0
2021-01-03 01:20:00,0.0
2021-01-03 01:20:00,0.0
2021-01-03 01:20:00,0.0
2021-01-03 01:20:00,0.0
2021-01-03 01:30:00,0.0
2021-01-03 01:30:00,0.0
2021-01-03 01:30:00,0.0
2021-01-03 01:30:00,0.0
2021-01-03 01:30:00,0.0
2021-01-03 01:30:00,0.0
2021-01-03 01:40:00,0.0
2021-01-03 01:40:00,0.0
2021-01-03 01:40:00,0.0
2021-01-03 01:40:00,0.0
2021-01-03 01:40:00,0.0
2021-01-03 01:40:00,0.0
2021-01-03 01:50:00,0.0
2021-01-03 01:50:00,0.0
2021-01-03 01:50:00,0.0
2021-01-03 01:50:00,0.0
2021-01-03 01:50:00,0.0
2021-01-03 01:50:00,0.0
2021-01-03 02:00:00,0.0
2021-01-03 02:00:00,0.0
2021-01-03 02:00:00,0.0
2021-01-03 02:00:00,0.0
2021-01-03 02:00:00,0.0
2021-01-03 02:00:00,0.0
2021-01-03 02:10:00,0.0
2021-01-03 02:10:00,0.0
2021-01-03 02:10:00,0.0
2021-01-03 02:10:00,0.0
2021-01-03 02:10:00,0.0
2021-01-03 02:10:00,0.0
2021-01-03 02:20:00,0.0
2021-01-03 02:20:00,0.0
2021-01-03 02:20:00,0.0
2021-01-03 02:20:00,0.0
2021-01-03 02:20:00,0.0
2021-01-03 02:20:00,0.0
2021-01-03 02:30:00,0.0
2021-01-03 02:30:00,0.0
2021-01-03 02:30:00,0.0
2021-01-03 02:30:00,0.0
2021-01-03 02:30:00,0.0
2021-01-03 02:30:00,0.0
2021-01-03 02:40:00,0.0
2021-01-03 02:40:00,0.0
2021-01-03 02:40:00,0.0
2021-01-03 02:40:00,0.0
2021-01-03 02:40:00,0.0
2021-01-03 02:40:00,0.0
2021-01-03 02:50:00,0.0
2021-01-03 02:50:00,0.0
2021-01-03 02:50:00,0.0
2021-01-03 02:50:00,0.0
2021-01-03 02:50:00,0.0
2021-01-03 02:50:00,0.0
2021-01-03 03:00:00,0.0
2021-01-03 03:00:00,0.0
2021-01-03 03:00:00,0.0
2021-01-03 03:00:00,0.0
2021-01-03 03:00:00,0.0
2021-01-03 03:00:00,0.0
2021-01-03 03:10:00,0.0
2021-01-03 03:10:00,0.0
2021-01-03 03:10:00,0.0
2021-01-03 03:10:00,0.0
2021-01-03 03:10:00,0.0
2021-01-03 03:10:00,0.0
2021-01-03 03:20:00,0.0
2021-01-03 03:20:00,0.0
2021-01-03 03:20:00,0.0
2021-01-03 03:20:00,0.0
2021-01-03 03:20:00,0.0
2021-01-03 03:20:00,0.0
2021-01-03 03:30:00,0.0
2021-01-03 03:30:00,0.0
2021-01-03 03:30:00,0.0
2021-01-03 03:30:00,0.0
2021-01-03 03:30:00,0.0
2021-01-03 03:30:00,0.0
2021-01-03 03:40:00,0.0
2021-01-03 03:40:00,0.0
2021-01-03 03:40:00,0.0
2021-01-03 03:40:00,0.0
2021-01-03 03:40:00,0.0
2021-01-03 03:40:00,0.0
2021-01-03 03:50:00,0.0
2021-01-03 03:50:00,0.0
2021-01-03 03:50:00,0.0
2021-01-03 03:50:00,0.0
2021-01-03 03:50:00,0.0
2021-01-03 03:50:00,0.0
2021-01-03 04:00:00,0.0
2021-01-03 04:00:00,0.0
2021-01-03 04:00:00,0.0
2021-01-03 04:00:00,0.0
2021-01-03 04:00:00,0.0
2021-01-03 04:00:00,0.0
2021-01-03 04:10:00,0.0
2021-01-03 04:10:00,0.0
2021-01-03 04:10:00,0.0
2021-01-03 04:10:00,0.0
2021-01-03 04:10:00,0.0
2021-01-03 04:10:00,0.0
2021-01-03 04:20:00,0.0
2021-01-03 04:20:00,0.0
2021-01-03 04:20:00,0.0
2021-01-03 04:20:00,0.0
2021-01-03 04:20:00,0.0
2021-01-03 04:20:00,0.0
2021-01-03 04:30:00,0.0
2021-01-03 04:30:00,0.0
2021-01-03 04:30:00,0.0
2021-01-03 04:30:00,0.0
2021-01-03 04:30:00,0.0
2021-01-03 04:30:00,0.0
2021-01-03 04:40:00,0.0
2021-01-03 04:40:00,0.0
2021-01-03 04:40:00,0.0
2021-01-03 04:40:00,0.0
2021-01-03 04:40:00,0.0
2021-01-03 04:40:00,0.0
2021-01-03 04:50:00,0.0
2021-01-03 04:50:00,0.0
2021-01-03 04:50:00,0.0
2021-01-03 04:50:00,0.0
2021-01-03 04:50:00,0.0
2021-01-03 04:50:00,0.0
2021-01-03 05:00:00,0.0
2021-01-03 05:00:00,0.0
2021-01-03 05:00:00,0.0
2021-01-03 05:00:00,0.0
2021-01-03 05:00:00,0.0
2021-01-03 05:00:00,0.0
2021-01-03 05:10:00,0.0
2021-01-03 05:10:00,0.0
2021-01-03 05:10:00,0.0
2021-01-03 05:10:00,0.0
2021-01-03 05:10:00,0.0
2021-01-03 05:10:00,0.0
2021-01-03 05:20:00,0.0
2021-01-03 05:20:00,0.0
2021-01-03 05:20:00,0.0
2021-01-03 05:20:00,0.0
2021-01-03 05:20:00,0.0
2021-01-03 05:20:00,0.0
2021-01-03 05:30:00,0.0
2021-01-03 05:30:00,0.0
2021-01-03 05:30:00,0.0
2021-01-03 05:30:00,0.0
2021-01-03 05:30:00,0.0
2021-01-03 05:30:00,0.0
2021-01-03 05:40:00,0.0
2021-01-03 05:40:00,0.0
2021-01-03 05:40:00,0.0
2021-01-03 05:40:00,0.0
2021-01-03 05:40:00,0.0
2021-01-03 05:40:00,0.0
2021-01-03 05:50:00,0.0
2021-01-03 05:50:00,0.0
2021-01-03 05:50:00,0.0
2021-01-03 05:50:00,0.0
2021-01-03 05:50:00,0.0
2021-01-03 05:50:00,0.0
2021-01-03 06:00:00,0.0
2021-01-03 06:00:00,0.0
2021-01-03 06:00:00,0.0
2021-01-03 06:00:00,0.0
2021-01-03 06:00:00,0.0
2021-01-03 06:00:00,0.0
2021-01-03 06:10:00,0.0
2021-01-03 06:10:00,0.0
2021-01-03 06:10:00,0.0
2021-01-03 06:10:00,0.0
2021-01-03 06:10:00,0.0
2021-01-03 06:10:00,0.0
2021-01-03 06:20:00,0.0
2021-01-03 06:20:00,0.0
2021-01-03 06:20:00,0.0
2021-01-03 06:20:00,0.0
2021-01-03 06:20:00,0.0
2021-01-03 06:20:00,0.0
2021-01-03 06:30:00,0.0
2021-01-03 06:30:00,0.0
2021-01-03 06:30:00,0.0
2021-01-03 06:30:00,0.0
2021-01-03 06:30:00,0.0
2021-01-03 06:30:00,0.0
2021-01-03 06:40:00,0.0
2021-01-03 06:40:00,0.0
2021-01-03 06:40:00,0.0
2021-01-03 06:40:00,0.0
2021-01-03 06:40:00,0.0
2021-01-03 06:40:00,0.0
2021-01-03 06:50:00,0.0
2021-01-03 06:50:00,0.0
2021-01-03 06:50:00,0.0
2021-01-03 06:50:00,0.0
2021-01-03 06:50:00,0.0
2021-01-03 06:50:00,0.0
2021-01-03 07:00:00,0.0
2021-01-03 07:00:00,0.0
2021-01-03 07:00:00,0.0
2021-01-03 07:00:00,0.0
2021-01-03 07:00:00,0.0
2021-01-03 07:00:00,0.0
2021-01-03 07:10:00,0.0
2021-01-03 07:10:00,0.0
2021-01-03 07:10:00,0.0
2021-01-03 07:10:00,0.0
2021-01-03 07:10:00,0.0
2021-01-03 07:10:00,0.0
2021-01-03 07:20:00,0.0
2021-01-03 07:20:00,0.0
2021-01-03 07:20:00,0.0
2021-01-03 07:20:00,0.0
2021-01-03 07:20:00,0.0
2021-01-03 07:20:00,0.0
2021-01-03 07:30:00,0.0
2021-01-03 07:30:00,0.0
2021-01-03 07:30:00,0.0
2021-01-03 07:30:00,0.0
2021-01-03 07:30:00,0.0
2021-01-03 07:30:00,0.0
2021-01-03 07:40:00,0.0
2021-01-03 07:40:00,0.0
2021-01-03 07:40:00,0.0
2021-01-03 07:40:00,0.0
2021-01-03 07:40:00,0.0
2021-01-03 07:40:00,0.0
2021-01-03 07:50:00,0.0
2021-01-03 07:50:00,0.0
2021-01-03 07:50:00,0.0
2021-01-03 07:50:00,0.0
2021-01-03 07:50:00,0.0
2021-01-03 07:50:00,0.0
2021-01-03 08:00:00,0.0
2021-01-03 08:00:00,0.0
2021-01-03 08:00:00,0.0
2021-01-03 08:00:00,0.0
2021-01-03 08:00:00,0.0
2021-01-03 08:00:00,0.0
2021-01-03 08:10:00,0.0
2021-01-03 08:10:00,0.0
2021-01-03 08:10:00,0.0
2021-01-03 08:10:00,0.0
2021-01-03 08:10:00,0.0
2021-01-03 08:10:00,0.0
2021-01-03 08:20:00,0.0
2021-01-03 08:20:00,0.0
2021-01-03 08:20:00,0.0
2021-01-03 08:20:00,0.0
2021-01-03 08:20:00,0.0
2021-01-03 08:20:00,0.0
2021-01-03 08:30:00,0.0
2021-01-03 08:30:00,0.0
2021-01-03 08:30:00,0.0
2021-01-03 08:30:00,0.0
2021-01-03 08:30:00,0.0
2021-01-03 08:30:00,0.0
2021-01-03 08:40:00,0.0
2021-01-03 08:40:00,0.0
2021-01-03 08:40:00,0.0
2021-01-03 08:40:00,0.0
2021-01-03 08:40:00,0.0
2021-01-03 08:40:00,0.0
2021-01-03 08:50:00,0.0
2021-01-03 08:50:00,0.0
2021-01-03 08:50:00,0.0
2021-01-03 08:50:00,0.0
2021-01-03 08:50:00,0.0
2021-01-03 08:50:00,0.0
2021-01-03 09:00:00,0.0
2021-01-03 09:00:00,0.0
2021-01-03 09:00:00,0.0
2021-01-03 09:00:00,0.0
2021-01-03 09:00:00,0.0
2021-01-03 09:00:00,0.0
2021-01-03 09:10:00,0.0
2021-01-03 09:10:00,0.0
2021-01-03 09:10:00,0.0
2021-01-03 09:10:00,0.0
2021-01-03 09:10:00,0.0
2021-01-03 09:10:00,0.0
2021-01-03 09:20:00,0.0
2021-01-03 09:20:00,0.0
2021-01-03 09:20:00,0.0
2021-01-03 09:20:00,0.0
2021-01-03 09:20:00,0.0
2021-01-03 09:20:00,0.0
2021-01-03 09:30:00,0.0
2021-01-03 09:30:00,0.0
2021-01-03 09:30:00,0.0
2021-01-03 09:30:00,0.0
2021-01-03 09:30:00,0.0
2021-01-03 09:30:00,0.0
2021-01-03 09:40:00,0.0
2021-01-03 09:40:00,0.0
2021-01-03 09:40:00,0.0
2021-01-03 09:40:00,0.0
2021-01-03 09:40:00,0.0
2021-01-03 09:40:00,0.0
2021-01-03 09:50:00,0.0
2021-01-03 09:50:00,0.0
2021-01-03 09:50:00,0.0
2021-01-03 09:50:00,0.0
2021-01-03 09:50:00,0.0
2021-01-03 09:50:00,0.0
2021-01-03 10:00:00,0.0
2021-01-03 10:00:00,0.0
2021-01-03 10:00:00,0.0
2021-01-03 10:00:00,0.0
2021-01-03 10:00:00,0.0
2021-01-03 10:00:00,0.0
2021-01-03 10:10:00,0.0
2021-01-03 10:10:00,0.0
2021-01-03 10:10:00,0.0
2021-01-03 10:10:00,0.0
2021-01-03 10:10:00,0.0
2021-01-03 10:10:00,0.0
2021-01-03 10:20:00,0.0
2021-01-03 10:20:00,0.0
2021-01-03 10:20:00,0.0
2021-01-03 10:20:00,0.0
2021-01-03 10:20:00,0.0
2021-01-03 10:20:00,0.0
2021-01-03 10:30:00,0.0
2021-01-03 10:30:00,0.0
2021-01-03 10:30:00,0.0
2021-01-03 10:30:00,0.0
2021-01-03 10:30:00,0.0
2021-01-03 10:30:00,0.0
2021-01-03 10:40:00,0.0
2021-01-03 10:40:00,0.0
2021-01-03 10:40:00,0.0
2021-01-03 10:40:00,0.0
2021-01-03 10:40:00,0.0
2021-01-03 10:40:00,0.0
2021-01-03 10:50:00,0.0
2021-01-03 10:50:00,0.0
2021-01-03 10:50:00,0.0
2021-01-03 10:50:00,0.0
2021-01-03 10:50:00,0.0
2021-01-03 10:50:00,0.0
2021-01-03 11:00:00,0.0
2021-01-03 11:00:00,0.0
2021-01-03 11:00:00,0.0
2021-01-03 11:00:00,0.0
2021-01-03 11:00:00,0.0
2021-01-03 11:00:00,0.0
2021-01-03 11:10:00,0.0
2021-01-03 11:10:00,0.0
2021-01-03 11:10:00,0.0
2021-01-03 11:10:00,0.0
2021-01-03 11:10:00,0.0
2021-01-03 11:10:00,0.0
2021-01-03 11:20:00,0.0
2021-01-03 11:20:00,0.0
2021-01-03 11:20:00,0.0
2021-01-03 11:20:00,0.0
2021-01-03 11:20:00,0.0
2021-01-03 11:20:00,0.0
2021-01-03 11:30:00,0.0
2021-01-03 11:30:00,0.0
2021-01-03 11:30:00,0.0
2021-01-03 11:30:00,0.0
2021-01-03 11:30:00,0.0
2021-01-03 11:30:00,0.0
2021-01-03 11:40:00,0.0
2021-01-03 11:40:00,0.0
2021-01-03 11:40:00,0.0
2021-01-03 11:40:00,0.0
2021-01-03 11:40:00,0.0
2021-01-03 11:40:00,0.0
2021-01-03 11:50:00,0.0
2021-01-03 11:50:00,0.0
2021-01-03 11:50:00,0.0
2021-01-03 11:50:00,0.0
2021-01-03 11:50:00,0.0
2021-01-03 11:50:00,0.0
2021-01-03 12:00:00,0.0
2021-01-03 12:00:00,0.0
2021-01-03 12:00:00,0.0
2021-01-03 12:00:00,0.0
2021-01-03 12:00:00,0.0
2021-01-03 12:00:00,0.0
2021-01-03 12:10:00,0.0
2021-01-03 12:10:00,0.0
2021-01-03 12:10:00,0.0
2021-01-03 12:10:00,0.0
2021-01-03 12:10:00,0.0
2021-01-03 12:10:00,0.0
2021-01-03 12:20:00,0.0
2021-01-03 12:20:00,0.0
2021-01-03 12:20:00,0.0
2021-01-03 12:20:00,0.0
2021-01-03 12:20:00,0.0
2021-01-03 12:20:00,0.0
2021-01-03 12:30:00,0.0
2021-01-03 12:30:00,0.0
2021-01-03 12:30:00,0.0
2021-01-03 12:30:00,0.0
2021-01-03 12:30:00,0.0
2021-01-03 12:30:00,0.0
2021-01-03 12:40:00,0.0
2021-01-03 12:40:00,0.0
2021-01-03 12:40:00,0.0
2021-01-03 12:40:00,0.0
2021-01-03 12:40:00,0.0
2021-01-03 12:40:00,0.0
2021-01-03 12:50:00,0.0
2021-01-03 12:50:00,0.0
2021-01-03 12:50:00,0.0
2021-01-03 12:50:00,0.0
2021-01-03 12:50:00,0.0
2021-01-03 12:50:00,0.0
2021-01-03 13:00:00,0.0
2021-01-03 13:00:00,0.0
2021-01-03 13:00:00,0.0
2021-01-03 13:00:00,0.0
2021-01-03 13:00:00,0.0
2021-01-03 13:00:00,0.0
2021-01-03 13:10:00,0.0
2021-01-03 13:10:00,0.0
2021-01-03 13:10:00,0.0
2021-01-03 13:10:00,0.0
2021-01-03 13:10:00,0.0
2021-01-03 13:10:00,0.0
2021-01-03 13:20:00,0.0
2021-01-03 13:20:00,0.0
2021-01-03 13:20:00,0.0
2021-01-03 13:20:00,0.0
2021-01-03 13:20:00,0.0
2021-01-03 13:20:00,0.0
2021-01-03 13:30:00,0.0
2021-01-03 13:30:00,0.0
2021-01-03 13:30:00,0.0
2021-01-03 13:30:00,0.0
2021-01-03 13:30:00,0.0
2021-01-03 13:30:00,0.0
2021-01-03 13:40:00,0.0
2021-01-03 13:40:00,0.0
2021-01-03 13:40:00,0.0
2021-01-03 13:40:00,0.0
2021-01-03 13:40:00,0.0
2021-01-03 13:40:00,0.0
2021-01-03 13:50:00,0.0
2021-01-03 13:50:00,0.0
2021-01-03 13:50:00,0.0
2021-01-03 13:50:00,0.0
2021-01-03 13:50:00,0.0
2021-01-03 13:50:00,0.0
2021-01-03 14:00:00,0.0
2021-01-03 14:00:00,0.0
2021-01-03 14:00:00,0.0
2021-01-03 14:00:00,0.0
2021-01-03 14:00:00,0.0
2021-01-03 14:00:00,0.0
2021-01-03 14:10:00,0.0
2021-01-03 14:10:00,0.0
2021-01-03 14:10:00,0.0
2021-01-03 14:10:00,0.0
2021-01-03 14:10:00,0.0
2021-01-03 14:10:00,0.0
2021-01-03 14:20:00,0.0
2021-01-03 14:20:00,0.0
2021-01-03 14:20:00,0.0
2021-01-03 14:20:00,0.0
2021-01-03 14:20:00,0.0
2021-01-03 14:20:00,0.0
2021-01-03 14:30:00,0.0
2021-01-03 14:30:00,0.0
2021-01-03 14:30:00,0.0
2021-01-03 14:30:00,0.0
2021-01-03 14:30:00,0.0
2021-01-03 14:30:00,0.0
2021-01-03 14:40:00,0.0
2021-01-03 14:40:00,0.0
2021-01-03 14:40:00,0.0
2021-01-03 14:40:00,0.0
2021-01-03 14:40:00,0.0
2021-01-03 14:40:00,0.0
2021-01-03 14:50:00,0.0
2021-01-03 14:50:00,0.0
2021-01-03 14:50:00,0.0
2021-01-03 14:50:00,0.0
2021-01-03 14:50:00,0.0
2021-01-03 14:50:00,0.0
2021-01-03 15:00:00,0.0
2021-01-03 15:00:00,0.0
2021-01-03 15:00:00,0.0
2021-01-03 15:00:00,0.0
2021-01-03 15:00:00,0.0
2021-01-03 15:00:00,0.0
2021-01-03 15:10:00,0.0
2021-01-03 15:10:00,0.0
2021-01-03 15:10:00,0.0
2021-01-03 15:10:00,0.0
2021-01-03 15:10:00,0.0
2021-01-03 15:10:00,0.0
2021-01-03 15:20:00,0.0
2021-01-03 15:20:00,0.0
2021-01-03 15:20:00,0.0
2021-01-03 15:20:00,0.0
2021-01-03 15:20:00,0.0
2021-01-03 15:20:00,0.0
2021-01-03 15:30:00,0.0
2021-01-03 15:30:00,0.0
2021-01-03 15:30:00,0.0
2021-01-03 15:30:00,0.0
2021-01-03 15:30:00,0.0
2021-01-03 15:30:00,0.0
2021-01-03 15:40:00,0.0
2021-01-03 15:40:00,0.0
2021-01-03 15:40:00,0.0
2021-01-03 15:40:00,0.0
2021-01-03 15:40:00,0.0
2021-01-03 15:40:00,0.0
2021-01-03 15:50:00,0.0
2021-01-03 15:50:00,0.0
2021-01-03 15:50:00,0.0
2021-01-03 15:50:00,0.0
2021-01-03 15:50:00,0.0
2021-01-03 15:50:00,0.0
2021-01-03 16:00:00,0.0
2021-01-03 16:00:00,0.0
2021-01-03 16:00:00,0.0
2021-01-03 16:00:00,0.0
2021-01-03 16:00:00,0.0
2021-01-03 16:00:00,0.0
2021-01-03 16:10:00,41.15
2021-01-03 16:10:00,41.15
2021-01-03 16:10:00,41.15
2021-01-03 16:10:00,41.15
2021-01-03 16:10:00,41.15
2021-01-03 16:10:00,41.15
2021-01-03 16:20:00,59.32
2021-01-03 16:20:00,59.32
2021-01-03 16:20:00,59.32
2021-01-03 16:20:00,59.32
2021-01-03 16:20:00,59.32
2021-01-03 16:20:00,59.32
2021-01-03 16:30:00,46.48
2021-01-03 16:30:00,46.48
2021-01-03 16:30:00,46.48
2021-01-03 16:30:00,46.48
2021-01-03 16:30:00,46.48
2021-01-03 16:30:00,46.48
2021-01-03 16:40:00,43.49
2021-01-03 16:40:00,43.49
2021-01-03 16:40:00,43.49
2021-01-03 16:40:00,43.49
2021-01-03 16:40:00,43.49
2021-01-03 16:40:00,43.49
2021-01-03 16:50:00,94.45
2021-01-03 16:50:00,94.45
2021-01-03 16:50:00,94.45
2021-01-03 16:50:00,94.45
2021-01-03 16:50:00,94.45
2021-01-03 16:50:00,94.45
2021-01-03 17:00:00,87.56
2021-01-03 17:00:00,87.56
2021-01-03 17:00:00,87.56
2021-01-03 17:00:00,87.56
2021-01-03 17:00:00,87.56
2021-01-03 17:00:00,87.56
2021-01-03 17:10:00,85.7
2021-01-03 17:10:00,85.7
2021-01-03 17:10:00,85.7
2021-01-03 17:10:00,85.7
2021-01-03 17:10:00,85.7
2021-01-03 17:10:00,85.7
2021-01-03 17:20:00,115.34
2021-01-03 17:20:00,115.34
2021-01-03 17:20:00,115.34
2021-01-03 17:20:00,115.34
2021-01-03 17:20:00,115.34
2021-01-03 17:20:00,115.34
2021-01-03 17:30:00,107.65
2021-01-03 17:30:00,107.65
2021-01-03 17:30:00,107.65
2021-01-03 17:30:00,107.65
2021-01-03 17:30:00,107.65
2021-01-03 17:30:00,107.65
2021-01-03 17:40:00,132.35
2021-01-03 17:40:00,132.35
2021-01-03 17:40:00,132.35
2021-01-03 17:40:00,132.35
2021-01-03 17:40:00,132.35
2021-01-03 17:40:00,132.35
2021-01-03 17:50:00,125.67
2021-01-03 17:50:00,125.67
2021-01-03 17:50:00,125.67
2021-01-03 17:50:00,125.67
2021-01-03 17:50:00,125.67
2021-01-03 17:50:00,125.67
2021-01-03 18:00:00,244.81
2021-01-03 18:00:00,244.81
2021-01-03 18:00:00,244.81
2021-01-03 18:00:00,244.81
2021-01-03 18:00:00,244.81
2021-01-03 18:00:00,244.81
2021-01-03 18:10:00,183.96
2021-01-03 18:10:00,183.96
2021-01-03 18:10:00,183.96
2021-01-03 18:10:00,183.96
2021-01-03 18:10:00,183.96
2021-01-03 18:10:00,183.96
2021-01-03 18:20:00,199.97
2021-01-03 18:20:00,199.97
2021-01-03 18:20:00,199.97
2021-01-03 18:20:00,199.97
2021-01-03 18:20:00,199.97
2021-01-03 18:20:00,199.97
2021-01-03 18:30:00,420.18
2021-01-03 18:30:00,420.18
2021-01-03 18:30:00,420.18
2021-01-03 18:30:00,420.18
2021-01-03 18:30:00,420.18
2021-01-03 18:30:00,420.18
2021-01-03 18:40:00,289.53
2021-01-03 18:40:00,289.53
2021-01-03 18:40:00,289.53
2021-01-03 18:40:00,289.53
2021-01-03 18:40:00,289.53
2021-01-03 18:40:00,289.53
2021-01-03 18:50:00,165.13
2021-01-03 18:50:00,165.13
2021-01-03 18:50:00,165.13
2021-01-03 18:50:00,165.13
2021-01-03 18:50:00,165.13
2021-01-03 18:50:00,165.13
2021-01-03 19:00:00,300.4
2021-01-03 19:00:00,300.4
2021-01-03 19:00:00,300.4
2021-01-03 19:00:00,300.4
2021-01-03 19:00:00,300.4
2021-01-03 19:00:00,300.4
2021-01-03 19:10:00,229.67
2021-01-03 19:10:00,229.67
2021-01-03 19:10:00,229.67
2021-01-03 19:10:00,229.67
2021-01-03 19:10:00,229.67
2021-01-03 19:10:00,229.67
2021-01-03 19:20:00,215.5
2021-01-03 19:20:00,215.5
2021-01-03 19:20:00,215.5
2021-01-03 19:20:00,215.5
2021-01-03 19:20:00,215.5
2021-01-03 19:20:00,215.5
2021-01-03 19:30:00,296.91
2021-01-03 19:30:00,296.91
2021-01-03 19:30:00,296.91
2021-01-03 19:30:00,296.91
2021-01-03 19:30:00,296.91
2021-01-03 19:30:00,296.91
2021-01-03 19:40:00,395.36
2021-01-03 19:40:00,395.36
2021-01-03 19:40:00,395.36
2021-01-03 19:40:00,395.36
2021-01-03 19:40:00,395.36
2021-01-03 19:40:00,395.36
2021-01-03 19:50:00,540.12
2021-01-03 19:50:00,540.12
2021-01-03 19:50:00,540.12
2021-01-03 19:50:00,540.12
2021-01-03 19:50:00,540.12
2021-01-03 19:50:00,540.12
2021-01-03 20:00:00,433.06
2021-01-03 20:00:00,433.06
2021-01-03 20:00:00,433.06
2021-01-03 20:00:00,433.06
2021-01-03 20:00:00,433.06
2021-01-03 20:00:00,433.06
2021-01-03 20:10:00,393.33
2021-01-03 20:10:00,393.33
2021-01-03 20:10:00,393.33
2021-01-03 20:10:00,393.33
2021-01-03 20:10:00,393.33
2021-01-03 20:10:00,393.33
2021-01-03 20:20:00,342.63
2021-01-03 20:20:00,342.63
2021-01-03 20:20:00,342.63
2021-01-03 20:20:00,342.63
2021-01-03 20:20:00,342.63
2021-01-03 20:20:00,342.63
2021-01-03 20:30:00,458.82
2021-01-03 20:30:00,458.82
2021-01-03 20:30:00,458.82
2021-01-03 20:30:00,458.82
2021-01-03 20:30:00,458.82
2021-01-03 20:30:00,458.82
2021-01-03 20:40:00,530.78
2021-01-03 20:40:00,530.78
2021-01-03 20:40:00,530.78
2021-01-03 20:40:00,530.78
2021-01-03 20:40:00,530.78
2021-01-03 20:40:00,530.78
2021-01-03 20:50:00,562.6
2021-01-03 20:50:00,562.6
2021-01-03 20:50:00,562.6
2021-01-03 20:50:00,562.6
2021-01-03 20:50:00,562.6
2021-01-03 20:50:00,562.6
2021-01-03 21:00:00,551.71
2021-01-03 21:00:00,551.71
2021-01-03 21:00:00,551.71
2021-01-03 21:00:00,551.71
2021-01-03 21:00:00,551.71
2021-01-03 21:00:00,551.71
2021-01-03 21:10:00,464.51
2021-01-03 21:10:00,464.51
2021-01-03 21:10:00,464.51
2021-01-03 21:10:00,464.51
2021-01-03 21:10:00,464.51
2021-01-03 21:10:00,464.51
2021-01-03 21:20:00,514.0
2021-01-03 21:20:00,514.0
2021-01-03 21:20:00,514.0
2021-01-03 21:20:00,514.0
2021-01-03 21:20:00,514.0
2021-01-03 21:20:00,514.0
2021-01-03 21:30:00,609.26
2021-01-03 21:30:00,609.26
2021-01-03 21:30:00,609.26
2021-01-03 21:30:00,609.26
2021-01-03 21:30:00,609.26
2021-01-03 21:30:00,609.26
2021-01-03 21:40:00,587.88
2021-01-03 21:40:00,587.88
2021-01-03 21:40:00,587.88
2021-01-03 21:40:00,587.88
2021-01-03 21:40:00,587.88
2021-01-03 21:40:00,587.88
2021-01-03 21:50:00,611.27
2021-01-03 21:50:00,611.27
2021-01-03 21:50:00,611.27
2021-01-03 21:50:00,611.27
2021-01-03 21:50:00,611.27
2021-01-03 21:50:00,611.27
2021-01-03 22:00:00,624.06
2021-01-03 22:00:00,624.06
2021-01-03 22:00:00,624.06
2021-01-03 22:00:00,624.06
2021-01-03 22:00:00,624.06
2021-01-03 22:00:00,624.06
2021-01-03 22:10:00,691.36
2021-01-03 22:10:00,691.36
2021-01-03 22:10:00,691.36
2021-01-03 22:10:00,691.36
2021-01-03 22:10:00,691.36
2021-01-03 22:10:00,691.36
2021-01-03 22:20:00,719.33
2021-01-03 22:20:00,719.33
2021-01-03 22:20:00,719.33
2021-01-03 22:20:00,719.33
2021-01-03 22:20:00,719.33
2021-01-03 22:20:00,719.33
2021-01-03 22:30:00,738.21
2021-01-03 22:30:00,738.21
2021-01-03 22:30:00,738.21
2021-01-03 22:30:00,738.21
2021-01-03 22:30:00,738.21
2021-01-03 22:30:00,738.21
2021-01-03 22:40:00,743.13
2021-01-03 22:40:00,743.13
2021-01-03 22:40:00,743.13
2021-01-03 22:40:00,743.13
2021-01-03 22:40:00,743.13
2021-01-03 22:40:00,743.13
2021-01-03 22:50:00,688.5
2021-01-03 22:50:00,688.5
2021-01-03 22:50:00,688.5
2021-01-03 22:50:00,688.5
2021-01-03 22:50:00,688.5
2021-01-03 22:50:00,688.5
2021-01-03 23:00:00,686.94
2021-01-03 23:00:00,686.94
2021-01-03 23:00:00,686.94
2021-01-03 23:00:00,686.94
2021-01-03 23:00:00,686.94
2021-01-03 23:00:00,686.94
2021-01-03 23:10:00,594.11
2021-01-03 23:10:00,594.11
2021-01-03 23:10:00,594.11
2021-01-03 23:10:00,594.11
2021-01-03 23:10:00,594.11
2021-01-03 23:10:00,594.11
2021-01-03 23:20:00,597.54
2021-01-03 23:20:00,597.54
2021-01-03 23:20:00,597.54
2021-01-03 23:20:00,597.54
2021-01-03 23:20:00,597.54
2021-01-03 23:20:00,597.54
2021-01-03 23:30:00,830.1
2021-01-03 23:30:00,830.1
2021-01-03 23:30:00,830.1
2021-01-03 23:30:00,830.1
2021-01-03 23:30:00,830.1
2021-01-03 23:30:00,830.1
2021-01-03 23:40:00,739.86
2021-01-03 23:40:00,739.86
2021-01-03 23:40:00,739.86
2021-01-03 23:40:00,739.86
2021-01-03 23:40:00,739.86
2021-01-03 23:40:00,739.86
2021-01-03 23:50:00,746.34
2021-01-03 23:50:00,746.34
2021-01-03 23:50:00,746.34
2021-01-03 23:50:00,746.34
2021-01-03 23:50:00,746.34
2021-01-03 23:50:00,746.34
2021-01-04 00:00:00,643.5
2021-01-04 00:00:00,643.5
2021-01-04 00:00:00,643.5
2021-01-04 00:00:00,643.5
2021-01-04 00:00:00,643.5
2021-01-04 00:00:00,643.5
2021-01-04 00:10:00,1016.56
2021-01-04 00:10:00,1016.56
2021-01-04 00:10:00,1016.56
2021-01-04 00:10:00,1016.56
2021-01-04 00:10:00,1016.56
2021-01-04 00:10:00,1016.56
2021-01-04 00:20:00,1066.16
2021-01-04 00:20:00,1066.16
2021-01-04 00:20:00,1066.16
2021-01-04 00:20:00,1066.16
2021-01-04 00:20:00,1066.16
2021-01-04 00:20:00,1066.16
2021-01-04 00:30:00,871.25
2021-01-04 00:30:00,871.25
2021-01-04 00:30:00,871.25
2021-01-04 00:30:00,871.25
2021-01-04 00:30:00,871.25
2021-01-04 00:30:00,871.25
2021-01-04 00:40:00,898.51
2021-01-04 00:40:00,898.51
2021-01-04 00:40:00,898.51
2021-01-04 00:40:00,898.51
2021-01-04 00:40:00,898.51
2021-01-04 00:40:00,898.51
2021-01-04 00:50:00,1001.24
2021-01-04 00:50:00,1001.24
2021-01-04 00:50:00,1001.24
2021-01-04 00:50:00,1001.24
2021-01-04 00:50:00,1001.24
2021-01-04 00:50:00,1001.24
2021-01-04 01:00:00,872.45
2021-01-04 01:00:00,872.45
2021-01-04 01:00:00,872.45
2021-01-04 01:00:00,872.45
2021-01-04 01:00:00,872.45
2021-01-04 01:00:00,872.45
2021-01-04 01:10:00,889.54
2021-01-04 01:10:00,889.54
2021-01-04 01:10:00,889.54
2021-01-04 01:10:00,889.54
2021-01-04 01:10:00,889.54
2021-01-04 01:10:00,889.54
2021-01-04 01:20:00,919.88
2021-01-04 01:20:00,919.88
2021-01-04 01:20:00,919.88
2021-01-04 01:20:00,919.88
2021-01-04 01:20:00,919.88
2021-01-04 01:20:00,919.88
2021-01-04 01:30:00,1080.97
2021-01-04 01:30:00,1080.97
2021-01-04 01:30:00,1080.97
2021-01-04 01:30:00,1080.97
2021-01-04 01:30:00,1080.97
2021-01-04 01:30:00,1080.97
2021-01-04 01:40:00,962.7
2021-01-04 01:40:00,962.7
2021-01-04 01:40:00,962.7
2021-01-04 01:40:00,962.7
2021-01-04 01:40:00,962.7
2021-01-04 01:40:00,962.7
2021-01-04 01:50:00,952.22
2021-01-04 01:50:00,952.22
2021-01-04 01:50:00,952.22
2021-01-04 01:50:00,952.22
2021-01-04 01:50:00,952.22
2021-01-04 01:50:00,952.22
2021-01-04 02:00:00,878.44
2021-01-04 02:00:00,878.44
2021-01-04 02:00:00,878.44
2021-01-04 02:00:00,878.44
2021-01-04 02:00:00,878.44
2021-01-04 02:00:00,878.44
2021-01-04 02:10:00,970.4
2021-01-04 02:10:00,970.4
2021-01-04 02:10:00,970.4
2021-01-04 02:10:00,970.4
2021-01-04 02:10:00,970.4
2021-01-04 02:10:00,970.4
2021-01-04 02:20:00,628.45
2021-01-04 02:20:00,628.45
2021-01-04 02:20:00,628.45
2021-01-04 02:20:00,628.45
2021-01-04 02:20:00,628.45
2021-01-04 02:20:00,628.45
2021-01-04 02:30:00,689.05
2021-01-04 02:30:00,689.05
2021-01-04 02:30:00,689.05
2021-01-04 02:30:00,689.05
2021-01-04 02:30:00,689.05
2021-01-04 02:30:00,689.05
2021-01-04 02:40:00,713.01
2021-01-04 02:40:00,713.01
2021-01-04 02:40:00,713.01
2021-01-04 02:40:00,713.01
2021-01-04 02:40:00,713.01
2021-01-04 02:40:00,713.01
2021-01-04 02:50:00,604.62
2021-01-04 02:50:00,604.62
2021-01-04 02:50:00,604.62
2021-01-04 02:50:00,604.62
2021-01-04 02:50:00,604.62
2021-01-04 02:50:00,604.62
2021-01-04 03:00:00,702.33
2021-01-04 03:00:00,702.33
2021-01-04 03:00:00,702.33
2021-01-04 03:00:00,702.33
2021-01-04 03:00:00,702.33
2021-01-04 03:00:00,702.33
2021-01-04 03:10:00,704.67
2021-01-04 03:10:00,704.67
2021-01-04 03:10:00,704.67
2021-01-04 03:10:00,704.67
2021-01-04 03:10:00,704.67
2021-01-04 03:10:00,704.67
2021-01-04 03:20:00,684.19
2021-01-04 03:20:00,684.19
2021-01-04 03:20:00,684.19
2021-01-04 03:20:00,684.19
2021-01-04 03:20:00,684.19
2021-01-04 03:20:00,684.19
2021-01-04 03:30:00,650.75
2021-01-04 03:30:00,650.75
2021-01-04 03:30:00,650.75
2021-01-04 03:30:00,650.75
2021-01-04 03:30:00,650.75
2021-01-04 03:30:00,650.75
2021-01-04 03:40:00,658.91
2021-01-04 03:40:00,658.91
2021-01-04 03:40:00,658.91
2021-01-04 03:40:00,658.91
2021-01-04 03:40:00,658.91
2021-01-04 03:40:00,658.91
2021-01-04 03:50:00,654.91
2021-01-04 03:50:00,654.91
2021-01-04 03:50:00,654.91
2021-01-04 03:50:00,654.91
2021-01-04 03:50:00,654.91
2021-01-04 03:50:00,654.91
2021-01-04 04:00:00,715.71
2021-01-04 04:00:00,715.71
2021-01-04 04:00:00,715.71
2021-01-04 04:00:00,715.71
2021-01-04 04:00:00,715.71
2021-01-04 04:00:00,715.71
2021-01-04 04:10:00,647.13
2021-01-04 04:10:00,647.13
2021-01-04 04:10:00,647.13
2021-01-04 04:10:00,647.13
2021-01-04 04:10:00,647.13
2021-01-04 04:10:00,647.13
2021-01-04 04:20:00,555.41
2021-01-04 04:20:00,555.41
2021-01-04 04:20:00,555.41
2021-01-04 04:20:00,555.41
2021-01-04 04:20:00,555.41
2021-01-04 04:20:00,555.41
2021-01-04 04:30:00,555.68
2021-01-04 04:30:00,555.68
2021-01-04 04:30:00,555.68
2021-01-04 04:30:00,555.68
2021-01-04 04:30:00,555.68
2021-01-04 04:30:00,555.68
2021-01-04 04:40:00,585.93
2021-01-04 04:40:00,585.93
2021-01-04 04:40:00,585.93
2021-01-04 04:40:00,585.93
2021-01-04 04:40:00,585.93
2021-01-04 04:40:00,585.93
2021-01-04 04:50:00,514.16
2021-01-04 04:50:00,514.16
2021-01-04 04:50:00,514.16
2021-01-04 04:50:00,514.16
2021-01-04 04:50:00,514.16
2021-01-04 04:50:00,514.16
2021-01-04 05:00:00,465.68
2021-01-04 05:00:00,465.68
2021-01-04 05:00:00,465.68
2021-01-04 05:00:00,465.68
2021-01-04 05:00:00,465.68
2021-01-04 05:00:00,465.68
2021-01-04 05:10:00,480.6
2021-01-04 05:10:00,480.6
2021-01-04 05:10:00,480.6
2021-01-04 05:10:00,480.6
2021-01-04 05:10:00,480.6
2021-01-04 05:10:00,480.6
2021-01-04 05:20:00,364.11
2021-01-04 05:20:00,364.11
2021-01-04 05:20:00,364.11
2021-01-04 05:20:00,364.11
2021-01-04 05:20:00,364.11
2021-01-04 05:20:00,364.11
2021-01-04 05:30:00,328.83
2021-01-04 05:30:00,328.83
2021-01-04 05:30:00,328.83
2021-01-04 05:30:00,328.83
2021-01-04 05:30:00,328.83
2021-01-04 05:30:00,328.83
2021-01-04 05:40:00,154.77
2021-01-04 05:40:00,154.77
2021-01-04 05:40:00,154.77
2021-01-04 05:40:00,154.77
2021-01-04 05:40:00,154.77
2021-01-04 05:40:00,154.77
2021-01-04 05:50:00,131.32
2021-01-04 05:50:00,131.32
2021-01-04 05:50:00,131.32
2021-01-04 05:50:00,131.32
2021-01-04 05:50:00,131.32
2021-01-04 05:50:00,131.32
2021-01-04 06:00:00,109.85
2021-01-04 06:00:00,109.85
2021-01-04 06:00:00,109.85
2021-01-04 06:00:00,109.85
2021-01-04 06:00:00,109.85
2021-01-04 06:00:00,109.85
2021-01-04 06:10:00,111.37
2021-01-04 06:10:00,111.37
2021-01-04 06:10:00,111.37
2021-01-04 06:10:00,111.37
2021-01-04 06:10:00,111.37
2021-01-04 06:10:00,111.37
2021-01-04 06:20:00,106.11
2021-01-04 06:20:00,106.11
2021-01-04 06:20:00,106.11
2021-01-04 06:20:00,106.11
2021-01-04 06:20:00,106.11
2021-01-04 06:20:00,106.11
2021-01-04 06:30:00,234.07
2021-01-04 06:30:00,234.07
2021-01-04 06:30:00,234.07
2021-01-04 06:30:00,234.07
2021-01-04 06:30:00,234.07
2021-01-04 06:30:00,234.07
2021-01-04 06:40:00,236.06
2021-01-04 06:40:00,236.06
2021-01-04 06:40:00,236.06
2021-01-04 06:40:00,236.06
2021-01-04 06:40:00,236.06
2021-01-04 06:40:00,236.06
2021-01-04 06:50:00,306.53
2021-01-04 06:50:00,306.53
2021-01-04 06:50:00,306.53
2021-01-04 06:50:00,306.53
2021-01-04 06:50:00,306.53
2021-01-04 06:50:00,306.53
2021-01-04 07:00:00,216.92
2021-01-04 07:00:00,216.92
2021-01-04 07:00:00,216.92
2021-01-04 07:00:00,216.92
2021-01-04 07:00:00,216.92
2021-01-04 07:00:00,216.92
2021-01-04 07:10:00,248.13
2021-01-04 07:10:00,248.13
2021-01-04 07:10:00,248.13
2021-01-04 07:10:00,248.13
2021-01-04 07:10:00,248.13
2021-01-04 07:10:00,248.13
2021-01-04 07:20:00,269.41
2021-01-04 07:20:00,269.41
2021-01-04 07:20:00,269.41
2021-01-04 07:20:00,269.41
2021-01-04 07:20:00,269.41
2021-01-04 07:20:00,269.41
2021-01-04 07:30:00,364.39
2021-01-04 07:30:00,364.39
2021-01-04 07:30:00,364.39
2021-01-04 07:30:00,364.39
2021-01-04 07:30:00,364.39
2021-01-04 07:30:00,364.39
2021-01-04 07:40:00,390.95
2021-01-04 07:40:00,390.95
2021-01-04 07:40:00,390.95
2021-01-04 07:40:00,390.95
2021-01-04 07:40:00,390.95
2021-01-04 07:40:00,390.95
2021-01-04 07:50:00,306.18
2021-01-04 07:50:00,306.18
2021-01-04 07:50:00,306.18
2021-01-04 07:50:00,306.18
2021-01-04 07:50:00,306.18
2021-01-04 07:50:00,306.18
2021-01-04 08:00:00,414.95
2021-01-04 08:00:00,414.95
2021-01-04 08:00:00,414.95
2021-01-04 08:00:00,414.95
2021-01-04 08:00:00,414.95
2021-01-04 08:00:00,414.95
2021-01-04 08:10:00,615.25
2021-01-04 08:10:00,615.25
2021-01-04 08:10:00,615.25
2021-01-04 08:10:00,615.25
2021-01-04 08:10:00,615.25
2021-01-04 08:10:00,615.25
2021-01-04 08:20:00,644.78
2021-01-04 08:20:00,644.78
2021-01-04 08:20:00,644.78
2021-01-04 08:20:00,644.78
2021-01-04 08:20:00,644.78
2021-01-04 08:20:00,644.78
2021-01-04 08:30:00,564.03
2021-01-04 08:30:00,564.03
2021-01-04 08:30:00,564.03
2021-01-04 08:30:00,564.03
2021-01-04 08:30:00,564.03
2021-01-04 08:30:00,564.03
2021-01-04 08:40:00,715.86
2021-01-04 08:40:00,715.86
2021-01-04 08:40:00,715.86
2021-01-04 08:40:00,715.86
2021-01-04 08:40:00,715.86
2021-01-04 08:40:00,715.86
2021-01-04 08:50:00,623.02
2021-01-04 08:50:00,623.02
2021-01-04 08:50:00,623.02
2021-01-04 08:50:00,623.02
2021-01-04 08:50:00,623.02
2021-01-04 08:50:00,623.02
2021-01-04 09:00:00,592.5
2021-01-04 09:00:00,592.5
2021-01-04 09:00:00,592.5
2021-01-04 09:00:00,592.5
2021-01-04 09:00:00,592.5
2021-01-04 09:00:00,592.5
2021-01-04 09:10:00,539.12
2021-01-04 09:10:00,539.12
2021-01-04 09:10:00,539.12
2021-01-04 09:10:00,539.12
2021-01-04 09:10:00,539.12
2021-01-04 09:10:00,539.12
2021-01-04 09:20:00,466.02
2021-01-04 09:20:00,466.02
2021-01-04 09:20:00,466.02
2021-01-04 09:20:00,466.02
2021-01-04 09:20:00,466.02
2021-01-04 09:20:00,466.02
2021-01-04 09:30:00,571.78
2021-01-04 09:30:00,571.78
2021-01-04 09:30:00,571.78
2021-01-04 09:30:00,571.78
2021-01-04 09:30:00,571.78
2021-01-04 09:30:00,571.78
2021-01-04 09:40:00,636.93
2021-01-04 09:40:00,636.93
2021-01-04 09:40:00,636.93
2021-01-04 09:40:00,636.93
2021-01-04 09:40:00,636.93
2021-01-04 09:40:00,636.93
2021-01-04 09:50:00,721.79
2021-01-04 09:50:00,721.79
2021-01-04 09:50:00,721.79
2021-01-04 09:50:00,721.79
2021-01-04 09:50:00,721.79
2021-01-04 09:50:00,721.79
2021-01-04 10:00:00,654.01
2021-01-04 10:00:00,654.01
2021-01-04 10:00:00,654.01
2021-01-04 10:00:00,654.01
2021-01-04 10:00:00,654.01
2021-01-04 10:00:00,654.01
2021-01-04 10:10:00,440.14
2021-01-04 10:10:00,440.14
2021-01-04 10:10:00,440.14
2021-01-04 10:10:00,440.14
2021-01-04 10:10:00,440.14
2021-01-04 10:10:00,440.14
2021-01-04 10:20:00,233.98
2021-01-04 10:20:00,233.98
2021-01-04 10:20:00,233.98
2021-01-04 10:20:00,233.98
2021-01-04 10:20:00,233.98
2021-01-04 10:20:00,233.98
2021-01-04 10:30:00,258.96
2021-01-04 10:30:00,258.96
2021-01-04 10:30:00,258.96
2021-01-04 10:30:00,258.96
2021-01-04 10:30:00,258.96
2021-01-04 10:30:00,258.96
2021-01-04 10:40:00,314.02
2021-01-04 10:40:00,314.02
2021-01-04 10:40:00,314.02
2021-01-04 10:40:00,314.02
2021-01-04 10:40:00,314.02
2021-01-04 10:40:00,314.02
2021-01-04 10:50:00,304.24
2021-01-04 10:50:00,304.24
2021-01-04 10:50:00,304.24
2021-01-04 10:50:00,304.24
2021-01-04 10:50:00,304.24
2021-01-04 10:50:00,304.24
2021-01-04 11:00:00,244.26
2021-01-04 11:00:00,244.26
2021-01-04 11:00:00,244.26
2021-01-04 11:00:00,244.26
2021-01-04 11:00:00,244.26
2021-01-04 11:00:00,244.26
2021-01-04 11:10:00,195.19
2021-01-04 11:10:00,195.19
2021-01-04 11:10:00,195.19
2021-01-04 11:10:00,195.19
2021-01-04 11:10:00,195.19
2021-01-04 11:10:00,195.19
2021-01-04 11:20:00,202.7
2021-01-04 11:20:00,202.7
2021-01-04 11:20:00,202.7
2021-01-04 11:20:00,202.7
2021-01-04 11:20:00,202.7
2021-01-04 11:20:00,202.7
2021-01-04 11:30:00,248.86
2021-01-04 11:30:00,248.86
2021-01-04 11:30:00,248.86
2021-01-04 11:30:00,248.86
2021-01-04 11:30:00,248.86
2021-01-04 11:30:00,248.86
2021-01-04 11:40:00,398.09
2021-01-04 11:40:00,398.09
2021-01-04 11:40:00,398.09
2021-01-04 11:40:00,398.09
2021-01-04 11:40:00,398.09
2021-01-04 11:40:00,398.09
2021-01-04 11:50:00,470.48
2021-01-04 11:50:00,470.48
2021-01-04 11:50:00,470.48
2021-01-04 11:50:00,470.48
2021-01-04 11:50:00,470.48
2021-01-04 11:50:00,470.48
2021-01-04 12:00:00,479.32
2021-01-04 12:00:00,479.32
2021-01-04 12:00:00,479.32
2021-01-04 12:00:00,479.32
2021-01-04 12:00:00,479.32
2021-01-04 12:00:00,479.32
2021-01-04 12:10:00,406.79
2021-01-04 12:10:00,406.79
2021-01-04 12:10:00,406.79
2021-01-04 12:10:00,406.79
2021-01-04 12:10:00,406.79
2021-01-04 12:10:00,406.79
2021-01-04 12:20:00,454.87
2021-01-04 12:20:00,454.87
2021-01-04 12:20:00,454.87
2021-01-04 12:20:00,454.87
2021-01-04 12:20:00,454.87
2021-01-04 12:20:00,454.87
2021-01-04 12:30:00,472.11
2021-01-04 12:30:00,472.11
2021-01-04 12:30:00,472.11
2021-01-04 12:30:00,472.11
2021-01-04 12:30:00,472.11
2021-01-04 12:30:00,472.11
2021-01-04 12:40:00,406.99
2021-01-04 12:40:00,406.99
2021-01-04 12:40:00,406.99
2021-01-04 12:40:00,406.99
2021-01-04 12:40:00,406.99
2021-01-04 12:40:00,406.99
2021-01-04 12:50:00,579.24
2021-01-04 12:50:00,579.24
2021-01-04 12:50:00,579.24
2021-01-04 12:50:00,579.24
2021-01-04 12:50:00,579.24
2021-01-04 12:50:00,579.24
2021-01-04 13:00:00,460.47
2021-01-04 13:00:00,460.47
2021-01-04 13:00:00,460.47
2021-01-04 13:00:00,460.47
2021-01-04 13:00:00,460.47
2021-01-04 13:00:00,460.47
2021-01-04 13:10:00,547.09
2021-01-04 13:10:00,547.09
2021-01-04 13:10:00,547.09
2021-01-04 13:10:00,547.09
2021-01-04 13:10:00,547.09
2021-01-04 13:10:00,547.09
2021-01-04 13:20:00,532.34
2021-01-04 13:20:00,532.34
2021-01-04 13:20:00,532.34
2021-01-04 13:20:00,532.34
2021-01-04 13:20:00,532.34
2021-01-04 13:20:00,532.34
2021-01-04 13:30:00,466.79
2021-01-04 13:30:00,466.79
2021-01-04 13:30:00,466.79
2021-01-04 13:30:00,466.79
2021-01-04 13:30:00,466.79
2021-01-04 13:30:00,466.79
2021-01-04 13:40:00,535.2
2021-01-04 13:40:00,535.2
2021-01-04 13:40:00,535.2
2021-01-04 13:40:00,535.2
2021-01-04 13:40:00,535.2
2021-01-04 13:40:00,535.2
2021-01-04 13:50:00,430.38
2021-01-04 13:50:00,430.38
2021-01-04 13:50:00,430.38
2021-01-04 13:50:00,430.38
2021-01-04 13:50:00,430.38
2021-01-04 13:50:00,430.38
2021-01-04 14:00:00,383.88
2021-01-04 14:00:00,383.88
2021-01-04 14:00:00,383.88
2021-01-04 14:00:00,383.88
2021-01-04 14:00:00,383.88
2021-01-04 14:00:00,383.88
2021-01-04 14:10:00,359.59
2021-01-04 14:10:00,359.59
2021-01-04 14:10:00,359.59
2021-01-04 14:10:00,359.59
2021-01-04 14:10:00,359.59
2021-01-04 14:10:00,359.59
2021-01-04 14:20:00,389.79
2021-01-04 14:20:00,389.79
2021-01-04 14:20:00,389.79
2021-01-04 14:20:00,389.79
2021-01-04 14:20:00,389.79
2021-01-04 14:20:00,389.79
2021-01-04 14:30:00,410.69
2021-01-04 14:30:00,410.69
2021-01-04 14:30:00,410.69
2021-01-04 14:30:00,410.69
2021-01-04 14:30:00,410.69
2021-01-04 14:30:00,410.69
2021-01-04 14:40:00,407.57
2021-01-04 14:40:00,407.57
2021-01-04 14:40:00,407.57
2021-01-04 14:40:00,407.57
2021-01-04 14:40:00,407.57
2021-01-04 14:40:00,407.57
2021-01-04 14:50:00,425.74
2021-01-04 14:50:00,425.74
2021-01-04 14:50:00,425.74
2021-01-04 14:50:00,425.74
2021-01-04 14:50:00,425.74
2021-01-04 14:50:00,425.74
2021-01-04 15:00:00,426.92
2021-01-04 15:00:00,426.92
2021-01-04 15:00:00,426.92
2021-01-04 15:00:00,426.92
2021-01-04 15:00:00,426.92
2021-01-04 15:00:00,426.92
2021-01-04 15:10:00,338.78
2021-01-04 15:10:00,338.78
2021-01-04 15:10:00,338.78
2021-01-04 15:10:00,338.78
2021-01-04 15:10:00,338.78
2021-01-04 15:10:00,338.78
2021-01-04 15:20:00,308.99
2021-01-04 15:20:00,308.99
2021-01-04 15:20:00,308.99
2021-01-04 15:20:00,308.99
2021-01-04 15:20:00,308.99
2021-01-04 15:20:00,308.99
2021-01-04 15:30:00,299.1
2021-01-04 15:30:00,299.1
2021-01-04 15:30:00,299.1
2021-01-04 15:30:00,299.1
2021-01-04 15:30:00,299.1
2021-01-04 15:30:00,299.1
2021-01-04 15:40:00,276.24
2021-01-04 15:40:00,276.24
2021-01-04 15:40:00,276.24
2021-01-04 15:40:00,276.24
2021-01-04 15:40:00,276.24
2021-01-04 15:40:00,276.24
2021-01-04 15:50:00,264.69
2021-01-04 15:50:00,264.69
2021-01-04 15:50:00,264.69
2021-01-04 15:50:00,264.69
2021-01-04 15:50:00,264.69
2021-01-04 15:50:00,264.69
2021-01-04 16:00:00,250.03
2021-01-04 16:00:00,250.03
2021-01-04 16:00:00,250.03
2021-01-04 16:00:00,250.03
2021-01-04 16:00:00,250.03
2021-01-04 16:00:00,250.03
2021-01-04 16:10:00,272.32
2021-01-04 16:10:00,272.32
2021-01-04 16:10:00,272.32
2021-01-04 16:10:00,272.32
2021-01-04 16:10:00,272.32
2021-01-04 16:10:00,272.32
2021-01-04 16:20:00,176.97
2021-01-04 16:20:00,176.97
2021-01-04 16:20:00,176.97
2021-01-04 16:20:00,176.97
2021-01-04 16:20:00,176.97
2021-01-04 16:20:00,176.97
2021-01-04 16:30:00,185.03
2021-01-04 16:30:00,185.03
2021-01-04 16:30:00,185.03
2021-01-04 16:30:00,185.03
2021-01-04 16:30:00,185.03
2021-01-04 16:30:00,185.03
2021-01-04 16:40:00,208.22
2021-01-04 16:40:00,208.22
2021-01-04 16:40:00,208.22
2021-01-04 16:40:00,208.22
2021-01-04 16:40:00,208.22
2021-01-04 16:40:00,208.22
2021-01-04 16:50:00,242.58
2021-01-04 16:50:00,242.58
2021-01-04 16:50:00,242.58
2021-01-04 16:50:00,242.58
2021-01-04 16:50:00,242.58
2021-01-04 16:50:00,242.58
2021-01-04 17:00:00,257.53
2021-01-04 17:00:00,257.53
2021-01-04 17:00:00,257.53
2021-01-04 17:00:00,257.53
2021-01-04 17:00:00,257.53
2021-01-04 17:00:00,257.53
2021-01-04 17:10:00,190.76
2021-01-04 17:10:00,190.76
2021-01-04 17:10:00,190.76
2021-01-04 17:10:00,190.76
2021-01-04 17:10:00,190.76
2021-01-04 17:10:00,190.76
2021-01-04 17:20:00,189.44
2021-01-04 17:20:00,189.44
2021-01-04 17:20:00,189.44
2021-01-04 17:20:00,189.44
2021-01-04 17:20:00,189.44
2021-01-04 17:20:00,189.44
2021-01-04 17:30:00,166.22
2021-01-04 17:30:00,166.22
2021-01-04 17:30:00,166.22
2021-01-04 17:30:00,166.22
2021-01-04 17:30:00,166.22
2021-01-04 17:30:00,166.22
2021-01-04 17:40:00,119.68
2021-01-04 17:40:00,119.68
2021-01-04 17:40:00,119.68
2021-01-04 17:40:00,119.68
2021-01-04 17:40:00,119.68
2021-01-04 17:40:00,119.68
2021-01-04 17:50:00,154.79
2021-01-04 17:50:00,154.79
2021-01-04 17:50:00,154.79
2021-01-04 17:50:00,154.79
2021-01-04 17:50:00,154.79
2021-01-04 17:50:00,154.79
2021-01-04 18:00:00,148.01
2021-01-04 18:00:00,148.01
2021-01-04 18:00:00,148.01
2021-01-04 18:00:00,148.01
2021-01-04 18:00:00,148.01
2021-01-04 18:00:00,148.01
2021-01-04 18:10:00,81.89
2021-01-04 18:10:00,81.89
2021-01-04 18:10:00,81.89
2021-01-04 18:10:00,81.89
2021-01-04 18:10:00,81.89
2021-01-04 18:10:00,81.89
2021-01-04 18:20:00,86.35
2021-01-04 18:20:00,86.35
2021-01-04 18:20:00,86.35
2021-01-04 18:20:00,86.35
2021-01-04 18:20:00,86.35
2021-01-04 18:20:00,86.35
2021-01-04 18:30:00,101.6
2021-01-04 18:30:00,101.6
2021-01-04 18:30:00,101.6
2021-01-04 18:30:00,101.6
2021-01-04 18:30:00,101.6
2021-01-04 18:30:00,101.6
2021-01-04 18:40:00,184.73
2021-01-04 18:40:00,184.73
2021-01-04 18:40:00,184.73
2021-01-04 18:40:00,184.73
2021-01-04 18:40:00,184.73
2021-01-04 18:40:00,184.73
2021-01-04 18:50:00,189.1
2021-01-04 18:50:00,189.1
2021-01-04 18:50:00,189.1
2021-01-04 18:50:00,189.1
2021-01-04 18:50:00,189.1
2021-01-04 18:50:00,189.1
2021-01-04 19:00:00,161.37
2021-01-04 19:00:00,161.37
2021-01-04 19:00:00,161.37
2021-01-04 19:00:00,161.37
2021-01-04 19:00:00,161.37
2021-01-04 19:00:00,161.37
2021-01-04 19:10:00,134.45
2021-01-04 19:10:00,134.45
2021-01-04 19:10:00,134.45
2021-01-04 19:10:00,134.45
2021-01-04 19:10:00,134.45
2021-01-04 19:10:00,134.45
2021-01-04 19:20:00,86.74
2021-01-04 19:20:00,86.74
2021-01-04 19:20:00,86.74
2021-01-04 19:20:00,86.74
2021-01-04 19:20:00,86.74
2021-01-04 19:20:00,86.74
2021-01-04 19:30:00,154.03
2021-01-04 19:30:00,154.03
2021-01-04 19:30:00,154.03
2021-01-04 19:30:00,154.03
2021-01-04 19:30:00,154.03
2021-01-04 19:30:00,154.03
2021-01-04 19:40:00,62.55
2021-01-04 19:40:00,62.55
2021-01-04 19:40:00,62.55
2021-01-04 19:40:00,62.55
2021-01-04 19:40:00,62.55
2021-01-04 19:40:00,62.55
2021-01-04 19:50:00,116.05
2021-01-04 19:50:00,116.05
2021-01-04 19:50:00,116.05
2021-01-04 19:50:00,116.05
2021-01-04 19:50:00,116.05
2021-01-04 19:50:00,116.05
2021-01-04 20:00:00,108.58
2021-01-04 20:00:00,108.58
2021-01-04 20:00:00,108.58
2021-01-04 20:00:00,108.58
2021-01-04 20:00:00,108.58
2021-01-04 20:00:00,108.58
2021-01-04 20:10:00,135.13
2021-01-04 20:10:00,135.13
2021-01-04 20:10:00,135.13
2021-01-04 20:10:00,135.13
2021-01-04 20:10:00,135.13
2021-01-04 20:10:00,135.13
2021-01-04 20:20:00,134.57
2021-01-04 20:20:00,134.57
2021-01-04 20:20:00,134.57
2021-01-04 20:20:00,134.57
2021-01-04 20:20:00,134.57
2021-01-04 20:20:00,134.57
2021-01-04 20:30:00,121.51
2021-01-04 20:30:00,121.51
2021-01-04 20:30:00,121.51
2021-01-04 20:30:00,121.51
2021-01-04 20:30:00,121.51
2021-01-04 20:30:00,121.51
2021-01-04 20:40:00,120.38
2021-01-04 20:40:00,120.38
2021-01-04 20:40:00,120.38
2021-01-04 20:40:00,120.38
2021-01-04 20:40:00,120.38
2021-01-04 20:40:00,120.38
2021-01-04 20:50:00,140.66
2021-01-04 20:50:00,140.66
2021-01-04 20:50:00,140.66
2021-01-04 20:50:00,140.66
2021-01-04 20:50:00,140.66
2021-01-04 20:50:00,140.66
2021-01-04 21:00:00,126.25
2021-01-04 21:00:00,126.25
2021-01-04 21:00:00,126.25
2021-01-04 21:00:00,126.25
2021-01-04 21:00:00,126.25
2021-01-04 21:00:00,126.25
2021-01-04 21:10:00,120.35
2021-01-04 21:10:00,120.35
2021-01-04 21:10:00,120.35
2021-01-04 21:10:00,120.35
2021-01-04 21:10:00,120.35
2021-01-04 21:10:00,120.35
2021-01-04 21:20:00,104.68
2021-01-04 21:20:00,104.68
2021-01-04 21:20:00,104.68
2021-01-04 21:20:00,104.68
2021-01-04 21:20:00,104.68
2021-01-04 21:20:00,104.68
2021-01-04 21:30:00,121.76
2021-01-04 21:30:00,121.76
2021-01-04 21:30:00,121.76
2021-01-04 21:30:00,121.76
2021-01-04 21:30:00,121.76
2021-01-04 21:30:00,121.76
2021-01-04 21:40:00,95.68
2021-01-04 21:40:00,95.68
2021-01-04 21:40:00,95.68
2021-01-04 21:40:00,95.68
2021-01-04 21:40:00,95.68
2021-01-04 21:40:00,95.68
2021-01-04 21:50:00,75.45
2021-01-04 21:50:00,75.45
2021-01-04 21:50:00,75.45
2021-01-04 21:50:00,75.45
2021-01-04 21:50:00,75.45
2021-01-04 21:50:00,75.45
2021-01-04 22:00:00,86.03
2021-01-04 22:00:00,86.03
2021-01-04 22:00:00,86.03
2021-01-04 22:00:00,86.03
2021-01-04 22:00:00,86.03
2021-01-04 22:00:00,86.03
2021-01-04 22:10:00,68.76
2021-01-04 22:10:00,68.76
2021-01-04 22:10:00,68.76
2021-01-04 22:10:00,68.76
2021-01-04 22:10:00,68.76
2021-01-04 22:10:00,68.76
2021-01-04 22:20:00,75.55
2021-01-04 22:20:00,75.55
2021-01-04 22:20:00,75.55
2021-01-04 22:20:00,75.55
2021-01-04 22:20:00,75.55
2021-01-04 22:20:00,75.55
2021-01-04 22:30:00,83.43
2021-01-04 22:30:00,83.43
2021-01-04 22:30:00,83.43
2021-01-04 22:30:00,83.43
2021-01-04 22:30:00,83.43
2021-01-04 22:30:00,83.43
2021-01-04 22:40:00,61.21
2021-01-04 22:40:00,61.21
2021-01-04 22:40:00,61.21
2021-01-04 22:40:00,61.21
2021-01-04 22:40:00,61.21
2021-01-04 22:40:00,61.21
2021-01-04 22:50:00,63.02
2021-01-04 22:50:00,63.02
2021-01-04 22:50:00,63.02
2021-01-04 22:50:00,63.02
2021-01-04 22:50:00,63.02
2021-01-04 22:50:00,63.02
2021-01-04 23:00:00,53.13
2021-01-04 23:00:00,53.13
2021-01-04 23:00:00,53.13
2021-01-04 23:00:00,53.13
2021-01-04 23:00:00,53.13
2021-01-04 23:00:00,53.13
2021-01-04 23:10:00,28.13
2021-01-04 23:10:00,28.13
2021-01-04 23:10:00,28.13
2021-01-04 23:10:00,28.13
2021-01-04 23:10:00,28.13
2021-01-04 23:10:00,28.13
2021-01-04 23:20:00,36.16
2021-01-04 23:20:00,36.16
2021-01-04 23:20:00,36.16
2021-01-04 23:20:00,36.16
2021-01-04 23:20:00,36.16
2021-01-04 23:20:00,36.16
2021-01-04 23:30:00,13.25
2021-01-04 23:30:00,13.25
2021-01-04 23:30:00,13.25
2021-01-04 23:30:00,13.25
2021-01-04 23:30:00,13.25
2021-01-04 23:30:00,13.25
2021-01-04 23:40:00,4.96
2021-01-04 23:40:00,4.96
2021-01-04 23:40:00,4.96
2021-01-04 23:40:00,4.96
2021-01-04 23:40:00,4.96
2021-01-04 23:40:00,4.96
2021-01-04 23:50:00,0.0
2021-01-04 23:50:00,0.0
2021-01-04 23:50:00,0.0
2021-01-04 23:50:00,0.0
2021-01-04 23:50:00,0.0
2021-01-04 23:50:00,0.0
2021-01-05 00:00:00,0.0
2021-01-05 00:00:00,0.0
2021-01-05 00:00:00,0.0
2021-01-05 00:00:00,0.0
2021-01-05 00:00:00,0.0
2021-01-05 00:00:00,0.0
2021-01-05 00:10:00,0.0
2021-01-05 00:10:00,0.0
2021-01-05 00:10:00,0.0
2021-01-05 00:10:00,0.0
2021-01-05 00:10:00,0.0
2021-01-05 00:10:00,0.0
2021-01-05 00:20:00,0.0
2021-01-05 00:20:00,0.0
2021-01-05 00:20:00,0.0
2021-01-05 00:20:00,0.0
2021-01-05 00:20:00,0.0
2021-01-05 00:20:00,0.0
2021-01-05 00:30:00,0.0
2021-01-05 00:30:00,0.0
2021-01-05 00:30:00,0.0
2021-01-05 00:30:00,0.0
2021-01-05 00:30:00,0.0
2021-01-05 00:30:00,0.0
2021-01-05 00:40:00,0.0
2021-01-05 00:40:00,0.0
2021-01-05 00:40:00,0.0
2021-01-05 00:40:00,0.0
2021-01-05 00:40:00,0.0
2021-01-05 00:40:00,0.0
2021-01-05 00:50:00,0.0
2021-01-05 00:50:00,0.0
2021-01-05 00:50:00,0.0
2021-01-05 00:50:00,0.0
2021-01-05 00:50:00,0.0
2021-01-05 00:50:00,0.0
2021-01-05 01:00:00,0.0
2021-01-05 01:00:00,0.0
2021-01-05 01:00:00,0.0
2021-01-05 01:00:00,0.0
2021-01-05 01:00:00,0.0
2021-01-05 01:00:00,0.0
2021-01-05 01:10:00,0.0
2021-01-05 01:10:00,0.0
2021-01-05 01:10:00,0.0
2021-01-05 01:10:00,0.0
2021-01-05 01:10:00,0.0
2021-01-05 01:10:00,0.0
2021-01-05 01:20:00,0.0
2021-01-05 01:20:00,0.0
2021-01-05 01:20:00,0.0
2021-01-05 01:20:00,0.0
2021-01-05 01:20:00,0.0
2021-01-05 01:20:00,0.0
2021-01-05 01:30:00,0.0
2021-01-05 01:30:00,0.0
2021-01-05 01:30:00,0.0
2021-01-05 01:30:00,0.0
2021-01-05 01:30:00,0.0
2021-01-05 01:30:00,0.0
2021-01-05 01:40:00,0.0
2021-01-05 01:40:00,0.0
2021-01-05 01:40:00,0.0
2021-01-05 01:40:00,0.0
2021-01-05 01:40:00,0.0
2021-01-05 01:40:00,0.0
2021-01-05 01:50:00,0.0
2021-01-05 01:50:00,0.0
2021-01-05 01:50:00,0.0
2021-01-05 01:50:00,0.0
2021-01-05 01:50:00,0.0
2021-01-05 01:50:00,0.0
2021-01-05 02:00:00,0.0
2021-01-05 02:00:00,0.0
2021-01-05 02:00:00,0.0
2021-01-05 02:00:00,0.0
2021-01-05 02:00:00,0.0
2021-01-05 02:00:00,0.0
2021-01-05 02:10:00,0.0
2021-01-05 02:10:00,0.0
2021-01-05 02:10:00,0.0
2021-01-05 02:10:00,0.0
2021-01-05 02:10:00,0.0
2021-01-05 02:10:00,0.0
2021-01-05 02:20:00,0.0
2021-01-05 02:20:00,0.0
2021-01-05 02:20:00,0.0
2021-01-05 02:20:00,0.0
2021-01-05 02:20:00,0.0
2021-01-05 02:20:00,0.0
2021-01-05 02:30:00,0.0
2021-01-05 02:30:00,0.0
2021-01-05 02:30:00,0.0
2021-01-05 02:30:00,0.0
2021-01-05 02:30:00,0.0
2021-01-05 02:30:00,0.0
2021-01-05 02:40:00,0.0
2021-01-05 02:40:00,0.0
2021-01-05 02:40:00,0.0
2021-01-05 02:40:00,0.0
2021-01-05 02:40:00,0.0
2021-01-05 02:40:00,0.0
2021-01-05 02:50:00,0.0
2021-01-05 02:50:00,0.0
2021-01-05 02:50:00,0.0
2021-01-05 02:50:00,0.0
2021-01-05 02:50:00,0.0
2021-01-05 02:50:00,0.0
2021-01-05 03:00:00,0.0
2021-01-05 03:00:00,0.0
2021-01-05 03:00:00,0.0
2021-01-05 03:00:00,0.0
2021-01-05 03:00:00,0.0
2021-01-05 03:00:00,0.0
2021-01-05 03:10:00,0.0
2021-01-05 03:10:00,0.0
2021-01-05 03:10:00,0.0
2021-01-05 03:10:00,0.0
2021-01-05 03:10:00,0.0
2021-01-05 03:10:00,0.0
2021-01-05 03:20:00,0.0
2021-01-05 03:20:00,0.0
2021-01-05 03:20:00,0.0
2021-01-05 03:20:00,0.0
2021-01-05 03:20:00,0.0
2021-01-05 03:20:00,0.0
2021-01-05 03:30:00,0.0
2021-01-05 03:30:00,0.0
2021-01-05 03:30:00,0.0
2021-01-05 03:30:00,0.0
2021-01-05 03:30:00,0.0
2021-01-05 03:30:00,0.0
2021-01-05 03:40:00,0.0
2021-01-05 03:40:00,0.0
2021-01-05 03:40:00,0.0
2021-01-05 03:40:00,0.0
2021-01-05 03:40:00,0.0
2021-01-05 03:40:00,0.0
2021-01-05 03:50:00,0.0
2021-01-05 03:50:00,0.0
2021-01-05 03:50:00,0.0
2021-01-05 03:50:00,0.0
2021-01-05 03:50:00,0.0
2021-01-05 03:50:00,0.0
2021-01-05 04:00:00,0.0
2021-01-05 04:00:00,0.0
2021-01-05 04:00:00,0.0
2021-01-05 04:00:00,0.0
2021-01-05 04:00:00,0.0
2021-01-05 04:00:00,0.0
2021-01-05 04:10:00,0.0
2021-01-05 04:10:00,0.0
2021-01-05 04:10:00,0.0
2021-01-05 04:10:00,0.0
2021-01-05 04:10:00,0.0
2021-01-05 04:10:00,0.0
2021-01-05 04:20:00,0.0
2021-01-05 04:20:00,0.0
2021-01-05 04:20:00,0.0
2021-01-05 04:20:00,0.0
2021-01-05 04:20:00,0.0
2021-01-05 04:20:00,0.0
2021-01-05 04:30:00,0.0
2021-01-05 04:30:00,0.0
2021-01-05 04:30:00,0.0
2021-01-05 04:30:00,0.0
2021-01-05 04:30:00,0.0
2021-01-05 04:30:00,0.0
2021-01-05 04:40:00,0.0
2021-01-05 04:40:00,0.0
2021-01-05 04:40:00,0.0
2021-01-05 04:40:00,0.0
2021-01-05 04:40:00,0.0
2021-01-05 04:40:00,0.0
2021-01-05 04:50:00,0.0
2021-01-05 04:50:00,0.0
2021-01-05 04:50:00,0.0
2021-01-05 04:50:00,0.0
2021-01-05 04:50:00,0.0
2021-01-05 04:50:00,0.0
2021-01-05 05:00:00,0.0
2021-01-05 05:00:00,0.0
2021-01-05 05:00:00,0.0
2021-01-05 05:00:00,0.0
2021-01-05 05:00:00,0.0
2021-01-05 05:00:00,0.0
2021-01-05 05:10:00,0.0
2021-01-05 05:10:00,0.0
2021-01-05 05:10:00,0.0
2021-01-05 05:10:00,0.0
2021-01-05 05:10:00,0.0
2021-01-05 05:10:00,0.0
2021-01-05 05:20:00,0.0
2021-01-05 05:20:00,0.0
2021-01-05 05:20:00,0.0
2021-01-05 05:20:00,0.0
2021-01-05 05:20:00,0.0
2021-01-05 05:20:00,0.0
2021-01-05 05:30:00,0.0
2021-01-05 05:30:00,0.0
2021-01-05 05:30:00,0.0
2021-01-05 05:30:00,0.0
2021-01-05 05:30:00,0.0
2021-01-05 05:30:00,0.0
2021-01-05 05:40:00,0.0
2021-01-05 05:40:00,0.0
2021-01-05 05:40:00,0.0
2021-01-05 05:40:00,0.0
2021-01-05 05:40:00,0.0
2021-01-05 05:40:00,0.0
2021-01-05 05:50:00,0.0
2021-01-05 05:50:00,0.0
2021-01-05 05:50:00,0.0
2021-01-05 05:50:00,0.0
2021-01-05 05:50:00,0.0
2021-01-05 05:50:00,0.0
2021-01-05 06:00:00,0.0
2021-01-05 06:00:00,0.0
2021-01-05 06:00:00,0.0
2021-01-05 06:00:00,0.0
2021-01-05 06:00:00,0.0
2021-01-05 06:00:00,0.0
2021-01-05 06:10:00,0.0
2021-01-05 06:10:00,0.0
2021-01-05 06:10:00,0.0
2021-01-05 06:10:00,0.0
2021-01-05 06:10:00,0.0
2021-01-05 06:10:00,0.0
2021-01-05 06:20:00,0.0
2021-01-05 06:20:00,0.0
2021-01-05 06:20:00,0.0
2021-01-05 06:20:00,0.0
2021-01-05 06:20:00,0.0
2021-01-05 06:20:00,0.0
2021-01-05 06:30:00,0.0
2021-01-05 06:30:00,0.0
2021-01-05 06:30:00,0.0
2021-01-05 06:30:00,0.0
2021-01-05 06:30:00,0.0
2021-01-05 06:30:00,0.0
2021-01-05 06:40:00,0.0
2021-01-05 06:40:00,0.0
2021-01-05 06:40:00,0.0
2021-01-05 06:40:00,0.0
2021-01-05 06:40:00,0.0
2021-01-05 06:40:00,0.0
2021-01-05 06:50:00,0.0
2021-01-05 06:50:00,0.0
2021-01-05 06:50:00,0.0
2021-01-05 06:50:00,0.0
2021-01-05 06:50:00,0.0
2021-01-05 06:50:00,0.0
2021-01-05 07:00:00,0.0
2021-01-05 07:00:00,0.0
2021-01-05 07:00:00,0.0
2021-01-05 07:00:00,0.0
2021-01-05 07:00:00,0.0
2021-01-05 07:00:00,0.0
2021-01-05 07:10:00,0.0
2021-01-05 07:10:00,0.0
2021-01-05 07:10:00,0.0
2021-01-05 07:10:00,0.0
2021-01-05 07:10:00,0.0
2021-01-05 07:10:00,0.0
2021-01-05 07:20:00,0.0
2021-01-05 07:20:00,0.0
2021-01-05 07:20:00,0.0
2021-01-05 07:20:00,0.0
2021-01-05 07:20:00,0.0
2021-01-05 07:20:00,0.0
2021-01-05 07:30:00,0.0
2021-01-05 07:30:00,0.0
2021-01-05 07:30:00,0.0
2021-01-05 07:30:00,0.0
2021-01-05 07:30:00,0.0
2021-01-05 07:30:00,0.0
2021-01-05 07:40:00,0.0
2021-01-05 07:40:00,0.0
2021-01-05 07:40:00,0.0
2021-01-05 07:40:00,0.0
2021-01-05 07:40:00,0.0
2021-01-05 07:40:00,0.0
2021-01-05 07:50:00,0.0
2021-01-05 07:50:00,0.0
2021-01-05 07:50:00,0.0
2021-01-05 07:50:00,0.0
2021-01-05 07:50:00,0.0
2021-01-05 07:50:00,0.0
2021-01-05 08:00:00,0.0
2021-01-05 08:00:00,0.0
2021-01-05 08:00:00,0.0
2021-01-05 08:00:00,0.0
2021-01-05 08:00:00,0.0
2021-01-05 08:00:00,0.0
2021-01-05 08:10:00,0.0
2021-01-05 08:10:00,0.0
2021-01-05 08:10:00,0.0
2021-01-05 08:10:00,0.0
2021-01-05 08:10:00,0.0
2021-01-05 08:10:00,0.0
2021-01-05 08:20:00,0.0
2021-01-05 08:20:00,0.0
2021-01-05 08:20:00,0.0
2021-01-05 08:20:00,0.0
2021-01-05 08:20:00,0.0
2021-01-05 08:20:00,0.0
2021-01-05 08:30:00,0.0
2021-01-05 08:30:00,0.0
2021-01-05 08:30:00,0.0
2021-01-05 08:30:00,0.0
2021-01-05 08:30:00,0.0
2021-01-05 08:30:00,0.0
2021-01-05 08:40:00,0.0
2021-01-05 08:40:00,0.0
2021-01-05 08:40:00,0.0
2021-01-05 08:40:00,0.0
2021-01-05 08:40:00,0.0
2021-01-05 08:40:00,0.0
2021-01-05 08:50:00,0.0
2021-01-05 08:50:00,0.0
2021-01-05 08:50:00,0.0
2021-01-05 08:50:00,0.0
2021-01-05 08:50:00,0.0
2021-01-05 08:50:00,0.0
2021-01-05 09:00:00,0.0
2021-01-05 09:00:00,0.0
2021-01-05 09:00:00,0.0
2021-01-05 09:00:00,0.0
2021-01-05 09:00:00,0.0
2021-01-05 09:00:00,0.0
2021-01-05 09:10:00,0.0
2021-01-05 09:10:00,0.0
2021-01-05 09:10:00,0.0
2021-01-05 09:10:00,0.0
2021-01-05 09:10:00,0.0
2021-01-05 09:10:00,0.0
2021-01-05 09:20:00,0.0
2021-01-05 09:20:00,0.0
2021-01-05 09:20:00,0.0
2021-01-05 09:20:00,0.0
2021-01-05 09:20:00,0.0
2021-01-05 09:20:00,0.0
2021-01-05 09:30:00,0.0
2021-01-05 09:30:00,0.0
2021-01-05 09:30:00,0.0
2021-01-05 09:30:00,0.0
2021-01-05 09:30:00,0.0
2021-01-05 09:30:00,0.0
2021-01-05 09:40:00,0.0
2021-01-05 09:40:00,0.0
2021-01-05 09:40:00,0.0
2021-01-05 09:40:00,0.0
2021-01-05 09:40:00,0.0
2021-01-05 09:40:00,0.0
2021-01-05 09:50:00,0.0
2021-01-05 09:50:00,0.0
2021-01-05 09:50:00,0.0
2021-01-05 09:50:00,0.0
2021-01-05 09:50:00,0.0
2021-01-05 09:50:00,0.0
2021-01-05 10:00:00,0.0
2021-01-05 10:00:00,0.0
2021-01-05 10:00:00,0.0
2021-01-05 10:00:00,0.0
2021-01-05 10:00:00,0.0
2021-01-05 10:00:00,0.0
2021-01-05 10:10:00,0.0
2021-01-05 10:10:00,0.0
2021-01-05 10:10:00,0.0
2021-01-05 10:10:00,0.0
2021-01-05 10:10:00,0.0
2021-01-05 10:10:00,0.0
2021-01-05 10:20:00,0.0
2021-01-05 10:20:00,0.0
2021-01-05 10:20:00,0.0
2021-01-05 10:20:00,0.0
2021-01-05 10:20:00,0.0
2021-01-05 10:20:00,0.0
2021-01-05 10:30:00,0.0
2021-01-05 10:30:00,0.0
2021-01-05 10:30:00,0.0
2021-01-05 10:30:00,0.0
2021-01-05 10:30:00,0.0
2021-01-05 10:30:00,0.0
2021-01-05 10:40:00,0.0
2021-01-05 10:40:00,0.0
2021-01-05 10:40:00,0.0
2021-01-05 10:40:00,0.0
2021-01-05 10:40:00,0.0
2021-01-05 10:40:00,0.0
2021-01-05 10:50:00,0.0
2021-01-05 10:50:00,0.0
2021-01-05 10:50:00,0.0
2021-01-05 10:50:00,0.0
2021-01-05 10:50:00,0.0
2021-01-05 10:50:00,0.0
2021-01-05 11:00:00,0.0
2021-01-05 11:00:00,0.0
2021-01-05 11:00:00,0.0
2021-01-05 11:00:00,0.0
2021-01-05 11:00:00,0.0
2021-01-05 11:00:00,0.0
2021-01-05 11:10:00,0.0
2021-01-05 11:10:00,0.0
2021-01-05 11:10:00,0.0
2021-01-05 11:10:00,0.0
2021-01-05 11:10:00,0.0
2021-01-05 11:10:00,0.0
2021-01-05 11:20:00,0.0
2021-01-05 11:20:00,0.0
2021-01-05 11:20:00,0.0
2021-01-05 11:20:00,0.0
2021-01-05 11:20:00,0.0
2021-01-05 11:20:00,0.0
2021-01-05 11:30:00,0.0
2021-01-05 11:30:00,0.0
2021-01-05 11:30:00,0.0
2021-01-05 11:30:00,0.0
2021-01-05 11:30:00,0.0
2021-01-05 11:30:00,0.0
2021-01-05 11:40:00,0.0
2021-01-05 11:40:00,0.0
2021-01-05 11:40:00,0.0
2021-01-05 11:40:00,0.0
2021-01-05 11:40:00,0.0
2021-01-05 11:40:00,0.0
2021-01-05 11:50:00,0.0
2021-01-05 11:50:00,0.0
2021-01-05 11:50:00,0.0
2021-01-05 11:50:00,0.0
2021-01-05 11:50:00,0.0
2021-01-05 11:50:00,0.0
2021-01-05 12:00:00,0.0
2021-01-05 12:00:00,0.0
2021-01-05 12:00:00,0.0
2021-01-05 12:00:00,0.0
2021-01-05 12:00:00,0.0
2021-01-05 12:00:00,0.0
2021-01-05 12:10:00,0.0
2021-01-05 12:10:00,0.0
2021-01-05 12:10:00,0.0
2021-01-05 12:10:00,0.0
2021-01-05 12:10:00,0.0
2021-01-05 12:10:00,0.0
2021-01-05 12:20:00,0.0
2021-01-05 12:20:00,0.0
2021-01-05 12:20:00,0.0
2021-01-05 12:20:00,0.0
2021-01-05 12:20:00,0.0
2021-01-05 12:20:00,0.0
2021-01-05 12:30:00,0.0
2021-01-05 12:30:00,0.0
2021-01-05 12:30:00,0.0
2021-01-05 12:30:00,0.0
2021-01-05 12:30:00,0.0
2021-01-05 12:30:00,0.0
2021-01-05 12:40:00,0.0
2021-01-05 12:40:00,0.0
2021-01-05 12:40:00,0.0
2021-01-05 12:40:00,0.0
2021-01-05 12:40:00,0.0
2021-01-05 12:40:00,0.0
2021-01-05 12:50:00,0.0
2021-01-05 12:50:00,0.0
2021-01-05 12:50:00,0.0
2021-01-05 12:50:00,0.0
2021-01-05 12:50:00,0.0
2021-01-05 12:50:00,0.0
2021-01-05 13:00:00,0.0
2021-01-05 13:00:00,0.0
2021-01-05 13:00:00,0.0
2021-01-05 13:00:00,0.0
2021-01-05 13:00:00,0.0
2021-01-05 13:00:00,0.0
2021-01-05 13:10:00,0.0
2021-01-05 13:10:00,0.0
2021-01-05 13:10:00,0.0
2021-01-05 13:10:00,0.0
2021-01-05 13:10:00,0.0
2021-01-05 13:10:00,0.0
2021-01-05 13:20:00,0.0
2021-01-05 13:20:00,0.0
2021-01-05 13:20:00,0.0
2021-01-05 13:20:00,0.0
2021-01-05 13:20:00,0.0
2021-01-05 13:20:00,0.0
2021-01-05 13:30:00,40.81
2021-01-05 13:30:00,40.81
2021-01-05 13:30:00,40.81
2021-01-05 13:30:00,40.81
2021-01-05 13:30:00,40.81
2021-01-05 13:30:00,40.81
2021-01-05 13:40:00,34.47
2021-01-05 13:40:00,34.47
2021-01-05 13:40:00,34.47
2021-01-05 13:40:00,34.47
2021-01-05 13:40:00,34.47
2021-01-05 13:40:00,34.47
2021-01-05 13:50:00,66.71
2021-01-05 13:50:00,66.71
2021-01-05 13:50:00,66.71
2021-01-05 13:50:00,66.71
2021-01-05 13:50:00,66.71
2021-01-05 13:50:00,66.71
2021-01-05 14:00:00,80.12
2021-01-05 14:00:00,80.12
2021-01-05 14:00:00,80.12
2021-01-05 14:00:00,80.12
2021-01-05 14:00:00,80.12
2021-01-05 14:00:00,80.12
2021-01-05 14:10:00,120.05
2021-01-05 14:10:00,120.05
2021-01-05 14:10:00,120.05
2021-01-05 14:10:00,120.05
2021-01-05 14:10:00,120.05
2021-01-05 14:10:00,120.05
2021-01-05 14:20:00,68.71
2021-01-05 14:20:00,68.71
2021-01-05 14:20:00,68.71
2021-01-05 14:20:00,68.71
2021-01-05 14:20:00,68.71
2021-01-05 14:20:00,68.71
2021-01-05 14:30:00,103.94
2021-01-05 14:30:00,103.94
2021-01-05 14:30:00,103.94
2021-01-05 14:30:00,103.94
2021-01-05 14:30:00,103.94
2021-01-05 14:30:00,103.94
2021-01-05 14:40:00,88.91
2021-01-05 14:40:00,88.91
2021-01-05 14:40:00,88.91
2021-01-05 14:40:00,88.91
2021-01-05 14:40:00,88.91
2021-01-05 14:40:00,88.91
2021-01-05 14:50:00,71.6
2021-01-05 14:50:00,71.6
2021-01-05 14:50:00,71.6
2021-01-05 14:50:00,71.6
2021-01-05 14:50:00,71.6
2021-01-05 14:50:00,71.6
2021-01-05 15:00:00,88.63
2021-01-05 15:00:00,88.63
2021-01-05 15:00:00,88.63
2021-01-05 15:00:00,88.63
2021-01-05 15:00:00,88.63
2021-01-05 15:00:00,88.63
2021-01-05 15:10:00,89.12
2021-01-05 15:10:00,89.12
2021-01-05 15:10:00,89.12
2021-01-05 15:10:00,89.12
2021-01-05 15:10:00,89.12
2021-01-05 15:10:00,89.12
2021-01-05 15:20:00,100.69
2021-01-05 15:20:00,100.69
2021-01-05 15:20:00,100.69
2021-01-05 15:20:00,100.69
2021-01-05 15:20:00,100.69
2021-01-05 15:20:00,100.69
2021-01-05 15:30:00,91.61
2021-01-05 15:30:00,91.61
2021-01-05 15:30:00,91.61
2021-01-05 15:30:00,91.61
2021-01-05 15:30:00,91.61
2021-01-05 15:30:00,91.61
2021-01-05 15:40:00,50.73
2021-01-05 15:40:00,50.73
2021-01-05 15:40:00,50.73
2021-01-05 15:40:00,50.73
2021-01-05 15:40:00,50.73
2021-01-05 15:40:00,50.73
2021-01-05 15:50:00,70.9
2021-01-05 15:50:00,70.9
2021-01-05 15:50:00,70.9
2021-01-05 15:50:00,70.9
2021-01-05 15:50:00,70.9
2021-01-05 15:50:00,70.9
2021-01-05 16:00:00,78.37
2021-01-05 16:00:00,78.37
2021-01-05 16:00:00,78.37
2021-01-05 16:00:00,78.37
2021-01-05 16:00:00,78.37
2021-01-05 16:00:00,78.37
2021-01-05 16:10:00,90.58
2021-01-05 16:10:00,90.58
2021-01-05 16:10:00,90.58
2021-01-05 16:10:00,90.58
2021-01-05 16:10:00,90.58
2021-01-05 16:10:00,90.58
2021-01-05 16:20:00,67.12
2021-01-05 16:20:00,67.12
2021-01-05 16:20:00,67.12
2021-01-05 16:20:00,67.12
2021-01-05 16:20:00,67.12
2021-01-05 16:20:00,67.12
2021-01-05 16:30:00,55.11
2021-01-05 16:30:00,55.11
2021-01-05 16:30:00,55.11
2021-01-05 16:30:00,55.11
2021-01-05 16:30:00,55.11
2021-01-05 16:30:00,55.11
2021-01-05 16:40:00,61.27
2021-01-05 16:40:00,61.27
2021-01-05 16:40:00,61.27
2021-01-05 16:40:00,61.27
2021-01-05 16:40:00,61.27
2021-01-05 16:40:00,61.27
2021-01-05 16:50:00,50.61
2021-01-05 16:50:00,50.61
2021-01-05 16:50:00,50.61
2021-01-05 16:50:00,50.61
2021-01-05 16:50:00,50.61
2021-01-05 16:50:00,50.61
2021-01-05 17:00:00,30.93
2021-01-05 17:00:00,30.93
2021-01-05 17:00:00,30.93
2021-01-05 17:00:00,30.93
2021-01-05 17:00:00,30.93
2021-01-05 17:00:00,30.93
2021-01-05 17:10:00,0.0
2021-01-05 17:10:00,0.0
2021-01-05 17:10:00,0.0
2021-01-05 17:10:00,0.0
2021-01-05 17:10:00,0.0
2021-01-05 17:10:00,0.0
2021-01-05 17:20:00,0.0
2021-01-05 17:20:00,0.0
2021-01-05 17:20:00,0.0
2021-01-05 17:20:00,0.0
2021-01-05 17:20:00,0.0
2021-01-05 17:20:00,0.0
2021-01-05 17:30:00,0.0
2021-01-05 17:30:00,0.0
2021-01-05 17:30:00,0.0
2021-01-05 17:30:00,0.0
2021-01-05 17:30:00,0.0
2021-01-05 17:30:00,0.0
2021-01-05 17:40:00,0.0
2021-01-05 17:40:00,0.0
2021-01-05 17:40:00,0.0
2021-01-05 17:40:00,0.0
2021-01-05 17:40:00,0.0
2021-01-05 17:40:00,0.0
2021-01-05 17:50:00,0.0
2021-01-05 17:50:00,0.0
2021-01-05 17:50:00,0.0
2021-01-05 17:50:00,0.0
2021-01-05 17:50:00,0.0
2021-01-05 17:50:00,0.0
2021-01-05 18:00:00,0.0
2021-01-05 18:00:00,0.0
2021-01-05 18:00:00,0.0
2021-01-05 18:00:00,0.0
2021-01-05 18:00:00,0.0
2021-01-05 18:00:00,0.0
2021-01-05 18:10:00,0.0
2021-01-05 18:10:00,0.0
2021-01-05 18:10:00,0.0
2021-01-05 18:10:00,0.0
2021-01-05 18:10:00,0.0
2021-01-05 18:10:00,0.0
2021-01-05 18:20:00,0.0
2021-01-05 18:20:00,0.0
2021-01-05 18:20:00,0.0
2021-01-05 18:20:00,0.0
2021-01-05 18:20:00,0.0
2021-01-05 18:20:00,0.0
2021-01-05 18:30:00,0.0
2021-01-05 18:30:00,0.0
2021-01-05 18:30:00,0.0
2021-01-05 18:30:00,0.0
2021-01-05 18:30:00,0.0
2021-01-05 18:30:00,0.0
2021-01-05 18:40:00,0.0
2021-01-05 18:40:00,0.0
2021-01-05 18:40:00,0.0
2021-01-05 18:40:00,0.0
2021-01-05 18:40:00,0.0
2021-01-05 18:40:00,0.0
2021-01-05 18:50:00,0.0
2021-01-05 18:50:00,0.0
2021-01-05 18:50:00,0.0
2021-01-05 18:50:00,0.0
2021-01-05 18:50:00,0.0
2021-01-05 18:50:00,0.0
2021-01-05 19:00:00,0.0
2021-01-05 19:00:00,0.0
2021-01-05 19:00:00,0.0
2021-01-05 19:00:00,0.0
2021-01-05 19:00:00,0.0
2021-01-05 19:00:00,0.0
2021-01-05 19:10:00,0.0
2021-01-05 19:10:00,0.0
2021-01-05 19:10:00,0.0
2021-01-05 19:10:00,0.0
2021-01-05 19:10:00,0.0
2021-01-05 19:10:00,0.0
2021-01-05 19:20:00,0.0
2021-01-05 19:20:00,0.0
2021-01-05 19:20:00,0.0
2021-01-05 19:20:00,0.0
2021-01-05 19:20:00,0.0
2021-01-05 19:20:00,0.0
2021-01-05 19:30:00,0.0
2021-01-05 19:30:00,0.0
2021-01-05 19:30:00,0.0
2021-01-05 19:30:00,0.0
2021-01-05 19:30:00,0.0
2021-01-05 19:30:00,0.0
2021-01-05 19:40:00,0.0
2021-01-05 19:40:00,0.0
2021-01-05 19:40:00,0.0
2021-01-05 19:40:00,0.0
2021-01-05 19:40:00,0.0
2021-01-05 19:40:00,0.0
2021-01-05 19:50:00,0.0
2021-01-05 19:50:00,0.0
2021-01-05 19:50:00,0.0
2021-01-05 19:50:00,0.0
2021-01-05 19:50:00,0.0
2021-01-05 19:50:00,0.0
2021-01-05 20:00:00,0.0
2021-01-05 20:00:00,0.0
2021-01-05 20:00:00,0.0
2021-01-05 20:00:00,0.0
2021-01-05 20:00:00,0.0
2021-01-05 20:00:00,0.0
2021-01-05 20:10:00,0.0
2021-01-05 20:10:00,0.0
2021-01-05 20:10:00,0.0
2021-01-05 20:10:00,0.0
2021-01-05 20:10:00,0.0
2021-01-05 20:10:00,0.0
2021-01-05 20:20:00,0.0
2021-01-05 20:20:00,0.0
2021-01-05 20:20:00,0.0
2021-01-05 20:20:00,0.0
2021-01-05 20:20:00,0.0
2021-01-05 20:20:00,0.0
2021-01-05 20:30:00,67.99
2021-01-05 20:30:00,67.99
2021-01-05 20:30:00,67.99
2021-01-05 20:30:00,67.99
2021-01-05 20:30:00,67.99
2021-01-05 20:30:00,67.99
2021-01-05 20:40:00,44.51
2021-01-05 20:40:00,44.51
2021-01-05 20:40:00,44.51
2021-01-05 20:40:00,44.51
2021-01-05 20:40:00,44.51
2021-01-05 20:40:00,44.51
2021-01-05 20:50:00,27.76
2021-01-05 20:50:00,27.76
2021-01-05 20:50:00,27.76
2021-01-05 20:50:00,27.76
2021-01-05 20:50:00,27.76
2021-01-05 20:50:00,27.76
2021-01-05 21:00:00,15.9
2021-01-05 21:00:00,15.9
2021-01-05 21:00:00,15.9
2021-01-05 21:00:00,15.9
2021-01-05 21:00:00,15.9
2021-01-05 21:00:00,15.9
2021-01-05 21:10:00,0.0
2021-01-05 21:10:00,0.0
2021-01-05 21:10:00,0.0
2021-01-05 21:10:00,0.0
2021-01-05 21:10:00,0.0
2021-01-05 21:10:00,0.0
2021-01-05 21:20:00,0.0
2021-01-05 21:20:00,0.0
2021-01-05 21:20:00,0.0
2021-01-05 21:20:00,0.0
2021-01-05 21:20:00,0.0
2021-01-05 21:20:00,0.0
2021-01-05 21:30:00,0.0
2021-01-05 21:30:00,0.0
2021-01-05 21:30:00,0.0
2021-01-05 21:30:00,0.0
2021-01-05 21:30:00,0.0
2021-01-05 21:30:00,0.0
2021-01-05 21:40:00,0.0
2021-01-05 21:40:00,0.0
2021-01-05 21:40:00,0.0
2021-01-05 21:40:00,0.0
2021-01-05 21:40:00,0.0
2021-01-05 21:40:00,0.0
2021-01-05 21:50:00,0.0
2021-01-05 21:50:00,0.0
2021-01-05 21:50:00,0.0
2021-01-05 21:50:00,0.0
2021-01-05 21:50:00,0.0
2021-01-05 21:50:00,0.0
2021-01-05 22:00:00,0.0
2021-01-05 22:00:00,0.0
2021-01-05 22:00:00,0.0
2021-01-05 22:00:00,0.0
2021-01-05 22:00:00,0.0
2021-01-05 22:00:00,0.0
2021-01-05 22:10:00,0.0
2021-01-05 22:10:00,0.0
2021-01-05 22:10:00,0.0
2021-01-05 22:10:00,0.0
2021-01-05 22:10:00,0.0
2021-01-05 22:10:00,0.0
2021-01-05 22:20:00,0.0
2021-01-05 22:20:00,0.0
2021-01-05 22:20:00,0.0
2021-01-05 22:20:00,0.0
2021-01-05 22:20:00,0.0
2021-01-05 22:20:00,0.0
2021-01-05 22:30:00,106.47
2021-01-05 22:30:00,106.47
2021-01-05 22:30:00,106.47
2021-01-05 22:30:00,106.47
2021-01-05 22:30:00,106.47
2021-01-05 22:30:00,106.47
2021-01-05 22:40:00,267.74
2021-01-05 22:40:00,267.74
2021-01-05 22:40:00,267.74
2021-01-05 22:40:00,267.74
2021-01-05 22:40:00,267.74
2021-01-05 22:40:00,267.74
2021-01-05 22:50:00,254.11
2021-01-05 22:50:00,254.11
2021-01-05 22:50:00,254.11
2021-01-05 22:50:00,254.11
2021-01-05 22:50:00,254.11
2021-01-05 22:50:00,254.11
2021-01-05 23:00:00,295.01
2021-01-05 23:00:00,295.01
2021-01-05 23:00:00,295.01
2021-01-05 23:00:00,295.01
2021-01-05 23:00:00,295.01
2021-01-05 23:00:00,295.01
2021-01-05 23:10:00,433.99
2021-01-05 23:10:00,433.99
2021-01-05 23:10:00,433.99
2021-01-05 23:10:00,433.99
2021-01-05 23:10:00,433.99
2021-01-05 23:10:00,433.99
2021-01-05 23:20:00,391.78
2021-01-05 23:20:00,391.78
2021-01-05 23:20:00,391.78
2021-01-05 23:20:00,391.78
2021-01-05 23:20:00,391.78
2021-01-05 23:20:00,391.78
2021-01-05 23:30:00,483.49
2021-01-05 23:30:00,483.49
2021-01-05 23:30:00,483.49
2021-01-05 23:30:00,483.49
2021-01-05 23:30:00,483.49
2021-01-05 23:30:00,483.49
2021-01-05 23:40:00,462.29
2021-01-05 23:40:00,462.29
2021-01-05 23:40:00,462.29
2021-01-05 23:40:00,462.29
2021-01-05 23:40:00,462.29
2021-01-05 23:40:00,462.29
2021-01-05 23:50:00,457.39
2021-01-05 23:50:00,457.39
2021-01-05 23:50:00,457.39
2021-01-05 23:50:00,457.39
2021-01-05 23:50:00,457.39
2021-01-05 23:50:00,457.39
2021-01-06 00:00:00,485.28
2021-01-06 00:00:00,485.28
2021-01-06 00:00:00,485.28
2021-01-06 00:00:00,485.28
2021-01-06 00:00:00,485.28
2021-01-06 00:00:00,485.28
2021-01-06 00:10:00,344.11
2021-01-06 00:10:00,344.11
2021-01-06 00:10:00,344.11
2021-01-06 00:10:00,344.11
2021-01-06 00:10:00,344.11
2021-01-06 00:10:00,344.11
2021-01-06 00:20:00,342.29
2021-01-06 00:20:00,342.29
2021-01-06 00:20:00,342.29
2021-01-06 00:20:00,342.29
2021-01-06 00:20:00,342.29
2021-01-06 00:20:00,342.29
2021-01-06 00:30:00,350.59
2021-01-06 00:30:00,350.59
2021-01-06 00:30:00,350.59
2021-01-06 00:30:00,350.59
2021-01-06 00:30:00,350.59
2021-01-06 00:30:00,350.59
2021-01-06 00:40:00,395.42
2021-01-06 00:40:00,395.42
2021-01-06 00:40:00,395.42
2021-01-06 00:40:00,395.42
2021-01-06 00:40:00,395.42
2021-01-06 00:40:00,395.42
2021-01-06 00:50:00,412.84
2021-01-06 00:50:00,412.84
2021-01-06 00:50:00,412.84
2021-01-06 00:50:00,412.84
2021-01-06 00:50:00,412.84
2021-01-06 00:50:00,412.84
2021-01-06 01:00:00,390.32
2021-01-06 01:00:00,390.32
2021-01-06 01:00:00,390.32
2021-01-06 01:00:00,390.32
2021-01-06 01:00:00,390.32
2021-01-06 01:00:00,390.32
2021-01-06 01:10:00,422.58
2021-01-06 01:10:00,422.58
2021-01-06 01:10:00,422.58
2021-01-06 01:10:00,422.58
2021-01-06 01:10:00,422.58
2021-01-06 01:10:00,422.58
2021-01-06 01:20:00,465.59
2021-01-06 01:20:00,465.59
2021-01-06 01:20:00,465.59
2021-01-06 01:20:00,465.59
2021-01-06 01:20:00,465.59
2021-01-06 01:20:00,465.59
2021-01-06 01:30:00,538.79
2021-01-06 01:30:00,538.79
2021-01-06 01:30:00,538.79
2021-01-06 01:30:00,538.79
2021-01-06 01:30:00,538.79
2021-01-06 01:30:00,538.79
2021-01-06 01:40:00,541.01
2021-01-06 01:40:00,541.01
2021-01-06 01:40:00,541.01
2021-01-06 01:40:00,541.01
2021-01-06 01:40:00,541.01
2021-01-06 01:40:00,541.01
2021-01-06 01:50:00,451.63
2021-01-06 01:50:00,451.63
2021-01-06 01:50:00,451.63
2021-01-06 01:50:00,451.63
2021-01-06 01:50:00,451.63
2021-01-06 01:50:00,451.63
2021-01-06 02:00:00,415.37
2021-01-06 02:00:00,415.37
2021-01-06 02:00:00,415.37
2021-01-06 02:00:00,415.37
2021-01-06 02:00:00,415.37
2021-01-06 02:00:00,415.37
2021-01-06 02:10:00,447.23
2021-01-06 02:10:00,447.23
2021-01-06 02:10:00,447.23
2021-01-06 02:10:00,447.23
2021-01-06 02:10:00,447.23
2021-01-06 02:10:00,447.23
2021-01-06 02:20:00,410.38
2021-01-06 02:20:00,410.38
2021-01-06 02:20:00,410.38
2021-01-06 02:20:00,410.38
2021-01-06 02:20:00,410.38
2021-01-06 02:20:00,410.38
2021-01-06 02:30:00,370.3
2021-01-06 02:30:00,370.3
2021-01-06 02:30:00,370.3
2021-01-06 02:30:00,370.3
2021-01-06 02:30:00,370.3
2021-01-06 02:30:00,370.3
2021-01-06 02:40:00,401.44
2021-01-06 02:40:00,401.44
2021-01-06 02:40:00,401.44
2021-01-06 02:40:00,401.44
2021-01-06 02:40:00,401.44
2021-01-06 02:40:00,401.44
2021-01-06 02:50:00,366.54
2021-01-06 02:50:00,366.54
2021-01-06 02:50:00,366.54
2021-01-06 02:50:00,366.54
2021-01-06 02:50:00,366.54
2021-01-06 02:50:00,366.54
2021-01-06 03:00:00,371.21
2021-01-06 03:00:00,371.21
2021-01-06 03:00:00,371.21
2021-01-06 03:00:00,371.21
2021-01-06 03:00:00,371.21
2021-01-06 03:00:00,371.21
2021-01-06 03:10:00,338.28
2021-01-06 03:10:00,338.28
2021-01-06 03:10:00,338.28
2021-01-06 03:10:00,338.28
2021-01-06 03:10:00,338.28
2021-01-06 03:10:00,338.28
2021-01-06 03:20:00,388.57
2021-01-06 03:20:00,388.57
2021-01-06 03:20:00,388.57
2021-01-06 03:20:00,388.57
2021-01-06 03:20:00,388.57
2021-01-06 03:20:00,388.57
2021-01-06 03:30:00,378.68
2021-01-06 03:30:00,378.68
2021-01-06 03:30:00,378.68
2021-01-06 03:30:00,378.68
2021-01-06 03:30:00,378.68
2021-01-06 03:30:00,378.68
2021-01-06 03:40:00,288.63
2021-01-06 03:40:00,288.63
2021-01-06 03:40:00,288.63
2021-01-06 03:40:00,288.63
2021-01-06 03:40:00,288.63
2021-01-06 03:40:00,288.63
2021-01-06 03:50:00,284.74
2021-01-06 03:50:00,284.74
2021-01-06 03:50:00,284.74
2021-01-06 03:50:00,284.74
2021-01-06 03:50:00,284.74
2021-01-06 03:50:00,284.74
2021-01-06 04:00:00,271.3
2021-01-06 04:00:00,271.3
2021-01-06 04:00:00,271.3
2021-01-06 04:00:00,271.3
2021-01-06 04:00:00,271.3
2021-01-06 04:00:00,271.3
2021-01-06 04:10:00,277.8
2021-01-06 04:10:00,277.8
2021-01-06 04:10:00,277.8
2021-01-06 04:10:00,277.8
2021-01-06 04:10:00,277.8
2021-01-06 04:10:00,277.8
2021-01-06 04:20:00,335.83
2021-01-06 04:20:00,335.83
2021-01-06 04:20:00,335.83
2021-01-06 04:20:00,335.83
2021-01-06 04:20:00,335.83
2021-01-06 04:20:00,335.83
2021-01-06 04:30:00,332.2
2021-01-06 04:30:00,332.2
2021-01-06 04:30:00,332.2
2021-01-06 04:30:00,332.2
2021-01-06 04:30:00,332.2
2021-01-06 04:30:00,332.2
2021-01-06 04:40:00,356.62
2021-01-06 04:40:00,356.62
2021-01-06 04:40:00,356.62
2021-01-06 04:40:00,356.62
2021-01-06 04:40:00,356.62
2021-01-06 04:40:00,356.62
2021-01-06 04:50:00,403.12
2021-01-06 04:50:00,403.12
2021-01-06 04:50:00,403.12
2021-01-06 04:50:00,403.12
2021-01-06 04:50:00,403.12
2021-01-06 04:50:00,403.12
2021-01-06 05:00:00,395.17
2021-01-06 05:00:00,395.17
2021-01-06 05:00:00,395.17
2021-01-06 05:00:00,395.17
2021-01-06 05:00:00,395.17
2021-01-06 05:00:00,395.17
2021-01-06 05:10:00,381.46
2021-01-06 05:10:00,381.46
2021-01-06 05:10:00,381.46
2021-01-06 05:10:00,381.46
2021-01-06 05:10:00,381.46
2021-01-06 05:10:00,381.46
2021-01-06 05:20:00,391.94
2021-01-06 05:20:00,391.94
2021-01-06 05:20:00,391.94
2021-01-06 05:20:00,391.94
2021-01-06 05:20:00,391.94
2021-01-06 05:20:00,391.94
2021-01-06 05:30:00,445.99
2021-01-06 05:30:00,445.99
2021-01-06 05:30:00,445.99
2021-01-06 05:30:00,445.99
2021-01-06 05:30:00,445.99
2021-01-06 05:30:00,445.99
2021-01-06 05:40:00,436.96
2021-01-06 05:40:00,436.96
2021-01-06 05:40:00,436.96
2021-01-06 05:40:00,436.96
2021-01-06 05:40:00,436.96
2021-01-06 05:40:00,436.96
2021-01-06 05:50:00,520.67
2021-01-06 05:50:00,520.67
2021-01-06 05:50:00,520.67
2021-01-06 05:50:00,520.67
2021-01-06 05:50:00,520.67
2021-01-06 05:50:00,520.67
2021-01-06 06:00:00,742.81
2021-01-06 06:00:00,742.81
2021-01-06 06:00:00,742.81
2021-01-06 06:00:00,742.81
2021-01-06 06:00:00,742.81
2021-01-06 06:00:00,742.81
2021-01-06 06:10:00,833.06
2021-01-06 06:10:00,833.06
2021-01-06 06:10:00,833.06
2021-01-06 06:10:00,833.06
2021-01-06 06:10:00,833.06
2021-01-06 06:10:00,833.06
2021-01-06 06:20:00,843.78
2021-01-06 06:20:00,843.78
2021-01-06 06:20:00,843.78
2021-01-06 06:20:00,843.78
2021-01-06 06:20:00,843.78
2021-01-06 06:20:00,843.78
2021-01-06 06:30:00,1145.44
2021-01-06 06:30:00,1145.44
2021-01-06 06:30:00,1145.44
2021-01-06 06:30:00,1145.44
2021-01-06 06:30:00,1145.44
2021-01-06 06:30:00,1145.44
2021-01-06 06:40:00,1217.36
2021-01-06 06:40:00,1217.36
2021-01-06 06:40:00,1217.36
2021-01-06 06:40:00,1217.36
2021-01-06 06:40:00,1217.36
2021-01-06 06:40:00,1217.36
2021-01-06 06:50:00,1277.0
2021-01-06 06:50:00,1277.0
2021-01-06 06:50:00,1277.0
2021-01-06 06:50:00,1277.0
2021-01-06 06:50:00,1277.0
2021-01-06 06:50:00,1277.0
2021-01-06 07:00:00,1348.68
2021-01-06 07:00:00,1348.68
2021-01-06 07:00:00,1348.68
2021-01-06 07:00:00,1348.68
2021-01-06 07:00:00,1348.68
2021-01-06 07:00:00,1348.68
2021-01-06 07:10:00,1382.54
2021-01-06 07:10:00,1382.54
2021-01-06 07:10:00,1382.54
2021-01-06 07:10:00,1382.54
2021-01-06 07:10:00,1382.54
2021-01-06 07:10:00,1382.54
2021-01-06 07:20:00,1380.768
2021-01-06 07:20:00,1380.768
2021-01-06 07:20:00,1380.768
2021-01-06 07:20:00,1380.768
2021-01-06 07:20:00,1380.768
2021-01-06 07:20:00,1380.768
2021-01-06 07:30:00,1378.9958
2021-01-06 07:30:00,1378.9958
2021-01-06 07:30:00,1378.9958
2021-01-06 07:30:00,1378.9958
2021-01-06 07:30:00,1378.9958
2021-01-06 07:30:00,1378.9958
2021-01-06 07:40:00,1377.2238
2021-01-06 07:40:00,1377.2238
2021-01-06 07:40:00,1377.2238
2021-01-06 07:40:00,1377.2238
2021-01-06 07:40:00,1377.2238
2021-01-06 07:40:00,1377.2238
2021-01-06 07:50:00,1375.4517
2021-01-06 07:50:00,1375.4517
2021-01-06 07:50:00,1375.4517
2021-01-06 07:50:00,1375.4517
2021-01-06 07:50:00,1375.4517
2021-01-06 07:50:00,1375.4517
2021-01-06 08:00:00,1373.6794
2021-01-06 08:00:00,1373.6794
2021-01-06 08:00:00,1373.6794
2021-01-06 08:00:00,1373.6794
2021-01-06 08:00:00,1373.6794
2021-01-06 08:00:00,1373.6794
2021-01-06 08:10:00,1371.9073
2021-01-06 08:10:00,1371.9073
2021-01-06 08:10:00,1371.9073
2021-01-06 08:10:00,1371.9073
2021-01-06 08:10:00,1371.9073
2021-01-06 08:10:00,1371.9073
2021-01-06 08:20:00,1370.1353
2021-01-06 08:20:00,1370.1353
2021-01-06 08:20:00,1370.1353
2021-01-06 08:20:00,1370.1353
2021-01-06 08:20:00,1370.1353
2021-01-06 08:20:00,1370.1353
2021-01-06 08:30:00,1368.3632
2021-01-06 08:30:00,1368.3632
2021-01-06 08:30:00,1368.3632
2021-01-06 08:30:00,1368.3632
2021-01-06 08:30:00,1368.3632
2021-01-06 08:30:00,1368.3632
2021-01-06 08:40:00,1366.5911
2021-01-06 08:40:00,1366.5911
2021-01-06 08:40:00,1366.5911
2021-01-06 08:40:00,1366.5911
2021-01-06 08:40:00,1366.5911
2021-01-06 08:40:00,1366.5911
2021-01-06 08:50:00,1364.819
2021-01-06 08:50:00,1364.819
2021-01-06 08:50:00,1364.819
2021-01-06 08:50:00,1364.819
2021-01-06 08:50:00,1364.819
2021-01-06 08:50:00,1364.819
2021-01-06 09:00:00,1363.0469
2021-01-06 09:00:00,1363.0469
2021-01-06 09:00:00,1363.0469
2021-01-06 09:00:00,1363.0469
2021-01-06 09:00:00,1363.0469
2021-01-06 09:00:00,1363.0469
2021-01-06 09:10:00,1361.2748
2021-01-06 09:10:00,1361.2748
2021-01-06 09:10:00,1361.2748
2021-01-06 09:10:00,1361.2748
2021-01-06 09:10:00,1361.2748
2021-01-06 09:10:00,1361.2748
2021-01-06 09:20:00,1359.5027
2021-01-06 09:20:00,1359.5027
2021-01-06 09:20:00,1359.5027
2021-01-06 09:20:00,1359.5027
2021-01-06 09:20:00,1359.5027
2021-01-06 09:20:00,1359.5027
2021-01-06 09:30:00,1357.7306
2021-01-06 09:30:00,1357.7306
2021-01-06 09:30:00,1357.7306
2021-01-06 09:30:00,1357.7306
2021-01-06 09:30:00,1357.7306
2021-01-06 09:30:00,1357.7306
2021-01-06 09:40:00,1355.9584
2021-01-06 09:40:00,1355.9584
2021-01-06 09:40:00,1355.9584
2021-01-06 09:40:00,1355.9584
2021-01-06 09:40:00,1355.9584
2021-01-06 09:40:00,1355.9584
2021-01-06 09:50:00,1354.1863
2021-01-06 09:50:00,1354.1863
2021-01-06 09:50:00,1354.1863
2021-01-06 09:50:00,1354.1863
2021-01-06 09:50:00,1354.1863
2021-01-06 09:50:00,1354.1863
2021-01-06 10:00:00,1352.4142
2021-01-06 10:00:00,1352.4142
2021-01-06 10:00:00,1352.4142
2021-01-06 10:00:00,1352.4142
2021-01-06 10:00:00,1352.4142
2021-01-06 10:00:00,1352.4142
2021-01-06 10:10:00,1350.6421
2021-01-06 10:10:00,1350.6421
2021-01-06 10:10:00,1350.6421
2021-01-06 10:10:00,1350.6421
2021-01-06 10:10:00,1350.6421
2021-01-06 10:10:00,1350.6421
2021-01-06 10:20:00,1348.87
2021-01-06 10:20:00,1348.87
2021-01-06 10:20:00,1348.87
2021-01-06 10:20:00,1348.87
2021-01-06 10:20:00,1348.87
2021-01-06 10:20:00,1348.87
2021-01-06 10:30:00,1153.09
2021-01-06 10:30:00,1153.09
2021-01-06 10:30:00,1153.09
2021-01-06 10:30:00,1153.09
2021-01-06 10:30:00,1153.09
2021-01-06 10:30:00,1153.09
2021-01-06 10:40:00,1289.82
2021-01-06 10:40:00,1289.82
2021-01-06 10:40:00,1289.82
2021-01-06 10:40:00,1289.82
2021-01-06 10:40:00,1289.82
2021-01-06 10:40:00,1289.82
2021-01-06 10:50:00,1270.666
2021-01-06 10:50:00,1270.666
2021-01-06 10:50:00,1270.666
2021-01-06 10:50:00,1270.666
2021-01-06 10:50:00,1270.666
2021-01-06 10:50:00,1270.666
2021-01-06 11:00:00,1251.512
2021-01-06 11:00:00,1251.512
2021-01-06 11:00:00,1251.512
2021-01-06 11:00:00,1251.512
2021-01-06 11:00:00,1251.512
2021-01-06 11:00:00,1251.512
2021-01-06 11:10:00,1232.358
2021-01-06 11:10:00,1232.358
2021-01-06 11:10:00,1232.358
2021-01-06 11:10:00,1232.358
2021-01-06 11:10:00,1232.358
2021-01-06 11:10:00,1232.358
2021-01-06 11:20:00,1213.204
2021-01-06 11:20:00,1213.204
2021-01-06 11:20:00,1213.204
2021-01-06 11:20:00,1213.204
2021-01-06 11:20:00,1213.204
2021-01-06 11:20:00,1213.204
2021-01-06 11:30:00,1194.05
2021-01-06 11:30:00,1194.05
2021-01-06 11:30:00,1194.05
2021-01-06 11:30:00,1194.05
2021-01-06 11:30:00,1194.05
2021-01-06 11:30:00,1194.05
2021-01-06 11:40:00,1052.99
2021-01-06 11:40:00,1052.99
2021-01-06 11:40:00,1052.99
2021-01-06 11:40:00,1052.99
2021-01-06 11:40:00,1052.99
2021-01-06 11:40:00,1052.99
2021-01-06 11:50:00,918.74
2021-01-06 11:50:00,918.74
2021-01-06 11:50:00,918.74
2021-01-06 11:50:00,918.74
2021-01-06 11:50:00,918.74
2021-01-06 11:50:00,918.74
2021-01-06 12:00:00,844.18
2021-01-06 12:00:00,844.18
2021-01-06 12:00:00,844.18
2021-01-06 12:00:00,844.18
2021-01-06 12:00:00,844.18
2021-01-06 12:00:00,844.18
2021-01-06 12:10:00,790.72
2021-01-06 12:10:00,790.72
2021-01-06 12:10:00,790.72
2021-01-06 12:10:00,790.72
2021-01-06 12:10:00,790.72
2021-01-06 12:10:00,790.72
2021-01-06 12:20:00,794.04
2021-01-06 12:20:00,794.04
2021-01-06 12:20:00,794.04
2021-01-06 12:20:00,794.04
2021-01-06 12:20:00,794.04
2021-01-06 12:20:00,794.04
2021-01-06 12:30:00,771.9
2021-01-06 12:30:00,771.9
2021-01-06 12:30:00,771.9
2021-01-06 12:30:00,771.9
2021-01-06 12:30:00,771.9
2021-01-06 12:30:00,771.9
2021-01-06 12:40:00,798.0
2021-01-06 12:40:00,798.0
2021-01-06 12:40:00,798.0
2021-01-06 12:40:00,798.0
2021-01-06 12:40:00,798.0
2021-01-06 12:40:00,798.0
2021-01-06 12:50:00,717.42
2021-01-06 12:50:00,717.42
2021-01-06 12:50:00,717.42
2021-01-06 12:50:00,717.42
2021-01-06 12:50:00,717.42
2021-01-06 12:50:00,717.42
2021-01-06 13:00:00,733.44
2021-01-06 13:00:00,733.44
2021-01-06 13:00:00,733.44
2021-01-06 13:00:00,733.44
2021-01-06 13:00:00,733.44
2021-01-06 13:00:00,733.44
2021-01-06 13:10:00,943.23
2021-01-06 13:10:00,943.23
2021-01-06 13:10:00,943.23
2021-01-06 13:10:00,943.23
2021-01-06 13:10:00,943.23
2021-01-06 13:10:00,943.23
2021-01-06 13:20:00,963.22
2021-01-06 13:20:00,963.22
2021-01-06 13:20:00,963.22
2021-01-06 13:20:00,963.22
2021-01-06 13:20:00,963.22
2021-01-06 13:20:00,963.22
2021-01-06 13:30:00,889.25
2021-01-06 13:30:00,889.25
2021-01-06 13:30:00,889.25
2021-01-06 13:30:00,889.25
2021-01-06 13:30:00,889.25
2021-01-06 13:30:00,889.25
2021-01-06 13:40:00,914.89
2021-01-06 13:40:00,914.89
2021-01-06 13:40:00,914.89
2021-01-06 13:40:00,914.89
2021-01-06 13:40:00,914.89
2021-01-06 13:40:00,914.89
2021-01-06 13:50:00,949.81
2021-01-06 13:50:00,949.81
2021-01-06 13:50:00,949.81
2021-01-06 13:50:00,949.81
2021-01-06 13:50:00,949.81
2021-01-06 13:50:00,949.81
2021-01-06 14:00:00,1028.59
2021-01-06 14:00:00,1028.59
2021-01-06 14:00:00,1028.59
2021-01-06 14:00:00,1028.59
2021-01-06 14:00:00,1028.59
2021-01-06 14:00:00,1028.59
2021-01-06 14:10:00,1161.82
2021-01-06 14:10:00,1161.82
2021-01-06 14:10:00,1161.82
2021-01-06 14:10:00,1161.82
2021-01-06 14:10:00,1161.82
2021-01-06 14:10:00,1161.82
2021-01-06 14:20:00,1141.39
2021-01-06 14:20:00,1141.39
2021-01-06 14:20:00,1141.39
2021-01-06 14:20:00,1141.39
2021-01-06 14:20:00,1141.39
2021-01-06 14:20:00,1141.39
2021-01-06 14:30:00,1280.48
2021-01-06 14:30:00,1280.48
2021-01-06 14:30:00,1280.48
2021-01-06 14:30:00,1280.48
2021-01-06 14:30:00,1280.48
2021-01-06 14:30:00,1280.48
2021-01-06 14:40:00,1292.66
2021-01-06 14:40:00,1292.66
2021-01-06 14:40:00,1292.66
2021-01-06 14:40:00,1292.66
2021-01-06 14:40:00,1292.66
2021-01-06 14:40:00,1292.66
2021-01-06 14:50:00,1304.84
2021-01-06 14:50:00,1304.84
2021-01-06 14:50:00,1304.84
2021-01-06 14:50:00,1304.84
2021-01-06 14:50:00,1304.84
2021-01-06 14:50:00,1304.84
2021-01-06 15:00:00,1317.02
2021-01-06 15:00:00,1317.02
2021-01-06 15:00:00,1317.02
2021-01-06 15:00:00,1317.02
2021-01-06 15:00:00,1317.02
2021-01-06 15:00:00,1317.02
2021-01-06 15:10:00,1237.905
2021-01-06 15:10:00,1237.905
2021-01-06 15:10:00,1237.905
2021-01-06 15:10:00,1237.905
2021-01-06 15:10:00,1237.905
2021-01-06 15:10:00,1237.905
2021-01-06 15:20:00,1158.79
2021-01-06 15:20:00,1158.79
2021-01-06 15:20:00,1158.79
2021-01-06 15:20:00,1158.79
2021-01-06 15:20:00,1158.79
2021-01-06 15:20:00,1158.79
2021-01-06 15:30:00,1164.83
2021-01-06 15:30:00,1164.83
2021-01-06 15:30:00,1164.83
2021-01-06 15:30:00,1164.83
2021-01-06 15:30:00,1164.83
2021-01-06 15:30:00,1164.83
2021-01-06 15:40:00,1249.96
2021-01-06 15:40:00,1249.96
2021-01-06 15:40:00,1249.96
2021-01-06 15:40:00,1249.96
2021-01-06 15:40:00,1249.96
2021-01-06 15:40:00,1249.96
2021-01-06 15:50:00,1267.9812
2021-01-06 15:50:00,1267.9812
2021-01-06 15:50:00,1267.9812
2021-01-06 15:50:00,1267.9812
2021-01-06 15:50:00,1267.9812
2021-01-06 15:50:00,1267.9812
2021-01-06 16:00:00,1286.0024
2021-01-06 16:00:00,1286.0024
2021-01-06 16:00:00,1286.0024
2021-01-06 16:00:00,1286.0024
2021-01-06 16:00:00,1286.0024
2021-01-06 16:00:00,1286.0024
2021-01-06 16:10:00,1304.0237
2021-01-06 16:10:00,1304.0237
2021-01-06 16:10:00,1304.0237
2021-01-06 16:10:00,1304.0237
2021-01-06 16:10:00,1304.0237
2021-01-06 16:10:00,1304.0237
2021-01-06 16:20:00,1322.0449
2021-01-06 16:20:00,1322.0449
2021-01-06 16:20:00,1322.0449
2021-01-06 16:20:00,1322.0449
2021-01-06 16:20:00,1322.0449
2021-01-06 16:20:00,1322.0449
2021-01-06 16:30:00,1340.0663
2021-01-06 16:30:00,1340.0663
2021-01-06 16:30:00,1340.0663
2021-01-06 16:30:00,1340.0663
2021-01-06 16:30:00,1340.0663
2021-01-06 16:30:00,1340.0663
2021-01-06 16:40:00,1358.0875
2021-01-06 16:40:00,1358.0875
2021-01-06 16:40:00,1358.0875
2021-01-06 16:40:00,1358.0875
2021-01-06 16:40:00,1358.0875
2021-01-06 16:40:00,1358.0875
2021-01-06 16:50:00,1376.1088
2021-01-06 16:50:00,1376.1088
2021-01-06 16:50:00,1376.1088
2021-01-06 16:50:00,1376.1088
2021-01-06 16:50:00,1376.1088
2021-01-06 16:50:00,1376.1088
2021-01-06 17:00:00,1394.13
2021-01-06 17:00:00,1394.13
2021-01-06 17:00:00,1394.13
2021-01-06 17:00:00,1394.13
2021-01-06 17:00:00,1394.13
2021-01-06 17:00:00,1394.13
2021-01-06 17:10:00,837.38
2021-01-06 17:10:00,837.38
2021-01-06 17:10:00,837.38
2021-01-06 17:10:00,837.38
2021-01-06 17:10:00,837.38
2021-01-06 17:10:00,837.38
2021-01-06 17:20:00,482.79
2021-01-06 17:20:00,482.79
2021-01-06 17:20:00,482.79
2021-01-06 17:20:00,482.79
2021-01-06 17:20:00,482.79
2021-01-06 17:20:00,482.79
2021-01-06 17:30:00,620.4
2021-01-06 17:30:00,620.4
2021-01-06 17:30:00,620.4
2021-01-06 17:30:00,620.4
2021-01-06 17:30:00,620.4
2021-01-06 17:30:00,620.4
2021-01-06 17:40:00,774.16
2021-01-06 17:40:00,774.16
2021-01-06 17:40:00,774.16
2021-01-06 17:40:00,774.16
2021-01-06 17:40:00,774.16
2021-01-06 17:40:00,774.16
2021-01-06 17:50:00,863.7
2021-01-06 17:50:00,863.7
2021-01-06 17:50:00,863.7
2021-01-06 17:50:00,863.7
2021-01-06 17:50:00,863.7
2021-01-06 17:50:00,863.7
2021-01-06 18:00:00,873.52
2021-01-06 18:00:00,873.52
2021-01-06 18:00:00,873.52
2021-01-06 18:00:00,873.52
2021-01-06 18:00:00,873.52
2021-01-06 18:00:00,873.52
2021-01-06 18:10:00,964.55
2021-01-06 18:10:00,964.55
2021-01-06 18:10:00,964.55
2021-01-06 18:10:00,964.55
2021-01-06 18:10:00,964.55
2021-01-06 18:10:00,964.55
2021-01-06 18:20:00,1078.17
2021-01-06 18:20:00,1078.17
2021-01-06 18:20:00,1078.17
2021-01-06 18:20:00,1078.17
2021-01-06 18:20:00,1078.17
2021-01-06 18:20:00,1078.17
2021-01-06 18:30:00,1137.46
2021-01-06 18:30:00,1137.46
2021-01-06 18:30:00,1137.46
2021-01-06 18:30:00,1137.46
2021-01-06 18:30:00,1137.46
2021-01-06 18:30:00,1137.46
2021-01-06 18:40:00,1106.33
2021-01-06 18:40:00,1106.33
2021-01-06 18:40:00,1106.33
2021-01-06 18:40:00,1106.33
2021-01-06 18:40:00,1106.33
2021-01-06 18:40:00,1106.33
2021-01-06 18:50:00,921.12
2021-01-06 18:50:00,921.12
2021-01-06 18:50:00,921.12
2021-01-06 18:50:00,921.12
2021-01-06 18:50:00,921.12
2021-01-06 18:50:00,921.12
2021-01-06 19:00:00,1301.83
2021-01-06 19:00:00,1301.83
2021-01-06 19:00:00,1301.83
2021-01-06 19:00:00,1301.83
2021-01-06 19:00:00,1301.83
2021-01-06 19:00:00,1301.83
2021-01-06 19:10:00,1214.0867
2021-01-06 19:10:00,1214.0867
2021-01-06 19:10:00,1214.0867
2021-01-06 19:10:00,1214.0867
2021-01-06 19:10:00,1214.0867
2021-01-06 19:10:00,1214.0867
2021-01-06 19:20:00,1126.3433
2021-01-06 19:20:00,1126.3433
2021-01-06 19:20:00,1126.3433
2021-01-06 19:20:00,1126.3433
2021-01-06 19:20:00,1126.3433
2021-01-06 19:20:00,1126.3433
2021-01-06 19:30:00,1038.6
2021-01-06 19:30:00,1038.6
2021-01-06 19:30:00,1038.6
2021-01-06 19:30:00,1038.6
2021-01-06 19:30:00,1038.6
2021-01-06 19:30:00,1038.6
2021-01-06 19:40:00,1111.45
2021-01-06 19:40:00,1111.45
2021-01-06 19:40:00,1111.45
2021-01-06 19:40:00,1111.45
2021-01-06 19:40:00,1111.45
2021-01-06 19:40:00,1111.45
2021-01-06 19:50:00,1171.83
2021-01-06 19:50:00,1171.83
2021-01-06 19:50:00,1171.83
2021-01-06 19:50:00,1171.83
2021-01-06 19:50:00,1171.83
2021-01-06 19:50:00,1171.83
2021-01-06 20:00:00,1240.7
2021-01-06 20:00:00,1240.7
2021-01-06 20:00:00,1240.7
2021-01-06 20:00:00,1240.7
2021-01-06 20:00:00,1240.7
2021-01-06 20:00:00,1240.7
2021-01-06 20:10:00,1295.52
2021-01-06 20:10:00,1295.52
2021-01-06 20:10:00,1295.52
2021-01-06 20:10:00,1295.52
2021-01-06 20:10:00,1295.52
2021-01-06 20:10:00,1295.52
2021-01-06 20:20:00,1172.72
2021-01-06 20:20:00,1172.72
2021-01-06 20:20:00,1172.72
2021-01-06 20:20:00,1172.72
2021-01-06 20:20:00,1172.72
2021-01-06 20:20:00,1172.72
2021-01-06 20:30:00,1150.69
2021-01-06 20:30:00,1150.69
2021-01-06 20:30:00,1150.69
2021-01-06 20:30:00,1150.69
2021-01-06 20:30:00,1150.69
2021-01-06 20:30:00,1150.69
2021-01-06 20:40:00,1148.46
2021-01-06 20:40:00,1148.46
2021-01-06 20:40:00,1148.46
2021-01-06 20:40:00,1148.46
2021-01-06 20:40:00,1148.46
2021-01-06 20:40:00,1148.46
2021-01-06 20:50:00,1146.23
2021-01-06 20:50:00,1146.23
2021-01-06 20:50:00,1146.23
2021-01-06 20:50:00,1146.23
2021-01-06 20:50:00,1146.23
2021-01-06 20:50:00,1146.23
2021-01-06 21:00:00,1144.0
2021-01-06 21:00:00,1144.0
2021-01-06 21:00:00,1144.0
2021-01-06 21:00:00,1144.0
2021-01-06 21:00:00,1144.0
2021-01-06 21:00:00,1144.0
2021-01-06 21:10:00,1141.7699
2021-01-06 21:10:00,1141.7699
2021-01-06 21:10:00,1141.7699
2021-01-06 21:10:00,1141.7699
2021-01-06 21:10:00,1141.7699
2021-01-06 21:10:00,1141.7699
2021-01-06 21:20:00,1139.5399
2021-01-06 21:20:00,1139.5399
2021-01-06 21:20:00,1139.5399
2021-01-06 21:20:00,1139.5399
2021-01-06 21:20:00,1139.5399
2021-01-06 21:20:00,1139.5399
2021-01-06 21:30:00,1137.3099
2021-01-06 21:30:00,1137.3099
2021-01-06 21:30:00,1137.3099
2021-01-06 21:30:00,1137.3099
2021-01-06 21:30:00,1137.3099
2021-01-06 21:30:00,1137.3099
2021-01-06 21:40:00,1135.08
2021-01-06 21:40:00,1135.08
2021-01-06 21:40:00,1135.08
2021-01-06 21:40:00,1135.08
2021-01-06 21:40:00,1135.08
2021-01-06 21:40:00,1135.08
2021-01-06 21:50:00,1132.85
2021-01-06 21:50:00,1132.85
2021-01-06 21:50:00,1132.85
2021-01-06 21:50:00,1132.85
2021-01-06 21:50:00,1132.85
2021-01-06 21:50:00,1132.85
2021-01-06 22:00:00,1130.62
2021-01-06 22:00:00,1130.62
2021-01-06 22:00:00,1130.62
2021-01-06 22:00:00,1130.62
2021-01-06 22:00:00,1130.62
2021-01-06 22:00:00,1130.62
2021-01-06 22:10:00,1128.3899
2021-01-06 22:10:00,1128.3899
2021-01-06 22:10:00,1128.3899
2021-01-06 22:10:00,1128.3899
2021-01-06 22:10:00,1128.3899
2021-01-06 22:10:00,1128.3899
2021-01-06 22:20:00,1126.1599
2021-01-06 22:20:00,1126.1599
2021-01-06 22:20:00,1126.1599
2021-01-06 22:20:00,1126.1599
2021-01-06 22:20:00,1126.1599
2021-01-06 22:20:00,1126.1599
2021-01-06 22:30:00,1123.9299
2021-01-06 22:30:00,1123.9299
2021-01-06 22:30:00,1123.9299
2021-01-06 22:30:00,1123.9299
2021-01-06 22:30:00,1123.9299
2021-01-06 22:30:00,1123.9299
2021-01-06 22:40:00,1121.7
2021-01-06 22:40:00,1121.7
2021-01-06 22:40:00,1121.7
2021-01-06 22:40:00,1121.7
2021-01-06 22:40:00,1121.7
2021-01-06 22:40:00,1121.7
2021-01-06 22:50:00,1119.47
2021-01-06 22:50:00,1119.47
2021-01-06 22:50:00,1119.47
2021-01-06 22:50:00,1119.47
2021-01-06 22:50:00,1119.47
2021-01-06 22:50:00,1119.47
2021-01-06 23:00:00,1117.24
2021-01-06 23:00:00,1117.24
2021-01-06 23:00:00,1117.24
2021-01-06 23:00:00,1117.24
2021-01-06 23:00:00,1117.24
2021-01-06 23:00:00,1117.24
2021-01-06 23:10:00,1115.0099
2021-01-06 23:10:00,1115.0099
2021-01-06 23:10:00,1115.0099
2021-01-06 23:10:00,1115.0099
2021-01-06 23:10:00,1115.0099
2021-01-06 23:10:00,1115.0099
2021-01-06 23:20:00,1112.7799
2021-01-06 23:20:00,1112.7799
2021-01-06 23:20:00,1112.7799
2021-01-06 23:20:00,1112.7799
2021-01-06 23:20:00,1112.7799
2021-01-06 23:20:00,1112.7799
2021-01-06 23:30:00,1110.5499
2021-01-06 23:30:00,1110.5499
2021-01-06 23:30:00,1110.5499
2021-01-06 23:30:00,1110.5499
2021-01-06 23:30:00,1110.5499
2021-01-06 23:30:00,1110.5499
2021-01-06 23:40:00,1108.32
2021-01-06 23:40:00,1108.32
2021-01-06 23:40:00,1108.32
2021-01-06 23:40:00,1108.32
2021-01-06 23:40:00,1108.32
2021-01-06 23:40:00,1108.32
2021-01-06 23:50:00,1159.57
2021-01-06 23:50:00,1159.57
2021-01-06 23:50:00,1159.57
2021-01-06 23:50:00,1159.57
2021-01-06 23:50:00,1159.57
2021-01-06 23:50:00,1159.57
2021-01-07 00:00:00,1172.53
2021-01-07 00:00:00,1172.53
2021-01-07 00:00:00,1172.53
2021-01-07 00:00:00,1172.53
2021-01-07 00:00:00,1172.53
2021-01-07 00:00:00,1172.53
2021-01-07 00:10:00,1230.25
2021-01-07 00:10:00,1230.25
2021-01-07 00:10:00,1230.25
2021-01-07 00:10:00,1230.25
2021-01-07 00:10:00,1230.25
2021-01-07 00:10:00,1230.25
2021-01-07 00:20:00,1262.02
2021-01-07 00:20:00,1262.02
2021-01-07 00:20:00,1262.02
2021-01-07 00:20:00,1262.02
2021-01-07 00:20:00,1262.02
2021-01-07 00:20:00,1262.02
2021-01-07 00:30:00,1247.26
2021-01-07 00:30:00,1247.26
2021-01-07 00:30:00,1247.26
2021-01-07 00:30:00,1247.26
2021-01-07 00:30:00,1247.26
2021-01-07 00:30:00,1247.26
2021-01-07 00:40:00,1353.96
2021-01-07 00:40:00,1353.96
2021-01-07 00:40:00,1353.96
2021-01-07 00:40:00,1353.96
2021-01-07 00:40:00,1353.96
2021-01-07 00:40:00,1353.96
2021-01-07 00:50:00,1391.07
2021-01-07 00:50:00,1391.07
2021-01-07 00:50:00,1391.07
2021-01-07 00:50:00,1391.07
2021-01-07 00:50:00,1391.07
2021-01-07 00:50:00,1391.07
2021-01-07 01:00:00,1314.25
2021-01-07 01:00:00,1314.25
2021-01-07 01:00:00,1314.25
2021-01-07 01:00:00,1314.25
2021-01-07 01:00:00,1314.25
2021-01-07 01:00:00,1314.25
2021-01-07 01:10:00,1363.11
2021-01-07 01:10:00,1363.11
2021-01-07 01:10:00,1363.11
2021-01-07 01:10:00,1363.11
2021-01-07 01:10:00,1363.11
2021-01-07 01:10:00,1363.11
2021-01-07 01:20:00,1295.41
2021-01-07 01:20:00,1295.41
2021-01-07 01:20:00,1295.41
2021-01-07 01:20:00,1295.41
2021-01-07 01:20:00,1295.41
2021-01-07 01:20:00,1295.41
2021-01-07 01:30:00,1058.86
2021-01-07 01:30:00,1058.86
2021-01-07 01:30:00,1058.86
2021-01-07 01:30:00,1058.86
2021-01-07 01:30:00,1058.86
2021-01-07 01:30:00,1058.86
2021-01-07 01:40:00,958.53
2021-01-07 01:40:00,958.53
2021-01-07 01:40:00,958.53
2021-01-07 01:40:00,958.53
2021-01-07 01:40:00,958.53
2021-01-07 01:40:00,958.53
2021-01-07 01:50:00,1179.68
2021-01-07 01:50:00,1179.68
2021-01-07 01:50:00,1179.68
2021-01-07 01:50:00,1179.68
2021-01-07 01:50:00,1179.68
2021-01-07 01:50:00,1179.68
2021-01-07 02:00:00,1083.57
2021-01-07 02:00:00,1083.57
2021-01-07 02:00:00,1083.57
2021-01-07 02:00:00,1083.57
2021-01-07 02:00:00,1083.57
2021-01-07 02:00:00,1083.57
2021-01-07 02:10:00,1035.6
2021-01-07 02:10:00,1035.6
2021-01-07 02:10:00,1035.6
2021-01-07 02:10:00,1035.6
2021-01-07 02:10:00,1035.6
2021-01-07 02:10:00,1035.6
2021-01-07 02:20:00,1152.08
2021-01-07 02:20:00,1152.08
2021-01-07 02:20:00,1152.08
2021-01-07 02:20:00,1152.08
2021-01-07 02:20:00,1152.08
2021-01-07 02:20:00,1152.08
2021-01-07 02:30:00,1098.01
2021-01-07 02:30:00,1098.01
2021-01-07 02:30:00,1098.01
2021-01-07 02:30:00,1098.01
2021-01-07 02:30:00,1098.01
2021-01-07 02:30:00,1098.01
2021-01-07 02:40:00,714.04
2021-01-07 02:40:00,714.04
2021-01-07 02:40:00,714.04
2021-01-07 02:40:00,714.04
2021-01-07 02:40:00,714.04
2021-01-07 02:40:00,714.04
2021-01-07 02:50:00,692.41
2021-01-07 02:50:00,692.41
2021-01-07 02:50:00,692.41
2021-01-07 02:50:00,692.41
2021-01-07 02:50:00,692.41
2021-01-07 02:50:00,692.41
2021-01-07 03:00:00,862.17
2021-01-07 03:00:00,862.17
2021-01-07 03:00:00,862.17
2021-01-07 03:00:00,862.17
2021-01-07 03:00:00,862.17
2021-01-07 03:00:00,862.17
2021-01-07 03:10:00,869.26
2021-01-07 03:10:00,869.26
2021-01-07 03:10:00,869.26
2021-01-07 03:10:00,869.26
2021-01-07 03:10:00,869.26
2021-01-07 03:10:00,869.26
2021-01-07 03:20:00,627.82
2021-01-07 03:20:00,627.82
2021-01-07 03:20:00,627.82
2021-01-07 03:20:00,627.82
2021-01-07 03:20:00,627.82
2021-01-07 03:20:00,627.82
2021-01-07 03:30:00,490.76
2021-01-07 03:30:00,490.76
2021-01-07 03:30:00,490.76
2021-01-07 03:30:00,490.76
2021-01-07 03:30:00,490.76
2021-01-07 03:30:00,490.76
2021-01-07 03:40:00,516.9
2021-01-07 03:40:00,516.9
2021-01-07 03:40:00,516.9
2021-01-07 03:40:00,516.9
2021-01-07 03:40:00,516.9
2021-01-07 03:40:00,516.9
2021-01-07 03:50:00,505.61
2021-01-07 03:50:00,505.61
2021-01-07 03:50:00,505.61
2021-01-07 03:50:00,505.61
2021-01-07 03:50:00,505.61
2021-01-07 03:50:00,505.61
2021-01-07 04:00:00,497.27
2021-01-07 04:00:00,497.27
2021-01-07 04:00:00,497.27
2021-01-07 04:00:00,497.27
2021-01-07 04:00:00,497.27
2021-01-07 04:00:00,497.27
2021-01-07 04:10:00,366.52
2021-01-07 04:10:00,366.52
2021-01-07 04:10:00,366.52
2021-01-07 04:10:00,366.52
2021-01-07 04:10:00,366.52
2021-01-07 04:10:00,366.52
2021-01-07 04:20:00,366.78
2021-01-07 04:20:00,366.78
2021-01-07 04:20:00,366.78
2021-01-07 04:20:00,366.78
2021-01-07 04:20:00,366.78
2021-01-07 04:20:00,366.78
2021-01-07 04:30:00,482.04
2021-01-07 04:30:00,482.04
2021-01-07 04:30:00,482.04
2021-01-07 04:30:00,482.04
2021-01-07 04:30:00,482.04
2021-01-07 04:30:00,482.04
2021-01-07 04:40:00,559.07
2021-01-07 04:40:00,559.07
2021-01-07 04:40:00,559.07
2021-01-07 04:40:00,559.07
2021-01-07 04:40:00,559.07
2021-01-07 04:40:00,559.07
2021-01-07 04:50:00,674.24
2021-01-07 04:50:00,674.24
2021-01-07 04:50:00,674.24
2021-01-07 04:50:00,674.24
2021-01-07 04:50:00,674.24
2021-01-07 04:50:00,674.24
2021-01-07 05:00:00,587.16
2021-01-07 05:00:00,587.16
2021-01-07 05:00:00,587.16
2021-01-07 05:00:00,587.16
2021-01-07 05:00:00,587.16
2021-01-07 05:00:00,587.16
2021-01-07 05:10:00,533.7
2021-01-07 05:10:00,533.7
2021-01-07 05:10:00,533.7
2021-01-07 05:10:00,533.7
2021-01-07 05:10:00,533.7
2021-01-07 05:10:00,533.7
2021-01-07 05:20:00,505.57
2021-01-07 05:20:00,505.57
2021-01-07 05:20:00,505.57
2021-01-07 05:20:00,505.57
2021-01-07 05:20:00,505.57
2021-01-07 05:20:00,505.57
2021-01-07 05:30:00,458.2
2021-01-07 05:30:00,458.2
2021-01-07 05:30:00,458.2
2021-01-07 05:30:00,458.2
2021-01-07 05:30:00,458.2
2021-01-07 05:30:00,458.2
2021-01-07 05:40:00,473.77
2021-01-07 05:40:00,473.77
2021-01-07 05:40:00,473.77
2021-01-07 05:40:00,473.77
2021-01-07 05:40:00,473.77
2021-01-07 05:40:00,473.77
2021-01-07 05:50:00,529.42
2021-01-07 05:50:00,529.42
2021-01-07 05:50:00,529.42
2021-01-07 05:50:00,529.42
2021-01-07 05:50:00,529.42
2021-01-07 05:50:00,529.42
2021-01-07 06:00:00,454.0
2021-01-07 06:00:00,454.0
2021-01-07 06:00:00,454.0
2021-01-07 06:00:00,454.0
2021-01-07 06:00:00,454.0
2021-01-07 06:00:00,454.0
2021-01-07 06:10:00,791.29
2021-01-07 06:10:00,791.29
2021-01-07 06:10:00,791.29
2021-01-07 06:10:00,791.29
2021-01-07 06:10:00,791.29
2021-01-07 06:10:00,791.29
2021-01-07 06:20:00,687.09
2021-01-07 06:20:00,687.09
2021-01-07 06:20:00,687.09
2021-01-07 06:20:00,687.09
2021-01-07 06:20:00,687.09
2021-01-07 06:20:00,687.09
2021-01-07 06:30:00,706.32
2021-01-07 06:30:00,706.32
2021-01-07 06:30:00,706.32
2021-01-07 06:30:00,706.32
2021-01-07 06:30:00,706.32
2021-01-07 06:30:00,706.32
2021-01-07 06:40:00,543.79
2021-01-07 06:40:00,543.79
2021-01-07 06:40:00,543.79
2021-01-07 06:40:00,543.79
2021-01-07 06:40:00,543.79
2021-01-07 06:40:00,543.79
2021-01-07 06:50:00,554.2
2021-01-07 06:50:00,554.2
2021-01-07 06:50:00,554.2
2021-01-07 06:50:00,554.2
2021-01-07 06:50:00,554.2
2021-01-07 06:50:00,554.2
2021-01-07 07:00:00,501.79
2021-01-07 07:00:00,501.79
2021-01-07 07:00:00,501.79
2021-01-07 07:00:00,501.79
2021-01-07 07:00:00,501.79
2021-01-07 07:00:00,501.79
2021-01-07 07:10:00,496.11
2021-01-07 07:10:00,496.11
2021-01-07 07:10:00,496.11
2021-01-07 07:10:00,496.11
2021-01-07 07:10:00,496.11
2021-01-07 07:10:00,496.11
2021-01-07 07:20:00,525.86
2021-01-07 07:20:00,525.86
2021-01-07 07:20:00,525.86
2021-01-07 07:20:00,525.86
2021-01-07 07:20:00,525.86
2021-01-07 07:20:00,525.86
2021-01-07 07:30:00,486.74
2021-01-07 07:30:00,486.74
2021-01-07 07:30:00,486.74
2021-01-07 07:30:00,486.74
2021-01-07 07:30:00,486.74
2021-01-07 07:30:00,486.74
2021-01-07 07:40:00,440.15
2021-01-07 07:40:00,440.15
2021-01-07 07:40:00,440.15
2021-01-07 07:40:00,440.15
2021-01-07 07:40:00,440.15
2021-01-07 07:40:00,440.15
2021-01-07 07:50:00,434.39
2021-01-07 07:50:00,434.39
2021-01-07 07:50:00,434.39
2021-01-07 07:50:00,434.39
2021-01-07 07:50:00,434.39
2021-01-07 07:50:00,434.39
2021-01-07 08:00:00,414.56
2021-01-07 08:00:00,414.56
2021-01-07 08:00:00,414.56
2021-01-07 08:00:00,414.56
2021-01-07 08:00:00,414.56
2021-01-07 08:00:00,414.56
2021-01-07 08:10:00,408.5
2021-01-07 08:10:00,408.5
2021-01-07 08:10:00,408.5
2021-01-07 08:10:00,408.5
2021-01-07 08:10:00,408.5
2021-01-07 08:10:00,408.5
2021-01-07 08:20:00,425.32
2021-01-07 08:20:00,425.32
2021-01-07 08:20:00,425.32
2021-01-07 08:20:00,425.32
2021-01-07 08:20:00,425.32
2021-01-07 08:20:00,425.32
2021-01-07 08:30:00,372.86
2021-01-07 08:30:00,372.86
2021-01-07 08:30:00,372.86
2021-01-07 08:30:00,372.86
2021-01-07 08:30:00,372.86
2021-01-07 08:30:00,372.86
2021-01-07 08:40:00,382.35
2021-01-07 08:40:00,382.35
2021-01-07 08:40:00,382.35
2021-01-07 08:40:00,382.35
2021-01-07 08:40:00,382.35
2021-01-07 08:40:00,382.35
2021-01-07 08:50:00,330.18
2021-01-07 08:50:00,330.18
2021-01-07 08:50:00,330.18
2021-01-07 08:50:00,330.18
2021-01-07 08:50:00,330.18
2021-01-07 08:50:00,330.18
2021-01-07 09:00:00,286.29
2021-01-07 09:00:00,286.29
2021-01-07 09:00:00,286.29
2021-01-07 09:00:00,286.29
2021-01-07 09:00:00,286.29
2021-01-07 09:00:00,286.29
2021-01-07 09:10:00,297.72
2021-01-07 09:10:00,297.72
2021-01-07 09:10:00,297.72
2021-01-07 09:10:00,297.72
2021-01-07 09:10:00,297.72
2021-01-07 09:10:00,297.72
2021-01-07 09:20:00,254.21
2021-01-07 09:20:00,254.21
2021-01-07 09:20:00,254.21
2021-01-07 09:20:00,254.21
2021-01-07 09:20:00,254.21
2021-01-07 09:20:00,254.21
2021-01-07 09:30:00,258.81
2021-01-07 09:30:00,258.81
2021-01-07 09:30:00,258.81
2021-01-07 09:30:00,258.81
2021-01-07 09:30:00,258.81
2021-01-07 09:30:00,258.81
2021-01-07 09:40:00,163.32
2021-01-07 09:40:00,163.32
2021-01-07 09:40:00,163.32
2021-01-07 09:40:00,163.32
2021-01-07 09:40:00,163.32
2021-01-07 09:40:00,163.32
2021-01-07 09:50:00,161.74
2021-01-07 09:50:00,161.74
2021-01-07 09:50:00,161.74
2021-01-07 09:50:00,161.74
2021-01-07 09:50:00,161.74
2021-01-07 09:50:00,161.74
2021-01-07 10:00:00,160.45
2021-01-07 10:00:00,160.45
2021-01-07 10:00:00,160.45
2021-01-07 10:00:00,160.45
2021-01-07 10:00:00,160.45
2021-01-07 10:00:00,160.45
2021-01-07 10:10:00,133.53
2021-01-07 10:10:00,133.53
2021-01-07 10:10:00,133.53
2021-01-07 10:10:00,133.53
2021-01-07 10:10:00,133.53
2021-01-07 10:10:00,133.53
2021-01-07 10:20:00,142.36
2021-01-07 10:20:00,142.36
2021-01-07 10:20:00,142.36
2021-01-07 10:20:00,142.36
2021-01-07 10:20:00,142.36
2021-01-07 10:20:00,142.36
2021-01-07 10:30:00,187.05
2021-01-07 10:30:00,187.05
2021-01-07 10:30:00,187.05
2021-01-07 10:30:00,187.05
2021-01-07 10:30:00,187.05
2021-01-07 10:30:00,187.05
2021-01-07 10:40:00,108.24
2021-01-07 10:40:00,108.24
2021-01-07 10:40:00,108.24
2021-01-07 10:40:00,108.24
2021-01-07 10:40:00,108.24
2021-01-07 10:40:00,108.24
2021-01-07 10:50:00,52.8
2021-01-07 10:50:00,52.8
2021-01-07 10:50:00,52.8
2021-01-07 10:50:00,52.8
2021-01-07 10:50:00,52.8
2021-01-07 10:50:00,52.8
2021-01-07 11:00:00,42.72
2021-01-07 11:00:00,42.72
2021-01-07 11:00:00,42.72
2021-01-07 11:00:00,42.72
2021-01-07 11:00:00,42.72
2021-01-07 11:00:00,42.72
2021-01-07 11:10:00,20.18
2021-01-07 11:10:00,20.18
2021-01-07 11:10:00,20.18
2021-01-07 11:10:00,20.18
2021-01-07 11:10:00,20.18
2021-01-07 11:10:00,20.18
2021-01-07 11:20:00,25.48
2021-01-07 11:20:00,25.48
2021-01-07 11:20:00,25.48
2021-01-07 11:20:00,25.48
2021-01-07 11:20:00,25.48
2021-01-07 11:20:00,25.48
2021-01-07 11:30:00,36.5
2021-01-07 11:30:00,36.5
2021-01-07 11:30:00,36.5
2021-01-07 11:30:00,36.5
2021-01-07 11:30:00,36.5
2021-01-07 11:30:00,36.5
2021-01-07 11:40:00,133.87
2021-01-07 11:40:00,133.87
2021-01-07 11:40:00,133.87
2021-01-07 11:40:00,133.87
2021-01-07 11:40:00,133.87
2021-01-07 11:40:00,133.87
2021-01-07 11:50:00,122.84
2021-01-07 11:50:00,122.84
2021-01-07 11:50:00,122.84
2021-01-07 11:50:00,122.84
2021-01-07 11:50:00,122.84
2021-01-07 11:50:00,122.84
2021-01-07 12:00:00,112.69
2021-01-07 12:00:00,112.69
2021-01-07 12:00:00,112.69
2021-01-07 12:00:00,112.69
2021-01-07 12:00:00,112.69
2021-01-07 12:00:00,112.69
2021-01-07 12:10:00,69.07
2021-01-07 12:10:00,69.07
2021-01-07 12:10:00,69.07
2021-01-07 12:10:00,69.07
2021-01-07 12:10:00,69.07
2021-01-07 12:10:00,69.07
2021-01-07 12:20:00,46.3
2021-01-07 12:20:00,46.3
2021-01-07 12:20:00,46.3
2021-01-07 12:20:00,46.3
2021-01-07 12:20:00,46.3
2021-01-07 12:20:00,46.3
2021-01-07 12:30:00,35.74
2021-01-07 12:30:00,35.74
2021-01-07 12:30:00,35.74
2021-01-07 12:30:00,35.74
2021-01-07 12:30:00,35.74
2021-01-07 12:30:00,35.74
2021-01-07 12:40:00,35.01
2021-01-07 12:40:00,35.01
2021-01-07 12:40:00,35.01
2021-01-07 12:40:00,35.01
2021-01-07 12:40:00,35.01
2021-01-07 12:40:00,35.01
2021-01-07 12:50:00,35.93
2021-01-07 12:50:00,35.93
2021-01-07 12:50:00,35.93
2021-01-07 12:50:00,35.93
2021-01-07 12:50:00,35.93
2021-01-07 12:50:00,35.93
2021-01-07 13:00:00,31.52
2021-01-07 13:00:00,31.52
2021-01-07 13:00:00,31.52
2021-01-07 13:00:00,31.52
2021-01-07 13:00:00,31.52
2021-01-07 13:00:00,31.52
2021-01-07 13:10:00,1.77
2021-01-07 13:10:00,1.77
2021-01-07 13:10:00,1.77
2021-01-07 13:10:00,1.77
2021-01-07 13:10:00,1.77
2021-01-07 13:10:00,1.77
2021-01-07 13:20:00,0.0
2021-01-07 13:20:00,0.0
2021-01-07 13:20:00,0.0
2021-01-07 13:20:00,0.0
2021-01-07 13:20:00,0.0
2021-01-07 13:20:00,0.0
2021-01-07 13:30:00,0.0
2021-01-07 13:30:00,0.0
2021-01-07 13:30:00,0.0
2021-01-07 13:30:00,0.0
2021-01-07 13:30:00,0.0
2021-01-07 13:30:00,0.0
2021-01-07 13:40:00,0.0
2021-01-07 13:40:00,0.0
2021-01-07 13:40:00,0.0
2021-01-07 13:40:00,0.0
2021-01-07 13:40:00,0.0
2021-01-07 13:40:00,0.0
2021-01-07 13:50:00,0.0
2021-01-07 13:50:00,0.0
2021-01-07 13:50:00,0.0
2021-01-07 13:50:00,0.0
2021-01-07 13:50:00,0.0
2021-01-07 13:50:00,0.0
2021-01-07 14:00:00,0.0
2021-01-07 14:00:00,0.0
2021-01-07 14:00:00,0.0
2021-01-07 14:00:00,0.0
2021-01-07 14:00:00,0.0
2021-01-07 14:00:00,0.0
2021-01-07 14:10:00,0.0
2021-01-07 14:10:00,0.0
2021-01-07 14:10:00,0.0
2021-01-07 14:10:00,0.0
2021-01-07 14:10:00,0.0
2021-01-07 14:10:00,0.0
2021-01-07 14:20:00,0.0
2021-01-07 14:20:00,0.0
2021-01-07 14:20:00,0.0
2021-01-07 14:20:00,0.0
2021-01-07 14:20:00,0.0
2021-01-07 14:20:00,0.0
2021-01-07 14:30:00,0.0
2021-01-07 14:30:00,0.0
2021-01-07 14:30:00,0.0
2021-01-07 14:30:00,0.0
2021-01-07 14:30:00,0.0
2021-01-07 14:30:00,0.0
2021-01-07 14:40:00,0.0
2021-01-07 14:40:00,0.0
2021-01-07 14:40:00,0.0
2021-01-07 14:40:00,0.0
2021-01-07 14:40:00,0.0
2021-01-07 14:40:00,0.0
2021-01-07 14:50:00,0.0
2021-01-07 14:50:00,0.0
2021-01-07 14:50:00,0.0
2021-01-07 14:50:00,0.0
2021-01-07 14:50:00,0.0
2021-01-07 14:50:00,0.0
2021-01-07 15:00:00,0.0
2021-01-07 15:00:00,0.0
2021-01-07 15:00:00,0.0
2021-01-07 15:00:00,0.0
2021-01-07 15:00:00,0.0
2021-01-07 15:00:00,0.0
2021-01-07 15:10:00,0.0
2021-01-07 15:10:00,0.0
2021-01-07 15:10:00,0.0
2021-01-07 15:10:00,0.0
2021-01-07 15:10:00,0.0
2021-01-07 15:10:00,0.0
2021-01-07 15:20:00,0.0
2021-01-07 15:20:00,0.0
2021-01-07 15:20:00,0.0
2021-01-07 15:20:00,0.0
2021-01-07 15:20:00,0.0
2021-01-07 15:20:00,0.0
2021-01-07 15:30:00,0.0
2021-01-07 15:30:00,0.0
2021-01-07 15:30:00,0.0
2021-01-07 15:30:00,0.0
2021-01-07 15:30:00,0.0
2021-01-07 15:30:00,0.0
2021-01-07 15:40:00,0.0
2021-01-07 15:40:00,0.0
2021-01-07 15:40:00,0.0
2021-01-07 15:40:00,0.0
2021-01-07 15:40:00,0.0
2021-01-07 15:40:00,0.0
2021-01-07 15:50:00,0.0
2021-01-07 15:50:00,0.0
2021-01-07 15:50:00,0.0
2021-01-07 15:50:00,0.0
2021-01-07 15:50:00,0.0
2021-01-07 15:50:00,0.0
2021-01-07 16:00:00,0.0
2021-01-07 16:00:00,0.0
2021-01-07 16:00:00,0.0
2021-01-07 16:00:00,0.0
2021-01-07 16:00:00,0.0
2021-01-07 16:00:00,0.0
2021-01-07 16:10:00,0.0
2021-01-07 16:10:00,0.0
2021-01-07 16:10:00,0.0
2021-01-07 16:10:00,0.0
2021-01-07 16:10:00,0.0
2021-01-07 16:10:00,0.0
2021-01-07 16:20:00,0.0
2021-01-07 16:20:00,0.0
2021-01-07 16:20:00,0.0
2021-01-07 16:20:00,0.0
2021-01-07 16:20:00,0.0
2021-01-07 16:20:00,0.0
2021-01-07 16:30:00,0.0
2021-01-07 16:30:00,0.0
2021-01-07 16:30:00,0.0
2021-01-07 16:30:00,0.0
2021-01-07 16:30:00,0.0
2021-01-07 16:30:00,0.0
2021-01-07 16:40:00,0.0
2021-01-07 16:40:00,0.0
2021-01-07 16:40:00,0.0
2021-01-07 16:40:00,0.0
2021-01-07 16:40:00,0.0
2021-01-07 16:40:00,0.0
2021-01-07 16:50:00,0.0
2021-01-07 16:50:00,0.0
2021-01-07 16:50:00,0.0
2021-01-07 16:50:00,0.0
2021-01-07 16:50:00,0.0
2021-01-07 16:50:00,0.0
2021-01-07 17:00:00,0.0
2021-01-07 17:00:00,0.0
2021-01-07 17:00:00,0.0
2021-01-07 17:00:00,0.0
2021-01-07 17:00:00,0.0
2021-01-07 17:00:00,0.0
2021-01-07 17:10:00,0.0
2021-01-07 17:10:00,0.0
2021-01-07 17:10:00,0.0
2021-01-07 17:10:00,0.0
2021-01-07 17:10:00,0.0
2021-01-07 17:10:00,0.0
2021-01-07 17:20:00,0.0
2021-01-07 17:20:00,0.0
2021-01-07 17:20:00,0.0
2021-01-07 17:20:00,0.0
2021-01-07 17:20:00,0.0
2021-01-07 17:20:00,0.0
2021-01-07 17:30:00,0.0
2021-01-07 17:30:00,0.0
2021-01-07 17:30:00,0.0
2021-01-07 17:30:00,0.0
2021-01-07 17:30:00,0.0
2021-01-07 17:30:00,0.0
2021-01-07 17:40:00,0.0
2021-01-07 17:40:00,0.0
2021-01-07 17:40:00,0.0
2021-01-07 17:40:00,0.0
2021-01-07 17:40:00,0.0
2021-01-07 17:40:00,0.0
2021-01-07 17:50:00,0.0
2021-01-07 17:50:00,0.0
2021-01-07 17:50:00,0.0
2021-01-07 17:50:00,0.0
2021-01-07 17:50:00,0.0
2021-01-07 17:50:00,0.0
2021-01-07 18:00:00,0.0
2021-01-07 18:00:00,0.0
2021-01-07 18:00:00,0.0
2021-01-07 18:00:00,0.0
2021-01-07 18:00:00,0.0
2021-01-07 18:00:00,0.0
2021-01-07 18:10:00,0.0
2021-01-07 18:10:00,0.0
2021-01-07 18:10:00,0.0
2021-01-07 18:10:00,0.0
2021-01-07 18:10:00,0.0
2021-01-07 18:10:00,0.0
2021-01-07 18:20:00,0.0
2021-01-07 18:20:00,0.0
2021-01-07 18:20:00,0.0
2021-01-07 18:20:00,0.0
2021-01-07 18:20:00,0.0
2021-01-07 18:20:00,0.0
2021-01-07 18:30:00,0.0
2021-01-07 18:30:00,0.0
2021-01-07 18:30:00,0.0
2021-01-07 18:30:00,0.0
2021-01-07 18:30:00,0.0
2021-01-07 18:30:00,0.0
2021-01-07 18:40:00,0.0
2021-01-07 18:40:00,0.0
2021-01-07 18:40:00,0.0
2021-01-07 18:40:00,0.0
2021-01-07 18:40:00,0.0
2021-01-07 18:40:00,0.0
2021-01-07 18:50:00,0.0
2021-01-07 18:50:00,0.0
2021-01-07 18:50:00,0.0
2021-01-07 18:50:00,0.0
2021-01-07 18:50:00,0.0
2021-01-07 18:50:00,0.0
2021-01-07 19:00:00,0.0
2021-01-07 19:00:00,0.0
2021-01-07 19:00:00,0.0
2021-01-07 19:00:00,0.0
2021-01-07 19:00:00,0.0
2021-01-07 19:00:00,0.0
2021-01-07 19:10:00,0.0
2021-01-07 19:10:00,0.0
2021-01-07 19:10:00,0.0
2021-01-07 19:10:00,0.0
2021-01-07 19:10:00,0.0
2021-01-07 19:10:00,0.0
2021-01-07 19:20:00,0.0
2021-01-07 19:20:00,0.0
2021-01-07 19:20:00,0.0
2021-01-07 19:20:00,0.0
2021-01-07 19:20:00,0.0
2021-01-07 19:20:00,0.0
2021-01-07 19:30:00,0.0
2021-01-07 19:30:00,0.0
2021-01-07 19:30:00,0.0
2021-01-07 19:30:00,0.0
2021-01-07 19:30:00,0.0
2021-01-07 19:30:00,0.0
2021-01-07 19:40:00,0.0
2021-01-07 19:40:00,0.0
2021-01-07 19:40:00,0.0
2021-01-07 19:40:00,0.0
2021-01-07 19:40:00,0.0
2021-01-07 19:40:00,0.0
2021-01-07 19:50:00,0.0
2021-01-07 19:50:00,0.0
2021-01-07 19:50:00,0.0
2021-01-07 19:50:00,0.0
2021-01-07 19:50:00,0.0
2021-01-07 19:50:00,0.0
2021-01-07 20:00:00,0.0
2021-01-07 20:00:00,0.0
2021-01-07 20:00:00,0.0
2021-01-07 20:00:00,0.0
2021-01-07 20:00:00,0.0
2021-01-07 20:00:00,0.0
2021-01-07 20:10:00,0.0
2021-01-07 20:10:00,0.0
2021-01-07 20:10:00,0.0
2021-01-07 20:10:00,0.0
2021-01-07 20:10:00,0.0
2021-01-07 20:10:00,0.0
2021-01-07 20:20:00,0.0
2021-01-07 20:20:00,0.0
2021-01-07 20:20:00,0.0
2021-01-07 20:20:00,0.0
2021-01-07 20:20:00,0.0
2021-01-07 20:20:00,0.0
2021-01-07 20:30:00,0.0
2021-01-07 20:30:00,0.0
2021-01-07 20:30:00,0.0
2021-01-07 20:30:00,0.0
2021-01-07 20:30:00,0.0
2021-01-07 20:30:00,0.0
2021-01-07 20:40:00,97.63
2021-01-07 20:40:00,97.63
2021-01-07 20:40:00,97.63
2021-01-07 20:40:00,97.63
2021-01-07 20:40:00,97.63
2021-01-07 20:40:00,97.63
2021-01-07 20:50:00,117.28
2021-01-07 20:50:00,117.28
2021-01-07 20:50:00,117.28
2021-01-07 20:50:00,117.28
2021-01-07 20:50:00,117.28
2021-01-07 20:50:00,117.28
2021-01-07 21:00:00,141.35
2021-01-07 21:00:00,141.35
2021-01-07 21:00:00,141.35
2021-01-07 21:00:00,141.35
2021-01-07 21:00:00,141.35
2021-01-07 21:00:00,141.35
2021-01-07 21:10:00,140.87
2021-01-07 21:10:00,140.87
2021-01-07 21:10:00,140.87
2021-01-07 21:10:00,140.87
2021-01-07 21:10:00,140.87
2021-01-07 21:10:00,140.87
2021-01-07 21:20:00,155.26
2021-01-07 21:20:00,155.26
2021-01-07 21:20:00,155.26
2021-01-07 21:20:00,155.26
2021-01-07 21:20:00,155.26
2021-01-07 21:20:00,155.26
2021-01-07 21:30:00,190.94
2021-01-07 21:30:00,190.94
2021-01-07 21:30:00,190.94
2021-01-07 21:30:00,190.94
2021-01-07 21:30:00,190.94
2021-01-07 21:30:00,190.94
2021-01-07 21:40:00,188.84
2021-01-07 21:40:00,188.84
2021-01-07 21:40:00,188.84
2021-01-07 21:40:00,188.84
2021-01-07 21:40:00,188.84
2021-01-07 21:40:00,188.84
2021-01-07 21:50:00,236.95
2021-01-07 21:50:00,236.95
2021-01-07 21:50:00,236.95
2021-01-07 21:50:00,236.95
2021-01-07 21:50:00,236.95
2021-01-07 21:50:00,236.95
2021-01-07 22:00:00,298.27
2021-01-07 22:00:00,298.27
2021-01-07 22:00:00,298.27
2021-01-07 22:00:00,298.27
2021-01-07 22:00:00,298.27
2021-01-07 22:00:00,298.27
2021-01-07 22:10:00,330.6
2021-01-07 22:10:00,330.6
2021-01-07 22:10:00,330.6
2021-01-07 22:10:00,330.6
2021-01-07 22:10:00,330.6
2021-01-07 22:10:00,330.6
2021-01-07 22:20:00,400.4
2021-01-07 22:20:00,400.4
2021-01-07 22:20:00,400.4
2021-01-07 22:20:00,400.4
2021-01-07 22:20:00,400.4
2021-01-07 22:20:00,400.4
2021-01-07 22:30:00,406.65
2021-01-07 22:30:00,406.65
2021-01-07 22:30:00,406.65
2021-01-07 22:30:00,406.65
2021-01-07 22:30:00,406.65
2021-01-07 22:30:00,406.65
2021-01-07 22:40:00,469.33
2021-01-07 22:40:00,469.33
2021-01-07 22:40:00,469.33
2021-01-07 22:40:00,469.33
2021-01-07 22:40:00,469.33
2021-01-07 22:40:00,469.33
2021-01-07 22:50:00,676.13
2021-01-07 22:50:00,676.13
2021-01-07 22:50:00,676.13
2021-01-07 22:50:00,676.13
2021-01-07 22:50:00,676.13
2021-01-07 22:50:00,676.13
2021-01-07 23:00:00,785.01
2021-01-07 23:00:00,785.01
2021-01-07 23:00:00,785.01
2021-01-07 23:00:00,785.01
2021-01-07 23:00:00,785.01
2021-01-07 23:00:00,785.01
2021-01-07 23:10:00,864.8
2021-01-07 23:10:00,864.8
2021-01-07 23:10:00,864.8
2021-01-07 23:10:00,864.8
2021-01-07 23:10:00,864.8
2021-01-07 23:10:00,864.8
2021-01-07 23:20:00,837.7
2021-01-07 23:20:00,837.7
2021-01-07 23:20:00,837.7
2021-01-07 23:20:00,837.7
2021-01-07 23:20:00,837.7
2021-01-07 23:20:00,837.7
2021-01-07 23:30:00,710.61
2021-01-07 23:30:00,710.61
2021-01-07 23:30:00,710.61
2021-01-07 23:30:00,710.61
2021-01-07 23:30:00,710.61
2021-01-07 23:30:00,710.61
2021-01-07 23:40:00,605.83
2021-01-07 23:40:00,605.83
2021-01-07 23:40:00,605.83
2021-01-07 23:40:00,605.83
2021-01-07 23:40:00,605.83
2021-01-07 23:40:00,605.83
2021-01-07 23:50:00,637.25
2021-01-07 23:50:00,637.25
2021-01-07 23:50:00,637.25
2021-01-07 23:50:00,637.25
2021-01-07 23:50:00,637.25
2021-01-07 23:50:00,637.25
2021-01-08 00:00:00,690.26
2021-01-08 00:00:00,690.26
2021-01-08 00:00:00,690.26
2021-01-08 00:00:00,690.26
2021-01-08 00:00:00,690.26
2021-01-08 00:00:00,690.26
2021-01-08 00:10:00,743.27
2021-01-08 00:10:00,743.27
2021-01-08 00:10:00,743.27
2021-01-08 00:10:00,743.27
2021-01-08 00:10:00,743.27
2021-01-08 00:10:00,743.27
2021-01-08 00:20:00,711.27
2021-01-08 00:20:00,711.27
2021-01-08 00:20:00,711.27
2021-01-08 00:20:00,711.27
2021-01-08 00:20:00,711.27
2021-01-08 00:20:00,711.27
2021-01-08 00:30:00,547.82
2021-01-08 00:30:00,547.82
2021-01-08 00:30:00,547.82
2021-01-08 00:30:00,547.82
2021-01-08 00:30:00,547.82
2021-01-08 00:30:00,547.82
2021-01-08 00:40:00,914.37
2021-01-08 00:40:00,914.37
2021-01-08 00:40:00,914.37
2021-01-08 00:40:00,914.37
2021-01-08 00:40:00,914.37
2021-01-08 00:40:00,914.37
2021-01-08 00:50:00,1190.28
2021-01-08 00:50:00,1190.28
2021-01-08 00:50:00,1190.28
2021-01-08 00:50:00,1190.28
2021-01-08 00:50:00,1190.28
2021-01-08 00:50:00,1190.28
2021-01-08 01:00:00,1153.97
2021-01-08 01:00:00,1153.97
2021-01-08 01:00:00,1153.97
2021-01-08 01:00:00,1153.97
2021-01-08 01:00:00,1153.97
2021-01-08 01:00:00,1153.97
2021-01-08 01:10:00,1043.54
2021-01-08 01:10:00,1043.54
2021-01-08 01:10:00,1043.54
2021-01-08 01:10:00,1043.54
2021-01-08 01:10:00,1043.54
2021-01-08 01:10:00,1043.54
2021-01-08 01:20:00,1130.98
2021-01-08 01:20:00,1130.98
2021-01-08 01:20:00,1130.98
2021-01-08 01:20:00,1130.98
2021-01-08 01:20:00,1130.98
2021-01-08 01:20:00,1130.98
2021-01-08 01:30:00,734.78
2021-01-08 01:30:00,734.78
2021-01-08 01:30:00,734.78
2021-01-08 01:30:00,734.78
2021-01-08 01:30:00,734.78
2021-01-08 01:30:00,734.78
2021-01-08 01:40:00,634.21
2021-01-08 01:40:00,634.21
2021-01-08 01:40:00,634.21
2021-01-08 01:40:00,634.21
2021-01-08 01:40:00,634.21
2021-01-08 01:40:00,634.21
2021-01-08 01:50:00,628.59
2021-01-08 01:50:00,628.59
2021-01-08 01:50:00,628.59
2021-01-08 01:50:00,628.59
2021-01-08 01:50:00,628.59
2021-01-08 01:50:00,628.59
2021-01-08 02:00:00,820.86
2021-01-08 02:00:00,820.86
2021-01-08 02:00:00,820.86
2021-01-08 02:00:00,820.86
2021-01-08 02:00:00,820.86
2021-01-08 02:00:00,820.86
2021-01-08 02:10:00,834.11
2021-01-08 02:10:00,834.11
2021-01-08 02:10:00,834.11
2021-01-08 02:10:00,834.11
2021-01-08 02:10:00,834.11
2021-01-08 02:10:00,834.11
2021-01-08 02:20:00,813.41
2021-01-08 02:20:00,813.41
2021-01-08 02:20:00,813.41
2021-01-08 02:20:00,813.41
2021-01-08 02:20:00,813.41
2021-01-08 02:20:00,813.41
2021-01-08 02:30:00,1028.08
2021-01-08 02:30:00,1028.08
2021-01-08 02:30:00,1028.08
2021-01-08 02:30:00,1028.08
2021-01-08 02:30:00,1028.08
2021-01-08 02:30:00,1028.08
2021-01-08 02:40:00,778.23
2021-01-08 02:40:00,778.23
2021-01-08 02:40:00,778.23
2021-01-08 02:40:00,778.23
2021-01-08 02:40:00,778.23
2021-01-08 02:40:00,778.23
2021-01-08 02:50:00,956.79
2021-01-08 02:50:00,956.79
2021-01-08 02:50:00,956.79
2021-01-08 02:50:00,956.79
2021-01-08 02:50:00,956.79
2021-01-08 02:50:00,956.79
2021-01-08 03:00:00,753.84
2021-01-08 03:00:00,753.84
2021-01-08 03:00:00,753.84
2021-01-08 03:00:00,753.84
2021-01-08 03:00:00,753.84
2021-01-08 03:00:00,753.84
2021-01-08 03:10:00,734.55
2021-01-08 03:10:00,734.55
2021-01-08 03:10:00,734.55
2021-01-08 03:10:00,734.55
2021-01-08 03:10:00,734.55
2021-01-08 03:10:00,734.55
2021-01-08 03:20:00,984.85
2021-01-08 03:20:00,984.85
2021-01-08 03:20:00,984.85
2021-01-08 03:20:00,984.85
2021-01-08 03:20:00,984.85
2021-01-08 03:20:00,984.85
2021-01-08 03:30:00,580.26
2021-01-08 03:30:00,580.26
2021-01-08 03:30:00,580.26
2021-01-08 03:30:00,580.26
2021-01-08 03:30:00,580.26
2021-01-08 03:30:00,580.26
2021-01-08 03:40:00,717.78
2021-01-08 03:40:00,717.78
2021-01-08 03:40:00,717.78
2021-01-08 03:40:00,717.78
2021-01-08 03:40:00,717.78
2021-01-08 03:40:00,717.78
2021-01-08 03:50:00,959.59
2021-01-08 03:50:00,959.59
2021-01-08 03:50:00,959.59
2021-01-08 03:50:00,959.59
2021-01-08 03:50:00,959.59
2021-01-08 03:50:00,959.59
2021-01-08 04:00:00,773.76
2021-01-08 04:00:00,773.76
2021-01-08 04:00:00,773.76
2021-01-08 04:00:00,773.76
2021-01-08 04:00:00,773.76
2021-01-08 04:00:00,773.76
2021-01-08 04:10:00,782.66
2021-01-08 04:10:00,782.66
2021-01-08 04:10:00,782.66
2021-01-08 04:10:00,782.66
2021-01-08 04:10:00,782.66
2021-01-08 04:10:00,782.66
2021-01-08 04:20:00,935.9
2021-01-08 04:20:00,935.9
2021-01-08 04:20:00,935.9
2021-01-08 04:20:00,935.9
2021-01-08 04:20:00,935.9
2021-01-08 04:20:00,935.9
2021-01-08 04:30:00,955.19
2021-01-08 04:30:00,955.19
2021-01-08 04:30:00,955.19
2021-01-08 04:30:00,955.19
2021-01-08 04:30:00,955.19
2021-01-08 04:30:00,955.19
2021-01-08 04:40:00,1285.63
2021-01-08 04:40:00,1285.63
2021-01-08 04:40:00,1285.63
2021-01-08 04:40:00,1285.63
2021-01-08 04:40:00,1285.63
2021-01-08 04:40:00,1285.63
2021-01-08 04:50:00,1287.233
2021-01-08 04:50:00,1287.233
2021-01-08 04:50:00,1287.233
2021-01-08 04:50:00,1287.233
2021-01-08 04:50:00,1287.233
2021-01-08 04:50:00,1287.233
2021-01-08 05:00:00,1288.836
2021-01-08 05:00:00,1288.836
2021-01-08 05:00:00,1288.836
2021-01-08 05:00:00,1288.836
2021-01-08 05:00:00,1288.836
2021-01-08 05:00:00,1288.836
2021-01-08 05:10:00,1290.4391
2021-01-08 05:10:00,1290.4391
2021-01-08 05:10:00,1290.4391
2021-01-08 05:10:00,1290.4391
2021-01-08 05:10:00,1290.4391
2021-01-08 05:10:00,1290.4391
2021-01-08 05:20:00,1292.0421
2021-01-08 05:20:00,1292.0421
2021-01-08 05:20:00,1292.0421
2021-01-08 05:20:00,1292.0421
2021-01-08 05:20:00,1292.0421
2021-01-08 05:20:00,1292.0421
2021-01-08 05:30:00,1293.6451
2021-01-08 05:30:00,1293.6451
2021-01-08 05:30:00,1293.6451
2021-01-08 05:30:00,1293.6451
2021-01-08 05:30:00,1293.6451
2021-01-08 05:30:00,1293.6451
2021-01-08 05:40:00,1295.2482
2021-01-08 05:40:00,1295.2482
2021-01-08 05:40:00,1295.2482
2021-01-08 05:40:00,1295.2482
2021-01-08 05:40:00,1295.2482
2021-01-08 05:40:00,1295.2482
2021-01-08 05:50:00,1296.8513
2021-01-08 05:50:00,1296.8513
2021-01-08 05:50:00,1296.8513
2021-01-08 05:50:00,1296.8513
2021-01-08 05:50:00,1296.8513
2021-01-08 05:50:00,1296.8513
2021-01-08 06:00:00,1298.4543
2021-01-08 06:00:00,1298.4543
2021-01-08 06:00:00,1298.4543
2021-01-08 06:00:00,1298.4543
2021-01-08 06:00:00,1298.4543
2021-01-08 06:00:00,1298.4543
2021-01-08 06:10:00,1300.0574
2021-01-08 06:10:00,1300.0574
2021-01-08 06:10:00,1300.0574
2021-01-08 06:10:00,1300.0574
2021-01-08 06:10:00,1300.0574
2021-01-08 06:10:00,1300.0574
2021-01-08 06:20:00,1301.6604
2021-01-08 06:20:00,1301.6604
2021-01-08 06:20:00,1301.6604
2021-01-08 06:20:00,1301.6604
2021-01-08 06:20:00,1301.6604
2021-01-08 06:20:00,1301.6604
2021-01-08 06:30:00,1303.2634
2021-01-08 06:30:00,1303.2634
2021-01-08 06:30:00,1303.2634
2021-01-08 06:30:00,1303.2634
2021-01-08 06:30:00,1303.2634
2021-01-08 06:30:00,1303.2634
2021-01-08 06:40:00,1304.8665
2021-01-08 06:40:00,1304.8665
2021-01-08 06:40:00,1304.8665
2021-01-08 06:40:00,1304.8665
2021-01-08 06:40:00,1304.8665
2021-01-08 06:40:00,1304.8665
2021-01-08 06:50:00,1306.4695
2021-01-08 06:50:00,1306.4695
2021-01-08 06:50:00,1306.4695
2021-01-08 06:50:00,1306.4695
2021-01-08 06:50:00,1306.4695
2021-01-08 06:50:00,1306.4695
2021-01-08 07:00:00,1308.0725
2021-01-08 07:00:00,1308.0725
2021-01-08 07:00:00,1308.0725
2021-01-08 07:00:00,1308.0725
2021-01-08 07:00:00,1308.0725
2021-01-08 07:00:00,1308.0725
2021-01-08 07:10:00,1309.6755
2021-01-08 07:10:00,1309.6755
2021-01-08 07:10:00,1309.6755
2021-01-08 07:10:00,1309.6755
2021-01-08 07:10:00,1309.6755
2021-01-08 07:10:00,1309.6755
2021-01-08 07:20:00,1311.2786
2021-01-08 07:20:00,1311.2786
2021-01-08 07:20:00,1311.2786
2021-01-08 07:20:00,1311.2786
2021-01-08 07:20:00,1311.2786
2021-01-08 07:20:00,1311.2786
2021-01-08 07:30:00,1312.8816
2021-01-08 07:30:00,1312.8816
2021-01-08 07:30:00,1312.8816
2021-01-08 07:30:00,1312.8816
2021-01-08 07:30:00,1312.8816
2021-01-08 07:30:00,1312.8816
2021-01-08 07:40:00,1314.4846
2021-01-08 07:40:00,1314.4846
2021-01-08 07:40:00,1314.4846
2021-01-08 07:40:00,1314.4846
2021-01-08 07:40:00,1314.4846
2021-01-08 07:40:00,1314.4846
2021-01-08 07:50:00,1316.0876
2021-01-08 07:50:00,1316.0876
2021-01-08 07:50:00,1316.0876
2021-01-08 07:50:00,1316.0876
2021-01-08 07:50:00,1316.0876
2021-01-08 07:50:00,1316.0876
2021-01-08 08:00:00,1317.6907
2021-01-08 08:00:00,1317.6907
2021-01-08 08:00:00,1317.6907
2021-01-08 08:00:00,1317.6907
2021-01-08 08:00:00,1317.6907
2021-01-08 08:00:00,1317.6907
2021-01-08 08:10:00,1319.2937
2021-01-08 08:10:00,1319.2937
2021-01-08 08:10:00,1319.2937
2021-01-08 08:10:00,1319.2937
2021-01-08 08:10:00,1319.2937
2021-01-08 08:10:00,1319.2937
2021-01-08 08:20:00,1320.8969
2021-01-08 08:20:00,1320.8969
2021-01-08 08:20:00,1320.8969
2021-01-08 08:20:00,1320.8969
2021-01-08 08:20:00,1320.8969
2021-01-08 08:20:00,1320.8969
2021-01-08 08:30:00,1322.4999
2021-01-08 08:30:00,1322.4999
2021-01-08 08:30:00,1322.4999
2021-01-08 08:30:00,1322.4999
2021-01-08 08:30:00,1322.4999
2021-01-08 08:30:00,1322.4999
2021-01-08 08:40:00,1324.1029
2021-01-08 08:40:00,1324.1029
2021-01-08 08:40:00,1324.1029
2021-01-08 08:40:00,1324.1029
2021-01-08 08:40:00,1324.1029
2021-01-08 08:40:00,1324.1029
2021-01-08 08:50:00,1325.7059
2021-01-08 08:50:00,1325.7059
2021-01-08 08:50:00,1325.7059
2021-01-08 08:50:00,1325.7059
2021-01-08 08:50:00,1325.7059
2021-01-08 08:50:00,1325.7059
2021-01-08 09:00:00,1327.309
2021-01-08 09:00:00,1327.309
2021-01-08 09:00:00,1327.309
2021-01-08 09:00:00,1327.309
2021-01-08 09:00:00,1327.309
2021-01-08 09:00:00,1327.309
2021-01-08 09:10:00,1328.912
2021-01-08 09:10:00,1328.912
2021-01-08 09:10:00,1328.912
2021-01-08 09:10:00,1328.912
2021-01-08 09:10:00,1328.912
2021-01-08 09:10:00,1328.912
2021-01-08 09:20:00,1330.515
2021-01-08 09:20:00,1330.515
2021-01-08 09:20:00,1330.515
2021-01-08 09:20:00,1330.515
2021-01-08 09:20:00,1330.515
2021-01-08 09:20:00,1330.515
2021-01-08 09:30:00,1332.118
2021-01-08 09:30:00,1332.118
2021-01-08 09:30:00,1332.118
2021-01-08 09:30:00,1332.118
2021-01-08 09:30:00,1332.118
2021-01-08 09:30:00,1332.118
2021-01-08 09:40:00,1333.7211
2021-01-08 09:40:00,1333.7211
2021-01-08 09:40:00,1333.7211
2021-01-08 09:40:00,1333.7211
2021-01-08 09:40:00,1333.7211
2021-01-08 09:40:00,1333.7211
2021-01-08 09:50:00,1335.3241
2021-01-08 09:50:00,1335.3241
2021-01-08 09:50:00,1335.3241
2021-01-08 09:50:00,1335.3241
2021-01-08 09:50:00,1335.3241
2021-01-08 09:50:00,1335.3241
2021-01-08 10:00:00,1336.9271
2021-01-08 10:00:00,1336.9271
2021-01-08 10:00:00,1336.9271
2021-01-08 10:00:00,1336.9271
2021-01-08 10:00:00,1336.9271
2021-01-08 10:00:00,1336.9271
2021-01-08 10:10:00,1338.5302
2021-01-08 10:10:00,1338.5302
2021-01-08 10:10:00,1338.5302
2021-01-08 10:10:00,1338.5302
2021-01-08 10:10:00,1338.5302
2021-01-08 10:10:00,1338.5302
2021-01-08 10:20:00,1340.1332
2021-01-08 10:20:00,1340.1332
2021-01-08 10:20:00,1340.1332
2021-01-08 10:20:00,1340.1332
2021-01-08 10:20:00,1340.1332
2021-01-08 10:20:00,1340.1332
2021-01-08 10:30:00,1341.7363
2021-01-08 10:30:00,1341.7363
2021-01-08 10:30:00,1341.7363
2021-01-08 10:30:00,1341.7363
2021-01-08 10:30:00,1341.7363
2021-01-08 10:30:00,1341.7363
2021-01-08 10:40:00,1343.3394
2021-01-08 10:40:00,1343.3394
2021-01-08 10:40:00,1343.3394
2021-01-08 10:40:00,1343.3394
2021-01-08 10:40:00,1343.3394
2021-01-08 10:40:00,1343.3394
2021-01-08 10:50:00,1344.9424
2021-01-08 10:50:00,1344.9424
2021-01-08 10:50:00,1344.9424
2021-01-08 10:50:00,1344.9424
2021-01-08 10:50:00,1344.9424
2021-01-08 10:50:00,1344.9424
2021-01-08 11:00:00,1346.5454
2021-01-08 11:00:00,1346.5454
2021-01-08 11:00:00,1346.5454
2021-01-08 11:00:00,1346.5454
2021-01-08 11:00:00,1346.5454
2021-01-08 11:00:00,1346.5454
2021-01-08 11:10:00,1348.1484
2021-01-08 11:10:00,1348.1484
2021-01-08 11:10:00,1348.1484
2021-01-08 11:10:00,1348.1484
2021-01-08 11:10:00,1348.1484
2021-01-08 11:10:00,1348.1484
2021-01-08 11:20:00,1349.7515
2021-01-08 11:20:00,1349.7515
2021-01-08 11:20:00,1349.7515
2021-01-08 11:20:00,1349.7515
2021-01-08 11:20:00,1349.7515
2021-01-08 11:20:00,1349.7515
2021-01-08 11:30:00,1351.3545
2021-01-08 11:30:00,1351.3545
2021-01-08 11:30:00,1351.3545
2021-01-08 11:30:00,1351.3545
2021-01-08 11:30:00,1351.3545
2021-01-08 11:30:00,1351.3545
2021-01-08 11:40:00,1352.9575
2021-01-08 11:40:00,1352.9575
2021-01-08 11:40:00,1352.9575
2021-01-08 11:40:00,1352.9575
2021-01-08 11:40:00,1352.9575
2021-01-08 11:40:00,1352.9575
2021-01-08 11:50:00,1354.5605
2021-01-08 11:50:00,1354.5605
2021-01-08 11:50:00,1354.5605
2021-01-08 11:50:00,1354.5605
2021-01-08 11:50:00,1354.5605
2021-01-08 11:50:00,1354.5605
2021-01-08 12:00:00,1356.1636
2021-01-08 12:00:00,1356.1636
2021-01-08 12:00:00,1356.1636
2021-01-08 12:00:00,1356.1636
2021-01-08 12:00:00,1356.1636
2021-01-08 12:00:00,1356.1636
2021-01-08 12:10:00,1357.7666
2021-01-08 12:10:00,1357.7666
2021-01-08 12:10:00,1357.7666
2021-01-08 12:10:00,1357.7666
2021-01-08 12:10:00,1357.7666
2021-01-08 12:10:00,1357.7666
2021-01-08 12:20:00,1359.3696
2021-01-08 12:20:00,1359.3696
2021-01-08 12:20:00,1359.3696
2021-01-08 12:20:00,1359.3696
2021-01-08 12:20:00,1359.3696
2021-01-08 12:20:00,1359.3696
2021-01-08 12:30:00,1360.9727
2021-01-08 12:30:00,1360.9727
2021-01-08 12:30:00,1360.9727
2021-01-08 12:30:00,1360.9727
2021-01-08 12:30:00,1360.9727
2021-01-08 12:30:00,1360.9727
2021-01-08 12:40:00,1362.5757
2021-01-08 12:40:00,1362.5757
2021-01-08 12:40:00,1362.5757
2021-01-08 12:40:00,1362.5757
2021-01-08 12:40:00,1362.5757
2021-01-08 12:40:00,1362.5757
2021-01-08 12:50:00,1364.1787
2021-01-08 12:50:00,1364.1787
2021-01-08 12:50:00,1364.1787
2021-01-08 12:50:00,1364.1787
2021-01-08 12:50:00,1364.1787
2021-01-08 12:50:00,1364.1787
2021-01-08 13:00:00,1365.7819
2021-01-08 13:00:00,1365.7819
2021-01-08 13:00:00,1365.7819
2021-01-08 13:00:00,1365.7819
2021-01-08 13:00:00,1365.7819
2021-01-08 13:00:00,1365.7819
2021-01-08 13:10:00,1367.3849
2021-01-08 13:10:00,1367.3849
2021-01-08 13:10:00,1367.3849
2021-01-08 13:10:00,1367.3849
2021-01-08 13:10:00,1367.3849
2021-01-08 13:10:00,1367.3849
2021-01-08 13:20:00,1368.9879
2021-01-08 13:20:00,1368.9879
2021-01-08 13:20:00,1368.9879
2021-01-08 13:20:00,1368.9879
2021-01-08 13:20:00,1368.9879
2021-01-08 13:20:00,1368.9879
2021-01-08 13:30:00,1370.591
2021-01-08 13:30:00,1370.591
2021-01-08 13:30:00,1370.591
2021-01-08 13:30:00,1370.591
2021-01-08 13:30:00,1370.591
2021-01-08 13:30:00,1370.591
2021-01-08 13:40:00,1372.194
2021-01-08 13:40:00,1372.194
2021-01-08 13:40:00,1372.194
2021-01-08 13:40:00,1372.194
2021-01-08 13:40:00,1372.194
2021-01-08 13:40:00,1372.194
2021-01-08 13:50:00,1373.797
2021-01-08 13:50:00,1373.797
2021-01-08 13:50:00,1373.797
2021-01-08 13:50:00,1373.797
2021-01-08 13:50:00,1373.797
2021-01-08 13:50:00,1373.797
2021-01-08 14:00:00,1375.4
2021-01-08 14:00:00,1375.4
2021-01-08 14:00:00,1375.4
2021-01-08 14:00:00,1375.4
2021-01-08 14:00:00,1375.4
2021-01-08 14:00:00,1375.4
2021-01-08 14:10:00,1284.89
2021-01-08 14:10:00,1284.89
2021-01-08 14:10:00,1284.89
2021-01-08 14:10:00,1284.89
2021-01-08 14:10:00,1284.89
2021-01-08 14:10:00,1284.89
2021-01-08 14:20:00,1225.03
2021-01-08 14:20:00,1225.03
2021-01-08 14:20:00,1225.03
2021-01-08 14:20:00,1225.03
2021-01-08 14:20:00,1225.03
2021-01-08 14:20:00,1225.03
2021-01-08 14:30:00,1165.17
2021-01-08 14:30:00,1165.17
2021-01-08 14:30:00,1165.17
2021-01-08 14:30:00,1165.17
2021-01-08 14:30:00,1165.17
2021-01-08 14:30:00,1165.17
2021-01-08 14:40:00,1081.12
2021-01-08 14:40:00,1081.12
2021-01-08 14:40:00,1081.12
2021-01-08 14:40:00,1081.12
2021-01-08 14:40:00,1081.12
2021-01-08 14:40:00,1081.12
2021-01-08 14:50:00,1213.0
2021-01-08 14:50:00,1213.0
2021-01-08 14:50:00,1213.0
2021-01-08 14:50:00,1213.0
2021-01-08 14:50:00,1213.0
2021-01-08 14:50:00,1213.0
2021-01-08 15:00:00,848.69
2021-01-08 15:00:00,848.69
2021-01-08 15:00:00,848.69
2021-01-08 15:00:00,848.69
2021-01-08 15:00:00,848.69
2021-01-08 15:00:00,848.69
2021-01-08 15:10:00,908.68
2021-01-08 15:10:00,908.68
2021-01-08 15:10:00,908.68
2021-01-08 15:10:00,908.68
2021-01-08 15:10:00,908.68
2021-01-08 15:10:00,908.68
2021-01-08 15:20:00,902.98
2021-01-08 15:20:00,902.98
2021-01-08 15:20:00,902.98
2021-01-08 15:20:00,902.98
2021-01-08 15:20:00,902.98
2021-01-08 15:20:00,902.98
2021-01-08 15:30:00,854.11
2021-01-08 15:30:00,854.11
2021-01-08 15:30:00,854.11
2021-01-08 15:30:00,854.11
2021-01-08 15:30:00,854.11
2021-01-08 15:30:00,854.11
2021-01-08 15:40:00,808.73
2021-01-08 15:40:00,808.73
2021-01-08 15:40:00,808.73
2021-01-08 15:40:00,808.73
2021-01-08 15:40:00,808.73
2021-01-08 15:40:00,808.73
2021-01-08 15:50:00,953.69
2021-01-08 15:50:00,953.69
2021-01-08 15:50:00,953.69
2021-01-08 15:50:00,953.69
2021-01-08 15:50:00,953.69
2021-01-08 15:50:00,953.69
2021-01-08 16:00:00,866.83
2021-01-08 16:00:00,866.83
2021-01-08 16:00:00,866.83
2021-01-08 16:00:00,866.83
2021-01-08 16:00:00,866.83
2021-01-08 16:00:00,866.83
2021-01-08 16:10:00,714.57
2021-01-08 16:10:00,714.57
2021-01-08 16:10:00,714.57
2021-01-08 16:10:00,714.57
2021-01-08 16:10:00,714.57
2021-01-08 16:10:00,714.57
2021-01-08 16:20:00,623.14
2021-01-08 16:20:00,623.14
2021-01-08 16:20:00,623.14
2021-01-08 16:20:00,623.14
2021-01-08 16:20:00,623.14
2021-01-08 16:20:00,623.14
2021-01-08 16:30:00,621.11
2021-01-08 16:30:00,621.11
2021-01-08 16:30:00,621.11
2021-01-08 16:30:00,621.11
2021-01-08 16:30:00,621.11
2021-01-08 16:30:00,621.11
2021-01-08 16:40:00,466.78
2021-01-08 16:40:00,466.78
2021-01-08 16:40:00,466.78
2021-01-08 16:40:00,466.78
2021-01-08 16:40:00,466.78
2021-01-08 16:40:00,466.78
2021-01-08 16:50:00,629.77
2021-01-08 16:50:00,629.77
2021-01-08 16:50:00,629.77
2021-01-08 16:50:00,629.77
2021-01-08 16:50:00,629.77
2021-01-08 16:50:00,629.77
2021-01-08 17:00:00,542.39
2021-01-08 17:00:00,542.39
2021-01-08 17:00:00,542.39
2021-01-08 17:00:00,542.39
2021-01-08 17:00:00,542.39
2021-01-08 17:00:00,542.39
2021-01-08 17:10:00,454.64
2021-01-08 17:10:00,454.64
2021-01-08 17:10:00,454.64
2021-01-08 17:10:00,454.64
2021-01-08 17:10:00,454.64
2021-01-08 17:10:00,454.64
2021-01-08 17:20:00,358.23
2021-01-08 17:20:00,358.23
2021-01-08 17:20:00,358.23
2021-01-08 17:20:00,358.23
2021-01-08 17:20:00,358.23
2021-01-08 17:20:00,358.23
2021-01-08 17:30:00,486.51
2021-01-08 17:30:00,486.51
2021-01-08 17:30:00,486.51
2021-01-08 17:30:00,486.51
2021-01-08 17:30:00,486.51
2021-01-08 17:30:00,486.51
2021-01-08 17:40:00,460.9
2021-01-08 17:40:00,460.9
2021-01-08 17:40:00,460.9
2021-01-08 17:40:00,460.9
2021-01-08 17:40:00,460.9
2021-01-08 17:40:00,460.9
2021-01-08 17:50:00,419.47
2021-01-08 17:50:00,419.47
2021-01-08 17:50:00,419.47
2021-01-08 17:50:00,419.47
2021-01-08 17:50:00,419.47
2021-01-08 17:50:00,419.47
2021-01-08 18:00:00,467.27
2021-01-08 18:00:00,467.27
2021-01-08 18:00:00,467.27
2021-01-08 18:00:00,467.27
2021-01-08 18:00:00,467.27
2021-01-08 18:00:00,467.27
2021-01-08 18:10:00,425.03
2021-01-08 18:10:00,425.03
2021-01-08 18:10:00,425.03
2021-01-08 18:10:00,425.03
2021-01-08 18:10:00,425.03
2021-01-08 18:10:00,425.03
2021-01-08 18:20:00,399.71
2021-01-08 18:20:00,399.71
2021-01-08 18:20:00,399.71
2021-01-08 18:20:00,399.71
2021-01-08 18:20:00,399.71
2021-01-08 18:20:00,399.71
2021-01-08 18:30:00,353.25
2021-01-08 18:30:00,353.25
2021-01-08 18:30:00,353.25
2021-01-08 18:30:00,353.25
2021-01-08 18:30:00,353.25
2021-01-08 18:30:00,353.25
2021-01-08 18:40:00,508.32
2021-01-08 18:40:00,508.32
2021-01-08 18:40:00,508.32
2021-01-08 18:40:00,508.32
2021-01-08 18:40:00,508.32
2021-01-08 18:40:00,508.32
2021-01-08 18:50:00,461.36
2021-01-08 18:50:00,461.36
2021-01-08 18:50:00,461.36
2021-01-08 18:50:00,461.36
2021-01-08 18:50:00,461.36
2021-01-08 18:50:00,461.36
2021-01-08 19:00:00,221.74
2021-01-08 19:00:00,221.74
2021-01-08 19:00:00,221.74
2021-01-08 19:00:00,221.74
2021-01-08 19:00:00,221.74
2021-01-08 19:00:00,221.74
2021-01-08 19:10:00,191.21
2021-01-08 19:10:00,191.21
2021-01-08 19:10:00,191.21
2021-01-08 19:10:00,191.21
2021-01-08 19:10:00,191.21
2021-01-08 19:10:00,191.21
2021-01-08 19:20:00,274.56
2021-01-08 19:20:00,274.56
2021-01-08 19:20:00,274.56
2021-01-08 19:20:00,274.56
2021-01-08 19:20:00,274.56
2021-01-08 19:20:00,274.56
2021-01-08 19:30:00,341.96
2021-01-08 19:30:00,341.96
2021-01-08 19:30:00,341.96
2021-01-08 19:30:00,341.96
2021-01-08 19:30:00,341.96
2021-01-08 19:30:00,341.96
2021-01-08 19:40:00,338.59
2021-01-08 19:40:00,338.59
2021-01-08 19:40:00,338.59
2021-01-08 19:40:00,338.59
2021-01-08 19:40:00,338.59
2021-01-08 19:40:00,338.59
2021-01-08 19:50:00,384.48
2021-01-08 19:50:00,384.48
2021-01-08 19:50:00,384.48
2021-01-08 19:50:00,384.48
2021-01-08 19:50:00,384.48
2021-01-08 19:50:00,384.48
2021-01-08 20:00:00,396.95
2021-01-08 20:00:00,396.95
2021-01-08 20:00:00,396.95
2021-01-08 20:00:00,396.95
2021-01-08 20:00:00,396.95
2021-01-08 20:00:00,396.95
2021-01-08 20:10:00,414.83
2021-01-08 20:10:00,414.83
2021-01-08 20:10:00,414.83
2021-01-08 20:10:00,414.83
2021-01-08 20:10:00,414.83
2021-01-08 20:10:00,414.83
2021-01-08 20:20:00,391.63
2021-01-08 20:20:00,391.63
2021-01-08 20:20:00,391.63
2021-01-08 20:20:00,391.63
2021-01-08 20:20:00,391.63
2021-01-08 20:20:00,391.63
2021-01-08 20:30:00,313.27
2021-01-08 20:30:00,313.27
2021-01-08 20:30:00,313.27
2021-01-08 20:30:00,313.27
2021-01-08 20:30:00,313.27
2021-01-08 20:30:00,313.27
2021-01-08 20:40:00,500.41
2021-01-08 20:40:00,500.41
2021-01-08 20:40:00,500.41
2021-01-08 20:40:00,500.41
2021-01-08 20:40:00,500.41
2021-01-08 20:40:00,500.41
2021-01-08 20:50:00,658.27
2021-01-08 20:50:00,658.27
2021-01-08 20:50:00,658.27
2021-01-08 20:50:00,658.27
2021-01-08 20:50:00,658.27
2021-01-08 20:50:00,658.27
2021-01-08 21:00:00,436.93
2021-01-08 21:00:00,436.93
2021-01-08 21:00:00,436.93
2021-01-08 21:00:00,436.93
2021-01-08 21:00:00,436.93
2021-01-08 21:00:00,436.93
2021-01-08 21:10:00,441.82
2021-01-08 21:10:00,441.82
2021-01-08 21:10:00,441.82
2021-01-08 21:10:00,441.82
2021-01-08 21:10:00,441.82
2021-01-08 21:10:00,441.82
2021-01-08 21:20:00,508.4
2021-01-08 21:20:00,508.4
2021-01-08 21:20:00,508.4
2021-01-08 21:20:00,508.4
2021-01-08 21:20:00,508.4
2021-01-08 21:20:00,508.4
2021-01-08 21:30:00,313.39
2021-01-08 21:30:00,313.39
2021-01-08 21:30:00,313.39
2021-01-08 21:30:00,313.39
2021-01-08 21:30:00,313.39
2021-01-08 21:30:00,313.39
2021-01-08 21:40:00,338.12
2021-01-08 21:40:00,338.12
2021-01-08 21:40:00,338.12
2021-01-08 21:40:00,338.12
2021-01-08 21:40:00,338.12
2021-01-08 21:40:00,338.12
2021-01-08 21:50:00,281.63
2021-01-08 21:50:00,281.63
2021-01-08 21:50:00,281.63
2021-01-08 21:50:00,281.63
2021-01-08 21:50:00,281.63
2021-01-08 21:50:00,281.63
2021-01-08 22:00:00,318.12
2021-01-08 22:00:00,318.12
2021-01-08 22:00:00,318.12
2021-01-08 22:00:00,318.12
2021-01-08 22:00:00,318.12
2021-01-08 22:00:00,318.12
2021-01-08 22:10:00,543.26
2021-01-08 22:10:00,543.26
2021-01-08 22:10:00,543.26
2021-01-08 22:10:00,543.26
2021-01-08 22:10:00,543.26
2021-01-08 22:10:00,543.26
2021-01-08 22:20:00,574.05
2021-01-08 22:20:00,574.05
2021-01-08 22:20:00,574.05
2021-01-08 22:20:00,574.05
2021-01-08 22:20:00,574.05
2021-01-08 22:20:00,574.05
2021-01-08 22:30:00,429.81
2021-01-08 22:30:00,429.81
2021-01-08 22:30:00,429.81
2021-01-08 22:30:00,429.81
2021-01-08 22:30:00,429.81
2021-01-08 22:30:00,429.81
2021-01-08 22:40:00,309.86
2021-01-08 22:40:00,309.86
2021-01-08 22:40:00,309.86
2021-01-08 22:40:00,309.86
2021-01-08 22:40:00,309.86
2021-01-08 22:40:00,309.86
2021-01-08 22:50:00,320.57
2021-01-08 22:50:00,320.57
2021-01-08 22:50:00,320.57
2021-01-08 22:50:00,320.57
2021-01-08 22:50:00,320.57
2021-01-08 22:50:00,320.57
2021-01-08 23:00:00,183.16
2021-01-08 23:00:00,183.16
2021-01-08 23:00:00,183.16
2021-01-08 23:00:00,183.16
2021-01-08 23:00:00,183.16
2021-01-08 23:00:00,183.16
2021-01-08 23:10:00,183.28
2021-01-08 23:10:00,183.28
2021-01-08 23:10:00,183.28
2021-01-08 23:10:00,183.28
2021-01-08 23:10:00,183.28
2021-01-08 23:10:00,183.28
2021-01-08 23:20:00,163.91
2021-01-08 23:20:00,163.91
2021-01-08 23:20:00,163.91
2021-01-08 23:20:00,163.91
2021-01-08 23:20:00,163.91
2021-01-08 23:20:00,163.91
2021-01-08 23:30:00,215.57
2021-01-08 23:30:00,215.57
2021-01-08 23:30:00,215.57
2021-01-08 23:30:00,215.57
2021-01-08 23:30:00,215.57
2021-01-08 23:30:00,215.57
2021-01-08 23:40:00,166.41
2021-01-08 23:40:00,166.41
2021-01-08 23:40:00,166.41
2021-01-08 23:40:00,166.41
2021-01-08 23:40:00,166.41
2021-01-08 23:40:00,166.41
2021-01-08 23:50:00,201.94
2021-01-08 23:50:00,201.94
2021-01-08 23:50:00,201.94
2021-01-08 23:50:00,201.94
2021-01-08 23:50:00,201.94
2021-01-08 23:50:00,201.94
2021-01-09 00:00:00,189.58
2021-01-09 00:00:00,189.58
2021-01-09 00:00:00,189.58
2021-01-09 00:00:00,189.58
2021-01-09 00:00:00,189.58
2021-01-09 00:00:00,189.58
2021-01-09 00:10:00,179.38
2021-01-09 00:10:00,179.38
2021-01-09 00:10:00,179.38
2021-01-09 00:10:00,179.38
2021-01-09 00:10:00,179.38
2021-01-09 00:10:00,179.38
2021-01-09 00:20:00,161.52
2021-01-09 00:20:00,161.52
2021-01-09 00:20:00,161.52
2021-01-09 00:20:00,161.52
2021-01-09 00:20:00,161.52
2021-01-09 00:20:00,161.52
2021-01-09 00:30:00,173.3
2021-01-09 00:30:00,173.3
2021-01-09 00:30:00,173.3
2021-01-09 00:30:00,173.3
2021-01-09 00:30:00,173.3
2021-01-09 00:30:00,173.3
2021-01-09 00:40:00,149.28
2021-01-09 00:40:00,149.28
2021-01-09 00:40:00,149.28
2021-01-09 00:40:00,149.28
2021-01-09 00:40:00,149.28
2021-01-09 00:40:00,149.28
2021-01-09 00:50:00,91.4
2021-01-09 00:50:00,91.4
2021-01-09 00:50:00,91.4
2021-01-09 00:50:00,91.4
2021-01-09 00:50:00,91.4
2021-01-09 00:50:00,91.4
2021-01-09 01:00:00,35.48
2021-01-09 01:00:00,35.48
2021-01-09 01:00:00,35.48
2021-01-09 01:00:00,35.48
2021-01-09 01:00:00,35.48
2021-01-09 01:00:00,35.48
2021-01-09 01:10:00,25.3
2021-01-09 01:10:00,25.3
2021-01-09 01:10:00,25.3
2021-01-09 01:10:00,25.3
2021-01-09 01:10:00,25.3
2021-01-09 01:10:00,25.3
2021-01-09 01:20:00,0.99
2021-01-09 01:20:00,0.99
2021-01-09 01:20:00,0.99
2021-01-09 01:20:00,0.99
2021-01-09 01:20:00,0.99
2021-01-09 01:20:00,0.99
2021-01-09 01:30:00,0.0
2021-01-09 01:30:00,0.0
2021-01-09 01:30:00,0.0
2021-01-09 01:30:00,0.0
2021-01-09 01:30:00,0.0
2021-01-09 01:30:00,0.0
2021-01-09 01:40:00,0.0
2021-01-09 01:40:00,0.0
2021-01-09 01:40:00,0.0
2021-01-09 01:40:00,0.0
2021-01-09 01:40:00,0.0
2021-01-09 01:40:00,0.0
2021-01-09 01:50:00,0.0
2021-01-09 01:50:00,0.0
2021-01-09 01:50:00,0.0
2021-01-09 01:50:00,0.0
2021-01-09 01:50:00,0.0
2021-01-09 01:50:00,0.0
2021-01-09 02:00:00,0.0
2021-01-09 02:00:00,0.0
2021-01-09 02:00:00,0.0
2021-01-09 02:00:00,0.0
2021-01-09 02:00:00,0.0
2021-01-09 02:00:00,0.0
2021-01-09 02:10:00,0.0
2021-01-09 02:10:00,0.0
2021-01-09 02:10:00,0.0
2021-01-09 02:10:00,0.0
2021-01-09 02:10:00,0.0
2021-01-09 02:10:00,0.0
2021-01-09 02:20:00,0.0
2021-01-09 02:20:00,0.0
2021-01-09 02:20:00,0.0
2021-01-09 02:20:00,0.0
2021-01-09 02:20:00,0.0
2021-01-09 02:20:00,0.0
2021-01-09 02:30:00,0.0
2021-01-09 02:30:00,0.0
2021-01-09 02:30:00,0.0
2021-01-09 02:30:00,0.0
2021-01-09 02:30:00,0.0
2021-01-09 02:30:00,0.0
2021-01-09 02:40:00,0.0
2021-01-09 02:40:00,0.0
2021-01-09 02:40:00,0.0
2021-01-09 02:40:00,0.0
2021-01-09 02:40:00,0.0
2021-01-09 02:40:00,0.0
2021-01-09 02:50:00,0.0
2021-01-09 02:50:00,0.0
2021-01-09 02:50:00,0.0
2021-01-09 02:50:00,0.0
2021-01-09 02:50:00,0.0
2021-01-09 02:50:00,0.0
2021-01-09 03:00:00,0.0
2021-01-09 03:00:00,0.0
2021-01-09 03:00:00,0.0
2021-01-09 03:00:00,0.0
2021-01-09 03:00:00,0.0
2021-01-09 03:00:00,0.0
2021-01-09 03:10:00,0.0
2021-01-09 03:10:00,0.0
2021-01-09 03:10:00,0.0
2021-01-09 03:10:00,0.0
2021-01-09 03:10:00,0.0
2021-01-09 03:10:00,0.0
2021-01-09 03:20:00,0.0
2021-01-09 03:20:00,0.0
2021-01-09 03:20:00,0.0
2021-01-09 03:20:00,0.0
2021-01-09 03:20:00,0.0
2021-01-09 03:20:00,0.0
2021-01-09 03:30:00,0.0
2021-01-09 03:30:00,0.0
2021-01-09 03:30:00,0.0
2021-01-09 03:30:00,0.0
2021-01-09 03:30:00,0.0
2021-01-09 03:30:00,0.0
2021-01-09 03:40:00,0.0
2021-01-09 03:40:00,0.0
2021-01-09 03:40:00,0.0
2021-01-09 03:40:00,0.0
2021-01-09 03:40:00,0.0
2021-01-09 03:40:00,0.0
2021-01-09 03:50:00,0.0
2021-01-09 03:50:00,0.0
2021-01-09 03:50:00,0.0
2021-01-09 03:50:00,0.0
2021-01-09 03:50:00,0.0
2021-01-09 03:50:00,0.0
2021-01-09 04:00:00,41.1
2021-01-09 04:00:00,41.1
2021-01-09 04:00:00,41.1
2021-01-09 04:00:00,41.1
2021-01-09 04:00:00,41.1
2021-01-09 04:00:00,41.1
2021-01-09 04:10:00,153.87
2021-01-09 04:10:00,153.87
2021-01-09 04:10:00,153.87
2021-01-09 04:10:00,153.87
2021-01-09 04:10:00,153.87
2021-01-09 04:10:00,153.87
2021-01-09 04:20:00,120.76
2021-01-09 04:20:00,120.76
2021-01-09 04:20:00,120.76
2021-01-09 04:20:00,120.76
2021-01-09 04:20:00,120.76
2021-01-09 04:20:00,120.76
2021-01-09 04:30:00,104.07
2021-01-09 04:30:00,104.07
2021-01-09 04:30:00,104.07
2021-01-09 04:30:00,104.07
2021-01-09 04:30:00,104.07
2021-01-09 04:30:00,104.07
2021-01-09 04:40:00,92.31
2021-01-09 04:40:00,92.31
2021-01-09 04:40:00,92.31
2021-01-09 04:40:00,92.31
2021-01-09 04:40:00,92.31
2021-01-09 04:40:00,92.31
2021-01-09 04:50:00,53.53
2021-01-09 04:50:00,53.53
2021-01-09 04:50:00,53.53
2021-01-09 04:50:00,53.53
2021-01-09 04:50:00,53.53
2021-01-09 04:50:00,53.53
2021-01-09 05:00:00,30.69
2021-01-09 05:00:00,30.69
2021-01-09 05:00:00,30.69
2021-01-09 05:00:00,30.69
2021-01-09 05:00:00,30.69
2021-01-09 05:00:00,30.69
2021-01-09 05:10:00,21.05
2021-01-09 05:10:00,21.05
2021-01-09 05:10:00,21.05
2021-01-09 05:10:00,21.05
2021-01-09 05:10:00,21.05
2021-01-09 05:10:00,21.05
2021-01-09 05:20:00,28.27
2021-01-09 05:20:00,28.27
2021-01-09 05:20:00,28.27
2021-01-09 05:20:00,28.27
2021-01-09 05:20:00,28.27
2021-01-09 05:20:00,28.27
2021-01-09 05:30:00,7.68
2021-01-09 05:30:00,7.68
2021-01-09 05:30:00,7.68
2021-01-09 05:30:00,7.68
2021-01-09 05:30:00,7.68
2021-01-09 05:30:00,7.68
2021-01-09 05:40:00,0.0
2021-01-09 05:40:00,0.0
2021-01-09 05:40:00,0.0
2021-01-09 05:40:00,0.0
2021-01-09 05:40:00,0.0
2021-01-09 05:40:00,0.0
2021-01-09 05:50:00,0.0
2021-01-09 05:50:00,0.0
2021-01-09 05:50:00,0.0
2021-01-09 05:50:00,0.0
2021-01-09 05:50:00,0.0
2021-01-09 05:50:00,0.0
2021-01-09 06:00:00,0.0
2021-01-09 06:00:00,0.0
2021-01-09 06:00:00,0.0
2021-01-09 06:00:00,0.0
2021-01-09 06:00:00,0.0
2021-01-09 06:00:00,0.0
2021-01-09 06:10:00,0.0
2021-01-09 06:10:00,0.0
2021-01-09 06:10:00,0.0
2021-01-09 06:10:00,0.0
2021-01-09 06:10:00,0.0
2021-01-09 06:10:00,0.0
2021-01-09 06:20:00,0.0
2021-01-09 06:20:00,0.0
2021-01-09 06:20:00,0.0
2021-01-09 06:20:00,0.0
2021-01-09 06:20:00,0.0
2021-01-09 06:20:00,0.0
2021-01-09 06:30:00,0.0
2021-01-09 06:30:00,0.0
2021-01-09 06:30:00,0.0
2021-01-09 06:30:00,0.0
2021-01-09 06:30:00,0.0
2021-01-09 06:30:00,0.0
2021-01-09 06:40:00,0.0
2021-01-09 06:40:00,0.0
2021-01-09 06:40:00,0.0
2021-01-09 06:40:00,0.0
2021-01-09 06:40:00,0.0
2021-01-09 06:40:00,0.0
2021-01-09 06:50:00,0.0
2021-01-09 06:50:00,0.0
2021-01-09 06:50:00,0.0
2021-01-09 06:50:00,0.0
2021-01-09 06:50:00,0.0
2021-01-09 06:50:00,0.0
2021-01-09 07:00:00,0.0
2021-01-09 07:00:00,0.0
2021-01-09 07:00:00,0.0
2021-01-09 07:00:00,0.0
2021-01-09 07:00:00,0.0
2021-01-09 07:00:00,0.0
2021-01-09 07:10:00,0.0
2021-01-09 07:10:00,0.0
2021-01-09 07:10:00,0.0
2021-01-09 07:10:00,0.0
2021-01-09 07:10:00,0.0
2021-01-09 07:10:00,0.0
2021-01-09 07:20:00,0.0
2021-01-09 07:20:00,0.0
2021-01-09 07:20:00,0.0
2021-01-09 07:20:00,0.0
2021-01-09 07:20:00,0.0
2021-01-09 07:20:00,0.0
2021-01-09 07:30:00,0.0
2021-01-09 07:30:00,0.0
2021-01-09 07:30:00,0.0
2021-01-09 07:30:00,0.0
2021-01-09 07:30:00,0.0
2021-01-09 07:30:00,0.0
2021-01-09 07:40:00,0.0
2021-01-09 07:40:00,0.0
2021-01-09 07:40:00,0.0
2021-01-09 07:40:00,0.0
2021-01-09 07:40:00,0.0
2021-01-09 07:40:00,0.0
2021-01-09 07:50:00,0.0
2021-01-09 07:50:00,0.0
2021-01-09 07:50:00,0.0
2021-01-09 07:50:00,0.0
2021-01-09 07:50:00,0.0
2021-01-09 07:50:00,0.0
2021-01-09 08:00:00,0.0
2021-01-09 08:00:00,0.0
2021-01-09 08:00:00,0.0
2021-01-09 08:00:00,0.0
2021-01-09 08:00:00,0.0
2021-01-09 08:00:00,0.0
2021-01-09 08:10:00,0.0
2021-01-09 08:10:00,0.0
2021-01-09 08:10:00,0.0
2021-01-09 08:10:00,0.0
2021-01-09 08:10:00,0.0
2021-01-09 08:10:00,0.0
2021-01-09 08:20:00,0.0
2021-01-09 08:20:00,0.0
2021-01-09 08:20:00,0.0
2021-01-09 08:20:00,0.0
2021-01-09 08:20:00,0.0
2021-01-09 08:20:00,0.0
2021-01-09 08:30:00,0.0
2021-01-09 08:30:00,0.0
2021-01-09 08:30:00,0.0
2021-01-09 08:30:00,0.0
2021-01-09 08:30:00,0.0
2021-01-09 08:30:00,0.0
2021-01-09 08:40:00,0.0
2021-01-09 08:40:00,0.0
2021-01-09 08:40:00,0.0
2021-01-09 08:40:00,0.0
2021-01-09 08:40:00,0.0
2021-01-09 08:40:00,0.0
2021-01-09 08:50:00,0.0
2021-01-09 08:50:00,0.0
2021-01-09 08:50:00,0.0
2021-01-09 08:50:00,0.0
2021-01-09 08:50:00,0.0
2021-01-09 08:50:00,0.0
2021-01-09 09:00:00,0.0
2021-01-09 09:00:00,0.0
2021-01-09 09:00:00,0.0
2021-01-09 09:00:00,0.0
2021-01-09 09:00:00,0.0
2021-01-09 09:00:00,0.0
2021-01-09 09:10:00,0.0
2021-01-09 09:10:00,0.0
2021-01-09 09:10:00,0.0
2021-01-09 09:10:00,0.0
2021-01-09 09:10:00,0.0
2021-01-09 09:10:00,0.0
2021-01-09 09:20:00,0.0
2021-01-09 09:20:00,0.0
2021-01-09 09:20:00,0.0
2021-01-09 09:20:00,0.0
2021-01-09 09:20:00,0.0
2021-01-09 09:20:00,0.0
2021-01-09 09:30:00,0.0
2021-01-09 09:30:00,0.0
2021-01-09 09:30:00,0.0
2021-01-09 09:30:00,0.0
2021-01-09 09:30:00,0.0
2021-01-09 09:30:00,0.0
2021-01-09 09:40:00,0.0
2021-01-09 09:40:00,0.0
2021-01-09 09:40:00,0.0
2021-01-09 09:40:00,0.0
2021-01-09 09:40:00,0.0
2021-01-09 09:40:00,0.0
2021-01-09 09:50:00,0.0
2021-01-09 09:50:00,0.0
2021-01-09 09:50:00,0.0
2021-01-09 09:50:00,0.0
2021-01-09 09:50:00,0.0
2021-01-09 09:50:00,0.0
2021-01-09 10:00:00,0.0
2021-01-09 10:00:00,0.0
2021-01-09 10:00:00,0.0
2021-01-09 10:00:00,0.0
2021-01-09 10:00:00,0.0
2021-01-09 10:00:00,0.0
2021-01-09 10:10:00,0.0
2021-01-09 10:10:00,0.0
2021-01-09 10:10:00,0.0
2021-01-09 10:10:00,0.0
2021-01-09 10:10:00,0.0
2021-01-09 10:10:00,0.0
2021-01-09 10:20:00,0.0
2021-01-09 10:20:00,0.0
2021-01-09 10:20:00,0.0
2021-01-09 10:20:00,0.0
2021-01-09 10:20:00,0.0
2021-01-09 10:20:00,0.0
2021-01-09 10:30:00,0.0
2021-01-09 10:30:00,0.0
2021-01-09 10:30:00,0.0
2021-01-09 10:30:00,0.0
2021-01-09 10:30:00,0.0
2021-01-09 10:30:00,0.0
2021-01-09 10:40:00,0.0
2021-01-09 10:40:00,0.0
2021-01-09 10:40:00,0.0
2021-01-09 10:40:00,0.0
2021-01-09 10:40:00,0.0
2021-01-09 10:40:00,0.0
2021-01-09 10:50:00,0.0
2021-01-09 10:50:00,0.0
2021-01-09 10:50:00,0.0
2021-01-09 10:50:00,0.0
2021-01-09 10:50:00,0.0
2021-01-09 10:50:00,0.0
2021-01-09 11:00:00,0.0
2021-01-09 11:00:00,0.0
2021-01-09 11:00:00,0.0
2021-01-09 11:00:00,0.0
2021-01-09 11:00:00,0.0
2021-01-09 11:00:00,0.0
2021-01-09 11:10:00,0.0
2021-01-09 11:10:00,0.0
2021-01-09 11:10:00,0.0
2021-01-09 11:10:00,0.0
2021-01-09 11:10:00,0.0
2021-01-09 11:10:00,0.0
2021-01-09 11:20:00,0.0
2021-01-09 11:20:00,0.0
2021-01-09 11:20:00,0.0
2021-01-09 11:20:00,0.0
2021-01-09 11:20:00,0.0
2021-01-09 11:20:00,0.0
2021-01-09 11:30:00,0.0
2021-01-09 11:30:00,0.0
2021-01-09 11:30:00,0.0
2021-01-09 11:30:00,0.0
2021-01-09 11:30:00,0.0
2021-01-09 11:30:00,0.0
2021-01-09 11:40:00,0.0
2021-01-09 11:40:00,0.0
2021-01-09 11:40:00,0.0
2021-01-09 11:40:00,0.0
2021-01-09 11:40:00,0.0
2021-01-09 11:40:00,0.0
2021-01-09 11:50:00,0.0
2021-01-09 11:50:00,0.0
2021-01-09 11:50:00,0.0
2021-01-09 11:50:00,0.0
2021-01-09 11:50:00,0.0
2021-01-09 11:50:00,0.0
2021-01-09 12:00:00,0.0
2021-01-09 12:00:00,0.0
2021-01-09 12:00:00,0.0
2021-01-09 12:00:00,0.0
2021-01-09 12:00:00,0.0
2021-01-09 12:00:00,0.0
2021-01-09 12:10:00,0.0
2021-01-09 12:10:00,0.0
2021-01-09 12:10:00,0.0
2021-01-09 12:10:00,0.0
2021-01-09 12:10:00,0.0
2021-01-09 12:10:00,0.0
2021-01-09 12:20:00,0.0
2021-01-09 12:20:00,0.0
2021-01-09 12:20:00,0.0
2021-01-09 12:20:00,0.0
2021-01-09 12:20:00,0.0
2021-01-09 12:20:00,0.0
2021-01-09 12:30:00,0.0
2021-01-09 12:30:00,0.0
2021-01-09 12:30:00,0.0
2021-01-09 12:30:00,0.0
2021-01-09 12:30:00,0.0
2021-01-09 12:30:00,0.0
2021-01-09 12:40:00,0.0
2021-01-09 12:40:00,0.0
2021-01-09 12:40:00,0.0
2021-01-09 12:40:00,0.0
2021-01-09 12:40:00,0.0
2021-01-09 12:40:00,0.0
2021-01-09 12:50:00,0.0
2021-01-09 12:50:00,0.0
2021-01-09 12:50:00,0.0
2021-01-09 12:50:00,0.0
2021-01-09 12:50:00,0.0
2021-01-09 12:50:00,0.0
2021-01-09 13:00:00,0.0
2021-01-09 13:00:00,0.0
2021-01-09 13:00:00,0.0
2021-01-09 13:00:00,0.0
2021-01-09 13:00:00,0.0
2021-01-09 13:00:00,0.0
2021-01-09 13:10:00,59.55
2021-01-09 13:10:00,59.55
2021-01-09 13:10:00,59.55
2021-01-09 13:10:00,59.55
2021-01-09 13:10:00,59.55
2021-01-09 13:10:00,59.55
2021-01-09 13:20:00,83.42
2021-01-09 13:20:00,83.42
2021-01-09 13:20:00,83.42
2021-01-09 13:20:00,83.42
2021-01-09 13:20:00,83.42
2021-01-09 13:20:00,83.42
2021-01-09 13:30:00,136.77
2021-01-09 13:30:00,136.77
2021-01-09 13:30:00,136.77
2021-01-09 13:30:00,136.77
2021-01-09 13:30:00,136.77
2021-01-09 13:30:00,136.77
2021-01-09 13:40:00,170.76
2021-01-09 13:40:00,170.76
2021-01-09 13:40:00,170.76
2021-01-09 13:40:00,170.76
2021-01-09 13:40:00,170.76
2021-01-09 13:40:00,170.76
2021-01-09 13:50:00,316.05
2021-01-09 13:50:00,316.05
2021-01-09 13:50:00,316.05
2021-01-09 13:50:00,316.05
2021-01-09 13:50:00,316.05
2021-01-09 13:50:00,316.05
2021-01-09 14:00:00,322.23
2021-01-09 14:00:00,322.23
2021-01-09 14:00:00,322.23
2021-01-09 14:00:00,322.23
2021-01-09 14:00:00,322.23
2021-01-09 14:00:00,322.23
2021-01-09 14:10:00,304.42
2021-01-09 14:10:00,304.42
2021-01-09 14:10:00,304.42
2021-01-09 14:10:00,304.42
2021-01-09 14:10:00,304.42
2021-01-09 14:10:00,304.42
2021-01-09 14:20:00,388.45
2021-01-09 14:20:00,388.45
2021-01-09 14:20:00,388.45
2021-01-09 14:20:00,388.45
2021-01-09 14:20:00,388.45
2021-01-09 14:20:00,388.45
2021-01-09 14:30:00,572.75
2021-01-09 14:30:00,572.75
2021-01-09 14:30:00,572.75
2021-01-09 14:30:00,572.75
2021-01-09 14:30:00,572.75
2021-01-09 14:30:00,572.75
2021-01-09 14:40:00,626.9
2021-01-09 14:40:00,626.9
2021-01-09 14:40:00,626.9
2021-01-09 14:40:00,626.9
2021-01-09 14:40:00,626.9
2021-01-09 14:40:00,626.9
2021-01-09 14:50:00,747.4
2021-01-09 14:50:00,747.4
2021-01-09 14:50:00,747.4
2021-01-09 14:50:00,747.4
2021-01-09 14:50:00,747.4
2021-01-09 14:50:00,747.4
2021-01-09 15:00:00,934.3
2021-01-09 15:00:00,934.3
2021-01-09 15:00:00,934.3
2021-01-09 15:00:00,934.3
2021-01-09 15:00:00,934.3
2021-01-09 15:00:00,934.3
2021-01-09 15:10:00,1229.47
2021-01-09 15:10:00,1229.47
2021-01-09 15:10:00,1229.47
2021-01-09 15:10:00,1229.47
2021-01-09 15:10:00,1229.47
2021-01-09 15:10:00,1229.47
2021-01-09 15:20:00,1255.08
2021-01-09 15:20:00,1255.08
2021-01-09 15:20:00,1255.08
2021-01-09 15:20:00,1255.08
2021-01-09 15:20:00,1255.08
2021-01-09 15:20:00,1255.08
2021-01-09 15:30:00,1064.7
2021-01-09 15:30:00,1064.7
2021-01-09 15:30:00,1064.7
2021-01-09 15:30:00,1064.7
2021-01-09 15:30:00,1064.7
2021-01-09 15:30:00,1064.7
2021-01-09 15:40:00,950.94
2021-01-09 15:40:00,950.94
2021-01-09 15:40:00,950.94
2021-01-09 15:40:00,950.94
2021-01-09 15:40:00,950.94
2021-01-09 15:40:00,950.94
2021-01-09 15:50:00,968.42
2021-01-09 15:50:00,968.42
2021-01-09 15:50:00,968.42
2021-01-09 15:50:00,968.42
2021-01-09 15:50:00,968.42
2021-01-09 15:50:00,968.42
2021-01-09 16:00:00,1063.59
2021-01-09 16:00:00,1063.59
2021-01-09 16:00:00,1063.59
2021-01-09 16:00:00,1063.59
2021-01-09 16:00:00,1063.59
2021-01-09 16:00:00,1063.59
2021-01-09 16:10:00,877.86
2021-01-09 16:10:00,877.86
2021-01-09 16:10:00,877.86
2021-01-09 16:10:00,877.86
2021-01-09 16:10:00,877.86
2021-01-09 16:10:00,877.86
2021-01-09 16:20:00,769.94
2021-01-09 16:20:00,769.94
2021-01-09 16:20:00,769.94
2021-01-09 16:20:00,769.94
2021-01-09 16:20:00,769.94
2021-01-09 16:20:00,769.94
2021-01-09 16:30:00,910.32
2021-01-09 16:30:00,910.32
2021-01-09 16:30:00,910.32
2021-01-09 16:30:00,910.32
2021-01-09 16:30:00,910.32
2021-01-09 16:30:00,910.32
2021-01-09 16:40:00,628.18
2021-01-09 16:40:00,628.18
2021-01-09 16:40:00,628.18
2021-01-09 16:40:00,628.18
2021-01-09 16:40:00,628.18
2021-01-09 16:40:00,628.18
2021-01-09 16:50:00,554.28
2021-01-09 16:50:00,554.28
2021-01-09 16:50:00,554.28
2021-01-09 16:50:00,554.28
2021-01-09 16:50:00,554.28
2021-01-09 16:50:00,554.28
2021-01-09 17:00:00,819.87
2021-01-09 17:00:00,819.87
2021-01-09 17:00:00,819.87
2021-01-09 17:00:00,819.87
2021-01-09 17:00:00,819.87
2021-01-09 17:00:00,819.87
2021-01-09 17:10:00,641.57
2021-01-09 17:10:00,641.57
2021-01-09 17:10:00,641.57
2021-01-09 17:10:00,641.57
2021-01-09 17:10:00,641.57
2021-01-09 17:10:00,641.57
2021-01-09 17:20:00,522.81
2021-01-09 17:20:00,522.81
2021-01-09 17:20:00,522.81
2021-01-09 17:20:00,522.81
2021-01-09 17:20:00,522.81
2021-01-09 17:20:00,522.81
2021-01-09 17:30:00,503.98
2021-01-09 17:30:00,503.98
2021-01-09 17:30:00,503.98
2021-01-09 17:30:00,503.98
2021-01-09 17:30:00,503.98
2021-01-09 17:30:00,503.98
2021-01-09 17:40:00,389.64
2021-01-09 17:40:00,389.64
2021-01-09 17:40:00,389.64
2021-01-09 17:40:00,389.64
2021-01-09 17:40:00,389.64
2021-01-09 17:40:00,389.64
2021-01-09 17:50:00,582.87
2021-01-09 17:50:00,582.87
2021-01-09 17:50:00,582.87
2021-01-09 17:50:00,582.87
2021-01-09 17:50:00,582.87
2021-01-09 17:50:00,582.87
2021-01-09 18:00:00,501.02
2021-01-09 18:00:00,501.02
2021-01-09 18:00:00,501.02
2021-01-09 18:00:00,501.02
2021-01-09 18:00:00,501.02
2021-01-09 18:00:00,501.02
2021-01-09 18:10:00,492.46
2021-01-09 18:10:00,492.46
2021-01-09 18:10:00,492.46
2021-01-09 18:10:00,492.46
2021-01-09 18:10:00,492.46
2021-01-09 18:10:00,492.46
2021-01-09 18:20:00,550.35
2021-01-09 18:20:00,550.35
2021-01-09 18:20:00,550.35
2021-01-09 18:20:00,550.35
2021-01-09 18:20:00,550.35
2021-01-09 18:20:00,550.35
2021-01-09 18:30:00,777.36
2021-01-09 18:30:00,777.36
2021-01-09 18:30:00,777.36
2021-01-09 18:30:00,777.36
2021-01-09 18:30:00,777.36
2021-01-09 18:30:00,777.36
2021-01-09 18:40:00,924.83
2021-01-09 18:40:00,924.83
2021-01-09 18:40:00,924.83
2021-01-09 18:40:00,924.83
2021-01-09 18:40:00,924.83
2021-01-09 18:40:00,924.83
2021-01-09 18:50:00,1050.37
2021-01-09 18:50:00,1050.37
2021-01-09 18:50:00,1050.37
2021-01-09 18:50:00,1050.37
2021-01-09 18:50:00,1050.37
2021-01-09 18:50:00,1050.37
2021-01-09 19:00:00,909.76
2021-01-09 19:00:00,909.76
2021-01-09 19:00:00,909.76
2021-01-09 19:00:00,909.76
2021-01-09 19:00:00,909.76
2021-01-09 19:00:00,909.76
2021-01-09 19:10:00,831.39
2021-01-09 19:10:00,831.39
2021-01-09 19:10:00,831.39
2021-01-09 19:10:00,831.39
2021-01-09 19:10:00,831.39
2021-01-09 19:10:00,831.39
2021-01-09 19:20:00,1081.78
2021-01-09 19:20:00,1081.78
2021-01-09 19:20:00,1081.78
2021-01-09 19:20:00,1081.78
2021-01-09 19:20:00,1081.78
2021-01-09 19:20:00,1081.78
2021-01-09 19:30:00,1082.2
2021-01-09 19:30:00,1082.2
2021-01-09 19:30:00,1082.2
2021-01-09 19:30:00,1082.2
2021-01-09 19:30:00,1082.2
2021-01-09 19:30:00,1082.2
2021-01-09 19:40:00,985.29
2021-01-09 19:40:00,985.29
2021-01-09 19:40:00,985.29
2021-01-09 19:40:00,985.29
2021-01-09 19:40:00,985.29
2021-01-09 19:40:00,985.29
2021-01-09 19:50:00,857.85
2021-01-09 19:50:00,857.85
2021-01-09 19:50:00,857.85
2021-01-09 19:50:00,857.85
2021-01-09 19:50:00,857.85
2021-01-09 19:50:00,857.85
2021-01-09 20:00:00,808.03
2021-01-09 20:00:00,808.03
2021-01-09 20:00:00,808.03
2021-01-09 20:00:00,808.03
2021-01-09 20:00:00,808.03
2021-01-09 20:00:00,808.03
2021-01-09 20:10:00,875.34
2021-01-09 20:10:00,875.34
2021-01-09 20:10:00,875.34
2021-01-09 20:10:00,875.34
2021-01-09 20:10:00,875.34
2021-01-09 20:10:00,875.34
2021-01-09 20:20:00,980.61
2021-01-09 20:20:00,980.61
2021-01-09 20:20:00,980.61
2021-01-09 20:20:00,980.61
2021-01-09 20:20:00,980.61
2021-01-09 20:20:00,980.61
2021-01-09 20:30:00,849.21
2021-01-09 20:30:00,849.21
2021-01-09 20:30:00,849.21
2021-01-09 20:30:00,849.21
2021-01-09 20:30:00,849.21
2021-01-09 20:30:00,849.21
2021-01-09 20:40:00,765.35
2021-01-09 20:40:00,765.35
2021-01-09 20:40:00,765.35
2021-01-09 20:40:00,765.35
2021-01-09 20:40:00,765.35
2021-01-09 20:40:00,765.35
2021-01-09 20:50:00,814.66
2021-01-09 20:50:00,814.66
2021-01-09 20:50:00,814.66
2021-01-09 20:50:00,814.66
2021-01-09 20:50:00,814.66
2021-01-09 20:50:00,814.66
2021-01-09 21:00:00,866.56
2021-01-09 21:00:00,866.56
2021-01-09 21:00:00,866.56
2021-01-09 21:00:00,866.56
2021-01-09 21:00:00,866.56
2021-01-09 21:00:00,866.56
2021-01-09 21:10:00,841.96
2021-01-09 21:10:00,841.96
2021-01-09 21:10:00,841.96
2021-01-09 21:10:00,841.96
2021-01-09 21:10:00,841.96
2021-01-09 21:10:00,841.96
2021-01-09 21:20:00,1062.89
2021-01-09 21:20:00,1062.89
2021-01-09 21:20:00,1062.89
2021-01-09 21:20:00,1062.89
2021-01-09 21:20:00,1062.89
2021-01-09 21:20:00,1062.89
2021-01-09 21:30:00,798.0
2021-01-09 21:30:00,798.0
2021-01-09 21:30:00,798.0
2021-01-09 21:30:00,798.0
2021-01-09 21:30:00,798.0
2021-01-09 21:30:00,798.0
2021-01-09 21:40:00,648.23
2021-01-09 21:40:00,648.23
2021-01-09 21:40:00,648.23
2021-01-09 21:40:00,648.23
2021-01-09 21:40:00,648.23
2021-01-09 21:40:00,648.23
2021-01-09 21:50:00,556.16
2021-01-09 21:50:00,556.16
2021-01-09 21:50:00,556.16
2021-01-09 21:50:00,556.16
2021-01-09 21:50:00,556.16
2021-01-09 21:50:00,556.16
2021-01-09 22:00:00,525.34
2021-01-09 22:00:00,525.34
2021-01-09 22:00:00,525.34
2021-01-09 22:00:00,525.34
2021-01-09 22:00:00,525.34
2021-01-09 22:00:00,525.34
2021-01-09 22:10:00,551.7
2021-01-09 22:10:00,551.7
2021-01-09 22:10:00,551.7
2021-01-09 22:10:00,551.7
2021-01-09 22:10:00,551.7
2021-01-09 22:10:00,551.7
2021-01-09 22:20:00,362.58
2021-01-09 22:20:00,362.58
2021-01-09 22:20:00,362.58
2021-01-09 22:20:00,362.58
2021-01-09 22:20:00,362.58
2021-01-09 22:20:00,362.58
2021-01-09 22:30:00,469.34
2021-01-09 22:30:00,469.34
2021-01-09 22:30:00,469.34
2021-01-09 22:30:00,469.34
2021-01-09 22:30:00,469.34
2021-01-09 22:30:00,469.34
2021-01-09 22:40:00,395.98
2021-01-09 22:40:00,395.98
2021-01-09 22:40:00,395.98
2021-01-09 22:40:00,395.98
2021-01-09 22:40:00,395.98
2021-01-09 22:40:00,395.98
2021-01-09 22:50:00,469.5
2021-01-09 22:50:00,469.5
2021-01-09 22:50:00,469.5
2021-01-09 22:50:00,469.5
2021-01-09 22:50:00,469.5
2021-01-09 22:50:00,469.5
2021-01-09 23:00:00,518.52
2021-01-09 23:00:00,518.52
2021-01-09 23:00:00,518.52
2021-01-09 23:00:00,518.52
2021-01-09 23:00:00,518.52
2021-01-09 23:00:00,518.52
2021-01-09 23:10:00,563.51
2021-01-09 23:10:00,563.51
2021-01-09 23:10:00,563.51
2021-01-09 23:10:00,563.51
2021-01-09 23:10:00,563.51
2021-01-09 23:10:00,563.51
2021-01-09 23:20:00,614.85
2021-01-09 23:20:00,614.85
2021-01-09 23:20:00,614.85
2021-01-09 23:20:00,614.85
2021-01-09 23:20:00,614.85
2021-01-09 23:20:00,614.85
2021-01-09 23:30:00,758.15
2021-01-09 23:30:00,758.15
2021-01-09 23:30:00,758.15
2021-01-09 23:30:00,758.15
2021-01-09 23:30:00,758.15
2021-01-09 23:30:00,758.15
2021-01-09 23:40:00,854.35
2021-01-09 23:40:00,854.35
2021-01-09 23:40:00,854.35
2021-01-09 23:40:00,854.35
2021-01-09 23:40:00,854.35
2021-01-09 23:40:00,854.35
2021-01-09 23:50:00,958.66
2021-01-09 23:50:00,958.66
2021-01-09 23:50:00,958.66
2021-01-09 23:50:00,958.66
2021-01-09 23:50:00,958.66
2021-01-09 23:50:00,958.66
2021-01-10 00:00:00,834.11
2021-01-10 00:00:00,834.11
2021-01-10 00:00:00,834.11
2021-01-10 00:00:00,834.11
2021-01-10 00:00:00,834.11
2021-01-10 00:00:00,834.11
2021-01-10 00:10:00,806.1
2021-01-10 00:10:00,806.1
2021-01-10 00:10:00,806.1
2021-01-10 00:10:00,806.1
2021-01-10 00:10:00,806.1
2021-01-10 00:10:00,806.1
2021-01-10 00:20:00,879.72
2021-01-10 00:20:00,879.72
2021-01-10 00:20:00,879.72
2021-01-10 00:20:00,879.72
2021-01-10 00:20:00,879.72
2021-01-10 00:20:00,879.72
2021-01-10 00:30:00,1053.69
2021-01-10 00:30:00,1053.69
2021-01-10 00:30:00,1053.69
2021-01-10 00:30:00,1053.69
2021-01-10 00:30:00,1053.69
2021-01-10 00:30:00,1053.69
2021-01-10 00:40:00,1180.83
2021-01-10 00:40:00,1180.83
2021-01-10 00:40:00,1180.83
2021-01-10 00:40:00,1180.83
2021-01-10 00:40:00,1180.83
2021-01-10 00:40:00,1180.83
2021-01-10 00:50:00,708.14
2021-01-10 00:50:00,708.14
2021-01-10 00:50:00,708.14
2021-01-10 00:50:00,708.14
2021-01-10 00:50:00,708.14
2021-01-10 00:50:00,708.14
2021-01-10 01:00:00,498.62
2021-01-10 01:00:00,498.62
2021-01-10 01:00:00,498.62
2021-01-10 01:00:00,498.62
2021-01-10 01:00:00,498.62
2021-01-10 01:00:00,498.62
2021-01-10 01:10:00,450.08
2021-01-10 01:10:00,450.08
2021-01-10 01:10:00,450.08
2021-01-10 01:10:00,450.08
2021-01-10 01:10:00,450.08
2021-01-10 01:10:00,450.08
2021-01-10 01:20:00,388.47
2021-01-10 01:20:00,388.47
2021-01-10 01:20:00,388.47
2021-01-10 01:20:00,388.47
2021-01-10 01:20:00,388.47
2021-01-10 01:20:00,388.47
2021-01-10 01:30:00,436.92
2021-01-10 01:30:00,436.92
2021-01-10 01:30:00,436.92
2021-01-10 01:30:00,436.92
2021-01-10 01:30:00,436.92
2021-01-10 01:30:00,436.92
2021-01-10 01:40:00,394.51
2021-01-10 01:40:00,394.51
2021-01-10 01:40:00,394.51
2021-01-10 01:40:00,394.51
2021-01-10 01:40:00,394.51
2021-01-10 01:40:00,394.51
2021-01-10 01:50:00,313.24
2021-01-10 01:50:00,313.24
2021-01-10 01:50:00,313.24
2021-01-10 01:50:00,313.24
2021-01-10 01:50:00,313.24
2021-01-10 01:50:00,313.24
2021-01-10 02:00:00,300.34
2021-01-10 02:00:00,300.34
2021-01-10 02:00:00,300.34
2021-01-10 02:00:00,300.34
2021-01-10 02:00:00,300.34
2021-01-10 02:00:00,300.34
2021-01-10 02:10:00,292.78
2021-01-10 02:10:00,292.78
2021-01-10 02:10:00,292.78
2021-01-10 02:10:00,292.78
2021-01-10 02:10:00,292.78
2021-01-10 02:10:00,292.78
2021-01-10 02:20:00,278.26
2021-01-10 02:20:00,278.26
2021-01-10 02:20:00,278.26
2021-01-10 02:20:00,278.26
2021-01-10 02:20:00,278.26
2021-01-10 02:20:00,278.26
2021-01-10 02:30:00,304.04
2021-01-10 02:30:00,304.04
2021-01-10 02:30:00,304.04
2021-01-10 02:30:00,304.04
2021-01-10 02:30:00,304.04
2021-01-10 02:30:00,304.04
2021-01-10 02:40:00,444.38
2021-01-10 02:40:00,444.38
2021-01-10 02:40:00,444.38
2021-01-10 02:40:00,444.38
2021-01-10 02:40:00,444.38
2021-01-10 02:40:00,444.38
2021-01-10 02:50:00,603.31
2021-01-10 02:50:00,603.31
2021-01-10 02:50:00,603.31
2021-01-10 02:50:00,603.31
2021-01-10 02:50:00,603.31
2021-01-10 02:50:00,603.31
2021-01-10 03:00:00,679.06
2021-01-10 03:00:00,679.06
2021-01-10 03:00:00,679.06
2021-01-10 03:00:00,679.06
2021-01-10 03:00:00,679.06
2021-01-10 03:00:00,679.06
2021-01-10 03:10:00,652.28
2021-01-10 03:10:00,652.28
2021-01-10 03:10:00,652.28
2021-01-10 03:10:00,652.28
2021-01-10 03:10:00,652.28
2021-01-10 03:10:00,652.28
2021-01-10 03:20:00,624.93
2021-01-10 03:20:00,624.93
2021-01-10 03:20:00,624.93
2021-01-10 03:20:00,624.93
2021-01-10 03:20:00,624.93
2021-01-10 03:20:00,624.93
2021-01-10 03:30:00,685.42
2021-01-10 03:30:00,685.42
2021-01-10 03:30:00,685.42
2021-01-10 03:30:00,685.42
2021-01-10 03:30:00,685.42
2021-01-10 03:30:00,685.42
2021-01-10 03:40:00,687.28
2021-01-10 03:40:00,687.28
2021-01-10 03:40:00,687.28
2021-01-10 03:40:00,687.28
2021-01-10 03:40:00,687.28
2021-01-10 03:40:00,687.28
2021-01-10 03:50:00,810.93
2021-01-10 03:50:00,810.93
2021-01-10 03:50:00,810.93
2021-01-10 03:50:00,810.93
2021-01-10 03:50:00,810.93
2021-01-10 03:50:00,810.93
2021-01-10 04:00:00,740.98
2021-01-10 04:00:00,740.98
2021-01-10 04:00:00,740.98
2021-01-10 04:00:00,740.98
2021-01-10 04:00:00,740.98
2021-01-10 04:00:00,740.98
2021-01-10 04:10:00,737.13
2021-01-10 04:10:00,737.13
2021-01-10 04:10:00,737.13
2021-01-10 04:10:00,737.13
2021-01-10 04:10:00,737.13
2021-01-10 04:10:00,737.13
2021-01-10 04:20:00,831.51
2021-01-10 04:20:00,831.51
2021-01-10 04:20:00,831.51
2021-01-10 04:20:00,831.51
2021-01-10 04:20:00,831.51
2021-01-10 04:20:00,831.51
2021-01-10 04:30:00,868.64
2021-01-10 04:30:00,868.64
2021-01-10 04:30:00,868.64
2021-01-10 04:30:00,868.64
2021-01-10 04:30:00,868.64
2021-01-10 04:30:00,868.64
2021-01-10 04:40:00,900.82
2021-01-10 04:40:00,900.82
2021-01-10 04:40:00,900.82
2021-01-10 04:40:00,900.82
2021-01-10 04:40:00,900.82
2021-01-10 04:40:00,900.82
2021-01-10 04:50:00,866.78
2021-01-10 04:50:00,866.78
2021-01-10 04:50:00,866.78
2021-01-10 04:50:00,866.78
2021-01-10 04:50:00,866.78
2021-01-10 04:50:00,866.78
2021-01-10 05:00:00,673.09
2021-01-10 05:00:00,673.09
2021-01-10 05:00:00,673.09
2021-01-10 05:00:00,673.09
2021-01-10 05:00:00,673.09
2021-01-10 05:00:00,673.09
2021-01-10 05:10:00,840.83
2021-01-10 05:10:00,840.83
2021-01-10 05:10:00,840.83
2021-01-10 05:10:00,840.83
2021-01-10 05:10:00,840.83
2021-01-10 05:10:00,840.83
2021-01-10 05:20:00,755.81
2021-01-10 05:20:00,755.81
2021-01-10 05:20:00,755.81
2021-01-10 05:20:00,755.81
2021-01-10 05:20:00,755.81
2021-01-10 05:20:00,755.81
2021-01-10 05:30:00,676.45
2021-01-10 05:30:00,676.45
2021-01-10 05:30:00,676.45
2021-01-10 05:30:00,676.45
2021-01-10 05:30:00,676.45
2021-01-10 05:30:00,676.45
2021-01-10 05:40:00,606.57
2021-01-10 05:40:00,606.57
2021-01-10 05:40:00,606.57
2021-01-10 05:40:00,606.57
2021-01-10 05:40:00,606.57
2021-01-10 05:40:00,606.57
2021-01-10 05:50:00,579.07
2021-01-10 05:50:00,579.07
2021-01-10 05:50:00,579.07
2021-01-10 05:50:00,579.07
2021-01-10 05:50:00,579.07
2021-01-10 05:50:00,579.07
2021-01-10 06:00:00,608.65
2021-01-10 06:00:00,608.65
2021-01-10 06:00:00,608.65
2021-01-10 06:00:00,608.65
2021-01-10 06:00:00,608.65
2021-01-10 06:00:00,608.65
2021-01-10 06:10:00,586.74
2021-01-10 06:10:00,586.74
2021-01-10 06:10:00,586.74
2021-01-10 06:10:00,586.74
2021-01-10 06:10:00,586.74
2021-01-10 06:10:00,586.74
2021-01-10 06:20:00,576.66
2021-01-10 06:20:00,576.66
2021-01-10 06:20:00,576.66
2021-01-10 06:20:00,576.66
2021-01-10 06:20:00,576.66
2021-01-10 06:20:00,576.66
2021-01-10 06:30:00,735.06
2021-01-10 06:30:00,735.06
2021-01-10 06:30:00,735.06
2021-01-10 06:30:00,735.06
2021-01-10 06:30:00,735.06
2021-01-10 06:30:00,735.06
2021-01-10 06:40:00,965.43
2021-01-10 06:40:00,965.43
2021-01-10 06:40:00,965.43
2021-01-10 06:40:00,965.43
2021-01-10 06:40:00,965.43
2021-01-10 06:40:00,965.43
2021-01-10 06:50:00,1143.35
2021-01-10 06:50:00,1143.35
2021-01-10 06:50:00,1143.35
2021-01-10 06:50:00,1143.35
2021-01-10 06:50:00,1143.35
2021-01-10 06:50:00,1143.35
2021-01-10 07:00:00,1321.28
2021-01-10 07:00:00,1321.28
2021-01-10 07:00:00,1321.28
2021-01-10 07:00:00,1321.28
2021-01-10 07:00:00,1321.28
2021-01-10 07:00:00,1321.28
2021-01-10 07:10:00,1335.47
2021-01-10 07:10:00,1335.47
2021-01-10 07:10:00,1335.47
2021-01-10 07:10:00,1335.47
2021-01-10 07:10:00,1335.47
2021-01-10 07:10:00,1335.47
2021-01-10 07:20:00,1349.66
2021-01-10 07:20:00,1349.66
2021-01-10 07:20:00,1349.66
2021-01-10 07:20:00,1349.66
2021-01-10 07:20:00,1349.66
2021-01-10 07:20:00,1349.66
2021-01-10 07:30:00,1167.03
2021-01-10 07:30:00,1167.03
2021-01-10 07:30:00,1167.03
2021-01-10 07:30:00,1167.03
2021-01-10 07:30:00,1167.03
2021-01-10 07:30:00,1167.03
2021-01-10 07:40:00,1290.46
2021-01-10 07:40:00,1290.46
2021-01-10 07:40:00,1290.46
2021-01-10 07:40:00,1290.46
2021-01-10 07:40:00,1290.46
2021-01-10 07:40:00,1290.46
2021-01-10 07:50:00,1221.26
2021-01-10 07:50:00,1221.26
2021-01-10 07:50:00,1221.26
2021-01-10 07:50:00,1221.26
2021-01-10 07:50:00,1221.26
2021-01-10 07:50:00,1221.26
2021-01-10 08:00:00,1321.35
2021-01-10 08:00:00,1321.35
2021-01-10 08:00:00,1321.35
2021-01-10 08:00:00,1321.35
2021-01-10 08:00:00,1321.35
2021-01-10 08:00:00,1321.35
2021-01-10 08:10:00,1239.37
2021-01-10 08:10:00,1239.37
2021-01-10 08:10:00,1239.37
2021-01-10 08:10:00,1239.37
2021-01-10 08:10:00,1239.37
2021-01-10 08:10:00,1239.37
2021-01-10 08:20:00,1157.39
2021-01-10 08:20:00,1157.39
2021-01-10 08:20:00,1157.39
2021-01-10 08:20:00,1157.39
2021-01-10 08:20:00,1157.39
2021-01-10 08:20:00,1157.39
2021-01-10 08:30:00,1081.74
2021-01-10 08:30:00,1081.74
2021-01-10 08:30:00,1081.74
2021-01-10 08:30:00,1081.74
2021-01-10 08:30:00,1081.74
2021-01-10 08:30:00,1081.74
2021-01-10 08:40:00,1375.85
2021-01-10 08:40:00,1375.85
2021-01-10 08:40:00,1375.85
2021-01-10 08:40:00,1375.85
2021-01-10 08:40:00,1375.85
2021-01-10 08:40:00,1375.85
2021-01-10 08:50:00,1344.8999
2021-01-10 08:50:00,1344.8999
2021-01-10 08:50:00,1344.8999
2021-01-10 08:50:00,1344.8999
2021-01-10 08:50:00,1344.8999
2021-01-10 08:50:00,1344.8999
2021-01-10 09:00:00,1313.95
2021-01-10 09:00:00,1313.95
2021-01-10 09:00:00,1313.95
2021-01-10 09:00:00,1313.95
2021-01-10 09:00:00,1313.95
2021-01-10 09:00:00,1313.95
2021-01-10 09:10:00,1177.93
2021-01-10 09:10:00,1177.93
2021-01-10 09:10:00,1177.93
2021-01-10 09:10:00,1177.93
2021-01-10 09:10:00,1177.93
2021-01-10 09:10:00,1177.93
2021-01-10 09:20:00,1136.81
2021-01-10 09:20:00,1136.81
2021-01-10 09:20:00,1136.81
2021-01-10 09:20:00,1136.81
2021-01-10 09:20:00,1136.81
2021-01-10 09:20:00,1136.81
2021-01-10 09:30:00,1016.05
2021-01-10 09:30:00,1016.05
2021-01-10 09:30:00,1016.05
2021-01-10 09:30:00,1016.05
2021-01-10 09:30:00,1016.05
2021-01-10 09:30:00,1016.05
2021-01-10 09:40:00,864.84
2021-01-10 09:40:00,864.84
2021-01-10 09:40:00,864.84
2021-01-10 09:40:00,864.84
2021-01-10 09:40:00,864.84
2021-01-10 09:40:00,864.84
2021-01-10 09:50:00,1025.58
2021-01-10 09:50:00,1025.58
2021-01-10 09:50:00,1025.58
2021-01-10 09:50:00,1025.58
2021-01-10 09:50:00,1025.58
2021-01-10 09:50:00,1025.58
2021-01-10 10:00:00,803.66
2021-01-10 10:00:00,803.66
2021-01-10 10:00:00,803.66
2021-01-10 10:00:00,803.66
2021-01-10 10:00:00,803.66
2021-01-10 10:00:00,803.66
2021-01-10 10:10:00,745.2
2021-01-10 10:10:00,745.2
2021-01-10 10:10:00,745.2
2021-01-10 10:10:00,745.2
2021-01-10 10:10:00,745.2
2021-01-10 10:10:00,745.2
2021-01-10 10:20:00,669.47
2021-01-10 10:20:00,669.47
2021-01-10 10:20:00,669.47
2021-01-10 10:20:00,669.47
2021-01-10 10:20:00,669.47
2021-01-10 10:20:00,669.47
2021-01-10 10:30:00,734.26
2021-01-10 10:30:00,734.26
2021-01-10 10:30:00,734.26
2021-01-10 10:30:00,734.26
2021-01-10 10:30:00,734.26
2021-01-10 10:30:00,734.26
2021-01-10 10:40:00,730.18
2021-01-10 10:40:00,730.18
2021-01-10 10:40:00,730.18
2021-01-10 10:40:00,730.18
2021-01-10 10:40:00,730.18
2021-01-10 10:40:00,730.18
2021-01-10 10:50:00,731.25
2021-01-10 10:50:00,731.25
2021-01-10 10:50:00,731.25
2021-01-10 10:50:00,731.25
2021-01-10 10:50:00,731.25
2021-01-10 10:50:00,731.25
2021-01-10 11:00:00,1075.64
2021-01-10 11:00:00,1075.64
2021-01-10 11:00:00,1075.64
2021-01-10 11:00:00,1075.64
2021-01-10 11:00:00,1075.64
2021-01-10 11:00:00,1075.64
2021-01-10 11:10:00,1270.47
2021-01-10 11:10:00,1270.47
2021-01-10 11:10:00,1270.47
2021-01-10 11:10:00,1270.47
2021-01-10 11:10:00,1270.47
2021-01-10 11:10:00,1270.47
2021-01-10 11:20:00,1277.1306
2021-01-10 11:20:00,1277.1306
2021-01-10 11:20:00,1277.1306
2021-01-10 11:20:00,1277.1306
2021-01-10 11:20:00,1277.1306
2021-01-10 11:20:00,1277.1306
2021-01-10 11:30:00,1283.7913
2021-01-10 11:30:00,1283.7913
2021-01-10 11:30:00,1283.7913
2021-01-10 11:30:00,1283.7913
2021-01-10 11:30:00,1283.7913
2021-01-10 11:30:00,1283.7913
2021-01-10 11:40:00,1290.452
2021-01-10 11:40:00,1290.452
2021-01-10 11:40:00,1290.452
2021-01-10 11:40:00,1290.452
2021-01-10 11:40:00,1290.452
2021-01-10 11:40:00,1290.452
2021-01-10 11:50:00,1297.1127
2021-01-10 11:50:00,1297.1127
2021-01-10 11:50:00,1297.1127
2021-01-10 11:50:00,1297.1127
2021-01-10 11:50:00,1297.1127
2021-01-10 11:50:00,1297.1127
2021-01-10 12:00:00,1303.7733
2021-01-10 12:00:00,1303.7733
2021-01-10 12:00:00,1303.7733
2021-01-10 12:00:00,1303.7733
2021-01-10 12:00:00,1303.7733
2021-01-10 12:00:00,1303.7733
2021-01-10 12:10:00,1310.434
2021-01-10 12:10:00,1310.434
2021-01-10 12:10:00,1310.434
2021-01-10 12:10:00,1310.434
2021-01-10 12:10:00,1310.434
2021-01-10 12:10:00,1310.434
2021-01-10 12:20:00,1317.0946
2021-01-10 12:20:00,1317.0946
2021-01-10 12:20:00,1317.0946
2021-01-10 12:20:00,1317.0946
2021-01-10 12:20:00,1317.0946
2021-01-10 12:20:00,1317.0946
2021-01-10 12:30:00,1323.7554
2021-01-10 12:30:00,1323.7554
2021-01-10 12:30:00,1323.7554
2021-01-10 12:30:00,1323.7554
2021-01-10 12:30:00,1323.7554
2021-01-10 12:30:00,1323.7554
2021-01-10 12:40:00,1330.416
2021-01-10 12:40:00,1330.416
2021-01-10 12:40:00,1330.416
2021-01-10 12:40:00,1330.416
2021-01-10 12:40:00,1330.416
2021-01-10 12:40:00,1330.416
2021-01-10 12:50:00,1337.0767
2021-01-10 12:50:00,1337.0767
2021-01-10 12:50:00,1337.0767
2021-01-10 12:50:00,1337.0767
2021-01-10 12:50:00,1337.0767
2021-01-10 12:50:00,1337.0767
2021-01-10 13:00:00,1343.7373
2021-01-10 13:00:00,1343.7373
2021-01-10 13:00:00,1343.7373
2021-01-10 13:00:00,1343.7373
2021-01-10 13:00:00,1343.7373
2021-01-10 13:00:00,1343.7373
2021-01-10 13:10:00,1350.398
2021-01-10 13:10:00,1350.398
2021-01-10 13:10:00,1350.398
2021-01-10 13:10:00,1350.398
2021-01-10 13:10:00,1350.398
2021-01-10 13:10:00,1350.398
2021-01-10 13:20:00,1357.0587
2021-01-10 13:20:00,1357.0587
2021-01-10 13:20:00,1357.0587
2021-01-10 13:20:00,1357.0587
2021-01-10 13:20:00,1357.0587
2021-01-10 13:20:00,1357.0587
2021-01-10 13:30:00,1363.7194
2021-01-10 13:30:00,1363.7194
2021-01-10 13:30:00,1363.7194
2021-01-10 13:30:00,1363.7194
2021-01-10 13:30:00,1363.7194
2021-01-10 13:30:00,1363.7194
2021-01-10 13:40:00,1370.38
2021-01-10 13:40:00,1370.38
2021-01-10 13:40:00,1370.38
2021-01-10 13:40:00,1370.38
2021-01-10 13:40:00,1370.38
2021-01-10 13:40:00,1370.38
2021-01-10 13:50:00,1078.54
2021-01-10 13:50:00,1078.54
2021-01-10 13:50:00,1078.54
2021-01-10 13:50:00,1078.54
2021-01-10 13:50:00,1078.54
2021-01-10 13:50:00,1078.54
2021-01-10 14:00:00,1165.62
2021-01-10 14:00:00,1165.62
2021-01-10 14:00:00,1165.62
2021-01-10 14:00:00,1165.62
2021-01-10 14:00:00,1165.62
2021-01-10 14:00:00,1165.62
2021-01-10 14:10:00,1171.1033
2021-01-10 14:10:00,1171.1033
2021-01-10 14:10:00,1171.1033
2021-01-10 14:10:00,1171.1033
2021-01-10 14:10:00,1171.1033
2021-01-10 14:10:00,1171.1033
2021-01-10 14:20:00,1176.5867
2021-01-10 14:20:00,1176.5867
2021-01-10 14:20:00,1176.5867
2021-01-10 14:20:00,1176.5867
2021-01-10 14:20:00,1176.5867
2021-01-10 14:20:00,1176.5867
2021-01-10 14:30:00,1182.07
2021-01-10 14:30:00,1182.07
2021-01-10 14:30:00,1182.07
2021-01-10 14:30:00,1182.07
2021-01-10 14:30:00,1182.07
2021-01-10 14:30:00,1182.07
2021-01-10 14:40:00,1187.5533
2021-01-10 14:40:00,1187.5533
2021-01-10 14:40:00,1187.5533
2021-01-10 14:40:00,1187.5533
2021-01-10 14:40:00,1187.5533
2021-01-10 14:40:00,1187.5533
2021-01-10 14:50:00,1193.0366
2021-01-10 14:50:00,1193.0366
2021-01-10 14:50:00,1193.0366
2021-01-10 14:50:00,1193.0366
2021-01-10 14:50:00,1193.0366
2021-01-10 14:50:00,1193.0366
2021-01-10 15:00:00,1198.52
2021-01-10 15:00:00,1198.52
2021-01-10 15:00:00,1198.52
2021-01-10 15:00:00,1198.52
2021-01-10 15:00:00,1198.52
2021-01-10 15:00:00,1198.52
2021-01-10 15:10:00,1204.0033
2021-01-10 15:10:00,1204.0033
2021-01-10 15:10:00,1204.0033
2021-01-10 15:10:00,1204.0033
2021-01-10 15:10:00,1204.0033
2021-01-10 15:10:00,1204.0033
2021-01-10 15:20:00,1209.4867
2021-01-10 15:20:00,1209.4867
2021-01-10 15:20:00,1209.4867
2021-01-10 15:20:00,1209.4867
2021-01-10 15:20:00,1209.4867
2021-01-10 15:20:00,1209.4867
2021-01-10 15:30:00,1214.97
2021-01-10 15:30:00,1214.97
2021-01-10 15:30:00,1214.97
2021-01-10 15:30:00,1214.97
2021-01-10 15:30:00,1214.97
2021-01-10 15:30:00,1214.97
2021-01-10 15:40:00,1220.4534
2021-01-10 15:40:00,1220.4534
2021-01-10 15:40:00,1220.4534
2021-01-10 15:40:00,1220.4534
2021-01-10 15:40:00,1220.4534
2021-01-10 15:40:00,1220.4534
2021-01-10 15:50:00,1225.9366
2021-01-10 15:50:00,1225.9366
2021-01-10 15:50:00,1225.9366
2021-01-10 15:50:00,1225.9366
2021-01-10 15:50:00,1225.9366
2021-01-10 15:50:00,1225.9366
2021-01-10 16:00:00,1231.42
2021-01-10 16:00:00,1231.42
2021-01-10 16:00:00,1231.42
2021-01-10 16:00:00,1231.42
2021-01-10 16:00:00,1231.42
2021-01-10 16:00:00,1231.42
2021-01-10 16:10:00,1236.9033
2021-01-10 16:10:00,1236.9033
2021-01-10 16:10:00,1236.9033
2021-01-10 16:10:00,1236.9033
2021-01-10 16:10:00,1236.9033
2021-01-10 16:10:00,1236.9033
2021-01-10 16:20:00,1242.3867
2021-01-10 16:20:00,1242.3867
2021-01-10 16:20:00,1242.3867
2021-01-10 16:20:00,1242.3867
2021-01-10 16:20:00,1242.3867
2021-01-10 16:20:00,1242.3867
2021-01-10 16:30:00,1247.87
2021-01-10 16:30:00,1247.87
2021-01-10 16:30:00,1247.87
2021-01-10 16:30:00,1247.87
2021-01-10 16:30:00,1247.87
2021-01-10 16:30:00,1247.87
2021-01-10 16:40:00,1253.3533
2021-01-10 16:40:00,1253.3533
2021-01-10 16:40:00,1253.3533
2021-01-10 16:40:00,1253.3533
2021-01-10 16:40:00,1253.3533
2021-01-10 16:40:00,1253.3533
2021-01-10 16:50:00,1258.8367
2021-01-10 16:50:00,1258.8367
2021-01-10 16:50:00,1258.8367
2021-01-10 16:50:00,1258.8367
2021-01-10 16:50:00,1258.8367
2021-01-10 16:50:00,1258.8367
2021-01-10 17:00:00,1264.32
2021-01-10 17:00:00,1264.32
2021-01-10 17:00:00,1264.32
2021-01-10 17:00:00,1264.32
2021-01-10 17:00:00,1264.32
2021-01-10 17:00:00,1264.32
2021-01-10 17:10:00,1269.8033
2021-01-10 17:10:00,1269.8033
2021-01-10 17:10:00,1269.8033
2021-01-10 17:10:00,1269.8033
2021-01-10 17:10:00,1269.8033
2021-01-10 17:10:00,1269.8033
2021-01-10 17:20:00,1275.2866
2021-01-10 17:20:00,1275.2866
2021-01-10 17:20:00,1275.2866
2021-01-10 17:20:00,1275.2866
2021-01-10 17:20:00,1275.2866
2021-01-10 17:20:00,1275.2866
2021-01-10 17:30:00,1280.77
2021-01-10 17:30:00,1280.77
2021-01-10 17:30:00,1280.77
2021-01-10 17:30:00,1280.77
2021-01-10 17:30:00,1280.77
2021-01-10 17:30:00,1280.77
2021-01-10 17:40:00,1286.2533
2021-01-10 17:40:00,1286.2533
2021-01-10 17:40:00,1286.2533
2021-01-10 17:40:00,1286.2533
2021-01-10 17:40:00,1286.2533
2021-01-10 17:40:00,1286.2533
2021-01-10 17:50:00,1291.7367
2021-01-10 17:50:00,1291.7367
2021-01-10 17:50:00,1291.7367
2021-01-10 17:50:00,1291.7367
2021-01-10 17:50:00,1291.7367
2021-01-10 17:50:00,1291.7367
2021-01-10 18:00:00,1297.22
2021-01-10 18:00:00,1297.22
2021-01-10 18:00:00,1297.22
2021-01-10 18:00:00,1297.22
2021-01-10 18:00:00,1297.22
2021-01-10 18:00:00,1297.22
2021-01-10 18:10:00,1302.7034
2021-01-10 18:10:00,1302.7034
2021-01-10 18:10:00,1302.7034
2021-01-10 18:10:00,1302.7034
2021-01-10 18:10:00,1302.7034
2021-01-10 18:10:00,1302.7034
2021-01-10 18:20:00,1308.1866
2021-01-10 18:20:00,1308.1866
2021-01-10 18:20:00,1308.1866
2021-01-10 18:20:00,1308.1866
2021-01-10 18:20:00,1308.1866
2021-01-10 18:20:00,1308.1866
2021-01-10 18:30:00,1313.67
2021-01-10 18:30:00,1313.67
2021-01-10 18:30:00,1313.67
2021-01-10 18:30:00,1313.67
2021-01-10 18:30:00,1313.67
2021-01-10 18:30:00,1313.67
2021-01-10 18:40:00,1319.1533
2021-01-10 18:40:00,1319.1533
2021-01-10 18:40:00,1319.1533
2021-01-10 18:40:00,1319.1533
2021-01-10 18:40:00,1319.1533
2021-01-10 18:40:00,1319.1533
2021-01-10 18:50:00,1324.6367
2021-01-10 18:50:00,1324.6367
2021-01-10 18:50:00,1324.6367
2021-01-10 18:50:00,1324.6367
2021-01-10 18:50:00,1324.6367
2021-01-10 18:50:00,1324.6367
2021-01-10 19:00:00,1330.12
2021-01-10 19:00:00,1330.12
2021-01-10 19:00:00,1330.12
2021-01-10 19:00:00,1330.12
2021-01-10 19:00:00,1330.12
2021-01-10 19:00:00,1330.12
2021-01-10 19:10:00,991.21
2021-01-10 19:10:00,991.21
2021-01-10 19:10:00,991.21
2021-01-10 19:10:00,991.21
2021-01-10 19:10:00,991.21
2021-01-10 19:10:00,991.21
2021-01-10 19:20:00,1061.6
2021-01-10 19:20:00,1061.6
2021-01-10 19:20:00,1061.6
2021-01-10 19:20:00,1061.6
2021-01-10 19:20:00,1061.6
2021-01-10 19:20:00,1061.6
2021-01-10 19:30:00,1163.95
2021-01-10 19:30:00,1163.95
2021-01-10 19:30:00,1163.95
2021-01-10 19:30:00,1163.95
2021-01-10 19:30:00,1163.95
2021-01-10 19:30:00,1163.95
2021-01-10 19:40:00,1207.93
2021-01-10 19:40:00,1207.93
2021-01-10 19:40:00,1207.93
2021-01-10 19:40:00,1207.93
2021-01-10 19:40:00,1207.93
2021-01-10 19:40:00,1207.93
2021-01-10 19:50:00,1176.18
2021-01-10 19:50:00,1176.18
2021-01-10 19:50:00,1176.18
2021-01-10 19:50:00,1176.18
2021-01-10 19:50:00,1176.18
2021-01-10 19:50:00,1176.18
2021-01-10 20:00:00,1149.75
2021-01-10 20:00:00,1149.75
2021-01-10 20:00:00,1149.75
2021-01-10 20:00:00,1149.75
2021-01-10 20:00:00,1149.75
2021-01-10 20:00:00,1149.75
2021-01-10 20:10:00,778.39
2021-01-10 20:10:00,778.39
2021-01-10 20:10:00,778.39
2021-01-10 20:10:00,778.39
2021-01-10 20:10:00,778.39
2021-01-10 20:10:00,778.39
2021-01-10 20:20:00,603.9
2021-01-10 20:20:00,603.9
2021-01-10 20:20:00,603.9
2021-01-10 20:20:00,603.9
2021-01-10 20:20:00,603.9
2021-01-10 20:20:00,603.9
2021-01-10 20:30:00,609.98
2021-01-10 20:30:00,609.98
2021-01-10 20:30:00,609.98
2021-01-10 20:30:00,609.98
2021-01-10 20:30:00,609.98
2021-01-10 20:30:00,609.98
2021-01-10 20:40:00,640.6
2021-01-10 20:40:00,640.6
2021-01-10 20:40:00,640.6
2021-01-10 20:40:00,640.6
2021-01-10 20:40:00,640.6
2021-01-10 20:40:00,640.6
2021-01-10 20:50:00,589.36
2021-01-10 20:50:00,589.36
2021-01-10 20:50:00,589.36
2021-01-10 20:50:00,589.36
2021-01-10 20:50:00,589.36
2021-01-10 20:50:00,589.36
2021-01-10 21:00:00,452.01
2021-01-10 21:00:00,452.01
2021-01-10 21:00:00,452.01
2021-01-10 21:00:00,452.01
2021-01-10 21:00:00,452.01
2021-01-10 21:00:00,452.01
2021-01-10 21:10:00,334.97
2021-01-10 21:10:00,334.97
2021-01-10 21:10:00,334.97
2021-01-10 21:10:00,334.97
2021-01-10 21:10:00,334.97
2021-01-10 21:10:00,334.97
2021-01-10 21:20:00,240.02
2021-01-10 21:20:00,240.02
2021-01-10 21:20:00,240.02
2021-01-10 21:20:00,240.02
2021-01-10 21:20:00,240.02
2021-01-10 21:20:00,240.02
2021-01-10 21:30:00,231.24
2021-01-10 21:30:00,231.24
2021-01-10 21:30:00,231.24
2021-01-10 21:30:00,231.24
2021-01-10 21:30:00,231.24
2021-01-10 21:30:00,231.24
2021-01-10 21:40:00,292.84
2021-01-10 21:40:00,292.84
2021-01-10 21:40:00,292.84
2021-01-10 21:40:00,292.84
2021-01-10 21:40:00,292.84
2021-01-10 21:40:00,292.84
2021-01-10 21:50:00,397.24
2021-01-10 21:50:00,397.24
2021-01-10 21:50:00,397.24
2021-01-10 21:50:00,397.24
2021-01-10 21:50:00,397.24
2021-01-10 21:50:00,397.24
2021-01-10 22:00:00,580.31
2021-01-10 22:00:00,580.31
2021-01-10 22:00:00,580.31
2021-01-10 22:00:00,580.31
2021-01-10 22:00:00,580.31
2021-01-10 22:00:00,580.31
2021-01-10 22:10:00,587.62
2021-01-10 22:10:00,587.62
2021-01-10 22:10:00,587.62
2021-01-10 22:10:00,587.62
2021-01-10 22:10:00,587.62
2021-01-10 22:10:00,587.62
2021-01-10 22:20:00,486.81
2021-01-10 22:20:00,486.81
2021-01-10 22:20:00,486.81
2021-01-10 22:20:00,486.81
2021-01-10 22:20:00,486.81
2021-01-10 22:20:00,486.81
2021-01-10 22:30:00,314.44
2021-01-10 22:30:00,314.44
2021-01-10 22:30:00,314.44
2021-01-10 22:30:00,314.44
2021-01-10 22:30:00,314.44
2021-01-10 22:30:00,314.44
2021-01-10 22:40:00,328.95
2021-01-10 22:40:00,328.95
2021-01-10 22:40:00,328.95
2021-01-10 22:40:00,328.95
2021-01-10 22:40:00,328.95
2021-01-10 22:40:00,328.95
2021-01-10 22:50:00,250.77
2021-01-10 22:50:00,250.77
2021-01-10 22:50:00,250.77
2021-01-10 22:50:00,250.77
2021-01-10 22:50:00,250.77
2021-01-10 22:50:00,250.77
2021-01-10 23:00:00,184.9
2021-01-10 23:00:00,184.9
2021-01-10 23:00:00,184.9
2021-01-10 23:00:00,184.9
2021-01-10 23:00:00,184.9
2021-01-10 23:00:00,184.9
2021-01-10 23:10:00,167.33
2021-01-10 23:10:00,167.33
2021-01-10 23:10:00,167.33
2021-01-10 23:10:00,167.33
2021-01-10 23:10:00,167.33
2021-01-10 23:10:00,167.33
2021-01-10 23:20:00,143.36
2021-01-10 23:20:00,143.36
2021-01-10 23:20:00,143.36
2021-01-10 23:20:00,143.36
2021-01-10 23:20:00,143.36
2021-01-10 23:20:00,143.36
2021-01-10 23:30:00,143.58
2021-01-10 23:30:00,143.58
2021-01-10 23:30:00,143.58
2021-01-10 23:30:00,143.58
2021-01-10 23:30:00,143.58
2021-01-10 23:30:00,143.58
2021-01-10 23:40:00,149.8
2021-01-10 23:40:00,149.8
2021-01-10 23:40:00,149.8
2021-01-10 23:40:00,149.8
2021-01-10 23:40:00,149.8
2021-01-10 23:40:00,149.8
2021-01-10 23:50:00,156.38
2021-01-10 23:50:00,156.38
2021-01-10 23:50:00,156.38
2021-01-10 23:50:00,156.38
2021-01-10 23:50:00,156.38
2021-01-10 23:50:00,156.38
2021-01-11 00:00:00,170.57
2021-01-11 00:00:00,170.57
2021-01-11 00:00:00,170.57
2021-01-11 00:00:00,170.57
2021-01-11 00:00:00,170.57
2021-01-11 00:00:00,170.57
2021-01-11 00:10:00,137.63
2021-01-11 00:10:00,137.63
2021-01-11 00:10:00,137.63
2021-01-11 00:10:00,137.63
2021-01-11 00:10:00,137.63
2021-01-11 00:10:00,137.63
2021-01-11 00:20:00,97.8
2021-01-11 00:20:00,97.8
2021-01-11 00:20:00,97.8
2021-01-11 00:20:00,97.8
2021-01-11 00:20:00,97.8
2021-01-11 00:20:00,97.8
2021-01-11 00:30:00,116.67
2021-01-11 00:30:00,116.67
2021-01-11 00:30:00,116.67
2021-01-11 00:30:00,116.67
2021-01-11 00:30:00,116.67
2021-01-11 00:30:00,116.67
2021-01-11 00:40:00,146.54
2021-01-11 00:40:00,146.54
2021-01-11 00:40:00,146.54
2021-01-11 00:40:00,146.54
2021-01-11 00:40:00,146.54
2021-01-11 00:40:00,146.54
2021-01-11 00:50:00,113.41
2021-01-11 00:50:00,113.41
2021-01-11 00:50:00,113.41
2021-01-11 00:50:00,113.41
2021-01-11 00:50:00,113.41
2021-01-11 00:50:00,113.41
2021-01-11 01:00:00,84.77
2021-01-11 01:00:00,84.77
2021-01-11 01:00:00,84.77
2021-01-11 01:00:00,84.77
2021-01-11 01:00:00,84.77
2021-01-11 01:00:00,84.77
2021-01-11 01:10:00,160.05
2021-01-11 01:10:00,160.05
2021-01-11 01:10:00,160.05
2021-01-11 01:10:00,160.05
2021-01-11 01:10:00,160.05
2021-01-11 01:10:00,160.05
2021-01-11 01:20:00,179.54
2021-01-11 01:20:00,179.54
2021-01-11 01:20:00,179.54
2021-01-11 01:20:00,179.54
2021-01-11 01:20:00,179.54
2021-01-11 01:20:00,179.54
2021-01-11 01:30:00,128.96
2021-01-11 01:30:00,128.96
2021-01-11 01:30:00,128.96
2021-01-11 01:30:00,128.96
2021-01-11 01:30:00,128.96
2021-01-11 01:30:00,128.96
2021-01-11 01:40:00,48.2
2021-01-11 01:40:00,48.2
2021-01-11 01:40:00,48.2
2021-01-11 01:40:00,48.2
2021-01-11 01:40:00,48.2
2021-01-11 01:40:00,48.2
2021-01-11 01:50:00,85.8
2021-01-11 01:50:00,85.8
2021-01-11 01:50:00,85.8
2021-01-11 01:50:00,85.8
2021-01-11 01:50:00,85.8
2021-01-11 01:50:00,85.8
2021-01-11 02:00:00,53.66
2021-01-11 02:00:00,53.66
2021-01-11 02:00:00,53.66
2021-01-11 02:00:00,53.66
2021-01-11 02:00:00,53.66
2021-01-11 02:00:00,53.66
2021-01-11 02:10:00,56.64
2021-01-11 02:10:00,56.64
2021-01-11 02:10:00,56.64
2021-01-11 02:10:00,56.64
2021-01-11 02:10:00,56.64
2021-01-11 02:10:00,56.64
2021-01-11 02:20:00,39.95
2021-01-11 02:20:00,39.95
2021-01-11 02:20:00,39.95
2021-01-11 02:20:00,39.95
2021-01-11 02:20:00,39.95
2021-01-11 02:20:00,39.95
2021-01-11 02:30:00,34.33
2021-01-11 02:30:00,34.33
2021-01-11 02:30:00,34.33
2021-01-11 02:30:00,34.33
2021-01-11 02:30:00,34.33
2021-01-11 02:30:00,34.33
2021-01-11 02:40:00,62.81
2021-01-11 02:40:00,62.81
2021-01-11 02:40:00,62.81
2021-01-11 02:40:00,62.81
2021-01-11 02:40:00,62.81
2021-01-11 02:40:00,62.81
2021-01-11 02:50:00,24.45
2021-01-11 02:50:00,24.45
2021-01-11 02:50:00,24.45
2021-01-11 02:50:00,24.45
2021-01-11 02:50:00,24.45
2021-01-11 02:50:00,24.45
2021-01-11 03:00:00,16.94
2021-01-11 03:00:00,16.94
2021-01-11 03:00:00,16.94
2021-01-11 03:00:00,16.94
2021-01-11 03:00:00,16.94
2021-01-11 03:00:00,16.94
2021-01-11 03:10:00,15.57
2021-01-11 03:10:00,15.57
2021-01-11 03:10:00,15.57
2021-01-11 03:10:00,15.57
2021-01-11 03:10:00,15.57
2021-01-11 03:10:00,15.57
2021-01-11 03:20:00,37.67
2021-01-11 03:20:00,37.67
2021-01-11 03:20:00,37.67
2021-01-11 03:20:00,37.67
2021-01-11 03:20:00,37.67
2021-01-11 03:20:00,37.67
2021-01-11 03:30:00,27.81
2021-01-11 03:30:00,27.81
2021-01-11 03:30:00,27.81
2021-01-11 03:30:00,27.81
2021-01-11 03:30:00,27.81
2021-01-11 03:30:00,27.81
2021-01-11 03:40:00,11.8
2021-01-11 03:40:00,11.8
2021-01-11 03:40:00,11.8
2021-01-11 03:40:00,11.8
2021-01-11 03:40:00,11.8
2021-01-11 03:40:00,11.8
2021-01-11 03:50:00,19.5
2021-01-11 03:50:00,19.5
2021-01-11 03:50:00,19.5
2021-01-11 03:50:00,19.5
2021-01-11 03:50:00,19.5
2021-01-11 03:50:00,19.5
2021-01-11 04:00:00,33.75
2021-01-11 04:00:00,33.75
2021-01-11 04:00:00,33.75
2021-01-11 04:00:00,33.75
2021-01-11 04:00:00,33.75
2021-01-11 04:00:00,33.75
2021-01-11 04:10:00,70.01
2021-01-11 04:10:00,70.01
2021-01-11 04:10:00,70.01
2021-01-11 04:10:00,70.01
2021-01-11 04:10:00,70.01
2021-01-11 04:10:00,70.01
2021-01-11 04:20:00,50.57
2021-01-11 04:20:00,50.57
2021-01-11 04:20:00,50.57
2021-01-11 04:20:00,50.57
2021-01-11 04:20:00,50.57
2021-01-11 04:20:00,50.57
2021-01-11 04:30:00,170.05
2021-01-11 04:30:00,170.05
2021-01-11 04:30:00,170.05
2021-01-11 04:30:00,170.05
2021-01-11 04:30:00,170.05
2021-01-11 04:30:00,170.05
2021-01-11 04:40:00,355.77
2021-01-11 04:40:00,355.77
2021-01-11 04:40:00,355.77
2021-01-11 04:40:00,355.77
2021-01-11 04:40:00,355.77
2021-01-11 04:40:00,355.77
2021-01-11 04:50:00,477.77
2021-01-11 04:50:00,477.77
2021-01-11 04:50:00,477.77
2021-01-11 04:50:00,477.77
2021-01-11 04:50:00,477.77
2021-01-11 04:50:00,477.77
2021-01-11 05:00:00,442.57
2021-01-11 05:00:00,442.57
2021-01-11 05:00:00,442.57
2021-01-11 05:00:00,442.57
2021-01-11 05:00:00,442.57
2021-01-11 05:00:00,442.57
2021-01-11 05:10:00,386.36
2021-01-11 05:10:00,386.36
2021-01-11 05:10:00,386.36
2021-01-11 05:10:00,386.36
2021-01-11 05:10:00,386.36
2021-01-11 05:10:00,386.36
2021-01-11 05:20:00,381.17
2021-01-11 05:20:00,381.17
2021-01-11 05:20:00,381.17
2021-01-11 05:20:00,381.17
2021-01-11 05:20:00,381.17
2021-01-11 05:20:00,381.17
2021-01-11 05:30:00,399.33
2021-01-11 05:30:00,399.33
2021-01-11 05:30:00,399.33
2021-01-11 05:30:00,399.33
2021-01-11 05:30:00,399.33
2021-01-11 05:30:00,399.33
2021-01-11 05:40:00,436.64
2021-01-11 05:40:00,436.64
2021-01-11 05:40:00,436.64
2021-01-11 05:40:00,436.64
2021-01-11 05:40:00,436.64
2021-01-11 05:40:00,436.64
2021-01-11 05:50:00,385.79
2021-01-11 05:50:00,385.79
2021-01-11 05:50:00,385.79
2021-01-11 05:50:00,385.79
2021-01-11 05:50:00,385.79
2021-01-11 05:50:00,385.79
2021-01-11 06:00:00,485.61
2021-01-11 06:00:00,485.61
2021-01-11 06:00:00,485.61
2021-01-11 06:00:00,485.61
2021-01-11 06:00:00,485.61
2021-01-11 06:00:00,485.61
2021-01-11 06:10:00,504.45
2021-01-11 06:10:00,504.45
2021-01-11 06:10:00,504.45
2021-01-11 06:10:00,504.45
2021-01-11 06:10:00,504.45
2021-01-11 06:10:00,504.45
2021-01-11 06:20:00,425.13
2021-01-11 06:20:00,425.13
2021-01-11 06:20:00,425.13
2021-01-11 06:20:00,425.13
2021-01-11 06:20:00,425.13
2021-01-11 06:20:00,425.13
2021-01-11 06:30:00,472.86
2021-01-11 06:30:00,472.86
2021-01-11 06:30:00,472.86
2021-01-11 06:30:00,472.86
2021-01-11 06:30:00,472.86
2021-01-11 06:30:00,472.86
2021-01-11 06:40:00,592.6
2021-01-11 06:40:00,592.6
2021-01-11 06:40:00,592.6
2021-01-11 06:40:00,592.6
2021-01-11 06:40:00,592.6
2021-01-11 06:40:00,592.6
2021-01-11 06:50:00,615.16
2021-01-11 06:50:00,615.16
2021-01-11 06:50:00,615.16
2021-01-11 06:50:00,615.16
2021-01-11 06:50:00,615.16
2021-01-11 06:50:00,615.16
2021-01-11 07:00:00,624.96
2021-01-11 07:00:00,624.96
2021-01-11 07:00:00,624.96
2021-01-11 07:00:00,624.96
2021-01-11 07:00:00,624.96
2021-01-11 07:00:00,624.96
2021-01-11 07:10:00,636.36
2021-01-11 07:10:00,636.36
2021-01-11 07:10:00,636.36
2021-01-11 07:10:00,636.36
2021-01-11 07:10:00,636.36
2021-01-11 07:10:00,636.36
2021-01-11 07:20:00,490.55
2021-01-11 07:20:00,490.55
2021-01-11 07:20:00,490.55
2021-01-11 07:20:00,490.55
2021-01-11 07:20:00,490.55
2021-01-11 07:20:00,490.55
2021-01-11 07:30:00,564.68
2021-01-11 07:30:00,564.68
2021-01-11 07:30:00,564.68
2021-01-11 07:30:00,564.68
2021-01-11 07:30:00,564.68
2021-01-11 07:30:00,564.68
2021-01-11 07:40:00,626.28
2021-01-11 07:40:00,626.28
2021-01-11 07:40:00,626.28
2021-01-11 07:40:00,626.28
2021-01-11 07:40:00,626.28
2021-01-11 07:40:00,626.28
2021-01-11 07:50:00,420.51
2021-01-11 07:50:00,420.51
2021-01-11 07:50:00,420.51
2021-01-11 07:50:00,420.51
2021-01-11 07:50:00,420.51
2021-01-11 07:50:00,420.51
2021-01-11 08:00:00,390.93
2021-01-11 08:00:00,390.93
2021-01-11 08:00:00,390.93
2021-01-11 08:00:00,390.93
2021-01-11 08:00:00,390.93
2021-01-11 08:00:00,390.93
2021-01-11 08:10:00,371.41
2021-01-11 08:10:00,371.41
2021-01-11 08:10:00,371.41
2021-01-11 08:10:00,371.41
2021-01-11 08:10:00,371.41
2021-01-11 08:10:00,371.41
2021-01-11 08:20:00,453.49
2021-01-11 08:20:00,453.49
2021-01-11 08:20:00,453.49
2021-01-11 08:20:00,453.49
2021-01-11 08:20:00,453.49
2021-01-11 08:20:00,453.49
2021-01-11 08:30:00,609.15
2021-01-11 08:30:00,609.15
2021-01-11 08:30:00,609.15
2021-01-11 08:30:00,609.15
2021-01-11 08:30:00,609.15
2021-01-11 08:30:00,609.15
2021-01-11 08:40:00,386.65
2021-01-11 08:40:00,386.65
2021-01-11 08:40:00,386.65
2021-01-11 08:40:00,386.65
2021-01-11 08:40:00,386.65
2021-01-11 08:40:00,386.65
2021-01-11 08:50:00,578.09
2021-01-11 08:50:00,578.09
2021-01-11 08:50:00,578.09
2021-01-11 08:50:00,578.09
2021-01-11 08:50:00,578.09
2021-01-11 08:50:00,578.09
2021-01-11 09:00:00,649.78
2021-01-11 09:00:00,649.78
2021-01-11 09:00:00,649.78
2021-01-11 09:00:00,649.78
2021-01-11 09:00:00,649.78
2021-01-11 09:00:00,649.78
2021-01-11 09:10:00,758.5
2021-01-11 09:10:00,758.5
2021-01-11 09:10:00,758.5
2021-01-11 09:10:00,758.5
2021-01-11 09:10:00,758.5
2021-01-11 09:10:00,758.5
2021-01-11 09:20:00,640.12
2021-01-11 09:20:00,640.12
2021-01-11 09:20:00,640.12
2021-01-11 09:20:00,640.12
2021-01-11 09:20:00,640.12
2021-01-11 09:20:00,640.12
2021-01-11 09:30:00,533.8
2021-01-11 09:30:00,533.8
2021-01-11 09:30:00,533.8
2021-01-11 09:30:00,533.8
2021-01-11 09:30:00,533.8
2021-01-11 09:30:00,533.8
2021-01-11 09:40:00,634.31
2021-01-11 09:40:00,634.31
2021-01-11 09:40:00,634.31
2021-01-11 09:40:00,634.31
2021-01-11 09:40:00,634.31
2021-01-11 09:40:00,634.31
2021-01-11 09:50:00,764.41
2021-01-11 09:50:00,764.41
2021-01-11 09:50:00,764.41
2021-01-11 09:50:00,764.41
2021-01-11 09:50:00,764.41
2021-01-11 09:50:00,764.41
2021-01-11 10:00:00,664.04
2021-01-11 10:00:00,664.04
2021-01-11 10:00:00,664.04
2021-01-11 10:00:00,664.04
2021-01-11 10:00:00,664.04
2021-01-11 10:00:00,664.04
2021-01-11 10:10:00,848.4
2021-01-11 10:10:00,848.4
2021-01-11 10:10:00,848.4
2021-01-11 10:10:00,848.4
2021-01-11 10:10:00,848.4
2021-01-11 10:10:00,848.4
2021-01-11 10:20:00,1015.28
2021-01-11 10:20:00,1015.28
2021-01-11 10:20:00,1015.28
2021-01-11 10:20:00,1015.28
2021-01-11 10:20:00,1015.28
2021-01-11 10:20:00,1015.28
2021-01-11 10:30:00,1045.31
2021-01-11 10:30:00,1045.31
2021-01-11 10:30:00,1045.31
2021-01-11 10:30:00,1045.31
2021-01-11 10:30:00,1045.31
2021-01-11 10:30:00,1045.31
2021-01-11 10:40:00,732.63
2021-01-11 10:40:00,732.63
2021-01-11 10:40:00,732.63
2021-01-11 10:40:00,732.63
2021-01-11 10:40:00,732.63
2021-01-11 10:40:00,732.63
2021-01-11 10:50:00,741.26
2021-01-11 10:50:00,741.26
2021-01-11 10:50:00,741.26
2021-01-11 10:50:00,741.26
2021-01-11 10:50:00,741.26
2021-01-11 10:50:00,741.26
2021-01-11 11:00:00,854.24
2021-01-11 11:00:00,854.24
2021-01-11 11:00:00,854.24
2021-01-11 11:00:00,854.24
2021-01-11 11:00:00,854.24
2021-01-11 11:00:00,854.24
2021-01-11 11:10:00,1098.2
2021-01-11 11:10:00,1098.2
2021-01-11 11:10:00,1098.2
2021-01-11 11:10:00,1098.2
2021-01-11 11:10:00,1098.2
2021-01-11 11:10:00,1098.2
2021-01-11 11:20:00,1267.99
2021-01-11 11:20:00,1267.99
2021-01-11 11:20:00,1267.99
2021-01-11 11:20:00,1267.99
2021-01-11 11:20:00,1267.99
2021-01-11 11:20:00,1267.99
2021-01-11 11:30:00,1324.78
2021-01-11 11:30:00,1324.78
2021-01-11 11:30:00,1324.78
2021-01-11 11:30:00,1324.78
2021-01-11 11:30:00,1324.78
2021-01-11 11:30:00,1324.78
2021-01-11 11:40:00,1381.57
2021-01-11 11:40:00,1381.57
2021-01-11 11:40:00,1381.57
2021-01-11 11:40:00,1381.57
2021-01-11 11:40:00,1381.57
2021-01-11 11:40:00,1381.57
2021-01-11 11:50:00,1241.84
2021-01-11 11:50:00,1241.84
2021-01-11 11:50:00,1241.84
2021-01-11 11:50:00,1241.84
2021-01-11 11:50:00,1241.84
2021-01-11 11:50:00,1241.84
2021-01-11 12:00:00,1076.9
2021-01-11 12:00:00,1076.9
2021-01-11 12:00:00,1076.9
2021-01-11 12:00:00,1076.9
2021-01-11 12:00:00,1076.9
2021-01-11 12:00:00,1076.9
2021-01-11 12:10:00,1118.35
2021-01-11 12:10:00,1118.35
2021-01-11 12:10:00,1118.35
2021-01-11 12:10:00,1118.35
2021-01-11 12:10:00,1118.35
2021-01-11 12:10:00,1118.35
2021-01-11 12:20:00,1141.53
2021-01-11 12:20:00,1141.53
2021-01-11 12:20:00,1141.53
2021-01-11 12:20:00,1141.53
2021-01-11 12:20:00,1141.53
2021-01-11 12:20:00,1141.53
2021-01-11 12:30:00,1093.62
2021-01-11 12:30:00,1093.62
2021-01-11 12:30:00,1093.62
2021-01-11 12:30:00,1093.62
2021-01-11 12:30:00,1093.62
2021-01-11 12:30:00,1093.62
2021-01-11 12:40:00,1100.95
2021-01-11 12:40:00,1100.95
2021-01-11 12:40:00,1100.95
2021-01-11 12:40:00,1100.95
2021-01-11 12:40:00,1100.95
2021-01-11 12:40:00,1100.95
2021-01-11 12:50:00,1061.43
2021-01-11 12:50:00,1061.43
2021-01-11 12:50:00,1061.43
2021-01-11 12:50:00,1061.43
2021-01-11 12:50:00,1061.43
2021-01-11 12:50:00,1061.43
2021-01-11 13:00:00,803.97
2021-01-11 13:00:00,803.97
2021-01-11 13:00:00,803.97
2021-01-11 13:00:00,803.97
2021-01-11 13:00:00,803.97
2021-01-11 13:00:00,803.97
2021-01-11 13:10:00,824.91
2021-01-11 13:10:00,824.91
2021-01-11 13:10:00,824.91
2021-01-11 13:10:00,824.91
2021-01-11 13:10:00,824.91
2021-01-11 13:10:00,824.91
2021-01-11 13:20:00,1158.96
2021-01-11 13:20:00,1158.96
2021-01-11 13:20:00,1158.96
2021-01-11 13:20:00,1158.96
2021-01-11 13:20:00,1158.96
2021-01-11 13:20:00,1158.96
2021-01-11 13:30:00,1108.19
2021-01-11 13:30:00,1108.19
2021-01-11 13:30:00,1108.19
2021-01-11 13:30:00,1108.19
2021-01-11 13:30:00,1108.19
2021-01-11 13:30:00,1108.19
2021-01-11 13:40:00,879.78
2021-01-11 13:40:00,879.78
2021-01-11 13:40:00,879.78
2021-01-11 13:40:00,879.78
2021-01-11 13:40:00,879.78
2021-01-11 13:40:00,879.78
2021-01-11 13:50:00,952.36
2021-01-11 13:50:00,952.36
2021-01-11 13:50:00,952.36
2021-01-11 13:50:00,952.36
2021-01-11 13:50:00,952.36
2021-01-11 13:50:00,952.36
2021-01-11 14:00:00,1222.18
2021-01-11 14:00:00,1222.18
2021-01-11 14:00:00,1222.18
2021-01-11 14:00:00,1222.18
2021-01-11 14:00:00,1222.18
2021-01-11 14:00:00,1222.18
2021-01-11 14:10:00,1232.2838
2021-01-11 14:10:00,1232.2838
2021-01-11 14:10:00,1232.2838
2021-01-11 14:10:00,1232.2838
2021-01-11 14:10:00,1232.2838
2021-01-11 14:10:00,1232.2838
2021-01-11 14:20:00,1242.3876
2021-01-11 14:20:00,1242.3876
2021-01-11 14:20:00,1242.3876
2021-01-11 14:20:00,1242.3876
2021-01-11 14:20:00,1242.3876
2021-01-11 14:20:00,1242.3876
2021-01-11 14:30:00,1252.4913
2021-01-11 14:30:00,1252.4913
2021-01-11 14:30:00,1252.4913
2021-01-11 14:30:00,1252.4913
2021-01-11 14:30:00,1252.4913
2021-01-11 14:30:00,1252.4913
2021-01-11 14:40:00,1262.595
2021-01-11 14:40:00,1262.595
2021-01-11 14:40:00,1262.595
2021-01-11 14:40:00,1262.595
2021-01-11 14:40:00,1262.595
2021-01-11 14:40:00,1262.595
2021-01-11 14:50:00,1272.6987
2021-01-11 14:50:00,1272.6987
2021-01-11 14:50:00,1272.6987
2021-01-11 14:50:00,1272.6987
2021-01-11 14:50:00,1272.6987
2021-01-11 14:50:00,1272.6987
2021-01-11 15:00:00,1282.8025
2021-01-11 15:00:00,1282.8025
2021-01-11 15:00:00,1282.8025
2021-01-11 15:00:00,1282.8025
2021-01-11 15:00:00,1282.8025
2021-01-11 15:00:00,1282.8025
2021-01-11 15:10:00,1292.9062
2021-01-11 15:10:00,1292.9062
2021-01-11 15:10:00,1292.9062
2021-01-11 15:10:00,1292.9062
2021-01-11 15:10:00,1292.9062
2021-01-11 15:10:00,1292.9062
2021-01-11 15:20:00,1303.01
2021-01-11 15:20:00,1303.01
2021-01-11 15:20:00,1303.01
2021-01-11 15:20:00,1303.01
2021-01-11 15:20:00,1303.01
2021-01-11 15:20:00,1303.01
2021-01-11 15:30:00,1313.1138
2021-01-11 15:30:00,1313.1138
2021-01-11 15:30:00,1313.1138
2021-01-11 15:30:00,1313.1138
2021-01-11 15:30:00,1313.1138
2021-01-11 15:30:00,1313.1138
2021-01-11 15:40:00,1323.2175
2021-01-11 15:40:00,1323.2175
2021-01-11 15:40:00,1323.2175
2021-01-11 15:40:00,1323.2175
2021-01-11 15:40:00,1323.2175
2021-01-11 15:40:00,1323.2175
2021-01-11 15:50:00,1333.3213
2021-01-11 15:50:00,1333.3213
2021-01-11 15:50:00,1333.3213
2021-01-11 15:50:00,1333.3213
2021-01-11 15:50:00,1333.3213
2021-01-11 15:50:00,1333.3213
2021-01-11 16:00:00,1343.425
2021-01-11 16:00:00,1343.425
2021-01-11 16:00:00,1343.425
2021-01-11 16:00:00,1343.425
2021-01-11 16:00:00,1343.425
2021-01-11 16:00:00,1343.425
2021-01-11 16:10:00,1353.5287
2021-01-11 16:10:00,1353.5287
2021-01-11 16:10:00,1353.5287
2021-01-11 16:10:00,1353.5287
2021-01-11 16:10:00,1353.5287
2021-01-11 16:10:00,1353.5287
2021-01-11 16:20:00,1363.6324
2021-01-11 16:20:00,1363.6324
2021-01-11 16:20:00,1363.6324
2021-01-11 16:20:00,1363.6324
2021-01-11 16:20:00,1363.6324
2021-01-11 16:20:00,1363.6324
2021-01-11 16:30:00,1373.7362
2021-01-11 16:30:00,1373.7362
2021-01-11 16:30:00,1373.7362
2021-01-11 16:30:00,1373.7362
2021-01-11 16:30:00,1373.7362
2021-01-11 16:30:00,1373.7362
2021-01-11 16:40:00,1383.84
2021-01-11 16:40:00,1383.84
2021-01-11 16:40:00,1383.84
2021-01-11 16:40:00,1383.84
2021-01-11 16:40:00,1383.84
2021-01-11 16:40:00,1383.84
2021-01-11 16:50:00,1367.382
2021-01-11 16:50:00,1367.382
2021-01-11 16:50:00,1367.382
2021-01-11 16:50:00,1367.382
2021-01-11 16:50:00,1367.382
2021-01-11 16:50:00,1367.382
2021-01-11 17:00:00,1350.924
2021-01-11 17:00:00,1350.924
2021-01-11 17:00:00,1350.924
2021-01-11 17:00:00,1350.924
2021-01-11 17:00:00,1350.924
2021-01-11 17:00:00,1350.924
2021-01-11 17:10:00,1334.4661
2021-01-11 17:10:00,1334.4661
2021-01-11 17:10:00,1334.4661
2021-01-11 17:10:00,1334.4661
2021-01-11 17:10:00,1334.4661
2021-01-11 17:10:00,1334.4661
2021-01-11 17:20:00,1318.008
2021-01-11 17:20:00,1318.008
2021-01-11 17:20:00,1318.008
2021-01-11 17:20:00,1318.008
2021-01-11 17:20:00,1318.008
2021-01-11 17:20:00,1318.008
2021-01-11 17:30:00,1301.55
2021-01-11 17:30:00,1301.55
2021-01-11 17:30:00,1301.55
2021-01-11 17:30:00,1301.55
2021-01-11 17:30:00,1301.55
2021-01-11 17:30:00,1301.55
2021-01-11 17:40:00,817.78
2021-01-11 17:40:00,817.78
2021-01-11 17:40:00,817.78
2021-01-11 17:40:00,817.78
2021-01-11 17:40:00,817.78
2021-01-11 17:40:00,817.78
2021-01-11 17:50:00,871.64
2021-01-11 17:50:00,871.64
2021-01-11 17:50:00,871.64
2021-01-11 17:50:00,871.64
2021-01-11 17:50:00,871.64
2021-01-11 17:50:00,871.64
2021-01-11 18:00:00,661.84
2021-01-11 18:00:00,661.84
2021-01-11 18:00:00,661.84
2021-01-11 18:00:00,661.84
2021-01-11 18:00:00,661.84
2021-01-11 18:00:00,661.84
2021-01-11 18:10:00,647.98
2021-01-11 18:10:00,647.98
2021-01-11 18:10:00,647.98
2021-01-11 18:10:00,647.98
2021-01-11 18:10:00,647.98
2021-01-11 18:10:00,647.98
2021-01-11 18:20:00,753.65
2021-01-11 18:20:00,753.65
2021-01-11 18:20:00,753.65
2021-01-11 18:20:00,753.65
2021-01-11 18:20:00,753.65
2021-01-11 18:20:00,753.65
2021-01-11 18:30:00,777.74
2021-01-11 18:30:00,777.74
2021-01-11 18:30:00,777.74
2021-01-11 18:30:00,777.74
2021-01-11 18:30:00,777.74
2021-01-11 18:30:00,777.74
2021-01-11 18:40:00,856.53
2021-01-11 18:40:00,856.53
2021-01-11 18:40:00,856.53
2021-01-11 18:40:00,856.53
2021-01-11 18:40:00,856.53
2021-01-11 18:40:00,856.53
2021-01-11 18:50:00,956.79
2021-01-11 18:50:00,956.79
2021-01-11 18:50:00,956.79
2021-01-11 18:50:00,956.79
2021-01-11 18:50:00,956.79
2021-01-11 18:50:00,956.79
2021-01-11 19:00:00,754.91
2021-01-11 19:00:00,754.91
2021-01-11 19:00:00,754.91
2021-01-11 19:00:00,754.91
2021-01-11 19:00:00,754.91
2021-01-11 19:00:00,754.91
2021-01-11 19:10:00,843.12
2021-01-11 19:10:00,843.12
2021-01-11 19:10:00,843.12
2021-01-11 19:10:00,843.12
2021-01-11 19:10:00,843.12
2021-01-11 19:10:00,843.12
2021-01-11 19:20:00,1233.94
2021-01-11 19:20:00,1233.94
2021-01-11 19:20:00,1233.94
2021-01-11 19:20:00,1233.94
2021-01-11 19:20:00,1233.94
2021-01-11 19:20:00,1233.94
2021-01-11 19:30:00,1367.64
2021-01-11 19:30:00,1367.64
2021-01-11 19:30:00,1367.64
2021-01-11 19:30:00,1367.64
2021-01-11 19:30:00,1367.64
2021-01-11 19:30:00,1367.64
2021-01-11 19:40:00,1083.3
2021-01-11 19:40:00,1083.3
2021-01-11 19:40:00,1083.3
2021-01-11 19:40:00,1083.3
2021-01-11 19:40:00,1083.3
2021-01-11 19:40:00,1083.3
2021-01-11 19:50:00,742.52
2021-01-11 19:50:00,742.52
2021-01-11 19:50:00,742.52
2021-01-11 19:50:00,742.52
2021-01-11 19:50:00,742.52
2021-01-11 19:50:00,742.52
2021-01-11 20:00:00,408.55
2021-01-11 20:00:00,408.55
2021-01-11 20:00:00,408.55
2021-01-11 20:00:00,408.55
2021-01-11 20:00:00,408.55
2021-01-11 20:00:00,408.55
2021-01-11 20:10:00,353.68
2021-01-11 20:10:00,353.68
2021-01-11 20:10:00,353.68
2021-01-11 20:10:00,353.68
2021-01-11 20:10:00,353.68
2021-01-11 20:10:00,353.68
2021-01-11 20:20:00,264.84
2021-01-11 20:20:00,264.84
2021-01-11 20:20:00,264.84
2021-01-11 20:20:00,264.84
2021-01-11 20:20:00,264.84
2021-01-11 20:20:00,264.84
2021-01-11 20:30:00,179.42
2021-01-11 20:30:00,179.42
2021-01-11 20:30:00,179.42
2021-01-11 20:30:00,179.42
2021-01-11 20:30:00,179.42
2021-01-11 20:30:00,179.42
2021-01-11 20:40:00,243.61
2021-01-11 20:40:00,243.61
2021-01-11 20:40:00,243.61
2021-01-11 20:40:00,243.61
2021-01-11 20:40:00,243.61
2021-01-11 20:40:00,243.61
2021-01-11 20:50:00,241.0
2021-01-11 20:50:00,241.0
2021-01-11 20:50:00,241.0
2021-01-11 20:50:00,241.0
2021-01-11 20:50:00,241.0
2021-01-11 20:50:00,241.0
2021-01-11 21:00:00,109.26
2021-01-11 21:00:00,109.26
2021-01-11 21:00:00,109.26
2021-01-11 21:00:00,109.26
2021-01-11 21:00:00,109.26
2021-01-11 21:00:00,109.26
2021-01-11 21:10:00,124.99
2021-01-11 21:10:00,124.99
2021-01-11 21:10:00,124.99
2021-01-11 21:10:00,124.99
2021-01-11 21:10:00,124.99
2021-01-11 21:10:00,124.99
2021-01-11 21:20:00,192.11
2021-01-11 21:20:00,192.11
2021-01-11 21:20:00,192.11
2021-01-11 21:20:00,192.11
2021-01-11 21:20:00,192.11
2021-01-11 21:20:00,192.11
2021-01-11 21:30:00,207.65
2021-01-11 21:30:00,207.65
2021-01-11 21:30:00,207.65
2021-01-11 21:30:00,207.65
2021-01-11 21:30:00,207.65
2021-01-11 21:30:00,207.65
2021-01-11 21:40:00,134.64
2021-01-11 21:40:00,134.64
2021-01-11 21:40:00,134.64
2021-01-11 21:40:00,134.64
2021-01-11 21:40:00,134.64
2021-01-11 21:40:00,134.64
2021-01-11 21:50:00,157.59
2021-01-11 21:50:00,157.59
2021-01-11 21:50:00,157.59
2021-01-11 21:50:00,157.59
2021-01-11 21:50:00,157.59
2021-01-11 21:50:00,157.59
2021-01-11 22:00:00,215.08
2021-01-11 22:00:00,215.08
2021-01-11 22:00:00,215.08
2021-01-11 22:00:00,215.08
2021-01-11 22:00:00,215.08
2021-01-11 22:00:00,215.08
2021-01-11 22:10:00,183.84
2021-01-11 22:10:00,183.84
2021-01-11 22:10:00,183.84
2021-01-11 22:10:00,183.84
2021-01-11 22:10:00,183.84
2021-01-11 22:10:00,183.84
2021-01-11 22:20:00,179.74
2021-01-11 22:20:00,179.74
2021-01-11 22:20:00,179.74
2021-01-11 22:20:00,179.74
2021-01-11 22:20:00,179.74
2021-01-11 22:20:00,179.74
2021-01-11 22:30:00,181.88
2021-01-11 22:30:00,181.88
2021-01-11 22:30:00,181.88
2021-01-11 22:30:00,181.88
2021-01-11 22:30:00,181.88
2021-01-11 22:30:00,181.88
2021-01-11 22:40:00,141.74
2021-01-11 22:40:00,141.74
2021-01-11 22:40:00,141.74
2021-01-11 22:40:00,141.74
2021-01-11 22:40:00,141.74
2021-01-11 22:40:00,141.74
2021-01-11 22:50:00,140.01
2021-01-11 22:50:00,140.01
2021-01-11 22:50:00,140.01
2021-01-11 22:50:00,140.01
2021-01-11 22:50:00,140.01
2021-01-11 22:50:00,140.01
2021-01-11 23:00:00,154.99
2021-01-11 23:00:00,154.99
2021-01-11 23:00:00,154.99
2021-01-11 23:00:00,154.99
2021-01-11 23:00:00,154.99
2021-01-11 23:00:00,154.99
2021-01-11 23:10:00,157.2
2021-01-11 23:10:00,157.2
2021-01-11 23:10:00,157.2
2021-01-11 23:10:00,157.2
2021-01-11 23:10:00,157.2
2021-01-11 23:10:00,157.2
2021-01-11 23:20:00,181.1
2021-01-11 23:20:00,181.1
2021-01-11 23:20:00,181.1
2021-01-11 23:20:00,181.1
2021-01-11 23:20:00,181.1
2021-01-11 23:20:00,181.1
2021-01-11 23:30:00,183.47
2021-01-11 23:30:00,183.47
2021-01-11 23:30:00,183.47
2021-01-11 23:30:00,183.47
2021-01-11 23:30:00,183.47
2021-01-11 23:30:00,183.47
2021-01-11 23:40:00,167.48
2021-01-11 23:40:00,167.48
2021-01-11 23:40:00,167.48
2021-01-11 23:40:00,167.48
2021-01-11 23:40:00,167.48
2021-01-11 23:40:00,167.48
2021-01-11 23:50:00,154.04
2021-01-11 23:50:00,154.04
2021-01-11 23:50:00,154.04
2021-01-11 23:50:00,154.04
2021-01-11 23:50:00,154.04
2021-01-11 23:50:00,154.04
2021-01-12 00:00:00,146.39
2021-01-12 00:00:00,146.39
2021-01-12 00:00:00,146.39
2021-01-12 00:00:00,146.39
2021-01-12 00:00:00,146.39
2021-01-12 00:00:00,146.39
2021-01-12 00:10:00,152.43
2021-01-12 00:10:00,152.43
2021-01-12 00:10:00,152.43
2021-01-12 00:10:00,152.43
2021-01-12 00:10:00,152.43
2021-01-12 00:10:00,152.43
2021-01-12 00:20:00,131.32
2021-01-12 00:20:00,131.32
2021-01-12 00:20:00,131.32
2021-01-12 00:20:00,131.32
2021-01-12 00:20:00,131.32
2021-01-12 00:20:00,131.32
2021-01-12 00:30:00,86.39
2021-01-12 00:30:00,86.39
2021-01-12 00:30:00,86.39
2021-01-12 00:30:00,86.39
2021-01-12 00:30:00,86.39
2021-01-12 00:30:00,86.39
2021-01-12 00:40:00,76.87
2021-01-12 00:40:00,76.87
2021-01-12 00:40:00,76.87
2021-01-12 00:40:00,76.87
2021-01-12 00:40:00,76.87
2021-01-12 00:40:00,76.87
2021-01-12 00:50:00,112.49
2021-01-12 00:50:00,112.49
2021-01-12 00:50:00,112.49
2021-01-12 00:50:00,112.49
2021-01-12 00:50:00,112.49
2021-01-12 00:50:00,112.49
2021-01-12 01:00:00,111.69
2021-01-12 01:00:00,111.69
2021-01-12 01:00:00,111.69
2021-01-12 01:00:00,111.69
2021-01-12 01:00:00,111.69
2021-01-12 01:00:00,111.69
2021-01-12 01:10:00,85.48
2021-01-12 01:10:00,85.48
2021-01-12 01:10:00,85.48
2021-01-12 01:10:00,85.48
2021-01-12 01:10:00,85.48
2021-01-12 01:10:00,85.48
2021-01-12 01:20:00,78.06
2021-01-12 01:20:00,78.06
2021-01-12 01:20:00,78.06
2021-01-12 01:20:00,78.06
2021-01-12 01:20:00,78.06
2021-01-12 01:20:00,78.06
2021-01-12 01:30:00,81.31
2021-01-12 01:30:00,81.31
2021-01-12 01:30:00,81.31
2021-01-12 01:30:00,81.31
2021-01-12 01:30:00,81.31
2021-01-12 01:30:00,81.31
2021-01-12 01:40:00,80.15
2021-01-12 01:40:00,80.15
2021-01-12 01:40:00,80.15
2021-01-12 01:40:00,80.15
2021-01-12 01:40:00,80.15
2021-01-12 01:40:00,80.15
2021-01-12 01:50:00,107.05
2021-01-12 01:50:00,107.05
2021-01-12 01:50:00,107.05
2021-01-12 01:50:00,107.05
2021-01-12 01:50:00,107.05
2021-01-12 01:50:00,107.05
2021-01-12 02:00:00,127.0
2021-01-12 02:00:00,127.0
2021-01-12 02:00:00,127.0
2021-01-12 02:00:00,127.0
2021-01-12 02:00:00,127.0
2021-01-12 02:00:00,127.0
2021-01-12 02:10:00,121.12
2021-01-12 02:10:00,121.12
2021-01-12 02:10:00,121.12
2021-01-12 02:10:00,121.12
2021-01-12 02:10:00,121.12
2021-01-12 02:10:00,121.12
2021-01-12 02:20:00,120.44
2021-01-12 02:20:00,120.44
2021-01-12 02:20:00,120.44
2021-01-12 02:20:00,120.44
2021-01-12 02:20:00,120.44
2021-01-12 02:20:00,120.44
2021-01-12 02:30:00,147.35
2021-01-12 02:30:00,147.35
2021-01-12 02:30:00,147.35
2021-01-12 02:30:00,147.35
2021-01-12 02:30:00,147.35
2021-01-12 02:30:00,147.35
2021-01-12 02:40:00,168.61
2021-01-12 02:40:00,168.61
2021-01-12 02:40:00,168.61
2021-01-12 02:40:00,168.61
2021-01-12 02:40:00,168.61
2021-01-12 02:40:00,168.61
2021-01-12 02:50:00,262.34
2021-01-12 02:50:00,262.34
2021-01-12 02:50:00,262.34
2021-01-12 02:50:00,262.34
2021-01-12 02:50:00,262.34
2021-01-12 02:50:00,262.34
2021-01-12 03:00:00,279.6
2021-01-12 03:00:00,279.6
2021-01-12 03:00:00,279.6
2021-01-12 03:00:00,279.6
2021-01-12 03:00:00,279.6
2021-01-12 03:00:00,279.6
2021-01-12 03:10:00,237.92
2021-01-12 03:10:00,237.92
2021-01-12 03:10:00,237.92
2021-01-12 03:10:00,237.92
2021-01-12 03:10:00,237.92
2021-01-12 03:10:00,237.92
2021-01-12 03:20:00,240.11
2021-01-12 03:20:00,240.11
2021-01-12 03:20:00,240.11
2021-01-12 03:20:00,240.11
2021-01-12 03:20:00,240.11
2021-01-12 03:20:00,240.11
2021-01-12 03:30:00,303.12
2021-01-12 03:30:00,303.12
2021-01-12 03:30:00,303.12
2021-01-12 03:30:00,303.12
2021-01-12 03:30:00,303.12
2021-01-12 03:30:00,303.12
2021-01-12 03:40:00,397.01
2021-01-12 03:40:00,397.01
2021-01-12 03:40:00,397.01
2021-01-12 03:40:00,397.01
2021-01-12 03:40:00,397.01
2021-01-12 03:40:00,397.01
2021-01-12 03:50:00,523.19
2021-01-12 03:50:00,523.19
2021-01-12 03:50:00,523.19
2021-01-12 03:50:00,523.19
2021-01-12 03:50:00,523.19
2021-01-12 03:50:00,523.19
2021-01-12 04:00:00,623.18
2021-01-12 04:00:00,623.18
2021-01-12 04:00:00,623.18
2021-01-12 04:00:00,623.18
2021-01-12 04:00:00,623.18
2021-01-12 04:00:00,623.18
2021-01-12 04:10:00,578.89
2021-01-12 04:10:00,578.89
2021-01-12 04:10:00,578.89
2021-01-12 04:10:00,578.89
2021-01-12 04:10:00,578.89
2021-01-12 04:10:00,578.89
2021-01-12 04:20:00,561.05
2021-01-12 04:20:00,561.05
2021-01-12 04:20:00,561.05
2021-01-12 04:20:00,561.05
2021-01-12 04:20:00,561.05
2021-01-12 04:20:00,561.05
2021-01-12 04:30:00,655.68
2021-01-12 04:30:00,655.68
2021-01-12 04:30:00,655.68
2021-01-12 04:30:00,655.68
2021-01-12 04:30:00,655.68
2021-01-12 04:30:00,655.68
2021-01-12 04:40:00,846.94
2021-01-12 04:40:00,846.94
2021-01-12 04:40:00,846.94
2021-01-12 04:40:00,846.94
2021-01-12 04:40:00,846.94
2021-01-12 04:40:00,846.94
2021-01-12 04:50:00,1015.47
2021-01-12 04:50:00,1015.47
2021-01-12 04:50:00,1015.47
2021-01-12 04:50:00,1015.47
2021-01-12 04:50:00,1015.47
2021-01-12 04:50:00,1015.47
2021-01-12 05:00:00,1174.96
2021-01-12 05:00:00,1174.96
2021-01-12 05:00:00,1174.96
2021-01-12 05:00:00,1174.96
2021-01-12 05:00:00,1174.96
2021-01-12 05:00:00,1174.96
2021-01-12 05:10:00,1359.49
2021-01-12 05:10:00,1359.49
2021-01-12 05:10:00,1359.49
2021-01-12 05:10:00,1359.49
2021-01-12 05:10:00,1359.49
2021-01-12 05:10:00,1359.49
2021-01-12 05:20:00,1345.8496
2021-01-12 05:20:00,1345.8496
2021-01-12 05:20:00,1345.8496
2021-01-12 05:20:00,1345.8496
2021-01-12 05:20:00,1345.8496
2021-01-12 05:20:00,1345.8496
2021-01-12 05:30:00,1332.2092
2021-01-12 05:30:00,1332.2092
2021-01-12 05:30:00,1332.2092
2021-01-12 05:30:00,1332.2092
2021-01-12 05:30:00,1332.2092
2021-01-12 05:30:00,1332.2092
2021-01-12 05:40:00,1318.5688
2021-01-12 05:40:00,1318.5688
2021-01-12 05:40:00,1318.5688
2021-01-12 05:40:00,1318.5688
2021-01-12 05:40:00,1318.5688
2021-01-12 05:40:00,1318.5688
2021-01-12 05:50:00,1304.9283
2021-01-12 05:50:00,1304.9283
2021-01-12 05:50:00,1304.9283
2021-01-12 05:50:00,1304.9283
2021-01-12 05:50:00,1304.9283
2021-01-12 05:50:00,1304.9283
2021-01-12 06:00:00,1291.288
2021-01-12 06:00:00,1291.288
2021-01-12 06:00:00,1291.288
2021-01-12 06:00:00,1291.288
2021-01-12 06:00:00,1291.288
2021-01-12 06:00:00,1291.288
2021-01-12 06:10:00,1277.6476
2021-01-12 06:10:00,1277.6476
2021-01-12 06:10:00,1277.6476
2021-01-12 06:10:00,1277.6476
2021-01-12 06:10:00,1277.6476
2021-01-12 06:10:00,1277.6476
2021-01-12 06:20:00,1264.0072
2021-01-12 06:20:00,1264.0072
2021-01-12 06:20:00,1264.0072
2021-01-12 06:20:00,1264.0072
2021-01-12 06:20:00,1264.0072
2021-01-12 06:20:00,1264.0072
2021-01-12 06:30:00,1250.3668
2021-01-12 06:30:00,1250.3668
2021-01-12 06:30:00,1250.3668
2021-01-12 06:30:00,1250.3668
2021-01-12 06:30:00,1250.3668
2021-01-12 06:30:00,1250.3668
2021-01-12 06:40:00,1236.7264
2021-01-12 06:40:00,1236.7264
2021-01-12 06:40:00,1236.7264
2021-01-12 06:40:00,1236.7264
2021-01-12 06:40:00,1236.7264
2021-01-12 06:40:00,1236.7264
2021-01-12 06:50:00,1223.0859
2021-01-12 06:50:00,1223.0859
2021-01-12 06:50:00,1223.0859
2021-01-12 06:50:00,1223.0859
2021-01-12 06:50:00,1223.0859
2021-01-12 06:50:00,1223.0859
2021-01-12 07:00:00,1209.4456
2021-01-12 07:00:00,1209.4456
2021-01-12 07:00:00,1209.4456
2021-01-12 07:00:00,1209.4456
2021-01-12 07:00:00,1209.4456
2021-01-12 07:00:00,1209.4456
2021-01-12 07:10:00,1195.8052
2021-01-12 07:10:00,1195.8052
2021-01-12 07:10:00,1195.8052
2021-01-12 07:10:00,1195.8052
2021-01-12 07:10:00,1195.8052
2021-01-12 07:10:00,1195.8052
2021-01-12 07:20:00,1182.1648
2021-01-12 07:20:00,1182.1648
2021-01-12 07:20:00,1182.1648
2021-01-12 07:20:00,1182.1648
2021-01-12 07:20:00,1182.1648
2021-01-12 07:20:00,1182.1648
2021-01-12 07:30:00,1168.5244
2021-01-12 07:30:00,1168.5244
2021-01-12 07:30:00,1168.5244
2021-01-12 07:30:00,1168.5244
2021-01-12 07:30:00,1168.5244
2021-01-12 07:30:00,1168.5244
2021-01-12 07:40:00,1154.884
2021-01-12 07:40:00,1154.884
2021-01-12 07:40:00,1154.884
2021-01-12 07:40:00,1154.884
2021-01-12 07:40:00,1154.884
2021-01-12 07:40:00,1154.884
2021-01-12 07:50:00,1141.2435
2021-01-12 07:50:00,1141.2435
2021-01-12 07:50:00,1141.2435
2021-01-12 07:50:00,1141.2435
2021-01-12 07:50:00,1141.2435
2021-01-12 07:50:00,1141.2435
2021-01-12 08:00:00,1127.6031
2021-01-12 08:00:00,1127.6031
2021-01-12 08:00:00,1127.6031
2021-01-12 08:00:00,1127.6031
2021-01-12 08:00:00,1127.6031
2021-01-12 08:00:00,1127.6031
2021-01-12 08:10:00,1113.9628
2021-01-12 08:10:00,1113.9628
2021-01-12 08:10:00,1113.9628
2021-01-12 08:10:00,1113.9628
2021-01-12 08:10:00,1113.9628
2021-01-12 08:10:00,1113.9628
2021-01-12 08:20:00,1100.3224
2021-01-12 08:20:00,1100.3224
2021-01-12 08:20:00,1100.3224
2021-01-12 08:20:00,1100.3224
2021-01-12 08:20:00,1100.3224
2021-01-12 08:20:00,1100.3224
2021-01-12 08:30:00,1086.682
2021-01-12 08:30:00,1086.682
2021-01-12 08:30:00,1086.682
2021-01-12 08:30:00,1086.682
2021-01-12 08:30:00,1086.682
2021-01-12 08:30:00,1086.682
2021-01-12 08:40:00,1073.0416
2021-01-12 08:40:00,1073.0416
2021-01-12 08:40:00,1073.0416
2021-01-12 08:40:00,1073.0416
2021-01-12 08:40:00,1073.0416
2021-01-12 08:40:00,1073.0416
2021-01-12 08:50:00,1059.4011
2021-01-12 08:50:00,1059.4011
2021-01-12 08:50:00,1059.4011
2021-01-12 08:50:00,1059.4011
2021-01-12 08:50:00,1059.4011
2021-01-12 08:50:00,1059.4011
2021-01-12 09:00:00,1045.7607
2021-01-12 09:00:00,1045.7607
2021-01-12 09:00:00,1045.7607
2021-01-12 09:00:00,1045.7607
2021-01-12 09:00:00,1045.7607
2021-01-12 09:00:00,1045.7607
2021-01-12 09:10:00,1032.1204
2021-01-12 09:10:00,1032.1204
2021-01-12 09:10:00,1032.1204
2021-01-12 09:10:00,1032.1204
2021-01-12 09:10:00,1032.1204
2021-01-12 09:10:00,1032.1204
2021-01-12 09:20:00,1018.48
2021-01-12 09:20:00,1018.48
2021-01-12 09:20:00,1018.48
2021-01-12 09:20:00,1018.48
2021-01-12 09:20:00,1018.48
2021-01-12 09:20:00,1018.48
2021-01-12 09:30:00,912.26
2021-01-12 09:30:00,912.26
2021-01-12 09:30:00,912.26
2021-01-12 09:30:00,912.26
2021-01-12 09:30:00,912.26
2021-01-12 09:30:00,912.26
2021-01-12 09:40:00,752.91
2021-01-12 09:40:00,752.91
2021-01-12 09:40:00,752.91
2021-01-12 09:40:00,752.91
2021-01-12 09:40:00,752.91
2021-01-12 09:40:00,752.91
2021-01-12 09:50:00,960.76
2021-01-12 09:50:00,960.76
2021-01-12 09:50:00,960.76
2021-01-12 09:50:00,960.76
2021-01-12 09:50:00,960.76
2021-01-12 09:50:00,960.76
2021-01-12 10:00:00,930.39
2021-01-12 10:00:00,930.39
2021-01-12 10:00:00,930.39
2021-01-12 10:00:00,930.39
2021-01-12 10:00:00,930.39
2021-01-12 10:00:00,930.39
2021-01-12 10:10:00,814.87
2021-01-12 10:10:00,814.87
2021-01-12 10:10:00,814.87
2021-01-12 10:10:00,814.87
2021-01-12 10:10:00,814.87
2021-01-12 10:10:00,814.87
2021-01-12 10:20:00,473.85
2021-01-12 10:20:00,473.85
2021-01-12 10:20:00,473.85
2021-01-12 10:20:00,473.85
2021-01-12 10:20:00,473.85
2021-01-12 10:20:00,473.85
2021-01-12 10:30:00,478.41
2021-01-12 10:30:00,478.41
2021-01-12 10:30:00,478.41
2021-01-12 10:30:00,478.41
2021-01-12 10:30:00,478.41
2021-01-12 10:30:00,478.41
2021-01-12 10:40:00,636.16
2021-01-12 10:40:00,636.16
2021-01-12 10:40:00,636.16
2021-01-12 10:40:00,636.16
2021-01-12 10:40:00,636.16
2021-01-12 10:40:00,636.16
2021-01-12 10:50:00,737.3
2021-01-12 10:50:00,737.3
2021-01-12 10:50:00,737.3
2021-01-12 10:50:00,737.3
2021-01-12 10:50:00,737.3
2021-01-12 10:50:00,737.3
2021-01-12 11:00:00,785.11
2021-01-12 11:00:00,785.11
2021-01-12 11:00:00,785.11
2021-01-12 11:00:00,785.11
2021-01-12 11:00:00,785.11
2021-01-12 11:00:00,785.11
2021-01-12 11:10:00,899.99
2021-01-12 11:10:00,899.99
2021-01-12 11:10:00,899.99
2021-01-12 11:10:00,899.99
2021-01-12 11:10:00,899.99
2021-01-12 11:10:00,899.99
2021-01-12 11:20:00,825.43
2021-01-12 11:20:00,825.43
2021-01-12 11:20:00,825.43
2021-01-12 11:20:00,825.43
2021-01-12 11:20:00,825.43
2021-01-12 11:20:00,825.43
2021-01-12 11:30:00,773.53
2021-01-12 11:30:00,773.53
2021-01-12 11:30:00,773.53
2021-01-12 11:30:00,773.53
2021-01-12 11:30:00,773.53
2021-01-12 11:30:00,773.53
2021-01-12 11:40:00,904.75
2021-01-12 11:40:00,904.75
2021-01-12 11:40:00,904.75
2021-01-12 11:40:00,904.75
2021-01-12 11:40:00,904.75
2021-01-12 11:40:00,904.75
2021-01-12 11:50:00,993.72
2021-01-12 11:50:00,993.72
2021-01-12 11:50:00,993.72
2021-01-12 11:50:00,993.72
2021-01-12 11:50:00,993.72
2021-01-12 11:50:00,993.72
2021-01-12 12:00:00,930.23
2021-01-12 12:00:00,930.23
2021-01-12 12:00:00,930.23
2021-01-12 12:00:00,930.23
2021-01-12 12:00:00,930.23
2021-01-12 12:00:00,930.23
2021-01-12 12:10:00,953.73
2021-01-12 12:10:00,953.73
2021-01-12 12:10:00,953.73
2021-01-12 12:10:00,953.73
2021-01-12 12:10:00,953.73
2021-01-12 12:10:00,953.73
2021-01-12 12:20:00,901.99
2021-01-12 12:20:00,901.99
2021-01-12 12:20:00,901.99
2021-01-12 12:20:00,901.99
2021-01-12 12:20:00,901.99
2021-01-12 12:20:00,901.99
2021-01-12 12:30:00,754.05
2021-01-12 12:30:00,754.05
2021-01-12 12:30:00,754.05
2021-01-12 12:30:00,754.05
2021-01-12 12:30:00,754.05
2021-01-12 12:30:00,754.05
2021-01-12 12:40:00,592.11
2021-01-12 12:40:00,592.11
2021-01-12 12:40:00,592.11
2021-01-12 12:40:00,592.11
2021-01-12 12:40:00,592.11
2021-01-12 12:40:00,592.11
2021-01-12 12:50:00,495.44
2021-01-12 12:50:00,495.44
2021-01-12 12:50:00,495.44
2021-01-12 12:50:00,495.44
2021-01-12 12:50:00,495.44
2021-01-12 12:50:00,495.44
2021-01-12 13:00:00,432.27
2021-01-12 13:00:00,432.27
2021-01-12 13:00:00,432.27
2021-01-12 13:00:00,432.27
2021-01-12 13:00:00,432.27
2021-01-12 13:00:00,432.27
2021-01-12 13:10:00,442.87
2021-01-12 13:10:00,442.87
2021-01-12 13:10:00,442.87
2021-01-12 13:10:00,442.87
2021-01-12 13:10:00,442.87
2021-01-12 13:10:00,442.87
2021-01-12 13:20:00,487.82
2021-01-12 13:20:00,487.82
2021-01-12 13:20:00,487.82
2021-01-12 13:20:00,487.82
2021-01-12 13:20:00,487.82
2021-01-12 13:20:00,487.82
2021-01-12 13:30:00,654.48
2021-01-12 13:30:00,654.48
2021-01-12 13:30:00,654.48
2021-01-12 13:30:00,654.48
2021-01-12 13:30:00,654.48
2021-01-12 13:30:00,654.48
2021-01-12 13:40:00,826.13
2021-01-12 13:40:00,826.13
2021-01-12 13:40:00,826.13
2021-01-12 13:40:00,826.13
2021-01-12 13:40:00,826.13
2021-01-12 13:40:00,826.13
2021-01-12 13:50:00,788.41
2021-01-12 13:50:00,788.41
2021-01-12 13:50:00,788.41
2021-01-12 13:50:00,788.41
2021-01-12 13:50:00,788.41
2021-01-12 13:50:00,788.41
2021-01-12 14:00:00,473.06
2021-01-12 14:00:00,473.06
2021-01-12 14:00:00,473.06
2021-01-12 14:00:00,473.06
2021-01-12 14:00:00,473.06
2021-01-12 14:00:00,473.06
2021-01-12 14:10:00,607.89
2021-01-12 14:10:00,607.89
2021-01-12 14:10:00,607.89
2021-01-12 14:10:00,607.89
2021-01-12 14:10:00,607.89
2021-01-12 14:10:00,607.89
2021-01-12 14:20:00,782.63
2021-01-12 14:20:00,782.63
2021-01-12 14:20:00,782.63
2021-01-12 14:20:00,782.63
2021-01-12 14:20:00,782.63
2021-01-12 14:20:00,782.63
2021-01-12 14:30:00,822.65
2021-01-12 14:30:00,822.65
2021-01-12 14:30:00,822.65
2021-01-12 14:30:00,822.65
2021-01-12 14:30:00,822.65
2021-01-12 14:30:00,822.65
2021-01-12 14:40:00,852.93
2021-01-12 14:40:00,852.93
2021-01-12 14:40:00,852.93
2021-01-12 14:40:00,852.93
2021-01-12 14:40:00,852.93
2021-01-12 14:40:00,852.93
2021-01-12 14:50:00,946.7
2021-01-12 14:50:00,946.7
2021-01-12 14:50:00,946.7
2021-01-12 14:50:00,946.7
2021-01-12 14:50:00,946.7
2021-01-12 14:50:00,946.7
2021-01-12 15:00:00,1220.87
2021-01-12 15:00:00,1220.87
2021-01-12 15:00:00,1220.87
2021-01-12 15:00:00,1220.87
2021-01-12 15:00:00,1220.87
2021-01-12 15:00:00,1220.87
2021-01-12 15:10:00,1323.42
2021-01-12 15:10:00,1323.42
2021-01-12 15:10:00,1323.42
2021-01-12 15:10:00,1323.42
2021-01-12 15:10:00,1323.42
2021-01-12 15:10:00,1323.42
2021-01-12 15:20:00,1076.5
2021-01-12 15:20:00,1076.5
2021-01-12 15:20:00,1076.5
2021-01-12 15:20:00,1076.5
2021-01-12 15:20:00,1076.5
2021-01-12 15:20:00,1076.5
2021-01-12 15:30:00,1091.0375
2021-01-12 15:30:00,1091.0375
2021-01-12 15:30:00,1091.0375
2021-01-12 15:30:00,1091.0375
2021-01-12 15:30:00,1091.0375
2021-01-12 15:30:00,1091.0375
2021-01-12 15:40:00,1105.575
2021-01-12 15:40:00,1105.575
2021-01-12 15:40:00,1105.575
2021-01-12 15:40:00,1105.575
2021-01-12 15:40:00,1105.575
2021-01-12 15:40:00,1105.575
2021-01-12 15:50:00,1120.1125
2021-01-12 15:50:00,1120.1125
2021-01-12 15:50:00,1120.1125
2021-01-12 15:50:00,1120.1125
2021-01-12 15:50:00,1120.1125
2021-01-12 15:50:00,1120.1125
2021-01-12 16:00:00,1134.65
2021-01-12 16:00:00,1134.65
2021-01-12 16:00:00,1134.65
2021-01-12 16:00:00,1134.65
2021-01-12 16:00:00,1134.65
2021-01-12 16:00:00,1134.65
2021-01-12 16:10:00,1149.1875
2021-01-12 16:10:00,1149.1875
2021-01-12 16:10:00,1149.1875
2021-01-12 16:10:00,1149.1875
2021-01-12 16:10:00,1149.1875
2021-01-12 16:10:00,1149.1875
2021-01-12 16:20:00,1163.725
2021-01-12 16:20:00,1163.725
2021-01-12 16:20:00,1163.725
2021-01-12 16:20:00,1163.725
2021-01-12 16:20:00,1163.725
2021-01-12 16:20:00,1163.725
2021-01-12 16:30:00,1178.2625
2021-01-12 16:30:00,1178.2625
2021-01-12 16:30:00,1178.2625
2021-01-12 16:30:00,1178.2625
2021-01-12 16:30:00,1178.2625
2021-01-12 16:30:00,1178.2625
2021-01-12 16:40:00,1192.8
2021-01-12 16:40:00,1192.8
2021-01-12 16:40:00,1192.8
2021-01-12 16:40:00,1192.8
2021-01-12 16:40:00,1192.8
2021-01-12 16:40:00,1192.8
2021-01-12 16:50:00,1207.3375
2021-01-12 16:50:00,1207.3375
2021-01-12 16:50:00,1207.3375
2021-01-12 16:50:00,1207.3375
2021-01-12 16:50:00,1207.3375
2021-01-12 16:50:00,1207.3375
2021-01-12 17:00:00,1221.875
2021-01-12 17:00:00,1221.875
2021-01-12 17:00:00,1221.875
2021-01-12 17:00:00,1221.875
2021-01-12 17:00:00,1221.875
2021-01-12 17:00:00,1221.875
2021-01-12 17:10:00,1236.4125
2021-01-12 17:10:00,1236.4125
2021-01-12 17:10:00,1236.4125
2021-01-12 17:10:00,1236.4125
2021-01-12 17:10:00,1236.4125
2021-01-12 17:10:00,1236.4125
2021-01-12 17:20:00,1250.95
2021-01-12 17:20:00,1250.95
2021-01-12 17:20:00,1250.95
2021-01-12 17:20:00,1250.95
2021-01-12 17:20:00,1250.95
2021-01-12 17:20:00,1250.95
2021-01-12 17:30:00,1265.4875
2021-01-12 17:30:00,1265.4875
2021-01-12 17:30:00,1265.4875
2021-01-12 17:30:00,1265.4875
2021-01-12 17:30:00,1265.4875
2021-01-12 17:30:00,1265.4875
2021-01-12 17:40:00,1280.025
2021-01-12 17:40:00,1280.025
2021-01-12 17:40:00,1280.025
2021-01-12 17:40:00,1280.025
2021-01-12 17:40:00,1280.025
2021-01-12 17:40:00,1280.025
2021-01-12 17:50:00,1294.5625
2021-01-12 17:50:00,1294.5625
2021-01-12 17:50:00,1294.5625
2021-01-12 17:50:00,1294.5625
2021-01-12 17:50:00,1294.5625
2021-01-12 17:50:00,1294.5625
2021-01-12 18:00:00,1309.1
2021-01-12 18:00:00,1309.1
2021-01-12 18:00:00,1309.1
2021-01-12 18:00:00,1309.1
2021-01-12 18:00:00,1309.1
2021-01-12 18:00:00,1309.1
2021-01-12 18:10:00,1323.6375
2021-01-12 18:10:00,1323.6375
2021-01-12 18:10:00,1323.6375
2021-01-12 18:10:00,1323.6375
2021-01-12 18:10:00,1323.6375
2021-01-12 18:10:00,1323.6375
2021-01-12 18:20:00,1338.175
2021-01-12 18:20:00,1338.175
2021-01-12 18:20:00,1338.175
2021-01-12 18:20:00,1338.175
2021-01-12 18:20:00,1338.175
2021-01-12 18:20:00,1338.175
2021-01-12 18:30:00,1352.7125
2021-01-12 18:30:00,1352.7125
2021-01-12 18:30:00,1352.7125
2021-01-12 18:30:00,1352.7125
2021-01-12 18:30:00,1352.7125
2021-01-12 18:30:00,1352.7125
2021-01-12 18:40:00,1367.25
2021-01-12 18:40:00,1367.25
2021-01-12 18:40:00,1367.25
2021-01-12 18:40:00,1367.25
2021-01-12 18:40:00,1367.25
2021-01-12 18:40:00,1367.25
2021-01-12 18:50:00,1318.21
2021-01-12 18:50:00,1318.21
2021-01-12 18:50:00,1318.21
2021-01-12 18:50:00,1318.21
2021-01-12 18:50:00,1318.21
2021-01-12 18:50:00,1318.21
2021-01-12 19:00:00,1380.72
2021-01-12 19:00:00,1380.72
2021-01-12 19:00:00,1380.72
2021-01-12 19:00:00,1380.72
2021-01-12 19:00:00,1380.72
2021-01-12 19:00:00,1380.72
2021-01-12 19:10:00,1377.7825
2021-01-12 19:10:00,1377.7825
2021-01-12 19:10:00,1377.7825
2021-01-12 19:10:00,1377.7825
2021-01-12 19:10:00,1377.7825
2021-01-12 19:10:00,1377.7825
2021-01-12 19:20:00,1374.845
2021-01-12 19:20:00,1374.845
2021-01-12 19:20:00,1374.845
2021-01-12 19:20:00,1374.845
2021-01-12 19:20:00,1374.845
2021-01-12 19:20:00,1374.845
2021-01-12 19:30:00,1371.9075
2021-01-12 19:30:00,1371.9075
2021-01-12 19:30:00,1371.9075
2021-01-12 19:30:00,1371.9075
2021-01-12 19:30:00,1371.9075
2021-01-12 19:30:00,1371.9075
2021-01-12 19:40:00,1368.97
2021-01-12 19:40:00,1368.97
2021-01-12 19:40:00,1368.97
2021-01-12 19:40:00,1368.97
2021-01-12 19:40:00,1368.97
2021-01-12 19:40:00,1368.97
2021-01-12 19:50:00,1280.91
2021-01-12 19:50:00,1280.91
2021-01-12 19:50:00,1280.91
2021-01-12 19:50:00,1280.91
2021-01-12 19:50:00,1280.91
2021-01-12 19:50:00,1280.91
2021-01-12 20:00:00,1263.51
2021-01-12 20:00:00,1263.51
2021-01-12 20:00:00,1263.51
2021-01-12 20:00:00,1263.51
2021-01-12 20:00:00,1263.51
2021-01-12 20:00:00,1263.51
2021-01-12 20:10:00,1078.09
2021-01-12 20:10:00,1078.09
2021-01-12 20:10:00,1078.09
2021-01-12 20:10:00,1078.09
2021-01-12 20:10:00,1078.09
2021-01-12 20:10:00,1078.09
2021-01-12 20:20:00,1085.2
2021-01-12 20:20:00,1085.2
2021-01-12 20:20:00,1085.2
2021-01-12 20:20:00,1085.2
2021-01-12 20:20:00,1085.2
2021-01-12 20:20:00,1085.2
2021-01-12 20:30:00,1085.27
2021-01-12 20:30:00,1085.27
2021-01-12 20:30:00,1085.27
2021-01-12 20:30:00,1085.27
2021-01-12 20:30:00,1085.27
2021-01-12 20:30:00,1085.27
2021-01-12 20:40:00,1070.55
2021-01-12 20:40:00,1070.55
2021-01-12 20:40:00,1070.55
2021-01-12 20:40:00,1070.55
2021-01-12 20:40:00,1070.55
2021-01-12 20:40:00,1070.55
2021-01-12 20:50:00,860.87
2021-01-12 20:50:00,860.87
2021-01-12 20:50:00,860.87
2021-01-12 20:50:00,860.87
2021-01-12 20:50:00,860.87
2021-01-12 20:50:00,860.87
2021-01-12 21:00:00,885.05
2021-01-12 21:00:00,885.05
2021-01-12 21:00:00,885.05
2021-01-12 21:00:00,885.05
2021-01-12 21:00:00,885.05
2021-01-12 21:00:00,885.05
2021-01-12 21:10:00,840.61
2021-01-12 21:10:00,840.61
2021-01-12 21:10:00,840.61
2021-01-12 21:10:00,840.61
2021-01-12 21:10:00,840.61
2021-01-12 21:10:00,840.61
2021-01-12 21:20:00,773.43
2021-01-12 21:20:00,773.43
2021-01-12 21:20:00,773.43
2021-01-12 21:20:00,773.43
2021-01-12 21:20:00,773.43
2021-01-12 21:20:00,773.43
2021-01-12 21:30:00,746.07
2021-01-12 21:30:00,746.07
2021-01-12 21:30:00,746.07
2021-01-12 21:30:00,746.07
2021-01-12 21:30:00,746.07
2021-01-12 21:30:00,746.07
2021-01-12 21:40:00,708.68
2021-01-12 21:40:00,708.68
2021-01-12 21:40:00,708.68
2021-01-12 21:40:00,708.68
2021-01-12 21:40:00,708.68
2021-01-12 21:40:00,708.68
2021-01-12 21:50:00,675.68
2021-01-12 21:50:00,675.68
2021-01-12 21:50:00,675.68
2021-01-12 21:50:00,675.68
2021-01-12 21:50:00,675.68
2021-01-12 21:50:00,675.68
2021-01-12 22:00:00,637.08
2021-01-12 22:00:00,637.08
2021-01-12 22:00:00,637.08
2021-01-12 22:00:00,637.08
2021-01-12 22:00:00,637.08
2021-01-12 22:00:00,637.08
2021-01-12 22:10:00,666.14
2021-01-12 22:10:00,666.14
2021-01-12 22:10:00,666.14
2021-01-12 22:10:00,666.14
2021-01-12 22:10:00,666.14
2021-01-12 22:10:00,666.14
2021-01-12 22:20:00,618.86
2021-01-12 22:20:00,618.86
2021-01-12 22:20:00,618.86
2021-01-12 22:20:00,618.86
2021-01-12 22:20:00,618.86
2021-01-12 22:20:00,618.86
2021-01-12 22:30:00,582.48
2021-01-12 22:30:00,582.48
2021-01-12 22:30:00,582.48
2021-01-12 22:30:00,582.48
2021-01-12 22:30:00,582.48
2021-01-12 22:30:00,582.48
2021-01-12 22:40:00,575.93
2021-01-12 22:40:00,575.93
2021-01-12 22:40:00,575.93
2021-01-12 22:40:00,575.93
2021-01-12 22:40:00,575.93
2021-01-12 22:40:00,575.93
2021-01-12 22:50:00,516.61
2021-01-12 22:50:00,516.61
2021-01-12 22:50:00,516.61
2021-01-12 22:50:00,516.61
2021-01-12 22:50:00,516.61
2021-01-12 22:50:00,516.61
2021-01-12 23:00:00,538.15
2021-01-12 23:00:00,538.15
2021-01-12 23:00:00,538.15
2021-01-12 23:00:00,538.15
2021-01-12 23:00:00,538.15
2021-01-12 23:00:00,538.15
2021-01-12 23:10:00,542.59
2021-01-12 23:10:00,542.59
2021-01-12 23:10:00,542.59
2021-01-12 23:10:00,542.59
2021-01-12 23:10:00,542.59
2021-01-12 23:10:00,542.59
2021-01-12 23:20:00,457.97
2021-01-12 23:20:00,457.97
2021-01-12 23:20:00,457.97
2021-01-12 23:20:00,457.97
2021-01-12 23:20:00,457.97
2021-01-12 23:20:00,457.97
2021-01-12 23:30:00,396.26
2021-01-12 23:30:00,396.26
2021-01-12 23:30:00,396.26
2021-01-12 23:30:00,396.26
2021-01-12 23:30:00,396.26
2021-01-12 23:30:00,396.26
2021-01-12 23:40:00,277.61
2021-01-12 23:40:00,277.61
2021-01-12 23:40:00,277.61
2021-01-12 23:40:00,277.61
2021-01-12 23:40:00,277.61
2021-01-12 23:40:00,277.61
2021-01-12 23:50:00,255.72
2021-01-12 23:50:00,255.72
2021-01-12 23:50:00,255.72
2021-01-12 23:50:00,255.72
2021-01-12 23:50:00,255.72
2021-01-12 23:50:00,255.72
2021-01-13 00:00:00,245.19
2021-01-13 00:00:00,245.19
2021-01-13 00:00:00,245.19
2021-01-13 00:00:00,245.19
2021-01-13 00:00:00,245.19
2021-01-13 00:00:00,245.19
2021-01-13 00:10:00,220.86
2021-01-13 00:10:00,220.86
2021-01-13 00:10:00,220.86
2021-01-13 00:10:00,220.86
2021-01-13 00:10:00,220.86
2021-01-13 00:10:00,220.86
2021-01-13 00:20:00,228.2
2021-01-13 00:20:00,228.2
2021-01-13 00:20:00,228.2
2021-01-13 00:20:00,228.2
2021-01-13 00:20:00,228.2
2021-01-13 00:20:00,228.2
2021-01-13 00:30:00,176.77
2021-01-13 00:30:00,176.77
2021-01-13 00:30:00,176.77
2021-01-13 00:30:00,176.77
2021-01-13 00:30:00,176.77
2021-01-13 00:30:00,176.77
2021-01-13 00:40:00,168.2
2021-01-13 00:40:00,168.2
2021-01-13 00:40:00,168.2
2021-01-13 00:40:00,168.2
2021-01-13 00:40:00,168.2
2021-01-13 00:40:00,168.2
2021-01-13 00:50:00,176.14
2021-01-13 00:50:00,176.14
2021-01-13 00:50:00,176.14
2021-01-13 00:50:00,176.14
2021-01-13 00:50:00,176.14
2021-01-13 00:50:00,176.14
2021-01-13 01:00:00,193.82
2021-01-13 01:00:00,193.82
2021-01-13 01:00:00,193.82
2021-01-13 01:00:00,193.82
2021-01-13 01:00:00,193.82
2021-01-13 01:00:00,193.82
2021-01-13 01:10:00,147.67
2021-01-13 01:10:00,147.67
2021-01-13 01:10:00,147.67
2021-01-13 01:10:00,147.67
2021-01-13 01:10:00,147.67
2021-01-13 01:10:00,147.67
2021-01-13 01:20:00,100.8
2021-01-13 01:20:00,100.8
2021-01-13 01:20:00,100.8
2021-01-13 01:20:00,100.8
2021-01-13 01:20:00,100.8
2021-01-13 01:20:00,100.8
2021-01-13 01:30:00,53.95
2021-01-13 01:30:00,53.95
2021-01-13 01:30:00,53.95
2021-01-13 01:30:00,53.95
2021-01-13 01:30:00,53.95
2021-01-13 01:30:00,53.95
2021-01-13 01:40:00,31.26
2021-01-13 01:40:00,31.26
2021-01-13 01:40:00,31.26
2021-01-13 01:40:00,31.26
2021-01-13 01:40:00,31.26
2021-01-13 01:40:00,31.26
2021-01-13 01:50:00,25.85
2021-01-13 01:50:00,25.85
2021-01-13 01:50:00,25.85
2021-01-13 01:50:00,25.85
2021-01-13 01:50:00,25.85
2021-01-13 01:50:00,25.85
2021-01-13 02:00:00,19.88
2021-01-13 02:00:00,19.88
2021-01-13 02:00:00,19.88
2021-01-13 02:00:00,19.88
2021-01-13 02:00:00,19.88
2021-01-13 02:00:00,19.88
2021-01-13 02:10:00,37.92
2021-01-13 02:10:00,37.92
2021-01-13 02:10:00,37.92
2021-01-13 02:10:00,37.92
2021-01-13 02:10:00,37.92
2021-01-13 02:10:00,37.92
2021-01-13 02:20:00,55.47
2021-01-13 02:20:00,55.47
2021-01-13 02:20:00,55.47
2021-01-13 02:20:00,55.47
2021-01-13 02:20:00,55.47
2021-01-13 02:20:00,55.47
2021-01-13 02:30:00,43.85
2021-01-13 02:30:00,43.85
2021-01-13 02:30:00,43.85
2021-01-13 02:30:00,43.85
2021-01-13 02:30:00,43.85
2021-01-13 02:30:00,43.85
2021-01-13 02:40:00,71.49
2021-01-13 02:40:00,71.49
2021-01-13 02:40:00,71.49
2021-01-13 02:40:00,71.49
2021-01-13 02:40:00,71.49
2021-01-13 02:40:00,71.49
2021-01-13 02:50:00,117.5
2021-01-13 02:50:00,117.5
2021-01-13 02:50:00,117.5
2021-01-13 02:50:00,117.5
2021-01-13 02:50:00,117.5
2021-01-13 02:50:00,117.5
2021-01-13 03:00:00,100.67
2021-01-13 03:00:00,100.67
2021-01-13 03:00:00,100.67
2021-01-13 03:00:00,100.67
2021-01-13 03:00:00,100.67
2021-01-13 03:00:00,100.67
2021-01-13 03:10:00,89.37
2021-01-13 03:10:00,89.37
2021-01-13 03:10:00,89.37
2021-01-13 03:10:00,89.37
2021-01-13 03:10:00,89.37
2021-01-13 03:10:00,89.37
2021-01-13 03:20:00,106.37
2021-01-13 03:20:00,106.37
2021-01-13 03:20:00,106.37
2021-01-13 03:20:00,106.37
2021-01-13 03:20:00,106.37
2021-01-13 03:20:00,106.37
2021-01-13 03:30:00,105.52
2021-01-13 03:30:00,105.52
2021-01-13 03:30:00,105.52
2021-01-13 03:30:00,105.52
2021-01-13 03:30:00,105.52
2021-01-13 03:30:00,105.52
2021-01-13 03:40:00,84.08
2021-01-13 03:40:00,84.08
2021-01-13 03:40:00,84.08
2021-01-13 03:40:00,84.08
2021-01-13 03:40:00,84.08
2021-01-13 03:40:00,84.08
2021-01-13 03:50:00,81.07
2021-01-13 03:50:00,81.07
2021-01-13 03:50:00,81.07
2021-01-13 03:50:00,81.07
2021-01-13 03:50:00,81.07
2021-01-13 03:50:00,81.07
2021-01-13 04:00:00,119.36
2021-01-13 04:00:00,119.36
2021-01-13 04:00:00,119.36
2021-01-13 04:00:00,119.36
2021-01-13 04:00:00,119.36
2021-01-13 04:00:00,119.36
2021-01-13 04:10:00,163.37
2021-01-13 04:10:00,163.37
2021-01-13 04:10:00,163.37
2021-01-13 04:10:00,163.37
2021-01-13 04:10:00,163.37
2021-01-13 04:10:00,163.37
2021-01-13 04:20:00,130.64
2021-01-13 04:20:00,130.64
2021-01-13 04:20:00,130.64
2021-01-13 04:20:00,130.64
2021-01-13 04:20:00,130.64
2021-01-13 04:20:00,130.64
2021-01-13 04:30:00,92.14
2021-01-13 04:30:00,92.14
2021-01-13 04:30:00,92.14
2021-01-13 04:30:00,92.14
2021-01-13 04:30:00,92.14
2021-01-13 04:30:00,92.14
2021-01-13 04:40:00,140.01
2021-01-13 04:40:00,140.01
2021-01-13 04:40:00,140.01
2021-01-13 04:40:00,140.01
2021-01-13 04:40:00,140.01
2021-01-13 04:40:00,140.01
2021-01-13 04:50:00,195.23
2021-01-13 04:50:00,195.23
2021-01-13 04:50:00,195.23
2021-01-13 04:50:00,195.23
2021-01-13 04:50:00,195.23
2021-01-13 04:50:00,195.23
2021-01-13 05:00:00,164.23
2021-01-13 05:00:00,164.23
2021-01-13 05:00:00,164.23
2021-01-13 05:00:00,164.23
2021-01-13 05:00:00,164.23
2021-01-13 05:00:00,164.23
2021-01-13 05:10:00,142.85
2021-01-13 05:10:00,142.85
2021-01-13 05:10:00,142.85
2021-01-13 05:10:00,142.85
2021-01-13 05:10:00,142.85
2021-01-13 05:10:00,142.85
2021-01-13 05:20:00,166.93
2021-01-13 05:20:00,166.93
2021-01-13 05:20:00,166.93
2021-01-13 05:20:00,166.93
2021-01-13 05:20:00,166.93
2021-01-13 05:20:00,166.93
2021-01-13 05:30:00,112.62
2021-01-13 05:30:00,112.62
2021-01-13 05:30:00,112.62
2021-01-13 05:30:00,112.62
2021-01-13 05:30:00,112.62
2021-01-13 05:30:00,112.62
2021-01-13 05:40:00,100.45
2021-01-13 05:40:00,100.45
2021-01-13 05:40:00,100.45
2021-01-13 05:40:00,100.45
2021-01-13 05:40:00,100.45
2021-01-13 05:40:00,100.45
2021-01-13 05:50:00,109.26
2021-01-13 05:50:00,109.26
2021-01-13 05:50:00,109.26
2021-01-13 05:50:00,109.26
2021-01-13 05:50:00,109.26
2021-01-13 05:50:00,109.26
2021-01-13 06:00:00,96.5
2021-01-13 06:00:00,96.5
2021-01-13 06:00:00,96.5
2021-01-13 06:00:00,96.5
2021-01-13 06:00:00,96.5
2021-01-13 06:00:00,96.5
2021-01-13 06:10:00,112.41
2021-01-13 06:10:00,112.41
2021-01-13 06:10:00,112.41
2021-01-13 06:10:00,112.41
2021-01-13 06:10:00,112.41
2021-01-13 06:10:00,112.41
2021-01-13 06:20:00,134.42
2021-01-13 06:20:00,134.42
2021-01-13 06:20:00,134.42
2021-01-13 06:20:00,134.42
2021-01-13 06:20:00,134.42
2021-01-13 06:20:00,134.42
2021-01-13 06:30:00,77.02
2021-01-13 06:30:00,77.02
2021-01-13 06:30:00,77.02
2021-01-13 06:30:00,77.02
2021-01-13 06:30:00,77.02
2021-01-13 06:30:00,77.02
2021-01-13 06:40:00,50.96
2021-01-13 06:40:00,50.96
2021-01-13 06:40:00,50.96
2021-01-13 06:40:00,50.96
2021-01-13 06:40:00,50.96
2021-01-13 06:40:00,50.96
2021-01-13 06:50:00,10.8
2021-01-13 06:50:00,10.8
2021-01-13 06:50:00,10.8
2021-01-13 06:50:00,10.8
2021-01-13 06:50:00,10.8
2021-01-13 06:50:00,10.8
2021-01-13 07:00:00,0.0
2021-01-13 07:00:00,0.0
2021-01-13 07:00:00,0.0
2021-01-13 07:00:00,0.0
2021-01-13 07:00:00,0.0
2021-01-13 07:00:00,0.0
2021-01-13 07:10:00,0.0
2021-01-13 07:10:00,0.0
2021-01-13 07:10:00,0.0
2021-01-13 07:10:00,0.0
2021-01-13 07:10:00,0.0
2021-01-13 07:10:00,0.0
2021-01-13 07:20:00,0.0
2021-01-13 07:20:00,0.0
2021-01-13 07:20:00,0.0
2021-01-13 07:20:00,0.0
2021-01-13 07:20:00,0.0
2021-01-13 07:20:00,0.0
2021-01-13 07:30:00,0.0
2021-01-13 07:30:00,0.0
2021-01-13 07:30:00,0.0
2021-01-13 07:30:00,0.0
2021-01-13 07:30:00,0.0
2021-01-13 07:30:00,0.0
2021-01-13 07:40:00,0.0
2021-01-13 07:40:00,0.0
2021-01-13 07:40:00,0.0
2021-01-13 07:40:00,0.0
2021-01-13 07:40:00,0.0
2021-01-13 07:40:00,0.0
2021-01-13 07:50:00,0.0
2021-01-13 07:50:00,0.0
2021-01-13 07:50:00,0.0
2021-01-13 07:50:00,0.0
2021-01-13 07:50:00,0.0
2021-01-13 07:50:00,0.0
2021-01-13 08:00:00,0.0
2021-01-13 08:00:00,0.0
2021-01-13 08:00:00,0.0
2021-01-13 08:00:00,0.0
2021-01-13 08:00:00,0.0
2021-01-13 08:00:00,0.0
2021-01-13 08:10:00,0.0
2021-01-13 08:10:00,0.0
2021-01-13 08:10:00,0.0
2021-01-13 08:10:00,0.0
2021-01-13 08:10:00,0.0
2021-01-13 08:10:00,0.0
2021-01-13 08:20:00,0.0
2021-01-13 08:20:00,0.0
2021-01-13 08:20:00,0.0
2021-01-13 08:20:00,0.0
2021-01-13 08:20:00,0.0
2021-01-13 08:20:00,0.0
2021-01-13 08:30:00,0.0
2021-01-13 08:30:00,0.0
2021-01-13 08:30:00,0.0
2021-01-13 08:30:00,0.0
2021-01-13 08:30:00,0.0
2021-01-13 08:30:00,0.0
2021-01-13 08:40:00,0.0
2021-01-13 08:40:00,0.0
2021-01-13 08:40:00,0.0
2021-01-13 08:40:00,0.0
2021-01-13 08:40:00,0.0
2021-01-13 08:40:00,0.0
2021-01-13 08:50:00,0.0
2021-01-13 08:50:00,0.0
2021-01-13 08:50:00,0.0
2021-01-13 08:50:00,0.0
2021-01-13 08:50:00,0.0
2021-01-13 08:50:00,0.0
2021-01-13 09:00:00,0.0
2021-01-13 09:00:00,0.0
2021-01-13 09:00:00,0.0
2021-01-13 09:00:00,0.0
2021-01-13 09:00:00,0.0
2021-01-13 09:00:00,0.0
2021-01-13 09:10:00,0.0
2021-01-13 09:10:00,0.0
2021-01-13 09:10:00,0.0
2021-01-13 09:10:00,0.0
2021-01-13 09:10:00,0.0
2021-01-13 09:10:00,0.0
2021-01-13 09:20:00,0.0
2021-01-13 09:20:00,0.0
2021-01-13 09:20:00,0.0
2021-01-13 09:20:00,0.0
2021-01-13 09:20:00,0.0
2021-01-13 09:20:00,0.0
2021-01-13 09:30:00,0.0
2021-01-13 09:30:00,0.0
2021-01-13 09:30:00,0.0
2021-01-13 09:30:00,0.0
2021-01-13 09:30:00,0.0
2021-01-13 09:30:00,0.0
2021-01-13 09:40:00,0.0
2021-01-13 09:40:00,0.0
2021-01-13 09:40:00,0.0
2021-01-13 09:40:00,0.0
2021-01-13 09:40:00,0.0
2021-01-13 09:40:00,0.0
2021-01-13 09:50:00,0.0
2021-01-13 09:50:00,0.0
2021-01-13 09:50:00,0.0
2021-01-13 09:50:00,0.0
2021-01-13 09:50:00,0.0
2021-01-13 09:50:00,0.0
2021-01-13 10:00:00,0.0
2021-01-13 10:00:00,0.0
2021-01-13 10:00:00,0.0
2021-01-13 10:00:00,0.0
2021-01-13 10:00:00,0.0
2021-01-13 10:00:00,0.0
2021-01-13 10:10:00,0.0
2021-01-13 10:10:00,0.0
2021-01-13 10:10:00,0.0
2021-01-13 10:10:00,0.0
2021-01-13 10:10:00,0.0
2021-01-13 10:10:00,0.0
2021-01-13 10:20:00,0.0
2021-01-13 10:20:00,0.0
2021-01-13 10:20:00,0.0
2021-01-13 10:20:00,0.0
2021-01-13 10:20:00,0.0
2021-01-13 10:20:00,0.0
2021-01-13 10:30:00,0.0
2021-01-13 10:30:00,0.0
2021-01-13 10:30:00,0.0
2021-01-13 10:30:00,0.0
2021-01-13 10:30:00,0.0
2021-01-13 10:30:00,0.0
2021-01-13 10:40:00,0.0
2021-01-13 10:40:00,0.0
2021-01-13 10:40:00,0.0
2021-01-13 10:40:00,0.0
2021-01-13 10:40:00,0.0
2021-01-13 10:40:00,0.0
2021-01-13 10:50:00,0.0
2021-01-13 10:50:00,0.0
2021-01-13 10:50:00,0.0
2021-01-13 10:50:00,0.0
2021-01-13 10:50:00,0.0
2021-01-13 10:50:00,0.0
2021-01-13 11:00:00,0.0
2021-01-13 11:00:00,0.0
2021-01-13 11:00:00,0.0
2021-01-13 11:00:00,0.0
2021-01-13 11:00:00,0.0
2021-01-13 11:00:00,0.0
2021-01-13 11:10:00,0.0
2021-01-13 11:10:00,0.0
2021-01-13 11:10:00,0.0
2021-01-13 11:10:00,0.0
2021-01-13 11:10:00,0.0
2021-01-13 11:10:00,0.0
2021-01-13 11:20:00,0.0
2021-01-13 11:20:00,0.0
2021-01-13 11:20:00,0.0
2021-01-13 11:20:00,0.0
2021-01-13 11:20:00,0.0
2021-01-13 11:20:00,0.0
2021-01-13 11:30:00,0.0
2021-01-13 11:30:00,0.0
2021-01-13 11:30:00,0.0
2021-01-13 11:30:00,0.0
2021-01-13 11:30:00,0.0
2021-01-13 11:30:00,0.0
2021-01-13 11:40:00,0.0
2021-01-13 11:40:00,0.0
2021-01-13 11:40:00,0.0
2021-01-13 11:40:00,0.0
2021-01-13 11:40:00,0.0
2021-01-13 11:40:00,0.0
2021-01-13 11:50:00,0.0
2021-01-13 11:50:00,0.0
2021-01-13 11:50:00,0.0
2021-01-13 11:50:00,0.0
2021-01-13 11:50:00,0.0
2021-01-13 11:50:00,0.0
2021-01-13 12:00:00,0.0
2021-01-13 12:00:00,0.0
2021-01-13 12:00:00,0.0
2021-01-13 12:00:00,0.0
2021-01-13 12:00:00,0.0
2021-01-13 12:00:00,0.0
2021-01-13 12:10:00,0.0
2021-01-13 12:10:00,0.0
2021-01-13 12:10:00,0.0
2021-01-13 12:10:00,0.0
2021-01-13 12:10:00,0.0
2021-01-13 12:10:00,0.0
2021-01-13 12:20:00,0.0
2021-01-13 12:20:00,0.0
2021-01-13 12:20:00,0.0
2021-01-13 12:20:00,0.0
2021-01-13 12:20:00,0.0
2021-01-13 12:20:00,0.0
2021-01-13 12:30:00,0.0
2021-01-13 12:30:00,0.0
2021-01-13 12:30:00,0.0
2021-01-13 12:30:00,0.0
2021-01-13 12:30:00,0.0
2021-01-13 12:30:00,0.0
2021-01-13 12:40:00,0.0
2021-01-13 12:40:00,0.0
2021-01-13 12:40:00,0.0
2021-01-13 12:40:00,0.0
2021-01-13 12:40:00,0.0
2021-01-13 12:40:00,0.0
2021-01-13 12:50:00,0.0
2021-01-13 12:50:00,0.0
2021-01-13 12:50:00,0.0
2021-01-13 12:50:00,0.0
2021-01-13 12:50:00,0.0
2021-01-13 12:50:00,0.0
2021-01-13 13:00:00,0.0
2021-01-13 13:00:00,0.0
2021-01-13 13:00:00,0.0
2021-01-13 13:00:00,0.0
2021-01-13 13:00:00,0.0
2021-01-13 13:00:00,0.0
2021-01-13 13:10:00,0.0
2021-01-13 13:10:00,0.0
2021-01-13 13:10:00,0.0
2021-01-13 13:10:00,0.0
2021-01-13 13:10:00,0.0
2021-01-13 13:10:00,0.0
2021-01-13 13:20:00,0.0
2021-01-13 13:20:00,0.0
2021-01-13 13:20:00,0.0
2021-01-13 13:20:00,0.0
2021-01-13 13:20:00,0.0
2021-01-13 13:20:00,0.0
2021-01-13 13:30:00,0.0
2021-01-13 13:30:00,0.0
2021-01-13 13:30:00,0.0
2021-01-13 13:30:00,0.0
2021-01-13 13:30:00,0.0
2021-01-13 13:30:00,0.0
2021-01-13 13:40:00,0.0
2021-01-13 13:40:00,0.0
2021-01-13 13:40:00,0.0
2021-01-13 13:40:00,0.0
2021-01-13 13:40:00,0.0
2021-01-13 13:40:00,0.0
2021-01-13 13:50:00,0.0
2021-01-13 13:50:00,0.0
2021-01-13 13:50:00,0.0
2021-01-13 13:50:00,0.0
2021-01-13 13:50:00,0.0
2021-01-13 13:50:00,0.0
2021-01-13 14:00:00,21.38
2021-01-13 14:00:00,21.38
2021-01-13 14:00:00,21.38
2021-01-13 14:00:00,21.38
2021-01-13 14:00:00,21.38
2021-01-13 14:00:00,21.38
2021-01-13 14:10:00,80.69
2021-01-13 14:10:00,80.69
2021-01-13 14:10:00,80.69
2021-01-13 14:10:00,80.69
2021-01-13 14:10:00,80.69
2021-01-13 14:10:00,80.69
2021-01-13 14:20:00,41.46
2021-01-13 14:20:00,41.46
2021-01-13 14:20:00,41.46
2021-01-13 14:20:00,41.46
2021-01-13 14:20:00,41.46
2021-01-13 14:20:00,41.46
2021-01-13 14:30:00,80.01
2021-01-13 14:30:00,80.01
2021-01-13 14:30:00,80.01
2021-01-13 14:30:00,80.01
2021-01-13 14:30:00,80.01
2021-01-13 14:30:00,80.01
2021-01-13 14:40:00,137.33
2021-01-13 14:40:00,137.33
2021-01-13 14:40:00,137.33
2021-01-13 14:40:00,137.33
2021-01-13 14:40:00,137.33
2021-01-13 14:40:00,137.33
2021-01-13 14:50:00,144.03
2021-01-13 14:50:00,144.03
2021-01-13 14:50:00,144.03
2021-01-13 14:50:00,144.03
2021-01-13 14:50:00,144.03
2021-01-13 14:50:00,144.03
2021-01-13 15:00:00,200.77
2021-01-13 15:00:00,200.77
2021-01-13 15:00:00,200.77
2021-01-13 15:00:00,200.77
2021-01-13 15:00:00,200.77
2021-01-13 15:00:00,200.77
2021-01-13 15:10:00,385.66
2021-01-13 15:10:00,385.66
2021-01-13 15:10:00,385.66
2021-01-13 15:10:00,385.66
2021-01-13 15:10:00,385.66
2021-01-13 15:10:00,385.66
2021-01-13 15:20:00,413.59
2021-01-13 15:20:00,413.59
2021-01-13 15:20:00,413.59
2021-01-13 15:20:00,413.59
2021-01-13 15:20:00,413.59
2021-01-13 15:20:00,413.59
2021-01-13 15:30:00,392.14
2021-01-13 15:30:00,392.14
2021-01-13 15:30:00,392.14
2021-01-13 15:30:00,392.14
2021-01-13 15:30:00,392.14
2021-01-13 15:30:00,392.14
2021-01-13 15:40:00,382.28
2021-01-13 15:40:00,382.28
2021-01-13 15:40:00,382.28
2021-01-13 15:40:00,382.28
2021-01-13 15:40:00,382.28
2021-01-13 15:40:00,382.28
2021-01-13 15:50:00,258.45
2021-01-13 15:50:00,258.45
2021-01-13 15:50:00,258.45
2021-01-13 15:50:00,258.45
2021-01-13 15:50:00,258.45
2021-01-13 15:50:00,258.45
2021-01-13 16:00:00,210.12
2021-01-13 16:00:00,210.12
2021-01-13 16:00:00,210.12
2021-01-13 16:00:00,210.12
2021-01-13 16:00:00,210.12
2021-01-13 16:00:00,210.12
2021-01-13 16:10:00,143.13
2021-01-13 16:10:00,143.13
2021-01-13 16:10:00,143.13
2021-01-13 16:10:00,143.13
2021-01-13 16:10:00,143.13
2021-01-13 16:10:00,143.13
2021-01-13 16:20:00,105.14
2021-01-13 16:20:00,105.14
2021-01-13 16:20:00,105.14
2021-01-13 16:20:00,105.14
2021-01-13 16:20:00,105.14
2021-01-13 16:20:00,105.14
2021-01-13 16:30:00,128.5
2021-01-13 16:30:00,128.5
2021-01-13 16:30:00,128.5
2021-01-13 16:30:00,128.5
2021-01-13 16:30:00,128.5
2021-01-13 16:30:00,128.5
2021-01-13 16:40:00,67.89
2021-01-13 16:40:00,67.89
2021-01-13 16:40:00,67.89
2021-01-13 16:40:00,67.89
2021-01-13 16:40:00,67.89
2021-01-13 16:40:00,67.89
2021-01-13 16:50:00,107.26
2021-01-13 16:50:00,107.26
2021-01-13 16:50:00,107.26
2021-01-13 16:50:00,107.26
2021-01-13 16:50:00,107.26
2021-01-13 16:50:00,107.26
2021-01-13 17:00:00,117.91
2021-01-13 17:00:00,117.91
2021-01-13 17:00:00,117.91
2021-01-13 17:00:00,117.91
2021-01-13 17:00:00,117.91
2021-01-13 17:00:00,117.91
2021-01-13 17:10:00,103.46
2021-01-13 17:10:00,103.46
2021-01-13 17:10:00,103.46
2021-01-13 17:10:00,103.46
2021-01-13 17:10:00,103.46
2021-01-13 17:10:00,103.46
2021-01-13 17:20:00,134.6
2021-01-13 17:20:00,134.6
2021-01-13 17:20:00,134.6
2021-01-13 17:20:00,134.6
2021-01-13 17:20:00,134.6
2021-01-13 17:20:00,134.6
2021-01-13 17:30:00,113.47
2021-01-13 17:30:00,113.47
2021-01-13 17:30:00,113.47
2021-01-13 17:30:00,113.47
2021-01-13 17:30:00,113.47
2021-01-13 17:30:00,113.47
2021-01-13 17:40:00,112.15
2021-01-13 17:40:00,112.15
2021-01-13 17:40:00,112.15
2021-01-13 17:40:00,112.15
2021-01-13 17:40:00,112.15
2021-01-13 17:40:00,112.15
2021-01-13 17:50:00,101.81
2021-01-13 17:50:00,101.81
2021-01-13 17:50:00,101.81
2021-01-13 17:50:00,101.81
2021-01-13 17:50:00,101.81
2021-01-13 17:50:00,101.81
2021-01-13 18:00:00,175.03
2021-01-13 18:00:00,175.03
2021-01-13 18:00:00,175.03
2021-01-13 18:00:00,175.03
2021-01-13 18:00:00,175.03
2021-01-13 18:00:00,175.03
2021-01-13 18:10:00,154.97
2021-01-13 18:10:00,154.97
2021-01-13 18:10:00,154.97
2021-01-13 18:10:00,154.97
2021-01-13 18:10:00,154.97
2021-01-13 18:10:00,154.97
2021-01-13 18:20:00,114.23
2021-01-13 18:20:00,114.23
2021-01-13 18:20:00,114.23
2021-01-13 18:20:00,114.23
2021-01-13 18:20:00,114.23
2021-01-13 18:20:00,114.23
2021-01-13 18:30:00,117.75
2021-01-13 18:30:00,117.75
2021-01-13 18:30:00,117.75
2021-01-13 18:30:00,117.75
2021-01-13 18:30:00,117.75
2021-01-13 18:30:00,117.75
2021-01-13 18:40:00,102.8
2021-01-13 18:40:00,102.8
2021-01-13 18:40:00,102.8
2021-01-13 18:40:00,102.8
2021-01-13 18:40:00,102.8
2021-01-13 18:40:00,102.8
2021-01-13 18:50:00,133.11
2021-01-13 18:50:00,133.11
2021-01-13 18:50:00,133.11
2021-01-13 18:50:00,133.11
2021-01-13 18:50:00,133.11
2021-01-13 18:50:00,133.11
2021-01-13 19:00:00,166.24
2021-01-13 19:00:00,166.24
2021-01-13 19:00:00,166.24
2021-01-13 19:00:00,166.24
2021-01-13 19:00:00,166.24
2021-01-13 19:00:00,166.24
2021-01-13 19:10:00,156.67
2021-01-13 19:10:00,156.67
2021-01-13 19:10:00,156.67
2021-01-13 19:10:00,156.67
2021-01-13 19:10:00,156.67
2021-01-13 19:10:00,156.67
2021-01-13 19:20:00,204.08
2021-01-13 19:20:00,204.08
2021-01-13 19:20:00,204.08
2021-01-13 19:20:00,204.08
2021-01-13 19:20:00,204.08
2021-01-13 19:20:00,204.08
2021-01-13 19:30:00,362.13
2021-01-13 19:30:00,362.13
2021-01-13 19:30:00,362.13
2021-01-13 19:30:00,362.13
2021-01-13 19:30:00,362.13
2021-01-13 19:30:00,362.13
2021-01-13 19:40:00,427.29
2021-01-13 19:40:00,427.29
2021-01-13 19:40:00,427.29
2021-01-13 19:40:00,427.29
2021-01-13 19:40:00,427.29
2021-01-13 19:40:00,427.29
2021-01-13 19:50:00,465.59
2021-01-13 19:50:00,465.59
2021-01-13 19:50:00,465.59
2021-01-13 19:50:00,465.59
2021-01-13 19:50:00,465.59
2021-01-13 19:50:00,465.59
2021-01-13 20:00:00,547.13
2021-01-13 20:00:00,547.13
2021-01-13 20:00:00,547.13
2021-01-13 20:00:00,547.13
2021-01-13 20:00:00,547.13
2021-01-13 20:00:00,547.13
2021-01-13 20:10:00,643.69
2021-01-13 20:10:00,643.69
2021-01-13 20:10:00,643.69
2021-01-13 20:10:00,643.69
2021-01-13 20:10:00,643.69
2021-01-13 20:10:00,643.69
2021-01-13 20:20:00,413.63
2021-01-13 20:20:00,413.63
2021-01-13 20:20:00,413.63
2021-01-13 20:20:00,413.63
2021-01-13 20:20:00,413.63
2021-01-13 20:20:00,413.63
2021-01-13 20:30:00,117.03
2021-01-13 20:30:00,117.03
2021-01-13 20:30:00,117.03
2021-01-13 20:30:00,117.03
2021-01-13 20:30:00,117.03
2021-01-13 20:30:00,117.03
2021-01-13 20:40:00,141.54
2021-01-13 20:40:00,141.54
2021-01-13 20:40:00,141.54
2021-01-13 20:40:00,141.54
2021-01-13 20:40:00,141.54
2021-01-13 20:40:00,141.54
2021-01-13 20:50:00,188.39
2021-01-13 20:50:00,188.39
2021-01-13 20:50:00,188.39
2021-01-13 20:50:00,188.39
2021-01-13 20:50:00,188.39
2021-01-13 20:50:00,188.39
2021-01-13 21:00:00,205.18
2021-01-13 21:00:00,205.18
2021-01-13 21:00:00,205.18
2021-01-13 21:00:00,205.18
2021-01-13 21:00:00,205.18
2021-01-13 21:00:00,205.18
2021-01-13 21:10:00,203.98
2021-01-13 21:10:00,203.98
2021-01-13 21:10:00,203.98
2021-01-13 21:10:00,203.98
2021-01-13 21:10:00,203.98
2021-01-13 21:10:00,203.98
2021-01-13 21:20:00,400.72
2021-01-13 21:20:00,400.72
2021-01-13 21:20:00,400.72
2021-01-13 21:20:00,400.72
2021-01-13 21:20:00,400.72
2021-01-13 21:20:00,400.72
2021-01-13 21:30:00,768.5
2021-01-13 21:30:00,768.5
2021-01-13 21:30:00,768.5
2021-01-13 21:30:00,768.5
2021-01-13 21:30:00,768.5
2021-01-13 21:30:00,768.5
2021-01-13 21:40:00,1131.08
2021-01-13 21:40:00,1131.08
2021-01-13 21:40:00,1131.08
2021-01-13 21:40:00,1131.08
2021-01-13 21:40:00,1131.08
2021-01-13 21:40:00,1131.08
2021-01-13 21:50:00,900.14
2021-01-13 21:50:00,900.14
2021-01-13 21:50:00,900.14
2021-01-13 21:50:00,900.14
2021-01-13 21:50:00,900.14
2021-01-13 21:50:00,900.14
2021-01-13 22:00:00,934.3
2021-01-13 22:00:00,934.3
2021-01-13 22:00:00,934.3
2021-01-13 22:00:00,934.3
2021-01-13 22:00:00,934.3
2021-01-13 22:00:00,934.3
2021-01-13 22:10:00,1291.26
2021-01-13 22:10:00,1291.26
2021-01-13 22:10:00,1291.26
2021-01-13 22:10:00,1291.26
2021-01-13 22:10:00,1291.26
2021-01-13 22:10:00,1291.26
2021-01-13 22:20:00,898.89
2021-01-13 22:20:00,898.89
2021-01-13 22:20:00,898.89
2021-01-13 22:20:00,898.89
2021-01-13 22:20:00,898.89
2021-01-13 22:20:00,898.89
2021-01-13 22:30:00,897.26
2021-01-13 22:30:00,897.26
2021-01-13 22:30:00,897.26
2021-01-13 22:30:00,897.26
2021-01-13 22:30:00,897.26
2021-01-13 22:30:00,897.26
2021-01-13 22:40:00,950.23
2021-01-13 22:40:00,950.23
2021-01-13 22:40:00,950.23
2021-01-13 22:40:00,950.23
2021-01-13 22:40:00,950.23
2021-01-13 22:40:00,950.23
2021-01-13 22:50:00,731.95
2021-01-13 22:50:00,731.95
2021-01-13 22:50:00,731.95
2021-01-13 22:50:00,731.95
2021-01-13 22:50:00,731.95
2021-01-13 22:50:00,731.95
2021-01-13 23:00:00,753.35
2021-01-13 23:00:00,753.35
2021-01-13 23:00:00,753.35
2021-01-13 23:00:00,753.35
2021-01-13 23:00:00,753.35
2021-01-13 23:00:00,753.35
2021-01-13 23:10:00,921.88
2021-01-13 23:10:00,921.88
2021-01-13 23:10:00,921.88
2021-01-13 23:10:00,921.88
2021-01-13 23:10:00,921.88
2021-01-13 23:10:00,921.88
2021-01-13 23:20:00,713.15
2021-01-13 23:20:00,713.15
2021-01-13 23:20:00,713.15
2021-01-13 23:20:00,713.15
2021-01-13 23:20:00,713.15
2021-01-13 23:20:00,713.15
2021-01-13 23:30:00,891.0
2021-01-13 23:30:00,891.0
2021-01-13 23:30:00,891.0
2021-01-13 23:30:00,891.0
2021-01-13 23:30:00,891.0
2021-01-13 23:30:00,891.0
2021-01-13 23:40:00,648.71
2021-01-13 23:40:00,648.71
2021-01-13 23:40:00,648.71
2021-01-13 23:40:00,648.71
2021-01-13 23:40:00,648.71
2021-01-13 23:40:00,648.71
2021-01-13 23:50:00,1089.36
2021-01-13 23:50:00,1089.36
2021-01-13 23:50:00,1089.36
2021-01-13 23:50:00,1089.36
2021-01-13 23:50:00,1089.36
2021-01-13 23:50:00,1089.36
2021-01-14 00:00:00,1222.67
2021-01-14 00:00:00,1222.67
2021-01-14 00:00:00,1222.67
2021-01-14 00:00:00,1222.67
2021-01-14 00:00:00,1222.67
2021-01-14 00:00:00,1222.67
2021-01-14 00:10:00,993.23
2021-01-14 00:10:00,993.23
2021-01-14 00:10:00,993.23
2021-01-14 00:10:00,993.23
2021-01-14 00:10:00,993.23
2021-01-14 00:10:00,993.23
2021-01-14 00:20:00,1082.64
2021-01-14 00:20:00,1082.64
2021-01-14 00:20:00,1082.64
2021-01-14 00:20:00,1082.64
2021-01-14 00:20:00,1082.64
2021-01-14 00:20:00,1082.64
2021-01-14 00:30:00,1343.04
2021-01-14 00:30:00,1343.04
2021-01-14 00:30:00,1343.04
2021-01-14 00:30:00,1343.04
2021-01-14 00:30:00,1343.04
2021-01-14 00:30:00,1343.04
2021-01-14 00:40:00,1332.3711
2021-01-14 00:40:00,1332.3711
2021-01-14 00:40:00,1332.3711
2021-01-14 00:40:00,1332.3711
2021-01-14 00:40:00,1332.3711
2021-01-14 00:40:00,1332.3711
2021-01-14 00:50:00,1321.7023
2021-01-14 00:50:00,1321.7023
2021-01-14 00:50:00,1321.7023
2021-01-14 00:50:00,1321.7023
2021-01-14 00:50:00,1321.7023
2021-01-14 00:50:00,1321.7023
2021-01-14 01:00:00,1311.0333
2021-01-14 01:00:00,1311.0333
2021-01-14 01:00:00,1311.0333
2021-01-14 01:00:00,1311.0333
2021-01-14 01:00:00,1311.0333
2021-01-14 01:00:00,1311.0333
2021-01-14 01:10:00,1300.3645
2021-01-14 01:10:00,1300.3645
2021-01-14 01:10:00,1300.3645
2021-01-14 01:10:00,1300.3645
2021-01-14 01:10:00,1300.3645
2021-01-14 01:10:00,1300.3645
2021-01-14 01:20:00,1289.6956
2021-01-14 01:20:00,1289.6956
2021-01-14 01:20:00,1289.6956
2021-01-14 01:20:00,1289.6956
2021-01-14 01:20:00,1289.6956
2021-01-14 01:20:00,1289.6956
2021-01-14 01:30:00,1279.0267
2021-01-14 01:30:00,1279.0267
2021-01-14 01:30:00,1279.0267
2021-01-14 01:30:00,1279.0267
2021-01-14 01:30:00,1279.0267
2021-01-14 01:30:00,1279.0267
2021-01-14 01:40:00,1268.3578
2021-01-14 01:40:00,1268.3578
2021-01-14 01:40:00,1268.3578
2021-01-14 01:40:00,1268.3578
2021-01-14 01:40:00,1268.3578
2021-01-14 01:40:00,1268.3578
2021-01-14 01:50:00,1257.689
2021-01-14 01:50:00,1257.689
2021-01-14 01:50:00,1257.689
2021-01-14 01:50:00,1257.689
2021-01-14 01:50:00,1257.689
2021-01-14 01:50:00,1257.689
2021-01-14 02:00:00,1247.02
2021-01-14 02:00:00,1247.02
2021-01-14 02:00:00,1247.02
2021-01-14 02:00:00,1247.02
2021-01-14 02:00:00,1247.02
2021-01-14 02:00:00,1247.02
2021-01-14 02:10:00,1282.76
2021-01-14 02:10:00,1282.76
2021-01-14 02:10:00,1282.76
2021-01-14 02:10:00,1282.76
2021-01-14 02:10:00,1282.76
2021-01-14 02:10:00,1282.76
2021-01-14 02:20:00,1214.31
2021-01-14 02:20:00,1214.31
2021-01-14 02:20:00,1214.31
2021-01-14 02:20:00,1214.31
2021-01-14 02:20:00,1214.31
2021-01-14 02:20:00,1214.31
2021-01-14 02:30:00,1229.37
2021-01-14 02:30:00,1229.37
2021-01-14 02:30:00,1229.37
2021-01-14 02:30:00,1229.37
2021-01-14 02:30:00,1229.37
2021-01-14 02:30:00,1229.37
2021-01-14 02:40:00,1335.56
2021-01-14 02:40:00,1335.56
2021-01-14 02:40:00,1335.56
2021-01-14 02:40:00,1335.56
2021-01-14 02:40:00,1335.56
2021-01-14 02:40:00,1335.56
2021-01-14 02:50:00,1156.83
2021-01-14 02:50:00,1156.83
2021-01-14 02:50:00,1156.83
2021-01-14 02:50:00,1156.83
2021-01-14 02:50:00,1156.83
2021-01-14 02:50:00,1156.83
2021-01-14 03:00:00,908.94
2021-01-14 03:00:00,908.94
2021-01-14 03:00:00,908.94
2021-01-14 03:00:00,908.94
2021-01-14 03:00:00,908.94
2021-01-14 03:00:00,908.94
2021-01-14 03:10:00,651.65
2021-01-14 03:10:00,651.65
2021-01-14 03:10:00,651.65
2021-01-14 03:10:00,651.65
2021-01-14 03:10:00,651.65
2021-01-14 03:10:00,651.65
2021-01-14 03:20:00,675.85
2021-01-14 03:20:00,675.85
2021-01-14 03:20:00,675.85
2021-01-14 03:20:00,675.85
2021-01-14 03:20:00,675.85
2021-01-14 03:20:00,675.85
2021-01-14 03:30:00,597.82
2021-01-14 03:30:00,597.82
2021-01-14 03:30:00,597.82
2021-01-14 03:30:00,597.82
2021-01-14 03:30:00,597.82
2021-01-14 03:30:00,597.82
2021-01-14 03:40:00,663.96
2021-01-14 03:40:00,663.96
2021-01-14 03:40:00,663.96
2021-01-14 03:40:00,663.96
2021-01-14 03:40:00,663.96
2021-01-14 03:40:00,663.96
2021-01-14 03:50:00,447.13
2021-01-14 03:50:00,447.13
2021-01-14 03:50:00,447.13
2021-01-14 03:50:00,447.13
2021-01-14 03:50:00,447.13
2021-01-14 03:50:00,447.13
2021-01-14 04:00:00,248.92
2021-01-14 04:00:00,248.92
2021-01-14 04:00:00,248.92
2021-01-14 04:00:00,248.92
2021-01-14 04:00:00,248.92
2021-01-14 04:00:00,248.92
2021-01-14 04:10:00,283.06
2021-01-14 04:10:00,283.06
2021-01-14 04:10:00,283.06
2021-01-14 04:10:00,283.06
2021-01-14 04:10:00,283.06
2021-01-14 04:10:00,283.06
2021-01-14 04:20:00,203.46
2021-01-14 04:20:00,203.46
2021-01-14 04:20:00,203.46
2021-01-14 04:20:00,203.46
2021-01-14 04:20:00,203.46
2021-01-14 04:20:00,203.46
2021-01-14 04:30:00,122.79
2021-01-14 04:30:00,122.79
2021-01-14 04:30:00,122.79
2021-01-14 04:30:00,122.79
2021-01-14 04:30:00,122.79
2021-01-14 04:30:00,122.79
2021-01-14 04:40:00,82.25
2021-01-14 04:40:00,82.25
2021-01-14 04:40:00,82.25
2021-01-14 04:40:00,82.25
2021-01-14 04:40:00,82.25
2021-01-14 04:40:00,82.25
2021-01-14 04:50:00,25.15
2021-01-14 04:50:00,25.15
2021-01-14 04:50:00,25.15
2021-01-14 04:50:00,25.15
2021-01-14 04:50:00,25.15
2021-01-14 04:50:00,25.15
2021-01-14 05:00:00,0.0
2021-01-14 05:00:00,0.0
2021-01-14 05:00:00,0.0
2021-01-14 05:00:00,0.0
2021-01-14 05:00:00,0.0
2021-01-14 05:00:00,0.0
2021-01-14 05:10:00,0.0
2021-01-14 05:10:00,0.0
2021-01-14 05:10:00,0.0
2021-01-14 05:10:00,0.0
2021-01-14 05:10:00,0.0
2021-01-14 05:10:00,0.0
2021-01-14 05:20:00,0.0
2021-01-14 05:20:00,0.0
2021-01-14 05:20:00,0.0
2021-01-14 05:20:00,0.0
2021-01-14 05:20:00,0.0
2021-01-14 05:20:00,0.0
2021-01-14 05:30:00,0.0
2021-01-14 05:30:00,0.0
2021-01-14 05:30:00,0.0
2021-01-14 05:30:00,0.0
2021-01-14 05:30:00,0.0
2021-01-14 05:30:00,0.0
2021-01-14 05:40:00,0.0
2021-01-14 05:40:00,0.0
2021-01-14 05:40:00,0.0
2021-01-14 05:40:00,0.0
2021-01-14 05:40:00,0.0
2021-01-14 05:40:00,0.0
2021-01-14 05:50:00,0.0
2021-01-14 05:50:00,0.0
2021-01-14 05:50:00,0.0
2021-01-14 05:50:00,0.0
2021-01-14 05:50:00,0.0
2021-01-14 05:50:00,0.0
2021-01-14 06:00:00,0.0
2021-01-14 06:00:00,0.0
2021-01-14 06:00:00,0.0
2021-01-14 06:00:00,0.0
2021-01-14 06:00:00,0.0
2021-01-14 06:00:00,0.0
2021-01-14 06:10:00,0.0
2021-01-14 06:10:00,0.0
2021-01-14 06:10:00,0.0
2021-01-14 06:10:00,0.0
2021-01-14 06:10:00,0.0
2021-01-14 06:10:00,0.0
2021-01-14 06:20:00,0.0
2021-01-14 06:20:00,0.0
2021-01-14 06:20:00,0.0
2021-01-14 06:20:00,0.0
2021-01-14 06:20:00,0.0
2021-01-14 06:20:00,0.0
2021-01-14 06:30:00,0.0
2021-01-14 06:30:00,0.0
2021-01-14 06:30:00,0.0
2021-01-14 06:30:00,0.0
2021-01-14 06:30:00,0.0
2021-01-14 06:30:00,0.0
2021-01-14 06:40:00,0.0
2021-01-14 06:40:00,0.0
2021-01-14 06:40:00,0.0
2021-01-14 06:40:00,0.0
2021-01-14 06:40:00,0.0
2021-01-14 06:40:00,0.0
2021-01-14 06:50:00,0.0
2021-01-14 06:50:00,0.0
2021-01-14 06:50:00,0.0
2021-01-14 06:50:00,0.0
2021-01-14 06:50:00,0.0
2021-01-14 06:50:00,0.0
2021-01-14 07:00:00,0.0
2021-01-14 07:00:00,0.0
2021-01-14 07:00:00,0.0
2021-01-14 07:00:00,0.0
2021-01-14 07:00:00,0.0
2021-01-14 07:00:00,0.0
2021-01-14 07:10:00,0.0
2021-01-14 07:10:00,0.0
2021-01-14 07:10:00,0.0
2021-01-14 07:10:00,0.0
2021-01-14 07:10:00,0.0
2021-01-14 07:10:00,0.0
2021-01-14 07:20:00,0.0
2021-01-14 07:20:00,0.0
2021-01-14 07:20:00,0.0
2021-01-14 07:20:00,0.0
2021-01-14 07:20:00,0.0
2021-01-14 07:20:00,0.0
2021-01-14 07:30:00,0.0
2021-01-14 07:30:00,0.0
2021-01-14 07:30:00,0.0
2021-01-14 07:30:00,0.0
2021-01-14 07:30:00,0.0
2021-01-14 07:30:00,0.0
2021-01-14 07:40:00,0.0
2021-01-14 07:40:00,0.0
2021-01-14 07:40:00,0.0
2021-01-14 07:40:00,0.0
2021-01-14 07:40:00,0.0
2021-01-14 07:40:00,0.0
2021-01-14 07:50:00,0.0
2021-01-14 07:50:00,0.0
2021-01-14 07:50:00,0.0
2021-01-14 07:50:00,0.0
2021-01-14 07:50:00,0.0
2021-01-14 07:50:00,0.0
2021-01-14 08:00:00,0.0
2021-01-14 08:00:00,0.0
2021-01-14 08:00:00,0.0
2021-01-14 08:00:00,0.0
2021-01-14 08:00:00,0.0
2021-01-14 08:00:00,0.0
2021-01-14 08:10:00,0.0
2021-01-14 08:10:00,0.0
2021-01-14 08:10:00,0.0
2021-01-14 08:10:00,0.0
2021-01-14 08:10:00,0.0
2021-01-14 08:10:00,0.0
2021-01-14 08:20:00,0.0
2021-01-14 08:20:00,0.0
2021-01-14 08:20:00,0.0
2021-01-14 08:20:00,0.0
2021-01-14 08:20:00,0.0
2021-01-14 08:20:00,0.0
2021-01-14 08:30:00,0.0
2021-01-14 08:30:00,0.0
2021-01-14 08:30:00,0.0
2021-01-14 08:30:00,0.0
2021-01-14 08:30:00,0.0
2021-01-14 08:30:00,0.0
2021-01-14 08:40:00,0.0
2021-01-14 08:40:00,0.0
2021-01-14 08:40:00,0.0
2021-01-14 08:40:00,0.0
2021-01-14 08:40:00,0.0
2021-01-14 08:40:00,0.0
2021-01-14 08:50:00,0.0
2021-01-14 08:50:00,0.0
2021-01-14 08:50:00,0.0
2021-01-14 08:50:00,0.0
2021-01-14 08:50:00,0.0
2021-01-14 08:50:00,0.0
2021-01-14 09:00:00,0.0
2021-01-14 09:00:00,0.0
2021-01-14 09:00:00,0.0
2021-01-14 09:00:00,0.0
2021-01-14 09:00:00,0.0
2021-01-14 09:00:00,0.0
2021-01-14 09:10:00,0.0
2021-01-14 09:10:00,0.0
2021-01-14 09:10:00,0.0
2021-01-14 09:10:00,0.0
2021-01-14 09:10:00,0.0
2021-01-14 09:10:00,0.0
2021-01-14 09:20:00,0.0
2021-01-14 09:20:00,0.0
2021-01-14 09:20:00,0.0
2021-01-14 09:20:00,0.0
2021-01-14 09:20:00,0.0
2021-01-14 09:20:00,0.0
2021-01-14 09:30:00,0.0
2021-01-14 09:30:00,0.0
2021-01-14 09:30:00,0.0
2021-01-14 09:30:00,0.0
2021-01-14 09:30:00,0.0
2021-01-14 09:30:00,0.0
2021-01-14 09:40:00,0.0
2021-01-14 09:40:00,0.0
2021-01-14 09:40:00,0.0
2021-01-14 09:40:00,0.0
2021-01-14 09:40:00,0.0
2021-01-14 09:40:00,0.0
2021-01-14 09:50:00,0.0
2021-01-14 09:50:00,0.0
2021-01-14 09:50:00,0.0
2021-01-14 09:50:00,0.0
2021-01-14 09:50:00,0.0
2021-01-14 09:50:00,0.0
2021-01-14 10:00:00,0.0
2021-01-14 10:00:00,0.0
2021-01-14 10:00:00,0.0
2021-01-14 10:00:00,0.0
2021-01-14 10:00:00,0.0
2021-01-14 10:00:00,0.0
2021-01-14 10:10:00,0.0
2021-01-14 10:10:00,0.0
2021-01-14 10:10:00,0.0
2021-01-14 10:10:00,0.0
2021-01-14 10:10:00,0.0
2021-01-14 10:10:00,0.0
2021-01-14 10:20:00,0.0
2021-01-14 10:20:00,0.0
2021-01-14 10:20:00,0.0
2021-01-14 10:20:00,0.0
2021-01-14 10:20:00,0.0
2021-01-14 10:20:00,0.0
2021-01-14 10:30:00,0.0
2021-01-14 10:30:00,0.0
2021-01-14 10:30:00,0.0
2021-01-14 10:30:00,0.0
2021-01-14 10:30:00,0.0
2021-01-14 10:30:00,0.0
2021-01-14 10:40:00,0.0
2021-01-14 10:40:00,0.0
2021-01-14 10:40:00,0.0
2021-01-14 10:40:00,0.0
2021-01-14 10:40:00,0.0
2021-01-14 10:40:00,0.0
2021-01-14 10:50:00,0.0
2021-01-14 10:50:00,0.0
2021-01-14 10:50:00,0.0
2021-01-14 10:50:00,0.0
2021-01-14 10:50:00,0.0
2021-01-14 10:50:00,0.0
2021-01-14 11:00:00,0.0
2021-01-14 11:00:00,0.0
2021-01-14 11:00:00,0.0
2021-01-14 11:00:00,0.0
2021-01-14 11:00:00,0.0
2021-01-14 11:00:00,0.0
2021-01-14 11:10:00,0.0
2021-01-14 11:10:00,0.0
2021-01-14 11:10:00,0.0
2021-01-14 11:10:00,0.0
2021-01-14 11:10:00,0.0
2021-01-14 11:10:00,0.0
2021-01-14 11:20:00,0.0
2021-01-14 11:20:00,0.0
2021-01-14 11:20:00,0.0
2021-01-14 11:20:00,0.0
2021-01-14 11:20:00,0.0
2021-01-14 11:20:00,0.0
2021-01-14 11:30:00,0.0
2021-01-14 11:30:00,0.0
2021-01-14 11:30:00,0.0
2021-01-14 11:30:00,0.0
2021-01-14 11:30:00,0.0
2021-01-14 11:30:00,0.0
2021-01-14 11:40:00,0.0
2021-01-14 11:40:00,0.0
2021-01-14 11:40:00,0.0
2021-01-14 11:40:00,0.0
2021-01-14 11:40:00,0.0
2021-01-14 11:40:00,0.0
2021-01-14 11:50:00,0.0
2021-01-14 11:50:00,0.0
2021-01-14 11:50:00,0.0
2021-01-14 11:50:00,0.0
2021-01-14 11:50:00,0.0
2021-01-14 11:50:00,0.0
2021-01-14 12:00:00,0.0
2021-01-14 12:00:00,0.0
2021-01-14 12:00:00,0.0
2021-01-14 12:00:00,0.0
2021-01-14 12:00:00,0.0
2021-01-14 12:00:00,0.0
2021-01-14 12:10:00,0.0
2021-01-14 12:10:00,0.0
2021-01-14 12:10:00,0.0
2021-01-14 12:10:00,0.0
2021-01-14 12:10:00,0.0
2021-01-14 12:10:00,0.0
2021-01-14 12:20:00,0.0
2021-01-14 12:20:00,0.0
2021-01-14 12:20:00,0.0
2021-01-14 12:20:00,0.0
2021-01-14 12:20:00,0.0
2021-01-14 12:20:00,0.0
2021-01-14 12:30:00,0.0
2021-01-14 12:30:00,0.0
2021-01-14 12:30:00,0.0
2021-01-14 12:30:00,0.0
2021-01-14 12:30:00,0.0
2021-01-14 12:30:00,0.0
2021-01-14 12:40:00,0.0
2021-01-14 12:40:00,0.0
2021-01-14 12:40:00,0.0
2021-01-14 12:40:00,0.0
2021-01-14 12:40:00,0.0
2021-01-14 12:40:00,0.0
2021-01-14 12:50:00,0.0
2021-01-14 12:50:00,0.0
2021-01-14 12:50:00,0.0
2021-01-14 12:50:00,0.0
2021-01-14 12:50:00,0.0
2021-01-14 12:50:00,0.0
2021-01-14 13:00:00,0.0
2021-01-14 13:00:00,0.0
2021-01-14 13:00:00,0.0
2021-01-14 13:00:00,0.0
2021-01-14 13:00:00,0.0
2021-01-14 13:00:00,0.0
2021-01-14 13:10:00,0.0
2021-01-14 13:10:00,0.0
2021-01-14 13:10:00,0.0
2021-01-14 13:10:00,0.0
2021-01-14 13:10:00,0.0
2021-01-14 13:10:00,0.0
2021-01-14 13:20:00,46.82
2021-01-14 13:20:00,46.82
2021-01-14 13:20:00,46.82
2021-01-14 13:20:00,46.82
2021-01-14 13:20:00,46.82
2021-01-14 13:20:00,46.82
2021-01-14 13:30:00,84.23
2021-01-14 13:30:00,84.23
2021-01-14 13:30:00,84.23
2021-01-14 13:30:00,84.23
2021-01-14 13:30:00,84.23
2021-01-14 13:30:00,84.23
2021-01-14 13:40:00,121.37
2021-01-14 13:40:00,121.37
2021-01-14 13:40:00,121.37
2021-01-14 13:40:00,121.37
2021-01-14 13:40:00,121.37
2021-01-14 13:40:00,121.37
2021-01-14 13:50:00,167.68
2021-01-14 13:50:00,167.68
2021-01-14 13:50:00,167.68
2021-01-14 13:50:00,167.68
2021-01-14 13:50:00,167.68
2021-01-14 13:50:00,167.68
2021-01-14 14:00:00,247.0
2021-01-14 14:00:00,247.0
2021-01-14 14:00:00,247.0
2021-01-14 14:00:00,247.0
2021-01-14 14:00:00,247.0
2021-01-14 14:00:00,247.0
2021-01-14 14:10:00,197.03
2021-01-14 14:10:00,197.03
2021-01-14 14:10:00,197.03
2021-01-14 14:10:00,197.03
2021-01-14 14:10:00,197.03
2021-01-14 14:10:00,197.03
2021-01-14 14:20:00,223.24
2021-01-14 14:20:00,223.24
2021-01-14 14:20:00,223.24
2021-01-14 14:20:00,223.24
2021-01-14 14:20:00,223.24
2021-01-14 14:20:00,223.24
2021-01-14 14:30:00,281.94
2021-01-14 14:30:00,281.94
2021-01-14 14:30:00,281.94
2021-01-14 14:30:00,281.94
2021-01-14 14:30:00,281.94
2021-01-14 14:30:00,281.94
2021-01-14 14:40:00,284.27
2021-01-14 14:40:00,284.27
2021-01-14 14:40:00,284.27
2021-01-14 14:40:00,284.27
2021-01-14 14:40:00,284.27
2021-01-14 14:40:00,284.27
2021-01-14 14:50:00,309.73
2021-01-14 14:50:00,309.73
2021-01-14 14:50:00,309.73
2021-01-14 14:50:00,309.73
2021-01-14 14:50:00,309.73
2021-01-14 14:50:00,309.73
2021-01-14 15:00:00,337.94
2021-01-14 15:00:00,337.94
2021-01-14 15:00:00,337.94
2021-01-14 15:00:00,337.94
2021-01-14 15:00:00,337.94
2021-01-14 15:00:00,337.94
2021-01-14 15:10:00,329.22
2021-01-14 15:10:00,329.22
2021-01-14 15:10:00,329.22
2021-01-14 15:10:00,329.22
2021-01-14 15:10:00,329.22
2021-01-14 15:10:00,329.22
2021-01-14 15:20:00,271.57
2021-01-14 15:20:00,271.57
2021-01-14 15:20:00,271.57
2021-01-14 15:20:00,271.57
2021-01-14 15:20:00,271.57
2021-01-14 15:20:00,271.57
2021-01-14 15:30:00,257.5
2021-01-14 15:30:00,257.5
2021-01-14 15:30:00,257.5
2021-01-14 15:30:00,257.5
2021-01-14 15:30:00,257.5
2021-01-14 15:30:00,257.5
2021-01-14 15:40:00,185.51
2021-01-14 15:40:00,185.51
2021-01-14 15:40:00,185.51
2021-01-14 15:40:00,185.51
2021-01-14 15:40:00,185.51
2021-01-14 15:40:00,185.51
2021-01-14 15:50:00,225.98
2021-01-14 15:50:00,225.98
2021-01-14 15:50:00,225.98
2021-01-14 15:50:00,225.98
2021-01-14 15:50:00,225.98
2021-01-14 15:50:00,225.98
2021-01-14 16:00:00,435.96
2021-01-14 16:00:00,435.96
2021-01-14 16:00:00,435.96
2021-01-14 16:00:00,435.96
2021-01-14 16:00:00,435.96
2021-01-14 16:00:00,435.96
2021-01-14 16:10:00,405.67
2021-01-14 16:10:00,405.67
2021-01-14 16:10:00,405.67
2021-01-14 16:10:00,405.67
2021-01-14 16:10:00,405.67
2021-01-14 16:10:00,405.67
2021-01-14 16:20:00,352.31
2021-01-14 16:20:00,352.31
2021-01-14 16:20:00,352.31
2021-01-14 16:20:00,352.31
2021-01-14 16:20:00,352.31
2021-01-14 16:20:00,352.31
2021-01-14 16:30:00,236.91
2021-01-14 16:30:00,236.91
2021-01-14 16:30:00,236.91
2021-01-14 16:30:00,236.91
2021-01-14 16:30:00,236.91
2021-01-14 16:30:00,236.91
2021-01-14 16:40:00,312.07
2021-01-14 16:40:00,312.07
2021-01-14 16:40:00,312.07
2021-01-14 16:40:00,312.07
2021-01-14 16:40:00,312.07
2021-01-14 16:40:00,312.07
2021-01-14 16:50:00,274.49
2021-01-14 16:50:00,274.49
2021-01-14 16:50:00,274.49
2021-01-14 16:50:00,274.49
2021-01-14 16:50:00,274.49
2021-01-14 16:50:00,274.49
2021-01-14 17:00:00,218.82
2021-01-14 17:00:00,218.82
2021-01-14 17:00:00,218.82
2021-01-14 17:00:00,218.82
2021-01-14 17:00:00,218.82
2021-01-14 17:00:00,218.82
2021-01-14 17:10:00,175.6
2021-01-14 17:10:00,175.6
2021-01-14 17:10:00,175.6
2021-01-14 17:10:00,175.6
2021-01-14 17:10:00,175.6
2021-01-14 17:10:00,175.6
2021-01-14 17:20:00,234.16
2021-01-14 17:20:00,234.16
2021-01-14 17:20:00,234.16
2021-01-14 17:20:00,234.16
2021-01-14 17:20:00,234.16
2021-01-14 17:20:00,234.16
2021-01-14 17:30:00,235.74
2021-01-14 17:30:00,235.74
2021-01-14 17:30:00,235.74
2021-01-14 17:30:00,235.74
2021-01-14 17:30:00,235.74
2021-01-14 17:30:00,235.74
2021-01-14 17:40:00,235.07
2021-01-14 17:40:00,235.07
2021-01-14 17:40:00,235.07
2021-01-14 17:40:00,235.07
2021-01-14 17:40:00,235.07
2021-01-14 17:40:00,235.07
2021-01-14 17:50:00,291.22
2021-01-14 17:50:00,291.22
2021-01-14 17:50:00,291.22
2021-01-14 17:50:00,291.22
2021-01-14 17:50:00,291.22
2021-01-14 17:50:00,291.22
2021-01-14 18:00:00,234.66
2021-01-14 18:00:00,234.66
2021-01-14 18:00:00,234.66
2021-01-14 18:00:00,234.66
2021-01-14 18:00:00,234.66
2021-01-14 18:00:00,234.66
2021-01-14 18:10:00,251.96
2021-01-14 18:10:00,251.96
2021-01-14 18:10:00,251.96
2021-01-14 18:10:00,251.96
2021-01-14 18:10:00,251.96
2021-01-14 18:10:00,251.96
2021-01-14 18:20:00,302.85
2021-01-14 18:20:00,302.85
2021-01-14 18:20:00,302.85
2021-01-14 18:20:00,302.85
2021-01-14 18:20:00,302.85
2021-01-14 18:20:00,302.85
2021-01-14 18:30:00,263.68
2021-01-14 18:30:00,263.68
2021-01-14 18:30:00,263.68
2021-01-14 18:30:00,263.68
2021-01-14 18:30:00,263.68
2021-01-14 18:30:00,263.68
2021-01-14 18:40:00,167.46
2021-01-14 18:40:00,167.46
2021-01-14 18:40:00,167.46
2021-01-14 18:40:00,167.46
2021-01-14 18:40:00,167.46
2021-01-14 18:40:00,167.46
2021-01-14 18:50:00,115.51
2021-01-14 18:50:00,115.51
2021-01-14 18:50:00,115.51
2021-01-14 18:50:00,115.51
2021-01-14 18:50:00,115.51
2021-01-14 18:50:00,115.51
2021-01-14 19:00:00,88.91
2021-01-14 19:00:00,88.91
2021-01-14 19:00:00,88.91
2021-01-14 19:00:00,88.91
2021-01-14 19:00:00,88.91
2021-01-14 19:00:00,88.91
2021-01-14 19:10:00,82.84
2021-01-14 19:10:00,82.84
2021-01-14 19:10:00,82.84
2021-01-14 19:10:00,82.84
2021-01-14 19:10:00,82.84
2021-01-14 19:10:00,82.84
2021-01-14 19:20:00,38.65
2021-01-14 19:20:00,38.65
2021-01-14 19:20:00,38.65
2021-01-14 19:20:00,38.65
2021-01-14 19:20:00,38.65
2021-01-14 19:20:00,38.65
2021-01-14 19:30:00,18.73
2021-01-14 19:30:00,18.73
2021-01-14 19:30:00,18.73
2021-01-14 19:30:00,18.73
2021-01-14 19:30:00,18.73
2021-01-14 19:30:00,18.73
2021-01-14 19:40:00,34.99
2021-01-14 19:40:00,34.99
2021-01-14 19:40:00,34.99
2021-01-14 19:40:00,34.99
2021-01-14 19:40:00,34.99
2021-01-14 19:40:00,34.99
2021-01-14 19:50:00,47.44
2021-01-14 19:50:00,47.44
2021-01-14 19:50:00,47.44
2021-01-14 19:50:00,47.44
2021-01-14 19:50:00,47.44
2021-01-14 19:50:00,47.44
2021-01-14 20:00:00,36.81
2021-01-14 20:00:00,36.81
2021-01-14 20:00:00,36.81
2021-01-14 20:00:00,36.81
2021-01-14 20:00:00,36.81
2021-01-14 20:00:00,36.81
2021-01-14 20:10:00,56.09
2021-01-14 20:10:00,56.09
2021-01-14 20:10:00,56.09
2021-01-14 20:10:00,56.09
2021-01-14 20:10:00,56.09
2021-01-14 20:10:00,56.09
2021-01-14 20:20:00,69.87
2021-01-14 20:20:00,69.87
2021-01-14 20:20:00,69.87
2021-01-14 20:20:00,69.87
2021-01-14 20:20:00,69.87
2021-01-14 20:20:00,69.87
2021-01-14 20:30:00,51.68
2021-01-14 20:30:00,51.68
2021-01-14 20:30:00,51.68
2021-01-14 20:30:00,51.68
2021-01-14 20:30:00,51.68
2021-01-14 20:30:00,51.68
2021-01-14 20:40:00,26.05
2021-01-14 20:40:00,26.05
2021-01-14 20:40:00,26.05
2021-01-14 20:40:00,26.05
2021-01-14 20:40:00,26.05
2021-01-14 20:40:00,26.05
2021-01-14 20:50:00,1.79
2021-01-14 20:50:00,1.79
2021-01-14 20:50:00,1.79
2021-01-14 20:50:00,1.79
2021-01-14 20:50:00,1.79
2021-01-14 20:50:00,1.79
2021-01-14 21:00:00,0.0
2021-01-14 21:00:00,0.0
2021-01-14 21:00:00,0.0
2021-01-14 21:00:00,0.0
2021-01-14 21:00:00,0.0
2021-01-14 21:00:00,0.0
2021-01-14 21:10:00,0.0
2021-01-14 21:10:00,0.0
2021-01-14 21:10:00,0.0
2021-01-14 21:10:00,0.0
2021-01-14 21:10:00,0.0
2021-01-14 21:10:00,0.0
2021-01-14 21:20:00,0.0
2021-01-14 21:20:00,0.0
2021-01-14 21:20:00,0.0
2021-01-14 21:20:00,0.0
2021-01-14 21:20:00,0.0
2021-01-14 21:20:00,0.0
2021-01-14 21:30:00,0.0
2021-01-14 21:30:00,0.0
2021-01-14 21:30:00,0.0
2021-01-14 21:30:00,0.0
2021-01-14 21:30:00,0.0
2021-01-14 21:30:00,0.0
2021-01-14 21:40:00,25.6
2021-01-14 21:40:00,25.6
2021-01-14 21:40:00,25.6
2021-01-14 21:40:00,25.6
2021-01-14 21:40:00,25.6
2021-01-14 21:40:00,25.6
2021-01-14 21:50:00,118.57
2021-01-14 21:50:00,118.57
2021-01-14 21:50:00,118.57
2021-01-14 21:50:00,118.57
2021-01-14 21:50:00,118.57
2021-01-14 21:50:00,118.57
2021-01-14 22:00:00,140.62
2021-01-14 22:00:00,140.62
2021-01-14 22:00:00,140.62
2021-01-14 22:00:00,140.62
2021-01-14 22:00:00,140.62
2021-01-14 22:00:00,140.62
2021-01-14 22:10:00,90.9
2021-01-14 22:10:00,90.9
2021-01-14 22:10:00,90.9
2021-01-14 22:10:00,90.9
2021-01-14 22:10:00,90.9
2021-01-14 22:10:00,90.9
2021-01-14 22:20:00,54.21
2021-01-14 22:20:00,54.21
2021-01-14 22:20:00,54.21
2021-01-14 22:20:00,54.21
2021-01-14 22:20:00,54.21
2021-01-14 22:20:00,54.21
2021-01-14 22:30:00,28.67
2021-01-14 22:30:00,28.67
2021-01-14 22:30:00,28.67
2021-01-14 22:30:00,28.67
2021-01-14 22:30:00,28.67
2021-01-14 22:30:00,28.67
2021-01-14 22:40:00,37.76
2021-01-14 22:40:00,37.76
2021-01-14 22:40:00,37.76
2021-01-14 22:40:00,37.76
2021-01-14 22:40:00,37.76
2021-01-14 22:40:00,37.76
2021-01-14 22:50:00,141.26
2021-01-14 22:50:00,141.26
2021-01-14 22:50:00,141.26
2021-01-14 22:50:00,141.26
2021-01-14 22:50:00,141.26
2021-01-14 22:50:00,141.26
2021-01-14 23:00:00,122.15
2021-01-14 23:00:00,122.15
2021-01-14 23:00:00,122.15
2021-01-14 23:00:00,122.15
2021-01-14 23:00:00,122.15
2021-01-14 23:00:00,122.15
2021-01-14 23:10:00,47.49
2021-01-14 23:10:00,47.49
2021-01-14 23:10:00,47.49
2021-01-14 23:10:00,47.49
2021-01-14 23:10:00,47.49
2021-01-14 23:10:00,47.49
2021-01-14 23:20:00,48.18
2021-01-14 23:20:00,48.18
2021-01-14 23:20:00,48.18
2021-01-14 23:20:00,48.18
2021-01-14 23:20:00,48.18
2021-01-14 23:20:00,48.18
2021-01-14 23:30:00,54.71
2021-01-14 23:30:00,54.71
2021-01-14 23:30:00,54.71
2021-01-14 23:30:00,54.71
2021-01-14 23:30:00,54.71
2021-01-14 23:30:00,54.71
2021-01-14 23:40:00,81.39
2021-01-14 23:40:00,81.39
2021-01-14 23:40:00,81.39
2021-01-14 23:40:00,81.39
2021-01-14 23:40:00,81.39
2021-01-14 23:40:00,81.39
2021-01-14 23:50:00,97.95
2021-01-14 23:50:00,97.95
2021-01-14 23:50:00,97.95
2021-01-14 23:50:00,97.95
2021-01-14 23:50:00,97.95
2021-01-14 23:50:00,97.95
2021-01-15 00:00:00,97.876045
2021-01-15 00:00:00,97.876045
2021-01-15 00:00:00,97.876045
2021-01-15 00:00:00,97.876045
2021-01-15 00:00:00,97.876045
2021-01-15 00:00:00,97.876045
2021-01-15 00:10:00,97.80209
2021-01-15 00:10:00,97.80209
2021-01-15 00:10:00,97.80209
2021-01-15 00:10:00,97.80209
2021-01-15 00:10:00,97.80209
2021-01-15 00:10:00,97.80209
2021-01-15 00:20:00,97.72814
2021-01-15 00:20:00,97.72814
2021-01-15 00:20:00,97.72814
2021-01-15 00:20:00,97.72814
2021-01-15 00:20:00,97.72814
2021-01-15 00:20:00,97.72814
2021-01-15 00:30:00,97.6542
2021-01-15 00:30:00,97.6542
2021-01-15 00:30:00,97.6542
2021-01-15 00:30:00,97.6542
2021-01-15 00:30:00,97.6542
2021-01-15 00:30:00,97.6542
2021-01-15 00:40:00,97.580246
2021-01-15 00:40:00,97.580246
2021-01-15 00:40:00,97.580246
2021-01-15 00:40:00,97.580246
2021-01-15 00:40:00,97.580246
2021-01-15 00:40:00,97.580246
2021-01-15 00:50:00,97.506294
2021-01-15 00:50:00,97.506294
2021-01-15 00:50:00,97.506294
2021-01-15 00:50:00,97.506294
2021-01-15 00:50:00,97.506294
2021-01-15 00:50:00,97.506294
2021-01-15 01:00:00,97.43234
2021-01-15 01:00:00,97.43234
2021-01-15 01:00:00,97.43234
2021-01-15 01:00:00,97.43234
2021-01-15 01:00:00,97.43234
2021-01-15 01:00:00,97.43234
2021-01-15 01:10:00,97.35839
2021-01-15 01:10:00,97.35839
2021-01-15 01:10:00,97.35839
2021-01-15 01:10:00,97.35839
2021-01-15 01:10:00,97.35839
2021-01-15 01:10:00,97.35839
2021-01-15 01:20:00,97.28444
2021-01-15 01:20:00,97.28444
2021-01-15 01:20:00,97.28444
2021-01-15 01:20:00,97.28444
2021-01-15 01:20:00,97.28444
2021-01-15 01:20:00,97.28444
2021-01-15 01:30:00,97.210495
2021-01-15 01:30:00,97.210495
2021-01-15 01:30:00,97.210495
2021-01-15 01:30:00,97.210495
2021-01-15 01:30:00,97.210495
2021-01-15 01:30:00,97.210495
2021-01-15 01:40:00,97.13654
2021-01-15 01:40:00,97.13654
2021-01-15 01:40:00,97.13654
2021-01-15 01:40:00,97.13654
2021-01-15 01:40:00,97.13654
2021-01-15 01:40:00,97.13654
2021-01-15 01:50:00,97.06259
2021-01-15 01:50:00,97.06259
2021-01-15 01:50:00,97.06259
2021-01-15 01:50:00,97.06259
2021-01-15 01:50:00,97.06259
2021-01-15 01:50:00,97.06259
2021-01-15 02:00:00,96.98864
2021-01-15 02:00:00,96.98864
2021-01-15 02:00:00,96.98864
2021-01-15 02:00:00,96.98864
2021-01-15 02:00:00,96.98864
2021-01-15 02:00:00,96.98864
2021-01-15 02:10:00,96.91469
2021-01-15 02:10:00,96.91469
2021-01-15 02:10:00,96.91469
2021-01-15 02:10:00,96.91469
2021-01-15 02:10:00,96.91469
2021-01-15 02:10:00,96.91469
2021-01-15 02:20:00,96.84074
2021-01-15 02:20:00,96.84074
2021-01-15 02:20:00,96.84074
2021-01-15 02:20:00,96.84074
2021-01-15 02:20:00,96.84074
2021-01-15 02:20:00,96.84074
2021-01-15 02:30:00,96.76679
2021-01-15 02:30:00,96.76679
2021-01-15 02:30:00,96.76679
2021-01-15 02:30:00,96.76679
2021-01-15 02:30:00,96.76679
2021-01-15 02:30:00,96.76679
2021-01-15 02:40:00,96.69284
2021-01-15 02:40:00,96.69284
2021-01-15 02:40:00,96.69284
2021-01-15 02:40:00,96.69284
2021-01-15 02:40:00,96.69284
2021-01-15 02:40:00,96.69284
2021-01-15 02:50:00,96.61889
2021-01-15 02:50:00,96.61889
2021-01-15 02:50:00,96.61889
2021-01-15 02:50:00,96.61889
2021-01-15 02:50:00,96.61889
2021-01-15 02:50:00,96.61889
2021-01-15 03:00:00,96.54494
2021-01-15 03:00:00,96.54494
2021-01-15 03:00:00,96.54494
2021-01-15 03:00:00,96.54494
2021-01-15 03:00:00,96.54494
2021-01-15 03:00:00,96.54494
2021-01-15 03:10:00,96.470985
2021-01-15 03:10:00,96.470985
2021-01-15 03:10:00,96.470985
2021-01-15 03:10:00,96.470985
2021-01-15 03:10:00,96.470985
2021-01-15 03:10:00,96.470985
2021-01-15 03:20:00,96.39703
2021-01-15 03:20:00,96.39703
2021-01-15 03:20:00,96.39703
2021-01-15 03:20:00,96.39703
2021-01-15 03:20:00,96.39703
2021-01-15 03:20:00,96.39703
2021-01-15 03:30:00,96.32309
2021-01-15 03:30:00,96.32309
2021-01-15 03:30:00,96.32309
2021-01-15 03:30:00,96.32309
2021-01-15 03:30:00,96.32309
2021-01-15 03:30:00,96.32309
2021-01-15 03:40:00,96.24914
2021-01-15 03:40:00,96.24914
2021-01-15 03:40:00,96.24914
2021-01-15 03:40:00,96.24914
2021-01-15 03:40:00,96.24914
2021-01-15 03:40:00,96.24914
2021-01-15 03:50:00,96.175186
2021-01-15 03:50:00,96.175186
2021-01-15 03:50:00,96.175186
2021-01-15 03:50:00,96.175186
2021-01-15 03:50:00,96.175186
2021-01-15 03:50:00,96.175186
2021-01-15 04:00:00,96.101234
2021-01-15 04:00:00,96.101234
2021-01-15 04:00:00,96.101234
2021-01-15 04:00:00,96.101234
2021-01-15 04:00:00,96.101234
2021-01-15 04:00:00,96.101234
2021-01-15 04:10:00,96.02728
2021-01-15 04:10:00,96.02728
2021-01-15 04:10:00,96.02728
2021-01-15 04:10:00,96.02728
2021-01-15 04:10:00,96.02728
2021-01-15 04:10:00,96.02728
2021-01-15 04:20:00,95.95333
2021-01-15 04:20:00,95.95333
2021-01-15 04:20:00,95.95333
2021-01-15 04:20:00,95.95333
2021-01-15 04:20:00,95.95333
2021-01-15 04:20:00,95.95333
2021-01-15 04:30:00,95.87939
2021-01-15 04:30:00,95.87939
2021-01-15 04:30:00,95.87939
2021-01-15 04:30:00,95.87939
2021-01-15 04:30:00,95.87939
2021-01-15 04:30:00,95.87939
2021-01-15 04:40:00,95.805435
2021-01-15 04:40:00,95.805435
2021-01-15 04:40:00,95.805435
2021-01-15 04:40:00,95.805435
2021-01-15 04:40:00,95.805435
2021-01-15 04:40:00,95.805435
2021-01-15 04:50:00,95.73148
2021-01-15 04:50:00,95.73148
2021-01-15 04:50:00,95.73148
2021-01-15 04:50:00,95.73148
2021-01-15 04:50:00,95.73148
2021-01-15 04:50:00,95.73148
2021-01-15 05:00:00,95.65753
2021-01-15 05:00:00,95.65753
2021-01-15 05:00:00,95.65753
2021-01-15 05:00:00,95.65753
2021-01-15 05:00:00,95.65753
2021-01-15 05:00:00,95.65753
2021-01-15 05:10:00,95.58358
2021-01-15 05:10:00,95.58358
2021-01-15 05:10:00,95.58358
2021-01-15 05:10:00,95.58358
2021-01-15 05:10:00,95.58358
2021-01-15 05:10:00,95.58358
2021-01-15 05:20:00,95.50963
2021-01-15 05:20:00,95.50963
2021-01-15 05:20:00,95.50963
2021-01-15 05:20:00,95.50963
2021-01-15 05:20:00,95.50963
2021-01-15 05:20:00,95.50963
2021-01-15 05:30:00,95.43568
2021-01-15 05:30:00,95.43568
2021-01-15 05:30:00,95.43568
2021-01-15 05:30:00,95.43568
2021-01-15 05:30:00,95.43568
2021-01-15 05:30:00,95.43568
2021-01-15 05:40:00,95.36173
2021-01-15 05:40:00,95.36173
2021-01-15 05:40:00,95.36173
2021-01-15 05:40:00,95.36173
2021-01-15 05:40:00,95.36173
2021-01-15 05:40:00,95.36173
2021-01-15 05:50:00,95.28778
2021-01-15 05:50:00,95.28778
2021-01-15 05:50:00,95.28778
2021-01-15 05:50:00,95.28778
2021-01-15 05:50:00,95.28778
2021-01-15 05:50:00,95.28778
2021-01-15 06:00:00,95.21383
2021-01-15 06:00:00,95.21383
2021-01-15 06:00:00,95.21383
2021-01-15 06:00:00,95.21383
2021-01-15 06:00:00,95.21383
2021-01-15 06:00:00,95.21383
2021-01-15 06:10:00,95.13988
2021-01-15 06:10:00,95.13988
2021-01-15 06:10:00,95.13988
2021-01-15 06:10:00,95.13988
2021-01-15 06:10:00,95.13988
2021-01-15 06:10:00,95.13988
2021-01-15 06:20:00,95.065926
2021-01-15 06:20:00,95.065926
2021-01-15 06:20:00,95.065926
2021-01-15 06:20:00,95.065926
2021-01-15 06:20:00,95.065926
2021-01-15 06:20:00,95.065926
2021-01-15 06:30:00,94.991974
2021-01-15 06:30:00,94.991974
2021-01-15 06:30:00,94.991974
2021-01-15 06:30:00,94.991974
2021-01-15 06:30:00,94.991974
2021-01-15 06:30:00,94.991974
2021-01-15 06:40:00,94.91803
2021-01-15 06:40:00,94.91803
2021-01-15 06:40:00,94.91803
2021-01-15 06:40:00,94.91803
2021-01-15 06:40:00,94.91803
2021-01-15 06:40:00,94.91803
2021-01-15 06:50:00,94.84408
2021-01-15 06:50:00,94.84408
2021-01-15 06:50:00,94.84408
2021-01-15 06:50:00,94.84408
2021-01-15 06:50:00,94.84408
2021-01-15 06:50:00,94.84408
2021-01-15 07:00:00,94.77013
2021-01-15 07:00:00,94.77013
2021-01-15 07:00:00,94.77013
2021-01-15 07:00:00,94.77013
2021-01-15 07:00:00,94.77013
2021-01-15 07:00:00,94.77013
2021-01-15 07:10:00,94.696175
2021-01-15 07:10:00,94.696175
2021-01-15 07:10:00,94.696175
2021-01-15 07:10:00,94.696175
2021-01-15 07:10:00,94.696175
2021-01-15 07:10:00,94.696175
2021-01-15 07:20:00,94.62222
2021-01-15 07:20:00,94.62222
2021-01-15 07:20:00,94.62222
2021-01-15 07:20:00,94.62222
2021-01-15 07:20:00,94.62222
2021-01-15 07:20:00,94.62222
2021-01-15 07:30:00,94.54827
2021-01-15 07:30:00,94.54827
2021-01-15 07:30:00,94.54827
2021-01-15 07:30:00,94.54827
2021-01-15 07:30:00,94.54827
2021-01-15 07:30:00,94.54827
2021-01-15 07:40:00,94.47433
2021-01-15 07:40:00,94.47433
2021-01-15 07:40:00,94.47433
2021-01-15 07:40:00,94.47433
2021-01-15 07:40:00,94.47433
2021-01-15 07:40:00,94.47433
2021-01-15 07:50:00,94.400375
2021-01-15 07:50:00,94.400375
2021-01-15 07:50:00,94.400375
2021-01-15 07:50:00,94.400375
2021-01-15 07:50:00,94.400375
2021-01-15 07:50:00,94.400375
2021-01-15 08:00:00,94.32642
2021-01-15 08:00:00,94.32642
2021-01-15 08:00:00,94.32642
2021-01-15 08:00:00,94.32642
2021-01-15 08:00:00,94.32642
2021-01-15 08:00:00,94.32642
2021-01-15 08:10:00,94.25247
2021-01-15 08:10:00,94.25247
2021-01-15 08:10:00,94.25247
2021-01-15 08:10:00,94.25247
2021-01-15 08:10:00,94.25247
2021-01-15 08:10:00,94.25247
2021-01-15 08:20:00,94.17852
2021-01-15 08:20:00,94.17852
2021-01-15 08:20:00,94.17852
2021-01-15 08:20:00,94.17852
2021-01-15 08:20:00,94.17852
2021-01-15 08:20:00,94.17852
2021-01-15 08:30:00,94.10457
2021-01-15 08:30:00,94.10457
2021-01-15 08:30:00,94.10457
2021-01-15 08:30:00,94.10457
2021-01-15 08:30:00,94.10457
2021-01-15 08:30:00,94.10457
2021-01-15 08:40:00,94.030624
2021-01-15 08:40:00,94.030624
2021-01-15 08:40:00,94.030624
2021-01-15 08:40:00,94.030624
2021-01-15 08:40:00,94.030624
2021-01-15 08:40:00,94.030624
2021-01-15 08:50:00,93.95667
2021-01-15 08:50:00,93.95667
2021-01-15 08:50:00,93.95667
2021-01-15 08:50:00,93.95667
2021-01-15 08:50:00,93.95667
2021-01-15 08:50:00,93.95667
2021-01-15 09:00:00,93.88272
2021-01-15 09:00:00,93.88272
2021-01-15 09:00:00,93.88272
2021-01-15 09:00:00,93.88272
2021-01-15 09:00:00,93.88272
2021-01-15 09:00:00,93.88272
2021-01-15 09:10:00,93.80877
2021-01-15 09:10:00,93.80877
2021-01-15 09:10:00,93.80877
2021-01-15 09:10:00,93.80877
2021-01-15 09:10:00,93.80877
2021-01-15 09:10:00,93.80877
2021-01-15 09:20:00,93.73482
2021-01-15 09:20:00,93.73482
2021-01-15 09:20:00,93.73482
2021-01-15 09:20:00,93.73482
2021-01-15 09:20:00,93.73482
2021-01-15 09:20:00,93.73482
2021-01-15 09:30:00,93.660866
2021-01-15 09:30:00,93.660866
2021-01-15 09:30:00,93.660866
2021-01-15 09:30:00,93.660866
2021-01-15 09:30:00,93.660866
2021-01-15 09:30:00,93.660866
2021-01-15 09:40:00,93.58692
2021-01-15 09:40:00,93.58692
2021-01-15 09:40:00,93.58692
2021-01-15 09:40:00,93.58692
2021-01-15 09:40:00,93.58692
2021-01-15 09:40:00,93.58692
2021-01-15 09:50:00,93.51297
2021-01-15 09:50:00,93.51297
2021-01-15 09:50:00,93.51297
2021-01-15 09:50:00,93.51297
2021-01-15 09:50:00,93.51297
2021-01-15 09:50:00,93.51297
2021-01-15 10:00:00,93.43902
2021-01-15 10:00:00,93.43902
2021-01-15 10:00:00,93.43902
2021-01-15 10:00:00,93.43902
2021-01-15 10:00:00,93.43902
2021-01-15 10:00:00,93.43902
2021-01-15 10:10:00,93.36507
2021-01-15 10:10:00,93.36507
2021-01-15 10:10:00,93.36507
2021-01-15 10:10:00,93.36507
2021-01-15 10:10:00,93.36507
2021-01-15 10:10:00,93.36507
2021-01-15 10:20:00,93.291115
2021-01-15 10:20:00,93.291115
2021-01-15 10:20:00,93.291115
2021-01-15 10:20:00,93.291115
2021-01-15 10:20:00,93.291115
2021-01-15 10:20:00,93.291115
2021-01-15 10:30:00,93.21716
2021-01-15 10:30:00,93.21716
2021-01-15 10:30:00,93.21716
2021-01-15 10:30:00,93.21716
2021-01-15 10:30:00,93.21716
2021-01-15 10:30:00,93.21716
2021-01-15 10:40:00,93.14321
2021-01-15 10:40:00,93.14321
2021-01-15 10:40:00,93.14321
2021-01-15 10:40:00,93.14321
2021-01-15 10:40:00,93.14321
2021-01-15 10:40:00,93.14321
2021-01-15 10:50:00,93.06927
2021-01-15 10:50:00,93.06927
2021-01-15 10:50:00,93.06927
2021-01-15 10:50:00,93.06927
2021-01-15 10:50:00,93.06927
2021-01-15 10:50:00,93.06927
2021-01-15 11:00:00,92.995316
2021-01-15 11:00:00,92.995316
2021-01-15 11:00:00,92.995316
2021-01-15 11:00:00,92.995316
2021-01-15 11:00:00,92.995316
2021-01-15 11:00:00,92.995316
2021-01-15 11:10:00,92.921364
2021-01-15 11:10:00,92.921364
2021-01-15 11:10:00,92.921364
2021-01-15 11:10:00,92.921364
2021-01-15 11:10:00,92.921364
2021-01-15 11:10:00,92.921364
2021-01-15 11:20:00,92.84741
2021-01-15 11:20:00,92.84741
2021-01-15 11:20:00,92.84741
2021-01-15 11:20:00,92.84741
2021-01-15 11:20:00,92.84741
2021-01-15 11:20:00,92.84741
2021-01-15 11:30:00,92.77346
2021-01-15 11:30:00,92.77346
2021-01-15 11:30:00,92.77346
2021-01-15 11:30:00,92.77346
2021-01-15 11:30:00,92.77346
2021-01-15 11:30:00,92.77346
2021-01-15 11:40:00,92.69951
2021-01-15 11:40:00,92.69951
2021-01-15 11:40:00,92.69951
2021-01-15 11:40:00,92.69951
2021-01-15 11:40:00,92.69951
2021-01-15 11:40:00,92.69951
2021-01-15 11:50:00,92.625565
2021-01-15 11:50:00,92.625565
2021-01-15 11:50:00,92.625565
2021-01-15 11:50:00,92.625565
2021-01-15 11:50:00,92.625565
2021-01-15 11:50:00,92.625565
2021-01-15 12:00:00,92.55161
2021-01-15 12:00:00,92.55161
2021-01-15 12:00:00,92.55161
2021-01-15 12:00:00,92.55161
2021-01-15 12:00:00,92.55161
2021-01-15 12:00:00,92.55161
2021-01-15 12:10:00,92.47766
2021-01-15 12:10:00,92.47766
2021-01-15 12:10:00,92.47766
2021-01-15 12:10:00,92.47766
2021-01-15 12:10:00,92.47766
2021-01-15 12:10:00,92.47766
2021-01-15 12:20:00,92.40371
2021-01-15 12:20:00,92.40371
2021-01-15 12:20:00,92.40371
2021-01-15 12:20:00,92.40371
2021-01-15 12:20:00,92.40371
2021-01-15 12:20:00,92.40371
2021-01-15 12:30:00,92.32976
2021-01-15 12:30:00,92.32976
2021-01-15 12:30:00,92.32976
2021-01-15 12:30:00,92.32976
2021-01-15 12:30:00,92.32976
2021-01-15 12:30:00,92.32976
2021-01-15 12:40:00,92.255806
2021-01-15 12:40:00,92.255806
2021-01-15 12:40:00,92.255806
2021-01-15 12:40:00,92.255806
2021-01-15 12:40:00,92.255806
2021-01-15 12:40:00,92.255806
2021-01-15 12:50:00,92.18186
2021-01-15 12:50:00,92.18186
2021-01-15 12:50:00,92.18186
2021-01-15 12:50:00,92.18186
2021-01-15 12:50:00,92.18186
2021-01-15 12:50:00,92.18186
2021-01-15 13:00:00,92.10791
2021-01-15 13:00:00,92.10791
2021-01-15 13:00:00,92.10791
2021-01-15 13:00:00,92.10791
2021-01-15 13:00:00,92.10791
2021-01-15 13:00:00,92.10791
2021-01-15 13:10:00,92.03396
2021-01-15 13:10:00,92.03396
2021-01-15 13:10:00,92.03396
2021-01-15 13:10:00,92.03396
2021-01-15 13:10:00,92.03396
2021-01-15 13:10:00,92.03396
2021-01-15 13:20:00,91.96001
2021-01-15 13:20:00,91.96001
2021-01-15 13:20:00,91.96001
2021-01-15 13:20:00,91.96001
2021-01-15 13:20:00,91.96001
2021-01-15 13:20:00,91.96001
2021-01-15 13:30:00,91.886055
2021-01-15 13:30:00,91.886055
2021-01-15 13:30:00,91.886055
2021-01-15 13:30:00,91.886055
2021-01-15 13:30:00,91.886055
2021-01-15 13:30:00,91.886055
2021-01-15 13:40:00,91.8121
2021-01-15 13:40:00,91.8121
2021-01-15 13:40:00,91.8121
2021-01-15 13:40:00,91.8121
2021-01-15 13:40:00,91.8121
2021-01-15 13:40:00,91.8121
2021-01-15 13:50:00,91.73816
2021-01-15 13:50:00,91.73816
2021-01-15 13:50:00,91.73816
2021-01-15 13:50:00,91.73816
2021-01-15 13:50:00,91.73816
2021-01-15 13:50:00,91.73816
2021-01-15 14:00:00,91.66421
2021-01-15 14:00:00,91.66421
2021-01-15 14:00:00,91.66421
2021-01-15 14:00:00,91.66421
2021-01-15 14:00:00,91.66421
2021-01-15 14:00:00,91.66421
2021-01-15 14:10:00,91.590256
2021-01-15 14:10:00,91.590256
2021-01-15 14:10:00,91.590256
2021-01-15 14:10:00,91.590256
2021-01-15 14:10:00,91.590256
2021-01-15 14:10:00,91.590256
2021-01-15 14:20:00,91.516304
2021-01-15 14:20:00,91.516304
2021-01-15 14:20:00,91.516304
2021-01-15 14:20:00,91.516304
2021-01-15 14:20:00,91.516304
2021-01-15 14:20:00,91.516304
2021-01-15 14:30:00,91.44235
2021-01-15 14:30:00,91.44235
2021-01-15 14:30:00,91.44235
2021-01-15 14:30:00,91.44235
2021-01-15 14:30:00,91.44235
2021-01-15 14:30:00,91.44235
2021-01-15 14:40:00,91.3684
2021-01-15 14:40:00,91.3684
2021-01-15 14:40:00,91.3684
2021-01-15 14:40:00,91.3684
2021-01-15 14:40:00,91.3684
2021-01-15 14:40:00,91.3684
2021-01-15 14:50:00,91.29446
2021-01-15 14:50:00,91.29446
2021-01-15 14:50:00,91.29446
2021-01-15 14:50:00,91.29446
2021-01-15 14:50:00,91.29446
2021-01-15 14:50:00,91.29446
2021-01-15 15:00:00,91.220505
2021-01-15 15:00:00,91.220505
2021-01-15 15:00:00,91.220505
2021-01-15 15:00:00,91.220505
2021-01-15 15:00:00,91.220505
2021-01-15 15:00:00,91.220505
2021-01-15 15:10:00,91.14655
2021-01-15 15:10:00,91.14655
2021-01-15 15:10:00,91.14655
2021-01-15 15:10:00,91.14655
2021-01-15 15:10:00,91.14655
2021-01-15 15:10:00,91.14655
2021-01-15 15:20:00,91.0726
2021-01-15 15:20:00,91.0726
2021-01-15 15:20:00,91.0726
2021-01-15 15:20:00,91.0726
2021-01-15 15:20:00,91.0726
2021-01-15 15:20:00,91.0726
2021-01-15 15:30:00,90.99865
2021-01-15 15:30:00,90.99865
2021-01-15 15:30:00,90.99865
2021-01-15 15:30:00,90.99865
2021-01-15 15:30:00,90.99865
2021-01-15 15:30:00,90.99865
2021-01-15 15:40:00,90.9247
2021-01-15 15:40:00,90.9247
2021-01-15 15:40:00,90.9247
2021-01-15 15:40:00,90.9247
2021-01-15 15:40:00,90.9247
2021-01-15 15:40:00,90.9247
2021-01-15 15:50:00,90.850746
2021-01-15 15:50:00,90.850746
2021-01-15 15:50:00,90.850746
2021-01-15 15:50:00,90.850746
2021-01-15 15:50:00,90.850746
2021-01-15 15:50:00,90.850746
2021-01-15 16:00:00,90.7768
2021-01-15 16:00:00,90.7768
2021-01-15 16:00:00,90.7768
2021-01-15 16:00:00,90.7768
2021-01-15 16:00:00,90.7768
2021-01-15 16:00:00,90.7768
2021-01-15 16:10:00,90.70285
2021-01-15 16:10:00,90.70285
2021-01-15 16:10:00,90.70285
2021-01-15 16:10:00,90.70285
2021-01-15 16:10:00,90.70285
2021-01-15 16:10:00,90.70285
2021-01-15 16:20:00,90.6289
2021-01-15 16:20:00,90.6289
2021-01-15 16:20:00,90.6289
2021-01-15 16:20:00,90.6289
2021-01-15 16:20:00,90.6289
2021-01-15 16:20:00,90.6289
2021-01-15 16:30:00,90.55495
2021-01-15 16:30:00,90.55495
2021-01-15 16:30:00,90.55495
2021-01-15 16:30:00,90.55495
2021-01-15 16:30:00,90.55495
2021-01-15 16:30:00,90.55495
2021-01-15 16:40:00,90.480995
2021-01-15 16:40:00,90.480995
2021-01-15 16:40:00,90.480995
2021-01-15 16:40:00,90.480995
2021-01-15 16:40:00,90.480995
2021-01-15 16:40:00,90.480995
2021-01-15 16:50:00,90.40704
2021-01-15 16:50:00,90.40704
2021-01-15 16:50:00,90.40704
2021-01-15 16:50:00,90.40704
2021-01-15 16:50:00,90.40704
2021-01-15 16:50:00,90.40704
2021-01-15 17:00:00,90.3331
2021-01-15 17:00:00,90.3331
2021-01-15 17:00:00,90.3331
2021-01-15 17:00:00,90.3331
2021-01-15 17:00:00,90.3331
2021-01-15 17:00:00,90.3331
2021-01-15 17:10:00,90.25915
2021-01-15 17:10:00,90.25915
2021-01-15 17:10:00,90.25915
2021-01-15 17:10:00,90.25915
2021-01-15 17:10:00,90.25915
2021-01-15 17:10:00,90.25915
2021-01-15 17:20:00,90.185196
2021-01-15 17:20:00,90.185196
2021-01-15 17:20:00,90.185196
2021-01-15 17:20:00,90.185196
2021-01-15 17:20:00,90.185196
2021-01-15 17:20:00,90.185196
2021-01-15 17:30:00,90.111244
2021-01-15 17:30:00,90.111244
2021-01-15 17:30:00,90.111244
2021-01-15 17:30:00,90.111244
2021-01-15 17:30:00,90.111244
2021-01-15 17:30:00,90.111244
2021-01-15 17:40:00,90.03729
2021-01-15 17:40:00,90.03729
2021-01-15 17:40:00,90.03729
2021-01-15 17:40:00,90.03729
2021-01-15 17:40:00,90.03729
2021-01-15 17:40:00,90.03729
2021-01-15 17:50:00,89.96334
2021-01-15 17:50:00,89.96334
2021-01-15 17:50:00,89.96334
2021-01-15 17:50:00,89.96334
2021-01-15 17:50:00,89.96334
2021-01-15 17:50:00,89.96334
2021-01-15 18:00:00,89.8894
2021-01-15 18:00:00,89.8894
2021-01-15 18:00:00,89.8894
2021-01-15 18:00:00,89.8894
2021-01-15 18:00:00,89.8894
2021-01-15 18:00:00,89.8894
2021-01-15 18:10:00,89.815445
2021-01-15 18:10:00,89.815445
2021-01-15 18:10:00,89.815445
2021-01-15 18:10:00,89.815445
2021-01-15 18:10:00,89.815445
2021-01-15 18:10:00,89.815445
2021-01-15 18:20:00,89.74149
2021-01-15 18:20:00,89.74149
2021-01-15 18:20:00,89.74149
2021-01-15 18:20:00,89.74149
2021-01-15 18:20:00,89.74149
2021-01-15 18:20:00,89.74149
2021-01-15 18:30:00,89.66754
2021-01-15 18:30:00,89.66754
2021-01-15 18:30:00,89.66754
2021-01-15 18:30:00,89.66754
2021-01-15 18:30:00,89.66754
2021-01-15 18:30:00,89.66754
2021-01-15 18:40:00,89.59359
2021-01-15 18:40:00,89.59359
2021-01-15 18:40:00,89.59359
2021-01-15 18:40:00,89.59359
2021-01-15 18:40:00,89.59359
2021-01-15 18:40:00,89.59359
2021-01-15 18:50:00,89.51964
2021-01-15 18:50:00,89.51964
2021-01-15 18:50:00,89.51964
2021-01-15 18:50:00,89.51964
2021-01-15 18:50:00,89.51964
2021-01-15 18:50:00,89.51964
2021-01-15 19:00:00,89.445694
2021-01-15 19:00:00,89.445694
2021-01-15 19:00:00,89.445694
2021-01-15 19:00:00,89.445694
2021-01-15 19:00:00,89.445694
2021-01-15 19:00:00,89.445694
2021-01-15 19:10:00,89.37174
2021-01-15 19:10:00,89.37174
2021-01-15 19:10:00,89.37174
2021-01-15 19:10:00,89.37174
2021-01-15 19:10:00,89.37174
2021-01-15 19:10:00,89.37174
2021-01-15 19:20:00,89.29779
2021-01-15 19:20:00,89.29779
2021-01-15 19:20:00,89.29779
2021-01-15 19:20:00,89.29779
2021-01-15 19:20:00,89.29779
2021-01-15 19:20:00,89.29779
2021-01-15 19:30:00,89.22384
2021-01-15 19:30:00,89.22384
2021-01-15 19:30:00,89.22384
2021-01-15 19:30:00,89.22384
2021-01-15 19:30:00,89.22384
2021-01-15 19:30:00,89.22384
2021-01-15 19:40:00,89.14989
2021-01-15 19:40:00,89.14989
2021-01-15 19:40:00,89.14989
2021-01-15 19:40:00,89.14989
2021-01-15 19:40:00,89.14989
2021-01-15 19:40:00,89.14989
2021-01-15 19:50:00,89.075935
2021-01-15 19:50:00,89.075935
2021-01-15 19:50:00,89.075935
2021-01-15 19:50:00,89.075935
2021-01-15 19:50:00,89.075935
2021-01-15 19:50:00,89.075935
2021-01-15 20:00:00,89.00198
2021-01-15 20:00:00,89.00198
2021-01-15 20:00:00,89.00198
2021-01-15 20:00:00,89.00198
2021-01-15 20:00:00,89.00198
2021-01-15 20:00:00,89.00198
2021-01-15 20:10:00,88.92804
2021-01-15 20:10:00,88.92804
2021-01-15 20:10:00,88.92804
2021-01-15 20:10:00,88.92804
2021-01-15 20:10:00,88.92804
2021-01-15 20:10:00,88.92804
2021-01-15 20:20:00,88.85409
2021-01-15 20:20:00,88.85409
2021-01-15 20:20:00,88.85409
2021-01-15 20:20:00,88.85409
2021-01-15 20:20:00,88.85409
2021-01-15 20:20:00,88.85409
2021-01-15 20:30:00,88.780136
2021-01-15 20:30:00,88.780136
2021-01-15 20:30:00,88.780136
2021-01-15 20:30:00,88.780136
2021-01-15 20:30:00,88.780136
2021-01-15 20:30:00,88.780136
2021-01-15 20:40:00,88.706184
2021-01-15 20:40:00,88.706184
2021-01-15 20:40:00,88.706184
2021-01-15 20:40:00,88.706184
2021-01-15 20:40:00,88.706184
2021-01-15 20:40:00,88.706184
2021-01-15 20:50:00,88.63223
2021-01-15 20:50:00,88.63223
2021-01-15 20:50:00,88.63223
2021-01-15 20:50:00,88.63223
2021-01-15 20:50:00,88.63223
2021-01-15 20:50:00,88.63223
2021-01-15 21:00:00,88.55828
2021-01-15 21:00:00,88.55828
2021-01-15 21:00:00,88.55828
2021-01-15 21:00:00,88.55828
2021-01-15 21:00:00,88.55828
2021-01-15 21:00:00,88.55828
2021-01-15 21:10:00,88.48434
2021-01-15 21:10:00,88.48434
2021-01-15 21:10:00,88.48434
2021-01-15 21:10:00,88.48434
2021-01-15 21:10:00,88.48434
2021-01-15 21:10:00,88.48434
2021-01-15 21:20:00,88.410385
2021-01-15 21:20:00,88.410385
2021-01-15 21:20:00,88.410385
2021-01-15 21:20:00,88.410385
2021-01-15 21:20:00,88.410385
2021-01-15 21:20:00,88.410385
2021-01-15 21:30:00,88.33643
2021-01-15 21:30:00,88.33643
2021-01-15 21:30:00,88.33643
2021-01-15 21:30:00,88.33643
2021-01-15 21:30:00,88.33643
2021-01-15 21:30:00,88.33643
2021-01-15 21:40:00,88.26248
2021-01-15 21:40:00,88.26248
2021-01-15 21:40:00,88.26248
2021-01-15 21:40:00,88.26248
2021-01-15 21:40:00,88.26248
2021-01-15 21:40:00,88.26248
2021-01-15 21:50:00,88.18853
2021-01-15 21:50:00,88.18853
2021-01-15 21:50:00,88.18853
2021-01-15 21:50:00,88.18853
2021-01-15 21:50:00,88.18853
2021-01-15 21:50:00,88.18853
2021-01-15 22:00:00,88.11458
2021-01-15 22:00:00,88.11458
2021-01-15 22:00:00,88.11458
2021-01-15 22:00:00,88.11458
2021-01-15 22:00:00,88.11458
2021-01-15 22:00:00,88.11458
2021-01-15 22:10:00,88.040634
2021-01-15 22:10:00,88.040634
2021-01-15 22:10:00,88.040634
2021-01-15 22:10:00,88.040634
2021-01-15 22:10:00,88.040634
2021-01-15 22:10:00,88.040634
2021-01-15 22:20:00,87.96668
2021-01-15 22:20:00,87.96668
2021-01-15 22:20:00,87.96668
2021-01-15 22:20:00,87.96668
2021-01-15 22:20:00,87.96668
2021-01-15 22:20:00,87.96668
2021-01-15 22:30:00,87.89273
2021-01-15 22:30:00,87.89273
2021-01-15 22:30:00,87.89273
2021-01-15 22:30:00,87.89273
2021-01-15 22:30:00,87.89273
2021-01-15 22:30:00,87.89273
2021-01-15 22:40:00,87.81878
2021-01-15 22:40:00,87.81878
2021-01-15 22:40:00,87.81878
2021-01-15 22:40:00,87.81878
2021-01-15 22:40:00,87.81878
2021-01-15 22:40:00,87.81878
2021-01-15 22:50:00,87.74483
2021-01-15 22:50:00,87.74483
2021-01-15 22:50:00,87.74483
2021-01-15 22:50:00,87.74483
2021-01-15 22:50:00,87.74483
2021-01-15 22:50:00,87.74483
2021-01-15 23:00:00,87.670876
2021-01-15 23:00:00,87.670876
2021-01-15 23:00:00,87.670876
2021-01-15 23:00:00,87.670876
2021-01-15 23:00:00,87.670876
2021-01-15 23:00:00,87.670876
2021-01-15 23:10:00,87.59693
2021-01-15 23:10:00,87.59693
2021-01-15 23:10:00,87.59693
2021-01-15 23:10:00,87.59693
2021-01-15 23:10:00,87.59693
2021-01-15 23:10:00,87.59693
2021-01-15 23:20:00,87.52298
2021-01-15 23:20:00,87.52298
2021-01-15 23:20:00,87.52298
2021-01-15 23:20:00,87.52298
2021-01-15 23:20:00,87.52298
2021-01-15 23:20:00,87.52298
2021-01-15 23:30:00,87.44903
2021-01-15 23:30:00,87.44903
2021-01-15 23:30:00,87.44903
2021-01-15 23:30:00,87.44903
2021-01-15 23:30:00,87.44903
2021-01-15 23:30:00,87.44903
2021-01-15 23:40:00,87.37508
2021-01-15 23:40:00,87.37508
2021-01-15 23:40:00,87.37508
2021-01-15 23:40:00,87.37508
2021-01-15 23:40:00,87.37508
2021-01-15 23:40:00,87.37508
2021-01-15 23:50:00,87.301125
2021-01-15 23:50:00,87.301125
2021-01-15 23:50:00,87.301125
2021-01-15 23:50:00,87.301125
2021-01-15 23:50:00,87.301125
2021-01-15 23:50:00,87.301125
2021-01-16 00:00:00,87.22717
2021-01-16 00:00:00,87.22717
2021-01-16 00:00:00,87.22717
2021-01-16 00:00:00,87.22717
2021-01-16 00:00:00,87.22717
2021-01-16 00:00:00,87.22717
2021-01-16 00:10:00,87.15323
2021-01-16 00:10:00,87.15323
2021-01-16 00:10:00,87.15323
2021-01-16 00:10:00,87.15323
2021-01-16 00:10:00,87.15323
2021-01-16 00:10:00,87.15323
2021-01-16 00:20:00,87.07928
2021-01-16 00:20:00,87.07928
2021-01-16 00:20:00,87.07928
2021-01-16 00:20:00,87.07928
2021-01-16 00:20:00,87.07928
2021-01-16 00:20:00,87.07928
2021-01-16 00:30:00,87.005325
2021-01-16 00:30:00,87.005325
2021-01-16 00:30:00,87.005325
2021-01-16 00:30:00,87.005325
2021-01-16 00:30:00,87.005325
2021-01-16 00:30:00,87.005325
2021-01-16 00:40:00,86.93137
2021-01-16 00:40:00,86.93137
2021-01-16 00:40:00,86.93137
2021-01-16 00:40:00,86.93137
2021-01-16 00:40:00,86.93137
2021-01-16 00:40:00,86.93137
2021-01-16 00:50:00,86.85742
2021-01-16 00:50:00,86.85742
2021-01-16 00:50:00,86.85742
2021-01-16 00:50:00,86.85742
2021-01-16 00:50:00,86.85742
2021-01-16 00:50:00,86.85742
2021-01-16 01:00:00,86.78347
2021-01-16 01:00:00,86.78347
2021-01-16 01:00:00,86.78347
2021-01-16 01:00:00,86.78347
2021-01-16 01:00:00,86.78347
2021-01-16 01:00:00,86.78347
2021-01-16 01:10:00,86.70952
2021-01-16 01:10:00,86.70952
2021-01-16 01:10:00,86.70952
2021-01-16 01:10:00,86.70952
2021-01-16 01:10:00,86.70952
2021-01-16 01:10:00,86.70952
2021-01-16 01:20:00,86.635574
2021-01-16 01:20:00,86.635574
2021-01-16 01:20:00,86.635574
2021-01-16 01:20:00,86.635574
2021-01-16 01:20:00,86.635574
2021-01-16 01:20:00,86.635574
2021-01-16 01:30:00,86.56162
2021-01-16 01:30:00,86.56162
2021-01-16 01:30:00,86.56162
2021-01-16 01:30:00,86.56162
2021-01-16 01:30:00,86.56162
2021-01-16 01:30:00,86.56162
2021-01-16 01:40:00,86.48767
2021-01-16 01:40:00,86.48767
2021-01-16 01:40:00,86.48767
2021-01-16 01:40:00,86.48767
2021-01-16 01:40:00,86.48767
2021-01-16 01:40:00,86.48767
2021-01-16 01:50:00,86.41372
2021-01-16 01:50:00,86.41372
2021-01-16 01:50:00,86.41372
2021-01-16 01:50:00,86.41372
2021-01-16 01:50:00,86.41372
2021-01-16 01:50:00,86.41372
2021-01-16 02:00:00,86.33977
2021-01-16 02:00:00,86.33977
2021-01-16 02:00:00,86.33977
2021-01-16 02:00:00,86.33977
2021-01-16 02:00:00,86.33977
2021-01-16 02:00:00,86.33977
2021-01-16 02:10:00,86.265816
2021-01-16 02:10:00,86.265816
2021-01-16 02:10:00,86.265816
2021-01-16 02:10:00,86.265816
2021-01-16 02:10:00,86.265816
2021-01-16 02:10:00,86.265816
2021-01-16 02:20:00,86.19187
2021-01-16 02:20:00,86.19187
2021-01-16 02:20:00,86.19187
2021-01-16 02:20:00,86.19187
2021-01-16 02:20:00,86.19187
2021-01-16 02:20:00,86.19187
2021-01-16 02:30:00,86.11792
2021-01-16 02:30:00,86.11792
2021-01-16 02:30:00,86.11792
2021-01-16 02:30:00,86.11792
2021-01-16 02:30:00,86.11792
2021-01-16 02:30:00,86.11792
2021-01-16 02:40:00,86.04397
2021-01-16 02:40:00,86.04397
2021-01-16 02:40:00,86.04397
2021-01-16 02:40:00,86.04397
2021-01-16 02:40:00,86.04397
2021-01-16 02:40:00,86.04397
2021-01-16 02:50:00,85.97002
2021-01-16 02:50:00,85.97002
2021-01-16 02:50:00,85.97002
2021-01-16 02:50:00,85.97002
2021-01-16 02:50:00,85.97002
2021-01-16 02:50:00,85.97002
2021-01-16 03:00:00,85.896065
2021-01-16 03:00:00,85.896065
2021-01-16 03:00:00,85.896065
2021-01-16 03:00:00,85.896065
2021-01-16 03:00:00,85.896065
2021-01-16 03:00:00,85.896065
2021-01-16 03:10:00,85.82211
2021-01-16 03:10:00,85.82211
2021-01-16 03:10:00,85.82211
2021-01-16 03:10:00,85.82211
2021-01-16 03:10:00,85.82211
2021-01-16 03:10:00,85.82211
2021-01-16 03:20:00,85.74817
2021-01-16 03:20:00,85.74817
2021-01-16 03:20:00,85.74817
2021-01-16 03:20:00,85.74817
2021-01-16 03:20:00,85.74817
2021-01-16 03:20:00,85.74817
2021-01-16 03:30:00,85.67422
2021-01-16 03:30:00,85.67422
2021-01-16 03:30:00,85.67422
2021-01-16 03:30:00,85.67422
2021-01-16 03:30:00,85.67422
2021-01-16 03:30:00,85.67422
2021-01-16 03:40:00,85.600266
2021-01-16 03:40:00,85.600266
2021-01-16 03:40:00,85.600266
2021-01-16 03:40:00,85.600266
2021-01-16 03:40:00,85.600266
2021-01-16 03:40:00,85.600266
2021-01-16 03:50:00,85.52631
2021-01-16 03:50:00,85.52631
2021-01-16 03:50:00,85.52631
2021-01-16 03:50:00,85.52631
2021-01-16 03:50:00,85.52631
2021-01-16 03:50:00,85.52631
2021-01-16 04:00:00,85.45236
2021-01-16 04:00:00,85.45236
2021-01-16 04:00:00,85.45236
2021-01-16 04:00:00,85.45236
2021-01-16 04:00:00,85.45236
2021-01-16 04:00:00,85.45236
2021-01-16 04:10:00,85.37841
2021-01-16 04:10:00,85.37841
2021-01-16 04:10:00,85.37841
2021-01-16 04:10:00,85.37841
2021-01-16 04:10:00,85.37841
2021-01-16 04:10:00,85.37841
2021-01-16 04:20:00,85.30447
2021-01-16 04:20:00,85.30447
2021-01-16 04:20:00,85.30447
2021-01-16 04:20:00,85.30447
2021-01-16 04:20:00,85.30447
2021-01-16 04:20:00,85.30447
2021-01-16 04:30:00,85.230515
2021-01-16 04:30:00,85.230515
2021-01-16 04:30:00,85.230515
2021-01-16 04:30:00,85.230515
2021-01-16 04:30:00,85.230515
2021-01-16 04:30:00,85.230515
2021-01-16 04:40:00,85.15656
2021-01-16 04:40:00,85.15656
2021-01-16 04:40:00,85.15656
2021-01-16 04:40:00,85.15656
2021-01-16 04:40:00,85.15656
2021-01-16 04:40:00,85.15656
2021-01-16 04:50:00,85.08261
2021-01-16 04:50:00,85.08261
2021-01-16 04:50:00,85.08261
2021-01-16 04:50:00,85.08261
2021-01-16 04:50:00,85.08261
2021-01-16 04:50:00,85.08261
2021-01-16 05:00:00,85.00866
2021-01-16 05:00:00,85.00866
2021-01-16 05:00:00,85.00866
2021-01-16 05:00:00,85.00866
2021-01-16 05:00:00,85.00866
2021-01-16 05:00:00,85.00866
2021-01-16 05:10:00,84.93471
2021-01-16 05:10:00,84.93471
2021-01-16 05:10:00,84.93471
2021-01-16 05:10:00,84.93471
2021-01-16 05:10:00,84.93471
2021-01-16 05:10:00,84.93471
2021-01-16 05:20:00,84.86076
2021-01-16 05:20:00,84.86076
2021-01-16 05:20:00,84.86076
2021-01-16 05:20:00,84.86076
2021-01-16 05:20:00,84.86076
2021-01-16 05:20:00,84.86076
2021-01-16 05:30:00,84.78681
2021-01-16 05:30:00,84.78681
2021-01-16 05:30:00,84.78681
2021-01-16 05:30:00,84.78681
2021-01-16 05:30:00,84.78681
2021-01-16 05:30:00,84.78681
2021-01-16 05:40:00,84.71286
2021-01-16 05:40:00,84.71286
2021-01-16 05:40:00,84.71286
2021-01-16 05:40:00,84.71286
2021-01-16 05:40:00,84.71286
2021-01-16 05:40:00,84.71286
2021-01-16 05:50:00,84.63891
2021-01-16 05:50:00,84.63891
2021-01-16 05:50:00,84.63891
2021-01-16 05:50:00,84.63891
2021-01-16 05:50:00,84.63891
2021-01-16 05:50:00,84.63891
2021-01-16 06:00:00,84.56496
2021-01-16 06:00:00,84.56496
2021-01-16 06:00:00,84.56496
2021-01-16 06:00:00,84.56496
2021-01-16 06:00:00,84.56496
2021-01-16 06:00:00,84.56496
2021-01-16 06:10:00,84.491005
2021-01-16 06:10:00,84.491005
2021-01-16 06:10:00,84.491005
2021-01-16 06:10:00,84.491005
2021-01-16 06:10:00,84.491005
2021-01-16 06:10:00,84.491005
2021-01-16 06:20:00,84.41705
2021-01-16 06:20:00,84.41705
2021-01-16 06:20:00,84.41705
2021-01-16 06:20:00,84.41705
2021-01-16 06:20:00,84.41705
2021-01-16 06:20:00,84.41705
2021-01-16 06:30:00,84.34311
2021-01-16 06:30:00,84.34311
2021-01-16 06:30:00,84.34311
2021-01-16 06:30:00,84.34311
2021-01-16 06:30:00,84.34311
2021-01-16 06:30:00,84.34311
2021-01-16 06:40:00,84.26916
2021-01-16 06:40:00,84.26916
2021-01-16 06:40:00,84.26916
2021-01-16 06:40:00,84.26916
2021-01-16 06:40:00,84.26916
2021-01-16 06:40:00,84.26916
2021-01-16 06:50:00,84.195206
2021-01-16 06:50:00,84.195206
2021-01-16 06:50:00,84.195206
2021-01-16 06:50:00,84.195206
2021-01-16 06:50:00,84.195206
2021-01-16 06:50:00,84.195206
2021-01-16 07:00:00,84.121254
2021-01-16 07:00:00,84.121254
2021-01-16 07:00:00,84.121254
2021-01-16 07:00:00,84.121254
2021-01-16 07:00:00,84.121254
2021-01-16 07:00:00,84.121254
2021-01-16 07:10:00,84.0473
2021-01-16 07:10:00,84.0473
2021-01-16 07:10:00,84.0473
2021-01-16 07:10:00,84.0473
2021-01-16 07:10:00,84.0473
2021-01-16 07:10:00,84.0473
2021-01-16 07:20:00,83.97335
2021-01-16 07:20:00,83.97335
2021-01-16 07:20:00,83.97335
2021-01-16 07:20:00,83.97335
2021-01-16 07:20:00,83.97335
2021-01-16 07:20:00,83.97335
2021-01-16 07:30:00,83.89941
2021-01-16 07:30:00,83.89941
2021-01-16 07:30:00,83.89941
2021-01-16 07:30:00,83.89941
2021-01-16 07:30:00,83.89941
2021-01-16 07:30:00,83.89941
2021-01-16 07:40:00,83.825455
2021-01-16 07:40:00,83.825455
2021-01-16 07:40:00,83.825455
2021-01-16 07:40:00,83.825455
2021-01-16 07:40:00,83.825455
2021-01-16 07:40:00,83.825455
2021-01-16 07:50:00,83.7515
2021-01-16 07:50:00,83.7515
2021-01-16 07:50:00,83.7515
2021-01-16 07:50:00,83.7515
2021-01-16 07:50:00,83.7515
2021-01-16 07:50:00,83.7515
2021-01-16 08:00:00,83.67755
2021-01-16 08:00:00,83.67755
2021-01-16 08:00:00,83.67755
2021-01-16 08:00:00,83.67755
2021-01-16 08:00:00,83.67755
2021-01-16 08:00:00,83.67755
2021-01-16 08:10:00,83.6036
2021-01-16 08:10:00,83.6036
2021-01-16 08:10:00,83.6036
2021-01-16 08:10:00,83.6036
2021-01-16 08:10:00,83.6036
2021-01-16 08:10:00,83.6036
2021-01-16 08:20:00,83.52965
2021-01-16 08:20:00,83.52965
2021-01-16 08:20:00,83.52965
2021-01-16 08:20:00,83.52965
2021-01-16 08:20:00,83.52965
2021-01-16 08:20:00,83.52965
2021-01-16 08:30:00,83.4557
2021-01-16 08:30:00,83.4557
2021-01-16 08:30:00,83.4557
2021-01-16 08:30:00,83.4557
2021-01-16 08:30:00,83.4557
2021-01-16 08:30:00,83.4557
2021-01-16 08:40:00,83.38175
2021-01-16 08:40:00,83.38175
2021-01-16 08:40:00,83.38175
2021-01-16 08:40:00,83.38175
2021-01-16 08:40:00,83.38175
2021-01-16 08:40:00,83.38175
2021-01-16 08:50:00,83.3078
2021-01-16 08:50:00,83.3078
2021-01-16 08:50:00,83.3078
2021-01-16 08:50:00,83.3078
2021-01-16 08:50:00,83.3078
2021-01-16 08:50:00,83.3078
2021-01-16 09:00:00,83.23385
2021-01-16 09:00:00,83.23385
2021-01-16 09:00:00,83.23385
2021-01-16 09:00:00,83.23385
2021-01-16 09:00:00,83.23385
2021-01-16 09:00:00,83.23385
2021-01-16 09:10:00,83.1599
2021-01-16 09:10:00,83.1599
2021-01-16 09:10:00,83.1599
2021-01-16 09:10:00,83.1599
2021-01-16 09:10:00,83.1599
2021-01-16 09:10:00,83.1599
2021-01-16 09:20:00,83.085945
2021-01-16 09:20:00,83.085945
2021-01-16 09:20:00,83.085945
2021-01-16 09:20:00,83.085945
2021-01-16 09:20:00,83.085945
2021-01-16 09:20:00,83.085945
2021-01-16 09:30:00,83.012
2021-01-16 09:30:00,83.012
2021-01-16 09:30:00,83.012
2021-01-16 09:30:00,83.012
2021-01-16 09:30:00,83.012
2021-01-16 09:30:00,83.012
2021-01-16 09:40:00,82.93805
2021-01-16 09:40:00,82.93805
2021-01-16 09:40:00,82.93805
2021-01-16 09:40:00,82.93805
2021-01-16 09:40:00,82.93805
2021-01-16 09:40:00,82.93805
2021-01-16 09:50:00,82.8641
2021-01-16 09:50:00,82.8641
2021-01-16 09:50:00,82.8641
2021-01-16 09:50:00,82.8641
2021-01-16 09:50:00,82.8641
2021-01-16 09:50:00,82.8641
2021-01-16 10:00:00,82.790146
2021-01-16 10:00:00,82.790146
2021-01-16 10:00:00,82.790146
2021-01-16 10:00:00,82.790146
2021-01-16 10:00:00,82.790146
2021-01-16 10:00:00,82.790146
2021-01-16 10:10:00,82.716194
2021-01-16 10:10:00,82.716194
2021-01-16 10:10:00,82.716194
2021-01-16 10:10:00,82.716194
2021-01-16 10:10:00,82.716194
2021-01-16 10:10:00,82.716194
2021-01-16 10:20:00,82.64224
2021-01-16 10:20:00,82.64224
2021-01-16 10:20:00,82.64224
2021-01-16 10:20:00,82.64224
2021-01-16 10:20:00,82.64224
2021-01-16 10:20:00,82.64224
2021-01-16 10:30:00,82.5683
2021-01-16 10:30:00,82.5683
2021-01-16 10:30:00,82.5683
2021-01-16 10:30:00,82.5683
2021-01-16 10:30:00,82.5683
2021-01-16 10:30:00,82.5683
2021-01-16 10:40:00,82.49435
2021-01-16 10:40:00,82.49435
2021-01-16 10:40:00,82.49435
2021-01-16 10:40:00,82.49435
2021-01-16 10:40:00,82.49435
2021-01-16 10:40:00,82.49435
2021-01-16 10:50:00,82.420395
2021-01-16 10:50:00,82.420395
2021-01-16 10:50:00,82.420395
2021-01-16 10:50:00,82.420395
2021-01-16 10:50:00,82.420395
2021-01-16 10:50:00,82.420395
2021-01-16 11:00:00,82.34644
2021-01-16 11:00:00,82.34644
2021-01-16 11:00:00,82.34644
2021-01-16 11:00:00,82.34644
2021-01-16 11:00:00,82.34644
2021-01-16 11:00:00,82.34644
2021-01-16 11:10:00,82.27249
2021-01-16 11:10:00,82.27249
2021-01-16 11:10:00,82.27249
2021-01-16 11:10:00,82.27249
2021-01-16 11:10:00,82.27249
2021-01-16 11:10:00,82.27249
2021-01-16 11:20:00,82.19854
2021-01-16 11:20:00,82.19854
2021-01-16 11:20:00,82.19854
2021-01-16 11:20:00,82.19854
2021-01-16 11:20:00,82.19854
2021-01-16 11:20:00,82.19854
2021-01-16 11:30:00,82.12459
2021-01-16 11:30:00,82.12459
2021-01-16 11:30:00,82.12459
2021-01-16 11:30:00,82.12459
2021-01-16 11:30:00,82.12459
2021-01-16 11:30:00,82.12459
2021-01-16 11:40:00,82.050644
2021-01-16 11:40:00,82.050644
2021-01-16 11:40:00,82.050644
2021-01-16 11:40:00,82.050644
2021-01-16 11:40:00,82.050644
2021-01-16 11:40:00,82.050644
2021-01-16 11:50:00,81.97669
2021-01-16 11:50:00,81.97669
2021-01-16 11:50:00,81.97669
2021-01-16 11:50:00,81.97669
2021-01-16 11:50:00,81.97669
2021-01-16 11:50:00,81.97669
2021-01-16 12:00:00,81.90274
2021-01-16 12:00:00,81.90274
2021-01-16 12:00:00,81.90274
2021-01-16 12:00:00,81.90274
2021-01-16 12:00:00,81.90274
2021-01-16 12:00:00,81.90274
2021-01-16 12:10:00,81.82879
2021-01-16 12:10:00,81.82879
2021-01-16 12:10:00,81.82879
2021-01-16 12:10:00,81.82879
2021-01-16 12:10:00,81.82879
2021-01-16 12:10:00,81.82879
2021-01-16 12:20:00,81.75484
2021-01-16 12:20:00,81.75484
2021-01-16 12:20:00,81.75484
2021-01-16 12:20:00,81.75484
2021-01-16 12:20:00,81.75484
2021-01-16 12:20:00,81.75484
2021-01-16 12:30:00,81.680885
2021-01-16 12:30:00,81.680885
2021-01-16 12:30:00,81.680885
2021-01-16 12:30:00,81.680885
2021-01-16 12:30:00,81.680885
2021-01-16 12:30:00,81.680885
2021-01-16 12:40:00,81.60694
2021-01-16 12:40:00,81.60694
2021-01-16 12:40:00,81.60694
2021-01-16 12:40:00,81.60694
2021-01-16 12:40:00,81.60694
2021-01-16 12:40:00,81.60694
2021-01-16 12:50:00,81.53299
2021-01-16 12:50:00,81.53299
2021-01-16 12:50:00,81.53299
2021-01-16 12:50:00,81.53299
2021-01-16 12:50:00,81.53299
2021-01-16 12:50:00,81.53299
2021-01-16 13:00:00,81.45904
2021-01-16 13:00:00,81.45904
2021-01-16 13:00:00,81.45904
2021-01-16 13:00:00,81.45904
2021-01-16 13:00:00,81.45904
2021-01-16 13:00:00,81.45904
2021-01-16 13:10:00,81.385086
2021-01-16 13:10:00,81.385086
2021-01-16 13:10:00,81.385086
2021-01-16 13:10:00,81.385086
2021-01-16 13:10:00,81.385086
2021-01-16 13:10:00,81.385086
2021-01-16 13:20:00,81.311134
2021-01-16 13:20:00,81.311134
2021-01-16 13:20:00,81.311134
2021-01-16 13:20:00,81.311134
2021-01-16 13:20:00,81.311134
2021-01-16 13:20:00,81.311134
2021-01-16 13:30:00,81.23718
2021-01-16 13:30:00,81.23718
2021-01-16 13:30:00,81.23718
2021-01-16 13:30:00,81.23718
2021-01-16 13:30:00,81.23718
2021-01-16 13:30:00,81.23718
2021-01-16 13:40:00,81.16324
2021-01-16 13:40:00,81.16324
2021-01-16 13:40:00,81.16324
2021-01-16 13:40:00,81.16324
2021-01-16 13:40:00,81.16324
2021-01-16 13:40:00,81.16324
2021-01-16 13:50:00,81.08929
2021-01-16 13:50:00,81.08929
2021-01-16 13:50:00,81.08929
2021-01-16 13:50:00,81.08929
2021-01-16 13:50:00,81.08929
2021-01-16 13:50:00,81.08929
2021-01-16 14:00:00,81.015335
2021-01-16 14:00:00,81.015335
2021-01-16 14:00:00,81.015335
2021-01-16 14:00:00,81.015335
2021-01-16 14:00:00,81.015335
2021-01-16 14:00:00,81.015335
2021-01-16 14:10:00,80.94138
2021-01-16 14:10:00,80.94138
2021-01-16 14:10:00,80.94138
2021-01-16 14:10:00,80.94138
2021-01-16 14:10:00,80.94138
2021-01-16 14:10:00,80.94138
2021-01-16 14:20:00,80.86743
2021-01-16 14:20:00,80.86743
2021-01-16 14:20:00,80.86743
2021-01-16 14:20:00,80.86743
2021-01-16 14:20:00,80.86743
2021-01-16 14:20:00,80.86743
2021-01-16 14:30:00,80.79348
2021-01-16 14:30:00,80.79348
2021-01-16 14:30:00,80.79348
2021-01-16 14:30:00,80.79348
2021-01-16 14:30:00,80.79348
2021-01-16 14:30:00,80.79348
2021-01-16 14:40:00,80.719536
2021-01-16 14:40:00,80.719536
2021-01-16 14:40:00,80.719536
2021-01-16 14:40:00,80.719536
2021-01-16 14:40:00,80.719536
2021-01-16 14:40:00,80.719536
2021-01-16 14:50:00,80.645584
2021-01-16 14:50:00,80.645584
2021-01-16 14:50:00,80.645584
2021-01-16 14:50:00,80.645584
2021-01-16 14:50:00,80.645584
2021-01-16 14:50:00,80.645584
2021-01-16 15:00:00,80.57163
2021-01-16 15:00:00,80.57163
2021-01-16 15:00:00,80.57163
2021-01-16 15:00:00,80.57163
2021-01-16 15:00:00,80.57163
2021-01-16 15:00:00,80.57163
2021-01-16 15:10:00,80.49768
2021-01-16 15:10:00,80.49768
2021-01-16 15:10:00,80.49768
2021-01-16 15:10:00,80.49768
2021-01-16 15:10:00,80.49768
2021-01-16 15:10:00,80.49768
2021-01-16 15:20:00,80.42373
2021-01-16 15:20:00,80.42373
2021-01-16 15:20:00,80.42373
2021-01-16 15:20:00,80.42373
2021-01-16 15:20:00,80.42373
2021-01-16 15:20:00,80.42373
2021-01-16 15:30:00,80.34978
2021-01-16 15:30:00,80.34978
2021-01-16 15:30:00,80.34978
2021-01-16 15:30:00,80.34978
2021-01-16 15:30:00,80.34978
2021-01-16 15:30:00,80.34978
2021-01-16 15:40:00,80.27583
2021-01-16 15:40:00,80.27583
2021-01-16 15:40:00,80.27583
2021-01-16 15:40:00,80.27583
2021-01-16 15:40:00,80.27583
2021-01-16 15:40:00,80.27583
2021-01-16 15:50:00,80.20188
2021-01-16 15:50:00,80.20188
2021-01-16 15:50:00,80.20188
2021-01-16 15:50:00,80.20188
2021-01-16 15:50:00,80.20188
2021-01-16 15:50:00,80.20188
2021-01-16 16:00:00,80.12793
2021-01-16 16:00:00,80.12793
2021-01-16 16:00:00,80.12793
2021-01-16 16:00:00,80.12793
2021-01-16 16:00:00,80.12793
2021-01-16 16:00:00,80.12793
2021-01-16 16:10:00,80.05398
2021-01-16 16:10:00,80.05398
2021-01-16 16:10:00,80.05398
2021-01-16 16:10:00,80.05398
2021-01-16 16:10:00,80.05398
2021-01-16 16:10:00,80.05398
2021-01-16 16:20:00,79.98003
2021-01-16 16:20:00,79.98003
2021-01-16 16:20:00,79.98003
2021-01-16 16:20:00,79.98003
2021-01-16 16:20:00,79.98003
2021-01-16 16:20:00,79.98003
2021-01-16 16:30:00,79.906075
2021-01-16 16:30:00,79.906075
2021-01-16 16:30:00,79.906075
2021-01-16 16:30:00,79.906075
2021-01-16 16:30:00,79.906075
2021-01-16 16:30:00,79.906075
2021-01-16 16:40:00,79.83212
2021-01-16 16:40:00,79.83212
2021-01-16 16:40:00,79.83212
2021-01-16 16:40:00,79.83212
2021-01-16 16:40:00,79.83212
2021-01-16 16:40:00,79.83212
2021-01-16 16:50:00,79.75818
2021-01-16 16:50:00,79.75818
2021-01-16 16:50:00,79.75818
2021-01-16 16:50:00,79.75818
2021-01-16 16:50:00,79.75818
2021-01-16 16:50:00,79.75818
2021-01-16 17:00:00,79.68423
2021-01-16 17:00:00,79.68423
2021-01-16 17:00:00,79.68423
2021-01-16 17:00:00,79.68423
2021-01-16 17:00:00,79.68423
2021-01-16 17:00:00,79.68423
2021-01-16 17:10:00,79.610275
2021-01-16 17:10:00,79.610275
2021-01-16 17:10:00,79.610275
2021-01-16 17:10:00,79.610275
2021-01-16 17:10:00,79.610275
2021-01-16 17:10:00,79.610275
2021-01-16 17:20:00,79.53632
2021-01-16 17:20:00,79.53632
2021-01-16 17:20:00,79.53632
2021-01-16 17:20:00,79.53632
2021-01-16 17:20:00,79.53632
2021-01-16 17:20:00,79.53632
2021-01-16 17:30:00,79.46237
2021-01-16 17:30:00,79.46237
2021-01-16 17:30:00,79.46237
2021-01-16 17:30:00,79.46237
2021-01-16 17:30:00,79.46237
2021-01-16 17:30:00,79.46237
2021-01-16 17:40:00,79.38842
2021-01-16 17:40:00,79.38842
2021-01-16 17:40:00,79.38842
2021-01-16 17:40:00,79.38842
2021-01-16 17:40:00,79.38842
2021-01-16 17:40:00,79.38842
2021-01-16 17:50:00,79.314476
2021-01-16 17:50:00,79.314476
2021-01-16 17:50:00,79.314476
2021-01-16 17:50:00,79.314476
2021-01-16 17:50:00,79.314476
2021-01-16 17:50:00,79.314476
2021-01-16 18:00:00,79.240524
2021-01-16 18:00:00,79.240524
2021-01-16 18:00:00,79.240524
2021-01-16 18:00:00,79.240524
2021-01-16 18:00:00,79.240524
2021-01-16 18:00:00,79.240524
2021-01-16 18:10:00,79.16657
2021-01-16 18:10:00,79.16657
2021-01-16 18:10:00,79.16657
2021-01-16 18:10:00,79.16657
2021-01-16 18:10:00,79.16657
2021-01-16 18:10:00,79.16657
2021-01-16 18:20:00,79.09262
2021-01-16 18:20:00,79.09262
2021-01-16 18:20:00,79.09262
2021-01-16 18:20:00,79.09262
2021-01-16 18:20:00,79.09262
2021-01-16 18:20:00,79.09262
2021-01-16 18:30:00,79.01867
2021-01-16 18:30:00,79.01867
2021-01-16 18:30:00,79.01867
2021-01-16 18:30:00,79.01867
2021-01-16 18:30:00,79.01867
2021-01-16 18:30:00,79.01867
2021-01-16 18:40:00,78.94472
2021-01-16 18:40:00,78.94472
2021-01-16 18:40:00,78.94472
2021-01-16 18:40:00,78.94472
2021-01-16 18:40:00,78.94472
2021-01-16 18:40:00,78.94472
2021-01-16 18:50:00,78.87077
2021-01-16 18:50:00,78.87077
2021-01-16 18:50:00,78.87077
2021-01-16 18:50:00,78.87077
2021-01-16 18:50:00,78.87077
2021-01-16 18:50:00,78.87077
2021-01-16 19:00:00,78.79682
2021-01-16 19:00:00,78.79682
2021-01-16 19:00:00,78.79682
2021-01-16 19:00:00,78.79682
2021-01-16 19:00:00,78.79682
2021-01-16 19:00:00,78.79682
2021-01-16 19:10:00,78.72287
2021-01-16 19:10:00,78.72287
2021-01-16 19:10:00,78.72287
2021-01-16 19:10:00,78.72287
2021-01-16 19:10:00,78.72287
2021-01-16 19:10:00,78.72287
2021-01-16 19:20:00,78.64892
2021-01-16 19:20:00,78.64892
2021-01-16 19:20:00,78.64892
2021-01-16 19:20:00,78.64892
2021-01-16 19:20:00,78.64892
2021-01-16 19:20:00,78.64892
2021-01-16 19:30:00,78.57497
2021-01-16 19:30:00,78.57497
2021-01-16 19:30:00,78.57497
2021-01-16 19:30:00,78.57497
2021-01-16 19:30:00,78.57497
2021-01-16 19:30:00,78.57497
2021-01-16 19:40:00,78.501015
2021-01-16 19:40:00,78.501015
2021-01-16 19:40:00,78.501015
2021-01-16 19:40:00,78.501015
2021-01-16 19:40:00,78.501015
2021-01-16 19:40:00,78.501015
2021-01-16 19:50:00,78.42707
2021-01-16 19:50:00,78.42707
2021-01-16 19:50:00,78.42707
2021-01-16 19:50:00,78.42707
2021-01-16 19:50:00,78.42707
2021-01-16 19:50:00,78.42707
2021-01-16 20:00:00,78.35312
2021-01-16 20:00:00,78.35312
2021-01-16 20:00:00,78.35312
2021-01-16 20:00:00,78.35312
2021-01-16 20:00:00,78.35312
2021-01-16 20:00:00,78.35312
2021-01-16 20:10:00,78.27917
2021-01-16 20:10:00,78.27917
2021-01-16 20:10:00,78.27917
2021-01-16 20:10:00,78.27917
2021-01-16 20:10:00,78.27917
2021-01-16 20:10:00,78.27917
2021-01-16 20:20:00,78.205215
2021-01-16 20:20:00,78.205215
2021-01-16 20:20:00,78.205215
2021-01-16 20:20:00,78.205215
2021-01-16 20:20:00,78.205215
2021-01-16 20:20:00,78.205215
2021-01-16 20:30:00,78.13126
2021-01-16 20:30:00,78.13126
2021-01-16 20:30:00,78.13126
2021-01-16 20:30:00,78.13126
2021-01-16 20:30:00,78.13126
2021-01-16 20:30:00,78.13126
2021-01-16 20:40:00,78.05731
2021-01-16 20:40:00,78.05731
2021-01-16 20:40:00,78.05731
2021-01-16 20:40:00,78.05731
2021-01-16 20:40:00,78.05731
2021-01-16 20:40:00,78.05731
2021-01-16 20:50:00,77.98337
2021-01-16 20:50:00,77.98337
2021-01-16 20:50:00,77.98337
2021-01-16 20:50:00,77.98337
2021-01-16 20:50:00,77.98337
2021-01-16 20:50:00,77.98337
2021-01-16 21:00:00,77.90942
2021-01-16 21:00:00,77.90942
2021-01-16 21:00:00,77.90942
2021-01-16 21:00:00,77.90942
2021-01-16 21:00:00,77.90942
2021-01-16 21:00:00,77.90942
2021-01-16 21:10:00,77.835464
2021-01-16 21:10:00,77.835464
2021-01-16 21:10:00,77.835464
2021-01-16 21:10:00,77.835464
2021-01-16 21:10:00,77.835464
2021-01-16 21:10:00,77.835464
2021-01-16 21:20:00,77.76151
2021-01-16 21:20:00,77.76151
2021-01-16 21:20:00,77.76151
2021-01-16 21:20:00,77.76151
2021-01-16 21:20:00,77.76151
2021-01-16 21:20:00,77.76151
2021-01-16 21:30:00,77.68756
2021-01-16 21:30:00,77.68756
2021-01-16 21:30:00,77.68756
2021-01-16 21:30:00,77.68756
2021-01-16 21:30:00,77.68756
2021-01-16 21:30:00,77.68756
2021-01-16 21:40:00,77.61361
2021-01-16 21:40:00,77.61361
2021-01-16 21:40:00,77.61361
2021-01-16 21:40:00,77.61361
2021-01-16 21:40:00,77.61361
2021-01-16 21:40:00,77.61361
2021-01-16 21:50:00,77.53966
2021-01-16 21:50:00,77.53966
2021-01-16 21:50:00,77.53966
2021-01-16 21:50:00,77.53966
2021-01-16 21:50:00,77.53966
2021-01-16 21:50:00,77.53966
2021-01-16 22:00:00,77.46571
2021-01-16 22:00:00,77.46571
2021-01-16 22:00:00,77.46571
2021-01-16 22:00:00,77.46571
2021-01-16 22:00:00,77.46571
2021-01-16 22:00:00,77.46571
2021-01-16 22:10:00,77.39176
2021-01-16 22:10:00,77.39176
2021-01-16 22:10:00,77.39176
2021-01-16 22:10:00,77.39176
2021-01-16 22:10:00,77.39176
2021-01-16 22:10:00,77.39176
2021-01-16 22:20:00,77.31781
2021-01-16 22:20:00,77.31781
2021-01-16 22:20:00,77.31781
2021-01-16 22:20:00,77.31781
2021-01-16 22:20:00,77.31781
2021-01-16 22:20:00,77.31781
2021-01-16 22:30:00,77.24386
2021-01-16 22:30:00,77.24386
2021-01-16 22:30:00,77.24386
2021-01-16 22:30:00,77.24386
2021-01-16 22:30:00,77.24386
2021-01-16 22:30:00,77.24386
2021-01-16 22:40:00,77.16991
2021-01-16 22:40:00,77.16991
2021-01-16 22:40:00,77.16991
2021-01-16 22:40:00,77.16991
2021-01-16 22:40:00,77.16991
2021-01-16 22:40:00,77.16991
2021-01-16 22:50:00,77.095955
2021-01-16 22:50:00,77.095955
2021-01-16 22:50:00,77.095955
2021-01-16 22:50:00,77.095955
2021-01-16 22:50:00,77.095955
2021-01-16 22:50:00,77.095955
2021-01-16 23:00:00,77.02201
2021-01-16 23:00:00,77.02201
2021-01-16 23:00:00,77.02201
2021-01-16 23:00:00,77.02201
2021-01-16 23:00:00,77.02201
2021-01-16 23:00:00,77.02201
2021-01-16 23:10:00,76.94806
2021-01-16 23:10:00,76.94806
2021-01-16 23:10:00,76.94806
2021-01-16 23:10:00,76.94806
2021-01-16 23:10:00,76.94806
2021-01-16 23:10:00,76.94806
2021-01-16 23:20:00,76.87411
2021-01-16 23:20:00,76.87411
2021-01-16 23:20:00,76.87411
2021-01-16 23:20:00,76.87411
2021-01-16 23:20:00,76.87411
2021-01-16 23:20:00,76.87411
2021-01-16 23:30:00,76.800156
2021-01-16 23:30:00,76.800156
2021-01-16 23:30:00,76.800156
2021-01-16 23:30:00,76.800156
2021-01-16 23:30:00,76.800156
2021-01-16 23:30:00,76.800156
2021-01-16 23:40:00,76.726204
2021-01-16 23:40:00,76.726204
2021-01-16 23:40:00,76.726204
2021-01-16 23:40:00,76.726204
2021-01-16 23:40:00,76.726204
2021-01-16 23:40:00,76.726204
2021-01-16 23:50:00,76.65225
2021-01-16 23:50:00,76.65225
2021-01-16 23:50:00,76.65225
2021-01-16 23:50:00,76.65225
2021-01-16 23:50:00,76.65225
2021-01-16 23:50:00,76.65225
2021-01-17 00:00:00,76.57831
2021-01-17 00:00:00,76.57831
2021-01-17 00:00:00,76.57831
2021-01-17 00:00:00,76.57831
2021-01-17 00:00:00,76.57831
2021-01-17 00:00:00,76.57831
2021-01-17 00:10:00,76.50436
2021-01-17 00:10:00,76.50436
2021-01-17 00:10:00,76.50436
2021-01-17 00:10:00,76.50436
2021-01-17 00:10:00,76.50436
2021-01-17 00:10:00,76.50436
2021-01-17 00:20:00,76.430405
2021-01-17 00:20:00,76.430405
2021-01-17 00:20:00,76.430405
2021-01-17 00:20:00,76.430405
2021-01-17 00:20:00,76.430405
2021-01-17 00:20:00,76.430405
2021-01-17 00:30:00,76.35645
2021-01-17 00:30:00,76.35645
2021-01-17 00:30:00,76.35645
2021-01-17 00:30:00,76.35645
2021-01-17 00:30:00,76.35645
2021-01-17 00:30:00,76.35645
2021-01-17 00:40:00,76.2825
2021-01-17 00:40:00,76.2825
2021-01-17 00:40:00,76.2825
2021-01-17 00:40:00,76.2825
2021-01-17 00:40:00,76.2825
2021-01-17 00:40:00,76.2825
2021-01-17 00:50:00,76.20855
2021-01-17 00:50:00,76.20855
2021-01-17 00:50:00,76.20855
2021-01-17 00:50:00,76.20855
2021-01-17 00:50:00,76.20855
2021-01-17 00:50:00,76.20855
2021-01-17 01:00:00,76.134605
2021-01-17 01:00:00,76.134605
2021-01-17 01:00:00,76.134605
2021-01-17 01:00:00,76.134605
2021-01-17 01:00:00,76.134605
2021-01-17 01:00:00,76.134605
2021-01-17 01:10:00,76.06065
2021-01-17 01:10:00,76.06065
2021-01-17 01:10:00,76.06065
2021-01-17 01:10:00,76.06065
2021-01-17 01:10:00,76.06065
2021-01-17 01:10:00,76.06065
2021-01-17 01:20:00,75.9867
2021-01-17 01:20:00,75.9867
2021-01-17 01:20:00,75.9867
2021-01-17 01:20:00,75.9867
2021-01-17 01:20:00,75.9867
2021-01-17 01:20:00,75.9867
2021-01-17 01:30:00,75.91275
2021-01-17 01:30:00,75.91275
2021-01-17 01:30:00,75.91275
2021-01-17 01:30:00,75.91275
2021-01-17 01:30:00,75.91275
2021-01-17 01:30:00,75.91275
2021-01-17 01:40:00,75.8388
2021-01-17 01:40:00,75.8388
2021-01-17 01:40:00,75.8388
2021-01-17 01:40:00,75.8388
2021-01-17 01:40:00,75.8388
2021-01-17 01:40:00,75.8388
2021-01-17 01:50:00,75.76485
2021-01-17 01:50:00,75.76485
2021-01-17 01:50:00,75.76485
2021-01-17 01:50:00,75.76485
2021-01-17 01:50:00,75.76485
2021-01-17 01:50:00,75.76485
2021-01-17 02:00:00,75.6909
2021-01-17 02:00:00,75.6909
2021-01-17 02:00:00,75.6909
2021-01-17 02:00:00,75.6909
2021-01-17 02:00:00,75.6909
2021-01-17 02:00:00,75.6909
2021-01-17 02:10:00,75.61695
2021-01-17 02:10:00,75.61695
2021-01-17 02:10:00,75.61695
2021-01-17 02:10:00,75.61695
2021-01-17 02:10:00,75.61695
2021-01-17 02:10:00,75.61695
2021-01-17 02:20:00,75.543
2021-01-17 02:20:00,75.543
2021-01-17 02:20:00,75.543
2021-01-17 02:20:00,75.543
2021-01-17 02:20:00,75.543
2021-01-17 02:20:00,75.543
2021-01-17 02:30:00,75.46905
2021-01-17 02:30:00,75.46905
2021-01-17 02:30:00,75.46905
2021-01-17 02:30:00,75.46905
2021-01-17 02:30:00,75.46905
2021-01-17 02:30:00,75.46905
2021-01-17 02:40:00,75.395096
2021-01-17 02:40:00,75.395096
2021-01-17 02:40:00,75.395096
2021-01-17 02:40:00,75.395096
2021-01-17 02:40:00,75.395096
2021-01-17 02:40:00,75.395096
2021-01-17 02:50:00,75.321144
2021-01-17 02:50:00,75.321144
2021-01-17 02:50:00,75.321144
2021-01-17 02:50:00,75.321144
2021-01-17 02:50:00,75.321144
2021-01-17 02:50:00,75.321144
2021-01-17 03:00:00,75.24719
2021-01-17 03:00:00,75.24719
2021-01-17 03:00:00,75.24719
2021-01-17 03:00:00,75.24719
2021-01-17 03:00:00,75.24719
2021-01-17 03:00:00,75.24719
2021-01-17 03:10:00,75.17325
2021-01-17 03:10:00,75.17325
2021-01-17 03:10:00,75.17325
2021-01-17 03:10:00,75.17325
2021-01-17 03:10:00,75.17325
2021-01-17 03:10:00,75.17325
2021-01-17 03:20:00,75.0993
2021-01-17 03:20:00,75.0993
2021-01-17 03:20:00,75.0993
2021-01-17 03:20:00,75.0993
2021-01-17 03:20:00,75.0993
2021-01-17 03:20:00,75.0993
2021-01-17 03:30:00,75.025345
2021-01-17 03:30:00,75.025345
2021-01-17 03:30:00,75.025345
2021-01-17 03:30:00,75.025345
2021-01-17 03:30:00,75.025345
2021-01-17 03:30:00,75.025345
2021-01-17 03:40:00,74.95139
2021-01-17 03:40:00,74.95139
2021-01-17 03:40:00,74.95139
2021-01-17 03:40:00,74.95139
2021-01-17 03:40:00,74.95139
2021-01-17 03:40:00,74.95139
2021-01-17 03:50:00,74.87744
2021-01-17 03:50:00,74.87744
2021-01-17 03:50:00,74.87744
2021-01-17 03:50:00,74.87744
2021-01-17 03:50:00,74.87744
2021-01-17 03:50:00,74.87744
2021-01-17 04:00:00,74.80349
2021-01-17 04:00:00,74.80349
2021-01-17 04:00:00,74.80349
2021-01-17 04:00:00,74.80349
2021-01-17 04:00:00,74.80349
2021-01-17 04:00:00,74.80349
2021-01-17 04:10:00,74.729546
2021-01-17 04:10:00,74.729546
2021-01-17 04:10:00,74.729546
2021-01-17 04:10:00,74.729546
2021-01-17 04:10:00,74.729546
2021-01-17 04:10:00,74.729546
2021-01-17 04:20:00,74.655594
2021-01-17 04:20:00,74.655594
2021-01-17 04:20:00,74.655594
2021-01-17 04:20:00,74.655594
2021-01-17 04:20:00,74.655594
2021-01-17 04:20:00,74.655594
2021-01-17 04:30:00,74.58164
2021-01-17 04:30:00,74.58164
2021-01-17 04:30:00,74.58164
2021-01-17 04:30:00,74.58164
2021-01-17 04:30:00,74.58164
2021-01-17 04:30:00,74.58164
2021-01-17 04:40:00,74.50769
2021-01-17 04:40:00,74.50769
2021-01-17 04:40:00,74.50769
2021-01-17 04:40:00,74.50769
2021-01-17 04:40:00,74.50769
2021-01-17 04:40:00,74.50769
2021-01-17 04:50:00,74.43374
2021-01-17 04:50:00,74.43374
2021-01-17 04:50:00,74.43374
2021-01-17 04:50:00,74.43374
2021-01-17 04:50:00,74.43374
2021-01-17 04:50:00,74.43374
2021-01-17 05:00:00,74.35979
2021-01-17 05:00:00,74.35979
2021-01-17 05:00:00,74.35979
2021-01-17 05:00:00,74.35979
2021-01-17 05:00:00,74.35979
2021-01-17 05:00:00,74.35979
2021-01-17 05:10:00,74.28584
2021-01-17 05:10:00,74.28584
2021-01-17 05:10:00,74.28584
2021-01-17 05:10:00,74.28584
2021-01-17 05:10:00,74.28584
2021-01-17 05:10:00,74.28584
2021-01-17 05:20:00,74.21189
2021-01-17 05:20:00,74.21189
2021-01-17 05:20:00,74.21189
2021-01-17 05:20:00,74.21189
2021-01-17 05:20:00,74.21189
2021-01-17 05:20:00,74.21189
2021-01-17 05:30:00,74.13794
2021-01-17 05:30:00,74.13794
2021-01-17 05:30:00,74.13794
2021-01-17 05:30:00,74.13794
2021-01-17 05:30:00,74.13794
2021-01-17 05:30:00,74.13794
2021-01-17 05:40:00,74.06399
2021-01-17 05:40:00,74.06399
2021-01-17 05:40:00,74.06399
2021-01-17 05:40:00,74.06399
2021-01-17 05:40:00,74.06399
2021-01-17 05:40:00,74.06399
2021-01-17 05:50:00,73.990036
2021-01-17 05:50:00,73.990036
2021-01-17 05:50:00,73.990036
2021-01-17 05:50:00,73.990036
2021-01-17 05:50:00,73.990036
2021-01-17 05:50:00,73.990036
2021-01-17 06:00:00,73.916084
2021-01-17 06:00:00,73.916084
2021-01-17 06:00:00,73.916084
2021-01-17 06:00:00,73.916084
2021-01-17 06:00:00,73.916084
2021-01-17 06:00:00,73.916084
2021-01-17 06:10:00,73.84214
2021-01-17 06:10:00,73.84214
2021-01-17 06:10:00,73.84214
2021-01-17 06:10:00,73.84214
2021-01-17 06:10:00,73.84214
2021-01-17 06:10:00,73.84214
2021-01-17 06:20:00,73.76819
2021-01-17 06:20:00,73.76819
2021-01-17 06:20:00,73.76819
2021-01-17 06:20:00,73.76819
2021-01-17 06:20:00,73.76819
2021-01-17 06:20:00,73.76819
2021-01-17 06:30:00,73.69424
2021-01-17 06:30:00,73.69424
2021-01-17 06:30:00,73.69424
2021-01-17 06:30:00,73.69424
2021-01-17 06:30:00,73.69424
2021-01-17 06:30:00,73.69424
2021-01-17 06:40:00,73.620285
2021-01-17 06:40:00,73.620285
2021-01-17 06:40:00,73.620285
2021-01-17 06:40:00,73.620285
2021-01-17 06:40:00,73.620285
2021-01-17 06:40:00,73.620285
2021-01-17 06:50:00,73.54633
2021-01-17 06:50:00,73.54633
2021-01-17 06:50:00,73.54633
2021-01-17 06:50:00,73.54633
2021-01-17 06:50:00,73.54633
2021-01-17 06:50:00,73.54633
2021-01-17 07:00:00,73.47238
2021-01-17 07:00:00,73.47238
2021-01-17 07:00:00,73.47238
2021-01-17 07:00:00,73.47238
2021-01-17 07:00:00,73.47238
2021-01-17 07:00:00,73.47238
2021-01-17 07:10:00,73.39843
2021-01-17 07:10:00,73.39843
2021-01-17 07:10:00,73.39843
2021-01-17 07:10:00,73.39843
2021-01-17 07:10:00,73.39843
2021-01-17 07:10:00,73.39843
2021-01-17 07:20:00,73.324486
2021-01-17 07:20:00,73.324486
2021-01-17 07:20:00,73.324486
2021-01-17 07:20:00,73.324486
2021-01-17 07:20:00,73.324486
2021-01-17 07:20:00,73.324486
2021-01-17 07:30:00,73.250534
2021-01-17 07:30:00,73.250534
2021-01-17 07:30:00,73.250534
2021-01-17 07:30:00,73.250534
2021-01-17 07:30:00,73.250534
2021-01-17 07:30:00,73.250534
2021-01-17 07:40:00,73.17658
2021-01-17 07:40:00,73.17658
2021-01-17 07:40:00,73.17658
2021-01-17 07:40:00,73.17658
2021-01-17 07:40:00,73.17658
2021-01-17 07:40:00,73.17658
2021-01-17 07:50:00,73.10263
2021-01-17 07:50:00,73.10263
2021-01-17 07:50:00,73.10263
2021-01-17 07:50:00,73.10263
2021-01-17 07:50:00,73.10263
2021-01-17 07:50:00,73.10263
2021-01-17 08:00:00,73.02868
2021-01-17 08:00:00,73.02868
2021-01-17 08:00:00,73.02868
2021-01-17 08:00:00,73.02868
2021-01-17 08:00:00,73.02868
2021-01-17 08:00:00,73.02868
2021-01-17 08:10:00,72.95473
2021-01-17 08:10:00,72.95473
2021-01-17 08:10:00,72.95473
2021-01-17 08:10:00,72.95473
2021-01-17 08:10:00,72.95473
2021-01-17 08:10:00,72.95473
2021-01-17 08:20:00,72.88078
2021-01-17 08:20:00,72.88078
2021-01-17 08:20:00,72.88078
2021-01-17 08:20:00,72.88078
2021-01-17 08:20:00,72.88078
2021-01-17 08:20:00,72.88078
2021-01-17 08:30:00,72.80683
2021-01-17 08:30:00,72.80683
2021-01-17 08:30:00,72.80683
2021-01-17 08:30:00,72.80683
2021-01-17 08:30:00,72.80683
2021-01-17 08:30:00,72.80683
2021-01-17 08:40:00,72.73288
2021-01-17 08:40:00,72.73288
2021-01-17 08:40:00,72.73288
2021-01-17 08:40:00,72.73288
2021-01-17 08:40:00,72.73288
2021-01-17 08:40:00,72.73288
2021-01-17 08:50:00,72.65893
2021-01-17 08:50:00,72.65893
2021-01-17 08:50:00,72.65893
2021-01-17 08:50:00,72.65893
2021-01-17 08:50:00,72.65893
2021-01-17 08:50:00,72.65893
2021-01-17 09:00:00,72.58498
2021-01-17 09:00:00,72.58498
2021-01-17 09:00:00,72.58498
2021-01-17 09:00:00,72.58498
2021-01-17 09:00:00,72.58498
2021-01-17 09:00:00,72.58498
2021-01-17 09:10:00,72.511024
2021-01-17 09:10:00,72.511024
2021-01-17 09:10:00,72.511024
2021-01-17 09:10:00,72.511024
2021-01-17 09:10:00,72.511024
2021-01-17 09:10:00,72.511024
2021-01-17 09:20:00,72.43708
2021-01-17 09:20:00,72.43708
2021-01-17 09:20:00,72.43708
2021-01-17 09:20:00,72.43708
2021-01-17 09:20:00,72.43708
2021-01-17 09:20:00,72.43708
2021-01-17 09:30:00,72.36313
2021-01-17 09:30:00,72.36313
2021-01-17 09:30:00,72.36313
2021-01-17 09:30:00,72.36313
2021-01-17 09:30:00,72.36313
2021-01-17 09:30:00,72.36313
2021-01-17 09:40:00,72.28918
2021-01-17 09:40:00,72.28918
2021-01-17 09:40:00,72.28918
2021-01-17 09:40:00,72.28918
2021-01-17 09:40:00,72.28918
2021-01-17 09:40:00,72.28918
2021-01-17 09:50:00,72.215225
2021-01-17 09:50:00,72.215225
2021-01-17 09:50:00,72.215225
2021-01-17 09:50:00,72.215225
2021-01-17 09:50:00,72.215225
2021-01-17 09:50:00,72.215225
2021-01-17 10:00:00,72.14127
2021-01-17 10:00:00,72.14127
2021-01-17 10:00:00,72.14127
2021-01-17 10:00:00,72.14127
2021-01-17 10:00:00,72.14127
2021-01-17 10:00:00,72.14127
2021-01-17 10:10:00,72.06732
2021-01-17 10:10:00,72.06732
2021-01-17 10:10:00,72.06732
2021-01-17 10:10:00,72.06732
2021-01-17 10:10:00,72.06732
2021-01-17 10:10:00,72.06732
2021-01-17 10:20:00,71.99338
2021-01-17 10:20:00,71.99338
2021-01-17 10:20:00,71.99338
2021-01-17 10:20:00,71.99338
2021-01-17 10:20:00,71.99338
2021-01-17 10:20:00,71.99338
2021-01-17 10:30:00,71.919426
2021-01-17 10:30:00,71.919426
2021-01-17 10:30:00,71.919426
2021-01-17 10:30:00,71.919426
2021-01-17 10:30:00,71.919426
2021-01-17 10:30:00,71.919426
2021-01-17 10:40:00,71.845474
2021-01-17 10:40:00,71.845474
2021-01-17 10:40:00,71.845474
2021-01-17 10:40:00,71.845474
2021-01-17 10:40:00,71.845474
2021-01-17 10:40:00,71.845474
2021-01-17 10:50:00,71.77152
2021-01-17 10:50:00,71.77152
2021-01-17 10:50:00,71.77152
2021-01-17 10:50:00,71.77152
2021-01-17 10:50:00,71.77152
2021-01-17 10:50:00,71.77152
2021-01-17 11:00:00,71.69757
2021-01-17 11:00:00,71.69757
2021-01-17 11:00:00,71.69757
2021-01-17 11:00:00,71.69757
2021-01-17 11:00:00,71.69757
2021-01-17 11:00:00,71.69757
2021-01-17 11:10:00,71.62362
2021-01-17 11:10:00,71.62362
2021-01-17 11:10:00,71.62362
2021-01-17 11:10:00,71.62362
2021-01-17 11:10:00,71.62362
2021-01-17 11:10:00,71.62362
2021-01-17 11:20:00,71.549675
2021-01-17 11:20:00,71.549675
2021-01-17 11:20:00,71.549675
2021-01-17 11:20:00,71.549675
2021-01-17 11:20:00,71.549675
2021-01-17 11:20:00,71.549675
2021-01-17 11:30:00,71.47572
2021-01-17 11:30:00,71.47572
2021-01-17 11:30:00,71.47572
2021-01-17 11:30:00,71.47572
2021-01-17 11:30:00,71.47572
2021-01-17 11:30:00,71.47572
2021-01-17 11:40:00,71.40177
2021-01-17 11:40:00,71.40177
2021-01-17 11:40:00,71.40177
2021-01-17 11:40:00,71.40177
2021-01-17 11:40:00,71.40177
2021-01-17 11:40:00,71.40177
2021-01-17 11:50:00,71.32782
2021-01-17 11:50:00,71.32782
2021-01-17 11:50:00,71.32782
2021-01-17 11:50:00,71.32782
2021-01-17 11:50:00,71.32782
2021-01-17 11:50:00,71.32782
2021-01-17 12:00:00,71.25387
2021-01-17 12:00:00,71.25387
2021-01-17 12:00:00,71.25387
2021-01-17 12:00:00,71.25387
2021-01-17 12:00:00,71.25387
2021-01-17 12:00:00,71.25387
2021-01-17 12:10:00,71.17992
2021-01-17 12:10:00,71.17992
2021-01-17 12:10:00,71.17992
2021-01-17 12:10:00,71.17992
2021-01-17 12:10:00,71.17992
2021-01-17 12:10:00,71.17992
2021-01-17 12:20:00,71.105965
2021-01-17 12:20:00,71.105965
2021-01-17 12:20:00,71.105965
2021-01-17 12:20:00,71.105965
2021-01-17 12:20:00,71.105965
2021-01-17 12:20:00,71.105965
2021-01-17 12:30:00,71.03202
2021-01-17 12:30:00,71.03202
2021-01-17 12:30:00,71.03202
2021-01-17 12:30:00,71.03202
2021-01-17 12:30:00,71.03202
2021-01-17 12:30:00,71.03202
2021-01-17 12:40:00,70.95807
2021-01-17 12:40:00,70.95807
2021-01-17 12:40:00,70.95807
2021-01-17 12:40:00,70.95807
2021-01-17 12:40:00,70.95807
2021-01-17 12:40:00,70.95807
2021-01-17 12:50:00,70.88412
2021-01-17 12:50:00,70.88412
2021-01-17 12:50:00,70.88412
2021-01-17 12:50:00,70.88412
2021-01-17 12:50:00,70.88412
2021-01-17 12:50:00,70.88412
2021-01-17 13:00:00,70.810165
2021-01-17 13:00:00,70.810165
2021-01-17 13:00:00,70.810165
2021-01-17 13:00:00,70.810165
2021-01-17 13:00:00,70.810165
2021-01-17 13:00:00,70.810165
2021-01-17 13:10:00,70.73621
2021-01-17 13:10:00,70.73621
2021-01-17 13:10:00,70.73621
2021-01-17 13:10:00,70.73621
2021-01-17 13:10:00,70.73621
2021-01-17 13:10:00,70.73621
2021-01-17 13:20:00,70.66226
2021-01-17 13:20:00,70.66226
2021-01-17 13:20:00,70.66226
2021-01-17 13:20:00,70.66226
2021-01-17 13:20:00,70.66226
2021-01-17 13:20:00,70.66226
2021-01-17 13:30:00,70.58832
2021-01-17 13:30:00,70.58832
2021-01-17 13:30:00,70.58832
2021-01-17 13:30:00,70.58832
2021-01-17 13:30:00,70.58832
2021-01-17 13:30:00,70.58832
2021-01-17 13:40:00,70.514366
2021-01-17 13:40:00,70.514366
2021-01-17 13:40:00,70.514366
2021-01-17 13:40:00,70.514366
2021-01-17 13:40:00,70.514366
2021-01-17 13:40:00,70.514366
2021-01-17 13:50:00,70.440414
2021-01-17 13:50:00,70.440414
2021-01-17 13:50:00,70.440414
2021-01-17 13:50:00,70.440414
2021-01-17 13:50:00,70.440414
2021-01-17 13:50:00,70.440414
2021-01-17 14:00:00,70.36646
2021-01-17 14:00:00,70.36646
2021-01-17 14:00:00,70.36646
2021-01-17 14:00:00,70.36646
2021-01-17 14:00:00,70.36646
2021-01-17 14:00:00,70.36646
2021-01-17 14:10:00,70.29251
2021-01-17 14:10:00,70.29251
2021-01-17 14:10:00,70.29251
2021-01-17 14:10:00,70.29251
2021-01-17 14:10:00,70.29251
2021-01-17 14:10:00,70.29251
2021-01-17 14:20:00,70.21856
2021-01-17 14:20:00,70.21856
2021-01-17 14:20:00,70.21856
2021-01-17 14:20:00,70.21856
2021-01-17 14:20:00,70.21856
2021-01-17 14:20:00,70.21856
2021-01-17 14:30:00,70.144615
2021-01-17 14:30:00,70.144615
2021-01-17 14:30:00,70.144615
2021-01-17 14:30:00,70.144615
2021-01-17 14:30:00,70.144615
2021-01-17 14:30:00,70.144615
2021-01-17 14:40:00,70.07066
2021-01-17 14:40:00,70.07066
2021-01-17 14:40:00,70.07066
2021-01-17 14:40:00,70.07066
2021-01-17 14:40:00,70.07066
2021-01-17 14:40:00,70.07066
2021-01-17 14:50:00,69.99671
2021-01-17 14:50:00,69.99671
2021-01-17 14:50:00,69.99671
2021-01-17 14:50:00,69.99671
2021-01-17 14:50:00,69.99671
2021-01-17 14:50:00,69.99671
2021-01-17 15:00:00,69.92276
2021-01-17 15:00:00,69.92276
2021-01-17 15:00:00,69.92276
2021-01-17 15:00:00,69.92276
2021-01-17 15:00:00,69.92276
2021-01-17 15:00:00,69.92276
2021-01-17 15:10:00,69.84881
2021-01-17 15:10:00,69.84881
2021-01-17 15:10:00,69.84881
2021-01-17 15:10:00,69.84881
2021-01-17 15:10:00,69.84881
2021-01-17 15:10:00,69.84881
2021-01-17 15:20:00,69.77486
2021-01-17 15:20:00,69.77486
2021-01-17 15:20:00,69.77486
2021-01-17 15:20:00,69.77486
2021-01-17 15:20:00,69.77486
2021-01-17 15:20:00,69.77486
2021-01-17 15:30:00,69.70091
2021-01-17 15:30:00,69.70091
2021-01-17 15:30:00,69.70091
2021-01-17 15:30:00,69.70091
2021-01-17 15:30:00,69.70091
2021-01-17 15:30:00,69.70091
2021-01-17 15:40:00,69.62696
2021-01-17 15:40:00,69.62696
2021-01-17 15:40:00,69.62696
2021-01-17 15:40:00,69.62696
2021-01-17 15:40:00,69.62696
2021-01-17 15:40:00,69.62696
2021-01-17 15:50:00,69.55301
2021-01-17 15:50:00,69.55301
2021-01-17 15:50:00,69.55301
2021-01-17 15:50:00,69.55301
2021-01-17 15:50:00,69.55301
2021-01-17 15:50:00,69.55301
2021-01-17 16:00:00,69.47906
2021-01-17 16:00:00,69.47906
2021-01-17 16:00:00,69.47906
2021-01-17 16:00:00,69.47906
2021-01-17 16:00:00,69.47906
2021-01-17 16:00:00,69.47906
2021-01-17 16:10:00,69.405106
2021-01-17 16:10:00,69.405106
2021-01-17 16:10:00,69.405106
2021-01-17 16:10:00,69.405106
2021-01-17 16:10:00,69.405106
2021-01-17 16:10:00,69.405106
2021-01-17 16:20:00,69.331154
2021-01-17 16:20:00,69.331154
2021-01-17 16:20:00,69.331154
2021-01-17 16:20:00,69.331154
2021-01-17 16:20:00,69.331154
2021-01-17 16:20:00,69.331154
2021-01-17 16:30:00,69.25721
2021-01-17 16:30:00,69.25721
2021-01-17 16:30:00,69.25721
2021-01-17 16:30:00,69.25721
2021-01-17 16:30:00,69.25721
2021-01-17 16:30:00,69.25721
2021-01-17 16:40:00,69.18326
2021-01-17 16:40:00,69.18326
2021-01-17 16:40:00,69.18326
2021-01-17 16:40:00,69.18326
2021-01-17 16:40:00,69.18326
2021-01-17 16:40:00,69.18326
2021-01-17 16:50:00,69.10931
2021-01-17 16:50:00,69.10931
2021-01-17 16:50:00,69.10931
2021-01-17 16:50:00,69.10931
2021-01-17 16:50:00,69.10931
2021-01-17 16:50:00,69.10931
2021-01-17 17:00:00,69.035355
2021-01-17 17:00:00,69.035355
2021-01-17 17:00:00,69.035355
2021-01-17 17:00:00,69.035355
2021-01-17 17:00:00,69.035355
2021-01-17 17:00:00,69.035355
2021-01-17 17:10:00,68.9614
2021-01-17 17:10:00,68.9614
2021-01-17 17:10:00,68.9614
2021-01-17 17:10:00,68.9614
2021-01-17 17:10:00,68.9614
2021-01-17 17:10:00,68.9614
2021-01-17 17:20:00,68.88745
2021-01-17 17:20:00,68.88745
2021-01-17 17:20:00,68.88745
2021-01-17 17:20:00,68.88745
2021-01-17 17:20:00,68.88745
2021-01-17 17:20:00,68.88745
2021-01-17 17:30:00,68.8135
2021-01-17 17:30:00,68.8135
2021-01-17 17:30:00,68.8135
2021-01-17 17:30:00,68.8135
2021-01-17 17:30:00,68.8135
2021-01-17 17:30:00,68.8135
2021-01-17 17:40:00,68.739555
2021-01-17 17:40:00,68.739555
2021-01-17 17:40:00,68.739555
2021-01-17 17:40:00,68.739555
2021-01-17 17:40:00,68.739555
2021-01-17 17:40:00,68.739555
2021-01-17 17:50:00,68.6656
2021-01-17 17:50:00,68.6656
2021-01-17 17:50:00,68.6656
2021-01-17 17:50:00,68.6656
2021-01-17 17:50:00,68.6656
2021-01-17 17:50:00,68.6656
2021-01-17 18:00:00,68.59165
2021-01-17 18:00:00,68.59165
2021-01-17 18:00:00,68.59165
2021-01-17 18:00:00,68.59165
2021-01-17 18:00:00,68.59165
2021-01-17 18:00:00,68.59165
2021-01-17 18:10:00,68.5177
2021-01-17 18:10:00,68.5177
2021-01-17 18:10:00,68.5177
2021-01-17 18:10:00,68.5177
2021-01-17 18:10:00,68.5177
2021-01-17 18:10:00,68.5177
2021-01-17 18:20:00,68.44375
2021-01-17 18:20:00,68.44375
2021-01-17 18:20:00,68.44375
2021-01-17 18:20:00,68.44375
2021-01-17 18:20:00,68.44375
2021-01-17 18:20:00,68.44375
2021-01-17 18:30:00,68.3698
2021-01-17 18:30:00,68.3698
2021-01-17 18:30:00,68.3698
2021-01-17 18:30:00,68.3698
2021-01-17 18:30:00,68.3698
2021-01-17 18:30:00,68.3698
2021-01-17 18:40:00,68.29585
2021-01-17 18:40:00,68.29585
2021-01-17 18:40:00,68.29585
2021-01-17 18:40:00,68.29585
2021-01-17 18:40:00,68.29585
2021-01-17 18:40:00,68.29585
2021-01-17 18:50:00,68.2219
2021-01-17 18:50:00,68.2219
2021-01-17 18:50:00,68.2219
2021-01-17 18:50:00,68.2219
2021-01-17 18:50:00,68.2219
2021-01-17 18:50:00,68.2219
2021-01-17 19:00:00,68.14795
2021-01-17 19:00:00,68.14795
2021-01-17 19:00:00,68.14795
2021-01-17 19:00:00,68.14795
2021-01-17 19:00:00,68.14795
2021-01-17 19:00:00,68.14795
2021-01-17 19:10:00,68.074
2021-01-17 19:10:00,68.074
2021-01-17 19:10:00,68.074
2021-01-17 19:10:00,68.074
2021-01-17 19:10:00,68.074
2021-01-17 19:10:00,68.074
2021-01-17 19:20:00,68.000046
2021-01-17 19:20:00,68.000046
2021-01-17 19:20:00,68.000046
2021-01-17 19:20:00,68.000046
2021-01-17 19:20:00,68.000046
2021-01-17 19:20:00,68.000046
2021-01-17 19:30:00,67.926094
2021-01-17 19:30:00,67.926094
2021-01-17 19:30:00,67.926094
2021-01-17 19:30:00,67.926094
2021-01-17 19:30:00,67.926094
2021-01-17 19:30:00,67.926094
2021-01-17 19:40:00,67.85215
2021-01-17 19:40:00,67.85215
2021-01-17 19:40:00,67.85215
2021-01-17 19:40:00,67.85215
2021-01-17 19:40:00,67.85215
2021-01-17 19:40:00,67.85215
2021-01-17 19:50:00,67.7782
2021-01-17 19:50:00,67.7782
2021-01-17 19:50:00,67.7782
2021-01-17 19:50:00,67.7782
2021-01-17 19:50:00,67.7782
2021-01-17 19:50:00,67.7782
2021-01-17 20:00:00,67.70425
2021-01-17 20:00:00,67.70425
2021-01-17 20:00:00,67.70425
2021-01-17 20:00:00,67.70425
2021-01-17 20:00:00,67.70425
2021-01-17 20:00:00,67.70425
2021-01-17 20:10:00,67.630295
2021-01-17 20:10:00,67.630295
2021-01-17 20:10:00,67.630295
2021-01-17 20:10:00,67.630295
2021-01-17 20:10:00,67.630295
2021-01-17 20:10:00,67.630295
2021-01-17 20:20:00,67.55634
2021-01-17 20:20:00,67.55634
2021-01-17 20:20:00,67.55634
2021-01-17 20:20:00,67.55634
2021-01-17 20:20:00,67.55634
2021-01-17 20:20:00,67.55634
2021-01-17 20:30:00,67.48239
2021-01-17 20:30:00,67.48239
2021-01-17 20:30:00,67.48239
2021-01-17 20:30:00,67.48239
2021-01-17 20:30:00,67.48239
2021-01-17 20:30:00,67.48239
2021-01-17 20:40:00,67.40845
2021-01-17 20:40:00,67.40845
2021-01-17 20:40:00,67.40845
2021-01-17 20:40:00,67.40845
2021-01-17 20:40:00,67.40845
2021-01-17 20:40:00,67.40845
2021-01-17 20:50:00,67.334496
2021-01-17 20:50:00,67.334496
2021-01-17 20:50:00,67.334496
2021-01-17 20:50:00,67.334496
2021-01-17 20:50:00,67.334496
2021-01-17 20:50:00,67.334496
2021-01-17 21:00:00,67.260544
2021-01-17 21:00:00,67.260544
2021-01-17 21:00:00,67.260544
2021-01-17 21:00:00,67.260544
2021-01-17 21:00:00,67.260544
2021-01-17 21:00:00,67.260544
2021-01-17 21:10:00,67.18659
2021-01-17 21:10:00,67.18659
2021-01-17 21:10:00,67.18659
2021-01-17 21:10:00,67.18659
2021-01-17 21:10:00,67.18659
2021-01-17 21:10:00,67.18659
2021-01-17 21:20:00,67.11264
2021-01-17 21:20:00,67.11264
2021-01-17 21:20:00,67.11264
2021-01-17 21:20:00,67.11264
2021-01-17 21:20:00,67.11264
2021-01-17 21:20:00,67.11264
2021-01-17 21:30:00,67.03869
2021-01-17 21:30:00,67.03869
2021-01-17 21:30:00,67.03869
2021-01-17 21:30:00,67.03869
2021-01-17 21:30:00,67.03869
2021-01-17 21:30:00,67.03869
2021-01-17 21:40:00,66.964745
2021-01-17 21:40:00,66.964745
2021-01-17 21:40:00,66.964745
2021-01-17 21:40:00,66.964745
2021-01-17 21:40:00,66.964745
2021-01-17 21:40:00,66.964745
2021-01-17 21:50:00,66.89079
2021-01-17 21:50:00,66.89079
2021-01-17 21:50:00,66.89079
2021-01-17 21:50:00,66.89079
2021-01-17 21:50:00,66.89079
2021-01-17 21:50:00,66.89079
2021-01-17 22:00:00,66.81684
2021-01-17 22:00:00,66.81684
2021-01-17 22:00:00,66.81684
2021-01-17 22:00:00,66.81684
2021-01-17 22:00:00,66.81684
2021-01-17 22:00:00,66.81684
2021-01-17 22:10:00,66.74289
2021-01-17 22:10:00,66.74289
2021-01-17 22:10:00,66.74289
2021-01-17 22:10:00,66.74289
2021-01-17 22:10:00,66.74289
2021-01-17 22:10:00,66.74289
2021-01-17 22:20:00,66.66894
2021-01-17 22:20:00,66.66894
2021-01-17 22:20:00,66.66894
2021-01-17 22:20:00,66.66894
2021-01-17 22:20:00,66.66894
2021-01-17 22:20:00,66.66894
2021-01-17 22:30:00,66.594986
2021-01-17 22:30:00,66.594986
2021-01-17 22:30:00,66.594986
2021-01-17 22:30:00,66.594986
2021-01-17 22:30:00,66.594986
2021-01-17 22:30:00,66.594986
2021-01-17 22:40:00,66.521034
2021-01-17 22:40:00,66.521034
2021-01-17 22:40:00,66.521034
2021-01-17 22:40:00,66.521034
2021-01-17 22:40:00,66.521034
2021-01-17 22:40:00,66.521034
2021-01-17 22:50:00,66.44709
2021-01-17 22:50:00,66.44709
2021-01-17 22:50:00,66.44709
2021-01-17 22:50:00,66.44709
2021-01-17 22:50:00,66.44709
2021-01-17 22:50:00,66.44709
2021-01-17 23:00:00,66.37314
2021-01-17 23:00:00,66.37314
2021-01-17 23:00:00,66.37314
2021-01-17 23:00:00,66.37314
2021-01-17 23:00:00,66.37314
2021-01-17 23:00:00,66.37314
2021-01-17 23:10:00,66.29919
2021-01-17 23:10:00,66.29919
2021-01-17 23:10:00,66.29919
2021-01-17 23:10:00,66.29919
2021-01-17 23:10:00,66.29919
2021-01-17 23:10:00,66.29919
2021-01-17 23:20:00,66.225235
2021-01-17 23:20:00,66.225235
2021-01-17 23:20:00,66.225235
2021-01-17 23:20:00,66.225235
2021-01-17 23:20:00,66.225235
2021-01-17 23:20:00,66.225235
2021-01-17 23:30:00,66.15128
2021-01-17 23:30:00,66.15128
2021-01-17 23:30:00,66.15128
2021-01-17 23:30:00,66.15128
2021-01-17 23:30:00,66.15128
2021-01-17 23:30:00,66.15128
2021-01-17 23:40:00,66.07733
2021-01-17 23:40:00,66.07733
2021-01-17 23:40:00,66.07733
2021-01-17 23:40:00,66.07733
2021-01-17 23:40:00,66.07733
2021-01-17 23:40:00,66.07733
2021-01-17 23:50:00,66.00339
2021-01-17 23:50:00,66.00339
2021-01-17 23:50:00,66.00339
2021-01-17 23:50:00,66.00339
2021-01-17 23:50:00,66.00339
2021-01-17 23:50:00,66.00339
2021-01-18 00:00:00,65.929436
2021-01-18 00:00:00,65.929436
2021-01-18 00:00:00,65.929436
2021-01-18 00:00:00,65.929436
2021-01-18 00:00:00,65.929436
2021-01-18 00:00:00,65.929436
2021-01-18 00:10:00,65.855484
2021-01-18 00:10:00,65.855484
2021-01-18 00:10:00,65.855484
2021-01-18 00:10:00,65.855484
2021-01-18 00:10:00,65.855484
2021-01-18 00:10:00,65.855484
2021-01-18 00:20:00,65.78153
2021-01-18 00:20:00,65.78153
2021-01-18 00:20:00,65.78153
2021-01-18 00:20:00,65.78153
2021-01-18 00:20:00,65.78153
2021-01-18 00:20:00,65.78153
2021-01-18 00:30:00,65.70758
2021-01-18 00:30:00,65.70758
2021-01-18 00:30:00,65.70758
2021-01-18 00:30:00,65.70758
2021-01-18 00:30:00,65.70758
2021-01-18 00:30:00,65.70758
2021-01-18 00:40:00,65.63363
2021-01-18 00:40:00,65.63363
2021-01-18 00:40:00,65.63363
2021-01-18 00:40:00,65.63363
2021-01-18 00:40:00,65.63363
2021-01-18 00:40:00,65.63363
2021-01-18 00:50:00,65.559685
2021-01-18 00:50:00,65.559685
2021-01-18 00:50:00,65.559685
2021-01-18 00:50:00,65.559685
2021-01-18 00:50:00,65.559685
2021-01-18 00:50:00,65.559685
2021-01-18 01:00:00,65.48573
2021-01-18 01:00:00,65.48573
2021-01-18 01:00:00,65.48573
2021-01-18 01:00:00,65.48573
2021-01-18 01:00:00,65.48573
2021-01-18 01:00:00,65.48573
2021-01-18 01:10:00,65.41178
2021-01-18 01:10:00,65.41178
2021-01-18 01:10:00,65.41178
2021-01-18 01:10:00,65.41178
2021-01-18 01:10:00,65.41178
2021-01-18 01:10:00,65.41178
2021-01-18 01:20:00,65.33783
2021-01-18 01:20:00,65.33783
2021-01-18 01:20:00,65.33783
2021-01-18 01:20:00,65.33783
2021-01-18 01:20:00,65.33783
2021-01-18 01:20:00,65.33783
2021-01-18 01:30:00,65.26388
2021-01-18 01:30:00,65.26388
2021-01-18 01:30:00,65.26388
2021-01-18 01:30:00,65.26388
2021-01-18 01:30:00,65.26388
2021-01-18 01:30:00,65.26388
2021-01-18 01:40:00,65.189926
2021-01-18 01:40:00,65.189926
2021-01-18 01:40:00,65.189926
2021-01-18 01:40:00,65.189926
2021-01-18 01:40:00,65.189926
2021-01-18 01:40:00,65.189926
2021-01-18 01:50:00,65.11598
2021-01-18 01:50:00,65.11598
2021-01-18 01:50:00,65.11598
2021-01-18 01:50:00,65.11598
2021-01-18 01:50:00,65.11598
2021-01-18 01:50:00,65.11598
2021-01-18 02:00:00,65.04203
2021-01-18 02:00:00,65.04203
2021-01-18 02:00:00,65.04203
2021-01-18 02:00:00,65.04203
2021-01-18 02:00:00,65.04203
2021-01-18 02:00:00,65.04203
2021-01-18 02:10:00,64.96808
2021-01-18 02:10:00,64.96808
2021-01-18 02:10:00,64.96808
2021-01-18 02:10:00,64.96808
2021-01-18 02:10:00,64.96808
2021-01-18 02:10:00,64.96808
2021-01-18 02:20:00,64.89413
2021-01-18 02:20:00,64.89413
2021-01-18 02:20:00,64.89413
2021-01-18 02:20:00,64.89413
2021-01-18 02:20:00,64.89413
2021-01-18 02:20:00,64.89413
2021-01-18 02:30:00,64.820175
2021-01-18 02:30:00,64.820175
2021-01-18 02:30:00,64.820175
2021-01-18 02:30:00,64.820175
2021-01-18 02:30:00,64.820175
2021-01-18 02:30:00,64.820175
2021-01-18 02:40:00,64.74622
2021-01-18 02:40:00,64.74622
2021-01-18 02:40:00,64.74622
2021-01-18 02:40:00,64.74622
2021-01-18 02:40:00,64.74622
2021-01-18 02:40:00,64.74622
2021-01-18 02:50:00,64.67228
2021-01-18 02:50:00,64.67228
2021-01-18 02:50:00,64.67228
2021-01-18 02:50:00,64.67228
2021-01-18 02:50:00,64.67228
2021-01-18 02:50:00,64.67228
2021-01-18 03:00:00,64.59833
2021-01-18 03:00:00,64.59833
2021-01-18 03:00:00,64.59833
2021-01-18 03:00:00,64.59833
2021-01-18 03:00:00,64.59833
2021-01-18 03:00:00,64.59833
2021-01-18 03:10:00,64.524376
2021-01-18 03:10:00,64.524376
2021-01-18 03:10:00,64.524376
2021-01-18 03:10:00,64.524376
2021-01-18 03:10:00,64.524376
2021-01-18 03:10:00,64.524376
2021-01-18 03:20:00,64.450424
2021-01-18 03:20:00,64.450424
2021-01-18 03:20:00,64.450424
2021-01-18 03:20:00,64.450424
2021-01-18 03:20:00,64.450424
2021-01-18 03:20:00,64.450424
2021-01-18 03:30:00,64.37647
2021-01-18 03:30:00,64.37647
2021-01-18 03:30:00,64.37647
2021-01-18 03:30:00,64.37647
2021-01-18 03:30:00,64.37647
2021-01-18 03:30:00,64.37647
2021-01-18 03:40:00,64.30252
2021-01-18 03:40:00,64.30252
2021-01-18 03:40:00,64.30252
2021-01-18 03:40:00,64.30252
2021-01-18 03:40:00,64.30252
2021-01-18 03:40:00,64.30252
2021-01-18 03:50:00,64.22857
2021-01-18 03:50:00,64.22857
2021-01-18 03:50:00,64.22857
2021-01-18 03:50:00,64.22857
2021-01-18 03:50:00,64.22857
2021-01-18 03:50:00,64.22857
2021-01-18 04:00:00,64.154625
2021-01-18 04:00:00,64.154625
2021-01-18 04:00:00,64.154625
2021-01-18 04:00:00,64.154625
2021-01-18 04:00:00,64.154625
2021-01-18 04:00:00,64.154625
2021-01-18 04:10:00,64.08067
2021-01-18 04:10:00,64.08067
2021-01-18 04:10:00,64.08067
2021-01-18 04:10:00,64.08067
2021-01-18 04:10:00,64.08067
2021-01-18 04:10:00,64.08067
2021-01-18 04:20:00,64.00672
2021-01-18 04:20:00,64.00672
2021-01-18 04:20:00,64.00672
2021-01-18 04:20:00,64.00672
2021-01-18 04:20:00,64.00672
2021-01-18 04:20:00,64.00672
2021-01-18 04:30:00,63.93277
2021-01-18 04:30:00,63.93277
2021-01-18 04:30:00,63.93277
2021-01-18 04:30:00,63.93277
2021-01-18 04:30:00,63.93277
2021-01-18 04:30:00,63.93277
2021-01-18 04:40:00,63.85882
2021-01-18 04:40:00,63.85882
2021-01-18 04:40:00,63.85882
2021-01-18 04:40:00,63.85882
2021-01-18 04:40:00,63.85882
2021-01-18 04:40:00,63.85882
2021-01-18 04:50:00,63.78487
2021-01-18 04:50:00,63.78487
2021-01-18 04:50:00,63.78487
2021-01-18 04:50:00,63.78487
2021-01-18 04:50:00,63.78487
2021-01-18 04:50:00,63.78487
2021-01-18 05:00:00,63.71092
2021-01-18 05:00:00,63.71092
2021-01-18 05:00:00,63.71092
2021-01-18 05:00:00,63.71092
2021-01-18 05:00:00,63.71092
2021-01-18 05:00:00,63.71092
2021-01-18 05:10:00,63.63697
2021-01-18 05:10:00,63.63697
2021-01-18 05:10:00,63.63697
2021-01-18 05:10:00,63.63697
2021-01-18 05:10:00,63.63697
2021-01-18 05:10:00,63.63697
2021-01-18 05:20:00,63.56302
2021-01-18 05:20:00,63.56302
2021-01-18 05:20:00,63.56302
2021-01-18 05:20:00,63.56302
2021-01-18 05:20:00,63.56302
2021-01-18 05:20:00,63.56302
2021-01-18 05:30:00,63.489067
2021-01-18 05:30:00,63.489067
2021-01-18 05:30:00,63.489067
2021-01-18 05:30:00,63.489067
2021-01-18 05:30:00,63.489067
2021-01-18 05:30:00,63.489067
2021-01-18 05:40:00,63.41512
2021-01-18 05:40:00,63.41512
2021-01-18 05:40:00,63.41512
2021-01-18 05:40:00,63.41512
2021-01-18 05:40:00,63.41512
2021-01-18 05:40:00,63.41512
2021-01-18 05:50:00,63.341167
2021-01-18 05:50:00,63.341167
2021-01-18 05:50:00,63.341167
2021-01-18 05:50:00,63.341167
2021-01-18 05:50:00,63.341167
2021-01-18 05:50:00,63.341167
2021-01-18 06:00:00,63.267216
2021-01-18 06:00:00,63.267216
2021-01-18 06:00:00,63.267216
2021-01-18 06:00:00,63.267216
2021-01-18 06:00:00,63.267216
2021-01-18 06:00:00,63.267216
2021-01-18 06:10:00,63.193264
2021-01-18 06:10:00,63.193264
2021-01-18 06:10:00,63.193264
2021-01-18 06:10:00,63.193264
2021-01-18 06:10:00,63.193264
2021-01-18 06:10:00,63.193264
2021-01-18 06:20:00,63.119316
2021-01-18 06:20:00,63.119316
2021-01-18 06:20:00,63.119316
2021-01-18 06:20:00,63.119316
2021-01-18 06:20:00,63.119316
2021-01-18 06:20:00,63.119316
2021-01-18 06:30:00,63.045364
2021-01-18 06:30:00,63.045364
2021-01-18 06:30:00,63.045364
2021-01-18 06:30:00,63.045364
2021-01-18 06:30:00,63.045364
2021-01-18 06:30:00,63.045364
2021-01-18 06:40:00,62.971413
2021-01-18 06:40:00,62.971413
2021-01-18 06:40:00,62.971413
2021-01-18 06:40:00,62.971413
2021-01-18 06:40:00,62.971413
2021-01-18 06:40:00,62.971413
2021-01-18 06:50:00,62.897465
2021-01-18 06:50:00,62.897465
2021-01-18 06:50:00,62.897465
2021-01-18 06:50:00,62.897465
2021-01-18 06:50:00,62.897465
2021-01-18 06:50:00,62.897465
2021-01-18 07:00:00,62.823513
2021-01-18 07:00:00,62.823513
2021-01-18 07:00:00,62.823513
2021-01-18 07:00:00,62.823513
2021-01-18 07:00:00,62.823513
2021-01-18 07:00:00,62.823513
2021-01-18 07:10:00,62.74956
2021-01-18 07:10:00,62.74956
2021-01-18 07:10:00,62.74956
2021-01-18 07:10:00,62.74956
2021-01-18 07:10:00,62.74956
2021-01-18 07:10:00,62.74956
2021-01-18 07:20:00,62.675613
2021-01-18 07:20:00,62.675613
2021-01-18 07:20:00,62.675613
2021-01-18 07:20:00,62.675613
2021-01-18 07:20:00,62.675613
2021-01-18 07:20:00,62.675613
2021-01-18 07:30:00,62.60166
2021-01-18 07:30:00,62.60166
2021-01-18 07:30:00,62.60166
2021-01-18 07:30:00,62.60166
2021-01-18 07:30:00,62.60166
2021-01-18 07:30:00,62.60166
2021-01-18 07:40:00,62.52771
2021-01-18 07:40:00,62.52771
2021-01-18 07:40:00,62.52771
2021-01-18 07:40:00,62.52771
2021-01-18 07:40:00,62.52771
2021-01-18 07:40:00,62.52771
2021-01-18 07:50:00,62.453762
2021-01-18 07:50:00,62.453762
2021-01-18 07:50:00,62.453762
2021-01-18 07:50:00,62.453762
2021-01-18 07:50:00,62.453762
2021-01-18 07:50:00,62.453762
2021-01-18 08:00:00,62.37981
2021-01-18 08:00:00,62.37981
2021-01-18 08:00:00,62.37981
2021-01-18 08:00:00,62.37981
2021-01-18 08:00:00,62.37981
2021-01-18 08:00:00,62.37981
2021-01-18 08:10:00,62.30586
2021-01-18 08:10:00,62.30586
2021-01-18 08:10:00,62.30586
2021-01-18 08:10:00,62.30586
2021-01-18 08:10:00,62.30586
2021-01-18 08:10:00,62.30586
2021-01-18 08:20:00,62.23191
2021-01-18 08:20:00,62.23191
2021-01-18 08:20:00,62.23191
2021-01-18 08:20:00,62.23191
2021-01-18 08:20:00,62.23191
2021-01-18 08:20:00,62.23191
2021-01-18 08:30:00,62.15796
2021-01-18 08:30:00,62.15796
2021-01-18 08:30:00,62.15796
2021-01-18 08:30:00,62.15796
2021-01-18 08:30:00,62.15796
2021-01-18 08:30:00,62.15796
2021-01-18 08:40:00,62.084007
2021-01-18 08:40:00,62.084007
2021-01-18 08:40:00,62.084007
2021-01-18 08:40:00,62.084007
2021-01-18 08:40:00,62.084007
2021-01-18 08:40:00,62.084007
2021-01-18 08:50:00,62.01006
2021-01-18 08:50:00,62.01006
2021-01-18 08:50:00,62.01006
2021-01-18 08:50:00,62.01006
2021-01-18 08:50:00,62.01006
2021-01-18 08:50:00,62.01006
2021-01-18 09:00:00,61.936108
2021-01-18 09:00:00,61.936108
2021-01-18 09:00:00,61.936108
2021-01-18 09:00:00,61.936108
2021-01-18 09:00:00,61.936108
2021-01-18 09:00:00,61.936108
2021-01-18 09:10:00,61.862156
2021-01-18 09:10:00,61.862156
2021-01-18 09:10:00,61.862156
2021-01-18 09:10:00,61.862156
2021-01-18 09:10:00,61.862156
2021-01-18 09:10:00,61.862156
2021-01-18 09:20:00,61.788208
2021-01-18 09:20:00,61.788208
2021-01-18 09:20:00,61.788208
2021-01-18 09:20:00,61.788208
2021-01-18 09:20:00,61.788208
2021-01-18 09:20:00,61.788208
2021-01-18 09:30:00,61.714256
2021-01-18 09:30:00,61.714256
2021-01-18 09:30:00,61.714256
2021-01-18 09:30:00,61.714256
2021-01-18 09:30:00,61.714256
2021-01-18 09:30:00,61.714256
2021-01-18 09:40:00,61.640305
2021-01-18 09:40:00,61.640305
2021-01-18 09:40:00,61.640305
2021-01-18 09:40:00,61.640305
2021-01-18 09:40:00,61.640305
2021-01-18 09:40:00,61.640305
2021-01-18 09:50:00,61.566357
2021-01-18 09:50:00,61.566357
2021-01-18 09:50:00,61.566357
2021-01-18 09:50:00,61.566357
2021-01-18 09:50:00,61.566357
2021-01-18 09:50:00,61.566357
2021-01-18 10:00:00,61.492405
2021-01-18 10:00:00,61.492405
2021-01-18 10:00:00,61.492405
2021-01-18 10:00:00,61.492405
2021-01-18 10:00:00,61.492405
2021-01-18 10:00:00,61.492405
2021-01-18 10:10:00,61.418453
2021-01-18 10:10:00,61.418453
2021-01-18 10:10:00,61.418453
2021-01-18 10:10:00,61.418453
2021-01-18 10:10:00,61.418453
2021-01-18 10:10:00,61.418453
2021-01-18 10:20:00,61.344505
2021-01-18 10:20:00,61.344505
2021-01-18 10:20:00,61.344505
2021-01-18 10:20:00,61.344505
2021-01-18 10:20:00,61.344505
2021-01-18 10:20:00,61.344505
2021-01-18 10:30:00,61.270554
2021-01-18 10:30:00,61.270554
2021-01-18 10:30:00,61.270554
2021-01-18 10:30:00,61.270554
2021-01-18 10:30:00,61.270554
2021-01-18 10:30:00,61.270554
2021-01-18 10:40:00,61.1966
2021-01-18 10:40:00,61.1966
2021-01-18 10:40:00,61.1966
2021-01-18 10:40:00,61.1966
2021-01-18 10:40:00,61.1966
2021-01-18 10:40:00,61.1966
