timestamp,power_kw
2020-07-31 07:10:00,472.56
2020-07-31 07:25:00,664.13
2020-07-31 07:40:00,855.7
2020-07-31 07:55:00,730.16
2020-07-31 08:10:00,604.63
2020-07-31 08:25:00,969.36
2020-07-31 08:40:00,1334.08
2020-07-31 08:55:00,1100.16
2020-07-31 09:10:00,866.23
2020-07-31 09:25:00,861.69
2020-07-31 09:40:00,857.15
2020-07-31 09:55:00,938.06
2020-07-31 10:10:00,1018.98
2020-07-31 10:10:00,1018.98
2020-07-31 10:10:00,1018.98
2020-07-31 10:10:00,1018.98
2020-07-31 10:10:00,1018.98
2020-07-31 10:10:00,1018.98
2020-07-31 10:10:00,1018.98
2020-07-31 10:10:00,1018.98
2020-07-31 10:10:00,1018.98
2020-07-31 10:10:00,1018.98
2020-07-31 10:25:00,923.88
2020-07-31 10:25:00,923.88
2020-07-31 10:25:00,923.88
2020-07-31 10:25:00,923.88
2020-07-31 10:25:00,923.88
2020-07-31 10:25:00,923.88
2020-07-31 10:25:00,923.88
2020-07-31 10:25:00,923.88
2020-07-31 10:25:00,923.88
2020-07-31 10:25:00,923.88
2020-07-31 10:40:00,828.78
2020-07-31 10:40:00,828.78
2020-07-31 10:40:00,828.78
2020-07-31 10:40:00,828.78
2020-07-31 10:40:00,828.78
2020-07-31 10:40:00,828.78
2020-07-31 10:40:00,828.78
2020-07-31 10:40:00,828.78
2020-07-31 10:40:00,828.78
2020-07-31 10:40:00,828.78
2020-07-31 10:55:00,726.56
2020-07-31 10:55:00,726.56
2020-07-31 10:55:00,726.56
2020-07-31 10:55:00,726.56
2020-07-31 10:55:00,726.56
2020-07-31 10:55:00,726.56
2020-07-31 10:55:00,726.56
2020-07-31 10:55:00,726.56
2020-07-31 10:55:00,726.56
2020-07-31 10:55:00,726.56
2020-07-31 11:10:00,624.34
2020-07-31 11:10:00,624.34
2020-07-31 11:10:00,624.34
2020-07-31 11:10:00,624.34
2020-07-31 11:10:00,624.34
2020-07-31 11:10:00,624.34
2020-07-31 11:10:00,624.34
2020-07-31 11:10:00,624.34
2020-07-31 11:10:00,624.34
2020-07-31 11:10:00,624.34
2020-07-31 11:25:00,543.44
2020-07-31 11:25:00,543.44
2020-07-31 11:25:00,543.44
2020-07-31 11:25:00,543.44
2020-07-31 11:25:00,543.44
2020-07-31 11:25:00,543.44
2020-07-31 11:25:00,543.44
2020-07-31 11:25:00,543.44
2020-07-31 11:25:00,543.44
2020-07-31 11:25:00,543.44
2020-07-31 11:40:00,462.55
2020-07-31 11:40:00,462.55
2020-07-31 11:40:00,462.55
2020-07-31 11:40:00,462.55
2020-07-31 11:40:00,462.55
2020-07-31 11:40:00,462.55
2020-07-31 11:40:00,462.55
2020-07-31 11:40:00,462.55
2020-07-31 11:40:00,462.55
2020-07-31 11:40:00,462.55
2020-07-31 11:55:00,565.82
2020-07-31 11:55:00,565.82
2020-07-31 11:55:00,565.82
2020-07-31 11:55:00,565.82
2020-07-31 11:55:00,565.82
2020-07-31 11:55:00,565.82
2020-07-31 11:55:00,565.82
2020-07-31 11:55:00,565.82
2020-07-31 11:55:00,565.82
2020-07-31 11:55:00,565.82
2020-07-31 12:10:00,669.08
2020-07-31 12:10:00,669.08
2020-07-31 12:10:00,669.08
2020-07-31 12:10:00,669.08
2020-07-31 12:10:00,669.08
2020-07-31 12:10:00,669.08
2020-07-31 12:10:00,669.08
2020-07-31 12:10:00,669.08
2020-07-31 12:10:00,669.08
2020-07-31 12:10:00,669.08
2020-07-31 12:25:00,580.42
2020-07-31 12:25:00,580.42
2020-07-31 12:25:00,580.42
2020-07-31 12:25:00,580.42
2020-07-31 12:25:00,580.42
2020-07-31 12:25:00,580.42
2020-07-31 12:25:00,580.42
2020-07-31 12:25:00,580.42
2020-07-31 12:25:00,580.42
2020-07-31 12:25:00,580.42
2020-07-31 12:40:00,491.77
2020-07-31 12:40:00,491.77
2020-07-31 12:40:00,491.77
2020-07-31 12:40:00,491.77
2020-07-31 12:40:00,491.77
2020-07-31 12:40:00,491.77
2020-07-31 12:40:00,491.77
2020-07-31 12:40:00,491.77
2020-07-31 12:40:00,491.77
2020-07-31 12:40:00,491.77
2020-07-31 12:55:00,467.96
2020-07-31 12:55:00,467.96
2020-07-31 12:55:00,467.96
2020-07-31 12:55:00,467.96
2020-07-31 12:55:00,467.96
2020-07-31 12:55:00,467.96
2020-07-31 12:55:00,467.96
2020-07-31 12:55:00,467.96
2020-07-31 12:55:00,467.96
2020-07-31 12:55:00,467.96
2020-07-31 13:10:00,444.16
2020-07-31 13:10:00,444.16
2020-07-31 13:10:00,444.16
2020-07-31 13:10:00,444.16
2020-07-31 13:10:00,444.16
2020-07-31 13:10:00,444.16
2020-07-31 13:10:00,444.16
2020-07-31 13:10:00,444.16
2020-07-31 13:10:00,444.16
2020-07-31 13:10:00,444.16
2020-07-31 13:25:00,316.92
2020-07-31 13:25:00,316.92
2020-07-31 13:25:00,316.92
2020-07-31 13:25:00,316.92
2020-07-31 13:25:00,316.92
2020-07-31 13:25:00,316.92
2020-07-31 13:25:00,316.92
2020-07-31 13:25:00,316.92
2020-07-31 13:25:00,316.92
2020-07-31 13:25:00,316.92
2020-07-31 13:40:00,189.68
2020-07-31 13:40:00,189.68
2020-07-31 13:40:00,189.68
2020-07-31 13:40:00,189.68
2020-07-31 13:40:00,189.68
2020-07-31 13:40:00,189.68
2020-07-31 13:40:00,189.68
2020-07-31 13:40:00,189.68
2020-07-31 13:40:00,189.68
2020-07-31 13:40:00,189.68
2020-07-31 13:55:00,229.9
2020-07-31 13:55:00,229.9
2020-07-31 13:55:00,229.9
2020-07-31 13:55:00,229.9
2020-07-31 13:55:00,229.9
2020-07-31 13:55:00,229.9
2020-07-31 13:55:00,229.9
2020-07-31 13:55:00,229.9
2020-07-31 13:55:00,229.9
2020-07-31 13:55:00,229.9
2020-07-31 14:10:00,270.13
2020-07-31 14:10:00,270.13
2020-07-31 14:10:00,270.13
2020-07-31 14:10:00,270.13
2020-07-31 14:10:00,270.13
2020-07-31 14:10:00,270.13
2020-07-31 14:10:00,270.13
2020-07-31 14:10:00,270.13
2020-07-31 14:10:00,270.13
2020-07-31 14:10:00,270.13
2020-07-31 14:25:00,352.53
2020-07-31 14:25:00,352.53
2020-07-31 14:25:00,352.53
2020-07-31 14:25:00,352.53
2020-07-31 14:25:00,352.53
2020-07-31 14:25:00,352.53
2020-07-31 14:25:00,352.53
2020-07-31 14:25:00,352.53
2020-07-31 14:25:00,352.53
2020-07-31 14:25:00,352.53
2020-07-31 14:40:00,434.93
2020-07-31 14:40:00,434.93
2020-07-31 14:40:00,434.93
2020-07-31 14:40:00,434.93
2020-07-31 14:40:00,434.93
2020-07-31 14:40:00,434.93
2020-07-31 14:40:00,434.93
2020-07-31 14:40:00,434.93
2020-07-31 14:40:00,434.93
2020-07-31 14:40:00,434.93
2020-07-31 14:55:00,541.44
2020-07-31 14:55:00,541.44
2020-07-31 14:55:00,541.44
2020-07-31 14:55:00,541.44
2020-07-31 14:55:00,541.44
2020-07-31 14:55:00,541.44
2020-07-31 14:55:00,541.44
2020-07-31 14:55:00,541.44
2020-07-31 14:55:00,541.44
2020-07-31 14:55:00,541.44
2020-07-31 15:10:00,647.96
2020-07-31 15:10:00,647.96
2020-07-31 15:10:00,647.96
2020-07-31 15:10:00,647.96
2020-07-31 15:10:00,647.96
2020-07-31 15:10:00,647.96
2020-07-31 15:10:00,647.96
2020-07-31 15:10:00,647.96
2020-07-31 15:10:00,647.96
2020-07-31 15:10:00,647.96
2020-07-31 15:25:00,572.43
2020-07-31 15:25:00,572.43
2020-07-31 15:25:00,572.43
2020-07-31 15:25:00,572.43
2020-07-31 15:25:00,572.43
2020-07-31 15:25:00,572.43
2020-07-31 15:25:00,572.43
2020-07-31 15:25:00,572.43
2020-07-31 15:25:00,572.43
2020-07-31 15:25:00,572.43
2020-07-31 15:40:00,496.9
2020-07-31 15:40:00,496.9
2020-07-31 15:40:00,496.9
2020-07-31 15:40:00,496.9
2020-07-31 15:40:00,496.9
2020-07-31 15:40:00,496.9
2020-07-31 15:40:00,496.9
2020-07-31 15:40:00,496.9
2020-07-31 15:40:00,496.9
2020-07-31 15:40:00,496.9
2020-07-31 15:55:00,569.6
2020-07-31 15:55:00,569.6
2020-07-31 15:55:00,569.6
2020-07-31 15:55:00,569.6
2020-07-31 15:55:00,569.6
2020-07-31 15:55:00,569.6
2020-07-31 15:55:00,569.6
2020-07-31 15:55:00,569.6
2020-07-31 15:55:00,569.6
2020-07-31 15:55:00,569.6
2020-07-31 16:10:00,642.3
2020-07-31 16:10:00,642.3
2020-07-31 16:10:00,642.3
2020-07-31 16:10:00,642.3
2020-07-31 16:10:00,642.3
2020-07-31 16:10:00,642.3
2020-07-31 16:10:00,642.3
2020-07-31 16:10:00,642.3
2020-07-31 16:10:00,642.3
2020-07-31 16:10:00,642.3
2020-07-31 16:25:00,463.42
2020-07-31 16:25:00,463.42
2020-07-31 16:25:00,463.42
2020-07-31 16:25:00,463.42
2020-07-31 16:25:00,463.42
2020-07-31 16:25:00,463.42
2020-07-31 16:25:00,463.42
2020-07-31 16:25:00,463.42
2020-07-31 16:25:00,463.42
2020-07-31 16:25:00,463.42
2020-07-31 16:40:00,284.54
2020-07-31 16:40:00,284.54
2020-07-31 16:40:00,284.54
2020-07-31 16:40:00,284.54
2020-07-31 16:40:00,284.54
2020-07-31 16:40:00,284.54
2020-07-31 16:40:00,284.54
2020-07-31 16:40:00,284.54
2020-07-31 16:40:00,284.54
2020-07-31 16:40:00,284.54
2020-07-31 16:55:00,388.32
2020-07-31 16:55:00,388.32
2020-07-31 16:55:00,388.32
2020-07-31 16:55:00,388.32
2020-07-31 16:55:00,388.32
2020-07-31 16:55:00,388.32
2020-07-31 16:55:00,388.32
2020-07-31 16:55:00,388.32
2020-07-31 16:55:00,388.32
2020-07-31 16:55:00,388.32
2020-07-31 17:10:00,492.1
2020-07-31 17:10:00,492.1
2020-07-31 17:10:00,492.1
2020-07-31 17:10:00,492.1
2020-07-31 17:10:00,492.1
2020-07-31 17:10:00,492.1
2020-07-31 17:10:00,492.1
2020-07-31 17:10:00,492.1
2020-07-31 17:10:00,492.1
2020-07-31 17:10:00,492.1
2020-07-31 17:25:00,383.58
2020-07-31 17:25:00,383.58
2020-07-31 17:25:00,383.58
2020-07-31 17:25:00,383.58
2020-07-31 17:25:00,383.58
2020-07-31 17:25:00,383.58
2020-07-31 17:25:00,383.58
2020-07-31 17:25:00,383.58
2020-07-31 17:25:00,383.58
2020-07-31 17:25:00,383.58
2020-07-31 17:40:00,275.07
2020-07-31 17:40:00,275.07
2020-07-31 17:40:00,275.07
2020-07-31 17:40:00,275.07
2020-07-31 17:40:00,275.07
2020-07-31 17:40:00,275.07
2020-07-31 17:40:00,275.07
2020-07-31 17:40:00,275.07
2020-07-31 17:40:00,275.07
2020-07-31 17:40:00,275.07
2020-07-31 17:55:00,140.07
2020-07-31 17:55:00,140.07
2020-07-31 17:55:00,140.07
2020-07-31 17:55:00,140.07
2020-07-31 17:55:00,140.07
2020-07-31 17:55:00,140.07
2020-07-31 17:55:00,140.07
2020-07-31 17:55:00,140.07
2020-07-31 17:55:00,140.07
2020-07-31 17:55:00,140.07
2020-07-31 18:10:00,5.07
2020-07-31 18:10:00,5.07
2020-07-31 18:10:00,5.07
2020-07-31 18:10:00,5.07
2020-07-31 18:10:00,5.07
2020-07-31 18:10:00,5.07
2020-07-31 18:10:00,5.07
2020-07-31 18:10:00,5.07
2020-07-31 18:10:00,5.07
2020-07-31 18:10:00,5.07
2020-07-31 18:25:00,5.07
2020-07-31 18:25:00,5.07
2020-07-31 18:25:00,5.07
2020-07-31 18:25:00,5.07
2020-07-31 18:25:00,5.07
2020-07-31 18:25:00,5.07
2020-07-31 18:25:00,5.07
2020-07-31 18:25:00,5.07
2020-07-31 18:25:00,5.07
2020-07-31 18:25:00,5.07
2020-07-31 18:40:00,0.0
2020-07-31 18:40:00,0.0
2020-07-31 18:40:00,0.0
2020-07-31 18:40:00,0.0
2020-07-31 18:40:00,0.0
2020-07-31 18:40:00,0.0
2020-07-31 18:40:00,0.0
2020-07-31 18:40:00,0.0
2020-07-31 18:40:00,0.0
2020-07-31 18:40:00,0.0
2020-07-31 18:55:00,0.0
2020-07-31 18:55:00,0.0
2020-07-31 18:55:00,0.0
2020-07-31 18:55:00,0.0
2020-07-31 18:55:00,0.0
2020-07-31 18:55:00,0.0
2020-07-31 18:55:00,0.0
2020-07-31 18:55:00,0.0
2020-07-31 18:55:00,0.0
2020-07-31 18:55:00,0.0
2020-07-31 19:10:00,0.0
2020-07-31 19:10:00,0.0
2020-07-31 19:10:00,0.0
2020-07-31 19:10:00,0.0
2020-07-31 19:10:00,0.0
2020-07-31 19:10:00,0.0
2020-07-31 19:10:00,0.0
2020-07-31 19:10:00,0.0
2020-07-31 19:10:00,0.0
2020-07-31 19:10:00,0.0
2020-07-31 19:25:00,0.0
2020-07-31 19:25:00,0.0
2020-07-31 19:25:00,0.0
2020-07-31 19:25:00,0.0
2020-07-31 19:25:00,0.0
2020-07-31 19:25:00,0.0
2020-07-31 19:25:00,0.0
2020-07-31 19:25:00,0.0
2020-07-31 19:25:00,0.0
2020-07-31 19:25:00,0.0
2020-07-31 19:40:00,0.0
2020-07-31 19:40:00,0.0
2020-07-31 19:40:00,0.0
2020-07-31 19:40:00,0.0
2020-07-31 19:40:00,0.0
2020-07-31 19:40:00,0.0
2020-07-31 19:40:00,0.0
2020-07-31 19:40:00,0.0
2020-07-31 19:40:00,0.0
2020-07-31 19:40:00,0.0
2020-07-31 19:55:00,231.2
2020-07-31 19:55:00,231.2
2020-07-31 19:55:00,231.2
2020-07-31 19:55:00,231.2
2020-07-31 19:55:00,231.2
2020-07-31 19:55:00,231.2
2020-07-31 19:55:00,231.2
2020-07-31 19:55:00,231.2
2020-07-31 19:55:00,231.2
2020-07-31 19:55:00,231.2
2020-07-31 20:10:00,462.69
2020-07-31 20:10:00,462.69
2020-07-31 20:10:00,462.69
2020-07-31 20:10:00,462.69
2020-07-31 20:10:00,462.69
2020-07-31 20:10:00,462.69
2020-07-31 20:10:00,462.69
2020-07-31 20:10:00,462.69
2020-07-31 20:10:00,462.69
2020-07-31 20:10:00,462.69
2020-07-31 20:25:00,462.69
2020-07-31 20:25:00,462.69
2020-07-31 20:25:00,462.69
2020-07-31 20:25:00,462.69
2020-07-31 20:25:00,462.69
2020-07-31 20:25:00,462.69
2020-07-31 20:25:00,462.69
2020-07-31 20:25:00,462.69
2020-07-31 20:25:00,462.69
2020-07-31 20:25:00,462.69
2020-07-31 20:40:00,0.0
2020-07-31 20:40:00,0.0
2020-07-31 20:40:00,0.0
2020-07-31 20:40:00,0.0
2020-07-31 20:40:00,0.0
2020-07-31 20:40:00,0.0
2020-07-31 20:40:00,0.0
2020-07-31 20:40:00,0.0
2020-07-31 20:40:00,0.0
2020-07-31 20:40:00,0.0
2020-07-31 20:55:00,183.32
2020-07-31 20:55:00,183.32
2020-07-31 20:55:00,183.32
2020-07-31 20:55:00,183.32
2020-07-31 20:55:00,183.32
2020-07-31 20:55:00,183.32
2020-07-31 20:55:00,183.32
2020-07-31 20:55:00,183.32
2020-07-31 20:55:00,183.32
2020-07-31 20:55:00,183.32
2020-07-31 21:10:00,183.32
2020-07-31 21:10:00,183.32
2020-07-31 21:10:00,183.32
2020-07-31 21:10:00,183.32
2020-07-31 21:10:00,183.32
2020-07-31 21:10:00,183.32
2020-07-31 21:10:00,183.32
2020-07-31 21:10:00,183.32
2020-07-31 21:10:00,183.32
2020-07-31 21:10:00,183.32
2020-07-31 21:25:00,842.54
2020-07-31 21:25:00,842.54
2020-07-31 21:25:00,842.54
2020-07-31 21:25:00,842.54
2020-07-31 21:25:00,842.54
2020-07-31 21:25:00,842.54
2020-07-31 21:25:00,842.54
2020-07-31 21:25:00,842.54
2020-07-31 21:25:00,842.54
2020-07-31 21:25:00,842.54
2020-07-31 21:40:00,1501.75
2020-07-31 21:40:00,1501.75
2020-07-31 21:40:00,1501.75
2020-07-31 21:40:00,1501.75
2020-07-31 21:40:00,1501.75
2020-07-31 21:40:00,1501.75
2020-07-31 21:40:00,1501.75
2020-07-31 21:40:00,1501.75
2020-07-31 21:40:00,1501.75
2020-07-31 21:40:00,1501.75
2020-07-31 21:55:00,1239.78
2020-07-31 21:55:00,1239.78
2020-07-31 21:55:00,1239.78
2020-07-31 21:55:00,1239.78
2020-07-31 21:55:00,1239.78
2020-07-31 21:55:00,1239.78
2020-07-31 21:55:00,1239.78
2020-07-31 21:55:00,1239.78
2020-07-31 21:55:00,1239.78
2020-07-31 21:55:00,1239.78
2020-07-31 22:10:00,977.82
2020-07-31 22:10:00,977.82
2020-07-31 22:10:00,977.82
2020-07-31 22:10:00,977.82
2020-07-31 22:10:00,977.82
2020-07-31 22:10:00,977.82
2020-07-31 22:10:00,977.82
2020-07-31 22:10:00,977.82
2020-07-31 22:10:00,977.82
2020-07-31 22:10:00,977.82
2020-07-31 22:25:00,886.46
2020-07-31 22:25:00,886.46
2020-07-31 22:25:00,886.46
2020-07-31 22:25:00,886.46
2020-07-31 22:25:00,886.46
2020-07-31 22:25:00,886.46
2020-07-31 22:25:00,886.46
2020-07-31 22:25:00,886.46
2020-07-31 22:25:00,886.46
2020-07-31 22:25:00,886.46
2020-07-31 22:40:00,795.09
2020-07-31 22:40:00,795.09
2020-07-31 22:40:00,795.09
2020-07-31 22:40:00,795.09
2020-07-31 22:40:00,795.09
2020-07-31 22:40:00,795.09
2020-07-31 22:40:00,795.09
2020-07-31 22:40:00,795.09
2020-07-31 22:40:00,795.09
2020-07-31 22:40:00,795.09
2020-07-31 22:55:00,730.42
2020-07-31 22:55:00,730.42
2020-07-31 22:55:00,730.42
2020-07-31 22:55:00,730.42
2020-07-31 22:55:00,730.42
2020-07-31 22:55:00,730.42
2020-07-31 22:55:00,730.42
2020-07-31 22:55:00,730.42
2020-07-31 22:55:00,730.42
2020-07-31 22:55:00,730.42
2020-07-31 23:10:00,665.74
2020-07-31 23:10:00,665.74
2020-07-31 23:10:00,665.74
2020-07-31 23:10:00,665.74
2020-07-31 23:10:00,665.74
2020-07-31 23:10:00,665.74
2020-07-31 23:10:00,665.74
2020-07-31 23:10:00,665.74
2020-07-31 23:10:00,665.74
2020-07-31 23:10:00,665.74
2020-07-31 23:25:00,403.37
2020-07-31 23:25:00,403.37
2020-07-31 23:25:00,403.37
2020-07-31 23:25:00,403.37
2020-07-31 23:25:00,403.37
2020-07-31 23:25:00,403.37
2020-07-31 23:25:00,403.37
2020-07-31 23:25:00,403.37
2020-07-31 23:25:00,403.37
2020-07-31 23:25:00,403.37
2020-07-31 23:40:00,141.0
2020-07-31 23:40:00,141.0
2020-07-31 23:40:00,141.0
2020-07-31 23:40:00,141.0
2020-07-31 23:40:00,141.0
2020-07-31 23:40:00,141.0
2020-07-31 23:40:00,141.0
2020-07-31 23:40:00,141.0
2020-07-31 23:40:00,141.0
2020-07-31 23:40:00,141.0
2020-07-31 23:55:00,276.52
2020-07-31 23:55:00,276.52
2020-07-31 23:55:00,276.52
2020-07-31 23:55:00,276.52
2020-07-31 23:55:00,276.52
2020-07-31 23:55:00,276.52
2020-07-31 23:55:00,276.52
2020-07-31 23:55:00,276.52
2020-07-31 23:55:00,276.52
2020-07-31 23:55:00,276.52
2020-08-01 00:10:00,412.04
2020-08-01 00:10:00,412.04
2020-08-01 00:10:00,412.04
2020-08-01 00:10:00,412.04
2020-08-01 00:10:00,412.04
2020-08-01 00:10:00,412.04
2020-08-01 00:10:00,412.04
2020-08-01 00:10:00,412.04
2020-08-01 00:10:00,412.04
2020-08-01 00:10:00,412.04
2020-08-01 00:25:00,540.33
2020-08-01 00:25:00,540.33
2020-08-01 00:25:00,540.33
2020-08-01 00:25:00,540.33
2020-08-01 00:25:00,540.33
2020-08-01 00:25:00,540.33
2020-08-01 00:25:00,540.33
2020-08-01 00:25:00,540.33
2020-08-01 00:25:00,540.33
2020-08-01 00:25:00,540.33
2020-08-01 00:40:00,668.62
2020-08-01 00:40:00,668.62
2020-08-01 00:40:00,668.62
2020-08-01 00:40:00,668.62
2020-08-01 00:40:00,668.62
2020-08-01 00:40:00,668.62
2020-08-01 00:40:00,668.62
2020-08-01 00:40:00,668.62
2020-08-01 00:40:00,668.62
2020-08-01 00:40:00,668.62
2020-08-01 00:55:00,560.64
2020-08-01 00:55:00,560.64
2020-08-01 00:55:00,560.64
2020-08-01 00:55:00,560.64
2020-08-01 00:55:00,560.64
2020-08-01 00:55:00,560.64
2020-08-01 00:55:00,560.64
2020-08-01 00:55:00,560.64
2020-08-01 00:55:00,560.64
2020-08-01 00:55:00,560.64
2020-08-01 01:10:00,452.66
2020-08-01 01:10:00,452.66
2020-08-01 01:10:00,452.66
2020-08-01 01:10:00,452.66
2020-08-01 01:10:00,452.66
2020-08-01 01:10:00,452.66
2020-08-01 01:10:00,452.66
2020-08-01 01:10:00,452.66
2020-08-01 01:10:00,452.66
2020-08-01 01:10:00,452.66
2020-08-01 01:25:00,497.6
2020-08-01 01:25:00,497.6
2020-08-01 01:25:00,497.6
2020-08-01 01:25:00,497.6
2020-08-01 01:25:00,497.6
2020-08-01 01:25:00,497.6
2020-08-01 01:25:00,497.6
2020-08-01 01:25:00,497.6
2020-08-01 01:25:00,497.6
2020-08-01 01:25:00,497.6
2020-08-01 01:40:00,542.55
2020-08-01 01:40:00,542.55
2020-08-01 01:40:00,542.55
2020-08-01 01:40:00,542.55
2020-08-01 01:40:00,542.55
2020-08-01 01:40:00,542.55
2020-08-01 01:40:00,542.55
2020-08-01 01:40:00,542.55
2020-08-01 01:40:00,542.55
2020-08-01 01:40:00,542.55
2020-08-01 01:55:00,480.26
2020-08-01 01:55:00,480.26
2020-08-01 01:55:00,480.26
2020-08-01 01:55:00,480.26
2020-08-01 01:55:00,480.26
2020-08-01 01:55:00,480.26
2020-08-01 01:55:00,480.26
2020-08-01 01:55:00,480.26
2020-08-01 01:55:00,480.26
2020-08-01 01:55:00,480.26
2020-08-01 02:10:00,417.97
2020-08-01 02:10:00,417.97
2020-08-01 02:10:00,417.97
2020-08-01 02:10:00,417.97
2020-08-01 02:10:00,417.97
2020-08-01 02:10:00,417.97
2020-08-01 02:10:00,417.97
2020-08-01 02:10:00,417.97
2020-08-01 02:10:00,417.97
2020-08-01 02:10:00,417.97
2020-08-01 02:25:00,527.18
2020-08-01 02:25:00,527.18
2020-08-01 02:25:00,527.18
2020-08-01 02:25:00,527.18
2020-08-01 02:25:00,527.18
2020-08-01 02:25:00,527.18
2020-08-01 02:25:00,527.18
2020-08-01 02:25:00,527.18
2020-08-01 02:25:00,527.18
2020-08-01 02:25:00,527.18
2020-08-01 02:40:00,636.38
2020-08-01 02:40:00,636.38
2020-08-01 02:40:00,636.38
2020-08-01 02:40:00,636.38
2020-08-01 02:40:00,636.38
2020-08-01 02:40:00,636.38
2020-08-01 02:40:00,636.38
2020-08-01 02:40:00,636.38
2020-08-01 02:40:00,636.38
2020-08-01 02:40:00,636.38
2020-08-01 02:55:00,576.26
2020-08-01 02:55:00,576.26
2020-08-01 02:55:00,576.26
2020-08-01 02:55:00,576.26
2020-08-01 02:55:00,576.26
2020-08-01 02:55:00,576.26
2020-08-01 02:55:00,576.26
2020-08-01 02:55:00,576.26
2020-08-01 02:55:00,576.26
2020-08-01 02:55:00,576.26
2020-08-01 03:10:00,516.13
2020-08-01 03:10:00,516.13
2020-08-01 03:10:00,516.13
2020-08-01 03:10:00,516.13
2020-08-01 03:10:00,516.13
2020-08-01 03:10:00,516.13
2020-08-01 03:10:00,516.13
2020-08-01 03:10:00,516.13
2020-08-01 03:10:00,516.13
2020-08-01 03:10:00,516.13
2020-08-01 03:25:00,521.09
2020-08-01 03:25:00,521.09
2020-08-01 03:25:00,521.09
2020-08-01 03:25:00,521.09
2020-08-01 03:25:00,521.09
2020-08-01 03:25:00,521.09
2020-08-01 03:25:00,521.09
2020-08-01 03:25:00,521.09
2020-08-01 03:25:00,521.09
2020-08-01 03:25:00,521.09
2020-08-01 03:40:00,526.04
2020-08-01 03:40:00,526.04
2020-08-01 03:40:00,526.04
2020-08-01 03:40:00,526.04
2020-08-01 03:40:00,526.04
2020-08-01 03:40:00,526.04
2020-08-01 03:40:00,526.04
2020-08-01 03:40:00,526.04
2020-08-01 03:40:00,526.04
2020-08-01 03:40:00,526.04
2020-08-01 03:55:00,394.92
2020-08-01 03:55:00,394.92
2020-08-01 03:55:00,394.92
2020-08-01 03:55:00,394.92
2020-08-01 03:55:00,394.92
2020-08-01 03:55:00,394.92
2020-08-01 03:55:00,394.92
2020-08-01 03:55:00,394.92
2020-08-01 03:55:00,394.92
2020-08-01 03:55:00,394.92
2020-08-01 04:10:00,263.79
2020-08-01 04:10:00,263.79
2020-08-01 04:10:00,263.79
2020-08-01 04:10:00,263.79
2020-08-01 04:10:00,263.79
2020-08-01 04:10:00,263.79
2020-08-01 04:10:00,263.79
2020-08-01 04:10:00,263.79
2020-08-01 04:10:00,263.79
2020-08-01 04:10:00,263.79
2020-08-01 04:25:00,229.89
2020-08-01 04:25:00,229.89
2020-08-01 04:25:00,229.89
2020-08-01 04:25:00,229.89
2020-08-01 04:25:00,229.89
2020-08-01 04:25:00,229.89
2020-08-01 04:25:00,229.89
2020-08-01 04:25:00,229.89
2020-08-01 04:25:00,229.89
2020-08-01 04:25:00,229.89
2020-08-01 04:40:00,195.99
2020-08-01 04:40:00,195.99
2020-08-01 04:40:00,195.99
2020-08-01 04:40:00,195.99
2020-08-01 04:40:00,195.99
2020-08-01 04:40:00,195.99
2020-08-01 04:40:00,195.99
2020-08-01 04:40:00,195.99
2020-08-01 04:40:00,195.99
2020-08-01 04:40:00,195.99
2020-08-01 04:55:00,285.11
2020-08-01 04:55:00,285.11
2020-08-01 04:55:00,285.11
2020-08-01 04:55:00,285.11
2020-08-01 04:55:00,285.11
2020-08-01 04:55:00,285.11
2020-08-01 04:55:00,285.11
2020-08-01 04:55:00,285.11
2020-08-01 04:55:00,285.11
2020-08-01 04:55:00,285.11
2020-08-01 05:10:00,374.23
2020-08-01 05:10:00,374.23
2020-08-01 05:10:00,374.23
2020-08-01 05:10:00,374.23
2020-08-01 05:10:00,374.23
2020-08-01 05:10:00,374.23
2020-08-01 05:10:00,374.23
2020-08-01 05:10:00,374.23
2020-08-01 05:10:00,374.23
2020-08-01 05:10:00,374.23
2020-08-01 05:25:00,240.93
2020-08-01 05:25:00,240.93
2020-08-01 05:25:00,240.93
2020-08-01 05:25:00,240.93
2020-08-01 05:25:00,240.93
2020-08-01 05:25:00,240.93
2020-08-01 05:25:00,240.93
2020-08-01 05:25:00,240.93
2020-08-01 05:25:00,240.93
2020-08-01 05:25:00,240.93
2020-08-01 05:40:00,107.63
2020-08-01 05:40:00,107.63
2020-08-01 05:40:00,107.63
2020-08-01 05:40:00,107.63
2020-08-01 05:40:00,107.63
2020-08-01 05:40:00,107.63
2020-08-01 05:40:00,107.63
2020-08-01 05:40:00,107.63
2020-08-01 05:40:00,107.63
2020-08-01 05:40:00,107.63
2020-08-01 05:55:00,61.5
2020-08-01 05:55:00,61.5
2020-08-01 05:55:00,61.5
2020-08-01 05:55:00,61.5
2020-08-01 05:55:00,61.5
2020-08-01 05:55:00,61.5
2020-08-01 05:55:00,61.5
2020-08-01 05:55:00,61.5
2020-08-01 05:55:00,61.5
2020-08-01 05:55:00,61.5
2020-08-01 06:10:00,15.36
2020-08-01 06:10:00,15.36
2020-08-01 06:10:00,15.36
2020-08-01 06:10:00,15.36
2020-08-01 06:10:00,15.36
2020-08-01 06:10:00,15.36
2020-08-01 06:10:00,15.36
2020-08-01 06:10:00,15.36
2020-08-01 06:10:00,15.36
2020-08-01 06:10:00,15.36
2020-08-01 06:25:00,49.84
2020-08-01 06:25:00,49.84
2020-08-01 06:25:00,49.84
2020-08-01 06:25:00,49.84
2020-08-01 06:25:00,49.84
2020-08-01 06:25:00,49.84
2020-08-01 06:25:00,49.84
2020-08-01 06:25:00,49.84
2020-08-01 06:25:00,49.84
2020-08-01 06:25:00,49.84
2020-08-01 06:40:00,84.31
2020-08-01 06:40:00,84.31
2020-08-01 06:40:00,84.31
2020-08-01 06:40:00,84.31
2020-08-01 06:40:00,84.31
2020-08-01 06:40:00,84.31
2020-08-01 06:40:00,84.31
2020-08-01 06:40:00,84.31
2020-08-01 06:40:00,84.31
2020-08-01 06:40:00,84.31
2020-08-01 06:55:00,53.46
2020-08-01 06:55:00,53.46
2020-08-01 06:55:00,53.46
2020-08-01 06:55:00,53.46
2020-08-01 06:55:00,53.46
2020-08-01 06:55:00,53.46
2020-08-01 06:55:00,53.46
2020-08-01 06:55:00,53.46
2020-08-01 06:55:00,53.46
2020-08-01 06:55:00,53.46
2020-08-01 07:10:00,22.6
2020-08-01 07:10:00,22.6
2020-08-01 07:10:00,22.6
2020-08-01 07:10:00,22.6
2020-08-01 07:10:00,22.6
2020-08-01 07:10:00,22.6
2020-08-01 07:10:00,22.6
2020-08-01 07:10:00,22.6
2020-08-01 07:10:00,22.6
2020-08-01 07:10:00,22.6
2020-08-01 07:25:00,11.15
2020-08-01 07:25:00,11.15
2020-08-01 07:25:00,11.15
2020-08-01 07:25:00,11.15
2020-08-01 07:25:00,11.15
2020-08-01 07:25:00,11.15
2020-08-01 07:25:00,11.15
2020-08-01 07:25:00,11.15
2020-08-01 07:25:00,11.15
2020-08-01 07:25:00,11.15
2020-08-01 07:40:00,0.0
2020-08-01 07:40:00,0.0
2020-08-01 07:40:00,0.0
2020-08-01 07:40:00,0.0
2020-08-01 07:40:00,0.0
2020-08-01 07:40:00,0.0
2020-08-01 07:40:00,0.0
2020-08-01 07:40:00,0.0
2020-08-01 07:40:00,0.0
2020-08-01 07:40:00,0.0
2020-08-01 07:55:00,24.48
2020-08-01 07:55:00,24.48
2020-08-01 07:55:00,24.48
2020-08-01 07:55:00,24.48
2020-08-01 07:55:00,24.48
2020-08-01 07:55:00,24.48
2020-08-01 07:55:00,24.48
2020-08-01 07:55:00,24.48
2020-08-01 07:55:00,24.48
2020-08-01 07:55:00,24.48
2020-08-01 08:10:00,49.27
2020-08-01 08:10:00,49.27
2020-08-01 08:10:00,49.27
2020-08-01 08:10:00,49.27
2020-08-01 08:10:00,49.27
2020-08-01 08:10:00,49.27
2020-08-01 08:10:00,49.27
2020-08-01 08:10:00,49.27
2020-08-01 08:10:00,49.27
2020-08-01 08:10:00,49.27
2020-08-01 08:25:00,49.27
2020-08-01 08:25:00,49.27
2020-08-01 08:25:00,49.27
2020-08-01 08:25:00,49.27
2020-08-01 08:25:00,49.27
2020-08-01 08:25:00,49.27
2020-08-01 08:25:00,49.27
2020-08-01 08:25:00,49.27
2020-08-01 08:25:00,49.27
2020-08-01 08:25:00,49.27
2020-08-01 08:40:00,0.0
2020-08-01 08:40:00,0.0
2020-08-01 08:40:00,0.0
2020-08-01 08:40:00,0.0
2020-08-01 08:40:00,0.0
2020-08-01 08:40:00,0.0
2020-08-01 08:40:00,0.0
2020-08-01 08:40:00,0.0
2020-08-01 08:40:00,0.0
2020-08-01 08:40:00,0.0
2020-08-01 08:55:00,13.09
2020-08-01 08:55:00,13.09
2020-08-01 08:55:00,13.09
2020-08-01 08:55:00,13.09
2020-08-01 08:55:00,13.09
2020-08-01 08:55:00,13.09
2020-08-01 08:55:00,13.09
2020-08-01 08:55:00,13.09
2020-08-01 08:55:00,13.09
2020-08-01 08:55:00,13.09
2020-08-01 09:10:00,13.09
2020-08-01 09:10:00,13.09
2020-08-01 09:10:00,13.09
2020-08-01 09:10:00,13.09
2020-08-01 09:10:00,13.09
2020-08-01 09:10:00,13.09
2020-08-01 09:10:00,13.09
2020-08-01 09:10:00,13.09
2020-08-01 09:10:00,13.09
2020-08-01 09:10:00,13.09
2020-08-01 09:25:00,13.09
2020-08-01 09:25:00,13.09
2020-08-01 09:25:00,13.09
2020-08-01 09:25:00,13.09
2020-08-01 09:25:00,13.09
2020-08-01 09:25:00,13.09
2020-08-01 09:25:00,13.09
2020-08-01 09:25:00,13.09
2020-08-01 09:25:00,13.09
2020-08-01 09:25:00,13.09
2020-08-01 09:40:00,0.0
2020-08-01 09:40:00,0.0
2020-08-01 09:40:00,0.0
2020-08-01 09:40:00,0.0
2020-08-01 09:40:00,0.0
2020-08-01 09:40:00,0.0
2020-08-01 09:40:00,0.0
2020-08-01 09:40:00,0.0
2020-08-01 09:40:00,0.0
2020-08-01 09:40:00,0.0
2020-08-01 09:55:00,195.59
2020-08-01 09:55:00,195.59
2020-08-01 09:55:00,195.59
2020-08-01 09:55:00,195.59
2020-08-01 09:55:00,195.59
2020-08-01 09:55:00,195.59
2020-08-01 09:55:00,195.59
2020-08-01 09:55:00,195.59
2020-08-01 09:55:00,195.59
2020-08-01 09:55:00,195.59
2020-08-01 10:10:00,195.59
2020-08-01 10:10:00,195.59
2020-08-01 10:10:00,195.59
2020-08-01 10:10:00,195.59
2020-08-01 10:10:00,195.59
2020-08-01 10:10:00,195.59
2020-08-01 10:10:00,195.59
2020-08-01 10:10:00,195.59
2020-08-01 10:10:00,195.59
2020-08-01 10:10:00,195.59
2020-08-01 10:25:00,203.97
2020-08-01 10:25:00,203.97
2020-08-01 10:25:00,203.97
2020-08-01 10:25:00,203.97
2020-08-01 10:25:00,203.97
2020-08-01 10:25:00,203.97
2020-08-01 10:25:00,203.97
2020-08-01 10:25:00,203.97
2020-08-01 10:25:00,203.97
2020-08-01 10:25:00,203.97
2020-08-01 10:40:00,212.35
2020-08-01 10:40:00,212.35
2020-08-01 10:40:00,212.35
2020-08-01 10:40:00,212.35
2020-08-01 10:40:00,212.35
2020-08-01 10:40:00,212.35
2020-08-01 10:40:00,212.35
2020-08-01 10:40:00,212.35
2020-08-01 10:40:00,212.35
2020-08-01 10:40:00,212.35
2020-08-01 10:55:00,217.88
2020-08-01 10:55:00,217.88
2020-08-01 10:55:00,217.88
2020-08-01 10:55:00,217.88
2020-08-01 10:55:00,217.88
2020-08-01 10:55:00,217.88
2020-08-01 10:55:00,217.88
2020-08-01 10:55:00,217.88
2020-08-01 10:55:00,217.88
2020-08-01 10:55:00,217.88
2020-08-01 11:10:00,223.4
2020-08-01 11:10:00,223.4
2020-08-01 11:10:00,223.4
2020-08-01 11:10:00,223.4
2020-08-01 11:10:00,223.4
2020-08-01 11:10:00,223.4
2020-08-01 11:10:00,223.4
2020-08-01 11:10:00,223.4
2020-08-01 11:10:00,223.4
2020-08-01 11:10:00,223.4
2020-08-01 11:25:00,338.58
2020-08-01 11:25:00,338.58
2020-08-01 11:25:00,338.58
2020-08-01 11:25:00,338.58
2020-08-01 11:25:00,338.58
2020-08-01 11:25:00,338.58
2020-08-01 11:25:00,338.58
2020-08-01 11:25:00,338.58
2020-08-01 11:25:00,338.58
2020-08-01 11:25:00,338.58
2020-08-01 11:40:00,453.76
2020-08-01 11:40:00,453.76
2020-08-01 11:40:00,453.76
2020-08-01 11:40:00,453.76
2020-08-01 11:40:00,453.76
2020-08-01 11:40:00,453.76
2020-08-01 11:40:00,453.76
2020-08-01 11:40:00,453.76
2020-08-01 11:40:00,453.76
2020-08-01 11:40:00,453.76
2020-08-01 11:55:00,474.08
2020-08-01 11:55:00,474.08
2020-08-01 11:55:00,474.08
2020-08-01 11:55:00,474.08
2020-08-01 11:55:00,474.08
2020-08-01 11:55:00,474.08
2020-08-01 11:55:00,474.08
2020-08-01 11:55:00,474.08
2020-08-01 11:55:00,474.08
2020-08-01 11:55:00,474.08
2020-08-01 12:10:00,494.4
2020-08-01 12:10:00,494.4
2020-08-01 12:10:00,494.4
2020-08-01 12:10:00,494.4
2020-08-01 12:10:00,494.4
2020-08-01 12:10:00,494.4
2020-08-01 12:10:00,494.4
2020-08-01 12:10:00,494.4
2020-08-01 12:10:00,494.4
2020-08-01 12:10:00,494.4
2020-08-01 12:25:00,380.17
2020-08-01 12:25:00,380.17
2020-08-01 12:25:00,380.17
2020-08-01 12:25:00,380.17
2020-08-01 12:25:00,380.17
2020-08-01 12:25:00,380.17
2020-08-01 12:25:00,380.17
2020-08-01 12:25:00,380.17
2020-08-01 12:25:00,380.17
2020-08-01 12:25:00,380.17
2020-08-01 12:40:00,265.94
2020-08-01 12:40:00,265.94
2020-08-01 12:40:00,265.94
2020-08-01 12:40:00,265.94
2020-08-01 12:40:00,265.94
2020-08-01 12:40:00,265.94
2020-08-01 12:40:00,265.94
2020-08-01 12:40:00,265.94
2020-08-01 12:40:00,265.94
2020-08-01 12:40:00,265.94
2020-08-01 12:55:00,265.28
2020-08-01 12:55:00,265.28
2020-08-01 12:55:00,265.28
2020-08-01 12:55:00,265.28
2020-08-01 12:55:00,265.28
2020-08-01 12:55:00,265.28
2020-08-01 12:55:00,265.28
2020-08-01 12:55:00,265.28
2020-08-01 12:55:00,265.28
2020-08-01 12:55:00,265.28
2020-08-01 13:10:00,264.62
2020-08-01 13:10:00,264.62
2020-08-01 13:10:00,264.62
2020-08-01 13:10:00,264.62
2020-08-01 13:10:00,264.62
2020-08-01 13:10:00,264.62
2020-08-01 13:10:00,264.62
2020-08-01 13:10:00,264.62
2020-08-01 13:10:00,264.62
2020-08-01 13:10:00,264.62
2020-08-01 13:25:00,263.79
2020-08-01 13:25:00,263.79
2020-08-01 13:25:00,263.79
2020-08-01 13:25:00,263.79
2020-08-01 13:25:00,263.79
2020-08-01 13:25:00,263.79
2020-08-01 13:25:00,263.79
2020-08-01 13:25:00,263.79
2020-08-01 13:25:00,263.79
2020-08-01 13:25:00,263.79
2020-08-01 13:40:00,262.96
2020-08-01 13:40:00,262.96
2020-08-01 13:40:00,262.96
2020-08-01 13:40:00,262.96
2020-08-01 13:40:00,262.96
2020-08-01 13:40:00,262.96
2020-08-01 13:40:00,262.96
2020-08-01 13:40:00,262.96
2020-08-01 13:40:00,262.96
2020-08-01 13:40:00,262.96
2020-08-01 13:55:00,245.96
2020-08-01 13:55:00,245.96
2020-08-01 13:55:00,245.96
2020-08-01 13:55:00,245.96
2020-08-01 13:55:00,245.96
2020-08-01 13:55:00,245.96
2020-08-01 13:55:00,245.96
2020-08-01 13:55:00,245.96
2020-08-01 13:55:00,245.96
2020-08-01 13:55:00,245.96
2020-08-01 14:10:00,228.97
2020-08-01 14:10:00,228.97
2020-08-01 14:10:00,228.97
2020-08-01 14:10:00,228.97
2020-08-01 14:10:00,228.97
2020-08-01 14:10:00,228.97
2020-08-01 14:10:00,228.97
2020-08-01 14:10:00,228.97
2020-08-01 14:10:00,228.97
2020-08-01 14:10:00,228.97
2020-08-01 14:25:00,317.99
2020-08-01 14:25:00,317.99
2020-08-01 14:25:00,317.99
2020-08-01 14:25:00,317.99
2020-08-01 14:25:00,317.99
2020-08-01 14:25:00,317.99
2020-08-01 14:25:00,317.99
2020-08-01 14:25:00,317.99
2020-08-01 14:25:00,317.99
2020-08-01 14:25:00,317.99
2020-08-01 14:40:00,407.01
2020-08-01 14:40:00,407.01
2020-08-01 14:40:00,407.01
2020-08-01 14:40:00,407.01
2020-08-01 14:40:00,407.01
2020-08-01 14:40:00,407.01
2020-08-01 14:40:00,407.01
2020-08-01 14:40:00,407.01
2020-08-01 14:40:00,407.01
2020-08-01 14:40:00,407.01
2020-08-01 14:55:00,404.01
2020-08-01 14:55:00,404.01
2020-08-01 14:55:00,404.01
2020-08-01 14:55:00,404.01
2020-08-01 14:55:00,404.01
2020-08-01 14:55:00,404.01
2020-08-01 14:55:00,404.01
2020-08-01 14:55:00,404.01
2020-08-01 14:55:00,404.01
2020-08-01 14:55:00,404.01
2020-08-01 15:10:00,401.01
2020-08-01 15:10:00,401.01
2020-08-01 15:10:00,401.01
2020-08-01 15:10:00,401.01
2020-08-01 15:10:00,401.01
2020-08-01 15:10:00,401.01
2020-08-01 15:10:00,401.01
2020-08-01 15:10:00,401.01
2020-08-01 15:10:00,401.01
2020-08-01 15:10:00,401.01
2020-08-01 15:25:00,460.97
2020-08-01 15:25:00,460.97
2020-08-01 15:25:00,460.97
2020-08-01 15:25:00,460.97
2020-08-01 15:25:00,460.97
2020-08-01 15:25:00,460.97
2020-08-01 15:25:00,460.97
2020-08-01 15:25:00,460.97
2020-08-01 15:25:00,460.97
2020-08-01 15:25:00,460.97
2020-08-01 15:40:00,520.93
2020-08-01 15:40:00,520.93
2020-08-01 15:40:00,520.93
2020-08-01 15:40:00,520.93
2020-08-01 15:40:00,520.93
2020-08-01 15:40:00,520.93
2020-08-01 15:40:00,520.93
2020-08-01 15:40:00,520.93
2020-08-01 15:40:00,520.93
2020-08-01 15:40:00,520.93
2020-08-01 15:55:00,488.78
2020-08-01 15:55:00,488.78
2020-08-01 15:55:00,488.78
2020-08-01 15:55:00,488.78
2020-08-01 15:55:00,488.78
2020-08-01 15:55:00,488.78
2020-08-01 15:55:00,488.78
2020-08-01 15:55:00,488.78
2020-08-01 15:55:00,488.78
2020-08-01 15:55:00,488.78
2020-08-01 16:10:00,456.62
2020-08-01 16:10:00,456.62
2020-08-01 16:10:00,456.62
2020-08-01 16:10:00,456.62
2020-08-01 16:10:00,456.62
2020-08-01 16:10:00,456.62
2020-08-01 16:10:00,456.62
2020-08-01 16:10:00,456.62
2020-08-01 16:10:00,456.62
2020-08-01 16:10:00,456.62
2020-08-01 16:25:00,476.99
2020-08-01 16:25:00,476.99
2020-08-01 16:25:00,476.99
2020-08-01 16:25:00,476.99
2020-08-01 16:25:00,476.99
2020-08-01 16:25:00,476.99
2020-08-01 16:25:00,476.99
2020-08-01 16:25:00,476.99
2020-08-01 16:25:00,476.99
2020-08-01 16:25:00,476.99
2020-08-01 16:40:00,497.36
2020-08-01 16:40:00,497.36
2020-08-01 16:40:00,497.36
2020-08-01 16:40:00,497.36
2020-08-01 16:40:00,497.36
2020-08-01 16:40:00,497.36
2020-08-01 16:40:00,497.36
2020-08-01 16:40:00,497.36
2020-08-01 16:40:00,497.36
2020-08-01 16:40:00,497.36
2020-08-01 16:55:00,575.9
2020-08-01 16:55:00,575.9
2020-08-01 16:55:00,575.9
2020-08-01 16:55:00,575.9
2020-08-01 16:55:00,575.9
2020-08-01 16:55:00,575.9
2020-08-01 16:55:00,575.9
2020-08-01 16:55:00,575.9
2020-08-01 16:55:00,575.9
2020-08-01 16:55:00,575.9
2020-08-01 17:10:00,654.44
2020-08-01 17:10:00,654.44
2020-08-01 17:10:00,654.44
2020-08-01 17:10:00,654.44
2020-08-01 17:10:00,654.44
2020-08-01 17:10:00,654.44
2020-08-01 17:10:00,654.44
2020-08-01 17:10:00,654.44
2020-08-01 17:10:00,654.44
2020-08-01 17:10:00,654.44
2020-08-01 17:25:00,795.82
2020-08-01 17:25:00,795.82
2020-08-01 17:25:00,795.82
2020-08-01 17:25:00,795.82
2020-08-01 17:25:00,795.82
2020-08-01 17:25:00,795.82
2020-08-01 17:25:00,795.82
2020-08-01 17:25:00,795.82
2020-08-01 17:25:00,795.82
2020-08-01 17:25:00,795.82
2020-08-01 17:40:00,937.21
2020-08-01 17:40:00,937.21
2020-08-01 17:40:00,937.21
2020-08-01 17:40:00,937.21
2020-08-01 17:40:00,937.21
2020-08-01 17:40:00,937.21
2020-08-01 17:40:00,937.21
2020-08-01 17:40:00,937.21
2020-08-01 17:40:00,937.21
2020-08-01 17:40:00,937.21
2020-08-01 17:55:00,1030.4
2020-08-01 17:55:00,1030.4
2020-08-01 17:55:00,1030.4
2020-08-01 17:55:00,1030.4
2020-08-01 17:55:00,1030.4
2020-08-01 17:55:00,1030.4
2020-08-01 17:55:00,1030.4
2020-08-01 17:55:00,1030.4
2020-08-01 17:55:00,1030.4
2020-08-01 17:55:00,1030.4
2020-08-01 18:10:00,1123.6
2020-08-01 18:10:00,1123.6
2020-08-01 18:10:00,1123.6
2020-08-01 18:10:00,1123.6
2020-08-01 18:10:00,1123.6
2020-08-01 18:10:00,1123.6
2020-08-01 18:10:00,1123.6
2020-08-01 18:10:00,1123.6
2020-08-01 18:10:00,1123.6
2020-08-01 18:10:00,1123.6
2020-08-01 18:25:00,1039.4
2020-08-01 18:25:00,1039.4
2020-08-01 18:25:00,1039.4
2020-08-01 18:25:00,1039.4
2020-08-01 18:25:00,1039.4
2020-08-01 18:25:00,1039.4
2020-08-01 18:25:00,1039.4
2020-08-01 18:25:00,1039.4
2020-08-01 18:25:00,1039.4
2020-08-01 18:25:00,1039.4
2020-08-01 18:40:00,955.19
2020-08-01 18:40:00,955.19
2020-08-01 18:40:00,955.19
2020-08-01 18:40:00,955.19
2020-08-01 18:40:00,955.19
2020-08-01 18:40:00,955.19
2020-08-01 18:40:00,955.19
2020-08-01 18:40:00,955.19
2020-08-01 18:40:00,955.19
2020-08-01 18:40:00,955.19
2020-08-01 18:55:00,899.98
2020-08-01 18:55:00,899.98
2020-08-01 18:55:00,899.98
2020-08-01 18:55:00,899.98
2020-08-01 18:55:00,899.98
2020-08-01 18:55:00,899.98
2020-08-01 18:55:00,899.98
2020-08-01 18:55:00,899.98
2020-08-01 18:55:00,899.98
2020-08-01 18:55:00,899.98
2020-08-01 19:10:00,844.76
2020-08-01 19:10:00,844.76
2020-08-01 19:10:00,844.76
2020-08-01 19:10:00,844.76
2020-08-01 19:10:00,844.76
2020-08-01 19:10:00,844.76
2020-08-01 19:10:00,844.76
2020-08-01 19:10:00,844.76
2020-08-01 19:10:00,844.76
2020-08-01 19:10:00,844.76
2020-08-01 19:25:00,502.62
2020-08-01 19:25:00,502.62
2020-08-01 19:25:00,502.62
2020-08-01 19:25:00,502.62
2020-08-01 19:25:00,502.62
2020-08-01 19:25:00,502.62
2020-08-01 19:25:00,502.62
2020-08-01 19:25:00,502.62
2020-08-01 19:25:00,502.62
2020-08-01 19:25:00,502.62
2020-08-01 19:40:00,160.49
2020-08-01 19:40:00,160.49
2020-08-01 19:40:00,160.49
2020-08-01 19:40:00,160.49
2020-08-01 19:40:00,160.49
2020-08-01 19:40:00,160.49
2020-08-01 19:40:00,160.49
2020-08-01 19:40:00,160.49
2020-08-01 19:40:00,160.49
2020-08-01 19:40:00,160.49
2020-08-01 19:55:00,244.36
2020-08-01 19:55:00,244.36
2020-08-01 19:55:00,244.36
2020-08-01 19:55:00,244.36
2020-08-01 19:55:00,244.36
2020-08-01 19:55:00,244.36
2020-08-01 19:55:00,244.36
2020-08-01 19:55:00,244.36
2020-08-01 19:55:00,244.36
2020-08-01 19:55:00,244.36
2020-08-01 20:10:00,328.22
2020-08-01 20:10:00,328.22
2020-08-01 20:10:00,328.22
2020-08-01 20:10:00,328.22
2020-08-01 20:10:00,328.22
2020-08-01 20:10:00,328.22
2020-08-01 20:10:00,328.22
2020-08-01 20:10:00,328.22
2020-08-01 20:10:00,328.22
2020-08-01 20:10:00,328.22
2020-08-01 20:25:00,313.4
2020-08-01 20:25:00,313.4
2020-08-01 20:25:00,313.4
2020-08-01 20:25:00,313.4
2020-08-01 20:25:00,313.4
2020-08-01 20:25:00,313.4
2020-08-01 20:25:00,313.4
2020-08-01 20:25:00,313.4
2020-08-01 20:25:00,313.4
2020-08-01 20:25:00,313.4
2020-08-01 20:40:00,298.58
2020-08-01 20:40:00,298.58
2020-08-01 20:40:00,298.58
2020-08-01 20:40:00,298.58
2020-08-01 20:40:00,298.58
2020-08-01 20:40:00,298.58
2020-08-01 20:40:00,298.58
2020-08-01 20:40:00,298.58
2020-08-01 20:40:00,298.58
2020-08-01 20:40:00,298.58
2020-08-01 20:55:00,483.64
2020-08-01 20:55:00,483.64
2020-08-01 20:55:00,483.64
2020-08-01 20:55:00,483.64
2020-08-01 20:55:00,483.64
2020-08-01 20:55:00,483.64
2020-08-01 20:55:00,483.64
2020-08-01 20:55:00,483.64
2020-08-01 20:55:00,483.64
2020-08-01 20:55:00,483.64
2020-08-01 21:10:00,668.69
2020-08-01 21:10:00,668.69
2020-08-01 21:10:00,668.69
2020-08-01 21:10:00,668.69
2020-08-01 21:10:00,668.69
2020-08-01 21:10:00,668.69
2020-08-01 21:10:00,668.69
2020-08-01 21:10:00,668.69
2020-08-01 21:10:00,668.69
2020-08-01 21:10:00,668.69
2020-08-01 21:25:00,702.62
2020-08-01 21:25:00,702.62
2020-08-01 21:25:00,702.62
2020-08-01 21:25:00,702.62
2020-08-01 21:25:00,702.62
2020-08-01 21:25:00,702.62
2020-08-01 21:25:00,702.62
2020-08-01 21:25:00,702.62
2020-08-01 21:25:00,702.62
2020-08-01 21:25:00,702.62
2020-08-01 21:40:00,736.56
2020-08-01 21:40:00,736.56
2020-08-01 21:40:00,736.56
2020-08-01 21:40:00,736.56
2020-08-01 21:40:00,736.56
2020-08-01 21:40:00,736.56
2020-08-01 21:40:00,736.56
2020-08-01 21:40:00,736.56
2020-08-01 21:40:00,736.56
2020-08-01 21:40:00,736.56
2020-08-01 21:55:00,989.95
2020-08-01 21:55:00,989.95
2020-08-01 21:55:00,989.95
2020-08-01 21:55:00,989.95
2020-08-01 21:55:00,989.95
2020-08-01 21:55:00,989.95
2020-08-01 21:55:00,989.95
2020-08-01 21:55:00,989.95
2020-08-01 21:55:00,989.95
2020-08-01 21:55:00,989.95
2020-08-01 22:10:00,1243.34
2020-08-01 22:10:00,1243.34
2020-08-01 22:10:00,1243.34
2020-08-01 22:10:00,1243.34
2020-08-01 22:10:00,1243.34
2020-08-01 22:10:00,1243.34
2020-08-01 22:10:00,1243.34
2020-08-01 22:10:00,1243.34
2020-08-01 22:10:00,1243.34
2020-08-01 22:10:00,1243.34
2020-08-01 22:25:00,1380.02
2020-08-01 22:25:00,1380.02
2020-08-01 22:25:00,1380.02
2020-08-01 22:25:00,1380.02
2020-08-01 22:25:00,1380.02
2020-08-01 22:25:00,1380.02
2020-08-01 22:25:00,1380.02
2020-08-01 22:25:00,1380.02
2020-08-01 22:25:00,1380.02
2020-08-01 22:25:00,1380.02
2020-08-01 22:40:00,1516.69
2020-08-01 22:40:00,1516.69
2020-08-01 22:40:00,1516.69
2020-08-01 22:40:00,1516.69
2020-08-01 22:40:00,1516.69
2020-08-01 22:40:00,1516.69
2020-08-01 22:40:00,1516.69
2020-08-01 22:40:00,1516.69
2020-08-01 22:40:00,1516.69
2020-08-01 22:40:00,1516.69
2020-08-01 22:55:00,1383.45
2020-08-01 22:55:00,1383.45
2020-08-01 22:55:00,1383.45
2020-08-01 22:55:00,1383.45
2020-08-01 22:55:00,1383.45
2020-08-01 22:55:00,1383.45
2020-08-01 22:55:00,1383.45
2020-08-01 22:55:00,1383.45
2020-08-01 22:55:00,1383.45
2020-08-01 22:55:00,1383.45
2020-08-01 23:10:00,1250.21
2020-08-01 23:10:00,1250.21
2020-08-01 23:10:00,1250.21
2020-08-01 23:10:00,1250.21
2020-08-01 23:10:00,1250.21
2020-08-01 23:10:00,1250.21
2020-08-01 23:10:00,1250.21
2020-08-01 23:10:00,1250.21
2020-08-01 23:10:00,1250.21
2020-08-01 23:10:00,1250.21
2020-08-01 23:25:00,1212.8
2020-08-01 23:25:00,1212.8
2020-08-01 23:25:00,1212.8
2020-08-01 23:25:00,1212.8
2020-08-01 23:25:00,1212.8
2020-08-01 23:25:00,1212.8
2020-08-01 23:25:00,1212.8
2020-08-01 23:25:00,1212.8
2020-08-01 23:25:00,1212.8
2020-08-01 23:25:00,1212.8
2020-08-01 23:40:00,1175.39
2020-08-01 23:40:00,1175.39
2020-08-01 23:40:00,1175.39
2020-08-01 23:40:00,1175.39
2020-08-01 23:40:00,1175.39
2020-08-01 23:40:00,1175.39
2020-08-01 23:40:00,1175.39
2020-08-01 23:40:00,1175.39
2020-08-01 23:40:00,1175.39
2020-08-01 23:40:00,1175.39
2020-08-01 23:55:00,852.44
2020-08-01 23:55:00,852.44
2020-08-01 23:55:00,852.44
2020-08-01 23:55:00,852.44
2020-08-01 23:55:00,852.44
2020-08-01 23:55:00,852.44
2020-08-01 23:55:00,852.44
2020-08-01 23:55:00,852.44
2020-08-01 23:55:00,852.44
2020-08-01 23:55:00,852.44
2020-08-02 00:10:00,529.5
2020-08-02 00:10:00,529.5
2020-08-02 00:10:00,529.5
2020-08-02 00:10:00,529.5
2020-08-02 00:10:00,529.5
2020-08-02 00:10:00,529.5
2020-08-02 00:10:00,529.5
2020-08-02 00:10:00,529.5
2020-08-02 00:10:00,529.5
2020-08-02 00:10:00,529.5
2020-08-02 00:25:00,546.45
2020-08-02 00:25:00,546.45
2020-08-02 00:25:00,546.45
2020-08-02 00:25:00,546.45
2020-08-02 00:25:00,546.45
2020-08-02 00:25:00,546.45
2020-08-02 00:25:00,546.45
2020-08-02 00:25:00,546.45
2020-08-02 00:25:00,546.45
2020-08-02 00:25:00,546.45
2020-08-02 00:40:00,563.4
2020-08-02 00:40:00,563.4
2020-08-02 00:40:00,563.4
2020-08-02 00:40:00,563.4
2020-08-02 00:40:00,563.4
2020-08-02 00:40:00,563.4
2020-08-02 00:40:00,563.4
2020-08-02 00:40:00,563.4
2020-08-02 00:40:00,563.4
2020-08-02 00:40:00,563.4
2020-08-02 00:55:00,643.26
2020-08-02 00:55:00,643.26
2020-08-02 00:55:00,643.26
2020-08-02 00:55:00,643.26
2020-08-02 00:55:00,643.26
2020-08-02 00:55:00,643.26
2020-08-02 00:55:00,643.26
2020-08-02 00:55:00,643.26
2020-08-02 00:55:00,643.26
2020-08-02 00:55:00,643.26
2020-08-02 01:10:00,723.12
2020-08-02 01:10:00,723.12
2020-08-02 01:10:00,723.12
2020-08-02 01:10:00,723.12
2020-08-02 01:10:00,723.12
2020-08-02 01:10:00,723.12
2020-08-02 01:10:00,723.12
2020-08-02 01:10:00,723.12
2020-08-02 01:10:00,723.12
2020-08-02 01:10:00,723.12
2020-08-02 01:25:00,703.56
2020-08-02 01:25:00,703.56
2020-08-02 01:25:00,703.56
2020-08-02 01:25:00,703.56
2020-08-02 01:25:00,703.56
2020-08-02 01:25:00,703.56
2020-08-02 01:25:00,703.56
2020-08-02 01:25:00,703.56
2020-08-02 01:25:00,703.56
2020-08-02 01:25:00,703.56
2020-08-02 01:40:00,683.99
2020-08-02 01:40:00,683.99
2020-08-02 01:40:00,683.99
2020-08-02 01:40:00,683.99
2020-08-02 01:40:00,683.99
2020-08-02 01:40:00,683.99
2020-08-02 01:40:00,683.99
2020-08-02 01:40:00,683.99
2020-08-02 01:40:00,683.99
2020-08-02 01:40:00,683.99
2020-08-02 01:55:00,665.68
2020-08-02 01:55:00,665.68
2020-08-02 01:55:00,665.68
2020-08-02 01:55:00,665.68
2020-08-02 01:55:00,665.68
2020-08-02 01:55:00,665.68
2020-08-02 01:55:00,665.68
2020-08-02 01:55:00,665.68
2020-08-02 01:55:00,665.68
2020-08-02 01:55:00,665.68
2020-08-02 02:10:00,647.38
2020-08-02 02:10:00,647.38
2020-08-02 02:10:00,647.38
2020-08-02 02:10:00,647.38
2020-08-02 02:10:00,647.38
2020-08-02 02:10:00,647.38
2020-08-02 02:10:00,647.38
2020-08-02 02:10:00,647.38
2020-08-02 02:10:00,647.38
2020-08-02 02:10:00,647.38
2020-08-02 02:25:00,679.5
2020-08-02 02:25:00,679.5
2020-08-02 02:25:00,679.5
2020-08-02 02:25:00,679.5
2020-08-02 02:25:00,679.5
2020-08-02 02:25:00,679.5
2020-08-02 02:25:00,679.5
2020-08-02 02:25:00,679.5
2020-08-02 02:25:00,679.5
2020-08-02 02:25:00,679.5
2020-08-02 02:40:00,711.61
2020-08-02 02:40:00,711.61
2020-08-02 02:40:00,711.61
2020-08-02 02:40:00,711.61
2020-08-02 02:40:00,711.61
2020-08-02 02:40:00,711.61
2020-08-02 02:40:00,711.61
2020-08-02 02:40:00,711.61
2020-08-02 02:40:00,711.61
2020-08-02 02:40:00,711.61
2020-08-02 02:55:00,779.84
2020-08-02 02:55:00,779.84
2020-08-02 02:55:00,779.84
2020-08-02 02:55:00,779.84
2020-08-02 02:55:00,779.84
2020-08-02 02:55:00,779.84
2020-08-02 02:55:00,779.84
2020-08-02 02:55:00,779.84
2020-08-02 02:55:00,779.84
2020-08-02 02:55:00,779.84
2020-08-02 03:10:00,848.07
2020-08-02 03:10:00,848.07
2020-08-02 03:10:00,848.07
2020-08-02 03:10:00,848.07
2020-08-02 03:10:00,848.07
2020-08-02 03:10:00,848.07
2020-08-02 03:10:00,848.07
2020-08-02 03:10:00,848.07
2020-08-02 03:10:00,848.07
2020-08-02 03:10:00,848.07
2020-08-02 03:25:00,876.88
2020-08-02 03:25:00,876.88
2020-08-02 03:25:00,876.88
2020-08-02 03:25:00,876.88
2020-08-02 03:25:00,876.88
2020-08-02 03:25:00,876.88
2020-08-02 03:25:00,876.88
2020-08-02 03:25:00,876.88
2020-08-02 03:25:00,876.88
2020-08-02 03:25:00,876.88
2020-08-02 03:40:00,905.7
2020-08-02 03:40:00,905.7
2020-08-02 03:40:00,905.7
2020-08-02 03:40:00,905.7
2020-08-02 03:40:00,905.7
2020-08-02 03:40:00,905.7
2020-08-02 03:40:00,905.7
2020-08-02 03:40:00,905.7
2020-08-02 03:40:00,905.7
2020-08-02 03:40:00,905.7
2020-08-02 03:55:00,905.68
2020-08-02 03:55:00,905.68
2020-08-02 03:55:00,905.68
2020-08-02 03:55:00,905.68
2020-08-02 03:55:00,905.68
2020-08-02 03:55:00,905.68
2020-08-02 03:55:00,905.68
2020-08-02 03:55:00,905.68
2020-08-02 03:55:00,905.68
2020-08-02 03:55:00,905.68
2020-08-02 04:10:00,905.66
2020-08-02 04:10:00,905.66
2020-08-02 04:10:00,905.66
2020-08-02 04:10:00,905.66
2020-08-02 04:10:00,905.66
2020-08-02 04:10:00,905.66
2020-08-02 04:10:00,905.66
2020-08-02 04:10:00,905.66
2020-08-02 04:10:00,905.66
2020-08-02 04:10:00,905.66
2020-08-02 04:25:00,924.98
2020-08-02 04:25:00,924.98
2020-08-02 04:25:00,924.98
2020-08-02 04:25:00,924.98
2020-08-02 04:25:00,924.98
2020-08-02 04:25:00,924.98
2020-08-02 04:25:00,924.98
2020-08-02 04:25:00,924.98
2020-08-02 04:25:00,924.98
2020-08-02 04:25:00,924.98
2020-08-02 04:40:00,944.3
2020-08-02 04:40:00,944.3
2020-08-02 04:40:00,944.3
2020-08-02 04:40:00,944.3
2020-08-02 04:40:00,944.3
2020-08-02 04:40:00,944.3
2020-08-02 04:40:00,944.3
2020-08-02 04:40:00,944.3
2020-08-02 04:40:00,944.3
2020-08-02 04:40:00,944.3
2020-08-02 04:55:00,1014.8
2020-08-02 04:55:00,1014.8
2020-08-02 04:55:00,1014.8
2020-08-02 04:55:00,1014.8
2020-08-02 04:55:00,1014.8
2020-08-02 04:55:00,1014.8
2020-08-02 04:55:00,1014.8
2020-08-02 04:55:00,1014.8
2020-08-02 04:55:00,1014.8
2020-08-02 04:55:00,1014.8
2020-08-02 05:10:00,1085.31
2020-08-02 05:10:00,1085.31
2020-08-02 05:10:00,1085.31
2020-08-02 05:10:00,1085.31
2020-08-02 05:10:00,1085.31
2020-08-02 05:10:00,1085.31
2020-08-02 05:10:00,1085.31
2020-08-02 05:10:00,1085.31
2020-08-02 05:10:00,1085.31
2020-08-02 05:10:00,1085.31
2020-08-02 05:25:00,1053.95
2020-08-02 05:25:00,1053.95
2020-08-02 05:25:00,1053.95
2020-08-02 05:25:00,1053.95
2020-08-02 05:25:00,1053.95
2020-08-02 05:25:00,1053.95
2020-08-02 05:25:00,1053.95
2020-08-02 05:25:00,1053.95
2020-08-02 05:25:00,1053.95
2020-08-02 05:25:00,1053.95
2020-08-02 05:40:00,1022.59
2020-08-02 05:40:00,1022.59
2020-08-02 05:40:00,1022.59
2020-08-02 05:40:00,1022.59
2020-08-02 05:40:00,1022.59
2020-08-02 05:40:00,1022.59
2020-08-02 05:40:00,1022.59
2020-08-02 05:40:00,1022.59
2020-08-02 05:40:00,1022.59
2020-08-02 05:40:00,1022.59
2020-08-02 05:55:00,1170.78
2020-08-02 05:55:00,1170.78
2020-08-02 05:55:00,1170.78
2020-08-02 05:55:00,1170.78
2020-08-02 05:55:00,1170.78
2020-08-02 05:55:00,1170.78
2020-08-02 05:55:00,1170.78
2020-08-02 05:55:00,1170.78
2020-08-02 05:55:00,1170.78
2020-08-02 05:55:00,1170.78
2020-08-02 06:10:00,1318.97
2020-08-02 06:10:00,1318.97
2020-08-02 06:10:00,1318.97
2020-08-02 06:10:00,1318.97
2020-08-02 06:10:00,1318.97
2020-08-02 06:10:00,1318.97
2020-08-02 06:10:00,1318.97
2020-08-02 06:10:00,1318.97
2020-08-02 06:10:00,1318.97
2020-08-02 06:10:00,1318.97
2020-08-02 06:25:00,1321.6
2020-08-02 06:25:00,1321.6
2020-08-02 06:25:00,1321.6
2020-08-02 06:25:00,1321.6
2020-08-02 06:25:00,1321.6
2020-08-02 06:25:00,1321.6
2020-08-02 06:25:00,1321.6
2020-08-02 06:25:00,1321.6
2020-08-02 06:25:00,1321.6
2020-08-02 06:25:00,1321.6
2020-08-02 06:40:00,1324.24
2020-08-02 06:40:00,1324.24
2020-08-02 06:40:00,1324.24
2020-08-02 06:40:00,1324.24
2020-08-02 06:40:00,1324.24
2020-08-02 06:40:00,1324.24
2020-08-02 06:40:00,1324.24
2020-08-02 06:40:00,1324.24
2020-08-02 06:40:00,1324.24
2020-08-02 06:40:00,1324.24
2020-08-02 06:55:00,1271.34
2020-08-02 06:55:00,1271.34
2020-08-02 06:55:00,1271.34
2020-08-02 06:55:00,1271.34
2020-08-02 06:55:00,1271.34
2020-08-02 06:55:00,1271.34
2020-08-02 06:55:00,1271.34
2020-08-02 06:55:00,1271.34
2020-08-02 06:55:00,1271.34
2020-08-02 06:55:00,1271.34
2020-08-02 07:10:00,1218.44
2020-08-02 07:10:00,1218.44
2020-08-02 07:10:00,1218.44
2020-08-02 07:10:00,1218.44
2020-08-02 07:10:00,1218.44
2020-08-02 07:10:00,1218.44
2020-08-02 07:10:00,1218.44
2020-08-02 07:10:00,1218.44
2020-08-02 07:10:00,1218.44
2020-08-02 07:10:00,1218.44
2020-08-02 07:25:00,1302.16
2020-08-02 07:25:00,1302.16
2020-08-02 07:25:00,1302.16
2020-08-02 07:25:00,1302.16
2020-08-02 07:25:00,1302.16
2020-08-02 07:25:00,1302.16
2020-08-02 07:25:00,1302.16
2020-08-02 07:25:00,1302.16
2020-08-02 07:25:00,1302.16
2020-08-02 07:25:00,1302.16
2020-08-02 07:40:00,1385.88
2020-08-02 07:40:00,1385.88
2020-08-02 07:40:00,1385.88
2020-08-02 07:40:00,1385.88
2020-08-02 07:40:00,1385.88
2020-08-02 07:40:00,1385.88
2020-08-02 07:40:00,1385.88
2020-08-02 07:40:00,1385.88
2020-08-02 07:40:00,1385.88
2020-08-02 07:40:00,1385.88
2020-08-02 07:55:00,1371.78
2020-08-02 07:55:00,1371.78
2020-08-02 07:55:00,1371.78
2020-08-02 07:55:00,1371.78
2020-08-02 07:55:00,1371.78
2020-08-02 07:55:00,1371.78
2020-08-02 07:55:00,1371.78
2020-08-02 07:55:00,1371.78
2020-08-02 07:55:00,1371.78
2020-08-02 07:55:00,1371.78
2020-08-02 08:10:00,1357.67
2020-08-02 08:10:00,1357.67
2020-08-02 08:10:00,1357.67
2020-08-02 08:10:00,1357.67
2020-08-02 08:10:00,1357.67
2020-08-02 08:10:00,1357.67
2020-08-02 08:10:00,1357.67
2020-08-02 08:10:00,1357.67
2020-08-02 08:10:00,1357.67
2020-08-02 08:10:00,1357.67
2020-08-02 08:25:00,1299.65
2020-08-02 08:25:00,1299.65
2020-08-02 08:25:00,1299.65
2020-08-02 08:25:00,1299.65
2020-08-02 08:25:00,1299.65
2020-08-02 08:25:00,1299.65
2020-08-02 08:25:00,1299.65
2020-08-02 08:25:00,1299.65
2020-08-02 08:25:00,1299.65
2020-08-02 08:25:00,1299.65
2020-08-02 08:40:00,1241.63
2020-08-02 08:40:00,1241.63
2020-08-02 08:40:00,1241.63
2020-08-02 08:40:00,1241.63
2020-08-02 08:40:00,1241.63
2020-08-02 08:40:00,1241.63
2020-08-02 08:40:00,1241.63
2020-08-02 08:40:00,1241.63
2020-08-02 08:40:00,1241.63
2020-08-02 08:40:00,1241.63
2020-08-02 08:55:00,1286.71
2020-08-02 08:55:00,1286.71
2020-08-02 08:55:00,1286.71
2020-08-02 08:55:00,1286.71
2020-08-02 08:55:00,1286.71
2020-08-02 08:55:00,1286.71
2020-08-02 08:55:00,1286.71
2020-08-02 08:55:00,1286.71
2020-08-02 08:55:00,1286.71
2020-08-02 08:55:00,1286.71
2020-08-02 09:10:00,1331.79
2020-08-02 09:10:00,1331.79
2020-08-02 09:10:00,1331.79
2020-08-02 09:10:00,1331.79
2020-08-02 09:10:00,1331.79
2020-08-02 09:10:00,1331.79
2020-08-02 09:10:00,1331.79
2020-08-02 09:10:00,1331.79
2020-08-02 09:10:00,1331.79
2020-08-02 09:10:00,1331.79
2020-08-02 09:25:00,1340.96
2020-08-02 09:25:00,1340.96
2020-08-02 09:25:00,1340.96
2020-08-02 09:25:00,1340.96
2020-08-02 09:25:00,1340.96
2020-08-02 09:25:00,1340.96
2020-08-02 09:25:00,1340.96
2020-08-02 09:25:00,1340.96
2020-08-02 09:25:00,1340.96
2020-08-02 09:25:00,1340.96
2020-08-02 09:40:00,1350.12
2020-08-02 09:40:00,1350.12
2020-08-02 09:40:00,1350.12
2020-08-02 09:40:00,1350.12
2020-08-02 09:40:00,1350.12
2020-08-02 09:40:00,1350.12
2020-08-02 09:40:00,1350.12
2020-08-02 09:40:00,1350.12
2020-08-02 09:40:00,1350.12
2020-08-02 09:40:00,1350.12
2020-08-02 09:55:00,1346.22
2020-08-02 09:55:00,1346.22
2020-08-02 09:55:00,1346.22
2020-08-02 09:55:00,1346.22
2020-08-02 09:55:00,1346.22
2020-08-02 09:55:00,1346.22
2020-08-02 09:55:00,1346.22
2020-08-02 09:55:00,1346.22
2020-08-02 09:55:00,1346.22
2020-08-02 09:55:00,1346.22
2020-08-02 10:10:00,1342.32
2020-08-02 10:10:00,1342.32
2020-08-02 10:10:00,1342.32
2020-08-02 10:10:00,1342.32
2020-08-02 10:10:00,1342.32
2020-08-02 10:10:00,1342.32
2020-08-02 10:10:00,1342.32
2020-08-02 10:10:00,1342.32
2020-08-02 10:10:00,1342.32
2020-08-02 10:10:00,1342.32
2020-08-02 10:25:00,1258.02
2020-08-02 10:25:00,1258.02
2020-08-02 10:25:00,1258.02
2020-08-02 10:25:00,1258.02
2020-08-02 10:25:00,1258.02
2020-08-02 10:25:00,1258.02
2020-08-02 10:25:00,1258.02
2020-08-02 10:25:00,1258.02
2020-08-02 10:25:00,1258.02
2020-08-02 10:25:00,1258.02
2020-08-02 10:40:00,1173.73
2020-08-02 10:40:00,1173.73
2020-08-02 10:40:00,1173.73
2020-08-02 10:40:00,1173.73
2020-08-02 10:40:00,1173.73
2020-08-02 10:40:00,1173.73
2020-08-02 10:40:00,1173.73
2020-08-02 10:40:00,1173.73
2020-08-02 10:40:00,1173.73
2020-08-02 10:40:00,1173.73
2020-08-02 10:55:00,1138.58
2020-08-02 10:55:00,1138.58
2020-08-02 10:55:00,1138.58
2020-08-02 10:55:00,1138.58
2020-08-02 10:55:00,1138.58
2020-08-02 10:55:00,1138.58
2020-08-02 10:55:00,1138.58
2020-08-02 10:55:00,1138.58
2020-08-02 10:55:00,1138.58
2020-08-02 10:55:00,1138.58
2020-08-02 11:10:00,1103.43
2020-08-02 11:10:00,1103.43
2020-08-02 11:10:00,1103.43
2020-08-02 11:10:00,1103.43
2020-08-02 11:10:00,1103.43
2020-08-02 11:10:00,1103.43
2020-08-02 11:10:00,1103.43
2020-08-02 11:10:00,1103.43
2020-08-02 11:10:00,1103.43
2020-08-02 11:10:00,1103.43
2020-08-02 11:25:00,1066.62
2020-08-02 11:25:00,1066.62
2020-08-02 11:25:00,1066.62
2020-08-02 11:25:00,1066.62
2020-08-02 11:25:00,1066.62
2020-08-02 11:25:00,1066.62
2020-08-02 11:25:00,1066.62
2020-08-02 11:25:00,1066.62
2020-08-02 11:25:00,1066.62
2020-08-02 11:25:00,1066.62
2020-08-02 11:40:00,1029.81
2020-08-02 11:40:00,1029.81
2020-08-02 11:40:00,1029.81
2020-08-02 11:40:00,1029.81
2020-08-02 11:40:00,1029.81
2020-08-02 11:40:00,1029.81
2020-08-02 11:40:00,1029.81
2020-08-02 11:40:00,1029.81
2020-08-02 11:40:00,1029.81
2020-08-02 11:40:00,1029.81
2020-08-02 11:55:00,1036.15
2020-08-02 11:55:00,1036.15
2020-08-02 11:55:00,1036.15
2020-08-02 11:55:00,1036.15
2020-08-02 11:55:00,1036.15
2020-08-02 11:55:00,1036.15
2020-08-02 11:55:00,1036.15
2020-08-02 11:55:00,1036.15
2020-08-02 11:55:00,1036.15
2020-08-02 11:55:00,1036.15
2020-08-02 12:10:00,1042.49
2020-08-02 12:10:00,1042.49
2020-08-02 12:10:00,1042.49
2020-08-02 12:10:00,1042.49
2020-08-02 12:10:00,1042.49
2020-08-02 12:10:00,1042.49
2020-08-02 12:10:00,1042.49
2020-08-02 12:10:00,1042.49
2020-08-02 12:10:00,1042.49
2020-08-02 12:10:00,1042.49
2020-08-02 12:25:00,1067.55
2020-08-02 12:25:00,1067.55
2020-08-02 12:25:00,1067.55
2020-08-02 12:25:00,1067.55
2020-08-02 12:25:00,1067.55
2020-08-02 12:25:00,1067.55
2020-08-02 12:25:00,1067.55
2020-08-02 12:25:00,1067.55
2020-08-02 12:25:00,1067.55
2020-08-02 12:25:00,1067.55
2020-08-02 12:40:00,1092.6
2020-08-02 12:40:00,1092.6
2020-08-02 12:40:00,1092.6
2020-08-02 12:40:00,1092.6
2020-08-02 12:40:00,1092.6
2020-08-02 12:40:00,1092.6
2020-08-02 12:40:00,1092.6
2020-08-02 12:40:00,1092.6
2020-08-02 12:40:00,1092.6
2020-08-02 12:40:00,1092.6
2020-08-02 12:55:00,1189.45
2020-08-02 12:55:00,1189.45
2020-08-02 12:55:00,1189.45
2020-08-02 12:55:00,1189.45
2020-08-02 12:55:00,1189.45
2020-08-02 12:55:00,1189.45
2020-08-02 12:55:00,1189.45
2020-08-02 12:55:00,1189.45
2020-08-02 12:55:00,1189.45
2020-08-02 12:55:00,1189.45
2020-08-02 13:10:00,1286.3
2020-08-02 13:10:00,1286.3
2020-08-02 13:10:00,1286.3
2020-08-02 13:10:00,1286.3
2020-08-02 13:10:00,1286.3
2020-08-02 13:10:00,1286.3
2020-08-02 13:10:00,1286.3
2020-08-02 13:10:00,1286.3
2020-08-02 13:10:00,1286.3
2020-08-02 13:10:00,1286.3
2020-08-02 13:25:00,1255.59
2020-08-02 13:25:00,1255.59
2020-08-02 13:25:00,1255.59
2020-08-02 13:25:00,1255.59
2020-08-02 13:25:00,1255.59
2020-08-02 13:25:00,1255.59
2020-08-02 13:25:00,1255.59
2020-08-02 13:25:00,1255.59
2020-08-02 13:25:00,1255.59
2020-08-02 13:25:00,1255.59
2020-08-02 13:40:00,1224.88
2020-08-02 13:40:00,1224.88
2020-08-02 13:40:00,1224.88
2020-08-02 13:40:00,1224.88
2020-08-02 13:40:00,1224.88
2020-08-02 13:40:00,1224.88
2020-08-02 13:40:00,1224.88
2020-08-02 13:40:00,1224.88
2020-08-02 13:40:00,1224.88
2020-08-02 13:40:00,1224.88
2020-08-02 13:55:00,1122.08
2020-08-02 13:55:00,1122.08
2020-08-02 13:55:00,1122.08
2020-08-02 13:55:00,1122.08
2020-08-02 13:55:00,1122.08
2020-08-02 13:55:00,1122.08
2020-08-02 13:55:00,1122.08
2020-08-02 13:55:00,1122.08
2020-08-02 13:55:00,1122.08
2020-08-02 13:55:00,1122.08
2020-08-02 14:10:00,1019.28
2020-08-02 14:10:00,1019.28
2020-08-02 14:10:00,1019.28
2020-08-02 14:10:00,1019.28
2020-08-02 14:10:00,1019.28
2020-08-02 14:10:00,1019.28
2020-08-02 14:10:00,1019.28
2020-08-02 14:10:00,1019.28
2020-08-02 14:10:00,1019.28
2020-08-02 14:10:00,1019.28
2020-08-02 14:25:00,1102.62
2020-08-02 14:25:00,1102.62
2020-08-02 14:25:00,1102.62
2020-08-02 14:25:00,1102.62
2020-08-02 14:25:00,1102.62
2020-08-02 14:25:00,1102.62
2020-08-02 14:25:00,1102.62
2020-08-02 14:25:00,1102.62
2020-08-02 14:25:00,1102.62
2020-08-02 14:25:00,1102.62
2020-08-02 14:40:00,1185.96
2020-08-02 14:40:00,1185.96
2020-08-02 14:40:00,1185.96
2020-08-02 14:40:00,1185.96
2020-08-02 14:40:00,1185.96
2020-08-02 14:40:00,1185.96
2020-08-02 14:40:00,1185.96
2020-08-02 14:40:00,1185.96
2020-08-02 14:40:00,1185.96
2020-08-02 14:40:00,1185.96
2020-08-02 14:55:00,1261.66
2020-08-02 14:55:00,1261.66
2020-08-02 14:55:00,1261.66
2020-08-02 14:55:00,1261.66
2020-08-02 14:55:00,1261.66
2020-08-02 14:55:00,1261.66
2020-08-02 14:55:00,1261.66
2020-08-02 14:55:00,1261.66
2020-08-02 14:55:00,1261.66
2020-08-02 14:55:00,1261.66
2020-08-02 15:10:00,1337.37
2020-08-02 15:10:00,1337.37
2020-08-02 15:10:00,1337.37
2020-08-02 15:10:00,1337.37
2020-08-02 15:10:00,1337.37
2020-08-02 15:10:00,1337.37
2020-08-02 15:10:00,1337.37
2020-08-02 15:10:00,1337.37
2020-08-02 15:10:00,1337.37
2020-08-02 15:10:00,1337.37
2020-08-02 15:25:00,1428.81
2020-08-02 15:25:00,1428.81
2020-08-02 15:25:00,1428.81
2020-08-02 15:25:00,1428.81
2020-08-02 15:25:00,1428.81
2020-08-02 15:25:00,1428.81
2020-08-02 15:25:00,1428.81
2020-08-02 15:25:00,1428.81
2020-08-02 15:25:00,1428.81
2020-08-02 15:25:00,1428.81
2020-08-02 15:40:00,1520.25
2020-08-02 15:40:00,1520.25
2020-08-02 15:40:00,1520.25
2020-08-02 15:40:00,1520.25
2020-08-02 15:40:00,1520.25
2020-08-02 15:40:00,1520.25
2020-08-02 15:40:00,1520.25
2020-08-02 15:40:00,1520.25
2020-08-02 15:40:00,1520.25
2020-08-02 15:40:00,1520.25
2020-08-02 15:55:00,1237.06
2020-08-02 15:55:00,1237.06
2020-08-02 15:55:00,1237.06
2020-08-02 15:55:00,1237.06
2020-08-02 15:55:00,1237.06
2020-08-02 15:55:00,1237.06
2020-08-02 15:55:00,1237.06
2020-08-02 15:55:00,1237.06
2020-08-02 15:55:00,1237.06
2020-08-02 15:55:00,1237.06
2020-08-02 16:10:00,953.87
2020-08-02 16:10:00,953.87
2020-08-02 16:10:00,953.87
2020-08-02 16:10:00,953.87
2020-08-02 16:10:00,953.87
2020-08-02 16:10:00,953.87
2020-08-02 16:10:00,953.87
2020-08-02 16:10:00,953.87
2020-08-02 16:10:00,953.87
2020-08-02 16:10:00,953.87
2020-08-02 16:25:00,820.08
2020-08-02 16:25:00,820.08
2020-08-02 16:25:00,820.08
2020-08-02 16:25:00,820.08
2020-08-02 16:25:00,820.08
2020-08-02 16:25:00,820.08
2020-08-02 16:25:00,820.08
2020-08-02 16:25:00,820.08
2020-08-02 16:25:00,820.08
2020-08-02 16:25:00,820.08
2020-08-02 16:40:00,686.29
2020-08-02 16:40:00,686.29
2020-08-02 16:40:00,686.29
2020-08-02 16:40:00,686.29
2020-08-02 16:40:00,686.29
2020-08-02 16:40:00,686.29
2020-08-02 16:40:00,686.29
2020-08-02 16:40:00,686.29
2020-08-02 16:40:00,686.29
2020-08-02 16:40:00,686.29
2020-08-02 16:55:00,686.29
2020-08-02 16:55:00,686.29
2020-08-02 16:55:00,686.29
2020-08-02 16:55:00,686.29
2020-08-02 16:55:00,686.29
2020-08-02 16:55:00,686.29
2020-08-02 16:55:00,686.29
2020-08-02 16:55:00,686.29
2020-08-02 16:55:00,686.29
2020-08-02 16:55:00,686.29
2020-08-02 17:10:00,0.0
2020-08-02 17:10:00,0.0
2020-08-02 17:10:00,0.0
2020-08-02 17:10:00,0.0
2020-08-02 17:10:00,0.0
2020-08-02 17:10:00,0.0
2020-08-02 17:10:00,0.0
2020-08-02 17:10:00,0.0
2020-08-02 17:10:00,0.0
2020-08-02 17:10:00,0.0
2020-08-02 17:25:00,1460.85
2020-08-02 17:25:00,1460.85
2020-08-02 17:25:00,1460.85
2020-08-02 17:25:00,1460.85
2020-08-02 17:25:00,1460.85
2020-08-02 17:25:00,1460.85
2020-08-02 17:25:00,1460.85
2020-08-02 17:25:00,1460.85
2020-08-02 17:25:00,1460.85
2020-08-02 17:25:00,1460.85
2020-08-02 17:40:00,1460.85
2020-08-02 17:40:00,1460.85
2020-08-02 17:40:00,1460.85
2020-08-02 17:40:00,1460.85
2020-08-02 17:40:00,1460.85
2020-08-02 17:40:00,1460.85
2020-08-02 17:40:00,1460.85
2020-08-02 17:40:00,1460.85
2020-08-02 17:40:00,1460.85
2020-08-02 17:40:00,1460.85
2020-08-02 17:55:00,1490.28
2020-08-02 17:55:00,1490.28
2020-08-02 17:55:00,1490.28
2020-08-02 17:55:00,1490.28
2020-08-02 17:55:00,1490.28
2020-08-02 17:55:00,1490.28
2020-08-02 17:55:00,1490.28
2020-08-02 17:55:00,1490.28
2020-08-02 17:55:00,1490.28
2020-08-02 17:55:00,1490.28
2020-08-02 18:10:00,1519.71
2020-08-02 18:10:00,1519.71
2020-08-02 18:10:00,1519.71
2020-08-02 18:10:00,1519.71
2020-08-02 18:10:00,1519.71
2020-08-02 18:10:00,1519.71
2020-08-02 18:10:00,1519.71
2020-08-02 18:10:00,1519.71
2020-08-02 18:10:00,1519.71
2020-08-02 18:10:00,1519.71
2020-08-02 18:25:00,1519.65
2020-08-02 18:25:00,1519.65
2020-08-02 18:25:00,1519.65
2020-08-02 18:25:00,1519.65
2020-08-02 18:25:00,1519.65
2020-08-02 18:25:00,1519.65
2020-08-02 18:25:00,1519.65
2020-08-02 18:25:00,1519.65
2020-08-02 18:25:00,1519.65
2020-08-02 18:25:00,1519.65
2020-08-02 18:40:00,1519.59
2020-08-02 18:40:00,1519.59
2020-08-02 18:40:00,1519.59
2020-08-02 18:40:00,1519.59
2020-08-02 18:40:00,1519.59
2020-08-02 18:40:00,1519.59
2020-08-02 18:40:00,1519.59
2020-08-02 18:40:00,1519.59
2020-08-02 18:40:00,1519.59
2020-08-02 18:40:00,1519.59
2020-08-02 18:55:00,1519.62
2020-08-02 18:55:00,1519.62
2020-08-02 18:55:00,1519.62
2020-08-02 18:55:00,1519.62
2020-08-02 18:55:00,1519.62
2020-08-02 18:55:00,1519.62
2020-08-02 18:55:00,1519.62
2020-08-02 18:55:00,1519.62
2020-08-02 18:55:00,1519.62
2020-08-02 18:55:00,1519.62
2020-08-02 19:10:00,1519.64
2020-08-02 19:10:00,1519.64
2020-08-02 19:10:00,1519.64
2020-08-02 19:10:00,1519.64
2020-08-02 19:10:00,1519.64
2020-08-02 19:10:00,1519.64
2020-08-02 19:10:00,1519.64
2020-08-02 19:10:00,1519.64
2020-08-02 19:10:00,1519.64
2020-08-02 19:10:00,1519.64
2020-08-02 19:25:00,1511.08
2020-08-02 19:25:00,1511.08
2020-08-02 19:25:00,1511.08
2020-08-02 19:25:00,1511.08
2020-08-02 19:25:00,1511.08
2020-08-02 19:25:00,1511.08
2020-08-02 19:25:00,1511.08
2020-08-02 19:25:00,1511.08
2020-08-02 19:25:00,1511.08
2020-08-02 19:25:00,1511.08
2020-08-02 19:40:00,1502.52
2020-08-02 19:40:00,1502.52
2020-08-02 19:40:00,1502.52
2020-08-02 19:40:00,1502.52
2020-08-02 19:40:00,1502.52
2020-08-02 19:40:00,1502.52
2020-08-02 19:40:00,1502.52
2020-08-02 19:40:00,1502.52
2020-08-02 19:40:00,1502.52
2020-08-02 19:40:00,1502.52
2020-08-02 19:55:00,1496.74
2020-08-02 19:55:00,1496.74
2020-08-02 19:55:00,1496.74
2020-08-02 19:55:00,1496.74
2020-08-02 19:55:00,1496.74
2020-08-02 19:55:00,1496.74
2020-08-02 19:55:00,1496.74
2020-08-02 19:55:00,1496.74
2020-08-02 19:55:00,1496.74
2020-08-02 19:55:00,1496.74
2020-08-02 20:10:00,1490.96
2020-08-02 20:10:00,1490.96
2020-08-02 20:10:00,1490.96
2020-08-02 20:10:00,1490.96
2020-08-02 20:10:00,1490.96
2020-08-02 20:10:00,1490.96
2020-08-02 20:10:00,1490.96
2020-08-02 20:10:00,1490.96
2020-08-02 20:10:00,1490.96
2020-08-02 20:10:00,1490.96
2020-08-02 20:25:00,1451.38
2020-08-02 20:25:00,1451.38
2020-08-02 20:25:00,1451.38
2020-08-02 20:25:00,1451.38
2020-08-02 20:25:00,1451.38
2020-08-02 20:25:00,1451.38
2020-08-02 20:25:00,1451.38
2020-08-02 20:25:00,1451.38
2020-08-02 20:25:00,1451.38
2020-08-02 20:25:00,1451.38
2020-08-02 20:40:00,1411.79
2020-08-02 20:40:00,1411.79
2020-08-02 20:40:00,1411.79
2020-08-02 20:40:00,1411.79
2020-08-02 20:40:00,1411.79
2020-08-02 20:40:00,1411.79
2020-08-02 20:40:00,1411.79
2020-08-02 20:40:00,1411.79
2020-08-02 20:40:00,1411.79
2020-08-02 20:40:00,1411.79
2020-08-02 20:55:00,1411.57
2020-08-02 20:55:00,1411.57
2020-08-02 20:55:00,1411.57
2020-08-02 20:55:00,1411.57
2020-08-02 20:55:00,1411.57
2020-08-02 20:55:00,1411.57
2020-08-02 20:55:00,1411.57
2020-08-02 20:55:00,1411.57
2020-08-02 20:55:00,1411.57
2020-08-02 20:55:00,1411.57
2020-08-02 21:10:00,1411.35
2020-08-02 21:10:00,1411.35
2020-08-02 21:10:00,1411.35
2020-08-02 21:10:00,1411.35
2020-08-02 21:10:00,1411.35
2020-08-02 21:10:00,1411.35
2020-08-02 21:10:00,1411.35
2020-08-02 21:10:00,1411.35
2020-08-02 21:10:00,1411.35
2020-08-02 21:10:00,1411.35
2020-08-02 21:25:00,1462.94
2020-08-02 21:25:00,1462.94
2020-08-02 21:25:00,1462.94
2020-08-02 21:25:00,1462.94
2020-08-02 21:25:00,1462.94
2020-08-02 21:25:00,1462.94
2020-08-02 21:25:00,1462.94
2020-08-02 21:25:00,1462.94
2020-08-02 21:25:00,1462.94
2020-08-02 21:25:00,1462.94
2020-08-02 21:40:00,1514.52
2020-08-02 21:40:00,1514.52
2020-08-02 21:40:00,1514.52
2020-08-02 21:40:00,1514.52
2020-08-02 21:40:00,1514.52
2020-08-02 21:40:00,1514.52
2020-08-02 21:40:00,1514.52
2020-08-02 21:40:00,1514.52
2020-08-02 21:40:00,1514.52
2020-08-02 21:40:00,1514.52
2020-08-02 21:55:00,1506.2
2020-08-02 21:55:00,1506.2
2020-08-02 21:55:00,1506.2
2020-08-02 21:55:00,1506.2
2020-08-02 21:55:00,1506.2
2020-08-02 21:55:00,1506.2
2020-08-02 21:55:00,1506.2
2020-08-02 21:55:00,1506.2
2020-08-02 21:55:00,1506.2
2020-08-02 21:55:00,1506.2
2020-08-02 22:10:00,1497.89
2020-08-02 22:10:00,1497.89
2020-08-02 22:10:00,1497.89
2020-08-02 22:10:00,1497.89
2020-08-02 22:10:00,1497.89
2020-08-02 22:10:00,1497.89
2020-08-02 22:10:00,1497.89
2020-08-02 22:10:00,1497.89
2020-08-02 22:10:00,1497.89
2020-08-02 22:10:00,1497.89
2020-08-02 22:25:00,1508.76
2020-08-02 22:25:00,1508.76
2020-08-02 22:25:00,1508.76
2020-08-02 22:25:00,1508.76
2020-08-02 22:25:00,1508.76
2020-08-02 22:25:00,1508.76
2020-08-02 22:25:00,1508.76
2020-08-02 22:25:00,1508.76
2020-08-02 22:25:00,1508.76
2020-08-02 22:25:00,1508.76
2020-08-02 22:40:00,1519.64
2020-08-02 22:40:00,1519.64
2020-08-02 22:40:00,1519.64
2020-08-02 22:40:00,1519.64
2020-08-02 22:40:00,1519.64
2020-08-02 22:40:00,1519.64
2020-08-02 22:40:00,1519.64
2020-08-02 22:40:00,1519.64
2020-08-02 22:40:00,1519.64
2020-08-02 22:40:00,1519.64
2020-08-02 22:55:00,1516.84
2020-08-02 22:55:00,1516.84
2020-08-02 22:55:00,1516.84
2020-08-02 22:55:00,1516.84
2020-08-02 22:55:00,1516.84
2020-08-02 22:55:00,1516.84
2020-08-02 22:55:00,1516.84
2020-08-02 22:55:00,1516.84
2020-08-02 22:55:00,1516.84
2020-08-02 22:55:00,1516.84
2020-08-02 23:10:00,1514.05
2020-08-02 23:10:00,1514.05
2020-08-02 23:10:00,1514.05
2020-08-02 23:10:00,1514.05
2020-08-02 23:10:00,1514.05
2020-08-02 23:10:00,1514.05
2020-08-02 23:10:00,1514.05
2020-08-02 23:10:00,1514.05
2020-08-02 23:10:00,1514.05
2020-08-02 23:10:00,1514.05
2020-08-02 23:25:00,1515.96
2020-08-02 23:25:00,1515.96
2020-08-02 23:25:00,1515.96
2020-08-02 23:25:00,1515.96
2020-08-02 23:25:00,1515.96
2020-08-02 23:25:00,1515.96
2020-08-02 23:25:00,1515.96
2020-08-02 23:25:00,1515.96
2020-08-02 23:25:00,1515.96
2020-08-02 23:25:00,1515.96
2020-08-02 23:40:00,1517.87
2020-08-02 23:40:00,1517.87
2020-08-02 23:40:00,1517.87
2020-08-02 23:40:00,1517.87
2020-08-02 23:40:00,1517.87
2020-08-02 23:40:00,1517.87
2020-08-02 23:40:00,1517.87
2020-08-02 23:40:00,1517.87
2020-08-02 23:40:00,1517.87
2020-08-02 23:40:00,1517.87
2020-08-02 23:55:00,1517.34
2020-08-02 23:55:00,1517.34
2020-08-02 23:55:00,1517.34
2020-08-02 23:55:00,1517.34
2020-08-02 23:55:00,1517.34
2020-08-02 23:55:00,1517.34
2020-08-02 23:55:00,1517.34
2020-08-02 23:55:00,1517.34
2020-08-02 23:55:00,1517.34
2020-08-02 23:55:00,1517.34
2020-08-03 00:10:00,1516.8
2020-08-03 00:10:00,1516.8
2020-08-03 00:10:00,1516.8
2020-08-03 00:10:00,1516.8
2020-08-03 00:10:00,1516.8
2020-08-03 00:10:00,1516.8
2020-08-03 00:10:00,1516.8
2020-08-03 00:10:00,1516.8
2020-08-03 00:10:00,1516.8
2020-08-03 00:10:00,1516.8
2020-08-03 00:25:00,1515.62
2020-08-03 00:25:00,1515.62
2020-08-03 00:25:00,1515.62
2020-08-03 00:25:00,1515.62
2020-08-03 00:25:00,1515.62
2020-08-03 00:25:00,1515.62
2020-08-03 00:25:00,1515.62
2020-08-03 00:25:00,1515.62
2020-08-03 00:25:00,1515.62
2020-08-03 00:25:00,1515.62
2020-08-03 00:40:00,1514.43
2020-08-03 00:40:00,1514.43
2020-08-03 00:40:00,1514.43
2020-08-03 00:40:00,1514.43
2020-08-03 00:40:00,1514.43
2020-08-03 00:40:00,1514.43
2020-08-03 00:40:00,1514.43
2020-08-03 00:40:00,1514.43
2020-08-03 00:40:00,1514.43
2020-08-03 00:40:00,1514.43
2020-08-03 00:55:00,1421.02
2020-08-03 00:55:00,1421.02
2020-08-03 00:55:00,1421.02
2020-08-03 00:55:00,1421.02
2020-08-03 00:55:00,1421.02
2020-08-03 00:55:00,1421.02
2020-08-03 00:55:00,1421.02
2020-08-03 00:55:00,1421.02
2020-08-03 00:55:00,1421.02
2020-08-03 00:55:00,1421.02
2020-08-03 01:10:00,1327.6
2020-08-03 01:10:00,1327.6
2020-08-03 01:10:00,1327.6
2020-08-03 01:10:00,1327.6
2020-08-03 01:10:00,1327.6
2020-08-03 01:10:00,1327.6
2020-08-03 01:10:00,1327.6
2020-08-03 01:10:00,1327.6
2020-08-03 01:10:00,1327.6
2020-08-03 01:10:00,1327.6
2020-08-03 01:25:00,1122.02
2020-08-03 01:25:00,1122.02
2020-08-03 01:25:00,1122.02
2020-08-03 01:25:00,1122.02
2020-08-03 01:25:00,1122.02
2020-08-03 01:25:00,1122.02
2020-08-03 01:25:00,1122.02
2020-08-03 01:25:00,1122.02
2020-08-03 01:25:00,1122.02
2020-08-03 01:25:00,1122.02
2020-08-03 01:40:00,916.44
2020-08-03 01:40:00,916.44
2020-08-03 01:40:00,916.44
2020-08-03 01:40:00,916.44
2020-08-03 01:40:00,916.44
2020-08-03 01:40:00,916.44
2020-08-03 01:40:00,916.44
2020-08-03 01:40:00,916.44
2020-08-03 01:40:00,916.44
2020-08-03 01:40:00,916.44
2020-08-03 01:55:00,911.42
2020-08-03 01:55:00,911.42
2020-08-03 01:55:00,911.42
2020-08-03 01:55:00,911.42
2020-08-03 01:55:00,911.42
2020-08-03 01:55:00,911.42
2020-08-03 01:55:00,911.42
2020-08-03 01:55:00,911.42
2020-08-03 01:55:00,911.42
2020-08-03 01:55:00,911.42
2020-08-03 02:10:00,906.4
2020-08-03 02:10:00,906.4
2020-08-03 02:10:00,906.4
2020-08-03 02:10:00,906.4
2020-08-03 02:10:00,906.4
2020-08-03 02:10:00,906.4
2020-08-03 02:10:00,906.4
2020-08-03 02:10:00,906.4
2020-08-03 02:10:00,906.4
2020-08-03 02:10:00,906.4
2020-08-03 02:25:00,910.22
2020-08-03 02:25:00,910.22
2020-08-03 02:25:00,910.22
2020-08-03 02:25:00,910.22
2020-08-03 02:25:00,910.22
2020-08-03 02:25:00,910.22
2020-08-03 02:25:00,910.22
2020-08-03 02:25:00,910.22
2020-08-03 02:25:00,910.22
2020-08-03 02:25:00,910.22
2020-08-03 02:40:00,914.04
2020-08-03 02:40:00,914.04
2020-08-03 02:40:00,914.04
2020-08-03 02:40:00,914.04
2020-08-03 02:40:00,914.04
2020-08-03 02:40:00,914.04
2020-08-03 02:40:00,914.04
2020-08-03 02:40:00,914.04
2020-08-03 02:40:00,914.04
2020-08-03 02:40:00,914.04
2020-08-03 02:55:00,1025.38
2020-08-03 02:55:00,1025.38
2020-08-03 02:55:00,1025.38
2020-08-03 02:55:00,1025.38
2020-08-03 02:55:00,1025.38
2020-08-03 02:55:00,1025.38
2020-08-03 02:55:00,1025.38
2020-08-03 02:55:00,1025.38
2020-08-03 02:55:00,1025.38
2020-08-03 02:55:00,1025.38
2020-08-03 03:10:00,1136.71
2020-08-03 03:10:00,1136.71
2020-08-03 03:10:00,1136.71
2020-08-03 03:10:00,1136.71
2020-08-03 03:10:00,1136.71
2020-08-03 03:10:00,1136.71
2020-08-03 03:10:00,1136.71
2020-08-03 03:10:00,1136.71
2020-08-03 03:10:00,1136.71
2020-08-03 03:10:00,1136.71
2020-08-03 03:25:00,1088.34
2020-08-03 03:25:00,1088.34
2020-08-03 03:25:00,1088.34
2020-08-03 03:25:00,1088.34
2020-08-03 03:25:00,1088.34
2020-08-03 03:25:00,1088.34
2020-08-03 03:25:00,1088.34
2020-08-03 03:25:00,1088.34
2020-08-03 03:25:00,1088.34
2020-08-03 03:25:00,1088.34
2020-08-03 03:40:00,1039.96
2020-08-03 03:40:00,1039.96
2020-08-03 03:40:00,1039.96
2020-08-03 03:40:00,1039.96
2020-08-03 03:40:00,1039.96
2020-08-03 03:40:00,1039.96
2020-08-03 03:40:00,1039.96
2020-08-03 03:40:00,1039.96
2020-08-03 03:40:00,1039.96
2020-08-03 03:40:00,1039.96
2020-08-03 03:55:00,1070.64
2020-08-03 03:55:00,1070.64
2020-08-03 03:55:00,1070.64
2020-08-03 03:55:00,1070.64
2020-08-03 03:55:00,1070.64
2020-08-03 03:55:00,1070.64
2020-08-03 03:55:00,1070.64
2020-08-03 03:55:00,1070.64
2020-08-03 03:55:00,1070.64
2020-08-03 03:55:00,1070.64
2020-08-03 04:10:00,1101.32
2020-08-03 04:10:00,1101.32
2020-08-03 04:10:00,1101.32
2020-08-03 04:10:00,1101.32
2020-08-03 04:10:00,1101.32
2020-08-03 04:10:00,1101.32
2020-08-03 04:10:00,1101.32
2020-08-03 04:10:00,1101.32
2020-08-03 04:10:00,1101.32
2020-08-03 04:10:00,1101.32
2020-08-03 04:25:00,1297.11
2020-08-03 04:25:00,1297.11
2020-08-03 04:25:00,1297.11
2020-08-03 04:25:00,1297.11
2020-08-03 04:25:00,1297.11
2020-08-03 04:25:00,1297.11
2020-08-03 04:25:00,1297.11
2020-08-03 04:25:00,1297.11
2020-08-03 04:25:00,1297.11
2020-08-03 04:25:00,1297.11
2020-08-03 04:40:00,1492.9
2020-08-03 04:40:00,1492.9
2020-08-03 04:40:00,1492.9
2020-08-03 04:40:00,1492.9
2020-08-03 04:40:00,1492.9
2020-08-03 04:40:00,1492.9
2020-08-03 04:40:00,1492.9
2020-08-03 04:40:00,1492.9
2020-08-03 04:40:00,1492.9
2020-08-03 04:40:00,1492.9
2020-08-03 04:55:00,1474.54
2020-08-03 04:55:00,1474.54
2020-08-03 04:55:00,1474.54
2020-08-03 04:55:00,1474.54
2020-08-03 04:55:00,1474.54
2020-08-03 04:55:00,1474.54
2020-08-03 04:55:00,1474.54
2020-08-03 04:55:00,1474.54
2020-08-03 04:55:00,1474.54
2020-08-03 04:55:00,1474.54
2020-08-03 05:10:00,1456.17
2020-08-03 05:10:00,1456.17
2020-08-03 05:10:00,1456.17
2020-08-03 05:10:00,1456.17
2020-08-03 05:10:00,1456.17
2020-08-03 05:10:00,1456.17
2020-08-03 05:10:00,1456.17
2020-08-03 05:10:00,1456.17
2020-08-03 05:10:00,1456.17
2020-08-03 05:10:00,1456.17
2020-08-03 05:25:00,1339.5
2020-08-03 05:25:00,1339.5
2020-08-03 05:25:00,1339.5
2020-08-03 05:25:00,1339.5
2020-08-03 05:25:00,1339.5
2020-08-03 05:25:00,1339.5
2020-08-03 05:25:00,1339.5
2020-08-03 05:25:00,1339.5
2020-08-03 05:25:00,1339.5
2020-08-03 05:25:00,1339.5
2020-08-03 05:40:00,1222.83
2020-08-03 05:40:00,1222.83
2020-08-03 05:40:00,1222.83
2020-08-03 05:40:00,1222.83
2020-08-03 05:40:00,1222.83
2020-08-03 05:40:00,1222.83
2020-08-03 05:40:00,1222.83
2020-08-03 05:40:00,1222.83
2020-08-03 05:40:00,1222.83
2020-08-03 05:40:00,1222.83
2020-08-03 05:55:00,1229.64
2020-08-03 05:55:00,1229.64
2020-08-03 05:55:00,1229.64
2020-08-03 05:55:00,1229.64
2020-08-03 05:55:00,1229.64
2020-08-03 05:55:00,1229.64
2020-08-03 05:55:00,1229.64
2020-08-03 05:55:00,1229.64
2020-08-03 05:55:00,1229.64
2020-08-03 05:55:00,1229.64
2020-08-03 06:10:00,1236.46
2020-08-03 06:10:00,1236.46
2020-08-03 06:10:00,1236.46
2020-08-03 06:10:00,1236.46
2020-08-03 06:10:00,1236.46
2020-08-03 06:10:00,1236.46
2020-08-03 06:10:00,1236.46
2020-08-03 06:10:00,1236.46
2020-08-03 06:10:00,1236.46
2020-08-03 06:10:00,1236.46
2020-08-03 06:25:00,1273.56
2020-08-03 06:25:00,1273.56
2020-08-03 06:25:00,1273.56
2020-08-03 06:25:00,1273.56
2020-08-03 06:25:00,1273.56
2020-08-03 06:25:00,1273.56
2020-08-03 06:25:00,1273.56
2020-08-03 06:25:00,1273.56
2020-08-03 06:25:00,1273.56
2020-08-03 06:25:00,1273.56
2020-08-03 06:40:00,1310.66
2020-08-03 06:40:00,1310.66
2020-08-03 06:40:00,1310.66
2020-08-03 06:40:00,1310.66
2020-08-03 06:40:00,1310.66
2020-08-03 06:40:00,1310.66
2020-08-03 06:40:00,1310.66
2020-08-03 06:40:00,1310.66
2020-08-03 06:40:00,1310.66
2020-08-03 06:40:00,1310.66
2020-08-03 06:55:00,1269.12
2020-08-03 06:55:00,1269.12
2020-08-03 06:55:00,1269.12
2020-08-03 06:55:00,1269.12
2020-08-03 06:55:00,1269.12
2020-08-03 06:55:00,1269.12
2020-08-03 06:55:00,1269.12
2020-08-03 06:55:00,1269.12
2020-08-03 06:55:00,1269.12
2020-08-03 06:55:00,1269.12
2020-08-03 07:10:00,1227.57
2020-08-03 07:10:00,1227.57
2020-08-03 07:10:00,1227.57
2020-08-03 07:10:00,1227.57
2020-08-03 07:10:00,1227.57
2020-08-03 07:10:00,1227.57
2020-08-03 07:10:00,1227.57
2020-08-03 07:10:00,1227.57
2020-08-03 07:10:00,1227.57
2020-08-03 07:10:00,1227.57
2020-08-03 07:25:00,1279.86
2020-08-03 07:25:00,1279.86
2020-08-03 07:25:00,1279.86
2020-08-03 07:25:00,1279.86
2020-08-03 07:25:00,1279.86
2020-08-03 07:25:00,1279.86
2020-08-03 07:25:00,1279.86
2020-08-03 07:25:00,1279.86
2020-08-03 07:25:00,1279.86
2020-08-03 07:25:00,1279.86
2020-08-03 07:40:00,1332.14
2020-08-03 07:40:00,1332.14
2020-08-03 07:40:00,1332.14
2020-08-03 07:40:00,1332.14
2020-08-03 07:40:00,1332.14
2020-08-03 07:40:00,1332.14
2020-08-03 07:40:00,1332.14
2020-08-03 07:40:00,1332.14
2020-08-03 07:40:00,1332.14
2020-08-03 07:40:00,1332.14
2020-08-03 07:55:00,1315.23
2020-08-03 07:55:00,1315.23
2020-08-03 07:55:00,1315.23
2020-08-03 07:55:00,1315.23
2020-08-03 07:55:00,1315.23
2020-08-03 07:55:00,1315.23
2020-08-03 07:55:00,1315.23
2020-08-03 07:55:00,1315.23
2020-08-03 07:55:00,1315.23
2020-08-03 07:55:00,1315.23
2020-08-03 08:10:00,1298.32
2020-08-03 08:10:00,1298.32
2020-08-03 08:10:00,1298.32
2020-08-03 08:10:00,1298.32
2020-08-03 08:10:00,1298.32
2020-08-03 08:10:00,1298.32
2020-08-03 08:10:00,1298.32
2020-08-03 08:10:00,1298.32
2020-08-03 08:10:00,1298.32
2020-08-03 08:10:00,1298.32
2020-08-03 08:25:00,1335.16
2020-08-03 08:25:00,1335.16
2020-08-03 08:25:00,1335.16
2020-08-03 08:25:00,1335.16
2020-08-03 08:25:00,1335.16
2020-08-03 08:25:00,1335.16
2020-08-03 08:25:00,1335.16
2020-08-03 08:25:00,1335.16
2020-08-03 08:25:00,1335.16
2020-08-03 08:25:00,1335.16
2020-08-03 08:40:00,1372.01
2020-08-03 08:40:00,1372.01
2020-08-03 08:40:00,1372.01
2020-08-03 08:40:00,1372.01
2020-08-03 08:40:00,1372.01
2020-08-03 08:40:00,1372.01
2020-08-03 08:40:00,1372.01
2020-08-03 08:40:00,1372.01
2020-08-03 08:40:00,1372.01
2020-08-03 08:40:00,1372.01
2020-08-03 08:55:00,1359.41
2020-08-03 08:55:00,1359.41
2020-08-03 08:55:00,1359.41
2020-08-03 08:55:00,1359.41
2020-08-03 08:55:00,1359.41
2020-08-03 08:55:00,1359.41
2020-08-03 08:55:00,1359.41
2020-08-03 08:55:00,1359.41
2020-08-03 08:55:00,1359.41
2020-08-03 08:55:00,1359.41
2020-08-03 09:10:00,1346.81
2020-08-03 09:10:00,1346.81
2020-08-03 09:10:00,1346.81
2020-08-03 09:10:00,1346.81
2020-08-03 09:10:00,1346.81
2020-08-03 09:10:00,1346.81
2020-08-03 09:10:00,1346.81
2020-08-03 09:10:00,1346.81
2020-08-03 09:10:00,1346.81
2020-08-03 09:10:00,1346.81
2020-08-03 09:25:00,1329.86
2020-08-03 09:25:00,1329.86
2020-08-03 09:25:00,1329.86
2020-08-03 09:25:00,1329.86
2020-08-03 09:25:00,1329.86
2020-08-03 09:25:00,1329.86
2020-08-03 09:25:00,1329.86
2020-08-03 09:25:00,1329.86
2020-08-03 09:25:00,1329.86
2020-08-03 09:25:00,1329.86
2020-08-03 09:40:00,1312.9
2020-08-03 09:40:00,1312.9
2020-08-03 09:40:00,1312.9
2020-08-03 09:40:00,1312.9
2020-08-03 09:40:00,1312.9
2020-08-03 09:40:00,1312.9
2020-08-03 09:40:00,1312.9
2020-08-03 09:40:00,1312.9
2020-08-03 09:40:00,1312.9
2020-08-03 09:40:00,1312.9
2020-08-03 09:55:00,1313.92
2020-08-03 09:55:00,1313.92
2020-08-03 09:55:00,1313.92
2020-08-03 09:55:00,1313.92
2020-08-03 09:55:00,1313.92
2020-08-03 09:55:00,1313.92
2020-08-03 09:55:00,1313.92
2020-08-03 09:55:00,1313.92
2020-08-03 09:55:00,1313.92
2020-08-03 09:55:00,1313.92
2020-08-03 10:10:00,1314.93
2020-08-03 10:10:00,1314.93
2020-08-03 10:10:00,1314.93
2020-08-03 10:10:00,1314.93
2020-08-03 10:10:00,1314.93
2020-08-03 10:10:00,1314.93
2020-08-03 10:10:00,1314.93
2020-08-03 10:10:00,1314.93
2020-08-03 10:10:00,1314.93
2020-08-03 10:10:00,1314.93
2020-08-03 10:25:00,1305.0
2020-08-03 10:25:00,1305.0
2020-08-03 10:25:00,1305.0
2020-08-03 10:25:00,1305.0
2020-08-03 10:25:00,1305.0
2020-08-03 10:25:00,1305.0
2020-08-03 10:25:00,1305.0
2020-08-03 10:25:00,1305.0
2020-08-03 10:25:00,1305.0
2020-08-03 10:25:00,1305.0
2020-08-03 10:40:00,1295.08
2020-08-03 10:40:00,1295.08
2020-08-03 10:40:00,1295.08
2020-08-03 10:40:00,1295.08
2020-08-03 10:40:00,1295.08
2020-08-03 10:40:00,1295.08
2020-08-03 10:40:00,1295.08
2020-08-03 10:40:00,1295.08
2020-08-03 10:40:00,1295.08
2020-08-03 10:40:00,1295.08
2020-08-03 10:55:00,1310.28
2020-08-03 10:55:00,1310.28
2020-08-03 10:55:00,1310.28
2020-08-03 10:55:00,1310.28
2020-08-03 10:55:00,1310.28
2020-08-03 10:55:00,1310.28
2020-08-03 10:55:00,1310.28
2020-08-03 10:55:00,1310.28
2020-08-03 10:55:00,1310.28
2020-08-03 10:55:00,1310.28
2020-08-03 11:10:00,1325.47
2020-08-03 11:10:00,1325.47
2020-08-03 11:10:00,1325.47
2020-08-03 11:10:00,1325.47
2020-08-03 11:10:00,1325.47
2020-08-03 11:10:00,1325.47
2020-08-03 11:10:00,1325.47
2020-08-03 11:10:00,1325.47
2020-08-03 11:10:00,1325.47
2020-08-03 11:10:00,1325.47
2020-08-03 11:25:00,1310.76
2020-08-03 11:25:00,1310.76
2020-08-03 11:25:00,1310.76
2020-08-03 11:25:00,1310.76
2020-08-03 11:25:00,1310.76
2020-08-03 11:25:00,1310.76
2020-08-03 11:25:00,1310.76
2020-08-03 11:25:00,1310.76
2020-08-03 11:25:00,1310.76
2020-08-03 11:25:00,1310.76
2020-08-03 11:40:00,1296.05
2020-08-03 11:40:00,1296.05
2020-08-03 11:40:00,1296.05
2020-08-03 11:40:00,1296.05
2020-08-03 11:40:00,1296.05
2020-08-03 11:40:00,1296.05
2020-08-03 11:40:00,1296.05
2020-08-03 11:40:00,1296.05
2020-08-03 11:40:00,1296.05
2020-08-03 11:40:00,1296.05
2020-08-03 11:55:00,1266.62
2020-08-03 11:55:00,1266.62
2020-08-03 11:55:00,1266.62
2020-08-03 11:55:00,1266.62
2020-08-03 11:55:00,1266.62
2020-08-03 11:55:00,1266.62
2020-08-03 11:55:00,1266.62
2020-08-03 11:55:00,1266.62
2020-08-03 11:55:00,1266.62
2020-08-03 11:55:00,1266.62
2020-08-03 12:10:00,1237.19
2020-08-03 12:10:00,1237.19
2020-08-03 12:10:00,1237.19
2020-08-03 12:10:00,1237.19
2020-08-03 12:10:00,1237.19
2020-08-03 12:10:00,1237.19
2020-08-03 12:10:00,1237.19
2020-08-03 12:10:00,1237.19
2020-08-03 12:10:00,1237.19
2020-08-03 12:10:00,1237.19
2020-08-03 12:25:00,1351.92
2020-08-03 12:25:00,1351.92
2020-08-03 12:25:00,1351.92
2020-08-03 12:25:00,1351.92
2020-08-03 12:25:00,1351.92
2020-08-03 12:25:00,1351.92
2020-08-03 12:25:00,1351.92
2020-08-03 12:25:00,1351.92
2020-08-03 12:25:00,1351.92
2020-08-03 12:25:00,1351.92
2020-08-03 12:40:00,1466.65
2020-08-03 12:40:00,1466.65
2020-08-03 12:40:00,1466.65
2020-08-03 12:40:00,1466.65
2020-08-03 12:40:00,1466.65
2020-08-03 12:40:00,1466.65
2020-08-03 12:40:00,1466.65
2020-08-03 12:40:00,1466.65
2020-08-03 12:40:00,1466.65
2020-08-03 12:40:00,1466.65
2020-08-03 12:55:00,1475.37
2020-08-03 12:55:00,1475.37
2020-08-03 12:55:00,1475.37
2020-08-03 12:55:00,1475.37
2020-08-03 12:55:00,1475.37
2020-08-03 12:55:00,1475.37
2020-08-03 12:55:00,1475.37
2020-08-03 12:55:00,1475.37
2020-08-03 12:55:00,1475.37
2020-08-03 12:55:00,1475.37
2020-08-03 13:10:00,1484.09
2020-08-03 13:10:00,1484.09
2020-08-03 13:10:00,1484.09
2020-08-03 13:10:00,1484.09
2020-08-03 13:10:00,1484.09
2020-08-03 13:10:00,1484.09
2020-08-03 13:10:00,1484.09
2020-08-03 13:10:00,1484.09
2020-08-03 13:10:00,1484.09
2020-08-03 13:10:00,1484.09
2020-08-03 13:25:00,1269.06
2020-08-03 13:25:00,1269.06
2020-08-03 13:25:00,1269.06
2020-08-03 13:25:00,1269.06
2020-08-03 13:25:00,1269.06
2020-08-03 13:25:00,1269.06
2020-08-03 13:25:00,1269.06
2020-08-03 13:25:00,1269.06
2020-08-03 13:25:00,1269.06
2020-08-03 13:25:00,1269.06
2020-08-03 13:40:00,1054.02
2020-08-03 13:40:00,1054.02
2020-08-03 13:40:00,1054.02
2020-08-03 13:40:00,1054.02
2020-08-03 13:40:00,1054.02
2020-08-03 13:40:00,1054.02
2020-08-03 13:40:00,1054.02
2020-08-03 13:40:00,1054.02
2020-08-03 13:40:00,1054.02
2020-08-03 13:40:00,1054.02
2020-08-03 13:55:00,1121.45
2020-08-03 13:55:00,1121.45
2020-08-03 13:55:00,1121.45
2020-08-03 13:55:00,1121.45
2020-08-03 13:55:00,1121.45
2020-08-03 13:55:00,1121.45
2020-08-03 13:55:00,1121.45
2020-08-03 13:55:00,1121.45
2020-08-03 13:55:00,1121.45
2020-08-03 13:55:00,1121.45
2020-08-03 14:10:00,1188.88
2020-08-03 14:10:00,1188.88
2020-08-03 14:10:00,1188.88
2020-08-03 14:10:00,1188.88
2020-08-03 14:10:00,1188.88
2020-08-03 14:10:00,1188.88
2020-08-03 14:10:00,1188.88
2020-08-03 14:10:00,1188.88
2020-08-03 14:10:00,1188.88
2020-08-03 14:10:00,1188.88
2020-08-03 14:25:00,1353.52
2020-08-03 14:25:00,1353.52
2020-08-03 14:25:00,1353.52
2020-08-03 14:25:00,1353.52
2020-08-03 14:25:00,1353.52
2020-08-03 14:25:00,1353.52
2020-08-03 14:25:00,1353.52
2020-08-03 14:25:00,1353.52
2020-08-03 14:25:00,1353.52
2020-08-03 14:25:00,1353.52
2020-08-03 14:40:00,1518.16
2020-08-03 14:40:00,1518.16
2020-08-03 14:40:00,1518.16
2020-08-03 14:40:00,1518.16
2020-08-03 14:40:00,1518.16
2020-08-03 14:40:00,1518.16
2020-08-03 14:40:00,1518.16
2020-08-03 14:40:00,1518.16
2020-08-03 14:40:00,1518.16
2020-08-03 14:40:00,1518.16
2020-08-03 14:55:00,1498.73
2020-08-03 14:55:00,1498.73
2020-08-03 14:55:00,1498.73
2020-08-03 14:55:00,1498.73
2020-08-03 14:55:00,1498.73
2020-08-03 14:55:00,1498.73
2020-08-03 14:55:00,1498.73
2020-08-03 14:55:00,1498.73
2020-08-03 14:55:00,1498.73
2020-08-03 14:55:00,1498.73
2020-08-03 15:10:00,1479.3
2020-08-03 15:10:00,1479.3
2020-08-03 15:10:00,1479.3
2020-08-03 15:10:00,1479.3
2020-08-03 15:10:00,1479.3
2020-08-03 15:10:00,1479.3
2020-08-03 15:10:00,1479.3
2020-08-03 15:10:00,1479.3
2020-08-03 15:10:00,1479.3
2020-08-03 15:10:00,1479.3
2020-08-03 15:25:00,1465.68
2020-08-03 15:25:00,1465.68
2020-08-03 15:25:00,1465.68
2020-08-03 15:25:00,1465.68
2020-08-03 15:25:00,1465.68
2020-08-03 15:25:00,1465.68
2020-08-03 15:25:00,1465.68
2020-08-03 15:25:00,1465.68
2020-08-03 15:25:00,1465.68
2020-08-03 15:25:00,1465.68
2020-08-03 15:40:00,1452.06
2020-08-03 15:40:00,1452.06
2020-08-03 15:40:00,1452.06
2020-08-03 15:40:00,1452.06
2020-08-03 15:40:00,1452.06
2020-08-03 15:40:00,1452.06
2020-08-03 15:40:00,1452.06
2020-08-03 15:40:00,1452.06
2020-08-03 15:40:00,1452.06
2020-08-03 15:40:00,1452.06
2020-08-03 15:55:00,1485.85
2020-08-03 15:55:00,1485.85
2020-08-03 15:55:00,1485.85
2020-08-03 15:55:00,1485.85
2020-08-03 15:55:00,1485.85
2020-08-03 15:55:00,1485.85
2020-08-03 15:55:00,1485.85
2020-08-03 15:55:00,1485.85
2020-08-03 15:55:00,1485.85
2020-08-03 15:55:00,1485.85
2020-08-03 16:10:00,1519.64
2020-08-03 16:10:00,1519.64
2020-08-03 16:10:00,1519.64
2020-08-03 16:10:00,1519.64
2020-08-03 16:10:00,1519.64
2020-08-03 16:10:00,1519.64
2020-08-03 16:10:00,1519.64
2020-08-03 16:10:00,1519.64
2020-08-03 16:10:00,1519.64
2020-08-03 16:10:00,1519.64
2020-08-03 16:25:00,1519.67
2020-08-03 16:25:00,1519.67
2020-08-03 16:25:00,1519.67
2020-08-03 16:25:00,1519.67
2020-08-03 16:25:00,1519.67
2020-08-03 16:25:00,1519.67
2020-08-03 16:25:00,1519.67
2020-08-03 16:25:00,1519.67
2020-08-03 16:25:00,1519.67
2020-08-03 16:25:00,1519.67
2020-08-03 16:40:00,1519.7
2020-08-03 16:40:00,1519.7
2020-08-03 16:40:00,1519.7
2020-08-03 16:40:00,1519.7
2020-08-03 16:40:00,1519.7
2020-08-03 16:40:00,1519.7
2020-08-03 16:40:00,1519.7
2020-08-03 16:40:00,1519.7
2020-08-03 16:40:00,1519.7
2020-08-03 16:40:00,1519.7
2020-08-03 16:55:00,1519.56
2020-08-03 16:55:00,1519.56
2020-08-03 16:55:00,1519.56
2020-08-03 16:55:00,1519.56
2020-08-03 16:55:00,1519.56
2020-08-03 16:55:00,1519.56
2020-08-03 16:55:00,1519.56
2020-08-03 16:55:00,1519.56
2020-08-03 16:55:00,1519.56
2020-08-03 16:55:00,1519.56
2020-08-03 17:10:00,1519.42
2020-08-03 17:10:00,1519.42
2020-08-03 17:10:00,1519.42
2020-08-03 17:10:00,1519.42
2020-08-03 17:10:00,1519.42
2020-08-03 17:10:00,1519.42
2020-08-03 17:10:00,1519.42
2020-08-03 17:10:00,1519.42
2020-08-03 17:10:00,1519.42
2020-08-03 17:10:00,1519.42
2020-08-03 17:25:00,1512.1
2020-08-03 17:25:00,1512.1
2020-08-03 17:25:00,1512.1
2020-08-03 17:25:00,1512.1
2020-08-03 17:25:00,1512.1
2020-08-03 17:25:00,1512.1
2020-08-03 17:25:00,1512.1
2020-08-03 17:25:00,1512.1
2020-08-03 17:25:00,1512.1
2020-08-03 17:25:00,1512.1
2020-08-03 17:40:00,1504.78
2020-08-03 17:40:00,1504.78
2020-08-03 17:40:00,1504.78
2020-08-03 17:40:00,1504.78
2020-08-03 17:40:00,1504.78
2020-08-03 17:40:00,1504.78
2020-08-03 17:40:00,1504.78
2020-08-03 17:40:00,1504.78
2020-08-03 17:40:00,1504.78
2020-08-03 17:40:00,1504.78
2020-08-03 17:55:00,1491.11
2020-08-03 17:55:00,1491.11
2020-08-03 17:55:00,1491.11
2020-08-03 17:55:00,1491.11
2020-08-03 17:55:00,1491.11
2020-08-03 17:55:00,1491.11
2020-08-03 17:55:00,1491.11
2020-08-03 17:55:00,1491.11
2020-08-03 17:55:00,1491.11
2020-08-03 17:55:00,1491.11
2020-08-03 18:10:00,1477.44
2020-08-03 18:10:00,1477.44
2020-08-03 18:10:00,1477.44
2020-08-03 18:10:00,1477.44
2020-08-03 18:10:00,1477.44
2020-08-03 18:10:00,1477.44
2020-08-03 18:10:00,1477.44
2020-08-03 18:10:00,1477.44
2020-08-03 18:10:00,1477.44
2020-08-03 18:10:00,1477.44
2020-08-03 18:25:00,1447.69
2020-08-03 18:25:00,1447.69
2020-08-03 18:25:00,1447.69
2020-08-03 18:25:00,1447.69
2020-08-03 18:25:00,1447.69
2020-08-03 18:25:00,1447.69
2020-08-03 18:25:00,1447.69
2020-08-03 18:25:00,1447.69
2020-08-03 18:25:00,1447.69
2020-08-03 18:25:00,1447.69
2020-08-03 18:40:00,1417.94
2020-08-03 18:40:00,1417.94
2020-08-03 18:40:00,1417.94
2020-08-03 18:40:00,1417.94
2020-08-03 18:40:00,1417.94
2020-08-03 18:40:00,1417.94
2020-08-03 18:40:00,1417.94
2020-08-03 18:40:00,1417.94
2020-08-03 18:40:00,1417.94
2020-08-03 18:40:00,1417.94
2020-08-03 18:55:00,1226.71
2020-08-03 18:55:00,1226.71
2020-08-03 18:55:00,1226.71
2020-08-03 18:55:00,1226.71
2020-08-03 18:55:00,1226.71
2020-08-03 18:55:00,1226.71
2020-08-03 18:55:00,1226.71
2020-08-03 18:55:00,1226.71
2020-08-03 18:55:00,1226.71
2020-08-03 18:55:00,1226.71
2020-08-03 19:10:00,1035.48
2020-08-03 19:10:00,1035.48
2020-08-03 19:10:00,1035.48
2020-08-03 19:10:00,1035.48
2020-08-03 19:10:00,1035.48
2020-08-03 19:10:00,1035.48
2020-08-03 19:10:00,1035.48
2020-08-03 19:10:00,1035.48
2020-08-03 19:10:00,1035.48
2020-08-03 19:10:00,1035.48
2020-08-03 19:25:00,926.27
2020-08-03 19:25:00,926.27
2020-08-03 19:25:00,926.27
2020-08-03 19:25:00,926.27
2020-08-03 19:25:00,926.27
2020-08-03 19:25:00,926.27
2020-08-03 19:25:00,926.27
2020-08-03 19:25:00,926.27
2020-08-03 19:25:00,926.27
2020-08-03 19:25:00,926.27
2020-08-03 19:40:00,817.06
2020-08-03 19:40:00,817.06
2020-08-03 19:40:00,817.06
2020-08-03 19:40:00,817.06
2020-08-03 19:40:00,817.06
2020-08-03 19:40:00,817.06
2020-08-03 19:40:00,817.06
2020-08-03 19:40:00,817.06
2020-08-03 19:40:00,817.06
2020-08-03 19:40:00,817.06
2020-08-03 19:55:00,1111.06
2020-08-03 19:55:00,1111.06
2020-08-03 19:55:00,1111.06
2020-08-03 19:55:00,1111.06
2020-08-03 19:55:00,1111.06
2020-08-03 19:55:00,1111.06
2020-08-03 19:55:00,1111.06
2020-08-03 19:55:00,1111.06
2020-08-03 19:55:00,1111.06
2020-08-03 19:55:00,1111.06
2020-08-03 20:10:00,1405.06
2020-08-03 20:10:00,1405.06
2020-08-03 20:10:00,1405.06
2020-08-03 20:10:00,1405.06
2020-08-03 20:10:00,1405.06
2020-08-03 20:10:00,1405.06
2020-08-03 20:10:00,1405.06
2020-08-03 20:10:00,1405.06
2020-08-03 20:10:00,1405.06
2020-08-03 20:10:00,1405.06
2020-08-03 20:25:00,1251.04
2020-08-03 20:25:00,1251.04
2020-08-03 20:25:00,1251.04
2020-08-03 20:25:00,1251.04
2020-08-03 20:25:00,1251.04
2020-08-03 20:25:00,1251.04
2020-08-03 20:25:00,1251.04
2020-08-03 20:25:00,1251.04
2020-08-03 20:25:00,1251.04
2020-08-03 20:25:00,1251.04
2020-08-03 20:40:00,1097.02
2020-08-03 20:40:00,1097.02
2020-08-03 20:40:00,1097.02
2020-08-03 20:40:00,1097.02
2020-08-03 20:40:00,1097.02
2020-08-03 20:40:00,1097.02
2020-08-03 20:40:00,1097.02
2020-08-03 20:40:00,1097.02
2020-08-03 20:40:00,1097.02
2020-08-03 20:40:00,1097.02
2020-08-03 20:55:00,1105.73
2020-08-03 20:55:00,1105.73
2020-08-03 20:55:00,1105.73
2020-08-03 20:55:00,1105.73
2020-08-03 20:55:00,1105.73
2020-08-03 20:55:00,1105.73
2020-08-03 20:55:00,1105.73
2020-08-03 20:55:00,1105.73
2020-08-03 20:55:00,1105.73
2020-08-03 20:55:00,1105.73
2020-08-03 21:10:00,1114.44
2020-08-03 21:10:00,1114.44
2020-08-03 21:10:00,1114.44
2020-08-03 21:10:00,1114.44
2020-08-03 21:10:00,1114.44
2020-08-03 21:10:00,1114.44
2020-08-03 21:10:00,1114.44
2020-08-03 21:10:00,1114.44
2020-08-03 21:10:00,1114.44
2020-08-03 21:10:00,1114.44
2020-08-03 21:25:00,1306.86
2020-08-03 21:25:00,1306.86
2020-08-03 21:25:00,1306.86
2020-08-03 21:25:00,1306.86
2020-08-03 21:25:00,1306.86
2020-08-03 21:25:00,1306.86
2020-08-03 21:25:00,1306.86
2020-08-03 21:25:00,1306.86
2020-08-03 21:25:00,1306.86
2020-08-03 21:25:00,1306.86
2020-08-03 21:40:00,1499.29
2020-08-03 21:40:00,1499.29
2020-08-03 21:40:00,1499.29
2020-08-03 21:40:00,1499.29
2020-08-03 21:40:00,1499.29
2020-08-03 21:40:00,1499.29
2020-08-03 21:40:00,1499.29
2020-08-03 21:40:00,1499.29
2020-08-03 21:40:00,1499.29
2020-08-03 21:40:00,1499.29
2020-08-03 21:55:00,1496.78
2020-08-03 21:55:00,1496.78
2020-08-03 21:55:00,1496.78
2020-08-03 21:55:00,1496.78
2020-08-03 21:55:00,1496.78
2020-08-03 21:55:00,1496.78
2020-08-03 21:55:00,1496.78
2020-08-03 21:55:00,1496.78
2020-08-03 21:55:00,1496.78
2020-08-03 21:55:00,1496.78
2020-08-03 22:10:00,1494.28
2020-08-03 22:10:00,1494.28
2020-08-03 22:10:00,1494.28
2020-08-03 22:10:00,1494.28
2020-08-03 22:10:00,1494.28
2020-08-03 22:10:00,1494.28
2020-08-03 22:10:00,1494.28
2020-08-03 22:10:00,1494.28
2020-08-03 22:10:00,1494.28
2020-08-03 22:10:00,1494.28
2020-08-03 22:25:00,1428.58
2020-08-03 22:25:00,1428.58
2020-08-03 22:25:00,1428.58
2020-08-03 22:25:00,1428.58
2020-08-03 22:25:00,1428.58
2020-08-03 22:25:00,1428.58
2020-08-03 22:25:00,1428.58
2020-08-03 22:25:00,1428.58
2020-08-03 22:25:00,1428.58
2020-08-03 22:25:00,1428.58
2020-08-03 22:40:00,1362.87
2020-08-03 22:40:00,1362.87
2020-08-03 22:40:00,1362.87
2020-08-03 22:40:00,1362.87
2020-08-03 22:40:00,1362.87
2020-08-03 22:40:00,1362.87
2020-08-03 22:40:00,1362.87
2020-08-03 22:40:00,1362.87
2020-08-03 22:40:00,1362.87
2020-08-03 22:40:00,1362.87
2020-08-03 22:55:00,1420.1
2020-08-03 22:55:00,1420.1
2020-08-03 22:55:00,1420.1
2020-08-03 22:55:00,1420.1
2020-08-03 22:55:00,1420.1
2020-08-03 22:55:00,1420.1
2020-08-03 22:55:00,1420.1
2020-08-03 22:55:00,1420.1
2020-08-03 22:55:00,1420.1
2020-08-03 22:55:00,1420.1
2020-08-03 23:10:00,1477.34
2020-08-03 23:10:00,1477.34
2020-08-03 23:10:00,1477.34
2020-08-03 23:10:00,1477.34
2020-08-03 23:10:00,1477.34
2020-08-03 23:10:00,1477.34
2020-08-03 23:10:00,1477.34
2020-08-03 23:10:00,1477.34
2020-08-03 23:10:00,1477.34
2020-08-03 23:10:00,1477.34
2020-08-03 23:25:00,1490.04
2020-08-03 23:25:00,1490.04
2020-08-03 23:25:00,1490.04
2020-08-03 23:25:00,1490.04
2020-08-03 23:25:00,1490.04
2020-08-03 23:25:00,1490.04
2020-08-03 23:25:00,1490.04
2020-08-03 23:25:00,1490.04
2020-08-03 23:25:00,1490.04
2020-08-03 23:25:00,1490.04
2020-08-03 23:40:00,1502.73
2020-08-03 23:40:00,1502.73
2020-08-03 23:40:00,1502.73
2020-08-03 23:40:00,1502.73
2020-08-03 23:40:00,1502.73
2020-08-03 23:40:00,1502.73
2020-08-03 23:40:00,1502.73
2020-08-03 23:40:00,1502.73
2020-08-03 23:40:00,1502.73
2020-08-03 23:40:00,1502.73
2020-08-03 23:55:00,1443.76
2020-08-03 23:55:00,1443.76
2020-08-03 23:55:00,1443.76
2020-08-03 23:55:00,1443.76
2020-08-03 23:55:00,1443.76
2020-08-03 23:55:00,1443.76
2020-08-03 23:55:00,1443.76
2020-08-03 23:55:00,1443.76
2020-08-03 23:55:00,1443.76
2020-08-03 23:55:00,1443.76
2020-08-04 00:10:00,1384.8
2020-08-04 00:10:00,1384.8
2020-08-04 00:10:00,1384.8
2020-08-04 00:10:00,1384.8
2020-08-04 00:10:00,1384.8
2020-08-04 00:10:00,1384.8
2020-08-04 00:10:00,1384.8
2020-08-04 00:10:00,1384.8
2020-08-04 00:10:00,1384.8
2020-08-04 00:10:00,1384.8
2020-08-04 00:25:00,1369.18
2020-08-04 00:25:00,1369.18
2020-08-04 00:25:00,1369.18
2020-08-04 00:25:00,1369.18
2020-08-04 00:25:00,1369.18
2020-08-04 00:25:00,1369.18
2020-08-04 00:25:00,1369.18
2020-08-04 00:25:00,1369.18
2020-08-04 00:25:00,1369.18
2020-08-04 00:25:00,1369.18
2020-08-04 00:40:00,1353.55
2020-08-04 00:40:00,1353.55
2020-08-04 00:40:00,1353.55
2020-08-04 00:40:00,1353.55
2020-08-04 00:40:00,1353.55
2020-08-04 00:40:00,1353.55
2020-08-04 00:40:00,1353.55
2020-08-04 00:40:00,1353.55
2020-08-04 00:40:00,1353.55
2020-08-04 00:40:00,1353.55
2020-08-04 00:55:00,1316.24
2020-08-04 00:55:00,1316.24
2020-08-04 00:55:00,1316.24
2020-08-04 00:55:00,1316.24
2020-08-04 00:55:00,1316.24
2020-08-04 00:55:00,1316.24
2020-08-04 00:55:00,1316.24
2020-08-04 00:55:00,1316.24
2020-08-04 00:55:00,1316.24
2020-08-04 00:55:00,1316.24
2020-08-04 01:10:00,1278.93
2020-08-04 01:10:00,1278.93
2020-08-04 01:10:00,1278.93
2020-08-04 01:10:00,1278.93
2020-08-04 01:10:00,1278.93
2020-08-04 01:10:00,1278.93
2020-08-04 01:10:00,1278.93
2020-08-04 01:10:00,1278.93
2020-08-04 01:10:00,1278.93
2020-08-04 01:10:00,1278.93
2020-08-04 01:25:00,1278.93
2020-08-04 01:25:00,1278.93
2020-08-04 01:25:00,1278.93
2020-08-04 01:25:00,1278.93
2020-08-04 01:25:00,1278.93
2020-08-04 01:25:00,1278.93
2020-08-04 01:25:00,1278.93
2020-08-04 01:25:00,1278.93
2020-08-04 01:25:00,1278.93
2020-08-04 01:25:00,1278.93
2020-08-04 01:40:00,1318.92
2020-08-04 01:40:00,1318.92
2020-08-04 01:40:00,1318.92
2020-08-04 01:40:00,1318.92
2020-08-04 01:40:00,1318.92
2020-08-04 01:40:00,1318.92
2020-08-04 01:40:00,1318.92
2020-08-04 01:40:00,1318.92
2020-08-04 01:40:00,1318.92
2020-08-04 01:40:00,1318.92
2020-08-04 01:55:00,1358.91
2020-08-04 01:55:00,1358.91
2020-08-04 01:55:00,1358.91
2020-08-04 01:55:00,1358.91
2020-08-04 01:55:00,1358.91
2020-08-04 01:55:00,1358.91
2020-08-04 01:55:00,1358.91
2020-08-04 01:55:00,1358.91
2020-08-04 01:55:00,1358.91
2020-08-04 01:55:00,1358.91
2020-08-04 02:10:00,1358.91
2020-08-04 02:10:00,1358.91
2020-08-04 02:10:00,1358.91
2020-08-04 02:10:00,1358.91
2020-08-04 02:10:00,1358.91
2020-08-04 02:10:00,1358.91
2020-08-04 02:10:00,1358.91
2020-08-04 02:10:00,1358.91
2020-08-04 02:10:00,1358.91
2020-08-04 02:10:00,1358.91
2020-08-04 02:25:00,1235.84
2020-08-04 02:25:00,1235.84
2020-08-04 02:25:00,1235.84
2020-08-04 02:25:00,1235.84
2020-08-04 02:25:00,1235.84
2020-08-04 02:25:00,1235.84
2020-08-04 02:25:00,1235.84
2020-08-04 02:25:00,1235.84
2020-08-04 02:25:00,1235.84
2020-08-04 02:25:00,1235.84
2020-08-04 02:40:00,1112.77
2020-08-04 02:40:00,1112.77
2020-08-04 02:40:00,1112.77
2020-08-04 02:40:00,1112.77
2020-08-04 02:40:00,1112.77
2020-08-04 02:40:00,1112.77
2020-08-04 02:40:00,1112.77
2020-08-04 02:40:00,1112.77
2020-08-04 02:40:00,1112.77
2020-08-04 02:40:00,1112.77
2020-08-04 02:55:00,1100.04
2020-08-04 02:55:00,1100.04
2020-08-04 02:55:00,1100.04
2020-08-04 02:55:00,1100.04
2020-08-04 02:55:00,1100.04
2020-08-04 02:55:00,1100.04
2020-08-04 02:55:00,1100.04
2020-08-04 02:55:00,1100.04
2020-08-04 02:55:00,1100.04
2020-08-04 02:55:00,1100.04
2020-08-04 03:10:00,1087.3
2020-08-04 03:10:00,1087.3
2020-08-04 03:10:00,1087.3
2020-08-04 03:10:00,1087.3
2020-08-04 03:10:00,1087.3
2020-08-04 03:10:00,1087.3
2020-08-04 03:10:00,1087.3
2020-08-04 03:10:00,1087.3
2020-08-04 03:10:00,1087.3
2020-08-04 03:10:00,1087.3
2020-08-04 03:25:00,1164.58
2020-08-04 03:25:00,1164.58
2020-08-04 03:25:00,1164.58
2020-08-04 03:25:00,1164.58
2020-08-04 03:25:00,1164.58
2020-08-04 03:25:00,1164.58
2020-08-04 03:25:00,1164.58
2020-08-04 03:25:00,1164.58
2020-08-04 03:25:00,1164.58
2020-08-04 03:25:00,1164.58
2020-08-04 03:40:00,1241.86
2020-08-04 03:40:00,1241.86
2020-08-04 03:40:00,1241.86
2020-08-04 03:40:00,1241.86
2020-08-04 03:40:00,1241.86
2020-08-04 03:40:00,1241.86
2020-08-04 03:40:00,1241.86
2020-08-04 03:40:00,1241.86
2020-08-04 03:40:00,1241.86
2020-08-04 03:40:00,1241.86
2020-08-04 03:55:00,1191.26
2020-08-04 03:55:00,1191.26
2020-08-04 03:55:00,1191.26
2020-08-04 03:55:00,1191.26
2020-08-04 03:55:00,1191.26
2020-08-04 03:55:00,1191.26
2020-08-04 03:55:00,1191.26
2020-08-04 03:55:00,1191.26
2020-08-04 03:55:00,1191.26
2020-08-04 03:55:00,1191.26
2020-08-04 04:10:00,1140.67
2020-08-04 04:10:00,1140.67
2020-08-04 04:10:00,1140.67
2020-08-04 04:10:00,1140.67
2020-08-04 04:10:00,1140.67
2020-08-04 04:10:00,1140.67
2020-08-04 04:10:00,1140.67
2020-08-04 04:10:00,1140.67
2020-08-04 04:10:00,1140.67
2020-08-04 04:10:00,1140.67
2020-08-04 04:25:00,1261.58
2020-08-04 04:25:00,1261.58
2020-08-04 04:25:00,1261.58
2020-08-04 04:25:00,1261.58
2020-08-04 04:25:00,1261.58
2020-08-04 04:25:00,1261.58
2020-08-04 04:25:00,1261.58
2020-08-04 04:25:00,1261.58
2020-08-04 04:25:00,1261.58
2020-08-04 04:25:00,1261.58
2020-08-04 04:40:00,1382.49
2020-08-04 04:40:00,1382.49
2020-08-04 04:40:00,1382.49
2020-08-04 04:40:00,1382.49
2020-08-04 04:40:00,1382.49
2020-08-04 04:40:00,1382.49
2020-08-04 04:40:00,1382.49
2020-08-04 04:40:00,1382.49
2020-08-04 04:40:00,1382.49
2020-08-04 04:40:00,1382.49
2020-08-04 04:55:00,1358.59
2020-08-04 04:55:00,1358.59
2020-08-04 04:55:00,1358.59
2020-08-04 04:55:00,1358.59
2020-08-04 04:55:00,1358.59
2020-08-04 04:55:00,1358.59
2020-08-04 04:55:00,1358.59
2020-08-04 04:55:00,1358.59
2020-08-04 04:55:00,1358.59
2020-08-04 04:55:00,1358.59
2020-08-04 05:10:00,1334.69
2020-08-04 05:10:00,1334.69
2020-08-04 05:10:00,1334.69
2020-08-04 05:10:00,1334.69
2020-08-04 05:10:00,1334.69
2020-08-04 05:10:00,1334.69
2020-08-04 05:10:00,1334.69
2020-08-04 05:10:00,1334.69
2020-08-04 05:10:00,1334.69
2020-08-04 05:10:00,1334.69
2020-08-04 05:25:00,1360.4
2020-08-04 05:25:00,1360.4
2020-08-04 05:25:00,1360.4
2020-08-04 05:25:00,1360.4
2020-08-04 05:25:00,1360.4
2020-08-04 05:25:00,1360.4
2020-08-04 05:25:00,1360.4
2020-08-04 05:25:00,1360.4
2020-08-04 05:25:00,1360.4
2020-08-04 05:25:00,1360.4
2020-08-04 05:40:00,1386.1
2020-08-04 05:40:00,1386.1
2020-08-04 05:40:00,1386.1
2020-08-04 05:40:00,1386.1
2020-08-04 05:40:00,1386.1
2020-08-04 05:40:00,1386.1
2020-08-04 05:40:00,1386.1
2020-08-04 05:40:00,1386.1
2020-08-04 05:40:00,1386.1
2020-08-04 05:40:00,1386.1
2020-08-04 05:55:00,1407.32
2020-08-04 05:55:00,1407.32
2020-08-04 05:55:00,1407.32
2020-08-04 05:55:00,1407.32
2020-08-04 05:55:00,1407.32
2020-08-04 05:55:00,1407.32
2020-08-04 05:55:00,1407.32
2020-08-04 05:55:00,1407.32
2020-08-04 05:55:00,1407.32
2020-08-04 05:55:00,1407.32
2020-08-04 06:10:00,1428.54
2020-08-04 06:10:00,1428.54
2020-08-04 06:10:00,1428.54
2020-08-04 06:10:00,1428.54
2020-08-04 06:10:00,1428.54
2020-08-04 06:10:00,1428.54
2020-08-04 06:10:00,1428.54
2020-08-04 06:10:00,1428.54
2020-08-04 06:10:00,1428.54
2020-08-04 06:10:00,1428.54
2020-08-04 06:25:00,1408.34
2020-08-04 06:25:00,1408.34
2020-08-04 06:25:00,1408.34
2020-08-04 06:25:00,1408.34
2020-08-04 06:25:00,1408.34
2020-08-04 06:25:00,1408.34
2020-08-04 06:25:00,1408.34
2020-08-04 06:25:00,1408.34
2020-08-04 06:25:00,1408.34
2020-08-04 06:25:00,1408.34
2020-08-04 06:40:00,1388.14
2020-08-04 06:40:00,1388.14
2020-08-04 06:40:00,1388.14
2020-08-04 06:40:00,1388.14
2020-08-04 06:40:00,1388.14
2020-08-04 06:40:00,1388.14
2020-08-04 06:40:00,1388.14
2020-08-04 06:40:00,1388.14
2020-08-04 06:40:00,1388.14
2020-08-04 06:40:00,1388.14
2020-08-04 06:55:00,1376.98
2020-08-04 06:55:00,1376.98
2020-08-04 06:55:00,1376.98
2020-08-04 06:55:00,1376.98
2020-08-04 06:55:00,1376.98
2020-08-04 06:55:00,1376.98
2020-08-04 06:55:00,1376.98
2020-08-04 06:55:00,1376.98
2020-08-04 06:55:00,1376.98
2020-08-04 06:55:00,1376.98
2020-08-04 07:10:00,1365.82
2020-08-04 07:10:00,1365.82
2020-08-04 07:10:00,1365.82
2020-08-04 07:10:00,1365.82
2020-08-04 07:10:00,1365.82
2020-08-04 07:10:00,1365.82
2020-08-04 07:10:00,1365.82
2020-08-04 07:10:00,1365.82
2020-08-04 07:10:00,1365.82
2020-08-04 07:10:00,1365.82
2020-08-04 07:25:00,1376.18
2020-08-04 07:25:00,1376.18
2020-08-04 07:25:00,1376.18
2020-08-04 07:25:00,1376.18
2020-08-04 07:25:00,1376.18
2020-08-04 07:25:00,1376.18
2020-08-04 07:25:00,1376.18
2020-08-04 07:25:00,1376.18
2020-08-04 07:25:00,1376.18
2020-08-04 07:25:00,1376.18
2020-08-04 07:40:00,1386.54
2020-08-04 07:40:00,1386.54
2020-08-04 07:40:00,1386.54
2020-08-04 07:40:00,1386.54
2020-08-04 07:40:00,1386.54
2020-08-04 07:40:00,1386.54
2020-08-04 07:40:00,1386.54
2020-08-04 07:40:00,1386.54
2020-08-04 07:40:00,1386.54
2020-08-04 07:40:00,1386.54
2020-08-04 07:55:00,1435.73
2020-08-04 07:55:00,1435.73
2020-08-04 07:55:00,1435.73
2020-08-04 07:55:00,1435.73
2020-08-04 07:55:00,1435.73
2020-08-04 07:55:00,1435.73
2020-08-04 07:55:00,1435.73
2020-08-04 07:55:00,1435.73
2020-08-04 07:55:00,1435.73
2020-08-04 07:55:00,1435.73
2020-08-04 08:10:00,1484.92
2020-08-04 08:10:00,1484.92
2020-08-04 08:10:00,1484.92
2020-08-04 08:10:00,1484.92
2020-08-04 08:10:00,1484.92
2020-08-04 08:10:00,1484.92
2020-08-04 08:10:00,1484.92
2020-08-04 08:10:00,1484.92
2020-08-04 08:10:00,1484.92
2020-08-04 08:10:00,1484.92
2020-08-04 08:25:00,1484.74
2020-08-04 08:25:00,1484.74
2020-08-04 08:25:00,1484.74
2020-08-04 08:25:00,1484.74
2020-08-04 08:25:00,1484.74
2020-08-04 08:25:00,1484.74
2020-08-04 08:25:00,1484.74
2020-08-04 08:25:00,1484.74
2020-08-04 08:25:00,1484.74
2020-08-04 08:25:00,1484.74
2020-08-04 08:40:00,1484.55
2020-08-04 08:40:00,1484.55
2020-08-04 08:40:00,1484.55
2020-08-04 08:40:00,1484.55
2020-08-04 08:40:00,1484.55
2020-08-04 08:40:00,1484.55
2020-08-04 08:40:00,1484.55
2020-08-04 08:40:00,1484.55
2020-08-04 08:40:00,1484.55
2020-08-04 08:40:00,1484.55
2020-08-04 08:55:00,1496.98
2020-08-04 08:55:00,1496.98
2020-08-04 08:55:00,1496.98
2020-08-04 08:55:00,1496.98
2020-08-04 08:55:00,1496.98
2020-08-04 08:55:00,1496.98
2020-08-04 08:55:00,1496.98
2020-08-04 08:55:00,1496.98
2020-08-04 08:55:00,1496.98
2020-08-04 08:55:00,1496.98
2020-08-04 09:10:00,1509.41
2020-08-04 09:10:00,1509.41
2020-08-04 09:10:00,1509.41
2020-08-04 09:10:00,1509.41
2020-08-04 09:10:00,1509.41
2020-08-04 09:10:00,1509.41
2020-08-04 09:10:00,1509.41
2020-08-04 09:10:00,1509.41
2020-08-04 09:10:00,1509.41
2020-08-04 09:10:00,1509.41
2020-08-04 09:25:00,1513.35
2020-08-04 09:25:00,1513.35
2020-08-04 09:25:00,1513.35
2020-08-04 09:25:00,1513.35
2020-08-04 09:25:00,1513.35
2020-08-04 09:25:00,1513.35
2020-08-04 09:25:00,1513.35
2020-08-04 09:25:00,1513.35
2020-08-04 09:25:00,1513.35
2020-08-04 09:25:00,1513.35
2020-08-04 09:40:00,1517.29
2020-08-04 09:40:00,1517.29
2020-08-04 09:40:00,1517.29
2020-08-04 09:40:00,1517.29
2020-08-04 09:40:00,1517.29
2020-08-04 09:40:00,1517.29
2020-08-04 09:40:00,1517.29
2020-08-04 09:40:00,1517.29
2020-08-04 09:40:00,1517.29
2020-08-04 09:40:00,1517.29
2020-08-04 09:55:00,1517.59
2020-08-04 09:55:00,1517.59
2020-08-04 09:55:00,1517.59
2020-08-04 09:55:00,1517.59
2020-08-04 09:55:00,1517.59
2020-08-04 09:55:00,1517.59
2020-08-04 09:55:00,1517.59
2020-08-04 09:55:00,1517.59
2020-08-04 09:55:00,1517.59
2020-08-04 09:55:00,1517.59
2020-08-04 10:10:00,1517.89
2020-08-04 10:10:00,1517.89
2020-08-04 10:10:00,1517.89
2020-08-04 10:10:00,1517.89
2020-08-04 10:10:00,1517.89
2020-08-04 10:10:00,1517.89
2020-08-04 10:10:00,1517.89
2020-08-04 10:10:00,1517.89
2020-08-04 10:10:00,1517.89
2020-08-04 10:10:00,1517.89
2020-08-04 10:25:00,1517.98
2020-08-04 10:25:00,1517.98
2020-08-04 10:25:00,1517.98
2020-08-04 10:25:00,1517.98
2020-08-04 10:25:00,1517.98
2020-08-04 10:25:00,1517.98
2020-08-04 10:25:00,1517.98
2020-08-04 10:25:00,1517.98
2020-08-04 10:25:00,1517.98
2020-08-04 10:25:00,1517.98
2020-08-04 10:40:00,1518.07
2020-08-04 10:40:00,1518.07
2020-08-04 10:40:00,1518.07
2020-08-04 10:40:00,1518.07
2020-08-04 10:40:00,1518.07
2020-08-04 10:40:00,1518.07
2020-08-04 10:40:00,1518.07
2020-08-04 10:40:00,1518.07
2020-08-04 10:40:00,1518.07
2020-08-04 10:40:00,1518.07
2020-08-04 10:55:00,1517.04
2020-08-04 10:55:00,1517.04
2020-08-04 10:55:00,1517.04
2020-08-04 10:55:00,1517.04
2020-08-04 10:55:00,1517.04
2020-08-04 10:55:00,1517.04
2020-08-04 10:55:00,1517.04
2020-08-04 10:55:00,1517.04
2020-08-04 10:55:00,1517.04
2020-08-04 10:55:00,1517.04
2020-08-04 11:10:00,1516.0
2020-08-04 11:10:00,1516.0
2020-08-04 11:10:00,1516.0
2020-08-04 11:10:00,1516.0
2020-08-04 11:10:00,1516.0
2020-08-04 11:10:00,1516.0
2020-08-04 11:10:00,1516.0
2020-08-04 11:10:00,1516.0
2020-08-04 11:10:00,1516.0
2020-08-04 11:10:00,1516.0
2020-08-04 11:25:00,1516.42
2020-08-04 11:25:00,1516.42
2020-08-04 11:25:00,1516.42
2020-08-04 11:25:00,1516.42
2020-08-04 11:25:00,1516.42
2020-08-04 11:25:00,1516.42
2020-08-04 11:25:00,1516.42
2020-08-04 11:25:00,1516.42
2020-08-04 11:25:00,1516.42
2020-08-04 11:25:00,1516.42
2020-08-04 11:40:00,1516.83
2020-08-04 11:40:00,1516.83
2020-08-04 11:40:00,1516.83
2020-08-04 11:40:00,1516.83
2020-08-04 11:40:00,1516.83
2020-08-04 11:40:00,1516.83
2020-08-04 11:40:00,1516.83
2020-08-04 11:40:00,1516.83
2020-08-04 11:40:00,1516.83
2020-08-04 11:40:00,1516.83
2020-08-04 11:55:00,1517.64
2020-08-04 11:55:00,1517.64
2020-08-04 11:55:00,1517.64
2020-08-04 11:55:00,1517.64
2020-08-04 11:55:00,1517.64
2020-08-04 11:55:00,1517.64
2020-08-04 11:55:00,1517.64
2020-08-04 11:55:00,1517.64
2020-08-04 11:55:00,1517.64
2020-08-04 11:55:00,1517.64
2020-08-04 12:10:00,1518.44
2020-08-04 12:10:00,1518.44
2020-08-04 12:10:00,1518.44
2020-08-04 12:10:00,1518.44
2020-08-04 12:10:00,1518.44
2020-08-04 12:10:00,1518.44
2020-08-04 12:10:00,1518.44
2020-08-04 12:10:00,1518.44
2020-08-04 12:10:00,1518.44
2020-08-04 12:10:00,1518.44
2020-08-04 12:25:00,1516.28
2020-08-04 12:25:00,1516.28
2020-08-04 12:25:00,1516.28
2020-08-04 12:25:00,1516.28
2020-08-04 12:25:00,1516.28
2020-08-04 12:25:00,1516.28
2020-08-04 12:25:00,1516.28
2020-08-04 12:25:00,1516.28
2020-08-04 12:25:00,1516.28
2020-08-04 12:25:00,1516.28
2020-08-04 12:40:00,1514.11
2020-08-04 12:40:00,1514.11
2020-08-04 12:40:00,1514.11
2020-08-04 12:40:00,1514.11
2020-08-04 12:40:00,1514.11
2020-08-04 12:40:00,1514.11
2020-08-04 12:40:00,1514.11
2020-08-04 12:40:00,1514.11
2020-08-04 12:40:00,1514.11
2020-08-04 12:40:00,1514.11
2020-08-04 12:55:00,1516.84
2020-08-04 12:55:00,1516.84
2020-08-04 12:55:00,1516.84
2020-08-04 12:55:00,1516.84
2020-08-04 12:55:00,1516.84
2020-08-04 12:55:00,1516.84
2020-08-04 12:55:00,1516.84
2020-08-04 12:55:00,1516.84
2020-08-04 12:55:00,1516.84
2020-08-04 12:55:00,1516.84
2020-08-04 13:10:00,1519.56
2020-08-04 13:10:00,1519.56
2020-08-04 13:10:00,1519.56
2020-08-04 13:10:00,1519.56
2020-08-04 13:10:00,1519.56
2020-08-04 13:10:00,1519.56
2020-08-04 13:10:00,1519.56
2020-08-04 13:10:00,1519.56
2020-08-04 13:10:00,1519.56
2020-08-04 13:10:00,1519.56
2020-08-04 13:25:00,1514.32
2020-08-04 13:25:00,1514.32
2020-08-04 13:25:00,1514.32
2020-08-04 13:25:00,1514.32
2020-08-04 13:25:00,1514.32
2020-08-04 13:25:00,1514.32
2020-08-04 13:25:00,1514.32
2020-08-04 13:25:00,1514.32
2020-08-04 13:25:00,1514.32
2020-08-04 13:25:00,1514.32
2020-08-04 13:40:00,1509.07
2020-08-04 13:40:00,1509.07
2020-08-04 13:40:00,1509.07
2020-08-04 13:40:00,1509.07
2020-08-04 13:40:00,1509.07
2020-08-04 13:40:00,1509.07
2020-08-04 13:40:00,1509.07
2020-08-04 13:40:00,1509.07
2020-08-04 13:40:00,1509.07
2020-08-04 13:40:00,1509.07
2020-08-04 13:55:00,1514.36
2020-08-04 13:55:00,1514.36
2020-08-04 13:55:00,1514.36
2020-08-04 13:55:00,1514.36
2020-08-04 13:55:00,1514.36
2020-08-04 13:55:00,1514.36
2020-08-04 13:55:00,1514.36
2020-08-04 13:55:00,1514.36
2020-08-04 13:55:00,1514.36
2020-08-04 13:55:00,1514.36
2020-08-04 14:10:00,1519.65
2020-08-04 14:10:00,1519.65
2020-08-04 14:10:00,1519.65
2020-08-04 14:10:00,1519.65
2020-08-04 14:10:00,1519.65
2020-08-04 14:10:00,1519.65
2020-08-04 14:10:00,1519.65
2020-08-04 14:10:00,1519.65
2020-08-04 14:10:00,1519.65
2020-08-04 14:10:00,1519.65
2020-08-04 14:25:00,1482.7
2020-08-04 14:25:00,1482.7
2020-08-04 14:25:00,1482.7
2020-08-04 14:25:00,1482.7
2020-08-04 14:25:00,1482.7
2020-08-04 14:25:00,1482.7
2020-08-04 14:25:00,1482.7
2020-08-04 14:25:00,1482.7
2020-08-04 14:25:00,1482.7
2020-08-04 14:25:00,1482.7
2020-08-04 14:40:00,1445.74
2020-08-04 14:40:00,1445.74
2020-08-04 14:40:00,1445.74
2020-08-04 14:40:00,1445.74
2020-08-04 14:40:00,1445.74
2020-08-04 14:40:00,1445.74
2020-08-04 14:40:00,1445.74
2020-08-04 14:40:00,1445.74
2020-08-04 14:40:00,1445.74
2020-08-04 14:40:00,1445.74
2020-08-04 14:55:00,1475.57
2020-08-04 14:55:00,1475.57
2020-08-04 14:55:00,1475.57
2020-08-04 14:55:00,1475.57
2020-08-04 14:55:00,1475.57
2020-08-04 14:55:00,1475.57
2020-08-04 14:55:00,1475.57
2020-08-04 14:55:00,1475.57
2020-08-04 14:55:00,1475.57
2020-08-04 14:55:00,1475.57
2020-08-04 15:10:00,1505.4
2020-08-04 15:10:00,1505.4
2020-08-04 15:10:00,1505.4
2020-08-04 15:10:00,1505.4
2020-08-04 15:10:00,1505.4
2020-08-04 15:10:00,1505.4
2020-08-04 15:10:00,1505.4
2020-08-04 15:10:00,1505.4
2020-08-04 15:10:00,1505.4
2020-08-04 15:10:00,1505.4
2020-08-04 15:25:00,1507.66
2020-08-04 15:25:00,1507.66
2020-08-04 15:25:00,1507.66
2020-08-04 15:25:00,1507.66
2020-08-04 15:25:00,1507.66
2020-08-04 15:25:00,1507.66
2020-08-04 15:25:00,1507.66
2020-08-04 15:25:00,1507.66
2020-08-04 15:25:00,1507.66
2020-08-04 15:25:00,1507.66
2020-08-04 15:40:00,1509.93
2020-08-04 15:40:00,1509.93
2020-08-04 15:40:00,1509.93
2020-08-04 15:40:00,1509.93
2020-08-04 15:40:00,1509.93
2020-08-04 15:40:00,1509.93
2020-08-04 15:40:00,1509.93
2020-08-04 15:40:00,1509.93
2020-08-04 15:40:00,1509.93
2020-08-04 15:40:00,1509.93
2020-08-04 15:55:00,1504.74
2020-08-04 15:55:00,1504.74
2020-08-04 15:55:00,1504.74
2020-08-04 15:55:00,1504.74
2020-08-04 15:55:00,1504.74
2020-08-04 15:55:00,1504.74
2020-08-04 15:55:00,1504.74
2020-08-04 15:55:00,1504.74
2020-08-04 15:55:00,1504.74
2020-08-04 15:55:00,1504.74
2020-08-04 16:10:00,1499.55
2020-08-04 16:10:00,1499.55
2020-08-04 16:10:00,1499.55
2020-08-04 16:10:00,1499.55
2020-08-04 16:10:00,1499.55
2020-08-04 16:10:00,1499.55
2020-08-04 16:10:00,1499.55
2020-08-04 16:10:00,1499.55
2020-08-04 16:10:00,1499.55
2020-08-04 16:10:00,1499.55
2020-08-04 16:25:00,1255.04
2020-08-04 16:25:00,1255.04
2020-08-04 16:25:00,1255.04
2020-08-04 16:25:00,1255.04
2020-08-04 16:25:00,1255.04
2020-08-04 16:25:00,1255.04
2020-08-04 16:25:00,1255.04
2020-08-04 16:25:00,1255.04
2020-08-04 16:25:00,1255.04
2020-08-04 16:25:00,1255.04
2020-08-04 16:40:00,1010.52
2020-08-04 16:40:00,1010.52
2020-08-04 16:40:00,1010.52
2020-08-04 16:40:00,1010.52
2020-08-04 16:40:00,1010.52
2020-08-04 16:40:00,1010.52
2020-08-04 16:40:00,1010.52
2020-08-04 16:40:00,1010.52
2020-08-04 16:40:00,1010.52
2020-08-04 16:40:00,1010.52
2020-08-04 16:55:00,1145.67
2020-08-04 16:55:00,1145.67
2020-08-04 16:55:00,1145.67
2020-08-04 16:55:00,1145.67
2020-08-04 16:55:00,1145.67
2020-08-04 16:55:00,1145.67
2020-08-04 16:55:00,1145.67
2020-08-04 16:55:00,1145.67
2020-08-04 16:55:00,1145.67
2020-08-04 16:55:00,1145.67
2020-08-04 17:10:00,1280.82
2020-08-04 17:10:00,1280.82
2020-08-04 17:10:00,1280.82
2020-08-04 17:10:00,1280.82
2020-08-04 17:10:00,1280.82
2020-08-04 17:10:00,1280.82
2020-08-04 17:10:00,1280.82
2020-08-04 17:10:00,1280.82
2020-08-04 17:10:00,1280.82
2020-08-04 17:10:00,1280.82
2020-08-04 17:25:00,1327.03
2020-08-04 17:25:00,1327.03
2020-08-04 17:25:00,1327.03
2020-08-04 17:25:00,1327.03
2020-08-04 17:25:00,1327.03
2020-08-04 17:25:00,1327.03
2020-08-04 17:25:00,1327.03
2020-08-04 17:25:00,1327.03
2020-08-04 17:25:00,1327.03
2020-08-04 17:25:00,1327.03
2020-08-04 17:40:00,1373.24
2020-08-04 17:40:00,1373.24
2020-08-04 17:40:00,1373.24
2020-08-04 17:40:00,1373.24
2020-08-04 17:40:00,1373.24
2020-08-04 17:40:00,1373.24
2020-08-04 17:40:00,1373.24
2020-08-04 17:40:00,1373.24
2020-08-04 17:40:00,1373.24
2020-08-04 17:40:00,1373.24
2020-08-04 17:55:00,1399.59
2020-08-04 17:55:00,1399.59
2020-08-04 17:55:00,1399.59
2020-08-04 17:55:00,1399.59
2020-08-04 17:55:00,1399.59
2020-08-04 17:55:00,1399.59
2020-08-04 17:55:00,1399.59
2020-08-04 17:55:00,1399.59
2020-08-04 17:55:00,1399.59
2020-08-04 17:55:00,1399.59
2020-08-04 18:10:00,1425.94
2020-08-04 18:10:00,1425.94
2020-08-04 18:10:00,1425.94
2020-08-04 18:10:00,1425.94
2020-08-04 18:10:00,1425.94
2020-08-04 18:10:00,1425.94
2020-08-04 18:10:00,1425.94
2020-08-04 18:10:00,1425.94
2020-08-04 18:10:00,1425.94
2020-08-04 18:10:00,1425.94
2020-08-04 18:25:00,1449.87
2020-08-04 18:25:00,1449.87
2020-08-04 18:25:00,1449.87
2020-08-04 18:25:00,1449.87
2020-08-04 18:25:00,1449.87
2020-08-04 18:25:00,1449.87
2020-08-04 18:25:00,1449.87
2020-08-04 18:25:00,1449.87
2020-08-04 18:25:00,1449.87
2020-08-04 18:25:00,1449.87
2020-08-04 18:40:00,1473.8
2020-08-04 18:40:00,1473.8
2020-08-04 18:40:00,1473.8
2020-08-04 18:40:00,1473.8
2020-08-04 18:40:00,1473.8
2020-08-04 18:40:00,1473.8
2020-08-04 18:40:00,1473.8
2020-08-04 18:40:00,1473.8
2020-08-04 18:40:00,1473.8
2020-08-04 18:40:00,1473.8
2020-08-04 18:55:00,1461.72
2020-08-04 18:55:00,1461.72
2020-08-04 18:55:00,1461.72
2020-08-04 18:55:00,1461.72
2020-08-04 18:55:00,1461.72
2020-08-04 18:55:00,1461.72
2020-08-04 18:55:00,1461.72
2020-08-04 18:55:00,1461.72
2020-08-04 18:55:00,1461.72
2020-08-04 18:55:00,1461.72
2020-08-04 19:10:00,1449.65
2020-08-04 19:10:00,1449.65
2020-08-04 19:10:00,1449.65
2020-08-04 19:10:00,1449.65
2020-08-04 19:10:00,1449.65
2020-08-04 19:10:00,1449.65
2020-08-04 19:10:00,1449.65
2020-08-04 19:10:00,1449.65
2020-08-04 19:10:00,1449.65
2020-08-04 19:10:00,1449.65
2020-08-04 19:25:00,1446.23
2020-08-04 19:25:00,1446.23
2020-08-04 19:25:00,1446.23
2020-08-04 19:25:00,1446.23
2020-08-04 19:25:00,1446.23
2020-08-04 19:25:00,1446.23
2020-08-04 19:25:00,1446.23
2020-08-04 19:25:00,1446.23
2020-08-04 19:25:00,1446.23
2020-08-04 19:25:00,1446.23
2020-08-04 19:40:00,1442.81
2020-08-04 19:40:00,1442.81
2020-08-04 19:40:00,1442.81
2020-08-04 19:40:00,1442.81
2020-08-04 19:40:00,1442.81
2020-08-04 19:40:00,1442.81
2020-08-04 19:40:00,1442.81
2020-08-04 19:40:00,1442.81
2020-08-04 19:40:00,1442.81
2020-08-04 19:40:00,1442.81
2020-08-04 19:55:00,1442.78
2020-08-04 19:55:00,1442.78
2020-08-04 19:55:00,1442.78
2020-08-04 19:55:00,1442.78
2020-08-04 19:55:00,1442.78
2020-08-04 19:55:00,1442.78
2020-08-04 19:55:00,1442.78
2020-08-04 19:55:00,1442.78
2020-08-04 19:55:00,1442.78
2020-08-04 19:55:00,1442.78
2020-08-04 20:10:00,1442.74
2020-08-04 20:10:00,1442.74
2020-08-04 20:10:00,1442.74
2020-08-04 20:10:00,1442.74
2020-08-04 20:10:00,1442.74
2020-08-04 20:10:00,1442.74
2020-08-04 20:10:00,1442.74
2020-08-04 20:10:00,1442.74
2020-08-04 20:10:00,1442.74
2020-08-04 20:10:00,1442.74
2020-08-04 20:25:00,1322.22
2020-08-04 20:25:00,1322.22
2020-08-04 20:25:00,1322.22
2020-08-04 20:25:00,1322.22
2020-08-04 20:25:00,1322.22
2020-08-04 20:25:00,1322.22
2020-08-04 20:25:00,1322.22
2020-08-04 20:25:00,1322.22
2020-08-04 20:25:00,1322.22
2020-08-04 20:25:00,1322.22
2020-08-04 20:40:00,1201.7
2020-08-04 20:40:00,1201.7
2020-08-04 20:40:00,1201.7
2020-08-04 20:40:00,1201.7
2020-08-04 20:40:00,1201.7
2020-08-04 20:40:00,1201.7
2020-08-04 20:40:00,1201.7
2020-08-04 20:40:00,1201.7
2020-08-04 20:40:00,1201.7
2020-08-04 20:40:00,1201.7
2020-08-04 20:55:00,1224.78
2020-08-04 20:55:00,1224.78
2020-08-04 20:55:00,1224.78
2020-08-04 20:55:00,1224.78
2020-08-04 20:55:00,1224.78
2020-08-04 20:55:00,1224.78
2020-08-04 20:55:00,1224.78
2020-08-04 20:55:00,1224.78
2020-08-04 20:55:00,1224.78
2020-08-04 20:55:00,1224.78
2020-08-04 21:10:00,1247.87
2020-08-04 21:10:00,1247.87
2020-08-04 21:10:00,1247.87
2020-08-04 21:10:00,1247.87
2020-08-04 21:10:00,1247.87
2020-08-04 21:10:00,1247.87
2020-08-04 21:10:00,1247.87
2020-08-04 21:10:00,1247.87
2020-08-04 21:10:00,1247.87
2020-08-04 21:10:00,1247.87
2020-08-04 21:25:00,1340.96
2020-08-04 21:25:00,1340.96
2020-08-04 21:25:00,1340.96
2020-08-04 21:25:00,1340.96
2020-08-04 21:25:00,1340.96
2020-08-04 21:25:00,1340.96
2020-08-04 21:25:00,1340.96
2020-08-04 21:25:00,1340.96
2020-08-04 21:25:00,1340.96
2020-08-04 21:25:00,1340.96
2020-08-04 21:40:00,1434.06
2020-08-04 21:40:00,1434.06
2020-08-04 21:40:00,1434.06
2020-08-04 21:40:00,1434.06
2020-08-04 21:40:00,1434.06
2020-08-04 21:40:00,1434.06
2020-08-04 21:40:00,1434.06
2020-08-04 21:40:00,1434.06
2020-08-04 21:40:00,1434.06
2020-08-04 21:40:00,1434.06
2020-08-04 21:55:00,1449.62
2020-08-04 21:55:00,1449.62
2020-08-04 21:55:00,1449.62
2020-08-04 21:55:00,1449.62
2020-08-04 21:55:00,1449.62
2020-08-04 21:55:00,1449.62
2020-08-04 21:55:00,1449.62
2020-08-04 21:55:00,1449.62
2020-08-04 21:55:00,1449.62
2020-08-04 21:55:00,1449.62
2020-08-04 22:10:00,1465.18
2020-08-04 22:10:00,1465.18
2020-08-04 22:10:00,1465.18
2020-08-04 22:10:00,1465.18
2020-08-04 22:10:00,1465.18
2020-08-04 22:10:00,1465.18
2020-08-04 22:10:00,1465.18
2020-08-04 22:10:00,1465.18
2020-08-04 22:10:00,1465.18
2020-08-04 22:10:00,1465.18
2020-08-04 22:25:00,1328.68
2020-08-04 22:25:00,1328.68
2020-08-04 22:25:00,1328.68
2020-08-04 22:25:00,1328.68
2020-08-04 22:25:00,1328.68
2020-08-04 22:25:00,1328.68
2020-08-04 22:25:00,1328.68
2020-08-04 22:25:00,1328.68
2020-08-04 22:25:00,1328.68
2020-08-04 22:25:00,1328.68
2020-08-04 22:40:00,1192.19
2020-08-04 22:40:00,1192.19
2020-08-04 22:40:00,1192.19
2020-08-04 22:40:00,1192.19
2020-08-04 22:40:00,1192.19
2020-08-04 22:40:00,1192.19
2020-08-04 22:40:00,1192.19
2020-08-04 22:40:00,1192.19
2020-08-04 22:40:00,1192.19
2020-08-04 22:40:00,1192.19
2020-08-04 22:55:00,1239.22
2020-08-04 22:55:00,1239.22
2020-08-04 22:55:00,1239.22
2020-08-04 22:55:00,1239.22
2020-08-04 22:55:00,1239.22
2020-08-04 22:55:00,1239.22
2020-08-04 22:55:00,1239.22
2020-08-04 22:55:00,1239.22
2020-08-04 22:55:00,1239.22
2020-08-04 22:55:00,1239.22
2020-08-04 23:10:00,1286.24
2020-08-04 23:10:00,1286.24
2020-08-04 23:10:00,1286.24
2020-08-04 23:10:00,1286.24
2020-08-04 23:10:00,1286.24
2020-08-04 23:10:00,1286.24
2020-08-04 23:10:00,1286.24
2020-08-04 23:10:00,1286.24
2020-08-04 23:10:00,1286.24
2020-08-04 23:10:00,1286.24
2020-08-04 23:25:00,1285.9
2020-08-04 23:25:00,1285.9
2020-08-04 23:25:00,1285.9
2020-08-04 23:25:00,1285.9
2020-08-04 23:25:00,1285.9
2020-08-04 23:25:00,1285.9
2020-08-04 23:25:00,1285.9
2020-08-04 23:25:00,1285.9
2020-08-04 23:25:00,1285.9
2020-08-04 23:25:00,1285.9
2020-08-04 23:40:00,1285.57
2020-08-04 23:40:00,1285.57
2020-08-04 23:40:00,1285.57
2020-08-04 23:40:00,1285.57
2020-08-04 23:40:00,1285.57
2020-08-04 23:40:00,1285.57
2020-08-04 23:40:00,1285.57
2020-08-04 23:40:00,1285.57
2020-08-04 23:40:00,1285.57
2020-08-04 23:40:00,1285.57
2020-08-04 23:55:00,1202.16
2020-08-04 23:55:00,1202.16
2020-08-04 23:55:00,1202.16
2020-08-04 23:55:00,1202.16
2020-08-04 23:55:00,1202.16
2020-08-04 23:55:00,1202.16
2020-08-04 23:55:00,1202.16
2020-08-04 23:55:00,1202.16
2020-08-04 23:55:00,1202.16
2020-08-04 23:55:00,1202.16
2020-08-05 00:10:00,1118.75
2020-08-05 00:10:00,1118.75
2020-08-05 00:10:00,1118.75
2020-08-05 00:10:00,1118.75
2020-08-05 00:10:00,1118.75
2020-08-05 00:10:00,1118.75
2020-08-05 00:10:00,1118.75
2020-08-05 00:10:00,1118.75
2020-08-05 00:10:00,1118.75
2020-08-05 00:10:00,1118.75
2020-08-05 00:25:00,1134.76
2020-08-05 00:25:00,1134.76
2020-08-05 00:25:00,1134.76
2020-08-05 00:25:00,1134.76
2020-08-05 00:25:00,1134.76
2020-08-05 00:25:00,1134.76
2020-08-05 00:25:00,1134.76
2020-08-05 00:25:00,1134.76
2020-08-05 00:25:00,1134.76
2020-08-05 00:25:00,1134.76
2020-08-05 00:40:00,1150.76
2020-08-05 00:40:00,1150.76
2020-08-05 00:40:00,1150.76
2020-08-05 00:40:00,1150.76
2020-08-05 00:40:00,1150.76
2020-08-05 00:40:00,1150.76
2020-08-05 00:40:00,1150.76
2020-08-05 00:40:00,1150.76
2020-08-05 00:40:00,1150.76
2020-08-05 00:40:00,1150.76
2020-08-05 00:55:00,1096.94
2020-08-05 00:55:00,1096.94
2020-08-05 00:55:00,1096.94
2020-08-05 00:55:00,1096.94
2020-08-05 00:55:00,1096.94
2020-08-05 00:55:00,1096.94
2020-08-05 00:55:00,1096.94
2020-08-05 00:55:00,1096.94
2020-08-05 00:55:00,1096.94
2020-08-05 00:55:00,1096.94
2020-08-05 01:10:00,1043.13
2020-08-05 01:10:00,1043.13
2020-08-05 01:10:00,1043.13
2020-08-05 01:10:00,1043.13
2020-08-05 01:10:00,1043.13
2020-08-05 01:10:00,1043.13
2020-08-05 01:10:00,1043.13
2020-08-05 01:10:00,1043.13
2020-08-05 01:10:00,1043.13
2020-08-05 01:10:00,1043.13
2020-08-05 01:25:00,914.7
2020-08-05 01:25:00,914.7
2020-08-05 01:25:00,914.7
2020-08-05 01:25:00,914.7
2020-08-05 01:25:00,914.7
2020-08-05 01:25:00,914.7
2020-08-05 01:25:00,914.7
2020-08-05 01:25:00,914.7
2020-08-05 01:25:00,914.7
2020-08-05 01:25:00,914.7
2020-08-05 01:40:00,786.26
2020-08-05 01:40:00,786.26
2020-08-05 01:40:00,786.26
2020-08-05 01:40:00,786.26
2020-08-05 01:40:00,786.26
2020-08-05 01:40:00,786.26
2020-08-05 01:40:00,786.26
2020-08-05 01:40:00,786.26
2020-08-05 01:40:00,786.26
2020-08-05 01:40:00,786.26
2020-08-05 01:55:00,1080.31
2020-08-05 01:55:00,1080.31
2020-08-05 01:55:00,1080.31
2020-08-05 01:55:00,1080.31
2020-08-05 01:55:00,1080.31
2020-08-05 01:55:00,1080.31
2020-08-05 01:55:00,1080.31
2020-08-05 01:55:00,1080.31
2020-08-05 01:55:00,1080.31
2020-08-05 01:55:00,1080.31
2020-08-05 02:10:00,1374.37
2020-08-05 02:10:00,1374.37
2020-08-05 02:10:00,1374.37
2020-08-05 02:10:00,1374.37
2020-08-05 02:10:00,1374.37
2020-08-05 02:10:00,1374.37
2020-08-05 02:10:00,1374.37
2020-08-05 02:10:00,1374.37
2020-08-05 02:10:00,1374.37
2020-08-05 02:10:00,1374.37
2020-08-05 02:25:00,1284.14
2020-08-05 02:25:00,1284.14
2020-08-05 02:25:00,1284.14
2020-08-05 02:25:00,1284.14
2020-08-05 02:25:00,1284.14
2020-08-05 02:25:00,1284.14
2020-08-05 02:25:00,1284.14
2020-08-05 02:25:00,1284.14
2020-08-05 02:25:00,1284.14
2020-08-05 02:25:00,1284.14
2020-08-05 02:40:00,1193.9
2020-08-05 02:40:00,1193.9
2020-08-05 02:40:00,1193.9
2020-08-05 02:40:00,1193.9
2020-08-05 02:40:00,1193.9
2020-08-05 02:40:00,1193.9
2020-08-05 02:40:00,1193.9
2020-08-05 02:40:00,1193.9
2020-08-05 02:40:00,1193.9
2020-08-05 02:40:00,1193.9
2020-08-05 02:55:00,1242.85
2020-08-05 02:55:00,1242.85
2020-08-05 02:55:00,1242.85
2020-08-05 02:55:00,1242.85
2020-08-05 02:55:00,1242.85
2020-08-05 02:55:00,1242.85
2020-08-05 02:55:00,1242.85
2020-08-05 02:55:00,1242.85
2020-08-05 02:55:00,1242.85
2020-08-05 02:55:00,1242.85
2020-08-05 03:10:00,1291.8
2020-08-05 03:10:00,1291.8
2020-08-05 03:10:00,1291.8
2020-08-05 03:10:00,1291.8
2020-08-05 03:10:00,1291.8
2020-08-05 03:10:00,1291.8
2020-08-05 03:10:00,1291.8
2020-08-05 03:10:00,1291.8
2020-08-05 03:10:00,1291.8
2020-08-05 03:10:00,1291.8
2020-08-05 03:25:00,1196.42
2020-08-05 03:25:00,1196.42
2020-08-05 03:25:00,1196.42
2020-08-05 03:25:00,1196.42
2020-08-05 03:25:00,1196.42
2020-08-05 03:25:00,1196.42
2020-08-05 03:25:00,1196.42
2020-08-05 03:25:00,1196.42
2020-08-05 03:25:00,1196.42
2020-08-05 03:25:00,1196.42
2020-08-05 03:40:00,1101.04
2020-08-05 03:40:00,1101.04
2020-08-05 03:40:00,1101.04
2020-08-05 03:40:00,1101.04
2020-08-05 03:40:00,1101.04
2020-08-05 03:40:00,1101.04
2020-08-05 03:40:00,1101.04
2020-08-05 03:40:00,1101.04
2020-08-05 03:40:00,1101.04
2020-08-05 03:40:00,1101.04
2020-08-05 03:55:00,1062.07
2020-08-05 03:55:00,1062.07
2020-08-05 03:55:00,1062.07
2020-08-05 03:55:00,1062.07
2020-08-05 03:55:00,1062.07
2020-08-05 03:55:00,1062.07
2020-08-05 03:55:00,1062.07
2020-08-05 03:55:00,1062.07
2020-08-05 03:55:00,1062.07
2020-08-05 03:55:00,1062.07
2020-08-05 04:10:00,1023.11
2020-08-05 04:10:00,1023.11
2020-08-05 04:10:00,1023.11
2020-08-05 04:10:00,1023.11
2020-08-05 04:10:00,1023.11
2020-08-05 04:10:00,1023.11
2020-08-05 04:10:00,1023.11
2020-08-05 04:10:00,1023.11
2020-08-05 04:10:00,1023.11
2020-08-05 04:10:00,1023.11
2020-08-05 04:25:00,1074.74
2020-08-05 04:25:00,1074.74
2020-08-05 04:25:00,1074.74
2020-08-05 04:25:00,1074.74
2020-08-05 04:25:00,1074.74
2020-08-05 04:25:00,1074.74
2020-08-05 04:25:00,1074.74
2020-08-05 04:25:00,1074.74
2020-08-05 04:25:00,1074.74
2020-08-05 04:25:00,1074.74
2020-08-05 04:40:00,1126.37
2020-08-05 04:40:00,1126.37
2020-08-05 04:40:00,1126.37
2020-08-05 04:40:00,1126.37
2020-08-05 04:40:00,1126.37
2020-08-05 04:40:00,1126.37
2020-08-05 04:40:00,1126.37
2020-08-05 04:40:00,1126.37
2020-08-05 04:40:00,1126.37
2020-08-05 04:40:00,1126.37
2020-08-05 04:55:00,1161.91
2020-08-05 04:55:00,1161.91
2020-08-05 04:55:00,1161.91
2020-08-05 04:55:00,1161.91
2020-08-05 04:55:00,1161.91
2020-08-05 04:55:00,1161.91
2020-08-05 04:55:00,1161.91
2020-08-05 04:55:00,1161.91
2020-08-05 04:55:00,1161.91
2020-08-05 04:55:00,1161.91
2020-08-05 05:10:00,1197.45
2020-08-05 05:10:00,1197.45
2020-08-05 05:10:00,1197.45
2020-08-05 05:10:00,1197.45
2020-08-05 05:10:00,1197.45
2020-08-05 05:10:00,1197.45
2020-08-05 05:10:00,1197.45
2020-08-05 05:10:00,1197.45
2020-08-05 05:10:00,1197.45
2020-08-05 05:10:00,1197.45
2020-08-05 05:25:00,1186.28
2020-08-05 05:25:00,1186.28
2020-08-05 05:25:00,1186.28
2020-08-05 05:25:00,1186.28
2020-08-05 05:25:00,1186.28
2020-08-05 05:25:00,1186.28
2020-08-05 05:25:00,1186.28
2020-08-05 05:25:00,1186.28
2020-08-05 05:25:00,1186.28
2020-08-05 05:25:00,1186.28
2020-08-05 05:40:00,1175.1
2020-08-05 05:40:00,1175.1
2020-08-05 05:40:00,1175.1
2020-08-05 05:40:00,1175.1
2020-08-05 05:40:00,1175.1
2020-08-05 05:40:00,1175.1
2020-08-05 05:40:00,1175.1
2020-08-05 05:40:00,1175.1
2020-08-05 05:40:00,1175.1
2020-08-05 05:40:00,1175.1
2020-08-05 05:55:00,1173.37
2020-08-05 05:55:00,1173.37
2020-08-05 05:55:00,1173.37
2020-08-05 05:55:00,1173.37
2020-08-05 05:55:00,1173.37
2020-08-05 05:55:00,1173.37
2020-08-05 05:55:00,1173.37
2020-08-05 05:55:00,1173.37
2020-08-05 05:55:00,1173.37
2020-08-05 05:55:00,1173.37
2020-08-05 06:10:00,1171.64
2020-08-05 06:10:00,1171.64
2020-08-05 06:10:00,1171.64
2020-08-05 06:10:00,1171.64
2020-08-05 06:10:00,1171.64
2020-08-05 06:10:00,1171.64
2020-08-05 06:10:00,1171.64
2020-08-05 06:10:00,1171.64
2020-08-05 06:10:00,1171.64
2020-08-05 06:10:00,1171.64
2020-08-05 06:25:00,1243.52
2020-08-05 06:25:00,1243.52
2020-08-05 06:25:00,1243.52
2020-08-05 06:25:00,1243.52
2020-08-05 06:25:00,1243.52
2020-08-05 06:25:00,1243.52
2020-08-05 06:25:00,1243.52
2020-08-05 06:25:00,1243.52
2020-08-05 06:25:00,1243.52
2020-08-05 06:25:00,1243.52
2020-08-05 06:40:00,1315.41
2020-08-05 06:40:00,1315.41
2020-08-05 06:40:00,1315.41
2020-08-05 06:40:00,1315.41
2020-08-05 06:40:00,1315.41
2020-08-05 06:40:00,1315.41
2020-08-05 06:40:00,1315.41
2020-08-05 06:40:00,1315.41
2020-08-05 06:40:00,1315.41
2020-08-05 06:40:00,1315.41
2020-08-05 06:55:00,1016.25
2020-08-05 06:55:00,1016.25
2020-08-05 06:55:00,1016.25
2020-08-05 06:55:00,1016.25
2020-08-05 06:55:00,1016.25
2020-08-05 06:55:00,1016.25
2020-08-05 06:55:00,1016.25
2020-08-05 06:55:00,1016.25
2020-08-05 06:55:00,1016.25
2020-08-05 06:55:00,1016.25
2020-08-05 07:10:00,717.09
2020-08-05 07:10:00,717.09
2020-08-05 07:10:00,717.09
2020-08-05 07:10:00,717.09
2020-08-05 07:10:00,717.09
2020-08-05 07:10:00,717.09
2020-08-05 07:10:00,717.09
2020-08-05 07:10:00,717.09
2020-08-05 07:10:00,717.09
2020-08-05 07:10:00,717.09
2020-08-05 07:25:00,726.64
2020-08-05 07:25:00,726.64
2020-08-05 07:25:00,726.64
2020-08-05 07:25:00,726.64
2020-08-05 07:25:00,726.64
2020-08-05 07:25:00,726.64
2020-08-05 07:25:00,726.64
2020-08-05 07:25:00,726.64
2020-08-05 07:25:00,726.64
2020-08-05 07:25:00,726.64
2020-08-05 07:40:00,736.2
2020-08-05 07:40:00,736.2
2020-08-05 07:40:00,736.2
2020-08-05 07:40:00,736.2
2020-08-05 07:40:00,736.2
2020-08-05 07:40:00,736.2
2020-08-05 07:40:00,736.2
2020-08-05 07:40:00,736.2
2020-08-05 07:40:00,736.2
2020-08-05 07:40:00,736.2
2020-08-05 07:55:00,755.28
2020-08-05 07:55:00,755.28
2020-08-05 07:55:00,755.28
2020-08-05 07:55:00,755.28
2020-08-05 07:55:00,755.28
2020-08-05 07:55:00,755.28
2020-08-05 07:55:00,755.28
2020-08-05 07:55:00,755.28
2020-08-05 07:55:00,755.28
2020-08-05 07:55:00,755.28
2020-08-05 08:10:00,774.37
2020-08-05 08:10:00,774.37
2020-08-05 08:10:00,774.37
2020-08-05 08:10:00,774.37
2020-08-05 08:10:00,774.37
2020-08-05 08:10:00,774.37
2020-08-05 08:10:00,774.37
2020-08-05 08:10:00,774.37
2020-08-05 08:10:00,774.37
2020-08-05 08:10:00,774.37
2020-08-05 08:25:00,867.88
2020-08-05 08:25:00,867.88
2020-08-05 08:25:00,867.88
2020-08-05 08:25:00,867.88
2020-08-05 08:25:00,867.88
2020-08-05 08:25:00,867.88
2020-08-05 08:25:00,867.88
2020-08-05 08:25:00,867.88
2020-08-05 08:25:00,867.88
2020-08-05 08:25:00,867.88
2020-08-05 08:40:00,961.4
2020-08-05 08:40:00,961.4
2020-08-05 08:40:00,961.4
2020-08-05 08:40:00,961.4
2020-08-05 08:40:00,961.4
2020-08-05 08:40:00,961.4
2020-08-05 08:40:00,961.4
2020-08-05 08:40:00,961.4
2020-08-05 08:40:00,961.4
2020-08-05 08:40:00,961.4
2020-08-05 08:55:00,968.07
2020-08-05 08:55:00,968.07
2020-08-05 08:55:00,968.07
2020-08-05 08:55:00,968.07
2020-08-05 08:55:00,968.07
2020-08-05 08:55:00,968.07
2020-08-05 08:55:00,968.07
2020-08-05 08:55:00,968.07
2020-08-05 08:55:00,968.07
2020-08-05 08:55:00,968.07
2020-08-05 09:10:00,974.74
2020-08-05 09:10:00,974.74
2020-08-05 09:10:00,974.74
2020-08-05 09:10:00,974.74
2020-08-05 09:10:00,974.74
2020-08-05 09:10:00,974.74
2020-08-05 09:10:00,974.74
2020-08-05 09:10:00,974.74
2020-08-05 09:10:00,974.74
2020-08-05 09:10:00,974.74
2020-08-05 09:25:00,818.48
2020-08-05 09:25:00,818.48
2020-08-05 09:25:00,818.48
2020-08-05 09:25:00,818.48
2020-08-05 09:25:00,818.48
2020-08-05 09:25:00,818.48
2020-08-05 09:25:00,818.48
2020-08-05 09:25:00,818.48
2020-08-05 09:25:00,818.48
2020-08-05 09:25:00,818.48
2020-08-05 09:40:00,662.23
2020-08-05 09:40:00,662.23
2020-08-05 09:40:00,662.23
2020-08-05 09:40:00,662.23
2020-08-05 09:40:00,662.23
2020-08-05 09:40:00,662.23
2020-08-05 09:40:00,662.23
2020-08-05 09:40:00,662.23
2020-08-05 09:40:00,662.23
2020-08-05 09:40:00,662.23
2020-08-05 09:55:00,750.29
2020-08-05 09:55:00,750.29
2020-08-05 09:55:00,750.29
2020-08-05 09:55:00,750.29
2020-08-05 09:55:00,750.29
2020-08-05 09:55:00,750.29
2020-08-05 09:55:00,750.29
2020-08-05 09:55:00,750.29
2020-08-05 09:55:00,750.29
2020-08-05 09:55:00,750.29
2020-08-05 10:10:00,838.35
2020-08-05 10:10:00,838.35
2020-08-05 10:10:00,838.35
2020-08-05 10:10:00,838.35
2020-08-05 10:10:00,838.35
2020-08-05 10:10:00,838.35
2020-08-05 10:10:00,838.35
2020-08-05 10:10:00,838.35
2020-08-05 10:10:00,838.35
2020-08-05 10:10:00,838.35
2020-08-05 10:25:00,1024.92
2020-08-05 10:25:00,1024.92
2020-08-05 10:25:00,1024.92
2020-08-05 10:25:00,1024.92
2020-08-05 10:25:00,1024.92
2020-08-05 10:25:00,1024.92
2020-08-05 10:25:00,1024.92
2020-08-05 10:25:00,1024.92
2020-08-05 10:25:00,1024.92
2020-08-05 10:25:00,1024.92
2020-08-05 10:40:00,1211.48
2020-08-05 10:40:00,1211.48
2020-08-05 10:40:00,1211.48
2020-08-05 10:40:00,1211.48
2020-08-05 10:40:00,1211.48
2020-08-05 10:40:00,1211.48
2020-08-05 10:40:00,1211.48
2020-08-05 10:40:00,1211.48
2020-08-05 10:40:00,1211.48
2020-08-05 10:40:00,1211.48
2020-08-05 10:55:00,1044.01
2020-08-05 10:55:00,1044.01
2020-08-05 10:55:00,1044.01
2020-08-05 10:55:00,1044.01
2020-08-05 10:55:00,1044.01
2020-08-05 10:55:00,1044.01
2020-08-05 10:55:00,1044.01
2020-08-05 10:55:00,1044.01
2020-08-05 10:55:00,1044.01
2020-08-05 10:55:00,1044.01
2020-08-05 11:10:00,876.54
2020-08-05 11:10:00,876.54
2020-08-05 11:10:00,876.54
2020-08-05 11:10:00,876.54
2020-08-05 11:10:00,876.54
2020-08-05 11:10:00,876.54
2020-08-05 11:10:00,876.54
2020-08-05 11:10:00,876.54
2020-08-05 11:10:00,876.54
2020-08-05 11:10:00,876.54
2020-08-05 11:25:00,702.74
2020-08-05 11:25:00,702.74
2020-08-05 11:25:00,702.74
2020-08-05 11:25:00,702.74
2020-08-05 11:25:00,702.74
2020-08-05 11:25:00,702.74
2020-08-05 11:25:00,702.74
2020-08-05 11:25:00,702.74
2020-08-05 11:25:00,702.74
2020-08-05 11:25:00,702.74
2020-08-05 11:40:00,528.93
2020-08-05 11:40:00,528.93
2020-08-05 11:40:00,528.93
2020-08-05 11:40:00,528.93
2020-08-05 11:40:00,528.93
2020-08-05 11:40:00,528.93
2020-08-05 11:40:00,528.93
2020-08-05 11:40:00,528.93
2020-08-05 11:40:00,528.93
2020-08-05 11:40:00,528.93
2020-08-05 11:55:00,388.04
2020-08-05 11:55:00,388.04
2020-08-05 11:55:00,388.04
2020-08-05 11:55:00,388.04
2020-08-05 11:55:00,388.04
2020-08-05 11:55:00,388.04
2020-08-05 11:55:00,388.04
2020-08-05 11:55:00,388.04
2020-08-05 11:55:00,388.04
2020-08-05 11:55:00,388.04
2020-08-05 12:10:00,247.14
2020-08-05 12:10:00,247.14
2020-08-05 12:10:00,247.14
2020-08-05 12:10:00,247.14
2020-08-05 12:10:00,247.14
2020-08-05 12:10:00,247.14
2020-08-05 12:10:00,247.14
2020-08-05 12:10:00,247.14
2020-08-05 12:10:00,247.14
2020-08-05 12:10:00,247.14
2020-08-05 12:25:00,204.94
2020-08-05 12:25:00,204.94
2020-08-05 12:25:00,204.94
2020-08-05 12:25:00,204.94
2020-08-05 12:25:00,204.94
2020-08-05 12:25:00,204.94
2020-08-05 12:25:00,204.94
2020-08-05 12:25:00,204.94
2020-08-05 12:25:00,204.94
2020-08-05 12:25:00,204.94
2020-08-05 12:40:00,162.74
2020-08-05 12:40:00,162.74
2020-08-05 12:40:00,162.74
2020-08-05 12:40:00,162.74
2020-08-05 12:40:00,162.74
2020-08-05 12:40:00,162.74
2020-08-05 12:40:00,162.74
2020-08-05 12:40:00,162.74
2020-08-05 12:40:00,162.74
2020-08-05 12:40:00,162.74
2020-08-05 12:55:00,165.38
2020-08-05 12:55:00,165.38
2020-08-05 12:55:00,165.38
2020-08-05 12:55:00,165.38
2020-08-05 12:55:00,165.38
2020-08-05 12:55:00,165.38
2020-08-05 12:55:00,165.38
2020-08-05 12:55:00,165.38
2020-08-05 12:55:00,165.38
2020-08-05 12:55:00,165.38
2020-08-05 13:10:00,168.03
2020-08-05 13:10:00,168.03
2020-08-05 13:10:00,168.03
2020-08-05 13:10:00,168.03
2020-08-05 13:10:00,168.03
2020-08-05 13:10:00,168.03
2020-08-05 13:10:00,168.03
2020-08-05 13:10:00,168.03
2020-08-05 13:10:00,168.03
2020-08-05 13:10:00,168.03
2020-08-05 13:25:00,142.07
2020-08-05 13:25:00,142.07
2020-08-05 13:25:00,142.07
2020-08-05 13:25:00,142.07
2020-08-05 13:25:00,142.07
2020-08-05 13:25:00,142.07
2020-08-05 13:25:00,142.07
2020-08-05 13:25:00,142.07
2020-08-05 13:25:00,142.07
2020-08-05 13:25:00,142.07
2020-08-05 13:40:00,116.11
2020-08-05 13:40:00,116.11
2020-08-05 13:40:00,116.11
2020-08-05 13:40:00,116.11
2020-08-05 13:40:00,116.11
2020-08-05 13:40:00,116.11
2020-08-05 13:40:00,116.11
2020-08-05 13:40:00,116.11
2020-08-05 13:40:00,116.11
2020-08-05 13:40:00,116.11
2020-08-05 13:55:00,96.76
2020-08-05 13:55:00,96.76
2020-08-05 13:55:00,96.76
2020-08-05 13:55:00,96.76
2020-08-05 13:55:00,96.76
2020-08-05 13:55:00,96.76
2020-08-05 13:55:00,96.76
2020-08-05 13:55:00,96.76
2020-08-05 13:55:00,96.76
2020-08-05 13:55:00,96.76
2020-08-05 14:10:00,77.4
2020-08-05 14:10:00,77.4
2020-08-05 14:10:00,77.4
2020-08-05 14:10:00,77.4
2020-08-05 14:10:00,77.4
2020-08-05 14:10:00,77.4
2020-08-05 14:10:00,77.4
2020-08-05 14:10:00,77.4
2020-08-05 14:10:00,77.4
2020-08-05 14:10:00,77.4
2020-08-05 14:25:00,81.84
2020-08-05 14:25:00,81.84
2020-08-05 14:25:00,81.84
2020-08-05 14:25:00,81.84
2020-08-05 14:25:00,81.84
2020-08-05 14:25:00,81.84
2020-08-05 14:25:00,81.84
2020-08-05 14:25:00,81.84
2020-08-05 14:25:00,81.84
2020-08-05 14:25:00,81.84
2020-08-05 14:40:00,86.28
2020-08-05 14:40:00,86.28
2020-08-05 14:40:00,86.28
2020-08-05 14:40:00,86.28
2020-08-05 14:40:00,86.28
2020-08-05 14:40:00,86.28
2020-08-05 14:40:00,86.28
2020-08-05 14:40:00,86.28
2020-08-05 14:40:00,86.28
2020-08-05 14:40:00,86.28
2020-08-05 14:55:00,213.94
2020-08-05 14:55:00,213.94
2020-08-05 14:55:00,213.94
2020-08-05 14:55:00,213.94
2020-08-05 14:55:00,213.94
2020-08-05 14:55:00,213.94
2020-08-05 14:55:00,213.94
2020-08-05 14:55:00,213.94
2020-08-05 14:55:00,213.94
2020-08-05 14:55:00,213.94
2020-08-05 15:10:00,341.6
2020-08-05 15:10:00,341.6
2020-08-05 15:10:00,341.6
2020-08-05 15:10:00,341.6
2020-08-05 15:10:00,341.6
2020-08-05 15:10:00,341.6
2020-08-05 15:10:00,341.6
2020-08-05 15:10:00,341.6
2020-08-05 15:10:00,341.6
2020-08-05 15:10:00,341.6
2020-08-05 15:25:00,336.2
2020-08-05 15:25:00,336.2
2020-08-05 15:25:00,336.2
2020-08-05 15:25:00,336.2
2020-08-05 15:25:00,336.2
2020-08-05 15:25:00,336.2
2020-08-05 15:25:00,336.2
2020-08-05 15:25:00,336.2
2020-08-05 15:25:00,336.2
2020-08-05 15:25:00,336.2
2020-08-05 15:40:00,330.8
2020-08-05 15:40:00,330.8
2020-08-05 15:40:00,330.8
2020-08-05 15:40:00,330.8
2020-08-05 15:40:00,330.8
2020-08-05 15:40:00,330.8
2020-08-05 15:40:00,330.8
2020-08-05 15:40:00,330.8
2020-08-05 15:40:00,330.8
2020-08-05 15:40:00,330.8
2020-08-05 15:55:00,351.76
2020-08-05 15:55:00,351.76
2020-08-05 15:55:00,351.76
2020-08-05 15:55:00,351.76
2020-08-05 15:55:00,351.76
2020-08-05 15:55:00,351.76
2020-08-05 15:55:00,351.76
2020-08-05 15:55:00,351.76
2020-08-05 15:55:00,351.76
2020-08-05 15:55:00,351.76
2020-08-05 16:10:00,372.73
2020-08-05 16:10:00,372.73
2020-08-05 16:10:00,372.73
2020-08-05 16:10:00,372.73
2020-08-05 16:10:00,372.73
2020-08-05 16:10:00,372.73
2020-08-05 16:10:00,372.73
2020-08-05 16:10:00,372.73
2020-08-05 16:10:00,372.73
2020-08-05 16:10:00,372.73
2020-08-05 16:25:00,446.34
2020-08-05 16:25:00,446.34
2020-08-05 16:25:00,446.34
2020-08-05 16:25:00,446.34
2020-08-05 16:25:00,446.34
2020-08-05 16:25:00,446.34
2020-08-05 16:25:00,446.34
2020-08-05 16:25:00,446.34
2020-08-05 16:25:00,446.34
2020-08-05 16:25:00,446.34
2020-08-05 16:40:00,519.95
2020-08-05 16:40:00,519.95
2020-08-05 16:40:00,519.95
2020-08-05 16:40:00,519.95
2020-08-05 16:40:00,519.95
2020-08-05 16:40:00,519.95
2020-08-05 16:40:00,519.95
2020-08-05 16:40:00,519.95
2020-08-05 16:40:00,519.95
2020-08-05 16:40:00,519.95
2020-08-05 16:55:00,616.39
2020-08-05 16:55:00,616.39
2020-08-05 16:55:00,616.39
2020-08-05 16:55:00,616.39
2020-08-05 16:55:00,616.39
2020-08-05 16:55:00,616.39
2020-08-05 16:55:00,616.39
2020-08-05 16:55:00,616.39
2020-08-05 16:55:00,616.39
2020-08-05 16:55:00,616.39
2020-08-05 17:10:00,712.83
2020-08-05 17:10:00,712.83
2020-08-05 17:10:00,712.83
2020-08-05 17:10:00,712.83
2020-08-05 17:10:00,712.83
2020-08-05 17:10:00,712.83
2020-08-05 17:10:00,712.83
2020-08-05 17:10:00,712.83
2020-08-05 17:10:00,712.83
2020-08-05 17:10:00,712.83
2020-08-05 17:25:00,648.4
2020-08-05 17:25:00,648.4
2020-08-05 17:25:00,648.4
2020-08-05 17:25:00,648.4
2020-08-05 17:25:00,648.4
2020-08-05 17:25:00,648.4
2020-08-05 17:25:00,648.4
2020-08-05 17:25:00,648.4
2020-08-05 17:25:00,648.4
2020-08-05 17:25:00,648.4
2020-08-05 17:40:00,583.96
2020-08-05 17:40:00,583.96
2020-08-05 17:40:00,583.96
2020-08-05 17:40:00,583.96
2020-08-05 17:40:00,583.96
2020-08-05 17:40:00,583.96
2020-08-05 17:40:00,583.96
2020-08-05 17:40:00,583.96
2020-08-05 17:40:00,583.96
2020-08-05 17:40:00,583.96
2020-08-05 17:55:00,606.66
2020-08-05 17:55:00,606.66
2020-08-05 17:55:00,606.66
2020-08-05 17:55:00,606.66
2020-08-05 17:55:00,606.66
2020-08-05 17:55:00,606.66
2020-08-05 17:55:00,606.66
2020-08-05 17:55:00,606.66
2020-08-05 17:55:00,606.66
2020-08-05 17:55:00,606.66
2020-08-05 18:10:00,629.36
2020-08-05 18:10:00,629.36
2020-08-05 18:10:00,629.36
2020-08-05 18:10:00,629.36
2020-08-05 18:10:00,629.36
2020-08-05 18:10:00,629.36
2020-08-05 18:10:00,629.36
2020-08-05 18:10:00,629.36
2020-08-05 18:10:00,629.36
2020-08-05 18:10:00,629.36
2020-08-05 18:25:00,656.82
2020-08-05 18:25:00,656.82
2020-08-05 18:25:00,656.82
2020-08-05 18:25:00,656.82
2020-08-05 18:25:00,656.82
2020-08-05 18:25:00,656.82
2020-08-05 18:25:00,656.82
2020-08-05 18:25:00,656.82
2020-08-05 18:25:00,656.82
2020-08-05 18:25:00,656.82
2020-08-05 18:40:00,684.29
2020-08-05 18:40:00,684.29
2020-08-05 18:40:00,684.29
2020-08-05 18:40:00,684.29
2020-08-05 18:40:00,684.29
2020-08-05 18:40:00,684.29
2020-08-05 18:40:00,684.29
2020-08-05 18:40:00,684.29
2020-08-05 18:40:00,684.29
2020-08-05 18:40:00,684.29
2020-08-05 18:55:00,684.29
2020-08-05 18:55:00,684.29
2020-08-05 18:55:00,684.29
2020-08-05 18:55:00,684.29
2020-08-05 18:55:00,684.29
2020-08-05 18:55:00,684.29
2020-08-05 18:55:00,684.29
2020-08-05 18:55:00,684.29
2020-08-05 18:55:00,684.29
2020-08-05 18:55:00,684.29
2020-08-05 19:10:00,0.0
2020-08-05 19:10:00,0.0
2020-08-05 19:10:00,0.0
2020-08-05 19:10:00,0.0
2020-08-05 19:10:00,0.0
2020-08-05 19:10:00,0.0
2020-08-05 19:10:00,0.0
2020-08-05 19:10:00,0.0
2020-08-05 19:10:00,0.0
2020-08-05 19:10:00,0.0
2020-08-05 19:25:00,0.0
2020-08-05 19:25:00,0.0
2020-08-05 19:25:00,0.0
2020-08-05 19:25:00,0.0
2020-08-05 19:25:00,0.0
2020-08-05 19:25:00,0.0
2020-08-05 19:25:00,0.0
2020-08-05 19:25:00,0.0
2020-08-05 19:25:00,0.0
2020-08-05 19:25:00,0.0
2020-08-05 19:40:00,0.0
2020-08-05 19:40:00,0.0
2020-08-05 19:40:00,0.0
2020-08-05 19:40:00,0.0
2020-08-05 19:40:00,0.0
2020-08-05 19:40:00,0.0
2020-08-05 19:40:00,0.0
2020-08-05 19:40:00,0.0
2020-08-05 19:40:00,0.0
2020-08-05 19:40:00,0.0
2020-08-05 19:55:00,0.0
2020-08-05 19:55:00,0.0
2020-08-05 19:55:00,0.0
2020-08-05 19:55:00,0.0
2020-08-05 19:55:00,0.0
2020-08-05 19:55:00,0.0
2020-08-05 19:55:00,0.0
2020-08-05 19:55:00,0.0
2020-08-05 19:55:00,0.0
2020-08-05 19:55:00,0.0
2020-08-05 20:10:00,0.0
2020-08-05 20:10:00,0.0
2020-08-05 20:10:00,0.0
2020-08-05 20:10:00,0.0
2020-08-05 20:10:00,0.0
2020-08-05 20:10:00,0.0
2020-08-05 20:10:00,0.0
2020-08-05 20:10:00,0.0
2020-08-05 20:10:00,0.0
2020-08-05 20:10:00,0.0
2020-08-05 20:25:00,1175.1
2020-08-05 20:25:00,1175.1
2020-08-05 20:25:00,1175.1
2020-08-05 20:25:00,1175.1
2020-08-05 20:25:00,1175.1
2020-08-05 20:25:00,1175.1
2020-08-05 20:25:00,1175.1
2020-08-05 20:25:00,1175.1
2020-08-05 20:25:00,1175.1
2020-08-05 20:25:00,1175.1
2020-08-05 20:40:00,1175.1
2020-08-05 20:40:00,1175.1
2020-08-05 20:40:00,1175.1
2020-08-05 20:40:00,1175.1
2020-08-05 20:40:00,1175.1
2020-08-05 20:40:00,1175.1
2020-08-05 20:40:00,1175.1
2020-08-05 20:40:00,1175.1
2020-08-05 20:40:00,1175.1
2020-08-05 20:40:00,1175.1
2020-08-05 20:55:00,1347.78
2020-08-05 20:55:00,1347.78
2020-08-05 20:55:00,1347.78
2020-08-05 20:55:00,1347.78
2020-08-05 20:55:00,1347.78
2020-08-05 20:55:00,1347.78
2020-08-05 20:55:00,1347.78
2020-08-05 20:55:00,1347.78
2020-08-05 20:55:00,1347.78
2020-08-05 20:55:00,1347.78
2020-08-05 21:10:00,1520.45
2020-08-05 21:10:00,1520.45
2020-08-05 21:10:00,1520.45
2020-08-05 21:10:00,1520.45
2020-08-05 21:10:00,1520.45
2020-08-05 21:10:00,1520.45
2020-08-05 21:10:00,1520.45
2020-08-05 21:10:00,1520.45
2020-08-05 21:10:00,1520.45
2020-08-05 21:10:00,1520.45
2020-08-05 21:25:00,1520.31
2020-08-05 21:25:00,1520.31
2020-08-05 21:25:00,1520.31
2020-08-05 21:25:00,1520.31
2020-08-05 21:25:00,1520.31
2020-08-05 21:25:00,1520.31
2020-08-05 21:25:00,1520.31
2020-08-05 21:25:00,1520.31
2020-08-05 21:25:00,1520.31
2020-08-05 21:25:00,1520.31
2020-08-05 21:40:00,1520.17
2020-08-05 21:40:00,1520.17
2020-08-05 21:40:00,1520.17
2020-08-05 21:40:00,1520.17
2020-08-05 21:40:00,1520.17
2020-08-05 21:40:00,1520.17
2020-08-05 21:40:00,1520.17
2020-08-05 21:40:00,1520.17
2020-08-05 21:40:00,1520.17
2020-08-05 21:40:00,1520.17
2020-08-05 21:55:00,1503.36
2020-08-05 21:55:00,1503.36
2020-08-05 21:55:00,1503.36
2020-08-05 21:55:00,1503.36
2020-08-05 21:55:00,1503.36
2020-08-05 21:55:00,1503.36
2020-08-05 21:55:00,1503.36
2020-08-05 21:55:00,1503.36
2020-08-05 21:55:00,1503.36
2020-08-05 21:55:00,1503.36
2020-08-05 22:10:00,1486.55
2020-08-05 22:10:00,1486.55
2020-08-05 22:10:00,1486.55
2020-08-05 22:10:00,1486.55
2020-08-05 22:10:00,1486.55
2020-08-05 22:10:00,1486.55
2020-08-05 22:10:00,1486.55
2020-08-05 22:10:00,1486.55
2020-08-05 22:10:00,1486.55
2020-08-05 22:10:00,1486.55
2020-08-05 22:25:00,1501.2
2020-08-05 22:25:00,1501.2
2020-08-05 22:25:00,1501.2
2020-08-05 22:25:00,1501.2
2020-08-05 22:25:00,1501.2
2020-08-05 22:25:00,1501.2
2020-08-05 22:25:00,1501.2
2020-08-05 22:25:00,1501.2
2020-08-05 22:25:00,1501.2
2020-08-05 22:25:00,1501.2
2020-08-05 22:40:00,1515.84
2020-08-05 22:40:00,1515.84
2020-08-05 22:40:00,1515.84
2020-08-05 22:40:00,1515.84
2020-08-05 22:40:00,1515.84
2020-08-05 22:40:00,1515.84
2020-08-05 22:40:00,1515.84
2020-08-05 22:40:00,1515.84
2020-08-05 22:40:00,1515.84
2020-08-05 22:40:00,1515.84
2020-08-05 22:55:00,1517.96
2020-08-05 22:55:00,1517.96
2020-08-05 22:55:00,1517.96
2020-08-05 22:55:00,1517.96
2020-08-05 22:55:00,1517.96
2020-08-05 22:55:00,1517.96
2020-08-05 22:55:00,1517.96
2020-08-05 22:55:00,1517.96
2020-08-05 22:55:00,1517.96
2020-08-05 22:55:00,1517.96
2020-08-05 23:10:00,1520.07
2020-08-05 23:10:00,1520.07
2020-08-05 23:10:00,1520.07
2020-08-05 23:10:00,1520.07
2020-08-05 23:10:00,1520.07
2020-08-05 23:10:00,1520.07
2020-08-05 23:10:00,1520.07
2020-08-05 23:10:00,1520.07
2020-08-05 23:10:00,1520.07
2020-08-05 23:10:00,1520.07
2020-08-05 23:25:00,1045.48
2020-08-05 23:25:00,1045.48
2020-08-05 23:25:00,1045.48
2020-08-05 23:25:00,1045.48
2020-08-05 23:25:00,1045.48
2020-08-05 23:25:00,1045.48
2020-08-05 23:25:00,1045.48
2020-08-05 23:25:00,1045.48
2020-08-05 23:25:00,1045.48
2020-08-05 23:25:00,1045.48
2020-08-05 23:40:00,570.89
2020-08-05 23:40:00,570.89
2020-08-05 23:40:00,570.89
2020-08-05 23:40:00,570.89
2020-08-05 23:40:00,570.89
2020-08-05 23:40:00,570.89
2020-08-05 23:40:00,570.89
2020-08-05 23:40:00,570.89
2020-08-05 23:40:00,570.89
2020-08-05 23:40:00,570.89
2020-08-05 23:55:00,809.42
2020-08-05 23:55:00,809.42
2020-08-05 23:55:00,809.42
2020-08-05 23:55:00,809.42
2020-08-05 23:55:00,809.42
2020-08-05 23:55:00,809.42
2020-08-05 23:55:00,809.42
2020-08-05 23:55:00,809.42
2020-08-05 23:55:00,809.42
2020-08-05 23:55:00,809.42
2020-08-06 00:10:00,1047.96
2020-08-06 00:10:00,1047.96
2020-08-06 00:10:00,1047.96
2020-08-06 00:10:00,1047.96
2020-08-06 00:10:00,1047.96
2020-08-06 00:10:00,1047.96
2020-08-06 00:10:00,1047.96
2020-08-06 00:10:00,1047.96
2020-08-06 00:10:00,1047.96
2020-08-06 00:10:00,1047.96
2020-08-06 00:25:00,857.98
2020-08-06 00:25:00,857.98
2020-08-06 00:25:00,857.98
2020-08-06 00:25:00,857.98
2020-08-06 00:25:00,857.98
2020-08-06 00:25:00,857.98
2020-08-06 00:25:00,857.98
2020-08-06 00:25:00,857.98
2020-08-06 00:25:00,857.98
2020-08-06 00:25:00,857.98
2020-08-06 00:40:00,668.0
2020-08-06 00:40:00,668.0
2020-08-06 00:40:00,668.0
2020-08-06 00:40:00,668.0
2020-08-06 00:40:00,668.0
2020-08-06 00:40:00,668.0
2020-08-06 00:40:00,668.0
2020-08-06 00:40:00,668.0
2020-08-06 00:40:00,668.0
2020-08-06 00:40:00,668.0
2020-08-06 00:55:00,552.62
2020-08-06 00:55:00,552.62
2020-08-06 00:55:00,552.62
2020-08-06 00:55:00,552.62
2020-08-06 00:55:00,552.62
2020-08-06 00:55:00,552.62
2020-08-06 00:55:00,552.62
2020-08-06 00:55:00,552.62
2020-08-06 00:55:00,552.62
2020-08-06 00:55:00,552.62
2020-08-06 01:10:00,437.24
2020-08-06 01:10:00,437.24
2020-08-06 01:10:00,437.24
2020-08-06 01:10:00,437.24
2020-08-06 01:10:00,437.24
2020-08-06 01:10:00,437.24
2020-08-06 01:10:00,437.24
2020-08-06 01:10:00,437.24
2020-08-06 01:10:00,437.24
2020-08-06 01:10:00,437.24
2020-08-06 01:25:00,423.74
2020-08-06 01:25:00,423.74
2020-08-06 01:25:00,423.74
2020-08-06 01:25:00,423.74
2020-08-06 01:25:00,423.74
2020-08-06 01:25:00,423.74
2020-08-06 01:25:00,423.74
2020-08-06 01:25:00,423.74
2020-08-06 01:25:00,423.74
2020-08-06 01:25:00,423.74
2020-08-06 01:40:00,410.23
2020-08-06 01:40:00,410.23
2020-08-06 01:40:00,410.23
2020-08-06 01:40:00,410.23
2020-08-06 01:40:00,410.23
2020-08-06 01:40:00,410.23
2020-08-06 01:40:00,410.23
2020-08-06 01:40:00,410.23
2020-08-06 01:40:00,410.23
2020-08-06 01:40:00,410.23
2020-08-06 01:55:00,484.19
2020-08-06 01:55:00,484.19
2020-08-06 01:55:00,484.19
2020-08-06 01:55:00,484.19
2020-08-06 01:55:00,484.19
2020-08-06 01:55:00,484.19
2020-08-06 01:55:00,484.19
2020-08-06 01:55:00,484.19
2020-08-06 01:55:00,484.19
2020-08-06 01:55:00,484.19
2020-08-06 02:10:00,558.15
2020-08-06 02:10:00,558.15
2020-08-06 02:10:00,558.15
2020-08-06 02:10:00,558.15
2020-08-06 02:10:00,558.15
2020-08-06 02:10:00,558.15
2020-08-06 02:10:00,558.15
2020-08-06 02:10:00,558.15
2020-08-06 02:10:00,558.15
2020-08-06 02:10:00,558.15
2020-08-06 02:25:00,499.45
2020-08-06 02:25:00,499.45
2020-08-06 02:25:00,499.45
2020-08-06 02:25:00,499.45
2020-08-06 02:25:00,499.45
2020-08-06 02:25:00,499.45
2020-08-06 02:25:00,499.45
2020-08-06 02:25:00,499.45
2020-08-06 02:25:00,499.45
2020-08-06 02:25:00,499.45
2020-08-06 02:40:00,440.75
2020-08-06 02:40:00,440.75
2020-08-06 02:40:00,440.75
2020-08-06 02:40:00,440.75
2020-08-06 02:40:00,440.75
2020-08-06 02:40:00,440.75
2020-08-06 02:40:00,440.75
2020-08-06 02:40:00,440.75
2020-08-06 02:40:00,440.75
2020-08-06 02:40:00,440.75
2020-08-06 02:55:00,558.52
2020-08-06 02:55:00,558.52
2020-08-06 02:55:00,558.52
2020-08-06 02:55:00,558.52
2020-08-06 02:55:00,558.52
2020-08-06 02:55:00,558.52
2020-08-06 02:55:00,558.52
2020-08-06 02:55:00,558.52
2020-08-06 02:55:00,558.52
2020-08-06 02:55:00,558.52
2020-08-06 03:10:00,676.28
2020-08-06 03:10:00,676.28
2020-08-06 03:10:00,676.28
2020-08-06 03:10:00,676.28
2020-08-06 03:10:00,676.28
2020-08-06 03:10:00,676.28
2020-08-06 03:10:00,676.28
2020-08-06 03:10:00,676.28
2020-08-06 03:10:00,676.28
2020-08-06 03:10:00,676.28
2020-08-06 03:25:00,658.24
2020-08-06 03:25:00,658.24
2020-08-06 03:25:00,658.24
2020-08-06 03:25:00,658.24
2020-08-06 03:25:00,658.24
2020-08-06 03:25:00,658.24
2020-08-06 03:25:00,658.24
2020-08-06 03:25:00,658.24
2020-08-06 03:25:00,658.24
2020-08-06 03:25:00,658.24
2020-08-06 03:40:00,640.2
2020-08-06 03:40:00,640.2
2020-08-06 03:40:00,640.2
2020-08-06 03:40:00,640.2
2020-08-06 03:40:00,640.2
2020-08-06 03:40:00,640.2
2020-08-06 03:40:00,640.2
2020-08-06 03:40:00,640.2
2020-08-06 03:40:00,640.2
2020-08-06 03:40:00,640.2
2020-08-06 03:55:00,578.94
2020-08-06 03:55:00,578.94
2020-08-06 03:55:00,578.94
2020-08-06 03:55:00,578.94
2020-08-06 03:55:00,578.94
2020-08-06 03:55:00,578.94
2020-08-06 03:55:00,578.94
2020-08-06 03:55:00,578.94
2020-08-06 03:55:00,578.94
2020-08-06 03:55:00,578.94
2020-08-06 04:10:00,517.68
2020-08-06 04:10:00,517.68
2020-08-06 04:10:00,517.68
2020-08-06 04:10:00,517.68
2020-08-06 04:10:00,517.68
2020-08-06 04:10:00,517.68
2020-08-06 04:10:00,517.68
2020-08-06 04:10:00,517.68
2020-08-06 04:10:00,517.68
2020-08-06 04:10:00,517.68
2020-08-06 04:25:00,507.28
2020-08-06 04:25:00,507.28
2020-08-06 04:25:00,507.28
2020-08-06 04:25:00,507.28
2020-08-06 04:25:00,507.28
2020-08-06 04:25:00,507.28
2020-08-06 04:25:00,507.28
2020-08-06 04:25:00,507.28
2020-08-06 04:25:00,507.28
2020-08-06 04:25:00,507.28
2020-08-06 04:40:00,496.88
2020-08-06 04:40:00,496.88
2020-08-06 04:40:00,496.88
2020-08-06 04:40:00,496.88
2020-08-06 04:40:00,496.88
2020-08-06 04:40:00,496.88
2020-08-06 04:40:00,496.88
2020-08-06 04:40:00,496.88
2020-08-06 04:40:00,496.88
2020-08-06 04:40:00,496.88
2020-08-06 04:55:00,448.86
2020-08-06 04:55:00,448.86
2020-08-06 04:55:00,448.86
2020-08-06 04:55:00,448.86
2020-08-06 04:55:00,448.86
2020-08-06 04:55:00,448.86
2020-08-06 04:55:00,448.86
2020-08-06 04:55:00,448.86
2020-08-06 04:55:00,448.86
2020-08-06 04:55:00,448.86
2020-08-06 05:10:00,400.84
2020-08-06 05:10:00,400.84
2020-08-06 05:10:00,400.84
2020-08-06 05:10:00,400.84
2020-08-06 05:10:00,400.84
2020-08-06 05:10:00,400.84
2020-08-06 05:10:00,400.84
2020-08-06 05:10:00,400.84
2020-08-06 05:10:00,400.84
2020-08-06 05:10:00,400.84
2020-08-06 05:25:00,369.11
2020-08-06 05:25:00,369.11
2020-08-06 05:25:00,369.11
2020-08-06 05:25:00,369.11
2020-08-06 05:25:00,369.11
2020-08-06 05:25:00,369.11
2020-08-06 05:25:00,369.11
2020-08-06 05:25:00,369.11
2020-08-06 05:25:00,369.11
2020-08-06 05:25:00,369.11
2020-08-06 05:40:00,337.38
2020-08-06 05:40:00,337.38
2020-08-06 05:40:00,337.38
2020-08-06 05:40:00,337.38
2020-08-06 05:40:00,337.38
2020-08-06 05:40:00,337.38
2020-08-06 05:40:00,337.38
2020-08-06 05:40:00,337.38
2020-08-06 05:40:00,337.38
2020-08-06 05:40:00,337.38
2020-08-06 05:55:00,256.45
2020-08-06 05:55:00,256.45
2020-08-06 05:55:00,256.45
2020-08-06 05:55:00,256.45
2020-08-06 05:55:00,256.45
2020-08-06 05:55:00,256.45
2020-08-06 05:55:00,256.45
2020-08-06 05:55:00,256.45
2020-08-06 05:55:00,256.45
2020-08-06 05:55:00,256.45
2020-08-06 06:10:00,175.52
2020-08-06 06:10:00,175.52
2020-08-06 06:10:00,175.52
2020-08-06 06:10:00,175.52
2020-08-06 06:10:00,175.52
2020-08-06 06:10:00,175.52
2020-08-06 06:10:00,175.52
2020-08-06 06:10:00,175.52
2020-08-06 06:10:00,175.52
2020-08-06 06:10:00,175.52
2020-08-06 06:25:00,166.59
2020-08-06 06:25:00,166.59
2020-08-06 06:25:00,166.59
2020-08-06 06:25:00,166.59
2020-08-06 06:25:00,166.59
2020-08-06 06:25:00,166.59
2020-08-06 06:25:00,166.59
2020-08-06 06:25:00,166.59
2020-08-06 06:25:00,166.59
2020-08-06 06:25:00,166.59
2020-08-06 06:40:00,157.66
2020-08-06 06:40:00,157.66
2020-08-06 06:40:00,157.66
2020-08-06 06:40:00,157.66
2020-08-06 06:40:00,157.66
2020-08-06 06:40:00,157.66
2020-08-06 06:40:00,157.66
2020-08-06 06:40:00,157.66
2020-08-06 06:40:00,157.66
2020-08-06 06:40:00,157.66
2020-08-06 06:55:00,189.28
2020-08-06 06:55:00,189.28
2020-08-06 06:55:00,189.28
2020-08-06 06:55:00,189.28
2020-08-06 06:55:00,189.28
2020-08-06 06:55:00,189.28
2020-08-06 06:55:00,189.28
2020-08-06 06:55:00,189.28
2020-08-06 06:55:00,189.28
2020-08-06 06:55:00,189.28
2020-08-06 07:10:00,220.89
2020-08-06 07:10:00,220.89
2020-08-06 07:10:00,220.89
2020-08-06 07:10:00,220.89
2020-08-06 07:10:00,220.89
2020-08-06 07:10:00,220.89
2020-08-06 07:10:00,220.89
2020-08-06 07:10:00,220.89
2020-08-06 07:10:00,220.89
2020-08-06 07:10:00,220.89
2020-08-06 07:25:00,204.42
2020-08-06 07:25:00,204.42
2020-08-06 07:25:00,204.42
2020-08-06 07:25:00,204.42
2020-08-06 07:25:00,204.42
2020-08-06 07:25:00,204.42
2020-08-06 07:25:00,204.42
2020-08-06 07:25:00,204.42
2020-08-06 07:25:00,204.42
2020-08-06 07:25:00,204.42
2020-08-06 07:40:00,187.95
2020-08-06 07:40:00,187.95
2020-08-06 07:40:00,187.95
2020-08-06 07:40:00,187.95
2020-08-06 07:40:00,187.95
2020-08-06 07:40:00,187.95
2020-08-06 07:40:00,187.95
2020-08-06 07:40:00,187.95
2020-08-06 07:40:00,187.95
2020-08-06 07:40:00,187.95
2020-08-06 07:55:00,211.37
2020-08-06 07:55:00,211.37
2020-08-06 07:55:00,211.37
2020-08-06 07:55:00,211.37
2020-08-06 07:55:00,211.37
2020-08-06 07:55:00,211.37
2020-08-06 07:55:00,211.37
2020-08-06 07:55:00,211.37
2020-08-06 07:55:00,211.37
2020-08-06 07:55:00,211.37
2020-08-06 08:10:00,234.79
2020-08-06 08:10:00,234.79
2020-08-06 08:10:00,234.79
2020-08-06 08:10:00,234.79
2020-08-06 08:10:00,234.79
2020-08-06 08:10:00,234.79
2020-08-06 08:10:00,234.79
2020-08-06 08:10:00,234.79
2020-08-06 08:10:00,234.79
2020-08-06 08:10:00,234.79
2020-08-06 08:25:00,119.94
2020-08-06 08:25:00,119.94
2020-08-06 08:25:00,119.94
2020-08-06 08:25:00,119.94
2020-08-06 08:25:00,119.94
2020-08-06 08:25:00,119.94
2020-08-06 08:25:00,119.94
2020-08-06 08:25:00,119.94
2020-08-06 08:25:00,119.94
2020-08-06 08:25:00,119.94
2020-08-06 08:40:00,5.1
2020-08-06 08:40:00,5.1
2020-08-06 08:40:00,5.1
2020-08-06 08:40:00,5.1
2020-08-06 08:40:00,5.1
2020-08-06 08:40:00,5.1
2020-08-06 08:40:00,5.1
2020-08-06 08:40:00,5.1
2020-08-06 08:40:00,5.1
2020-08-06 08:40:00,5.1
2020-08-06 08:55:00,24.43
2020-08-06 08:55:00,24.43
2020-08-06 08:55:00,24.43
2020-08-06 08:55:00,24.43
2020-08-06 08:55:00,24.43
2020-08-06 08:55:00,24.43
2020-08-06 08:55:00,24.43
2020-08-06 08:55:00,24.43
2020-08-06 08:55:00,24.43
2020-08-06 08:55:00,24.43
2020-08-06 09:10:00,43.76
2020-08-06 09:10:00,43.76
2020-08-06 09:10:00,43.76
2020-08-06 09:10:00,43.76
2020-08-06 09:10:00,43.76
2020-08-06 09:10:00,43.76
2020-08-06 09:10:00,43.76
2020-08-06 09:10:00,43.76
2020-08-06 09:10:00,43.76
2020-08-06 09:10:00,43.76
2020-08-06 09:25:00,43.76
2020-08-06 09:25:00,43.76
2020-08-06 09:25:00,43.76
2020-08-06 09:25:00,43.76
2020-08-06 09:25:00,43.76
2020-08-06 09:25:00,43.76
2020-08-06 09:25:00,43.76
2020-08-06 09:25:00,43.76
2020-08-06 09:25:00,43.76
2020-08-06 09:25:00,43.76
2020-08-06 09:40:00,0.0
2020-08-06 09:40:00,0.0
2020-08-06 09:40:00,0.0
2020-08-06 09:40:00,0.0
2020-08-06 09:40:00,0.0
2020-08-06 09:40:00,0.0
2020-08-06 09:40:00,0.0
2020-08-06 09:40:00,0.0
2020-08-06 09:40:00,0.0
2020-08-06 09:40:00,0.0
2020-08-06 09:55:00,65.04
2020-08-06 09:55:00,65.04
2020-08-06 09:55:00,65.04
2020-08-06 09:55:00,65.04
2020-08-06 09:55:00,65.04
2020-08-06 09:55:00,65.04
2020-08-06 09:55:00,65.04
2020-08-06 09:55:00,65.04
2020-08-06 09:55:00,65.04
2020-08-06 09:55:00,65.04
2020-08-06 10:10:00,65.04
2020-08-06 10:10:00,65.04
2020-08-06 10:10:00,65.04
2020-08-06 10:10:00,65.04
2020-08-06 10:10:00,65.04
2020-08-06 10:10:00,65.04
2020-08-06 10:10:00,65.04
2020-08-06 10:10:00,65.04
2020-08-06 10:10:00,65.04
2020-08-06 10:10:00,65.04
2020-08-06 10:25:00,65.04
2020-08-06 10:25:00,65.04
2020-08-06 10:25:00,65.04
2020-08-06 10:25:00,65.04
2020-08-06 10:25:00,65.04
2020-08-06 10:25:00,65.04
2020-08-06 10:25:00,65.04
2020-08-06 10:25:00,65.04
2020-08-06 10:25:00,65.04
2020-08-06 10:25:00,65.04
2020-08-06 10:40:00,0.0
2020-08-06 10:40:00,0.0
2020-08-06 10:40:00,0.0
2020-08-06 10:40:00,0.0
2020-08-06 10:40:00,0.0
2020-08-06 10:40:00,0.0
2020-08-06 10:40:00,0.0
2020-08-06 10:40:00,0.0
2020-08-06 10:40:00,0.0
2020-08-06 10:40:00,0.0
2020-08-06 10:55:00,0.0
2020-08-06 10:55:00,0.0
2020-08-06 10:55:00,0.0
2020-08-06 10:55:00,0.0
2020-08-06 10:55:00,0.0
2020-08-06 10:55:00,0.0
2020-08-06 10:55:00,0.0
2020-08-06 10:55:00,0.0
2020-08-06 10:55:00,0.0
2020-08-06 10:55:00,0.0
2020-08-06 11:10:00,0.0
2020-08-06 11:10:00,0.0
2020-08-06 11:10:00,0.0
2020-08-06 11:10:00,0.0
2020-08-06 11:10:00,0.0
2020-08-06 11:10:00,0.0
2020-08-06 11:10:00,0.0
2020-08-06 11:10:00,0.0
2020-08-06 11:10:00,0.0
2020-08-06 11:10:00,0.0
2020-08-06 11:25:00,0.0
2020-08-06 11:25:00,0.0
2020-08-06 11:25:00,0.0
2020-08-06 11:25:00,0.0
2020-08-06 11:25:00,0.0
2020-08-06 11:25:00,0.0
2020-08-06 11:25:00,0.0
2020-08-06 11:25:00,0.0
2020-08-06 11:25:00,0.0
2020-08-06 11:25:00,0.0
2020-08-06 11:40:00,0.0
2020-08-06 11:40:00,0.0
2020-08-06 11:40:00,0.0
2020-08-06 11:40:00,0.0
2020-08-06 11:40:00,0.0
2020-08-06 11:40:00,0.0
2020-08-06 11:40:00,0.0
2020-08-06 11:40:00,0.0
2020-08-06 11:40:00,0.0
2020-08-06 11:40:00,0.0
2020-08-06 11:55:00,0.0
2020-08-06 11:55:00,0.0
2020-08-06 11:55:00,0.0
2020-08-06 11:55:00,0.0
2020-08-06 11:55:00,0.0
2020-08-06 11:55:00,0.0
2020-08-06 11:55:00,0.0
2020-08-06 11:55:00,0.0
2020-08-06 11:55:00,0.0
2020-08-06 11:55:00,0.0
2020-08-06 12:10:00,0.0
2020-08-06 12:10:00,0.0
2020-08-06 12:10:00,0.0
2020-08-06 12:10:00,0.0
2020-08-06 12:10:00,0.0
2020-08-06 12:10:00,0.0
2020-08-06 12:10:00,0.0
2020-08-06 12:10:00,0.0
2020-08-06 12:10:00,0.0
2020-08-06 12:10:00,0.0
2020-08-06 12:25:00,0.0
2020-08-06 12:25:00,0.0
2020-08-06 12:25:00,0.0
2020-08-06 12:25:00,0.0
2020-08-06 12:25:00,0.0
2020-08-06 12:25:00,0.0
2020-08-06 12:25:00,0.0
2020-08-06 12:25:00,0.0
2020-08-06 12:25:00,0.0
2020-08-06 12:25:00,0.0
2020-08-06 12:40:00,0.0
2020-08-06 12:40:00,0.0
2020-08-06 12:40:00,0.0
2020-08-06 12:40:00,0.0
2020-08-06 12:40:00,0.0
2020-08-06 12:40:00,0.0
2020-08-06 12:40:00,0.0
2020-08-06 12:40:00,0.0
2020-08-06 12:40:00,0.0
2020-08-06 12:40:00,0.0
2020-08-06 12:55:00,90.66
2020-08-06 12:55:00,90.66
2020-08-06 12:55:00,90.66
2020-08-06 12:55:00,90.66
2020-08-06 12:55:00,90.66
2020-08-06 12:55:00,90.66
2020-08-06 12:55:00,90.66
2020-08-06 12:55:00,90.66
2020-08-06 12:55:00,90.66
2020-08-06 12:55:00,90.66
2020-08-06 13:10:00,90.66
2020-08-06 13:10:00,90.66
2020-08-06 13:10:00,90.66
2020-08-06 13:10:00,90.66
2020-08-06 13:10:00,90.66
2020-08-06 13:10:00,90.66
2020-08-06 13:10:00,90.66
2020-08-06 13:10:00,90.66
2020-08-06 13:10:00,90.66
2020-08-06 13:10:00,90.66
2020-08-06 13:25:00,73.77
2020-08-06 13:25:00,73.77
2020-08-06 13:25:00,73.77
2020-08-06 13:25:00,73.77
2020-08-06 13:25:00,73.77
2020-08-06 13:25:00,73.77
2020-08-06 13:25:00,73.77
2020-08-06 13:25:00,73.77
2020-08-06 13:25:00,73.77
2020-08-06 13:25:00,73.77
2020-08-06 13:40:00,56.88
2020-08-06 13:40:00,56.88
2020-08-06 13:40:00,56.88
2020-08-06 13:40:00,56.88
2020-08-06 13:40:00,56.88
2020-08-06 13:40:00,56.88
2020-08-06 13:40:00,56.88
2020-08-06 13:40:00,56.88
2020-08-06 13:40:00,56.88
2020-08-06 13:40:00,56.88
2020-08-06 13:55:00,56.88
2020-08-06 13:55:00,56.88
2020-08-06 13:55:00,56.88
2020-08-06 13:55:00,56.88
2020-08-06 13:55:00,56.88
2020-08-06 13:55:00,56.88
2020-08-06 13:55:00,56.88
2020-08-06 13:55:00,56.88
2020-08-06 13:55:00,56.88
2020-08-06 13:55:00,56.88
2020-08-06 14:10:00,0.0
2020-08-06 14:10:00,0.0
2020-08-06 14:10:00,0.0
2020-08-06 14:10:00,0.0
2020-08-06 14:10:00,0.0
2020-08-06 14:10:00,0.0
2020-08-06 14:10:00,0.0
2020-08-06 14:10:00,0.0
2020-08-06 14:10:00,0.0
2020-08-06 14:10:00,0.0
2020-08-06 14:25:00,0.0
2020-08-06 14:25:00,0.0
2020-08-06 14:25:00,0.0
2020-08-06 14:25:00,0.0
2020-08-06 14:25:00,0.0
2020-08-06 14:25:00,0.0
2020-08-06 14:25:00,0.0
2020-08-06 14:25:00,0.0
2020-08-06 14:25:00,0.0
2020-08-06 14:25:00,0.0
2020-08-06 14:40:00,0.0
2020-08-06 14:40:00,0.0
2020-08-06 14:40:00,0.0
2020-08-06 14:40:00,0.0
2020-08-06 14:40:00,0.0
2020-08-06 14:40:00,0.0
2020-08-06 14:40:00,0.0
2020-08-06 14:40:00,0.0
2020-08-06 14:40:00,0.0
2020-08-06 14:40:00,0.0
2020-08-06 14:55:00,0.0
2020-08-06 14:55:00,0.0
2020-08-06 14:55:00,0.0
2020-08-06 14:55:00,0.0
2020-08-06 14:55:00,0.0
2020-08-06 14:55:00,0.0
2020-08-06 14:55:00,0.0
2020-08-06 14:55:00,0.0
2020-08-06 14:55:00,0.0
2020-08-06 14:55:00,0.0
2020-08-06 15:10:00,0.0
2020-08-06 15:10:00,0.0
2020-08-06 15:10:00,0.0
2020-08-06 15:10:00,0.0
2020-08-06 15:10:00,0.0
2020-08-06 15:10:00,0.0
2020-08-06 15:10:00,0.0
2020-08-06 15:10:00,0.0
2020-08-06 15:10:00,0.0
2020-08-06 15:10:00,0.0
2020-08-06 15:25:00,0.0
2020-08-06 15:25:00,0.0
2020-08-06 15:25:00,0.0
2020-08-06 15:25:00,0.0
2020-08-06 15:25:00,0.0
2020-08-06 15:25:00,0.0
2020-08-06 15:25:00,0.0
2020-08-06 15:25:00,0.0
2020-08-06 15:25:00,0.0
2020-08-06 15:25:00,0.0
2020-08-06 15:40:00,0.0
2020-08-06 15:40:00,0.0
2020-08-06 15:40:00,0.0
2020-08-06 15:40:00,0.0
2020-08-06 15:40:00,0.0
2020-08-06 15:40:00,0.0
2020-08-06 15:40:00,0.0
2020-08-06 15:40:00,0.0
2020-08-06 15:40:00,0.0
2020-08-06 15:40:00,0.0
2020-08-06 15:55:00,0.0
2020-08-06 15:55:00,0.0
2020-08-06 15:55:00,0.0
2020-08-06 15:55:00,0.0
2020-08-06 15:55:00,0.0
2020-08-06 15:55:00,0.0
2020-08-06 15:55:00,0.0
2020-08-06 15:55:00,0.0
2020-08-06 15:55:00,0.0
2020-08-06 15:55:00,0.0
2020-08-06 16:10:00,0.0
2020-08-06 16:10:00,0.0
2020-08-06 16:10:00,0.0
2020-08-06 16:10:00,0.0
2020-08-06 16:10:00,0.0
2020-08-06 16:10:00,0.0
2020-08-06 16:10:00,0.0
2020-08-06 16:10:00,0.0
2020-08-06 16:10:00,0.0
2020-08-06 16:10:00,0.0
2020-08-06 16:25:00,0.0
2020-08-06 16:25:00,0.0
2020-08-06 16:25:00,0.0
2020-08-06 16:25:00,0.0
2020-08-06 16:25:00,0.0
2020-08-06 16:25:00,0.0
2020-08-06 16:25:00,0.0
2020-08-06 16:25:00,0.0
2020-08-06 16:25:00,0.0
2020-08-06 16:25:00,0.0
2020-08-06 16:40:00,0.0
2020-08-06 16:40:00,0.0
2020-08-06 16:40:00,0.0
2020-08-06 16:40:00,0.0
2020-08-06 16:40:00,0.0
2020-08-06 16:40:00,0.0
2020-08-06 16:40:00,0.0
2020-08-06 16:40:00,0.0
2020-08-06 16:40:00,0.0
2020-08-06 16:40:00,0.0
2020-08-06 16:55:00,857.06
2020-08-06 16:55:00,857.06
2020-08-06 16:55:00,857.06
2020-08-06 16:55:00,857.06
2020-08-06 16:55:00,857.06
2020-08-06 16:55:00,857.06
2020-08-06 16:55:00,857.06
2020-08-06 16:55:00,857.06
2020-08-06 16:55:00,857.06
2020-08-06 16:55:00,857.06
2020-08-06 17:10:00,857.06
2020-08-06 17:10:00,857.06
2020-08-06 17:10:00,857.06
2020-08-06 17:10:00,857.06
2020-08-06 17:10:00,857.06
2020-08-06 17:10:00,857.06
2020-08-06 17:10:00,857.06
2020-08-06 17:10:00,857.06
2020-08-06 17:10:00,857.06
2020-08-06 17:10:00,857.06
2020-08-06 17:25:00,956.82
2020-08-06 17:25:00,956.82
2020-08-06 17:25:00,956.82
2020-08-06 17:25:00,956.82
2020-08-06 17:25:00,956.82
2020-08-06 17:25:00,956.82
2020-08-06 17:25:00,956.82
2020-08-06 17:25:00,956.82
2020-08-06 17:25:00,956.82
2020-08-06 17:25:00,956.82
2020-08-06 17:40:00,1056.57
2020-08-06 17:40:00,1056.57
2020-08-06 17:40:00,1056.57
2020-08-06 17:40:00,1056.57
2020-08-06 17:40:00,1056.57
2020-08-06 17:40:00,1056.57
2020-08-06 17:40:00,1056.57
2020-08-06 17:40:00,1056.57
2020-08-06 17:40:00,1056.57
2020-08-06 17:40:00,1056.57
2020-08-06 17:55:00,927.12
2020-08-06 17:55:00,927.12
2020-08-06 17:55:00,927.12
2020-08-06 17:55:00,927.12
2020-08-06 17:55:00,927.12
2020-08-06 17:55:00,927.12
2020-08-06 17:55:00,927.12
2020-08-06 17:55:00,927.12
2020-08-06 17:55:00,927.12
2020-08-06 17:55:00,927.12
2020-08-06 18:10:00,797.66
2020-08-06 18:10:00,797.66
2020-08-06 18:10:00,797.66
2020-08-06 18:10:00,797.66
2020-08-06 18:10:00,797.66
2020-08-06 18:10:00,797.66
2020-08-06 18:10:00,797.66
2020-08-06 18:10:00,797.66
2020-08-06 18:10:00,797.66
2020-08-06 18:10:00,797.66
2020-08-06 18:25:00,764.68
2020-08-06 18:25:00,764.68
2020-08-06 18:25:00,764.68
2020-08-06 18:25:00,764.68
2020-08-06 18:25:00,764.68
2020-08-06 18:25:00,764.68
2020-08-06 18:25:00,764.68
2020-08-06 18:25:00,764.68
2020-08-06 18:25:00,764.68
2020-08-06 18:25:00,764.68
2020-08-06 18:40:00,731.7
2020-08-06 18:40:00,731.7
2020-08-06 18:40:00,731.7
2020-08-06 18:40:00,731.7
2020-08-06 18:40:00,731.7
2020-08-06 18:40:00,731.7
2020-08-06 18:40:00,731.7
2020-08-06 18:40:00,731.7
2020-08-06 18:40:00,731.7
2020-08-06 18:40:00,731.7
2020-08-06 18:55:00,630.62
2020-08-06 18:55:00,630.62
2020-08-06 18:55:00,630.62
2020-08-06 18:55:00,630.62
2020-08-06 18:55:00,630.62
2020-08-06 18:55:00,630.62
2020-08-06 18:55:00,630.62
2020-08-06 18:55:00,630.62
2020-08-06 18:55:00,630.62
2020-08-06 18:55:00,630.62
2020-08-06 19:10:00,529.55
2020-08-06 19:10:00,529.55
2020-08-06 19:10:00,529.55
2020-08-06 19:10:00,529.55
2020-08-06 19:10:00,529.55
2020-08-06 19:10:00,529.55
2020-08-06 19:10:00,529.55
2020-08-06 19:10:00,529.55
2020-08-06 19:10:00,529.55
2020-08-06 19:10:00,529.55
2020-08-06 19:25:00,455.59
2020-08-06 19:25:00,455.59
2020-08-06 19:25:00,455.59
2020-08-06 19:25:00,455.59
2020-08-06 19:25:00,455.59
2020-08-06 19:25:00,455.59
2020-08-06 19:25:00,455.59
2020-08-06 19:25:00,455.59
2020-08-06 19:25:00,455.59
2020-08-06 19:25:00,455.59
2020-08-06 19:40:00,381.63
2020-08-06 19:40:00,381.63
2020-08-06 19:40:00,381.63
2020-08-06 19:40:00,381.63
2020-08-06 19:40:00,381.63
2020-08-06 19:40:00,381.63
2020-08-06 19:40:00,381.63
2020-08-06 19:40:00,381.63
2020-08-06 19:40:00,381.63
2020-08-06 19:40:00,381.63
2020-08-06 19:55:00,317.73
2020-08-06 19:55:00,317.73
2020-08-06 19:55:00,317.73
2020-08-06 19:55:00,317.73
2020-08-06 19:55:00,317.73
2020-08-06 19:55:00,317.73
2020-08-06 19:55:00,317.73
2020-08-06 19:55:00,317.73
2020-08-06 19:55:00,317.73
2020-08-06 19:55:00,317.73
2020-08-06 20:10:00,253.84
2020-08-06 20:10:00,253.84
2020-08-06 20:10:00,253.84
2020-08-06 20:10:00,253.84
2020-08-06 20:10:00,253.84
2020-08-06 20:10:00,253.84
2020-08-06 20:10:00,253.84
2020-08-06 20:10:00,253.84
2020-08-06 20:10:00,253.84
2020-08-06 20:10:00,253.84
2020-08-06 20:25:00,253.84
2020-08-06 20:25:00,253.84
2020-08-06 20:25:00,253.84
2020-08-06 20:25:00,253.84
2020-08-06 20:25:00,253.84
2020-08-06 20:25:00,253.84
2020-08-06 20:25:00,253.84
2020-08-06 20:25:00,253.84
2020-08-06 20:25:00,253.84
2020-08-06 20:25:00,253.84
2020-08-06 20:40:00,0.0
2020-08-06 20:40:00,0.0
2020-08-06 20:40:00,0.0
2020-08-06 20:40:00,0.0
2020-08-06 20:40:00,0.0
2020-08-06 20:40:00,0.0
2020-08-06 20:40:00,0.0
2020-08-06 20:40:00,0.0
2020-08-06 20:40:00,0.0
2020-08-06 20:40:00,0.0
2020-08-06 20:55:00,0.0
2020-08-06 20:55:00,0.0
2020-08-06 20:55:00,0.0
2020-08-06 20:55:00,0.0
2020-08-06 20:55:00,0.0
2020-08-06 20:55:00,0.0
2020-08-06 20:55:00,0.0
2020-08-06 20:55:00,0.0
2020-08-06 20:55:00,0.0
2020-08-06 20:55:00,0.0
2020-08-06 21:10:00,0.0
2020-08-06 21:10:00,0.0
2020-08-06 21:10:00,0.0
2020-08-06 21:10:00,0.0
2020-08-06 21:10:00,0.0
2020-08-06 21:10:00,0.0
2020-08-06 21:10:00,0.0
2020-08-06 21:10:00,0.0
2020-08-06 21:10:00,0.0
2020-08-06 21:10:00,0.0
2020-08-06 21:25:00,0.0
2020-08-06 21:25:00,0.0
2020-08-06 21:25:00,0.0
2020-08-06 21:25:00,0.0
2020-08-06 21:25:00,0.0
2020-08-06 21:25:00,0.0
2020-08-06 21:25:00,0.0
2020-08-06 21:25:00,0.0
2020-08-06 21:25:00,0.0
2020-08-06 21:25:00,0.0
2020-08-06 21:40:00,0.0
2020-08-06 21:40:00,0.0
2020-08-06 21:40:00,0.0
2020-08-06 21:40:00,0.0
2020-08-06 21:40:00,0.0
2020-08-06 21:40:00,0.0
2020-08-06 21:40:00,0.0
2020-08-06 21:40:00,0.0
2020-08-06 21:40:00,0.0
2020-08-06 21:40:00,0.0
2020-08-06 21:55:00,0.0
2020-08-06 21:55:00,0.0
2020-08-06 21:55:00,0.0
2020-08-06 21:55:00,0.0
2020-08-06 21:55:00,0.0
2020-08-06 21:55:00,0.0
2020-08-06 21:55:00,0.0
2020-08-06 21:55:00,0.0
2020-08-06 21:55:00,0.0
2020-08-06 21:55:00,0.0
2020-08-06 22:10:00,0.0
2020-08-06 22:10:00,0.0
2020-08-06 22:10:00,0.0
2020-08-06 22:10:00,0.0
2020-08-06 22:10:00,0.0
2020-08-06 22:10:00,0.0
2020-08-06 22:10:00,0.0
2020-08-06 22:10:00,0.0
2020-08-06 22:10:00,0.0
2020-08-06 22:10:00,0.0
2020-08-06 22:25:00,232.04
2020-08-06 22:25:00,232.04
2020-08-06 22:25:00,232.04
2020-08-06 22:25:00,232.04
2020-08-06 22:25:00,232.04
2020-08-06 22:25:00,232.04
2020-08-06 22:25:00,232.04
2020-08-06 22:25:00,232.04
2020-08-06 22:25:00,232.04
2020-08-06 22:25:00,232.04
2020-08-06 22:40:00,232.04
2020-08-06 22:40:00,232.04
2020-08-06 22:40:00,232.04
2020-08-06 22:40:00,232.04
2020-08-06 22:40:00,232.04
2020-08-06 22:40:00,232.04
2020-08-06 22:40:00,232.04
2020-08-06 22:40:00,232.04
2020-08-06 22:40:00,232.04
2020-08-06 22:40:00,232.04
2020-08-06 22:55:00,201.61
2020-08-06 22:55:00,201.61
2020-08-06 22:55:00,201.61
2020-08-06 22:55:00,201.61
2020-08-06 22:55:00,201.61
2020-08-06 22:55:00,201.61
2020-08-06 22:55:00,201.61
2020-08-06 22:55:00,201.61
2020-08-06 22:55:00,201.61
2020-08-06 22:55:00,201.61
2020-08-06 23:10:00,171.18
2020-08-06 23:10:00,171.18
2020-08-06 23:10:00,171.18
2020-08-06 23:10:00,171.18
2020-08-06 23:10:00,171.18
2020-08-06 23:10:00,171.18
2020-08-06 23:10:00,171.18
2020-08-06 23:10:00,171.18
2020-08-06 23:10:00,171.18
2020-08-06 23:10:00,171.18
2020-08-06 23:25:00,110.8
2020-08-06 23:25:00,110.8
2020-08-06 23:25:00,110.8
2020-08-06 23:25:00,110.8
2020-08-06 23:25:00,110.8
2020-08-06 23:25:00,110.8
2020-08-06 23:25:00,110.8
2020-08-06 23:25:00,110.8
2020-08-06 23:25:00,110.8
2020-08-06 23:25:00,110.8
2020-08-06 23:40:00,50.41
2020-08-06 23:40:00,50.41
2020-08-06 23:40:00,50.41
2020-08-06 23:40:00,50.41
2020-08-06 23:40:00,50.41
2020-08-06 23:40:00,50.41
2020-08-06 23:40:00,50.41
2020-08-06 23:40:00,50.41
2020-08-06 23:40:00,50.41
2020-08-06 23:40:00,50.41
2020-08-06 23:55:00,71.24
2020-08-06 23:55:00,71.24
2020-08-06 23:55:00,71.24
2020-08-06 23:55:00,71.24
2020-08-06 23:55:00,71.24
2020-08-06 23:55:00,71.24
2020-08-06 23:55:00,71.24
2020-08-06 23:55:00,71.24
2020-08-06 23:55:00,71.24
2020-08-06 23:55:00,71.24
2020-08-07 00:10:00,92.06
2020-08-07 00:10:00,92.06
2020-08-07 00:10:00,92.06
2020-08-07 00:10:00,92.06
2020-08-07 00:10:00,92.06
2020-08-07 00:10:00,92.06
2020-08-07 00:10:00,92.06
2020-08-07 00:10:00,92.06
2020-08-07 00:10:00,92.06
2020-08-07 00:10:00,92.06
2020-08-07 00:25:00,158.4
2020-08-07 00:25:00,158.4
2020-08-07 00:25:00,158.4
2020-08-07 00:25:00,158.4
2020-08-07 00:25:00,158.4
2020-08-07 00:25:00,158.4
2020-08-07 00:25:00,158.4
2020-08-07 00:25:00,158.4
2020-08-07 00:25:00,158.4
2020-08-07 00:25:00,158.4
2020-08-07 00:40:00,224.75
2020-08-07 00:40:00,224.75
2020-08-07 00:40:00,224.75
2020-08-07 00:40:00,224.75
2020-08-07 00:40:00,224.75
2020-08-07 00:40:00,224.75
2020-08-07 00:40:00,224.75
2020-08-07 00:40:00,224.75
2020-08-07 00:40:00,224.75
2020-08-07 00:40:00,224.75
2020-08-07 00:55:00,167.14
2020-08-07 00:55:00,167.14
2020-08-07 00:55:00,167.14
2020-08-07 00:55:00,167.14
2020-08-07 00:55:00,167.14
2020-08-07 00:55:00,167.14
2020-08-07 00:55:00,167.14
2020-08-07 00:55:00,167.14
2020-08-07 00:55:00,167.14
2020-08-07 00:55:00,167.14
2020-08-07 01:10:00,109.53
2020-08-07 01:10:00,109.53
2020-08-07 01:10:00,109.53
2020-08-07 01:10:00,109.53
2020-08-07 01:10:00,109.53
2020-08-07 01:10:00,109.53
2020-08-07 01:10:00,109.53
2020-08-07 01:10:00,109.53
2020-08-07 01:10:00,109.53
2020-08-07 01:10:00,109.53
2020-08-07 01:25:00,186.08
2020-08-07 01:25:00,186.08
2020-08-07 01:25:00,186.08
2020-08-07 01:25:00,186.08
2020-08-07 01:25:00,186.08
2020-08-07 01:25:00,186.08
2020-08-07 01:25:00,186.08
2020-08-07 01:25:00,186.08
2020-08-07 01:25:00,186.08
2020-08-07 01:25:00,186.08
2020-08-07 01:40:00,262.63
2020-08-07 01:40:00,262.63
2020-08-07 01:40:00,262.63
2020-08-07 01:40:00,262.63
2020-08-07 01:40:00,262.63
2020-08-07 01:40:00,262.63
2020-08-07 01:40:00,262.63
2020-08-07 01:40:00,262.63
2020-08-07 01:40:00,262.63
2020-08-07 01:40:00,262.63
2020-08-07 01:55:00,216.63
2020-08-07 01:55:00,216.63
2020-08-07 01:55:00,216.63
2020-08-07 01:55:00,216.63
2020-08-07 01:55:00,216.63
2020-08-07 01:55:00,216.63
2020-08-07 01:55:00,216.63
2020-08-07 01:55:00,216.63
2020-08-07 01:55:00,216.63
2020-08-07 01:55:00,216.63
2020-08-07 02:10:00,170.63
2020-08-07 02:10:00,170.63
2020-08-07 02:10:00,170.63
2020-08-07 02:10:00,170.63
2020-08-07 02:10:00,170.63
2020-08-07 02:10:00,170.63
2020-08-07 02:10:00,170.63
2020-08-07 02:10:00,170.63
2020-08-07 02:10:00,170.63
2020-08-07 02:10:00,170.63
2020-08-07 02:25:00,170.63
2020-08-07 02:25:00,170.63
2020-08-07 02:25:00,170.63
2020-08-07 02:25:00,170.63
2020-08-07 02:25:00,170.63
2020-08-07 02:25:00,170.63
2020-08-07 02:25:00,170.63
2020-08-07 02:25:00,170.63
2020-08-07 02:25:00,170.63
2020-08-07 02:25:00,170.63
2020-08-07 02:40:00,0.0
2020-08-07 02:40:00,0.0
2020-08-07 02:40:00,0.0
2020-08-07 02:40:00,0.0
2020-08-07 02:40:00,0.0
2020-08-07 02:40:00,0.0
2020-08-07 02:40:00,0.0
2020-08-07 02:40:00,0.0
2020-08-07 02:40:00,0.0
2020-08-07 02:40:00,0.0
2020-08-07 02:55:00,0.0
2020-08-07 02:55:00,0.0
2020-08-07 02:55:00,0.0
2020-08-07 02:55:00,0.0
2020-08-07 02:55:00,0.0
2020-08-07 02:55:00,0.0
2020-08-07 02:55:00,0.0
2020-08-07 02:55:00,0.0
2020-08-07 02:55:00,0.0
2020-08-07 02:55:00,0.0
2020-08-07 03:10:00,0.0
2020-08-07 03:10:00,0.0
2020-08-07 03:10:00,0.0
2020-08-07 03:10:00,0.0
2020-08-07 03:10:00,0.0
2020-08-07 03:10:00,0.0
2020-08-07 03:10:00,0.0
2020-08-07 03:10:00,0.0
2020-08-07 03:10:00,0.0
2020-08-07 03:10:00,0.0
2020-08-07 03:25:00,0.0
2020-08-07 03:25:00,0.0
2020-08-07 03:25:00,0.0
2020-08-07 03:25:00,0.0
2020-08-07 03:25:00,0.0
2020-08-07 03:25:00,0.0
2020-08-07 03:25:00,0.0
2020-08-07 03:25:00,0.0
2020-08-07 03:25:00,0.0
2020-08-07 03:25:00,0.0
2020-08-07 03:40:00,0.0
2020-08-07 03:40:00,0.0
2020-08-07 03:40:00,0.0
2020-08-07 03:40:00,0.0
2020-08-07 03:40:00,0.0
2020-08-07 03:40:00,0.0
2020-08-07 03:40:00,0.0
2020-08-07 03:40:00,0.0
2020-08-07 03:40:00,0.0
2020-08-07 03:40:00,0.0
2020-08-07 03:55:00,0.0
2020-08-07 03:55:00,0.0
2020-08-07 03:55:00,0.0
2020-08-07 03:55:00,0.0
2020-08-07 03:55:00,0.0
2020-08-07 03:55:00,0.0
2020-08-07 03:55:00,0.0
2020-08-07 03:55:00,0.0
2020-08-07 03:55:00,0.0
2020-08-07 03:55:00,0.0
2020-08-07 04:10:00,0.0
2020-08-07 04:10:00,0.0
2020-08-07 04:10:00,0.0
2020-08-07 04:10:00,0.0
2020-08-07 04:10:00,0.0
2020-08-07 04:10:00,0.0
2020-08-07 04:10:00,0.0
2020-08-07 04:10:00,0.0
2020-08-07 04:10:00,0.0
2020-08-07 04:10:00,0.0
2020-08-07 04:25:00,0.0
2020-08-07 04:25:00,0.0
2020-08-07 04:25:00,0.0
2020-08-07 04:25:00,0.0
2020-08-07 04:25:00,0.0
2020-08-07 04:25:00,0.0
2020-08-07 04:25:00,0.0
2020-08-07 04:25:00,0.0
2020-08-07 04:25:00,0.0
2020-08-07 04:25:00,0.0
2020-08-07 04:40:00,0.0
2020-08-07 04:40:00,0.0
2020-08-07 04:40:00,0.0
2020-08-07 04:40:00,0.0
2020-08-07 04:40:00,0.0
2020-08-07 04:40:00,0.0
2020-08-07 04:40:00,0.0
2020-08-07 04:40:00,0.0
2020-08-07 04:40:00,0.0
2020-08-07 04:40:00,0.0
2020-08-07 04:55:00,0.0
2020-08-07 04:55:00,0.0
2020-08-07 04:55:00,0.0
2020-08-07 04:55:00,0.0
2020-08-07 04:55:00,0.0
2020-08-07 04:55:00,0.0
2020-08-07 04:55:00,0.0
2020-08-07 04:55:00,0.0
2020-08-07 04:55:00,0.0
2020-08-07 04:55:00,0.0
2020-08-07 05:10:00,0.0
2020-08-07 05:10:00,0.0
2020-08-07 05:10:00,0.0
2020-08-07 05:10:00,0.0
2020-08-07 05:10:00,0.0
2020-08-07 05:10:00,0.0
2020-08-07 05:10:00,0.0
2020-08-07 05:10:00,0.0
2020-08-07 05:10:00,0.0
2020-08-07 05:10:00,0.0
2020-08-07 05:25:00,0.0
2020-08-07 05:25:00,0.0
2020-08-07 05:25:00,0.0
2020-08-07 05:25:00,0.0
2020-08-07 05:25:00,0.0
2020-08-07 05:25:00,0.0
2020-08-07 05:25:00,0.0
2020-08-07 05:25:00,0.0
2020-08-07 05:25:00,0.0
2020-08-07 05:25:00,0.0
2020-08-07 05:40:00,0.0
2020-08-07 05:40:00,0.0
2020-08-07 05:40:00,0.0
2020-08-07 05:40:00,0.0
2020-08-07 05:40:00,0.0
2020-08-07 05:40:00,0.0
2020-08-07 05:40:00,0.0
2020-08-07 05:40:00,0.0
2020-08-07 05:40:00,0.0
2020-08-07 05:40:00,0.0
2020-08-07 05:55:00,0.0
2020-08-07 05:55:00,0.0
2020-08-07 05:55:00,0.0
2020-08-07 05:55:00,0.0
2020-08-07 05:55:00,0.0
2020-08-07 05:55:00,0.0
2020-08-07 05:55:00,0.0
2020-08-07 05:55:00,0.0
2020-08-07 05:55:00,0.0
2020-08-07 05:55:00,0.0
2020-08-07 06:10:00,0.0
2020-08-07 06:10:00,0.0
2020-08-07 06:10:00,0.0
2020-08-07 06:10:00,0.0
2020-08-07 06:10:00,0.0
2020-08-07 06:10:00,0.0
2020-08-07 06:10:00,0.0
2020-08-07 06:10:00,0.0
2020-08-07 06:10:00,0.0
2020-08-07 06:10:00,0.0
2020-08-07 06:25:00,0.0
2020-08-07 06:25:00,0.0
2020-08-07 06:25:00,0.0
2020-08-07 06:25:00,0.0
2020-08-07 06:25:00,0.0
2020-08-07 06:25:00,0.0
2020-08-07 06:25:00,0.0
2020-08-07 06:25:00,0.0
2020-08-07 06:25:00,0.0
2020-08-07 06:25:00,0.0
2020-08-07 06:40:00,0.0
2020-08-07 06:40:00,0.0
2020-08-07 06:40:00,0.0
2020-08-07 06:40:00,0.0
2020-08-07 06:40:00,0.0
2020-08-07 06:40:00,0.0
2020-08-07 06:40:00,0.0
2020-08-07 06:40:00,0.0
2020-08-07 06:40:00,0.0
2020-08-07 06:40:00,0.0
2020-08-07 06:55:00,0.0
2020-08-07 06:55:00,0.0
2020-08-07 06:55:00,0.0
2020-08-07 06:55:00,0.0
2020-08-07 06:55:00,0.0
2020-08-07 06:55:00,0.0
2020-08-07 06:55:00,0.0
2020-08-07 06:55:00,0.0
2020-08-07 06:55:00,0.0
2020-08-07 06:55:00,0.0
2020-08-07 07:10:00,0.0
2020-08-07 07:10:00,0.0
2020-08-07 07:10:00,0.0
2020-08-07 07:10:00,0.0
2020-08-07 07:10:00,0.0
2020-08-07 07:10:00,0.0
2020-08-07 07:10:00,0.0
2020-08-07 07:10:00,0.0
2020-08-07 07:10:00,0.0
2020-08-07 07:10:00,0.0
2020-08-07 07:25:00,0.0
2020-08-07 07:25:00,0.0
2020-08-07 07:25:00,0.0
2020-08-07 07:25:00,0.0
2020-08-07 07:25:00,0.0
2020-08-07 07:25:00,0.0
2020-08-07 07:25:00,0.0
2020-08-07 07:25:00,0.0
2020-08-07 07:25:00,0.0
2020-08-07 07:25:00,0.0
2020-08-07 07:40:00,0.0
2020-08-07 07:40:00,0.0
2020-08-07 07:40:00,0.0
2020-08-07 07:40:00,0.0
2020-08-07 07:40:00,0.0
2020-08-07 07:40:00,0.0
2020-08-07 07:40:00,0.0
2020-08-07 07:40:00,0.0
2020-08-07 07:40:00,0.0
2020-08-07 07:40:00,0.0
2020-08-07 07:55:00,0.0
2020-08-07 07:55:00,0.0
2020-08-07 07:55:00,0.0
2020-08-07 07:55:00,0.0
2020-08-07 07:55:00,0.0
2020-08-07 07:55:00,0.0
2020-08-07 07:55:00,0.0
2020-08-07 07:55:00,0.0
2020-08-07 07:55:00,0.0
2020-08-07 07:55:00,0.0
2020-08-07 08:10:00,0.0
2020-08-07 08:10:00,0.0
2020-08-07 08:10:00,0.0
2020-08-07 08:10:00,0.0
2020-08-07 08:10:00,0.0
2020-08-07 08:10:00,0.0
2020-08-07 08:10:00,0.0
2020-08-07 08:10:00,0.0
2020-08-07 08:10:00,0.0
2020-08-07 08:10:00,0.0
2020-08-07 08:25:00,0.0
2020-08-07 08:25:00,0.0
2020-08-07 08:25:00,0.0
2020-08-07 08:25:00,0.0
2020-08-07 08:25:00,0.0
2020-08-07 08:25:00,0.0
2020-08-07 08:25:00,0.0
2020-08-07 08:25:00,0.0
2020-08-07 08:25:00,0.0
2020-08-07 08:25:00,0.0
2020-08-07 08:40:00,0.0
2020-08-07 08:40:00,0.0
2020-08-07 08:40:00,0.0
2020-08-07 08:40:00,0.0
2020-08-07 08:40:00,0.0
2020-08-07 08:40:00,0.0
2020-08-07 08:40:00,0.0
2020-08-07 08:40:00,0.0
2020-08-07 08:40:00,0.0
2020-08-07 08:40:00,0.0
2020-08-07 08:55:00,0.0
2020-08-07 08:55:00,0.0
2020-08-07 08:55:00,0.0
2020-08-07 08:55:00,0.0
2020-08-07 08:55:00,0.0
2020-08-07 08:55:00,0.0
2020-08-07 08:55:00,0.0
2020-08-07 08:55:00,0.0
2020-08-07 08:55:00,0.0
2020-08-07 08:55:00,0.0
2020-08-07 09:10:00,0.0
2020-08-07 09:10:00,0.0
2020-08-07 09:10:00,0.0
2020-08-07 09:10:00,0.0
2020-08-07 09:10:00,0.0
2020-08-07 09:10:00,0.0
2020-08-07 09:10:00,0.0
2020-08-07 09:10:00,0.0
2020-08-07 09:10:00,0.0
2020-08-07 09:10:00,0.0
2020-08-07 09:25:00,0.0
2020-08-07 09:25:00,0.0
2020-08-07 09:25:00,0.0
2020-08-07 09:25:00,0.0
2020-08-07 09:25:00,0.0
2020-08-07 09:25:00,0.0
2020-08-07 09:25:00,0.0
2020-08-07 09:25:00,0.0
2020-08-07 09:25:00,0.0
2020-08-07 09:25:00,0.0
2020-08-07 09:40:00,0.0
2020-08-07 09:40:00,0.0
2020-08-07 09:40:00,0.0
2020-08-07 09:40:00,0.0
2020-08-07 09:40:00,0.0
2020-08-07 09:40:00,0.0
2020-08-07 09:40:00,0.0
2020-08-07 09:40:00,0.0
2020-08-07 09:40:00,0.0
2020-08-07 09:40:00,0.0
2020-08-07 09:55:00,36.77
2020-08-07 09:55:00,36.77
2020-08-07 09:55:00,36.77
2020-08-07 09:55:00,36.77
2020-08-07 09:55:00,36.77
2020-08-07 09:55:00,36.77
2020-08-07 09:55:00,36.77
2020-08-07 09:55:00,36.77
2020-08-07 09:55:00,36.77
2020-08-07 09:55:00,36.77
2020-08-07 10:10:00,36.77
2020-08-07 10:10:00,36.77
2020-08-07 10:10:00,36.77
2020-08-07 10:10:00,36.77
2020-08-07 10:10:00,36.77
2020-08-07 10:10:00,36.77
2020-08-07 10:10:00,36.77
2020-08-07 10:10:00,36.77
2020-08-07 10:10:00,36.77
2020-08-07 10:10:00,36.77
2020-08-07 10:25:00,239.24
2020-08-07 10:25:00,239.24
2020-08-07 10:25:00,239.24
2020-08-07 10:25:00,239.24
2020-08-07 10:25:00,239.24
2020-08-07 10:25:00,239.24
2020-08-07 10:25:00,239.24
2020-08-07 10:25:00,239.24
2020-08-07 10:25:00,239.24
2020-08-07 10:25:00,239.24
2020-08-07 10:40:00,441.71
2020-08-07 10:40:00,441.71
2020-08-07 10:40:00,441.71
2020-08-07 10:40:00,441.71
2020-08-07 10:40:00,441.71
2020-08-07 10:40:00,441.71
2020-08-07 10:40:00,441.71
2020-08-07 10:40:00,441.71
2020-08-07 10:40:00,441.71
2020-08-07 10:40:00,441.71
2020-08-07 10:55:00,509.08
2020-08-07 10:55:00,509.08
2020-08-07 10:55:00,509.08
2020-08-07 10:55:00,509.08
2020-08-07 10:55:00,509.08
2020-08-07 10:55:00,509.08
2020-08-07 10:55:00,509.08
2020-08-07 10:55:00,509.08
2020-08-07 10:55:00,509.08
2020-08-07 10:55:00,509.08
2020-08-07 11:10:00,576.44
2020-08-07 11:10:00,576.44
2020-08-07 11:10:00,576.44
2020-08-07 11:10:00,576.44
2020-08-07 11:10:00,576.44
2020-08-07 11:10:00,576.44
2020-08-07 11:10:00,576.44
2020-08-07 11:10:00,576.44
2020-08-07 11:10:00,576.44
2020-08-07 11:10:00,576.44
2020-08-07 11:25:00,407.09
2020-08-07 11:25:00,407.09
2020-08-07 11:25:00,407.09
2020-08-07 11:25:00,407.09
2020-08-07 11:25:00,407.09
2020-08-07 11:25:00,407.09
2020-08-07 11:25:00,407.09
2020-08-07 11:25:00,407.09
2020-08-07 11:25:00,407.09
2020-08-07 11:25:00,407.09
2020-08-07 11:40:00,237.74
2020-08-07 11:40:00,237.74
2020-08-07 11:40:00,237.74
2020-08-07 11:40:00,237.74
2020-08-07 11:40:00,237.74
2020-08-07 11:40:00,237.74
2020-08-07 11:40:00,237.74
2020-08-07 11:40:00,237.74
2020-08-07 11:40:00,237.74
2020-08-07 11:40:00,237.74
2020-08-07 11:55:00,264.89
2020-08-07 11:55:00,264.89
2020-08-07 11:55:00,264.89
2020-08-07 11:55:00,264.89
2020-08-07 11:55:00,264.89
2020-08-07 11:55:00,264.89
2020-08-07 11:55:00,264.89
2020-08-07 11:55:00,264.89
2020-08-07 11:55:00,264.89
2020-08-07 11:55:00,264.89
2020-08-07 12:10:00,292.05
2020-08-07 12:10:00,292.05
2020-08-07 12:10:00,292.05
2020-08-07 12:10:00,292.05
2020-08-07 12:10:00,292.05
2020-08-07 12:10:00,292.05
2020-08-07 12:10:00,292.05
2020-08-07 12:10:00,292.05
2020-08-07 12:10:00,292.05
2020-08-07 12:10:00,292.05
2020-08-07 12:25:00,220.32
2020-08-07 12:25:00,220.32
2020-08-07 12:25:00,220.32
2020-08-07 12:25:00,220.32
2020-08-07 12:25:00,220.32
2020-08-07 12:25:00,220.32
2020-08-07 12:25:00,220.32
2020-08-07 12:25:00,220.32
2020-08-07 12:25:00,220.32
2020-08-07 12:25:00,220.32
2020-08-07 12:40:00,148.58
2020-08-07 12:40:00,148.58
2020-08-07 12:40:00,148.58
2020-08-07 12:40:00,148.58
2020-08-07 12:40:00,148.58
2020-08-07 12:40:00,148.58
2020-08-07 12:40:00,148.58
2020-08-07 12:40:00,148.58
2020-08-07 12:40:00,148.58
2020-08-07 12:40:00,148.58
2020-08-07 12:55:00,197.26
2020-08-07 12:55:00,197.26
2020-08-07 12:55:00,197.26
2020-08-07 12:55:00,197.26
2020-08-07 12:55:00,197.26
2020-08-07 12:55:00,197.26
2020-08-07 12:55:00,197.26
2020-08-07 12:55:00,197.26
2020-08-07 12:55:00,197.26
2020-08-07 12:55:00,197.26
2020-08-07 13:10:00,245.94
2020-08-07 13:10:00,245.94
2020-08-07 13:10:00,245.94
2020-08-07 13:10:00,245.94
2020-08-07 13:10:00,245.94
2020-08-07 13:10:00,245.94
2020-08-07 13:10:00,245.94
2020-08-07 13:10:00,245.94
2020-08-07 13:10:00,245.94
2020-08-07 13:10:00,245.94
2020-08-07 13:25:00,176.62
2020-08-07 13:25:00,176.62
2020-08-07 13:25:00,176.62
2020-08-07 13:25:00,176.62
2020-08-07 13:25:00,176.62
2020-08-07 13:25:00,176.62
2020-08-07 13:25:00,176.62
2020-08-07 13:25:00,176.62
2020-08-07 13:25:00,176.62
2020-08-07 13:25:00,176.62
2020-08-07 13:40:00,107.31
2020-08-07 13:40:00,107.31
2020-08-07 13:40:00,107.31
2020-08-07 13:40:00,107.31
2020-08-07 13:40:00,107.31
2020-08-07 13:40:00,107.31
2020-08-07 13:40:00,107.31
2020-08-07 13:40:00,107.31
2020-08-07 13:40:00,107.31
2020-08-07 13:40:00,107.31
2020-08-07 13:55:00,298.28
2020-08-07 13:55:00,298.28
2020-08-07 13:55:00,298.28
2020-08-07 13:55:00,298.28
2020-08-07 13:55:00,298.28
2020-08-07 13:55:00,298.28
2020-08-07 13:55:00,298.28
2020-08-07 13:55:00,298.28
2020-08-07 13:55:00,298.28
2020-08-07 13:55:00,298.28
2020-08-07 14:10:00,489.25
2020-08-07 14:10:00,489.25
2020-08-07 14:10:00,489.25
2020-08-07 14:10:00,489.25
2020-08-07 14:10:00,489.25
2020-08-07 14:10:00,489.25
2020-08-07 14:10:00,489.25
2020-08-07 14:10:00,489.25
2020-08-07 14:10:00,489.25
2020-08-07 14:10:00,489.25
2020-08-07 14:25:00,651.37
2020-08-07 14:25:00,651.37
2020-08-07 14:25:00,651.37
2020-08-07 14:25:00,651.37
2020-08-07 14:25:00,651.37
2020-08-07 14:25:00,651.37
2020-08-07 14:25:00,651.37
2020-08-07 14:25:00,651.37
2020-08-07 14:25:00,651.37
2020-08-07 14:25:00,651.37
2020-08-07 14:40:00,813.49
2020-08-07 14:40:00,813.49
2020-08-07 14:40:00,813.49
2020-08-07 14:40:00,813.49
2020-08-07 14:40:00,813.49
2020-08-07 14:40:00,813.49
2020-08-07 14:40:00,813.49
2020-08-07 14:40:00,813.49
2020-08-07 14:40:00,813.49
2020-08-07 14:40:00,813.49
2020-08-07 14:55:00,638.61
2020-08-07 14:55:00,638.61
2020-08-07 14:55:00,638.61
2020-08-07 14:55:00,638.61
2020-08-07 14:55:00,638.61
2020-08-07 14:55:00,638.61
2020-08-07 14:55:00,638.61
2020-08-07 14:55:00,638.61
2020-08-07 14:55:00,638.61
2020-08-07 14:55:00,638.61
2020-08-07 15:10:00,463.73
2020-08-07 15:10:00,463.73
2020-08-07 15:10:00,463.73
2020-08-07 15:10:00,463.73
2020-08-07 15:10:00,463.73
2020-08-07 15:10:00,463.73
2020-08-07 15:10:00,463.73
2020-08-07 15:10:00,463.73
2020-08-07 15:10:00,463.73
2020-08-07 15:10:00,463.73
2020-08-07 15:25:00,489.51
2020-08-07 15:25:00,489.51
2020-08-07 15:25:00,489.51
2020-08-07 15:25:00,489.51
2020-08-07 15:25:00,489.51
2020-08-07 15:25:00,489.51
2020-08-07 15:25:00,489.51
2020-08-07 15:25:00,489.51
2020-08-07 15:25:00,489.51
2020-08-07 15:25:00,489.51
2020-08-07 15:40:00,515.29
2020-08-07 15:40:00,515.29
2020-08-07 15:40:00,515.29
2020-08-07 15:40:00,515.29
2020-08-07 15:40:00,515.29
2020-08-07 15:40:00,515.29
2020-08-07 15:40:00,515.29
2020-08-07 15:40:00,515.29
2020-08-07 15:40:00,515.29
2020-08-07 15:40:00,515.29
2020-08-07 15:55:00,489.92
2020-08-07 15:55:00,489.92
2020-08-07 15:55:00,489.92
2020-08-07 15:55:00,489.92
2020-08-07 15:55:00,489.92
2020-08-07 15:55:00,489.92
2020-08-07 15:55:00,489.92
2020-08-07 15:55:00,489.92
2020-08-07 15:55:00,489.92
2020-08-07 15:55:00,489.92
2020-08-07 16:10:00,464.54
2020-08-07 16:10:00,464.54
2020-08-07 16:10:00,464.54
2020-08-07 16:10:00,464.54
2020-08-07 16:10:00,464.54
2020-08-07 16:10:00,464.54
2020-08-07 16:10:00,464.54
2020-08-07 16:10:00,464.54
2020-08-07 16:10:00,464.54
2020-08-07 16:10:00,464.54
2020-08-07 16:25:00,408.06
2020-08-07 16:25:00,408.06
2020-08-07 16:25:00,408.06
2020-08-07 16:25:00,408.06
2020-08-07 16:25:00,408.06
2020-08-07 16:25:00,408.06
2020-08-07 16:25:00,408.06
2020-08-07 16:25:00,408.06
2020-08-07 16:25:00,408.06
2020-08-07 16:25:00,408.06
2020-08-07 16:40:00,351.59
2020-08-07 16:40:00,351.59
2020-08-07 16:40:00,351.59
2020-08-07 16:40:00,351.59
2020-08-07 16:40:00,351.59
2020-08-07 16:40:00,351.59
2020-08-07 16:40:00,351.59
2020-08-07 16:40:00,351.59
2020-08-07 16:40:00,351.59
2020-08-07 16:40:00,351.59
2020-08-07 16:55:00,245.02
2020-08-07 16:55:00,245.02
2020-08-07 16:55:00,245.02
2020-08-07 16:55:00,245.02
2020-08-07 16:55:00,245.02
2020-08-07 16:55:00,245.02
2020-08-07 16:55:00,245.02
2020-08-07 16:55:00,245.02
2020-08-07 16:55:00,245.02
2020-08-07 16:55:00,245.02
2020-08-07 17:10:00,138.45
2020-08-07 17:10:00,138.45
2020-08-07 17:10:00,138.45
2020-08-07 17:10:00,138.45
2020-08-07 17:10:00,138.45
2020-08-07 17:10:00,138.45
2020-08-07 17:10:00,138.45
2020-08-07 17:10:00,138.45
2020-08-07 17:10:00,138.45
2020-08-07 17:10:00,138.45
2020-08-07 17:25:00,90.04
2020-08-07 17:25:00,90.04
2020-08-07 17:25:00,90.04
2020-08-07 17:25:00,90.04
2020-08-07 17:25:00,90.04
2020-08-07 17:25:00,90.04
2020-08-07 17:25:00,90.04
2020-08-07 17:25:00,90.04
2020-08-07 17:25:00,90.04
2020-08-07 17:25:00,90.04
2020-08-07 17:40:00,41.63
2020-08-07 17:40:00,41.63
2020-08-07 17:40:00,41.63
2020-08-07 17:40:00,41.63
2020-08-07 17:40:00,41.63
2020-08-07 17:40:00,41.63
2020-08-07 17:40:00,41.63
2020-08-07 17:40:00,41.63
2020-08-07 17:40:00,41.63
2020-08-07 17:40:00,41.63
2020-08-07 17:55:00,57.05
2020-08-07 17:55:00,57.05
2020-08-07 17:55:00,57.05
2020-08-07 17:55:00,57.05
2020-08-07 17:55:00,57.05
2020-08-07 17:55:00,57.05
2020-08-07 17:55:00,57.05
2020-08-07 17:55:00,57.05
2020-08-07 17:55:00,57.05
2020-08-07 17:55:00,57.05
2020-08-07 18:10:00,72.47
2020-08-07 18:10:00,72.47
2020-08-07 18:10:00,72.47
2020-08-07 18:10:00,72.47
2020-08-07 18:10:00,72.47
2020-08-07 18:10:00,72.47
2020-08-07 18:10:00,72.47
2020-08-07 18:10:00,72.47
2020-08-07 18:10:00,72.47
2020-08-07 18:10:00,72.47
2020-08-07 18:25:00,52.16
2020-08-07 18:25:00,52.16
2020-08-07 18:25:00,52.16
2020-08-07 18:25:00,52.16
2020-08-07 18:25:00,52.16
2020-08-07 18:25:00,52.16
2020-08-07 18:25:00,52.16
2020-08-07 18:25:00,52.16
2020-08-07 18:25:00,52.16
2020-08-07 18:25:00,52.16
2020-08-07 18:40:00,31.84
2020-08-07 18:40:00,31.84
2020-08-07 18:40:00,31.84
2020-08-07 18:40:00,31.84
2020-08-07 18:40:00,31.84
2020-08-07 18:40:00,31.84
2020-08-07 18:40:00,31.84
2020-08-07 18:40:00,31.84
2020-08-07 18:40:00,31.84
2020-08-07 18:40:00,31.84
2020-08-07 18:55:00,21.8
2020-08-07 18:55:00,21.8
2020-08-07 18:55:00,21.8
2020-08-07 18:55:00,21.8
2020-08-07 18:55:00,21.8
2020-08-07 18:55:00,21.8
2020-08-07 18:55:00,21.8
2020-08-07 18:55:00,21.8
2020-08-07 18:55:00,21.8
2020-08-07 18:55:00,21.8
2020-08-07 19:10:00,11.75
2020-08-07 19:10:00,11.75
2020-08-07 19:10:00,11.75
2020-08-07 19:10:00,11.75
2020-08-07 19:10:00,11.75
2020-08-07 19:10:00,11.75
2020-08-07 19:10:00,11.75
2020-08-07 19:10:00,11.75
2020-08-07 19:10:00,11.75
2020-08-07 19:10:00,11.75
2020-08-07 19:25:00,48.32
2020-08-07 19:25:00,48.32
2020-08-07 19:25:00,48.32
2020-08-07 19:25:00,48.32
2020-08-07 19:25:00,48.32
2020-08-07 19:25:00,48.32
2020-08-07 19:25:00,48.32
2020-08-07 19:25:00,48.32
2020-08-07 19:25:00,48.32
2020-08-07 19:25:00,48.32
2020-08-07 19:40:00,84.9
2020-08-07 19:40:00,84.9
2020-08-07 19:40:00,84.9
2020-08-07 19:40:00,84.9
2020-08-07 19:40:00,84.9
2020-08-07 19:40:00,84.9
2020-08-07 19:40:00,84.9
2020-08-07 19:40:00,84.9
2020-08-07 19:40:00,84.9
2020-08-07 19:40:00,84.9
2020-08-07 19:55:00,124.8
2020-08-07 19:55:00,124.8
2020-08-07 19:55:00,124.8
2020-08-07 19:55:00,124.8
2020-08-07 19:55:00,124.8
2020-08-07 19:55:00,124.8
2020-08-07 19:55:00,124.8
2020-08-07 19:55:00,124.8
2020-08-07 19:55:00,124.8
2020-08-07 19:55:00,124.8
2020-08-07 20:10:00,164.71
2020-08-07 20:10:00,164.71
2020-08-07 20:10:00,164.71
2020-08-07 20:10:00,164.71
2020-08-07 20:10:00,164.71
2020-08-07 20:10:00,164.71
2020-08-07 20:10:00,164.71
2020-08-07 20:10:00,164.71
2020-08-07 20:10:00,164.71
2020-08-07 20:10:00,164.71
2020-08-07 20:25:00,119.92
2020-08-07 20:25:00,119.92
2020-08-07 20:25:00,119.92
2020-08-07 20:25:00,119.92
2020-08-07 20:25:00,119.92
2020-08-07 20:25:00,119.92
2020-08-07 20:25:00,119.92
2020-08-07 20:25:00,119.92
2020-08-07 20:25:00,119.92
2020-08-07 20:25:00,119.92
2020-08-07 20:40:00,75.13
2020-08-07 20:40:00,75.13
2020-08-07 20:40:00,75.13
2020-08-07 20:40:00,75.13
2020-08-07 20:40:00,75.13
2020-08-07 20:40:00,75.13
2020-08-07 20:40:00,75.13
2020-08-07 20:40:00,75.13
2020-08-07 20:40:00,75.13
2020-08-07 20:40:00,75.13
2020-08-07 20:55:00,134.57
2020-08-07 20:55:00,134.57
2020-08-07 20:55:00,134.57
2020-08-07 20:55:00,134.57
2020-08-07 20:55:00,134.57
2020-08-07 20:55:00,134.57
2020-08-07 20:55:00,134.57
2020-08-07 20:55:00,134.57
2020-08-07 20:55:00,134.57
2020-08-07 20:55:00,134.57
2020-08-07 21:10:00,194.01
2020-08-07 21:10:00,194.01
2020-08-07 21:10:00,194.01
2020-08-07 21:10:00,194.01
2020-08-07 21:10:00,194.01
2020-08-07 21:10:00,194.01
2020-08-07 21:10:00,194.01
2020-08-07 21:10:00,194.01
2020-08-07 21:10:00,194.01
2020-08-07 21:10:00,194.01
2020-08-07 21:25:00,128.94
2020-08-07 21:25:00,128.94
2020-08-07 21:25:00,128.94
2020-08-07 21:25:00,128.94
2020-08-07 21:25:00,128.94
2020-08-07 21:25:00,128.94
2020-08-07 21:25:00,128.94
2020-08-07 21:25:00,128.94
2020-08-07 21:25:00,128.94
2020-08-07 21:25:00,128.94
2020-08-07 21:40:00,63.86
2020-08-07 21:40:00,63.86
2020-08-07 21:40:00,63.86
2020-08-07 21:40:00,63.86
2020-08-07 21:40:00,63.86
2020-08-07 21:40:00,63.86
2020-08-07 21:40:00,63.86
2020-08-07 21:40:00,63.86
2020-08-07 21:40:00,63.86
2020-08-07 21:40:00,63.86
2020-08-07 21:55:00,29.6
2020-08-07 21:55:00,29.6
2020-08-07 21:55:00,29.6
2020-08-07 21:55:00,29.6
2020-08-07 21:55:00,29.6
2020-08-07 21:55:00,29.6
2020-08-07 21:55:00,29.6
2020-08-07 21:55:00,29.6
2020-08-07 21:55:00,29.6
2020-08-07 21:55:00,29.6
2020-08-07 22:10:00,0.0
2020-08-07 22:10:00,0.0
2020-08-07 22:10:00,0.0
2020-08-07 22:10:00,0.0
2020-08-07 22:10:00,0.0
2020-08-07 22:10:00,0.0
2020-08-07 22:10:00,0.0
2020-08-07 22:10:00,0.0
2020-08-07 22:10:00,0.0
2020-08-07 22:10:00,0.0
2020-08-07 22:25:00,0.0
2020-08-07 22:25:00,0.0
2020-08-07 22:25:00,0.0
2020-08-07 22:25:00,0.0
2020-08-07 22:25:00,0.0
2020-08-07 22:25:00,0.0
2020-08-07 22:25:00,0.0
2020-08-07 22:25:00,0.0
2020-08-07 22:25:00,0.0
2020-08-07 22:25:00,0.0
2020-08-07 22:40:00,0.0
2020-08-07 22:40:00,0.0
2020-08-07 22:40:00,0.0
2020-08-07 22:40:00,0.0
2020-08-07 22:40:00,0.0
2020-08-07 22:40:00,0.0
2020-08-07 22:40:00,0.0
2020-08-07 22:40:00,0.0
2020-08-07 22:40:00,0.0
2020-08-07 22:40:00,0.0
2020-08-07 22:55:00,0.0
2020-08-07 22:55:00,0.0
2020-08-07 22:55:00,0.0
2020-08-07 22:55:00,0.0
2020-08-07 22:55:00,0.0
2020-08-07 22:55:00,0.0
2020-08-07 22:55:00,0.0
2020-08-07 22:55:00,0.0
2020-08-07 22:55:00,0.0
2020-08-07 22:55:00,0.0
2020-08-07 23:10:00,0.0
2020-08-07 23:10:00,0.0
2020-08-07 23:10:00,0.0
2020-08-07 23:10:00,0.0
2020-08-07 23:10:00,0.0
2020-08-07 23:10:00,0.0
2020-08-07 23:10:00,0.0
2020-08-07 23:10:00,0.0
2020-08-07 23:10:00,0.0
2020-08-07 23:10:00,0.0
2020-08-07 23:25:00,0.0
2020-08-07 23:25:00,0.0
2020-08-07 23:25:00,0.0
2020-08-07 23:25:00,0.0
2020-08-07 23:25:00,0.0
2020-08-07 23:25:00,0.0
2020-08-07 23:25:00,0.0
2020-08-07 23:25:00,0.0
2020-08-07 23:25:00,0.0
2020-08-07 23:25:00,0.0
2020-08-07 23:40:00,0.0
2020-08-07 23:40:00,0.0
2020-08-07 23:40:00,0.0
2020-08-07 23:40:00,0.0
2020-08-07 23:40:00,0.0
2020-08-07 23:40:00,0.0
2020-08-07 23:40:00,0.0
2020-08-07 23:40:00,0.0
2020-08-07 23:40:00,0.0
2020-08-07 23:40:00,0.0
2020-08-07 23:55:00,0.0
2020-08-07 23:55:00,0.0
2020-08-07 23:55:00,0.0
2020-08-07 23:55:00,0.0
2020-08-07 23:55:00,0.0
2020-08-07 23:55:00,0.0
2020-08-07 23:55:00,0.0
2020-08-07 23:55:00,0.0
2020-08-07 23:55:00,0.0
2020-08-07 23:55:00,0.0
2020-08-08 00:10:00,0.0
2020-08-08 00:10:00,0.0
2020-08-08 00:10:00,0.0
2020-08-08 00:10:00,0.0
2020-08-08 00:10:00,0.0
2020-08-08 00:10:00,0.0
2020-08-08 00:10:00,0.0
2020-08-08 00:10:00,0.0
2020-08-08 00:10:00,0.0
2020-08-08 00:10:00,0.0
2020-08-08 00:25:00,0.0
2020-08-08 00:25:00,0.0
2020-08-08 00:25:00,0.0
2020-08-08 00:25:00,0.0
2020-08-08 00:25:00,0.0
2020-08-08 00:25:00,0.0
2020-08-08 00:25:00,0.0
2020-08-08 00:25:00,0.0
2020-08-08 00:25:00,0.0
2020-08-08 00:25:00,0.0
2020-08-08 00:40:00,0.0
2020-08-08 00:40:00,0.0
2020-08-08 00:40:00,0.0
2020-08-08 00:40:00,0.0
2020-08-08 00:40:00,0.0
2020-08-08 00:40:00,0.0
2020-08-08 00:40:00,0.0
2020-08-08 00:40:00,0.0
2020-08-08 00:40:00,0.0
2020-08-08 00:40:00,0.0
2020-08-08 00:55:00,0.0
2020-08-08 00:55:00,0.0
2020-08-08 00:55:00,0.0
2020-08-08 00:55:00,0.0
2020-08-08 00:55:00,0.0
2020-08-08 00:55:00,0.0
2020-08-08 00:55:00,0.0
2020-08-08 00:55:00,0.0
2020-08-08 00:55:00,0.0
2020-08-08 00:55:00,0.0
2020-08-08 01:10:00,0.0
2020-08-08 01:10:00,0.0
2020-08-08 01:10:00,0.0
2020-08-08 01:10:00,0.0
2020-08-08 01:10:00,0.0
2020-08-08 01:10:00,0.0
2020-08-08 01:10:00,0.0
2020-08-08 01:10:00,0.0
2020-08-08 01:10:00,0.0
2020-08-08 01:10:00,0.0
2020-08-08 01:25:00,0.0
2020-08-08 01:25:00,0.0
2020-08-08 01:25:00,0.0
2020-08-08 01:25:00,0.0
2020-08-08 01:25:00,0.0
2020-08-08 01:25:00,0.0
2020-08-08 01:25:00,0.0
2020-08-08 01:25:00,0.0
2020-08-08 01:25:00,0.0
2020-08-08 01:25:00,0.0
2020-08-08 01:40:00,0.0
2020-08-08 01:40:00,0.0
2020-08-08 01:40:00,0.0
2020-08-08 01:40:00,0.0
2020-08-08 01:40:00,0.0
2020-08-08 01:40:00,0.0
2020-08-08 01:40:00,0.0
2020-08-08 01:40:00,0.0
2020-08-08 01:40:00,0.0
2020-08-08 01:40:00,0.0
2020-08-08 01:55:00,0.0
2020-08-08 01:55:00,0.0
2020-08-08 01:55:00,0.0
2020-08-08 01:55:00,0.0
2020-08-08 01:55:00,0.0
2020-08-08 01:55:00,0.0
2020-08-08 01:55:00,0.0
2020-08-08 01:55:00,0.0
2020-08-08 01:55:00,0.0
2020-08-08 01:55:00,0.0
2020-08-08 02:10:00,0.0
2020-08-08 02:10:00,0.0
2020-08-08 02:10:00,0.0
2020-08-08 02:10:00,0.0
2020-08-08 02:10:00,0.0
2020-08-08 02:10:00,0.0
2020-08-08 02:10:00,0.0
2020-08-08 02:10:00,0.0
2020-08-08 02:10:00,0.0
2020-08-08 02:10:00,0.0
2020-08-08 02:25:00,0.0
2020-08-08 02:25:00,0.0
2020-08-08 02:25:00,0.0
2020-08-08 02:25:00,0.0
2020-08-08 02:25:00,0.0
2020-08-08 02:25:00,0.0
2020-08-08 02:25:00,0.0
2020-08-08 02:25:00,0.0
2020-08-08 02:25:00,0.0
2020-08-08 02:25:00,0.0
2020-08-08 02:40:00,0.0
2020-08-08 02:40:00,0.0
2020-08-08 02:40:00,0.0
2020-08-08 02:40:00,0.0
2020-08-08 02:40:00,0.0
2020-08-08 02:40:00,0.0
2020-08-08 02:40:00,0.0
2020-08-08 02:40:00,0.0
2020-08-08 02:40:00,0.0
2020-08-08 02:40:00,0.0
2020-08-08 02:55:00,0.0
2020-08-08 02:55:00,0.0
2020-08-08 02:55:00,0.0
2020-08-08 02:55:00,0.0
2020-08-08 02:55:00,0.0
2020-08-08 02:55:00,0.0
2020-08-08 02:55:00,0.0
2020-08-08 02:55:00,0.0
2020-08-08 02:55:00,0.0
2020-08-08 02:55:00,0.0
2020-08-08 03:10:00,0.0
2020-08-08 03:10:00,0.0
2020-08-08 03:10:00,0.0
2020-08-08 03:10:00,0.0
2020-08-08 03:10:00,0.0
2020-08-08 03:10:00,0.0
2020-08-08 03:10:00,0.0
2020-08-08 03:10:00,0.0
2020-08-08 03:10:00,0.0
2020-08-08 03:10:00,0.0
2020-08-08 03:25:00,0.0
2020-08-08 03:25:00,0.0
2020-08-08 03:25:00,0.0
2020-08-08 03:25:00,0.0
2020-08-08 03:25:00,0.0
2020-08-08 03:25:00,0.0
2020-08-08 03:25:00,0.0
2020-08-08 03:25:00,0.0
2020-08-08 03:25:00,0.0
2020-08-08 03:25:00,0.0
2020-08-08 03:40:00,0.0
2020-08-08 03:40:00,0.0
2020-08-08 03:40:00,0.0
2020-08-08 03:40:00,0.0
2020-08-08 03:40:00,0.0
2020-08-08 03:40:00,0.0
2020-08-08 03:40:00,0.0
2020-08-08 03:40:00,0.0
2020-08-08 03:40:00,0.0
2020-08-08 03:40:00,0.0
2020-08-08 03:55:00,0.0
2020-08-08 03:55:00,0.0
2020-08-08 03:55:00,0.0
2020-08-08 03:55:00,0.0
2020-08-08 03:55:00,0.0
2020-08-08 03:55:00,0.0
2020-08-08 03:55:00,0.0
2020-08-08 03:55:00,0.0
2020-08-08 03:55:00,0.0
2020-08-08 03:55:00,0.0
2020-08-08 04:10:00,0.0
2020-08-08 04:10:00,0.0
2020-08-08 04:10:00,0.0
2020-08-08 04:10:00,0.0
2020-08-08 04:10:00,0.0
2020-08-08 04:10:00,0.0
2020-08-08 04:10:00,0.0
2020-08-08 04:10:00,0.0
2020-08-08 04:10:00,0.0
2020-08-08 04:10:00,0.0
2020-08-08 04:25:00,1.27
2020-08-08 04:25:00,1.27
2020-08-08 04:25:00,1.27
2020-08-08 04:25:00,1.27
2020-08-08 04:25:00,1.27
2020-08-08 04:25:00,1.27
2020-08-08 04:25:00,1.27
2020-08-08 04:25:00,1.27
2020-08-08 04:25:00,1.27
2020-08-08 04:25:00,1.27
2020-08-08 04:40:00,2.84
2020-08-08 04:40:00,2.84
2020-08-08 04:40:00,2.84
2020-08-08 04:40:00,2.84
2020-08-08 04:40:00,2.84
2020-08-08 04:40:00,2.84
2020-08-08 04:40:00,2.84
2020-08-08 04:40:00,2.84
2020-08-08 04:40:00,2.84
2020-08-08 04:40:00,2.84
2020-08-08 04:55:00,0.0
2020-08-08 04:55:00,0.0
2020-08-08 04:55:00,0.0
2020-08-08 04:55:00,0.0
2020-08-08 04:55:00,0.0
2020-08-08 04:55:00,0.0
2020-08-08 04:55:00,0.0
2020-08-08 04:55:00,0.0
2020-08-08 04:55:00,0.0
2020-08-08 04:55:00,0.0
2020-08-08 05:10:00,0.0
2020-08-08 05:10:00,0.0
2020-08-08 05:10:00,0.0
2020-08-08 05:10:00,0.0
2020-08-08 05:10:00,0.0
2020-08-08 05:10:00,0.0
2020-08-08 05:10:00,0.0
2020-08-08 05:10:00,0.0
2020-08-08 05:10:00,0.0
2020-08-08 05:10:00,0.0
2020-08-08 05:25:00,16.53
2020-08-08 05:25:00,16.53
2020-08-08 05:25:00,16.53
2020-08-08 05:25:00,16.53
2020-08-08 05:25:00,16.53
2020-08-08 05:25:00,16.53
2020-08-08 05:25:00,16.53
2020-08-08 05:25:00,16.53
2020-08-08 05:25:00,16.53
2020-08-08 05:25:00,16.53
2020-08-08 05:40:00,36.11
2020-08-08 05:40:00,36.11
2020-08-08 05:40:00,36.11
2020-08-08 05:40:00,36.11
2020-08-08 05:40:00,36.11
2020-08-08 05:40:00,36.11
2020-08-08 05:40:00,36.11
2020-08-08 05:40:00,36.11
2020-08-08 05:40:00,36.11
2020-08-08 05:40:00,36.11
2020-08-08 05:55:00,160.07
2020-08-08 05:55:00,160.07
2020-08-08 05:55:00,160.07
2020-08-08 05:55:00,160.07
2020-08-08 05:55:00,160.07
2020-08-08 05:55:00,160.07
2020-08-08 05:55:00,160.07
2020-08-08 05:55:00,160.07
2020-08-08 05:55:00,160.07
2020-08-08 05:55:00,160.07
2020-08-08 06:10:00,284.03
2020-08-08 06:10:00,284.03
2020-08-08 06:10:00,284.03
2020-08-08 06:10:00,284.03
2020-08-08 06:10:00,284.03
2020-08-08 06:10:00,284.03
2020-08-08 06:10:00,284.03
2020-08-08 06:10:00,284.03
2020-08-08 06:10:00,284.03
2020-08-08 06:10:00,284.03
2020-08-08 06:25:00,322.04
2020-08-08 06:25:00,322.04
2020-08-08 06:25:00,322.04
2020-08-08 06:25:00,322.04
2020-08-08 06:25:00,322.04
2020-08-08 06:25:00,322.04
2020-08-08 06:25:00,322.04
2020-08-08 06:25:00,322.04
2020-08-08 06:25:00,322.04
2020-08-08 06:25:00,322.04
2020-08-08 06:40:00,360.04
2020-08-08 06:40:00,360.04
2020-08-08 06:40:00,360.04
2020-08-08 06:40:00,360.04
2020-08-08 06:40:00,360.04
2020-08-08 06:40:00,360.04
2020-08-08 06:40:00,360.04
2020-08-08 06:40:00,360.04
2020-08-08 06:40:00,360.04
2020-08-08 06:40:00,360.04
2020-08-08 06:55:00,424.7
2020-08-08 06:55:00,424.7
2020-08-08 06:55:00,424.7
2020-08-08 06:55:00,424.7
2020-08-08 06:55:00,424.7
2020-08-08 06:55:00,424.7
2020-08-08 06:55:00,424.7
2020-08-08 06:55:00,424.7
2020-08-08 06:55:00,424.7
2020-08-08 06:55:00,424.7
2020-08-08 07:10:00,489.35
2020-08-08 07:10:00,489.35
2020-08-08 07:10:00,489.35
2020-08-08 07:10:00,489.35
2020-08-08 07:10:00,489.35
2020-08-08 07:10:00,489.35
2020-08-08 07:10:00,489.35
2020-08-08 07:10:00,489.35
2020-08-08 07:10:00,489.35
2020-08-08 07:10:00,489.35
2020-08-08 07:25:00,520.24
2020-08-08 07:25:00,520.24
2020-08-08 07:25:00,520.24
2020-08-08 07:25:00,520.24
2020-08-08 07:25:00,520.24
2020-08-08 07:25:00,520.24
2020-08-08 07:25:00,520.24
2020-08-08 07:25:00,520.24
2020-08-08 07:25:00,520.24
2020-08-08 07:25:00,520.24
2020-08-08 07:40:00,551.14
2020-08-08 07:40:00,551.14
2020-08-08 07:40:00,551.14
2020-08-08 07:40:00,551.14
2020-08-08 07:40:00,551.14
2020-08-08 07:40:00,551.14
2020-08-08 07:40:00,551.14
2020-08-08 07:40:00,551.14
2020-08-08 07:40:00,551.14
2020-08-08 07:40:00,551.14
2020-08-08 07:55:00,442.02
2020-08-08 07:55:00,442.02
2020-08-08 07:55:00,442.02
2020-08-08 07:55:00,442.02
2020-08-08 07:55:00,442.02
2020-08-08 07:55:00,442.02
2020-08-08 07:55:00,442.02
2020-08-08 07:55:00,442.02
2020-08-08 07:55:00,442.02
2020-08-08 07:55:00,442.02
2020-08-08 08:10:00,332.91
2020-08-08 08:10:00,332.91
2020-08-08 08:10:00,332.91
2020-08-08 08:10:00,332.91
2020-08-08 08:10:00,332.91
2020-08-08 08:10:00,332.91
2020-08-08 08:10:00,332.91
2020-08-08 08:10:00,332.91
2020-08-08 08:10:00,332.91
2020-08-08 08:10:00,332.91
2020-08-08 08:25:00,597.69
2020-08-08 08:25:00,597.69
2020-08-08 08:25:00,597.69
2020-08-08 08:25:00,597.69
2020-08-08 08:25:00,597.69
2020-08-08 08:25:00,597.69
2020-08-08 08:25:00,597.69
2020-08-08 08:25:00,597.69
2020-08-08 08:25:00,597.69
2020-08-08 08:25:00,597.69
2020-08-08 08:40:00,862.47
2020-08-08 08:40:00,862.47
2020-08-08 08:40:00,862.47
2020-08-08 08:40:00,862.47
2020-08-08 08:40:00,862.47
2020-08-08 08:40:00,862.47
2020-08-08 08:40:00,862.47
2020-08-08 08:40:00,862.47
2020-08-08 08:40:00,862.47
2020-08-08 08:40:00,862.47
2020-08-08 08:55:00,724.16
2020-08-08 08:55:00,724.16
2020-08-08 08:55:00,724.16
2020-08-08 08:55:00,724.16
2020-08-08 08:55:00,724.16
2020-08-08 08:55:00,724.16
2020-08-08 08:55:00,724.16
2020-08-08 08:55:00,724.16
2020-08-08 08:55:00,724.16
2020-08-08 08:55:00,724.16
2020-08-08 09:10:00,585.86
2020-08-08 09:10:00,585.86
2020-08-08 09:10:00,585.86
2020-08-08 09:10:00,585.86
2020-08-08 09:10:00,585.86
2020-08-08 09:10:00,585.86
2020-08-08 09:10:00,585.86
2020-08-08 09:10:00,585.86
2020-08-08 09:10:00,585.86
2020-08-08 09:10:00,585.86
2020-08-08 09:25:00,398.28
2020-08-08 09:25:00,398.28
2020-08-08 09:25:00,398.28
2020-08-08 09:25:00,398.28
2020-08-08 09:25:00,398.28
2020-08-08 09:25:00,398.28
2020-08-08 09:25:00,398.28
2020-08-08 09:25:00,398.28
2020-08-08 09:25:00,398.28
2020-08-08 09:25:00,398.28
2020-08-08 09:40:00,210.69
2020-08-08 09:40:00,210.69
2020-08-08 09:40:00,210.69
2020-08-08 09:40:00,210.69
2020-08-08 09:40:00,210.69
2020-08-08 09:40:00,210.69
2020-08-08 09:40:00,210.69
2020-08-08 09:40:00,210.69
2020-08-08 09:40:00,210.69
2020-08-08 09:40:00,210.69
2020-08-08 09:55:00,183.06
2020-08-08 09:55:00,183.06
2020-08-08 09:55:00,183.06
2020-08-08 09:55:00,183.06
2020-08-08 09:55:00,183.06
2020-08-08 09:55:00,183.06
2020-08-08 09:55:00,183.06
2020-08-08 09:55:00,183.06
2020-08-08 09:55:00,183.06
2020-08-08 09:55:00,183.06
2020-08-08 10:10:00,155.42
2020-08-08 10:10:00,155.42
2020-08-08 10:10:00,155.42
2020-08-08 10:10:00,155.42
2020-08-08 10:10:00,155.42
2020-08-08 10:10:00,155.42
2020-08-08 10:10:00,155.42
2020-08-08 10:10:00,155.42
2020-08-08 10:10:00,155.42
2020-08-08 10:10:00,155.42
2020-08-08 10:25:00,148.52
2020-08-08 10:25:00,148.52
2020-08-08 10:25:00,148.52
2020-08-08 10:25:00,148.52
2020-08-08 10:25:00,148.52
2020-08-08 10:25:00,148.52
2020-08-08 10:25:00,148.52
2020-08-08 10:25:00,148.52
2020-08-08 10:25:00,148.52
2020-08-08 10:25:00,148.52
2020-08-08 10:40:00,141.61
2020-08-08 10:40:00,141.61
2020-08-08 10:40:00,141.61
2020-08-08 10:40:00,141.61
2020-08-08 10:40:00,141.61
2020-08-08 10:40:00,141.61
2020-08-08 10:40:00,141.61
2020-08-08 10:40:00,141.61
2020-08-08 10:40:00,141.61
2020-08-08 10:40:00,141.61
2020-08-08 10:55:00,217.11
2020-08-08 10:55:00,217.11
2020-08-08 10:55:00,217.11
2020-08-08 10:55:00,217.11
2020-08-08 10:55:00,217.11
2020-08-08 10:55:00,217.11
2020-08-08 10:55:00,217.11
2020-08-08 10:55:00,217.11
2020-08-08 10:55:00,217.11
2020-08-08 10:55:00,217.11
2020-08-08 11:10:00,292.61
2020-08-08 11:10:00,292.61
2020-08-08 11:10:00,292.61
2020-08-08 11:10:00,292.61
2020-08-08 11:10:00,292.61
2020-08-08 11:10:00,292.61
2020-08-08 11:10:00,292.61
2020-08-08 11:10:00,292.61
2020-08-08 11:10:00,292.61
2020-08-08 11:10:00,292.61
2020-08-08 11:25:00,254.92
2020-08-08 11:25:00,254.92
2020-08-08 11:25:00,254.92
2020-08-08 11:25:00,254.92
2020-08-08 11:25:00,254.92
2020-08-08 11:25:00,254.92
2020-08-08 11:25:00,254.92
2020-08-08 11:25:00,254.92
2020-08-08 11:25:00,254.92
2020-08-08 11:25:00,254.92
2020-08-08 11:40:00,217.22
2020-08-08 11:40:00,217.22
2020-08-08 11:40:00,217.22
2020-08-08 11:40:00,217.22
2020-08-08 11:40:00,217.22
2020-08-08 11:40:00,217.22
2020-08-08 11:40:00,217.22
2020-08-08 11:40:00,217.22
2020-08-08 11:40:00,217.22
2020-08-08 11:40:00,217.22
2020-08-08 11:55:00,290.73
2020-08-08 11:55:00,290.73
2020-08-08 11:55:00,290.73
2020-08-08 11:55:00,290.73
2020-08-08 11:55:00,290.73
2020-08-08 11:55:00,290.73
2020-08-08 11:55:00,290.73
2020-08-08 11:55:00,290.73
2020-08-08 11:55:00,290.73
2020-08-08 11:55:00,290.73
2020-08-08 12:10:00,364.24
2020-08-08 12:10:00,364.24
2020-08-08 12:10:00,364.24
2020-08-08 12:10:00,364.24
2020-08-08 12:10:00,364.24
2020-08-08 12:10:00,364.24
2020-08-08 12:10:00,364.24
2020-08-08 12:10:00,364.24
2020-08-08 12:10:00,364.24
2020-08-08 12:10:00,364.24
2020-08-08 12:25:00,367.5
2020-08-08 12:25:00,367.5
2020-08-08 12:25:00,367.5
2020-08-08 12:25:00,367.5
2020-08-08 12:25:00,367.5
2020-08-08 12:25:00,367.5
2020-08-08 12:25:00,367.5
2020-08-08 12:25:00,367.5
2020-08-08 12:25:00,367.5
2020-08-08 12:25:00,367.5
2020-08-08 12:40:00,370.76
2020-08-08 12:40:00,370.76
2020-08-08 12:40:00,370.76
2020-08-08 12:40:00,370.76
2020-08-08 12:40:00,370.76
2020-08-08 12:40:00,370.76
2020-08-08 12:40:00,370.76
2020-08-08 12:40:00,370.76
2020-08-08 12:40:00,370.76
2020-08-08 12:40:00,370.76
2020-08-08 12:55:00,383.94
2020-08-08 12:55:00,383.94
2020-08-08 12:55:00,383.94
2020-08-08 12:55:00,383.94
2020-08-08 12:55:00,383.94
2020-08-08 12:55:00,383.94
2020-08-08 12:55:00,383.94
2020-08-08 12:55:00,383.94
2020-08-08 12:55:00,383.94
2020-08-08 12:55:00,383.94
2020-08-08 13:10:00,397.13
2020-08-08 13:10:00,397.13
2020-08-08 13:10:00,397.13
2020-08-08 13:10:00,397.13
2020-08-08 13:10:00,397.13
2020-08-08 13:10:00,397.13
2020-08-08 13:10:00,397.13
2020-08-08 13:10:00,397.13
2020-08-08 13:10:00,397.13
2020-08-08 13:10:00,397.13
2020-08-08 13:25:00,324.66
2020-08-08 13:25:00,324.66
2020-08-08 13:25:00,324.66
2020-08-08 13:25:00,324.66
2020-08-08 13:25:00,324.66
2020-08-08 13:25:00,324.66
2020-08-08 13:25:00,324.66
2020-08-08 13:25:00,324.66
2020-08-08 13:25:00,324.66
2020-08-08 13:25:00,324.66
2020-08-08 13:40:00,252.18
2020-08-08 13:40:00,252.18
2020-08-08 13:40:00,252.18
2020-08-08 13:40:00,252.18
2020-08-08 13:40:00,252.18
2020-08-08 13:40:00,252.18
2020-08-08 13:40:00,252.18
2020-08-08 13:40:00,252.18
2020-08-08 13:40:00,252.18
2020-08-08 13:40:00,252.18
2020-08-08 13:55:00,297.52
2020-08-08 13:55:00,297.52
2020-08-08 13:55:00,297.52
2020-08-08 13:55:00,297.52
2020-08-08 13:55:00,297.52
2020-08-08 13:55:00,297.52
2020-08-08 13:55:00,297.52
2020-08-08 13:55:00,297.52
2020-08-08 13:55:00,297.52
2020-08-08 13:55:00,297.52
2020-08-08 14:10:00,342.87
2020-08-08 14:10:00,342.87
2020-08-08 14:10:00,342.87
2020-08-08 14:10:00,342.87
2020-08-08 14:10:00,342.87
2020-08-08 14:10:00,342.87
2020-08-08 14:10:00,342.87
2020-08-08 14:10:00,342.87
2020-08-08 14:10:00,342.87
2020-08-08 14:10:00,342.87
2020-08-08 14:25:00,351.34
2020-08-08 14:25:00,351.34
2020-08-08 14:25:00,351.34
2020-08-08 14:25:00,351.34
2020-08-08 14:25:00,351.34
2020-08-08 14:25:00,351.34
2020-08-08 14:25:00,351.34
2020-08-08 14:25:00,351.34
2020-08-08 14:25:00,351.34
2020-08-08 14:25:00,351.34
2020-08-08 14:40:00,359.81
2020-08-08 14:40:00,359.81
2020-08-08 14:40:00,359.81
2020-08-08 14:40:00,359.81
2020-08-08 14:40:00,359.81
2020-08-08 14:40:00,359.81
2020-08-08 14:40:00,359.81
2020-08-08 14:40:00,359.81
2020-08-08 14:40:00,359.81
2020-08-08 14:40:00,359.81
2020-08-08 14:55:00,327.53
2020-08-08 14:55:00,327.53
2020-08-08 14:55:00,327.53
2020-08-08 14:55:00,327.53
2020-08-08 14:55:00,327.53
2020-08-08 14:55:00,327.53
2020-08-08 14:55:00,327.53
2020-08-08 14:55:00,327.53
2020-08-08 14:55:00,327.53
2020-08-08 14:55:00,327.53
2020-08-08 15:10:00,295.25
2020-08-08 15:10:00,295.25
2020-08-08 15:10:00,295.25
2020-08-08 15:10:00,295.25
2020-08-08 15:10:00,295.25
2020-08-08 15:10:00,295.25
2020-08-08 15:10:00,295.25
2020-08-08 15:10:00,295.25
2020-08-08 15:10:00,295.25
2020-08-08 15:10:00,295.25
2020-08-08 15:25:00,259.86
2020-08-08 15:25:00,259.86
2020-08-08 15:25:00,259.86
2020-08-08 15:25:00,259.86
2020-08-08 15:25:00,259.86
2020-08-08 15:25:00,259.86
2020-08-08 15:25:00,259.86
2020-08-08 15:25:00,259.86
2020-08-08 15:25:00,259.86
2020-08-08 15:25:00,259.86
2020-08-08 15:40:00,224.46
2020-08-08 15:40:00,224.46
2020-08-08 15:40:00,224.46
2020-08-08 15:40:00,224.46
2020-08-08 15:40:00,224.46
2020-08-08 15:40:00,224.46
2020-08-08 15:40:00,224.46
2020-08-08 15:40:00,224.46
2020-08-08 15:40:00,224.46
2020-08-08 15:40:00,224.46
2020-08-08 15:55:00,277.57
2020-08-08 15:55:00,277.57
2020-08-08 15:55:00,277.57
2020-08-08 15:55:00,277.57
2020-08-08 15:55:00,277.57
2020-08-08 15:55:00,277.57
2020-08-08 15:55:00,277.57
2020-08-08 15:55:00,277.57
2020-08-08 15:55:00,277.57
2020-08-08 15:55:00,277.57
2020-08-08 16:10:00,330.68
2020-08-08 16:10:00,330.68
2020-08-08 16:10:00,330.68
2020-08-08 16:10:00,330.68
2020-08-08 16:10:00,330.68
2020-08-08 16:10:00,330.68
2020-08-08 16:10:00,330.68
2020-08-08 16:10:00,330.68
2020-08-08 16:10:00,330.68
2020-08-08 16:10:00,330.68
2020-08-08 16:25:00,290.91
2020-08-08 16:25:00,290.91
2020-08-08 16:25:00,290.91
2020-08-08 16:25:00,290.91
2020-08-08 16:25:00,290.91
2020-08-08 16:25:00,290.91
2020-08-08 16:25:00,290.91
2020-08-08 16:25:00,290.91
2020-08-08 16:25:00,290.91
2020-08-08 16:25:00,290.91
2020-08-08 16:40:00,251.14
2020-08-08 16:40:00,251.14
2020-08-08 16:40:00,251.14
2020-08-08 16:40:00,251.14
2020-08-08 16:40:00,251.14
2020-08-08 16:40:00,251.14
2020-08-08 16:40:00,251.14
2020-08-08 16:40:00,251.14
2020-08-08 16:40:00,251.14
2020-08-08 16:40:00,251.14
2020-08-08 16:55:00,215.32
2020-08-08 16:55:00,215.32
2020-08-08 16:55:00,215.32
2020-08-08 16:55:00,215.32
2020-08-08 16:55:00,215.32
2020-08-08 16:55:00,215.32
2020-08-08 16:55:00,215.32
2020-08-08 16:55:00,215.32
2020-08-08 16:55:00,215.32
2020-08-08 16:55:00,215.32
2020-08-08 17:10:00,179.51
2020-08-08 17:10:00,179.51
2020-08-08 17:10:00,179.51
2020-08-08 17:10:00,179.51
2020-08-08 17:10:00,179.51
2020-08-08 17:10:00,179.51
2020-08-08 17:10:00,179.51
2020-08-08 17:10:00,179.51
2020-08-08 17:10:00,179.51
2020-08-08 17:10:00,179.51
2020-08-08 17:25:00,89.45
2020-08-08 17:25:00,89.45
2020-08-08 17:25:00,89.45
2020-08-08 17:25:00,89.45
2020-08-08 17:25:00,89.45
2020-08-08 17:25:00,89.45
2020-08-08 17:25:00,89.45
2020-08-08 17:25:00,89.45
2020-08-08 17:25:00,89.45
2020-08-08 17:25:00,89.45
2020-08-08 17:40:00,0.0
2020-08-08 17:40:00,0.0
2020-08-08 17:40:00,0.0
2020-08-08 17:40:00,0.0
2020-08-08 17:40:00,0.0
2020-08-08 17:40:00,0.0
2020-08-08 17:40:00,0.0
2020-08-08 17:40:00,0.0
2020-08-08 17:40:00,0.0
2020-08-08 17:40:00,0.0
2020-08-08 17:55:00,0.0
2020-08-08 17:55:00,0.0
2020-08-08 17:55:00,0.0
2020-08-08 17:55:00,0.0
2020-08-08 17:55:00,0.0
2020-08-08 17:55:00,0.0
2020-08-08 17:55:00,0.0
2020-08-08 17:55:00,0.0
2020-08-08 17:55:00,0.0
2020-08-08 17:55:00,0.0
2020-08-08 18:10:00,0.0
2020-08-08 18:10:00,0.0
2020-08-08 18:10:00,0.0
2020-08-08 18:10:00,0.0
2020-08-08 18:10:00,0.0
2020-08-08 18:10:00,0.0
2020-08-08 18:10:00,0.0
2020-08-08 18:10:00,0.0
2020-08-08 18:10:00,0.0
2020-08-08 18:10:00,0.0
2020-08-08 18:25:00,84.76
2020-08-08 18:25:00,84.76
2020-08-08 18:25:00,84.76
2020-08-08 18:25:00,84.76
2020-08-08 18:25:00,84.76
2020-08-08 18:25:00,84.76
2020-08-08 18:25:00,84.76
2020-08-08 18:25:00,84.76
2020-08-08 18:25:00,84.76
2020-08-08 18:25:00,84.76
2020-08-08 18:40:00,84.76
2020-08-08 18:40:00,84.76
2020-08-08 18:40:00,84.76
2020-08-08 18:40:00,84.76
2020-08-08 18:40:00,84.76
2020-08-08 18:40:00,84.76
2020-08-08 18:40:00,84.76
2020-08-08 18:40:00,84.76
2020-08-08 18:40:00,84.76
2020-08-08 18:40:00,84.76
2020-08-08 18:55:00,155.66
2020-08-08 18:55:00,155.66
2020-08-08 18:55:00,155.66
2020-08-08 18:55:00,155.66
2020-08-08 18:55:00,155.66
2020-08-08 18:55:00,155.66
2020-08-08 18:55:00,155.66
2020-08-08 18:55:00,155.66
2020-08-08 18:55:00,155.66
2020-08-08 18:55:00,155.66
2020-08-08 19:10:00,226.57
2020-08-08 19:10:00,226.57
2020-08-08 19:10:00,226.57
2020-08-08 19:10:00,226.57
2020-08-08 19:10:00,226.57
2020-08-08 19:10:00,226.57
2020-08-08 19:10:00,226.57
2020-08-08 19:10:00,226.57
2020-08-08 19:10:00,226.57
2020-08-08 19:10:00,226.57
2020-08-08 19:25:00,216.78
2020-08-08 19:25:00,216.78
2020-08-08 19:25:00,216.78
2020-08-08 19:25:00,216.78
2020-08-08 19:25:00,216.78
2020-08-08 19:25:00,216.78
2020-08-08 19:25:00,216.78
2020-08-08 19:25:00,216.78
2020-08-08 19:25:00,216.78
2020-08-08 19:25:00,216.78
2020-08-08 19:40:00,206.98
2020-08-08 19:40:00,206.98
2020-08-08 19:40:00,206.98
2020-08-08 19:40:00,206.98
2020-08-08 19:40:00,206.98
2020-08-08 19:40:00,206.98
2020-08-08 19:40:00,206.98
2020-08-08 19:40:00,206.98
2020-08-08 19:40:00,206.98
2020-08-08 19:40:00,206.98
2020-08-08 19:55:00,216.74
2020-08-08 19:55:00,216.74
2020-08-08 19:55:00,216.74
2020-08-08 19:55:00,216.74
2020-08-08 19:55:00,216.74
2020-08-08 19:55:00,216.74
2020-08-08 19:55:00,216.74
2020-08-08 19:55:00,216.74
2020-08-08 19:55:00,216.74
2020-08-08 19:55:00,216.74
2020-08-08 20:10:00,226.51
2020-08-08 20:10:00,226.51
2020-08-08 20:10:00,226.51
2020-08-08 20:10:00,226.51
2020-08-08 20:10:00,226.51
2020-08-08 20:10:00,226.51
2020-08-08 20:10:00,226.51
2020-08-08 20:10:00,226.51
2020-08-08 20:10:00,226.51
2020-08-08 20:10:00,226.51
2020-08-08 20:25:00,392.03
2020-08-08 20:25:00,392.03
2020-08-08 20:25:00,392.03
2020-08-08 20:25:00,392.03
2020-08-08 20:25:00,392.03
2020-08-08 20:25:00,392.03
2020-08-08 20:25:00,392.03
2020-08-08 20:25:00,392.03
2020-08-08 20:25:00,392.03
2020-08-08 20:25:00,392.03
2020-08-08 20:40:00,557.55
2020-08-08 20:40:00,557.55
2020-08-08 20:40:00,557.55
2020-08-08 20:40:00,557.55
2020-08-08 20:40:00,557.55
2020-08-08 20:40:00,557.55
2020-08-08 20:40:00,557.55
2020-08-08 20:40:00,557.55
2020-08-08 20:40:00,557.55
2020-08-08 20:40:00,557.55
2020-08-08 20:55:00,541.86
2020-08-08 20:55:00,541.86
2020-08-08 20:55:00,541.86
2020-08-08 20:55:00,541.86
2020-08-08 20:55:00,541.86
2020-08-08 20:55:00,541.86
2020-08-08 20:55:00,541.86
2020-08-08 20:55:00,541.86
2020-08-08 20:55:00,541.86
2020-08-08 20:55:00,541.86
2020-08-08 21:10:00,526.16
2020-08-08 21:10:00,526.16
2020-08-08 21:10:00,526.16
2020-08-08 21:10:00,526.16
2020-08-08 21:10:00,526.16
2020-08-08 21:10:00,526.16
2020-08-08 21:10:00,526.16
2020-08-08 21:10:00,526.16
2020-08-08 21:10:00,526.16
2020-08-08 21:10:00,526.16
2020-08-08 21:25:00,452.78
2020-08-08 21:25:00,452.78
2020-08-08 21:25:00,452.78
2020-08-08 21:25:00,452.78
2020-08-08 21:25:00,452.78
2020-08-08 21:25:00,452.78
2020-08-08 21:25:00,452.78
2020-08-08 21:25:00,452.78
2020-08-08 21:25:00,452.78
2020-08-08 21:25:00,452.78
2020-08-08 21:40:00,379.39
2020-08-08 21:40:00,379.39
2020-08-08 21:40:00,379.39
2020-08-08 21:40:00,379.39
2020-08-08 21:40:00,379.39
2020-08-08 21:40:00,379.39
2020-08-08 21:40:00,379.39
2020-08-08 21:40:00,379.39
2020-08-08 21:40:00,379.39
2020-08-08 21:40:00,379.39
2020-08-08 21:55:00,397.29
2020-08-08 21:55:00,397.29
2020-08-08 21:55:00,397.29
2020-08-08 21:55:00,397.29
2020-08-08 21:55:00,397.29
2020-08-08 21:55:00,397.29
2020-08-08 21:55:00,397.29
2020-08-08 21:55:00,397.29
2020-08-08 21:55:00,397.29
2020-08-08 21:55:00,397.29
2020-08-08 22:10:00,415.19
2020-08-08 22:10:00,415.19
2020-08-08 22:10:00,415.19
2020-08-08 22:10:00,415.19
2020-08-08 22:10:00,415.19
2020-08-08 22:10:00,415.19
2020-08-08 22:10:00,415.19
2020-08-08 22:10:00,415.19
2020-08-08 22:10:00,415.19
2020-08-08 22:10:00,415.19
2020-08-08 22:25:00,332.76
2020-08-08 22:25:00,332.76
2020-08-08 22:25:00,332.76
2020-08-08 22:25:00,332.76
2020-08-08 22:25:00,332.76
2020-08-08 22:25:00,332.76
2020-08-08 22:25:00,332.76
2020-08-08 22:25:00,332.76
2020-08-08 22:25:00,332.76
2020-08-08 22:25:00,332.76
2020-08-08 22:40:00,250.32
2020-08-08 22:40:00,250.32
2020-08-08 22:40:00,250.32
2020-08-08 22:40:00,250.32
2020-08-08 22:40:00,250.32
2020-08-08 22:40:00,250.32
2020-08-08 22:40:00,250.32
2020-08-08 22:40:00,250.32
2020-08-08 22:40:00,250.32
2020-08-08 22:40:00,250.32
2020-08-08 22:55:00,250.32
2020-08-08 22:55:00,250.32
2020-08-08 22:55:00,250.32
2020-08-08 22:55:00,250.32
2020-08-08 22:55:00,250.32
2020-08-08 22:55:00,250.32
2020-08-08 22:55:00,250.32
2020-08-08 22:55:00,250.32
2020-08-08 22:55:00,250.32
2020-08-08 22:55:00,250.32
2020-08-08 23:10:00,0.0
2020-08-08 23:10:00,0.0
2020-08-08 23:10:00,0.0
2020-08-08 23:10:00,0.0
2020-08-08 23:10:00,0.0
2020-08-08 23:10:00,0.0
2020-08-08 23:10:00,0.0
2020-08-08 23:10:00,0.0
2020-08-08 23:10:00,0.0
2020-08-08 23:10:00,0.0
2020-08-08 23:25:00,265.06
2020-08-08 23:25:00,265.06
2020-08-08 23:25:00,265.06
2020-08-08 23:25:00,265.06
2020-08-08 23:25:00,265.06
2020-08-08 23:25:00,265.06
2020-08-08 23:25:00,265.06
2020-08-08 23:25:00,265.06
2020-08-08 23:25:00,265.06
2020-08-08 23:25:00,265.06
2020-08-08 23:40:00,265.06
2020-08-08 23:40:00,265.06
2020-08-08 23:40:00,265.06
2020-08-08 23:40:00,265.06
2020-08-08 23:40:00,265.06
2020-08-08 23:40:00,265.06
2020-08-08 23:40:00,265.06
2020-08-08 23:40:00,265.06
2020-08-08 23:40:00,265.06
2020-08-08 23:40:00,265.06
2020-08-08 23:55:00,193.74
2020-08-08 23:55:00,193.74
2020-08-08 23:55:00,193.74
2020-08-08 23:55:00,193.74
2020-08-08 23:55:00,193.74
2020-08-08 23:55:00,193.74
2020-08-08 23:55:00,193.74
2020-08-08 23:55:00,193.74
2020-08-08 23:55:00,193.74
2020-08-08 23:55:00,193.74
2020-08-09 00:10:00,122.42
2020-08-09 00:10:00,122.42
2020-08-09 00:10:00,122.42
2020-08-09 00:10:00,122.42
2020-08-09 00:10:00,122.42
2020-08-09 00:10:00,122.42
2020-08-09 00:10:00,122.42
2020-08-09 00:10:00,122.42
2020-08-09 00:10:00,122.42
2020-08-09 00:10:00,122.42
2020-08-09 00:25:00,138.38
2020-08-09 00:25:00,138.38
2020-08-09 00:25:00,138.38
2020-08-09 00:25:00,138.38
2020-08-09 00:25:00,138.38
2020-08-09 00:25:00,138.38
2020-08-09 00:25:00,138.38
2020-08-09 00:25:00,138.38
2020-08-09 00:25:00,138.38
2020-08-09 00:25:00,138.38
2020-08-09 00:40:00,154.33
2020-08-09 00:40:00,154.33
2020-08-09 00:40:00,154.33
2020-08-09 00:40:00,154.33
2020-08-09 00:40:00,154.33
2020-08-09 00:40:00,154.33
2020-08-09 00:40:00,154.33
2020-08-09 00:40:00,154.33
2020-08-09 00:40:00,154.33
2020-08-09 00:40:00,154.33
2020-08-09 00:55:00,150.85
2020-08-09 00:55:00,150.85
2020-08-09 00:55:00,150.85
2020-08-09 00:55:00,150.85
2020-08-09 00:55:00,150.85
2020-08-09 00:55:00,150.85
2020-08-09 00:55:00,150.85
2020-08-09 00:55:00,150.85
2020-08-09 00:55:00,150.85
2020-08-09 00:55:00,150.85
2020-08-09 01:10:00,147.37
2020-08-09 01:10:00,147.37
2020-08-09 01:10:00,147.37
2020-08-09 01:10:00,147.37
2020-08-09 01:10:00,147.37
2020-08-09 01:10:00,147.37
2020-08-09 01:10:00,147.37
2020-08-09 01:10:00,147.37
2020-08-09 01:10:00,147.37
2020-08-09 01:10:00,147.37
2020-08-09 01:25:00,173.33
2020-08-09 01:25:00,173.33
2020-08-09 01:25:00,173.33
2020-08-09 01:25:00,173.33
2020-08-09 01:25:00,173.33
2020-08-09 01:25:00,173.33
2020-08-09 01:25:00,173.33
2020-08-09 01:25:00,173.33
2020-08-09 01:25:00,173.33
2020-08-09 01:25:00,173.33
2020-08-09 01:40:00,199.29
2020-08-09 01:40:00,199.29
2020-08-09 01:40:00,199.29
2020-08-09 01:40:00,199.29
2020-08-09 01:40:00,199.29
2020-08-09 01:40:00,199.29
2020-08-09 01:40:00,199.29
2020-08-09 01:40:00,199.29
2020-08-09 01:40:00,199.29
2020-08-09 01:40:00,199.29
2020-08-09 01:55:00,203.68
2020-08-09 01:55:00,203.68
2020-08-09 01:55:00,203.68
2020-08-09 01:55:00,203.68
2020-08-09 01:55:00,203.68
2020-08-09 01:55:00,203.68
2020-08-09 01:55:00,203.68
2020-08-09 01:55:00,203.68
2020-08-09 01:55:00,203.68
2020-08-09 01:55:00,203.68
2020-08-09 02:10:00,208.06
2020-08-09 02:10:00,208.06
2020-08-09 02:10:00,208.06
2020-08-09 02:10:00,208.06
2020-08-09 02:10:00,208.06
2020-08-09 02:10:00,208.06
2020-08-09 02:10:00,208.06
2020-08-09 02:10:00,208.06
2020-08-09 02:10:00,208.06
2020-08-09 02:10:00,208.06
2020-08-09 02:25:00,246.94
2020-08-09 02:25:00,246.94
2020-08-09 02:25:00,246.94
2020-08-09 02:25:00,246.94
2020-08-09 02:25:00,246.94
2020-08-09 02:25:00,246.94
2020-08-09 02:25:00,246.94
2020-08-09 02:25:00,246.94
2020-08-09 02:25:00,246.94
2020-08-09 02:25:00,246.94
2020-08-09 02:40:00,285.81
2020-08-09 02:40:00,285.81
2020-08-09 02:40:00,285.81
2020-08-09 02:40:00,285.81
2020-08-09 02:40:00,285.81
2020-08-09 02:40:00,285.81
2020-08-09 02:40:00,285.81
2020-08-09 02:40:00,285.81
2020-08-09 02:40:00,285.81
2020-08-09 02:40:00,285.81
2020-08-09 02:55:00,267.78
2020-08-09 02:55:00,267.78
2020-08-09 02:55:00,267.78
2020-08-09 02:55:00,267.78
2020-08-09 02:55:00,267.78
2020-08-09 02:55:00,267.78
2020-08-09 02:55:00,267.78
2020-08-09 02:55:00,267.78
2020-08-09 02:55:00,267.78
2020-08-09 02:55:00,267.78
2020-08-09 03:10:00,249.74
2020-08-09 03:10:00,249.74
2020-08-09 03:10:00,249.74
2020-08-09 03:10:00,249.74
2020-08-09 03:10:00,249.74
2020-08-09 03:10:00,249.74
2020-08-09 03:10:00,249.74
2020-08-09 03:10:00,249.74
2020-08-09 03:10:00,249.74
2020-08-09 03:10:00,249.74
2020-08-09 03:25:00,216.74
2020-08-09 03:25:00,216.74
2020-08-09 03:25:00,216.74
2020-08-09 03:25:00,216.74
2020-08-09 03:25:00,216.74
2020-08-09 03:25:00,216.74
2020-08-09 03:25:00,216.74
2020-08-09 03:25:00,216.74
2020-08-09 03:25:00,216.74
2020-08-09 03:25:00,216.74
2020-08-09 03:40:00,183.75
2020-08-09 03:40:00,183.75
2020-08-09 03:40:00,183.75
2020-08-09 03:40:00,183.75
2020-08-09 03:40:00,183.75
2020-08-09 03:40:00,183.75
2020-08-09 03:40:00,183.75
2020-08-09 03:40:00,183.75
2020-08-09 03:40:00,183.75
2020-08-09 03:40:00,183.75
2020-08-09 03:55:00,170.22
2020-08-09 03:55:00,170.22
2020-08-09 03:55:00,170.22
2020-08-09 03:55:00,170.22
2020-08-09 03:55:00,170.22
2020-08-09 03:55:00,170.22
2020-08-09 03:55:00,170.22
2020-08-09 03:55:00,170.22
2020-08-09 03:55:00,170.22
2020-08-09 03:55:00,170.22
2020-08-09 04:10:00,156.7
2020-08-09 04:10:00,156.7
2020-08-09 04:10:00,156.7
2020-08-09 04:10:00,156.7
2020-08-09 04:10:00,156.7
2020-08-09 04:10:00,156.7
2020-08-09 04:10:00,156.7
2020-08-09 04:10:00,156.7
2020-08-09 04:10:00,156.7
2020-08-09 04:10:00,156.7
2020-08-09 04:25:00,111.45
2020-08-09 04:25:00,111.45
2020-08-09 04:25:00,111.45
2020-08-09 04:25:00,111.45
2020-08-09 04:25:00,111.45
2020-08-09 04:25:00,111.45
2020-08-09 04:25:00,111.45
2020-08-09 04:25:00,111.45
2020-08-09 04:25:00,111.45
2020-08-09 04:25:00,111.45
2020-08-09 04:40:00,66.2
2020-08-09 04:40:00,66.2
2020-08-09 04:40:00,66.2
2020-08-09 04:40:00,66.2
2020-08-09 04:40:00,66.2
2020-08-09 04:40:00,66.2
2020-08-09 04:40:00,66.2
2020-08-09 04:40:00,66.2
2020-08-09 04:40:00,66.2
2020-08-09 04:40:00,66.2
2020-08-09 04:55:00,40.16
2020-08-09 04:55:00,40.16
2020-08-09 04:55:00,40.16
2020-08-09 04:55:00,40.16
2020-08-09 04:55:00,40.16
2020-08-09 04:55:00,40.16
2020-08-09 04:55:00,40.16
2020-08-09 04:55:00,40.16
2020-08-09 04:55:00,40.16
2020-08-09 04:55:00,40.16
2020-08-09 05:10:00,14.11
2020-08-09 05:10:00,14.11
2020-08-09 05:10:00,14.11
2020-08-09 05:10:00,14.11
2020-08-09 05:10:00,14.11
2020-08-09 05:10:00,14.11
2020-08-09 05:10:00,14.11
2020-08-09 05:10:00,14.11
2020-08-09 05:10:00,14.11
2020-08-09 05:10:00,14.11
2020-08-09 05:25:00,14.11
2020-08-09 05:25:00,14.11
2020-08-09 05:25:00,14.11
2020-08-09 05:25:00,14.11
2020-08-09 05:25:00,14.11
2020-08-09 05:25:00,14.11
2020-08-09 05:25:00,14.11
2020-08-09 05:25:00,14.11
2020-08-09 05:25:00,14.11
2020-08-09 05:25:00,14.11
2020-08-09 05:40:00,0.0
2020-08-09 05:40:00,0.0
2020-08-09 05:40:00,0.0
2020-08-09 05:40:00,0.0
2020-08-09 05:40:00,0.0
2020-08-09 05:40:00,0.0
2020-08-09 05:40:00,0.0
2020-08-09 05:40:00,0.0
2020-08-09 05:40:00,0.0
2020-08-09 05:40:00,0.0
2020-08-09 05:55:00,0.0
2020-08-09 05:55:00,0.0
2020-08-09 05:55:00,0.0
2020-08-09 05:55:00,0.0
2020-08-09 05:55:00,0.0
2020-08-09 05:55:00,0.0
2020-08-09 05:55:00,0.0
2020-08-09 05:55:00,0.0
2020-08-09 05:55:00,0.0
2020-08-09 05:55:00,0.0
2020-08-09 06:10:00,0.0
2020-08-09 06:10:00,0.0
2020-08-09 06:10:00,0.0
2020-08-09 06:10:00,0.0
2020-08-09 06:10:00,0.0
2020-08-09 06:10:00,0.0
2020-08-09 06:10:00,0.0
2020-08-09 06:10:00,0.0
2020-08-09 06:10:00,0.0
2020-08-09 06:10:00,0.0
2020-08-09 06:25:00,0.0
2020-08-09 06:25:00,0.0
2020-08-09 06:25:00,0.0
2020-08-09 06:25:00,0.0
2020-08-09 06:25:00,0.0
2020-08-09 06:25:00,0.0
2020-08-09 06:25:00,0.0
2020-08-09 06:25:00,0.0
2020-08-09 06:25:00,0.0
2020-08-09 06:25:00,0.0
2020-08-09 06:40:00,0.0
2020-08-09 06:40:00,0.0
2020-08-09 06:40:00,0.0
2020-08-09 06:40:00,0.0
2020-08-09 06:40:00,0.0
2020-08-09 06:40:00,0.0
2020-08-09 06:40:00,0.0
2020-08-09 06:40:00,0.0
2020-08-09 06:40:00,0.0
2020-08-09 06:40:00,0.0
2020-08-09 06:55:00,0.0
2020-08-09 06:55:00,0.0
2020-08-09 06:55:00,0.0
2020-08-09 06:55:00,0.0
2020-08-09 06:55:00,0.0
2020-08-09 06:55:00,0.0
2020-08-09 06:55:00,0.0
2020-08-09 06:55:00,0.0
2020-08-09 06:55:00,0.0
2020-08-09 06:55:00,0.0
2020-08-09 07:10:00,0.0
2020-08-09 07:10:00,0.0
2020-08-09 07:10:00,0.0
2020-08-09 07:10:00,0.0
2020-08-09 07:10:00,0.0
2020-08-09 07:10:00,0.0
2020-08-09 07:10:00,0.0
2020-08-09 07:10:00,0.0
2020-08-09 07:10:00,0.0
2020-08-09 07:10:00,0.0
2020-08-09 07:25:00,0.0
2020-08-09 07:25:00,0.0
2020-08-09 07:25:00,0.0
2020-08-09 07:25:00,0.0
2020-08-09 07:25:00,0.0
2020-08-09 07:25:00,0.0
2020-08-09 07:25:00,0.0
2020-08-09 07:25:00,0.0
2020-08-09 07:25:00,0.0
2020-08-09 07:25:00,0.0
2020-08-09 07:40:00,0.0
2020-08-09 07:40:00,0.0
2020-08-09 07:40:00,0.0
2020-08-09 07:40:00,0.0
2020-08-09 07:40:00,0.0
2020-08-09 07:40:00,0.0
2020-08-09 07:40:00,0.0
2020-08-09 07:40:00,0.0
2020-08-09 07:40:00,0.0
2020-08-09 07:40:00,0.0
2020-08-09 07:55:00,0.0
2020-08-09 07:55:00,0.0
2020-08-09 07:55:00,0.0
2020-08-09 07:55:00,0.0
2020-08-09 07:55:00,0.0
2020-08-09 07:55:00,0.0
2020-08-09 07:55:00,0.0
2020-08-09 07:55:00,0.0
2020-08-09 07:55:00,0.0
2020-08-09 07:55:00,0.0
2020-08-09 08:10:00,0.0
2020-08-09 08:10:00,0.0
2020-08-09 08:10:00,0.0
2020-08-09 08:10:00,0.0
2020-08-09 08:10:00,0.0
2020-08-09 08:10:00,0.0
2020-08-09 08:10:00,0.0
2020-08-09 08:10:00,0.0
2020-08-09 08:10:00,0.0
2020-08-09 08:10:00,0.0
2020-08-09 08:25:00,0.0
2020-08-09 08:25:00,0.0
2020-08-09 08:25:00,0.0
2020-08-09 08:25:00,0.0
2020-08-09 08:25:00,0.0
2020-08-09 08:25:00,0.0
2020-08-09 08:25:00,0.0
2020-08-09 08:25:00,0.0
2020-08-09 08:25:00,0.0
2020-08-09 08:25:00,0.0
2020-08-09 08:40:00,0.0
2020-08-09 08:40:00,0.0
2020-08-09 08:40:00,0.0
2020-08-09 08:40:00,0.0
2020-08-09 08:40:00,0.0
2020-08-09 08:40:00,0.0
2020-08-09 08:40:00,0.0
2020-08-09 08:40:00,0.0
2020-08-09 08:40:00,0.0
2020-08-09 08:40:00,0.0
2020-08-09 08:55:00,0.0
2020-08-09 08:55:00,0.0
2020-08-09 08:55:00,0.0
2020-08-09 08:55:00,0.0
2020-08-09 08:55:00,0.0
2020-08-09 08:55:00,0.0
2020-08-09 08:55:00,0.0
2020-08-09 08:55:00,0.0
2020-08-09 08:55:00,0.0
2020-08-09 08:55:00,0.0
2020-08-09 09:10:00,0.0
2020-08-09 09:10:00,0.0
2020-08-09 09:10:00,0.0
2020-08-09 09:10:00,0.0
2020-08-09 09:10:00,0.0
2020-08-09 09:10:00,0.0
2020-08-09 09:10:00,0.0
2020-08-09 09:10:00,0.0
2020-08-09 09:10:00,0.0
2020-08-09 09:10:00,0.0
2020-08-09 09:25:00,0.0
2020-08-09 09:25:00,0.0
2020-08-09 09:25:00,0.0
2020-08-09 09:25:00,0.0
2020-08-09 09:25:00,0.0
2020-08-09 09:25:00,0.0
2020-08-09 09:25:00,0.0
2020-08-09 09:25:00,0.0
2020-08-09 09:25:00,0.0
2020-08-09 09:25:00,0.0
2020-08-09 09:40:00,0.0
2020-08-09 09:40:00,0.0
2020-08-09 09:40:00,0.0
2020-08-09 09:40:00,0.0
2020-08-09 09:40:00,0.0
2020-08-09 09:40:00,0.0
2020-08-09 09:40:00,0.0
2020-08-09 09:40:00,0.0
2020-08-09 09:40:00,0.0
2020-08-09 09:40:00,0.0
2020-08-09 09:55:00,32.11
2020-08-09 09:55:00,32.11
2020-08-09 09:55:00,32.11
2020-08-09 09:55:00,32.11
2020-08-09 09:55:00,32.11
2020-08-09 09:55:00,32.11
2020-08-09 09:55:00,32.11
2020-08-09 09:55:00,32.11
2020-08-09 09:55:00,32.11
2020-08-09 09:55:00,32.11
2020-08-09 10:10:00,32.11
2020-08-09 10:10:00,32.11
2020-08-09 10:10:00,32.11
2020-08-09 10:10:00,32.11
2020-08-09 10:10:00,32.11
2020-08-09 10:10:00,32.11
2020-08-09 10:10:00,32.11
2020-08-09 10:10:00,32.11
2020-08-09 10:10:00,32.11
2020-08-09 10:10:00,32.11
2020-08-09 10:25:00,32.11
2020-08-09 10:25:00,32.11
2020-08-09 10:25:00,32.11
2020-08-09 10:25:00,32.11
2020-08-09 10:25:00,32.11
2020-08-09 10:25:00,32.11
2020-08-09 10:25:00,32.11
2020-08-09 10:25:00,32.11
2020-08-09 10:25:00,32.11
2020-08-09 10:25:00,32.11
2020-08-09 10:40:00,0.0
2020-08-09 10:40:00,0.0
2020-08-09 10:40:00,0.0
2020-08-09 10:40:00,0.0
2020-08-09 10:40:00,0.0
2020-08-09 10:40:00,0.0
2020-08-09 10:40:00,0.0
2020-08-09 10:40:00,0.0
2020-08-09 10:40:00,0.0
2020-08-09 10:40:00,0.0
2020-08-09 10:55:00,0.0
2020-08-09 10:55:00,0.0
2020-08-09 10:55:00,0.0
2020-08-09 10:55:00,0.0
2020-08-09 10:55:00,0.0
2020-08-09 10:55:00,0.0
2020-08-09 10:55:00,0.0
2020-08-09 10:55:00,0.0
2020-08-09 10:55:00,0.0
2020-08-09 10:55:00,0.0
2020-08-09 11:10:00,0.0
2020-08-09 11:10:00,0.0
2020-08-09 11:10:00,0.0
2020-08-09 11:10:00,0.0
2020-08-09 11:10:00,0.0
2020-08-09 11:10:00,0.0
2020-08-09 11:10:00,0.0
2020-08-09 11:10:00,0.0
2020-08-09 11:10:00,0.0
2020-08-09 11:10:00,0.0
2020-08-09 11:25:00,0.0
2020-08-09 11:25:00,0.0
2020-08-09 11:25:00,0.0
2020-08-09 11:25:00,0.0
2020-08-09 11:25:00,0.0
2020-08-09 11:25:00,0.0
2020-08-09 11:25:00,0.0
2020-08-09 11:25:00,0.0
2020-08-09 11:25:00,0.0
2020-08-09 11:25:00,0.0
2020-08-09 11:40:00,0.0
2020-08-09 11:40:00,0.0
2020-08-09 11:40:00,0.0
2020-08-09 11:40:00,0.0
2020-08-09 11:40:00,0.0
2020-08-09 11:40:00,0.0
2020-08-09 11:40:00,0.0
2020-08-09 11:40:00,0.0
2020-08-09 11:40:00,0.0
2020-08-09 11:40:00,0.0
2020-08-09 11:55:00,0.0
2020-08-09 11:55:00,0.0
2020-08-09 11:55:00,0.0
2020-08-09 11:55:00,0.0
2020-08-09 11:55:00,0.0
2020-08-09 11:55:00,0.0
2020-08-09 11:55:00,0.0
2020-08-09 11:55:00,0.0
2020-08-09 11:55:00,0.0
2020-08-09 11:55:00,0.0
2020-08-09 12:10:00,0.0
2020-08-09 12:10:00,0.0
2020-08-09 12:10:00,0.0
2020-08-09 12:10:00,0.0
2020-08-09 12:10:00,0.0
2020-08-09 12:10:00,0.0
2020-08-09 12:10:00,0.0
2020-08-09 12:10:00,0.0
2020-08-09 12:10:00,0.0
2020-08-09 12:10:00,0.0
2020-08-09 12:25:00,21.73
2020-08-09 12:25:00,21.73
2020-08-09 12:25:00,21.73
2020-08-09 12:25:00,21.73
2020-08-09 12:25:00,21.73
2020-08-09 12:25:00,21.73
2020-08-09 12:25:00,21.73
2020-08-09 12:25:00,21.73
2020-08-09 12:25:00,21.73
2020-08-09 12:25:00,21.73
2020-08-09 12:40:00,21.73
2020-08-09 12:40:00,21.73
2020-08-09 12:40:00,21.73
2020-08-09 12:40:00,21.73
2020-08-09 12:40:00,21.73
2020-08-09 12:40:00,21.73
2020-08-09 12:40:00,21.73
2020-08-09 12:40:00,21.73
2020-08-09 12:40:00,21.73
2020-08-09 12:40:00,21.73
2020-08-09 12:55:00,61.4
2020-08-09 12:55:00,61.4
2020-08-09 12:55:00,61.4
2020-08-09 12:55:00,61.4
2020-08-09 12:55:00,61.4
2020-08-09 12:55:00,61.4
2020-08-09 12:55:00,61.4
2020-08-09 12:55:00,61.4
2020-08-09 12:55:00,61.4
2020-08-09 12:55:00,61.4
2020-08-09 13:10:00,101.08
2020-08-09 13:10:00,101.08
2020-08-09 13:10:00,101.08
2020-08-09 13:10:00,101.08
2020-08-09 13:10:00,101.08
2020-08-09 13:10:00,101.08
2020-08-09 13:10:00,101.08
2020-08-09 13:10:00,101.08
2020-08-09 13:10:00,101.08
2020-08-09 13:10:00,101.08
2020-08-09 13:25:00,165.72
2020-08-09 13:25:00,165.72
2020-08-09 13:25:00,165.72
2020-08-09 13:25:00,165.72
2020-08-09 13:25:00,165.72
2020-08-09 13:25:00,165.72
2020-08-09 13:25:00,165.72
2020-08-09 13:25:00,165.72
2020-08-09 13:25:00,165.72
2020-08-09 13:25:00,165.72
2020-08-09 13:40:00,230.36
2020-08-09 13:40:00,230.36
2020-08-09 13:40:00,230.36
2020-08-09 13:40:00,230.36
2020-08-09 13:40:00,230.36
2020-08-09 13:40:00,230.36
2020-08-09 13:40:00,230.36
2020-08-09 13:40:00,230.36
2020-08-09 13:40:00,230.36
2020-08-09 13:40:00,230.36
2020-08-09 13:55:00,747.69
2020-08-09 13:55:00,747.69
2020-08-09 13:55:00,747.69
2020-08-09 13:55:00,747.69
2020-08-09 13:55:00,747.69
2020-08-09 13:55:00,747.69
2020-08-09 13:55:00,747.69
2020-08-09 13:55:00,747.69
2020-08-09 13:55:00,747.69
2020-08-09 13:55:00,747.69
2020-08-09 14:10:00,1265.02
2020-08-09 14:10:00,1265.02
2020-08-09 14:10:00,1265.02
2020-08-09 14:10:00,1265.02
2020-08-09 14:10:00,1265.02
2020-08-09 14:10:00,1265.02
2020-08-09 14:10:00,1265.02
2020-08-09 14:10:00,1265.02
2020-08-09 14:10:00,1265.02
2020-08-09 14:10:00,1265.02
2020-08-09 14:25:00,1189.85
2020-08-09 14:25:00,1189.85
2020-08-09 14:25:00,1189.85
2020-08-09 14:25:00,1189.85
2020-08-09 14:25:00,1189.85
2020-08-09 14:25:00,1189.85
2020-08-09 14:25:00,1189.85
2020-08-09 14:25:00,1189.85
2020-08-09 14:25:00,1189.85
2020-08-09 14:25:00,1189.85
2020-08-09 14:40:00,1114.68
2020-08-09 14:40:00,1114.68
2020-08-09 14:40:00,1114.68
2020-08-09 14:40:00,1114.68
2020-08-09 14:40:00,1114.68
2020-08-09 14:40:00,1114.68
2020-08-09 14:40:00,1114.68
2020-08-09 14:40:00,1114.68
2020-08-09 14:40:00,1114.68
2020-08-09 14:40:00,1114.68
2020-08-09 14:55:00,871.26
2020-08-09 14:55:00,871.26
2020-08-09 14:55:00,871.26
2020-08-09 14:55:00,871.26
2020-08-09 14:55:00,871.26
2020-08-09 14:55:00,871.26
2020-08-09 14:55:00,871.26
2020-08-09 14:55:00,871.26
2020-08-09 14:55:00,871.26
2020-08-09 14:55:00,871.26
2020-08-09 15:10:00,627.83
2020-08-09 15:10:00,627.83
2020-08-09 15:10:00,627.83
2020-08-09 15:10:00,627.83
2020-08-09 15:10:00,627.83
2020-08-09 15:10:00,627.83
2020-08-09 15:10:00,627.83
2020-08-09 15:10:00,627.83
2020-08-09 15:10:00,627.83
2020-08-09 15:10:00,627.83
2020-08-09 15:25:00,435.45
2020-08-09 15:25:00,435.45
2020-08-09 15:25:00,435.45
2020-08-09 15:25:00,435.45
2020-08-09 15:25:00,435.45
2020-08-09 15:25:00,435.45
2020-08-09 15:25:00,435.45
2020-08-09 15:25:00,435.45
2020-08-09 15:25:00,435.45
2020-08-09 15:25:00,435.45
2020-08-09 15:40:00,243.07
2020-08-09 15:40:00,243.07
2020-08-09 15:40:00,243.07
2020-08-09 15:40:00,243.07
2020-08-09 15:40:00,243.07
2020-08-09 15:40:00,243.07
2020-08-09 15:40:00,243.07
2020-08-09 15:40:00,243.07
2020-08-09 15:40:00,243.07
2020-08-09 15:40:00,243.07
2020-08-09 15:55:00,260.07
2020-08-09 15:55:00,260.07
2020-08-09 15:55:00,260.07
2020-08-09 15:55:00,260.07
2020-08-09 15:55:00,260.07
2020-08-09 15:55:00,260.07
2020-08-09 15:55:00,260.07
2020-08-09 15:55:00,260.07
2020-08-09 15:55:00,260.07
2020-08-09 15:55:00,260.07
2020-08-09 16:10:00,277.07
2020-08-09 16:10:00,277.07
2020-08-09 16:10:00,277.07
2020-08-09 16:10:00,277.07
2020-08-09 16:10:00,277.07
2020-08-09 16:10:00,277.07
2020-08-09 16:10:00,277.07
2020-08-09 16:10:00,277.07
2020-08-09 16:10:00,277.07
2020-08-09 16:10:00,277.07
2020-08-09 16:25:00,434.32
2020-08-09 16:25:00,434.32
2020-08-09 16:25:00,434.32
2020-08-09 16:25:00,434.32
2020-08-09 16:25:00,434.32
2020-08-09 16:25:00,434.32
2020-08-09 16:25:00,434.32
2020-08-09 16:25:00,434.32
2020-08-09 16:25:00,434.32
2020-08-09 16:25:00,434.32
2020-08-09 16:40:00,591.58
2020-08-09 16:40:00,591.58
2020-08-09 16:40:00,591.58
2020-08-09 16:40:00,591.58
2020-08-09 16:40:00,591.58
2020-08-09 16:40:00,591.58
2020-08-09 16:40:00,591.58
2020-08-09 16:40:00,591.58
2020-08-09 16:40:00,591.58
2020-08-09 16:40:00,591.58
2020-08-09 16:55:00,693.53
2020-08-09 16:55:00,693.53
2020-08-09 16:55:00,693.53
2020-08-09 16:55:00,693.53
2020-08-09 16:55:00,693.53
2020-08-09 16:55:00,693.53
2020-08-09 16:55:00,693.53
2020-08-09 16:55:00,693.53
2020-08-09 16:55:00,693.53
2020-08-09 16:55:00,693.53
2020-08-09 17:10:00,795.48
2020-08-09 17:10:00,795.48
2020-08-09 17:10:00,795.48
2020-08-09 17:10:00,795.48
2020-08-09 17:10:00,795.48
2020-08-09 17:10:00,795.48
2020-08-09 17:10:00,795.48
2020-08-09 17:10:00,795.48
2020-08-09 17:10:00,795.48
2020-08-09 17:10:00,795.48
2020-08-09 17:25:00,1039.72
2020-08-09 17:25:00,1039.72
2020-08-09 17:25:00,1039.72
2020-08-09 17:25:00,1039.72
2020-08-09 17:25:00,1039.72
2020-08-09 17:25:00,1039.72
2020-08-09 17:25:00,1039.72
2020-08-09 17:25:00,1039.72
2020-08-09 17:25:00,1039.72
2020-08-09 17:25:00,1039.72
2020-08-09 17:40:00,1283.96
2020-08-09 17:40:00,1283.96
2020-08-09 17:40:00,1283.96
2020-08-09 17:40:00,1283.96
2020-08-09 17:40:00,1283.96
2020-08-09 17:40:00,1283.96
2020-08-09 17:40:00,1283.96
2020-08-09 17:40:00,1283.96
2020-08-09 17:40:00,1283.96
2020-08-09 17:40:00,1283.96
2020-08-09 17:55:00,1401.78
2020-08-09 17:55:00,1401.78
2020-08-09 17:55:00,1401.78
2020-08-09 17:55:00,1401.78
2020-08-09 17:55:00,1401.78
2020-08-09 17:55:00,1401.78
2020-08-09 17:55:00,1401.78
2020-08-09 17:55:00,1401.78
2020-08-09 17:55:00,1401.78
2020-08-09 17:55:00,1401.78
2020-08-09 18:10:00,1519.61
2020-08-09 18:10:00,1519.61
2020-08-09 18:10:00,1519.61
2020-08-09 18:10:00,1519.61
2020-08-09 18:10:00,1519.61
2020-08-09 18:10:00,1519.61
2020-08-09 18:10:00,1519.61
2020-08-09 18:10:00,1519.61
2020-08-09 18:10:00,1519.61
2020-08-09 18:10:00,1519.61
2020-08-09 18:25:00,1518.79
2020-08-09 18:25:00,1518.79
2020-08-09 18:25:00,1518.79
2020-08-09 18:25:00,1518.79
2020-08-09 18:25:00,1518.79
2020-08-09 18:25:00,1518.79
2020-08-09 18:25:00,1518.79
2020-08-09 18:25:00,1518.79
2020-08-09 18:25:00,1518.79
2020-08-09 18:25:00,1518.79
2020-08-09 18:40:00,1517.97
2020-08-09 18:40:00,1517.97
2020-08-09 18:40:00,1517.97
2020-08-09 18:40:00,1517.97
2020-08-09 18:40:00,1517.97
2020-08-09 18:40:00,1517.97
2020-08-09 18:40:00,1517.97
2020-08-09 18:40:00,1517.97
2020-08-09 18:40:00,1517.97
2020-08-09 18:40:00,1517.97
2020-08-09 18:55:00,1454.04
2020-08-09 18:55:00,1454.04
2020-08-09 18:55:00,1454.04
2020-08-09 18:55:00,1454.04
2020-08-09 18:55:00,1454.04
2020-08-09 18:55:00,1454.04
2020-08-09 18:55:00,1454.04
2020-08-09 18:55:00,1454.04
2020-08-09 18:55:00,1454.04
2020-08-09 18:55:00,1454.04
2020-08-09 19:10:00,1390.1
2020-08-09 19:10:00,1390.1
2020-08-09 19:10:00,1390.1
2020-08-09 19:10:00,1390.1
2020-08-09 19:10:00,1390.1
2020-08-09 19:10:00,1390.1
2020-08-09 19:10:00,1390.1
2020-08-09 19:10:00,1390.1
2020-08-09 19:10:00,1390.1
2020-08-09 19:10:00,1390.1
2020-08-09 19:25:00,1306.42
2020-08-09 19:25:00,1306.42
2020-08-09 19:25:00,1306.42
2020-08-09 19:25:00,1306.42
2020-08-09 19:25:00,1306.42
2020-08-09 19:25:00,1306.42
2020-08-09 19:25:00,1306.42
2020-08-09 19:25:00,1306.42
2020-08-09 19:25:00,1306.42
2020-08-09 19:25:00,1306.42
2020-08-09 19:40:00,1222.73
2020-08-09 19:40:00,1222.73
2020-08-09 19:40:00,1222.73
2020-08-09 19:40:00,1222.73
2020-08-09 19:40:00,1222.73
2020-08-09 19:40:00,1222.73
2020-08-09 19:40:00,1222.73
2020-08-09 19:40:00,1222.73
2020-08-09 19:40:00,1222.73
2020-08-09 19:40:00,1222.73
2020-08-09 19:55:00,1285.93
2020-08-09 19:55:00,1285.93
2020-08-09 19:55:00,1285.93
2020-08-09 19:55:00,1285.93
2020-08-09 19:55:00,1285.93
2020-08-09 19:55:00,1285.93
2020-08-09 19:55:00,1285.93
2020-08-09 19:55:00,1285.93
2020-08-09 19:55:00,1285.93
2020-08-09 19:55:00,1285.93
2020-08-09 20:10:00,1349.12
2020-08-09 20:10:00,1349.12
2020-08-09 20:10:00,1349.12
2020-08-09 20:10:00,1349.12
2020-08-09 20:10:00,1349.12
2020-08-09 20:10:00,1349.12
2020-08-09 20:10:00,1349.12
2020-08-09 20:10:00,1349.12
2020-08-09 20:10:00,1349.12
2020-08-09 20:10:00,1349.12
2020-08-09 20:25:00,1256.58
2020-08-09 20:25:00,1256.58
2020-08-09 20:25:00,1256.58
2020-08-09 20:25:00,1256.58
2020-08-09 20:25:00,1256.58
2020-08-09 20:25:00,1256.58
2020-08-09 20:25:00,1256.58
2020-08-09 20:25:00,1256.58
2020-08-09 20:25:00,1256.58
2020-08-09 20:25:00,1256.58
2020-08-09 20:40:00,1164.05
2020-08-09 20:40:00,1164.05
2020-08-09 20:40:00,1164.05
2020-08-09 20:40:00,1164.05
2020-08-09 20:40:00,1164.05
2020-08-09 20:40:00,1164.05
2020-08-09 20:40:00,1164.05
2020-08-09 20:40:00,1164.05
2020-08-09 20:40:00,1164.05
2020-08-09 20:40:00,1164.05
2020-08-09 20:55:00,1242.94
2020-08-09 20:55:00,1242.94
2020-08-09 20:55:00,1242.94
2020-08-09 20:55:00,1242.94
2020-08-09 20:55:00,1242.94
2020-08-09 20:55:00,1242.94
2020-08-09 20:55:00,1242.94
2020-08-09 20:55:00,1242.94
2020-08-09 20:55:00,1242.94
2020-08-09 20:55:00,1242.94
2020-08-09 21:10:00,1321.83
2020-08-09 21:10:00,1321.83
2020-08-09 21:10:00,1321.83
2020-08-09 21:10:00,1321.83
2020-08-09 21:10:00,1321.83
2020-08-09 21:10:00,1321.83
2020-08-09 21:10:00,1321.83
2020-08-09 21:10:00,1321.83
2020-08-09 21:10:00,1321.83
2020-08-09 21:10:00,1321.83
2020-08-09 21:25:00,1347.23
2020-08-09 21:25:00,1347.23
2020-08-09 21:25:00,1347.23
2020-08-09 21:25:00,1347.23
2020-08-09 21:25:00,1347.23
2020-08-09 21:25:00,1347.23
2020-08-09 21:25:00,1347.23
2020-08-09 21:25:00,1347.23
2020-08-09 21:25:00,1347.23
2020-08-09 21:25:00,1347.23
2020-08-09 21:40:00,1372.63
2020-08-09 21:40:00,1372.63
2020-08-09 21:40:00,1372.63
2020-08-09 21:40:00,1372.63
2020-08-09 21:40:00,1372.63
2020-08-09 21:40:00,1372.63
2020-08-09 21:40:00,1372.63
2020-08-09 21:40:00,1372.63
2020-08-09 21:40:00,1372.63
2020-08-09 21:40:00,1372.63
2020-08-09 21:55:00,1402.44
2020-08-09 21:55:00,1402.44
2020-08-09 21:55:00,1402.44
2020-08-09 21:55:00,1402.44
2020-08-09 21:55:00,1402.44
2020-08-09 21:55:00,1402.44
2020-08-09 21:55:00,1402.44
2020-08-09 21:55:00,1402.44
2020-08-09 21:55:00,1402.44
2020-08-09 21:55:00,1402.44
2020-08-09 22:10:00,1432.25
2020-08-09 22:10:00,1432.25
2020-08-09 22:10:00,1432.25
2020-08-09 22:10:00,1432.25
2020-08-09 22:10:00,1432.25
2020-08-09 22:10:00,1432.25
2020-08-09 22:10:00,1432.25
2020-08-09 22:10:00,1432.25
2020-08-09 22:10:00,1432.25
2020-08-09 22:10:00,1432.25
2020-08-09 22:25:00,1457.22
2020-08-09 22:25:00,1457.22
2020-08-09 22:25:00,1457.22
2020-08-09 22:25:00,1457.22
2020-08-09 22:25:00,1457.22
2020-08-09 22:25:00,1457.22
2020-08-09 22:25:00,1457.22
2020-08-09 22:25:00,1457.22
2020-08-09 22:25:00,1457.22
2020-08-09 22:25:00,1457.22
2020-08-09 22:40:00,1482.18
2020-08-09 22:40:00,1482.18
2020-08-09 22:40:00,1482.18
2020-08-09 22:40:00,1482.18
2020-08-09 22:40:00,1482.18
2020-08-09 22:40:00,1482.18
2020-08-09 22:40:00,1482.18
2020-08-09 22:40:00,1482.18
2020-08-09 22:40:00,1482.18
2020-08-09 22:40:00,1482.18
2020-08-09 22:55:00,1501.02
2020-08-09 22:55:00,1501.02
2020-08-09 22:55:00,1501.02
2020-08-09 22:55:00,1501.02
2020-08-09 22:55:00,1501.02
2020-08-09 22:55:00,1501.02
2020-08-09 22:55:00,1501.02
2020-08-09 22:55:00,1501.02
2020-08-09 22:55:00,1501.02
2020-08-09 22:55:00,1501.02
2020-08-09 23:10:00,1519.87
2020-08-09 23:10:00,1519.87
2020-08-09 23:10:00,1519.87
2020-08-09 23:10:00,1519.87
2020-08-09 23:10:00,1519.87
2020-08-09 23:10:00,1519.87
2020-08-09 23:10:00,1519.87
2020-08-09 23:10:00,1519.87
2020-08-09 23:10:00,1519.87
2020-08-09 23:10:00,1519.87
2020-08-09 23:25:00,1487.64
2020-08-09 23:25:00,1487.64
2020-08-09 23:25:00,1487.64
2020-08-09 23:25:00,1487.64
2020-08-09 23:25:00,1487.64
2020-08-09 23:25:00,1487.64
2020-08-09 23:25:00,1487.64
2020-08-09 23:25:00,1487.64
2020-08-09 23:25:00,1487.64
2020-08-09 23:25:00,1487.64
2020-08-09 23:40:00,1455.41
2020-08-09 23:40:00,1455.41
2020-08-09 23:40:00,1455.41
2020-08-09 23:40:00,1455.41
2020-08-09 23:40:00,1455.41
2020-08-09 23:40:00,1455.41
2020-08-09 23:40:00,1455.41
2020-08-09 23:40:00,1455.41
2020-08-09 23:40:00,1455.41
2020-08-09 23:40:00,1455.41
2020-08-09 23:55:00,1382.64
2020-08-09 23:55:00,1382.64
2020-08-09 23:55:00,1382.64
2020-08-09 23:55:00,1382.64
2020-08-09 23:55:00,1382.64
2020-08-09 23:55:00,1382.64
2020-08-09 23:55:00,1382.64
2020-08-09 23:55:00,1382.64
2020-08-09 23:55:00,1382.64
2020-08-09 23:55:00,1382.64
2020-08-10 00:10:00,1309.88
2020-08-10 00:10:00,1309.88
2020-08-10 00:10:00,1309.88
2020-08-10 00:10:00,1309.88
2020-08-10 00:10:00,1309.88
2020-08-10 00:10:00,1309.88
2020-08-10 00:10:00,1309.88
2020-08-10 00:10:00,1309.88
2020-08-10 00:10:00,1309.88
2020-08-10 00:10:00,1309.88
2020-08-10 00:25:00,1127.22
2020-08-10 00:25:00,1127.22
2020-08-10 00:25:00,1127.22
2020-08-10 00:25:00,1127.22
2020-08-10 00:25:00,1127.22
2020-08-10 00:25:00,1127.22
2020-08-10 00:25:00,1127.22
2020-08-10 00:25:00,1127.22
2020-08-10 00:25:00,1127.22
2020-08-10 00:25:00,1127.22
2020-08-10 00:40:00,944.56
2020-08-10 00:40:00,944.56
2020-08-10 00:40:00,944.56
2020-08-10 00:40:00,944.56
2020-08-10 00:40:00,944.56
2020-08-10 00:40:00,944.56
2020-08-10 00:40:00,944.56
2020-08-10 00:40:00,944.56
2020-08-10 00:40:00,944.56
2020-08-10 00:40:00,944.56
2020-08-10 00:55:00,902.8
2020-08-10 00:55:00,902.8
2020-08-10 00:55:00,902.8
2020-08-10 00:55:00,902.8
2020-08-10 00:55:00,902.8
2020-08-10 00:55:00,902.8
2020-08-10 00:55:00,902.8
2020-08-10 00:55:00,902.8
2020-08-10 00:55:00,902.8
2020-08-10 00:55:00,902.8
2020-08-10 01:10:00,861.05
2020-08-10 01:10:00,861.05
2020-08-10 01:10:00,861.05
2020-08-10 01:10:00,861.05
2020-08-10 01:10:00,861.05
2020-08-10 01:10:00,861.05
2020-08-10 01:10:00,861.05
2020-08-10 01:10:00,861.05
2020-08-10 01:10:00,861.05
2020-08-10 01:10:00,861.05
2020-08-10 01:25:00,907.6
2020-08-10 01:25:00,907.6
2020-08-10 01:25:00,907.6
2020-08-10 01:25:00,907.6
2020-08-10 01:25:00,907.6
2020-08-10 01:25:00,907.6
2020-08-10 01:25:00,907.6
2020-08-10 01:25:00,907.6
2020-08-10 01:25:00,907.6
2020-08-10 01:25:00,907.6
2020-08-10 01:40:00,954.14
2020-08-10 01:40:00,954.14
2020-08-10 01:40:00,954.14
2020-08-10 01:40:00,954.14
2020-08-10 01:40:00,954.14
2020-08-10 01:40:00,954.14
2020-08-10 01:40:00,954.14
2020-08-10 01:40:00,954.14
2020-08-10 01:40:00,954.14
2020-08-10 01:40:00,954.14
2020-08-10 01:55:00,869.28
2020-08-10 01:55:00,869.28
2020-08-10 01:55:00,869.28
2020-08-10 01:55:00,869.28
2020-08-10 01:55:00,869.28
2020-08-10 01:55:00,869.28
2020-08-10 01:55:00,869.28
2020-08-10 01:55:00,869.28
2020-08-10 01:55:00,869.28
2020-08-10 01:55:00,869.28
2020-08-10 02:10:00,784.41
2020-08-10 02:10:00,784.41
2020-08-10 02:10:00,784.41
2020-08-10 02:10:00,784.41
2020-08-10 02:10:00,784.41
2020-08-10 02:10:00,784.41
2020-08-10 02:10:00,784.41
2020-08-10 02:10:00,784.41
2020-08-10 02:10:00,784.41
2020-08-10 02:10:00,784.41
2020-08-10 02:25:00,694.64
2020-08-10 02:25:00,694.64
2020-08-10 02:25:00,694.64
2020-08-10 02:25:00,694.64
2020-08-10 02:25:00,694.64
2020-08-10 02:25:00,694.64
2020-08-10 02:25:00,694.64
2020-08-10 02:25:00,694.64
2020-08-10 02:25:00,694.64
2020-08-10 02:25:00,694.64
2020-08-10 02:40:00,604.87
2020-08-10 02:40:00,604.87
2020-08-10 02:40:00,604.87
2020-08-10 02:40:00,604.87
2020-08-10 02:40:00,604.87
2020-08-10 02:40:00,604.87
2020-08-10 02:40:00,604.87
2020-08-10 02:40:00,604.87
2020-08-10 02:40:00,604.87
2020-08-10 02:40:00,604.87
2020-08-10 02:55:00,604.87
2020-08-10 02:55:00,604.87
2020-08-10 02:55:00,604.87
2020-08-10 02:55:00,604.87
2020-08-10 02:55:00,604.87
2020-08-10 02:55:00,604.87
2020-08-10 02:55:00,604.87
2020-08-10 02:55:00,604.87
2020-08-10 02:55:00,604.87
2020-08-10 02:55:00,604.87
2020-08-10 03:10:00,0.0
2020-08-10 03:10:00,0.0
2020-08-10 03:10:00,0.0
2020-08-10 03:10:00,0.0
2020-08-10 03:10:00,0.0
2020-08-10 03:10:00,0.0
2020-08-10 03:10:00,0.0
2020-08-10 03:10:00,0.0
2020-08-10 03:10:00,0.0
2020-08-10 03:10:00,0.0
2020-08-10 03:25:00,1078.45
2020-08-10 03:25:00,1078.45
2020-08-10 03:25:00,1078.45
2020-08-10 03:25:00,1078.45
2020-08-10 03:25:00,1078.45
2020-08-10 03:25:00,1078.45
2020-08-10 03:25:00,1078.45
2020-08-10 03:25:00,1078.45
2020-08-10 03:25:00,1078.45
2020-08-10 03:25:00,1078.45
2020-08-10 03:40:00,1078.45
2020-08-10 03:40:00,1078.45
2020-08-10 03:40:00,1078.45
2020-08-10 03:40:00,1078.45
2020-08-10 03:40:00,1078.45
2020-08-10 03:40:00,1078.45
2020-08-10 03:40:00,1078.45
2020-08-10 03:40:00,1078.45
2020-08-10 03:40:00,1078.45
2020-08-10 03:40:00,1078.45
2020-08-10 03:55:00,1095.66
2020-08-10 03:55:00,1095.66
2020-08-10 03:55:00,1095.66
2020-08-10 03:55:00,1095.66
2020-08-10 03:55:00,1095.66
2020-08-10 03:55:00,1095.66
2020-08-10 03:55:00,1095.66
2020-08-10 03:55:00,1095.66
2020-08-10 03:55:00,1095.66
2020-08-10 03:55:00,1095.66
2020-08-10 04:10:00,1112.87
2020-08-10 04:10:00,1112.87
2020-08-10 04:10:00,1112.87
2020-08-10 04:10:00,1112.87
2020-08-10 04:10:00,1112.87
2020-08-10 04:10:00,1112.87
2020-08-10 04:10:00,1112.87
2020-08-10 04:10:00,1112.87
2020-08-10 04:10:00,1112.87
2020-08-10 04:10:00,1112.87
2020-08-10 04:25:00,1012.32
2020-08-10 04:25:00,1012.32
2020-08-10 04:25:00,1012.32
2020-08-10 04:25:00,1012.32
2020-08-10 04:25:00,1012.32
2020-08-10 04:25:00,1012.32
2020-08-10 04:25:00,1012.32
2020-08-10 04:25:00,1012.32
2020-08-10 04:25:00,1012.32
2020-08-10 04:25:00,1012.32
2020-08-10 04:40:00,911.76
2020-08-10 04:40:00,911.76
2020-08-10 04:40:00,911.76
2020-08-10 04:40:00,911.76
2020-08-10 04:40:00,911.76
2020-08-10 04:40:00,911.76
2020-08-10 04:40:00,911.76
2020-08-10 04:40:00,911.76
2020-08-10 04:40:00,911.76
2020-08-10 04:40:00,911.76
2020-08-10 04:55:00,900.22
2020-08-10 04:55:00,900.22
2020-08-10 04:55:00,900.22
2020-08-10 04:55:00,900.22
2020-08-10 04:55:00,900.22
2020-08-10 04:55:00,900.22
2020-08-10 04:55:00,900.22
2020-08-10 04:55:00,900.22
2020-08-10 04:55:00,900.22
2020-08-10 04:55:00,900.22
2020-08-10 05:10:00,888.69
2020-08-10 05:10:00,888.69
2020-08-10 05:10:00,888.69
2020-08-10 05:10:00,888.69
2020-08-10 05:10:00,888.69
2020-08-10 05:10:00,888.69
2020-08-10 05:10:00,888.69
2020-08-10 05:10:00,888.69
2020-08-10 05:10:00,888.69
2020-08-10 05:10:00,888.69
2020-08-10 05:25:00,830.18
2020-08-10 05:25:00,830.18
2020-08-10 05:25:00,830.18
2020-08-10 05:25:00,830.18
2020-08-10 05:25:00,830.18
2020-08-10 05:25:00,830.18
2020-08-10 05:25:00,830.18
2020-08-10 05:25:00,830.18
2020-08-10 05:25:00,830.18
2020-08-10 05:25:00,830.18
2020-08-10 05:40:00,771.66
2020-08-10 05:40:00,771.66
2020-08-10 05:40:00,771.66
2020-08-10 05:40:00,771.66
2020-08-10 05:40:00,771.66
2020-08-10 05:40:00,771.66
2020-08-10 05:40:00,771.66
2020-08-10 05:40:00,771.66
2020-08-10 05:40:00,771.66
2020-08-10 05:40:00,771.66
2020-08-10 05:55:00,599.71
2020-08-10 05:55:00,599.71
2020-08-10 05:55:00,599.71
2020-08-10 05:55:00,599.71
2020-08-10 05:55:00,599.71
2020-08-10 05:55:00,599.71
2020-08-10 05:55:00,599.71
2020-08-10 05:55:00,599.71
2020-08-10 05:55:00,599.71
2020-08-10 05:55:00,599.71
2020-08-10 06:10:00,427.76
2020-08-10 06:10:00,427.76
2020-08-10 06:10:00,427.76
2020-08-10 06:10:00,427.76
2020-08-10 06:10:00,427.76
2020-08-10 06:10:00,427.76
2020-08-10 06:10:00,427.76
2020-08-10 06:10:00,427.76
2020-08-10 06:10:00,427.76
2020-08-10 06:10:00,427.76
2020-08-10 06:25:00,401.42
2020-08-10 06:25:00,401.42
2020-08-10 06:25:00,401.42
2020-08-10 06:25:00,401.42
2020-08-10 06:25:00,401.42
2020-08-10 06:25:00,401.42
2020-08-10 06:25:00,401.42
2020-08-10 06:25:00,401.42
2020-08-10 06:25:00,401.42
2020-08-10 06:25:00,401.42
2020-08-10 06:40:00,375.08
2020-08-10 06:40:00,375.08
2020-08-10 06:40:00,375.08
2020-08-10 06:40:00,375.08
2020-08-10 06:40:00,375.08
2020-08-10 06:40:00,375.08
2020-08-10 06:40:00,375.08
2020-08-10 06:40:00,375.08
2020-08-10 06:40:00,375.08
2020-08-10 06:40:00,375.08
2020-08-10 06:55:00,424.99
2020-08-10 06:55:00,424.99
2020-08-10 06:55:00,424.99
2020-08-10 06:55:00,424.99
2020-08-10 06:55:00,424.99
2020-08-10 06:55:00,424.99
2020-08-10 06:55:00,424.99
2020-08-10 06:55:00,424.99
2020-08-10 06:55:00,424.99
2020-08-10 06:55:00,424.99
2020-08-10 07:10:00,474.9
2020-08-10 07:10:00,474.9
2020-08-10 07:10:00,474.9
2020-08-10 07:10:00,474.9
2020-08-10 07:10:00,474.9
2020-08-10 07:10:00,474.9
2020-08-10 07:10:00,474.9
2020-08-10 07:10:00,474.9
2020-08-10 07:10:00,474.9
2020-08-10 07:10:00,474.9
2020-08-10 07:25:00,556.14
2020-08-10 07:25:00,556.14
2020-08-10 07:25:00,556.14
2020-08-10 07:25:00,556.14
2020-08-10 07:25:00,556.14
2020-08-10 07:25:00,556.14
2020-08-10 07:25:00,556.14
2020-08-10 07:25:00,556.14
2020-08-10 07:25:00,556.14
2020-08-10 07:25:00,556.14
2020-08-10 07:40:00,637.39
2020-08-10 07:40:00,637.39
2020-08-10 07:40:00,637.39
2020-08-10 07:40:00,637.39
2020-08-10 07:40:00,637.39
2020-08-10 07:40:00,637.39
2020-08-10 07:40:00,637.39
2020-08-10 07:40:00,637.39
2020-08-10 07:40:00,637.39
2020-08-10 07:40:00,637.39
2020-08-10 07:55:00,626.37
2020-08-10 07:55:00,626.37
2020-08-10 07:55:00,626.37
2020-08-10 07:55:00,626.37
2020-08-10 07:55:00,626.37
2020-08-10 07:55:00,626.37
2020-08-10 07:55:00,626.37
2020-08-10 07:55:00,626.37
2020-08-10 07:55:00,626.37
2020-08-10 07:55:00,626.37
2020-08-10 08:10:00,615.35
2020-08-10 08:10:00,615.35
2020-08-10 08:10:00,615.35
2020-08-10 08:10:00,615.35
2020-08-10 08:10:00,615.35
2020-08-10 08:10:00,615.35
2020-08-10 08:10:00,615.35
2020-08-10 08:10:00,615.35
2020-08-10 08:10:00,615.35
2020-08-10 08:10:00,615.35
2020-08-10 08:25:00,456.58
2020-08-10 08:25:00,456.58
2020-08-10 08:25:00,456.58
2020-08-10 08:25:00,456.58
2020-08-10 08:25:00,456.58
2020-08-10 08:25:00,456.58
2020-08-10 08:25:00,456.58
2020-08-10 08:25:00,456.58
2020-08-10 08:25:00,456.58
2020-08-10 08:25:00,456.58
2020-08-10 08:40:00,297.8
2020-08-10 08:40:00,297.8
2020-08-10 08:40:00,297.8
2020-08-10 08:40:00,297.8
2020-08-10 08:40:00,297.8
2020-08-10 08:40:00,297.8
2020-08-10 08:40:00,297.8
2020-08-10 08:40:00,297.8
2020-08-10 08:40:00,297.8
2020-08-10 08:40:00,297.8
2020-08-10 08:55:00,148.75
2020-08-10 08:55:00,148.75
2020-08-10 08:55:00,148.75
2020-08-10 08:55:00,148.75
2020-08-10 08:55:00,148.75
2020-08-10 08:55:00,148.75
2020-08-10 08:55:00,148.75
2020-08-10 08:55:00,148.75
2020-08-10 08:55:00,148.75
2020-08-10 08:55:00,148.75
2020-08-10 09:10:00,0.0
2020-08-10 09:10:00,0.0
2020-08-10 09:10:00,0.0
2020-08-10 09:10:00,0.0
2020-08-10 09:10:00,0.0
2020-08-10 09:10:00,0.0
2020-08-10 09:10:00,0.0
2020-08-10 09:10:00,0.0
2020-08-10 09:10:00,0.0
2020-08-10 09:10:00,0.0
2020-08-10 09:25:00,53.34
2020-08-10 09:25:00,53.34
2020-08-10 09:25:00,53.34
2020-08-10 09:25:00,53.34
2020-08-10 09:25:00,53.34
2020-08-10 09:25:00,53.34
2020-08-10 09:25:00,53.34
2020-08-10 09:25:00,53.34
2020-08-10 09:25:00,53.34
2020-08-10 09:25:00,53.34
2020-08-10 09:40:00,106.99
2020-08-10 09:40:00,106.99
2020-08-10 09:40:00,106.99
2020-08-10 09:40:00,106.99
2020-08-10 09:40:00,106.99
2020-08-10 09:40:00,106.99
2020-08-10 09:40:00,106.99
2020-08-10 09:40:00,106.99
2020-08-10 09:40:00,106.99
2020-08-10 09:40:00,106.99
2020-08-10 09:55:00,69.14
2020-08-10 09:55:00,69.14
2020-08-10 09:55:00,69.14
2020-08-10 09:55:00,69.14
2020-08-10 09:55:00,69.14
2020-08-10 09:55:00,69.14
2020-08-10 09:55:00,69.14
2020-08-10 09:55:00,69.14
2020-08-10 09:55:00,69.14
2020-08-10 09:55:00,69.14
2020-08-10 10:10:00,31.29
2020-08-10 10:10:00,31.29
2020-08-10 10:10:00,31.29
2020-08-10 10:10:00,31.29
2020-08-10 10:10:00,31.29
2020-08-10 10:10:00,31.29
2020-08-10 10:10:00,31.29
2020-08-10 10:10:00,31.29
2020-08-10 10:10:00,31.29
2020-08-10 10:10:00,31.29
2020-08-10 10:25:00,15.5
2020-08-10 10:25:00,15.5
2020-08-10 10:25:00,15.5
2020-08-10 10:25:00,15.5
2020-08-10 10:25:00,15.5
2020-08-10 10:25:00,15.5
2020-08-10 10:25:00,15.5
2020-08-10 10:25:00,15.5
2020-08-10 10:25:00,15.5
2020-08-10 10:25:00,15.5
2020-08-10 10:40:00,0.0
2020-08-10 10:40:00,0.0
2020-08-10 10:40:00,0.0
2020-08-10 10:40:00,0.0
2020-08-10 10:40:00,0.0
2020-08-10 10:40:00,0.0
2020-08-10 10:40:00,0.0
2020-08-10 10:40:00,0.0
2020-08-10 10:40:00,0.0
2020-08-10 10:40:00,0.0
2020-08-10 10:55:00,0.0
2020-08-10 10:55:00,0.0
2020-08-10 10:55:00,0.0
2020-08-10 10:55:00,0.0
2020-08-10 10:55:00,0.0
2020-08-10 10:55:00,0.0
2020-08-10 10:55:00,0.0
2020-08-10 10:55:00,0.0
2020-08-10 10:55:00,0.0
2020-08-10 10:55:00,0.0
2020-08-10 11:10:00,0.0
2020-08-10 11:10:00,0.0
2020-08-10 11:10:00,0.0
2020-08-10 11:10:00,0.0
2020-08-10 11:10:00,0.0
2020-08-10 11:10:00,0.0
2020-08-10 11:10:00,0.0
2020-08-10 11:10:00,0.0
2020-08-10 11:10:00,0.0
2020-08-10 11:10:00,0.0
2020-08-10 11:25:00,349.54
2020-08-10 11:25:00,349.54
2020-08-10 11:25:00,349.54
2020-08-10 11:25:00,349.54
2020-08-10 11:25:00,349.54
2020-08-10 11:25:00,349.54
2020-08-10 11:25:00,349.54
2020-08-10 11:25:00,349.54
2020-08-10 11:25:00,349.54
2020-08-10 11:25:00,349.54
2020-08-10 11:40:00,349.54
2020-08-10 11:40:00,349.54
2020-08-10 11:40:00,349.54
2020-08-10 11:40:00,349.54
2020-08-10 11:40:00,349.54
2020-08-10 11:40:00,349.54
2020-08-10 11:40:00,349.54
2020-08-10 11:40:00,349.54
2020-08-10 11:40:00,349.54
2020-08-10 11:40:00,349.54
2020-08-10 11:55:00,468.34
2020-08-10 11:55:00,468.34
2020-08-10 11:55:00,468.34
2020-08-10 11:55:00,468.34
2020-08-10 11:55:00,468.34
2020-08-10 11:55:00,468.34
2020-08-10 11:55:00,468.34
2020-08-10 11:55:00,468.34
2020-08-10 11:55:00,468.34
2020-08-10 11:55:00,468.34
2020-08-10 12:10:00,587.14
2020-08-10 12:10:00,587.14
2020-08-10 12:10:00,587.14
2020-08-10 12:10:00,587.14
2020-08-10 12:10:00,587.14
2020-08-10 12:10:00,587.14
2020-08-10 12:10:00,587.14
2020-08-10 12:10:00,587.14
2020-08-10 12:10:00,587.14
2020-08-10 12:10:00,587.14
2020-08-10 12:25:00,568.43
2020-08-10 12:25:00,568.43
2020-08-10 12:25:00,568.43
2020-08-10 12:25:00,568.43
2020-08-10 12:25:00,568.43
2020-08-10 12:25:00,568.43
2020-08-10 12:25:00,568.43
2020-08-10 12:25:00,568.43
2020-08-10 12:25:00,568.43
2020-08-10 12:25:00,568.43
2020-08-10 12:40:00,549.72
2020-08-10 12:40:00,549.72
2020-08-10 12:40:00,549.72
2020-08-10 12:40:00,549.72
2020-08-10 12:40:00,549.72
2020-08-10 12:40:00,549.72
2020-08-10 12:40:00,549.72
2020-08-10 12:40:00,549.72
2020-08-10 12:40:00,549.72
2020-08-10 12:40:00,549.72
2020-08-10 12:55:00,672.64
2020-08-10 12:55:00,672.64
2020-08-10 12:55:00,672.64
2020-08-10 12:55:00,672.64
2020-08-10 12:55:00,672.64
2020-08-10 12:55:00,672.64
2020-08-10 12:55:00,672.64
2020-08-10 12:55:00,672.64
2020-08-10 12:55:00,672.64
2020-08-10 12:55:00,672.64
2020-08-10 13:10:00,795.56
2020-08-10 13:10:00,795.56
2020-08-10 13:10:00,795.56
2020-08-10 13:10:00,795.56
2020-08-10 13:10:00,795.56
2020-08-10 13:10:00,795.56
2020-08-10 13:10:00,795.56
2020-08-10 13:10:00,795.56
2020-08-10 13:10:00,795.56
2020-08-10 13:10:00,795.56
2020-08-10 13:25:00,1134.31
2020-08-10 13:25:00,1134.31
2020-08-10 13:25:00,1134.31
2020-08-10 13:25:00,1134.31
2020-08-10 13:25:00,1134.31
2020-08-10 13:25:00,1134.31
2020-08-10 13:25:00,1134.31
2020-08-10 13:25:00,1134.31
2020-08-10 13:25:00,1134.31
2020-08-10 13:25:00,1134.31
2020-08-10 13:40:00,1473.05
2020-08-10 13:40:00,1473.05
2020-08-10 13:40:00,1473.05
2020-08-10 13:40:00,1473.05
2020-08-10 13:40:00,1473.05
2020-08-10 13:40:00,1473.05
2020-08-10 13:40:00,1473.05
2020-08-10 13:40:00,1473.05
2020-08-10 13:40:00,1473.05
2020-08-10 13:40:00,1473.05
2020-08-10 13:55:00,1443.26
2020-08-10 13:55:00,1443.26
2020-08-10 13:55:00,1443.26
2020-08-10 13:55:00,1443.26
2020-08-10 13:55:00,1443.26
2020-08-10 13:55:00,1443.26
2020-08-10 13:55:00,1443.26
2020-08-10 13:55:00,1443.26
2020-08-10 13:55:00,1443.26
2020-08-10 13:55:00,1443.26
2020-08-10 14:10:00,1413.48
2020-08-10 14:10:00,1413.48
2020-08-10 14:10:00,1413.48
2020-08-10 14:10:00,1413.48
2020-08-10 14:10:00,1413.48
2020-08-10 14:10:00,1413.48
2020-08-10 14:10:00,1413.48
2020-08-10 14:10:00,1413.48
2020-08-10 14:10:00,1413.48
2020-08-10 14:10:00,1413.48
2020-08-10 14:25:00,1364.66
2020-08-10 14:25:00,1364.66
2020-08-10 14:25:00,1364.66
2020-08-10 14:25:00,1364.66
2020-08-10 14:25:00,1364.66
2020-08-10 14:25:00,1364.66
2020-08-10 14:25:00,1364.66
2020-08-10 14:25:00,1364.66
2020-08-10 14:25:00,1364.66
2020-08-10 14:25:00,1364.66
2020-08-10 14:40:00,1315.85
2020-08-10 14:40:00,1315.85
2020-08-10 14:40:00,1315.85
2020-08-10 14:40:00,1315.85
2020-08-10 14:40:00,1315.85
2020-08-10 14:40:00,1315.85
2020-08-10 14:40:00,1315.85
2020-08-10 14:40:00,1315.85
2020-08-10 14:40:00,1315.85
2020-08-10 14:40:00,1315.85
2020-08-10 14:55:00,1341.22
2020-08-10 14:55:00,1341.22
2020-08-10 14:55:00,1341.22
2020-08-10 14:55:00,1341.22
2020-08-10 14:55:00,1341.22
2020-08-10 14:55:00,1341.22
2020-08-10 14:55:00,1341.22
2020-08-10 14:55:00,1341.22
2020-08-10 14:55:00,1341.22
2020-08-10 14:55:00,1341.22
2020-08-10 15:10:00,1366.59
2020-08-10 15:10:00,1366.59
2020-08-10 15:10:00,1366.59
2020-08-10 15:10:00,1366.59
2020-08-10 15:10:00,1366.59
2020-08-10 15:10:00,1366.59
2020-08-10 15:10:00,1366.59
2020-08-10 15:10:00,1366.59
2020-08-10 15:10:00,1366.59
2020-08-10 15:10:00,1366.59
2020-08-10 15:25:00,1361.52
2020-08-10 15:25:00,1361.52
2020-08-10 15:25:00,1361.52
2020-08-10 15:25:00,1361.52
2020-08-10 15:25:00,1361.52
2020-08-10 15:25:00,1361.52
2020-08-10 15:25:00,1361.52
2020-08-10 15:25:00,1361.52
2020-08-10 15:25:00,1361.52
2020-08-10 15:25:00,1361.52
2020-08-10 15:40:00,1356.45
2020-08-10 15:40:00,1356.45
2020-08-10 15:40:00,1356.45
2020-08-10 15:40:00,1356.45
2020-08-10 15:40:00,1356.45
2020-08-10 15:40:00,1356.45
2020-08-10 15:40:00,1356.45
2020-08-10 15:40:00,1356.45
2020-08-10 15:40:00,1356.45
2020-08-10 15:40:00,1356.45
2020-08-10 15:55:00,1180.05
2020-08-10 15:55:00,1180.05
2020-08-10 15:55:00,1180.05
2020-08-10 15:55:00,1180.05
2020-08-10 15:55:00,1180.05
2020-08-10 15:55:00,1180.05
2020-08-10 15:55:00,1180.05
2020-08-10 15:55:00,1180.05
2020-08-10 15:55:00,1180.05
2020-08-10 15:55:00,1180.05
2020-08-10 16:10:00,1003.64
2020-08-10 16:10:00,1003.64
2020-08-10 16:10:00,1003.64
2020-08-10 16:10:00,1003.64
2020-08-10 16:10:00,1003.64
2020-08-10 16:10:00,1003.64
2020-08-10 16:10:00,1003.64
2020-08-10 16:10:00,1003.64
2020-08-10 16:10:00,1003.64
2020-08-10 16:10:00,1003.64
2020-08-10 16:25:00,825.26
2020-08-10 16:25:00,825.26
2020-08-10 16:25:00,825.26
2020-08-10 16:25:00,825.26
2020-08-10 16:25:00,825.26
2020-08-10 16:25:00,825.26
2020-08-10 16:25:00,825.26
2020-08-10 16:25:00,825.26
2020-08-10 16:25:00,825.26
2020-08-10 16:25:00,825.26
2020-08-10 16:40:00,646.88
2020-08-10 16:40:00,646.88
2020-08-10 16:40:00,646.88
2020-08-10 16:40:00,646.88
2020-08-10 16:40:00,646.88
2020-08-10 16:40:00,646.88
2020-08-10 16:40:00,646.88
2020-08-10 16:40:00,646.88
2020-08-10 16:40:00,646.88
2020-08-10 16:40:00,646.88
2020-08-10 16:55:00,431.64
2020-08-10 16:55:00,431.64
2020-08-10 16:55:00,431.64
2020-08-10 16:55:00,431.64
2020-08-10 16:55:00,431.64
2020-08-10 16:55:00,431.64
2020-08-10 16:55:00,431.64
2020-08-10 16:55:00,431.64
2020-08-10 16:55:00,431.64
2020-08-10 16:55:00,431.64
2020-08-10 17:10:00,216.4
2020-08-10 17:10:00,216.4
2020-08-10 17:10:00,216.4
2020-08-10 17:10:00,216.4
2020-08-10 17:10:00,216.4
2020-08-10 17:10:00,216.4
2020-08-10 17:10:00,216.4
2020-08-10 17:10:00,216.4
2020-08-10 17:10:00,216.4
2020-08-10 17:10:00,216.4
2020-08-10 17:25:00,160.01
2020-08-10 17:25:00,160.01
2020-08-10 17:25:00,160.01
2020-08-10 17:25:00,160.01
2020-08-10 17:25:00,160.01
2020-08-10 17:25:00,160.01
2020-08-10 17:25:00,160.01
2020-08-10 17:25:00,160.01
2020-08-10 17:25:00,160.01
2020-08-10 17:25:00,160.01
2020-08-10 17:40:00,103.62
2020-08-10 17:40:00,103.62
2020-08-10 17:40:00,103.62
2020-08-10 17:40:00,103.62
2020-08-10 17:40:00,103.62
2020-08-10 17:40:00,103.62
2020-08-10 17:40:00,103.62
2020-08-10 17:40:00,103.62
2020-08-10 17:40:00,103.62
2020-08-10 17:40:00,103.62
2020-08-10 17:55:00,75.47
2020-08-10 17:55:00,75.47
2020-08-10 17:55:00,75.47
2020-08-10 17:55:00,75.47
2020-08-10 17:55:00,75.47
2020-08-10 17:55:00,75.47
2020-08-10 17:55:00,75.47
2020-08-10 17:55:00,75.47
2020-08-10 17:55:00,75.47
2020-08-10 17:55:00,75.47
2020-08-10 18:10:00,47.32
2020-08-10 18:10:00,47.32
2020-08-10 18:10:00,47.32
2020-08-10 18:10:00,47.32
2020-08-10 18:10:00,47.32
2020-08-10 18:10:00,47.32
2020-08-10 18:10:00,47.32
2020-08-10 18:10:00,47.32
2020-08-10 18:10:00,47.32
2020-08-10 18:10:00,47.32
2020-08-10 18:25:00,31.28
2020-08-10 18:25:00,31.28
2020-08-10 18:25:00,31.28
2020-08-10 18:25:00,31.28
2020-08-10 18:25:00,31.28
2020-08-10 18:25:00,31.28
2020-08-10 18:25:00,31.28
2020-08-10 18:25:00,31.28
2020-08-10 18:25:00,31.28
2020-08-10 18:25:00,31.28
2020-08-10 18:40:00,15.25
2020-08-10 18:40:00,15.25
2020-08-10 18:40:00,15.25
2020-08-10 18:40:00,15.25
2020-08-10 18:40:00,15.25
2020-08-10 18:40:00,15.25
2020-08-10 18:40:00,15.25
2020-08-10 18:40:00,15.25
2020-08-10 18:40:00,15.25
2020-08-10 18:40:00,15.25
2020-08-10 18:55:00,15.25
2020-08-10 18:55:00,15.25
2020-08-10 18:55:00,15.25
2020-08-10 18:55:00,15.25
2020-08-10 18:55:00,15.25
2020-08-10 18:55:00,15.25
2020-08-10 18:55:00,15.25
2020-08-10 18:55:00,15.25
2020-08-10 18:55:00,15.25
2020-08-10 18:55:00,15.25
2020-08-10 19:10:00,0.0
2020-08-10 19:10:00,0.0
2020-08-10 19:10:00,0.0
2020-08-10 19:10:00,0.0
2020-08-10 19:10:00,0.0
2020-08-10 19:10:00,0.0
2020-08-10 19:10:00,0.0
2020-08-10 19:10:00,0.0
2020-08-10 19:10:00,0.0
2020-08-10 19:10:00,0.0
2020-08-10 19:25:00,156.99
2020-08-10 19:25:00,156.99
2020-08-10 19:25:00,156.99
2020-08-10 19:25:00,156.99
2020-08-10 19:25:00,156.99
2020-08-10 19:25:00,156.99
2020-08-10 19:25:00,156.99
2020-08-10 19:25:00,156.99
2020-08-10 19:25:00,156.99
2020-08-10 19:25:00,156.99
2020-08-10 19:40:00,156.99
2020-08-10 19:40:00,156.99
2020-08-10 19:40:00,156.99
2020-08-10 19:40:00,156.99
2020-08-10 19:40:00,156.99
2020-08-10 19:40:00,156.99
2020-08-10 19:40:00,156.99
2020-08-10 19:40:00,156.99
2020-08-10 19:40:00,156.99
2020-08-10 19:40:00,156.99
2020-08-10 19:55:00,77.52
2020-08-10 19:55:00,77.52
2020-08-10 19:55:00,77.52
2020-08-10 19:55:00,77.52
2020-08-10 19:55:00,77.52
2020-08-10 19:55:00,77.52
2020-08-10 19:55:00,77.52
2020-08-10 19:55:00,77.52
2020-08-10 19:55:00,77.52
2020-08-10 19:55:00,77.52
2020-08-10 20:10:00,0.0
2020-08-10 20:10:00,0.0
2020-08-10 20:10:00,0.0
2020-08-10 20:10:00,0.0
2020-08-10 20:10:00,0.0
2020-08-10 20:10:00,0.0
2020-08-10 20:10:00,0.0
2020-08-10 20:10:00,0.0
2020-08-10 20:10:00,0.0
2020-08-10 20:10:00,0.0
2020-08-10 20:25:00,0.0
2020-08-10 20:25:00,0.0
2020-08-10 20:25:00,0.0
2020-08-10 20:25:00,0.0
2020-08-10 20:25:00,0.0
2020-08-10 20:25:00,0.0
2020-08-10 20:25:00,0.0
2020-08-10 20:25:00,0.0
2020-08-10 20:25:00,0.0
2020-08-10 20:25:00,0.0
2020-08-10 20:40:00,0.0
2020-08-10 20:40:00,0.0
2020-08-10 20:40:00,0.0
2020-08-10 20:40:00,0.0
2020-08-10 20:40:00,0.0
2020-08-10 20:40:00,0.0
2020-08-10 20:40:00,0.0
2020-08-10 20:40:00,0.0
2020-08-10 20:40:00,0.0
2020-08-10 20:40:00,0.0
2020-08-10 20:55:00,0.0
2020-08-10 20:55:00,0.0
2020-08-10 20:55:00,0.0
2020-08-10 20:55:00,0.0
2020-08-10 20:55:00,0.0
2020-08-10 20:55:00,0.0
2020-08-10 20:55:00,0.0
2020-08-10 20:55:00,0.0
2020-08-10 20:55:00,0.0
2020-08-10 20:55:00,0.0
2020-08-10 21:10:00,0.0
2020-08-10 21:10:00,0.0
2020-08-10 21:10:00,0.0
2020-08-10 21:10:00,0.0
2020-08-10 21:10:00,0.0
2020-08-10 21:10:00,0.0
2020-08-10 21:10:00,0.0
2020-08-10 21:10:00,0.0
2020-08-10 21:10:00,0.0
2020-08-10 21:10:00,0.0
2020-08-10 21:25:00,0.0
2020-08-10 21:25:00,0.0
2020-08-10 21:25:00,0.0
2020-08-10 21:25:00,0.0
2020-08-10 21:25:00,0.0
2020-08-10 21:25:00,0.0
2020-08-10 21:25:00,0.0
2020-08-10 21:25:00,0.0
2020-08-10 21:25:00,0.0
2020-08-10 21:25:00,0.0
2020-08-10 21:40:00,0.0
2020-08-10 21:40:00,0.0
2020-08-10 21:40:00,0.0
2020-08-10 21:40:00,0.0
2020-08-10 21:40:00,0.0
2020-08-10 21:40:00,0.0
2020-08-10 21:40:00,0.0
2020-08-10 21:40:00,0.0
2020-08-10 21:40:00,0.0
2020-08-10 21:40:00,0.0
2020-08-10 21:55:00,171.22
2020-08-10 21:55:00,171.22
2020-08-10 21:55:00,171.22
2020-08-10 21:55:00,171.22
2020-08-10 21:55:00,171.22
2020-08-10 21:55:00,171.22
2020-08-10 21:55:00,171.22
2020-08-10 21:55:00,171.22
2020-08-10 21:55:00,171.22
2020-08-10 21:55:00,171.22
2020-08-10 22:10:00,171.22
2020-08-10 22:10:00,171.22
2020-08-10 22:10:00,171.22
2020-08-10 22:10:00,171.22
2020-08-10 22:10:00,171.22
2020-08-10 22:10:00,171.22
2020-08-10 22:10:00,171.22
2020-08-10 22:10:00,171.22
2020-08-10 22:10:00,171.22
2020-08-10 22:10:00,171.22
2020-08-10 22:25:00,230.96
2020-08-10 22:25:00,230.96
2020-08-10 22:25:00,230.96
2020-08-10 22:25:00,230.96
2020-08-10 22:25:00,230.96
2020-08-10 22:25:00,230.96
2020-08-10 22:25:00,230.96
2020-08-10 22:25:00,230.96
2020-08-10 22:25:00,230.96
2020-08-10 22:25:00,230.96
2020-08-10 22:40:00,290.71
2020-08-10 22:40:00,290.71
2020-08-10 22:40:00,290.71
2020-08-10 22:40:00,290.71
2020-08-10 22:40:00,290.71
2020-08-10 22:40:00,290.71
2020-08-10 22:40:00,290.71
2020-08-10 22:40:00,290.71
2020-08-10 22:40:00,290.71
2020-08-10 22:40:00,290.71
2020-08-10 22:55:00,210.96
2020-08-10 22:55:00,210.96
2020-08-10 22:55:00,210.96
2020-08-10 22:55:00,210.96
2020-08-10 22:55:00,210.96
2020-08-10 22:55:00,210.96
2020-08-10 22:55:00,210.96
2020-08-10 22:55:00,210.96
2020-08-10 22:55:00,210.96
2020-08-10 22:55:00,210.96
2020-08-10 23:10:00,131.21
2020-08-10 23:10:00,131.21
2020-08-10 23:10:00,131.21
2020-08-10 23:10:00,131.21
2020-08-10 23:10:00,131.21
2020-08-10 23:10:00,131.21
2020-08-10 23:10:00,131.21
2020-08-10 23:10:00,131.21
2020-08-10 23:10:00,131.21
2020-08-10 23:10:00,131.21
2020-08-10 23:25:00,99.04
2020-08-10 23:25:00,99.04
2020-08-10 23:25:00,99.04
2020-08-10 23:25:00,99.04
2020-08-10 23:25:00,99.04
2020-08-10 23:25:00,99.04
2020-08-10 23:25:00,99.04
2020-08-10 23:25:00,99.04
2020-08-10 23:25:00,99.04
2020-08-10 23:25:00,99.04
2020-08-10 23:40:00,66.86
2020-08-10 23:40:00,66.86
2020-08-10 23:40:00,66.86
2020-08-10 23:40:00,66.86
2020-08-10 23:40:00,66.86
2020-08-10 23:40:00,66.86
2020-08-10 23:40:00,66.86
2020-08-10 23:40:00,66.86
2020-08-10 23:40:00,66.86
2020-08-10 23:40:00,66.86
2020-08-10 23:55:00,66.86
2020-08-10 23:55:00,66.86
2020-08-10 23:55:00,66.86
2020-08-10 23:55:00,66.86
2020-08-10 23:55:00,66.86
2020-08-10 23:55:00,66.86
2020-08-10 23:55:00,66.86
2020-08-10 23:55:00,66.86
2020-08-10 23:55:00,66.86
2020-08-10 23:55:00,66.86
2020-08-11 00:10:00,0.0
2020-08-11 00:10:00,0.0
2020-08-11 00:10:00,0.0
2020-08-11 00:10:00,0.0
2020-08-11 00:10:00,0.0
2020-08-11 00:10:00,0.0
2020-08-11 00:10:00,0.0
2020-08-11 00:10:00,0.0
2020-08-11 00:10:00,0.0
2020-08-11 00:10:00,0.0
2020-08-11 00:25:00,0.0
2020-08-11 00:25:00,0.0
2020-08-11 00:25:00,0.0
2020-08-11 00:25:00,0.0
2020-08-11 00:25:00,0.0
2020-08-11 00:25:00,0.0
2020-08-11 00:25:00,0.0
2020-08-11 00:25:00,0.0
2020-08-11 00:25:00,0.0
2020-08-11 00:25:00,0.0
2020-08-11 00:40:00,0.0
2020-08-11 00:40:00,0.0
2020-08-11 00:40:00,0.0
2020-08-11 00:40:00,0.0
2020-08-11 00:40:00,0.0
2020-08-11 00:40:00,0.0
2020-08-11 00:40:00,0.0
2020-08-11 00:40:00,0.0
2020-08-11 00:40:00,0.0
2020-08-11 00:40:00,0.0
2020-08-11 00:55:00,0.0
2020-08-11 00:55:00,0.0
2020-08-11 00:55:00,0.0
2020-08-11 00:55:00,0.0
2020-08-11 00:55:00,0.0
2020-08-11 00:55:00,0.0
2020-08-11 00:55:00,0.0
2020-08-11 00:55:00,0.0
2020-08-11 00:55:00,0.0
2020-08-11 00:55:00,0.0
2020-08-11 01:10:00,0.0
2020-08-11 01:10:00,0.0
2020-08-11 01:10:00,0.0
2020-08-11 01:10:00,0.0
2020-08-11 01:10:00,0.0
2020-08-11 01:10:00,0.0
2020-08-11 01:10:00,0.0
2020-08-11 01:10:00,0.0
2020-08-11 01:10:00,0.0
2020-08-11 01:10:00,0.0
2020-08-11 01:25:00,64.04
2020-08-11 01:25:00,64.04
2020-08-11 01:25:00,64.04
2020-08-11 01:25:00,64.04
2020-08-11 01:25:00,64.04
2020-08-11 01:25:00,64.04
2020-08-11 01:25:00,64.04
2020-08-11 01:25:00,64.04
2020-08-11 01:25:00,64.04
2020-08-11 01:25:00,64.04
2020-08-11 01:40:00,128.4
2020-08-11 01:40:00,128.4
2020-08-11 01:40:00,128.4
2020-08-11 01:40:00,128.4
2020-08-11 01:40:00,128.4
2020-08-11 01:40:00,128.4
2020-08-11 01:40:00,128.4
2020-08-11 01:40:00,128.4
2020-08-11 01:40:00,128.4
2020-08-11 01:40:00,128.4
2020-08-11 01:55:00,85.48
2020-08-11 01:55:00,85.48
2020-08-11 01:55:00,85.48
2020-08-11 01:55:00,85.48
2020-08-11 01:55:00,85.48
2020-08-11 01:55:00,85.48
2020-08-11 01:55:00,85.48
2020-08-11 01:55:00,85.48
2020-08-11 01:55:00,85.48
2020-08-11 01:55:00,85.48
2020-08-11 02:10:00,42.56
2020-08-11 02:10:00,42.56
2020-08-11 02:10:00,42.56
2020-08-11 02:10:00,42.56
2020-08-11 02:10:00,42.56
2020-08-11 02:10:00,42.56
2020-08-11 02:10:00,42.56
2020-08-11 02:10:00,42.56
2020-08-11 02:10:00,42.56
2020-08-11 02:10:00,42.56
2020-08-11 02:25:00,22.54
2020-08-11 02:25:00,22.54
2020-08-11 02:25:00,22.54
2020-08-11 02:25:00,22.54
2020-08-11 02:25:00,22.54
2020-08-11 02:25:00,22.54
2020-08-11 02:25:00,22.54
2020-08-11 02:25:00,22.54
2020-08-11 02:25:00,22.54
2020-08-11 02:25:00,22.54
2020-08-11 02:40:00,2.52
2020-08-11 02:40:00,2.52
2020-08-11 02:40:00,2.52
2020-08-11 02:40:00,2.52
2020-08-11 02:40:00,2.52
2020-08-11 02:40:00,2.52
2020-08-11 02:40:00,2.52
2020-08-11 02:40:00,2.52
2020-08-11 02:40:00,2.52
2020-08-11 02:40:00,2.52
2020-08-11 02:55:00,2.52
2020-08-11 02:55:00,2.52
2020-08-11 02:55:00,2.52
2020-08-11 02:55:00,2.52
2020-08-11 02:55:00,2.52
2020-08-11 02:55:00,2.52
2020-08-11 02:55:00,2.52
2020-08-11 02:55:00,2.52
2020-08-11 02:55:00,2.52
2020-08-11 02:55:00,2.52
2020-08-11 03:10:00,0.0
2020-08-11 03:10:00,0.0
2020-08-11 03:10:00,0.0
2020-08-11 03:10:00,0.0
2020-08-11 03:10:00,0.0
2020-08-11 03:10:00,0.0
2020-08-11 03:10:00,0.0
2020-08-11 03:10:00,0.0
2020-08-11 03:10:00,0.0
2020-08-11 03:10:00,0.0
2020-08-11 03:25:00,166.43
2020-08-11 03:25:00,166.43
2020-08-11 03:25:00,166.43
2020-08-11 03:25:00,166.43
2020-08-11 03:25:00,166.43
2020-08-11 03:25:00,166.43
2020-08-11 03:25:00,166.43
2020-08-11 03:25:00,166.43
2020-08-11 03:25:00,166.43
2020-08-11 03:25:00,166.43
2020-08-11 03:40:00,166.43
2020-08-11 03:40:00,166.43
2020-08-11 03:40:00,166.43
2020-08-11 03:40:00,166.43
2020-08-11 03:40:00,166.43
2020-08-11 03:40:00,166.43
2020-08-11 03:40:00,166.43
2020-08-11 03:40:00,166.43
2020-08-11 03:40:00,166.43
2020-08-11 03:40:00,166.43
2020-08-11 03:55:00,238.85
2020-08-11 03:55:00,238.85
2020-08-11 03:55:00,238.85
2020-08-11 03:55:00,238.85
2020-08-11 03:55:00,238.85
2020-08-11 03:55:00,238.85
2020-08-11 03:55:00,238.85
2020-08-11 03:55:00,238.85
2020-08-11 03:55:00,238.85
2020-08-11 03:55:00,238.85
2020-08-11 04:10:00,311.27
2020-08-11 04:10:00,311.27
2020-08-11 04:10:00,311.27
2020-08-11 04:10:00,311.27
2020-08-11 04:10:00,311.27
2020-08-11 04:10:00,311.27
2020-08-11 04:10:00,311.27
2020-08-11 04:10:00,311.27
2020-08-11 04:10:00,311.27
2020-08-11 04:10:00,311.27
2020-08-11 04:25:00,248.26
2020-08-11 04:25:00,248.26
2020-08-11 04:25:00,248.26
2020-08-11 04:25:00,248.26
2020-08-11 04:25:00,248.26
2020-08-11 04:25:00,248.26
2020-08-11 04:25:00,248.26
2020-08-11 04:25:00,248.26
2020-08-11 04:25:00,248.26
2020-08-11 04:25:00,248.26
2020-08-11 04:40:00,185.24
2020-08-11 04:40:00,185.24
2020-08-11 04:40:00,185.24
2020-08-11 04:40:00,185.24
2020-08-11 04:40:00,185.24
2020-08-11 04:40:00,185.24
2020-08-11 04:40:00,185.24
2020-08-11 04:40:00,185.24
2020-08-11 04:40:00,185.24
2020-08-11 04:40:00,185.24
2020-08-11 04:55:00,248.82
2020-08-11 04:55:00,248.82
2020-08-11 04:55:00,248.82
2020-08-11 04:55:00,248.82
2020-08-11 04:55:00,248.82
2020-08-11 04:55:00,248.82
2020-08-11 04:55:00,248.82
2020-08-11 04:55:00,248.82
2020-08-11 04:55:00,248.82
2020-08-11 04:55:00,248.82
2020-08-11 05:10:00,312.41
2020-08-11 05:10:00,312.41
2020-08-11 05:10:00,312.41
2020-08-11 05:10:00,312.41
2020-08-11 05:10:00,312.41
2020-08-11 05:10:00,312.41
2020-08-11 05:10:00,312.41
2020-08-11 05:10:00,312.41
2020-08-11 05:10:00,312.41
2020-08-11 05:10:00,312.41
2020-08-11 05:25:00,294.78
2020-08-11 05:25:00,294.78
2020-08-11 05:25:00,294.78
2020-08-11 05:25:00,294.78
2020-08-11 05:25:00,294.78
2020-08-11 05:25:00,294.78
2020-08-11 05:25:00,294.78
2020-08-11 05:25:00,294.78
2020-08-11 05:25:00,294.78
2020-08-11 05:25:00,294.78
2020-08-11 05:40:00,277.16
2020-08-11 05:40:00,277.16
2020-08-11 05:40:00,277.16
2020-08-11 05:40:00,277.16
2020-08-11 05:40:00,277.16
2020-08-11 05:40:00,277.16
2020-08-11 05:40:00,277.16
2020-08-11 05:40:00,277.16
2020-08-11 05:40:00,277.16
2020-08-11 05:40:00,277.16
2020-08-11 05:55:00,187.72
2020-08-11 05:55:00,187.72
2020-08-11 05:55:00,187.72
2020-08-11 05:55:00,187.72
2020-08-11 05:55:00,187.72
2020-08-11 05:55:00,187.72
2020-08-11 05:55:00,187.72
2020-08-11 05:55:00,187.72
2020-08-11 05:55:00,187.72
2020-08-11 05:55:00,187.72
2020-08-11 06:10:00,98.27
2020-08-11 06:10:00,98.27
2020-08-11 06:10:00,98.27
2020-08-11 06:10:00,98.27
2020-08-11 06:10:00,98.27
2020-08-11 06:10:00,98.27
2020-08-11 06:10:00,98.27
2020-08-11 06:10:00,98.27
2020-08-11 06:10:00,98.27
2020-08-11 06:10:00,98.27
2020-08-11 06:25:00,98.27
2020-08-11 06:25:00,98.27
2020-08-11 06:25:00,98.27
2020-08-11 06:25:00,98.27
2020-08-11 06:25:00,98.27
2020-08-11 06:25:00,98.27
2020-08-11 06:25:00,98.27
2020-08-11 06:25:00,98.27
2020-08-11 06:25:00,98.27
2020-08-11 06:25:00,98.27
2020-08-11 06:40:00,0.0
2020-08-11 06:40:00,0.0
2020-08-11 06:40:00,0.0
2020-08-11 06:40:00,0.0
2020-08-11 06:40:00,0.0
2020-08-11 06:40:00,0.0
2020-08-11 06:40:00,0.0
2020-08-11 06:40:00,0.0
2020-08-11 06:40:00,0.0
2020-08-11 06:40:00,0.0
2020-08-11 06:55:00,0.0
2020-08-11 06:55:00,0.0
2020-08-11 06:55:00,0.0
2020-08-11 06:55:00,0.0
2020-08-11 06:55:00,0.0
2020-08-11 06:55:00,0.0
2020-08-11 06:55:00,0.0
2020-08-11 06:55:00,0.0
2020-08-11 06:55:00,0.0
2020-08-11 06:55:00,0.0
2020-08-11 07:10:00,0.0
2020-08-11 07:10:00,0.0
2020-08-11 07:10:00,0.0
2020-08-11 07:10:00,0.0
2020-08-11 07:10:00,0.0
2020-08-11 07:10:00,0.0
2020-08-11 07:10:00,0.0
2020-08-11 07:10:00,0.0
2020-08-11 07:10:00,0.0
2020-08-11 07:10:00,0.0
2020-08-11 07:25:00,22.04
2020-08-11 07:25:00,22.04
2020-08-11 07:25:00,22.04
2020-08-11 07:25:00,22.04
2020-08-11 07:25:00,22.04
2020-08-11 07:25:00,22.04
2020-08-11 07:25:00,22.04
2020-08-11 07:25:00,22.04
2020-08-11 07:25:00,22.04
2020-08-11 07:25:00,22.04
2020-08-11 07:40:00,22.04
2020-08-11 07:40:00,22.04
2020-08-11 07:40:00,22.04
2020-08-11 07:40:00,22.04
2020-08-11 07:40:00,22.04
2020-08-11 07:40:00,22.04
2020-08-11 07:40:00,22.04
2020-08-11 07:40:00,22.04
2020-08-11 07:40:00,22.04
2020-08-11 07:40:00,22.04
2020-08-11 07:55:00,35.28
2020-08-11 07:55:00,35.28
2020-08-11 07:55:00,35.28
2020-08-11 07:55:00,35.28
2020-08-11 07:55:00,35.28
2020-08-11 07:55:00,35.28
2020-08-11 07:55:00,35.28
2020-08-11 07:55:00,35.28
2020-08-11 07:55:00,35.28
2020-08-11 07:55:00,35.28
2020-08-11 08:10:00,48.53
2020-08-11 08:10:00,48.53
2020-08-11 08:10:00,48.53
2020-08-11 08:10:00,48.53
2020-08-11 08:10:00,48.53
2020-08-11 08:10:00,48.53
2020-08-11 08:10:00,48.53
2020-08-11 08:10:00,48.53
2020-08-11 08:10:00,48.53
2020-08-11 08:10:00,48.53
2020-08-11 08:25:00,48.23
2020-08-11 08:25:00,48.23
2020-08-11 08:25:00,48.23
2020-08-11 08:25:00,48.23
2020-08-11 08:25:00,48.23
2020-08-11 08:25:00,48.23
2020-08-11 08:25:00,48.23
2020-08-11 08:25:00,48.23
2020-08-11 08:25:00,48.23
2020-08-11 08:25:00,48.23
2020-08-11 08:40:00,47.93
2020-08-11 08:40:00,47.93
2020-08-11 08:40:00,47.93
2020-08-11 08:40:00,47.93
2020-08-11 08:40:00,47.93
2020-08-11 08:40:00,47.93
2020-08-11 08:40:00,47.93
2020-08-11 08:40:00,47.93
2020-08-11 08:40:00,47.93
2020-08-11 08:40:00,47.93
2020-08-11 08:55:00,254.08
2020-08-11 08:55:00,254.08
2020-08-11 08:55:00,254.08
2020-08-11 08:55:00,254.08
2020-08-11 08:55:00,254.08
2020-08-11 08:55:00,254.08
2020-08-11 08:55:00,254.08
2020-08-11 08:55:00,254.08
2020-08-11 08:55:00,254.08
2020-08-11 08:55:00,254.08
2020-08-11 09:10:00,460.22
2020-08-11 09:10:00,460.22
2020-08-11 09:10:00,460.22
2020-08-11 09:10:00,460.22
2020-08-11 09:10:00,460.22
2020-08-11 09:10:00,460.22
2020-08-11 09:10:00,460.22
2020-08-11 09:10:00,460.22
2020-08-11 09:10:00,460.22
2020-08-11 09:10:00,460.22
2020-08-11 09:25:00,460.22
2020-08-11 09:25:00,460.22
2020-08-11 09:25:00,460.22
2020-08-11 09:25:00,460.22
2020-08-11 09:25:00,460.22
2020-08-11 09:25:00,460.22
2020-08-11 09:25:00,460.22
2020-08-11 09:25:00,460.22
2020-08-11 09:25:00,460.22
2020-08-11 09:25:00,460.22
2020-08-11 09:40:00,0.0
2020-08-11 09:40:00,0.0
2020-08-11 09:40:00,0.0
2020-08-11 09:40:00,0.0
2020-08-11 09:40:00,0.0
2020-08-11 09:40:00,0.0
2020-08-11 09:40:00,0.0
2020-08-11 09:40:00,0.0
2020-08-11 09:40:00,0.0
2020-08-11 09:40:00,0.0
2020-08-11 09:55:00,0.0
2020-08-11 09:55:00,0.0
2020-08-11 09:55:00,0.0
2020-08-11 09:55:00,0.0
2020-08-11 09:55:00,0.0
2020-08-11 09:55:00,0.0
2020-08-11 09:55:00,0.0
2020-08-11 09:55:00,0.0
2020-08-11 09:55:00,0.0
2020-08-11 09:55:00,0.0
2020-08-11 10:10:00,0.0
2020-08-11 10:10:00,0.0
2020-08-11 10:10:00,0.0
2020-08-11 10:10:00,0.0
2020-08-11 10:10:00,0.0
2020-08-11 10:10:00,0.0
2020-08-11 10:10:00,0.0
2020-08-11 10:10:00,0.0
2020-08-11 10:10:00,0.0
2020-08-11 10:10:00,0.0
2020-08-11 10:25:00,0.0
2020-08-11 10:25:00,0.0
2020-08-11 10:25:00,0.0
2020-08-11 10:25:00,0.0
2020-08-11 10:25:00,0.0
2020-08-11 10:25:00,0.0
2020-08-11 10:25:00,0.0
2020-08-11 10:25:00,0.0
2020-08-11 10:25:00,0.0
2020-08-11 10:25:00,0.0
2020-08-11 10:40:00,0.0
2020-08-11 10:40:00,0.0
2020-08-11 10:40:00,0.0
2020-08-11 10:40:00,0.0
2020-08-11 10:40:00,0.0
2020-08-11 10:40:00,0.0
2020-08-11 10:40:00,0.0
2020-08-11 10:40:00,0.0
2020-08-11 10:40:00,0.0
2020-08-11 10:40:00,0.0
2020-08-11 10:55:00,0.0
2020-08-11 10:55:00,0.0
2020-08-11 10:55:00,0.0
2020-08-11 10:55:00,0.0
2020-08-11 10:55:00,0.0
2020-08-11 10:55:00,0.0
2020-08-11 10:55:00,0.0
2020-08-11 10:55:00,0.0
2020-08-11 10:55:00,0.0
2020-08-11 10:55:00,0.0
2020-08-11 11:10:00,0.0
2020-08-11 11:10:00,0.0
2020-08-11 11:10:00,0.0
2020-08-11 11:10:00,0.0
2020-08-11 11:10:00,0.0
2020-08-11 11:10:00,0.0
2020-08-11 11:10:00,0.0
2020-08-11 11:10:00,0.0
2020-08-11 11:10:00,0.0
2020-08-11 11:10:00,0.0
2020-08-11 11:25:00,0.0
2020-08-11 11:25:00,0.0
2020-08-11 11:25:00,0.0
2020-08-11 11:25:00,0.0
2020-08-11 11:25:00,0.0
2020-08-11 11:25:00,0.0
2020-08-11 11:25:00,0.0
2020-08-11 11:25:00,0.0
2020-08-11 11:25:00,0.0
2020-08-11 11:25:00,0.0
2020-08-11 11:40:00,0.0
2020-08-11 11:40:00,0.0
2020-08-11 11:40:00,0.0
2020-08-11 11:40:00,0.0
2020-08-11 11:40:00,0.0
2020-08-11 11:40:00,0.0
2020-08-11 11:40:00,0.0
2020-08-11 11:40:00,0.0
2020-08-11 11:40:00,0.0
2020-08-11 11:40:00,0.0
2020-08-11 11:55:00,0.0
2020-08-11 11:55:00,0.0
2020-08-11 11:55:00,0.0
2020-08-11 11:55:00,0.0
2020-08-11 11:55:00,0.0
2020-08-11 11:55:00,0.0
2020-08-11 11:55:00,0.0
2020-08-11 11:55:00,0.0
2020-08-11 11:55:00,0.0
2020-08-11 11:55:00,0.0
2020-08-11 12:10:00,0.0
2020-08-11 12:10:00,0.0
2020-08-11 12:10:00,0.0
2020-08-11 12:10:00,0.0
2020-08-11 12:10:00,0.0
2020-08-11 12:10:00,0.0
2020-08-11 12:10:00,0.0
2020-08-11 12:10:00,0.0
2020-08-11 12:10:00,0.0
2020-08-11 12:10:00,0.0
2020-08-11 12:25:00,0.0
2020-08-11 12:25:00,0.0
2020-08-11 12:25:00,0.0
2020-08-11 12:25:00,0.0
2020-08-11 12:25:00,0.0
2020-08-11 12:25:00,0.0
2020-08-11 12:25:00,0.0
2020-08-11 12:25:00,0.0
2020-08-11 12:25:00,0.0
2020-08-11 12:25:00,0.0
2020-08-11 12:40:00,0.0
2020-08-11 12:40:00,0.0
2020-08-11 12:40:00,0.0
2020-08-11 12:40:00,0.0
2020-08-11 12:40:00,0.0
2020-08-11 12:40:00,0.0
2020-08-11 12:40:00,0.0
2020-08-11 12:40:00,0.0
2020-08-11 12:40:00,0.0
2020-08-11 12:40:00,0.0
2020-08-11 12:55:00,90.78
2020-08-11 12:55:00,90.78
2020-08-11 12:55:00,90.78
2020-08-11 12:55:00,90.78
2020-08-11 12:55:00,90.78
2020-08-11 12:55:00,90.78
2020-08-11 12:55:00,90.78
2020-08-11 12:55:00,90.78
2020-08-11 12:55:00,90.78
2020-08-11 12:55:00,90.78
2020-08-11 13:10:00,90.78
2020-08-11 13:10:00,90.78
2020-08-11 13:10:00,90.78
2020-08-11 13:10:00,90.78
2020-08-11 13:10:00,90.78
2020-08-11 13:10:00,90.78
2020-08-11 13:10:00,90.78
2020-08-11 13:10:00,90.78
2020-08-11 13:10:00,90.78
2020-08-11 13:10:00,90.78
2020-08-11 13:25:00,49.83
2020-08-11 13:25:00,49.83
2020-08-11 13:25:00,49.83
2020-08-11 13:25:00,49.83
2020-08-11 13:25:00,49.83
2020-08-11 13:25:00,49.83
2020-08-11 13:25:00,49.83
2020-08-11 13:25:00,49.83
2020-08-11 13:25:00,49.83
2020-08-11 13:25:00,49.83
2020-08-11 13:40:00,8.88
2020-08-11 13:40:00,8.88
2020-08-11 13:40:00,8.88
2020-08-11 13:40:00,8.88
2020-08-11 13:40:00,8.88
2020-08-11 13:40:00,8.88
2020-08-11 13:40:00,8.88
2020-08-11 13:40:00,8.88
2020-08-11 13:40:00,8.88
2020-08-11 13:40:00,8.88
2020-08-11 13:55:00,8.88
2020-08-11 13:55:00,8.88
2020-08-11 13:55:00,8.88
2020-08-11 13:55:00,8.88
2020-08-11 13:55:00,8.88
2020-08-11 13:55:00,8.88
2020-08-11 13:55:00,8.88
2020-08-11 13:55:00,8.88
2020-08-11 13:55:00,8.88
2020-08-11 13:55:00,8.88
2020-08-11 14:10:00,0.0
2020-08-11 14:10:00,0.0
2020-08-11 14:10:00,0.0
2020-08-11 14:10:00,0.0
2020-08-11 14:10:00,0.0
2020-08-11 14:10:00,0.0
2020-08-11 14:10:00,0.0
2020-08-11 14:10:00,0.0
2020-08-11 14:10:00,0.0
2020-08-11 14:10:00,0.0
2020-08-11 14:25:00,0.0
2020-08-11 14:25:00,0.0
2020-08-11 14:25:00,0.0
2020-08-11 14:25:00,0.0
2020-08-11 14:25:00,0.0
2020-08-11 14:25:00,0.0
2020-08-11 14:25:00,0.0
2020-08-11 14:25:00,0.0
2020-08-11 14:25:00,0.0
2020-08-11 14:25:00,0.0
2020-08-11 14:40:00,0.0
2020-08-11 14:40:00,0.0
2020-08-11 14:40:00,0.0
2020-08-11 14:40:00,0.0
2020-08-11 14:40:00,0.0
2020-08-11 14:40:00,0.0
2020-08-11 14:40:00,0.0
2020-08-11 14:40:00,0.0
2020-08-11 14:40:00,0.0
2020-08-11 14:40:00,0.0
2020-08-11 14:55:00,0.0
2020-08-11 14:55:00,0.0
2020-08-11 14:55:00,0.0
2020-08-11 14:55:00,0.0
2020-08-11 14:55:00,0.0
2020-08-11 14:55:00,0.0
2020-08-11 14:55:00,0.0
2020-08-11 14:55:00,0.0
2020-08-11 14:55:00,0.0
2020-08-11 14:55:00,0.0
2020-08-11 15:10:00,0.0
2020-08-11 15:10:00,0.0
2020-08-11 15:10:00,0.0
2020-08-11 15:10:00,0.0
2020-08-11 15:10:00,0.0
2020-08-11 15:10:00,0.0
2020-08-11 15:10:00,0.0
2020-08-11 15:10:00,0.0
2020-08-11 15:10:00,0.0
2020-08-11 15:10:00,0.0
2020-08-11 15:25:00,0.0
2020-08-11 15:25:00,0.0
2020-08-11 15:25:00,0.0
2020-08-11 15:25:00,0.0
2020-08-11 15:25:00,0.0
2020-08-11 15:25:00,0.0
2020-08-11 15:25:00,0.0
2020-08-11 15:25:00,0.0
2020-08-11 15:25:00,0.0
2020-08-11 15:25:00,0.0
2020-08-11 15:40:00,0.0
2020-08-11 15:40:00,0.0
2020-08-11 15:40:00,0.0
2020-08-11 15:40:00,0.0
2020-08-11 15:40:00,0.0
2020-08-11 15:40:00,0.0
2020-08-11 15:40:00,0.0
2020-08-11 15:40:00,0.0
2020-08-11 15:40:00,0.0
2020-08-11 15:40:00,0.0
2020-08-11 15:55:00,0.0
2020-08-11 15:55:00,0.0
2020-08-11 15:55:00,0.0
2020-08-11 15:55:00,0.0
2020-08-11 15:55:00,0.0
2020-08-11 15:55:00,0.0
2020-08-11 15:55:00,0.0
2020-08-11 15:55:00,0.0
2020-08-11 15:55:00,0.0
2020-08-11 15:55:00,0.0
2020-08-11 16:10:00,0.0
2020-08-11 16:10:00,0.0
2020-08-11 16:10:00,0.0
2020-08-11 16:10:00,0.0
2020-08-11 16:10:00,0.0
2020-08-11 16:10:00,0.0
2020-08-11 16:10:00,0.0
2020-08-11 16:10:00,0.0
2020-08-11 16:10:00,0.0
2020-08-11 16:10:00,0.0
2020-08-11 16:25:00,0.0
2020-08-11 16:25:00,0.0
2020-08-11 16:25:00,0.0
2020-08-11 16:25:00,0.0
2020-08-11 16:25:00,0.0
2020-08-11 16:25:00,0.0
2020-08-11 16:25:00,0.0
2020-08-11 16:25:00,0.0
2020-08-11 16:25:00,0.0
2020-08-11 16:25:00,0.0
2020-08-11 16:40:00,0.0
2020-08-11 16:40:00,0.0
2020-08-11 16:40:00,0.0
2020-08-11 16:40:00,0.0
2020-08-11 16:40:00,0.0
2020-08-11 16:40:00,0.0
2020-08-11 16:40:00,0.0
2020-08-11 16:40:00,0.0
2020-08-11 16:40:00,0.0
2020-08-11 16:40:00,0.0
2020-08-11 16:55:00,0.0
2020-08-11 16:55:00,0.0
2020-08-11 16:55:00,0.0
2020-08-11 16:55:00,0.0
2020-08-11 16:55:00,0.0
2020-08-11 16:55:00,0.0
2020-08-11 16:55:00,0.0
2020-08-11 16:55:00,0.0
2020-08-11 16:55:00,0.0
2020-08-11 16:55:00,0.0
2020-08-11 17:10:00,0.0
2020-08-11 17:10:00,0.0
2020-08-11 17:10:00,0.0
2020-08-11 17:10:00,0.0
2020-08-11 17:10:00,0.0
2020-08-11 17:10:00,0.0
2020-08-11 17:10:00,0.0
2020-08-11 17:10:00,0.0
2020-08-11 17:10:00,0.0
2020-08-11 17:10:00,0.0
2020-08-11 17:25:00,0.0
2020-08-11 17:25:00,0.0
2020-08-11 17:25:00,0.0
2020-08-11 17:25:00,0.0
2020-08-11 17:25:00,0.0
2020-08-11 17:25:00,0.0
2020-08-11 17:25:00,0.0
2020-08-11 17:25:00,0.0
2020-08-11 17:25:00,0.0
2020-08-11 17:25:00,0.0
2020-08-11 17:40:00,0.0
2020-08-11 17:40:00,0.0
2020-08-11 17:40:00,0.0
2020-08-11 17:40:00,0.0
2020-08-11 17:40:00,0.0
2020-08-11 17:40:00,0.0
2020-08-11 17:40:00,0.0
2020-08-11 17:40:00,0.0
2020-08-11 17:40:00,0.0
2020-08-11 17:40:00,0.0
2020-08-11 17:55:00,0.0
2020-08-11 17:55:00,0.0
2020-08-11 17:55:00,0.0
2020-08-11 17:55:00,0.0
2020-08-11 17:55:00,0.0
2020-08-11 17:55:00,0.0
2020-08-11 17:55:00,0.0
2020-08-11 17:55:00,0.0
2020-08-11 17:55:00,0.0
2020-08-11 17:55:00,0.0
2020-08-11 18:10:00,0.0
2020-08-11 18:10:00,0.0
2020-08-11 18:10:00,0.0
2020-08-11 18:10:00,0.0
2020-08-11 18:10:00,0.0
2020-08-11 18:10:00,0.0
2020-08-11 18:10:00,0.0
2020-08-11 18:10:00,0.0
2020-08-11 18:10:00,0.0
2020-08-11 18:10:00,0.0
2020-08-11 18:25:00,0.0
2020-08-11 18:25:00,0.0
2020-08-11 18:25:00,0.0
2020-08-11 18:25:00,0.0
2020-08-11 18:25:00,0.0
2020-08-11 18:25:00,0.0
2020-08-11 18:25:00,0.0
2020-08-11 18:25:00,0.0
2020-08-11 18:25:00,0.0
2020-08-11 18:25:00,0.0
2020-08-11 18:40:00,0.0
2020-08-11 18:40:00,0.0
2020-08-11 18:40:00,0.0
2020-08-11 18:40:00,0.0
2020-08-11 18:40:00,0.0
2020-08-11 18:40:00,0.0
2020-08-11 18:40:00,0.0
2020-08-11 18:40:00,0.0
2020-08-11 18:40:00,0.0
2020-08-11 18:40:00,0.0
2020-08-11 18:55:00,0.0
2020-08-11 18:55:00,0.0
2020-08-11 18:55:00,0.0
2020-08-11 18:55:00,0.0
2020-08-11 18:55:00,0.0
2020-08-11 18:55:00,0.0
2020-08-11 18:55:00,0.0
2020-08-11 18:55:00,0.0
2020-08-11 18:55:00,0.0
2020-08-11 18:55:00,0.0
2020-08-11 19:10:00,0.0
2020-08-11 19:10:00,0.0
2020-08-11 19:10:00,0.0
2020-08-11 19:10:00,0.0
2020-08-11 19:10:00,0.0
2020-08-11 19:10:00,0.0
2020-08-11 19:10:00,0.0
2020-08-11 19:10:00,0.0
2020-08-11 19:10:00,0.0
2020-08-11 19:10:00,0.0
2020-08-11 19:25:00,0.0
2020-08-11 19:25:00,0.0
2020-08-11 19:25:00,0.0
2020-08-11 19:25:00,0.0
2020-08-11 19:25:00,0.0
2020-08-11 19:25:00,0.0
2020-08-11 19:25:00,0.0
2020-08-11 19:25:00,0.0
2020-08-11 19:25:00,0.0
2020-08-11 19:25:00,0.0
2020-08-11 19:40:00,0.0
2020-08-11 19:40:00,0.0
2020-08-11 19:40:00,0.0
2020-08-11 19:40:00,0.0
2020-08-11 19:40:00,0.0
2020-08-11 19:40:00,0.0
2020-08-11 19:40:00,0.0
2020-08-11 19:40:00,0.0
2020-08-11 19:40:00,0.0
2020-08-11 19:40:00,0.0
2020-08-11 19:55:00,0.0
2020-08-11 19:55:00,0.0
2020-08-11 19:55:00,0.0
2020-08-11 19:55:00,0.0
2020-08-11 19:55:00,0.0
2020-08-11 19:55:00,0.0
2020-08-11 19:55:00,0.0
2020-08-11 19:55:00,0.0
2020-08-11 19:55:00,0.0
2020-08-11 19:55:00,0.0
2020-08-11 20:10:00,0.0
2020-08-11 20:10:00,0.0
2020-08-11 20:10:00,0.0
2020-08-11 20:10:00,0.0
2020-08-11 20:10:00,0.0
2020-08-11 20:10:00,0.0
2020-08-11 20:10:00,0.0
2020-08-11 20:10:00,0.0
2020-08-11 20:10:00,0.0
2020-08-11 20:10:00,0.0
2020-08-11 20:25:00,0.0
2020-08-11 20:25:00,0.0
2020-08-11 20:25:00,0.0
2020-08-11 20:25:00,0.0
2020-08-11 20:25:00,0.0
2020-08-11 20:25:00,0.0
2020-08-11 20:25:00,0.0
2020-08-11 20:25:00,0.0
2020-08-11 20:25:00,0.0
2020-08-11 20:25:00,0.0
2020-08-11 20:40:00,0.0
2020-08-11 20:40:00,0.0
2020-08-11 20:40:00,0.0
2020-08-11 20:40:00,0.0
2020-08-11 20:40:00,0.0
2020-08-11 20:40:00,0.0
2020-08-11 20:40:00,0.0
2020-08-11 20:40:00,0.0
2020-08-11 20:40:00,0.0
2020-08-11 20:40:00,0.0
2020-08-11 20:55:00,0.0
2020-08-11 20:55:00,0.0
2020-08-11 20:55:00,0.0
2020-08-11 20:55:00,0.0
2020-08-11 20:55:00,0.0
2020-08-11 20:55:00,0.0
2020-08-11 20:55:00,0.0
2020-08-11 20:55:00,0.0
2020-08-11 20:55:00,0.0
2020-08-11 20:55:00,0.0
2020-08-11 21:10:00,0.0
2020-08-11 21:10:00,0.0
2020-08-11 21:10:00,0.0
2020-08-11 21:10:00,0.0
2020-08-11 21:10:00,0.0
2020-08-11 21:10:00,0.0
2020-08-11 21:10:00,0.0
2020-08-11 21:10:00,0.0
2020-08-11 21:10:00,0.0
2020-08-11 21:10:00,0.0
2020-08-11 21:25:00,0.0
2020-08-11 21:25:00,0.0
2020-08-11 21:25:00,0.0
2020-08-11 21:25:00,0.0
2020-08-11 21:25:00,0.0
2020-08-11 21:25:00,0.0
2020-08-11 21:25:00,0.0
2020-08-11 21:25:00,0.0
2020-08-11 21:25:00,0.0
2020-08-11 21:25:00,0.0
2020-08-11 21:40:00,0.0
2020-08-11 21:40:00,0.0
2020-08-11 21:40:00,0.0
2020-08-11 21:40:00,0.0
2020-08-11 21:40:00,0.0
2020-08-11 21:40:00,0.0
2020-08-11 21:40:00,0.0
2020-08-11 21:40:00,0.0
2020-08-11 21:40:00,0.0
2020-08-11 21:40:00,0.0
2020-08-11 21:55:00,0.0
2020-08-11 21:55:00,0.0
2020-08-11 21:55:00,0.0
2020-08-11 21:55:00,0.0
2020-08-11 21:55:00,0.0
2020-08-11 21:55:00,0.0
2020-08-11 21:55:00,0.0
2020-08-11 21:55:00,0.0
2020-08-11 21:55:00,0.0
2020-08-11 21:55:00,0.0
2020-08-11 22:10:00,0.0
2020-08-11 22:10:00,0.0
2020-08-11 22:10:00,0.0
2020-08-11 22:10:00,0.0
2020-08-11 22:10:00,0.0
2020-08-11 22:10:00,0.0
2020-08-11 22:10:00,0.0
2020-08-11 22:10:00,0.0
2020-08-11 22:10:00,0.0
2020-08-11 22:10:00,0.0
2020-08-11 22:25:00,0.0
2020-08-11 22:25:00,0.0
2020-08-11 22:25:00,0.0
2020-08-11 22:25:00,0.0
2020-08-11 22:25:00,0.0
2020-08-11 22:25:00,0.0
2020-08-11 22:25:00,0.0
2020-08-11 22:25:00,0.0
2020-08-11 22:25:00,0.0
2020-08-11 22:25:00,0.0
2020-08-11 22:40:00,0.0
2020-08-11 22:40:00,0.0
2020-08-11 22:40:00,0.0
2020-08-11 22:40:00,0.0
2020-08-11 22:40:00,0.0
2020-08-11 22:40:00,0.0
2020-08-11 22:40:00,0.0
2020-08-11 22:40:00,0.0
2020-08-11 22:40:00,0.0
2020-08-11 22:40:00,0.0
2020-08-11 22:55:00,0.0
2020-08-11 22:55:00,0.0
2020-08-11 22:55:00,0.0
2020-08-11 22:55:00,0.0
2020-08-11 22:55:00,0.0
2020-08-11 22:55:00,0.0
2020-08-11 22:55:00,0.0
2020-08-11 22:55:00,0.0
2020-08-11 22:55:00,0.0
2020-08-11 22:55:00,0.0
2020-08-11 23:10:00,0.0
2020-08-11 23:10:00,0.0
2020-08-11 23:10:00,0.0
2020-08-11 23:10:00,0.0
2020-08-11 23:10:00,0.0
2020-08-11 23:10:00,0.0
2020-08-11 23:10:00,0.0
2020-08-11 23:10:00,0.0
2020-08-11 23:10:00,0.0
2020-08-11 23:10:00,0.0
2020-08-11 23:25:00,0.0
2020-08-11 23:25:00,0.0
2020-08-11 23:25:00,0.0
2020-08-11 23:25:00,0.0
2020-08-11 23:25:00,0.0
2020-08-11 23:25:00,0.0
2020-08-11 23:25:00,0.0
2020-08-11 23:25:00,0.0
2020-08-11 23:25:00,0.0
2020-08-11 23:25:00,0.0
2020-08-11 23:40:00,0.0
2020-08-11 23:40:00,0.0
2020-08-11 23:40:00,0.0
2020-08-11 23:40:00,0.0
2020-08-11 23:40:00,0.0
2020-08-11 23:40:00,0.0
2020-08-11 23:40:00,0.0
2020-08-11 23:40:00,0.0
2020-08-11 23:40:00,0.0
2020-08-11 23:40:00,0.0
2020-08-11 23:55:00,0.0
2020-08-11 23:55:00,0.0
2020-08-11 23:55:00,0.0
2020-08-11 23:55:00,0.0
2020-08-11 23:55:00,0.0
2020-08-11 23:55:00,0.0
2020-08-11 23:55:00,0.0
2020-08-11 23:55:00,0.0
2020-08-11 23:55:00,0.0
2020-08-11 23:55:00,0.0
2020-08-12 00:10:00,0.0
2020-08-12 00:10:00,0.0
2020-08-12 00:10:00,0.0
2020-08-12 00:10:00,0.0
2020-08-12 00:10:00,0.0
2020-08-12 00:10:00,0.0
2020-08-12 00:10:00,0.0
2020-08-12 00:10:00,0.0
2020-08-12 00:10:00,0.0
2020-08-12 00:10:00,0.0
2020-08-12 00:25:00,0.0
2020-08-12 00:25:00,0.0
2020-08-12 00:25:00,0.0
2020-08-12 00:25:00,0.0
2020-08-12 00:25:00,0.0
2020-08-12 00:25:00,0.0
2020-08-12 00:25:00,0.0
2020-08-12 00:25:00,0.0
2020-08-12 00:25:00,0.0
2020-08-12 00:25:00,0.0
2020-08-12 00:40:00,0.0
2020-08-12 00:40:00,0.0
2020-08-12 00:40:00,0.0
2020-08-12 00:40:00,0.0
2020-08-12 00:40:00,0.0
2020-08-12 00:40:00,0.0
2020-08-12 00:40:00,0.0
2020-08-12 00:40:00,0.0
2020-08-12 00:40:00,0.0
2020-08-12 00:40:00,0.0
2020-08-12 00:55:00,0.0
2020-08-12 00:55:00,0.0
2020-08-12 00:55:00,0.0
2020-08-12 00:55:00,0.0
2020-08-12 00:55:00,0.0
2020-08-12 00:55:00,0.0
2020-08-12 00:55:00,0.0
2020-08-12 00:55:00,0.0
2020-08-12 00:55:00,0.0
2020-08-12 00:55:00,0.0
2020-08-12 01:10:00,0.0
2020-08-12 01:10:00,0.0
2020-08-12 01:10:00,0.0
2020-08-12 01:10:00,0.0
2020-08-12 01:10:00,0.0
2020-08-12 01:10:00,0.0
2020-08-12 01:10:00,0.0
2020-08-12 01:10:00,0.0
2020-08-12 01:10:00,0.0
2020-08-12 01:10:00,0.0
2020-08-12 01:25:00,0.0
2020-08-12 01:25:00,0.0
2020-08-12 01:25:00,0.0
2020-08-12 01:25:00,0.0
2020-08-12 01:25:00,0.0
2020-08-12 01:25:00,0.0
2020-08-12 01:25:00,0.0
2020-08-12 01:25:00,0.0
2020-08-12 01:25:00,0.0
2020-08-12 01:25:00,0.0
2020-08-12 01:40:00,0.0
2020-08-12 01:40:00,0.0
2020-08-12 01:40:00,0.0
2020-08-12 01:40:00,0.0
2020-08-12 01:40:00,0.0
2020-08-12 01:40:00,0.0
2020-08-12 01:40:00,0.0
2020-08-12 01:40:00,0.0
2020-08-12 01:40:00,0.0
2020-08-12 01:40:00,0.0
2020-08-12 01:55:00,0.0
2020-08-12 01:55:00,0.0
2020-08-12 01:55:00,0.0
2020-08-12 01:55:00,0.0
2020-08-12 01:55:00,0.0
2020-08-12 01:55:00,0.0
2020-08-12 01:55:00,0.0
2020-08-12 01:55:00,0.0
2020-08-12 01:55:00,0.0
2020-08-12 01:55:00,0.0
2020-08-12 02:10:00,0.0
2020-08-12 02:10:00,0.0
2020-08-12 02:10:00,0.0
2020-08-12 02:10:00,0.0
2020-08-12 02:10:00,0.0
2020-08-12 02:10:00,0.0
2020-08-12 02:10:00,0.0
2020-08-12 02:10:00,0.0
2020-08-12 02:10:00,0.0
2020-08-12 02:10:00,0.0
2020-08-12 02:25:00,0.0
2020-08-12 02:25:00,0.0
2020-08-12 02:25:00,0.0
2020-08-12 02:25:00,0.0
2020-08-12 02:25:00,0.0
2020-08-12 02:25:00,0.0
2020-08-12 02:25:00,0.0
2020-08-12 02:25:00,0.0
2020-08-12 02:25:00,0.0
2020-08-12 02:25:00,0.0
2020-08-12 02:40:00,0.0
2020-08-12 02:40:00,0.0
2020-08-12 02:40:00,0.0
2020-08-12 02:40:00,0.0
2020-08-12 02:40:00,0.0
2020-08-12 02:40:00,0.0
2020-08-12 02:40:00,0.0
2020-08-12 02:40:00,0.0
2020-08-12 02:40:00,0.0
2020-08-12 02:40:00,0.0
2020-08-12 02:55:00,0.0
2020-08-12 02:55:00,0.0
2020-08-12 02:55:00,0.0
2020-08-12 02:55:00,0.0
2020-08-12 02:55:00,0.0
2020-08-12 02:55:00,0.0
2020-08-12 02:55:00,0.0
2020-08-12 02:55:00,0.0
2020-08-12 02:55:00,0.0
2020-08-12 02:55:00,0.0
2020-08-12 03:10:00,0.0
2020-08-12 03:10:00,0.0
2020-08-12 03:10:00,0.0
2020-08-12 03:10:00,0.0
2020-08-12 03:10:00,0.0
2020-08-12 03:10:00,0.0
2020-08-12 03:10:00,0.0
2020-08-12 03:10:00,0.0
2020-08-12 03:10:00,0.0
2020-08-12 03:10:00,0.0
2020-08-12 03:25:00,0.0
2020-08-12 03:25:00,0.0
2020-08-12 03:25:00,0.0
2020-08-12 03:25:00,0.0
2020-08-12 03:25:00,0.0
2020-08-12 03:25:00,0.0
2020-08-12 03:25:00,0.0
2020-08-12 03:25:00,0.0
2020-08-12 03:25:00,0.0
2020-08-12 03:25:00,0.0
2020-08-12 03:40:00,0.0
2020-08-12 03:40:00,0.0
2020-08-12 03:40:00,0.0
2020-08-12 03:40:00,0.0
2020-08-12 03:40:00,0.0
2020-08-12 03:40:00,0.0
2020-08-12 03:40:00,0.0
2020-08-12 03:40:00,0.0
2020-08-12 03:40:00,0.0
2020-08-12 03:40:00,0.0
2020-08-12 03:55:00,0.0
2020-08-12 03:55:00,0.0
2020-08-12 03:55:00,0.0
2020-08-12 03:55:00,0.0
2020-08-12 03:55:00,0.0
2020-08-12 03:55:00,0.0
2020-08-12 03:55:00,0.0
2020-08-12 03:55:00,0.0
2020-08-12 03:55:00,0.0
2020-08-12 03:55:00,0.0
2020-08-12 04:10:00,0.0
2020-08-12 04:10:00,0.0
2020-08-12 04:10:00,0.0
2020-08-12 04:10:00,0.0
2020-08-12 04:10:00,0.0
2020-08-12 04:10:00,0.0
2020-08-12 04:10:00,0.0
2020-08-12 04:10:00,0.0
2020-08-12 04:10:00,0.0
2020-08-12 04:10:00,0.0
2020-08-12 04:25:00,0.0
2020-08-12 04:25:00,0.0
2020-08-12 04:25:00,0.0
2020-08-12 04:25:00,0.0
2020-08-12 04:25:00,0.0
2020-08-12 04:25:00,0.0
2020-08-12 04:25:00,0.0
2020-08-12 04:25:00,0.0
2020-08-12 04:25:00,0.0
2020-08-12 04:25:00,0.0
2020-08-12 04:40:00,0.0
2020-08-12 04:40:00,0.0
2020-08-12 04:40:00,0.0
2020-08-12 04:40:00,0.0
2020-08-12 04:40:00,0.0
2020-08-12 04:40:00,0.0
2020-08-12 04:40:00,0.0
2020-08-12 04:40:00,0.0
2020-08-12 04:40:00,0.0
2020-08-12 04:40:00,0.0
2020-08-12 04:55:00,0.0
2020-08-12 04:55:00,0.0
2020-08-12 04:55:00,0.0
2020-08-12 04:55:00,0.0
2020-08-12 04:55:00,0.0
2020-08-12 04:55:00,0.0
2020-08-12 04:55:00,0.0
2020-08-12 04:55:00,0.0
2020-08-12 04:55:00,0.0
2020-08-12 04:55:00,0.0
2020-08-12 05:10:00,0.0
2020-08-12 05:10:00,0.0
2020-08-12 05:10:00,0.0
2020-08-12 05:10:00,0.0
2020-08-12 05:10:00,0.0
2020-08-12 05:10:00,0.0
2020-08-12 05:10:00,0.0
2020-08-12 05:10:00,0.0
2020-08-12 05:10:00,0.0
2020-08-12 05:10:00,0.0
2020-08-12 05:25:00,0.0
2020-08-12 05:25:00,0.0
2020-08-12 05:25:00,0.0
2020-08-12 05:25:00,0.0
2020-08-12 05:25:00,0.0
2020-08-12 05:25:00,0.0
2020-08-12 05:25:00,0.0
2020-08-12 05:25:00,0.0
2020-08-12 05:25:00,0.0
2020-08-12 05:25:00,0.0
2020-08-12 05:40:00,0.0
2020-08-12 05:40:00,0.0
2020-08-12 05:40:00,0.0
2020-08-12 05:40:00,0.0
2020-08-12 05:40:00,0.0
2020-08-12 05:40:00,0.0
2020-08-12 05:40:00,0.0
2020-08-12 05:40:00,0.0
2020-08-12 05:40:00,0.0
2020-08-12 05:40:00,0.0
2020-08-12 05:55:00,0.0
2020-08-12 05:55:00,0.0
2020-08-12 05:55:00,0.0
2020-08-12 05:55:00,0.0
2020-08-12 05:55:00,0.0
2020-08-12 05:55:00,0.0
2020-08-12 05:55:00,0.0
2020-08-12 05:55:00,0.0
2020-08-12 05:55:00,0.0
2020-08-12 05:55:00,0.0
2020-08-12 06:10:00,0.0
2020-08-12 06:10:00,0.0
2020-08-12 06:10:00,0.0
2020-08-12 06:10:00,0.0
2020-08-12 06:10:00,0.0
2020-08-12 06:10:00,0.0
2020-08-12 06:10:00,0.0
2020-08-12 06:10:00,0.0
2020-08-12 06:10:00,0.0
2020-08-12 06:10:00,0.0
2020-08-12 06:25:00,0.0
2020-08-12 06:25:00,0.0
2020-08-12 06:25:00,0.0
2020-08-12 06:25:00,0.0
2020-08-12 06:25:00,0.0
2020-08-12 06:25:00,0.0
2020-08-12 06:25:00,0.0
2020-08-12 06:25:00,0.0
2020-08-12 06:25:00,0.0
2020-08-12 06:25:00,0.0
2020-08-12 06:40:00,0.0
2020-08-12 06:40:00,0.0
2020-08-12 06:40:00,0.0
2020-08-12 06:40:00,0.0
2020-08-12 06:40:00,0.0
2020-08-12 06:40:00,0.0
2020-08-12 06:40:00,0.0
2020-08-12 06:40:00,0.0
2020-08-12 06:40:00,0.0
2020-08-12 06:40:00,0.0
2020-08-12 06:55:00,0.0
2020-08-12 06:55:00,0.0
2020-08-12 06:55:00,0.0
2020-08-12 06:55:00,0.0
2020-08-12 06:55:00,0.0
2020-08-12 06:55:00,0.0
2020-08-12 06:55:00,0.0
2020-08-12 06:55:00,0.0
2020-08-12 06:55:00,0.0
2020-08-12 06:55:00,0.0
2020-08-12 07:10:00,0.0
2020-08-12 07:10:00,0.0
2020-08-12 07:10:00,0.0
2020-08-12 07:10:00,0.0
2020-08-12 07:10:00,0.0
2020-08-12 07:10:00,0.0
2020-08-12 07:10:00,0.0
2020-08-12 07:10:00,0.0
2020-08-12 07:10:00,0.0
2020-08-12 07:10:00,0.0
2020-08-12 07:25:00,0.0
2020-08-12 07:25:00,0.0
2020-08-12 07:25:00,0.0
2020-08-12 07:25:00,0.0
2020-08-12 07:25:00,0.0
2020-08-12 07:25:00,0.0
2020-08-12 07:25:00,0.0
2020-08-12 07:25:00,0.0
2020-08-12 07:25:00,0.0
2020-08-12 07:25:00,0.0
2020-08-12 07:40:00,0.0
2020-08-12 07:40:00,0.0
2020-08-12 07:40:00,0.0
2020-08-12 07:40:00,0.0
2020-08-12 07:40:00,0.0
2020-08-12 07:40:00,0.0
2020-08-12 07:40:00,0.0
2020-08-12 07:40:00,0.0
2020-08-12 07:40:00,0.0
2020-08-12 07:40:00,0.0
2020-08-12 07:55:00,0.0
2020-08-12 07:55:00,0.0
2020-08-12 07:55:00,0.0
2020-08-12 07:55:00,0.0
2020-08-12 07:55:00,0.0
2020-08-12 07:55:00,0.0
2020-08-12 07:55:00,0.0
2020-08-12 07:55:00,0.0
2020-08-12 07:55:00,0.0
2020-08-12 07:55:00,0.0
2020-08-12 08:10:00,0.0
2020-08-12 08:10:00,0.0
2020-08-12 08:10:00,0.0
2020-08-12 08:10:00,0.0
2020-08-12 08:10:00,0.0
2020-08-12 08:10:00,0.0
2020-08-12 08:10:00,0.0
2020-08-12 08:10:00,0.0
2020-08-12 08:10:00,0.0
2020-08-12 08:10:00,0.0
2020-08-12 08:25:00,9.74
2020-08-12 08:25:00,9.74
2020-08-12 08:25:00,9.74
2020-08-12 08:25:00,9.74
2020-08-12 08:25:00,9.74
2020-08-12 08:25:00,9.74
2020-08-12 08:25:00,9.74
2020-08-12 08:25:00,9.74
2020-08-12 08:25:00,9.74
2020-08-12 08:25:00,9.74
2020-08-12 08:40:00,19.78
2020-08-12 08:40:00,19.78
2020-08-12 08:40:00,19.78
2020-08-12 08:40:00,19.78
2020-08-12 08:40:00,19.78
2020-08-12 08:40:00,19.78
2020-08-12 08:40:00,19.78
2020-08-12 08:40:00,19.78
2020-08-12 08:40:00,19.78
2020-08-12 08:40:00,19.78
2020-08-12 08:55:00,19.78
2020-08-12 08:55:00,19.78
2020-08-12 08:55:00,19.78
2020-08-12 08:55:00,19.78
2020-08-12 08:55:00,19.78
2020-08-12 08:55:00,19.78
2020-08-12 08:55:00,19.78
2020-08-12 08:55:00,19.78
2020-08-12 08:55:00,19.78
2020-08-12 08:55:00,19.78
2020-08-12 09:10:00,0.0
2020-08-12 09:10:00,0.0
2020-08-12 09:10:00,0.0
2020-08-12 09:10:00,0.0
2020-08-12 09:10:00,0.0
2020-08-12 09:10:00,0.0
2020-08-12 09:10:00,0.0
2020-08-12 09:10:00,0.0
2020-08-12 09:10:00,0.0
2020-08-12 09:10:00,0.0
2020-08-12 09:25:00,0.0
2020-08-12 09:25:00,0.0
2020-08-12 09:25:00,0.0
2020-08-12 09:25:00,0.0
2020-08-12 09:25:00,0.0
2020-08-12 09:25:00,0.0
2020-08-12 09:25:00,0.0
2020-08-12 09:25:00,0.0
2020-08-12 09:25:00,0.0
2020-08-12 09:25:00,0.0
2020-08-12 09:40:00,0.0
2020-08-12 09:40:00,0.0
2020-08-12 09:40:00,0.0
2020-08-12 09:40:00,0.0
2020-08-12 09:40:00,0.0
2020-08-12 09:40:00,0.0
2020-08-12 09:40:00,0.0
2020-08-12 09:40:00,0.0
2020-08-12 09:40:00,0.0
2020-08-12 09:40:00,0.0
2020-08-12 09:55:00,0.0
2020-08-12 09:55:00,0.0
2020-08-12 09:55:00,0.0
2020-08-12 09:55:00,0.0
2020-08-12 09:55:00,0.0
2020-08-12 09:55:00,0.0
2020-08-12 09:55:00,0.0
2020-08-12 09:55:00,0.0
2020-08-12 09:55:00,0.0
2020-08-12 09:55:00,0.0
2020-08-12 10:10:00,0.0
2020-08-12 10:10:00,0.0
2020-08-12 10:10:00,0.0
2020-08-12 10:10:00,0.0
2020-08-12 10:10:00,0.0
2020-08-12 10:10:00,0.0
2020-08-12 10:10:00,0.0
2020-08-12 10:10:00,0.0
2020-08-12 10:10:00,0.0
2020-08-12 10:10:00,0.0
2020-08-12 10:25:00,0.0
2020-08-12 10:25:00,0.0
2020-08-12 10:25:00,0.0
2020-08-12 10:25:00,0.0
2020-08-12 10:25:00,0.0
2020-08-12 10:25:00,0.0
2020-08-12 10:25:00,0.0
2020-08-12 10:25:00,0.0
2020-08-12 10:25:00,0.0
2020-08-12 10:25:00,0.0
2020-08-12 10:40:00,0.0
2020-08-12 10:40:00,0.0
2020-08-12 10:40:00,0.0
2020-08-12 10:40:00,0.0
2020-08-12 10:40:00,0.0
2020-08-12 10:40:00,0.0
2020-08-12 10:40:00,0.0
2020-08-12 10:40:00,0.0
2020-08-12 10:40:00,0.0
2020-08-12 10:40:00,0.0
2020-08-12 10:55:00,0.0
2020-08-12 10:55:00,0.0
2020-08-12 10:55:00,0.0
2020-08-12 10:55:00,0.0
2020-08-12 10:55:00,0.0
2020-08-12 10:55:00,0.0
2020-08-12 10:55:00,0.0
2020-08-12 10:55:00,0.0
2020-08-12 10:55:00,0.0
2020-08-12 10:55:00,0.0
2020-08-12 11:10:00,0.0
2020-08-12 11:10:00,0.0
2020-08-12 11:10:00,0.0
2020-08-12 11:10:00,0.0
2020-08-12 11:10:00,0.0
2020-08-12 11:10:00,0.0
2020-08-12 11:10:00,0.0
2020-08-12 11:10:00,0.0
2020-08-12 11:10:00,0.0
2020-08-12 11:10:00,0.0
2020-08-12 11:25:00,0.0
2020-08-12 11:25:00,0.0
2020-08-12 11:25:00,0.0
2020-08-12 11:25:00,0.0
2020-08-12 11:25:00,0.0
2020-08-12 11:25:00,0.0
2020-08-12 11:25:00,0.0
2020-08-12 11:25:00,0.0
2020-08-12 11:25:00,0.0
2020-08-12 11:25:00,0.0
2020-08-12 11:40:00,0.0
2020-08-12 11:40:00,0.0
2020-08-12 11:40:00,0.0
2020-08-12 11:40:00,0.0
2020-08-12 11:40:00,0.0
2020-08-12 11:40:00,0.0
2020-08-12 11:40:00,0.0
2020-08-12 11:40:00,0.0
2020-08-12 11:40:00,0.0
2020-08-12 11:40:00,0.0
2020-08-12 11:55:00,0.0
2020-08-12 11:55:00,0.0
2020-08-12 11:55:00,0.0
2020-08-12 11:55:00,0.0
2020-08-12 11:55:00,0.0
2020-08-12 11:55:00,0.0
2020-08-12 11:55:00,0.0
2020-08-12 11:55:00,0.0
2020-08-12 11:55:00,0.0
2020-08-12 11:55:00,0.0
2020-08-12 12:10:00,0.0
2020-08-12 12:10:00,0.0
2020-08-12 12:10:00,0.0
2020-08-12 12:10:00,0.0
2020-08-12 12:10:00,0.0
2020-08-12 12:10:00,0.0
2020-08-12 12:10:00,0.0
2020-08-12 12:10:00,0.0
2020-08-12 12:10:00,0.0
2020-08-12 12:10:00,0.0
2020-08-12 12:25:00,71.41
2020-08-12 12:25:00,71.41
2020-08-12 12:25:00,71.41
2020-08-12 12:25:00,71.41
2020-08-12 12:25:00,71.41
2020-08-12 12:25:00,71.41
2020-08-12 12:25:00,71.41
2020-08-12 12:25:00,71.41
2020-08-12 12:25:00,71.41
2020-08-12 12:25:00,71.41
2020-08-12 12:40:00,71.41
2020-08-12 12:40:00,71.41
2020-08-12 12:40:00,71.41
2020-08-12 12:40:00,71.41
2020-08-12 12:40:00,71.41
2020-08-12 12:40:00,71.41
2020-08-12 12:40:00,71.41
2020-08-12 12:40:00,71.41
2020-08-12 12:40:00,71.41
2020-08-12 12:40:00,71.41
2020-08-12 12:55:00,81.2
2020-08-12 12:55:00,81.2
2020-08-12 12:55:00,81.2
2020-08-12 12:55:00,81.2
2020-08-12 12:55:00,81.2
2020-08-12 12:55:00,81.2
2020-08-12 12:55:00,81.2
2020-08-12 12:55:00,81.2
2020-08-12 12:55:00,81.2
2020-08-12 12:55:00,81.2
2020-08-12 13:10:00,90.99
2020-08-12 13:10:00,90.99
2020-08-12 13:10:00,90.99
2020-08-12 13:10:00,90.99
2020-08-12 13:10:00,90.99
2020-08-12 13:10:00,90.99
2020-08-12 13:10:00,90.99
2020-08-12 13:10:00,90.99
2020-08-12 13:10:00,90.99
2020-08-12 13:10:00,90.99
2020-08-12 13:25:00,108.06
2020-08-12 13:25:00,108.06
2020-08-12 13:25:00,108.06
2020-08-12 13:25:00,108.06
2020-08-12 13:25:00,108.06
2020-08-12 13:25:00,108.06
2020-08-12 13:25:00,108.06
2020-08-12 13:25:00,108.06
2020-08-12 13:25:00,108.06
2020-08-12 13:25:00,108.06
2020-08-12 13:40:00,125.14
2020-08-12 13:40:00,125.14
2020-08-12 13:40:00,125.14
2020-08-12 13:40:00,125.14
2020-08-12 13:40:00,125.14
2020-08-12 13:40:00,125.14
2020-08-12 13:40:00,125.14
2020-08-12 13:40:00,125.14
2020-08-12 13:40:00,125.14
2020-08-12 13:40:00,125.14
2020-08-12 13:55:00,119.05
2020-08-12 13:55:00,119.05
2020-08-12 13:55:00,119.05
2020-08-12 13:55:00,119.05
2020-08-12 13:55:00,119.05
2020-08-12 13:55:00,119.05
2020-08-12 13:55:00,119.05
2020-08-12 13:55:00,119.05
2020-08-12 13:55:00,119.05
2020-08-12 13:55:00,119.05
2020-08-12 14:10:00,112.96
2020-08-12 14:10:00,112.96
2020-08-12 14:10:00,112.96
2020-08-12 14:10:00,112.96
2020-08-12 14:10:00,112.96
2020-08-12 14:10:00,112.96
2020-08-12 14:10:00,112.96
2020-08-12 14:10:00,112.96
2020-08-12 14:10:00,112.96
2020-08-12 14:10:00,112.96
2020-08-12 14:25:00,72.45
2020-08-12 14:25:00,72.45
2020-08-12 14:25:00,72.45
2020-08-12 14:25:00,72.45
2020-08-12 14:25:00,72.45
2020-08-12 14:25:00,72.45
2020-08-12 14:25:00,72.45
2020-08-12 14:25:00,72.45
2020-08-12 14:25:00,72.45
2020-08-12 14:25:00,72.45
2020-08-12 14:40:00,31.94
2020-08-12 14:40:00,31.94
2020-08-12 14:40:00,31.94
2020-08-12 14:40:00,31.94
2020-08-12 14:40:00,31.94
2020-08-12 14:40:00,31.94
2020-08-12 14:40:00,31.94
2020-08-12 14:40:00,31.94
2020-08-12 14:40:00,31.94
2020-08-12 14:40:00,31.94
2020-08-12 14:55:00,45.34
2020-08-12 14:55:00,45.34
2020-08-12 14:55:00,45.34
2020-08-12 14:55:00,45.34
2020-08-12 14:55:00,45.34
2020-08-12 14:55:00,45.34
2020-08-12 14:55:00,45.34
2020-08-12 14:55:00,45.34
2020-08-12 14:55:00,45.34
2020-08-12 14:55:00,45.34
2020-08-12 15:10:00,58.74
2020-08-12 15:10:00,58.74
2020-08-12 15:10:00,58.74
2020-08-12 15:10:00,58.74
2020-08-12 15:10:00,58.74
2020-08-12 15:10:00,58.74
2020-08-12 15:10:00,58.74
2020-08-12 15:10:00,58.74
2020-08-12 15:10:00,58.74
2020-08-12 15:10:00,58.74
2020-08-12 15:25:00,47.56
2020-08-12 15:25:00,47.56
2020-08-12 15:25:00,47.56
2020-08-12 15:25:00,47.56
2020-08-12 15:25:00,47.56
2020-08-12 15:25:00,47.56
2020-08-12 15:25:00,47.56
2020-08-12 15:25:00,47.56
2020-08-12 15:25:00,47.56
2020-08-12 15:25:00,47.56
2020-08-12 15:40:00,36.38
2020-08-12 15:40:00,36.38
2020-08-12 15:40:00,36.38
2020-08-12 15:40:00,36.38
2020-08-12 15:40:00,36.38
2020-08-12 15:40:00,36.38
2020-08-12 15:40:00,36.38
2020-08-12 15:40:00,36.38
2020-08-12 15:40:00,36.38
2020-08-12 15:40:00,36.38
2020-08-12 15:55:00,17.15
2020-08-12 15:55:00,17.15
2020-08-12 15:55:00,17.15
2020-08-12 15:55:00,17.15
2020-08-12 15:55:00,17.15
2020-08-12 15:55:00,17.15
2020-08-12 15:55:00,17.15
2020-08-12 15:55:00,17.15
2020-08-12 15:55:00,17.15
2020-08-12 15:55:00,17.15
2020-08-12 16:10:00,0.0
2020-08-12 16:10:00,0.0
2020-08-12 16:10:00,0.0
2020-08-12 16:10:00,0.0
2020-08-12 16:10:00,0.0
2020-08-12 16:10:00,0.0
2020-08-12 16:10:00,0.0
2020-08-12 16:10:00,0.0
2020-08-12 16:10:00,0.0
2020-08-12 16:10:00,0.0
2020-08-12 16:25:00,46.32
2020-08-12 16:25:00,46.32
2020-08-12 16:25:00,46.32
2020-08-12 16:25:00,46.32
2020-08-12 16:25:00,46.32
2020-08-12 16:25:00,46.32
2020-08-12 16:25:00,46.32
2020-08-12 16:25:00,46.32
2020-08-12 16:25:00,46.32
2020-08-12 16:25:00,46.32
2020-08-12 16:40:00,94.71
2020-08-12 16:40:00,94.71
2020-08-12 16:40:00,94.71
2020-08-12 16:40:00,94.71
2020-08-12 16:40:00,94.71
2020-08-12 16:40:00,94.71
2020-08-12 16:40:00,94.71
2020-08-12 16:40:00,94.71
2020-08-12 16:40:00,94.71
2020-08-12 16:40:00,94.71
2020-08-12 16:55:00,159.58
2020-08-12 16:55:00,159.58
2020-08-12 16:55:00,159.58
2020-08-12 16:55:00,159.58
2020-08-12 16:55:00,159.58
2020-08-12 16:55:00,159.58
2020-08-12 16:55:00,159.58
2020-08-12 16:55:00,159.58
2020-08-12 16:55:00,159.58
2020-08-12 16:55:00,159.58
2020-08-12 17:10:00,224.45
2020-08-12 17:10:00,224.45
2020-08-12 17:10:00,224.45
2020-08-12 17:10:00,224.45
2020-08-12 17:10:00,224.45
2020-08-12 17:10:00,224.45
2020-08-12 17:10:00,224.45
2020-08-12 17:10:00,224.45
2020-08-12 17:10:00,224.45
2020-08-12 17:10:00,224.45
2020-08-12 17:25:00,361.44
2020-08-12 17:25:00,361.44
2020-08-12 17:25:00,361.44
2020-08-12 17:25:00,361.44
2020-08-12 17:25:00,361.44
2020-08-12 17:25:00,361.44
2020-08-12 17:25:00,361.44
2020-08-12 17:25:00,361.44
2020-08-12 17:25:00,361.44
2020-08-12 17:25:00,361.44
2020-08-12 17:40:00,498.44
2020-08-12 17:40:00,498.44
2020-08-12 17:40:00,498.44
2020-08-12 17:40:00,498.44
2020-08-12 17:40:00,498.44
2020-08-12 17:40:00,498.44
2020-08-12 17:40:00,498.44
2020-08-12 17:40:00,498.44
2020-08-12 17:40:00,498.44
2020-08-12 17:40:00,498.44
2020-08-12 17:55:00,425.06
2020-08-12 17:55:00,425.06
2020-08-12 17:55:00,425.06
2020-08-12 17:55:00,425.06
2020-08-12 17:55:00,425.06
2020-08-12 17:55:00,425.06
2020-08-12 17:55:00,425.06
2020-08-12 17:55:00,425.06
2020-08-12 17:55:00,425.06
2020-08-12 17:55:00,425.06
2020-08-12 18:10:00,351.67
2020-08-12 18:10:00,351.67
2020-08-12 18:10:00,351.67
2020-08-12 18:10:00,351.67
2020-08-12 18:10:00,351.67
2020-08-12 18:10:00,351.67
2020-08-12 18:10:00,351.67
2020-08-12 18:10:00,351.67
2020-08-12 18:10:00,351.67
2020-08-12 18:10:00,351.67
2020-08-12 18:25:00,322.05
2020-08-12 18:25:00,322.05
2020-08-12 18:25:00,322.05
2020-08-12 18:25:00,322.05
2020-08-12 18:25:00,322.05
2020-08-12 18:25:00,322.05
2020-08-12 18:25:00,322.05
2020-08-12 18:25:00,322.05
2020-08-12 18:25:00,322.05
2020-08-12 18:25:00,322.05
2020-08-12 18:40:00,292.43
2020-08-12 18:40:00,292.43
2020-08-12 18:40:00,292.43
2020-08-12 18:40:00,292.43
2020-08-12 18:40:00,292.43
2020-08-12 18:40:00,292.43
2020-08-12 18:40:00,292.43
2020-08-12 18:40:00,292.43
2020-08-12 18:40:00,292.43
2020-08-12 18:40:00,292.43
2020-08-12 18:55:00,215.28
2020-08-12 18:55:00,215.28
2020-08-12 18:55:00,215.28
2020-08-12 18:55:00,215.28
2020-08-12 18:55:00,215.28
2020-08-12 18:55:00,215.28
2020-08-12 18:55:00,215.28
2020-08-12 18:55:00,215.28
2020-08-12 18:55:00,215.28
2020-08-12 18:55:00,215.28
2020-08-12 19:10:00,138.13
2020-08-12 19:10:00,138.13
2020-08-12 19:10:00,138.13
2020-08-12 19:10:00,138.13
2020-08-12 19:10:00,138.13
2020-08-12 19:10:00,138.13
2020-08-12 19:10:00,138.13
2020-08-12 19:10:00,138.13
2020-08-12 19:10:00,138.13
2020-08-12 19:10:00,138.13
2020-08-12 19:25:00,118.66
2020-08-12 19:25:00,118.66
2020-08-12 19:25:00,118.66
2020-08-12 19:25:00,118.66
2020-08-12 19:25:00,118.66
2020-08-12 19:25:00,118.66
2020-08-12 19:25:00,118.66
2020-08-12 19:25:00,118.66
2020-08-12 19:25:00,118.66
2020-08-12 19:25:00,118.66
2020-08-12 19:40:00,99.2
2020-08-12 19:40:00,99.2
2020-08-12 19:40:00,99.2
2020-08-12 19:40:00,99.2
2020-08-12 19:40:00,99.2
2020-08-12 19:40:00,99.2
2020-08-12 19:40:00,99.2
2020-08-12 19:40:00,99.2
2020-08-12 19:40:00,99.2
2020-08-12 19:40:00,99.2
2020-08-12 19:55:00,76.58
2020-08-12 19:55:00,76.58
2020-08-12 19:55:00,76.58
2020-08-12 19:55:00,76.58
2020-08-12 19:55:00,76.58
2020-08-12 19:55:00,76.58
2020-08-12 19:55:00,76.58
2020-08-12 19:55:00,76.58
2020-08-12 19:55:00,76.58
2020-08-12 19:55:00,76.58
2020-08-12 20:10:00,53.96
2020-08-12 20:10:00,53.96
2020-08-12 20:10:00,53.96
2020-08-12 20:10:00,53.96
2020-08-12 20:10:00,53.96
2020-08-12 20:10:00,53.96
2020-08-12 20:10:00,53.96
2020-08-12 20:10:00,53.96
2020-08-12 20:10:00,53.96
2020-08-12 20:10:00,53.96
2020-08-12 20:25:00,41.24
2020-08-12 20:25:00,41.24
2020-08-12 20:25:00,41.24
2020-08-12 20:25:00,41.24
2020-08-12 20:25:00,41.24
2020-08-12 20:25:00,41.24
2020-08-12 20:25:00,41.24
2020-08-12 20:25:00,41.24
2020-08-12 20:25:00,41.24
2020-08-12 20:25:00,41.24
2020-08-12 20:40:00,28.52
2020-08-12 20:40:00,28.52
2020-08-12 20:40:00,28.52
2020-08-12 20:40:00,28.52
2020-08-12 20:40:00,28.52
2020-08-12 20:40:00,28.52
2020-08-12 20:40:00,28.52
2020-08-12 20:40:00,28.52
2020-08-12 20:40:00,28.52
2020-08-12 20:40:00,28.52
2020-08-12 20:55:00,42.86
2020-08-12 20:55:00,42.86
2020-08-12 20:55:00,42.86
2020-08-12 20:55:00,42.86
2020-08-12 20:55:00,42.86
2020-08-12 20:55:00,42.86
2020-08-12 20:55:00,42.86
2020-08-12 20:55:00,42.86
2020-08-12 20:55:00,42.86
2020-08-12 20:55:00,42.86
2020-08-12 21:10:00,57.2
2020-08-12 21:10:00,57.2
2020-08-12 21:10:00,57.2
2020-08-12 21:10:00,57.2
2020-08-12 21:10:00,57.2
2020-08-12 21:10:00,57.2
2020-08-12 21:10:00,57.2
2020-08-12 21:10:00,57.2
2020-08-12 21:10:00,57.2
2020-08-12 21:10:00,57.2
2020-08-12 21:25:00,39.81
2020-08-12 21:25:00,39.81
2020-08-12 21:25:00,39.81
2020-08-12 21:25:00,39.81
2020-08-12 21:25:00,39.81
2020-08-12 21:25:00,39.81
2020-08-12 21:25:00,39.81
2020-08-12 21:25:00,39.81
2020-08-12 21:25:00,39.81
2020-08-12 21:25:00,39.81
2020-08-12 21:40:00,22.43
2020-08-12 21:40:00,22.43
2020-08-12 21:40:00,22.43
2020-08-12 21:40:00,22.43
2020-08-12 21:40:00,22.43
2020-08-12 21:40:00,22.43
2020-08-12 21:40:00,22.43
2020-08-12 21:40:00,22.43
2020-08-12 21:40:00,22.43
2020-08-12 21:40:00,22.43
2020-08-12 21:55:00,26.49
2020-08-12 21:55:00,26.49
2020-08-12 21:55:00,26.49
2020-08-12 21:55:00,26.49
2020-08-12 21:55:00,26.49
2020-08-12 21:55:00,26.49
2020-08-12 21:55:00,26.49
2020-08-12 21:55:00,26.49
2020-08-12 21:55:00,26.49
2020-08-12 21:55:00,26.49
2020-08-12 22:10:00,30.55
2020-08-12 22:10:00,30.55
2020-08-12 22:10:00,30.55
2020-08-12 22:10:00,30.55
2020-08-12 22:10:00,30.55
2020-08-12 22:10:00,30.55
2020-08-12 22:10:00,30.55
2020-08-12 22:10:00,30.55
2020-08-12 22:10:00,30.55
2020-08-12 22:10:00,30.55
2020-08-12 22:25:00,67.32
2020-08-12 22:25:00,67.32
2020-08-12 22:25:00,67.32
2020-08-12 22:25:00,67.32
2020-08-12 22:25:00,67.32
2020-08-12 22:25:00,67.32
2020-08-12 22:25:00,67.32
2020-08-12 22:25:00,67.32
2020-08-12 22:25:00,67.32
2020-08-12 22:25:00,67.32
2020-08-12 22:40:00,104.1
2020-08-12 22:40:00,104.1
2020-08-12 22:40:00,104.1
2020-08-12 22:40:00,104.1
2020-08-12 22:40:00,104.1
2020-08-12 22:40:00,104.1
2020-08-12 22:40:00,104.1
2020-08-12 22:40:00,104.1
2020-08-12 22:40:00,104.1
2020-08-12 22:40:00,104.1
2020-08-12 22:55:00,117.38
2020-08-12 22:55:00,117.38
2020-08-12 22:55:00,117.38
2020-08-12 22:55:00,117.38
2020-08-12 22:55:00,117.38
2020-08-12 22:55:00,117.38
2020-08-12 22:55:00,117.38
2020-08-12 22:55:00,117.38
2020-08-12 22:55:00,117.38
2020-08-12 22:55:00,117.38
2020-08-12 23:10:00,130.66
2020-08-12 23:10:00,130.66
2020-08-12 23:10:00,130.66
2020-08-12 23:10:00,130.66
2020-08-12 23:10:00,130.66
2020-08-12 23:10:00,130.66
2020-08-12 23:10:00,130.66
2020-08-12 23:10:00,130.66
2020-08-12 23:10:00,130.66
2020-08-12 23:10:00,130.66
2020-08-12 23:25:00,72.28
2020-08-12 23:25:00,72.28
2020-08-12 23:25:00,72.28
2020-08-12 23:25:00,72.28
2020-08-12 23:25:00,72.28
2020-08-12 23:25:00,72.28
2020-08-12 23:25:00,72.28
2020-08-12 23:25:00,72.28
2020-08-12 23:25:00,72.28
2020-08-12 23:25:00,72.28
2020-08-12 23:40:00,13.89
2020-08-12 23:40:00,13.89
2020-08-12 23:40:00,13.89
2020-08-12 23:40:00,13.89
2020-08-12 23:40:00,13.89
2020-08-12 23:40:00,13.89
2020-08-12 23:40:00,13.89
2020-08-12 23:40:00,13.89
2020-08-12 23:40:00,13.89
2020-08-12 23:40:00,13.89
2020-08-12 23:55:00,13.89
2020-08-12 23:55:00,13.89
2020-08-12 23:55:00,13.89
2020-08-12 23:55:00,13.89
2020-08-12 23:55:00,13.89
2020-08-12 23:55:00,13.89
2020-08-12 23:55:00,13.89
2020-08-12 23:55:00,13.89
2020-08-12 23:55:00,13.89
2020-08-12 23:55:00,13.89
2020-08-13 00:10:00,0.0
2020-08-13 00:10:00,0.0
2020-08-13 00:10:00,0.0
2020-08-13 00:10:00,0.0
2020-08-13 00:10:00,0.0
2020-08-13 00:10:00,0.0
2020-08-13 00:10:00,0.0
2020-08-13 00:10:00,0.0
2020-08-13 00:10:00,0.0
2020-08-13 00:10:00,0.0
2020-08-13 00:25:00,0.0
2020-08-13 00:25:00,0.0
2020-08-13 00:25:00,0.0
2020-08-13 00:25:00,0.0
2020-08-13 00:25:00,0.0
2020-08-13 00:25:00,0.0
2020-08-13 00:25:00,0.0
2020-08-13 00:25:00,0.0
2020-08-13 00:25:00,0.0
2020-08-13 00:25:00,0.0
2020-08-13 00:40:00,0.0
2020-08-13 00:40:00,0.0
2020-08-13 00:40:00,0.0
2020-08-13 00:40:00,0.0
2020-08-13 00:40:00,0.0
2020-08-13 00:40:00,0.0
2020-08-13 00:40:00,0.0
2020-08-13 00:40:00,0.0
2020-08-13 00:40:00,0.0
2020-08-13 00:40:00,0.0
2020-08-13 00:55:00,0.0
2020-08-13 00:55:00,0.0
2020-08-13 00:55:00,0.0
2020-08-13 00:55:00,0.0
2020-08-13 00:55:00,0.0
2020-08-13 00:55:00,0.0
2020-08-13 00:55:00,0.0
2020-08-13 00:55:00,0.0
2020-08-13 00:55:00,0.0
2020-08-13 00:55:00,0.0
2020-08-13 01:10:00,0.0
2020-08-13 01:10:00,0.0
2020-08-13 01:10:00,0.0
2020-08-13 01:10:00,0.0
2020-08-13 01:10:00,0.0
2020-08-13 01:10:00,0.0
2020-08-13 01:10:00,0.0
2020-08-13 01:10:00,0.0
2020-08-13 01:10:00,0.0
2020-08-13 01:10:00,0.0
2020-08-13 01:25:00,0.0
2020-08-13 01:25:00,0.0
2020-08-13 01:25:00,0.0
2020-08-13 01:25:00,0.0
2020-08-13 01:25:00,0.0
2020-08-13 01:25:00,0.0
2020-08-13 01:25:00,0.0
2020-08-13 01:25:00,0.0
2020-08-13 01:25:00,0.0
2020-08-13 01:25:00,0.0
2020-08-13 01:40:00,0.0
2020-08-13 01:40:00,0.0
2020-08-13 01:40:00,0.0
2020-08-13 01:40:00,0.0
2020-08-13 01:40:00,0.0
2020-08-13 01:40:00,0.0
2020-08-13 01:40:00,0.0
2020-08-13 01:40:00,0.0
2020-08-13 01:40:00,0.0
2020-08-13 01:40:00,0.0
2020-08-13 01:55:00,103.65
2020-08-13 01:55:00,103.65
2020-08-13 01:55:00,103.65
2020-08-13 01:55:00,103.65
2020-08-13 01:55:00,103.65
2020-08-13 01:55:00,103.65
2020-08-13 01:55:00,103.65
2020-08-13 01:55:00,103.65
2020-08-13 01:55:00,103.65
2020-08-13 01:55:00,103.65
2020-08-13 02:10:00,207.6
2020-08-13 02:10:00,207.6
2020-08-13 02:10:00,207.6
2020-08-13 02:10:00,207.6
2020-08-13 02:10:00,207.6
2020-08-13 02:10:00,207.6
2020-08-13 02:10:00,207.6
2020-08-13 02:10:00,207.6
2020-08-13 02:10:00,207.6
2020-08-13 02:10:00,207.6
2020-08-13 02:25:00,211.64
2020-08-13 02:25:00,211.64
2020-08-13 02:25:00,211.64
2020-08-13 02:25:00,211.64
2020-08-13 02:25:00,211.64
2020-08-13 02:25:00,211.64
2020-08-13 02:25:00,211.64
2020-08-13 02:25:00,211.64
2020-08-13 02:25:00,211.64
2020-08-13 02:25:00,211.64
2020-08-13 02:40:00,215.68
2020-08-13 02:40:00,215.68
2020-08-13 02:40:00,215.68
2020-08-13 02:40:00,215.68
2020-08-13 02:40:00,215.68
2020-08-13 02:40:00,215.68
2020-08-13 02:40:00,215.68
2020-08-13 02:40:00,215.68
2020-08-13 02:40:00,215.68
2020-08-13 02:40:00,215.68
2020-08-13 02:55:00,225.89
2020-08-13 02:55:00,225.89
2020-08-13 02:55:00,225.89
2020-08-13 02:55:00,225.89
2020-08-13 02:55:00,225.89
2020-08-13 02:55:00,225.89
2020-08-13 02:55:00,225.89
2020-08-13 02:55:00,225.89
2020-08-13 02:55:00,225.89
2020-08-13 02:55:00,225.89
2020-08-13 03:10:00,236.1
2020-08-13 03:10:00,236.1
2020-08-13 03:10:00,236.1
2020-08-13 03:10:00,236.1
2020-08-13 03:10:00,236.1
2020-08-13 03:10:00,236.1
2020-08-13 03:10:00,236.1
2020-08-13 03:10:00,236.1
2020-08-13 03:10:00,236.1
2020-08-13 03:10:00,236.1
2020-08-13 03:25:00,162.53
2020-08-13 03:25:00,162.53
2020-08-13 03:25:00,162.53
2020-08-13 03:25:00,162.53
2020-08-13 03:25:00,162.53
2020-08-13 03:25:00,162.53
2020-08-13 03:25:00,162.53
2020-08-13 03:25:00,162.53
2020-08-13 03:25:00,162.53
2020-08-13 03:25:00,162.53
2020-08-13 03:40:00,88.96
2020-08-13 03:40:00,88.96
2020-08-13 03:40:00,88.96
2020-08-13 03:40:00,88.96
2020-08-13 03:40:00,88.96
2020-08-13 03:40:00,88.96
2020-08-13 03:40:00,88.96
2020-08-13 03:40:00,88.96
2020-08-13 03:40:00,88.96
2020-08-13 03:40:00,88.96
2020-08-13 03:55:00,84.0
2020-08-13 03:55:00,84.0
2020-08-13 03:55:00,84.0
2020-08-13 03:55:00,84.0
2020-08-13 03:55:00,84.0
2020-08-13 03:55:00,84.0
2020-08-13 03:55:00,84.0
2020-08-13 03:55:00,84.0
2020-08-13 03:55:00,84.0
2020-08-13 03:55:00,84.0
2020-08-13 04:10:00,79.05
2020-08-13 04:10:00,79.05
2020-08-13 04:10:00,79.05
2020-08-13 04:10:00,79.05
2020-08-13 04:10:00,79.05
2020-08-13 04:10:00,79.05
2020-08-13 04:10:00,79.05
2020-08-13 04:10:00,79.05
2020-08-13 04:10:00,79.05
2020-08-13 04:10:00,79.05
2020-08-13 04:25:00,79.05
2020-08-13 04:25:00,79.05
2020-08-13 04:25:00,79.05
2020-08-13 04:25:00,79.05
2020-08-13 04:25:00,79.05
2020-08-13 04:25:00,79.05
2020-08-13 04:25:00,79.05
2020-08-13 04:25:00,79.05
2020-08-13 04:25:00,79.05
2020-08-13 04:25:00,79.05
2020-08-13 04:40:00,0.0
2020-08-13 04:40:00,0.0
2020-08-13 04:40:00,0.0
2020-08-13 04:40:00,0.0
2020-08-13 04:40:00,0.0
2020-08-13 04:40:00,0.0
2020-08-13 04:40:00,0.0
2020-08-13 04:40:00,0.0
2020-08-13 04:40:00,0.0
2020-08-13 04:40:00,0.0
2020-08-13 04:55:00,0.0
2020-08-13 04:55:00,0.0
2020-08-13 04:55:00,0.0
2020-08-13 04:55:00,0.0
2020-08-13 04:55:00,0.0
2020-08-13 04:55:00,0.0
2020-08-13 04:55:00,0.0
2020-08-13 04:55:00,0.0
2020-08-13 04:55:00,0.0
2020-08-13 04:55:00,0.0
2020-08-13 05:10:00,0.0
2020-08-13 05:10:00,0.0
2020-08-13 05:10:00,0.0
2020-08-13 05:10:00,0.0
2020-08-13 05:10:00,0.0
2020-08-13 05:10:00,0.0
2020-08-13 05:10:00,0.0
2020-08-13 05:10:00,0.0
2020-08-13 05:10:00,0.0
2020-08-13 05:10:00,0.0
2020-08-13 05:25:00,0.0
2020-08-13 05:25:00,0.0
2020-08-13 05:25:00,0.0
2020-08-13 05:25:00,0.0
2020-08-13 05:25:00,0.0
2020-08-13 05:25:00,0.0
2020-08-13 05:25:00,0.0
2020-08-13 05:25:00,0.0
2020-08-13 05:25:00,0.0
2020-08-13 05:25:00,0.0
2020-08-13 05:40:00,0.0
2020-08-13 05:40:00,0.0
2020-08-13 05:40:00,0.0
2020-08-13 05:40:00,0.0
2020-08-13 05:40:00,0.0
2020-08-13 05:40:00,0.0
2020-08-13 05:40:00,0.0
2020-08-13 05:40:00,0.0
2020-08-13 05:40:00,0.0
2020-08-13 05:40:00,0.0
2020-08-13 05:55:00,0.0
2020-08-13 05:55:00,0.0
2020-08-13 05:55:00,0.0
2020-08-13 05:55:00,0.0
2020-08-13 05:55:00,0.0
2020-08-13 05:55:00,0.0
2020-08-13 05:55:00,0.0
2020-08-13 05:55:00,0.0
2020-08-13 05:55:00,0.0
2020-08-13 05:55:00,0.0
2020-08-13 06:10:00,0.0
2020-08-13 06:10:00,0.0
2020-08-13 06:10:00,0.0
2020-08-13 06:10:00,0.0
2020-08-13 06:10:00,0.0
2020-08-13 06:10:00,0.0
2020-08-13 06:10:00,0.0
2020-08-13 06:10:00,0.0
2020-08-13 06:10:00,0.0
2020-08-13 06:10:00,0.0
2020-08-13 06:25:00,136.53
2020-08-13 06:25:00,136.53
2020-08-13 06:25:00,136.53
2020-08-13 06:25:00,136.53
2020-08-13 06:25:00,136.53
2020-08-13 06:25:00,136.53
2020-08-13 06:25:00,136.53
2020-08-13 06:25:00,136.53
2020-08-13 06:25:00,136.53
2020-08-13 06:25:00,136.53
2020-08-13 06:40:00,136.53
2020-08-13 06:40:00,136.53
2020-08-13 06:40:00,136.53
2020-08-13 06:40:00,136.53
2020-08-13 06:40:00,136.53
2020-08-13 06:40:00,136.53
2020-08-13 06:40:00,136.53
2020-08-13 06:40:00,136.53
2020-08-13 06:40:00,136.53
2020-08-13 06:40:00,136.53
2020-08-13 06:55:00,67.14
2020-08-13 06:55:00,67.14
2020-08-13 06:55:00,67.14
2020-08-13 06:55:00,67.14
2020-08-13 06:55:00,67.14
2020-08-13 06:55:00,67.14
2020-08-13 06:55:00,67.14
2020-08-13 06:55:00,67.14
2020-08-13 06:55:00,67.14
2020-08-13 06:55:00,67.14
2020-08-13 07:10:00,0.0
2020-08-13 07:10:00,0.0
2020-08-13 07:10:00,0.0
2020-08-13 07:10:00,0.0
2020-08-13 07:10:00,0.0
2020-08-13 07:10:00,0.0
2020-08-13 07:10:00,0.0
2020-08-13 07:10:00,0.0
2020-08-13 07:10:00,0.0
2020-08-13 07:10:00,0.0
2020-08-13 07:25:00,0.0
2020-08-13 07:25:00,0.0
2020-08-13 07:25:00,0.0
2020-08-13 07:25:00,0.0
2020-08-13 07:25:00,0.0
2020-08-13 07:25:00,0.0
2020-08-13 07:25:00,0.0
2020-08-13 07:25:00,0.0
2020-08-13 07:25:00,0.0
2020-08-13 07:25:00,0.0
2020-08-13 07:40:00,0.0
2020-08-13 07:40:00,0.0
2020-08-13 07:40:00,0.0
2020-08-13 07:40:00,0.0
2020-08-13 07:40:00,0.0
2020-08-13 07:40:00,0.0
2020-08-13 07:40:00,0.0
2020-08-13 07:40:00,0.0
2020-08-13 07:40:00,0.0
2020-08-13 07:40:00,0.0
2020-08-13 07:55:00,0.0
2020-08-13 07:55:00,0.0
2020-08-13 07:55:00,0.0
2020-08-13 07:55:00,0.0
2020-08-13 07:55:00,0.0
2020-08-13 07:55:00,0.0
2020-08-13 07:55:00,0.0
2020-08-13 07:55:00,0.0
2020-08-13 07:55:00,0.0
2020-08-13 07:55:00,0.0
2020-08-13 08:10:00,0.0
2020-08-13 08:10:00,0.0
2020-08-13 08:10:00,0.0
2020-08-13 08:10:00,0.0
2020-08-13 08:10:00,0.0
2020-08-13 08:10:00,0.0
2020-08-13 08:10:00,0.0
2020-08-13 08:10:00,0.0
2020-08-13 08:10:00,0.0
2020-08-13 08:10:00,0.0
2020-08-13 08:25:00,0.0
2020-08-13 08:25:00,0.0
2020-08-13 08:25:00,0.0
2020-08-13 08:25:00,0.0
2020-08-13 08:25:00,0.0
2020-08-13 08:25:00,0.0
2020-08-13 08:25:00,0.0
2020-08-13 08:25:00,0.0
2020-08-13 08:25:00,0.0
2020-08-13 08:25:00,0.0
2020-08-13 08:40:00,0.0
2020-08-13 08:40:00,0.0
2020-08-13 08:40:00,0.0
2020-08-13 08:40:00,0.0
2020-08-13 08:40:00,0.0
2020-08-13 08:40:00,0.0
2020-08-13 08:40:00,0.0
2020-08-13 08:40:00,0.0
2020-08-13 08:40:00,0.0
2020-08-13 08:40:00,0.0
2020-08-13 08:55:00,43.91
2020-08-13 08:55:00,43.91
2020-08-13 08:55:00,43.91
2020-08-13 08:55:00,43.91
2020-08-13 08:55:00,43.91
2020-08-13 08:55:00,43.91
2020-08-13 08:55:00,43.91
2020-08-13 08:55:00,43.91
2020-08-13 08:55:00,43.91
2020-08-13 08:55:00,43.91
2020-08-13 09:10:00,43.91
2020-08-13 09:10:00,43.91
2020-08-13 09:10:00,43.91
2020-08-13 09:10:00,43.91
2020-08-13 09:10:00,43.91
2020-08-13 09:10:00,43.91
2020-08-13 09:10:00,43.91
2020-08-13 09:10:00,43.91
2020-08-13 09:10:00,43.91
2020-08-13 09:10:00,43.91
2020-08-13 09:25:00,43.91
2020-08-13 09:25:00,43.91
2020-08-13 09:25:00,43.91
2020-08-13 09:25:00,43.91
2020-08-13 09:25:00,43.91
2020-08-13 09:25:00,43.91
2020-08-13 09:25:00,43.91
2020-08-13 09:25:00,43.91
2020-08-13 09:25:00,43.91
2020-08-13 09:25:00,43.91
2020-08-13 09:40:00,0.0
2020-08-13 09:40:00,0.0
2020-08-13 09:40:00,0.0
2020-08-13 09:40:00,0.0
2020-08-13 09:40:00,0.0
2020-08-13 09:40:00,0.0
2020-08-13 09:40:00,0.0
2020-08-13 09:40:00,0.0
2020-08-13 09:40:00,0.0
2020-08-13 09:40:00,0.0
2020-08-13 09:55:00,0.0
2020-08-13 09:55:00,0.0
2020-08-13 09:55:00,0.0
2020-08-13 09:55:00,0.0
2020-08-13 09:55:00,0.0
2020-08-13 09:55:00,0.0
2020-08-13 09:55:00,0.0
2020-08-13 09:55:00,0.0
2020-08-13 09:55:00,0.0
2020-08-13 09:55:00,0.0
2020-08-13 10:10:00,0.0
2020-08-13 10:10:00,0.0
2020-08-13 10:10:00,0.0
2020-08-13 10:10:00,0.0
2020-08-13 10:10:00,0.0
2020-08-13 10:10:00,0.0
2020-08-13 10:10:00,0.0
2020-08-13 10:10:00,0.0
2020-08-13 10:10:00,0.0
2020-08-13 10:10:00,0.0
2020-08-13 10:25:00,0.0
2020-08-13 10:25:00,0.0
2020-08-13 10:25:00,0.0
2020-08-13 10:25:00,0.0
2020-08-13 10:25:00,0.0
2020-08-13 10:25:00,0.0
2020-08-13 10:25:00,0.0
2020-08-13 10:25:00,0.0
2020-08-13 10:25:00,0.0
2020-08-13 10:25:00,0.0
2020-08-13 10:40:00,0.0
2020-08-13 10:40:00,0.0
2020-08-13 10:40:00,0.0
2020-08-13 10:40:00,0.0
2020-08-13 10:40:00,0.0
2020-08-13 10:40:00,0.0
2020-08-13 10:40:00,0.0
2020-08-13 10:40:00,0.0
2020-08-13 10:40:00,0.0
2020-08-13 10:40:00,0.0
2020-08-13 10:55:00,0.0
2020-08-13 10:55:00,0.0
2020-08-13 10:55:00,0.0
2020-08-13 10:55:00,0.0
2020-08-13 10:55:00,0.0
2020-08-13 10:55:00,0.0
2020-08-13 10:55:00,0.0
2020-08-13 10:55:00,0.0
2020-08-13 10:55:00,0.0
2020-08-13 10:55:00,0.0
2020-08-13 11:10:00,0.0
2020-08-13 11:10:00,0.0
2020-08-13 11:10:00,0.0
2020-08-13 11:10:00,0.0
2020-08-13 11:10:00,0.0
2020-08-13 11:10:00,0.0
2020-08-13 11:10:00,0.0
2020-08-13 11:10:00,0.0
2020-08-13 11:10:00,0.0
2020-08-13 11:10:00,0.0
2020-08-13 11:25:00,0.0
2020-08-13 11:25:00,0.0
2020-08-13 11:25:00,0.0
2020-08-13 11:25:00,0.0
2020-08-13 11:25:00,0.0
2020-08-13 11:25:00,0.0
2020-08-13 11:25:00,0.0
2020-08-13 11:25:00,0.0
2020-08-13 11:25:00,0.0
2020-08-13 11:25:00,0.0
2020-08-13 11:40:00,0.0
2020-08-13 11:40:00,0.0
2020-08-13 11:40:00,0.0
2020-08-13 11:40:00,0.0
2020-08-13 11:40:00,0.0
2020-08-13 11:40:00,0.0
2020-08-13 11:40:00,0.0
2020-08-13 11:40:00,0.0
2020-08-13 11:40:00,0.0
2020-08-13 11:40:00,0.0
2020-08-13 11:55:00,150.33
2020-08-13 11:55:00,150.33
2020-08-13 11:55:00,150.33
2020-08-13 11:55:00,150.33
2020-08-13 11:55:00,150.33
2020-08-13 11:55:00,150.33
2020-08-13 11:55:00,150.33
2020-08-13 11:55:00,150.33
2020-08-13 11:55:00,150.33
2020-08-13 11:55:00,150.33
2020-08-13 12:10:00,150.33
2020-08-13 12:10:00,150.33
2020-08-13 12:10:00,150.33
2020-08-13 12:10:00,150.33
2020-08-13 12:10:00,150.33
2020-08-13 12:10:00,150.33
2020-08-13 12:10:00,150.33
2020-08-13 12:10:00,150.33
2020-08-13 12:10:00,150.33
2020-08-13 12:10:00,150.33
2020-08-13 12:25:00,119.14
2020-08-13 12:25:00,119.14
2020-08-13 12:25:00,119.14
2020-08-13 12:25:00,119.14
2020-08-13 12:25:00,119.14
2020-08-13 12:25:00,119.14
2020-08-13 12:25:00,119.14
2020-08-13 12:25:00,119.14
2020-08-13 12:25:00,119.14
2020-08-13 12:25:00,119.14
2020-08-13 12:40:00,87.94
2020-08-13 12:40:00,87.94
2020-08-13 12:40:00,87.94
2020-08-13 12:40:00,87.94
2020-08-13 12:40:00,87.94
2020-08-13 12:40:00,87.94
2020-08-13 12:40:00,87.94
2020-08-13 12:40:00,87.94
2020-08-13 12:40:00,87.94
2020-08-13 12:40:00,87.94
2020-08-13 12:55:00,57.15
2020-08-13 12:55:00,57.15
2020-08-13 12:55:00,57.15
2020-08-13 12:55:00,57.15
2020-08-13 12:55:00,57.15
2020-08-13 12:55:00,57.15
2020-08-13 12:55:00,57.15
2020-08-13 12:55:00,57.15
2020-08-13 12:55:00,57.15
2020-08-13 12:55:00,57.15
2020-08-13 13:10:00,26.36
2020-08-13 13:10:00,26.36
2020-08-13 13:10:00,26.36
2020-08-13 13:10:00,26.36
2020-08-13 13:10:00,26.36
2020-08-13 13:10:00,26.36
2020-08-13 13:10:00,26.36
2020-08-13 13:10:00,26.36
2020-08-13 13:10:00,26.36
2020-08-13 13:10:00,26.36
2020-08-13 13:25:00,14.98
2020-08-13 13:25:00,14.98
2020-08-13 13:25:00,14.98
2020-08-13 13:25:00,14.98
2020-08-13 13:25:00,14.98
2020-08-13 13:25:00,14.98
2020-08-13 13:25:00,14.98
2020-08-13 13:25:00,14.98
2020-08-13 13:25:00,14.98
2020-08-13 13:25:00,14.98
2020-08-13 13:40:00,3.6
2020-08-13 13:40:00,3.6
2020-08-13 13:40:00,3.6
2020-08-13 13:40:00,3.6
2020-08-13 13:40:00,3.6
2020-08-13 13:40:00,3.6
2020-08-13 13:40:00,3.6
2020-08-13 13:40:00,3.6
2020-08-13 13:40:00,3.6
2020-08-13 13:40:00,3.6
2020-08-13 13:55:00,3.6
2020-08-13 13:55:00,3.6
2020-08-13 13:55:00,3.6
2020-08-13 13:55:00,3.6
2020-08-13 13:55:00,3.6
2020-08-13 13:55:00,3.6
2020-08-13 13:55:00,3.6
2020-08-13 13:55:00,3.6
2020-08-13 13:55:00,3.6
2020-08-13 13:55:00,3.6
2020-08-13 14:10:00,0.0
2020-08-13 14:10:00,0.0
2020-08-13 14:10:00,0.0
2020-08-13 14:10:00,0.0
2020-08-13 14:10:00,0.0
2020-08-13 14:10:00,0.0
2020-08-13 14:10:00,0.0
2020-08-13 14:10:00,0.0
2020-08-13 14:10:00,0.0
2020-08-13 14:10:00,0.0
2020-08-13 14:25:00,0.0
2020-08-13 14:25:00,0.0
2020-08-13 14:25:00,0.0
2020-08-13 14:25:00,0.0
2020-08-13 14:25:00,0.0
2020-08-13 14:25:00,0.0
2020-08-13 14:25:00,0.0
2020-08-13 14:25:00,0.0
2020-08-13 14:25:00,0.0
2020-08-13 14:25:00,0.0
2020-08-13 14:40:00,0.0
2020-08-13 14:40:00,0.0
2020-08-13 14:40:00,0.0
2020-08-13 14:40:00,0.0
2020-08-13 14:40:00,0.0
2020-08-13 14:40:00,0.0
2020-08-13 14:40:00,0.0
2020-08-13 14:40:00,0.0
2020-08-13 14:40:00,0.0
2020-08-13 14:40:00,0.0
2020-08-13 14:55:00,0.0
2020-08-13 14:55:00,0.0
2020-08-13 14:55:00,0.0
2020-08-13 14:55:00,0.0
2020-08-13 14:55:00,0.0
2020-08-13 14:55:00,0.0
2020-08-13 14:55:00,0.0
2020-08-13 14:55:00,0.0
2020-08-13 14:55:00,0.0
2020-08-13 14:55:00,0.0
2020-08-13 15:10:00,0.0
2020-08-13 15:10:00,0.0
2020-08-13 15:10:00,0.0
2020-08-13 15:10:00,0.0
2020-08-13 15:10:00,0.0
2020-08-13 15:10:00,0.0
2020-08-13 15:10:00,0.0
2020-08-13 15:10:00,0.0
2020-08-13 15:10:00,0.0
2020-08-13 15:10:00,0.0
2020-08-13 15:25:00,106.9
2020-08-13 15:25:00,106.9
2020-08-13 15:25:00,106.9
2020-08-13 15:25:00,106.9
2020-08-13 15:25:00,106.9
2020-08-13 15:25:00,106.9
2020-08-13 15:25:00,106.9
2020-08-13 15:25:00,106.9
2020-08-13 15:25:00,106.9
2020-08-13 15:25:00,106.9
2020-08-13 15:40:00,214.1
2020-08-13 15:40:00,214.1
2020-08-13 15:40:00,214.1
2020-08-13 15:40:00,214.1
2020-08-13 15:40:00,214.1
2020-08-13 15:40:00,214.1
2020-08-13 15:40:00,214.1
2020-08-13 15:40:00,214.1
2020-08-13 15:40:00,214.1
2020-08-13 15:40:00,214.1
2020-08-13 15:55:00,214.1
2020-08-13 15:55:00,214.1
2020-08-13 15:55:00,214.1
2020-08-13 15:55:00,214.1
2020-08-13 15:55:00,214.1
2020-08-13 15:55:00,214.1
2020-08-13 15:55:00,214.1
2020-08-13 15:55:00,214.1
2020-08-13 15:55:00,214.1
2020-08-13 15:55:00,214.1
2020-08-13 16:10:00,0.0
2020-08-13 16:10:00,0.0
2020-08-13 16:10:00,0.0
2020-08-13 16:10:00,0.0
2020-08-13 16:10:00,0.0
2020-08-13 16:10:00,0.0
2020-08-13 16:10:00,0.0
2020-08-13 16:10:00,0.0
2020-08-13 16:10:00,0.0
2020-08-13 16:10:00,0.0
2020-08-13 16:25:00,54.62
2020-08-13 16:25:00,54.62
2020-08-13 16:25:00,54.62
2020-08-13 16:25:00,54.62
2020-08-13 16:25:00,54.62
2020-08-13 16:25:00,54.62
2020-08-13 16:25:00,54.62
2020-08-13 16:25:00,54.62
2020-08-13 16:25:00,54.62
2020-08-13 16:25:00,54.62
2020-08-13 16:40:00,54.62
2020-08-13 16:40:00,54.62
2020-08-13 16:40:00,54.62
2020-08-13 16:40:00,54.62
2020-08-13 16:40:00,54.62
2020-08-13 16:40:00,54.62
2020-08-13 16:40:00,54.62
2020-08-13 16:40:00,54.62
2020-08-13 16:40:00,54.62
2020-08-13 16:40:00,54.62
2020-08-13 16:55:00,307.31
2020-08-13 16:55:00,307.31
2020-08-13 16:55:00,307.31
2020-08-13 16:55:00,307.31
2020-08-13 16:55:00,307.31
2020-08-13 16:55:00,307.31
2020-08-13 16:55:00,307.31
2020-08-13 16:55:00,307.31
2020-08-13 16:55:00,307.31
2020-08-13 16:55:00,307.31
2020-08-13 17:10:00,560.0
2020-08-13 17:10:00,560.0
2020-08-13 17:10:00,560.0
2020-08-13 17:10:00,560.0
2020-08-13 17:10:00,560.0
2020-08-13 17:10:00,560.0
2020-08-13 17:10:00,560.0
2020-08-13 17:10:00,560.0
2020-08-13 17:10:00,560.0
2020-08-13 17:10:00,560.0
2020-08-13 17:25:00,580.0
2020-08-13 17:25:00,580.0
2020-08-13 17:25:00,580.0
2020-08-13 17:25:00,580.0
2020-08-13 17:25:00,580.0
2020-08-13 17:25:00,580.0
2020-08-13 17:25:00,580.0
2020-08-13 17:25:00,580.0
2020-08-13 17:25:00,580.0
2020-08-13 17:25:00,580.0
2020-08-13 17:40:00,600.0
2020-08-13 17:40:00,600.0
2020-08-13 17:40:00,600.0
2020-08-13 17:40:00,600.0
2020-08-13 17:40:00,600.0
2020-08-13 17:40:00,600.0
2020-08-13 17:40:00,600.0
2020-08-13 17:40:00,600.0
2020-08-13 17:40:00,600.0
2020-08-13 17:40:00,600.0
2020-08-13 17:55:00,373.16
2020-08-13 17:55:00,373.16
2020-08-13 17:55:00,373.16
2020-08-13 17:55:00,373.16
2020-08-13 17:55:00,373.16
2020-08-13 17:55:00,373.16
2020-08-13 17:55:00,373.16
2020-08-13 17:55:00,373.16
2020-08-13 17:55:00,373.16
2020-08-13 17:55:00,373.16
2020-08-13 18:10:00,146.31
2020-08-13 18:10:00,146.31
2020-08-13 18:10:00,146.31
2020-08-13 18:10:00,146.31
2020-08-13 18:10:00,146.31
2020-08-13 18:10:00,146.31
2020-08-13 18:10:00,146.31
2020-08-13 18:10:00,146.31
2020-08-13 18:10:00,146.31
2020-08-13 18:10:00,146.31
2020-08-13 18:25:00,448.98
2020-08-13 18:25:00,448.98
2020-08-13 18:25:00,448.98
2020-08-13 18:25:00,448.98
2020-08-13 18:25:00,448.98
2020-08-13 18:25:00,448.98
2020-08-13 18:25:00,448.98
2020-08-13 18:25:00,448.98
2020-08-13 18:25:00,448.98
2020-08-13 18:25:00,448.98
2020-08-13 18:40:00,751.66
2020-08-13 18:40:00,751.66
2020-08-13 18:40:00,751.66
2020-08-13 18:40:00,751.66
2020-08-13 18:40:00,751.66
2020-08-13 18:40:00,751.66
2020-08-13 18:40:00,751.66
2020-08-13 18:40:00,751.66
2020-08-13 18:40:00,751.66
2020-08-13 18:40:00,751.66
2020-08-13 18:55:00,825.61
2020-08-13 18:55:00,825.61
2020-08-13 18:55:00,825.61
2020-08-13 18:55:00,825.61
2020-08-13 18:55:00,825.61
2020-08-13 18:55:00,825.61
2020-08-13 18:55:00,825.61
2020-08-13 18:55:00,825.61
2020-08-13 18:55:00,825.61
2020-08-13 18:55:00,825.61
2020-08-13 19:10:00,899.56
2020-08-13 19:10:00,899.56
2020-08-13 19:10:00,899.56
2020-08-13 19:10:00,899.56
2020-08-13 19:10:00,899.56
2020-08-13 19:10:00,899.56
2020-08-13 19:10:00,899.56
2020-08-13 19:10:00,899.56
2020-08-13 19:10:00,899.56
2020-08-13 19:10:00,899.56
2020-08-13 19:25:00,848.72
2020-08-13 19:25:00,848.72
2020-08-13 19:25:00,848.72
2020-08-13 19:25:00,848.72
2020-08-13 19:25:00,848.72
2020-08-13 19:25:00,848.72
2020-08-13 19:25:00,848.72
2020-08-13 19:25:00,848.72
2020-08-13 19:25:00,848.72
2020-08-13 19:25:00,848.72
2020-08-13 19:40:00,797.87
2020-08-13 19:40:00,797.87
2020-08-13 19:40:00,797.87
2020-08-13 19:40:00,797.87
2020-08-13 19:40:00,797.87
2020-08-13 19:40:00,797.87
2020-08-13 19:40:00,797.87
2020-08-13 19:40:00,797.87
2020-08-13 19:40:00,797.87
2020-08-13 19:40:00,797.87
2020-08-13 19:55:00,920.58
2020-08-13 19:55:00,920.58
2020-08-13 19:55:00,920.58
2020-08-13 19:55:00,920.58
2020-08-13 19:55:00,920.58
2020-08-13 19:55:00,920.58
2020-08-13 19:55:00,920.58
2020-08-13 19:55:00,920.58
2020-08-13 19:55:00,920.58
2020-08-13 19:55:00,920.58
2020-08-13 20:10:00,1043.29
2020-08-13 20:10:00,1043.29
2020-08-13 20:10:00,1043.29
2020-08-13 20:10:00,1043.29
2020-08-13 20:10:00,1043.29
2020-08-13 20:10:00,1043.29
2020-08-13 20:10:00,1043.29
2020-08-13 20:10:00,1043.29
2020-08-13 20:10:00,1043.29
2020-08-13 20:10:00,1043.29
2020-08-13 20:25:00,894.82
2020-08-13 20:25:00,894.82
2020-08-13 20:25:00,894.82
2020-08-13 20:25:00,894.82
2020-08-13 20:25:00,894.82
2020-08-13 20:25:00,894.82
2020-08-13 20:25:00,894.82
2020-08-13 20:25:00,894.82
2020-08-13 20:25:00,894.82
2020-08-13 20:25:00,894.82
2020-08-13 20:40:00,746.36
2020-08-13 20:40:00,746.36
2020-08-13 20:40:00,746.36
2020-08-13 20:40:00,746.36
2020-08-13 20:40:00,746.36
2020-08-13 20:40:00,746.36
2020-08-13 20:40:00,746.36
2020-08-13 20:40:00,746.36
2020-08-13 20:40:00,746.36
2020-08-13 20:40:00,746.36
2020-08-13 20:55:00,668.16
2020-08-13 20:55:00,668.16
2020-08-13 20:55:00,668.16
2020-08-13 20:55:00,668.16
2020-08-13 20:55:00,668.16
2020-08-13 20:55:00,668.16
2020-08-13 20:55:00,668.16
2020-08-13 20:55:00,668.16
2020-08-13 20:55:00,668.16
2020-08-13 20:55:00,668.16
2020-08-13 21:10:00,589.95
2020-08-13 21:10:00,589.95
2020-08-13 21:10:00,589.95
2020-08-13 21:10:00,589.95
2020-08-13 21:10:00,589.95
2020-08-13 21:10:00,589.95
2020-08-13 21:10:00,589.95
2020-08-13 21:10:00,589.95
2020-08-13 21:10:00,589.95
2020-08-13 21:10:00,589.95
2020-08-13 21:25:00,608.0
2020-08-13 21:25:00,608.0
2020-08-13 21:25:00,608.0
2020-08-13 21:25:00,608.0
2020-08-13 21:25:00,608.0
2020-08-13 21:25:00,608.0
2020-08-13 21:25:00,608.0
2020-08-13 21:25:00,608.0
2020-08-13 21:25:00,608.0
2020-08-13 21:25:00,608.0
2020-08-13 21:40:00,626.06
2020-08-13 21:40:00,626.06
2020-08-13 21:40:00,626.06
2020-08-13 21:40:00,626.06
2020-08-13 21:40:00,626.06
2020-08-13 21:40:00,626.06
2020-08-13 21:40:00,626.06
2020-08-13 21:40:00,626.06
2020-08-13 21:40:00,626.06
2020-08-13 21:40:00,626.06
2020-08-13 21:55:00,504.86
2020-08-13 21:55:00,504.86
2020-08-13 21:55:00,504.86
2020-08-13 21:55:00,504.86
2020-08-13 21:55:00,504.86
2020-08-13 21:55:00,504.86
2020-08-13 21:55:00,504.86
2020-08-13 21:55:00,504.86
2020-08-13 21:55:00,504.86
2020-08-13 21:55:00,504.86
2020-08-13 22:10:00,383.65
2020-08-13 22:10:00,383.65
2020-08-13 22:10:00,383.65
2020-08-13 22:10:00,383.65
2020-08-13 22:10:00,383.65
2020-08-13 22:10:00,383.65
2020-08-13 22:10:00,383.65
2020-08-13 22:10:00,383.65
2020-08-13 22:10:00,383.65
2020-08-13 22:10:00,383.65
2020-08-13 22:25:00,498.98
2020-08-13 22:25:00,498.98
2020-08-13 22:25:00,498.98
2020-08-13 22:25:00,498.98
2020-08-13 22:25:00,498.98
2020-08-13 22:25:00,498.98
2020-08-13 22:25:00,498.98
2020-08-13 22:25:00,498.98
2020-08-13 22:25:00,498.98
2020-08-13 22:25:00,498.98
2020-08-13 22:40:00,614.3
2020-08-13 22:40:00,614.3
2020-08-13 22:40:00,614.3
2020-08-13 22:40:00,614.3
2020-08-13 22:40:00,614.3
2020-08-13 22:40:00,614.3
2020-08-13 22:40:00,614.3
2020-08-13 22:40:00,614.3
2020-08-13 22:40:00,614.3
2020-08-13 22:40:00,614.3
2020-08-13 22:55:00,565.84
2020-08-13 22:55:00,565.84
2020-08-13 22:55:00,565.84
2020-08-13 22:55:00,565.84
2020-08-13 22:55:00,565.84
2020-08-13 22:55:00,565.84
2020-08-13 22:55:00,565.84
2020-08-13 22:55:00,565.84
2020-08-13 22:55:00,565.84
2020-08-13 22:55:00,565.84
2020-08-13 23:10:00,517.37
2020-08-13 23:10:00,517.37
2020-08-13 23:10:00,517.37
2020-08-13 23:10:00,517.37
2020-08-13 23:10:00,517.37
2020-08-13 23:10:00,517.37
2020-08-13 23:10:00,517.37
2020-08-13 23:10:00,517.37
2020-08-13 23:10:00,517.37
2020-08-13 23:10:00,517.37
2020-08-13 23:25:00,286.34
2020-08-13 23:25:00,286.34
2020-08-13 23:25:00,286.34
2020-08-13 23:25:00,286.34
2020-08-13 23:25:00,286.34
2020-08-13 23:25:00,286.34
2020-08-13 23:25:00,286.34
2020-08-13 23:25:00,286.34
2020-08-13 23:25:00,286.34
2020-08-13 23:25:00,286.34
2020-08-13 23:40:00,55.3
2020-08-13 23:40:00,55.3
2020-08-13 23:40:00,55.3
2020-08-13 23:40:00,55.3
2020-08-13 23:40:00,55.3
2020-08-13 23:40:00,55.3
2020-08-13 23:40:00,55.3
2020-08-13 23:40:00,55.3
2020-08-13 23:40:00,55.3
2020-08-13 23:40:00,55.3
2020-08-13 23:55:00,57.82
2020-08-13 23:55:00,57.82
2020-08-13 23:55:00,57.82
2020-08-13 23:55:00,57.82
2020-08-13 23:55:00,57.82
2020-08-13 23:55:00,57.82
2020-08-13 23:55:00,57.82
2020-08-13 23:55:00,57.82
2020-08-13 23:55:00,57.82
2020-08-13 23:55:00,57.82
2020-08-14 00:10:00,60.33
2020-08-14 00:10:00,60.33
2020-08-14 00:10:00,60.33
2020-08-14 00:10:00,60.33
2020-08-14 00:10:00,60.33
2020-08-14 00:10:00,60.33
2020-08-14 00:10:00,60.33
2020-08-14 00:10:00,60.33
2020-08-14 00:10:00,60.33
2020-08-14 00:10:00,60.33
2020-08-14 00:25:00,119.7
2020-08-14 00:25:00,119.7
2020-08-14 00:25:00,119.7
2020-08-14 00:25:00,119.7
2020-08-14 00:25:00,119.7
2020-08-14 00:25:00,119.7
2020-08-14 00:25:00,119.7
2020-08-14 00:25:00,119.7
2020-08-14 00:25:00,119.7
2020-08-14 00:25:00,119.7
2020-08-14 00:40:00,179.07
2020-08-14 00:40:00,179.07
2020-08-14 00:40:00,179.07
2020-08-14 00:40:00,179.07
2020-08-14 00:40:00,179.07
2020-08-14 00:40:00,179.07
2020-08-14 00:40:00,179.07
2020-08-14 00:40:00,179.07
2020-08-14 00:40:00,179.07
2020-08-14 00:40:00,179.07
2020-08-14 00:55:00,239.44
2020-08-14 00:55:00,239.44
2020-08-14 00:55:00,239.44
2020-08-14 00:55:00,239.44
2020-08-14 00:55:00,239.44
2020-08-14 00:55:00,239.44
2020-08-14 00:55:00,239.44
2020-08-14 00:55:00,239.44
2020-08-14 00:55:00,239.44
2020-08-14 00:55:00,239.44
2020-08-14 01:10:00,299.82
2020-08-14 01:10:00,299.82
2020-08-14 01:10:00,299.82
2020-08-14 01:10:00,299.82
2020-08-14 01:10:00,299.82
2020-08-14 01:10:00,299.82
2020-08-14 01:10:00,299.82
2020-08-14 01:10:00,299.82
2020-08-14 01:10:00,299.82
2020-08-14 01:10:00,299.82
2020-08-14 01:25:00,405.22
2020-08-14 01:25:00,405.22
2020-08-14 01:25:00,405.22
2020-08-14 01:25:00,405.22
2020-08-14 01:25:00,405.22
2020-08-14 01:25:00,405.22
2020-08-14 01:25:00,405.22
2020-08-14 01:25:00,405.22
2020-08-14 01:25:00,405.22
2020-08-14 01:25:00,405.22
2020-08-14 01:40:00,510.62
2020-08-14 01:40:00,510.62
2020-08-14 01:40:00,510.62
2020-08-14 01:40:00,510.62
2020-08-14 01:40:00,510.62
2020-08-14 01:40:00,510.62
2020-08-14 01:40:00,510.62
2020-08-14 01:40:00,510.62
2020-08-14 01:40:00,510.62
2020-08-14 01:40:00,510.62
2020-08-14 01:55:00,637.86
2020-08-14 01:55:00,637.86
2020-08-14 01:55:00,637.86
2020-08-14 01:55:00,637.86
2020-08-14 01:55:00,637.86
2020-08-14 01:55:00,637.86
2020-08-14 01:55:00,637.86
2020-08-14 01:55:00,637.86
2020-08-14 01:55:00,637.86
2020-08-14 01:55:00,637.86
2020-08-14 02:10:00,765.1
2020-08-14 02:10:00,765.1
2020-08-14 02:10:00,765.1
2020-08-14 02:10:00,765.1
2020-08-14 02:10:00,765.1
2020-08-14 02:10:00,765.1
2020-08-14 02:10:00,765.1
2020-08-14 02:10:00,765.1
2020-08-14 02:10:00,765.1
2020-08-14 02:10:00,765.1
2020-08-14 02:25:00,1119.1
2020-08-14 02:25:00,1119.1
2020-08-14 02:25:00,1119.1
2020-08-14 02:25:00,1119.1
2020-08-14 02:25:00,1119.1
2020-08-14 02:25:00,1119.1
2020-08-14 02:25:00,1119.1
2020-08-14 02:25:00,1119.1
2020-08-14 02:25:00,1119.1
2020-08-14 02:25:00,1119.1
2020-08-14 02:40:00,1473.1
2020-08-14 02:40:00,1473.1
2020-08-14 02:40:00,1473.1
2020-08-14 02:40:00,1473.1
2020-08-14 02:40:00,1473.1
2020-08-14 02:40:00,1473.1
2020-08-14 02:40:00,1473.1
2020-08-14 02:40:00,1473.1
2020-08-14 02:40:00,1473.1
2020-08-14 02:40:00,1473.1
2020-08-14 02:55:00,1480.72
2020-08-14 02:55:00,1480.72
2020-08-14 02:55:00,1480.72
2020-08-14 02:55:00,1480.72
2020-08-14 02:55:00,1480.72
2020-08-14 02:55:00,1480.72
2020-08-14 02:55:00,1480.72
2020-08-14 02:55:00,1480.72
2020-08-14 02:55:00,1480.72
2020-08-14 02:55:00,1480.72
2020-08-14 03:10:00,1488.35
2020-08-14 03:10:00,1488.35
2020-08-14 03:10:00,1488.35
2020-08-14 03:10:00,1488.35
2020-08-14 03:10:00,1488.35
2020-08-14 03:10:00,1488.35
2020-08-14 03:10:00,1488.35
2020-08-14 03:10:00,1488.35
2020-08-14 03:10:00,1488.35
2020-08-14 03:10:00,1488.35
2020-08-14 03:25:00,1440.64
2020-08-14 03:25:00,1440.64
2020-08-14 03:25:00,1440.64
2020-08-14 03:25:00,1440.64
2020-08-14 03:25:00,1440.64
2020-08-14 03:25:00,1440.64
2020-08-14 03:25:00,1440.64
2020-08-14 03:25:00,1440.64
2020-08-14 03:25:00,1440.64
2020-08-14 03:25:00,1440.64
2020-08-14 03:40:00,1392.93
2020-08-14 03:40:00,1392.93
2020-08-14 03:40:00,1392.93
2020-08-14 03:40:00,1392.93
2020-08-14 03:40:00,1392.93
2020-08-14 03:40:00,1392.93
2020-08-14 03:40:00,1392.93
2020-08-14 03:40:00,1392.93
2020-08-14 03:40:00,1392.93
2020-08-14 03:40:00,1392.93
2020-08-14 03:55:00,1350.26
2020-08-14 03:55:00,1350.26
2020-08-14 03:55:00,1350.26
2020-08-14 03:55:00,1350.26
2020-08-14 03:55:00,1350.26
2020-08-14 03:55:00,1350.26
2020-08-14 03:55:00,1350.26
2020-08-14 03:55:00,1350.26
2020-08-14 03:55:00,1350.26
2020-08-14 03:55:00,1350.26
2020-08-14 04:10:00,1307.58
2020-08-14 04:10:00,1307.58
2020-08-14 04:10:00,1307.58
2020-08-14 04:10:00,1307.58
2020-08-14 04:10:00,1307.58
2020-08-14 04:10:00,1307.58
2020-08-14 04:10:00,1307.58
2020-08-14 04:10:00,1307.58
2020-08-14 04:10:00,1307.58
2020-08-14 04:10:00,1307.58
2020-08-14 04:25:00,1212.26
2020-08-14 04:25:00,1212.26
2020-08-14 04:25:00,1212.26
2020-08-14 04:25:00,1212.26
2020-08-14 04:25:00,1212.26
2020-08-14 04:25:00,1212.26
2020-08-14 04:25:00,1212.26
2020-08-14 04:25:00,1212.26
2020-08-14 04:25:00,1212.26
2020-08-14 04:25:00,1212.26
2020-08-14 04:40:00,1116.95
2020-08-14 04:40:00,1116.95
2020-08-14 04:40:00,1116.95
2020-08-14 04:40:00,1116.95
2020-08-14 04:40:00,1116.95
2020-08-14 04:40:00,1116.95
2020-08-14 04:40:00,1116.95
2020-08-14 04:40:00,1116.95
2020-08-14 04:40:00,1116.95
2020-08-14 04:40:00,1116.95
2020-08-14 04:55:00,962.02
2020-08-14 04:55:00,962.02
2020-08-14 04:55:00,962.02
2020-08-14 04:55:00,962.02
2020-08-14 04:55:00,962.02
2020-08-14 04:55:00,962.02
2020-08-14 04:55:00,962.02
2020-08-14 04:55:00,962.02
2020-08-14 04:55:00,962.02
2020-08-14 04:55:00,962.02
2020-08-14 05:10:00,807.09
2020-08-14 05:10:00,807.09
2020-08-14 05:10:00,807.09
2020-08-14 05:10:00,807.09
2020-08-14 05:10:00,807.09
2020-08-14 05:10:00,807.09
2020-08-14 05:10:00,807.09
2020-08-14 05:10:00,807.09
2020-08-14 05:10:00,807.09
2020-08-14 05:10:00,807.09
2020-08-14 05:25:00,746.31
2020-08-14 05:25:00,746.31
2020-08-14 05:25:00,746.31
2020-08-14 05:25:00,746.31
2020-08-14 05:25:00,746.31
2020-08-14 05:25:00,746.31
2020-08-14 05:25:00,746.31
2020-08-14 05:25:00,746.31
2020-08-14 05:25:00,746.31
2020-08-14 05:25:00,746.31
2020-08-14 05:40:00,685.53
2020-08-14 05:40:00,685.53
2020-08-14 05:40:00,685.53
2020-08-14 05:40:00,685.53
2020-08-14 05:40:00,685.53
2020-08-14 05:40:00,685.53
2020-08-14 05:40:00,685.53
2020-08-14 05:40:00,685.53
2020-08-14 05:40:00,685.53
2020-08-14 05:40:00,685.53
2020-08-14 05:55:00,498.79
2020-08-14 05:55:00,498.79
2020-08-14 05:55:00,498.79
2020-08-14 05:55:00,498.79
2020-08-14 05:55:00,498.79
2020-08-14 05:55:00,498.79
2020-08-14 05:55:00,498.79
2020-08-14 05:55:00,498.79
2020-08-14 05:55:00,498.79
2020-08-14 05:55:00,498.79
2020-08-14 06:10:00,312.05
2020-08-14 06:10:00,312.05
2020-08-14 06:10:00,312.05
2020-08-14 06:10:00,312.05
2020-08-14 06:10:00,312.05
2020-08-14 06:10:00,312.05
2020-08-14 06:10:00,312.05
2020-08-14 06:10:00,312.05
2020-08-14 06:10:00,312.05
2020-08-14 06:10:00,312.05
2020-08-14 06:25:00,398.36
2020-08-14 06:25:00,398.36
2020-08-14 06:25:00,398.36
2020-08-14 06:25:00,398.36
2020-08-14 06:25:00,398.36
2020-08-14 06:25:00,398.36
2020-08-14 06:25:00,398.36
2020-08-14 06:25:00,398.36
2020-08-14 06:25:00,398.36
2020-08-14 06:25:00,398.36
2020-08-14 06:40:00,484.66
2020-08-14 06:40:00,484.66
2020-08-14 06:40:00,484.66
2020-08-14 06:40:00,484.66
2020-08-14 06:40:00,484.66
2020-08-14 06:40:00,484.66
2020-08-14 06:40:00,484.66
2020-08-14 06:40:00,484.66
2020-08-14 06:40:00,484.66
2020-08-14 06:40:00,484.66
2020-08-14 06:55:00,368.04
2020-08-14 06:55:00,368.04
2020-08-14 06:55:00,368.04
2020-08-14 06:55:00,368.04
2020-08-14 06:55:00,368.04
2020-08-14 06:55:00,368.04
2020-08-14 06:55:00,368.04
2020-08-14 06:55:00,368.04
2020-08-14 06:55:00,368.04
2020-08-14 06:55:00,368.04
2020-08-14 07:10:00,251.42
2020-08-14 07:10:00,251.42
2020-08-14 07:10:00,251.42
2020-08-14 07:10:00,251.42
2020-08-14 07:10:00,251.42
2020-08-14 07:10:00,251.42
2020-08-14 07:10:00,251.42
2020-08-14 07:10:00,251.42
2020-08-14 07:10:00,251.42
2020-08-14 07:10:00,251.42
2020-08-14 07:25:00,125.56
2020-08-14 07:25:00,125.56
2020-08-14 07:25:00,125.56
2020-08-14 07:25:00,125.56
2020-08-14 07:25:00,125.56
2020-08-14 07:25:00,125.56
2020-08-14 07:25:00,125.56
2020-08-14 07:25:00,125.56
2020-08-14 07:25:00,125.56
2020-08-14 07:25:00,125.56
2020-08-14 07:40:00,0.0
2020-08-14 07:40:00,0.0
2020-08-14 07:40:00,0.0
2020-08-14 07:40:00,0.0
2020-08-14 07:40:00,0.0
2020-08-14 07:40:00,0.0
2020-08-14 07:40:00,0.0
2020-08-14 07:40:00,0.0
2020-08-14 07:40:00,0.0
2020-08-14 07:40:00,0.0
2020-08-14 07:55:00,83.7
2020-08-14 07:55:00,83.7
2020-08-14 07:55:00,83.7
2020-08-14 07:55:00,83.7
2020-08-14 07:55:00,83.7
2020-08-14 07:55:00,83.7
2020-08-14 07:55:00,83.7
2020-08-14 07:55:00,83.7
2020-08-14 07:55:00,83.7
2020-08-14 07:55:00,83.7
2020-08-14 08:10:00,167.7
2020-08-14 08:10:00,167.7
2020-08-14 08:10:00,167.7
2020-08-14 08:10:00,167.7
2020-08-14 08:10:00,167.7
2020-08-14 08:10:00,167.7
2020-08-14 08:10:00,167.7
2020-08-14 08:10:00,167.7
2020-08-14 08:10:00,167.7
2020-08-14 08:10:00,167.7
2020-08-14 08:25:00,82.62
2020-08-14 08:25:00,82.62
2020-08-14 08:25:00,82.62
2020-08-14 08:25:00,82.62
2020-08-14 08:25:00,82.62
2020-08-14 08:25:00,82.62
2020-08-14 08:25:00,82.62
2020-08-14 08:25:00,82.62
2020-08-14 08:25:00,82.62
2020-08-14 08:25:00,82.62
2020-08-14 08:40:00,0.0
2020-08-14 08:40:00,0.0
2020-08-14 08:40:00,0.0
2020-08-14 08:40:00,0.0
2020-08-14 08:40:00,0.0
2020-08-14 08:40:00,0.0
2020-08-14 08:40:00,0.0
2020-08-14 08:40:00,0.0
2020-08-14 08:40:00,0.0
2020-08-14 08:40:00,0.0
2020-08-14 08:55:00,7.14
2020-08-14 08:55:00,7.14
2020-08-14 08:55:00,7.14
2020-08-14 08:55:00,7.14
2020-08-14 08:55:00,7.14
2020-08-14 08:55:00,7.14
2020-08-14 08:55:00,7.14
2020-08-14 08:55:00,7.14
2020-08-14 08:55:00,7.14
2020-08-14 08:55:00,7.14
2020-08-14 09:10:00,16.72
2020-08-14 09:10:00,16.72
2020-08-14 09:10:00,16.72
2020-08-14 09:10:00,16.72
2020-08-14 09:10:00,16.72
2020-08-14 09:10:00,16.72
2020-08-14 09:10:00,16.72
2020-08-14 09:10:00,16.72
2020-08-14 09:10:00,16.72
2020-08-14 09:10:00,16.72
2020-08-14 09:25:00,67.34
2020-08-14 09:25:00,67.34
2020-08-14 09:25:00,67.34
2020-08-14 09:25:00,67.34
2020-08-14 09:25:00,67.34
2020-08-14 09:25:00,67.34
2020-08-14 09:25:00,67.34
2020-08-14 09:25:00,67.34
2020-08-14 09:25:00,67.34
2020-08-14 09:25:00,67.34
2020-08-14 09:40:00,117.95
2020-08-14 09:40:00,117.95
2020-08-14 09:40:00,117.95
2020-08-14 09:40:00,117.95
2020-08-14 09:40:00,117.95
2020-08-14 09:40:00,117.95
2020-08-14 09:40:00,117.95
2020-08-14 09:40:00,117.95
2020-08-14 09:40:00,117.95
2020-08-14 09:40:00,117.95
2020-08-14 09:55:00,255.44
2020-08-14 09:55:00,255.44
2020-08-14 09:55:00,255.44
2020-08-14 09:55:00,255.44
2020-08-14 09:55:00,255.44
2020-08-14 09:55:00,255.44
2020-08-14 09:55:00,255.44
2020-08-14 09:55:00,255.44
2020-08-14 09:55:00,255.44
2020-08-14 09:55:00,255.44
2020-08-14 10:10:00,392.93
2020-08-14 10:10:00,392.93
2020-08-14 10:10:00,392.93
2020-08-14 10:10:00,392.93
2020-08-14 10:10:00,392.93
2020-08-14 10:10:00,392.93
2020-08-14 10:10:00,392.93
2020-08-14 10:10:00,392.93
2020-08-14 10:10:00,392.93
2020-08-14 10:10:00,392.93
2020-08-14 10:25:00,542.92
2020-08-14 10:25:00,542.92
2020-08-14 10:25:00,542.92
2020-08-14 10:25:00,542.92
2020-08-14 10:25:00,542.92
2020-08-14 10:25:00,542.92
2020-08-14 10:25:00,542.92
2020-08-14 10:25:00,542.92
2020-08-14 10:25:00,542.92
2020-08-14 10:25:00,542.92
2020-08-14 10:40:00,692.92
2020-08-14 10:40:00,692.92
2020-08-14 10:40:00,692.92
2020-08-14 10:40:00,692.92
2020-08-14 10:40:00,692.92
2020-08-14 10:40:00,692.92
2020-08-14 10:40:00,692.92
2020-08-14 10:40:00,692.92
2020-08-14 10:40:00,692.92
2020-08-14 10:40:00,692.92
2020-08-14 10:55:00,794.16
2020-08-14 10:55:00,794.16
2020-08-14 10:55:00,794.16
2020-08-14 10:55:00,794.16
2020-08-14 10:55:00,794.16
2020-08-14 10:55:00,794.16
2020-08-14 10:55:00,794.16
2020-08-14 10:55:00,794.16
2020-08-14 10:55:00,794.16
2020-08-14 10:55:00,794.16
2020-08-14 11:10:00,895.4
2020-08-14 11:10:00,895.4
2020-08-14 11:10:00,895.4
2020-08-14 11:10:00,895.4
2020-08-14 11:10:00,895.4
2020-08-14 11:10:00,895.4
2020-08-14 11:10:00,895.4
2020-08-14 11:10:00,895.4
2020-08-14 11:10:00,895.4
2020-08-14 11:10:00,895.4
2020-08-14 11:25:00,1021.74
2020-08-14 11:25:00,1021.74
2020-08-14 11:25:00,1021.74
2020-08-14 11:25:00,1021.74
2020-08-14 11:25:00,1021.74
2020-08-14 11:25:00,1021.74
2020-08-14 11:25:00,1021.74
2020-08-14 11:25:00,1021.74
2020-08-14 11:25:00,1021.74
2020-08-14 11:25:00,1021.74
2020-08-14 11:40:00,1148.09
2020-08-14 11:40:00,1148.09
2020-08-14 11:40:00,1148.09
2020-08-14 11:40:00,1148.09
2020-08-14 11:40:00,1148.09
2020-08-14 11:40:00,1148.09
2020-08-14 11:40:00,1148.09
2020-08-14 11:40:00,1148.09
2020-08-14 11:40:00,1148.09
2020-08-14 11:40:00,1148.09
2020-08-14 11:55:00,1333.62
2020-08-14 11:55:00,1333.62
2020-08-14 11:55:00,1333.62
2020-08-14 11:55:00,1333.62
2020-08-14 11:55:00,1333.62
2020-08-14 11:55:00,1333.62
2020-08-14 11:55:00,1333.62
2020-08-14 11:55:00,1333.62
2020-08-14 11:55:00,1333.62
2020-08-14 11:55:00,1333.62
2020-08-14 12:10:00,1519.14
2020-08-14 12:10:00,1519.14
2020-08-14 12:10:00,1519.14
2020-08-14 12:10:00,1519.14
2020-08-14 12:10:00,1519.14
2020-08-14 12:10:00,1519.14
2020-08-14 12:10:00,1519.14
2020-08-14 12:10:00,1519.14
2020-08-14 12:10:00,1519.14
2020-08-14 12:10:00,1519.14
2020-08-14 12:25:00,1349.88
2020-08-14 12:25:00,1349.88
2020-08-14 12:25:00,1349.88
2020-08-14 12:25:00,1349.88
2020-08-14 12:25:00,1349.88
2020-08-14 12:25:00,1349.88
2020-08-14 12:25:00,1349.88
2020-08-14 12:25:00,1349.88
2020-08-14 12:25:00,1349.88
2020-08-14 12:25:00,1349.88
2020-08-14 12:40:00,1180.61
2020-08-14 12:40:00,1180.61
2020-08-14 12:40:00,1180.61
2020-08-14 12:40:00,1180.61
2020-08-14 12:40:00,1180.61
2020-08-14 12:40:00,1180.61
2020-08-14 12:40:00,1180.61
2020-08-14 12:40:00,1180.61
2020-08-14 12:40:00,1180.61
2020-08-14 12:40:00,1180.61
2020-08-14 12:55:00,797.1
2020-08-14 12:55:00,797.1
2020-08-14 12:55:00,797.1
2020-08-14 12:55:00,797.1
2020-08-14 12:55:00,797.1
2020-08-14 12:55:00,797.1
2020-08-14 12:55:00,797.1
2020-08-14 12:55:00,797.1
2020-08-14 12:55:00,797.1
2020-08-14 12:55:00,797.1
2020-08-14 13:10:00,413.58
2020-08-14 13:10:00,413.58
2020-08-14 13:10:00,413.58
2020-08-14 13:10:00,413.58
2020-08-14 13:10:00,413.58
2020-08-14 13:10:00,413.58
2020-08-14 13:10:00,413.58
2020-08-14 13:10:00,413.58
2020-08-14 13:10:00,413.58
2020-08-14 13:10:00,413.58
2020-08-14 13:25:00,845.7
2020-08-14 13:25:00,845.7
2020-08-14 13:25:00,845.7
2020-08-14 13:25:00,845.7
2020-08-14 13:25:00,845.7
2020-08-14 13:25:00,845.7
2020-08-14 13:25:00,845.7
2020-08-14 13:25:00,845.7
2020-08-14 13:25:00,845.7
2020-08-14 13:25:00,845.7
2020-08-14 13:40:00,1277.81
2020-08-14 13:40:00,1277.81
2020-08-14 13:40:00,1277.81
2020-08-14 13:40:00,1277.81
2020-08-14 13:40:00,1277.81
2020-08-14 13:40:00,1277.81
2020-08-14 13:40:00,1277.81
2020-08-14 13:40:00,1277.81
2020-08-14 13:40:00,1277.81
2020-08-14 13:40:00,1277.81
2020-08-14 13:55:00,1398.1
2020-08-14 13:55:00,1398.1
2020-08-14 13:55:00,1398.1
2020-08-14 13:55:00,1398.1
2020-08-14 13:55:00,1398.1
2020-08-14 13:55:00,1398.1
2020-08-14 13:55:00,1398.1
2020-08-14 13:55:00,1398.1
2020-08-14 13:55:00,1398.1
2020-08-14 13:55:00,1398.1
2020-08-14 14:10:00,1518.4
2020-08-14 14:10:00,1518.4
2020-08-14 14:10:00,1518.4
2020-08-14 14:10:00,1518.4
2020-08-14 14:10:00,1518.4
2020-08-14 14:10:00,1518.4
2020-08-14 14:10:00,1518.4
2020-08-14 14:10:00,1518.4
2020-08-14 14:10:00,1518.4
2020-08-14 14:10:00,1518.4
2020-08-14 14:25:00,1081.68
2020-08-14 14:25:00,1081.68
2020-08-14 14:25:00,1081.68
2020-08-14 14:25:00,1081.68
2020-08-14 14:25:00,1081.68
2020-08-14 14:25:00,1081.68
2020-08-14 14:25:00,1081.68
2020-08-14 14:25:00,1081.68
2020-08-14 14:25:00,1081.68
2020-08-14 14:25:00,1081.68
2020-08-14 14:40:00,644.95
2020-08-14 14:40:00,644.95
2020-08-14 14:40:00,644.95
2020-08-14 14:40:00,644.95
2020-08-14 14:40:00,644.95
2020-08-14 14:40:00,644.95
2020-08-14 14:40:00,644.95
2020-08-14 14:40:00,644.95
2020-08-14 14:40:00,644.95
2020-08-14 14:40:00,644.95
2020-08-14 14:55:00,511.77
2020-08-14 14:55:00,511.77
2020-08-14 14:55:00,511.77
2020-08-14 14:55:00,511.77
2020-08-14 14:55:00,511.77
2020-08-14 14:55:00,511.77
2020-08-14 14:55:00,511.77
2020-08-14 14:55:00,511.77
2020-08-14 14:55:00,511.77
2020-08-14 14:55:00,511.77
2020-08-14 15:10:00,378.59
2020-08-14 15:10:00,378.59
2020-08-14 15:10:00,378.59
2020-08-14 15:10:00,378.59
2020-08-14 15:10:00,378.59
2020-08-14 15:10:00,378.59
2020-08-14 15:10:00,378.59
2020-08-14 15:10:00,378.59
2020-08-14 15:10:00,378.59
2020-08-14 15:10:00,378.59
2020-08-14 15:25:00,252.11
2020-08-14 15:25:00,252.11
2020-08-14 15:25:00,252.11
2020-08-14 15:25:00,252.11
2020-08-14 15:25:00,252.11
2020-08-14 15:25:00,252.11
2020-08-14 15:25:00,252.11
2020-08-14 15:25:00,252.11
2020-08-14 15:25:00,252.11
2020-08-14 15:25:00,252.11
2020-08-14 15:40:00,125.63
2020-08-14 15:40:00,125.63
2020-08-14 15:40:00,125.63
2020-08-14 15:40:00,125.63
2020-08-14 15:40:00,125.63
2020-08-14 15:40:00,125.63
2020-08-14 15:40:00,125.63
2020-08-14 15:40:00,125.63
2020-08-14 15:40:00,125.63
2020-08-14 15:40:00,125.63
2020-08-14 15:55:00,121.94
2020-08-14 15:55:00,121.94
2020-08-14 15:55:00,121.94
2020-08-14 15:55:00,121.94
2020-08-14 15:55:00,121.94
2020-08-14 15:55:00,121.94
2020-08-14 15:55:00,121.94
2020-08-14 15:55:00,121.94
2020-08-14 15:55:00,121.94
2020-08-14 15:55:00,121.94
2020-08-14 16:10:00,118.24
2020-08-14 16:10:00,118.24
2020-08-14 16:10:00,118.24
2020-08-14 16:10:00,118.24
2020-08-14 16:10:00,118.24
2020-08-14 16:10:00,118.24
2020-08-14 16:10:00,118.24
2020-08-14 16:10:00,118.24
2020-08-14 16:10:00,118.24
2020-08-14 16:10:00,118.24
2020-08-14 16:25:00,96.76
2020-08-14 16:25:00,96.76
2020-08-14 16:25:00,96.76
2020-08-14 16:25:00,96.76
2020-08-14 16:25:00,96.76
2020-08-14 16:25:00,96.76
2020-08-14 16:25:00,96.76
2020-08-14 16:25:00,96.76
2020-08-14 16:25:00,96.76
2020-08-14 16:25:00,96.76
2020-08-14 16:40:00,75.28
2020-08-14 16:40:00,75.28
2020-08-14 16:40:00,75.28
2020-08-14 16:40:00,75.28
2020-08-14 16:40:00,75.28
2020-08-14 16:40:00,75.28
2020-08-14 16:40:00,75.28
2020-08-14 16:40:00,75.28
2020-08-14 16:40:00,75.28
2020-08-14 16:40:00,75.28
2020-08-14 16:55:00,75.93
2020-08-14 16:55:00,75.93
2020-08-14 16:55:00,75.93
2020-08-14 16:55:00,75.93
2020-08-14 16:55:00,75.93
2020-08-14 16:55:00,75.93
2020-08-14 16:55:00,75.93
2020-08-14 16:55:00,75.93
2020-08-14 16:55:00,75.93
2020-08-14 16:55:00,75.93
2020-08-14 17:10:00,76.58
2020-08-14 17:10:00,76.58
2020-08-14 17:10:00,76.58
2020-08-14 17:10:00,76.58
2020-08-14 17:10:00,76.58
2020-08-14 17:10:00,76.58
2020-08-14 17:10:00,76.58
2020-08-14 17:10:00,76.58
2020-08-14 17:10:00,76.58
2020-08-14 17:10:00,76.58
2020-08-14 17:25:00,47.03
2020-08-14 17:25:00,47.03
2020-08-14 17:25:00,47.03
2020-08-14 17:25:00,47.03
2020-08-14 17:25:00,47.03
2020-08-14 17:25:00,47.03
2020-08-14 17:25:00,47.03
2020-08-14 17:25:00,47.03
2020-08-14 17:25:00,47.03
2020-08-14 17:25:00,47.03
2020-08-14 17:40:00,17.48
2020-08-14 17:40:00,17.48
2020-08-14 17:40:00,17.48
2020-08-14 17:40:00,17.48
2020-08-14 17:40:00,17.48
2020-08-14 17:40:00,17.48
2020-08-14 17:40:00,17.48
2020-08-14 17:40:00,17.48
2020-08-14 17:40:00,17.48
2020-08-14 17:40:00,17.48
2020-08-14 17:55:00,17.48
2020-08-14 17:55:00,17.48
2020-08-14 17:55:00,17.48
2020-08-14 17:55:00,17.48
2020-08-14 17:55:00,17.48
2020-08-14 17:55:00,17.48
2020-08-14 17:55:00,17.48
2020-08-14 17:55:00,17.48
2020-08-14 17:55:00,17.48
2020-08-14 17:55:00,17.48
2020-08-14 18:10:00,0.0
2020-08-14 18:10:00,0.0
2020-08-14 18:10:00,0.0
2020-08-14 18:10:00,0.0
2020-08-14 18:10:00,0.0
2020-08-14 18:10:00,0.0
2020-08-14 18:10:00,0.0
2020-08-14 18:10:00,0.0
2020-08-14 18:10:00,0.0
2020-08-14 18:10:00,0.0
2020-08-14 18:25:00,91.83
2020-08-14 18:25:00,91.83
2020-08-14 18:25:00,91.83
2020-08-14 18:25:00,91.83
2020-08-14 18:25:00,91.83
2020-08-14 18:25:00,91.83
2020-08-14 18:25:00,91.83
2020-08-14 18:25:00,91.83
2020-08-14 18:25:00,91.83
2020-08-14 18:25:00,91.83
2020-08-14 18:40:00,91.83
2020-08-14 18:40:00,91.83
2020-08-14 18:40:00,91.83
2020-08-14 18:40:00,91.83
2020-08-14 18:40:00,91.83
2020-08-14 18:40:00,91.83
2020-08-14 18:40:00,91.83
2020-08-14 18:40:00,91.83
2020-08-14 18:40:00,91.83
2020-08-14 18:40:00,91.83
2020-08-14 18:55:00,71.91
2020-08-14 18:55:00,71.91
2020-08-14 18:55:00,71.91
2020-08-14 18:55:00,71.91
2020-08-14 18:55:00,71.91
2020-08-14 18:55:00,71.91
2020-08-14 18:55:00,71.91
2020-08-14 18:55:00,71.91
2020-08-14 18:55:00,71.91
2020-08-14 18:55:00,71.91
2020-08-14 19:10:00,51.99
2020-08-14 19:10:00,51.99
2020-08-14 19:10:00,51.99
2020-08-14 19:10:00,51.99
2020-08-14 19:10:00,51.99
2020-08-14 19:10:00,51.99
2020-08-14 19:10:00,51.99
2020-08-14 19:10:00,51.99
2020-08-14 19:10:00,51.99
2020-08-14 19:10:00,51.99
2020-08-14 19:25:00,49.98
2020-08-14 19:25:00,49.98
2020-08-14 19:25:00,49.98
2020-08-14 19:25:00,49.98
2020-08-14 19:25:00,49.98
2020-08-14 19:25:00,49.98
2020-08-14 19:25:00,49.98
2020-08-14 19:25:00,49.98
2020-08-14 19:25:00,49.98
2020-08-14 19:25:00,49.98
2020-08-14 19:40:00,47.96
2020-08-14 19:40:00,47.96
2020-08-14 19:40:00,47.96
2020-08-14 19:40:00,47.96
2020-08-14 19:40:00,47.96
2020-08-14 19:40:00,47.96
2020-08-14 19:40:00,47.96
2020-08-14 19:40:00,47.96
2020-08-14 19:40:00,47.96
2020-08-14 19:40:00,47.96
2020-08-14 19:55:00,47.96
2020-08-14 19:55:00,47.96
2020-08-14 19:55:00,47.96
2020-08-14 19:55:00,47.96
2020-08-14 19:55:00,47.96
2020-08-14 19:55:00,47.96
2020-08-14 19:55:00,47.96
2020-08-14 19:55:00,47.96
2020-08-14 19:55:00,47.96
2020-08-14 19:55:00,47.96
2020-08-14 20:10:00,0.0
2020-08-14 20:10:00,0.0
2020-08-14 20:10:00,0.0
2020-08-14 20:10:00,0.0
2020-08-14 20:10:00,0.0
2020-08-14 20:10:00,0.0
2020-08-14 20:10:00,0.0
2020-08-14 20:10:00,0.0
2020-08-14 20:10:00,0.0
2020-08-14 20:10:00,0.0
2020-08-14 20:25:00,0.0
2020-08-14 20:25:00,0.0
2020-08-14 20:25:00,0.0
2020-08-14 20:25:00,0.0
2020-08-14 20:25:00,0.0
2020-08-14 20:25:00,0.0
2020-08-14 20:25:00,0.0
2020-08-14 20:25:00,0.0
2020-08-14 20:25:00,0.0
2020-08-14 20:25:00,0.0
2020-08-14 20:40:00,0.0
2020-08-14 20:40:00,0.0
2020-08-14 20:40:00,0.0
2020-08-14 20:40:00,0.0
2020-08-14 20:40:00,0.0
2020-08-14 20:40:00,0.0
2020-08-14 20:40:00,0.0
2020-08-14 20:40:00,0.0
2020-08-14 20:40:00,0.0
2020-08-14 20:40:00,0.0
2020-08-14 20:55:00,0.0
2020-08-14 20:55:00,0.0
2020-08-14 20:55:00,0.0
2020-08-14 20:55:00,0.0
2020-08-14 20:55:00,0.0
2020-08-14 20:55:00,0.0
2020-08-14 20:55:00,0.0
2020-08-14 20:55:00,0.0
2020-08-14 20:55:00,0.0
2020-08-14 20:55:00,0.0
2020-08-14 21:10:00,0.0
2020-08-14 21:10:00,0.0
2020-08-14 21:10:00,0.0
2020-08-14 21:10:00,0.0
2020-08-14 21:10:00,0.0
2020-08-14 21:10:00,0.0
2020-08-14 21:10:00,0.0
2020-08-14 21:10:00,0.0
2020-08-14 21:10:00,0.0
2020-08-14 21:10:00,0.0
2020-08-14 21:25:00,0.0
2020-08-14 21:25:00,0.0
2020-08-14 21:25:00,0.0
2020-08-14 21:25:00,0.0
2020-08-14 21:25:00,0.0
2020-08-14 21:25:00,0.0
2020-08-14 21:25:00,0.0
2020-08-14 21:25:00,0.0
2020-08-14 21:25:00,0.0
2020-08-14 21:25:00,0.0
2020-08-14 21:40:00,0.0
2020-08-14 21:40:00,0.0
2020-08-14 21:40:00,0.0
2020-08-14 21:40:00,0.0
2020-08-14 21:40:00,0.0
2020-08-14 21:40:00,0.0
2020-08-14 21:40:00,0.0
2020-08-14 21:40:00,0.0
2020-08-14 21:40:00,0.0
2020-08-14 21:40:00,0.0
2020-08-14 21:55:00,0.0
2020-08-14 21:55:00,0.0
2020-08-14 21:55:00,0.0
2020-08-14 21:55:00,0.0
2020-08-14 21:55:00,0.0
2020-08-14 21:55:00,0.0
2020-08-14 21:55:00,0.0
2020-08-14 21:55:00,0.0
2020-08-14 21:55:00,0.0
2020-08-14 21:55:00,0.0
2020-08-14 22:10:00,0.0
2020-08-14 22:10:00,0.0
2020-08-14 22:10:00,0.0
2020-08-14 22:10:00,0.0
2020-08-14 22:10:00,0.0
2020-08-14 22:10:00,0.0
2020-08-14 22:10:00,0.0
2020-08-14 22:10:00,0.0
2020-08-14 22:10:00,0.0
2020-08-14 22:10:00,0.0
2020-08-14 22:25:00,0.0
2020-08-14 22:25:00,0.0
2020-08-14 22:25:00,0.0
2020-08-14 22:25:00,0.0
2020-08-14 22:25:00,0.0
2020-08-14 22:25:00,0.0
2020-08-14 22:25:00,0.0
2020-08-14 22:25:00,0.0
2020-08-14 22:25:00,0.0
2020-08-14 22:25:00,0.0
2020-08-14 22:40:00,0.0
2020-08-14 22:40:00,0.0
2020-08-14 22:40:00,0.0
2020-08-14 22:40:00,0.0
2020-08-14 22:40:00,0.0
2020-08-14 22:40:00,0.0
2020-08-14 22:40:00,0.0
2020-08-14 22:40:00,0.0
2020-08-14 22:40:00,0.0
2020-08-14 22:40:00,0.0
2020-08-14 22:55:00,0.0
2020-08-14 22:55:00,0.0
2020-08-14 22:55:00,0.0
2020-08-14 22:55:00,0.0
2020-08-14 22:55:00,0.0
2020-08-14 22:55:00,0.0
2020-08-14 22:55:00,0.0
2020-08-14 22:55:00,0.0
2020-08-14 22:55:00,0.0
2020-08-14 22:55:00,0.0
2020-08-14 23:10:00,0.0
2020-08-14 23:10:00,0.0
2020-08-14 23:10:00,0.0
2020-08-14 23:10:00,0.0
2020-08-14 23:10:00,0.0
2020-08-14 23:10:00,0.0
2020-08-14 23:10:00,0.0
2020-08-14 23:10:00,0.0
2020-08-14 23:10:00,0.0
2020-08-14 23:10:00,0.0
2020-08-14 23:25:00,0.0
2020-08-14 23:25:00,0.0
2020-08-14 23:25:00,0.0
2020-08-14 23:25:00,0.0
2020-08-14 23:25:00,0.0
2020-08-14 23:25:00,0.0
2020-08-14 23:25:00,0.0
2020-08-14 23:25:00,0.0
2020-08-14 23:25:00,0.0
2020-08-14 23:25:00,0.0
2020-08-14 23:40:00,0.0
2020-08-14 23:40:00,0.0
2020-08-14 23:40:00,0.0
2020-08-14 23:40:00,0.0
2020-08-14 23:40:00,0.0
2020-08-14 23:40:00,0.0
2020-08-14 23:40:00,0.0
2020-08-14 23:40:00,0.0
2020-08-14 23:40:00,0.0
2020-08-14 23:40:00,0.0
2020-08-14 23:55:00,0.0
2020-08-14 23:55:00,0.0
2020-08-14 23:55:00,0.0
2020-08-14 23:55:00,0.0
2020-08-14 23:55:00,0.0
2020-08-14 23:55:00,0.0
2020-08-14 23:55:00,0.0
2020-08-14 23:55:00,0.0
2020-08-14 23:55:00,0.0
2020-08-14 23:55:00,0.0
2020-08-15 00:10:00,0.0
2020-08-15 00:10:00,0.0
2020-08-15 00:10:00,0.0
2020-08-15 00:10:00,0.0
2020-08-15 00:10:00,0.0
2020-08-15 00:10:00,0.0
2020-08-15 00:10:00,0.0
2020-08-15 00:10:00,0.0
2020-08-15 00:10:00,0.0
2020-08-15 00:10:00,0.0
2020-08-15 00:25:00,0.0
2020-08-15 00:25:00,0.0
2020-08-15 00:25:00,0.0
2020-08-15 00:25:00,0.0
2020-08-15 00:25:00,0.0
2020-08-15 00:25:00,0.0
2020-08-15 00:25:00,0.0
2020-08-15 00:25:00,0.0
2020-08-15 00:25:00,0.0
2020-08-15 00:25:00,0.0
2020-08-15 00:40:00,0.0
2020-08-15 00:40:00,0.0
2020-08-15 00:40:00,0.0
2020-08-15 00:40:00,0.0
2020-08-15 00:40:00,0.0
2020-08-15 00:40:00,0.0
2020-08-15 00:40:00,0.0
2020-08-15 00:40:00,0.0
2020-08-15 00:40:00,0.0
2020-08-15 00:40:00,0.0
2020-08-15 00:55:00,0.0
2020-08-15 00:55:00,0.0
2020-08-15 00:55:00,0.0
2020-08-15 00:55:00,0.0
2020-08-15 00:55:00,0.0
2020-08-15 00:55:00,0.0
2020-08-15 00:55:00,0.0
2020-08-15 00:55:00,0.0
2020-08-15 00:55:00,0.0
2020-08-15 00:55:00,0.0
2020-08-15 01:10:00,0.0
2020-08-15 01:10:00,0.0
2020-08-15 01:10:00,0.0
2020-08-15 01:10:00,0.0
2020-08-15 01:10:00,0.0
2020-08-15 01:10:00,0.0
2020-08-15 01:10:00,0.0
2020-08-15 01:10:00,0.0
2020-08-15 01:10:00,0.0
2020-08-15 01:10:00,0.0
2020-08-15 01:25:00,0.0
2020-08-15 01:25:00,0.0
2020-08-15 01:25:00,0.0
2020-08-15 01:25:00,0.0
2020-08-15 01:25:00,0.0
2020-08-15 01:25:00,0.0
2020-08-15 01:25:00,0.0
2020-08-15 01:25:00,0.0
2020-08-15 01:25:00,0.0
2020-08-15 01:25:00,0.0
2020-08-15 01:40:00,0.0
2020-08-15 01:40:00,0.0
2020-08-15 01:40:00,0.0
2020-08-15 01:40:00,0.0
2020-08-15 01:40:00,0.0
2020-08-15 01:40:00,0.0
2020-08-15 01:40:00,0.0
2020-08-15 01:40:00,0.0
2020-08-15 01:40:00,0.0
2020-08-15 01:40:00,0.0
2020-08-15 01:55:00,134.26
2020-08-15 01:55:00,134.26
2020-08-15 01:55:00,134.26
2020-08-15 01:55:00,134.26
2020-08-15 01:55:00,134.26
2020-08-15 01:55:00,134.26
2020-08-15 01:55:00,134.26
2020-08-15 01:55:00,134.26
2020-08-15 01:55:00,134.26
2020-08-15 01:55:00,134.26
2020-08-15 02:10:00,134.26
2020-08-15 02:10:00,134.26
2020-08-15 02:10:00,134.26
2020-08-15 02:10:00,134.26
2020-08-15 02:10:00,134.26
2020-08-15 02:10:00,134.26
2020-08-15 02:10:00,134.26
2020-08-15 02:10:00,134.26
2020-08-15 02:10:00,134.26
2020-08-15 02:10:00,134.26
2020-08-15 02:25:00,134.26
2020-08-15 02:25:00,134.26
2020-08-15 02:25:00,134.26
2020-08-15 02:25:00,134.26
2020-08-15 02:25:00,134.26
2020-08-15 02:25:00,134.26
2020-08-15 02:25:00,134.26
2020-08-15 02:25:00,134.26
2020-08-15 02:25:00,134.26
2020-08-15 02:25:00,134.26
2020-08-15 02:40:00,0.0
2020-08-15 02:40:00,0.0
2020-08-15 02:40:00,0.0
2020-08-15 02:40:00,0.0
2020-08-15 02:40:00,0.0
2020-08-15 02:40:00,0.0
2020-08-15 02:40:00,0.0
2020-08-15 02:40:00,0.0
2020-08-15 02:40:00,0.0
2020-08-15 02:40:00,0.0
2020-08-15 02:55:00,370.03
2020-08-15 02:55:00,370.03
2020-08-15 02:55:00,370.03
2020-08-15 02:55:00,370.03
2020-08-15 02:55:00,370.03
2020-08-15 02:55:00,370.03
2020-08-15 02:55:00,370.03
2020-08-15 02:55:00,370.03
2020-08-15 02:55:00,370.03
2020-08-15 02:55:00,370.03
2020-08-15 03:10:00,370.03
2020-08-15 03:10:00,370.03
2020-08-15 03:10:00,370.03
2020-08-15 03:10:00,370.03
2020-08-15 03:10:00,370.03
2020-08-15 03:10:00,370.03
2020-08-15 03:10:00,370.03
2020-08-15 03:10:00,370.03
2020-08-15 03:10:00,370.03
2020-08-15 03:10:00,370.03
2020-08-15 03:25:00,298.17
2020-08-15 03:25:00,298.17
2020-08-15 03:25:00,298.17
2020-08-15 03:25:00,298.17
2020-08-15 03:25:00,298.17
2020-08-15 03:25:00,298.17
2020-08-15 03:25:00,298.17
2020-08-15 03:25:00,298.17
2020-08-15 03:25:00,298.17
2020-08-15 03:25:00,298.17
2020-08-15 03:40:00,226.31
2020-08-15 03:40:00,226.31
2020-08-15 03:40:00,226.31
2020-08-15 03:40:00,226.31
2020-08-15 03:40:00,226.31
2020-08-15 03:40:00,226.31
2020-08-15 03:40:00,226.31
2020-08-15 03:40:00,226.31
2020-08-15 03:40:00,226.31
2020-08-15 03:40:00,226.31
2020-08-15 03:55:00,419.98
2020-08-15 03:55:00,419.98
2020-08-15 03:55:00,419.98
2020-08-15 03:55:00,419.98
2020-08-15 03:55:00,419.98
2020-08-15 03:55:00,419.98
2020-08-15 03:55:00,419.98
2020-08-15 03:55:00,419.98
2020-08-15 03:55:00,419.98
2020-08-15 03:55:00,419.98
2020-08-15 04:10:00,613.64
2020-08-15 04:10:00,613.64
2020-08-15 04:10:00,613.64
2020-08-15 04:10:00,613.64
2020-08-15 04:10:00,613.64
2020-08-15 04:10:00,613.64
2020-08-15 04:10:00,613.64
2020-08-15 04:10:00,613.64
2020-08-15 04:10:00,613.64
2020-08-15 04:10:00,613.64
2020-08-15 04:25:00,605.11
2020-08-15 04:25:00,605.11
2020-08-15 04:25:00,605.11
2020-08-15 04:25:00,605.11
2020-08-15 04:25:00,605.11
2020-08-15 04:25:00,605.11
2020-08-15 04:25:00,605.11
2020-08-15 04:25:00,605.11
2020-08-15 04:25:00,605.11
2020-08-15 04:25:00,605.11
2020-08-15 04:40:00,596.58
2020-08-15 04:40:00,596.58
2020-08-15 04:40:00,596.58
2020-08-15 04:40:00,596.58
2020-08-15 04:40:00,596.58
2020-08-15 04:40:00,596.58
2020-08-15 04:40:00,596.58
2020-08-15 04:40:00,596.58
2020-08-15 04:40:00,596.58
2020-08-15 04:40:00,596.58
2020-08-15 04:55:00,561.38
2020-08-15 04:55:00,561.38
2020-08-15 04:55:00,561.38
2020-08-15 04:55:00,561.38
2020-08-15 04:55:00,561.38
2020-08-15 04:55:00,561.38
2020-08-15 04:55:00,561.38
2020-08-15 04:55:00,561.38
2020-08-15 04:55:00,561.38
2020-08-15 04:55:00,561.38
2020-08-15 05:10:00,526.17
2020-08-15 05:10:00,526.17
2020-08-15 05:10:00,526.17
2020-08-15 05:10:00,526.17
2020-08-15 05:10:00,526.17
2020-08-15 05:10:00,526.17
2020-08-15 05:10:00,526.17
2020-08-15 05:10:00,526.17
2020-08-15 05:10:00,526.17
2020-08-15 05:10:00,526.17
2020-08-15 05:25:00,313.69
2020-08-15 05:25:00,313.69
2020-08-15 05:25:00,313.69
2020-08-15 05:25:00,313.69
2020-08-15 05:25:00,313.69
2020-08-15 05:25:00,313.69
2020-08-15 05:25:00,313.69
2020-08-15 05:25:00,313.69
2020-08-15 05:25:00,313.69
2020-08-15 05:25:00,313.69
2020-08-15 05:40:00,101.21
2020-08-15 05:40:00,101.21
2020-08-15 05:40:00,101.21
2020-08-15 05:40:00,101.21
2020-08-15 05:40:00,101.21
2020-08-15 05:40:00,101.21
2020-08-15 05:40:00,101.21
2020-08-15 05:40:00,101.21
2020-08-15 05:40:00,101.21
2020-08-15 05:40:00,101.21
2020-08-15 05:55:00,53.71
2020-08-15 05:55:00,53.71
2020-08-15 05:55:00,53.71
2020-08-15 05:55:00,53.71
2020-08-15 05:55:00,53.71
2020-08-15 05:55:00,53.71
2020-08-15 05:55:00,53.71
2020-08-15 05:55:00,53.71
2020-08-15 05:55:00,53.71
2020-08-15 05:55:00,53.71
2020-08-15 06:10:00,6.21
2020-08-15 06:10:00,6.21
2020-08-15 06:10:00,6.21
2020-08-15 06:10:00,6.21
2020-08-15 06:10:00,6.21
2020-08-15 06:10:00,6.21
2020-08-15 06:10:00,6.21
2020-08-15 06:10:00,6.21
2020-08-15 06:10:00,6.21
2020-08-15 06:10:00,6.21
2020-08-15 06:25:00,6.21
2020-08-15 06:25:00,6.21
2020-08-15 06:25:00,6.21
2020-08-15 06:25:00,6.21
2020-08-15 06:25:00,6.21
2020-08-15 06:25:00,6.21
2020-08-15 06:25:00,6.21
2020-08-15 06:25:00,6.21
2020-08-15 06:25:00,6.21
2020-08-15 06:25:00,6.21
2020-08-15 06:40:00,0.0
2020-08-15 06:40:00,0.0
2020-08-15 06:40:00,0.0
2020-08-15 06:40:00,0.0
2020-08-15 06:40:00,0.0
2020-08-15 06:40:00,0.0
2020-08-15 06:40:00,0.0
2020-08-15 06:40:00,0.0
2020-08-15 06:40:00,0.0
2020-08-15 06:40:00,0.0
2020-08-15 06:55:00,0.0
2020-08-15 06:55:00,0.0
2020-08-15 06:55:00,0.0
2020-08-15 06:55:00,0.0
2020-08-15 06:55:00,0.0
2020-08-15 06:55:00,0.0
2020-08-15 06:55:00,0.0
2020-08-15 06:55:00,0.0
2020-08-15 06:55:00,0.0
2020-08-15 06:55:00,0.0
2020-08-15 07:10:00,0.0
2020-08-15 07:10:00,0.0
2020-08-15 07:10:00,0.0
2020-08-15 07:10:00,0.0
2020-08-15 07:10:00,0.0
2020-08-15 07:10:00,0.0
2020-08-15 07:10:00,0.0
2020-08-15 07:10:00,0.0
2020-08-15 07:10:00,0.0
2020-08-15 07:10:00,0.0
2020-08-15 07:25:00,0.0
2020-08-15 07:25:00,0.0
2020-08-15 07:25:00,0.0
2020-08-15 07:25:00,0.0
2020-08-15 07:25:00,0.0
2020-08-15 07:25:00,0.0
2020-08-15 07:25:00,0.0
2020-08-15 07:25:00,0.0
2020-08-15 07:25:00,0.0
2020-08-15 07:25:00,0.0
2020-08-15 07:40:00,0.0
2020-08-15 07:40:00,0.0
2020-08-15 07:40:00,0.0
2020-08-15 07:40:00,0.0
2020-08-15 07:40:00,0.0
2020-08-15 07:40:00,0.0
2020-08-15 07:40:00,0.0
2020-08-15 07:40:00,0.0
2020-08-15 07:40:00,0.0
2020-08-15 07:40:00,0.0
2020-08-15 07:55:00,47.37
2020-08-15 07:55:00,47.37
2020-08-15 07:55:00,47.37
2020-08-15 07:55:00,47.37
2020-08-15 07:55:00,47.37
2020-08-15 07:55:00,47.37
2020-08-15 07:55:00,47.37
2020-08-15 07:55:00,47.37
2020-08-15 07:55:00,47.37
2020-08-15 07:55:00,47.37
2020-08-15 08:10:00,47.37
2020-08-15 08:10:00,47.37
2020-08-15 08:10:00,47.37
2020-08-15 08:10:00,47.37
2020-08-15 08:10:00,47.37
2020-08-15 08:10:00,47.37
2020-08-15 08:10:00,47.37
2020-08-15 08:10:00,47.37
2020-08-15 08:10:00,47.37
2020-08-15 08:10:00,47.37
2020-08-15 08:25:00,47.37
2020-08-15 08:25:00,47.37
2020-08-15 08:25:00,47.37
2020-08-15 08:25:00,47.37
2020-08-15 08:25:00,47.37
2020-08-15 08:25:00,47.37
2020-08-15 08:25:00,47.37
2020-08-15 08:25:00,47.37
2020-08-15 08:25:00,47.37
2020-08-15 08:25:00,47.37
2020-08-15 08:40:00,0.0
2020-08-15 08:40:00,0.0
2020-08-15 08:40:00,0.0
2020-08-15 08:40:00,0.0
2020-08-15 08:40:00,0.0
2020-08-15 08:40:00,0.0
2020-08-15 08:40:00,0.0
2020-08-15 08:40:00,0.0
2020-08-15 08:40:00,0.0
2020-08-15 08:40:00,0.0
2020-08-15 08:55:00,78.47
2020-08-15 08:55:00,78.47
2020-08-15 08:55:00,78.47
2020-08-15 08:55:00,78.47
2020-08-15 08:55:00,78.47
2020-08-15 08:55:00,78.47
2020-08-15 08:55:00,78.47
2020-08-15 08:55:00,78.47
2020-08-15 08:55:00,78.47
2020-08-15 08:55:00,78.47
2020-08-15 09:10:00,78.47
2020-08-15 09:10:00,78.47
2020-08-15 09:10:00,78.47
2020-08-15 09:10:00,78.47
2020-08-15 09:10:00,78.47
2020-08-15 09:10:00,78.47
2020-08-15 09:10:00,78.47
2020-08-15 09:10:00,78.47
2020-08-15 09:10:00,78.47
2020-08-15 09:10:00,78.47
2020-08-15 09:25:00,69.43
2020-08-15 09:25:00,69.43
2020-08-15 09:25:00,69.43
2020-08-15 09:25:00,69.43
2020-08-15 09:25:00,69.43
2020-08-15 09:25:00,69.43
2020-08-15 09:25:00,69.43
2020-08-15 09:25:00,69.43
2020-08-15 09:25:00,69.43
2020-08-15 09:25:00,69.43
2020-08-15 09:40:00,60.38
2020-08-15 09:40:00,60.38
2020-08-15 09:40:00,60.38
2020-08-15 09:40:00,60.38
2020-08-15 09:40:00,60.38
2020-08-15 09:40:00,60.38
2020-08-15 09:40:00,60.38
2020-08-15 09:40:00,60.38
2020-08-15 09:40:00,60.38
2020-08-15 09:40:00,60.38
2020-08-15 09:55:00,43.56
2020-08-15 09:55:00,43.56
2020-08-15 09:55:00,43.56
2020-08-15 09:55:00,43.56
2020-08-15 09:55:00,43.56
2020-08-15 09:55:00,43.56
2020-08-15 09:55:00,43.56
2020-08-15 09:55:00,43.56
2020-08-15 09:55:00,43.56
2020-08-15 09:55:00,43.56
2020-08-15 10:10:00,26.75
2020-08-15 10:10:00,26.75
2020-08-15 10:10:00,26.75
2020-08-15 10:10:00,26.75
2020-08-15 10:10:00,26.75
2020-08-15 10:10:00,26.75
2020-08-15 10:10:00,26.75
2020-08-15 10:10:00,26.75
2020-08-15 10:10:00,26.75
2020-08-15 10:10:00,26.75
2020-08-15 10:25:00,197.22
2020-08-15 10:25:00,197.22
2020-08-15 10:25:00,197.22
2020-08-15 10:25:00,197.22
2020-08-15 10:25:00,197.22
2020-08-15 10:25:00,197.22
2020-08-15 10:25:00,197.22
2020-08-15 10:25:00,197.22
2020-08-15 10:25:00,197.22
2020-08-15 10:25:00,197.22
2020-08-15 10:40:00,367.68
2020-08-15 10:40:00,367.68
2020-08-15 10:40:00,367.68
2020-08-15 10:40:00,367.68
2020-08-15 10:40:00,367.68
2020-08-15 10:40:00,367.68
2020-08-15 10:40:00,367.68
2020-08-15 10:40:00,367.68
2020-08-15 10:40:00,367.68
2020-08-15 10:40:00,367.68
2020-08-15 10:55:00,226.13
2020-08-15 10:55:00,226.13
2020-08-15 10:55:00,226.13
2020-08-15 10:55:00,226.13
2020-08-15 10:55:00,226.13
2020-08-15 10:55:00,226.13
2020-08-15 10:55:00,226.13
2020-08-15 10:55:00,226.13
2020-08-15 10:55:00,226.13
2020-08-15 10:55:00,226.13
2020-08-15 11:10:00,84.58
2020-08-15 11:10:00,84.58
2020-08-15 11:10:00,84.58
2020-08-15 11:10:00,84.58
2020-08-15 11:10:00,84.58
2020-08-15 11:10:00,84.58
2020-08-15 11:10:00,84.58
2020-08-15 11:10:00,84.58
2020-08-15 11:10:00,84.58
2020-08-15 11:10:00,84.58
2020-08-15 11:25:00,84.58
2020-08-15 11:25:00,84.58
2020-08-15 11:25:00,84.58
2020-08-15 11:25:00,84.58
2020-08-15 11:25:00,84.58
2020-08-15 11:25:00,84.58
2020-08-15 11:25:00,84.58
2020-08-15 11:25:00,84.58
2020-08-15 11:25:00,84.58
2020-08-15 11:25:00,84.58
2020-08-15 11:40:00,0.0
2020-08-15 11:40:00,0.0
2020-08-15 11:40:00,0.0
2020-08-15 11:40:00,0.0
2020-08-15 11:40:00,0.0
2020-08-15 11:40:00,0.0
2020-08-15 11:40:00,0.0
2020-08-15 11:40:00,0.0
2020-08-15 11:40:00,0.0
2020-08-15 11:40:00,0.0
2020-08-15 11:55:00,0.0
2020-08-15 11:55:00,0.0
2020-08-15 11:55:00,0.0
2020-08-15 11:55:00,0.0
2020-08-15 11:55:00,0.0
2020-08-15 11:55:00,0.0
2020-08-15 11:55:00,0.0
2020-08-15 11:55:00,0.0
2020-08-15 11:55:00,0.0
2020-08-15 11:55:00,0.0
2020-08-15 12:10:00,0.0
2020-08-15 12:10:00,0.0
2020-08-15 12:10:00,0.0
2020-08-15 12:10:00,0.0
2020-08-15 12:10:00,0.0
2020-08-15 12:10:00,0.0
2020-08-15 12:10:00,0.0
2020-08-15 12:10:00,0.0
2020-08-15 12:10:00,0.0
2020-08-15 12:10:00,0.0
2020-08-15 12:25:00,0.0
2020-08-15 12:25:00,0.0
2020-08-15 12:25:00,0.0
2020-08-15 12:25:00,0.0
2020-08-15 12:25:00,0.0
2020-08-15 12:25:00,0.0
2020-08-15 12:25:00,0.0
2020-08-15 12:25:00,0.0
2020-08-15 12:25:00,0.0
2020-08-15 12:25:00,0.0
2020-08-15 12:40:00,0.0
2020-08-15 12:40:00,0.0
2020-08-15 12:40:00,0.0
2020-08-15 12:40:00,0.0
2020-08-15 12:40:00,0.0
2020-08-15 12:40:00,0.0
2020-08-15 12:40:00,0.0
2020-08-15 12:40:00,0.0
2020-08-15 12:40:00,0.0
2020-08-15 12:40:00,0.0
2020-08-15 12:55:00,0.0
2020-08-15 12:55:00,0.0
2020-08-15 12:55:00,0.0
2020-08-15 12:55:00,0.0
2020-08-15 12:55:00,0.0
2020-08-15 12:55:00,0.0
2020-08-15 12:55:00,0.0
2020-08-15 12:55:00,0.0
2020-08-15 12:55:00,0.0
2020-08-15 12:55:00,0.0
2020-08-15 13:10:00,0.0
2020-08-15 13:10:00,0.0
2020-08-15 13:10:00,0.0
2020-08-15 13:10:00,0.0
2020-08-15 13:10:00,0.0
2020-08-15 13:10:00,0.0
2020-08-15 13:10:00,0.0
2020-08-15 13:10:00,0.0
2020-08-15 13:10:00,0.0
2020-08-15 13:10:00,0.0
2020-08-15 13:25:00,0.0
2020-08-15 13:25:00,0.0
2020-08-15 13:25:00,0.0
2020-08-15 13:25:00,0.0
2020-08-15 13:25:00,0.0
2020-08-15 13:25:00,0.0
2020-08-15 13:25:00,0.0
2020-08-15 13:25:00,0.0
2020-08-15 13:25:00,0.0
2020-08-15 13:25:00,0.0
2020-08-15 13:40:00,0.0
2020-08-15 13:40:00,0.0
2020-08-15 13:40:00,0.0
2020-08-15 13:40:00,0.0
2020-08-15 13:40:00,0.0
2020-08-15 13:40:00,0.0
2020-08-15 13:40:00,0.0
2020-08-15 13:40:00,0.0
2020-08-15 13:40:00,0.0
2020-08-15 13:40:00,0.0
2020-08-15 13:55:00,0.0
2020-08-15 13:55:00,0.0
2020-08-15 13:55:00,0.0
2020-08-15 13:55:00,0.0
2020-08-15 13:55:00,0.0
2020-08-15 13:55:00,0.0
2020-08-15 13:55:00,0.0
2020-08-15 13:55:00,0.0
2020-08-15 13:55:00,0.0
2020-08-15 13:55:00,0.0
2020-08-15 14:10:00,0.0
2020-08-15 14:10:00,0.0
2020-08-15 14:10:00,0.0
2020-08-15 14:10:00,0.0
2020-08-15 14:10:00,0.0
2020-08-15 14:10:00,0.0
2020-08-15 14:10:00,0.0
2020-08-15 14:10:00,0.0
2020-08-15 14:10:00,0.0
2020-08-15 14:10:00,0.0
2020-08-15 14:25:00,0.0
2020-08-15 14:25:00,0.0
2020-08-15 14:25:00,0.0
2020-08-15 14:25:00,0.0
2020-08-15 14:25:00,0.0
2020-08-15 14:25:00,0.0
2020-08-15 14:25:00,0.0
2020-08-15 14:25:00,0.0
2020-08-15 14:25:00,0.0
2020-08-15 14:25:00,0.0
2020-08-15 14:40:00,0.0
2020-08-15 14:40:00,0.0
2020-08-15 14:40:00,0.0
2020-08-15 14:40:00,0.0
2020-08-15 14:40:00,0.0
2020-08-15 14:40:00,0.0
2020-08-15 14:40:00,0.0
2020-08-15 14:40:00,0.0
2020-08-15 14:40:00,0.0
2020-08-15 14:40:00,0.0
2020-08-15 14:55:00,206.25
2020-08-15 14:55:00,206.25
2020-08-15 14:55:00,206.25
2020-08-15 14:55:00,206.25
2020-08-15 14:55:00,206.25
2020-08-15 14:55:00,206.25
2020-08-15 14:55:00,206.25
2020-08-15 14:55:00,206.25
2020-08-15 14:55:00,206.25
2020-08-15 14:55:00,206.25
2020-08-15 15:10:00,206.25
2020-08-15 15:10:00,206.25
2020-08-15 15:10:00,206.25
2020-08-15 15:10:00,206.25
2020-08-15 15:10:00,206.25
2020-08-15 15:10:00,206.25
2020-08-15 15:10:00,206.25
2020-08-15 15:10:00,206.25
2020-08-15 15:10:00,206.25
2020-08-15 15:10:00,206.25
2020-08-15 15:25:00,312.53
2020-08-15 15:25:00,312.53
2020-08-15 15:25:00,312.53
2020-08-15 15:25:00,312.53
2020-08-15 15:25:00,312.53
2020-08-15 15:25:00,312.53
2020-08-15 15:25:00,312.53
2020-08-15 15:25:00,312.53
2020-08-15 15:25:00,312.53
2020-08-15 15:25:00,312.53
2020-08-15 15:40:00,418.81
2020-08-15 15:40:00,418.81
2020-08-15 15:40:00,418.81
2020-08-15 15:40:00,418.81
2020-08-15 15:40:00,418.81
2020-08-15 15:40:00,418.81
2020-08-15 15:40:00,418.81
2020-08-15 15:40:00,418.81
2020-08-15 15:40:00,418.81
2020-08-15 15:40:00,418.81
2020-08-15 15:55:00,237.9
2020-08-15 15:55:00,237.9
2020-08-15 15:55:00,237.9
2020-08-15 15:55:00,237.9
2020-08-15 15:55:00,237.9
2020-08-15 15:55:00,237.9
2020-08-15 15:55:00,237.9
2020-08-15 15:55:00,237.9
2020-08-15 15:55:00,237.9
2020-08-15 15:55:00,237.9
2020-08-15 16:10:00,57.0
2020-08-15 16:10:00,57.0
2020-08-15 16:10:00,57.0
2020-08-15 16:10:00,57.0
2020-08-15 16:10:00,57.0
2020-08-15 16:10:00,57.0
2020-08-15 16:10:00,57.0
2020-08-15 16:10:00,57.0
2020-08-15 16:10:00,57.0
2020-08-15 16:10:00,57.0
2020-08-15 16:25:00,59.8
2020-08-15 16:25:00,59.8
2020-08-15 16:25:00,59.8
2020-08-15 16:25:00,59.8
2020-08-15 16:25:00,59.8
2020-08-15 16:25:00,59.8
2020-08-15 16:25:00,59.8
2020-08-15 16:25:00,59.8
2020-08-15 16:25:00,59.8
2020-08-15 16:25:00,59.8
2020-08-15 16:40:00,62.59
2020-08-15 16:40:00,62.59
2020-08-15 16:40:00,62.59
2020-08-15 16:40:00,62.59
2020-08-15 16:40:00,62.59
2020-08-15 16:40:00,62.59
2020-08-15 16:40:00,62.59
2020-08-15 16:40:00,62.59
2020-08-15 16:40:00,62.59
2020-08-15 16:40:00,62.59
2020-08-15 16:55:00,66.68
2020-08-15 16:55:00,66.68
2020-08-15 16:55:00,66.68
2020-08-15 16:55:00,66.68
2020-08-15 16:55:00,66.68
2020-08-15 16:55:00,66.68
2020-08-15 16:55:00,66.68
2020-08-15 16:55:00,66.68
2020-08-15 16:55:00,66.68
2020-08-15 16:55:00,66.68
2020-08-15 17:10:00,70.77
2020-08-15 17:10:00,70.77
2020-08-15 17:10:00,70.77
2020-08-15 17:10:00,70.77
2020-08-15 17:10:00,70.77
2020-08-15 17:10:00,70.77
2020-08-15 17:10:00,70.77
2020-08-15 17:10:00,70.77
2020-08-15 17:10:00,70.77
2020-08-15 17:10:00,70.77
2020-08-15 17:25:00,102.85
2020-08-15 17:25:00,102.85
2020-08-15 17:25:00,102.85
2020-08-15 17:25:00,102.85
2020-08-15 17:25:00,102.85
2020-08-15 17:25:00,102.85
2020-08-15 17:25:00,102.85
2020-08-15 17:25:00,102.85
2020-08-15 17:25:00,102.85
2020-08-15 17:25:00,102.85
2020-08-15 17:40:00,134.93
2020-08-15 17:40:00,134.93
2020-08-15 17:40:00,134.93
2020-08-15 17:40:00,134.93
2020-08-15 17:40:00,134.93
2020-08-15 17:40:00,134.93
2020-08-15 17:40:00,134.93
2020-08-15 17:40:00,134.93
2020-08-15 17:40:00,134.93
2020-08-15 17:40:00,134.93
2020-08-15 17:55:00,92.77
2020-08-15 17:55:00,92.77
2020-08-15 17:55:00,92.77
2020-08-15 17:55:00,92.77
2020-08-15 17:55:00,92.77
2020-08-15 17:55:00,92.77
2020-08-15 17:55:00,92.77
2020-08-15 17:55:00,92.77
2020-08-15 17:55:00,92.77
2020-08-15 17:55:00,92.77
2020-08-15 18:10:00,50.61
2020-08-15 18:10:00,50.61
2020-08-15 18:10:00,50.61
2020-08-15 18:10:00,50.61
2020-08-15 18:10:00,50.61
2020-08-15 18:10:00,50.61
2020-08-15 18:10:00,50.61
2020-08-15 18:10:00,50.61
2020-08-15 18:10:00,50.61
2020-08-15 18:10:00,50.61
2020-08-15 18:25:00,89.37
2020-08-15 18:25:00,89.37
2020-08-15 18:25:00,89.37
2020-08-15 18:25:00,89.37
2020-08-15 18:25:00,89.37
2020-08-15 18:25:00,89.37
2020-08-15 18:25:00,89.37
2020-08-15 18:25:00,89.37
2020-08-15 18:25:00,89.37
2020-08-15 18:25:00,89.37
2020-08-15 18:40:00,128.13
2020-08-15 18:40:00,128.13
2020-08-15 18:40:00,128.13
2020-08-15 18:40:00,128.13
2020-08-15 18:40:00,128.13
2020-08-15 18:40:00,128.13
2020-08-15 18:40:00,128.13
2020-08-15 18:40:00,128.13
2020-08-15 18:40:00,128.13
2020-08-15 18:40:00,128.13
2020-08-15 18:55:00,127.68
2020-08-15 18:55:00,127.68
2020-08-15 18:55:00,127.68
2020-08-15 18:55:00,127.68
2020-08-15 18:55:00,127.68
2020-08-15 18:55:00,127.68
2020-08-15 18:55:00,127.68
2020-08-15 18:55:00,127.68
2020-08-15 18:55:00,127.68
2020-08-15 18:55:00,127.68
2020-08-15 19:10:00,127.24
2020-08-15 19:10:00,127.24
2020-08-15 19:10:00,127.24
2020-08-15 19:10:00,127.24
2020-08-15 19:10:00,127.24
2020-08-15 19:10:00,127.24
2020-08-15 19:10:00,127.24
2020-08-15 19:10:00,127.24
2020-08-15 19:10:00,127.24
2020-08-15 19:10:00,127.24
2020-08-15 19:25:00,80.57
2020-08-15 19:25:00,80.57
2020-08-15 19:25:00,80.57
2020-08-15 19:25:00,80.57
2020-08-15 19:25:00,80.57
2020-08-15 19:25:00,80.57
2020-08-15 19:25:00,80.57
2020-08-15 19:25:00,80.57
2020-08-15 19:25:00,80.57
2020-08-15 19:25:00,80.57
2020-08-15 19:40:00,33.91
2020-08-15 19:40:00,33.91
2020-08-15 19:40:00,33.91
2020-08-15 19:40:00,33.91
2020-08-15 19:40:00,33.91
2020-08-15 19:40:00,33.91
2020-08-15 19:40:00,33.91
2020-08-15 19:40:00,33.91
2020-08-15 19:40:00,33.91
2020-08-15 19:40:00,33.91
2020-08-15 19:55:00,28.21
2020-08-15 19:55:00,28.21
2020-08-15 19:55:00,28.21
2020-08-15 19:55:00,28.21
2020-08-15 19:55:00,28.21
2020-08-15 19:55:00,28.21
2020-08-15 19:55:00,28.21
2020-08-15 19:55:00,28.21
2020-08-15 19:55:00,28.21
2020-08-15 19:55:00,28.21
2020-08-15 20:10:00,22.51
2020-08-15 20:10:00,22.51
2020-08-15 20:10:00,22.51
2020-08-15 20:10:00,22.51
2020-08-15 20:10:00,22.51
2020-08-15 20:10:00,22.51
2020-08-15 20:10:00,22.51
2020-08-15 20:10:00,22.51
2020-08-15 20:10:00,22.51
2020-08-15 20:10:00,22.51
2020-08-15 20:25:00,22.51
2020-08-15 20:25:00,22.51
2020-08-15 20:25:00,22.51
2020-08-15 20:25:00,22.51
2020-08-15 20:25:00,22.51
2020-08-15 20:25:00,22.51
2020-08-15 20:25:00,22.51
2020-08-15 20:25:00,22.51
2020-08-15 20:25:00,22.51
2020-08-15 20:25:00,22.51
2020-08-15 20:40:00,0.0
2020-08-15 20:40:00,0.0
2020-08-15 20:40:00,0.0
2020-08-15 20:40:00,0.0
2020-08-15 20:40:00,0.0
2020-08-15 20:40:00,0.0
2020-08-15 20:40:00,0.0
2020-08-15 20:40:00,0.0
2020-08-15 20:40:00,0.0
2020-08-15 20:40:00,0.0
2020-08-15 20:55:00,0.0
2020-08-15 20:55:00,0.0
2020-08-15 20:55:00,0.0
2020-08-15 20:55:00,0.0
2020-08-15 20:55:00,0.0
2020-08-15 20:55:00,0.0
2020-08-15 20:55:00,0.0
2020-08-15 20:55:00,0.0
2020-08-15 20:55:00,0.0
2020-08-15 20:55:00,0.0
2020-08-15 21:10:00,0.0
2020-08-15 21:10:00,0.0
2020-08-15 21:10:00,0.0
2020-08-15 21:10:00,0.0
2020-08-15 21:10:00,0.0
2020-08-15 21:10:00,0.0
2020-08-15 21:10:00,0.0
2020-08-15 21:10:00,0.0
2020-08-15 21:10:00,0.0
2020-08-15 21:10:00,0.0
2020-08-15 21:25:00,0.0
2020-08-15 21:25:00,0.0
2020-08-15 21:25:00,0.0
2020-08-15 21:25:00,0.0
2020-08-15 21:25:00,0.0
2020-08-15 21:25:00,0.0
2020-08-15 21:25:00,0.0
2020-08-15 21:25:00,0.0
2020-08-15 21:25:00,0.0
2020-08-15 21:25:00,0.0
2020-08-15 21:40:00,0.0
2020-08-15 21:40:00,0.0
2020-08-15 21:40:00,0.0
2020-08-15 21:40:00,0.0
2020-08-15 21:40:00,0.0
2020-08-15 21:40:00,0.0
2020-08-15 21:40:00,0.0
2020-08-15 21:40:00,0.0
2020-08-15 21:40:00,0.0
2020-08-15 21:40:00,0.0
2020-08-15 21:55:00,0.0
2020-08-15 21:55:00,0.0
2020-08-15 21:55:00,0.0
2020-08-15 21:55:00,0.0
2020-08-15 21:55:00,0.0
2020-08-15 21:55:00,0.0
2020-08-15 21:55:00,0.0
2020-08-15 21:55:00,0.0
2020-08-15 21:55:00,0.0
2020-08-15 21:55:00,0.0
2020-08-15 22:10:00,0.0
2020-08-15 22:10:00,0.0
2020-08-15 22:10:00,0.0
2020-08-15 22:10:00,0.0
2020-08-15 22:10:00,0.0
2020-08-15 22:10:00,0.0
2020-08-15 22:10:00,0.0
2020-08-15 22:10:00,0.0
2020-08-15 22:10:00,0.0
2020-08-15 22:10:00,0.0
2020-08-15 22:25:00,0.0
2020-08-15 22:25:00,0.0
2020-08-15 22:25:00,0.0
2020-08-15 22:25:00,0.0
2020-08-15 22:25:00,0.0
2020-08-15 22:25:00,0.0
2020-08-15 22:25:00,0.0
2020-08-15 22:25:00,0.0
2020-08-15 22:25:00,0.0
2020-08-15 22:25:00,0.0
2020-08-15 22:40:00,0.0
2020-08-15 22:40:00,0.0
2020-08-15 22:40:00,0.0
2020-08-15 22:40:00,0.0
2020-08-15 22:40:00,0.0
2020-08-15 22:40:00,0.0
2020-08-15 22:40:00,0.0
2020-08-15 22:40:00,0.0
2020-08-15 22:40:00,0.0
2020-08-15 22:40:00,0.0
2020-08-15 22:55:00,0.0
2020-08-15 22:55:00,0.0
2020-08-15 22:55:00,0.0
2020-08-15 22:55:00,0.0
2020-08-15 22:55:00,0.0
2020-08-15 22:55:00,0.0
2020-08-15 22:55:00,0.0
2020-08-15 22:55:00,0.0
2020-08-15 22:55:00,0.0
2020-08-15 22:55:00,0.0
2020-08-15 23:10:00,0.0
2020-08-15 23:10:00,0.0
2020-08-15 23:10:00,0.0
2020-08-15 23:10:00,0.0
2020-08-15 23:10:00,0.0
2020-08-15 23:10:00,0.0
2020-08-15 23:10:00,0.0
2020-08-15 23:10:00,0.0
2020-08-15 23:10:00,0.0
2020-08-15 23:10:00,0.0
2020-08-15 23:25:00,0.0
2020-08-15 23:25:00,0.0
2020-08-15 23:25:00,0.0
2020-08-15 23:25:00,0.0
2020-08-15 23:25:00,0.0
2020-08-15 23:25:00,0.0
2020-08-15 23:25:00,0.0
2020-08-15 23:25:00,0.0
2020-08-15 23:25:00,0.0
2020-08-15 23:25:00,0.0
2020-08-15 23:40:00,0.0
2020-08-15 23:40:00,0.0
2020-08-15 23:40:00,0.0
2020-08-15 23:40:00,0.0
2020-08-15 23:40:00,0.0
2020-08-15 23:40:00,0.0
2020-08-15 23:40:00,0.0
2020-08-15 23:40:00,0.0
2020-08-15 23:40:00,0.0
2020-08-15 23:40:00,0.0
2020-08-15 23:55:00,0.0
2020-08-15 23:55:00,0.0
2020-08-15 23:55:00,0.0
2020-08-15 23:55:00,0.0
2020-08-15 23:55:00,0.0
2020-08-15 23:55:00,0.0
2020-08-15 23:55:00,0.0
2020-08-15 23:55:00,0.0
2020-08-15 23:55:00,0.0
2020-08-15 23:55:00,0.0
2020-08-16 00:10:00,0.0
2020-08-16 00:10:00,0.0
2020-08-16 00:10:00,0.0
2020-08-16 00:10:00,0.0
2020-08-16 00:10:00,0.0
2020-08-16 00:10:00,0.0
2020-08-16 00:10:00,0.0
2020-08-16 00:10:00,0.0
2020-08-16 00:10:00,0.0
2020-08-16 00:10:00,0.0
2020-08-16 00:25:00,0.0
2020-08-16 00:25:00,0.0
2020-08-16 00:25:00,0.0
2020-08-16 00:25:00,0.0
2020-08-16 00:25:00,0.0
2020-08-16 00:25:00,0.0
2020-08-16 00:25:00,0.0
2020-08-16 00:25:00,0.0
2020-08-16 00:25:00,0.0
2020-08-16 00:25:00,0.0
2020-08-16 00:40:00,0.0
2020-08-16 00:40:00,0.0
2020-08-16 00:40:00,0.0
2020-08-16 00:40:00,0.0
2020-08-16 00:40:00,0.0
2020-08-16 00:40:00,0.0
2020-08-16 00:40:00,0.0
2020-08-16 00:40:00,0.0
2020-08-16 00:40:00,0.0
2020-08-16 00:40:00,0.0
2020-08-16 00:55:00,0.0
2020-08-16 00:55:00,0.0
2020-08-16 00:55:00,0.0
2020-08-16 00:55:00,0.0
2020-08-16 00:55:00,0.0
2020-08-16 00:55:00,0.0
2020-08-16 00:55:00,0.0
2020-08-16 00:55:00,0.0
2020-08-16 00:55:00,0.0
2020-08-16 00:55:00,0.0
