timestamp,power_kw
2021-01-01 00:10:00,298.76
2021-01-01 00:20:00,381.78
2021-01-01 00:30:00,373.39
2021-01-01 00:40:00,310.78
2021-01-01 00:50:00,292.35
2021-01-01 01:00:00,151.13
2021-01-01 01:10:00,111.33
2021-01-01 01:20:00,108.99
2021-01-01 01:30:00,124.53
2021-01-01 01:40:00,120.65
2021-01-01 01:50:00,92.04
2021-01-01 02:00:00,71.34
2021-01-01 02:10:00,65.67
2021-01-01 02:10:00,65.67
2021-01-01 02:10:00,65.67
2021-01-01 02:10:00,65.67
2021-01-01 02:10:00,65.67
2021-01-01 02:10:00,65.67
2021-01-01 02:20:00,71.95
2021-01-01 02:20:00,71.95
2021-01-01 02:20:00,71.95
2021-01-01 02:20:00,71.95
2021-01-01 02:20:00,71.95
2021-01-01 02:20:00,71.95
2021-01-01 02:30:00,73.25
2021-01-01 02:30:00,73.25
2021-01-01 02:30:00,73.25
2021-01-01 02:30:00,73.25
2021-01-01 02:30:00,73.25
2021-01-01 02:30:00,73.25
2021-01-01 02:40:00,72.28
2021-01-01 02:40:00,72.28
2021-01-01 02:40:00,72.28
2021-01-01 02:40:00,72.28
2021-01-01 02:40:00,72.28
2021-01-01 02:40:00,72.28
2021-01-01 02:50:00,82.04
2021-01-01 02:50:00,82.04
2021-01-01 02:50:00,82.04
2021-01-01 02:50:00,82.04
2021-01-01 02:50:00,82.04
2021-01-01 02:50:00,82.04
2021-01-01 03:00:00,75.75
2021-01-01 03:00:00,75.75
2021-01-01 03:00:00,75.75
2021-01-01 03:00:00,75.75
2021-01-01 03:00:00,75.75
2021-01-01 03:00:00,75.75
2021-01-01 03:10:00,58.6
2021-01-01 03:10:00,58.6
2021-01-01 03:10:00,58.6
2021-01-01 03:10:00,58.6
2021-01-01 03:10:00,58.6
2021-01-01 03:10:00,58.6
2021-01-01 03:20:00,52.45
2021-01-01 03:20:00,52.45
2021-01-01 03:20:00,52.45
2021-01-01 03:20:00,52.45
2021-01-01 03:20:00,52.45
2021-01-01 03:20:00,52.45
2021-01-01 03:30:00,45.89
2021-01-01 03:30:00,45.89
2021-01-01 03:30:00,45.89
2021-01-01 03:30:00,45.89
2021-01-01 03:30:00,45.89
2021-01-01 03:30:00,45.89
2021-01-01 03:40:00,120.16
2021-01-01 03:40:00,120.16
2021-01-01 03:40:00,120.16
2021-01-01 03:40:00,120.16
2021-01-01 03:40:00,120.16
2021-01-01 03:40:00,120.16
2021-01-01 03:50:00,82.45
2021-01-01 03:50:00,82.45
2021-01-01 03:50:00,82.45
2021-01-01 03:50:00,82.45
2021-01-01 03:50:00,82.45
2021-01-01 03:50:00,82.45
2021-01-01 04:00:00,84.14
2021-01-01 04:00:00,84.14
2021-01-01 04:00:00,84.14
2021-01-01 04:00:00,84.14
2021-01-01 04:00:00,84.14
2021-01-01 04:00:00,84.14
2021-01-01 04:10:00,57.29
2021-01-01 04:10:00,57.29
2021-01-01 04:10:00,57.29
2021-01-01 04:10:00,57.29
2021-01-01 04:10:00,57.29
2021-01-01 04:10:00,57.29
2021-01-01 04:20:00,48.73
2021-01-01 04:20:00,48.73
2021-01-01 04:20:00,48.73
2021-01-01 04:20:00,48.73
2021-01-01 04:20:00,48.73
2021-01-01 04:20:00,48.73
2021-01-01 04:30:00,33.41
2021-01-01 04:30:00,33.41
2021-01-01 04:30:00,33.41
2021-01-01 04:30:00,33.41
2021-01-01 04:30:00,33.41
2021-01-01 04:30:00,33.41
2021-01-01 04:40:00,13.66
2021-01-01 04:40:00,13.66
2021-01-01 04:40:00,13.66
2021-01-01 04:40:00,13.66
2021-01-01 04:40:00,13.66
2021-01-01 04:40:00,13.66
2021-01-01 04:50:00,7.24
2021-01-01 04:50:00,7.24
2021-01-01 04:50:00,7.24
2021-01-01 04:50:00,7.24
2021-01-01 04:50:00,7.24
2021-01-01 04:50:00,7.24
2021-01-01 05:00:00,5.41
2021-01-01 05:00:00,5.41
2021-01-01 05:00:00,5.41
2021-01-01 05:00:00,5.41
2021-01-01 05:00:00,5.41
2021-01-01 05:00:00,5.41
2021-01-01 05:10:00,18.81
2021-01-01 05:10:00,18.81
2021-01-01 05:10:00,18.81
2021-01-01 05:10:00,18.81
2021-01-01 05:10:00,18.81
2021-01-01 05:10:00,18.81
2021-01-01 05:20:00,30.67
2021-01-01 05:20:00,30.67
2021-01-01 05:20:00,30.67
2021-01-01 05:20:00,30.67
2021-01-01 05:20:00,30.67
2021-01-01 05:20:00,30.67
2021-01-01 05:30:00,24.04
2021-01-01 05:30:00,24.04
2021-01-01 05:30:00,24.04
2021-01-01 05:30:00,24.04
2021-01-01 05:30:00,24.04
2021-01-01 05:30:00,24.04
2021-01-01 05:40:00,24.79
2021-01-01 05:40:00,24.79
2021-01-01 05:40:00,24.79
2021-01-01 05:40:00,24.79
2021-01-01 05:40:00,24.79
2021-01-01 05:40:00,24.79
2021-01-01 05:50:00,35.8
2021-01-01 05:50:00,35.8
2021-01-01 05:50:00,35.8
2021-01-01 05:50:00,35.8
2021-01-01 05:50:00,35.8
2021-01-01 05:50:00,35.8
2021-01-01 06:00:00,34.79
2021-01-01 06:00:00,34.79
2021-01-01 06:00:00,34.79
2021-01-01 06:00:00,34.79
2021-01-01 06:00:00,34.79
2021-01-01 06:00:00,34.79
2021-01-01 06:10:00,26.96
2021-01-01 06:10:00,26.96
2021-01-01 06:10:00,26.96
2021-01-01 06:10:00,26.96
2021-01-01 06:10:00,26.96
2021-01-01 06:10:00,26.96
2021-01-01 06:20:00,28.5
2021-01-01 06:20:00,28.5
2021-01-01 06:20:00,28.5
2021-01-01 06:20:00,28.5
2021-01-01 06:20:00,28.5
2021-01-01 06:20:00,28.5
2021-01-01 06:30:00,35.39
2021-01-01 06:30:00,35.39
2021-01-01 06:30:00,35.39
2021-01-01 06:30:00,35.39
2021-01-01 06:30:00,35.39
2021-01-01 06:30:00,35.39
2021-01-01 06:40:00,39.72
2021-01-01 06:40:00,39.72
2021-01-01 06:40:00,39.72
2021-01-01 06:40:00,39.72
2021-01-01 06:40:00,39.72
2021-01-01 06:40:00,39.72
2021-01-01 06:50:00,37.32
2021-01-01 06:50:00,37.32
2021-01-01 06:50:00,37.32
2021-01-01 06:50:00,37.32
2021-01-01 06:50:00,37.32
2021-01-01 06:50:00,37.32
2021-01-01 07:00:00,30.35
2021-01-01 07:00:00,30.35
2021-01-01 07:00:00,30.35
2021-01-01 07:00:00,30.35
2021-01-01 07:00:00,30.35
2021-01-01 07:00:00,30.35
2021-01-01 07:10:00,24.74
2021-01-01 07:10:00,24.74
2021-01-01 07:10:00,24.74
2021-01-01 07:10:00,24.74
2021-01-01 07:10:00,24.74
2021-01-01 07:10:00,24.74
2021-01-01 07:20:00,18.14
2021-01-01 07:20:00,18.14
2021-01-01 07:20:00,18.14
2021-01-01 07:20:00,18.14
2021-01-01 07:20:00,18.14
2021-01-01 07:20:00,18.14
2021-01-01 07:30:00,21.88
2021-01-01 07:30:00,21.88
2021-01-01 07:30:00,21.88
2021-01-01 07:30:00,21.88
2021-01-01 07:30:00,21.88
2021-01-01 07:30:00,21.88
2021-01-01 07:40:00,18.35
2021-01-01 07:40:00,18.35
2021-01-01 07:40:00,18.35
2021-01-01 07:40:00,18.35
2021-01-01 07:40:00,18.35
2021-01-01 07:40:00,18.35
2021-01-01 07:50:00,0.0
2021-01-01 07:50:00,0.0
2021-01-01 07:50:00,0.0
2021-01-01 07:50:00,0.0
2021-01-01 07:50:00,0.0
2021-01-01 07:50:00,0.0
2021-01-01 08:00:00,0.0
2021-01-01 08:00:00,0.0
2021-01-01 08:00:00,0.0
2021-01-01 08:00:00,0.0
2021-01-01 08:00:00,0.0
2021-01-01 08:00:00,0.0
2021-01-01 08:10:00,0.0
2021-01-01 08:10:00,0.0
2021-01-01 08:10:00,0.0
2021-01-01 08:10:00,0.0
2021-01-01 08:10:00,0.0
2021-01-01 08:10:00,0.0
2021-01-01 08:20:00,0.0
2021-01-01 08:20:00,0.0
2021-01-01 08:20:00,0.0
2021-01-01 08:20:00,0.0
2021-01-01 08:20:00,0.0
2021-01-01 08:20:00,0.0
2021-01-01 08:30:00,0.0
2021-01-01 08:30:00,0.0
2021-01-01 08:30:00,0.0
2021-01-01 08:30:00,0.0
2021-01-01 08:30:00,0.0
2021-01-01 08:30:00,0.0
2021-01-01 08:40:00,0.0
2021-01-01 08:40:00,0.0
2021-01-01 08:40:00,0.0
2021-01-01 08:40:00,0.0
2021-01-01 08:40:00,0.0
2021-01-01 08:40:00,0.0
2021-01-01 08:50:00,0.0
2021-01-01 08:50:00,0.0
2021-01-01 08:50:00,0.0
2021-01-01 08:50:00,0.0
2021-01-01 08:50:00,0.0
2021-01-01 08:50:00,0.0
2021-01-01 09:00:00,0.0
2021-01-01 09:00:00,0.0
2021-01-01 09:00:00,0.0
2021-01-01 09:00:00,0.0
2021-01-01 09:00:00,0.0
2021-01-01 09:00:00,0.0
2021-01-01 09:10:00,0.0
2021-01-01 09:10:00,0.0
2021-01-01 09:10:00,0.0
2021-01-01 09:10:00,0.0
2021-01-01 09:10:00,0.0
2021-01-01 09:10:00,0.0
2021-01-01 09:20:00,0.0
2021-01-01 09:20:00,0.0
2021-01-01 09:20:00,0.0
2021-01-01 09:20:00,0.0
2021-01-01 09:20:00,0.0
2021-01-01 09:20:00,0.0
2021-01-01 09:30:00,0.0
2021-01-01 09:30:00,0.0
2021-01-01 09:30:00,0.0
2021-01-01 09:30:00,0.0
2021-01-01 09:30:00,0.0
2021-01-01 09:30:00,0.0
2021-01-01 09:40:00,0.0
2021-01-01 09:40:00,0.0
2021-01-01 09:40:00,0.0
2021-01-01 09:40:00,0.0
2021-01-01 09:40:00,0.0
2021-01-01 09:40:00,0.0
2021-01-01 09:50:00,0.0
2021-01-01 09:50:00,0.0
2021-01-01 09:50:00,0.0
2021-01-01 09:50:00,0.0
2021-01-01 09:50:00,0.0
2021-01-01 09:50:00,0.0
2021-01-01 10:00:00,0.0
2021-01-01 10:00:00,0.0
2021-01-01 10:00:00,0.0
2021-01-01 10:00:00,0.0
2021-01-01 10:00:00,0.0
2021-01-01 10:00:00,0.0
2021-01-01 10:10:00,0.0
2021-01-01 10:10:00,0.0
2021-01-01 10:10:00,0.0
2021-01-01 10:10:00,0.0
2021-01-01 10:10:00,0.0
2021-01-01 10:10:00,0.0
2021-01-01 10:20:00,0.0
2021-01-01 10:20:00,0.0
2021-01-01 10:20:00,0.0
2021-01-01 10:20:00,0.0
2021-01-01 10:20:00,0.0
2021-01-01 10:20:00,0.0
2021-01-01 10:30:00,0.0
2021-01-01 10:30:00,0.0
2021-01-01 10:30:00,0.0
2021-01-01 10:30:00,0.0
2021-01-01 10:30:00,0.0
2021-01-01 10:30:00,0.0
2021-01-01 10:40:00,0.0
2021-01-01 10:40:00,0.0
2021-01-01 10:40:00,0.0
2021-01-01 10:40:00,0.0
2021-01-01 10:40:00,0.0
2021-01-01 10:40:00,0.0
2021-01-01 10:50:00,0.0
2021-01-01 10:50:00,0.0
2021-01-01 10:50:00,0.0
2021-01-01 10:50:00,0.0
2021-01-01 10:50:00,0.0
2021-01-01 10:50:00,0.0
2021-01-01 11:00:00,0.0
2021-01-01 11:00:00,0.0
2021-01-01 11:00:00,0.0
2021-01-01 11:00:00,0.0
2021-01-01 11:00:00,0.0
2021-01-01 11:00:00,0.0
2021-01-01 11:10:00,0.0
2021-01-01 11:10:00,0.0
2021-01-01 11:10:00,0.0
2021-01-01 11:10:00,0.0
2021-01-01 11:10:00,0.0
2021-01-01 11:10:00,0.0
2021-01-01 11:20:00,0.0
2021-01-01 11:20:00,0.0
2021-01-01 11:20:00,0.0
2021-01-01 11:20:00,0.0
2021-01-01 11:20:00,0.0
2021-01-01 11:20:00,0.0
2021-01-01 11:30:00,0.0
2021-01-01 11:30:00,0.0
2021-01-01 11:30:00,0.0
2021-01-01 11:30:00,0.0
2021-01-01 11:30:00,0.0
2021-01-01 11:30:00,0.0
2021-01-01 11:40:00,0.0
2021-01-01 11:40:00,0.0
2021-01-01 11:40:00,0.0
2021-01-01 11:40:00,0.0
2021-01-01 11:40:00,0.0
2021-01-01 11:40:00,0.0
2021-01-01 11:50:00,0.0
2021-01-01 11:50:00,0.0
2021-01-01 11:50:00,0.0
2021-01-01 11:50:00,0.0
2021-01-01 11:50:00,0.0
2021-01-01 11:50:00,0.0
2021-01-01 12:00:00,0.0
2021-01-01 12:00:00,0.0
2021-01-01 12:00:00,0.0
2021-01-01 12:00:00,0.0
2021-01-01 12:00:00,0.0
2021-01-01 12:00:00,0.0
2021-01-01 12:10:00,0.0
2021-01-01 12:10:00,0.0
2021-01-01 12:10:00,0.0
2021-01-01 12:10:00,0.0
2021-01-01 12:10:00,0.0
2021-01-01 12:10:00,0.0
2021-01-01 12:20:00,0.0
2021-01-01 12:20:00,0.0
2021-01-01 12:20:00,0.0
2021-01-01 12:20:00,0.0
2021-01-01 12:20:00,0.0
2021-01-01 12:20:00,0.0
2021-01-01 12:30:00,0.0
2021-01-01 12:30:00,0.0
2021-01-01 12:30:00,0.0
2021-01-01 12:30:00,0.0
2021-01-01 12:30:00,0.0
2021-01-01 12:30:00,0.0
2021-01-01 12:40:00,0.0
2021-01-01 12:40:00,0.0
2021-01-01 12:40:00,0.0
2021-01-01 12:40:00,0.0
2021-01-01 12:40:00,0.0
2021-01-01 12:40:00,0.0
2021-01-01 12:50:00,0.0
2021-01-01 12:50:00,0.0
2021-01-01 12:50:00,0.0
2021-01-01 12:50:00,0.0
2021-01-01 12:50:00,0.0
2021-01-01 12:50:00,0.0
2021-01-01 13:00:00,0.0
2021-01-01 13:00:00,0.0
2021-01-01 13:00:00,0.0
2021-01-01 13:00:00,0.0
2021-01-01 13:00:00,0.0
2021-01-01 13:00:00,0.0
2021-01-01 13:10:00,0.0
2021-01-01 13:10:00,0.0
2021-01-01 13:10:00,0.0
2021-01-01 13:10:00,0.0
2021-01-01 13:10:00,0.0
2021-01-01 13:10:00,0.0
2021-01-01 13:20:00,0.0
2021-01-01 13:20:00,0.0
2021-01-01 13:20:00,0.0
2021-01-01 13:20:00,0.0
2021-01-01 13:20:00,0.0
2021-01-01 13:20:00,0.0
2021-01-01 13:30:00,0.0
2021-01-01 13:30:00,0.0
2021-01-01 13:30:00,0.0
2021-01-01 13:30:00,0.0
2021-01-01 13:30:00,0.0
2021-01-01 13:30:00,0.0
2021-01-01 13:40:00,0.0
2021-01-01 13:40:00,0.0
2021-01-01 13:40:00,0.0
2021-01-01 13:40:00,0.0
2021-01-01 13:40:00,0.0
2021-01-01 13:40:00,0.0
2021-01-01 13:50:00,0.0
2021-01-01 13:50:00,0.0
2021-01-01 13:50:00,0.0
2021-01-01 13:50:00,0.0
2021-01-01 13:50:00,0.0
2021-01-01 13:50:00,0.0
2021-01-01 14:00:00,0.0
2021-01-01 14:00:00,0.0
2021-01-01 14:00:00,0.0
2021-01-01 14:00:00,0.0
2021-01-01 14:00:00,0.0
2021-01-01 14:00:00,0.0
2021-01-01 14:10:00,0.0
2021-01-01 14:10:00,0.0
2021-01-01 14:10:00,0.0
2021-01-01 14:10:00,0.0
2021-01-01 14:10:00,0.0
2021-01-01 14:10:00,0.0
2021-01-01 14:20:00,0.0
2021-01-01 14:20:00,0.0
2021-01-01 14:20:00,0.0
2021-01-01 14:20:00,0.0
2021-01-01 14:20:00,0.0
2021-01-01 14:20:00,0.0
2021-01-01 14:30:00,0.0
2021-01-01 14:30:00,0.0
2021-01-01 14:30:00,0.0
2021-01-01 14:30:00,0.0
2021-01-01 14:30:00,0.0
2021-01-01 14:30:00,0.0
2021-01-01 14:40:00,0.0
2021-01-01 14:40:00,0.0
2021-01-01 14:40:00,0.0
2021-01-01 14:40:00,0.0
2021-01-01 14:40:00,0.0
2021-01-01 14:40:00,0.0
2021-01-01 14:50:00,0.0
2021-01-01 14:50:00,0.0
2021-01-01 14:50:00,0.0
2021-01-01 14:50:00,0.0
2021-01-01 14:50:00,0.0
2021-01-01 14:50:00,0.0
2021-01-01 15:00:00,0.0
2021-01-01 15:00:00,0.0
2021-01-01 15:00:00,0.0
2021-01-01 15:00:00,0.0
2021-01-01 15:00:00,0.0
2021-01-01 15:00:00,0.0
2021-01-01 15:10:00,0.0
2021-01-01 15:10:00,0.0
2021-01-01 15:10:00,0.0
2021-01-01 15:10:00,0.0
2021-01-01 15:10:00,0.0
2021-01-01 15:10:00,0.0
2021-01-01 15:20:00,0.0
2021-01-01 15:20:00,0.0
2021-01-01 15:20:00,0.0
2021-01-01 15:20:00,0.0
2021-01-01 15:20:00,0.0
2021-01-01 15:20:00,0.0
2021-01-01 15:30:00,0.0
2021-01-01 15:30:00,0.0
2021-01-01 15:30:00,0.0
2021-01-01 15:30:00,0.0
2021-01-01 15:30:00,0.0
2021-01-01 15:30:00,0.0
2021-01-01 15:40:00,0.0
2021-01-01 15:40:00,0.0
2021-01-01 15:40:00,0.0
2021-01-01 15:40:00,0.0
2021-01-01 15:40:00,0.0
2021-01-01 15:40:00,0.0
2021-01-01 15:50:00,0.0
2021-01-01 15:50:00,0.0
2021-01-01 15:50:00,0.0
2021-01-01 15:50:00,0.0
2021-01-01 15:50:00,0.0
2021-01-01 15:50:00,0.0
2021-01-01 16:00:00,0.0
2021-01-01 16:00:00,0.0
2021-01-01 16:00:00,0.0
2021-01-01 16:00:00,0.0
2021-01-01 16:00:00,0.0
2021-01-01 16:00:00,0.0
2021-01-01 16:10:00,0.0
2021-01-01 16:10:00,0.0
2021-01-01 16:10:00,0.0
2021-01-01 16:10:00,0.0
2021-01-01 16:10:00,0.0
2021-01-01 16:10:00,0.0
2021-01-01 16:20:00,0.0
2021-01-01 16:20:00,0.0
2021-01-01 16:20:00,0.0
2021-01-01 16:20:00,0.0
2021-01-01 16:20:00,0.0
2021-01-01 16:20:00,0.0
2021-01-01 16:30:00,0.0
2021-01-01 16:30:00,0.0
2021-01-01 16:30:00,0.0
2021-01-01 16:30:00,0.0
2021-01-01 16:30:00,0.0
2021-01-01 16:30:00,0.0
2021-01-01 16:40:00,0.0
2021-01-01 16:40:00,0.0
2021-01-01 16:40:00,0.0
2021-01-01 16:40:00,0.0
2021-01-01 16:40:00,0.0
2021-01-01 16:40:00,0.0
2021-01-01 16:50:00,0.0
2021-01-01 16:50:00,0.0
2021-01-01 16:50:00,0.0
2021-01-01 16:50:00,0.0
2021-01-01 16:50:00,0.0
2021-01-01 16:50:00,0.0
2021-01-01 17:00:00,0.0
2021-01-01 17:00:00,0.0
2021-01-01 17:00:00,0.0
2021-01-01 17:00:00,0.0
2021-01-01 17:00:00,0.0
2021-01-01 17:00:00,0.0
2021-01-01 17:10:00,0.0
2021-01-01 17:10:00,0.0
2021-01-01 17:10:00,0.0
2021-01-01 17:10:00,0.0
2021-01-01 17:10:00,0.0
2021-01-01 17:10:00,0.0
2021-01-01 17:20:00,0.0
2021-01-01 17:20:00,0.0
2021-01-01 17:20:00,0.0
2021-01-01 17:20:00,0.0
2021-01-01 17:20:00,0.0
2021-01-01 17:20:00,0.0
2021-01-01 17:30:00,0.0
2021-01-01 17:30:00,0.0
2021-01-01 17:30:00,0.0
2021-01-01 17:30:00,0.0
2021-01-01 17:30:00,0.0
2021-01-01 17:30:00,0.0
2021-01-01 17:40:00,0.0
2021-01-01 17:40:00,0.0
2021-01-01 17:40:00,0.0
2021-01-01 17:40:00,0.0
2021-01-01 17:40:00,0.0
2021-01-01 17:40:00,0.0
2021-01-01 17:50:00,0.0
2021-01-01 17:50:00,0.0
2021-01-01 17:50:00,0.0
2021-01-01 17:50:00,0.0
2021-01-01 17:50:00,0.0
2021-01-01 17:50:00,0.0
2021-01-01 18:00:00,0.0
2021-01-01 18:00:00,0.0
2021-01-01 18:00:00,0.0
2021-01-01 18:00:00,0.0
2021-01-01 18:00:00,0.0
2021-01-01 18:00:00,0.0
2021-01-01 18:10:00,0.0
2021-01-01 18:10:00,0.0
2021-01-01 18:10:00,0.0
2021-01-01 18:10:00,0.0
2021-01-01 18:10:00,0.0
2021-01-01 18:10:00,0.0
2021-01-01 18:20:00,0.0
2021-01-01 18:20:00,0.0
2021-01-01 18:20:00,0.0
2021-01-01 18:20:00,0.0
2021-01-01 18:20:00,0.0
2021-01-01 18:20:00,0.0
2021-01-01 18:30:00,0.0
2021-01-01 18:30:00,0.0
2021-01-01 18:30:00,0.0
2021-01-01 18:30:00,0.0
2021-01-01 18:30:00,0.0
2021-01-01 18:30:00,0.0
2021-01-01 18:40:00,0.0
2021-01-01 18:40:00,0.0
2021-01-01 18:40:00,0.0
2021-01-01 18:40:00,0.0
2021-01-01 18:40:00,0.0
2021-01-01 18:40:00,0.0
2021-01-01 18:50:00,0.0
2021-01-01 18:50:00,0.0
2021-01-01 18:50:00,0.0
2021-01-01 18:50:00,0.0
2021-01-01 18:50:00,0.0
2021-01-01 18:50:00,0.0
2021-01-01 19:00:00,0.0
2021-01-01 19:00:00,0.0
2021-01-01 19:00:00,0.0
2021-01-01 19:00:00,0.0
2021-01-01 19:00:00,0.0
2021-01-01 19:00:00,0.0
2021-01-01 19:10:00,0.0
2021-01-01 19:10:00,0.0
2021-01-01 19:10:00,0.0
2021-01-01 19:10:00,0.0
2021-01-01 19:10:00,0.0
2021-01-01 19:10:00,0.0
2021-01-01 19:20:00,0.0
2021-01-01 19:20:00,0.0
2021-01-01 19:20:00,0.0
2021-01-01 19:20:00,0.0
2021-01-01 19:20:00,0.0
2021-01-01 19:20:00,0.0
2021-01-01 19:30:00,0.0
2021-01-01 19:30:00,0.0
2021-01-01 19:30:00,0.0
2021-01-01 19:30:00,0.0
2021-01-01 19:30:00,0.0
2021-01-01 19:30:00,0.0
2021-01-01 19:40:00,0.0
2021-01-01 19:40:00,0.0
2021-01-01 19:40:00,0.0
2021-01-01 19:40:00,0.0
2021-01-01 19:40:00,0.0
2021-01-01 19:40:00,0.0
2021-01-01 19:50:00,0.0
2021-01-01 19:50:00,0.0
2021-01-01 19:50:00,0.0
2021-01-01 19:50:00,0.0
2021-01-01 19:50:00,0.0
2021-01-01 19:50:00,0.0
2021-01-01 20:00:00,0.0
2021-01-01 20:00:00,0.0
2021-01-01 20:00:00,0.0
2021-01-01 20:00:00,0.0
2021-01-01 20:00:00,0.0
2021-01-01 20:00:00,0.0
2021-01-01 20:10:00,0.0
2021-01-01 20:10:00,0.0
2021-01-01 20:10:00,0.0
2021-01-01 20:10:00,0.0
2021-01-01 20:10:00,0.0
2021-01-01 20:10:00,0.0
2021-01-01 20:20:00,0.0
2021-01-01 20:20:00,0.0
2021-01-01 20:20:00,0.0
2021-01-01 20:20:00,0.0
2021-01-01 20:20:00,0.0
2021-01-01 20:20:00,0.0
2021-01-01 20:30:00,0.0
2021-01-01 20:30:00,0.0
2021-01-01 20:30:00,0.0
2021-01-01 20:30:00,0.0
2021-01-01 20:30:00,0.0
2021-01-01 20:30:00,0.0
2021-01-01 20:40:00,0.0
2021-01-01 20:40:00,0.0
2021-01-01 20:40:00,0.0
2021-01-01 20:40:00,0.0
2021-01-01 20:40:00,0.0
2021-01-01 20:40:00,0.0
2021-01-01 20:50:00,0.0
2021-01-01 20:50:00,0.0
2021-01-01 20:50:00,0.0
2021-01-01 20:50:00,0.0
2021-01-01 20:50:00,0.0
2021-01-01 20:50:00,0.0
2021-01-01 21:00:00,0.0
2021-01-01 21:00:00,0.0
2021-01-01 21:00:00,0.0
2021-01-01 21:00:00,0.0
2021-01-01 21:00:00,0.0
2021-01-01 21:00:00,0.0
2021-01-01 21:10:00,0.0
2021-01-01 21:10:00,0.0
2021-01-01 21:10:00,0.0
2021-01-01 21:10:00,0.0
2021-01-01 21:10:00,0.0
2021-01-01 21:10:00,0.0
2021-01-01 21:20:00,0.0
2021-01-01 21:20:00,0.0
2021-01-01 21:20:00,0.0
2021-01-01 21:20:00,0.0
2021-01-01 21:20:00,0.0
2021-01-01 21:20:00,0.0
2021-01-01 21:30:00,0.0
2021-01-01 21:30:00,0.0
2021-01-01 21:30:00,0.0
2021-01-01 21:30:00,0.0
2021-01-01 21:30:00,0.0
2021-01-01 21:30:00,0.0
2021-01-01 21:40:00,0.0
2021-01-01 21:40:00,0.0
2021-01-01 21:40:00,0.0
2021-01-01 21:40:00,0.0
2021-01-01 21:40:00,0.0
2021-01-01 21:40:00,0.0
2021-01-01 21:50:00,0.0
2021-01-01 21:50:00,0.0
2021-01-01 21:50:00,0.0
2021-01-01 21:50:00,0.0
2021-01-01 21:50:00,0.0
2021-01-01 21:50:00,0.0
2021-01-01 22:00:00,0.0
2021-01-01 22:00:00,0.0
2021-01-01 22:00:00,0.0
2021-01-01 22:00:00,0.0
2021-01-01 22:00:00,0.0
2021-01-01 22:00:00,0.0
2021-01-01 22:10:00,0.0
2021-01-01 22:10:00,0.0
2021-01-01 22:10:00,0.0
2021-01-01 22:10:00,0.0
2021-01-01 22:10:00,0.0
2021-01-01 22:10:00,0.0
2021-01-01 22:20:00,0.0
2021-01-01 22:20:00,0.0
2021-01-01 22:20:00,0.0
2021-01-01 22:20:00,0.0
2021-01-01 22:20:00,0.0
2021-01-01 22:20:00,0.0
2021-01-01 22:30:00,0.0
2021-01-01 22:30:00,0.0
2021-01-01 22:30:00,0.0
2021-01-01 22:30:00,0.0
2021-01-01 22:30:00,0.0
2021-01-01 22:30:00,0.0
2021-01-01 22:40:00,0.0
2021-01-01 22:40:00,0.0
2021-01-01 22:40:00,0.0
2021-01-01 22:40:00,0.0
2021-01-01 22:40:00,0.0
2021-01-01 22:40:00,0.0
2021-01-01 22:50:00,0.0
2021-01-01 22:50:00,0.0
2021-01-01 22:50:00,0.0
2021-01-01 22:50:00,0.0
2021-01-01 22:50:00,0.0
2021-01-01 22:50:00,0.0
2021-01-01 23:00:00,0.0
2021-01-01 23:00:00,0.0
2021-01-01 23:00:00,0.0
2021-01-01 23:00:00,0.0
2021-01-01 23:00:00,0.0
2021-01-01 23:00:00,0.0
2021-01-01 23:10:00,0.0
2021-01-01 23:10:00,0.0
2021-01-01 23:10:00,0.0
2021-01-01 23:10:00,0.0
2021-01-01 23:10:00,0.0
2021-01-01 23:10:00,0.0
2021-01-01 23:20:00,0.0
2021-01-01 23:20:00,0.0
2021-01-01 23:20:00,0.0
2021-01-01 23:20:00,0.0
2021-01-01 23:20:00,0.0
2021-01-01 23:20:00,0.0
2021-01-01 23:30:00,0.0
2021-01-01 23:30:00,0.0
2021-01-01 23:30:00,0.0
2021-01-01 23:30:00,0.0
2021-01-01 23:30:00,0.0
2021-01-01 23:30:00,0.0
2021-01-01 23:40:00,0.0
2021-01-01 23:40:00,0.0
2021-01-01 23:40:00,0.0
2021-01-01 23:40:00,0.0
2021-01-01 23:40:00,0.0
2021-01-01 23:40:00,0.0
2021-01-01 23:50:00,0.0
2021-01-01 23:50:00,0.0
2021-01-01 23:50:00,0.0
2021-01-01 23:50:00,0.0
2021-01-01 23:50:00,0.0
2021-01-01 23:50:00,0.0
2021-01-02 00:00:00,0.0
2021-01-02 00:00:00,0.0
2021-01-02 00:00:00,0.0
2021-01-02 00:00:00,0.0
2021-01-02 00:00:00,0.0
2021-01-02 00:00:00,0.0
2021-01-02 00:10:00,0.0
2021-01-02 00:10:00,0.0
2021-01-02 00:10:00,0.0
2021-01-02 00:10:00,0.0
2021-01-02 00:10:00,0.0
2021-01-02 00:10:00,0.0
2021-01-02 00:20:00,0.0
2021-01-02 00:20:00,0.0
2021-01-02 00:20:00,0.0
2021-01-02 00:20:00,0.0
2021-01-02 00:20:00,0.0
2021-01-02 00:20:00,0.0
2021-01-02 00:30:00,0.0
2021-01-02 00:30:00,0.0
2021-01-02 00:30:00,0.0
2021-01-02 00:30:00,0.0
2021-01-02 00:30:00,0.0
2021-01-02 00:30:00,0.0
2021-01-02 00:40:00,0.0
2021-01-02 00:40:00,0.0
2021-01-02 00:40:00,0.0
2021-01-02 00:40:00,0.0
2021-01-02 00:40:00,0.0
2021-01-02 00:40:00,0.0
2021-01-02 00:50:00,0.0
2021-01-02 00:50:00,0.0
2021-01-02 00:50:00,0.0
2021-01-02 00:50:00,0.0
2021-01-02 00:50:00,0.0
2021-01-02 00:50:00,0.0
2021-01-02 01:00:00,0.0
2021-01-02 01:00:00,0.0
2021-01-02 01:00:00,0.0
2021-01-02 01:00:00,0.0
2021-01-02 01:00:00,0.0
2021-01-02 01:00:00,0.0
2021-01-02 01:10:00,0.0
2021-01-02 01:10:00,0.0
2021-01-02 01:10:00,0.0
2021-01-02 01:10:00,0.0
2021-01-02 01:10:00,0.0
2021-01-02 01:10:00,0.0
2021-01-02 01:20:00,0.0
2021-01-02 01:20:00,0.0
2021-01-02 01:20:00,0.0
2021-01-02 01:20:00,0.0
2021-01-02 01:20:00,0.0
2021-01-02 01:20:00,0.0
2021-01-02 01:30:00,0.0
2021-01-02 01:30:00,0.0
2021-01-02 01:30:00,0.0
2021-01-02 01:30:00,0.0
2021-01-02 01:30:00,0.0
2021-01-02 01:30:00,0.0
2021-01-02 01:40:00,0.0
2021-01-02 01:40:00,0.0
2021-01-02 01:40:00,0.0
2021-01-02 01:40:00,0.0
2021-01-02 01:40:00,0.0
2021-01-02 01:40:00,0.0
2021-01-02 01:50:00,0.0
2021-01-02 01:50:00,0.0
2021-01-02 01:50:00,0.0
2021-01-02 01:50:00,0.0
2021-01-02 01:50:00,0.0
2021-01-02 01:50:00,0.0
2021-01-02 02:00:00,0.0
2021-01-02 02:00:00,0.0
2021-01-02 02:00:00,0.0
2021-01-02 02:00:00,0.0
2021-01-02 02:00:00,0.0
2021-01-02 02:00:00,0.0
2021-01-02 02:10:00,0.0
2021-01-02 02:10:00,0.0
2021-01-02 02:10:00,0.0
2021-01-02 02:10:00,0.0
2021-01-02 02:10:00,0.0
2021-01-02 02:10:00,0.0
2021-01-02 02:20:00,0.0
2021-01-02 02:20:00,0.0
2021-01-02 02:20:00,0.0
2021-01-02 02:20:00,0.0
2021-01-02 02:20:00,0.0
2021-01-02 02:20:00,0.0
2021-01-02 02:30:00,0.0
2021-01-02 02:30:00,0.0
2021-01-02 02:30:00,0.0
2021-01-02 02:30:00,0.0
2021-01-02 02:30:00,0.0
2021-01-02 02:30:00,0.0
2021-01-02 02:40:00,0.0
2021-01-02 02:40:00,0.0
2021-01-02 02:40:00,0.0
2021-01-02 02:40:00,0.0
2021-01-02 02:40:00,0.0
2021-01-02 02:40:00,0.0
2021-01-02 02:50:00,0.0
2021-01-02 02:50:00,0.0
2021-01-02 02:50:00,0.0
2021-01-02 02:50:00,0.0
2021-01-02 02:50:00,0.0
2021-01-02 02:50:00,0.0
2021-01-02 03:00:00,0.0
2021-01-02 03:00:00,0.0
2021-01-02 03:00:00,0.0
2021-01-02 03:00:00,0.0
2021-01-02 03:00:00,0.0
2021-01-02 03:00:00,0.0
2021-01-02 03:10:00,0.0
2021-01-02 03:10:00,0.0
2021-01-02 03:10:00,0.0
2021-01-02 03:10:00,0.0
2021-01-02 03:10:00,0.0
2021-01-02 03:10:00,0.0
2021-01-02 03:20:00,0.0
2021-01-02 03:20:00,0.0
2021-01-02 03:20:00,0.0
2021-01-02 03:20:00,0.0
2021-01-02 03:20:00,0.0
2021-01-02 03:20:00,0.0
2021-01-02 03:30:00,0.0
2021-01-02 03:30:00,0.0
2021-01-02 03:30:00,0.0
2021-01-02 03:30:00,0.0
2021-01-02 03:30:00,0.0
2021-01-02 03:30:00,0.0
2021-01-02 03:40:00,0.0
2021-01-02 03:40:00,0.0
2021-01-02 03:40:00,0.0
2021-01-02 03:40:00,0.0
2021-01-02 03:40:00,0.0
2021-01-02 03:40:00,0.0
2021-01-02 03:50:00,0.0
2021-01-02 03:50:00,0.0
2021-01-02 03:50:00,0.0
2021-01-02 03:50:00,0.0
2021-01-02 03:50:00,0.0
2021-01-02 03:50:00,0.0
2021-01-02 04:00:00,0.0
2021-01-02 04:00:00,0.0
2021-01-02 04:00:00,0.0
2021-01-02 04:00:00,0.0
2021-01-02 04:00:00,0.0
2021-01-02 04:00:00,0.0
2021-01-02 04:10:00,0.0
2021-01-02 04:10:00,0.0
2021-01-02 04:10:00,0.0
2021-01-02 04:10:00,0.0
2021-01-02 04:10:00,0.0
2021-01-02 04:10:00,0.0
2021-01-02 04:20:00,0.0
2021-01-02 04:20:00,0.0
2021-01-02 04:20:00,0.0
2021-01-02 04:20:00,0.0
2021-01-02 04:20:00,0.0
2021-01-02 04:20:00,0.0
2021-01-02 04:30:00,0.0
2021-01-02 04:30:00,0.0
2021-01-02 04:30:00,0.0
2021-01-02 04:30:00,0.0
2021-01-02 04:30:00,0.0
2021-01-02 04:30:00,0.0
2021-01-02 04:40:00,0.0
2021-01-02 04:40:00,0.0
2021-01-02 04:40:00,0.0
2021-01-02 04:40:00,0.0
2021-01-02 04:40:00,0.0
2021-01-02 04:40:00,0.0
2021-01-02 04:50:00,0.0
2021-01-02 04:50:00,0.0
2021-01-02 04:50:00,0.0
2021-01-02 04:50:00,0.0
2021-01-02 04:50:00,0.0
2021-01-02 04:50:00,0.0
2021-01-02 05:00:00,0.0
2021-01-02 05:00:00,0.0
2021-01-02 05:00:00,0.0
2021-01-02 05:00:00,0.0
2021-01-02 05:00:00,0.0
2021-01-02 05:00:00,0.0
2021-01-02 05:10:00,0.0
2021-01-02 05:10:00,0.0
2021-01-02 05:10:00,0.0
2021-01-02 05:10:00,0.0
2021-01-02 05:10:00,0.0
2021-01-02 05:10:00,0.0
2021-01-02 05:20:00,0.0
2021-01-02 05:20:00,0.0
2021-01-02 05:20:00,0.0
2021-01-02 05:20:00,0.0
2021-01-02 05:20:00,0.0
2021-01-02 05:20:00,0.0
2021-01-02 05:30:00,0.0
2021-01-02 05:30:00,0.0
2021-01-02 05:30:00,0.0
2021-01-02 05:30:00,0.0
2021-01-02 05:30:00,0.0
2021-01-02 05:30:00,0.0
2021-01-02 05:40:00,0.0
2021-01-02 05:40:00,0.0
2021-01-02 05:40:00,0.0
2021-01-02 05:40:00,0.0
2021-01-02 05:40:00,0.0
2021-01-02 05:40:00,0.0
2021-01-02 05:50:00,0.0
2021-01-02 05:50:00,0.0
2021-01-02 05:50:00,0.0
2021-01-02 05:50:00,0.0
2021-01-02 05:50:00,0.0
2021-01-02 05:50:00,0.0
2021-01-02 06:00:00,0.0
2021-01-02 06:00:00,0.0
2021-01-02 06:00:00,0.0
2021-01-02 06:00:00,0.0
2021-01-02 06:00:00,0.0
2021-01-02 06:00:00,0.0
2021-01-02 06:10:00,0.0
2021-01-02 06:10:00,0.0
2021-01-02 06:10:00,0.0
2021-01-02 06:10:00,0.0
2021-01-02 06:10:00,0.0
2021-01-02 06:10:00,0.0
2021-01-02 06:20:00,0.0
2021-01-02 06:20:00,0.0
2021-01-02 06:20:00,0.0
2021-01-02 06:20:00,0.0
2021-01-02 06:20:00,0.0
2021-01-02 06:20:00,0.0
2021-01-02 06:30:00,0.0
2021-01-02 06:30:00,0.0
2021-01-02 06:30:00,0.0
2021-01-02 06:30:00,0.0
2021-01-02 06:30:00,0.0
2021-01-02 06:30:00,0.0
2021-01-02 06:40:00,0.0
2021-01-02 06:40:00,0.0
2021-01-02 06:40:00,0.0
2021-01-02 06:40:00,0.0
2021-01-02 06:40:00,0.0
2021-01-02 06:40:00,0.0
2021-01-02 06:50:00,0.0
2021-01-02 06:50:00,0.0
2021-01-02 06:50:00,0.0
2021-01-02 06:50:00,0.0
2021-01-02 06:50:00,0.0
2021-01-02 06:50:00,0.0
2021-01-02 07:00:00,0.0
2021-01-02 07:00:00,0.0
2021-01-02 07:00:00,0.0
2021-01-02 07:00:00,0.0
2021-01-02 07:00:00,0.0
2021-01-02 07:00:00,0.0
2021-01-02 07:10:00,0.0
2021-01-02 07:10:00,0.0
2021-01-02 07:10:00,0.0
2021-01-02 07:10:00,0.0
2021-01-02 07:10:00,0.0
2021-01-02 07:10:00,0.0
2021-01-02 07:20:00,0.0
2021-01-02 07:20:00,0.0
2021-01-02 07:20:00,0.0
2021-01-02 07:20:00,0.0
2021-01-02 07:20:00,0.0
2021-01-02 07:20:00,0.0
2021-01-02 07:30:00,0.0
2021-01-02 07:30:00,0.0
2021-01-02 07:30:00,0.0
2021-01-02 07:30:00,0.0
2021-01-02 07:30:00,0.0
2021-01-02 07:30:00,0.0
2021-01-02 07:40:00,0.0
2021-01-02 07:40:00,0.0
2021-01-02 07:40:00,0.0
2021-01-02 07:40:00,0.0
2021-01-02 07:40:00,0.0
2021-01-02 07:40:00,0.0
2021-01-02 07:50:00,0.0
2021-01-02 07:50:00,0.0
2021-01-02 07:50:00,0.0
2021-01-02 07:50:00,0.0
2021-01-02 07:50:00,0.0
2021-01-02 07:50:00,0.0
2021-01-02 08:00:00,0.0
2021-01-02 08:00:00,0.0
2021-01-02 08:00:00,0.0
2021-01-02 08:00:00,0.0
2021-01-02 08:00:00,0.0
2021-01-02 08:00:00,0.0
2021-01-02 08:10:00,0.0
2021-01-02 08:10:00,0.0
2021-01-02 08:10:00,0.0
2021-01-02 08:10:00,0.0
2021-01-02 08:10:00,0.0
2021-01-02 08:10:00,0.0
2021-01-02 08:20:00,0.0
2021-01-02 08:20:00,0.0
2021-01-02 08:20:00,0.0
2021-01-02 08:20:00,0.0
2021-01-02 08:20:00,0.0
2021-01-02 08:20:00,0.0
2021-01-02 08:30:00,0.0
2021-01-02 08:30:00,0.0
2021-01-02 08:30:00,0.0
2021-01-02 08:30:00,0.0
2021-01-02 08:30:00,0.0
2021-01-02 08:30:00,0.0
2021-01-02 08:40:00,0.0
2021-01-02 08:40:00,0.0
2021-01-02 08:40:00,0.0
2021-01-02 08:40:00,0.0
2021-01-02 08:40:00,0.0
2021-01-02 08:40:00,0.0
2021-01-02 08:50:00,0.0
2021-01-02 08:50:00,0.0
2021-01-02 08:50:00,0.0
2021-01-02 08:50:00,0.0
2021-01-02 08:50:00,0.0
2021-01-02 08:50:00,0.0
2021-01-02 09:00:00,0.0
2021-01-02 09:00:00,0.0
2021-01-02 09:00:00,0.0
2021-01-02 09:00:00,0.0
2021-01-02 09:00:00,0.0
2021-01-02 09:00:00,0.0
2021-01-02 09:10:00,0.0
2021-01-02 09:10:00,0.0
2021-01-02 09:10:00,0.0
2021-01-02 09:10:00,0.0
2021-01-02 09:10:00,0.0
2021-01-02 09:10:00,0.0
2021-01-02 09:20:00,0.0
2021-01-02 09:20:00,0.0
2021-01-02 09:20:00,0.0
2021-01-02 09:20:00,0.0
2021-01-02 09:20:00,0.0
2021-01-02 09:20:00,0.0
2021-01-02 09:30:00,64.12
2021-01-02 09:30:00,64.12
2021-01-02 09:30:00,64.12
2021-01-02 09:30:00,64.12
2021-01-02 09:30:00,64.12
2021-01-02 09:30:00,64.12
2021-01-02 09:40:00,77.79
2021-01-02 09:40:00,77.79
2021-01-02 09:40:00,77.79
2021-01-02 09:40:00,77.79
2021-01-02 09:40:00,77.79
2021-01-02 09:40:00,77.79
2021-01-02 09:50:00,88.01
2021-01-02 09:50:00,88.01
2021-01-02 09:50:00,88.01
2021-01-02 09:50:00,88.01
2021-01-02 09:50:00,88.01
2021-01-02 09:50:00,88.01
2021-01-02 10:00:00,141.11
2021-01-02 10:00:00,141.11
2021-01-02 10:00:00,141.11
2021-01-02 10:00:00,141.11
2021-01-02 10:00:00,141.11
2021-01-02 10:00:00,141.11
2021-01-02 10:10:00,162.22
2021-01-02 10:10:00,162.22
2021-01-02 10:10:00,162.22
2021-01-02 10:10:00,162.22
2021-01-02 10:10:00,162.22
2021-01-02 10:10:00,162.22
2021-01-02 10:20:00,120.29
2021-01-02 10:20:00,120.29
2021-01-02 10:20:00,120.29
2021-01-02 10:20:00,120.29
2021-01-02 10:20:00,120.29
2021-01-02 10:20:00,120.29
2021-01-02 10:30:00,187.85
2021-01-02 10:30:00,187.85
2021-01-02 10:30:00,187.85
2021-01-02 10:30:00,187.85
2021-01-02 10:30:00,187.85
2021-01-02 10:30:00,187.85
2021-01-02 10:40:00,201.96
2021-01-02 10:40:00,201.96
2021-01-02 10:40:00,201.96
2021-01-02 10:40:00,201.96
2021-01-02 10:40:00,201.96
2021-01-02 10:40:00,201.96
2021-01-02 10:50:00,181.89
2021-01-02 10:50:00,181.89
2021-01-02 10:50:00,181.89
2021-01-02 10:50:00,181.89
2021-01-02 10:50:00,181.89
2021-01-02 10:50:00,181.89
2021-01-02 11:00:00,143.3
2021-01-02 11:00:00,143.3
2021-01-02 11:00:00,143.3
2021-01-02 11:00:00,143.3
2021-01-02 11:00:00,143.3
2021-01-02 11:00:00,143.3
2021-01-02 11:10:00,104.87
2021-01-02 11:10:00,104.87
2021-01-02 11:10:00,104.87
2021-01-02 11:10:00,104.87
2021-01-02 11:10:00,104.87
2021-01-02 11:10:00,104.87
2021-01-02 11:20:00,155.95
2021-01-02 11:20:00,155.95
2021-01-02 11:20:00,155.95
2021-01-02 11:20:00,155.95
2021-01-02 11:20:00,155.95
2021-01-02 11:20:00,155.95
2021-01-02 11:30:00,115.23
2021-01-02 11:30:00,115.23
2021-01-02 11:30:00,115.23
2021-01-02 11:30:00,115.23
2021-01-02 11:30:00,115.23
2021-01-02 11:30:00,115.23
2021-01-02 11:40:00,192.77
2021-01-02 11:40:00,192.77
2021-01-02 11:40:00,192.77
2021-01-02 11:40:00,192.77
2021-01-02 11:40:00,192.77
2021-01-02 11:40:00,192.77
2021-01-02 11:50:00,220.76
2021-01-02 11:50:00,220.76
2021-01-02 11:50:00,220.76
2021-01-02 11:50:00,220.76
2021-01-02 11:50:00,220.76
2021-01-02 11:50:00,220.76
2021-01-02 12:00:00,209.59
2021-01-02 12:00:00,209.59
2021-01-02 12:00:00,209.59
2021-01-02 12:00:00,209.59
2021-01-02 12:00:00,209.59
2021-01-02 12:00:00,209.59
2021-01-02 12:10:00,164.52
2021-01-02 12:10:00,164.52
2021-01-02 12:10:00,164.52
2021-01-02 12:10:00,164.52
2021-01-02 12:10:00,164.52
2021-01-02 12:10:00,164.52
2021-01-02 12:20:00,164.06
2021-01-02 12:20:00,164.06
2021-01-02 12:20:00,164.06
2021-01-02 12:20:00,164.06
2021-01-02 12:20:00,164.06
2021-01-02 12:20:00,164.06
2021-01-02 12:30:00,170.09
2021-01-02 12:30:00,170.09
2021-01-02 12:30:00,170.09
2021-01-02 12:30:00,170.09
2021-01-02 12:30:00,170.09
2021-01-02 12:30:00,170.09
2021-01-02 12:40:00,208.22
2021-01-02 12:40:00,208.22
2021-01-02 12:40:00,208.22
2021-01-02 12:40:00,208.22
2021-01-02 12:40:00,208.22
2021-01-02 12:40:00,208.22
2021-01-02 12:50:00,181.38
2021-01-02 12:50:00,181.38
2021-01-02 12:50:00,181.38
2021-01-02 12:50:00,181.38
2021-01-02 12:50:00,181.38
2021-01-02 12:50:00,181.38
2021-01-02 13:00:00,264.94
2021-01-02 13:00:00,264.94
2021-01-02 13:00:00,264.94
2021-01-02 13:00:00,264.94
2021-01-02 13:00:00,264.94
2021-01-02 13:00:00,264.94
2021-01-02 13:10:00,304.92
2021-01-02 13:10:00,304.92
2021-01-02 13:10:00,304.92
2021-01-02 13:10:00,304.92
2021-01-02 13:10:00,304.92
2021-01-02 13:10:00,304.92
2021-01-02 13:20:00,477.87
2021-01-02 13:20:00,477.87
2021-01-02 13:20:00,477.87
2021-01-02 13:20:00,477.87
2021-01-02 13:20:00,477.87
2021-01-02 13:20:00,477.87
2021-01-02 13:30:00,547.41
2021-01-02 13:30:00,547.41
2021-01-02 13:30:00,547.41
2021-01-02 13:30:00,547.41
2021-01-02 13:30:00,547.41
2021-01-02 13:30:00,547.41
2021-01-02 13:40:00,787.86
2021-01-02 13:40:00,787.86
2021-01-02 13:40:00,787.86
2021-01-02 13:40:00,787.86
2021-01-02 13:40:00,787.86
2021-01-02 13:40:00,787.86
2021-01-02 13:50:00,577.31
2021-01-02 13:50:00,577.31
2021-01-02 13:50:00,577.31
2021-01-02 13:50:00,577.31
2021-01-02 13:50:00,577.31
2021-01-02 13:50:00,577.31
2021-01-02 14:00:00,530.52
2021-01-02 14:00:00,530.52
2021-01-02 14:00:00,530.52
2021-01-02 14:00:00,530.52
2021-01-02 14:00:00,530.52
2021-01-02 14:00:00,530.52
2021-01-02 14:10:00,509.12
2021-01-02 14:10:00,509.12
2021-01-02 14:10:00,509.12
2021-01-02 14:10:00,509.12
2021-01-02 14:10:00,509.12
2021-01-02 14:10:00,509.12
2021-01-02 14:20:00,497.59
2021-01-02 14:20:00,497.59
2021-01-02 14:20:00,497.59
2021-01-02 14:20:00,497.59
2021-01-02 14:20:00,497.59
2021-01-02 14:20:00,497.59
2021-01-02 14:30:00,757.87
2021-01-02 14:30:00,757.87
2021-01-02 14:30:00,757.87
2021-01-02 14:30:00,757.87
2021-01-02 14:30:00,757.87
2021-01-02 14:30:00,757.87
2021-01-02 14:40:00,932.04
2021-01-02 14:40:00,932.04
2021-01-02 14:40:00,932.04
2021-01-02 14:40:00,932.04
2021-01-02 14:40:00,932.04
2021-01-02 14:40:00,932.04
2021-01-02 14:50:00,707.09
2021-01-02 14:50:00,707.09
2021-01-02 14:50:00,707.09
2021-01-02 14:50:00,707.09
2021-01-02 14:50:00,707.09
2021-01-02 14:50:00,707.09
2021-01-02 15:00:00,712.38
2021-01-02 15:00:00,712.38
2021-01-02 15:00:00,712.38
2021-01-02 15:00:00,712.38
2021-01-02 15:00:00,712.38
2021-01-02 15:00:00,712.38
2021-01-02 15:10:00,655.39
2021-01-02 15:10:00,655.39
2021-01-02 15:10:00,655.39
2021-01-02 15:10:00,655.39
2021-01-02 15:10:00,655.39
2021-01-02 15:10:00,655.39
2021-01-02 15:20:00,674.09
2021-01-02 15:20:00,674.09
2021-01-02 15:20:00,674.09
2021-01-02 15:20:00,674.09
2021-01-02 15:20:00,674.09
2021-01-02 15:20:00,674.09
2021-01-02 15:30:00,550.34
2021-01-02 15:30:00,550.34
2021-01-02 15:30:00,550.34
2021-01-02 15:30:00,550.34
2021-01-02 15:30:00,550.34
2021-01-02 15:30:00,550.34
2021-01-02 15:40:00,616.61
2021-01-02 15:40:00,616.61
2021-01-02 15:40:00,616.61
2021-01-02 15:40:00,616.61
2021-01-02 15:40:00,616.61
2021-01-02 15:40:00,616.61
2021-01-02 15:50:00,574.14
2021-01-02 15:50:00,574.14
2021-01-02 15:50:00,574.14
2021-01-02 15:50:00,574.14
2021-01-02 15:50:00,574.14
2021-01-02 15:50:00,574.14
2021-01-02 16:00:00,612.77
2021-01-02 16:00:00,612.77
2021-01-02 16:00:00,612.77
2021-01-02 16:00:00,612.77
2021-01-02 16:00:00,612.77
2021-01-02 16:00:00,612.77
2021-01-02 16:10:00,657.25
2021-01-02 16:10:00,657.25
2021-01-02 16:10:00,657.25
2021-01-02 16:10:00,657.25
2021-01-02 16:10:00,657.25
2021-01-02 16:10:00,657.25
2021-01-02 16:20:00,387.01
2021-01-02 16:20:00,387.01
2021-01-02 16:20:00,387.01
2021-01-02 16:20:00,387.01
2021-01-02 16:20:00,387.01
2021-01-02 16:20:00,387.01
2021-01-02 16:30:00,301.31
2021-01-02 16:30:00,301.31
2021-01-02 16:30:00,301.31
2021-01-02 16:30:00,301.31
2021-01-02 16:30:00,301.31
2021-01-02 16:30:00,301.31
2021-01-02 16:40:00,298.89
2021-01-02 16:40:00,298.89
2021-01-02 16:40:00,298.89
2021-01-02 16:40:00,298.89
2021-01-02 16:40:00,298.89
2021-01-02 16:40:00,298.89
2021-01-02 16:50:00,284.95
2021-01-02 16:50:00,284.95
2021-01-02 16:50:00,284.95
2021-01-02 16:50:00,284.95
2021-01-02 16:50:00,284.95
2021-01-02 16:50:00,284.95
2021-01-02 17:00:00,308.84
2021-01-02 17:00:00,308.84
2021-01-02 17:00:00,308.84
2021-01-02 17:00:00,308.84
2021-01-02 17:00:00,308.84
2021-01-02 17:00:00,308.84
2021-01-02 17:10:00,253.18
2021-01-02 17:10:00,253.18
2021-01-02 17:10:00,253.18
2021-01-02 17:10:00,253.18
2021-01-02 17:10:00,253.18
2021-01-02 17:10:00,253.18
2021-01-02 17:20:00,214.02
2021-01-02 17:20:00,214.02
2021-01-02 17:20:00,214.02
2021-01-02 17:20:00,214.02
2021-01-02 17:20:00,214.02
2021-01-02 17:20:00,214.02
2021-01-02 17:30:00,196.56
2021-01-02 17:30:00,196.56
2021-01-02 17:30:00,196.56
2021-01-02 17:30:00,196.56
2021-01-02 17:30:00,196.56
2021-01-02 17:30:00,196.56
2021-01-02 17:40:00,138.42
2021-01-02 17:40:00,138.42
2021-01-02 17:40:00,138.42
2021-01-02 17:40:00,138.42
2021-01-02 17:40:00,138.42
2021-01-02 17:40:00,138.42
2021-01-02 17:50:00,150.02
2021-01-02 17:50:00,150.02
2021-01-02 17:50:00,150.02
2021-01-02 17:50:00,150.02
2021-01-02 17:50:00,150.02
2021-01-02 17:50:00,150.02
2021-01-02 18:00:00,66.86
2021-01-02 18:00:00,66.86
2021-01-02 18:00:00,66.86
2021-01-02 18:00:00,66.86
2021-01-02 18:00:00,66.86
2021-01-02 18:00:00,66.86
2021-01-02 18:10:00,49.04
2021-01-02 18:10:00,49.04
2021-01-02 18:10:00,49.04
2021-01-02 18:10:00,49.04
2021-01-02 18:10:00,49.04
2021-01-02 18:10:00,49.04
2021-01-02 18:20:00,53.98
2021-01-02 18:20:00,53.98
2021-01-02 18:20:00,53.98
2021-01-02 18:20:00,53.98
2021-01-02 18:20:00,53.98
2021-01-02 18:20:00,53.98
2021-01-02 18:30:00,62.47
2021-01-02 18:30:00,62.47
2021-01-02 18:30:00,62.47
2021-01-02 18:30:00,62.47
2021-01-02 18:30:00,62.47
2021-01-02 18:30:00,62.47
2021-01-02 18:40:00,72.54
2021-01-02 18:40:00,72.54
2021-01-02 18:40:00,72.54
2021-01-02 18:40:00,72.54
2021-01-02 18:40:00,72.54
2021-01-02 18:40:00,72.54
2021-01-02 18:50:00,92.45
2021-01-02 18:50:00,92.45
2021-01-02 18:50:00,92.45
2021-01-02 18:50:00,92.45
2021-01-02 18:50:00,92.45
2021-01-02 18:50:00,92.45
2021-01-02 19:00:00,144.13
2021-01-02 19:00:00,144.13
2021-01-02 19:00:00,144.13
2021-01-02 19:00:00,144.13
2021-01-02 19:00:00,144.13
2021-01-02 19:00:00,144.13
2021-01-02 19:10:00,149.07
2021-01-02 19:10:00,149.07
2021-01-02 19:10:00,149.07
2021-01-02 19:10:00,149.07
2021-01-02 19:10:00,149.07
2021-01-02 19:10:00,149.07
2021-01-02 19:20:00,138.0
2021-01-02 19:20:00,138.0
2021-01-02 19:20:00,138.0
2021-01-02 19:20:00,138.0
2021-01-02 19:20:00,138.0
2021-01-02 19:20:00,138.0
2021-01-02 19:30:00,120.75
2021-01-02 19:30:00,120.75
2021-01-02 19:30:00,120.75
2021-01-02 19:30:00,120.75
2021-01-02 19:30:00,120.75
2021-01-02 19:30:00,120.75
2021-01-02 19:40:00,187.28
2021-01-02 19:40:00,187.28
2021-01-02 19:40:00,187.28
2021-01-02 19:40:00,187.28
2021-01-02 19:40:00,187.28
2021-01-02 19:40:00,187.28
2021-01-02 19:50:00,221.18
2021-01-02 19:50:00,221.18
2021-01-02 19:50:00,221.18
2021-01-02 19:50:00,221.18
2021-01-02 19:50:00,221.18
2021-01-02 19:50:00,221.18
2021-01-02 20:00:00,252.81
2021-01-02 20:00:00,252.81
2021-01-02 20:00:00,252.81
2021-01-02 20:00:00,252.81
2021-01-02 20:00:00,252.81
2021-01-02 20:00:00,252.81
2021-01-02 20:10:00,317.52
2021-01-02 20:10:00,317.52
2021-01-02 20:10:00,317.52
2021-01-02 20:10:00,317.52
2021-01-02 20:10:00,317.52
2021-01-02 20:10:00,317.52
2021-01-02 20:20:00,258.77
2021-01-02 20:20:00,258.77
2021-01-02 20:20:00,258.77
2021-01-02 20:20:00,258.77
2021-01-02 20:20:00,258.77
2021-01-02 20:20:00,258.77
2021-01-02 20:30:00,149.21
2021-01-02 20:30:00,149.21
2021-01-02 20:30:00,149.21
2021-01-02 20:30:00,149.21
2021-01-02 20:30:00,149.21
2021-01-02 20:30:00,149.21
2021-01-02 20:40:00,170.65
2021-01-02 20:40:00,170.65
2021-01-02 20:40:00,170.65
2021-01-02 20:40:00,170.65
2021-01-02 20:40:00,170.65
2021-01-02 20:40:00,170.65
2021-01-02 20:50:00,143.64
2021-01-02 20:50:00,143.64
2021-01-02 20:50:00,143.64
2021-01-02 20:50:00,143.64
2021-01-02 20:50:00,143.64
2021-01-02 20:50:00,143.64
2021-01-02 21:00:00,193.27
2021-01-02 21:00:00,193.27
2021-01-02 21:00:00,193.27
2021-01-02 21:00:00,193.27
2021-01-02 21:00:00,193.27
2021-01-02 21:00:00,193.27
2021-01-02 21:10:00,160.55
2021-01-02 21:10:00,160.55
2021-01-02 21:10:00,160.55
2021-01-02 21:10:00,160.55
2021-01-02 21:10:00,160.55
2021-01-02 21:10:00,160.55
2021-01-02 21:20:00,68.71
2021-01-02 21:20:00,68.71
2021-01-02 21:20:00,68.71
2021-01-02 21:20:00,68.71
2021-01-02 21:20:00,68.71
2021-01-02 21:20:00,68.71
2021-01-02 21:30:00,136.66
2021-01-02 21:30:00,136.66
2021-01-02 21:30:00,136.66
2021-01-02 21:30:00,136.66
2021-01-02 21:30:00,136.66
2021-01-02 21:30:00,136.66
2021-01-02 21:40:00,145.21
2021-01-02 21:40:00,145.21
2021-01-02 21:40:00,145.21
2021-01-02 21:40:00,145.21
2021-01-02 21:40:00,145.21
2021-01-02 21:40:00,145.21
2021-01-02 21:50:00,102.89
2021-01-02 21:50:00,102.89
2021-01-02 21:50:00,102.89
2021-01-02 21:50:00,102.89
2021-01-02 21:50:00,102.89
2021-01-02 21:50:00,102.89
2021-01-02 22:00:00,24.22
2021-01-02 22:00:00,24.22
2021-01-02 22:00:00,24.22
2021-01-02 22:00:00,24.22
2021-01-02 22:00:00,24.22
2021-01-02 22:00:00,24.22
2021-01-02 22:10:00,0.0
2021-01-02 22:10:00,0.0
2021-01-02 22:10:00,0.0
2021-01-02 22:10:00,0.0
2021-01-02 22:10:00,0.0
2021-01-02 22:10:00,0.0
2021-01-02 22:20:00,0.0
2021-01-02 22:20:00,0.0
2021-01-02 22:20:00,0.0
2021-01-02 22:20:00,0.0
2021-01-02 22:20:00,0.0
2021-01-02 22:20:00,0.0
2021-01-02 22:30:00,0.0
2021-01-02 22:30:00,0.0
2021-01-02 22:30:00,0.0
2021-01-02 22:30:00,0.0
2021-01-02 22:30:00,0.0
2021-01-02 22:30:00,0.0
2021-01-02 22:40:00,0.0
2021-01-02 22:40:00,0.0
2021-01-02 22:40:00,0.0
2021-01-02 22:40:00,0.0
2021-01-02 22:40:00,0.0
2021-01-02 22:40:00,0.0
2021-01-02 22:50:00,0.0
2021-01-02 22:50:00,0.0
2021-01-02 22:50:00,0.0
2021-01-02 22:50:00,0.0
2021-01-02 22:50:00,0.0
2021-01-02 22:50:00,0.0
2021-01-02 23:00:00,0.0
2021-01-02 23:00:00,0.0
2021-01-02 23:00:00,0.0
2021-01-02 23:00:00,0.0
2021-01-02 23:00:00,0.0
2021-01-02 23:00:00,0.0
2021-01-02 23:10:00,0.0
2021-01-02 23:10:00,0.0
2021-01-02 23:10:00,0.0
2021-01-02 23:10:00,0.0
2021-01-02 23:10:00,0.0
2021-01-02 23:10:00,0.0
2021-01-02 23:20:00,0.0
2021-01-02 23:20:00,0.0
2021-01-02 23:20:00,0.0
2021-01-02 23:20:00,0.0
2021-01-02 23:20:00,0.0
2021-01-02 23:20:00,0.0
2021-01-02 23:30:00,0.0
2021-01-02 23:30:00,0.0
2021-01-02 23:30:00,0.0
2021-01-02 23:30:00,0.0
2021-01-02 23:30:00,0.0
2021-01-02 23:30:00,0.0
2021-01-02 23:40:00,0.0
2021-01-02 23:40:00,0.0
2021-01-02 23:40:00,0.0
2021-01-02 23:40:00,0.0
2021-01-02 23:40:00,0.0
2021-01-02 23:40:00,0.0
2021-01-02 23:50:00,0.0
2021-01-02 23:50:00,0.0
2021-01-02 23:50:00,0.0
2021-01-02 23:50:00,0.0
2021-01-02 23:50:00,0.0
2021-01-02 23:50:00,0.0
2021-01-03 00:00:00,0.0
2021-01-03 00:00:00,0.0
2021-01-03 00:00:00,0.0
2021-01-03 00:00:00,0.0
2021-01-03 00:00:00,0.0
2021-01-03 00:00:00,0.0
2021-01-03 00:10:00,0.0
2021-01-03 00:10:00,0.0
2021-01-03 00:10:00,0.0
2021-01-03 00:10:00,0.0
2021-01-03 00:10:00,0.0
2021-01-03 00:10:00,0.0
2021-01-03 00:20:00,0.0
2021-01-03 00:20:00,0.0
2021-01-03 00:20:00,0.0
2021-01-03 00:20:00,0.0
2021-01-03 00:20:00,0.0
2021-01-03 00:20:00,0.0
2021-01-03 00:30:00,0.0
2021-01-03 00:30:00,0.0
2021-01-03 00:30:00,0.0
2021-01-03 00:30:00,0.0
2021-01-03 00:30:00,0.0
2021-01-03 00:30:00,0.0
2021-01-03 00:40:00,0.0
2021-01-03 00:40:00,0.0
2021-01-03 00:40:00,0.0
2021-01-03 00:40:00,0.0
2021-01-03 00:40:00,0.0
2021-01-03 00:40:00,0.0
2021-01-03 00:50:00,0.0
2021-01-03 00:50:00,0.0
2021-01-03 00:50:00,0.0
2021-01-03 00:50:00,0.0
2021-01-03 00:50:00,0.0
2021-01-03 00:50:00,0.0
2021-01-03 01:00:00,0.0
2021-01-03 01:00:00,0.0
2021-01-03 01:00:00,0.0
2021-01-03 01:00:00,0.0
2021-01-03 01:00:00,0.0
2021-01-03 01:00:00,0.0
2021-01-03 01:10:00,0.0
2021-01-03 01:10:00,0.0
2021-01-03 01:10:00,0.0
2021-01-03 01:10:00,0.0
2021-01-03 01:10:00,0.0
2021-01-03 01:10:00,0.0
2021-01-03 01:20:00,0.0
2021-01-03 01:20:00,0.0
2021-01-03 01:20:00,0.0
2021-01-03 01:20:00,0.0
2021-01-03 01:20:00,0.0
2021-01-03 01:20:00,0.0
2021-01-03 01:30:00,0.0
2021-01-03 01:30:00,0.0
2021-01-03 01:30:00,0.0
2021-01-03 01:30:00,0.0
2021-01-03 01:30:00,0.0
2021-01-03 01:30:00,0.0
2021-01-03 01:40:00,0.0
2021-01-03 01:40:00,0.0
2021-01-03 01:40:00,0.0
2021-01-03 01:40:00,0.0
2021-01-03 01:40:00,0.0
2021-01-03 01:40:00,0.0
2021-01-03 01:50:00,0.0
2021-01-03 01:50:00,0.0
2021-01-03 01:50:00,0.0
2021-01-03 01:50:00,0.0
2021-01-03 01:50:00,0.0
2021-01-03 01:50:00,0.0
2021-01-03 02:00:00,0.0
2021-01-03 02:00:00,0.0
2021-01-03 02:00:00,0.0
2021-01-03 02:00:00,0.0
2021-01-03 02:00:00,0.0
2021-01-03 02:00:00,0.0
2021-01-03 02:10:00,0.0
2021-01-03 02:10:00,0.0
2021-01-03 02:10:00,0.0
2021-01-03 02:10:00,0.0
2021-01-03 02:10:00,0.0
2021-01-03 02:10:00,0.0
2021-01-03 02:20:00,0.0
2021-01-03 02:20:00,0.0
2021-01-03 02:20:00,0.0
2021-01-03 02:20:00,0.0
2021-01-03 02:20:00,0.0
2021-01-03 02:20:00,0.0
2021-01-03 02:30:00,0.0
2021-01-03 02:30:00,0.0
2021-01-03 02:30:00,0.0
2021-01-03 02:30:00,0.0
2021-01-03 02:30:00,0.0
2021-01-03 02:30:00,0.0
2021-01-03 02:40:00,0.0
2021-01-03 02:40:00,0.0
2021-01-03 02:40:00,0.0
2021-01-03 02:40:00,0.0
2021-01-03 02:40:00,0.0
2021-01-03 02:40:00,0.0
2021-01-03 02:50:00,0.0
2021-01-03 02:50:00,0.0
2021-01-03 02:50:00,0.0
2021-01-03 02:50:00,0.0
2021-01-03 02:50:00,0.0
2021-01-03 02:50:00,0.0
2021-01-03 03:00:00,0.0
2021-01-03 03:00:00,0.0
2021-01-03 03:00:00,0.0
2021-01-03 03:00:00,0.0
2021-01-03 03:00:00,0.0
2021-01-03 03:00:00,0.0
2021-01-03 03:10:00,0.0
2021-01-03 03:10:00,0.0
2021-01-03 03:10:00,0.0
2021-01-03 03:10:00,0.0
2021-01-03 03:10:00,0.0
2021-01-03 03:10:00,0.0
2021-01-03 03:20:00,0.0
2021-01-03 03:20:00,0.0
2021-01-03 03:20:00,0.0
2021-01-03 03:20:00,0.0
2021-01-03 03:20:00,0.0
2021-01-03 03:20:00,0.0
2021-01-03 03:30:00,0.0
2021-01-03 03:30:00,0.0
2021-01-03 03:30:00,0.0
2021-01-03 03:30:00,0.0
2021-01-03 03:30:00,0.0
2021-01-03 03:30:00,0.0
2021-01-03 03:40:00,0.0
2021-01-03 03:40:00,0.0
2021-01-03 03:40:00,0.0
2021-01-03 03:40:00,0.0
2021-01-03 03:40:00,0.0
2021-01-03 03:40:00,0.0
2021-01-03 03:50:00,0.0
2021-01-03 03:50:00,0.0
2021-01-03 03:50:00,0.0
2021-01-03 03:50:00,0.0
2021-01-03 03:50:00,0.0
2021-01-03 03:50:00,0.0
2021-01-03 04:00:00,0.0
2021-01-03 04:00:00,0.0
2021-01-03 04:00:00,0.0
2021-01-03 04:00:00,0.0
2021-01-03 04:00:00,0.0
2021-01-03 04:00:00,0.0
2021-01-03 04:10:00,0.0
2021-01-03 04:10:00,0.0
2021-01-03 04:10:00,0.0
2021-01-03 04:10:00,0.0
2021-01-03 04:10:00,0.0
2021-01-03 04:10:00,0.0
2021-01-03 04:20:00,0.0
2021-01-03 04:20:00,0.0
2021-01-03 04:20:00,0.0
2021-01-03 04:20:00,0.0
2021-01-03 04:20:00,0.0
2021-01-03 04:20:00,0.0
2021-01-03 04:30:00,0.0
2021-01-03 04:30:00,0.0
2021-01-03 04:30:00,0.0
2021-01-03 04:30:00,0.0
2021-01-03 04:30:00,0.0
2021-01-03 04:30:00,0.0
2021-01-03 04:40:00,0.0
2021-01-03 04:40:00,0.0
2021-01-03 04:40:00,0.0
2021-01-03 04:40:00,0.0
2021-01-03 04:40:00,0.0
2021-01-03 04:40:00,0.0
2021-01-03 04:50:00,0.0
2021-01-03 04:50:00,0.0
2021-01-03 04:50:00,0.0
2021-01-03 04:50:00,0.0
2021-01-03 04:50:00,0.0
2021-01-03 04:50:00,0.0
2021-01-03 05:00:00,0.0
2021-01-03 05:00:00,0.0
2021-01-03 05:00:00,0.0
2021-01-03 05:00:00,0.0
2021-01-03 05:00:00,0.0
2021-01-03 05:00:00,0.0
2021-01-03 05:10:00,0.0
2021-01-03 05:10:00,0.0
2021-01-03 05:10:00,0.0
2021-01-03 05:10:00,0.0
2021-01-03 05:10:00,0.0
2021-01-03 05:10:00,0.0
2021-01-03 05:20:00,0.0
2021-01-03 05:20:00,0.0
2021-01-03 05:20:00,0.0
2021-01-03 05:20:00,0.0
2021-01-03 05:20:00,0.0
2021-01-03 05:20:00,0.0
2021-01-03 05:30:00,0.0
2021-01-03 05:30:00,0.0
2021-01-03 05:30:00,0.0
2021-01-03 05:30:00,0.0
2021-01-03 05:30:00,0.0
2021-01-03 05:30:00,0.0
2021-01-03 05:40:00,0.0
2021-01-03 05:40:00,0.0
2021-01-03 05:40:00,0.0
2021-01-03 05:40:00,0.0
2021-01-03 05:40:00,0.0
2021-01-03 05:40:00,0.0
2021-01-03 05:50:00,0.0
2021-01-03 05:50:00,0.0
2021-01-03 05:50:00,0.0
2021-01-03 05:50:00,0.0
2021-01-03 05:50:00,0.0
2021-01-03 05:50:00,0.0
2021-01-03 06:00:00,0.0
2021-01-03 06:00:00,0.0
2021-01-03 06:00:00,0.0
2021-01-03 06:00:00,0.0
2021-01-03 06:00:00,0.0
2021-01-03 06:00:00,0.0
2021-01-03 06:10:00,0.0
2021-01-03 06:10:00,0.0
2021-01-03 06:10:00,0.0
2021-01-03 06:10:00,0.0
2021-01-03 06:10:00,0.0
2021-01-03 06:10:00,0.0
2021-01-03 06:20:00,0.0
2021-01-03 06:20:00,0.0
2021-01-03 06:20:00,0.0
2021-01-03 06:20:00,0.0
2021-01-03 06:20:00,0.0
2021-01-03 06:20:00,0.0
2021-01-03 06:30:00,0.0
2021-01-03 06:30:00,0.0
2021-01-03 06:30:00,0.0
2021-01-03 06:30:00,0.0
2021-01-03 06:30:00,0.0
2021-01-03 06:30:00,0.0
2021-01-03 06:40:00,0.0
2021-01-03 06:40:00,0.0
2021-01-03 06:40:00,0.0
2021-01-03 06:40:00,0.0
2021-01-03 06:40:00,0.0
2021-01-03 06:40:00,0.0
2021-01-03 06:50:00,0.0
2021-01-03 06:50:00,0.0
2021-01-03 06:50:00,0.0
2021-01-03 06:50:00,0.0
2021-01-03 06:50:00,0.0
2021-01-03 06:50:00,0.0
2021-01-03 07:00:00,0.0
2021-01-03 07:00:00,0.0
2021-01-03 07:00:00,0.0
2021-01-03 07:00:00,0.0
2021-01-03 07:00:00,0.0
2021-01-03 07:00:00,0.0
2021-01-03 07:10:00,0.0
2021-01-03 07:10:00,0.0
2021-01-03 07:10:00,0.0
2021-01-03 07:10:00,0.0
2021-01-03 07:10:00,0.0
2021-01-03 07:10:00,0.0
2021-01-03 07:20:00,0.0
2021-01-03 07:20:00,0.0
2021-01-03 07:20:00,0.0
2021-01-03 07:20:00,0.0
2021-01-03 07:20:00,0.0
2021-01-03 07:20:00,0.0
2021-01-03 07:30:00,0.0
2021-01-03 07:30:00,0.0
2021-01-03 07:30:00,0.0
2021-01-03 07:30:00,0.0
2021-01-03 07:30:00,0.0
2021-01-03 07:30:00,0.0
2021-01-03 07:40:00,0.0
2021-01-03 07:40:00,0.0
2021-01-03 07:40:00,0.0
2021-01-03 07:40:00,0.0
2021-01-03 07:40:00,0.0
2021-01-03 07:40:00,0.0
2021-01-03 07:50:00,0.0
2021-01-03 07:50:00,0.0
2021-01-03 07:50:00,0.0
2021-01-03 07:50:00,0.0
2021-01-03 07:50:00,0.0
2021-01-03 07:50:00,0.0
2021-01-03 08:00:00,0.0
2021-01-03 08:00:00,0.0
2021-01-03 08:00:00,0.0
2021-01-03 08:00:00,0.0
2021-01-03 08:00:00,0.0
2021-01-03 08:00:00,0.0
2021-01-03 08:10:00,0.0
2021-01-03 08:10:00,0.0
2021-01-03 08:10:00,0.0
2021-01-03 08:10:00,0.0
2021-01-03 08:10:00,0.0
2021-01-03 08:10:00,0.0
2021-01-03 08:20:00,0.0
2021-01-03 08:20:00,0.0
2021-01-03 08:20:00,0.0
2021-01-03 08:20:00,0.0
2021-01-03 08:20:00,0.0
2021-01-03 08:20:00,0.0
2021-01-03 08:30:00,0.0
2021-01-03 08:30:00,0.0
2021-01-03 08:30:00,0.0
2021-01-03 08:30:00,0.0
2021-01-03 08:30:00,0.0
2021-01-03 08:30:00,0.0
2021-01-03 08:40:00,0.0
2021-01-03 08:40:00,0.0
2021-01-03 08:40:00,0.0
2021-01-03 08:40:00,0.0
2021-01-03 08:40:00,0.0
2021-01-03 08:40:00,0.0
2021-01-03 08:50:00,0.0
2021-01-03 08:50:00,0.0
2021-01-03 08:50:00,0.0
2021-01-03 08:50:00,0.0
2021-01-03 08:50:00,0.0
2021-01-03 08:50:00,0.0
2021-01-03 09:00:00,0.0
2021-01-03 09:00:00,0.0
2021-01-03 09:00:00,0.0
2021-01-03 09:00:00,0.0
2021-01-03 09:00:00,0.0
2021-01-03 09:00:00,0.0
2021-01-03 09:10:00,0.0
2021-01-03 09:10:00,0.0
2021-01-03 09:10:00,0.0
2021-01-03 09:10:00,0.0
2021-01-03 09:10:00,0.0
2021-01-03 09:10:00,0.0
2021-01-03 09:20:00,0.0
2021-01-03 09:20:00,0.0
2021-01-03 09:20:00,0.0
2021-01-03 09:20:00,0.0
2021-01-03 09:20:00,0.0
2021-01-03 09:20:00,0.0
2021-01-03 09:30:00,0.0
2021-01-03 09:30:00,0.0
2021-01-03 09:30:00,0.0
2021-01-03 09:30:00,0.0
2021-01-03 09:30:00,0.0
2021-01-03 09:30:00,0.0
2021-01-03 09:40:00,0.0
2021-01-03 09:40:00,0.0
2021-01-03 09:40:00,0.0
2021-01-03 09:40:00,0.0
2021-01-03 09:40:00,0.0
2021-01-03 09:40:00,0.0
2021-01-03 09:50:00,0.0
2021-01-03 09:50:00,0.0
2021-01-03 09:50:00,0.0
2021-01-03 09:50:00,0.0
2021-01-03 09:50:00,0.0
2021-01-03 09:50:00,0.0
2021-01-03 10:00:00,0.0
2021-01-03 10:00:00,0.0
2021-01-03 10:00:00,0.0
2021-01-03 10:00:00,0.0
2021-01-03 10:00:00,0.0
2021-01-03 10:00:00,0.0
2021-01-03 10:10:00,0.0
2021-01-03 10:10:00,0.0
2021-01-03 10:10:00,0.0
2021-01-03 10:10:00,0.0
2021-01-03 10:10:00,0.0
2021-01-03 10:10:00,0.0
2021-01-03 10:20:00,0.0
2021-01-03 10:20:00,0.0
2021-01-03 10:20:00,0.0
2021-01-03 10:20:00,0.0
2021-01-03 10:20:00,0.0
2021-01-03 10:20:00,0.0
2021-01-03 10:30:00,0.0
2021-01-03 10:30:00,0.0
2021-01-03 10:30:00,0.0
2021-01-03 10:30:00,0.0
2021-01-03 10:30:00,0.0
2021-01-03 10:30:00,0.0
2021-01-03 10:40:00,0.0
2021-01-03 10:40:00,0.0
2021-01-03 10:40:00,0.0
2021-01-03 10:40:00,0.0
2021-01-03 10:40:00,0.0
2021-01-03 10:40:00,0.0
2021-01-03 10:50:00,0.0
2021-01-03 10:50:00,0.0
2021-01-03 10:50:00,0.0
2021-01-03 10:50:00,0.0
2021-01-03 10:50:00,0.0
2021-01-03 10:50:00,0.0
2021-01-03 11:00:00,0.0
2021-01-03 11:00:00,0.0
2021-01-03 11:00:00,0.0
2021-01-03 11:00:00,0.0
2021-01-03 11:00:00,0.0
2021-01-03 11:00:00,0.0
2021-01-03 11:10:00,0.0
2021-01-03 11:10:00,0.0
2021-01-03 11:10:00,0.0
2021-01-03 11:10:00,0.0
2021-01-03 11:10:00,0.0
2021-01-03 11:10:00,0.0
2021-01-03 11:20:00,0.0
2021-01-03 11:20:00,0.0
2021-01-03 11:20:00,0.0
2021-01-03 11:20:00,0.0
2021-01-03 11:20:00,0.0
2021-01-03 11:20:00,0.0
2021-01-03 11:30:00,0.0
2021-01-03 11:30:00,0.0
2021-01-03 11:30:00,0.0
2021-01-03 11:30:00,0.0
2021-01-03 11:30:00,0.0
2021-01-03 11:30:00,0.0
2021-01-03 11:40:00,0.0
2021-01-03 11:40:00,0.0
2021-01-03 11:40:00,0.0
2021-01-03 11:40:00,0.0
2021-01-03 11:40:00,0.0
2021-01-03 11:40:00,0.0
2021-01-03 11:50:00,0.0
2021-01-03 11:50:00,0.0
2021-01-03 11:50:00,0.0
2021-01-03 11:50:00,0.0
2021-01-03 11:50:00,0.0
2021-01-03 11:50:00,0.0
2021-01-03 12:00:00,0.0
2021-01-03 12:00:00,0.0
2021-01-03 12:00:00,0.0
2021-01-03 12:00:00,0.0
2021-01-03 12:00:00,0.0
2021-01-03 12:00:00,0.0
2021-01-03 12:10:00,0.0
2021-01-03 12:10:00,0.0
2021-01-03 12:10:00,0.0
2021-01-03 12:10:00,0.0
2021-01-03 12:10:00,0.0
2021-01-03 12:10:00,0.0
2021-01-03 12:20:00,0.0
2021-01-03 12:20:00,0.0
2021-01-03 12:20:00,0.0
2021-01-03 12:20:00,0.0
2021-01-03 12:20:00,0.0
2021-01-03 12:20:00,0.0
2021-01-03 12:30:00,0.0
2021-01-03 12:30:00,0.0
2021-01-03 12:30:00,0.0
2021-01-03 12:30:00,0.0
2021-01-03 12:30:00,0.0
2021-01-03 12:30:00,0.0
2021-01-03 12:40:00,0.0
2021-01-03 12:40:00,0.0
2021-01-03 12:40:00,0.0
2021-01-03 12:40:00,0.0
2021-01-03 12:40:00,0.0
2021-01-03 12:40:00,0.0
2021-01-03 12:50:00,0.0
2021-01-03 12:50:00,0.0
2021-01-03 12:50:00,0.0
2021-01-03 12:50:00,0.0
2021-01-03 12:50:00,0.0
2021-01-03 12:50:00,0.0
2021-01-03 13:00:00,0.0
2021-01-03 13:00:00,0.0
2021-01-03 13:00:00,0.0
2021-01-03 13:00:00,0.0
2021-01-03 13:00:00,0.0
2021-01-03 13:00:00,0.0
2021-01-03 13:10:00,0.0
2021-01-03 13:10:00,0.0
2021-01-03 13:10:00,0.0
2021-01-03 13:10:00,0.0
2021-01-03 13:10:00,0.0
2021-01-03 13:10:00,0.0
2021-01-03 13:20:00,0.0
2021-01-03 13:20:00,0.0
2021-01-03 13:20:00,0.0
2021-01-03 13:20:00,0.0
2021-01-03 13:20:00,0.0
2021-01-03 13:20:00,0.0
2021-01-03 13:30:00,0.0
2021-01-03 13:30:00,0.0
2021-01-03 13:30:00,0.0
2021-01-03 13:30:00,0.0
2021-01-03 13:30:00,0.0
2021-01-03 13:30:00,0.0
2021-01-03 13:40:00,0.0
2021-01-03 13:40:00,0.0
2021-01-03 13:40:00,0.0
2021-01-03 13:40:00,0.0
2021-01-03 13:40:00,0.0
2021-01-03 13:40:00,0.0
2021-01-03 13:50:00,0.0
2021-01-03 13:50:00,0.0
2021-01-03 13:50:00,0.0
2021-01-03 13:50:00,0.0
2021-01-03 13:50:00,0.0
2021-01-03 13:50:00,0.0
2021-01-03 14:00:00,0.0
2021-01-03 14:00:00,0.0
2021-01-03 14:00:00,0.0
2021-01-03 14:00:00,0.0
2021-01-03 14:00:00,0.0
2021-01-03 14:00:00,0.0
2021-01-03 14:10:00,0.0
2021-01-03 14:10:00,0.0
2021-01-03 14:10:00,0.0
2021-01-03 14:10:00,0.0
2021-01-03 14:10:00,0.0
2021-01-03 14:10:00,0.0
2021-01-03 14:20:00,0.0
2021-01-03 14:20:00,0.0
2021-01-03 14:20:00,0.0
2021-01-03 14:20:00,0.0
2021-01-03 14:20:00,0.0
2021-01-03 14:20:00,0.0
2021-01-03 14:30:00,0.0
2021-01-03 14:30:00,0.0
2021-01-03 14:30:00,0.0
2021-01-03 14:30:00,0.0
2021-01-03 14:30:00,0.0
2021-01-03 14:30:00,0.0
2021-01-03 14:40:00,0.0
2021-01-03 14:40:00,0.0
2021-01-03 14:40:00,0.0
2021-01-03 14:40:00,0.0
2021-01-03 14:40:00,0.0
2021-01-03 14:40:00,0.0
2021-01-03 14:50:00,0.0
2021-01-03 14:50:00,0.0
2021-01-03 14:50:00,0.0
2021-01-03 14:50:00,0.0
2021-01-03 14:50:00,0.0
2021-01-03 14:50:00,0.0
2021-01-03 15:00:00,0.0
2021-01-03 15:00:00,0.0
2021-01-03 15:00:00,0.0
2021-01-03 15:00:00,0.0
2021-01-03 15:00:00,0.0
2021-01-03 15:00:00,0.0
2021-01-03 15:10:00,0.0
2021-01-03 15:10:00,0.0
2021-01-03 15:10:00,0.0
2021-01-03 15:10:00,0.0
2021-01-03 15:10:00,0.0
2021-01-03 15:10:00,0.0
2021-01-03 15:20:00,0.0
2021-01-03 15:20:00,0.0
2021-01-03 15:20:00,0.0
2021-01-03 15:20:00,0.0
2021-01-03 15:20:00,0.0
2021-01-03 15:20:00,0.0
2021-01-03 15:30:00,0.0
2021-01-03 15:30:00,0.0
2021-01-03 15:30:00,0.0
2021-01-03 15:30:00,0.0
2021-01-03 15:30:00,0.0
2021-01-03 15:30:00,0.0
2021-01-03 15:40:00,0.0
2021-01-03 15:40:00,0.0
2021-01-03 15:40:00,0.0
2021-01-03 15:40:00,0.0
2021-01-03 15:40:00,0.0
2021-01-03 15:40:00,0.0
2021-01-03 15:50:00,0.0
2021-01-03 15:50:00,0.0
2021-01-03 15:50:00,0.0
2021-01-03 15:50:00,0.0
2021-01-03 15:50:00,0.0
2021-01-03 15:50:00,0.0
2021-01-03 16:00:00,0.0
2021-01-03 16:00:00,0.0
2021-01-03 16:00:00,0.0
2021-01-03 16:00:00,0.0
2021-01-03 16:00:00,0.0
2021-01-03 16:00:00,0.0
2021-01-03 16:10:00,4.18
2021-01-03 16:10:00,4.18
2021-01-03 16:10:00,4.18
2021-01-03 16:10:00,4.18
2021-01-03 16:10:00,4.18
2021-01-03 16:10:00,4.18
2021-01-03 16:20:00,0.0
2021-01-03 16:20:00,0.0
2021-01-03 16:20:00,0.0
2021-01-03 16:20:00,0.0
2021-01-03 16:20:00,0.0
2021-01-03 16:20:00,0.0
2021-01-03 16:30:00,0.0
2021-01-03 16:30:00,0.0
2021-01-03 16:30:00,0.0
2021-01-03 16:30:00,0.0
2021-01-03 16:30:00,0.0
2021-01-03 16:30:00,0.0
2021-01-03 16:40:00,44.72
2021-01-03 16:40:00,44.72
2021-01-03 16:40:00,44.72
2021-01-03 16:40:00,44.72
2021-01-03 16:40:00,44.72
2021-01-03 16:40:00,44.72
2021-01-03 16:50:00,144.41
2021-01-03 16:50:00,144.41
2021-01-03 16:50:00,144.41
2021-01-03 16:50:00,144.41
2021-01-03 16:50:00,144.41
2021-01-03 16:50:00,144.41
2021-01-03 17:00:00,118.03
2021-01-03 17:00:00,118.03
2021-01-03 17:00:00,118.03
2021-01-03 17:00:00,118.03
2021-01-03 17:00:00,118.03
2021-01-03 17:00:00,118.03
2021-01-03 17:10:00,138.22
2021-01-03 17:10:00,138.22
2021-01-03 17:10:00,138.22
2021-01-03 17:10:00,138.22
2021-01-03 17:10:00,138.22
2021-01-03 17:10:00,138.22
2021-01-03 17:20:00,129.46
2021-01-03 17:20:00,129.46
2021-01-03 17:20:00,129.46
2021-01-03 17:20:00,129.46
2021-01-03 17:20:00,129.46
2021-01-03 17:20:00,129.46
2021-01-03 17:30:00,205.01
2021-01-03 17:30:00,205.01
2021-01-03 17:30:00,205.01
2021-01-03 17:30:00,205.01
2021-01-03 17:30:00,205.01
2021-01-03 17:30:00,205.01
2021-01-03 17:40:00,212.26
2021-01-03 17:40:00,212.26
2021-01-03 17:40:00,212.26
2021-01-03 17:40:00,212.26
2021-01-03 17:40:00,212.26
2021-01-03 17:40:00,212.26
2021-01-03 17:50:00,192.87
2021-01-03 17:50:00,192.87
2021-01-03 17:50:00,192.87
2021-01-03 17:50:00,192.87
2021-01-03 17:50:00,192.87
2021-01-03 17:50:00,192.87
2021-01-03 18:00:00,302.76
2021-01-03 18:00:00,302.76
2021-01-03 18:00:00,302.76
2021-01-03 18:00:00,302.76
2021-01-03 18:00:00,302.76
2021-01-03 18:00:00,302.76
2021-01-03 18:10:00,328.82
2021-01-03 18:10:00,328.82
2021-01-03 18:10:00,328.82
2021-01-03 18:10:00,328.82
2021-01-03 18:10:00,328.82
2021-01-03 18:10:00,328.82
2021-01-03 18:20:00,373.41
2021-01-03 18:20:00,373.41
2021-01-03 18:20:00,373.41
2021-01-03 18:20:00,373.41
2021-01-03 18:20:00,373.41
2021-01-03 18:20:00,373.41
2021-01-03 18:30:00,543.34
2021-01-03 18:30:00,543.34
2021-01-03 18:30:00,543.34
2021-01-03 18:30:00,543.34
2021-01-03 18:30:00,543.34
2021-01-03 18:30:00,543.34
2021-01-03 18:40:00,473.54
2021-01-03 18:40:00,473.54
2021-01-03 18:40:00,473.54
2021-01-03 18:40:00,473.54
2021-01-03 18:40:00,473.54
2021-01-03 18:40:00,473.54
2021-01-03 18:50:00,317.47
2021-01-03 18:50:00,317.47
2021-01-03 18:50:00,317.47
2021-01-03 18:50:00,317.47
2021-01-03 18:50:00,317.47
2021-01-03 18:50:00,317.47
2021-01-03 19:00:00,527.63
2021-01-03 19:00:00,527.63
2021-01-03 19:00:00,527.63
2021-01-03 19:00:00,527.63
2021-01-03 19:00:00,527.63
2021-01-03 19:00:00,527.63
2021-01-03 19:10:00,595.36
2021-01-03 19:10:00,595.36
2021-01-03 19:10:00,595.36
2021-01-03 19:10:00,595.36
2021-01-03 19:10:00,595.36
2021-01-03 19:10:00,595.36
2021-01-03 19:20:00,545.3
2021-01-03 19:20:00,545.3
2021-01-03 19:20:00,545.3
2021-01-03 19:20:00,545.3
2021-01-03 19:20:00,545.3
2021-01-03 19:20:00,545.3
2021-01-03 19:30:00,478.67
2021-01-03 19:30:00,478.67
2021-01-03 19:30:00,478.67
2021-01-03 19:30:00,478.67
2021-01-03 19:30:00,478.67
2021-01-03 19:30:00,478.67
2021-01-03 19:40:00,428.67
2021-01-03 19:40:00,428.67
2021-01-03 19:40:00,428.67
2021-01-03 19:40:00,428.67
2021-01-03 19:40:00,428.67
2021-01-03 19:40:00,428.67
2021-01-03 19:50:00,641.18
2021-01-03 19:50:00,641.18
2021-01-03 19:50:00,641.18
2021-01-03 19:50:00,641.18
2021-01-03 19:50:00,641.18
2021-01-03 19:50:00,641.18
2021-01-03 20:00:00,329.16
2021-01-03 20:00:00,329.16
2021-01-03 20:00:00,329.16
2021-01-03 20:00:00,329.16
2021-01-03 20:00:00,329.16
2021-01-03 20:00:00,329.16
2021-01-03 20:10:00,274.1
2021-01-03 20:10:00,274.1
2021-01-03 20:10:00,274.1
2021-01-03 20:10:00,274.1
2021-01-03 20:10:00,274.1
2021-01-03 20:10:00,274.1
2021-01-03 20:20:00,471.15
2021-01-03 20:20:00,471.15
2021-01-03 20:20:00,471.15
2021-01-03 20:20:00,471.15
2021-01-03 20:20:00,471.15
2021-01-03 20:20:00,471.15
2021-01-03 20:30:00,476.9
2021-01-03 20:30:00,476.9
2021-01-03 20:30:00,476.9
2021-01-03 20:30:00,476.9
2021-01-03 20:30:00,476.9
2021-01-03 20:30:00,476.9
2021-01-03 20:40:00,578.23
2021-01-03 20:40:00,578.23
2021-01-03 20:40:00,578.23
2021-01-03 20:40:00,578.23
2021-01-03 20:40:00,578.23
2021-01-03 20:40:00,578.23
2021-01-03 20:50:00,839.16
2021-01-03 20:50:00,839.16
2021-01-03 20:50:00,839.16
2021-01-03 20:50:00,839.16
2021-01-03 20:50:00,839.16
2021-01-03 20:50:00,839.16
2021-01-03 21:00:00,1018.94
2021-01-03 21:00:00,1018.94
2021-01-03 21:00:00,1018.94
2021-01-03 21:00:00,1018.94
2021-01-03 21:00:00,1018.94
2021-01-03 21:00:00,1018.94
2021-01-03 21:10:00,926.55
2021-01-03 21:10:00,926.55
2021-01-03 21:10:00,926.55
2021-01-03 21:10:00,926.55
2021-01-03 21:10:00,926.55
2021-01-03 21:10:00,926.55
2021-01-03 21:20:00,796.4
2021-01-03 21:20:00,796.4
2021-01-03 21:20:00,796.4
2021-01-03 21:20:00,796.4
2021-01-03 21:20:00,796.4
2021-01-03 21:20:00,796.4
2021-01-03 21:30:00,913.17
2021-01-03 21:30:00,913.17
2021-01-03 21:30:00,913.17
2021-01-03 21:30:00,913.17
2021-01-03 21:30:00,913.17
2021-01-03 21:30:00,913.17
2021-01-03 21:40:00,976.29
2021-01-03 21:40:00,976.29
2021-01-03 21:40:00,976.29
2021-01-03 21:40:00,976.29
2021-01-03 21:40:00,976.29
2021-01-03 21:40:00,976.29
2021-01-03 21:50:00,957.12
2021-01-03 21:50:00,957.12
2021-01-03 21:50:00,957.12
2021-01-03 21:50:00,957.12
2021-01-03 21:50:00,957.12
2021-01-03 21:50:00,957.12
2021-01-03 22:00:00,979.16
2021-01-03 22:00:00,979.16
2021-01-03 22:00:00,979.16
2021-01-03 22:00:00,979.16
2021-01-03 22:00:00,979.16
2021-01-03 22:00:00,979.16
2021-01-03 22:10:00,982.06
2021-01-03 22:10:00,982.06
2021-01-03 22:10:00,982.06
2021-01-03 22:10:00,982.06
2021-01-03 22:10:00,982.06
2021-01-03 22:10:00,982.06
2021-01-03 22:20:00,1020.79
2021-01-03 22:20:00,1020.79
2021-01-03 22:20:00,1020.79
2021-01-03 22:20:00,1020.79
2021-01-03 22:20:00,1020.79
2021-01-03 22:20:00,1020.79
2021-01-03 22:30:00,1070.85
2021-01-03 22:30:00,1070.85
2021-01-03 22:30:00,1070.85
2021-01-03 22:30:00,1070.85
2021-01-03 22:30:00,1070.85
2021-01-03 22:30:00,1070.85
2021-01-03 22:40:00,1038.2
2021-01-03 22:40:00,1038.2
2021-01-03 22:40:00,1038.2
2021-01-03 22:40:00,1038.2
2021-01-03 22:40:00,1038.2
2021-01-03 22:40:00,1038.2
2021-01-03 22:50:00,1048.34
2021-01-03 22:50:00,1048.34
2021-01-03 22:50:00,1048.34
2021-01-03 22:50:00,1048.34
2021-01-03 22:50:00,1048.34
2021-01-03 22:50:00,1048.34
2021-01-03 23:00:00,1085.2
2021-01-03 23:00:00,1085.2
2021-01-03 23:00:00,1085.2
2021-01-03 23:00:00,1085.2
2021-01-03 23:00:00,1085.2
2021-01-03 23:00:00,1085.2
2021-01-03 23:10:00,984.32
2021-01-03 23:10:00,984.32
2021-01-03 23:10:00,984.32
2021-01-03 23:10:00,984.32
2021-01-03 23:10:00,984.32
2021-01-03 23:10:00,984.32
2021-01-03 23:20:00,1003.06
2021-01-03 23:20:00,1003.06
2021-01-03 23:20:00,1003.06
2021-01-03 23:20:00,1003.06
2021-01-03 23:20:00,1003.06
2021-01-03 23:20:00,1003.06
2021-01-03 23:30:00,1099.15
2021-01-03 23:30:00,1099.15
2021-01-03 23:30:00,1099.15
2021-01-03 23:30:00,1099.15
2021-01-03 23:30:00,1099.15
2021-01-03 23:30:00,1099.15
2021-01-03 23:40:00,1159.97
2021-01-03 23:40:00,1159.97
2021-01-03 23:40:00,1159.97
2021-01-03 23:40:00,1159.97
2021-01-03 23:40:00,1159.97
2021-01-03 23:40:00,1159.97
2021-01-03 23:50:00,1179.91
2021-01-03 23:50:00,1179.91
2021-01-03 23:50:00,1179.91
2021-01-03 23:50:00,1179.91
2021-01-03 23:50:00,1179.91
2021-01-03 23:50:00,1179.91
2021-01-04 00:00:00,739.33
2021-01-04 00:00:00,739.33
2021-01-04 00:00:00,739.33
2021-01-04 00:00:00,739.33
2021-01-04 00:00:00,739.33
2021-01-04 00:00:00,739.33
2021-01-04 00:10:00,1030.34
2021-01-04 00:10:00,1030.34
2021-01-04 00:10:00,1030.34
2021-01-04 00:10:00,1030.34
2021-01-04 00:10:00,1030.34
2021-01-04 00:10:00,1030.34
2021-01-04 00:20:00,1215.99
2021-01-04 00:20:00,1215.99
2021-01-04 00:20:00,1215.99
2021-01-04 00:20:00,1215.99
2021-01-04 00:20:00,1215.99
2021-01-04 00:20:00,1215.99
2021-01-04 00:30:00,1019.55
2021-01-04 00:30:00,1019.55
2021-01-04 00:30:00,1019.55
2021-01-04 00:30:00,1019.55
2021-01-04 00:30:00,1019.55
2021-01-04 00:30:00,1019.55
2021-01-04 00:40:00,782.95
2021-01-04 00:40:00,782.95
2021-01-04 00:40:00,782.95
2021-01-04 00:40:00,782.95
2021-01-04 00:40:00,782.95
2021-01-04 00:40:00,782.95
2021-01-04 00:50:00,865.25
2021-01-04 00:50:00,865.25
2021-01-04 00:50:00,865.25
2021-01-04 00:50:00,865.25
2021-01-04 00:50:00,865.25
2021-01-04 00:50:00,865.25
2021-01-04 01:00:00,914.67
2021-01-04 01:00:00,914.67
2021-01-04 01:00:00,914.67
2021-01-04 01:00:00,914.67
2021-01-04 01:00:00,914.67
2021-01-04 01:00:00,914.67
2021-01-04 01:10:00,884.4
2021-01-04 01:10:00,884.4
2021-01-04 01:10:00,884.4
2021-01-04 01:10:00,884.4
2021-01-04 01:10:00,884.4
2021-01-04 01:10:00,884.4
2021-01-04 01:20:00,821.47
2021-01-04 01:20:00,821.47
2021-01-04 01:20:00,821.47
2021-01-04 01:20:00,821.47
2021-01-04 01:20:00,821.47
2021-01-04 01:20:00,821.47
2021-01-04 01:30:00,798.29
2021-01-04 01:30:00,798.29
2021-01-04 01:30:00,798.29
2021-01-04 01:30:00,798.29
2021-01-04 01:30:00,798.29
2021-01-04 01:30:00,798.29
2021-01-04 01:40:00,773.38
2021-01-04 01:40:00,773.38
2021-01-04 01:40:00,773.38
2021-01-04 01:40:00,773.38
2021-01-04 01:40:00,773.38
2021-01-04 01:40:00,773.38
2021-01-04 01:50:00,828.05
2021-01-04 01:50:00,828.05
2021-01-04 01:50:00,828.05
2021-01-04 01:50:00,828.05
2021-01-04 01:50:00,828.05
2021-01-04 01:50:00,828.05
2021-01-04 02:00:00,838.67
2021-01-04 02:00:00,838.67
2021-01-04 02:00:00,838.67
2021-01-04 02:00:00,838.67
2021-01-04 02:00:00,838.67
2021-01-04 02:00:00,838.67
2021-01-04 02:10:00,830.17
2021-01-04 02:10:00,830.17
2021-01-04 02:10:00,830.17
2021-01-04 02:10:00,830.17
2021-01-04 02:10:00,830.17
2021-01-04 02:10:00,830.17
2021-01-04 02:20:00,727.13
2021-01-04 02:20:00,727.13
2021-01-04 02:20:00,727.13
2021-01-04 02:20:00,727.13
2021-01-04 02:20:00,727.13
2021-01-04 02:20:00,727.13
2021-01-04 02:30:00,689.56
2021-01-04 02:30:00,689.56
2021-01-04 02:30:00,689.56
2021-01-04 02:30:00,689.56
2021-01-04 02:30:00,689.56
2021-01-04 02:30:00,689.56
2021-01-04 02:40:00,680.63
2021-01-04 02:40:00,680.63
2021-01-04 02:40:00,680.63
2021-01-04 02:40:00,680.63
2021-01-04 02:40:00,680.63
2021-01-04 02:40:00,680.63
2021-01-04 02:50:00,924.33
2021-01-04 02:50:00,924.33
2021-01-04 02:50:00,924.33
2021-01-04 02:50:00,924.33
2021-01-04 02:50:00,924.33
2021-01-04 02:50:00,924.33
2021-01-04 03:00:00,976.95
2021-01-04 03:00:00,976.95
2021-01-04 03:00:00,976.95
2021-01-04 03:00:00,976.95
2021-01-04 03:00:00,976.95
2021-01-04 03:00:00,976.95
2021-01-04 03:10:00,859.13
2021-01-04 03:10:00,859.13
2021-01-04 03:10:00,859.13
2021-01-04 03:10:00,859.13
2021-01-04 03:10:00,859.13
2021-01-04 03:10:00,859.13
2021-01-04 03:20:00,868.59
2021-01-04 03:20:00,868.59
2021-01-04 03:20:00,868.59
2021-01-04 03:20:00,868.59
2021-01-04 03:20:00,868.59
2021-01-04 03:20:00,868.59
2021-01-04 03:30:00,930.31
2021-01-04 03:30:00,930.31
2021-01-04 03:30:00,930.31
2021-01-04 03:30:00,930.31
2021-01-04 03:30:00,930.31
2021-01-04 03:30:00,930.31
2021-01-04 03:40:00,793.9
2021-01-04 03:40:00,793.9
2021-01-04 03:40:00,793.9
2021-01-04 03:40:00,793.9
2021-01-04 03:40:00,793.9
2021-01-04 03:40:00,793.9
2021-01-04 03:50:00,1089.07
2021-01-04 03:50:00,1089.07
2021-01-04 03:50:00,1089.07
2021-01-04 03:50:00,1089.07
2021-01-04 03:50:00,1089.07
2021-01-04 03:50:00,1089.07
2021-01-04 04:00:00,1077.14
2021-01-04 04:00:00,1077.14
2021-01-04 04:00:00,1077.14
2021-01-04 04:00:00,1077.14
2021-01-04 04:00:00,1077.14
2021-01-04 04:00:00,1077.14
2021-01-04 04:10:00,1077.06
2021-01-04 04:10:00,1077.06
2021-01-04 04:10:00,1077.06
2021-01-04 04:10:00,1077.06
2021-01-04 04:10:00,1077.06
2021-01-04 04:10:00,1077.06
2021-01-04 04:20:00,850.73
2021-01-04 04:20:00,850.73
2021-01-04 04:20:00,850.73
2021-01-04 04:20:00,850.73
2021-01-04 04:20:00,850.73
2021-01-04 04:20:00,850.73
2021-01-04 04:30:00,667.78
2021-01-04 04:30:00,667.78
2021-01-04 04:30:00,667.78
2021-01-04 04:30:00,667.78
2021-01-04 04:30:00,667.78
2021-01-04 04:30:00,667.78
2021-01-04 04:40:00,685.76
2021-01-04 04:40:00,685.76
2021-01-04 04:40:00,685.76
2021-01-04 04:40:00,685.76
2021-01-04 04:40:00,685.76
2021-01-04 04:40:00,685.76
2021-01-04 04:50:00,634.28
2021-01-04 04:50:00,634.28
2021-01-04 04:50:00,634.28
2021-01-04 04:50:00,634.28
2021-01-04 04:50:00,634.28
2021-01-04 04:50:00,634.28
2021-01-04 05:00:00,579.15
2021-01-04 05:00:00,579.15
2021-01-04 05:00:00,579.15
2021-01-04 05:00:00,579.15
2021-01-04 05:00:00,579.15
2021-01-04 05:00:00,579.15
2021-01-04 05:10:00,675.79
2021-01-04 05:10:00,675.79
2021-01-04 05:10:00,675.79
2021-01-04 05:10:00,675.79
2021-01-04 05:10:00,675.79
2021-01-04 05:10:00,675.79
2021-01-04 05:20:00,721.95
2021-01-04 05:20:00,721.95
2021-01-04 05:20:00,721.95
2021-01-04 05:20:00,721.95
2021-01-04 05:20:00,721.95
2021-01-04 05:20:00,721.95
2021-01-04 05:30:00,656.84
2021-01-04 05:30:00,656.84
2021-01-04 05:30:00,656.84
2021-01-04 05:30:00,656.84
2021-01-04 05:30:00,656.84
2021-01-04 05:30:00,656.84
2021-01-04 05:40:00,435.37
2021-01-04 05:40:00,435.37
2021-01-04 05:40:00,435.37
2021-01-04 05:40:00,435.37
2021-01-04 05:40:00,435.37
2021-01-04 05:40:00,435.37
2021-01-04 05:50:00,324.79
2021-01-04 05:50:00,324.79
2021-01-04 05:50:00,324.79
2021-01-04 05:50:00,324.79
2021-01-04 05:50:00,324.79
2021-01-04 05:50:00,324.79
2021-01-04 06:00:00,239.09
2021-01-04 06:00:00,239.09
2021-01-04 06:00:00,239.09
2021-01-04 06:00:00,239.09
2021-01-04 06:00:00,239.09
2021-01-04 06:00:00,239.09
2021-01-04 06:10:00,158.9
2021-01-04 06:10:00,158.9
2021-01-04 06:10:00,158.9
2021-01-04 06:10:00,158.9
2021-01-04 06:10:00,158.9
2021-01-04 06:10:00,158.9
2021-01-04 06:20:00,157.8
2021-01-04 06:20:00,157.8
2021-01-04 06:20:00,157.8
2021-01-04 06:20:00,157.8
2021-01-04 06:20:00,157.8
2021-01-04 06:20:00,157.8
2021-01-04 06:30:00,150.99
2021-01-04 06:30:00,150.99
2021-01-04 06:30:00,150.99
2021-01-04 06:30:00,150.99
2021-01-04 06:30:00,150.99
2021-01-04 06:30:00,150.99
2021-01-04 06:40:00,132.34
2021-01-04 06:40:00,132.34
2021-01-04 06:40:00,132.34
2021-01-04 06:40:00,132.34
2021-01-04 06:40:00,132.34
2021-01-04 06:40:00,132.34
2021-01-04 06:50:00,91.25
2021-01-04 06:50:00,91.25
2021-01-04 06:50:00,91.25
2021-01-04 06:50:00,91.25
2021-01-04 06:50:00,91.25
2021-01-04 06:50:00,91.25
2021-01-04 07:00:00,148.16
2021-01-04 07:00:00,148.16
2021-01-04 07:00:00,148.16
2021-01-04 07:00:00,148.16
2021-01-04 07:00:00,148.16
2021-01-04 07:00:00,148.16
2021-01-04 07:10:00,142.39
2021-01-04 07:10:00,142.39
2021-01-04 07:10:00,142.39
2021-01-04 07:10:00,142.39
2021-01-04 07:10:00,142.39
2021-01-04 07:10:00,142.39
2021-01-04 07:20:00,108.34
2021-01-04 07:20:00,108.34
2021-01-04 07:20:00,108.34
2021-01-04 07:20:00,108.34
2021-01-04 07:20:00,108.34
2021-01-04 07:20:00,108.34
2021-01-04 07:30:00,89.7
2021-01-04 07:30:00,89.7
2021-01-04 07:30:00,89.7
2021-01-04 07:30:00,89.7
2021-01-04 07:30:00,89.7
2021-01-04 07:30:00,89.7
2021-01-04 07:40:00,113.96
2021-01-04 07:40:00,113.96
2021-01-04 07:40:00,113.96
2021-01-04 07:40:00,113.96
2021-01-04 07:40:00,113.96
2021-01-04 07:40:00,113.96
2021-01-04 07:50:00,155.83
2021-01-04 07:50:00,155.83
2021-01-04 07:50:00,155.83
2021-01-04 07:50:00,155.83
2021-01-04 07:50:00,155.83
2021-01-04 07:50:00,155.83
2021-01-04 08:00:00,251.05
2021-01-04 08:00:00,251.05
2021-01-04 08:00:00,251.05
2021-01-04 08:00:00,251.05
2021-01-04 08:00:00,251.05
2021-01-04 08:00:00,251.05
2021-01-04 08:10:00,509.58
2021-01-04 08:10:00,509.58
2021-01-04 08:10:00,509.58
2021-01-04 08:10:00,509.58
2021-01-04 08:10:00,509.58
2021-01-04 08:10:00,509.58
2021-01-04 08:20:00,345.37
2021-01-04 08:20:00,345.37
2021-01-04 08:20:00,345.37
2021-01-04 08:20:00,345.37
2021-01-04 08:20:00,345.37
2021-01-04 08:20:00,345.37
2021-01-04 08:30:00,444.19
2021-01-04 08:30:00,444.19
2021-01-04 08:30:00,444.19
2021-01-04 08:30:00,444.19
2021-01-04 08:30:00,444.19
2021-01-04 08:30:00,444.19
2021-01-04 08:40:00,975.13
2021-01-04 08:40:00,975.13
2021-01-04 08:40:00,975.13
2021-01-04 08:40:00,975.13
2021-01-04 08:40:00,975.13
2021-01-04 08:40:00,975.13
2021-01-04 08:50:00,978.94
2021-01-04 08:50:00,978.94
2021-01-04 08:50:00,978.94
2021-01-04 08:50:00,978.94
2021-01-04 08:50:00,978.94
2021-01-04 08:50:00,978.94
2021-01-04 09:00:00,963.95
2021-01-04 09:00:00,963.95
2021-01-04 09:00:00,963.95
2021-01-04 09:00:00,963.95
2021-01-04 09:00:00,963.95
2021-01-04 09:00:00,963.95
2021-01-04 09:10:00,926.15
2021-01-04 09:10:00,926.15
2021-01-04 09:10:00,926.15
2021-01-04 09:10:00,926.15
2021-01-04 09:10:00,926.15
2021-01-04 09:10:00,926.15
2021-01-04 09:20:00,1012.11
2021-01-04 09:20:00,1012.11
2021-01-04 09:20:00,1012.11
2021-01-04 09:20:00,1012.11
2021-01-04 09:20:00,1012.11
2021-01-04 09:20:00,1012.11
2021-01-04 09:30:00,1076.09
2021-01-04 09:30:00,1076.09
2021-01-04 09:30:00,1076.09
2021-01-04 09:30:00,1076.09
2021-01-04 09:30:00,1076.09
2021-01-04 09:30:00,1076.09
2021-01-04 09:40:00,1179.49
2021-01-04 09:40:00,1179.49
2021-01-04 09:40:00,1179.49
2021-01-04 09:40:00,1179.49
2021-01-04 09:40:00,1179.49
2021-01-04 09:40:00,1179.49
2021-01-04 09:50:00,1233.31
2021-01-04 09:50:00,1233.31
2021-01-04 09:50:00,1233.31
2021-01-04 09:50:00,1233.31
2021-01-04 09:50:00,1233.31
2021-01-04 09:50:00,1233.31
2021-01-04 10:00:00,1176.38
2021-01-04 10:00:00,1176.38
2021-01-04 10:00:00,1176.38
2021-01-04 10:00:00,1176.38
2021-01-04 10:00:00,1176.38
2021-01-04 10:00:00,1176.38
2021-01-04 10:10:00,930.0
2021-01-04 10:10:00,930.0
2021-01-04 10:10:00,930.0
2021-01-04 10:10:00,930.0
2021-01-04 10:10:00,930.0
2021-01-04 10:10:00,930.0
2021-01-04 10:20:00,554.29
2021-01-04 10:20:00,554.29
2021-01-04 10:20:00,554.29
2021-01-04 10:20:00,554.29
2021-01-04 10:20:00,554.29
2021-01-04 10:20:00,554.29
2021-01-04 10:30:00,337.76
2021-01-04 10:30:00,337.76
2021-01-04 10:30:00,337.76
2021-01-04 10:30:00,337.76
2021-01-04 10:30:00,337.76
2021-01-04 10:30:00,337.76
2021-01-04 10:40:00,288.44
2021-01-04 10:40:00,288.44
2021-01-04 10:40:00,288.44
2021-01-04 10:40:00,288.44
2021-01-04 10:40:00,288.44
2021-01-04 10:40:00,288.44
2021-01-04 10:50:00,366.48
2021-01-04 10:50:00,366.48
2021-01-04 10:50:00,366.48
2021-01-04 10:50:00,366.48
2021-01-04 10:50:00,366.48
2021-01-04 10:50:00,366.48
2021-01-04 11:00:00,373.27
2021-01-04 11:00:00,373.27
2021-01-04 11:00:00,373.27
2021-01-04 11:00:00,373.27
2021-01-04 11:00:00,373.27
2021-01-04 11:00:00,373.27
2021-01-04 11:10:00,471.13
2021-01-04 11:10:00,471.13
2021-01-04 11:10:00,471.13
2021-01-04 11:10:00,471.13
2021-01-04 11:10:00,471.13
2021-01-04 11:10:00,471.13
2021-01-04 11:20:00,569.04
2021-01-04 11:20:00,569.04
2021-01-04 11:20:00,569.04
2021-01-04 11:20:00,569.04
2021-01-04 11:20:00,569.04
2021-01-04 11:20:00,569.04
2021-01-04 11:30:00,440.52
2021-01-04 11:30:00,440.52
2021-01-04 11:30:00,440.52
2021-01-04 11:30:00,440.52
2021-01-04 11:30:00,440.52
2021-01-04 11:30:00,440.52
2021-01-04 11:40:00,406.09
2021-01-04 11:40:00,406.09
2021-01-04 11:40:00,406.09
2021-01-04 11:40:00,406.09
2021-01-04 11:40:00,406.09
2021-01-04 11:40:00,406.09
2021-01-04 11:50:00,496.52
2021-01-04 11:50:00,496.52
2021-01-04 11:50:00,496.52
2021-01-04 11:50:00,496.52
2021-01-04 11:50:00,496.52
2021-01-04 11:50:00,496.52
2021-01-04 12:00:00,489.39
2021-01-04 12:00:00,489.39
2021-01-04 12:00:00,489.39
2021-01-04 12:00:00,489.39
2021-01-04 12:00:00,489.39
2021-01-04 12:00:00,489.39
2021-01-04 12:10:00,577.98
2021-01-04 12:10:00,577.98
2021-01-04 12:10:00,577.98
2021-01-04 12:10:00,577.98
2021-01-04 12:10:00,577.98
2021-01-04 12:10:00,577.98
2021-01-04 12:20:00,547.74
2021-01-04 12:20:00,547.74
2021-01-04 12:20:00,547.74
2021-01-04 12:20:00,547.74
2021-01-04 12:20:00,547.74
2021-01-04 12:20:00,547.74
2021-01-04 12:30:00,587.5
2021-01-04 12:30:00,587.5
2021-01-04 12:30:00,587.5
2021-01-04 12:30:00,587.5
2021-01-04 12:30:00,587.5
2021-01-04 12:30:00,587.5
2021-01-04 12:40:00,512.88
2021-01-04 12:40:00,512.88
2021-01-04 12:40:00,512.88
2021-01-04 12:40:00,512.88
2021-01-04 12:40:00,512.88
2021-01-04 12:40:00,512.88
2021-01-04 12:50:00,582.9
2021-01-04 12:50:00,582.9
2021-01-04 12:50:00,582.9
2021-01-04 12:50:00,582.9
2021-01-04 12:50:00,582.9
2021-01-04 12:50:00,582.9
2021-01-04 13:00:00,516.26
2021-01-04 13:00:00,516.26
2021-01-04 13:00:00,516.26
2021-01-04 13:00:00,516.26
2021-01-04 13:00:00,516.26
2021-01-04 13:00:00,516.26
2021-01-04 13:10:00,608.79
2021-01-04 13:10:00,608.79
2021-01-04 13:10:00,608.79
2021-01-04 13:10:00,608.79
2021-01-04 13:10:00,608.79
2021-01-04 13:10:00,608.79
2021-01-04 13:20:00,628.64
2021-01-04 13:20:00,628.64
2021-01-04 13:20:00,628.64
2021-01-04 13:20:00,628.64
2021-01-04 13:20:00,628.64
2021-01-04 13:20:00,628.64
2021-01-04 13:30:00,501.66
2021-01-04 13:30:00,501.66
2021-01-04 13:30:00,501.66
2021-01-04 13:30:00,501.66
2021-01-04 13:30:00,501.66
2021-01-04 13:30:00,501.66
2021-01-04 13:40:00,614.05
2021-01-04 13:40:00,614.05
2021-01-04 13:40:00,614.05
2021-01-04 13:40:00,614.05
2021-01-04 13:40:00,614.05
2021-01-04 13:40:00,614.05
2021-01-04 13:50:00,645.68
2021-01-04 13:50:00,645.68
2021-01-04 13:50:00,645.68
2021-01-04 13:50:00,645.68
2021-01-04 13:50:00,645.68
2021-01-04 13:50:00,645.68
2021-01-04 14:00:00,446.88
2021-01-04 14:00:00,446.88
2021-01-04 14:00:00,446.88
2021-01-04 14:00:00,446.88
2021-01-04 14:00:00,446.88
2021-01-04 14:00:00,446.88
2021-01-04 14:10:00,487.01
2021-01-04 14:10:00,487.01
2021-01-04 14:10:00,487.01
2021-01-04 14:10:00,487.01
2021-01-04 14:10:00,487.01
2021-01-04 14:10:00,487.01
2021-01-04 14:20:00,427.91
2021-01-04 14:20:00,427.91
2021-01-04 14:20:00,427.91
2021-01-04 14:20:00,427.91
2021-01-04 14:20:00,427.91
2021-01-04 14:20:00,427.91
2021-01-04 14:30:00,498.23
2021-01-04 14:30:00,498.23
2021-01-04 14:30:00,498.23
2021-01-04 14:30:00,498.23
2021-01-04 14:30:00,498.23
2021-01-04 14:30:00,498.23
2021-01-04 14:40:00,476.3
2021-01-04 14:40:00,476.3
2021-01-04 14:40:00,476.3
2021-01-04 14:40:00,476.3
2021-01-04 14:40:00,476.3
2021-01-04 14:40:00,476.3
2021-01-04 14:50:00,364.24
2021-01-04 14:50:00,364.24
2021-01-04 14:50:00,364.24
2021-01-04 14:50:00,364.24
2021-01-04 14:50:00,364.24
2021-01-04 14:50:00,364.24
2021-01-04 15:00:00,359.55
2021-01-04 15:00:00,359.55
2021-01-04 15:00:00,359.55
2021-01-04 15:00:00,359.55
2021-01-04 15:00:00,359.55
2021-01-04 15:00:00,359.55
2021-01-04 15:10:00,321.93
2021-01-04 15:10:00,321.93
2021-01-04 15:10:00,321.93
2021-01-04 15:10:00,321.93
2021-01-04 15:10:00,321.93
2021-01-04 15:10:00,321.93
2021-01-04 15:20:00,306.32
2021-01-04 15:20:00,306.32
2021-01-04 15:20:00,306.32
2021-01-04 15:20:00,306.32
2021-01-04 15:20:00,306.32
2021-01-04 15:20:00,306.32
2021-01-04 15:30:00,256.19
2021-01-04 15:30:00,256.19
2021-01-04 15:30:00,256.19
2021-01-04 15:30:00,256.19
2021-01-04 15:30:00,256.19
2021-01-04 15:30:00,256.19
2021-01-04 15:40:00,228.95
2021-01-04 15:40:00,228.95
2021-01-04 15:40:00,228.95
2021-01-04 15:40:00,228.95
2021-01-04 15:40:00,228.95
2021-01-04 15:40:00,228.95
2021-01-04 15:50:00,284.76
2021-01-04 15:50:00,284.76
2021-01-04 15:50:00,284.76
2021-01-04 15:50:00,284.76
2021-01-04 15:50:00,284.76
2021-01-04 15:50:00,284.76
2021-01-04 16:00:00,208.07
2021-01-04 16:00:00,208.07
2021-01-04 16:00:00,208.07
2021-01-04 16:00:00,208.07
2021-01-04 16:00:00,208.07
2021-01-04 16:00:00,208.07
2021-01-04 16:10:00,226.15
2021-01-04 16:10:00,226.15
2021-01-04 16:10:00,226.15
2021-01-04 16:10:00,226.15
2021-01-04 16:10:00,226.15
2021-01-04 16:10:00,226.15
2021-01-04 16:20:00,243.44
2021-01-04 16:20:00,243.44
2021-01-04 16:20:00,243.44
2021-01-04 16:20:00,243.44
2021-01-04 16:20:00,243.44
2021-01-04 16:20:00,243.44
2021-01-04 16:30:00,200.86
2021-01-04 16:30:00,200.86
2021-01-04 16:30:00,200.86
2021-01-04 16:30:00,200.86
2021-01-04 16:30:00,200.86
2021-01-04 16:30:00,200.86
2021-01-04 16:40:00,209.12
2021-01-04 16:40:00,209.12
2021-01-04 16:40:00,209.12
2021-01-04 16:40:00,209.12
2021-01-04 16:40:00,209.12
2021-01-04 16:40:00,209.12
2021-01-04 16:50:00,230.59
2021-01-04 16:50:00,230.59
2021-01-04 16:50:00,230.59
2021-01-04 16:50:00,230.59
2021-01-04 16:50:00,230.59
2021-01-04 16:50:00,230.59
2021-01-04 17:00:00,256.5
2021-01-04 17:00:00,256.5
2021-01-04 17:00:00,256.5
2021-01-04 17:00:00,256.5
2021-01-04 17:00:00,256.5
2021-01-04 17:00:00,256.5
2021-01-04 17:10:00,205.38
2021-01-04 17:10:00,205.38
2021-01-04 17:10:00,205.38
2021-01-04 17:10:00,205.38
2021-01-04 17:10:00,205.38
2021-01-04 17:10:00,205.38
2021-01-04 17:20:00,218.13
2021-01-04 17:20:00,218.13
2021-01-04 17:20:00,218.13
2021-01-04 17:20:00,218.13
2021-01-04 17:20:00,218.13
2021-01-04 17:20:00,218.13
2021-01-04 17:30:00,204.94
2021-01-04 17:30:00,204.94
2021-01-04 17:30:00,204.94
2021-01-04 17:30:00,204.94
2021-01-04 17:30:00,204.94
2021-01-04 17:30:00,204.94
2021-01-04 17:40:00,196.67
2021-01-04 17:40:00,196.67
2021-01-04 17:40:00,196.67
2021-01-04 17:40:00,196.67
2021-01-04 17:40:00,196.67
2021-01-04 17:40:00,196.67
2021-01-04 17:50:00,235.62
2021-01-04 17:50:00,235.62
2021-01-04 17:50:00,235.62
2021-01-04 17:50:00,235.62
2021-01-04 17:50:00,235.62
2021-01-04 17:50:00,235.62
2021-01-04 18:00:00,223.12
2021-01-04 18:00:00,223.12
2021-01-04 18:00:00,223.12
2021-01-04 18:00:00,223.12
2021-01-04 18:00:00,223.12
2021-01-04 18:00:00,223.12
2021-01-04 18:10:00,268.59
2021-01-04 18:10:00,268.59
2021-01-04 18:10:00,268.59
2021-01-04 18:10:00,268.59
2021-01-04 18:10:00,268.59
2021-01-04 18:10:00,268.59
2021-01-04 18:20:00,287.57
2021-01-04 18:20:00,287.57
2021-01-04 18:20:00,287.57
2021-01-04 18:20:00,287.57
2021-01-04 18:20:00,287.57
2021-01-04 18:20:00,287.57
2021-01-04 18:30:00,237.62
2021-01-04 18:30:00,237.62
2021-01-04 18:30:00,237.62
2021-01-04 18:30:00,237.62
2021-01-04 18:30:00,237.62
2021-01-04 18:30:00,237.62
2021-01-04 18:40:00,298.9
2021-01-04 18:40:00,298.9
2021-01-04 18:40:00,298.9
2021-01-04 18:40:00,298.9
2021-01-04 18:40:00,298.9
2021-01-04 18:40:00,298.9
2021-01-04 18:50:00,284.0
2021-01-04 18:50:00,284.0
2021-01-04 18:50:00,284.0
2021-01-04 18:50:00,284.0
2021-01-04 18:50:00,284.0
2021-01-04 18:50:00,284.0
2021-01-04 19:00:00,381.27
2021-01-04 19:00:00,381.27
2021-01-04 19:00:00,381.27
2021-01-04 19:00:00,381.27
2021-01-04 19:00:00,381.27
2021-01-04 19:00:00,381.27
2021-01-04 19:10:00,302.57
2021-01-04 19:10:00,302.57
2021-01-04 19:10:00,302.57
2021-01-04 19:10:00,302.57
2021-01-04 19:10:00,302.57
2021-01-04 19:10:00,302.57
2021-01-04 19:20:00,267.15
2021-01-04 19:20:00,267.15
2021-01-04 19:20:00,267.15
2021-01-04 19:20:00,267.15
2021-01-04 19:20:00,267.15
2021-01-04 19:20:00,267.15
2021-01-04 19:30:00,257.67
2021-01-04 19:30:00,257.67
2021-01-04 19:30:00,257.67
2021-01-04 19:30:00,257.67
2021-01-04 19:30:00,257.67
2021-01-04 19:30:00,257.67
2021-01-04 19:40:00,243.74
2021-01-04 19:40:00,243.74
2021-01-04 19:40:00,243.74
2021-01-04 19:40:00,243.74
2021-01-04 19:40:00,243.74
2021-01-04 19:40:00,243.74
2021-01-04 19:50:00,235.97
2021-01-04 19:50:00,235.97
2021-01-04 19:50:00,235.97
2021-01-04 19:50:00,235.97
2021-01-04 19:50:00,235.97
2021-01-04 19:50:00,235.97
2021-01-04 20:00:00,167.08
2021-01-04 20:00:00,167.08
2021-01-04 20:00:00,167.08
2021-01-04 20:00:00,167.08
2021-01-04 20:00:00,167.08
2021-01-04 20:00:00,167.08
2021-01-04 20:10:00,176.72
2021-01-04 20:10:00,176.72
2021-01-04 20:10:00,176.72
2021-01-04 20:10:00,176.72
2021-01-04 20:10:00,176.72
2021-01-04 20:10:00,176.72
2021-01-04 20:20:00,210.82
2021-01-04 20:20:00,210.82
2021-01-04 20:20:00,210.82
2021-01-04 20:20:00,210.82
2021-01-04 20:20:00,210.82
2021-01-04 20:20:00,210.82
2021-01-04 20:30:00,174.96
2021-01-04 20:30:00,174.96
2021-01-04 20:30:00,174.96
2021-01-04 20:30:00,174.96
2021-01-04 20:30:00,174.96
2021-01-04 20:30:00,174.96
2021-01-04 20:40:00,157.42
2021-01-04 20:40:00,157.42
2021-01-04 20:40:00,157.42
2021-01-04 20:40:00,157.42
2021-01-04 20:40:00,157.42
2021-01-04 20:40:00,157.42
2021-01-04 20:50:00,181.6
2021-01-04 20:50:00,181.6
2021-01-04 20:50:00,181.6
2021-01-04 20:50:00,181.6
2021-01-04 20:50:00,181.6
2021-01-04 20:50:00,181.6
2021-01-04 21:00:00,169.63
2021-01-04 21:00:00,169.63
2021-01-04 21:00:00,169.63
2021-01-04 21:00:00,169.63
2021-01-04 21:00:00,169.63
2021-01-04 21:00:00,169.63
2021-01-04 21:10:00,174.16
2021-01-04 21:10:00,174.16
2021-01-04 21:10:00,174.16
2021-01-04 21:10:00,174.16
2021-01-04 21:10:00,174.16
2021-01-04 21:10:00,174.16
2021-01-04 21:20:00,178.72
2021-01-04 21:20:00,178.72
2021-01-04 21:20:00,178.72
2021-01-04 21:20:00,178.72
2021-01-04 21:20:00,178.72
2021-01-04 21:20:00,178.72
2021-01-04 21:30:00,190.51
2021-01-04 21:30:00,190.51
2021-01-04 21:30:00,190.51
2021-01-04 21:30:00,190.51
2021-01-04 21:30:00,190.51
2021-01-04 21:30:00,190.51
2021-01-04 21:40:00,161.66
2021-01-04 21:40:00,161.66
2021-01-04 21:40:00,161.66
2021-01-04 21:40:00,161.66
2021-01-04 21:40:00,161.66
2021-01-04 21:40:00,161.66
2021-01-04 21:50:00,147.02
2021-01-04 21:50:00,147.02
2021-01-04 21:50:00,147.02
2021-01-04 21:50:00,147.02
2021-01-04 21:50:00,147.02
2021-01-04 21:50:00,147.02
2021-01-04 22:00:00,123.25
2021-01-04 22:00:00,123.25
2021-01-04 22:00:00,123.25
2021-01-04 22:00:00,123.25
2021-01-04 22:00:00,123.25
2021-01-04 22:00:00,123.25
2021-01-04 22:10:00,109.66
2021-01-04 22:10:00,109.66
2021-01-04 22:10:00,109.66
2021-01-04 22:10:00,109.66
2021-01-04 22:10:00,109.66
2021-01-04 22:10:00,109.66
2021-01-04 22:20:00,81.89
2021-01-04 22:20:00,81.89
2021-01-04 22:20:00,81.89
2021-01-04 22:20:00,81.89
2021-01-04 22:20:00,81.89
2021-01-04 22:20:00,81.89
2021-01-04 22:30:00,83.93
2021-01-04 22:30:00,83.93
2021-01-04 22:30:00,83.93
2021-01-04 22:30:00,83.93
2021-01-04 22:30:00,83.93
2021-01-04 22:30:00,83.93
2021-01-04 22:40:00,86.12
2021-01-04 22:40:00,86.12
2021-01-04 22:40:00,86.12
2021-01-04 22:40:00,86.12
2021-01-04 22:40:00,86.12
2021-01-04 22:40:00,86.12
2021-01-04 22:50:00,41.79
2021-01-04 22:50:00,41.79
2021-01-04 22:50:00,41.79
2021-01-04 22:50:00,41.79
2021-01-04 22:50:00,41.79
2021-01-04 22:50:00,41.79
2021-01-04 23:00:00,34.13
2021-01-04 23:00:00,34.13
2021-01-04 23:00:00,34.13
2021-01-04 23:00:00,34.13
2021-01-04 23:00:00,34.13
2021-01-04 23:00:00,34.13
2021-01-04 23:10:00,39.01
2021-01-04 23:10:00,39.01
2021-01-04 23:10:00,39.01
2021-01-04 23:10:00,39.01
2021-01-04 23:10:00,39.01
2021-01-04 23:10:00,39.01
2021-01-04 23:20:00,54.41
2021-01-04 23:20:00,54.41
2021-01-04 23:20:00,54.41
2021-01-04 23:20:00,54.41
2021-01-04 23:20:00,54.41
2021-01-04 23:20:00,54.41
2021-01-04 23:30:00,27.13
2021-01-04 23:30:00,27.13
2021-01-04 23:30:00,27.13
2021-01-04 23:30:00,27.13
2021-01-04 23:30:00,27.13
2021-01-04 23:30:00,27.13
2021-01-04 23:40:00,0.0
2021-01-04 23:40:00,0.0
2021-01-04 23:40:00,0.0
2021-01-04 23:40:00,0.0
2021-01-04 23:40:00,0.0
2021-01-04 23:40:00,0.0
2021-01-04 23:50:00,1.54
2021-01-04 23:50:00,1.54
2021-01-04 23:50:00,1.54
2021-01-04 23:50:00,1.54
2021-01-04 23:50:00,1.54
2021-01-04 23:50:00,1.54
2021-01-05 00:00:00,0.0
2021-01-05 00:00:00,0.0
2021-01-05 00:00:00,0.0
2021-01-05 00:00:00,0.0
2021-01-05 00:00:00,0.0
2021-01-05 00:00:00,0.0
2021-01-05 00:10:00,0.0
2021-01-05 00:10:00,0.0
2021-01-05 00:10:00,0.0
2021-01-05 00:10:00,0.0
2021-01-05 00:10:00,0.0
2021-01-05 00:10:00,0.0
2021-01-05 00:20:00,0.0
2021-01-05 00:20:00,0.0
2021-01-05 00:20:00,0.0
2021-01-05 00:20:00,0.0
2021-01-05 00:20:00,0.0
2021-01-05 00:20:00,0.0
2021-01-05 00:30:00,0.0
2021-01-05 00:30:00,0.0
2021-01-05 00:30:00,0.0
2021-01-05 00:30:00,0.0
2021-01-05 00:30:00,0.0
2021-01-05 00:30:00,0.0
2021-01-05 00:40:00,0.0
2021-01-05 00:40:00,0.0
2021-01-05 00:40:00,0.0
2021-01-05 00:40:00,0.0
2021-01-05 00:40:00,0.0
2021-01-05 00:40:00,0.0
2021-01-05 00:50:00,0.0
2021-01-05 00:50:00,0.0
2021-01-05 00:50:00,0.0
2021-01-05 00:50:00,0.0
2021-01-05 00:50:00,0.0
2021-01-05 00:50:00,0.0
2021-01-05 01:00:00,0.0
2021-01-05 01:00:00,0.0
2021-01-05 01:00:00,0.0
2021-01-05 01:00:00,0.0
2021-01-05 01:00:00,0.0
2021-01-05 01:00:00,0.0
2021-01-05 01:10:00,0.0
2021-01-05 01:10:00,0.0
2021-01-05 01:10:00,0.0
2021-01-05 01:10:00,0.0
2021-01-05 01:10:00,0.0
2021-01-05 01:10:00,0.0
2021-01-05 01:20:00,0.0
2021-01-05 01:20:00,0.0
2021-01-05 01:20:00,0.0
2021-01-05 01:20:00,0.0
2021-01-05 01:20:00,0.0
2021-01-05 01:20:00,0.0
2021-01-05 01:30:00,0.0
2021-01-05 01:30:00,0.0
2021-01-05 01:30:00,0.0
2021-01-05 01:30:00,0.0
2021-01-05 01:30:00,0.0
2021-01-05 01:30:00,0.0
2021-01-05 01:40:00,0.0
2021-01-05 01:40:00,0.0
2021-01-05 01:40:00,0.0
2021-01-05 01:40:00,0.0
2021-01-05 01:40:00,0.0
2021-01-05 01:40:00,0.0
2021-01-05 01:50:00,0.0
2021-01-05 01:50:00,0.0
2021-01-05 01:50:00,0.0
2021-01-05 01:50:00,0.0
2021-01-05 01:50:00,0.0
2021-01-05 01:50:00,0.0
2021-01-05 02:00:00,0.0
2021-01-05 02:00:00,0.0
2021-01-05 02:00:00,0.0
2021-01-05 02:00:00,0.0
2021-01-05 02:00:00,0.0
2021-01-05 02:00:00,0.0
2021-01-05 02:10:00,0.0
2021-01-05 02:10:00,0.0
2021-01-05 02:10:00,0.0
2021-01-05 02:10:00,0.0
2021-01-05 02:10:00,0.0
2021-01-05 02:10:00,0.0
2021-01-05 02:20:00,0.0
2021-01-05 02:20:00,0.0
2021-01-05 02:20:00,0.0
2021-01-05 02:20:00,0.0
2021-01-05 02:20:00,0.0
2021-01-05 02:20:00,0.0
2021-01-05 02:30:00,0.0
2021-01-05 02:30:00,0.0
2021-01-05 02:30:00,0.0
2021-01-05 02:30:00,0.0
2021-01-05 02:30:00,0.0
2021-01-05 02:30:00,0.0
2021-01-05 02:40:00,0.0
2021-01-05 02:40:00,0.0
2021-01-05 02:40:00,0.0
2021-01-05 02:40:00,0.0
2021-01-05 02:40:00,0.0
2021-01-05 02:40:00,0.0
2021-01-05 02:50:00,0.0
2021-01-05 02:50:00,0.0
2021-01-05 02:50:00,0.0
2021-01-05 02:50:00,0.0
2021-01-05 02:50:00,0.0
2021-01-05 02:50:00,0.0
2021-01-05 03:00:00,0.0
2021-01-05 03:00:00,0.0
2021-01-05 03:00:00,0.0
2021-01-05 03:00:00,0.0
2021-01-05 03:00:00,0.0
2021-01-05 03:00:00,0.0
2021-01-05 03:10:00,0.0
2021-01-05 03:10:00,0.0
2021-01-05 03:10:00,0.0
2021-01-05 03:10:00,0.0
2021-01-05 03:10:00,0.0
2021-01-05 03:10:00,0.0
2021-01-05 03:20:00,0.0
2021-01-05 03:20:00,0.0
2021-01-05 03:20:00,0.0
2021-01-05 03:20:00,0.0
2021-01-05 03:20:00,0.0
2021-01-05 03:20:00,0.0
2021-01-05 03:30:00,0.0
2021-01-05 03:30:00,0.0
2021-01-05 03:30:00,0.0
2021-01-05 03:30:00,0.0
2021-01-05 03:30:00,0.0
2021-01-05 03:30:00,0.0
2021-01-05 03:40:00,0.0
2021-01-05 03:40:00,0.0
2021-01-05 03:40:00,0.0
2021-01-05 03:40:00,0.0
2021-01-05 03:40:00,0.0
2021-01-05 03:40:00,0.0
2021-01-05 03:50:00,0.0
2021-01-05 03:50:00,0.0
2021-01-05 03:50:00,0.0
2021-01-05 03:50:00,0.0
2021-01-05 03:50:00,0.0
2021-01-05 03:50:00,0.0
2021-01-05 04:00:00,0.0
2021-01-05 04:00:00,0.0
2021-01-05 04:00:00,0.0
2021-01-05 04:00:00,0.0
2021-01-05 04:00:00,0.0
2021-01-05 04:00:00,0.0
2021-01-05 04:10:00,0.0
2021-01-05 04:10:00,0.0
2021-01-05 04:10:00,0.0
2021-01-05 04:10:00,0.0
2021-01-05 04:10:00,0.0
2021-01-05 04:10:00,0.0
2021-01-05 04:20:00,0.0
2021-01-05 04:20:00,0.0
2021-01-05 04:20:00,0.0
2021-01-05 04:20:00,0.0
2021-01-05 04:20:00,0.0
2021-01-05 04:20:00,0.0
2021-01-05 04:30:00,0.0
2021-01-05 04:30:00,0.0
2021-01-05 04:30:00,0.0
2021-01-05 04:30:00,0.0
2021-01-05 04:30:00,0.0
2021-01-05 04:30:00,0.0
2021-01-05 04:40:00,0.0
2021-01-05 04:40:00,0.0
2021-01-05 04:40:00,0.0
2021-01-05 04:40:00,0.0
2021-01-05 04:40:00,0.0
2021-01-05 04:40:00,0.0
2021-01-05 04:50:00,0.0
2021-01-05 04:50:00,0.0
2021-01-05 04:50:00,0.0
2021-01-05 04:50:00,0.0
2021-01-05 04:50:00,0.0
2021-01-05 04:50:00,0.0
2021-01-05 05:00:00,0.0
2021-01-05 05:00:00,0.0
2021-01-05 05:00:00,0.0
2021-01-05 05:00:00,0.0
2021-01-05 05:00:00,0.0
2021-01-05 05:00:00,0.0
2021-01-05 05:10:00,0.0
2021-01-05 05:10:00,0.0
2021-01-05 05:10:00,0.0
2021-01-05 05:10:00,0.0
2021-01-05 05:10:00,0.0
2021-01-05 05:10:00,0.0
2021-01-05 05:20:00,0.0
2021-01-05 05:20:00,0.0
2021-01-05 05:20:00,0.0
2021-01-05 05:20:00,0.0
2021-01-05 05:20:00,0.0
2021-01-05 05:20:00,0.0
2021-01-05 05:30:00,0.0
2021-01-05 05:30:00,0.0
2021-01-05 05:30:00,0.0
2021-01-05 05:30:00,0.0
2021-01-05 05:30:00,0.0
2021-01-05 05:30:00,0.0
2021-01-05 05:40:00,0.0
2021-01-05 05:40:00,0.0
2021-01-05 05:40:00,0.0
2021-01-05 05:40:00,0.0
2021-01-05 05:40:00,0.0
2021-01-05 05:40:00,0.0
2021-01-05 05:50:00,0.0
2021-01-05 05:50:00,0.0
2021-01-05 05:50:00,0.0
2021-01-05 05:50:00,0.0
2021-01-05 05:50:00,0.0
2021-01-05 05:50:00,0.0
2021-01-05 06:00:00,0.0
2021-01-05 06:00:00,0.0
2021-01-05 06:00:00,0.0
2021-01-05 06:00:00,0.0
2021-01-05 06:00:00,0.0
2021-01-05 06:00:00,0.0
2021-01-05 06:10:00,0.0
2021-01-05 06:10:00,0.0
2021-01-05 06:10:00,0.0
2021-01-05 06:10:00,0.0
2021-01-05 06:10:00,0.0
2021-01-05 06:10:00,0.0
2021-01-05 06:20:00,0.0
2021-01-05 06:20:00,0.0
2021-01-05 06:20:00,0.0
2021-01-05 06:20:00,0.0
2021-01-05 06:20:00,0.0
2021-01-05 06:20:00,0.0
2021-01-05 06:30:00,0.0
2021-01-05 06:30:00,0.0
2021-01-05 06:30:00,0.0
2021-01-05 06:30:00,0.0
2021-01-05 06:30:00,0.0
2021-01-05 06:30:00,0.0
2021-01-05 06:40:00,0.0
2021-01-05 06:40:00,0.0
2021-01-05 06:40:00,0.0
2021-01-05 06:40:00,0.0
2021-01-05 06:40:00,0.0
2021-01-05 06:40:00,0.0
2021-01-05 06:50:00,0.0
2021-01-05 06:50:00,0.0
2021-01-05 06:50:00,0.0
2021-01-05 06:50:00,0.0
2021-01-05 06:50:00,0.0
2021-01-05 06:50:00,0.0
2021-01-05 07:00:00,0.0
2021-01-05 07:00:00,0.0
2021-01-05 07:00:00,0.0
2021-01-05 07:00:00,0.0
2021-01-05 07:00:00,0.0
2021-01-05 07:00:00,0.0
2021-01-05 07:10:00,0.0
2021-01-05 07:10:00,0.0
2021-01-05 07:10:00,0.0
2021-01-05 07:10:00,0.0
2021-01-05 07:10:00,0.0
2021-01-05 07:10:00,0.0
2021-01-05 07:20:00,0.0
2021-01-05 07:20:00,0.0
2021-01-05 07:20:00,0.0
2021-01-05 07:20:00,0.0
2021-01-05 07:20:00,0.0
2021-01-05 07:20:00,0.0
2021-01-05 07:30:00,0.0
2021-01-05 07:30:00,0.0
2021-01-05 07:30:00,0.0
2021-01-05 07:30:00,0.0
2021-01-05 07:30:00,0.0
2021-01-05 07:30:00,0.0
2021-01-05 07:40:00,0.0
2021-01-05 07:40:00,0.0
2021-01-05 07:40:00,0.0
2021-01-05 07:40:00,0.0
2021-01-05 07:40:00,0.0
2021-01-05 07:40:00,0.0
2021-01-05 07:50:00,0.0
2021-01-05 07:50:00,0.0
2021-01-05 07:50:00,0.0
2021-01-05 07:50:00,0.0
2021-01-05 07:50:00,0.0
2021-01-05 07:50:00,0.0
2021-01-05 08:00:00,0.0
2021-01-05 08:00:00,0.0
2021-01-05 08:00:00,0.0
2021-01-05 08:00:00,0.0
2021-01-05 08:00:00,0.0
2021-01-05 08:00:00,0.0
2021-01-05 08:10:00,0.0
2021-01-05 08:10:00,0.0
2021-01-05 08:10:00,0.0
2021-01-05 08:10:00,0.0
2021-01-05 08:10:00,0.0
2021-01-05 08:10:00,0.0
2021-01-05 08:20:00,0.0
2021-01-05 08:20:00,0.0
2021-01-05 08:20:00,0.0
2021-01-05 08:20:00,0.0
2021-01-05 08:20:00,0.0
2021-01-05 08:20:00,0.0
2021-01-05 08:30:00,0.0
2021-01-05 08:30:00,0.0
2021-01-05 08:30:00,0.0
2021-01-05 08:30:00,0.0
2021-01-05 08:30:00,0.0
2021-01-05 08:30:00,0.0
2021-01-05 08:40:00,0.0
2021-01-05 08:40:00,0.0
2021-01-05 08:40:00,0.0
2021-01-05 08:40:00,0.0
2021-01-05 08:40:00,0.0
2021-01-05 08:40:00,0.0
2021-01-05 08:50:00,0.0
2021-01-05 08:50:00,0.0
2021-01-05 08:50:00,0.0
2021-01-05 08:50:00,0.0
2021-01-05 08:50:00,0.0
2021-01-05 08:50:00,0.0
2021-01-05 09:00:00,0.0
2021-01-05 09:00:00,0.0
2021-01-05 09:00:00,0.0
2021-01-05 09:00:00,0.0
2021-01-05 09:00:00,0.0
2021-01-05 09:00:00,0.0
2021-01-05 09:10:00,0.0
2021-01-05 09:10:00,0.0
2021-01-05 09:10:00,0.0
2021-01-05 09:10:00,0.0
2021-01-05 09:10:00,0.0
2021-01-05 09:10:00,0.0
2021-01-05 09:20:00,0.0
2021-01-05 09:20:00,0.0
2021-01-05 09:20:00,0.0
2021-01-05 09:20:00,0.0
2021-01-05 09:20:00,0.0
2021-01-05 09:20:00,0.0
2021-01-05 09:30:00,0.0
2021-01-05 09:30:00,0.0
2021-01-05 09:30:00,0.0
2021-01-05 09:30:00,0.0
2021-01-05 09:30:00,0.0
2021-01-05 09:30:00,0.0
2021-01-05 09:40:00,0.0
2021-01-05 09:40:00,0.0
2021-01-05 09:40:00,0.0
2021-01-05 09:40:00,0.0
2021-01-05 09:40:00,0.0
2021-01-05 09:40:00,0.0
2021-01-05 09:50:00,0.0
2021-01-05 09:50:00,0.0
2021-01-05 09:50:00,0.0
2021-01-05 09:50:00,0.0
2021-01-05 09:50:00,0.0
2021-01-05 09:50:00,0.0
2021-01-05 10:00:00,0.0
2021-01-05 10:00:00,0.0
2021-01-05 10:00:00,0.0
2021-01-05 10:00:00,0.0
2021-01-05 10:00:00,0.0
2021-01-05 10:00:00,0.0
2021-01-05 10:10:00,0.0
2021-01-05 10:10:00,0.0
2021-01-05 10:10:00,0.0
2021-01-05 10:10:00,0.0
2021-01-05 10:10:00,0.0
2021-01-05 10:10:00,0.0
2021-01-05 10:20:00,0.0
2021-01-05 10:20:00,0.0
2021-01-05 10:20:00,0.0
2021-01-05 10:20:00,0.0
2021-01-05 10:20:00,0.0
2021-01-05 10:20:00,0.0
2021-01-05 10:30:00,0.0
2021-01-05 10:30:00,0.0
2021-01-05 10:30:00,0.0
2021-01-05 10:30:00,0.0
2021-01-05 10:30:00,0.0
2021-01-05 10:30:00,0.0
2021-01-05 10:40:00,0.0
2021-01-05 10:40:00,0.0
2021-01-05 10:40:00,0.0
2021-01-05 10:40:00,0.0
2021-01-05 10:40:00,0.0
2021-01-05 10:40:00,0.0
2021-01-05 10:50:00,0.0
2021-01-05 10:50:00,0.0
2021-01-05 10:50:00,0.0
2021-01-05 10:50:00,0.0
2021-01-05 10:50:00,0.0
2021-01-05 10:50:00,0.0
2021-01-05 11:00:00,0.0
2021-01-05 11:00:00,0.0
2021-01-05 11:00:00,0.0
2021-01-05 11:00:00,0.0
2021-01-05 11:00:00,0.0
2021-01-05 11:00:00,0.0
2021-01-05 11:10:00,0.0
2021-01-05 11:10:00,0.0
2021-01-05 11:10:00,0.0
2021-01-05 11:10:00,0.0
2021-01-05 11:10:00,0.0
2021-01-05 11:10:00,0.0
2021-01-05 11:20:00,0.0
2021-01-05 11:20:00,0.0
2021-01-05 11:20:00,0.0
2021-01-05 11:20:00,0.0
2021-01-05 11:20:00,0.0
2021-01-05 11:20:00,0.0
2021-01-05 11:30:00,0.0
2021-01-05 11:30:00,0.0
2021-01-05 11:30:00,0.0
2021-01-05 11:30:00,0.0
2021-01-05 11:30:00,0.0
2021-01-05 11:30:00,0.0
2021-01-05 11:40:00,0.0
2021-01-05 11:40:00,0.0
2021-01-05 11:40:00,0.0
2021-01-05 11:40:00,0.0
2021-01-05 11:40:00,0.0
2021-01-05 11:40:00,0.0
2021-01-05 11:50:00,0.0
2021-01-05 11:50:00,0.0
2021-01-05 11:50:00,0.0
2021-01-05 11:50:00,0.0
2021-01-05 11:50:00,0.0
2021-01-05 11:50:00,0.0
2021-01-05 12:00:00,0.0
2021-01-05 12:00:00,0.0
2021-01-05 12:00:00,0.0
2021-01-05 12:00:00,0.0
2021-01-05 12:00:00,0.0
2021-01-05 12:00:00,0.0
2021-01-05 12:10:00,0.0
2021-01-05 12:10:00,0.0
2021-01-05 12:10:00,0.0
2021-01-05 12:10:00,0.0
2021-01-05 12:10:00,0.0
2021-01-05 12:10:00,0.0
2021-01-05 12:20:00,0.0
2021-01-05 12:20:00,0.0
2021-01-05 12:20:00,0.0
2021-01-05 12:20:00,0.0
2021-01-05 12:20:00,0.0
2021-01-05 12:20:00,0.0
2021-01-05 12:30:00,18.11
2021-01-05 12:30:00,18.11
2021-01-05 12:30:00,18.11
2021-01-05 12:30:00,18.11
2021-01-05 12:30:00,18.11
2021-01-05 12:30:00,18.11
2021-01-05 12:40:00,85.39
2021-01-05 12:40:00,85.39
2021-01-05 12:40:00,85.39
2021-01-05 12:40:00,85.39
2021-01-05 12:40:00,85.39
2021-01-05 12:40:00,85.39
2021-01-05 12:50:00,108.13
2021-01-05 12:50:00,108.13
2021-01-05 12:50:00,108.13
2021-01-05 12:50:00,108.13
2021-01-05 12:50:00,108.13
2021-01-05 12:50:00,108.13
2021-01-05 13:00:00,120.26
2021-01-05 13:00:00,120.26
2021-01-05 13:00:00,120.26
2021-01-05 13:00:00,120.26
2021-01-05 13:00:00,120.26
2021-01-05 13:00:00,120.26
2021-01-05 13:10:00,106.51
2021-01-05 13:10:00,106.51
2021-01-05 13:10:00,106.51
2021-01-05 13:10:00,106.51
2021-01-05 13:10:00,106.51
2021-01-05 13:10:00,106.51
2021-01-05 13:20:00,118.05
2021-01-05 13:20:00,118.05
2021-01-05 13:20:00,118.05
2021-01-05 13:20:00,118.05
2021-01-05 13:20:00,118.05
2021-01-05 13:20:00,118.05
2021-01-05 13:30:00,152.18
2021-01-05 13:30:00,152.18
2021-01-05 13:30:00,152.18
2021-01-05 13:30:00,152.18
2021-01-05 13:30:00,152.18
2021-01-05 13:30:00,152.18
2021-01-05 13:40:00,137.55
2021-01-05 13:40:00,137.55
2021-01-05 13:40:00,137.55
2021-01-05 13:40:00,137.55
2021-01-05 13:40:00,137.55
2021-01-05 13:40:00,137.55
2021-01-05 13:50:00,156.55
2021-01-05 13:50:00,156.55
2021-01-05 13:50:00,156.55
2021-01-05 13:50:00,156.55
2021-01-05 13:50:00,156.55
2021-01-05 13:50:00,156.55
2021-01-05 14:00:00,130.58
2021-01-05 14:00:00,130.58
2021-01-05 14:00:00,130.58
2021-01-05 14:00:00,130.58
2021-01-05 14:00:00,130.58
2021-01-05 14:00:00,130.58
2021-01-05 14:10:00,209.92
2021-01-05 14:10:00,209.92
2021-01-05 14:10:00,209.92
2021-01-05 14:10:00,209.92
2021-01-05 14:10:00,209.92
2021-01-05 14:10:00,209.92
2021-01-05 14:20:00,215.27
2021-01-05 14:20:00,215.27
2021-01-05 14:20:00,215.27
2021-01-05 14:20:00,215.27
2021-01-05 14:20:00,215.27
2021-01-05 14:20:00,215.27
2021-01-05 14:30:00,129.23
2021-01-05 14:30:00,129.23
2021-01-05 14:30:00,129.23
2021-01-05 14:30:00,129.23
2021-01-05 14:30:00,129.23
2021-01-05 14:30:00,129.23
2021-01-05 14:40:00,166.22
2021-01-05 14:40:00,166.22
2021-01-05 14:40:00,166.22
2021-01-05 14:40:00,166.22
2021-01-05 14:40:00,166.22
2021-01-05 14:40:00,166.22
2021-01-05 14:50:00,125.25
2021-01-05 14:50:00,125.25
2021-01-05 14:50:00,125.25
2021-01-05 14:50:00,125.25
2021-01-05 14:50:00,125.25
2021-01-05 14:50:00,125.25
2021-01-05 15:00:00,137.17
2021-01-05 15:00:00,137.17
2021-01-05 15:00:00,137.17
2021-01-05 15:00:00,137.17
2021-01-05 15:00:00,137.17
2021-01-05 15:00:00,137.17
2021-01-05 15:10:00,124.23
2021-01-05 15:10:00,124.23
2021-01-05 15:10:00,124.23
2021-01-05 15:10:00,124.23
2021-01-05 15:10:00,124.23
2021-01-05 15:10:00,124.23
2021-01-05 15:20:00,145.13
2021-01-05 15:20:00,145.13
2021-01-05 15:20:00,145.13
2021-01-05 15:20:00,145.13
2021-01-05 15:20:00,145.13
2021-01-05 15:20:00,145.13
2021-01-05 15:30:00,129.2
2021-01-05 15:30:00,129.2
2021-01-05 15:30:00,129.2
2021-01-05 15:30:00,129.2
2021-01-05 15:30:00,129.2
2021-01-05 15:30:00,129.2
2021-01-05 15:40:00,103.25
2021-01-05 15:40:00,103.25
2021-01-05 15:40:00,103.25
2021-01-05 15:40:00,103.25
2021-01-05 15:40:00,103.25
2021-01-05 15:40:00,103.25
2021-01-05 15:50:00,116.7
2021-01-05 15:50:00,116.7
2021-01-05 15:50:00,116.7
2021-01-05 15:50:00,116.7
2021-01-05 15:50:00,116.7
2021-01-05 15:50:00,116.7
2021-01-05 16:00:00,132.57
2021-01-05 16:00:00,132.57
2021-01-05 16:00:00,132.57
2021-01-05 16:00:00,132.57
2021-01-05 16:00:00,132.57
2021-01-05 16:00:00,132.57
2021-01-05 16:10:00,138.64
2021-01-05 16:10:00,138.64
2021-01-05 16:10:00,138.64
2021-01-05 16:10:00,138.64
2021-01-05 16:10:00,138.64
2021-01-05 16:10:00,138.64
2021-01-05 16:20:00,138.41
2021-01-05 16:20:00,138.41
2021-01-05 16:20:00,138.41
2021-01-05 16:20:00,138.41
2021-01-05 16:20:00,138.41
2021-01-05 16:20:00,138.41
2021-01-05 16:30:00,96.78
2021-01-05 16:30:00,96.78
2021-01-05 16:30:00,96.78
2021-01-05 16:30:00,96.78
2021-01-05 16:30:00,96.78
2021-01-05 16:30:00,96.78
2021-01-05 16:40:00,34.74
2021-01-05 16:40:00,34.74
2021-01-05 16:40:00,34.74
2021-01-05 16:40:00,34.74
2021-01-05 16:40:00,34.74
2021-01-05 16:40:00,34.74
2021-01-05 16:50:00,5.35
2021-01-05 16:50:00,5.35
2021-01-05 16:50:00,5.35
2021-01-05 16:50:00,5.35
2021-01-05 16:50:00,5.35
2021-01-05 16:50:00,5.35
2021-01-05 17:00:00,0.0
2021-01-05 17:00:00,0.0
2021-01-05 17:00:00,0.0
2021-01-05 17:00:00,0.0
2021-01-05 17:00:00,0.0
2021-01-05 17:00:00,0.0
2021-01-05 17:10:00,0.0
2021-01-05 17:10:00,0.0
2021-01-05 17:10:00,0.0
2021-01-05 17:10:00,0.0
2021-01-05 17:10:00,0.0
2021-01-05 17:10:00,0.0
2021-01-05 17:20:00,0.0
2021-01-05 17:20:00,0.0
2021-01-05 17:20:00,0.0
2021-01-05 17:20:00,0.0
2021-01-05 17:20:00,0.0
2021-01-05 17:20:00,0.0
2021-01-05 17:30:00,0.0
2021-01-05 17:30:00,0.0
2021-01-05 17:30:00,0.0
2021-01-05 17:30:00,0.0
2021-01-05 17:30:00,0.0
2021-01-05 17:30:00,0.0
2021-01-05 17:40:00,0.0
2021-01-05 17:40:00,0.0
2021-01-05 17:40:00,0.0
2021-01-05 17:40:00,0.0
2021-01-05 17:40:00,0.0
2021-01-05 17:40:00,0.0
2021-01-05 17:50:00,0.0
2021-01-05 17:50:00,0.0
2021-01-05 17:50:00,0.0
2021-01-05 17:50:00,0.0
2021-01-05 17:50:00,0.0
2021-01-05 17:50:00,0.0
2021-01-05 18:00:00,0.0
2021-01-05 18:00:00,0.0
2021-01-05 18:00:00,0.0
2021-01-05 18:00:00,0.0
2021-01-05 18:00:00,0.0
2021-01-05 18:00:00,0.0
2021-01-05 18:10:00,0.0
2021-01-05 18:10:00,0.0
2021-01-05 18:10:00,0.0
2021-01-05 18:10:00,0.0
2021-01-05 18:10:00,0.0
2021-01-05 18:10:00,0.0
2021-01-05 18:20:00,0.0
2021-01-05 18:20:00,0.0
2021-01-05 18:20:00,0.0
2021-01-05 18:20:00,0.0
2021-01-05 18:20:00,0.0
2021-01-05 18:20:00,0.0
2021-01-05 18:30:00,0.0
2021-01-05 18:30:00,0.0
2021-01-05 18:30:00,0.0
2021-01-05 18:30:00,0.0
2021-01-05 18:30:00,0.0
2021-01-05 18:30:00,0.0
2021-01-05 18:40:00,0.0
2021-01-05 18:40:00,0.0
2021-01-05 18:40:00,0.0
2021-01-05 18:40:00,0.0
2021-01-05 18:40:00,0.0
2021-01-05 18:40:00,0.0
2021-01-05 18:50:00,0.0
2021-01-05 18:50:00,0.0
2021-01-05 18:50:00,0.0
2021-01-05 18:50:00,0.0
2021-01-05 18:50:00,0.0
2021-01-05 18:50:00,0.0
2021-01-05 19:00:00,0.0
2021-01-05 19:00:00,0.0
2021-01-05 19:00:00,0.0
2021-01-05 19:00:00,0.0
2021-01-05 19:00:00,0.0
2021-01-05 19:00:00,0.0
2021-01-05 19:10:00,0.0
2021-01-05 19:10:00,0.0
2021-01-05 19:10:00,0.0
2021-01-05 19:10:00,0.0
2021-01-05 19:10:00,0.0
2021-01-05 19:10:00,0.0
2021-01-05 19:20:00,0.0
2021-01-05 19:20:00,0.0
2021-01-05 19:20:00,0.0
2021-01-05 19:20:00,0.0
2021-01-05 19:20:00,0.0
2021-01-05 19:20:00,0.0
2021-01-05 19:30:00,0.0
2021-01-05 19:30:00,0.0
2021-01-05 19:30:00,0.0
2021-01-05 19:30:00,0.0
2021-01-05 19:30:00,0.0
2021-01-05 19:30:00,0.0
2021-01-05 19:40:00,0.0
2021-01-05 19:40:00,0.0
2021-01-05 19:40:00,0.0
2021-01-05 19:40:00,0.0
2021-01-05 19:40:00,0.0
2021-01-05 19:40:00,0.0
2021-01-05 19:50:00,0.0
2021-01-05 19:50:00,0.0
2021-01-05 19:50:00,0.0
2021-01-05 19:50:00,0.0
2021-01-05 19:50:00,0.0
2021-01-05 19:50:00,0.0
2021-01-05 20:00:00,0.0
2021-01-05 20:00:00,0.0
2021-01-05 20:00:00,0.0
2021-01-05 20:00:00,0.0
2021-01-05 20:00:00,0.0
2021-01-05 20:00:00,0.0
2021-01-05 20:10:00,0.0
2021-01-05 20:10:00,0.0
2021-01-05 20:10:00,0.0
2021-01-05 20:10:00,0.0
2021-01-05 20:10:00,0.0
2021-01-05 20:10:00,0.0
2021-01-05 20:20:00,0.0
2021-01-05 20:20:00,0.0
2021-01-05 20:20:00,0.0
2021-01-05 20:20:00,0.0
2021-01-05 20:20:00,0.0
2021-01-05 20:20:00,0.0
2021-01-05 20:30:00,0.0
2021-01-05 20:30:00,0.0
2021-01-05 20:30:00,0.0
2021-01-05 20:30:00,0.0
2021-01-05 20:30:00,0.0
2021-01-05 20:30:00,0.0
2021-01-05 20:40:00,0.0
2021-01-05 20:40:00,0.0
2021-01-05 20:40:00,0.0
2021-01-05 20:40:00,0.0
2021-01-05 20:40:00,0.0
2021-01-05 20:40:00,0.0
2021-01-05 20:50:00,0.0
2021-01-05 20:50:00,0.0
2021-01-05 20:50:00,0.0
2021-01-05 20:50:00,0.0
2021-01-05 20:50:00,0.0
2021-01-05 20:50:00,0.0
2021-01-05 21:00:00,0.0
2021-01-05 21:00:00,0.0
2021-01-05 21:00:00,0.0
2021-01-05 21:00:00,0.0
2021-01-05 21:00:00,0.0
2021-01-05 21:00:00,0.0
2021-01-05 21:10:00,0.0
2021-01-05 21:10:00,0.0
2021-01-05 21:10:00,0.0
2021-01-05 21:10:00,0.0
2021-01-05 21:10:00,0.0
2021-01-05 21:10:00,0.0
2021-01-05 21:20:00,0.0
2021-01-05 21:20:00,0.0
2021-01-05 21:20:00,0.0
2021-01-05 21:20:00,0.0
2021-01-05 21:20:00,0.0
2021-01-05 21:20:00,0.0
2021-01-05 21:30:00,0.0
2021-01-05 21:30:00,0.0
2021-01-05 21:30:00,0.0
2021-01-05 21:30:00,0.0
2021-01-05 21:30:00,0.0
2021-01-05 21:30:00,0.0
2021-01-05 21:40:00,0.0
2021-01-05 21:40:00,0.0
2021-01-05 21:40:00,0.0
2021-01-05 21:40:00,0.0
2021-01-05 21:40:00,0.0
2021-01-05 21:40:00,0.0
2021-01-05 21:50:00,0.0
2021-01-05 21:50:00,0.0
2021-01-05 21:50:00,0.0
2021-01-05 21:50:00,0.0
2021-01-05 21:50:00,0.0
2021-01-05 21:50:00,0.0
2021-01-05 22:00:00,0.0
2021-01-05 22:00:00,0.0
2021-01-05 22:00:00,0.0
2021-01-05 22:00:00,0.0
2021-01-05 22:00:00,0.0
2021-01-05 22:00:00,0.0
2021-01-05 22:10:00,0.0
2021-01-05 22:10:00,0.0
2021-01-05 22:10:00,0.0
2021-01-05 22:10:00,0.0
2021-01-05 22:10:00,0.0
2021-01-05 22:10:00,0.0
2021-01-05 22:20:00,166.46
2021-01-05 22:20:00,166.46
2021-01-05 22:20:00,166.46
2021-01-05 22:20:00,166.46
2021-01-05 22:20:00,166.46
2021-01-05 22:20:00,166.46
2021-01-05 22:30:00,376.83
2021-01-05 22:30:00,376.83
2021-01-05 22:30:00,376.83
2021-01-05 22:30:00,376.83
2021-01-05 22:30:00,376.83
2021-01-05 22:30:00,376.83
2021-01-05 22:40:00,286.4
2021-01-05 22:40:00,286.4
2021-01-05 22:40:00,286.4
2021-01-05 22:40:00,286.4
2021-01-05 22:40:00,286.4
2021-01-05 22:40:00,286.4
2021-01-05 22:50:00,443.44
2021-01-05 22:50:00,443.44
2021-01-05 22:50:00,443.44
2021-01-05 22:50:00,443.44
2021-01-05 22:50:00,443.44
2021-01-05 22:50:00,443.44
2021-01-05 23:00:00,545.87
2021-01-05 23:00:00,545.87
2021-01-05 23:00:00,545.87
2021-01-05 23:00:00,545.87
2021-01-05 23:00:00,545.87
2021-01-05 23:00:00,545.87
2021-01-05 23:10:00,621.46
2021-01-05 23:10:00,621.46
2021-01-05 23:10:00,621.46
2021-01-05 23:10:00,621.46
2021-01-05 23:10:00,621.46
2021-01-05 23:10:00,621.46
2021-01-05 23:20:00,595.68
2021-01-05 23:20:00,595.68
2021-01-05 23:20:00,595.68
2021-01-05 23:20:00,595.68
2021-01-05 23:20:00,595.68
2021-01-05 23:20:00,595.68
2021-01-05 23:30:00,641.5
2021-01-05 23:30:00,641.5
2021-01-05 23:30:00,641.5
2021-01-05 23:30:00,641.5
2021-01-05 23:30:00,641.5
2021-01-05 23:30:00,641.5
2021-01-05 23:40:00,534.58
2021-01-05 23:40:00,534.58
2021-01-05 23:40:00,534.58
2021-01-05 23:40:00,534.58
2021-01-05 23:40:00,534.58
2021-01-05 23:40:00,534.58
2021-01-05 23:50:00,519.69
2021-01-05 23:50:00,519.69
2021-01-05 23:50:00,519.69
2021-01-05 23:50:00,519.69
2021-01-05 23:50:00,519.69
2021-01-05 23:50:00,519.69
2021-01-06 00:00:00,478.28
2021-01-06 00:00:00,478.28
2021-01-06 00:00:00,478.28
2021-01-06 00:00:00,478.28
2021-01-06 00:00:00,478.28
2021-01-06 00:00:00,478.28
2021-01-06 00:10:00,453.9
2021-01-06 00:10:00,453.9
2021-01-06 00:10:00,453.9
2021-01-06 00:10:00,453.9
2021-01-06 00:10:00,453.9
2021-01-06 00:10:00,453.9
2021-01-06 00:20:00,503.1
2021-01-06 00:20:00,503.1
2021-01-06 00:20:00,503.1
2021-01-06 00:20:00,503.1
2021-01-06 00:20:00,503.1
2021-01-06 00:20:00,503.1
2021-01-06 00:30:00,484.57
2021-01-06 00:30:00,484.57
2021-01-06 00:30:00,484.57
2021-01-06 00:30:00,484.57
2021-01-06 00:30:00,484.57
2021-01-06 00:30:00,484.57
2021-01-06 00:40:00,605.8
2021-01-06 00:40:00,605.8
2021-01-06 00:40:00,605.8
2021-01-06 00:40:00,605.8
2021-01-06 00:40:00,605.8
2021-01-06 00:40:00,605.8
2021-01-06 00:50:00,688.59
2021-01-06 00:50:00,688.59
2021-01-06 00:50:00,688.59
2021-01-06 00:50:00,688.59
2021-01-06 00:50:00,688.59
2021-01-06 00:50:00,688.59
2021-01-06 01:00:00,802.18
2021-01-06 01:00:00,802.18
2021-01-06 01:00:00,802.18
2021-01-06 01:00:00,802.18
2021-01-06 01:00:00,802.18
2021-01-06 01:00:00,802.18
2021-01-06 01:10:00,927.03
2021-01-06 01:10:00,927.03
2021-01-06 01:10:00,927.03
2021-01-06 01:10:00,927.03
2021-01-06 01:10:00,927.03
2021-01-06 01:10:00,927.03
2021-01-06 01:20:00,1021.17
2021-01-06 01:20:00,1021.17
2021-01-06 01:20:00,1021.17
2021-01-06 01:20:00,1021.17
2021-01-06 01:20:00,1021.17
2021-01-06 01:20:00,1021.17
2021-01-06 01:30:00,1137.97
2021-01-06 01:30:00,1137.97
2021-01-06 01:30:00,1137.97
2021-01-06 01:30:00,1137.97
2021-01-06 01:30:00,1137.97
2021-01-06 01:30:00,1137.97
2021-01-06 01:40:00,1099.08
2021-01-06 01:40:00,1099.08
2021-01-06 01:40:00,1099.08
2021-01-06 01:40:00,1099.08
2021-01-06 01:40:00,1099.08
2021-01-06 01:40:00,1099.08
2021-01-06 01:50:00,1053.59
2021-01-06 01:50:00,1053.59
2021-01-06 01:50:00,1053.59
2021-01-06 01:50:00,1053.59
2021-01-06 01:50:00,1053.59
2021-01-06 01:50:00,1053.59
2021-01-06 02:00:00,925.49
2021-01-06 02:00:00,925.49
2021-01-06 02:00:00,925.49
2021-01-06 02:00:00,925.49
2021-01-06 02:00:00,925.49
2021-01-06 02:00:00,925.49
2021-01-06 02:10:00,925.54
2021-01-06 02:10:00,925.54
2021-01-06 02:10:00,925.54
2021-01-06 02:10:00,925.54
2021-01-06 02:10:00,925.54
2021-01-06 02:10:00,925.54
2021-01-06 02:20:00,1004.17
2021-01-06 02:20:00,1004.17
2021-01-06 02:20:00,1004.17
2021-01-06 02:20:00,1004.17
2021-01-06 02:20:00,1004.17
2021-01-06 02:20:00,1004.17
2021-01-06 02:30:00,1066.69
2021-01-06 02:30:00,1066.69
2021-01-06 02:30:00,1066.69
2021-01-06 02:30:00,1066.69
2021-01-06 02:30:00,1066.69
2021-01-06 02:30:00,1066.69
2021-01-06 02:40:00,1013.36
2021-01-06 02:40:00,1013.36
2021-01-06 02:40:00,1013.36
2021-01-06 02:40:00,1013.36
2021-01-06 02:40:00,1013.36
2021-01-06 02:40:00,1013.36
2021-01-06 02:50:00,1048.24
2021-01-06 02:50:00,1048.24
2021-01-06 02:50:00,1048.24
2021-01-06 02:50:00,1048.24
2021-01-06 02:50:00,1048.24
2021-01-06 02:50:00,1048.24
2021-01-06 03:00:00,979.21
2021-01-06 03:00:00,979.21
2021-01-06 03:00:00,979.21
2021-01-06 03:00:00,979.21
2021-01-06 03:00:00,979.21
2021-01-06 03:00:00,979.21
2021-01-06 03:10:00,1081.61
2021-01-06 03:10:00,1081.61
2021-01-06 03:10:00,1081.61
2021-01-06 03:10:00,1081.61
2021-01-06 03:10:00,1081.61
2021-01-06 03:10:00,1081.61
2021-01-06 03:20:00,1170.87
2021-01-06 03:20:00,1170.87
2021-01-06 03:20:00,1170.87
2021-01-06 03:20:00,1170.87
2021-01-06 03:20:00,1170.87
2021-01-06 03:20:00,1170.87
2021-01-06 03:30:00,1234.41
2021-01-06 03:30:00,1234.41
2021-01-06 03:30:00,1234.41
2021-01-06 03:30:00,1234.41
2021-01-06 03:30:00,1234.41
2021-01-06 03:30:00,1234.41
2021-01-06 03:40:00,1364.63
2021-01-06 03:40:00,1364.63
2021-01-06 03:40:00,1364.63
2021-01-06 03:40:00,1364.63
2021-01-06 03:40:00,1364.63
2021-01-06 03:40:00,1364.63
2021-01-06 03:50:00,1388.74
2021-01-06 03:50:00,1388.74
2021-01-06 03:50:00,1388.74
2021-01-06 03:50:00,1388.74
2021-01-06 03:50:00,1388.74
2021-01-06 03:50:00,1388.74
2021-01-06 04:00:00,1252.91
2021-01-06 04:00:00,1252.91
2021-01-06 04:00:00,1252.91
2021-01-06 04:00:00,1252.91
2021-01-06 04:00:00,1252.91
2021-01-06 04:00:00,1252.91
2021-01-06 04:10:00,860.59
2021-01-06 04:10:00,860.59
2021-01-06 04:10:00,860.59
2021-01-06 04:10:00,860.59
2021-01-06 04:10:00,860.59
2021-01-06 04:10:00,860.59
2021-01-06 04:20:00,578.56
2021-01-06 04:20:00,578.56
2021-01-06 04:20:00,578.56
2021-01-06 04:20:00,578.56
2021-01-06 04:20:00,578.56
2021-01-06 04:20:00,578.56
2021-01-06 04:30:00,615.91
2021-01-06 04:30:00,615.91
2021-01-06 04:30:00,615.91
2021-01-06 04:30:00,615.91
2021-01-06 04:30:00,615.91
2021-01-06 04:30:00,615.91
2021-01-06 04:40:00,562.22
2021-01-06 04:40:00,562.22
2021-01-06 04:40:00,562.22
2021-01-06 04:40:00,562.22
2021-01-06 04:40:00,562.22
2021-01-06 04:40:00,562.22
2021-01-06 04:50:00,707.83
2021-01-06 04:50:00,707.83
2021-01-06 04:50:00,707.83
2021-01-06 04:50:00,707.83
2021-01-06 04:50:00,707.83
2021-01-06 04:50:00,707.83
2021-01-06 05:00:00,876.72
2021-01-06 05:00:00,876.72
2021-01-06 05:00:00,876.72
2021-01-06 05:00:00,876.72
2021-01-06 05:00:00,876.72
2021-01-06 05:00:00,876.72
2021-01-06 05:10:00,1055.84
2021-01-06 05:10:00,1055.84
2021-01-06 05:10:00,1055.84
2021-01-06 05:10:00,1055.84
2021-01-06 05:10:00,1055.84
2021-01-06 05:10:00,1055.84
2021-01-06 05:20:00,1211.8
2021-01-06 05:20:00,1211.8
2021-01-06 05:20:00,1211.8
2021-01-06 05:20:00,1211.8
2021-01-06 05:20:00,1211.8
2021-01-06 05:20:00,1211.8
2021-01-06 05:30:00,1196.13
2021-01-06 05:30:00,1196.13
2021-01-06 05:30:00,1196.13
2021-01-06 05:30:00,1196.13
2021-01-06 05:30:00,1196.13
2021-01-06 05:30:00,1196.13
2021-01-06 05:40:00,934.96
2021-01-06 05:40:00,934.96
2021-01-06 05:40:00,934.96
2021-01-06 05:40:00,934.96
2021-01-06 05:40:00,934.96
2021-01-06 05:40:00,934.96
2021-01-06 05:50:00,1002.43
2021-01-06 05:50:00,1002.43
2021-01-06 05:50:00,1002.43
2021-01-06 05:50:00,1002.43
2021-01-06 05:50:00,1002.43
2021-01-06 05:50:00,1002.43
2021-01-06 06:00:00,1340.71
2021-01-06 06:00:00,1340.71
2021-01-06 06:00:00,1340.71
2021-01-06 06:00:00,1340.71
2021-01-06 06:00:00,1340.71
2021-01-06 06:00:00,1340.71
2021-01-06 06:10:00,1520.87
2021-01-06 06:10:00,1520.87
2021-01-06 06:10:00,1520.87
2021-01-06 06:10:00,1520.87
2021-01-06 06:10:00,1520.87
2021-01-06 06:10:00,1520.87
2021-01-06 06:20:00,1520.25
2021-01-06 06:20:00,1520.25
2021-01-06 06:20:00,1520.25
2021-01-06 06:20:00,1520.25
2021-01-06 06:20:00,1520.25
2021-01-06 06:20:00,1520.25
2021-01-06 06:30:00,1520.35
2021-01-06 06:30:00,1520.35
2021-01-06 06:30:00,1520.35
2021-01-06 06:30:00,1520.35
2021-01-06 06:30:00,1520.35
2021-01-06 06:30:00,1520.35
2021-01-06 06:40:00,1520.15
2021-01-06 06:40:00,1520.15
2021-01-06 06:40:00,1520.15
2021-01-06 06:40:00,1520.15
2021-01-06 06:40:00,1520.15
2021-01-06 06:40:00,1520.15
2021-01-06 06:50:00,1519.83
2021-01-06 06:50:00,1519.83
2021-01-06 06:50:00,1519.83
2021-01-06 06:50:00,1519.83
2021-01-06 06:50:00,1519.83
2021-01-06 06:50:00,1519.83
2021-01-06 07:00:00,1520.01
2021-01-06 07:00:00,1520.01
2021-01-06 07:00:00,1520.01
2021-01-06 07:00:00,1520.01
2021-01-06 07:00:00,1520.01
2021-01-06 07:00:00,1520.01
2021-01-06 07:10:00,1519.94
2021-01-06 07:10:00,1519.94
2021-01-06 07:10:00,1519.94
2021-01-06 07:10:00,1519.94
2021-01-06 07:10:00,1519.94
2021-01-06 07:10:00,1519.94
2021-01-06 07:20:00,1519.84
2021-01-06 07:20:00,1519.84
2021-01-06 07:20:00,1519.84
2021-01-06 07:20:00,1519.84
2021-01-06 07:20:00,1519.84
2021-01-06 07:20:00,1519.84
2021-01-06 07:30:00,1519.75
2021-01-06 07:30:00,1519.75
2021-01-06 07:30:00,1519.75
2021-01-06 07:30:00,1519.75
2021-01-06 07:30:00,1519.75
2021-01-06 07:30:00,1519.75
2021-01-06 07:40:00,1519.88
2021-01-06 07:40:00,1519.88
2021-01-06 07:40:00,1519.88
2021-01-06 07:40:00,1519.88
2021-01-06 07:40:00,1519.88
2021-01-06 07:40:00,1519.88
2021-01-06 07:50:00,1516.28
2021-01-06 07:50:00,1516.28
2021-01-06 07:50:00,1516.28
2021-01-06 07:50:00,1516.28
2021-01-06 07:50:00,1516.28
2021-01-06 07:50:00,1516.28
2021-01-06 08:00:00,1519.2
2021-01-06 08:00:00,1519.2
2021-01-06 08:00:00,1519.2
2021-01-06 08:00:00,1519.2
2021-01-06 08:00:00,1519.2
2021-01-06 08:00:00,1519.2
2021-01-06 08:10:00,1519.41
2021-01-06 08:10:00,1519.41
2021-01-06 08:10:00,1519.41
2021-01-06 08:10:00,1519.41
2021-01-06 08:10:00,1519.41
2021-01-06 08:10:00,1519.41
2021-01-06 08:20:00,1519.69
2021-01-06 08:20:00,1519.69
2021-01-06 08:20:00,1519.69
2021-01-06 08:20:00,1519.69
2021-01-06 08:20:00,1519.69
2021-01-06 08:20:00,1519.69
2021-01-06 08:30:00,1519.58
2021-01-06 08:30:00,1519.58
2021-01-06 08:30:00,1519.58
2021-01-06 08:30:00,1519.58
2021-01-06 08:30:00,1519.58
2021-01-06 08:30:00,1519.58
2021-01-06 08:40:00,1518.9
2021-01-06 08:40:00,1518.9
2021-01-06 08:40:00,1518.9
2021-01-06 08:40:00,1518.9
2021-01-06 08:40:00,1518.9
2021-01-06 08:40:00,1518.9
2021-01-06 08:50:00,1519.78
2021-01-06 08:50:00,1519.78
2021-01-06 08:50:00,1519.78
2021-01-06 08:50:00,1519.78
2021-01-06 08:50:00,1519.78
2021-01-06 08:50:00,1519.78
2021-01-06 09:00:00,1519.6
2021-01-06 09:00:00,1519.6
2021-01-06 09:00:00,1519.6
2021-01-06 09:00:00,1519.6
2021-01-06 09:00:00,1519.6
2021-01-06 09:00:00,1519.6
2021-01-06 09:10:00,1519.5
2021-01-06 09:10:00,1519.5
2021-01-06 09:10:00,1519.5
2021-01-06 09:10:00,1519.5
2021-01-06 09:10:00,1519.5
2021-01-06 09:10:00,1519.5
2021-01-06 09:20:00,1519.37
2021-01-06 09:20:00,1519.37
2021-01-06 09:20:00,1519.37
2021-01-06 09:20:00,1519.37
2021-01-06 09:20:00,1519.37
2021-01-06 09:20:00,1519.37
2021-01-06 09:30:00,1519.44
2021-01-06 09:30:00,1519.44
2021-01-06 09:30:00,1519.44
2021-01-06 09:30:00,1519.44
2021-01-06 09:30:00,1519.44
2021-01-06 09:30:00,1519.44
2021-01-06 09:40:00,1519.42
2021-01-06 09:40:00,1519.42
2021-01-06 09:40:00,1519.42
2021-01-06 09:40:00,1519.42
2021-01-06 09:40:00,1519.42
2021-01-06 09:40:00,1519.42
2021-01-06 09:50:00,1519.66
2021-01-06 09:50:00,1519.66
2021-01-06 09:50:00,1519.66
2021-01-06 09:50:00,1519.66
2021-01-06 09:50:00,1519.66
2021-01-06 09:50:00,1519.66
2021-01-06 10:00:00,1518.42
2021-01-06 10:00:00,1518.42
2021-01-06 10:00:00,1518.42
2021-01-06 10:00:00,1518.42
2021-01-06 10:00:00,1518.42
2021-01-06 10:00:00,1518.42
2021-01-06 10:10:00,1514.12
2021-01-06 10:10:00,1514.12
2021-01-06 10:10:00,1514.12
2021-01-06 10:10:00,1514.12
2021-01-06 10:10:00,1514.12
2021-01-06 10:10:00,1514.12
2021-01-06 10:20:00,1508.2
2021-01-06 10:20:00,1508.2
2021-01-06 10:20:00,1508.2
2021-01-06 10:20:00,1508.2
2021-01-06 10:20:00,1508.2
2021-01-06 10:20:00,1508.2
2021-01-06 10:30:00,1383.68
2021-01-06 10:30:00,1383.68
2021-01-06 10:30:00,1383.68
2021-01-06 10:30:00,1383.68
2021-01-06 10:30:00,1383.68
2021-01-06 10:30:00,1383.68
2021-01-06 10:40:00,1440.71
2021-01-06 10:40:00,1440.71
2021-01-06 10:40:00,1440.71
2021-01-06 10:40:00,1440.71
2021-01-06 10:40:00,1440.71
2021-01-06 10:40:00,1440.71
2021-01-06 10:50:00,1518.18
2021-01-06 10:50:00,1518.18
2021-01-06 10:50:00,1518.18
2021-01-06 10:50:00,1518.18
2021-01-06 10:50:00,1518.18
2021-01-06 10:50:00,1518.18
2021-01-06 11:00:00,1517.06
2021-01-06 11:00:00,1517.06
2021-01-06 11:00:00,1517.06
2021-01-06 11:00:00,1517.06
2021-01-06 11:00:00,1517.06
2021-01-06 11:00:00,1517.06
2021-01-06 11:10:00,1515.54
2021-01-06 11:10:00,1515.54
2021-01-06 11:10:00,1515.54
2021-01-06 11:10:00,1515.54
2021-01-06 11:10:00,1515.54
2021-01-06 11:10:00,1515.54
2021-01-06 11:20:00,1516.81
2021-01-06 11:20:00,1516.81
2021-01-06 11:20:00,1516.81
2021-01-06 11:20:00,1516.81
2021-01-06 11:20:00,1516.81
2021-01-06 11:20:00,1516.81
2021-01-06 11:30:00,1241.73
2021-01-06 11:30:00,1241.73
2021-01-06 11:30:00,1241.73
2021-01-06 11:30:00,1241.73
2021-01-06 11:30:00,1241.73
2021-01-06 11:30:00,1241.73
2021-01-06 11:40:00,1028.04
2021-01-06 11:40:00,1028.04
2021-01-06 11:40:00,1028.04
2021-01-06 11:40:00,1028.04
2021-01-06 11:40:00,1028.04
2021-01-06 11:40:00,1028.04
2021-01-06 11:50:00,949.45
2021-01-06 11:50:00,949.45
2021-01-06 11:50:00,949.45
2021-01-06 11:50:00,949.45
2021-01-06 11:50:00,949.45
2021-01-06 11:50:00,949.45
2021-01-06 12:00:00,848.07
2021-01-06 12:00:00,848.07
2021-01-06 12:00:00,848.07
2021-01-06 12:00:00,848.07
2021-01-06 12:00:00,848.07
2021-01-06 12:00:00,848.07
2021-01-06 12:10:00,838.61
2021-01-06 12:10:00,838.61
2021-01-06 12:10:00,838.61
2021-01-06 12:10:00,838.61
2021-01-06 12:10:00,838.61
2021-01-06 12:10:00,838.61
2021-01-06 12:20:00,787.5
2021-01-06 12:20:00,787.5
2021-01-06 12:20:00,787.5
2021-01-06 12:20:00,787.5
2021-01-06 12:20:00,787.5
2021-01-06 12:20:00,787.5
2021-01-06 12:30:00,744.63
2021-01-06 12:30:00,744.63
2021-01-06 12:30:00,744.63
2021-01-06 12:30:00,744.63
2021-01-06 12:30:00,744.63
2021-01-06 12:30:00,744.63
2021-01-06 12:40:00,764.51
2021-01-06 12:40:00,764.51
2021-01-06 12:40:00,764.51
2021-01-06 12:40:00,764.51
2021-01-06 12:40:00,764.51
2021-01-06 12:40:00,764.51
2021-01-06 12:50:00,746.69
2021-01-06 12:50:00,746.69
2021-01-06 12:50:00,746.69
2021-01-06 12:50:00,746.69
2021-01-06 12:50:00,746.69
2021-01-06 12:50:00,746.69
2021-01-06 13:00:00,714.68
2021-01-06 13:00:00,714.68
2021-01-06 13:00:00,714.68
2021-01-06 13:00:00,714.68
2021-01-06 13:00:00,714.68
2021-01-06 13:00:00,714.68
2021-01-06 13:10:00,859.13
2021-01-06 13:10:00,859.13
2021-01-06 13:10:00,859.13
2021-01-06 13:10:00,859.13
2021-01-06 13:10:00,859.13
2021-01-06 13:10:00,859.13
2021-01-06 13:20:00,954.87
2021-01-06 13:20:00,954.87
2021-01-06 13:20:00,954.87
2021-01-06 13:20:00,954.87
2021-01-06 13:20:00,954.87
2021-01-06 13:20:00,954.87
2021-01-06 13:30:00,916.69
2021-01-06 13:30:00,916.69
2021-01-06 13:30:00,916.69
2021-01-06 13:30:00,916.69
2021-01-06 13:30:00,916.69
2021-01-06 13:30:00,916.69
2021-01-06 13:40:00,934.97
2021-01-06 13:40:00,934.97
2021-01-06 13:40:00,934.97
2021-01-06 13:40:00,934.97
2021-01-06 13:40:00,934.97
2021-01-06 13:40:00,934.97
2021-01-06 13:50:00,1001.05
2021-01-06 13:50:00,1001.05
2021-01-06 13:50:00,1001.05
2021-01-06 13:50:00,1001.05
2021-01-06 13:50:00,1001.05
2021-01-06 13:50:00,1001.05
2021-01-06 14:00:00,1018.61
2021-01-06 14:00:00,1018.61
2021-01-06 14:00:00,1018.61
2021-01-06 14:00:00,1018.61
2021-01-06 14:00:00,1018.61
2021-01-06 14:00:00,1018.61
2021-01-06 14:10:00,1156.55
2021-01-06 14:10:00,1156.55
2021-01-06 14:10:00,1156.55
2021-01-06 14:10:00,1156.55
2021-01-06 14:10:00,1156.55
2021-01-06 14:10:00,1156.55
2021-01-06 14:20:00,1204.69
2021-01-06 14:20:00,1204.69
2021-01-06 14:20:00,1204.69
2021-01-06 14:20:00,1204.69
2021-01-06 14:20:00,1204.69
2021-01-06 14:20:00,1204.69
2021-01-06 14:30:00,1236.87
2021-01-06 14:30:00,1236.87
2021-01-06 14:30:00,1236.87
2021-01-06 14:30:00,1236.87
2021-01-06 14:30:00,1236.87
2021-01-06 14:30:00,1236.87
2021-01-06 14:40:00,1295.72
2021-01-06 14:40:00,1295.72
2021-01-06 14:40:00,1295.72
2021-01-06 14:40:00,1295.72
2021-01-06 14:40:00,1295.72
2021-01-06 14:40:00,1295.72
2021-01-06 14:50:00,1111.81
2021-01-06 14:50:00,1111.81
2021-01-06 14:50:00,1111.81
2021-01-06 14:50:00,1111.81
2021-01-06 14:50:00,1111.81
2021-01-06 14:50:00,1111.81
2021-01-06 15:00:00,1075.03
2021-01-06 15:00:00,1075.03
2021-01-06 15:00:00,1075.03
2021-01-06 15:00:00,1075.03
2021-01-06 15:00:00,1075.03
2021-01-06 15:00:00,1075.03
2021-01-06 15:10:00,1502.11
2021-01-06 15:10:00,1502.11
2021-01-06 15:10:00,1502.11
2021-01-06 15:10:00,1502.11
2021-01-06 15:10:00,1502.11
2021-01-06 15:10:00,1502.11
2021-01-06 15:20:00,1205.43
2021-01-06 15:20:00,1205.43
2021-01-06 15:20:00,1205.43
2021-01-06 15:20:00,1205.43
2021-01-06 15:20:00,1205.43
2021-01-06 15:20:00,1205.43
2021-01-06 15:30:00,1150.32
2021-01-06 15:30:00,1150.32
2021-01-06 15:30:00,1150.32
2021-01-06 15:30:00,1150.32
2021-01-06 15:30:00,1150.32
2021-01-06 15:30:00,1150.32
2021-01-06 15:40:00,1219.88
2021-01-06 15:40:00,1219.88
2021-01-06 15:40:00,1219.88
2021-01-06 15:40:00,1219.88
2021-01-06 15:40:00,1219.88
2021-01-06 15:40:00,1219.88
2021-01-06 15:50:00,1505.38
2021-01-06 15:50:00,1505.38
2021-01-06 15:50:00,1505.38
2021-01-06 15:50:00,1505.38
2021-01-06 15:50:00,1505.38
2021-01-06 15:50:00,1505.38
2021-01-06 16:00:00,1518.67
2021-01-06 16:00:00,1518.67
2021-01-06 16:00:00,1518.67
2021-01-06 16:00:00,1518.67
2021-01-06 16:00:00,1518.67
2021-01-06 16:00:00,1518.67
2021-01-06 16:10:00,1519.71
2021-01-06 16:10:00,1519.71
2021-01-06 16:10:00,1519.71
2021-01-06 16:10:00,1519.71
2021-01-06 16:10:00,1519.71
2021-01-06 16:10:00,1519.71
2021-01-06 16:20:00,1519.57
2021-01-06 16:20:00,1519.57
2021-01-06 16:20:00,1519.57
2021-01-06 16:20:00,1519.57
2021-01-06 16:20:00,1519.57
2021-01-06 16:20:00,1519.57
2021-01-06 16:30:00,1519.35
2021-01-06 16:30:00,1519.35
2021-01-06 16:30:00,1519.35
2021-01-06 16:30:00,1519.35
2021-01-06 16:30:00,1519.35
2021-01-06 16:30:00,1519.35
2021-01-06 16:40:00,1519.67
2021-01-06 16:40:00,1519.67
2021-01-06 16:40:00,1519.67
2021-01-06 16:40:00,1519.67
2021-01-06 16:40:00,1519.67
2021-01-06 16:40:00,1519.67
2021-01-06 16:50:00,1519.15
2021-01-06 16:50:00,1519.15
2021-01-06 16:50:00,1519.15
2021-01-06 16:50:00,1519.15
2021-01-06 16:50:00,1519.15
2021-01-06 16:50:00,1519.15
2021-01-06 17:00:00,1514.05
2021-01-06 17:00:00,1514.05
2021-01-06 17:00:00,1514.05
2021-01-06 17:00:00,1514.05
2021-01-06 17:00:00,1514.05
2021-01-06 17:00:00,1514.05
2021-01-06 17:10:00,1513.75
2021-01-06 17:10:00,1513.75
2021-01-06 17:10:00,1513.75
2021-01-06 17:10:00,1513.75
2021-01-06 17:10:00,1513.75
2021-01-06 17:10:00,1513.75
2021-01-06 17:20:00,1491.65
2021-01-06 17:20:00,1491.65
2021-01-06 17:20:00,1491.65
2021-01-06 17:20:00,1491.65
2021-01-06 17:20:00,1491.65
2021-01-06 17:20:00,1491.65
2021-01-06 17:30:00,1513.98
2021-01-06 17:30:00,1513.98
2021-01-06 17:30:00,1513.98
2021-01-06 17:30:00,1513.98
2021-01-06 17:30:00,1513.98
2021-01-06 17:30:00,1513.98
2021-01-06 17:40:00,1511.76
2021-01-06 17:40:00,1511.76
2021-01-06 17:40:00,1511.76
2021-01-06 17:40:00,1511.76
2021-01-06 17:40:00,1511.76
2021-01-06 17:40:00,1511.76
2021-01-06 17:50:00,1513.66
2021-01-06 17:50:00,1513.66
2021-01-06 17:50:00,1513.66
2021-01-06 17:50:00,1513.66
2021-01-06 17:50:00,1513.66
2021-01-06 17:50:00,1513.66
2021-01-06 18:00:00,1515.07
2021-01-06 18:00:00,1515.07
2021-01-06 18:00:00,1515.07
2021-01-06 18:00:00,1515.07
2021-01-06 18:00:00,1515.07
2021-01-06 18:00:00,1515.07
2021-01-06 18:10:00,1518.05
2021-01-06 18:10:00,1518.05
2021-01-06 18:10:00,1518.05
2021-01-06 18:10:00,1518.05
2021-01-06 18:10:00,1518.05
2021-01-06 18:10:00,1518.05
2021-01-06 18:20:00,1518.9
2021-01-06 18:20:00,1518.9
2021-01-06 18:20:00,1518.9
2021-01-06 18:20:00,1518.9
2021-01-06 18:20:00,1518.9
2021-01-06 18:20:00,1518.9
2021-01-06 18:30:00,1516.3
2021-01-06 18:30:00,1516.3
2021-01-06 18:30:00,1516.3
2021-01-06 18:30:00,1516.3
2021-01-06 18:30:00,1516.3
2021-01-06 18:30:00,1516.3
2021-01-06 18:40:00,1518.01
2021-01-06 18:40:00,1518.01
2021-01-06 18:40:00,1518.01
2021-01-06 18:40:00,1518.01
2021-01-06 18:40:00,1518.01
2021-01-06 18:40:00,1518.01
2021-01-06 18:50:00,1517.32
2021-01-06 18:50:00,1517.32
2021-01-06 18:50:00,1517.32
2021-01-06 18:50:00,1517.32
2021-01-06 18:50:00,1517.32
2021-01-06 18:50:00,1517.32
2021-01-06 19:00:00,1518.83
2021-01-06 19:00:00,1518.83
2021-01-06 19:00:00,1518.83
2021-01-06 19:00:00,1518.83
2021-01-06 19:00:00,1518.83
2021-01-06 19:00:00,1518.83
2021-01-06 19:10:00,1398.09
2021-01-06 19:10:00,1398.09
2021-01-06 19:10:00,1398.09
2021-01-06 19:10:00,1398.09
2021-01-06 19:10:00,1398.09
2021-01-06 19:10:00,1398.09
2021-01-06 19:20:00,1102.89
2021-01-06 19:20:00,1102.89
2021-01-06 19:20:00,1102.89
2021-01-06 19:20:00,1102.89
2021-01-06 19:20:00,1102.89
2021-01-06 19:20:00,1102.89
2021-01-06 19:30:00,1243.85
2021-01-06 19:30:00,1243.85
2021-01-06 19:30:00,1243.85
2021-01-06 19:30:00,1243.85
2021-01-06 19:30:00,1243.85
2021-01-06 19:30:00,1243.85
2021-01-06 19:40:00,1235.77
2021-01-06 19:40:00,1235.77
2021-01-06 19:40:00,1235.77
2021-01-06 19:40:00,1235.77
2021-01-06 19:40:00,1235.77
2021-01-06 19:40:00,1235.77
2021-01-06 19:50:00,1438.91
2021-01-06 19:50:00,1438.91
2021-01-06 19:50:00,1438.91
2021-01-06 19:50:00,1438.91
2021-01-06 19:50:00,1438.91
2021-01-06 19:50:00,1438.91
2021-01-06 20:00:00,1473.14
2021-01-06 20:00:00,1473.14
2021-01-06 20:00:00,1473.14
2021-01-06 20:00:00,1473.14
2021-01-06 20:00:00,1473.14
2021-01-06 20:00:00,1473.14
2021-01-06 20:10:00,1476.92
2021-01-06 20:10:00,1476.92
2021-01-06 20:10:00,1476.92
2021-01-06 20:10:00,1476.92
2021-01-06 20:10:00,1476.92
2021-01-06 20:10:00,1476.92
2021-01-06 20:20:00,1478.76
2021-01-06 20:20:00,1478.76
2021-01-06 20:20:00,1478.76
2021-01-06 20:20:00,1478.76
2021-01-06 20:20:00,1478.76
2021-01-06 20:20:00,1478.76
2021-01-06 20:30:00,1508.44
2021-01-06 20:30:00,1508.44
2021-01-06 20:30:00,1508.44
2021-01-06 20:30:00,1508.44
2021-01-06 20:30:00,1508.44
2021-01-06 20:30:00,1508.44
2021-01-06 20:40:00,1499.0
2021-01-06 20:40:00,1499.0
2021-01-06 20:40:00,1499.0
2021-01-06 20:40:00,1499.0
2021-01-06 20:40:00,1499.0
2021-01-06 20:40:00,1499.0
2021-01-06 20:50:00,1485.66
2021-01-06 20:50:00,1485.66
2021-01-06 20:50:00,1485.66
2021-01-06 20:50:00,1485.66
2021-01-06 20:50:00,1485.66
2021-01-06 20:50:00,1485.66
2021-01-06 21:00:00,1516.87
2021-01-06 21:00:00,1516.87
2021-01-06 21:00:00,1516.87
2021-01-06 21:00:00,1516.87
2021-01-06 21:00:00,1516.87
2021-01-06 21:00:00,1516.87
2021-01-06 21:10:00,1520.39
2021-01-06 21:10:00,1520.39
2021-01-06 21:10:00,1520.39
2021-01-06 21:10:00,1520.39
2021-01-06 21:10:00,1520.39
2021-01-06 21:10:00,1520.39
2021-01-06 21:20:00,1519.82
2021-01-06 21:20:00,1519.82
2021-01-06 21:20:00,1519.82
2021-01-06 21:20:00,1519.82
2021-01-06 21:20:00,1519.82
2021-01-06 21:20:00,1519.82
2021-01-06 21:30:00,1519.48
2021-01-06 21:30:00,1519.48
2021-01-06 21:30:00,1519.48
2021-01-06 21:30:00,1519.48
2021-01-06 21:30:00,1519.48
2021-01-06 21:30:00,1519.48
2021-01-06 21:40:00,1520.11
2021-01-06 21:40:00,1520.11
2021-01-06 21:40:00,1520.11
2021-01-06 21:40:00,1520.11
2021-01-06 21:40:00,1520.11
2021-01-06 21:40:00,1520.11
2021-01-06 21:50:00,1519.56
2021-01-06 21:50:00,1519.56
2021-01-06 21:50:00,1519.56
2021-01-06 21:50:00,1519.56
2021-01-06 21:50:00,1519.56
2021-01-06 21:50:00,1519.56
2021-01-06 22:00:00,1519.95
2021-01-06 22:00:00,1519.95
2021-01-06 22:00:00,1519.95
2021-01-06 22:00:00,1519.95
2021-01-06 22:00:00,1519.95
2021-01-06 22:00:00,1519.95
2021-01-06 22:10:00,1519.71
2021-01-06 22:10:00,1519.71
2021-01-06 22:10:00,1519.71
2021-01-06 22:10:00,1519.71
2021-01-06 22:10:00,1519.71
2021-01-06 22:10:00,1519.71
2021-01-06 22:20:00,1519.36
2021-01-06 22:20:00,1519.36
2021-01-06 22:20:00,1519.36
2021-01-06 22:20:00,1519.36
2021-01-06 22:20:00,1519.36
2021-01-06 22:20:00,1519.36
2021-01-06 22:30:00,1520.14
2021-01-06 22:30:00,1520.14
2021-01-06 22:30:00,1520.14
2021-01-06 22:30:00,1520.14
2021-01-06 22:30:00,1520.14
2021-01-06 22:30:00,1520.14
2021-01-06 22:40:00,1518.43
2021-01-06 22:40:00,1518.43
2021-01-06 22:40:00,1518.43
2021-01-06 22:40:00,1518.43
2021-01-06 22:40:00,1518.43
2021-01-06 22:40:00,1518.43
2021-01-06 22:50:00,1518.08
2021-01-06 22:50:00,1518.08
2021-01-06 22:50:00,1518.08
2021-01-06 22:50:00,1518.08
2021-01-06 22:50:00,1518.08
2021-01-06 22:50:00,1518.08
2021-01-06 23:00:00,1519.39
2021-01-06 23:00:00,1519.39
2021-01-06 23:00:00,1519.39
2021-01-06 23:00:00,1519.39
2021-01-06 23:00:00,1519.39
2021-01-06 23:00:00,1519.39
2021-01-06 23:10:00,1515.0
2021-01-06 23:10:00,1515.0
2021-01-06 23:10:00,1515.0
2021-01-06 23:10:00,1515.0
2021-01-06 23:10:00,1515.0
2021-01-06 23:10:00,1515.0
2021-01-06 23:20:00,1518.47
2021-01-06 23:20:00,1518.47
2021-01-06 23:20:00,1518.47
2021-01-06 23:20:00,1518.47
2021-01-06 23:20:00,1518.47
2021-01-06 23:20:00,1518.47
2021-01-06 23:30:00,1517.45
2021-01-06 23:30:00,1517.45
2021-01-06 23:30:00,1517.45
2021-01-06 23:30:00,1517.45
2021-01-06 23:30:00,1517.45
2021-01-06 23:30:00,1517.45
2021-01-06 23:40:00,1518.15
2021-01-06 23:40:00,1518.15
2021-01-06 23:40:00,1518.15
2021-01-06 23:40:00,1518.15
2021-01-06 23:40:00,1518.15
2021-01-06 23:40:00,1518.15
2021-01-06 23:50:00,1518.34
2021-01-06 23:50:00,1518.34
2021-01-06 23:50:00,1518.34
2021-01-06 23:50:00,1518.34
2021-01-06 23:50:00,1518.34
2021-01-06 23:50:00,1518.34
2021-01-07 00:00:00,1518.5
2021-01-07 00:00:00,1518.5
2021-01-07 00:00:00,1518.5
2021-01-07 00:00:00,1518.5
2021-01-07 00:00:00,1518.5
2021-01-07 00:00:00,1518.5
2021-01-07 00:10:00,1471.27
2021-01-07 00:10:00,1471.27
2021-01-07 00:10:00,1471.27
2021-01-07 00:10:00,1471.27
2021-01-07 00:10:00,1471.27
2021-01-07 00:10:00,1471.27
2021-01-07 00:20:00,1519.05
2021-01-07 00:20:00,1519.05
2021-01-07 00:20:00,1519.05
2021-01-07 00:20:00,1519.05
2021-01-07 00:20:00,1519.05
2021-01-07 00:20:00,1519.05
2021-01-07 00:30:00,1516.07
2021-01-07 00:30:00,1516.07
2021-01-07 00:30:00,1516.07
2021-01-07 00:30:00,1516.07
2021-01-07 00:30:00,1516.07
2021-01-07 00:30:00,1516.07
2021-01-07 00:40:00,1499.25
2021-01-07 00:40:00,1499.25
2021-01-07 00:40:00,1499.25
2021-01-07 00:40:00,1499.25
2021-01-07 00:40:00,1499.25
2021-01-07 00:40:00,1499.25
2021-01-07 00:50:00,1519.67
2021-01-07 00:50:00,1519.67
2021-01-07 00:50:00,1519.67
2021-01-07 00:50:00,1519.67
2021-01-07 00:50:00,1519.67
2021-01-07 00:50:00,1519.67
2021-01-07 01:00:00,1519.1
2021-01-07 01:00:00,1519.1
2021-01-07 01:00:00,1519.1
2021-01-07 01:00:00,1519.1
2021-01-07 01:00:00,1519.1
2021-01-07 01:00:00,1519.1
2021-01-07 01:10:00,1507.98
2021-01-07 01:10:00,1507.98
2021-01-07 01:10:00,1507.98
2021-01-07 01:10:00,1507.98
2021-01-07 01:10:00,1507.98
2021-01-07 01:10:00,1507.98
2021-01-07 01:20:00,1338.01
2021-01-07 01:20:00,1338.01
2021-01-07 01:20:00,1338.01
2021-01-07 01:20:00,1338.01
2021-01-07 01:20:00,1338.01
2021-01-07 01:20:00,1338.01
2021-01-07 01:30:00,1190.22
2021-01-07 01:30:00,1190.22
2021-01-07 01:30:00,1190.22
2021-01-07 01:30:00,1190.22
2021-01-07 01:30:00,1190.22
2021-01-07 01:30:00,1190.22
2021-01-07 01:40:00,1132.33
2021-01-07 01:40:00,1132.33
2021-01-07 01:40:00,1132.33
2021-01-07 01:40:00,1132.33
2021-01-07 01:40:00,1132.33
2021-01-07 01:40:00,1132.33
2021-01-07 01:50:00,981.8
2021-01-07 01:50:00,981.8
2021-01-07 01:50:00,981.8
2021-01-07 01:50:00,981.8
2021-01-07 01:50:00,981.8
2021-01-07 01:50:00,981.8
2021-01-07 02:00:00,956.45
2021-01-07 02:00:00,956.45
2021-01-07 02:00:00,956.45
2021-01-07 02:00:00,956.45
2021-01-07 02:00:00,956.45
2021-01-07 02:00:00,956.45
2021-01-07 02:10:00,917.05
2021-01-07 02:10:00,917.05
2021-01-07 02:10:00,917.05
2021-01-07 02:10:00,917.05
2021-01-07 02:10:00,917.05
2021-01-07 02:10:00,917.05
2021-01-07 02:20:00,926.66
2021-01-07 02:20:00,926.66
2021-01-07 02:20:00,926.66
2021-01-07 02:20:00,926.66
2021-01-07 02:20:00,926.66
2021-01-07 02:20:00,926.66
2021-01-07 02:30:00,903.66
2021-01-07 02:30:00,903.66
2021-01-07 02:30:00,903.66
2021-01-07 02:30:00,903.66
2021-01-07 02:30:00,903.66
2021-01-07 02:30:00,903.66
2021-01-07 02:40:00,1055.11
2021-01-07 02:40:00,1055.11
2021-01-07 02:40:00,1055.11
2021-01-07 02:40:00,1055.11
2021-01-07 02:40:00,1055.11
2021-01-07 02:40:00,1055.11
2021-01-07 02:50:00,1082.46
2021-01-07 02:50:00,1082.46
2021-01-07 02:50:00,1082.46
2021-01-07 02:50:00,1082.46
2021-01-07 02:50:00,1082.46
2021-01-07 02:50:00,1082.46
2021-01-07 03:00:00,1083.76
2021-01-07 03:00:00,1083.76
2021-01-07 03:00:00,1083.76
2021-01-07 03:00:00,1083.76
2021-01-07 03:00:00,1083.76
2021-01-07 03:00:00,1083.76
2021-01-07 03:10:00,947.64
2021-01-07 03:10:00,947.64
2021-01-07 03:10:00,947.64
2021-01-07 03:10:00,947.64
2021-01-07 03:10:00,947.64
2021-01-07 03:10:00,947.64
2021-01-07 03:20:00,748.5
2021-01-07 03:20:00,748.5
2021-01-07 03:20:00,748.5
2021-01-07 03:20:00,748.5
2021-01-07 03:20:00,748.5
2021-01-07 03:20:00,748.5
2021-01-07 03:30:00,592.76
2021-01-07 03:30:00,592.76
2021-01-07 03:30:00,592.76
2021-01-07 03:30:00,592.76
2021-01-07 03:30:00,592.76
2021-01-07 03:30:00,592.76
2021-01-07 03:40:00,660.02
2021-01-07 03:40:00,660.02
2021-01-07 03:40:00,660.02
2021-01-07 03:40:00,660.02
2021-01-07 03:40:00,660.02
2021-01-07 03:40:00,660.02
2021-01-07 03:50:00,581.75
2021-01-07 03:50:00,581.75
2021-01-07 03:50:00,581.75
2021-01-07 03:50:00,581.75
2021-01-07 03:50:00,581.75
2021-01-07 03:50:00,581.75
2021-01-07 04:00:00,578.94
2021-01-07 04:00:00,578.94
2021-01-07 04:00:00,578.94
2021-01-07 04:00:00,578.94
2021-01-07 04:00:00,578.94
2021-01-07 04:00:00,578.94
2021-01-07 04:10:00,419.53
2021-01-07 04:10:00,419.53
2021-01-07 04:10:00,419.53
2021-01-07 04:10:00,419.53
2021-01-07 04:10:00,419.53
2021-01-07 04:10:00,419.53
2021-01-07 04:20:00,477.0
2021-01-07 04:20:00,477.0
2021-01-07 04:20:00,477.0
2021-01-07 04:20:00,477.0
2021-01-07 04:20:00,477.0
2021-01-07 04:20:00,477.0
2021-01-07 04:30:00,439.97
2021-01-07 04:30:00,439.97
2021-01-07 04:30:00,439.97
2021-01-07 04:30:00,439.97
2021-01-07 04:30:00,439.97
2021-01-07 04:30:00,439.97
2021-01-07 04:40:00,457.63
2021-01-07 04:40:00,457.63
2021-01-07 04:40:00,457.63
2021-01-07 04:40:00,457.63
2021-01-07 04:40:00,457.63
2021-01-07 04:40:00,457.63
2021-01-07 04:50:00,467.75
2021-01-07 04:50:00,467.75
2021-01-07 04:50:00,467.75
2021-01-07 04:50:00,467.75
2021-01-07 04:50:00,467.75
2021-01-07 04:50:00,467.75
2021-01-07 05:00:00,654.3
2021-01-07 05:00:00,654.3
2021-01-07 05:00:00,654.3
2021-01-07 05:00:00,654.3
2021-01-07 05:00:00,654.3
2021-01-07 05:00:00,654.3
2021-01-07 05:10:00,645.13
2021-01-07 05:10:00,645.13
2021-01-07 05:10:00,645.13
2021-01-07 05:10:00,645.13
2021-01-07 05:10:00,645.13
2021-01-07 05:10:00,645.13
2021-01-07 05:20:00,729.77
2021-01-07 05:20:00,729.77
2021-01-07 05:20:00,729.77
2021-01-07 05:20:00,729.77
2021-01-07 05:20:00,729.77
2021-01-07 05:20:00,729.77
2021-01-07 05:30:00,732.61
2021-01-07 05:30:00,732.61
2021-01-07 05:30:00,732.61
2021-01-07 05:30:00,732.61
2021-01-07 05:30:00,732.61
2021-01-07 05:30:00,732.61
2021-01-07 05:40:00,768.31
2021-01-07 05:40:00,768.31
2021-01-07 05:40:00,768.31
2021-01-07 05:40:00,768.31
2021-01-07 05:40:00,768.31
2021-01-07 05:40:00,768.31
2021-01-07 05:50:00,874.15
2021-01-07 05:50:00,874.15
2021-01-07 05:50:00,874.15
2021-01-07 05:50:00,874.15
2021-01-07 05:50:00,874.15
2021-01-07 05:50:00,874.15
2021-01-07 06:00:00,1026.37
2021-01-07 06:00:00,1026.37
2021-01-07 06:00:00,1026.37
2021-01-07 06:00:00,1026.37
2021-01-07 06:00:00,1026.37
2021-01-07 06:00:00,1026.37
2021-01-07 06:10:00,950.64
2021-01-07 06:10:00,950.64
2021-01-07 06:10:00,950.64
2021-01-07 06:10:00,950.64
2021-01-07 06:10:00,950.64
2021-01-07 06:10:00,950.64
2021-01-07 06:20:00,946.54
2021-01-07 06:20:00,946.54
2021-01-07 06:20:00,946.54
2021-01-07 06:20:00,946.54
2021-01-07 06:20:00,946.54
2021-01-07 06:20:00,946.54
2021-01-07 06:30:00,899.26
2021-01-07 06:30:00,899.26
2021-01-07 06:30:00,899.26
2021-01-07 06:30:00,899.26
2021-01-07 06:30:00,899.26
2021-01-07 06:30:00,899.26
2021-01-07 06:40:00,849.12
2021-01-07 06:40:00,849.12
2021-01-07 06:40:00,849.12
2021-01-07 06:40:00,849.12
2021-01-07 06:40:00,849.12
2021-01-07 06:40:00,849.12
2021-01-07 06:50:00,655.0
2021-01-07 06:50:00,655.0
2021-01-07 06:50:00,655.0
2021-01-07 06:50:00,655.0
2021-01-07 06:50:00,655.0
2021-01-07 06:50:00,655.0
2021-01-07 07:00:00,672.03
2021-01-07 07:00:00,672.03
2021-01-07 07:00:00,672.03
2021-01-07 07:00:00,672.03
2021-01-07 07:00:00,672.03
2021-01-07 07:00:00,672.03
2021-01-07 07:10:00,705.99
2021-01-07 07:10:00,705.99
2021-01-07 07:10:00,705.99
2021-01-07 07:10:00,705.99
2021-01-07 07:10:00,705.99
2021-01-07 07:10:00,705.99
2021-01-07 07:20:00,630.1
2021-01-07 07:20:00,630.1
2021-01-07 07:20:00,630.1
2021-01-07 07:20:00,630.1
2021-01-07 07:20:00,630.1
2021-01-07 07:20:00,630.1
2021-01-07 07:30:00,490.81
2021-01-07 07:30:00,490.81
2021-01-07 07:30:00,490.81
2021-01-07 07:30:00,490.81
2021-01-07 07:30:00,490.81
2021-01-07 07:30:00,490.81
2021-01-07 07:40:00,534.08
2021-01-07 07:40:00,534.08
2021-01-07 07:40:00,534.08
2021-01-07 07:40:00,534.08
2021-01-07 07:40:00,534.08
2021-01-07 07:40:00,534.08
2021-01-07 07:50:00,632.47
2021-01-07 07:50:00,632.47
2021-01-07 07:50:00,632.47
2021-01-07 07:50:00,632.47
2021-01-07 07:50:00,632.47
2021-01-07 07:50:00,632.47
2021-01-07 08:00:00,477.33
2021-01-07 08:00:00,477.33
2021-01-07 08:00:00,477.33
2021-01-07 08:00:00,477.33
2021-01-07 08:00:00,477.33
2021-01-07 08:00:00,477.33
2021-01-07 08:10:00,551.29
2021-01-07 08:10:00,551.29
2021-01-07 08:10:00,551.29
2021-01-07 08:10:00,551.29
2021-01-07 08:10:00,551.29
2021-01-07 08:10:00,551.29
2021-01-07 08:20:00,594.11
2021-01-07 08:20:00,594.11
2021-01-07 08:20:00,594.11
2021-01-07 08:20:00,594.11
2021-01-07 08:20:00,594.11
2021-01-07 08:20:00,594.11
2021-01-07 08:30:00,586.64
2021-01-07 08:30:00,586.64
2021-01-07 08:30:00,586.64
2021-01-07 08:30:00,586.64
2021-01-07 08:30:00,586.64
2021-01-07 08:30:00,586.64
2021-01-07 08:40:00,547.66
2021-01-07 08:40:00,547.66
2021-01-07 08:40:00,547.66
2021-01-07 08:40:00,547.66
2021-01-07 08:40:00,547.66
2021-01-07 08:40:00,547.66
2021-01-07 08:50:00,534.42
2021-01-07 08:50:00,534.42
2021-01-07 08:50:00,534.42
2021-01-07 08:50:00,534.42
2021-01-07 08:50:00,534.42
2021-01-07 08:50:00,534.42
2021-01-07 09:00:00,362.43
2021-01-07 09:00:00,362.43
2021-01-07 09:00:00,362.43
2021-01-07 09:00:00,362.43
2021-01-07 09:00:00,362.43
2021-01-07 09:00:00,362.43
2021-01-07 09:10:00,358.52
2021-01-07 09:10:00,358.52
2021-01-07 09:10:00,358.52
2021-01-07 09:10:00,358.52
2021-01-07 09:10:00,358.52
2021-01-07 09:10:00,358.52
2021-01-07 09:20:00,616.52
2021-01-07 09:20:00,616.52
2021-01-07 09:20:00,616.52
2021-01-07 09:20:00,616.52
2021-01-07 09:20:00,616.52
2021-01-07 09:20:00,616.52
2021-01-07 09:30:00,653.49
2021-01-07 09:30:00,653.49
2021-01-07 09:30:00,653.49
2021-01-07 09:30:00,653.49
2021-01-07 09:30:00,653.49
2021-01-07 09:30:00,653.49
2021-01-07 09:40:00,485.62
2021-01-07 09:40:00,485.62
2021-01-07 09:40:00,485.62
2021-01-07 09:40:00,485.62
2021-01-07 09:40:00,485.62
2021-01-07 09:40:00,485.62
2021-01-07 09:50:00,432.11
2021-01-07 09:50:00,432.11
2021-01-07 09:50:00,432.11
2021-01-07 09:50:00,432.11
2021-01-07 09:50:00,432.11
2021-01-07 09:50:00,432.11
2021-01-07 10:00:00,306.35
2021-01-07 10:00:00,306.35
2021-01-07 10:00:00,306.35
2021-01-07 10:00:00,306.35
2021-01-07 10:00:00,306.35
2021-01-07 10:00:00,306.35
2021-01-07 10:10:00,411.03
2021-01-07 10:10:00,411.03
2021-01-07 10:10:00,411.03
2021-01-07 10:10:00,411.03
2021-01-07 10:10:00,411.03
2021-01-07 10:10:00,411.03
2021-01-07 10:20:00,236.17
2021-01-07 10:20:00,236.17
2021-01-07 10:20:00,236.17
2021-01-07 10:20:00,236.17
2021-01-07 10:20:00,236.17
2021-01-07 10:20:00,236.17
2021-01-07 10:30:00,359.6
2021-01-07 10:30:00,359.6
2021-01-07 10:30:00,359.6
2021-01-07 10:30:00,359.6
2021-01-07 10:30:00,359.6
2021-01-07 10:30:00,359.6
2021-01-07 10:40:00,361.03
2021-01-07 10:40:00,361.03
2021-01-07 10:40:00,361.03
2021-01-07 10:40:00,361.03
2021-01-07 10:40:00,361.03
2021-01-07 10:40:00,361.03
2021-01-07 10:50:00,326.14
2021-01-07 10:50:00,326.14
2021-01-07 10:50:00,326.14
2021-01-07 10:50:00,326.14
2021-01-07 10:50:00,326.14
2021-01-07 10:50:00,326.14
2021-01-07 11:00:00,188.42
2021-01-07 11:00:00,188.42
2021-01-07 11:00:00,188.42
2021-01-07 11:00:00,188.42
2021-01-07 11:00:00,188.42
2021-01-07 11:00:00,188.42
2021-01-07 11:10:00,121.3
2021-01-07 11:10:00,121.3
2021-01-07 11:10:00,121.3
2021-01-07 11:10:00,121.3
2021-01-07 11:10:00,121.3
2021-01-07 11:10:00,121.3
2021-01-07 11:20:00,127.21
2021-01-07 11:20:00,127.21
2021-01-07 11:20:00,127.21
2021-01-07 11:20:00,127.21
2021-01-07 11:20:00,127.21
2021-01-07 11:20:00,127.21
2021-01-07 11:30:00,60.17
2021-01-07 11:30:00,60.17
2021-01-07 11:30:00,60.17
2021-01-07 11:30:00,60.17
2021-01-07 11:30:00,60.17
2021-01-07 11:30:00,60.17
2021-01-07 11:40:00,80.76
2021-01-07 11:40:00,80.76
2021-01-07 11:40:00,80.76
2021-01-07 11:40:00,80.76
2021-01-07 11:40:00,80.76
2021-01-07 11:40:00,80.76
2021-01-07 11:50:00,86.04
2021-01-07 11:50:00,86.04
2021-01-07 11:50:00,86.04
2021-01-07 11:50:00,86.04
2021-01-07 11:50:00,86.04
2021-01-07 11:50:00,86.04
2021-01-07 12:00:00,61.91
2021-01-07 12:00:00,61.91
2021-01-07 12:00:00,61.91
2021-01-07 12:00:00,61.91
2021-01-07 12:00:00,61.91
2021-01-07 12:00:00,61.91
2021-01-07 12:10:00,48.87
2021-01-07 12:10:00,48.87
2021-01-07 12:10:00,48.87
2021-01-07 12:10:00,48.87
2021-01-07 12:10:00,48.87
2021-01-07 12:10:00,48.87
2021-01-07 12:20:00,15.91
2021-01-07 12:20:00,15.91
2021-01-07 12:20:00,15.91
2021-01-07 12:20:00,15.91
2021-01-07 12:20:00,15.91
2021-01-07 12:20:00,15.91
2021-01-07 12:30:00,0.0
2021-01-07 12:30:00,0.0
2021-01-07 12:30:00,0.0
2021-01-07 12:30:00,0.0
2021-01-07 12:30:00,0.0
2021-01-07 12:30:00,0.0
2021-01-07 12:40:00,0.0
2021-01-07 12:40:00,0.0
2021-01-07 12:40:00,0.0
2021-01-07 12:40:00,0.0
2021-01-07 12:40:00,0.0
2021-01-07 12:40:00,0.0
2021-01-07 12:50:00,0.0
2021-01-07 12:50:00,0.0
2021-01-07 12:50:00,0.0
2021-01-07 12:50:00,0.0
2021-01-07 12:50:00,0.0
2021-01-07 12:50:00,0.0
2021-01-07 13:00:00,0.0
2021-01-07 13:00:00,0.0
2021-01-07 13:00:00,0.0
2021-01-07 13:00:00,0.0
2021-01-07 13:00:00,0.0
2021-01-07 13:00:00,0.0
2021-01-07 13:10:00,0.0
2021-01-07 13:10:00,0.0
2021-01-07 13:10:00,0.0
2021-01-07 13:10:00,0.0
2021-01-07 13:10:00,0.0
2021-01-07 13:10:00,0.0
2021-01-07 13:20:00,0.0
2021-01-07 13:20:00,0.0
2021-01-07 13:20:00,0.0
2021-01-07 13:20:00,0.0
2021-01-07 13:20:00,0.0
2021-01-07 13:20:00,0.0
2021-01-07 13:30:00,0.0
2021-01-07 13:30:00,0.0
2021-01-07 13:30:00,0.0
2021-01-07 13:30:00,0.0
2021-01-07 13:30:00,0.0
2021-01-07 13:30:00,0.0
2021-01-07 13:40:00,0.0
2021-01-07 13:40:00,0.0
2021-01-07 13:40:00,0.0
2021-01-07 13:40:00,0.0
2021-01-07 13:40:00,0.0
2021-01-07 13:40:00,0.0
2021-01-07 13:50:00,0.0
2021-01-07 13:50:00,0.0
2021-01-07 13:50:00,0.0
2021-01-07 13:50:00,0.0
2021-01-07 13:50:00,0.0
2021-01-07 13:50:00,0.0
2021-01-07 14:00:00,0.0
2021-01-07 14:00:00,0.0
2021-01-07 14:00:00,0.0
2021-01-07 14:00:00,0.0
2021-01-07 14:00:00,0.0
2021-01-07 14:00:00,0.0
2021-01-07 14:10:00,0.0
2021-01-07 14:10:00,0.0
2021-01-07 14:10:00,0.0
2021-01-07 14:10:00,0.0
2021-01-07 14:10:00,0.0
2021-01-07 14:10:00,0.0
2021-01-07 14:20:00,0.0
2021-01-07 14:20:00,0.0
2021-01-07 14:20:00,0.0
2021-01-07 14:20:00,0.0
2021-01-07 14:20:00,0.0
2021-01-07 14:20:00,0.0
2021-01-07 14:30:00,0.0
2021-01-07 14:30:00,0.0
2021-01-07 14:30:00,0.0
2021-01-07 14:30:00,0.0
2021-01-07 14:30:00,0.0
2021-01-07 14:30:00,0.0
2021-01-07 14:40:00,0.0
2021-01-07 14:40:00,0.0
2021-01-07 14:40:00,0.0
2021-01-07 14:40:00,0.0
2021-01-07 14:40:00,0.0
2021-01-07 14:40:00,0.0
2021-01-07 14:50:00,0.0
2021-01-07 14:50:00,0.0
2021-01-07 14:50:00,0.0
2021-01-07 14:50:00,0.0
2021-01-07 14:50:00,0.0
2021-01-07 14:50:00,0.0
2021-01-07 15:00:00,0.0
2021-01-07 15:00:00,0.0
2021-01-07 15:00:00,0.0
2021-01-07 15:00:00,0.0
2021-01-07 15:00:00,0.0
2021-01-07 15:00:00,0.0
2021-01-07 15:10:00,0.0
2021-01-07 15:10:00,0.0
2021-01-07 15:10:00,0.0
2021-01-07 15:10:00,0.0
2021-01-07 15:10:00,0.0
2021-01-07 15:10:00,0.0
2021-01-07 15:20:00,0.0
2021-01-07 15:20:00,0.0
2021-01-07 15:20:00,0.0
2021-01-07 15:20:00,0.0
2021-01-07 15:20:00,0.0
2021-01-07 15:20:00,0.0
2021-01-07 15:30:00,0.0
2021-01-07 15:30:00,0.0
2021-01-07 15:30:00,0.0
2021-01-07 15:30:00,0.0
2021-01-07 15:30:00,0.0
2021-01-07 15:30:00,0.0
2021-01-07 15:40:00,0.0
2021-01-07 15:40:00,0.0
2021-01-07 15:40:00,0.0
2021-01-07 15:40:00,0.0
2021-01-07 15:40:00,0.0
2021-01-07 15:40:00,0.0
2021-01-07 15:50:00,0.0
2021-01-07 15:50:00,0.0
2021-01-07 15:50:00,0.0
2021-01-07 15:50:00,0.0
2021-01-07 15:50:00,0.0
2021-01-07 15:50:00,0.0
2021-01-07 16:00:00,0.0
2021-01-07 16:00:00,0.0
2021-01-07 16:00:00,0.0
2021-01-07 16:00:00,0.0
2021-01-07 16:00:00,0.0
2021-01-07 16:00:00,0.0
2021-01-07 16:10:00,0.0
2021-01-07 16:10:00,0.0
2021-01-07 16:10:00,0.0
2021-01-07 16:10:00,0.0
2021-01-07 16:10:00,0.0
2021-01-07 16:10:00,0.0
2021-01-07 16:20:00,0.0
2021-01-07 16:20:00,0.0
2021-01-07 16:20:00,0.0
2021-01-07 16:20:00,0.0
2021-01-07 16:20:00,0.0
2021-01-07 16:20:00,0.0
2021-01-07 16:30:00,0.0
2021-01-07 16:30:00,0.0
2021-01-07 16:30:00,0.0
2021-01-07 16:30:00,0.0
2021-01-07 16:30:00,0.0
2021-01-07 16:30:00,0.0
2021-01-07 16:40:00,0.0
2021-01-07 16:40:00,0.0
2021-01-07 16:40:00,0.0
2021-01-07 16:40:00,0.0
2021-01-07 16:40:00,0.0
2021-01-07 16:40:00,0.0
2021-01-07 16:50:00,0.0
2021-01-07 16:50:00,0.0
2021-01-07 16:50:00,0.0
2021-01-07 16:50:00,0.0
2021-01-07 16:50:00,0.0
2021-01-07 16:50:00,0.0
2021-01-07 17:00:00,0.0
2021-01-07 17:00:00,0.0
2021-01-07 17:00:00,0.0
2021-01-07 17:00:00,0.0
2021-01-07 17:00:00,0.0
2021-01-07 17:00:00,0.0
2021-01-07 17:10:00,0.0
2021-01-07 17:10:00,0.0
2021-01-07 17:10:00,0.0
2021-01-07 17:10:00,0.0
2021-01-07 17:10:00,0.0
2021-01-07 17:10:00,0.0
2021-01-07 17:20:00,0.0
2021-01-07 17:20:00,0.0
2021-01-07 17:20:00,0.0
2021-01-07 17:20:00,0.0
2021-01-07 17:20:00,0.0
2021-01-07 17:20:00,0.0
2021-01-07 17:30:00,0.0
2021-01-07 17:30:00,0.0
2021-01-07 17:30:00,0.0
2021-01-07 17:30:00,0.0
2021-01-07 17:30:00,0.0
2021-01-07 17:30:00,0.0
2021-01-07 17:40:00,0.0
2021-01-07 17:40:00,0.0
2021-01-07 17:40:00,0.0
2021-01-07 17:40:00,0.0
2021-01-07 17:40:00,0.0
2021-01-07 17:40:00,0.0
2021-01-07 17:50:00,0.0
2021-01-07 17:50:00,0.0
2021-01-07 17:50:00,0.0
2021-01-07 17:50:00,0.0
2021-01-07 17:50:00,0.0
2021-01-07 17:50:00,0.0
2021-01-07 18:00:00,0.0
2021-01-07 18:00:00,0.0
2021-01-07 18:00:00,0.0
2021-01-07 18:00:00,0.0
2021-01-07 18:00:00,0.0
2021-01-07 18:00:00,0.0
2021-01-07 18:10:00,0.0
2021-01-07 18:10:00,0.0
2021-01-07 18:10:00,0.0
2021-01-07 18:10:00,0.0
2021-01-07 18:10:00,0.0
2021-01-07 18:10:00,0.0
2021-01-07 18:20:00,0.0
2021-01-07 18:20:00,0.0
2021-01-07 18:20:00,0.0
2021-01-07 18:20:00,0.0
2021-01-07 18:20:00,0.0
2021-01-07 18:20:00,0.0
2021-01-07 18:30:00,0.0
2021-01-07 18:30:00,0.0
2021-01-07 18:30:00,0.0
2021-01-07 18:30:00,0.0
2021-01-07 18:30:00,0.0
2021-01-07 18:30:00,0.0
2021-01-07 18:40:00,0.0
2021-01-07 18:40:00,0.0
2021-01-07 18:40:00,0.0
2021-01-07 18:40:00,0.0
2021-01-07 18:40:00,0.0
2021-01-07 18:40:00,0.0
2021-01-07 18:50:00,0.0
2021-01-07 18:50:00,0.0
2021-01-07 18:50:00,0.0
2021-01-07 18:50:00,0.0
2021-01-07 18:50:00,0.0
2021-01-07 18:50:00,0.0
2021-01-07 19:00:00,0.0
2021-01-07 19:00:00,0.0
2021-01-07 19:00:00,0.0
2021-01-07 19:00:00,0.0
2021-01-07 19:00:00,0.0
2021-01-07 19:00:00,0.0
2021-01-07 19:10:00,0.0
2021-01-07 19:10:00,0.0
2021-01-07 19:10:00,0.0
2021-01-07 19:10:00,0.0
2021-01-07 19:10:00,0.0
2021-01-07 19:10:00,0.0
2021-01-07 19:20:00,0.0
2021-01-07 19:20:00,0.0
2021-01-07 19:20:00,0.0
2021-01-07 19:20:00,0.0
2021-01-07 19:20:00,0.0
2021-01-07 19:20:00,0.0
2021-01-07 19:30:00,0.0
2021-01-07 19:30:00,0.0
2021-01-07 19:30:00,0.0
2021-01-07 19:30:00,0.0
2021-01-07 19:30:00,0.0
2021-01-07 19:30:00,0.0
2021-01-07 19:40:00,0.0
2021-01-07 19:40:00,0.0
2021-01-07 19:40:00,0.0
2021-01-07 19:40:00,0.0
2021-01-07 19:40:00,0.0
2021-01-07 19:40:00,0.0
2021-01-07 19:50:00,0.0
2021-01-07 19:50:00,0.0
2021-01-07 19:50:00,0.0
2021-01-07 19:50:00,0.0
2021-01-07 19:50:00,0.0
2021-01-07 19:50:00,0.0
2021-01-07 20:00:00,0.0
2021-01-07 20:00:00,0.0
2021-01-07 20:00:00,0.0
2021-01-07 20:00:00,0.0
2021-01-07 20:00:00,0.0
2021-01-07 20:00:00,0.0
2021-01-07 20:10:00,0.0
2021-01-07 20:10:00,0.0
2021-01-07 20:10:00,0.0
2021-01-07 20:10:00,0.0
2021-01-07 20:10:00,0.0
2021-01-07 20:10:00,0.0
2021-01-07 20:20:00,0.0
2021-01-07 20:20:00,0.0
2021-01-07 20:20:00,0.0
2021-01-07 20:20:00,0.0
2021-01-07 20:20:00,0.0
2021-01-07 20:20:00,0.0
2021-01-07 20:30:00,0.0
2021-01-07 20:30:00,0.0
2021-01-07 20:30:00,0.0
2021-01-07 20:30:00,0.0
2021-01-07 20:30:00,0.0
2021-01-07 20:30:00,0.0
2021-01-07 20:40:00,0.0
2021-01-07 20:40:00,0.0
2021-01-07 20:40:00,0.0
2021-01-07 20:40:00,0.0
2021-01-07 20:40:00,0.0
2021-01-07 20:40:00,0.0
2021-01-07 20:50:00,165.88
2021-01-07 20:50:00,165.88
2021-01-07 20:50:00,165.88
2021-01-07 20:50:00,165.88
2021-01-07 20:50:00,165.88
2021-01-07 20:50:00,165.88
2021-01-07 21:00:00,176.16
2021-01-07 21:00:00,176.16
2021-01-07 21:00:00,176.16
2021-01-07 21:00:00,176.16
2021-01-07 21:00:00,176.16
2021-01-07 21:00:00,176.16
2021-01-07 21:10:00,185.82
2021-01-07 21:10:00,185.82
2021-01-07 21:10:00,185.82
2021-01-07 21:10:00,185.82
2021-01-07 21:10:00,185.82
2021-01-07 21:10:00,185.82
2021-01-07 21:20:00,199.87
2021-01-07 21:20:00,199.87
2021-01-07 21:20:00,199.87
2021-01-07 21:20:00,199.87
2021-01-07 21:20:00,199.87
2021-01-07 21:20:00,199.87
2021-01-07 21:30:00,124.97
2021-01-07 21:30:00,124.97
2021-01-07 21:30:00,124.97
2021-01-07 21:30:00,124.97
2021-01-07 21:30:00,124.97
2021-01-07 21:30:00,124.97
2021-01-07 21:40:00,119.53
2021-01-07 21:40:00,119.53
2021-01-07 21:40:00,119.53
2021-01-07 21:40:00,119.53
2021-01-07 21:40:00,119.53
2021-01-07 21:40:00,119.53
2021-01-07 21:50:00,137.76
2021-01-07 21:50:00,137.76
2021-01-07 21:50:00,137.76
2021-01-07 21:50:00,137.76
2021-01-07 21:50:00,137.76
2021-01-07 21:50:00,137.76
2021-01-07 22:00:00,224.92
2021-01-07 22:00:00,224.92
2021-01-07 22:00:00,224.92
2021-01-07 22:00:00,224.92
2021-01-07 22:00:00,224.92
2021-01-07 22:00:00,224.92
2021-01-07 22:10:00,494.55
2021-01-07 22:10:00,494.55
2021-01-07 22:10:00,494.55
2021-01-07 22:10:00,494.55
2021-01-07 22:10:00,494.55
2021-01-07 22:10:00,494.55
2021-01-07 22:20:00,738.23
2021-01-07 22:20:00,738.23
2021-01-07 22:20:00,738.23
2021-01-07 22:20:00,738.23
2021-01-07 22:20:00,738.23
2021-01-07 22:20:00,738.23
2021-01-07 22:30:00,1001.26
2021-01-07 22:30:00,1001.26
2021-01-07 22:30:00,1001.26
2021-01-07 22:30:00,1001.26
2021-01-07 22:30:00,1001.26
2021-01-07 22:30:00,1001.26
2021-01-07 22:40:00,1241.05
2021-01-07 22:40:00,1241.05
2021-01-07 22:40:00,1241.05
2021-01-07 22:40:00,1241.05
2021-01-07 22:40:00,1241.05
2021-01-07 22:40:00,1241.05
2021-01-07 22:50:00,1279.92
2021-01-07 22:50:00,1279.92
2021-01-07 22:50:00,1279.92
2021-01-07 22:50:00,1279.92
2021-01-07 22:50:00,1279.92
2021-01-07 22:50:00,1279.92
2021-01-07 23:00:00,1372.69
2021-01-07 23:00:00,1372.69
2021-01-07 23:00:00,1372.69
2021-01-07 23:00:00,1372.69
2021-01-07 23:00:00,1372.69
2021-01-07 23:00:00,1372.69
2021-01-07 23:10:00,1283.82
2021-01-07 23:10:00,1283.82
2021-01-07 23:10:00,1283.82
2021-01-07 23:10:00,1283.82
2021-01-07 23:10:00,1283.82
2021-01-07 23:10:00,1283.82
2021-01-07 23:20:00,1288.5
2021-01-07 23:20:00,1288.5
2021-01-07 23:20:00,1288.5
2021-01-07 23:20:00,1288.5
2021-01-07 23:20:00,1288.5
2021-01-07 23:20:00,1288.5
2021-01-07 23:30:00,1251.68
2021-01-07 23:30:00,1251.68
2021-01-07 23:30:00,1251.68
2021-01-07 23:30:00,1251.68
2021-01-07 23:30:00,1251.68
2021-01-07 23:30:00,1251.68
2021-01-07 23:40:00,1078.27
2021-01-07 23:40:00,1078.27
2021-01-07 23:40:00,1078.27
2021-01-07 23:40:00,1078.27
2021-01-07 23:40:00,1078.27
2021-01-07 23:40:00,1078.27
2021-01-07 23:50:00,1017.97
2021-01-07 23:50:00,1017.97
2021-01-07 23:50:00,1017.97
2021-01-07 23:50:00,1017.97
2021-01-07 23:50:00,1017.97
2021-01-07 23:50:00,1017.97
2021-01-08 00:00:00,1200.1
2021-01-08 00:00:00,1200.1
2021-01-08 00:00:00,1200.1
2021-01-08 00:00:00,1200.1
2021-01-08 00:00:00,1200.1
2021-01-08 00:00:00,1200.1
2021-01-08 00:10:00,1382.23
2021-01-08 00:10:00,1382.23
2021-01-08 00:10:00,1382.23
2021-01-08 00:10:00,1382.23
2021-01-08 00:10:00,1382.23
2021-01-08 00:10:00,1382.23
2021-01-08 00:20:00,808.8
2021-01-08 00:20:00,808.8
2021-01-08 00:20:00,808.8
2021-01-08 00:20:00,808.8
2021-01-08 00:20:00,808.8
2021-01-08 00:20:00,808.8
2021-01-08 00:30:00,520.51
2021-01-08 00:30:00,520.51
2021-01-08 00:30:00,520.51
2021-01-08 00:30:00,520.51
2021-01-08 00:30:00,520.51
2021-01-08 00:30:00,520.51
2021-01-08 00:40:00,782.17
2021-01-08 00:40:00,782.17
2021-01-08 00:40:00,782.17
2021-01-08 00:40:00,782.17
2021-01-08 00:40:00,782.17
2021-01-08 00:40:00,782.17
2021-01-08 00:50:00,714.47
2021-01-08 00:50:00,714.47
2021-01-08 00:50:00,714.47
2021-01-08 00:50:00,714.47
2021-01-08 00:50:00,714.47
2021-01-08 00:50:00,714.47
2021-01-08 01:00:00,810.72
2021-01-08 01:00:00,810.72
2021-01-08 01:00:00,810.72
2021-01-08 01:00:00,810.72
2021-01-08 01:00:00,810.72
2021-01-08 01:00:00,810.72
2021-01-08 01:10:00,944.93
2021-01-08 01:10:00,944.93
2021-01-08 01:10:00,944.93
2021-01-08 01:10:00,944.93
2021-01-08 01:10:00,944.93
2021-01-08 01:10:00,944.93
2021-01-08 01:20:00,1133.61
2021-01-08 01:20:00,1133.61
2021-01-08 01:20:00,1133.61
2021-01-08 01:20:00,1133.61
2021-01-08 01:20:00,1133.61
2021-01-08 01:20:00,1133.61
2021-01-08 01:30:00,1002.66
2021-01-08 01:30:00,1002.66
2021-01-08 01:30:00,1002.66
2021-01-08 01:30:00,1002.66
2021-01-08 01:30:00,1002.66
2021-01-08 01:30:00,1002.66
2021-01-08 01:40:00,1182.68
2021-01-08 01:40:00,1182.68
2021-01-08 01:40:00,1182.68
2021-01-08 01:40:00,1182.68
2021-01-08 01:40:00,1182.68
2021-01-08 01:40:00,1182.68
2021-01-08 01:50:00,1171.36
2021-01-08 01:50:00,1171.36
2021-01-08 01:50:00,1171.36
2021-01-08 01:50:00,1171.36
2021-01-08 01:50:00,1171.36
2021-01-08 01:50:00,1171.36
2021-01-08 02:00:00,1343.7
2021-01-08 02:00:00,1343.7
2021-01-08 02:00:00,1343.7
2021-01-08 02:00:00,1343.7
2021-01-08 02:00:00,1343.7
2021-01-08 02:00:00,1343.7
2021-01-08 02:10:00,1248.71
2021-01-08 02:10:00,1248.71
2021-01-08 02:10:00,1248.71
2021-01-08 02:10:00,1248.71
2021-01-08 02:10:00,1248.71
2021-01-08 02:10:00,1248.71
2021-01-08 02:20:00,1274.13
2021-01-08 02:20:00,1274.13
2021-01-08 02:20:00,1274.13
2021-01-08 02:20:00,1274.13
2021-01-08 02:20:00,1274.13
2021-01-08 02:20:00,1274.13
2021-01-08 02:30:00,1098.99
2021-01-08 02:30:00,1098.99
2021-01-08 02:30:00,1098.99
2021-01-08 02:30:00,1098.99
2021-01-08 02:30:00,1098.99
2021-01-08 02:30:00,1098.99
2021-01-08 02:40:00,1157.6
2021-01-08 02:40:00,1157.6
2021-01-08 02:40:00,1157.6
2021-01-08 02:40:00,1157.6
2021-01-08 02:40:00,1157.6
2021-01-08 02:40:00,1157.6
2021-01-08 02:50:00,1402.35
2021-01-08 02:50:00,1402.35
2021-01-08 02:50:00,1402.35
2021-01-08 02:50:00,1402.35
2021-01-08 02:50:00,1402.35
2021-01-08 02:50:00,1402.35
2021-01-08 03:00:00,1516.86
2021-01-08 03:00:00,1516.86
2021-01-08 03:00:00,1516.86
2021-01-08 03:00:00,1516.86
2021-01-08 03:00:00,1516.86
2021-01-08 03:00:00,1516.86
2021-01-08 03:10:00,1485.42
2021-01-08 03:10:00,1485.42
2021-01-08 03:10:00,1485.42
2021-01-08 03:10:00,1485.42
2021-01-08 03:10:00,1485.42
2021-01-08 03:10:00,1485.42
2021-01-08 03:20:00,1387.69
2021-01-08 03:20:00,1387.69
2021-01-08 03:20:00,1387.69
2021-01-08 03:20:00,1387.69
2021-01-08 03:20:00,1387.69
2021-01-08 03:20:00,1387.69
2021-01-08 03:30:00,1264.66
2021-01-08 03:30:00,1264.66
2021-01-08 03:30:00,1264.66
2021-01-08 03:30:00,1264.66
2021-01-08 03:30:00,1264.66
2021-01-08 03:30:00,1264.66
2021-01-08 03:40:00,1272.68
2021-01-08 03:40:00,1272.68
2021-01-08 03:40:00,1272.68
2021-01-08 03:40:00,1272.68
2021-01-08 03:40:00,1272.68
2021-01-08 03:40:00,1272.68
2021-01-08 03:50:00,1355.36
2021-01-08 03:50:00,1355.36
2021-01-08 03:50:00,1355.36
2021-01-08 03:50:00,1355.36
2021-01-08 03:50:00,1355.36
2021-01-08 03:50:00,1355.36
2021-01-08 04:00:00,1360.84
2021-01-08 04:00:00,1360.84
2021-01-08 04:00:00,1360.84
2021-01-08 04:00:00,1360.84
2021-01-08 04:00:00,1360.84
2021-01-08 04:00:00,1360.84
2021-01-08 04:10:00,1487.8
2021-01-08 04:10:00,1487.8
2021-01-08 04:10:00,1487.8
2021-01-08 04:10:00,1487.8
2021-01-08 04:10:00,1487.8
2021-01-08 04:10:00,1487.8
2021-01-08 04:20:00,1520.72
2021-01-08 04:20:00,1520.72
2021-01-08 04:20:00,1520.72
2021-01-08 04:20:00,1520.72
2021-01-08 04:20:00,1520.72
2021-01-08 04:20:00,1520.72
2021-01-08 04:30:00,1520.35
2021-01-08 04:30:00,1520.35
2021-01-08 04:30:00,1520.35
2021-01-08 04:30:00,1520.35
2021-01-08 04:30:00,1520.35
2021-01-08 04:30:00,1520.35
2021-01-08 04:40:00,1520.06
2021-01-08 04:40:00,1520.06
2021-01-08 04:40:00,1520.06
2021-01-08 04:40:00,1520.06
2021-01-08 04:40:00,1520.06
2021-01-08 04:40:00,1520.06
2021-01-08 04:50:00,1520.15
2021-01-08 04:50:00,1520.15
2021-01-08 04:50:00,1520.15
2021-01-08 04:50:00,1520.15
2021-01-08 04:50:00,1520.15
2021-01-08 04:50:00,1520.15
2021-01-08 05:00:00,1520.01
2021-01-08 05:00:00,1520.01
2021-01-08 05:00:00,1520.01
2021-01-08 05:00:00,1520.01
2021-01-08 05:00:00,1520.01
2021-01-08 05:00:00,1520.01
2021-01-08 05:10:00,1519.9
2021-01-08 05:10:00,1519.9
2021-01-08 05:10:00,1519.9
2021-01-08 05:10:00,1519.9
2021-01-08 05:10:00,1519.9
2021-01-08 05:10:00,1519.9
2021-01-08 05:20:00,1519.93
2021-01-08 05:20:00,1519.93
2021-01-08 05:20:00,1519.93
2021-01-08 05:20:00,1519.93
2021-01-08 05:20:00,1519.93
2021-01-08 05:20:00,1519.93
2021-01-08 05:30:00,1519.93
2021-01-08 05:30:00,1519.93
2021-01-08 05:30:00,1519.93
2021-01-08 05:30:00,1519.93
2021-01-08 05:30:00,1519.93
2021-01-08 05:30:00,1519.93
2021-01-08 05:40:00,1519.91
2021-01-08 05:40:00,1519.91
2021-01-08 05:40:00,1519.91
2021-01-08 05:40:00,1519.91
2021-01-08 05:40:00,1519.91
2021-01-08 05:40:00,1519.91
2021-01-08 05:50:00,1519.86
2021-01-08 05:50:00,1519.86
2021-01-08 05:50:00,1519.86
2021-01-08 05:50:00,1519.86
2021-01-08 05:50:00,1519.86
2021-01-08 05:50:00,1519.86
2021-01-08 06:00:00,1519.69
2021-01-08 06:00:00,1519.69
2021-01-08 06:00:00,1519.69
2021-01-08 06:00:00,1519.69
2021-01-08 06:00:00,1519.69
2021-01-08 06:00:00,1519.69
2021-01-08 06:10:00,1519.7
2021-01-08 06:10:00,1519.7
2021-01-08 06:10:00,1519.7
2021-01-08 06:10:00,1519.7
2021-01-08 06:10:00,1519.7
2021-01-08 06:10:00,1519.7
2021-01-08 06:20:00,1519.82
2021-01-08 06:20:00,1519.82
2021-01-08 06:20:00,1519.82
2021-01-08 06:20:00,1519.82
2021-01-08 06:20:00,1519.82
2021-01-08 06:20:00,1519.82
2021-01-08 06:30:00,1519.99
2021-01-08 06:30:00,1519.99
2021-01-08 06:30:00,1519.99
2021-01-08 06:30:00,1519.99
2021-01-08 06:30:00,1519.99
2021-01-08 06:30:00,1519.99
2021-01-08 06:40:00,1519.75
2021-01-08 06:40:00,1519.75
2021-01-08 06:40:00,1519.75
2021-01-08 06:40:00,1519.75
2021-01-08 06:40:00,1519.75
2021-01-08 06:40:00,1519.75
2021-01-08 06:50:00,1519.77
2021-01-08 06:50:00,1519.77
2021-01-08 06:50:00,1519.77
2021-01-08 06:50:00,1519.77
2021-01-08 06:50:00,1519.77
2021-01-08 06:50:00,1519.77
2021-01-08 07:00:00,1519.46
2021-01-08 07:00:00,1519.46
2021-01-08 07:00:00,1519.46
2021-01-08 07:00:00,1519.46
2021-01-08 07:00:00,1519.46
2021-01-08 07:00:00,1519.46
2021-01-08 07:10:00,1519.98
2021-01-08 07:10:00,1519.98
2021-01-08 07:10:00,1519.98
2021-01-08 07:10:00,1519.98
2021-01-08 07:10:00,1519.98
2021-01-08 07:10:00,1519.98
2021-01-08 07:20:00,1519.43
2021-01-08 07:20:00,1519.43
2021-01-08 07:20:00,1519.43
2021-01-08 07:20:00,1519.43
2021-01-08 07:20:00,1519.43
2021-01-08 07:20:00,1519.43
2021-01-08 07:30:00,1519.91
2021-01-08 07:30:00,1519.91
2021-01-08 07:30:00,1519.91
2021-01-08 07:30:00,1519.91
2021-01-08 07:30:00,1519.91
2021-01-08 07:30:00,1519.91
2021-01-08 07:40:00,1519.81
2021-01-08 07:40:00,1519.81
2021-01-08 07:40:00,1519.81
2021-01-08 07:40:00,1519.81
2021-01-08 07:40:00,1519.81
2021-01-08 07:40:00,1519.81
2021-01-08 07:50:00,1519.83
2021-01-08 07:50:00,1519.83
2021-01-08 07:50:00,1519.83
2021-01-08 07:50:00,1519.83
2021-01-08 07:50:00,1519.83
2021-01-08 07:50:00,1519.83
2021-01-08 08:00:00,1519.78
2021-01-08 08:00:00,1519.78
2021-01-08 08:00:00,1519.78
2021-01-08 08:00:00,1519.78
2021-01-08 08:00:00,1519.78
2021-01-08 08:00:00,1519.78
2021-01-08 08:10:00,1519.48
2021-01-08 08:10:00,1519.48
2021-01-08 08:10:00,1519.48
2021-01-08 08:10:00,1519.48
2021-01-08 08:10:00,1519.48
2021-01-08 08:10:00,1519.48
2021-01-08 08:20:00,1519.83
2021-01-08 08:20:00,1519.83
2021-01-08 08:20:00,1519.83
2021-01-08 08:20:00,1519.83
2021-01-08 08:20:00,1519.83
2021-01-08 08:20:00,1519.83
2021-01-08 08:30:00,1519.68
2021-01-08 08:30:00,1519.68
2021-01-08 08:30:00,1519.68
2021-01-08 08:30:00,1519.68
2021-01-08 08:30:00,1519.68
2021-01-08 08:30:00,1519.68
2021-01-08 08:40:00,1519.61
2021-01-08 08:40:00,1519.61
2021-01-08 08:40:00,1519.61
2021-01-08 08:40:00,1519.61
2021-01-08 08:40:00,1519.61
2021-01-08 08:40:00,1519.61
2021-01-08 08:50:00,1519.63
2021-01-08 08:50:00,1519.63
2021-01-08 08:50:00,1519.63
2021-01-08 08:50:00,1519.63
2021-01-08 08:50:00,1519.63
2021-01-08 08:50:00,1519.63
2021-01-08 09:00:00,1519.54
2021-01-08 09:00:00,1519.54
2021-01-08 09:00:00,1519.54
2021-01-08 09:00:00,1519.54
2021-01-08 09:00:00,1519.54
2021-01-08 09:00:00,1519.54
2021-01-08 09:10:00,1519.68
2021-01-08 09:10:00,1519.68
2021-01-08 09:10:00,1519.68
2021-01-08 09:10:00,1519.68
2021-01-08 09:10:00,1519.68
2021-01-08 09:10:00,1519.68
2021-01-08 09:20:00,1519.59
2021-01-08 09:20:00,1519.59
2021-01-08 09:20:00,1519.59
2021-01-08 09:20:00,1519.59
2021-01-08 09:20:00,1519.59
2021-01-08 09:20:00,1519.59
2021-01-08 09:30:00,1519.78
2021-01-08 09:30:00,1519.78
2021-01-08 09:30:00,1519.78
2021-01-08 09:30:00,1519.78
2021-01-08 09:30:00,1519.78
2021-01-08 09:30:00,1519.78
2021-01-08 09:40:00,1519.53
2021-01-08 09:40:00,1519.53
2021-01-08 09:40:00,1519.53
2021-01-08 09:40:00,1519.53
2021-01-08 09:40:00,1519.53
2021-01-08 09:40:00,1519.53
2021-01-08 09:50:00,1519.78
2021-01-08 09:50:00,1519.78
2021-01-08 09:50:00,1519.78
2021-01-08 09:50:00,1519.78
2021-01-08 09:50:00,1519.78
2021-01-08 09:50:00,1519.78
2021-01-08 10:00:00,1519.28
2021-01-08 10:00:00,1519.28
2021-01-08 10:00:00,1519.28
2021-01-08 10:00:00,1519.28
2021-01-08 10:00:00,1519.28
2021-01-08 10:00:00,1519.28
2021-01-08 10:10:00,1518.62
2021-01-08 10:10:00,1518.62
2021-01-08 10:10:00,1518.62
2021-01-08 10:10:00,1518.62
2021-01-08 10:10:00,1518.62
2021-01-08 10:10:00,1518.62
2021-01-08 10:20:00,1518.56
2021-01-08 10:20:00,1518.56
2021-01-08 10:20:00,1518.56
2021-01-08 10:20:00,1518.56
2021-01-08 10:20:00,1518.56
2021-01-08 10:20:00,1518.56
2021-01-08 10:30:00,1518.98
2021-01-08 10:30:00,1518.98
2021-01-08 10:30:00,1518.98
2021-01-08 10:30:00,1518.98
2021-01-08 10:30:00,1518.98
2021-01-08 10:30:00,1518.98
2021-01-08 10:40:00,1519.98
2021-01-08 10:40:00,1519.98
2021-01-08 10:40:00,1519.98
2021-01-08 10:40:00,1519.98
2021-01-08 10:40:00,1519.98
2021-01-08 10:40:00,1519.98
2021-01-08 10:50:00,1519.08
2021-01-08 10:50:00,1519.08
2021-01-08 10:50:00,1519.08
2021-01-08 10:50:00,1519.08
2021-01-08 10:50:00,1519.08
2021-01-08 10:50:00,1519.08
2021-01-08 11:00:00,1519.57
2021-01-08 11:00:00,1519.57
2021-01-08 11:00:00,1519.57
2021-01-08 11:00:00,1519.57
2021-01-08 11:00:00,1519.57
2021-01-08 11:00:00,1519.57
2021-01-08 11:10:00,1518.98
2021-01-08 11:10:00,1518.98
2021-01-08 11:10:00,1518.98
2021-01-08 11:10:00,1518.98
2021-01-08 11:10:00,1518.98
2021-01-08 11:10:00,1518.98
2021-01-08 11:20:00,1519.1
2021-01-08 11:20:00,1519.1
2021-01-08 11:20:00,1519.1
2021-01-08 11:20:00,1519.1
2021-01-08 11:20:00,1519.1
2021-01-08 11:20:00,1519.1
2021-01-08 11:30:00,1519.95
2021-01-08 11:30:00,1519.95
2021-01-08 11:30:00,1519.95
2021-01-08 11:30:00,1519.95
2021-01-08 11:30:00,1519.95
2021-01-08 11:30:00,1519.95
2021-01-08 11:40:00,1519.71
2021-01-08 11:40:00,1519.71
2021-01-08 11:40:00,1519.71
2021-01-08 11:40:00,1519.71
2021-01-08 11:40:00,1519.71
2021-01-08 11:40:00,1519.71
2021-01-08 11:50:00,1519.07
2021-01-08 11:50:00,1519.07
2021-01-08 11:50:00,1519.07
2021-01-08 11:50:00,1519.07
2021-01-08 11:50:00,1519.07
2021-01-08 11:50:00,1519.07
2021-01-08 12:00:00,1519.43
2021-01-08 12:00:00,1519.43
2021-01-08 12:00:00,1519.43
2021-01-08 12:00:00,1519.43
2021-01-08 12:00:00,1519.43
2021-01-08 12:00:00,1519.43
2021-01-08 12:10:00,1519.77
2021-01-08 12:10:00,1519.77
2021-01-08 12:10:00,1519.77
2021-01-08 12:10:00,1519.77
2021-01-08 12:10:00,1519.77
2021-01-08 12:10:00,1519.77
2021-01-08 12:20:00,1519.85
2021-01-08 12:20:00,1519.85
2021-01-08 12:20:00,1519.85
2021-01-08 12:20:00,1519.85
2021-01-08 12:20:00,1519.85
2021-01-08 12:20:00,1519.85
2021-01-08 12:30:00,1519.37
2021-01-08 12:30:00,1519.37
2021-01-08 12:30:00,1519.37
2021-01-08 12:30:00,1519.37
2021-01-08 12:30:00,1519.37
2021-01-08 12:30:00,1519.37
2021-01-08 12:40:00,1519.86
2021-01-08 12:40:00,1519.86
2021-01-08 12:40:00,1519.86
2021-01-08 12:40:00,1519.86
2021-01-08 12:40:00,1519.86
2021-01-08 12:40:00,1519.86
2021-01-08 12:50:00,1519.44
2021-01-08 12:50:00,1519.44
2021-01-08 12:50:00,1519.44
2021-01-08 12:50:00,1519.44
2021-01-08 12:50:00,1519.44
2021-01-08 12:50:00,1519.44
2021-01-08 13:00:00,1519.61
2021-01-08 13:00:00,1519.61
2021-01-08 13:00:00,1519.61
2021-01-08 13:00:00,1519.61
2021-01-08 13:00:00,1519.61
2021-01-08 13:00:00,1519.61
2021-01-08 13:10:00,1519.33
2021-01-08 13:10:00,1519.33
2021-01-08 13:10:00,1519.33
2021-01-08 13:10:00,1519.33
2021-01-08 13:10:00,1519.33
2021-01-08 13:10:00,1519.33
2021-01-08 13:20:00,1519.84
2021-01-08 13:20:00,1519.84
2021-01-08 13:20:00,1519.84
2021-01-08 13:20:00,1519.84
2021-01-08 13:20:00,1519.84
2021-01-08 13:20:00,1519.84
2021-01-08 13:30:00,1519.04
2021-01-08 13:30:00,1519.04
2021-01-08 13:30:00,1519.04
2021-01-08 13:30:00,1519.04
2021-01-08 13:30:00,1519.04
2021-01-08 13:30:00,1519.04
2021-01-08 13:40:00,1517.09
2021-01-08 13:40:00,1517.09
2021-01-08 13:40:00,1517.09
2021-01-08 13:40:00,1517.09
2021-01-08 13:40:00,1517.09
2021-01-08 13:40:00,1517.09
2021-01-08 13:50:00,1516.02
2021-01-08 13:50:00,1516.02
2021-01-08 13:50:00,1516.02
2021-01-08 13:50:00,1516.02
2021-01-08 13:50:00,1516.02
2021-01-08 13:50:00,1516.02
2021-01-08 14:00:00,1516.58
2021-01-08 14:00:00,1516.58
2021-01-08 14:00:00,1516.58
2021-01-08 14:00:00,1516.58
2021-01-08 14:00:00,1516.58
2021-01-08 14:00:00,1516.58
2021-01-08 14:10:00,1511.42
2021-01-08 14:10:00,1511.42
2021-01-08 14:10:00,1511.42
2021-01-08 14:10:00,1511.42
2021-01-08 14:10:00,1511.42
2021-01-08 14:10:00,1511.42
2021-01-08 14:20:00,1519.2
2021-01-08 14:20:00,1519.2
2021-01-08 14:20:00,1519.2
2021-01-08 14:20:00,1519.2
2021-01-08 14:20:00,1519.2
2021-01-08 14:20:00,1519.2
2021-01-08 14:30:00,1485.03
2021-01-08 14:30:00,1485.03
2021-01-08 14:30:00,1485.03
2021-01-08 14:30:00,1485.03
2021-01-08 14:30:00,1485.03
2021-01-08 14:30:00,1485.03
2021-01-08 14:40:00,1485.09
2021-01-08 14:40:00,1485.09
2021-01-08 14:40:00,1485.09
2021-01-08 14:40:00,1485.09
2021-01-08 14:40:00,1485.09
2021-01-08 14:40:00,1485.09
2021-01-08 14:50:00,1485.3
2021-01-08 14:50:00,1485.3
2021-01-08 14:50:00,1485.3
2021-01-08 14:50:00,1485.3
2021-01-08 14:50:00,1485.3
2021-01-08 14:50:00,1485.3
2021-01-08 15:00:00,1503.6
2021-01-08 15:00:00,1503.6
2021-01-08 15:00:00,1503.6
2021-01-08 15:00:00,1503.6
2021-01-08 15:00:00,1503.6
2021-01-08 15:00:00,1503.6
2021-01-08 15:10:00,1472.64
2021-01-08 15:10:00,1472.64
2021-01-08 15:10:00,1472.64
2021-01-08 15:10:00,1472.64
2021-01-08 15:10:00,1472.64
2021-01-08 15:10:00,1472.64
2021-01-08 15:20:00,1450.22
2021-01-08 15:20:00,1450.22
2021-01-08 15:20:00,1450.22
2021-01-08 15:20:00,1450.22
2021-01-08 15:20:00,1450.22
2021-01-08 15:20:00,1450.22
2021-01-08 15:30:00,1406.98
2021-01-08 15:30:00,1406.98
2021-01-08 15:30:00,1406.98
2021-01-08 15:30:00,1406.98
2021-01-08 15:30:00,1406.98
2021-01-08 15:30:00,1406.98
2021-01-08 15:40:00,1457.52
2021-01-08 15:40:00,1457.52
2021-01-08 15:40:00,1457.52
2021-01-08 15:40:00,1457.52
2021-01-08 15:40:00,1457.52
2021-01-08 15:40:00,1457.52
2021-01-08 15:50:00,1409.59
2021-01-08 15:50:00,1409.59
2021-01-08 15:50:00,1409.59
2021-01-08 15:50:00,1409.59
2021-01-08 15:50:00,1409.59
2021-01-08 15:50:00,1409.59
2021-01-08 16:00:00,1155.83
2021-01-08 16:00:00,1155.83
2021-01-08 16:00:00,1155.83
2021-01-08 16:00:00,1155.83
2021-01-08 16:00:00,1155.83
2021-01-08 16:00:00,1155.83
2021-01-08 16:10:00,1021.45
2021-01-08 16:10:00,1021.45
2021-01-08 16:10:00,1021.45
2021-01-08 16:10:00,1021.45
2021-01-08 16:10:00,1021.45
2021-01-08 16:10:00,1021.45
2021-01-08 16:20:00,1059.89
2021-01-08 16:20:00,1059.89
2021-01-08 16:20:00,1059.89
2021-01-08 16:20:00,1059.89
2021-01-08 16:20:00,1059.89
2021-01-08 16:20:00,1059.89
2021-01-08 16:30:00,980.09
2021-01-08 16:30:00,980.09
2021-01-08 16:30:00,980.09
2021-01-08 16:30:00,980.09
2021-01-08 16:30:00,980.09
2021-01-08 16:30:00,980.09
2021-01-08 16:40:00,1094.52
2021-01-08 16:40:00,1094.52
2021-01-08 16:40:00,1094.52
2021-01-08 16:40:00,1094.52
2021-01-08 16:40:00,1094.52
2021-01-08 16:40:00,1094.52
2021-01-08 16:50:00,966.97
2021-01-08 16:50:00,966.97
2021-01-08 16:50:00,966.97
2021-01-08 16:50:00,966.97
2021-01-08 16:50:00,966.97
2021-01-08 16:50:00,966.97
2021-01-08 17:00:00,937.53
2021-01-08 17:00:00,937.53
2021-01-08 17:00:00,937.53
2021-01-08 17:00:00,937.53
2021-01-08 17:00:00,937.53
2021-01-08 17:00:00,937.53
2021-01-08 17:10:00,874.76
2021-01-08 17:10:00,874.76
2021-01-08 17:10:00,874.76
2021-01-08 17:10:00,874.76
2021-01-08 17:10:00,874.76
2021-01-08 17:10:00,874.76
2021-01-08 17:20:00,711.62
2021-01-08 17:20:00,711.62
2021-01-08 17:20:00,711.62
2021-01-08 17:20:00,711.62
2021-01-08 17:20:00,711.62
2021-01-08 17:20:00,711.62
2021-01-08 17:30:00,422.42
2021-01-08 17:30:00,422.42
2021-01-08 17:30:00,422.42
2021-01-08 17:30:00,422.42
2021-01-08 17:30:00,422.42
2021-01-08 17:30:00,422.42
2021-01-08 17:40:00,522.42
2021-01-08 17:40:00,522.42
2021-01-08 17:40:00,522.42
2021-01-08 17:40:00,522.42
2021-01-08 17:40:00,522.42
2021-01-08 17:40:00,522.42
2021-01-08 17:50:00,540.46
2021-01-08 17:50:00,540.46
2021-01-08 17:50:00,540.46
2021-01-08 17:50:00,540.46
2021-01-08 17:50:00,540.46
2021-01-08 17:50:00,540.46
2021-01-08 18:00:00,461.51
2021-01-08 18:00:00,461.51
2021-01-08 18:00:00,461.51
2021-01-08 18:00:00,461.51
2021-01-08 18:00:00,461.51
2021-01-08 18:00:00,461.51
2021-01-08 18:10:00,430.2
2021-01-08 18:10:00,430.2
2021-01-08 18:10:00,430.2
2021-01-08 18:10:00,430.2
2021-01-08 18:10:00,430.2
2021-01-08 18:10:00,430.2
2021-01-08 18:20:00,474.84
2021-01-08 18:20:00,474.84
2021-01-08 18:20:00,474.84
2021-01-08 18:20:00,474.84
2021-01-08 18:20:00,474.84
2021-01-08 18:20:00,474.84
2021-01-08 18:30:00,401.07
2021-01-08 18:30:00,401.07
2021-01-08 18:30:00,401.07
2021-01-08 18:30:00,401.07
2021-01-08 18:30:00,401.07
2021-01-08 18:30:00,401.07
2021-01-08 18:40:00,490.18
2021-01-08 18:40:00,490.18
2021-01-08 18:40:00,490.18
2021-01-08 18:40:00,490.18
2021-01-08 18:40:00,490.18
2021-01-08 18:40:00,490.18
2021-01-08 18:50:00,531.82
2021-01-08 18:50:00,531.82
2021-01-08 18:50:00,531.82
2021-01-08 18:50:00,531.82
2021-01-08 18:50:00,531.82
2021-01-08 18:50:00,531.82
2021-01-08 19:00:00,336.04
2021-01-08 19:00:00,336.04
2021-01-08 19:00:00,336.04
2021-01-08 19:00:00,336.04
2021-01-08 19:00:00,336.04
2021-01-08 19:00:00,336.04
2021-01-08 19:10:00,478.66
2021-01-08 19:10:00,478.66
2021-01-08 19:10:00,478.66
2021-01-08 19:10:00,478.66
2021-01-08 19:10:00,478.66
2021-01-08 19:10:00,478.66
2021-01-08 19:20:00,506.92
2021-01-08 19:20:00,506.92
2021-01-08 19:20:00,506.92
2021-01-08 19:20:00,506.92
2021-01-08 19:20:00,506.92
2021-01-08 19:20:00,506.92
2021-01-08 19:30:00,559.54
2021-01-08 19:30:00,559.54
2021-01-08 19:30:00,559.54
2021-01-08 19:30:00,559.54
2021-01-08 19:30:00,559.54
2021-01-08 19:30:00,559.54
2021-01-08 19:40:00,543.91
2021-01-08 19:40:00,543.91
2021-01-08 19:40:00,543.91
2021-01-08 19:40:00,543.91
2021-01-08 19:40:00,543.91
2021-01-08 19:40:00,543.91
2021-01-08 19:50:00,536.43
2021-01-08 19:50:00,536.43
2021-01-08 19:50:00,536.43
2021-01-08 19:50:00,536.43
2021-01-08 19:50:00,536.43
2021-01-08 19:50:00,536.43
2021-01-08 20:00:00,498.29
2021-01-08 20:00:00,498.29
2021-01-08 20:00:00,498.29
2021-01-08 20:00:00,498.29
2021-01-08 20:00:00,498.29
2021-01-08 20:00:00,498.29
2021-01-08 20:10:00,515.78
2021-01-08 20:10:00,515.78
2021-01-08 20:10:00,515.78
2021-01-08 20:10:00,515.78
2021-01-08 20:10:00,515.78
2021-01-08 20:10:00,515.78
2021-01-08 20:20:00,597.77
2021-01-08 20:20:00,597.77
2021-01-08 20:20:00,597.77
2021-01-08 20:20:00,597.77
2021-01-08 20:20:00,597.77
2021-01-08 20:20:00,597.77
2021-01-08 20:30:00,701.8
2021-01-08 20:30:00,701.8
2021-01-08 20:30:00,701.8
2021-01-08 20:30:00,701.8
2021-01-08 20:30:00,701.8
2021-01-08 20:30:00,701.8
2021-01-08 20:40:00,753.71
2021-01-08 20:40:00,753.71
2021-01-08 20:40:00,753.71
2021-01-08 20:40:00,753.71
2021-01-08 20:40:00,753.71
2021-01-08 20:40:00,753.71
2021-01-08 20:50:00,833.1
2021-01-08 20:50:00,833.1
2021-01-08 20:50:00,833.1
2021-01-08 20:50:00,833.1
2021-01-08 20:50:00,833.1
2021-01-08 20:50:00,833.1
2021-01-08 21:00:00,932.13
2021-01-08 21:00:00,932.13
2021-01-08 21:00:00,932.13
2021-01-08 21:00:00,932.13
2021-01-08 21:00:00,932.13
2021-01-08 21:00:00,932.13
2021-01-08 21:10:00,636.19
2021-01-08 21:10:00,636.19
2021-01-08 21:10:00,636.19
2021-01-08 21:10:00,636.19
2021-01-08 21:10:00,636.19
2021-01-08 21:10:00,636.19
2021-01-08 21:20:00,637.58
2021-01-08 21:20:00,637.58
2021-01-08 21:20:00,637.58
2021-01-08 21:20:00,637.58
2021-01-08 21:20:00,637.58
2021-01-08 21:20:00,637.58
2021-01-08 21:30:00,407.7
2021-01-08 21:30:00,407.7
2021-01-08 21:30:00,407.7
2021-01-08 21:30:00,407.7
2021-01-08 21:30:00,407.7
2021-01-08 21:30:00,407.7
2021-01-08 21:40:00,388.11
2021-01-08 21:40:00,388.11
2021-01-08 21:40:00,388.11
2021-01-08 21:40:00,388.11
2021-01-08 21:40:00,388.11
2021-01-08 21:40:00,388.11
2021-01-08 21:50:00,356.79
2021-01-08 21:50:00,356.79
2021-01-08 21:50:00,356.79
2021-01-08 21:50:00,356.79
2021-01-08 21:50:00,356.79
2021-01-08 21:50:00,356.79
2021-01-08 22:00:00,285.02
2021-01-08 22:00:00,285.02
2021-01-08 22:00:00,285.02
2021-01-08 22:00:00,285.02
2021-01-08 22:00:00,285.02
2021-01-08 22:00:00,285.02
2021-01-08 22:10:00,311.52
2021-01-08 22:10:00,311.52
2021-01-08 22:10:00,311.52
2021-01-08 22:10:00,311.52
2021-01-08 22:10:00,311.52
2021-01-08 22:10:00,311.52
2021-01-08 22:20:00,240.11
2021-01-08 22:20:00,240.11
2021-01-08 22:20:00,240.11
2021-01-08 22:20:00,240.11
2021-01-08 22:20:00,240.11
2021-01-08 22:20:00,240.11
2021-01-08 22:30:00,232.85
2021-01-08 22:30:00,232.85
2021-01-08 22:30:00,232.85
2021-01-08 22:30:00,232.85
2021-01-08 22:30:00,232.85
2021-01-08 22:30:00,232.85
2021-01-08 22:40:00,295.1
2021-01-08 22:40:00,295.1
2021-01-08 22:40:00,295.1
2021-01-08 22:40:00,295.1
2021-01-08 22:40:00,295.1
2021-01-08 22:40:00,295.1
2021-01-08 22:50:00,298.3
2021-01-08 22:50:00,298.3
2021-01-08 22:50:00,298.3
2021-01-08 22:50:00,298.3
2021-01-08 22:50:00,298.3
2021-01-08 22:50:00,298.3
2021-01-08 23:00:00,353.86
2021-01-08 23:00:00,353.86
2021-01-08 23:00:00,353.86
2021-01-08 23:00:00,353.86
2021-01-08 23:00:00,353.86
2021-01-08 23:00:00,353.86
2021-01-08 23:10:00,385.93
2021-01-08 23:10:00,385.93
2021-01-08 23:10:00,385.93
2021-01-08 23:10:00,385.93
2021-01-08 23:10:00,385.93
2021-01-08 23:10:00,385.93
2021-01-08 23:20:00,389.96
2021-01-08 23:20:00,389.96
2021-01-08 23:20:00,389.96
2021-01-08 23:20:00,389.96
2021-01-08 23:20:00,389.96
2021-01-08 23:20:00,389.96
2021-01-08 23:30:00,411.28
2021-01-08 23:30:00,411.28
2021-01-08 23:30:00,411.28
2021-01-08 23:30:00,411.28
2021-01-08 23:30:00,411.28
2021-01-08 23:30:00,411.28
2021-01-08 23:40:00,331.97
2021-01-08 23:40:00,331.97
2021-01-08 23:40:00,331.97
2021-01-08 23:40:00,331.97
2021-01-08 23:40:00,331.97
2021-01-08 23:40:00,331.97
2021-01-08 23:50:00,249.41
2021-01-08 23:50:00,249.41
2021-01-08 23:50:00,249.41
2021-01-08 23:50:00,249.41
2021-01-08 23:50:00,249.41
2021-01-08 23:50:00,249.41
2021-01-09 00:00:00,191.61
2021-01-09 00:00:00,191.61
2021-01-09 00:00:00,191.61
2021-01-09 00:00:00,191.61
2021-01-09 00:00:00,191.61
2021-01-09 00:00:00,191.61
2021-01-09 00:10:00,149.14
2021-01-09 00:10:00,149.14
2021-01-09 00:10:00,149.14
2021-01-09 00:10:00,149.14
2021-01-09 00:10:00,149.14
2021-01-09 00:10:00,149.14
2021-01-09 00:20:00,107.34
2021-01-09 00:20:00,107.34
2021-01-09 00:20:00,107.34
2021-01-09 00:20:00,107.34
2021-01-09 00:20:00,107.34
2021-01-09 00:20:00,107.34
2021-01-09 00:30:00,117.35
2021-01-09 00:30:00,117.35
2021-01-09 00:30:00,117.35
2021-01-09 00:30:00,117.35
2021-01-09 00:30:00,117.35
2021-01-09 00:30:00,117.35
2021-01-09 00:40:00,123.28
2021-01-09 00:40:00,123.28
2021-01-09 00:40:00,123.28
2021-01-09 00:40:00,123.28
2021-01-09 00:40:00,123.28
2021-01-09 00:40:00,123.28
2021-01-09 00:50:00,107.34
2021-01-09 00:50:00,107.34
2021-01-09 00:50:00,107.34
2021-01-09 00:50:00,107.34
2021-01-09 00:50:00,107.34
2021-01-09 00:50:00,107.34
2021-01-09 01:00:00,43.49
2021-01-09 01:00:00,43.49
2021-01-09 01:00:00,43.49
2021-01-09 01:00:00,43.49
2021-01-09 01:00:00,43.49
2021-01-09 01:00:00,43.49
2021-01-09 01:10:00,63.47
2021-01-09 01:10:00,63.47
2021-01-09 01:10:00,63.47
2021-01-09 01:10:00,63.47
2021-01-09 01:10:00,63.47
2021-01-09 01:10:00,63.47
2021-01-09 01:20:00,31.16
2021-01-09 01:20:00,31.16
2021-01-09 01:20:00,31.16
2021-01-09 01:20:00,31.16
2021-01-09 01:20:00,31.16
2021-01-09 01:20:00,31.16
2021-01-09 01:30:00,47.87
2021-01-09 01:30:00,47.87
2021-01-09 01:30:00,47.87
2021-01-09 01:30:00,47.87
2021-01-09 01:30:00,47.87
2021-01-09 01:30:00,47.87
2021-01-09 01:40:00,1.07
2021-01-09 01:40:00,1.07
2021-01-09 01:40:00,1.07
2021-01-09 01:40:00,1.07
2021-01-09 01:40:00,1.07
2021-01-09 01:40:00,1.07
2021-01-09 01:50:00,0.0
2021-01-09 01:50:00,0.0
2021-01-09 01:50:00,0.0
2021-01-09 01:50:00,0.0
2021-01-09 01:50:00,0.0
2021-01-09 01:50:00,0.0
2021-01-09 02:00:00,0.0
2021-01-09 02:00:00,0.0
2021-01-09 02:00:00,0.0
2021-01-09 02:00:00,0.0
2021-01-09 02:00:00,0.0
2021-01-09 02:00:00,0.0
2021-01-09 02:10:00,0.0
2021-01-09 02:10:00,0.0
2021-01-09 02:10:00,0.0
2021-01-09 02:10:00,0.0
2021-01-09 02:10:00,0.0
2021-01-09 02:10:00,0.0
2021-01-09 02:20:00,0.0
2021-01-09 02:20:00,0.0
2021-01-09 02:20:00,0.0
2021-01-09 02:20:00,0.0
2021-01-09 02:20:00,0.0
2021-01-09 02:20:00,0.0
2021-01-09 02:30:00,0.0
2021-01-09 02:30:00,0.0
2021-01-09 02:30:00,0.0
2021-01-09 02:30:00,0.0
2021-01-09 02:30:00,0.0
2021-01-09 02:30:00,0.0
2021-01-09 02:40:00,0.0
2021-01-09 02:40:00,0.0
2021-01-09 02:40:00,0.0
2021-01-09 02:40:00,0.0
2021-01-09 02:40:00,0.0
2021-01-09 02:40:00,0.0
2021-01-09 02:50:00,0.0
2021-01-09 02:50:00,0.0
2021-01-09 02:50:00,0.0
2021-01-09 02:50:00,0.0
2021-01-09 02:50:00,0.0
2021-01-09 02:50:00,0.0
2021-01-09 03:00:00,0.0
2021-01-09 03:00:00,0.0
2021-01-09 03:00:00,0.0
2021-01-09 03:00:00,0.0
2021-01-09 03:00:00,0.0
2021-01-09 03:00:00,0.0
2021-01-09 03:10:00,0.0
2021-01-09 03:10:00,0.0
2021-01-09 03:10:00,0.0
2021-01-09 03:10:00,0.0
2021-01-09 03:10:00,0.0
2021-01-09 03:10:00,0.0
2021-01-09 03:20:00,0.0
2021-01-09 03:20:00,0.0
2021-01-09 03:20:00,0.0
2021-01-09 03:20:00,0.0
2021-01-09 03:20:00,0.0
2021-01-09 03:20:00,0.0
2021-01-09 03:30:00,0.0
2021-01-09 03:30:00,0.0
2021-01-09 03:30:00,0.0
2021-01-09 03:30:00,0.0
2021-01-09 03:30:00,0.0
2021-01-09 03:30:00,0.0
2021-01-09 03:40:00,0.0
2021-01-09 03:40:00,0.0
2021-01-09 03:40:00,0.0
2021-01-09 03:40:00,0.0
2021-01-09 03:40:00,0.0
2021-01-09 03:40:00,0.0
2021-01-09 03:50:00,0.0
2021-01-09 03:50:00,0.0
2021-01-09 03:50:00,0.0
2021-01-09 03:50:00,0.0
2021-01-09 03:50:00,0.0
2021-01-09 03:50:00,0.0
2021-01-09 04:00:00,0.0
2021-01-09 04:00:00,0.0
2021-01-09 04:00:00,0.0
2021-01-09 04:00:00,0.0
2021-01-09 04:00:00,0.0
2021-01-09 04:00:00,0.0
2021-01-09 04:10:00,0.0
2021-01-09 04:10:00,0.0
2021-01-09 04:10:00,0.0
2021-01-09 04:10:00,0.0
2021-01-09 04:10:00,0.0
2021-01-09 04:10:00,0.0
2021-01-09 04:20:00,82.01
2021-01-09 04:20:00,82.01
2021-01-09 04:20:00,82.01
2021-01-09 04:20:00,82.01
2021-01-09 04:20:00,82.01
2021-01-09 04:20:00,82.01
2021-01-09 04:30:00,118.53
2021-01-09 04:30:00,118.53
2021-01-09 04:30:00,118.53
2021-01-09 04:30:00,118.53
2021-01-09 04:30:00,118.53
2021-01-09 04:30:00,118.53
2021-01-09 04:40:00,119.49
2021-01-09 04:40:00,119.49
2021-01-09 04:40:00,119.49
2021-01-09 04:40:00,119.49
2021-01-09 04:40:00,119.49
2021-01-09 04:40:00,119.49
2021-01-09 04:50:00,113.7
2021-01-09 04:50:00,113.7
2021-01-09 04:50:00,113.7
2021-01-09 04:50:00,113.7
2021-01-09 04:50:00,113.7
2021-01-09 04:50:00,113.7
2021-01-09 05:00:00,111.71
2021-01-09 05:00:00,111.71
2021-01-09 05:00:00,111.71
2021-01-09 05:00:00,111.71
2021-01-09 05:00:00,111.71
2021-01-09 05:00:00,111.71
2021-01-09 05:10:00,46.81
2021-01-09 05:10:00,46.81
2021-01-09 05:10:00,46.81
2021-01-09 05:10:00,46.81
2021-01-09 05:10:00,46.81
2021-01-09 05:10:00,46.81
2021-01-09 05:20:00,53.48
2021-01-09 05:20:00,53.48
2021-01-09 05:20:00,53.48
2021-01-09 05:20:00,53.48
2021-01-09 05:20:00,53.48
2021-01-09 05:20:00,53.48
2021-01-09 05:30:00,42.9
2021-01-09 05:30:00,42.9
2021-01-09 05:30:00,42.9
2021-01-09 05:30:00,42.9
2021-01-09 05:30:00,42.9
2021-01-09 05:30:00,42.9
2021-01-09 05:40:00,30.2
2021-01-09 05:40:00,30.2
2021-01-09 05:40:00,30.2
2021-01-09 05:40:00,30.2
2021-01-09 05:40:00,30.2
2021-01-09 05:40:00,30.2
2021-01-09 05:50:00,0.0
2021-01-09 05:50:00,0.0
2021-01-09 05:50:00,0.0
2021-01-09 05:50:00,0.0
2021-01-09 05:50:00,0.0
2021-01-09 05:50:00,0.0
2021-01-09 06:00:00,0.0
2021-01-09 06:00:00,0.0
2021-01-09 06:00:00,0.0
2021-01-09 06:00:00,0.0
2021-01-09 06:00:00,0.0
2021-01-09 06:00:00,0.0
2021-01-09 06:10:00,0.0
2021-01-09 06:10:00,0.0
2021-01-09 06:10:00,0.0
2021-01-09 06:10:00,0.0
2021-01-09 06:10:00,0.0
2021-01-09 06:10:00,0.0
2021-01-09 06:20:00,0.0
2021-01-09 06:20:00,0.0
2021-01-09 06:20:00,0.0
2021-01-09 06:20:00,0.0
2021-01-09 06:20:00,0.0
2021-01-09 06:20:00,0.0
2021-01-09 06:30:00,0.0
2021-01-09 06:30:00,0.0
2021-01-09 06:30:00,0.0
2021-01-09 06:30:00,0.0
2021-01-09 06:30:00,0.0
2021-01-09 06:30:00,0.0
2021-01-09 06:40:00,0.0
2021-01-09 06:40:00,0.0
2021-01-09 06:40:00,0.0
2021-01-09 06:40:00,0.0
2021-01-09 06:40:00,0.0
2021-01-09 06:40:00,0.0
2021-01-09 06:50:00,0.0
2021-01-09 06:50:00,0.0
2021-01-09 06:50:00,0.0
2021-01-09 06:50:00,0.0
2021-01-09 06:50:00,0.0
2021-01-09 06:50:00,0.0
2021-01-09 07:00:00,0.0
2021-01-09 07:00:00,0.0
2021-01-09 07:00:00,0.0
2021-01-09 07:00:00,0.0
2021-01-09 07:00:00,0.0
2021-01-09 07:00:00,0.0
2021-01-09 07:10:00,0.0
2021-01-09 07:10:00,0.0
2021-01-09 07:10:00,0.0
2021-01-09 07:10:00,0.0
2021-01-09 07:10:00,0.0
2021-01-09 07:10:00,0.0
2021-01-09 07:20:00,0.0
2021-01-09 07:20:00,0.0
2021-01-09 07:20:00,0.0
2021-01-09 07:20:00,0.0
2021-01-09 07:20:00,0.0
2021-01-09 07:20:00,0.0
2021-01-09 07:30:00,0.0
2021-01-09 07:30:00,0.0
2021-01-09 07:30:00,0.0
2021-01-09 07:30:00,0.0
2021-01-09 07:30:00,0.0
2021-01-09 07:30:00,0.0
2021-01-09 07:40:00,0.0
2021-01-09 07:40:00,0.0
2021-01-09 07:40:00,0.0
2021-01-09 07:40:00,0.0
2021-01-09 07:40:00,0.0
2021-01-09 07:40:00,0.0
2021-01-09 07:50:00,0.0
2021-01-09 07:50:00,0.0
2021-01-09 07:50:00,0.0
2021-01-09 07:50:00,0.0
2021-01-09 07:50:00,0.0
2021-01-09 07:50:00,0.0
2021-01-09 08:00:00,0.0
2021-01-09 08:00:00,0.0
2021-01-09 08:00:00,0.0
2021-01-09 08:00:00,0.0
2021-01-09 08:00:00,0.0
2021-01-09 08:00:00,0.0
2021-01-09 08:10:00,0.0
2021-01-09 08:10:00,0.0
2021-01-09 08:10:00,0.0
2021-01-09 08:10:00,0.0
2021-01-09 08:10:00,0.0
2021-01-09 08:10:00,0.0
2021-01-09 08:20:00,0.0
2021-01-09 08:20:00,0.0
2021-01-09 08:20:00,0.0
2021-01-09 08:20:00,0.0
2021-01-09 08:20:00,0.0
2021-01-09 08:20:00,0.0
2021-01-09 08:30:00,0.0
2021-01-09 08:30:00,0.0
2021-01-09 08:30:00,0.0
2021-01-09 08:30:00,0.0
2021-01-09 08:30:00,0.0
2021-01-09 08:30:00,0.0
2021-01-09 08:40:00,0.0
2021-01-09 08:40:00,0.0
2021-01-09 08:40:00,0.0
2021-01-09 08:40:00,0.0
2021-01-09 08:40:00,0.0
2021-01-09 08:40:00,0.0
2021-01-09 08:50:00,0.0
2021-01-09 08:50:00,0.0
2021-01-09 08:50:00,0.0
2021-01-09 08:50:00,0.0
2021-01-09 08:50:00,0.0
2021-01-09 08:50:00,0.0
2021-01-09 09:00:00,0.0
2021-01-09 09:00:00,0.0
2021-01-09 09:00:00,0.0
2021-01-09 09:00:00,0.0
2021-01-09 09:00:00,0.0
2021-01-09 09:00:00,0.0
2021-01-09 09:10:00,0.0
2021-01-09 09:10:00,0.0
2021-01-09 09:10:00,0.0
2021-01-09 09:10:00,0.0
2021-01-09 09:10:00,0.0
2021-01-09 09:10:00,0.0
2021-01-09 09:20:00,0.0
2021-01-09 09:20:00,0.0
2021-01-09 09:20:00,0.0
2021-01-09 09:20:00,0.0
2021-01-09 09:20:00,0.0
2021-01-09 09:20:00,0.0
2021-01-09 09:30:00,0.0
2021-01-09 09:30:00,0.0
2021-01-09 09:30:00,0.0
2021-01-09 09:30:00,0.0
2021-01-09 09:30:00,0.0
2021-01-09 09:30:00,0.0
2021-01-09 09:40:00,0.0
2021-01-09 09:40:00,0.0
2021-01-09 09:40:00,0.0
2021-01-09 09:40:00,0.0
2021-01-09 09:40:00,0.0
2021-01-09 09:40:00,0.0
2021-01-09 09:50:00,0.0
2021-01-09 09:50:00,0.0
2021-01-09 09:50:00,0.0
2021-01-09 09:50:00,0.0
2021-01-09 09:50:00,0.0
2021-01-09 09:50:00,0.0
2021-01-09 10:00:00,0.0
2021-01-09 10:00:00,0.0
2021-01-09 10:00:00,0.0
2021-01-09 10:00:00,0.0
2021-01-09 10:00:00,0.0
2021-01-09 10:00:00,0.0
2021-01-09 10:10:00,0.0
2021-01-09 10:10:00,0.0
2021-01-09 10:10:00,0.0
2021-01-09 10:10:00,0.0
2021-01-09 10:10:00,0.0
2021-01-09 10:10:00,0.0
2021-01-09 10:20:00,0.0
2021-01-09 10:20:00,0.0
2021-01-09 10:20:00,0.0
2021-01-09 10:20:00,0.0
2021-01-09 10:20:00,0.0
2021-01-09 10:20:00,0.0
2021-01-09 10:30:00,0.0
2021-01-09 10:30:00,0.0
2021-01-09 10:30:00,0.0
2021-01-09 10:30:00,0.0
2021-01-09 10:30:00,0.0
2021-01-09 10:30:00,0.0
2021-01-09 10:40:00,0.0
2021-01-09 10:40:00,0.0
2021-01-09 10:40:00,0.0
2021-01-09 10:40:00,0.0
2021-01-09 10:40:00,0.0
2021-01-09 10:40:00,0.0
2021-01-09 10:50:00,0.0
2021-01-09 10:50:00,0.0
2021-01-09 10:50:00,0.0
2021-01-09 10:50:00,0.0
2021-01-09 10:50:00,0.0
2021-01-09 10:50:00,0.0
2021-01-09 11:00:00,0.0
2021-01-09 11:00:00,0.0
2021-01-09 11:00:00,0.0
2021-01-09 11:00:00,0.0
2021-01-09 11:00:00,0.0
2021-01-09 11:00:00,0.0
2021-01-09 11:10:00,0.0
2021-01-09 11:10:00,0.0
2021-01-09 11:10:00,0.0
2021-01-09 11:10:00,0.0
2021-01-09 11:10:00,0.0
2021-01-09 11:10:00,0.0
2021-01-09 11:20:00,0.0
2021-01-09 11:20:00,0.0
2021-01-09 11:20:00,0.0
2021-01-09 11:20:00,0.0
2021-01-09 11:20:00,0.0
2021-01-09 11:20:00,0.0
2021-01-09 11:30:00,0.0
2021-01-09 11:30:00,0.0
2021-01-09 11:30:00,0.0
2021-01-09 11:30:00,0.0
2021-01-09 11:30:00,0.0
2021-01-09 11:30:00,0.0
2021-01-09 11:40:00,0.0
2021-01-09 11:40:00,0.0
2021-01-09 11:40:00,0.0
2021-01-09 11:40:00,0.0
2021-01-09 11:40:00,0.0
2021-01-09 11:40:00,0.0
2021-01-09 11:50:00,0.0
2021-01-09 11:50:00,0.0
2021-01-09 11:50:00,0.0
2021-01-09 11:50:00,0.0
2021-01-09 11:50:00,0.0
2021-01-09 11:50:00,0.0
2021-01-09 12:00:00,0.0
2021-01-09 12:00:00,0.0
2021-01-09 12:00:00,0.0
2021-01-09 12:00:00,0.0
2021-01-09 12:00:00,0.0
2021-01-09 12:00:00,0.0
2021-01-09 12:10:00,0.0
2021-01-09 12:10:00,0.0
2021-01-09 12:10:00,0.0
2021-01-09 12:10:00,0.0
2021-01-09 12:10:00,0.0
2021-01-09 12:10:00,0.0
2021-01-09 12:20:00,0.0
2021-01-09 12:20:00,0.0
2021-01-09 12:20:00,0.0
2021-01-09 12:20:00,0.0
2021-01-09 12:20:00,0.0
2021-01-09 12:20:00,0.0
2021-01-09 12:30:00,0.0
2021-01-09 12:30:00,0.0
2021-01-09 12:30:00,0.0
2021-01-09 12:30:00,0.0
2021-01-09 12:30:00,0.0
2021-01-09 12:30:00,0.0
2021-01-09 12:40:00,0.0
2021-01-09 12:40:00,0.0
2021-01-09 12:40:00,0.0
2021-01-09 12:40:00,0.0
2021-01-09 12:40:00,0.0
2021-01-09 12:40:00,0.0
2021-01-09 12:50:00,0.0
2021-01-09 12:50:00,0.0
2021-01-09 12:50:00,0.0
2021-01-09 12:50:00,0.0
2021-01-09 12:50:00,0.0
2021-01-09 12:50:00,0.0
2021-01-09 13:00:00,0.0
2021-01-09 13:00:00,0.0
2021-01-09 13:00:00,0.0
2021-01-09 13:00:00,0.0
2021-01-09 13:00:00,0.0
2021-01-09 13:00:00,0.0
2021-01-09 13:10:00,65.65
2021-01-09 13:10:00,65.65
2021-01-09 13:10:00,65.65
2021-01-09 13:10:00,65.65
2021-01-09 13:10:00,65.65
2021-01-09 13:10:00,65.65
2021-01-09 13:20:00,112.0
2021-01-09 13:20:00,112.0
2021-01-09 13:20:00,112.0
2021-01-09 13:20:00,112.0
2021-01-09 13:20:00,112.0
2021-01-09 13:20:00,112.0
2021-01-09 13:30:00,108.63
2021-01-09 13:30:00,108.63
2021-01-09 13:30:00,108.63
2021-01-09 13:30:00,108.63
2021-01-09 13:30:00,108.63
2021-01-09 13:30:00,108.63
2021-01-09 13:40:00,152.71
2021-01-09 13:40:00,152.71
2021-01-09 13:40:00,152.71
2021-01-09 13:40:00,152.71
2021-01-09 13:40:00,152.71
2021-01-09 13:40:00,152.71
2021-01-09 13:50:00,198.4
2021-01-09 13:50:00,198.4
2021-01-09 13:50:00,198.4
2021-01-09 13:50:00,198.4
2021-01-09 13:50:00,198.4
2021-01-09 13:50:00,198.4
2021-01-09 14:00:00,268.74
2021-01-09 14:00:00,268.74
2021-01-09 14:00:00,268.74
2021-01-09 14:00:00,268.74
2021-01-09 14:00:00,268.74
2021-01-09 14:00:00,268.74
2021-01-09 14:10:00,266.45
2021-01-09 14:10:00,266.45
2021-01-09 14:10:00,266.45
2021-01-09 14:10:00,266.45
2021-01-09 14:10:00,266.45
2021-01-09 14:10:00,266.45
2021-01-09 14:20:00,353.02
2021-01-09 14:20:00,353.02
2021-01-09 14:20:00,353.02
2021-01-09 14:20:00,353.02
2021-01-09 14:20:00,353.02
2021-01-09 14:20:00,353.02
2021-01-09 14:30:00,367.92
2021-01-09 14:30:00,367.92
2021-01-09 14:30:00,367.92
2021-01-09 14:30:00,367.92
2021-01-09 14:30:00,367.92
2021-01-09 14:30:00,367.92
2021-01-09 14:40:00,457.43
2021-01-09 14:40:00,457.43
2021-01-09 14:40:00,457.43
2021-01-09 14:40:00,457.43
2021-01-09 14:40:00,457.43
2021-01-09 14:40:00,457.43
2021-01-09 14:50:00,400.89
2021-01-09 14:50:00,400.89
2021-01-09 14:50:00,400.89
2021-01-09 14:50:00,400.89
2021-01-09 14:50:00,400.89
2021-01-09 14:50:00,400.89
2021-01-09 15:00:00,551.66
2021-01-09 15:00:00,551.66
2021-01-09 15:00:00,551.66
2021-01-09 15:00:00,551.66
2021-01-09 15:00:00,551.66
2021-01-09 15:00:00,551.66
2021-01-09 15:10:00,737.7
2021-01-09 15:10:00,737.7
2021-01-09 15:10:00,737.7
2021-01-09 15:10:00,737.7
2021-01-09 15:10:00,737.7
2021-01-09 15:10:00,737.7
2021-01-09 15:20:00,757.87
2021-01-09 15:20:00,757.87
2021-01-09 15:20:00,757.87
2021-01-09 15:20:00,757.87
2021-01-09 15:20:00,757.87
2021-01-09 15:20:00,757.87
2021-01-09 15:30:00,798.43
2021-01-09 15:30:00,798.43
2021-01-09 15:30:00,798.43
2021-01-09 15:30:00,798.43
2021-01-09 15:30:00,798.43
2021-01-09 15:30:00,798.43
2021-01-09 15:40:00,697.94
2021-01-09 15:40:00,697.94
2021-01-09 15:40:00,697.94
2021-01-09 15:40:00,697.94
2021-01-09 15:40:00,697.94
2021-01-09 15:40:00,697.94
2021-01-09 15:50:00,819.6
2021-01-09 15:50:00,819.6
2021-01-09 15:50:00,819.6
2021-01-09 15:50:00,819.6
2021-01-09 15:50:00,819.6
2021-01-09 15:50:00,819.6
2021-01-09 16:00:00,632.26
2021-01-09 16:00:00,632.26
2021-01-09 16:00:00,632.26
2021-01-09 16:00:00,632.26
2021-01-09 16:00:00,632.26
2021-01-09 16:00:00,632.26
2021-01-09 16:10:00,793.17
2021-01-09 16:10:00,793.17
2021-01-09 16:10:00,793.17
2021-01-09 16:10:00,793.17
2021-01-09 16:10:00,793.17
2021-01-09 16:10:00,793.17
2021-01-09 16:20:00,842.02
2021-01-09 16:20:00,842.02
2021-01-09 16:20:00,842.02
2021-01-09 16:20:00,842.02
2021-01-09 16:20:00,842.02
2021-01-09 16:20:00,842.02
2021-01-09 16:30:00,684.34
2021-01-09 16:30:00,684.34
2021-01-09 16:30:00,684.34
2021-01-09 16:30:00,684.34
2021-01-09 16:30:00,684.34
2021-01-09 16:30:00,684.34
2021-01-09 16:40:00,725.86
2021-01-09 16:40:00,725.86
2021-01-09 16:40:00,725.86
2021-01-09 16:40:00,725.86
2021-01-09 16:40:00,725.86
2021-01-09 16:40:00,725.86
2021-01-09 16:50:00,686.73
2021-01-09 16:50:00,686.73
2021-01-09 16:50:00,686.73
2021-01-09 16:50:00,686.73
2021-01-09 16:50:00,686.73
2021-01-09 16:50:00,686.73
2021-01-09 17:00:00,710.05
2021-01-09 17:00:00,710.05
2021-01-09 17:00:00,710.05
2021-01-09 17:00:00,710.05
2021-01-09 17:00:00,710.05
2021-01-09 17:00:00,710.05
2021-01-09 17:10:00,667.03
2021-01-09 17:10:00,667.03
2021-01-09 17:10:00,667.03
2021-01-09 17:10:00,667.03
2021-01-09 17:10:00,667.03
2021-01-09 17:10:00,667.03
2021-01-09 17:20:00,494.19
2021-01-09 17:20:00,494.19
2021-01-09 17:20:00,494.19
2021-01-09 17:20:00,494.19
2021-01-09 17:20:00,494.19
2021-01-09 17:20:00,494.19
2021-01-09 17:30:00,478.34
2021-01-09 17:30:00,478.34
2021-01-09 17:30:00,478.34
2021-01-09 17:30:00,478.34
2021-01-09 17:30:00,478.34
2021-01-09 17:30:00,478.34
2021-01-09 17:40:00,441.99
2021-01-09 17:40:00,441.99
2021-01-09 17:40:00,441.99
2021-01-09 17:40:00,441.99
2021-01-09 17:40:00,441.99
2021-01-09 17:40:00,441.99
2021-01-09 17:50:00,520.91
2021-01-09 17:50:00,520.91
2021-01-09 17:50:00,520.91
2021-01-09 17:50:00,520.91
2021-01-09 17:50:00,520.91
2021-01-09 17:50:00,520.91
2021-01-09 18:00:00,579.7
2021-01-09 18:00:00,579.7
2021-01-09 18:00:00,579.7
2021-01-09 18:00:00,579.7
2021-01-09 18:00:00,579.7
2021-01-09 18:00:00,579.7
2021-01-09 18:10:00,518.86
2021-01-09 18:10:00,518.86
2021-01-09 18:10:00,518.86
2021-01-09 18:10:00,518.86
2021-01-09 18:10:00,518.86
2021-01-09 18:10:00,518.86
2021-01-09 18:20:00,448.99
2021-01-09 18:20:00,448.99
2021-01-09 18:20:00,448.99
2021-01-09 18:20:00,448.99
2021-01-09 18:20:00,448.99
2021-01-09 18:20:00,448.99
2021-01-09 18:30:00,380.1
2021-01-09 18:30:00,380.1
2021-01-09 18:30:00,380.1
2021-01-09 18:30:00,380.1
2021-01-09 18:30:00,380.1
2021-01-09 18:30:00,380.1
2021-01-09 18:40:00,395.75
2021-01-09 18:40:00,395.75
2021-01-09 18:40:00,395.75
2021-01-09 18:40:00,395.75
2021-01-09 18:40:00,395.75
2021-01-09 18:40:00,395.75
2021-01-09 18:50:00,401.64
2021-01-09 18:50:00,401.64
2021-01-09 18:50:00,401.64
2021-01-09 18:50:00,401.64
2021-01-09 18:50:00,401.64
2021-01-09 18:50:00,401.64
2021-01-09 19:00:00,430.85
2021-01-09 19:00:00,430.85
2021-01-09 19:00:00,430.85
2021-01-09 19:00:00,430.85
2021-01-09 19:00:00,430.85
2021-01-09 19:00:00,430.85
2021-01-09 19:10:00,715.16
2021-01-09 19:10:00,715.16
2021-01-09 19:10:00,715.16
2021-01-09 19:10:00,715.16
2021-01-09 19:10:00,715.16
2021-01-09 19:10:00,715.16
2021-01-09 19:20:00,874.71
2021-01-09 19:20:00,874.71
2021-01-09 19:20:00,874.71
2021-01-09 19:20:00,874.71
2021-01-09 19:20:00,874.71
2021-01-09 19:20:00,874.71
2021-01-09 19:30:00,640.69
2021-01-09 19:30:00,640.69
2021-01-09 19:30:00,640.69
2021-01-09 19:30:00,640.69
2021-01-09 19:30:00,640.69
2021-01-09 19:30:00,640.69
2021-01-09 19:40:00,858.44
2021-01-09 19:40:00,858.44
2021-01-09 19:40:00,858.44
2021-01-09 19:40:00,858.44
2021-01-09 19:40:00,858.44
2021-01-09 19:40:00,858.44
2021-01-09 19:50:00,1051.31
2021-01-09 19:50:00,1051.31
2021-01-09 19:50:00,1051.31
2021-01-09 19:50:00,1051.31
2021-01-09 19:50:00,1051.31
2021-01-09 19:50:00,1051.31
2021-01-09 20:00:00,713.98
2021-01-09 20:00:00,713.98
2021-01-09 20:00:00,713.98
2021-01-09 20:00:00,713.98
2021-01-09 20:00:00,713.98
2021-01-09 20:00:00,713.98
2021-01-09 20:10:00,591.65
2021-01-09 20:10:00,591.65
2021-01-09 20:10:00,591.65
2021-01-09 20:10:00,591.65
2021-01-09 20:10:00,591.65
2021-01-09 20:10:00,591.65
2021-01-09 20:20:00,608.03
2021-01-09 20:20:00,608.03
2021-01-09 20:20:00,608.03
2021-01-09 20:20:00,608.03
2021-01-09 20:20:00,608.03
2021-01-09 20:20:00,608.03
2021-01-09 20:30:00,475.63
2021-01-09 20:30:00,475.63
2021-01-09 20:30:00,475.63
2021-01-09 20:30:00,475.63
2021-01-09 20:30:00,475.63
2021-01-09 20:30:00,475.63
2021-01-09 20:40:00,534.53
2021-01-09 20:40:00,534.53
2021-01-09 20:40:00,534.53
2021-01-09 20:40:00,534.53
2021-01-09 20:40:00,534.53
2021-01-09 20:40:00,534.53
2021-01-09 20:50:00,615.09
2021-01-09 20:50:00,615.09
2021-01-09 20:50:00,615.09
2021-01-09 20:50:00,615.09
2021-01-09 20:50:00,615.09
2021-01-09 20:50:00,615.09
2021-01-09 21:00:00,768.26
2021-01-09 21:00:00,768.26
2021-01-09 21:00:00,768.26
2021-01-09 21:00:00,768.26
2021-01-09 21:00:00,768.26
2021-01-09 21:00:00,768.26
2021-01-09 21:10:00,990.39
2021-01-09 21:10:00,990.39
2021-01-09 21:10:00,990.39
2021-01-09 21:10:00,990.39
2021-01-09 21:10:00,990.39
2021-01-09 21:10:00,990.39
2021-01-09 21:20:00,942.67
2021-01-09 21:20:00,942.67
2021-01-09 21:20:00,942.67
2021-01-09 21:20:00,942.67
2021-01-09 21:20:00,942.67
2021-01-09 21:20:00,942.67
2021-01-09 21:30:00,555.91
2021-01-09 21:30:00,555.91
2021-01-09 21:30:00,555.91
2021-01-09 21:30:00,555.91
2021-01-09 21:30:00,555.91
2021-01-09 21:30:00,555.91
2021-01-09 21:40:00,430.62
2021-01-09 21:40:00,430.62
2021-01-09 21:40:00,430.62
2021-01-09 21:40:00,430.62
2021-01-09 21:40:00,430.62
2021-01-09 21:40:00,430.62
2021-01-09 21:50:00,429.93
2021-01-09 21:50:00,429.93
2021-01-09 21:50:00,429.93
2021-01-09 21:50:00,429.93
2021-01-09 21:50:00,429.93
2021-01-09 21:50:00,429.93
2021-01-09 22:00:00,403.72
2021-01-09 22:00:00,403.72
2021-01-09 22:00:00,403.72
2021-01-09 22:00:00,403.72
2021-01-09 22:00:00,403.72
2021-01-09 22:00:00,403.72
2021-01-09 22:10:00,454.13
2021-01-09 22:10:00,454.13
2021-01-09 22:10:00,454.13
2021-01-09 22:10:00,454.13
2021-01-09 22:10:00,454.13
2021-01-09 22:10:00,454.13
2021-01-09 22:20:00,462.14
2021-01-09 22:20:00,462.14
2021-01-09 22:20:00,462.14
2021-01-09 22:20:00,462.14
2021-01-09 22:20:00,462.14
2021-01-09 22:20:00,462.14
2021-01-09 22:30:00,732.58
2021-01-09 22:30:00,732.58
2021-01-09 22:30:00,732.58
2021-01-09 22:30:00,732.58
2021-01-09 22:30:00,732.58
2021-01-09 22:30:00,732.58
2021-01-09 22:40:00,572.95
2021-01-09 22:40:00,572.95
2021-01-09 22:40:00,572.95
2021-01-09 22:40:00,572.95
2021-01-09 22:40:00,572.95
2021-01-09 22:40:00,572.95
2021-01-09 22:50:00,487.93
2021-01-09 22:50:00,487.93
2021-01-09 22:50:00,487.93
2021-01-09 22:50:00,487.93
2021-01-09 22:50:00,487.93
2021-01-09 22:50:00,487.93
2021-01-09 23:00:00,498.47
2021-01-09 23:00:00,498.47
2021-01-09 23:00:00,498.47
2021-01-09 23:00:00,498.47
2021-01-09 23:00:00,498.47
2021-01-09 23:00:00,498.47
2021-01-09 23:10:00,448.81
2021-01-09 23:10:00,448.81
2021-01-09 23:10:00,448.81
2021-01-09 23:10:00,448.81
2021-01-09 23:10:00,448.81
2021-01-09 23:10:00,448.81
2021-01-09 23:20:00,361.62
2021-01-09 23:20:00,361.62
2021-01-09 23:20:00,361.62
2021-01-09 23:20:00,361.62
2021-01-09 23:20:00,361.62
2021-01-09 23:20:00,361.62
2021-01-09 23:30:00,391.41
2021-01-09 23:30:00,391.41
2021-01-09 23:30:00,391.41
2021-01-09 23:30:00,391.41
2021-01-09 23:30:00,391.41
2021-01-09 23:30:00,391.41
2021-01-09 23:40:00,451.08
2021-01-09 23:40:00,451.08
2021-01-09 23:40:00,451.08
2021-01-09 23:40:00,451.08
2021-01-09 23:40:00,451.08
2021-01-09 23:40:00,451.08
2021-01-09 23:50:00,654.47
2021-01-09 23:50:00,654.47
2021-01-09 23:50:00,654.47
2021-01-09 23:50:00,654.47
2021-01-09 23:50:00,654.47
2021-01-09 23:50:00,654.47
2021-01-10 00:00:00,745.32
2021-01-10 00:00:00,745.32
2021-01-10 00:00:00,745.32
2021-01-10 00:00:00,745.32
2021-01-10 00:00:00,745.32
2021-01-10 00:00:00,745.32
2021-01-10 00:10:00,767.93
2021-01-10 00:10:00,767.93
2021-01-10 00:10:00,767.93
2021-01-10 00:10:00,767.93
2021-01-10 00:10:00,767.93
2021-01-10 00:10:00,767.93
2021-01-10 00:20:00,795.34
2021-01-10 00:20:00,795.34
2021-01-10 00:20:00,795.34
2021-01-10 00:20:00,795.34
2021-01-10 00:20:00,795.34
2021-01-10 00:20:00,795.34
2021-01-10 00:30:00,656.63
2021-01-10 00:30:00,656.63
2021-01-10 00:30:00,656.63
2021-01-10 00:30:00,656.63
2021-01-10 00:30:00,656.63
2021-01-10 00:30:00,656.63
2021-01-10 00:40:00,499.42
2021-01-10 00:40:00,499.42
2021-01-10 00:40:00,499.42
2021-01-10 00:40:00,499.42
2021-01-10 00:40:00,499.42
2021-01-10 00:40:00,499.42
2021-01-10 00:50:00,587.19
2021-01-10 00:50:00,587.19
2021-01-10 00:50:00,587.19
2021-01-10 00:50:00,587.19
2021-01-10 00:50:00,587.19
2021-01-10 00:50:00,587.19
2021-01-10 01:00:00,464.14
2021-01-10 01:00:00,464.14
2021-01-10 01:00:00,464.14
2021-01-10 01:00:00,464.14
2021-01-10 01:00:00,464.14
2021-01-10 01:00:00,464.14
2021-01-10 01:10:00,381.49
2021-01-10 01:10:00,381.49
2021-01-10 01:10:00,381.49
2021-01-10 01:10:00,381.49
2021-01-10 01:10:00,381.49
2021-01-10 01:10:00,381.49
2021-01-10 01:20:00,333.24
2021-01-10 01:20:00,333.24
2021-01-10 01:20:00,333.24
2021-01-10 01:20:00,333.24
2021-01-10 01:20:00,333.24
2021-01-10 01:20:00,333.24
2021-01-10 01:30:00,376.32
2021-01-10 01:30:00,376.32
2021-01-10 01:30:00,376.32
2021-01-10 01:30:00,376.32
2021-01-10 01:30:00,376.32
2021-01-10 01:30:00,376.32
2021-01-10 01:40:00,431.5
2021-01-10 01:40:00,431.5
2021-01-10 01:40:00,431.5
2021-01-10 01:40:00,431.5
2021-01-10 01:40:00,431.5
2021-01-10 01:40:00,431.5
2021-01-10 01:50:00,344.22
2021-01-10 01:50:00,344.22
2021-01-10 01:50:00,344.22
2021-01-10 01:50:00,344.22
2021-01-10 01:50:00,344.22
2021-01-10 01:50:00,344.22
2021-01-10 02:00:00,331.04
2021-01-10 02:00:00,331.04
2021-01-10 02:00:00,331.04
2021-01-10 02:00:00,331.04
2021-01-10 02:00:00,331.04
2021-01-10 02:00:00,331.04
2021-01-10 02:10:00,260.83
2021-01-10 02:10:00,260.83
2021-01-10 02:10:00,260.83
2021-01-10 02:10:00,260.83
2021-01-10 02:10:00,260.83
2021-01-10 02:10:00,260.83
2021-01-10 02:20:00,332.47
2021-01-10 02:20:00,332.47
2021-01-10 02:20:00,332.47
2021-01-10 02:20:00,332.47
2021-01-10 02:20:00,332.47
2021-01-10 02:20:00,332.47
2021-01-10 02:30:00,443.77
2021-01-10 02:30:00,443.77
2021-01-10 02:30:00,443.77
2021-01-10 02:30:00,443.77
2021-01-10 02:30:00,443.77
2021-01-10 02:30:00,443.77
2021-01-10 02:40:00,678.1
2021-01-10 02:40:00,678.1
2021-01-10 02:40:00,678.1
2021-01-10 02:40:00,678.1
2021-01-10 02:40:00,678.1
2021-01-10 02:40:00,678.1
2021-01-10 02:50:00,669.75
2021-01-10 02:50:00,669.75
2021-01-10 02:50:00,669.75
2021-01-10 02:50:00,669.75
2021-01-10 02:50:00,669.75
2021-01-10 02:50:00,669.75
2021-01-10 03:00:00,547.1
2021-01-10 03:00:00,547.1
2021-01-10 03:00:00,547.1
2021-01-10 03:00:00,547.1
2021-01-10 03:00:00,547.1
2021-01-10 03:00:00,547.1
2021-01-10 03:10:00,520.76
2021-01-10 03:10:00,520.76
2021-01-10 03:10:00,520.76
2021-01-10 03:10:00,520.76
2021-01-10 03:10:00,520.76
2021-01-10 03:10:00,520.76
2021-01-10 03:20:00,641.06
2021-01-10 03:20:00,641.06
2021-01-10 03:20:00,641.06
2021-01-10 03:20:00,641.06
2021-01-10 03:20:00,641.06
2021-01-10 03:20:00,641.06
2021-01-10 03:30:00,668.98
2021-01-10 03:30:00,668.98
2021-01-10 03:30:00,668.98
2021-01-10 03:30:00,668.98
2021-01-10 03:30:00,668.98
2021-01-10 03:30:00,668.98
2021-01-10 03:40:00,543.56
2021-01-10 03:40:00,543.56
2021-01-10 03:40:00,543.56
2021-01-10 03:40:00,543.56
2021-01-10 03:40:00,543.56
2021-01-10 03:40:00,543.56
2021-01-10 03:50:00,502.79
2021-01-10 03:50:00,502.79
2021-01-10 03:50:00,502.79
2021-01-10 03:50:00,502.79
2021-01-10 03:50:00,502.79
2021-01-10 03:50:00,502.79
2021-01-10 04:00:00,709.89
2021-01-10 04:00:00,709.89
2021-01-10 04:00:00,709.89
2021-01-10 04:00:00,709.89
2021-01-10 04:00:00,709.89
2021-01-10 04:00:00,709.89
2021-01-10 04:10:00,579.95
2021-01-10 04:10:00,579.95
2021-01-10 04:10:00,579.95
2021-01-10 04:10:00,579.95
2021-01-10 04:10:00,579.95
2021-01-10 04:10:00,579.95
2021-01-10 04:20:00,571.19
2021-01-10 04:20:00,571.19
2021-01-10 04:20:00,571.19
2021-01-10 04:20:00,571.19
2021-01-10 04:20:00,571.19
2021-01-10 04:20:00,571.19
2021-01-10 04:30:00,656.98
2021-01-10 04:30:00,656.98
2021-01-10 04:30:00,656.98
2021-01-10 04:30:00,656.98
2021-01-10 04:30:00,656.98
2021-01-10 04:30:00,656.98
2021-01-10 04:40:00,721.71
2021-01-10 04:40:00,721.71
2021-01-10 04:40:00,721.71
2021-01-10 04:40:00,721.71
2021-01-10 04:40:00,721.71
2021-01-10 04:40:00,721.71
2021-01-10 04:50:00,625.3
2021-01-10 04:50:00,625.3
2021-01-10 04:50:00,625.3
2021-01-10 04:50:00,625.3
2021-01-10 04:50:00,625.3
2021-01-10 04:50:00,625.3
2021-01-10 05:00:00,452.48
2021-01-10 05:00:00,452.48
2021-01-10 05:00:00,452.48
2021-01-10 05:00:00,452.48
2021-01-10 05:00:00,452.48
2021-01-10 05:00:00,452.48
2021-01-10 05:10:00,548.74
2021-01-10 05:10:00,548.74
2021-01-10 05:10:00,548.74
2021-01-10 05:10:00,548.74
2021-01-10 05:10:00,548.74
2021-01-10 05:10:00,548.74
2021-01-10 05:20:00,438.9
2021-01-10 05:20:00,438.9
2021-01-10 05:20:00,438.9
2021-01-10 05:20:00,438.9
2021-01-10 05:20:00,438.9
2021-01-10 05:20:00,438.9
2021-01-10 05:30:00,582.5
2021-01-10 05:30:00,582.5
2021-01-10 05:30:00,582.5
2021-01-10 05:30:00,582.5
2021-01-10 05:30:00,582.5
2021-01-10 05:30:00,582.5
2021-01-10 05:40:00,677.36
2021-01-10 05:40:00,677.36
2021-01-10 05:40:00,677.36
2021-01-10 05:40:00,677.36
2021-01-10 05:40:00,677.36
2021-01-10 05:40:00,677.36
2021-01-10 05:50:00,777.52
2021-01-10 05:50:00,777.52
2021-01-10 05:50:00,777.52
2021-01-10 05:50:00,777.52
2021-01-10 05:50:00,777.52
2021-01-10 05:50:00,777.52
2021-01-10 06:00:00,728.36
2021-01-10 06:00:00,728.36
2021-01-10 06:00:00,728.36
2021-01-10 06:00:00,728.36
2021-01-10 06:00:00,728.36
2021-01-10 06:00:00,728.36
2021-01-10 06:10:00,693.2
2021-01-10 06:10:00,693.2
2021-01-10 06:10:00,693.2
2021-01-10 06:10:00,693.2
2021-01-10 06:10:00,693.2
2021-01-10 06:10:00,693.2
2021-01-10 06:20:00,665.81
2021-01-10 06:20:00,665.81
2021-01-10 06:20:00,665.81
2021-01-10 06:20:00,665.81
2021-01-10 06:20:00,665.81
2021-01-10 06:20:00,665.81
2021-01-10 06:30:00,678.04
2021-01-10 06:30:00,678.04
2021-01-10 06:30:00,678.04
2021-01-10 06:30:00,678.04
2021-01-10 06:30:00,678.04
2021-01-10 06:30:00,678.04
2021-01-10 06:40:00,941.81
2021-01-10 06:40:00,941.81
2021-01-10 06:40:00,941.81
2021-01-10 06:40:00,941.81
2021-01-10 06:40:00,941.81
2021-01-10 06:40:00,941.81
2021-01-10 06:50:00,1203.82
2021-01-10 06:50:00,1203.82
2021-01-10 06:50:00,1203.82
2021-01-10 06:50:00,1203.82
2021-01-10 06:50:00,1203.82
2021-01-10 06:50:00,1203.82
2021-01-10 07:00:00,1153.64
2021-01-10 07:00:00,1153.64
2021-01-10 07:00:00,1153.64
2021-01-10 07:00:00,1153.64
2021-01-10 07:00:00,1153.64
2021-01-10 07:00:00,1153.64
2021-01-10 07:10:00,1253.88
2021-01-10 07:10:00,1253.88
2021-01-10 07:10:00,1253.88
2021-01-10 07:10:00,1253.88
2021-01-10 07:10:00,1253.88
2021-01-10 07:10:00,1253.88
2021-01-10 07:20:00,1412.86
2021-01-10 07:20:00,1412.86
2021-01-10 07:20:00,1412.86
2021-01-10 07:20:00,1412.86
2021-01-10 07:20:00,1412.86
2021-01-10 07:20:00,1412.86
2021-01-10 07:30:00,1363.58
2021-01-10 07:30:00,1363.58
2021-01-10 07:30:00,1363.58
2021-01-10 07:30:00,1363.58
2021-01-10 07:30:00,1363.58
2021-01-10 07:30:00,1363.58
2021-01-10 07:40:00,1107.48
2021-01-10 07:40:00,1107.48
2021-01-10 07:40:00,1107.48
2021-01-10 07:40:00,1107.48
2021-01-10 07:40:00,1107.48
2021-01-10 07:40:00,1107.48
2021-01-10 07:50:00,1100.94
2021-01-10 07:50:00,1100.94
2021-01-10 07:50:00,1100.94
2021-01-10 07:50:00,1100.94
2021-01-10 07:50:00,1100.94
2021-01-10 07:50:00,1100.94
2021-01-10 08:00:00,1155.92
2021-01-10 08:00:00,1155.92
2021-01-10 08:00:00,1155.92
2021-01-10 08:00:00,1155.92
2021-01-10 08:00:00,1155.92
2021-01-10 08:00:00,1155.92
2021-01-10 08:10:00,1120.9
2021-01-10 08:10:00,1120.9
2021-01-10 08:10:00,1120.9
2021-01-10 08:10:00,1120.9
2021-01-10 08:10:00,1120.9
2021-01-10 08:10:00,1120.9
2021-01-10 08:20:00,1003.85
2021-01-10 08:20:00,1003.85
2021-01-10 08:20:00,1003.85
2021-01-10 08:20:00,1003.85
2021-01-10 08:20:00,1003.85
2021-01-10 08:20:00,1003.85
2021-01-10 08:30:00,1152.36
2021-01-10 08:30:00,1152.36
2021-01-10 08:30:00,1152.36
2021-01-10 08:30:00,1152.36
2021-01-10 08:30:00,1152.36
2021-01-10 08:30:00,1152.36
2021-01-10 08:40:00,1094.64
2021-01-10 08:40:00,1094.64
2021-01-10 08:40:00,1094.64
2021-01-10 08:40:00,1094.64
2021-01-10 08:40:00,1094.64
2021-01-10 08:40:00,1094.64
2021-01-10 08:50:00,1339.77
2021-01-10 08:50:00,1339.77
2021-01-10 08:50:00,1339.77
2021-01-10 08:50:00,1339.77
2021-01-10 08:50:00,1339.77
2021-01-10 08:50:00,1339.77
2021-01-10 09:00:00,1503.34
2021-01-10 09:00:00,1503.34
2021-01-10 09:00:00,1503.34
2021-01-10 09:00:00,1503.34
2021-01-10 09:00:00,1503.34
2021-01-10 09:00:00,1503.34
2021-01-10 09:10:00,1417.62
2021-01-10 09:10:00,1417.62
2021-01-10 09:10:00,1417.62
2021-01-10 09:10:00,1417.62
2021-01-10 09:10:00,1417.62
2021-01-10 09:10:00,1417.62
2021-01-10 09:20:00,989.81
2021-01-10 09:20:00,989.81
2021-01-10 09:20:00,989.81
2021-01-10 09:20:00,989.81
2021-01-10 09:20:00,989.81
2021-01-10 09:20:00,989.81
2021-01-10 09:30:00,928.26
2021-01-10 09:30:00,928.26
2021-01-10 09:30:00,928.26
2021-01-10 09:30:00,928.26
2021-01-10 09:30:00,928.26
2021-01-10 09:30:00,928.26
2021-01-10 09:40:00,1018.62
2021-01-10 09:40:00,1018.62
2021-01-10 09:40:00,1018.62
2021-01-10 09:40:00,1018.62
2021-01-10 09:40:00,1018.62
2021-01-10 09:40:00,1018.62
2021-01-10 09:50:00,979.43
2021-01-10 09:50:00,979.43
2021-01-10 09:50:00,979.43
2021-01-10 09:50:00,979.43
2021-01-10 09:50:00,979.43
2021-01-10 09:50:00,979.43
2021-01-10 10:00:00,1218.47
2021-01-10 10:00:00,1218.47
2021-01-10 10:00:00,1218.47
2021-01-10 10:00:00,1218.47
2021-01-10 10:00:00,1218.47
2021-01-10 10:00:00,1218.47
2021-01-10 10:10:00,1289.4
2021-01-10 10:10:00,1289.4
2021-01-10 10:10:00,1289.4
2021-01-10 10:10:00,1289.4
2021-01-10 10:10:00,1289.4
2021-01-10 10:10:00,1289.4
2021-01-10 10:20:00,1465.84
2021-01-10 10:20:00,1465.84
2021-01-10 10:20:00,1465.84
2021-01-10 10:20:00,1465.84
2021-01-10 10:20:00,1465.84
2021-01-10 10:20:00,1465.84
2021-01-10 10:30:00,1288.38
2021-01-10 10:30:00,1288.38
2021-01-10 10:30:00,1288.38
2021-01-10 10:30:00,1288.38
2021-01-10 10:30:00,1288.38
2021-01-10 10:30:00,1288.38
2021-01-10 10:40:00,1233.82
2021-01-10 10:40:00,1233.82
2021-01-10 10:40:00,1233.82
2021-01-10 10:40:00,1233.82
2021-01-10 10:40:00,1233.82
2021-01-10 10:40:00,1233.82
2021-01-10 10:50:00,1347.01
2021-01-10 10:50:00,1347.01
2021-01-10 10:50:00,1347.01
2021-01-10 10:50:00,1347.01
2021-01-10 10:50:00,1347.01
2021-01-10 10:50:00,1347.01
2021-01-10 11:00:00,1459.41
2021-01-10 11:00:00,1459.41
2021-01-10 11:00:00,1459.41
2021-01-10 11:00:00,1459.41
2021-01-10 11:00:00,1459.41
2021-01-10 11:00:00,1459.41
2021-01-10 11:10:00,1520.12
2021-01-10 11:10:00,1520.12
2021-01-10 11:10:00,1520.12
2021-01-10 11:10:00,1520.12
2021-01-10 11:10:00,1520.12
2021-01-10 11:10:00,1520.12
2021-01-10 11:20:00,1520.27
2021-01-10 11:20:00,1520.27
2021-01-10 11:20:00,1520.27
2021-01-10 11:20:00,1520.27
2021-01-10 11:20:00,1520.27
2021-01-10 11:20:00,1520.27
2021-01-10 11:30:00,1519.61
2021-01-10 11:30:00,1519.61
2021-01-10 11:30:00,1519.61
2021-01-10 11:30:00,1519.61
2021-01-10 11:30:00,1519.61
2021-01-10 11:30:00,1519.61
2021-01-10 11:40:00,1519.73
2021-01-10 11:40:00,1519.73
2021-01-10 11:40:00,1519.73
2021-01-10 11:40:00,1519.73
2021-01-10 11:40:00,1519.73
2021-01-10 11:40:00,1519.73
2021-01-10 11:50:00,1520.0
2021-01-10 11:50:00,1520.0
2021-01-10 11:50:00,1520.0
2021-01-10 11:50:00,1520.0
2021-01-10 11:50:00,1520.0
2021-01-10 11:50:00,1520.0
2021-01-10 12:00:00,1519.47
2021-01-10 12:00:00,1519.47
2021-01-10 12:00:00,1519.47
2021-01-10 12:00:00,1519.47
2021-01-10 12:00:00,1519.47
2021-01-10 12:00:00,1519.47
2021-01-10 12:10:00,1516.05
2021-01-10 12:10:00,1516.05
2021-01-10 12:10:00,1516.05
2021-01-10 12:10:00,1516.05
2021-01-10 12:10:00,1516.05
2021-01-10 12:10:00,1516.05
2021-01-10 12:20:00,1519.81
2021-01-10 12:20:00,1519.81
2021-01-10 12:20:00,1519.81
2021-01-10 12:20:00,1519.81
2021-01-10 12:20:00,1519.81
2021-01-10 12:20:00,1519.81
2021-01-10 12:30:00,1519.76
2021-01-10 12:30:00,1519.76
2021-01-10 12:30:00,1519.76
2021-01-10 12:30:00,1519.76
2021-01-10 12:30:00,1519.76
2021-01-10 12:30:00,1519.76
2021-01-10 12:40:00,1519.38
2021-01-10 12:40:00,1519.38
2021-01-10 12:40:00,1519.38
2021-01-10 12:40:00,1519.38
2021-01-10 12:40:00,1519.38
2021-01-10 12:40:00,1519.38
2021-01-10 12:50:00,1519.81
2021-01-10 12:50:00,1519.81
2021-01-10 12:50:00,1519.81
2021-01-10 12:50:00,1519.81
2021-01-10 12:50:00,1519.81
2021-01-10 12:50:00,1519.81
2021-01-10 13:00:00,1518.75
2021-01-10 13:00:00,1518.75
2021-01-10 13:00:00,1518.75
2021-01-10 13:00:00,1518.75
2021-01-10 13:00:00,1518.75
2021-01-10 13:00:00,1518.75
2021-01-10 13:10:00,1519.75
2021-01-10 13:10:00,1519.75
2021-01-10 13:10:00,1519.75
2021-01-10 13:10:00,1519.75
2021-01-10 13:10:00,1519.75
2021-01-10 13:10:00,1519.75
2021-01-10 13:20:00,1519.3
2021-01-10 13:20:00,1519.3
2021-01-10 13:20:00,1519.3
2021-01-10 13:20:00,1519.3
2021-01-10 13:20:00,1519.3
2021-01-10 13:20:00,1519.3
2021-01-10 13:30:00,1519.05
2021-01-10 13:30:00,1519.05
2021-01-10 13:30:00,1519.05
2021-01-10 13:30:00,1519.05
2021-01-10 13:30:00,1519.05
2021-01-10 13:30:00,1519.05
2021-01-10 13:40:00,1466.9
2021-01-10 13:40:00,1466.9
2021-01-10 13:40:00,1466.9
2021-01-10 13:40:00,1466.9
2021-01-10 13:40:00,1466.9
2021-01-10 13:40:00,1466.9
2021-01-10 13:50:00,1108.8
2021-01-10 13:50:00,1108.8
2021-01-10 13:50:00,1108.8
2021-01-10 13:50:00,1108.8
2021-01-10 13:50:00,1108.8
2021-01-10 13:50:00,1108.8
2021-01-10 14:00:00,1120.1
2021-01-10 14:00:00,1120.1
2021-01-10 14:00:00,1120.1
2021-01-10 14:00:00,1120.1
2021-01-10 14:00:00,1120.1
2021-01-10 14:00:00,1120.1
2021-01-10 14:10:00,1493.82
2021-01-10 14:10:00,1493.82
2021-01-10 14:10:00,1493.82
2021-01-10 14:10:00,1493.82
2021-01-10 14:10:00,1493.82
2021-01-10 14:10:00,1493.82
2021-01-10 14:20:00,1514.93
2021-01-10 14:20:00,1514.93
2021-01-10 14:20:00,1514.93
2021-01-10 14:20:00,1514.93
2021-01-10 14:20:00,1514.93
2021-01-10 14:20:00,1514.93
2021-01-10 14:30:00,1517.39
2021-01-10 14:30:00,1517.39
2021-01-10 14:30:00,1517.39
2021-01-10 14:30:00,1517.39
2021-01-10 14:30:00,1517.39
2021-01-10 14:30:00,1517.39
2021-01-10 14:40:00,1519.41
2021-01-10 14:40:00,1519.41
2021-01-10 14:40:00,1519.41
2021-01-10 14:40:00,1519.41
2021-01-10 14:40:00,1519.41
2021-01-10 14:40:00,1519.41
2021-01-10 14:50:00,1519.16
2021-01-10 14:50:00,1519.16
2021-01-10 14:50:00,1519.16
2021-01-10 14:50:00,1519.16
2021-01-10 14:50:00,1519.16
2021-01-10 14:50:00,1519.16
2021-01-10 15:00:00,1519.28
2021-01-10 15:00:00,1519.28
2021-01-10 15:00:00,1519.28
2021-01-10 15:00:00,1519.28
2021-01-10 15:00:00,1519.28
2021-01-10 15:00:00,1519.28
2021-01-10 15:10:00,1519.84
2021-01-10 15:10:00,1519.84
2021-01-10 15:10:00,1519.84
2021-01-10 15:10:00,1519.84
2021-01-10 15:10:00,1519.84
2021-01-10 15:10:00,1519.84
2021-01-10 15:20:00,1518.76
2021-01-10 15:20:00,1518.76
2021-01-10 15:20:00,1518.76
2021-01-10 15:20:00,1518.76
2021-01-10 15:20:00,1518.76
2021-01-10 15:20:00,1518.76
2021-01-10 15:30:00,1518.92
2021-01-10 15:30:00,1518.92
2021-01-10 15:30:00,1518.92
2021-01-10 15:30:00,1518.92
2021-01-10 15:30:00,1518.92
2021-01-10 15:30:00,1518.92
2021-01-10 15:40:00,1519.4
2021-01-10 15:40:00,1519.4
2021-01-10 15:40:00,1519.4
2021-01-10 15:40:00,1519.4
2021-01-10 15:40:00,1519.4
2021-01-10 15:40:00,1519.4
2021-01-10 15:50:00,1519.07
2021-01-10 15:50:00,1519.07
2021-01-10 15:50:00,1519.07
2021-01-10 15:50:00,1519.07
2021-01-10 15:50:00,1519.07
2021-01-10 15:50:00,1519.07
2021-01-10 16:00:00,1519.73
2021-01-10 16:00:00,1519.73
2021-01-10 16:00:00,1519.73
2021-01-10 16:00:00,1519.73
2021-01-10 16:00:00,1519.73
2021-01-10 16:00:00,1519.73
2021-01-10 16:10:00,1519.01
2021-01-10 16:10:00,1519.01
2021-01-10 16:10:00,1519.01
2021-01-10 16:10:00,1519.01
2021-01-10 16:10:00,1519.01
2021-01-10 16:10:00,1519.01
2021-01-10 16:20:00,1519.59
2021-01-10 16:20:00,1519.59
2021-01-10 16:20:00,1519.59
2021-01-10 16:20:00,1519.59
2021-01-10 16:20:00,1519.59
2021-01-10 16:20:00,1519.59
2021-01-10 16:30:00,1518.89
2021-01-10 16:30:00,1518.89
2021-01-10 16:30:00,1518.89
2021-01-10 16:30:00,1518.89
2021-01-10 16:30:00,1518.89
2021-01-10 16:30:00,1518.89
2021-01-10 16:40:00,1519.84
2021-01-10 16:40:00,1519.84
2021-01-10 16:40:00,1519.84
2021-01-10 16:40:00,1519.84
2021-01-10 16:40:00,1519.84
2021-01-10 16:40:00,1519.84
2021-01-10 16:50:00,1518.92
2021-01-10 16:50:00,1518.92
2021-01-10 16:50:00,1518.92
2021-01-10 16:50:00,1518.92
2021-01-10 16:50:00,1518.92
2021-01-10 16:50:00,1518.92
2021-01-10 17:00:00,1519.77
2021-01-10 17:00:00,1519.77
2021-01-10 17:00:00,1519.77
2021-01-10 17:00:00,1519.77
2021-01-10 17:00:00,1519.77
2021-01-10 17:00:00,1519.77
2021-01-10 17:10:00,1519.34
2021-01-10 17:10:00,1519.34
2021-01-10 17:10:00,1519.34
2021-01-10 17:10:00,1519.34
2021-01-10 17:10:00,1519.34
2021-01-10 17:10:00,1519.34
2021-01-10 17:20:00,1519.58
2021-01-10 17:20:00,1519.58
2021-01-10 17:20:00,1519.58
2021-01-10 17:20:00,1519.58
2021-01-10 17:20:00,1519.58
2021-01-10 17:20:00,1519.58
2021-01-10 17:30:00,1519.56
2021-01-10 17:30:00,1519.56
2021-01-10 17:30:00,1519.56
2021-01-10 17:30:00,1519.56
2021-01-10 17:30:00,1519.56
2021-01-10 17:30:00,1519.56
2021-01-10 17:40:00,1519.56
2021-01-10 17:40:00,1519.56
2021-01-10 17:40:00,1519.56
2021-01-10 17:40:00,1519.56
2021-01-10 17:40:00,1519.56
2021-01-10 17:40:00,1519.56
2021-01-10 17:50:00,1519.32
2021-01-10 17:50:00,1519.32
2021-01-10 17:50:00,1519.32
2021-01-10 17:50:00,1519.32
2021-01-10 17:50:00,1519.32
2021-01-10 17:50:00,1519.32
2021-01-10 18:00:00,1519.39
2021-01-10 18:00:00,1519.39
2021-01-10 18:00:00,1519.39
2021-01-10 18:00:00,1519.39
2021-01-10 18:00:00,1519.39
2021-01-10 18:00:00,1519.39
2021-01-10 18:10:00,1519.19
2021-01-10 18:10:00,1519.19
2021-01-10 18:10:00,1519.19
2021-01-10 18:10:00,1519.19
2021-01-10 18:10:00,1519.19
2021-01-10 18:10:00,1519.19
2021-01-10 18:20:00,1519.35
2021-01-10 18:20:00,1519.35
2021-01-10 18:20:00,1519.35
2021-01-10 18:20:00,1519.35
2021-01-10 18:20:00,1519.35
2021-01-10 18:20:00,1519.35
2021-01-10 18:30:00,1503.13
2021-01-10 18:30:00,1503.13
2021-01-10 18:30:00,1503.13
2021-01-10 18:30:00,1503.13
2021-01-10 18:30:00,1503.13
2021-01-10 18:30:00,1503.13
2021-01-10 18:40:00,1498.57
2021-01-10 18:40:00,1498.57
2021-01-10 18:40:00,1498.57
2021-01-10 18:40:00,1498.57
2021-01-10 18:40:00,1498.57
2021-01-10 18:40:00,1498.57
2021-01-10 18:50:00,1477.79
2021-01-10 18:50:00,1477.79
2021-01-10 18:50:00,1477.79
2021-01-10 18:50:00,1477.79
2021-01-10 18:50:00,1477.79
2021-01-10 18:50:00,1477.79
2021-01-10 19:00:00,1319.91
2021-01-10 19:00:00,1319.91
2021-01-10 19:00:00,1319.91
2021-01-10 19:00:00,1319.91
2021-01-10 19:00:00,1319.91
2021-01-10 19:00:00,1319.91
2021-01-10 19:10:00,1251.61
2021-01-10 19:10:00,1251.61
2021-01-10 19:10:00,1251.61
2021-01-10 19:10:00,1251.61
2021-01-10 19:10:00,1251.61
2021-01-10 19:10:00,1251.61
2021-01-10 19:20:00,1245.66
2021-01-10 19:20:00,1245.66
2021-01-10 19:20:00,1245.66
2021-01-10 19:20:00,1245.66
2021-01-10 19:20:00,1245.66
2021-01-10 19:20:00,1245.66
2021-01-10 19:30:00,802.61
2021-01-10 19:30:00,802.61
2021-01-10 19:30:00,802.61
2021-01-10 19:30:00,802.61
2021-01-10 19:30:00,802.61
2021-01-10 19:30:00,802.61
2021-01-10 19:40:00,837.64
2021-01-10 19:40:00,837.64
2021-01-10 19:40:00,837.64
2021-01-10 19:40:00,837.64
2021-01-10 19:40:00,837.64
2021-01-10 19:40:00,837.64
2021-01-10 19:50:00,992.88
2021-01-10 19:50:00,992.88
2021-01-10 19:50:00,992.88
2021-01-10 19:50:00,992.88
2021-01-10 19:50:00,992.88
2021-01-10 19:50:00,992.88
2021-01-10 20:00:00,1104.69
2021-01-10 20:00:00,1104.69
2021-01-10 20:00:00,1104.69
2021-01-10 20:00:00,1104.69
2021-01-10 20:00:00,1104.69
2021-01-10 20:00:00,1104.69
2021-01-10 20:10:00,760.84
2021-01-10 20:10:00,760.84
2021-01-10 20:10:00,760.84
2021-01-10 20:10:00,760.84
2021-01-10 20:10:00,760.84
2021-01-10 20:10:00,760.84
2021-01-10 20:20:00,636.31
2021-01-10 20:20:00,636.31
2021-01-10 20:20:00,636.31
2021-01-10 20:20:00,636.31
2021-01-10 20:20:00,636.31
2021-01-10 20:20:00,636.31
2021-01-10 20:30:00,679.23
2021-01-10 20:30:00,679.23
2021-01-10 20:30:00,679.23
2021-01-10 20:30:00,679.23
2021-01-10 20:30:00,679.23
2021-01-10 20:30:00,679.23
2021-01-10 20:40:00,452.15
2021-01-10 20:40:00,452.15
2021-01-10 20:40:00,452.15
2021-01-10 20:40:00,452.15
2021-01-10 20:40:00,452.15
2021-01-10 20:40:00,452.15
2021-01-10 20:50:00,388.04
2021-01-10 20:50:00,388.04
2021-01-10 20:50:00,388.04
2021-01-10 20:50:00,388.04
2021-01-10 20:50:00,388.04
2021-01-10 20:50:00,388.04
2021-01-10 21:00:00,266.12
2021-01-10 21:00:00,266.12
2021-01-10 21:00:00,266.12
2021-01-10 21:00:00,266.12
2021-01-10 21:00:00,266.12
2021-01-10 21:00:00,266.12
2021-01-10 21:10:00,196.14
2021-01-10 21:10:00,196.14
2021-01-10 21:10:00,196.14
2021-01-10 21:10:00,196.14
2021-01-10 21:10:00,196.14
2021-01-10 21:10:00,196.14
2021-01-10 21:20:00,179.13
2021-01-10 21:20:00,179.13
2021-01-10 21:20:00,179.13
2021-01-10 21:20:00,179.13
2021-01-10 21:20:00,179.13
2021-01-10 21:20:00,179.13
2021-01-10 21:30:00,169.06
2021-01-10 21:30:00,169.06
2021-01-10 21:30:00,169.06
2021-01-10 21:30:00,169.06
2021-01-10 21:30:00,169.06
2021-01-10 21:30:00,169.06
2021-01-10 21:40:00,127.04
2021-01-10 21:40:00,127.04
2021-01-10 21:40:00,127.04
2021-01-10 21:40:00,127.04
2021-01-10 21:40:00,127.04
2021-01-10 21:40:00,127.04
2021-01-10 21:50:00,107.86
2021-01-10 21:50:00,107.86
2021-01-10 21:50:00,107.86
2021-01-10 21:50:00,107.86
2021-01-10 21:50:00,107.86
2021-01-10 21:50:00,107.86
2021-01-10 22:00:00,100.27
2021-01-10 22:00:00,100.27
2021-01-10 22:00:00,100.27
2021-01-10 22:00:00,100.27
2021-01-10 22:00:00,100.27
2021-01-10 22:00:00,100.27
2021-01-10 22:10:00,92.29
2021-01-10 22:10:00,92.29
2021-01-10 22:10:00,92.29
2021-01-10 22:10:00,92.29
2021-01-10 22:10:00,92.29
2021-01-10 22:10:00,92.29
2021-01-10 22:20:00,86.52
2021-01-10 22:20:00,86.52
2021-01-10 22:20:00,86.52
2021-01-10 22:20:00,86.52
2021-01-10 22:20:00,86.52
2021-01-10 22:20:00,86.52
2021-01-10 22:30:00,156.53
2021-01-10 22:30:00,156.53
2021-01-10 22:30:00,156.53
2021-01-10 22:30:00,156.53
2021-01-10 22:30:00,156.53
2021-01-10 22:30:00,156.53
2021-01-10 22:40:00,216.83
2021-01-10 22:40:00,216.83
2021-01-10 22:40:00,216.83
2021-01-10 22:40:00,216.83
2021-01-10 22:40:00,216.83
2021-01-10 22:40:00,216.83
2021-01-10 22:50:00,179.15
2021-01-10 22:50:00,179.15
2021-01-10 22:50:00,179.15
2021-01-10 22:50:00,179.15
2021-01-10 22:50:00,179.15
2021-01-10 22:50:00,179.15
2021-01-10 23:00:00,136.22
2021-01-10 23:00:00,136.22
2021-01-10 23:00:00,136.22
2021-01-10 23:00:00,136.22
2021-01-10 23:00:00,136.22
2021-01-10 23:00:00,136.22
2021-01-10 23:10:00,91.8
2021-01-10 23:10:00,91.8
2021-01-10 23:10:00,91.8
2021-01-10 23:10:00,91.8
2021-01-10 23:10:00,91.8
2021-01-10 23:10:00,91.8
2021-01-10 23:20:00,110.72
2021-01-10 23:20:00,110.72
2021-01-10 23:20:00,110.72
2021-01-10 23:20:00,110.72
2021-01-10 23:20:00,110.72
2021-01-10 23:20:00,110.72
2021-01-10 23:30:00,109.54
2021-01-10 23:30:00,109.54
2021-01-10 23:30:00,109.54
2021-01-10 23:30:00,109.54
2021-01-10 23:30:00,109.54
2021-01-10 23:30:00,109.54
2021-01-10 23:40:00,128.77
2021-01-10 23:40:00,128.77
2021-01-10 23:40:00,128.77
2021-01-10 23:40:00,128.77
2021-01-10 23:40:00,128.77
2021-01-10 23:40:00,128.77
2021-01-10 23:50:00,152.8
2021-01-10 23:50:00,152.8
2021-01-10 23:50:00,152.8
2021-01-10 23:50:00,152.8
2021-01-10 23:50:00,152.8
2021-01-10 23:50:00,152.8
2021-01-11 00:00:00,128.73
2021-01-11 00:00:00,128.73
2021-01-11 00:00:00,128.73
2021-01-11 00:00:00,128.73
2021-01-11 00:00:00,128.73
2021-01-11 00:00:00,128.73
2021-01-11 00:10:00,119.77
2021-01-11 00:10:00,119.77
2021-01-11 00:10:00,119.77
2021-01-11 00:10:00,119.77
2021-01-11 00:10:00,119.77
2021-01-11 00:10:00,119.77
2021-01-11 00:20:00,98.63
2021-01-11 00:20:00,98.63
2021-01-11 00:20:00,98.63
2021-01-11 00:20:00,98.63
2021-01-11 00:20:00,98.63
2021-01-11 00:20:00,98.63
2021-01-11 00:30:00,58.58
2021-01-11 00:30:00,58.58
2021-01-11 00:30:00,58.58
2021-01-11 00:30:00,58.58
2021-01-11 00:30:00,58.58
2021-01-11 00:30:00,58.58
2021-01-11 00:40:00,99.02
2021-01-11 00:40:00,99.02
2021-01-11 00:40:00,99.02
2021-01-11 00:40:00,99.02
2021-01-11 00:40:00,99.02
2021-01-11 00:40:00,99.02
2021-01-11 00:50:00,126.55
2021-01-11 00:50:00,126.55
2021-01-11 00:50:00,126.55
2021-01-11 00:50:00,126.55
2021-01-11 00:50:00,126.55
2021-01-11 00:50:00,126.55
2021-01-11 01:00:00,201.6
2021-01-11 01:00:00,201.6
2021-01-11 01:00:00,201.6
2021-01-11 01:00:00,201.6
2021-01-11 01:00:00,201.6
2021-01-11 01:00:00,201.6
2021-01-11 01:10:00,181.48
2021-01-11 01:10:00,181.48
2021-01-11 01:10:00,181.48
2021-01-11 01:10:00,181.48
2021-01-11 01:10:00,181.48
2021-01-11 01:10:00,181.48
2021-01-11 01:20:00,155.75
2021-01-11 01:20:00,155.75
2021-01-11 01:20:00,155.75
2021-01-11 01:20:00,155.75
2021-01-11 01:20:00,155.75
2021-01-11 01:20:00,155.75
2021-01-11 01:30:00,175.19
2021-01-11 01:30:00,175.19
2021-01-11 01:30:00,175.19
2021-01-11 01:30:00,175.19
2021-01-11 01:30:00,175.19
2021-01-11 01:30:00,175.19
2021-01-11 01:40:00,215.84
2021-01-11 01:40:00,215.84
2021-01-11 01:40:00,215.84
2021-01-11 01:40:00,215.84
2021-01-11 01:40:00,215.84
2021-01-11 01:40:00,215.84
2021-01-11 01:50:00,241.03
2021-01-11 01:50:00,241.03
2021-01-11 01:50:00,241.03
2021-01-11 01:50:00,241.03
2021-01-11 01:50:00,241.03
2021-01-11 01:50:00,241.03
2021-01-11 02:00:00,184.24
2021-01-11 02:00:00,184.24
2021-01-11 02:00:00,184.24
2021-01-11 02:00:00,184.24
2021-01-11 02:00:00,184.24
2021-01-11 02:00:00,184.24
2021-01-11 02:10:00,204.87
2021-01-11 02:10:00,204.87
2021-01-11 02:10:00,204.87
2021-01-11 02:10:00,204.87
2021-01-11 02:10:00,204.87
2021-01-11 02:10:00,204.87
2021-01-11 02:20:00,178.17
2021-01-11 02:20:00,178.17
2021-01-11 02:20:00,178.17
2021-01-11 02:20:00,178.17
2021-01-11 02:20:00,178.17
2021-01-11 02:20:00,178.17
2021-01-11 02:30:00,138.33
2021-01-11 02:30:00,138.33
2021-01-11 02:30:00,138.33
2021-01-11 02:30:00,138.33
2021-01-11 02:30:00,138.33
2021-01-11 02:30:00,138.33
2021-01-11 02:40:00,93.18
2021-01-11 02:40:00,93.18
2021-01-11 02:40:00,93.18
2021-01-11 02:40:00,93.18
2021-01-11 02:40:00,93.18
2021-01-11 02:40:00,93.18
2021-01-11 02:50:00,86.72
2021-01-11 02:50:00,86.72
2021-01-11 02:50:00,86.72
2021-01-11 02:50:00,86.72
2021-01-11 02:50:00,86.72
2021-01-11 02:50:00,86.72
2021-01-11 03:00:00,79.11
2021-01-11 03:00:00,79.11
2021-01-11 03:00:00,79.11
2021-01-11 03:00:00,79.11
2021-01-11 03:00:00,79.11
2021-01-11 03:00:00,79.11
2021-01-11 03:10:00,125.25
2021-01-11 03:10:00,125.25
2021-01-11 03:10:00,125.25
2021-01-11 03:10:00,125.25
2021-01-11 03:10:00,125.25
2021-01-11 03:10:00,125.25
2021-01-11 03:20:00,147.77
2021-01-11 03:20:00,147.77
2021-01-11 03:20:00,147.77
2021-01-11 03:20:00,147.77
2021-01-11 03:20:00,147.77
2021-01-11 03:20:00,147.77
2021-01-11 03:30:00,107.71
2021-01-11 03:30:00,107.71
2021-01-11 03:30:00,107.71
2021-01-11 03:30:00,107.71
2021-01-11 03:30:00,107.71
2021-01-11 03:30:00,107.71
2021-01-11 03:40:00,135.59
2021-01-11 03:40:00,135.59
2021-01-11 03:40:00,135.59
2021-01-11 03:40:00,135.59
2021-01-11 03:40:00,135.59
2021-01-11 03:40:00,135.59
2021-01-11 03:50:00,189.81
2021-01-11 03:50:00,189.81
2021-01-11 03:50:00,189.81
2021-01-11 03:50:00,189.81
2021-01-11 03:50:00,189.81
2021-01-11 03:50:00,189.81
2021-01-11 04:00:00,185.34
2021-01-11 04:00:00,185.34
2021-01-11 04:00:00,185.34
2021-01-11 04:00:00,185.34
2021-01-11 04:00:00,185.34
2021-01-11 04:00:00,185.34
2021-01-11 04:10:00,163.85
2021-01-11 04:10:00,163.85
2021-01-11 04:10:00,163.85
2021-01-11 04:10:00,163.85
2021-01-11 04:10:00,163.85
2021-01-11 04:10:00,163.85
2021-01-11 04:20:00,141.78
2021-01-11 04:20:00,141.78
2021-01-11 04:20:00,141.78
2021-01-11 04:20:00,141.78
2021-01-11 04:20:00,141.78
2021-01-11 04:20:00,141.78
2021-01-11 04:30:00,245.11
2021-01-11 04:30:00,245.11
2021-01-11 04:30:00,245.11
2021-01-11 04:30:00,245.11
2021-01-11 04:30:00,245.11
2021-01-11 04:30:00,245.11
2021-01-11 04:40:00,349.68
2021-01-11 04:40:00,349.68
2021-01-11 04:40:00,349.68
2021-01-11 04:40:00,349.68
2021-01-11 04:40:00,349.68
2021-01-11 04:40:00,349.68
2021-01-11 04:50:00,389.21
2021-01-11 04:50:00,389.21
2021-01-11 04:50:00,389.21
2021-01-11 04:50:00,389.21
2021-01-11 04:50:00,389.21
2021-01-11 04:50:00,389.21
2021-01-11 05:00:00,404.73
2021-01-11 05:00:00,404.73
2021-01-11 05:00:00,404.73
2021-01-11 05:00:00,404.73
2021-01-11 05:00:00,404.73
2021-01-11 05:00:00,404.73
2021-01-11 05:10:00,407.65
2021-01-11 05:10:00,407.65
2021-01-11 05:10:00,407.65
2021-01-11 05:10:00,407.65
2021-01-11 05:10:00,407.65
2021-01-11 05:10:00,407.65
2021-01-11 05:20:00,476.31
2021-01-11 05:20:00,476.31
2021-01-11 05:20:00,476.31
2021-01-11 05:20:00,476.31
2021-01-11 05:20:00,476.31
2021-01-11 05:20:00,476.31
2021-01-11 05:30:00,571.65
2021-01-11 05:30:00,571.65
2021-01-11 05:30:00,571.65
2021-01-11 05:30:00,571.65
2021-01-11 05:30:00,571.65
2021-01-11 05:30:00,571.65
2021-01-11 05:40:00,646.08
2021-01-11 05:40:00,646.08
2021-01-11 05:40:00,646.08
2021-01-11 05:40:00,646.08
2021-01-11 05:40:00,646.08
2021-01-11 05:40:00,646.08
2021-01-11 05:50:00,707.41
2021-01-11 05:50:00,707.41
2021-01-11 05:50:00,707.41
2021-01-11 05:50:00,707.41
2021-01-11 05:50:00,707.41
2021-01-11 05:50:00,707.41
2021-01-11 06:00:00,865.19
2021-01-11 06:00:00,865.19
2021-01-11 06:00:00,865.19
2021-01-11 06:00:00,865.19
2021-01-11 06:00:00,865.19
2021-01-11 06:00:00,865.19
2021-01-11 06:10:00,756.99
2021-01-11 06:10:00,756.99
2021-01-11 06:10:00,756.99
2021-01-11 06:10:00,756.99
2021-01-11 06:10:00,756.99
2021-01-11 06:10:00,756.99
2021-01-11 06:20:00,789.4
2021-01-11 06:20:00,789.4
2021-01-11 06:20:00,789.4
2021-01-11 06:20:00,789.4
2021-01-11 06:20:00,789.4
2021-01-11 06:20:00,789.4
2021-01-11 06:30:00,778.51
2021-01-11 06:30:00,778.51
2021-01-11 06:30:00,778.51
2021-01-11 06:30:00,778.51
2021-01-11 06:30:00,778.51
2021-01-11 06:30:00,778.51
2021-01-11 06:40:00,664.58
2021-01-11 06:40:00,664.58
2021-01-11 06:40:00,664.58
2021-01-11 06:40:00,664.58
2021-01-11 06:40:00,664.58
2021-01-11 06:40:00,664.58
2021-01-11 06:50:00,613.71
2021-01-11 06:50:00,613.71
2021-01-11 06:50:00,613.71
2021-01-11 06:50:00,613.71
2021-01-11 06:50:00,613.71
2021-01-11 06:50:00,613.71
2021-01-11 07:00:00,662.49
2021-01-11 07:00:00,662.49
2021-01-11 07:00:00,662.49
2021-01-11 07:00:00,662.49
2021-01-11 07:00:00,662.49
2021-01-11 07:00:00,662.49
2021-01-11 07:10:00,666.17
2021-01-11 07:10:00,666.17
2021-01-11 07:10:00,666.17
2021-01-11 07:10:00,666.17
2021-01-11 07:10:00,666.17
2021-01-11 07:10:00,666.17
2021-01-11 07:20:00,717.82
2021-01-11 07:20:00,717.82
2021-01-11 07:20:00,717.82
2021-01-11 07:20:00,717.82
2021-01-11 07:20:00,717.82
2021-01-11 07:20:00,717.82
2021-01-11 07:30:00,909.65
2021-01-11 07:30:00,909.65
2021-01-11 07:30:00,909.65
2021-01-11 07:30:00,909.65
2021-01-11 07:30:00,909.65
2021-01-11 07:30:00,909.65
2021-01-11 07:40:00,637.08
2021-01-11 07:40:00,637.08
2021-01-11 07:40:00,637.08
2021-01-11 07:40:00,637.08
2021-01-11 07:40:00,637.08
2021-01-11 07:40:00,637.08
2021-01-11 07:50:00,491.29
2021-01-11 07:50:00,491.29
2021-01-11 07:50:00,491.29
2021-01-11 07:50:00,491.29
2021-01-11 07:50:00,491.29
2021-01-11 07:50:00,491.29
2021-01-11 08:00:00,694.49
2021-01-11 08:00:00,694.49
2021-01-11 08:00:00,694.49
2021-01-11 08:00:00,694.49
2021-01-11 08:00:00,694.49
2021-01-11 08:00:00,694.49
2021-01-11 08:10:00,1019.15
2021-01-11 08:10:00,1019.15
2021-01-11 08:10:00,1019.15
2021-01-11 08:10:00,1019.15
2021-01-11 08:10:00,1019.15
2021-01-11 08:10:00,1019.15
2021-01-11 08:20:00,810.75
2021-01-11 08:20:00,810.75
2021-01-11 08:20:00,810.75
2021-01-11 08:20:00,810.75
2021-01-11 08:20:00,810.75
2021-01-11 08:20:00,810.75
2021-01-11 08:30:00,656.7
2021-01-11 08:30:00,656.7
2021-01-11 08:30:00,656.7
2021-01-11 08:30:00,656.7
2021-01-11 08:30:00,656.7
2021-01-11 08:30:00,656.7
2021-01-11 08:40:00,467.2
2021-01-11 08:40:00,467.2
2021-01-11 08:40:00,467.2
2021-01-11 08:40:00,467.2
2021-01-11 08:40:00,467.2
2021-01-11 08:40:00,467.2
2021-01-11 08:50:00,721.45
2021-01-11 08:50:00,721.45
2021-01-11 08:50:00,721.45
2021-01-11 08:50:00,721.45
2021-01-11 08:50:00,721.45
2021-01-11 08:50:00,721.45
2021-01-11 09:00:00,741.55
2021-01-11 09:00:00,741.55
2021-01-11 09:00:00,741.55
2021-01-11 09:00:00,741.55
2021-01-11 09:00:00,741.55
2021-01-11 09:00:00,741.55
2021-01-11 09:10:00,882.84
2021-01-11 09:10:00,882.84
2021-01-11 09:10:00,882.84
2021-01-11 09:10:00,882.84
2021-01-11 09:10:00,882.84
2021-01-11 09:10:00,882.84
2021-01-11 09:20:00,874.29
2021-01-11 09:20:00,874.29
2021-01-11 09:20:00,874.29
2021-01-11 09:20:00,874.29
2021-01-11 09:20:00,874.29
2021-01-11 09:20:00,874.29
2021-01-11 09:30:00,1118.48
2021-01-11 09:30:00,1118.48
2021-01-11 09:30:00,1118.48
2021-01-11 09:30:00,1118.48
2021-01-11 09:30:00,1118.48
2021-01-11 09:30:00,1118.48
2021-01-11 09:40:00,1097.33
2021-01-11 09:40:00,1097.33
2021-01-11 09:40:00,1097.33
2021-01-11 09:40:00,1097.33
2021-01-11 09:40:00,1097.33
2021-01-11 09:40:00,1097.33
2021-01-11 09:50:00,1079.12
2021-01-11 09:50:00,1079.12
2021-01-11 09:50:00,1079.12
2021-01-11 09:50:00,1079.12
2021-01-11 09:50:00,1079.12
2021-01-11 09:50:00,1079.12
2021-01-11 10:00:00,1044.48
2021-01-11 10:00:00,1044.48
2021-01-11 10:00:00,1044.48
2021-01-11 10:00:00,1044.48
2021-01-11 10:00:00,1044.48
2021-01-11 10:00:00,1044.48
2021-01-11 10:10:00,966.51
2021-01-11 10:10:00,966.51
2021-01-11 10:10:00,966.51
2021-01-11 10:10:00,966.51
2021-01-11 10:10:00,966.51
2021-01-11 10:10:00,966.51
2021-01-11 10:20:00,1149.28
2021-01-11 10:20:00,1149.28
2021-01-11 10:20:00,1149.28
2021-01-11 10:20:00,1149.28
2021-01-11 10:20:00,1149.28
2021-01-11 10:20:00,1149.28
2021-01-11 10:30:00,1083.21
2021-01-11 10:30:00,1083.21
2021-01-11 10:30:00,1083.21
2021-01-11 10:30:00,1083.21
2021-01-11 10:30:00,1083.21
2021-01-11 10:30:00,1083.21
2021-01-11 10:40:00,938.77
2021-01-11 10:40:00,938.77
2021-01-11 10:40:00,938.77
2021-01-11 10:40:00,938.77
2021-01-11 10:40:00,938.77
2021-01-11 10:40:00,938.77
2021-01-11 10:50:00,1068.67
2021-01-11 10:50:00,1068.67
2021-01-11 10:50:00,1068.67
2021-01-11 10:50:00,1068.67
2021-01-11 10:50:00,1068.67
2021-01-11 10:50:00,1068.67
2021-01-11 11:00:00,1067.42
2021-01-11 11:00:00,1067.42
2021-01-11 11:00:00,1067.42
2021-01-11 11:00:00,1067.42
2021-01-11 11:00:00,1067.42
2021-01-11 11:00:00,1067.42
2021-01-11 11:10:00,1357.66
2021-01-11 11:10:00,1357.66
2021-01-11 11:10:00,1357.66
2021-01-11 11:10:00,1357.66
2021-01-11 11:10:00,1357.66
2021-01-11 11:10:00,1357.66
2021-01-11 11:20:00,1474.51
2021-01-11 11:20:00,1474.51
2021-01-11 11:20:00,1474.51
2021-01-11 11:20:00,1474.51
2021-01-11 11:20:00,1474.51
2021-01-11 11:20:00,1474.51
2021-01-11 11:30:00,1516.11
2021-01-11 11:30:00,1516.11
2021-01-11 11:30:00,1516.11
2021-01-11 11:30:00,1516.11
2021-01-11 11:30:00,1516.11
2021-01-11 11:30:00,1516.11
2021-01-11 11:40:00,1501.27
2021-01-11 11:40:00,1501.27
2021-01-11 11:40:00,1501.27
2021-01-11 11:40:00,1501.27
2021-01-11 11:40:00,1501.27
2021-01-11 11:40:00,1501.27
2021-01-11 11:50:00,1506.4
2021-01-11 11:50:00,1506.4
2021-01-11 11:50:00,1506.4
2021-01-11 11:50:00,1506.4
2021-01-11 11:50:00,1506.4
2021-01-11 11:50:00,1506.4
2021-01-11 12:00:00,1228.52
2021-01-11 12:00:00,1228.52
2021-01-11 12:00:00,1228.52
2021-01-11 12:00:00,1228.52
2021-01-11 12:00:00,1228.52
2021-01-11 12:00:00,1228.52
2021-01-11 12:10:00,1169.37
2021-01-11 12:10:00,1169.37
2021-01-11 12:10:00,1169.37
2021-01-11 12:10:00,1169.37
2021-01-11 12:10:00,1169.37
2021-01-11 12:10:00,1169.37
2021-01-11 12:20:00,1180.15
2021-01-11 12:20:00,1180.15
2021-01-11 12:20:00,1180.15
2021-01-11 12:20:00,1180.15
2021-01-11 12:20:00,1180.15
2021-01-11 12:20:00,1180.15
2021-01-11 12:30:00,1030.32
2021-01-11 12:30:00,1030.32
2021-01-11 12:30:00,1030.32
2021-01-11 12:30:00,1030.32
2021-01-11 12:30:00,1030.32
2021-01-11 12:30:00,1030.32
2021-01-11 12:40:00,1023.47
2021-01-11 12:40:00,1023.47
2021-01-11 12:40:00,1023.47
2021-01-11 12:40:00,1023.47
2021-01-11 12:40:00,1023.47
2021-01-11 12:40:00,1023.47
2021-01-11 12:50:00,1427.4
2021-01-11 12:50:00,1427.4
2021-01-11 12:50:00,1427.4
2021-01-11 12:50:00,1427.4
2021-01-11 12:50:00,1427.4
2021-01-11 12:50:00,1427.4
2021-01-11 13:00:00,1492.66
2021-01-11 13:00:00,1492.66
2021-01-11 13:00:00,1492.66
2021-01-11 13:00:00,1492.66
2021-01-11 13:00:00,1492.66
2021-01-11 13:00:00,1492.66
2021-01-11 13:10:00,1373.34
2021-01-11 13:10:00,1373.34
2021-01-11 13:10:00,1373.34
2021-01-11 13:10:00,1373.34
2021-01-11 13:10:00,1373.34
2021-01-11 13:10:00,1373.34
2021-01-11 13:20:00,1511.34
2021-01-11 13:20:00,1511.34
2021-01-11 13:20:00,1511.34
2021-01-11 13:20:00,1511.34
2021-01-11 13:20:00,1511.34
2021-01-11 13:20:00,1511.34
2021-01-11 13:30:00,1390.14
2021-01-11 13:30:00,1390.14
2021-01-11 13:30:00,1390.14
2021-01-11 13:30:00,1390.14
2021-01-11 13:30:00,1390.14
2021-01-11 13:30:00,1390.14
2021-01-11 13:40:00,993.56
2021-01-11 13:40:00,993.56
2021-01-11 13:40:00,993.56
2021-01-11 13:40:00,993.56
2021-01-11 13:40:00,993.56
2021-01-11 13:40:00,993.56
2021-01-11 13:50:00,1310.14
2021-01-11 13:50:00,1310.14
2021-01-11 13:50:00,1310.14
2021-01-11 13:50:00,1310.14
2021-01-11 13:50:00,1310.14
2021-01-11 13:50:00,1310.14
2021-01-11 14:00:00,1398.09
2021-01-11 14:00:00,1398.09
2021-01-11 14:00:00,1398.09
2021-01-11 14:00:00,1398.09
2021-01-11 14:00:00,1398.09
2021-01-11 14:00:00,1398.09
2021-01-11 14:10:00,1508.19
2021-01-11 14:10:00,1508.19
2021-01-11 14:10:00,1508.19
2021-01-11 14:10:00,1508.19
2021-01-11 14:10:00,1508.19
2021-01-11 14:10:00,1508.19
2021-01-11 14:20:00,1490.97
2021-01-11 14:20:00,1490.97
2021-01-11 14:20:00,1490.97
2021-01-11 14:20:00,1490.97
2021-01-11 14:20:00,1490.97
2021-01-11 14:20:00,1490.97
2021-01-11 14:30:00,1497.31
2021-01-11 14:30:00,1497.31
2021-01-11 14:30:00,1497.31
2021-01-11 14:30:00,1497.31
2021-01-11 14:30:00,1497.31
2021-01-11 14:30:00,1497.31
2021-01-11 14:40:00,1488.44
2021-01-11 14:40:00,1488.44
2021-01-11 14:40:00,1488.44
2021-01-11 14:40:00,1488.44
2021-01-11 14:40:00,1488.44
2021-01-11 14:40:00,1488.44
2021-01-11 14:50:00,1519.28
2021-01-11 14:50:00,1519.28
2021-01-11 14:50:00,1519.28
2021-01-11 14:50:00,1519.28
2021-01-11 14:50:00,1519.28
2021-01-11 14:50:00,1519.28
2021-01-11 15:00:00,1517.85
2021-01-11 15:00:00,1517.85
2021-01-11 15:00:00,1517.85
2021-01-11 15:00:00,1517.85
2021-01-11 15:00:00,1517.85
2021-01-11 15:00:00,1517.85
2021-01-11 15:10:00,1461.13
2021-01-11 15:10:00,1461.13
2021-01-11 15:10:00,1461.13
2021-01-11 15:10:00,1461.13
2021-01-11 15:10:00,1461.13
2021-01-11 15:10:00,1461.13
2021-01-11 15:20:00,1461.41
2021-01-11 15:20:00,1461.41
2021-01-11 15:20:00,1461.41
2021-01-11 15:20:00,1461.41
2021-01-11 15:20:00,1461.41
2021-01-11 15:20:00,1461.41
2021-01-11 15:30:00,1512.03
2021-01-11 15:30:00,1512.03
2021-01-11 15:30:00,1512.03
2021-01-11 15:30:00,1512.03
2021-01-11 15:30:00,1512.03
2021-01-11 15:30:00,1512.03
2021-01-11 15:40:00,1508.85
2021-01-11 15:40:00,1508.85
2021-01-11 15:40:00,1508.85
2021-01-11 15:40:00,1508.85
2021-01-11 15:40:00,1508.85
2021-01-11 15:40:00,1508.85
2021-01-11 15:50:00,1443.09
2021-01-11 15:50:00,1443.09
2021-01-11 15:50:00,1443.09
2021-01-11 15:50:00,1443.09
2021-01-11 15:50:00,1443.09
2021-01-11 15:50:00,1443.09
2021-01-11 16:00:00,1487.1
2021-01-11 16:00:00,1487.1
2021-01-11 16:00:00,1487.1
2021-01-11 16:00:00,1487.1
2021-01-11 16:00:00,1487.1
2021-01-11 16:00:00,1487.1
2021-01-11 16:10:00,1514.07
2021-01-11 16:10:00,1514.07
2021-01-11 16:10:00,1514.07
2021-01-11 16:10:00,1514.07
2021-01-11 16:10:00,1514.07
2021-01-11 16:10:00,1514.07
2021-01-11 16:20:00,1283.16
2021-01-11 16:20:00,1283.16
2021-01-11 16:20:00,1283.16
2021-01-11 16:20:00,1283.16
2021-01-11 16:20:00,1283.16
2021-01-11 16:20:00,1283.16
2021-01-11 16:30:00,1326.0
2021-01-11 16:30:00,1326.0
2021-01-11 16:30:00,1326.0
2021-01-11 16:30:00,1326.0
2021-01-11 16:30:00,1326.0
2021-01-11 16:30:00,1326.0
2021-01-11 16:40:00,1490.47
2021-01-11 16:40:00,1490.47
2021-01-11 16:40:00,1490.47
2021-01-11 16:40:00,1490.47
2021-01-11 16:40:00,1490.47
2021-01-11 16:40:00,1490.47
2021-01-11 16:50:00,1371.75
2021-01-11 16:50:00,1371.75
2021-01-11 16:50:00,1371.75
2021-01-11 16:50:00,1371.75
2021-01-11 16:50:00,1371.75
2021-01-11 16:50:00,1371.75
2021-01-11 17:00:00,1370.48
2021-01-11 17:00:00,1370.48
2021-01-11 17:00:00,1370.48
2021-01-11 17:00:00,1370.48
2021-01-11 17:00:00,1370.48
2021-01-11 17:00:00,1370.48
2021-01-11 17:10:00,1309.76
2021-01-11 17:10:00,1309.76
2021-01-11 17:10:00,1309.76
2021-01-11 17:10:00,1309.76
2021-01-11 17:10:00,1309.76
2021-01-11 17:10:00,1309.76
2021-01-11 17:20:00,1329.08
2021-01-11 17:20:00,1329.08
2021-01-11 17:20:00,1329.08
2021-01-11 17:20:00,1329.08
2021-01-11 17:20:00,1329.08
2021-01-11 17:20:00,1329.08
2021-01-11 17:30:00,1257.41
2021-01-11 17:30:00,1257.41
2021-01-11 17:30:00,1257.41
2021-01-11 17:30:00,1257.41
2021-01-11 17:30:00,1257.41
2021-01-11 17:30:00,1257.41
2021-01-11 17:40:00,991.12
2021-01-11 17:40:00,991.12
2021-01-11 17:40:00,991.12
2021-01-11 17:40:00,991.12
2021-01-11 17:40:00,991.12
2021-01-11 17:40:00,991.12
2021-01-11 17:50:00,898.16
2021-01-11 17:50:00,898.16
2021-01-11 17:50:00,898.16
2021-01-11 17:50:00,898.16
2021-01-11 17:50:00,898.16
2021-01-11 17:50:00,898.16
2021-01-11 18:00:00,739.67
2021-01-11 18:00:00,739.67
2021-01-11 18:00:00,739.67
2021-01-11 18:00:00,739.67
2021-01-11 18:00:00,739.67
2021-01-11 18:00:00,739.67
2021-01-11 18:10:00,732.21
2021-01-11 18:10:00,732.21
2021-01-11 18:10:00,732.21
2021-01-11 18:10:00,732.21
2021-01-11 18:10:00,732.21
2021-01-11 18:10:00,732.21
2021-01-11 18:20:00,459.22
2021-01-11 18:20:00,459.22
2021-01-11 18:20:00,459.22
2021-01-11 18:20:00,459.22
2021-01-11 18:20:00,459.22
2021-01-11 18:20:00,459.22
2021-01-11 18:30:00,628.23
2021-01-11 18:30:00,628.23
2021-01-11 18:30:00,628.23
2021-01-11 18:30:00,628.23
2021-01-11 18:30:00,628.23
2021-01-11 18:30:00,628.23
2021-01-11 18:40:00,762.73
2021-01-11 18:40:00,762.73
2021-01-11 18:40:00,762.73
2021-01-11 18:40:00,762.73
2021-01-11 18:40:00,762.73
2021-01-11 18:40:00,762.73
2021-01-11 18:50:00,664.07
2021-01-11 18:50:00,664.07
2021-01-11 18:50:00,664.07
2021-01-11 18:50:00,664.07
2021-01-11 18:50:00,664.07
2021-01-11 18:50:00,664.07
2021-01-11 19:00:00,680.54
2021-01-11 19:00:00,680.54
2021-01-11 19:00:00,680.54
2021-01-11 19:00:00,680.54
2021-01-11 19:00:00,680.54
2021-01-11 19:00:00,680.54
2021-01-11 19:10:00,527.26
2021-01-11 19:10:00,527.26
2021-01-11 19:10:00,527.26
2021-01-11 19:10:00,527.26
2021-01-11 19:10:00,527.26
2021-01-11 19:10:00,527.26
2021-01-11 19:20:00,387.05
2021-01-11 19:20:00,387.05
2021-01-11 19:20:00,387.05
2021-01-11 19:20:00,387.05
2021-01-11 19:20:00,387.05
2021-01-11 19:20:00,387.05
2021-01-11 19:30:00,364.39
2021-01-11 19:30:00,364.39
2021-01-11 19:30:00,364.39
2021-01-11 19:30:00,364.39
2021-01-11 19:30:00,364.39
2021-01-11 19:30:00,364.39
2021-01-11 19:40:00,383.66
2021-01-11 19:40:00,383.66
2021-01-11 19:40:00,383.66
2021-01-11 19:40:00,383.66
2021-01-11 19:40:00,383.66
2021-01-11 19:40:00,383.66
2021-01-11 19:50:00,509.24
2021-01-11 19:50:00,509.24
2021-01-11 19:50:00,509.24
2021-01-11 19:50:00,509.24
2021-01-11 19:50:00,509.24
2021-01-11 19:50:00,509.24
2021-01-11 20:00:00,309.46
2021-01-11 20:00:00,309.46
2021-01-11 20:00:00,309.46
2021-01-11 20:00:00,309.46
2021-01-11 20:00:00,309.46
2021-01-11 20:00:00,309.46
2021-01-11 20:10:00,242.58
2021-01-11 20:10:00,242.58
2021-01-11 20:10:00,242.58
2021-01-11 20:10:00,242.58
2021-01-11 20:10:00,242.58
2021-01-11 20:10:00,242.58
2021-01-11 20:20:00,271.42
2021-01-11 20:20:00,271.42
2021-01-11 20:20:00,271.42
2021-01-11 20:20:00,271.42
2021-01-11 20:20:00,271.42
2021-01-11 20:20:00,271.42
2021-01-11 20:30:00,347.38
2021-01-11 20:30:00,347.38
2021-01-11 20:30:00,347.38
2021-01-11 20:30:00,347.38
2021-01-11 20:30:00,347.38
2021-01-11 20:30:00,347.38
2021-01-11 20:40:00,244.58
2021-01-11 20:40:00,244.58
2021-01-11 20:40:00,244.58
2021-01-11 20:40:00,244.58
2021-01-11 20:40:00,244.58
2021-01-11 20:40:00,244.58
2021-01-11 20:50:00,193.61
2021-01-11 20:50:00,193.61
2021-01-11 20:50:00,193.61
2021-01-11 20:50:00,193.61
2021-01-11 20:50:00,193.61
2021-01-11 20:50:00,193.61
2021-01-11 21:00:00,238.48
2021-01-11 21:00:00,238.48
2021-01-11 21:00:00,238.48
2021-01-11 21:00:00,238.48
2021-01-11 21:00:00,238.48
2021-01-11 21:00:00,238.48
2021-01-11 21:10:00,174.65
2021-01-11 21:10:00,174.65
2021-01-11 21:10:00,174.65
2021-01-11 21:10:00,174.65
2021-01-11 21:10:00,174.65
2021-01-11 21:10:00,174.65
2021-01-11 21:20:00,86.52
2021-01-11 21:20:00,86.52
2021-01-11 21:20:00,86.52
2021-01-11 21:20:00,86.52
2021-01-11 21:20:00,86.52
2021-01-11 21:20:00,86.52
2021-01-11 21:30:00,77.44
2021-01-11 21:30:00,77.44
2021-01-11 21:30:00,77.44
2021-01-11 21:30:00,77.44
2021-01-11 21:30:00,77.44
2021-01-11 21:30:00,77.44
2021-01-11 21:40:00,136.28
2021-01-11 21:40:00,136.28
2021-01-11 21:40:00,136.28
2021-01-11 21:40:00,136.28
2021-01-11 21:40:00,136.28
2021-01-11 21:40:00,136.28
2021-01-11 21:50:00,127.1
2021-01-11 21:50:00,127.1
2021-01-11 21:50:00,127.1
2021-01-11 21:50:00,127.1
2021-01-11 21:50:00,127.1
2021-01-11 21:50:00,127.1
2021-01-11 22:00:00,119.52
2021-01-11 22:00:00,119.52
2021-01-11 22:00:00,119.52
2021-01-11 22:00:00,119.52
2021-01-11 22:00:00,119.52
2021-01-11 22:00:00,119.52
2021-01-11 22:10:00,118.7
2021-01-11 22:10:00,118.7
2021-01-11 22:10:00,118.7
2021-01-11 22:10:00,118.7
2021-01-11 22:10:00,118.7
2021-01-11 22:10:00,118.7
2021-01-11 22:20:00,129.42
2021-01-11 22:20:00,129.42
2021-01-11 22:20:00,129.42
2021-01-11 22:20:00,129.42
2021-01-11 22:20:00,129.42
2021-01-11 22:20:00,129.42
2021-01-11 22:30:00,165.54
2021-01-11 22:30:00,165.54
2021-01-11 22:30:00,165.54
2021-01-11 22:30:00,165.54
2021-01-11 22:30:00,165.54
2021-01-11 22:30:00,165.54
2021-01-11 22:40:00,136.75
2021-01-11 22:40:00,136.75
2021-01-11 22:40:00,136.75
2021-01-11 22:40:00,136.75
2021-01-11 22:40:00,136.75
2021-01-11 22:40:00,136.75
2021-01-11 22:50:00,82.59
2021-01-11 22:50:00,82.59
2021-01-11 22:50:00,82.59
2021-01-11 22:50:00,82.59
2021-01-11 22:50:00,82.59
2021-01-11 22:50:00,82.59
2021-01-11 23:00:00,96.39
2021-01-11 23:00:00,96.39
2021-01-11 23:00:00,96.39
2021-01-11 23:00:00,96.39
2021-01-11 23:00:00,96.39
2021-01-11 23:00:00,96.39
2021-01-11 23:10:00,159.01
2021-01-11 23:10:00,159.01
2021-01-11 23:10:00,159.01
2021-01-11 23:10:00,159.01
2021-01-11 23:10:00,159.01
2021-01-11 23:10:00,159.01
2021-01-11 23:20:00,156.62
2021-01-11 23:20:00,156.62
2021-01-11 23:20:00,156.62
2021-01-11 23:20:00,156.62
2021-01-11 23:20:00,156.62
2021-01-11 23:20:00,156.62
2021-01-11 23:30:00,186.03
2021-01-11 23:30:00,186.03
2021-01-11 23:30:00,186.03
2021-01-11 23:30:00,186.03
2021-01-11 23:30:00,186.03
2021-01-11 23:30:00,186.03
2021-01-11 23:40:00,229.65
2021-01-11 23:40:00,229.65
2021-01-11 23:40:00,229.65
2021-01-11 23:40:00,229.65
2021-01-11 23:40:00,229.65
2021-01-11 23:40:00,229.65
2021-01-11 23:50:00,215.03
2021-01-11 23:50:00,215.03
2021-01-11 23:50:00,215.03
2021-01-11 23:50:00,215.03
2021-01-11 23:50:00,215.03
2021-01-11 23:50:00,215.03
2021-01-12 00:00:00,233.35
2021-01-12 00:00:00,233.35
2021-01-12 00:00:00,233.35
2021-01-12 00:00:00,233.35
2021-01-12 00:00:00,233.35
2021-01-12 00:00:00,233.35
2021-01-12 00:10:00,232.7
2021-01-12 00:10:00,232.7
2021-01-12 00:10:00,232.7
2021-01-12 00:10:00,232.7
2021-01-12 00:10:00,232.7
2021-01-12 00:10:00,232.7
2021-01-12 00:20:00,214.05
2021-01-12 00:20:00,214.05
2021-01-12 00:20:00,214.05
2021-01-12 00:20:00,214.05
2021-01-12 00:20:00,214.05
2021-01-12 00:20:00,214.05
2021-01-12 00:30:00,181.12
2021-01-12 00:30:00,181.12
2021-01-12 00:30:00,181.12
2021-01-12 00:30:00,181.12
2021-01-12 00:30:00,181.12
2021-01-12 00:30:00,181.12
2021-01-12 00:40:00,137.5
2021-01-12 00:40:00,137.5
2021-01-12 00:40:00,137.5
2021-01-12 00:40:00,137.5
2021-01-12 00:40:00,137.5
2021-01-12 00:40:00,137.5
2021-01-12 00:50:00,139.02
2021-01-12 00:50:00,139.02
2021-01-12 00:50:00,139.02
2021-01-12 00:50:00,139.02
2021-01-12 00:50:00,139.02
2021-01-12 00:50:00,139.02
2021-01-12 01:00:00,171.24
2021-01-12 01:00:00,171.24
2021-01-12 01:00:00,171.24
2021-01-12 01:00:00,171.24
2021-01-12 01:00:00,171.24
2021-01-12 01:00:00,171.24
2021-01-12 01:10:00,163.86
2021-01-12 01:10:00,163.86
2021-01-12 01:10:00,163.86
2021-01-12 01:10:00,163.86
2021-01-12 01:10:00,163.86
2021-01-12 01:10:00,163.86
2021-01-12 01:20:00,179.98
2021-01-12 01:20:00,179.98
2021-01-12 01:20:00,179.98
2021-01-12 01:20:00,179.98
2021-01-12 01:20:00,179.98
2021-01-12 01:20:00,179.98
2021-01-12 01:30:00,154.98
2021-01-12 01:30:00,154.98
2021-01-12 01:30:00,154.98
2021-01-12 01:30:00,154.98
2021-01-12 01:30:00,154.98
2021-01-12 01:30:00,154.98
2021-01-12 01:40:00,186.84
2021-01-12 01:40:00,186.84
2021-01-12 01:40:00,186.84
2021-01-12 01:40:00,186.84
2021-01-12 01:40:00,186.84
2021-01-12 01:40:00,186.84
2021-01-12 01:50:00,335.6
2021-01-12 01:50:00,335.6
2021-01-12 01:50:00,335.6
2021-01-12 01:50:00,335.6
2021-01-12 01:50:00,335.6
2021-01-12 01:50:00,335.6
2021-01-12 02:00:00,334.01
2021-01-12 02:00:00,334.01
2021-01-12 02:00:00,334.01
2021-01-12 02:00:00,334.01
2021-01-12 02:00:00,334.01
2021-01-12 02:00:00,334.01
2021-01-12 02:10:00,253.94
2021-01-12 02:10:00,253.94
2021-01-12 02:10:00,253.94
2021-01-12 02:10:00,253.94
2021-01-12 02:10:00,253.94
2021-01-12 02:10:00,253.94
2021-01-12 02:20:00,244.65
2021-01-12 02:20:00,244.65
2021-01-12 02:20:00,244.65
2021-01-12 02:20:00,244.65
2021-01-12 02:20:00,244.65
2021-01-12 02:20:00,244.65
2021-01-12 02:30:00,199.98
2021-01-12 02:30:00,199.98
2021-01-12 02:30:00,199.98
2021-01-12 02:30:00,199.98
2021-01-12 02:30:00,199.98
2021-01-12 02:30:00,199.98
2021-01-12 02:40:00,189.26
2021-01-12 02:40:00,189.26
2021-01-12 02:40:00,189.26
2021-01-12 02:40:00,189.26
2021-01-12 02:40:00,189.26
2021-01-12 02:40:00,189.26
2021-01-12 02:50:00,213.75
2021-01-12 02:50:00,213.75
2021-01-12 02:50:00,213.75
2021-01-12 02:50:00,213.75
2021-01-12 02:50:00,213.75
2021-01-12 02:50:00,213.75
2021-01-12 03:00:00,241.98
2021-01-12 03:00:00,241.98
2021-01-12 03:00:00,241.98
2021-01-12 03:00:00,241.98
2021-01-12 03:00:00,241.98
2021-01-12 03:00:00,241.98
2021-01-12 03:10:00,237.99
2021-01-12 03:10:00,237.99
2021-01-12 03:10:00,237.99
2021-01-12 03:10:00,237.99
2021-01-12 03:10:00,237.99
2021-01-12 03:10:00,237.99
2021-01-12 03:20:00,292.71
2021-01-12 03:20:00,292.71
2021-01-12 03:20:00,292.71
2021-01-12 03:20:00,292.71
2021-01-12 03:20:00,292.71
2021-01-12 03:20:00,292.71
2021-01-12 03:30:00,238.17
2021-01-12 03:30:00,238.17
2021-01-12 03:30:00,238.17
2021-01-12 03:30:00,238.17
2021-01-12 03:30:00,238.17
2021-01-12 03:30:00,238.17
2021-01-12 03:40:00,262.28
2021-01-12 03:40:00,262.28
2021-01-12 03:40:00,262.28
2021-01-12 03:40:00,262.28
2021-01-12 03:40:00,262.28
2021-01-12 03:40:00,262.28
2021-01-12 03:50:00,222.52
2021-01-12 03:50:00,222.52
2021-01-12 03:50:00,222.52
2021-01-12 03:50:00,222.52
2021-01-12 03:50:00,222.52
2021-01-12 03:50:00,222.52
2021-01-12 04:00:00,314.07
2021-01-12 04:00:00,314.07
2021-01-12 04:00:00,314.07
2021-01-12 04:00:00,314.07
2021-01-12 04:00:00,314.07
2021-01-12 04:00:00,314.07
2021-01-12 04:10:00,396.85
2021-01-12 04:10:00,396.85
2021-01-12 04:10:00,396.85
2021-01-12 04:10:00,396.85
2021-01-12 04:10:00,396.85
2021-01-12 04:10:00,396.85
2021-01-12 04:20:00,382.64
2021-01-12 04:20:00,382.64
2021-01-12 04:20:00,382.64
2021-01-12 04:20:00,382.64
2021-01-12 04:20:00,382.64
2021-01-12 04:20:00,382.64
2021-01-12 04:30:00,430.99
2021-01-12 04:30:00,430.99
2021-01-12 04:30:00,430.99
2021-01-12 04:30:00,430.99
2021-01-12 04:30:00,430.99
2021-01-12 04:30:00,430.99
2021-01-12 04:40:00,445.93
2021-01-12 04:40:00,445.93
2021-01-12 04:40:00,445.93
2021-01-12 04:40:00,445.93
2021-01-12 04:40:00,445.93
2021-01-12 04:40:00,445.93
2021-01-12 04:50:00,387.23
2021-01-12 04:50:00,387.23
2021-01-12 04:50:00,387.23
2021-01-12 04:50:00,387.23
2021-01-12 04:50:00,387.23
2021-01-12 04:50:00,387.23
2021-01-12 05:00:00,628.3
2021-01-12 05:00:00,628.3
2021-01-12 05:00:00,628.3
2021-01-12 05:00:00,628.3
2021-01-12 05:00:00,628.3
2021-01-12 05:00:00,628.3
2021-01-12 05:10:00,564.67
2021-01-12 05:10:00,564.67
2021-01-12 05:10:00,564.67
2021-01-12 05:10:00,564.67
2021-01-12 05:10:00,564.67
2021-01-12 05:10:00,564.67
2021-01-12 05:20:00,658.5
2021-01-12 05:20:00,658.5
2021-01-12 05:20:00,658.5
2021-01-12 05:20:00,658.5
2021-01-12 05:20:00,658.5
2021-01-12 05:20:00,658.5
2021-01-12 05:30:00,894.82
2021-01-12 05:30:00,894.82
2021-01-12 05:30:00,894.82
2021-01-12 05:30:00,894.82
2021-01-12 05:30:00,894.82
2021-01-12 05:30:00,894.82
2021-01-12 05:40:00,1374.34
2021-01-12 05:40:00,1374.34
2021-01-12 05:40:00,1374.34
2021-01-12 05:40:00,1374.34
2021-01-12 05:40:00,1374.34
2021-01-12 05:40:00,1374.34
2021-01-12 05:50:00,1518.93
2021-01-12 05:50:00,1518.93
2021-01-12 05:50:00,1518.93
2021-01-12 05:50:00,1518.93
2021-01-12 05:50:00,1518.93
2021-01-12 05:50:00,1518.93
2021-01-12 06:00:00,1469.16
2021-01-12 06:00:00,1469.16
2021-01-12 06:00:00,1469.16
2021-01-12 06:00:00,1469.16
2021-01-12 06:00:00,1469.16
2021-01-12 06:00:00,1469.16
2021-01-12 06:10:00,1205.25
2021-01-12 06:10:00,1205.25
2021-01-12 06:10:00,1205.25
2021-01-12 06:10:00,1205.25
2021-01-12 06:10:00,1205.25
2021-01-12 06:10:00,1205.25
2021-01-12 06:20:00,713.62
2021-01-12 06:20:00,713.62
2021-01-12 06:20:00,713.62
2021-01-12 06:20:00,713.62
2021-01-12 06:20:00,713.62
2021-01-12 06:20:00,713.62
2021-01-12 06:30:00,771.95
2021-01-12 06:30:00,771.95
2021-01-12 06:30:00,771.95
2021-01-12 06:30:00,771.95
2021-01-12 06:30:00,771.95
2021-01-12 06:30:00,771.95
2021-01-12 06:40:00,698.89
2021-01-12 06:40:00,698.89
2021-01-12 06:40:00,698.89
2021-01-12 06:40:00,698.89
2021-01-12 06:40:00,698.89
2021-01-12 06:40:00,698.89
2021-01-12 06:50:00,1047.13
2021-01-12 06:50:00,1047.13
2021-01-12 06:50:00,1047.13
2021-01-12 06:50:00,1047.13
2021-01-12 06:50:00,1047.13
2021-01-12 06:50:00,1047.13
2021-01-12 07:00:00,1064.45
2021-01-12 07:00:00,1064.45
2021-01-12 07:00:00,1064.45
2021-01-12 07:00:00,1064.45
2021-01-12 07:00:00,1064.45
2021-01-12 07:00:00,1064.45
2021-01-12 07:10:00,974.62
2021-01-12 07:10:00,974.62
2021-01-12 07:10:00,974.62
2021-01-12 07:10:00,974.62
2021-01-12 07:10:00,974.62
2021-01-12 07:10:00,974.62
2021-01-12 07:20:00,1121.32
2021-01-12 07:20:00,1121.32
2021-01-12 07:20:00,1121.32
2021-01-12 07:20:00,1121.32
2021-01-12 07:20:00,1121.32
2021-01-12 07:20:00,1121.32
2021-01-12 07:30:00,1463.53
2021-01-12 07:30:00,1463.53
2021-01-12 07:30:00,1463.53
2021-01-12 07:30:00,1463.53
2021-01-12 07:30:00,1463.53
2021-01-12 07:30:00,1463.53
2021-01-12 07:40:00,1519.27
2021-01-12 07:40:00,1519.27
2021-01-12 07:40:00,1519.27
2021-01-12 07:40:00,1519.27
2021-01-12 07:40:00,1519.27
2021-01-12 07:40:00,1519.27
2021-01-12 07:50:00,1513.75
2021-01-12 07:50:00,1513.75
2021-01-12 07:50:00,1513.75
2021-01-12 07:50:00,1513.75
2021-01-12 07:50:00,1513.75
2021-01-12 07:50:00,1513.75
2021-01-12 08:00:00,1505.6
2021-01-12 08:00:00,1505.6
2021-01-12 08:00:00,1505.6
2021-01-12 08:00:00,1505.6
2021-01-12 08:00:00,1505.6
2021-01-12 08:00:00,1505.6
2021-01-12 08:10:00,1431.62
2021-01-12 08:10:00,1431.62
2021-01-12 08:10:00,1431.62
2021-01-12 08:10:00,1431.62
2021-01-12 08:10:00,1431.62
2021-01-12 08:10:00,1431.62
2021-01-12 08:20:00,1492.45
2021-01-12 08:20:00,1492.45
2021-01-12 08:20:00,1492.45
2021-01-12 08:20:00,1492.45
2021-01-12 08:20:00,1492.45
2021-01-12 08:20:00,1492.45
2021-01-12 08:30:00,1519.48
2021-01-12 08:30:00,1519.48
2021-01-12 08:30:00,1519.48
2021-01-12 08:30:00,1519.48
2021-01-12 08:30:00,1519.48
2021-01-12 08:30:00,1519.48
2021-01-12 08:40:00,1491.92
2021-01-12 08:40:00,1491.92
2021-01-12 08:40:00,1491.92
2021-01-12 08:40:00,1491.92
2021-01-12 08:40:00,1491.92
2021-01-12 08:40:00,1491.92
2021-01-12 08:50:00,1472.14
2021-01-12 08:50:00,1472.14
2021-01-12 08:50:00,1472.14
2021-01-12 08:50:00,1472.14
2021-01-12 08:50:00,1472.14
2021-01-12 08:50:00,1472.14
2021-01-12 09:00:00,1391.18
2021-01-12 09:00:00,1391.18
2021-01-12 09:00:00,1391.18
2021-01-12 09:00:00,1391.18
2021-01-12 09:00:00,1391.18
2021-01-12 09:00:00,1391.18
2021-01-12 09:10:00,1001.42
2021-01-12 09:10:00,1001.42
2021-01-12 09:10:00,1001.42
2021-01-12 09:10:00,1001.42
2021-01-12 09:10:00,1001.42
2021-01-12 09:10:00,1001.42
2021-01-12 09:20:00,945.38
2021-01-12 09:20:00,945.38
2021-01-12 09:20:00,945.38
2021-01-12 09:20:00,945.38
2021-01-12 09:20:00,945.38
2021-01-12 09:20:00,945.38
2021-01-12 09:30:00,888.7
2021-01-12 09:30:00,888.7
2021-01-12 09:30:00,888.7
2021-01-12 09:30:00,888.7
2021-01-12 09:30:00,888.7
2021-01-12 09:30:00,888.7
2021-01-12 09:40:00,1294.53
2021-01-12 09:40:00,1294.53
2021-01-12 09:40:00,1294.53
2021-01-12 09:40:00,1294.53
2021-01-12 09:40:00,1294.53
2021-01-12 09:40:00,1294.53
2021-01-12 09:50:00,1268.48
2021-01-12 09:50:00,1268.48
2021-01-12 09:50:00,1268.48
2021-01-12 09:50:00,1268.48
2021-01-12 09:50:00,1268.48
2021-01-12 09:50:00,1268.48
2021-01-12 10:00:00,1227.53
2021-01-12 10:00:00,1227.53
2021-01-12 10:00:00,1227.53
2021-01-12 10:00:00,1227.53
2021-01-12 10:00:00,1227.53
2021-01-12 10:00:00,1227.53
2021-01-12 10:10:00,1048.21
2021-01-12 10:10:00,1048.21
2021-01-12 10:10:00,1048.21
2021-01-12 10:10:00,1048.21
2021-01-12 10:10:00,1048.21
2021-01-12 10:10:00,1048.21
2021-01-12 10:20:00,872.17
2021-01-12 10:20:00,872.17
2021-01-12 10:20:00,872.17
2021-01-12 10:20:00,872.17
2021-01-12 10:20:00,872.17
2021-01-12 10:20:00,872.17
2021-01-12 10:30:00,1124.7
2021-01-12 10:30:00,1124.7
2021-01-12 10:30:00,1124.7
2021-01-12 10:30:00,1124.7
2021-01-12 10:30:00,1124.7
2021-01-12 10:30:00,1124.7
2021-01-12 10:40:00,929.61
2021-01-12 10:40:00,929.61
2021-01-12 10:40:00,929.61
2021-01-12 10:40:00,929.61
2021-01-12 10:40:00,929.61
2021-01-12 10:40:00,929.61
2021-01-12 10:50:00,1118.88
2021-01-12 10:50:00,1118.88
2021-01-12 10:50:00,1118.88
2021-01-12 10:50:00,1118.88
2021-01-12 10:50:00,1118.88
2021-01-12 10:50:00,1118.88
2021-01-12 11:00:00,1044.98
2021-01-12 11:00:00,1044.98
2021-01-12 11:00:00,1044.98
2021-01-12 11:00:00,1044.98
2021-01-12 11:00:00,1044.98
2021-01-12 11:00:00,1044.98
2021-01-12 11:10:00,1420.67
2021-01-12 11:10:00,1420.67
2021-01-12 11:10:00,1420.67
2021-01-12 11:10:00,1420.67
2021-01-12 11:10:00,1420.67
2021-01-12 11:10:00,1420.67
2021-01-12 11:20:00,1387.73
2021-01-12 11:20:00,1387.73
2021-01-12 11:20:00,1387.73
2021-01-12 11:20:00,1387.73
2021-01-12 11:20:00,1387.73
2021-01-12 11:20:00,1387.73
2021-01-12 11:30:00,1511.97
2021-01-12 11:30:00,1511.97
2021-01-12 11:30:00,1511.97
2021-01-12 11:30:00,1511.97
2021-01-12 11:30:00,1511.97
2021-01-12 11:30:00,1511.97
2021-01-12 11:40:00,1467.26
2021-01-12 11:40:00,1467.26
2021-01-12 11:40:00,1467.26
2021-01-12 11:40:00,1467.26
2021-01-12 11:40:00,1467.26
2021-01-12 11:40:00,1467.26
2021-01-12 11:50:00,1035.43
2021-01-12 11:50:00,1035.43
2021-01-12 11:50:00,1035.43
2021-01-12 11:50:00,1035.43
2021-01-12 11:50:00,1035.43
2021-01-12 11:50:00,1035.43
2021-01-12 12:00:00,925.85
2021-01-12 12:00:00,925.85
2021-01-12 12:00:00,925.85
2021-01-12 12:00:00,925.85
2021-01-12 12:00:00,925.85
2021-01-12 12:00:00,925.85
2021-01-12 12:10:00,998.45
2021-01-12 12:10:00,998.45
2021-01-12 12:10:00,998.45
2021-01-12 12:10:00,998.45
2021-01-12 12:10:00,998.45
2021-01-12 12:10:00,998.45
2021-01-12 12:20:00,954.76
2021-01-12 12:20:00,954.76
2021-01-12 12:20:00,954.76
2021-01-12 12:20:00,954.76
2021-01-12 12:20:00,954.76
2021-01-12 12:20:00,954.76
2021-01-12 12:30:00,753.6
2021-01-12 12:30:00,753.6
2021-01-12 12:30:00,753.6
2021-01-12 12:30:00,753.6
2021-01-12 12:30:00,753.6
2021-01-12 12:30:00,753.6
2021-01-12 12:40:00,625.16
2021-01-12 12:40:00,625.16
2021-01-12 12:40:00,625.16
2021-01-12 12:40:00,625.16
2021-01-12 12:40:00,625.16
2021-01-12 12:40:00,625.16
2021-01-12 12:50:00,515.54
2021-01-12 12:50:00,515.54
2021-01-12 12:50:00,515.54
2021-01-12 12:50:00,515.54
2021-01-12 12:50:00,515.54
2021-01-12 12:50:00,515.54
2021-01-12 13:00:00,502.68
2021-01-12 13:00:00,502.68
2021-01-12 13:00:00,502.68
2021-01-12 13:00:00,502.68
2021-01-12 13:00:00,502.68
2021-01-12 13:00:00,502.68
2021-01-12 13:10:00,439.8
2021-01-12 13:10:00,439.8
2021-01-12 13:10:00,439.8
2021-01-12 13:10:00,439.8
2021-01-12 13:10:00,439.8
2021-01-12 13:10:00,439.8
2021-01-12 13:20:00,518.69
2021-01-12 13:20:00,518.69
2021-01-12 13:20:00,518.69
2021-01-12 13:20:00,518.69
2021-01-12 13:20:00,518.69
2021-01-12 13:20:00,518.69
2021-01-12 13:30:00,648.04
2021-01-12 13:30:00,648.04
2021-01-12 13:30:00,648.04
2021-01-12 13:30:00,648.04
2021-01-12 13:30:00,648.04
2021-01-12 13:30:00,648.04
2021-01-12 13:40:00,793.67
2021-01-12 13:40:00,793.67
2021-01-12 13:40:00,793.67
2021-01-12 13:40:00,793.67
2021-01-12 13:40:00,793.67
2021-01-12 13:40:00,793.67
2021-01-12 13:50:00,735.96
2021-01-12 13:50:00,735.96
2021-01-12 13:50:00,735.96
2021-01-12 13:50:00,735.96
2021-01-12 13:50:00,735.96
2021-01-12 13:50:00,735.96
2021-01-12 14:00:00,467.73
2021-01-12 14:00:00,467.73
2021-01-12 14:00:00,467.73
2021-01-12 14:00:00,467.73
2021-01-12 14:00:00,467.73
2021-01-12 14:00:00,467.73
2021-01-12 14:10:00,538.21
2021-01-12 14:10:00,538.21
2021-01-12 14:10:00,538.21
2021-01-12 14:10:00,538.21
2021-01-12 14:10:00,538.21
2021-01-12 14:10:00,538.21
2021-01-12 14:20:00,739.31
2021-01-12 14:20:00,739.31
2021-01-12 14:20:00,739.31
2021-01-12 14:20:00,739.31
2021-01-12 14:20:00,739.31
2021-01-12 14:20:00,739.31
2021-01-12 14:30:00,771.21
2021-01-12 14:30:00,771.21
2021-01-12 14:30:00,771.21
2021-01-12 14:30:00,771.21
2021-01-12 14:30:00,771.21
2021-01-12 14:30:00,771.21
2021-01-12 14:40:00,886.27
2021-01-12 14:40:00,886.27
2021-01-12 14:40:00,886.27
2021-01-12 14:40:00,886.27
2021-01-12 14:40:00,886.27
2021-01-12 14:40:00,886.27
2021-01-12 14:50:00,986.73
2021-01-12 14:50:00,986.73
2021-01-12 14:50:00,986.73
2021-01-12 14:50:00,986.73
2021-01-12 14:50:00,986.73
2021-01-12 14:50:00,986.73
2021-01-12 15:00:00,1478.41
2021-01-12 15:00:00,1478.41
2021-01-12 15:00:00,1478.41
2021-01-12 15:00:00,1478.41
2021-01-12 15:00:00,1478.41
2021-01-12 15:00:00,1478.41
2021-01-12 15:10:00,1465.41
2021-01-12 15:10:00,1465.41
2021-01-12 15:10:00,1465.41
2021-01-12 15:10:00,1465.41
2021-01-12 15:10:00,1465.41
2021-01-12 15:10:00,1465.41
2021-01-12 15:20:00,1097.92
2021-01-12 15:20:00,1097.92
2021-01-12 15:20:00,1097.92
2021-01-12 15:20:00,1097.92
2021-01-12 15:20:00,1097.92
2021-01-12 15:20:00,1097.92
2021-01-12 15:30:00,1469.57
2021-01-12 15:30:00,1469.57
2021-01-12 15:30:00,1469.57
2021-01-12 15:30:00,1469.57
2021-01-12 15:30:00,1469.57
2021-01-12 15:30:00,1469.57
2021-01-12 15:40:00,1473.48
2021-01-12 15:40:00,1473.48
2021-01-12 15:40:00,1473.48
2021-01-12 15:40:00,1473.48
2021-01-12 15:40:00,1473.48
2021-01-12 15:40:00,1473.48
2021-01-12 15:50:00,1489.55
2021-01-12 15:50:00,1489.55
2021-01-12 15:50:00,1489.55
2021-01-12 15:50:00,1489.55
2021-01-12 15:50:00,1489.55
2021-01-12 15:50:00,1489.55
2021-01-12 16:00:00,1509.17
2021-01-12 16:00:00,1509.17
2021-01-12 16:00:00,1509.17
2021-01-12 16:00:00,1509.17
2021-01-12 16:00:00,1509.17
2021-01-12 16:00:00,1509.17
2021-01-12 16:10:00,1519.67
2021-01-12 16:10:00,1519.67
2021-01-12 16:10:00,1519.67
2021-01-12 16:10:00,1519.67
2021-01-12 16:10:00,1519.67
2021-01-12 16:10:00,1519.67
2021-01-12 16:20:00,1519.21
2021-01-12 16:20:00,1519.21
2021-01-12 16:20:00,1519.21
2021-01-12 16:20:00,1519.21
2021-01-12 16:20:00,1519.21
2021-01-12 16:20:00,1519.21
2021-01-12 16:30:00,1519.18
2021-01-12 16:30:00,1519.18
2021-01-12 16:30:00,1519.18
2021-01-12 16:30:00,1519.18
2021-01-12 16:30:00,1519.18
2021-01-12 16:30:00,1519.18
2021-01-12 16:40:00,1519.07
2021-01-12 16:40:00,1519.07
2021-01-12 16:40:00,1519.07
2021-01-12 16:40:00,1519.07
2021-01-12 16:40:00,1519.07
2021-01-12 16:40:00,1519.07
2021-01-12 16:50:00,1519.8
2021-01-12 16:50:00,1519.8
2021-01-12 16:50:00,1519.8
2021-01-12 16:50:00,1519.8
2021-01-12 16:50:00,1519.8
2021-01-12 16:50:00,1519.8
2021-01-12 17:00:00,1518.8
2021-01-12 17:00:00,1518.8
2021-01-12 17:00:00,1518.8
2021-01-12 17:00:00,1518.8
2021-01-12 17:00:00,1518.8
2021-01-12 17:00:00,1518.8
2021-01-12 17:10:00,1507.98
2021-01-12 17:10:00,1507.98
2021-01-12 17:10:00,1507.98
2021-01-12 17:10:00,1507.98
2021-01-12 17:10:00,1507.98
2021-01-12 17:10:00,1507.98
2021-01-12 17:20:00,1517.32
2021-01-12 17:20:00,1517.32
2021-01-12 17:20:00,1517.32
2021-01-12 17:20:00,1517.32
2021-01-12 17:20:00,1517.32
2021-01-12 17:20:00,1517.32
2021-01-12 17:30:00,1508.03
2021-01-12 17:30:00,1508.03
2021-01-12 17:30:00,1508.03
2021-01-12 17:30:00,1508.03
2021-01-12 17:30:00,1508.03
2021-01-12 17:30:00,1508.03
2021-01-12 17:40:00,1512.58
2021-01-12 17:40:00,1512.58
2021-01-12 17:40:00,1512.58
2021-01-12 17:40:00,1512.58
2021-01-12 17:40:00,1512.58
2021-01-12 17:40:00,1512.58
2021-01-12 17:50:00,1518.67
2021-01-12 17:50:00,1518.67
2021-01-12 17:50:00,1518.67
2021-01-12 17:50:00,1518.67
2021-01-12 17:50:00,1518.67
2021-01-12 17:50:00,1518.67
2021-01-12 18:00:00,1519.45
2021-01-12 18:00:00,1519.45
2021-01-12 18:00:00,1519.45
2021-01-12 18:00:00,1519.45
2021-01-12 18:00:00,1519.45
2021-01-12 18:00:00,1519.45
2021-01-12 18:10:00,1519.84
2021-01-12 18:10:00,1519.84
2021-01-12 18:10:00,1519.84
2021-01-12 18:10:00,1519.84
2021-01-12 18:10:00,1519.84
2021-01-12 18:10:00,1519.84
2021-01-12 18:20:00,1518.92
2021-01-12 18:20:00,1518.92
2021-01-12 18:20:00,1518.92
2021-01-12 18:20:00,1518.92
2021-01-12 18:20:00,1518.92
2021-01-12 18:20:00,1518.92
2021-01-12 18:30:00,1514.55
2021-01-12 18:30:00,1514.55
2021-01-12 18:30:00,1514.55
2021-01-12 18:30:00,1514.55
2021-01-12 18:30:00,1514.55
2021-01-12 18:30:00,1514.55
2021-01-12 18:40:00,1508.61
2021-01-12 18:40:00,1508.61
2021-01-12 18:40:00,1508.61
2021-01-12 18:40:00,1508.61
2021-01-12 18:40:00,1508.61
2021-01-12 18:40:00,1508.61
2021-01-12 18:50:00,1503.74
2021-01-12 18:50:00,1503.74
2021-01-12 18:50:00,1503.74
2021-01-12 18:50:00,1503.74
2021-01-12 18:50:00,1503.74
2021-01-12 18:50:00,1503.74
2021-01-12 19:00:00,1475.96
2021-01-12 19:00:00,1475.96
2021-01-12 19:00:00,1475.96
2021-01-12 19:00:00,1475.96
2021-01-12 19:00:00,1475.96
2021-01-12 19:00:00,1475.96
2021-01-12 19:10:00,1495.19
2021-01-12 19:10:00,1495.19
2021-01-12 19:10:00,1495.19
2021-01-12 19:10:00,1495.19
2021-01-12 19:10:00,1495.19
2021-01-12 19:10:00,1495.19
2021-01-12 19:20:00,1489.39
2021-01-12 19:20:00,1489.39
2021-01-12 19:20:00,1489.39
2021-01-12 19:20:00,1489.39
2021-01-12 19:20:00,1489.39
2021-01-12 19:20:00,1489.39
2021-01-12 19:30:00,1504.74
2021-01-12 19:30:00,1504.74
2021-01-12 19:30:00,1504.74
2021-01-12 19:30:00,1504.74
2021-01-12 19:30:00,1504.74
2021-01-12 19:30:00,1504.74
2021-01-12 19:40:00,1360.07
2021-01-12 19:40:00,1360.07
2021-01-12 19:40:00,1360.07
2021-01-12 19:40:00,1360.07
2021-01-12 19:40:00,1360.07
2021-01-12 19:40:00,1360.07
2021-01-12 19:50:00,1194.64
2021-01-12 19:50:00,1194.64
2021-01-12 19:50:00,1194.64
2021-01-12 19:50:00,1194.64
2021-01-12 19:50:00,1194.64
2021-01-12 19:50:00,1194.64
2021-01-12 20:00:00,1100.94
2021-01-12 20:00:00,1100.94
2021-01-12 20:00:00,1100.94
2021-01-12 20:00:00,1100.94
2021-01-12 20:00:00,1100.94
2021-01-12 20:00:00,1100.94
2021-01-12 20:10:00,1086.42
2021-01-12 20:10:00,1086.42
2021-01-12 20:10:00,1086.42
2021-01-12 20:10:00,1086.42
2021-01-12 20:10:00,1086.42
2021-01-12 20:10:00,1086.42
2021-01-12 20:20:00,1111.5
2021-01-12 20:20:00,1111.5
2021-01-12 20:20:00,1111.5
2021-01-12 20:20:00,1111.5
2021-01-12 20:20:00,1111.5
2021-01-12 20:20:00,1111.5
2021-01-12 20:30:00,1069.19
2021-01-12 20:30:00,1069.19
2021-01-12 20:30:00,1069.19
2021-01-12 20:30:00,1069.19
2021-01-12 20:30:00,1069.19
2021-01-12 20:30:00,1069.19
2021-01-12 20:40:00,835.54
2021-01-12 20:40:00,835.54
2021-01-12 20:40:00,835.54
2021-01-12 20:40:00,835.54
2021-01-12 20:40:00,835.54
2021-01-12 20:40:00,835.54
2021-01-12 20:50:00,791.37
2021-01-12 20:50:00,791.37
2021-01-12 20:50:00,791.37
2021-01-12 20:50:00,791.37
2021-01-12 20:50:00,791.37
2021-01-12 20:50:00,791.37
2021-01-12 21:00:00,778.62
2021-01-12 21:00:00,778.62
2021-01-12 21:00:00,778.62
2021-01-12 21:00:00,778.62
2021-01-12 21:00:00,778.62
2021-01-12 21:00:00,778.62
2021-01-12 21:10:00,645.73
2021-01-12 21:10:00,645.73
2021-01-12 21:10:00,645.73
2021-01-12 21:10:00,645.73
2021-01-12 21:10:00,645.73
2021-01-12 21:10:00,645.73
2021-01-12 21:20:00,660.02
2021-01-12 21:20:00,660.02
2021-01-12 21:20:00,660.02
2021-01-12 21:20:00,660.02
2021-01-12 21:20:00,660.02
2021-01-12 21:20:00,660.02
2021-01-12 21:30:00,744.72
2021-01-12 21:30:00,744.72
2021-01-12 21:30:00,744.72
2021-01-12 21:30:00,744.72
2021-01-12 21:30:00,744.72
2021-01-12 21:30:00,744.72
2021-01-12 21:40:00,644.14
2021-01-12 21:40:00,644.14
2021-01-12 21:40:00,644.14
2021-01-12 21:40:00,644.14
2021-01-12 21:40:00,644.14
2021-01-12 21:40:00,644.14
2021-01-12 21:50:00,539.27
2021-01-12 21:50:00,539.27
2021-01-12 21:50:00,539.27
2021-01-12 21:50:00,539.27
2021-01-12 21:50:00,539.27
2021-01-12 21:50:00,539.27
2021-01-12 22:00:00,663.3
2021-01-12 22:00:00,663.3
2021-01-12 22:00:00,663.3
2021-01-12 22:00:00,663.3
2021-01-12 22:00:00,663.3
2021-01-12 22:00:00,663.3
2021-01-12 22:10:00,643.08
2021-01-12 22:10:00,643.08
2021-01-12 22:10:00,643.08
2021-01-12 22:10:00,643.08
2021-01-12 22:10:00,643.08
2021-01-12 22:10:00,643.08
2021-01-12 22:20:00,601.97
2021-01-12 22:20:00,601.97
2021-01-12 22:20:00,601.97
2021-01-12 22:20:00,601.97
2021-01-12 22:20:00,601.97
2021-01-12 22:20:00,601.97
2021-01-12 22:30:00,559.08
2021-01-12 22:30:00,559.08
2021-01-12 22:30:00,559.08
2021-01-12 22:30:00,559.08
2021-01-12 22:30:00,559.08
2021-01-12 22:30:00,559.08
2021-01-12 22:40:00,506.17
2021-01-12 22:40:00,506.17
2021-01-12 22:40:00,506.17
2021-01-12 22:40:00,506.17
2021-01-12 22:40:00,506.17
2021-01-12 22:40:00,506.17
2021-01-12 22:50:00,492.41
2021-01-12 22:50:00,492.41
2021-01-12 22:50:00,492.41
2021-01-12 22:50:00,492.41
2021-01-12 22:50:00,492.41
2021-01-12 22:50:00,492.41
2021-01-12 23:00:00,518.78
2021-01-12 23:00:00,518.78
2021-01-12 23:00:00,518.78
2021-01-12 23:00:00,518.78
2021-01-12 23:00:00,518.78
2021-01-12 23:00:00,518.78
2021-01-12 23:10:00,590.97
2021-01-12 23:10:00,590.97
2021-01-12 23:10:00,590.97
2021-01-12 23:10:00,590.97
2021-01-12 23:10:00,590.97
2021-01-12 23:10:00,590.97
2021-01-12 23:20:00,574.72
2021-01-12 23:20:00,574.72
2021-01-12 23:20:00,574.72
2021-01-12 23:20:00,574.72
2021-01-12 23:20:00,574.72
2021-01-12 23:20:00,574.72
2021-01-12 23:30:00,474.05
2021-01-12 23:30:00,474.05
2021-01-12 23:30:00,474.05
2021-01-12 23:30:00,474.05
2021-01-12 23:30:00,474.05
2021-01-12 23:30:00,474.05
2021-01-12 23:40:00,407.59
2021-01-12 23:40:00,407.59
2021-01-12 23:40:00,407.59
2021-01-12 23:40:00,407.59
2021-01-12 23:40:00,407.59
2021-01-12 23:40:00,407.59
2021-01-12 23:50:00,342.22
2021-01-12 23:50:00,342.22
2021-01-12 23:50:00,342.22
2021-01-12 23:50:00,342.22
2021-01-12 23:50:00,342.22
2021-01-12 23:50:00,342.22
2021-01-13 00:00:00,359.29
2021-01-13 00:00:00,359.29
2021-01-13 00:00:00,359.29
2021-01-13 00:00:00,359.29
2021-01-13 00:00:00,359.29
2021-01-13 00:00:00,359.29
2021-01-13 00:10:00,363.28
2021-01-13 00:10:00,363.28
2021-01-13 00:10:00,363.28
2021-01-13 00:10:00,363.28
2021-01-13 00:10:00,363.28
2021-01-13 00:10:00,363.28
2021-01-13 00:20:00,368.96
2021-01-13 00:20:00,368.96
2021-01-13 00:20:00,368.96
2021-01-13 00:20:00,368.96
2021-01-13 00:20:00,368.96
2021-01-13 00:20:00,368.96
2021-01-13 00:30:00,313.22
2021-01-13 00:30:00,313.22
2021-01-13 00:30:00,313.22
2021-01-13 00:30:00,313.22
2021-01-13 00:30:00,313.22
2021-01-13 00:30:00,313.22
2021-01-13 00:40:00,227.62
2021-01-13 00:40:00,227.62
2021-01-13 00:40:00,227.62
2021-01-13 00:40:00,227.62
2021-01-13 00:40:00,227.62
2021-01-13 00:40:00,227.62
2021-01-13 00:50:00,252.81
2021-01-13 00:50:00,252.81
2021-01-13 00:50:00,252.81
2021-01-13 00:50:00,252.81
2021-01-13 00:50:00,252.81
2021-01-13 00:50:00,252.81
2021-01-13 01:00:00,244.43
2021-01-13 01:00:00,244.43
2021-01-13 01:00:00,244.43
2021-01-13 01:00:00,244.43
2021-01-13 01:00:00,244.43
2021-01-13 01:00:00,244.43
2021-01-13 01:10:00,244.03
2021-01-13 01:10:00,244.03
2021-01-13 01:10:00,244.03
2021-01-13 01:10:00,244.03
2021-01-13 01:10:00,244.03
2021-01-13 01:10:00,244.03
2021-01-13 01:20:00,169.7
2021-01-13 01:20:00,169.7
2021-01-13 01:20:00,169.7
2021-01-13 01:20:00,169.7
2021-01-13 01:20:00,169.7
2021-01-13 01:20:00,169.7
2021-01-13 01:30:00,142.88
2021-01-13 01:30:00,142.88
2021-01-13 01:30:00,142.88
2021-01-13 01:30:00,142.88
2021-01-13 01:30:00,142.88
2021-01-13 01:30:00,142.88
2021-01-13 01:40:00,108.73
2021-01-13 01:40:00,108.73
2021-01-13 01:40:00,108.73
2021-01-13 01:40:00,108.73
2021-01-13 01:40:00,108.73
2021-01-13 01:40:00,108.73
2021-01-13 01:50:00,99.7
2021-01-13 01:50:00,99.7
2021-01-13 01:50:00,99.7
2021-01-13 01:50:00,99.7
2021-01-13 01:50:00,99.7
2021-01-13 01:50:00,99.7
2021-01-13 02:00:00,124.12
2021-01-13 02:00:00,124.12
2021-01-13 02:00:00,124.12
2021-01-13 02:00:00,124.12
2021-01-13 02:00:00,124.12
2021-01-13 02:00:00,124.12
2021-01-13 02:10:00,113.97
2021-01-13 02:10:00,113.97
2021-01-13 02:10:00,113.97
2021-01-13 02:10:00,113.97
2021-01-13 02:10:00,113.97
2021-01-13 02:10:00,113.97
2021-01-13 02:20:00,103.56
2021-01-13 02:20:00,103.56
2021-01-13 02:20:00,103.56
2021-01-13 02:20:00,103.56
2021-01-13 02:20:00,103.56
2021-01-13 02:20:00,103.56
2021-01-13 02:30:00,100.03
2021-01-13 02:30:00,100.03
2021-01-13 02:30:00,100.03
2021-01-13 02:30:00,100.03
2021-01-13 02:30:00,100.03
2021-01-13 02:30:00,100.03
2021-01-13 02:40:00,107.46
2021-01-13 02:40:00,107.46
2021-01-13 02:40:00,107.46
2021-01-13 02:40:00,107.46
2021-01-13 02:40:00,107.46
2021-01-13 02:40:00,107.46
2021-01-13 02:50:00,119.26
2021-01-13 02:50:00,119.26
2021-01-13 02:50:00,119.26
2021-01-13 02:50:00,119.26
2021-01-13 02:50:00,119.26
2021-01-13 02:50:00,119.26
2021-01-13 03:00:00,150.35
2021-01-13 03:00:00,150.35
2021-01-13 03:00:00,150.35
2021-01-13 03:00:00,150.35
2021-01-13 03:00:00,150.35
2021-01-13 03:00:00,150.35
2021-01-13 03:10:00,179.61
2021-01-13 03:10:00,179.61
2021-01-13 03:10:00,179.61
2021-01-13 03:10:00,179.61
2021-01-13 03:10:00,179.61
2021-01-13 03:10:00,179.61
2021-01-13 03:20:00,214.61
2021-01-13 03:20:00,214.61
2021-01-13 03:20:00,214.61
2021-01-13 03:20:00,214.61
2021-01-13 03:20:00,214.61
2021-01-13 03:20:00,214.61
2021-01-13 03:30:00,209.98
2021-01-13 03:30:00,209.98
2021-01-13 03:30:00,209.98
2021-01-13 03:30:00,209.98
2021-01-13 03:30:00,209.98
2021-01-13 03:30:00,209.98
2021-01-13 03:40:00,155.12
2021-01-13 03:40:00,155.12
2021-01-13 03:40:00,155.12
2021-01-13 03:40:00,155.12
2021-01-13 03:40:00,155.12
2021-01-13 03:40:00,155.12
2021-01-13 03:50:00,154.23
2021-01-13 03:50:00,154.23
2021-01-13 03:50:00,154.23
2021-01-13 03:50:00,154.23
2021-01-13 03:50:00,154.23
2021-01-13 03:50:00,154.23
2021-01-13 04:00:00,203.12
2021-01-13 04:00:00,203.12
2021-01-13 04:00:00,203.12
2021-01-13 04:00:00,203.12
2021-01-13 04:00:00,203.12
2021-01-13 04:00:00,203.12
2021-01-13 04:10:00,319.36
2021-01-13 04:10:00,319.36
2021-01-13 04:10:00,319.36
2021-01-13 04:10:00,319.36
2021-01-13 04:10:00,319.36
2021-01-13 04:10:00,319.36
2021-01-13 04:20:00,299.85
2021-01-13 04:20:00,299.85
2021-01-13 04:20:00,299.85
2021-01-13 04:20:00,299.85
2021-01-13 04:20:00,299.85
2021-01-13 04:20:00,299.85
2021-01-13 04:30:00,238.98
2021-01-13 04:30:00,238.98
2021-01-13 04:30:00,238.98
2021-01-13 04:30:00,238.98
2021-01-13 04:30:00,238.98
2021-01-13 04:30:00,238.98
2021-01-13 04:40:00,252.32
2021-01-13 04:40:00,252.32
2021-01-13 04:40:00,252.32
2021-01-13 04:40:00,252.32
2021-01-13 04:40:00,252.32
2021-01-13 04:40:00,252.32
2021-01-13 04:50:00,367.99
2021-01-13 04:50:00,367.99
2021-01-13 04:50:00,367.99
2021-01-13 04:50:00,367.99
2021-01-13 04:50:00,367.99
2021-01-13 04:50:00,367.99
2021-01-13 05:00:00,418.62
2021-01-13 05:00:00,418.62
2021-01-13 05:00:00,418.62
2021-01-13 05:00:00,418.62
2021-01-13 05:00:00,418.62
2021-01-13 05:00:00,418.62
2021-01-13 05:10:00,404.11
2021-01-13 05:10:00,404.11
2021-01-13 05:10:00,404.11
2021-01-13 05:10:00,404.11
2021-01-13 05:10:00,404.11
2021-01-13 05:10:00,404.11
2021-01-13 05:20:00,402.89
2021-01-13 05:20:00,402.89
2021-01-13 05:20:00,402.89
2021-01-13 05:20:00,402.89
2021-01-13 05:20:00,402.89
2021-01-13 05:20:00,402.89
2021-01-13 05:30:00,330.13
2021-01-13 05:30:00,330.13
2021-01-13 05:30:00,330.13
2021-01-13 05:30:00,330.13
2021-01-13 05:30:00,330.13
2021-01-13 05:30:00,330.13
2021-01-13 05:40:00,344.72
2021-01-13 05:40:00,344.72
2021-01-13 05:40:00,344.72
2021-01-13 05:40:00,344.72
2021-01-13 05:40:00,344.72
2021-01-13 05:40:00,344.72
2021-01-13 05:50:00,371.86
2021-01-13 05:50:00,371.86
2021-01-13 05:50:00,371.86
2021-01-13 05:50:00,371.86
2021-01-13 05:50:00,371.86
2021-01-13 05:50:00,371.86
2021-01-13 06:00:00,363.7
2021-01-13 06:00:00,363.7
2021-01-13 06:00:00,363.7
2021-01-13 06:00:00,363.7
2021-01-13 06:00:00,363.7
2021-01-13 06:00:00,363.7
2021-01-13 06:10:00,393.44
2021-01-13 06:10:00,393.44
2021-01-13 06:10:00,393.44
2021-01-13 06:10:00,393.44
2021-01-13 06:10:00,393.44
2021-01-13 06:10:00,393.44
2021-01-13 06:20:00,417.49
2021-01-13 06:20:00,417.49
2021-01-13 06:20:00,417.49
2021-01-13 06:20:00,417.49
2021-01-13 06:20:00,417.49
2021-01-13 06:20:00,417.49
2021-01-13 06:30:00,252.19
2021-01-13 06:30:00,252.19
2021-01-13 06:30:00,252.19
2021-01-13 06:30:00,252.19
2021-01-13 06:30:00,252.19
2021-01-13 06:30:00,252.19
2021-01-13 06:40:00,230.81
2021-01-13 06:40:00,230.81
2021-01-13 06:40:00,230.81
2021-01-13 06:40:00,230.81
2021-01-13 06:40:00,230.81
2021-01-13 06:40:00,230.81
2021-01-13 06:50:00,151.33
2021-01-13 06:50:00,151.33
2021-01-13 06:50:00,151.33
2021-01-13 06:50:00,151.33
2021-01-13 06:50:00,151.33
2021-01-13 06:50:00,151.33
2021-01-13 07:00:00,353.99
2021-01-13 07:00:00,353.99
2021-01-13 07:00:00,353.99
2021-01-13 07:00:00,353.99
2021-01-13 07:00:00,353.99
2021-01-13 07:00:00,353.99
2021-01-13 07:10:00,219.04
2021-01-13 07:10:00,219.04
2021-01-13 07:10:00,219.04
2021-01-13 07:10:00,219.04
2021-01-13 07:10:00,219.04
2021-01-13 07:10:00,219.04
2021-01-13 07:20:00,193.33
2021-01-13 07:20:00,193.33
2021-01-13 07:20:00,193.33
2021-01-13 07:20:00,193.33
2021-01-13 07:20:00,193.33
2021-01-13 07:20:00,193.33
2021-01-13 07:30:00,175.48
2021-01-13 07:30:00,175.48
2021-01-13 07:30:00,175.48
2021-01-13 07:30:00,175.48
2021-01-13 07:30:00,175.48
2021-01-13 07:30:00,175.48
2021-01-13 07:40:00,99.46
2021-01-13 07:40:00,99.46
2021-01-13 07:40:00,99.46
2021-01-13 07:40:00,99.46
2021-01-13 07:40:00,99.46
2021-01-13 07:40:00,99.46
2021-01-13 07:50:00,45.99
2021-01-13 07:50:00,45.99
2021-01-13 07:50:00,45.99
2021-01-13 07:50:00,45.99
2021-01-13 07:50:00,45.99
2021-01-13 07:50:00,45.99
2021-01-13 08:00:00,43.68
2021-01-13 08:00:00,43.68
2021-01-13 08:00:00,43.68
2021-01-13 08:00:00,43.68
2021-01-13 08:00:00,43.68
2021-01-13 08:00:00,43.68
2021-01-13 08:10:00,55.7
2021-01-13 08:10:00,55.7
2021-01-13 08:10:00,55.7
2021-01-13 08:10:00,55.7
2021-01-13 08:10:00,55.7
2021-01-13 08:10:00,55.7
2021-01-13 08:20:00,94.43
2021-01-13 08:20:00,94.43
2021-01-13 08:20:00,94.43
2021-01-13 08:20:00,94.43
2021-01-13 08:20:00,94.43
2021-01-13 08:20:00,94.43
2021-01-13 08:30:00,153.44
2021-01-13 08:30:00,153.44
2021-01-13 08:30:00,153.44
2021-01-13 08:30:00,153.44
2021-01-13 08:30:00,153.44
2021-01-13 08:30:00,153.44
2021-01-13 08:40:00,68.53
2021-01-13 08:40:00,68.53
2021-01-13 08:40:00,68.53
2021-01-13 08:40:00,68.53
2021-01-13 08:40:00,68.53
2021-01-13 08:40:00,68.53
2021-01-13 08:50:00,73.27
2021-01-13 08:50:00,73.27
2021-01-13 08:50:00,73.27
2021-01-13 08:50:00,73.27
2021-01-13 08:50:00,73.27
2021-01-13 08:50:00,73.27
2021-01-13 09:00:00,106.87
2021-01-13 09:00:00,106.87
2021-01-13 09:00:00,106.87
2021-01-13 09:00:00,106.87
2021-01-13 09:00:00,106.87
2021-01-13 09:00:00,106.87
2021-01-13 09:10:00,154.64
2021-01-13 09:10:00,154.64
2021-01-13 09:10:00,154.64
2021-01-13 09:10:00,154.64
2021-01-13 09:10:00,154.64
2021-01-13 09:10:00,154.64
2021-01-13 09:20:00,122.08
2021-01-13 09:20:00,122.08
2021-01-13 09:20:00,122.08
2021-01-13 09:20:00,122.08
2021-01-13 09:20:00,122.08
2021-01-13 09:20:00,122.08
2021-01-13 09:30:00,92.28
2021-01-13 09:30:00,92.28
2021-01-13 09:30:00,92.28
2021-01-13 09:30:00,92.28
2021-01-13 09:30:00,92.28
2021-01-13 09:30:00,92.28
2021-01-13 09:40:00,45.96
2021-01-13 09:40:00,45.96
2021-01-13 09:40:00,45.96
2021-01-13 09:40:00,45.96
2021-01-13 09:40:00,45.96
2021-01-13 09:40:00,45.96
2021-01-13 09:50:00,5.23
2021-01-13 09:50:00,5.23
2021-01-13 09:50:00,5.23
2021-01-13 09:50:00,5.23
2021-01-13 09:50:00,5.23
2021-01-13 09:50:00,5.23
2021-01-13 10:00:00,18.17
2021-01-13 10:00:00,18.17
2021-01-13 10:00:00,18.17
2021-01-13 10:00:00,18.17
2021-01-13 10:00:00,18.17
2021-01-13 10:00:00,18.17
2021-01-13 10:10:00,83.71
2021-01-13 10:10:00,83.71
2021-01-13 10:10:00,83.71
2021-01-13 10:10:00,83.71
2021-01-13 10:10:00,83.71
2021-01-13 10:10:00,83.71
2021-01-13 10:20:00,137.51
2021-01-13 10:20:00,137.51
2021-01-13 10:20:00,137.51
2021-01-13 10:20:00,137.51
2021-01-13 10:20:00,137.51
2021-01-13 10:20:00,137.51
2021-01-13 10:30:00,218.39
2021-01-13 10:30:00,218.39
2021-01-13 10:30:00,218.39
2021-01-13 10:30:00,218.39
2021-01-13 10:30:00,218.39
2021-01-13 10:30:00,218.39
2021-01-13 10:40:00,341.81
2021-01-13 10:40:00,341.81
2021-01-13 10:40:00,341.81
2021-01-13 10:40:00,341.81
2021-01-13 10:40:00,341.81
2021-01-13 10:40:00,341.81
2021-01-13 10:50:00,309.55
2021-01-13 10:50:00,309.55
2021-01-13 10:50:00,309.55
2021-01-13 10:50:00,309.55
2021-01-13 10:50:00,309.55
2021-01-13 10:50:00,309.55
2021-01-13 11:00:00,208.25
2021-01-13 11:00:00,208.25
2021-01-13 11:00:00,208.25
2021-01-13 11:00:00,208.25
2021-01-13 11:00:00,208.25
2021-01-13 11:00:00,208.25
2021-01-13 11:10:00,127.97
2021-01-13 11:10:00,127.97
2021-01-13 11:10:00,127.97
2021-01-13 11:10:00,127.97
2021-01-13 11:10:00,127.97
2021-01-13 11:10:00,127.97
2021-01-13 11:20:00,102.95
2021-01-13 11:20:00,102.95
2021-01-13 11:20:00,102.95
2021-01-13 11:20:00,102.95
2021-01-13 11:20:00,102.95
2021-01-13 11:20:00,102.95
2021-01-13 11:30:00,42.39
2021-01-13 11:30:00,42.39
2021-01-13 11:30:00,42.39
2021-01-13 11:30:00,42.39
2021-01-13 11:30:00,42.39
2021-01-13 11:30:00,42.39
2021-01-13 11:40:00,28.77
2021-01-13 11:40:00,28.77
2021-01-13 11:40:00,28.77
2021-01-13 11:40:00,28.77
2021-01-13 11:40:00,28.77
2021-01-13 11:40:00,28.77
2021-01-13 11:50:00,2.81
2021-01-13 11:50:00,2.81
2021-01-13 11:50:00,2.81
2021-01-13 11:50:00,2.81
2021-01-13 11:50:00,2.81
2021-01-13 11:50:00,2.81
2021-01-13 12:00:00,0.0
2021-01-13 12:00:00,0.0
2021-01-13 12:00:00,0.0
2021-01-13 12:00:00,0.0
2021-01-13 12:00:00,0.0
2021-01-13 12:00:00,0.0
2021-01-13 12:10:00,0.0
2021-01-13 12:10:00,0.0
2021-01-13 12:10:00,0.0
2021-01-13 12:10:00,0.0
2021-01-13 12:10:00,0.0
2021-01-13 12:10:00,0.0
2021-01-13 12:20:00,0.0
2021-01-13 12:20:00,0.0
2021-01-13 12:20:00,0.0
2021-01-13 12:20:00,0.0
2021-01-13 12:20:00,0.0
2021-01-13 12:20:00,0.0
2021-01-13 12:30:00,0.0
2021-01-13 12:30:00,0.0
2021-01-13 12:30:00,0.0
2021-01-13 12:30:00,0.0
2021-01-13 12:30:00,0.0
2021-01-13 12:30:00,0.0
2021-01-13 12:40:00,0.0
2021-01-13 12:40:00,0.0
2021-01-13 12:40:00,0.0
2021-01-13 12:40:00,0.0
2021-01-13 12:40:00,0.0
2021-01-13 12:40:00,0.0
2021-01-13 12:50:00,0.0
2021-01-13 12:50:00,0.0
2021-01-13 12:50:00,0.0
2021-01-13 12:50:00,0.0
2021-01-13 12:50:00,0.0
2021-01-13 12:50:00,0.0
2021-01-13 13:00:00,0.0
2021-01-13 13:00:00,0.0
2021-01-13 13:00:00,0.0
2021-01-13 13:00:00,0.0
2021-01-13 13:00:00,0.0
2021-01-13 13:00:00,0.0
2021-01-13 13:10:00,0.0
2021-01-13 13:10:00,0.0
2021-01-13 13:10:00,0.0
2021-01-13 13:10:00,0.0
2021-01-13 13:10:00,0.0
2021-01-13 13:10:00,0.0
2021-01-13 13:20:00,0.0
2021-01-13 13:20:00,0.0
2021-01-13 13:20:00,0.0
2021-01-13 13:20:00,0.0
2021-01-13 13:20:00,0.0
2021-01-13 13:20:00,0.0
2021-01-13 13:30:00,0.0
2021-01-13 13:30:00,0.0
2021-01-13 13:30:00,0.0
2021-01-13 13:30:00,0.0
2021-01-13 13:30:00,0.0
2021-01-13 13:30:00,0.0
2021-01-13 13:40:00,52.32
2021-01-13 13:40:00,52.32
2021-01-13 13:40:00,52.32
2021-01-13 13:40:00,52.32
2021-01-13 13:40:00,52.32
2021-01-13 13:40:00,52.32
2021-01-13 13:50:00,219.29
2021-01-13 13:50:00,219.29
2021-01-13 13:50:00,219.29
2021-01-13 13:50:00,219.29
2021-01-13 13:50:00,219.29
2021-01-13 13:50:00,219.29
2021-01-13 14:00:00,284.45
2021-01-13 14:00:00,284.45
2021-01-13 14:00:00,284.45
2021-01-13 14:00:00,284.45
2021-01-13 14:00:00,284.45
2021-01-13 14:00:00,284.45
2021-01-13 14:10:00,323.11
2021-01-13 14:10:00,323.11
2021-01-13 14:10:00,323.11
2021-01-13 14:10:00,323.11
2021-01-13 14:10:00,323.11
2021-01-13 14:10:00,323.11
2021-01-13 14:20:00,438.34
2021-01-13 14:20:00,438.34
2021-01-13 14:20:00,438.34
2021-01-13 14:20:00,438.34
2021-01-13 14:20:00,438.34
2021-01-13 14:20:00,438.34
2021-01-13 14:30:00,436.87
2021-01-13 14:30:00,436.87
2021-01-13 14:30:00,436.87
2021-01-13 14:30:00,436.87
2021-01-13 14:30:00,436.87
2021-01-13 14:30:00,436.87
2021-01-13 14:40:00,713.85
2021-01-13 14:40:00,713.85
2021-01-13 14:40:00,713.85
2021-01-13 14:40:00,713.85
2021-01-13 14:40:00,713.85
2021-01-13 14:40:00,713.85
2021-01-13 14:50:00,601.66
2021-01-13 14:50:00,601.66
2021-01-13 14:50:00,601.66
2021-01-13 14:50:00,601.66
2021-01-13 14:50:00,601.66
2021-01-13 14:50:00,601.66
2021-01-13 15:00:00,405.53
2021-01-13 15:00:00,405.53
2021-01-13 15:00:00,405.53
2021-01-13 15:00:00,405.53
2021-01-13 15:00:00,405.53
2021-01-13 15:00:00,405.53
2021-01-13 15:10:00,619.04
2021-01-13 15:10:00,619.04
2021-01-13 15:10:00,619.04
2021-01-13 15:10:00,619.04
2021-01-13 15:10:00,619.04
2021-01-13 15:10:00,619.04
2021-01-13 15:20:00,876.34
2021-01-13 15:20:00,876.34
2021-01-13 15:20:00,876.34
2021-01-13 15:20:00,876.34
2021-01-13 15:20:00,876.34
2021-01-13 15:20:00,876.34
2021-01-13 15:30:00,1209.65
2021-01-13 15:30:00,1209.65
2021-01-13 15:30:00,1209.65
2021-01-13 15:30:00,1209.65
2021-01-13 15:30:00,1209.65
2021-01-13 15:30:00,1209.65
2021-01-13 15:40:00,821.87
2021-01-13 15:40:00,821.87
2021-01-13 15:40:00,821.87
2021-01-13 15:40:00,821.87
2021-01-13 15:40:00,821.87
2021-01-13 15:40:00,821.87
2021-01-13 15:50:00,727.51
2021-01-13 15:50:00,727.51
2021-01-13 15:50:00,727.51
2021-01-13 15:50:00,727.51
2021-01-13 15:50:00,727.51
2021-01-13 15:50:00,727.51
2021-01-13 16:00:00,442.76
2021-01-13 16:00:00,442.76
2021-01-13 16:00:00,442.76
2021-01-13 16:00:00,442.76
2021-01-13 16:00:00,442.76
2021-01-13 16:00:00,442.76
2021-01-13 16:10:00,289.68
2021-01-13 16:10:00,289.68
2021-01-13 16:10:00,289.68
2021-01-13 16:10:00,289.68
2021-01-13 16:10:00,289.68
2021-01-13 16:10:00,289.68
2021-01-13 16:20:00,279.68
2021-01-13 16:20:00,279.68
2021-01-13 16:20:00,279.68
2021-01-13 16:20:00,279.68
2021-01-13 16:20:00,279.68
2021-01-13 16:20:00,279.68
2021-01-13 16:30:00,328.86
2021-01-13 16:30:00,328.86
2021-01-13 16:30:00,328.86
2021-01-13 16:30:00,328.86
2021-01-13 16:30:00,328.86
2021-01-13 16:30:00,328.86
2021-01-13 16:40:00,458.6
2021-01-13 16:40:00,458.6
2021-01-13 16:40:00,458.6
2021-01-13 16:40:00,458.6
2021-01-13 16:40:00,458.6
2021-01-13 16:40:00,458.6
2021-01-13 16:50:00,430.3
2021-01-13 16:50:00,430.3
2021-01-13 16:50:00,430.3
2021-01-13 16:50:00,430.3
2021-01-13 16:50:00,430.3
2021-01-13 16:50:00,430.3
2021-01-13 17:00:00,284.37
2021-01-13 17:00:00,284.37
2021-01-13 17:00:00,284.37
2021-01-13 17:00:00,284.37
2021-01-13 17:00:00,284.37
2021-01-13 17:00:00,284.37
2021-01-13 17:10:00,146.07
2021-01-13 17:10:00,146.07
2021-01-13 17:10:00,146.07
2021-01-13 17:10:00,146.07
2021-01-13 17:10:00,146.07
2021-01-13 17:10:00,146.07
2021-01-13 17:20:00,154.24
2021-01-13 17:20:00,154.24
2021-01-13 17:20:00,154.24
2021-01-13 17:20:00,154.24
2021-01-13 17:20:00,154.24
2021-01-13 17:20:00,154.24
2021-01-13 17:30:00,213.34
2021-01-13 17:30:00,213.34
2021-01-13 17:30:00,213.34
2021-01-13 17:30:00,213.34
2021-01-13 17:30:00,213.34
2021-01-13 17:30:00,213.34
2021-01-13 17:40:00,129.61
2021-01-13 17:40:00,129.61
2021-01-13 17:40:00,129.61
2021-01-13 17:40:00,129.61
2021-01-13 17:40:00,129.61
2021-01-13 17:40:00,129.61
2021-01-13 17:50:00,110.64
2021-01-13 17:50:00,110.64
2021-01-13 17:50:00,110.64
2021-01-13 17:50:00,110.64
2021-01-13 17:50:00,110.64
2021-01-13 17:50:00,110.64
2021-01-13 18:00:00,103.47
2021-01-13 18:00:00,103.47
2021-01-13 18:00:00,103.47
2021-01-13 18:00:00,103.47
2021-01-13 18:00:00,103.47
2021-01-13 18:00:00,103.47
2021-01-13 18:10:00,71.04
2021-01-13 18:10:00,71.04
2021-01-13 18:10:00,71.04
2021-01-13 18:10:00,71.04
2021-01-13 18:10:00,71.04
2021-01-13 18:10:00,71.04
2021-01-13 18:20:00,59.93
2021-01-13 18:20:00,59.93
2021-01-13 18:20:00,59.93
2021-01-13 18:20:00,59.93
2021-01-13 18:20:00,59.93
2021-01-13 18:20:00,59.93
2021-01-13 18:30:00,100.56
2021-01-13 18:30:00,100.56
2021-01-13 18:30:00,100.56
2021-01-13 18:30:00,100.56
2021-01-13 18:30:00,100.56
2021-01-13 18:30:00,100.56
2021-01-13 18:40:00,76.75
2021-01-13 18:40:00,76.75
2021-01-13 18:40:00,76.75
2021-01-13 18:40:00,76.75
2021-01-13 18:40:00,76.75
2021-01-13 18:40:00,76.75
2021-01-13 18:50:00,116.09
2021-01-13 18:50:00,116.09
2021-01-13 18:50:00,116.09
2021-01-13 18:50:00,116.09
2021-01-13 18:50:00,116.09
2021-01-13 18:50:00,116.09
2021-01-13 19:00:00,103.82
2021-01-13 19:00:00,103.82
2021-01-13 19:00:00,103.82
2021-01-13 19:00:00,103.82
2021-01-13 19:00:00,103.82
2021-01-13 19:00:00,103.82
2021-01-13 19:10:00,91.15
2021-01-13 19:10:00,91.15
2021-01-13 19:10:00,91.15
2021-01-13 19:10:00,91.15
2021-01-13 19:10:00,91.15
2021-01-13 19:10:00,91.15
2021-01-13 19:20:00,119.42
2021-01-13 19:20:00,119.42
2021-01-13 19:20:00,119.42
2021-01-13 19:20:00,119.42
2021-01-13 19:20:00,119.42
2021-01-13 19:20:00,119.42
2021-01-13 19:30:00,345.8
2021-01-13 19:30:00,345.8
2021-01-13 19:30:00,345.8
2021-01-13 19:30:00,345.8
2021-01-13 19:30:00,345.8
2021-01-13 19:30:00,345.8
2021-01-13 19:40:00,403.86
2021-01-13 19:40:00,403.86
2021-01-13 19:40:00,403.86
2021-01-13 19:40:00,403.86
2021-01-13 19:40:00,403.86
2021-01-13 19:40:00,403.86
2021-01-13 19:50:00,194.41
2021-01-13 19:50:00,194.41
2021-01-13 19:50:00,194.41
2021-01-13 19:50:00,194.41
2021-01-13 19:50:00,194.41
2021-01-13 19:50:00,194.41
2021-01-13 20:00:00,180.8
2021-01-13 20:00:00,180.8
2021-01-13 20:00:00,180.8
2021-01-13 20:00:00,180.8
2021-01-13 20:00:00,180.8
2021-01-13 20:00:00,180.8
2021-01-13 20:10:00,168.75
2021-01-13 20:10:00,168.75
2021-01-13 20:10:00,168.75
2021-01-13 20:10:00,168.75
2021-01-13 20:10:00,168.75
2021-01-13 20:10:00,168.75
2021-01-13 20:20:00,238.72
2021-01-13 20:20:00,238.72
2021-01-13 20:20:00,238.72
2021-01-13 20:20:00,238.72
2021-01-13 20:20:00,238.72
2021-01-13 20:20:00,238.72
2021-01-13 20:30:00,344.23
2021-01-13 20:30:00,344.23
2021-01-13 20:30:00,344.23
2021-01-13 20:30:00,344.23
2021-01-13 20:30:00,344.23
2021-01-13 20:30:00,344.23
2021-01-13 20:40:00,869.75
2021-01-13 20:40:00,869.75
2021-01-13 20:40:00,869.75
2021-01-13 20:40:00,869.75
2021-01-13 20:40:00,869.75
2021-01-13 20:40:00,869.75
2021-01-13 20:50:00,503.79
2021-01-13 20:50:00,503.79
2021-01-13 20:50:00,503.79
2021-01-13 20:50:00,503.79
2021-01-13 20:50:00,503.79
2021-01-13 20:50:00,503.79
2021-01-13 21:00:00,417.82
2021-01-13 21:00:00,417.82
2021-01-13 21:00:00,417.82
2021-01-13 21:00:00,417.82
2021-01-13 21:00:00,417.82
2021-01-13 21:00:00,417.82
2021-01-13 21:10:00,258.01
2021-01-13 21:10:00,258.01
2021-01-13 21:10:00,258.01
2021-01-13 21:10:00,258.01
2021-01-13 21:10:00,258.01
2021-01-13 21:10:00,258.01
2021-01-13 21:20:00,290.88
2021-01-13 21:20:00,290.88
2021-01-13 21:20:00,290.88
2021-01-13 21:20:00,290.88
2021-01-13 21:20:00,290.88
2021-01-13 21:20:00,290.88
2021-01-13 21:30:00,287.29
2021-01-13 21:30:00,287.29
2021-01-13 21:30:00,287.29
2021-01-13 21:30:00,287.29
2021-01-13 21:30:00,287.29
2021-01-13 21:30:00,287.29
2021-01-13 21:40:00,463.61
2021-01-13 21:40:00,463.61
2021-01-13 21:40:00,463.61
2021-01-13 21:40:00,463.61
2021-01-13 21:40:00,463.61
2021-01-13 21:40:00,463.61
2021-01-13 21:50:00,663.64
2021-01-13 21:50:00,663.64
2021-01-13 21:50:00,663.64
2021-01-13 21:50:00,663.64
2021-01-13 21:50:00,663.64
2021-01-13 21:50:00,663.64
2021-01-13 22:00:00,556.1
2021-01-13 22:00:00,556.1
2021-01-13 22:00:00,556.1
2021-01-13 22:00:00,556.1
2021-01-13 22:00:00,556.1
2021-01-13 22:00:00,556.1
2021-01-13 22:10:00,822.74
2021-01-13 22:10:00,822.74
2021-01-13 22:10:00,822.74
2021-01-13 22:10:00,822.74
2021-01-13 22:10:00,822.74
2021-01-13 22:10:00,822.74
2021-01-13 22:20:00,1003.45
2021-01-13 22:20:00,1003.45
2021-01-13 22:20:00,1003.45
2021-01-13 22:20:00,1003.45
2021-01-13 22:20:00,1003.45
2021-01-13 22:20:00,1003.45
2021-01-13 22:30:00,841.94
2021-01-13 22:30:00,841.94
2021-01-13 22:30:00,841.94
2021-01-13 22:30:00,841.94
2021-01-13 22:30:00,841.94
2021-01-13 22:30:00,841.94
2021-01-13 22:40:00,903.33
2021-01-13 22:40:00,903.33
2021-01-13 22:40:00,903.33
2021-01-13 22:40:00,903.33
2021-01-13 22:40:00,903.33
2021-01-13 22:40:00,903.33
2021-01-13 22:50:00,1145.7
2021-01-13 22:50:00,1145.7
2021-01-13 22:50:00,1145.7
2021-01-13 22:50:00,1145.7
2021-01-13 22:50:00,1145.7
2021-01-13 22:50:00,1145.7
2021-01-13 23:00:00,1154.98
2021-01-13 23:00:00,1154.98
2021-01-13 23:00:00,1154.98
2021-01-13 23:00:00,1154.98
2021-01-13 23:00:00,1154.98
2021-01-13 23:00:00,1154.98
2021-01-13 23:10:00,1196.33
2021-01-13 23:10:00,1196.33
2021-01-13 23:10:00,1196.33
2021-01-13 23:10:00,1196.33
2021-01-13 23:10:00,1196.33
2021-01-13 23:10:00,1196.33
2021-01-13 23:20:00,1267.08
2021-01-13 23:20:00,1267.08
2021-01-13 23:20:00,1267.08
2021-01-13 23:20:00,1267.08
2021-01-13 23:20:00,1267.08
2021-01-13 23:20:00,1267.08
2021-01-13 23:30:00,1260.41
2021-01-13 23:30:00,1260.41
2021-01-13 23:30:00,1260.41
2021-01-13 23:30:00,1260.41
2021-01-13 23:30:00,1260.41
2021-01-13 23:30:00,1260.41
2021-01-13 23:40:00,1256.13
2021-01-13 23:40:00,1256.13
2021-01-13 23:40:00,1256.13
2021-01-13 23:40:00,1256.13
2021-01-13 23:40:00,1256.13
2021-01-13 23:40:00,1256.13
2021-01-13 23:50:00,947.64
2021-01-13 23:50:00,947.64
2021-01-13 23:50:00,947.64
2021-01-13 23:50:00,947.64
2021-01-13 23:50:00,947.64
2021-01-13 23:50:00,947.64
2021-01-14 00:00:00,869.83
2021-01-14 00:00:00,869.83
2021-01-14 00:00:00,869.83
2021-01-14 00:00:00,869.83
2021-01-14 00:00:00,869.83
2021-01-14 00:00:00,869.83
2021-01-14 00:10:00,759.18
2021-01-14 00:10:00,759.18
2021-01-14 00:10:00,759.18
2021-01-14 00:10:00,759.18
2021-01-14 00:10:00,759.18
2021-01-14 00:10:00,759.18
2021-01-14 00:20:00,1023.14
2021-01-14 00:20:00,1023.14
2021-01-14 00:20:00,1023.14
2021-01-14 00:20:00,1023.14
2021-01-14 00:20:00,1023.14
2021-01-14 00:20:00,1023.14
2021-01-14 00:30:00,1269.37
2021-01-14 00:30:00,1269.37
2021-01-14 00:30:00,1269.37
2021-01-14 00:30:00,1269.37
2021-01-14 00:30:00,1269.37
2021-01-14 00:30:00,1269.37
2021-01-14 00:40:00,1406.67
2021-01-14 00:40:00,1406.67
2021-01-14 00:40:00,1406.67
2021-01-14 00:40:00,1406.67
2021-01-14 00:40:00,1406.67
2021-01-14 00:40:00,1406.67
2021-01-14 00:50:00,1448.31
2021-01-14 00:50:00,1448.31
2021-01-14 00:50:00,1448.31
2021-01-14 00:50:00,1448.31
2021-01-14 00:50:00,1448.31
2021-01-14 00:50:00,1448.31
2021-01-14 01:00:00,1491.05
2021-01-14 01:00:00,1491.05
2021-01-14 01:00:00,1491.05
2021-01-14 01:00:00,1491.05
2021-01-14 01:00:00,1491.05
2021-01-14 01:00:00,1491.05
2021-01-14 01:10:00,1495.55
2021-01-14 01:10:00,1495.55
2021-01-14 01:10:00,1495.55
2021-01-14 01:10:00,1495.55
2021-01-14 01:10:00,1495.55
2021-01-14 01:10:00,1495.55
2021-01-14 01:20:00,1380.19
2021-01-14 01:20:00,1380.19
2021-01-14 01:20:00,1380.19
2021-01-14 01:20:00,1380.19
2021-01-14 01:20:00,1380.19
2021-01-14 01:20:00,1380.19
2021-01-14 01:30:00,1307.92
2021-01-14 01:30:00,1307.92
2021-01-14 01:30:00,1307.92
2021-01-14 01:30:00,1307.92
2021-01-14 01:30:00,1307.92
2021-01-14 01:30:00,1307.92
2021-01-14 01:40:00,773.09
2021-01-14 01:40:00,773.09
2021-01-14 01:40:00,773.09
2021-01-14 01:40:00,773.09
2021-01-14 01:40:00,773.09
2021-01-14 01:40:00,773.09
2021-01-14 01:50:00,712.28
2021-01-14 01:50:00,712.28
2021-01-14 01:50:00,712.28
2021-01-14 01:50:00,712.28
2021-01-14 01:50:00,712.28
2021-01-14 01:50:00,712.28
2021-01-14 02:00:00,533.32
2021-01-14 02:00:00,533.32
2021-01-14 02:00:00,533.32
2021-01-14 02:00:00,533.32
2021-01-14 02:00:00,533.32
2021-01-14 02:00:00,533.32
2021-01-14 02:10:00,454.05
2021-01-14 02:10:00,454.05
2021-01-14 02:10:00,454.05
2021-01-14 02:10:00,454.05
2021-01-14 02:10:00,454.05
2021-01-14 02:10:00,454.05
2021-01-14 02:20:00,316.65
2021-01-14 02:20:00,316.65
2021-01-14 02:20:00,316.65
2021-01-14 02:20:00,316.65
2021-01-14 02:20:00,316.65
2021-01-14 02:20:00,316.65
2021-01-14 02:30:00,505.22
2021-01-14 02:30:00,505.22
2021-01-14 02:30:00,505.22
2021-01-14 02:30:00,505.22
2021-01-14 02:30:00,505.22
2021-01-14 02:30:00,505.22
2021-01-14 02:40:00,649.74
2021-01-14 02:40:00,649.74
2021-01-14 02:40:00,649.74
2021-01-14 02:40:00,649.74
2021-01-14 02:40:00,649.74
2021-01-14 02:40:00,649.74
2021-01-14 02:50:00,851.6
2021-01-14 02:50:00,851.6
2021-01-14 02:50:00,851.6
2021-01-14 02:50:00,851.6
2021-01-14 02:50:00,851.6
2021-01-14 02:50:00,851.6
2021-01-14 03:00:00,720.75
2021-01-14 03:00:00,720.75
2021-01-14 03:00:00,720.75
2021-01-14 03:00:00,720.75
2021-01-14 03:00:00,720.75
2021-01-14 03:00:00,720.75
2021-01-14 03:10:00,649.4
2021-01-14 03:10:00,649.4
2021-01-14 03:10:00,649.4
2021-01-14 03:10:00,649.4
2021-01-14 03:10:00,649.4
2021-01-14 03:10:00,649.4
2021-01-14 03:20:00,595.13
2021-01-14 03:20:00,595.13
2021-01-14 03:20:00,595.13
2021-01-14 03:20:00,595.13
2021-01-14 03:20:00,595.13
2021-01-14 03:20:00,595.13
2021-01-14 03:30:00,618.4
2021-01-14 03:30:00,618.4
2021-01-14 03:30:00,618.4
2021-01-14 03:30:00,618.4
2021-01-14 03:30:00,618.4
2021-01-14 03:30:00,618.4
2021-01-14 03:40:00,570.1
2021-01-14 03:40:00,570.1
2021-01-14 03:40:00,570.1
2021-01-14 03:40:00,570.1
2021-01-14 03:40:00,570.1
2021-01-14 03:40:00,570.1
2021-01-14 03:50:00,385.69
2021-01-14 03:50:00,385.69
2021-01-14 03:50:00,385.69
2021-01-14 03:50:00,385.69
2021-01-14 03:50:00,385.69
2021-01-14 03:50:00,385.69
2021-01-14 04:00:00,377.8
2021-01-14 04:00:00,377.8
2021-01-14 04:00:00,377.8
2021-01-14 04:00:00,377.8
2021-01-14 04:00:00,377.8
2021-01-14 04:00:00,377.8
2021-01-14 04:10:00,569.94
2021-01-14 04:10:00,569.94
2021-01-14 04:10:00,569.94
2021-01-14 04:10:00,569.94
2021-01-14 04:10:00,569.94
2021-01-14 04:10:00,569.94
2021-01-14 04:20:00,517.74
2021-01-14 04:20:00,517.74
2021-01-14 04:20:00,517.74
2021-01-14 04:20:00,517.74
2021-01-14 04:20:00,517.74
2021-01-14 04:20:00,517.74
2021-01-14 04:30:00,293.43
2021-01-14 04:30:00,293.43
2021-01-14 04:30:00,293.43
2021-01-14 04:30:00,293.43
2021-01-14 04:30:00,293.43
2021-01-14 04:30:00,293.43
2021-01-14 04:40:00,257.67
2021-01-14 04:40:00,257.67
2021-01-14 04:40:00,257.67
2021-01-14 04:40:00,257.67
2021-01-14 04:40:00,257.67
2021-01-14 04:40:00,257.67
2021-01-14 04:50:00,195.36
2021-01-14 04:50:00,195.36
2021-01-14 04:50:00,195.36
2021-01-14 04:50:00,195.36
2021-01-14 04:50:00,195.36
2021-01-14 04:50:00,195.36
2021-01-14 05:00:00,138.04
2021-01-14 05:00:00,138.04
2021-01-14 05:00:00,138.04
2021-01-14 05:00:00,138.04
2021-01-14 05:00:00,138.04
2021-01-14 05:00:00,138.04
2021-01-14 05:10:00,63.64
2021-01-14 05:10:00,63.64
2021-01-14 05:10:00,63.64
2021-01-14 05:10:00,63.64
2021-01-14 05:10:00,63.64
2021-01-14 05:10:00,63.64
2021-01-14 05:20:00,15.04
2021-01-14 05:20:00,15.04
2021-01-14 05:20:00,15.04
2021-01-14 05:20:00,15.04
2021-01-14 05:20:00,15.04
2021-01-14 05:20:00,15.04
2021-01-14 05:30:00,0.0
2021-01-14 05:30:00,0.0
2021-01-14 05:30:00,0.0
2021-01-14 05:30:00,0.0
2021-01-14 05:30:00,0.0
2021-01-14 05:30:00,0.0
2021-01-14 05:40:00,0.0
2021-01-14 05:40:00,0.0
2021-01-14 05:40:00,0.0
2021-01-14 05:40:00,0.0
2021-01-14 05:40:00,0.0
2021-01-14 05:40:00,0.0
2021-01-14 05:50:00,0.0
2021-01-14 05:50:00,0.0
2021-01-14 05:50:00,0.0
2021-01-14 05:50:00,0.0
2021-01-14 05:50:00,0.0
2021-01-14 05:50:00,0.0
2021-01-14 06:00:00,0.0
2021-01-14 06:00:00,0.0
2021-01-14 06:00:00,0.0
2021-01-14 06:00:00,0.0
2021-01-14 06:00:00,0.0
2021-01-14 06:00:00,0.0
2021-01-14 06:10:00,0.0
2021-01-14 06:10:00,0.0
2021-01-14 06:10:00,0.0
2021-01-14 06:10:00,0.0
2021-01-14 06:10:00,0.0
2021-01-14 06:10:00,0.0
2021-01-14 06:20:00,0.0
2021-01-14 06:20:00,0.0
2021-01-14 06:20:00,0.0
2021-01-14 06:20:00,0.0
2021-01-14 06:20:00,0.0
2021-01-14 06:20:00,0.0
2021-01-14 06:30:00,0.0
2021-01-14 06:30:00,0.0
2021-01-14 06:30:00,0.0
2021-01-14 06:30:00,0.0
2021-01-14 06:30:00,0.0
2021-01-14 06:30:00,0.0
2021-01-14 06:40:00,0.0
2021-01-14 06:40:00,0.0
2021-01-14 06:40:00,0.0
2021-01-14 06:40:00,0.0
2021-01-14 06:40:00,0.0
2021-01-14 06:40:00,0.0
2021-01-14 06:50:00,0.0
2021-01-14 06:50:00,0.0
2021-01-14 06:50:00,0.0
2021-01-14 06:50:00,0.0
2021-01-14 06:50:00,0.0
2021-01-14 06:50:00,0.0
2021-01-14 07:00:00,0.0
2021-01-14 07:00:00,0.0
2021-01-14 07:00:00,0.0
2021-01-14 07:00:00,0.0
2021-01-14 07:00:00,0.0
2021-01-14 07:00:00,0.0
2021-01-14 07:10:00,0.0
2021-01-14 07:10:00,0.0
2021-01-14 07:10:00,0.0
2021-01-14 07:10:00,0.0
2021-01-14 07:10:00,0.0
2021-01-14 07:10:00,0.0
2021-01-14 07:20:00,0.0
2021-01-14 07:20:00,0.0
2021-01-14 07:20:00,0.0
2021-01-14 07:20:00,0.0
2021-01-14 07:20:00,0.0
2021-01-14 07:20:00,0.0
2021-01-14 07:30:00,0.0
2021-01-14 07:30:00,0.0
2021-01-14 07:30:00,0.0
2021-01-14 07:30:00,0.0
2021-01-14 07:30:00,0.0
2021-01-14 07:30:00,0.0
2021-01-14 07:40:00,0.0
2021-01-14 07:40:00,0.0
2021-01-14 07:40:00,0.0
2021-01-14 07:40:00,0.0
2021-01-14 07:40:00,0.0
2021-01-14 07:40:00,0.0
2021-01-14 07:50:00,0.0
2021-01-14 07:50:00,0.0
2021-01-14 07:50:00,0.0
2021-01-14 07:50:00,0.0
2021-01-14 07:50:00,0.0
2021-01-14 07:50:00,0.0
2021-01-14 08:00:00,0.0
2021-01-14 08:00:00,0.0
2021-01-14 08:00:00,0.0
2021-01-14 08:00:00,0.0
2021-01-14 08:00:00,0.0
2021-01-14 08:00:00,0.0
2021-01-14 08:10:00,0.0
2021-01-14 08:10:00,0.0
2021-01-14 08:10:00,0.0
2021-01-14 08:10:00,0.0
2021-01-14 08:10:00,0.0
2021-01-14 08:10:00,0.0
2021-01-14 08:20:00,0.0
2021-01-14 08:20:00,0.0
2021-01-14 08:20:00,0.0
2021-01-14 08:20:00,0.0
2021-01-14 08:20:00,0.0
2021-01-14 08:20:00,0.0
2021-01-14 08:30:00,0.0
2021-01-14 08:30:00,0.0
2021-01-14 08:30:00,0.0
2021-01-14 08:30:00,0.0
2021-01-14 08:30:00,0.0
2021-01-14 08:30:00,0.0
2021-01-14 08:40:00,0.0
2021-01-14 08:40:00,0.0
2021-01-14 08:40:00,0.0
2021-01-14 08:40:00,0.0
2021-01-14 08:40:00,0.0
2021-01-14 08:40:00,0.0
2021-01-14 08:50:00,0.0
2021-01-14 08:50:00,0.0
2021-01-14 08:50:00,0.0
2021-01-14 08:50:00,0.0
2021-01-14 08:50:00,0.0
2021-01-14 08:50:00,0.0
2021-01-14 09:00:00,0.0
2021-01-14 09:00:00,0.0
2021-01-14 09:00:00,0.0
2021-01-14 09:00:00,0.0
2021-01-14 09:00:00,0.0
2021-01-14 09:00:00,0.0
2021-01-14 09:10:00,0.0
2021-01-14 09:10:00,0.0
2021-01-14 09:10:00,0.0
2021-01-14 09:10:00,0.0
2021-01-14 09:10:00,0.0
2021-01-14 09:10:00,0.0
2021-01-14 09:20:00,0.0
2021-01-14 09:20:00,0.0
2021-01-14 09:20:00,0.0
2021-01-14 09:20:00,0.0
2021-01-14 09:20:00,0.0
2021-01-14 09:20:00,0.0
2021-01-14 09:30:00,0.0
2021-01-14 09:30:00,0.0
2021-01-14 09:30:00,0.0
2021-01-14 09:30:00,0.0
2021-01-14 09:30:00,0.0
2021-01-14 09:30:00,0.0
2021-01-14 09:40:00,0.0
2021-01-14 09:40:00,0.0
2021-01-14 09:40:00,0.0
2021-01-14 09:40:00,0.0
2021-01-14 09:40:00,0.0
2021-01-14 09:40:00,0.0
2021-01-14 09:50:00,0.0
2021-01-14 09:50:00,0.0
2021-01-14 09:50:00,0.0
2021-01-14 09:50:00,0.0
2021-01-14 09:50:00,0.0
2021-01-14 09:50:00,0.0
2021-01-14 10:00:00,0.0
2021-01-14 10:00:00,0.0
2021-01-14 10:00:00,0.0
2021-01-14 10:00:00,0.0
2021-01-14 10:00:00,0.0
2021-01-14 10:00:00,0.0
2021-01-14 10:10:00,0.0
2021-01-14 10:10:00,0.0
2021-01-14 10:10:00,0.0
2021-01-14 10:10:00,0.0
2021-01-14 10:10:00,0.0
2021-01-14 10:10:00,0.0
2021-01-14 10:20:00,0.0
2021-01-14 10:20:00,0.0
2021-01-14 10:20:00,0.0
2021-01-14 10:20:00,0.0
2021-01-14 10:20:00,0.0
2021-01-14 10:20:00,0.0
2021-01-14 10:30:00,0.0
2021-01-14 10:30:00,0.0
2021-01-14 10:30:00,0.0
2021-01-14 10:30:00,0.0
2021-01-14 10:30:00,0.0
2021-01-14 10:30:00,0.0
2021-01-14 10:40:00,0.0
2021-01-14 10:40:00,0.0
2021-01-14 10:40:00,0.0
2021-01-14 10:40:00,0.0
2021-01-14 10:40:00,0.0
2021-01-14 10:40:00,0.0
2021-01-14 10:50:00,0.0
2021-01-14 10:50:00,0.0
2021-01-14 10:50:00,0.0
2021-01-14 10:50:00,0.0
2021-01-14 10:50:00,0.0
2021-01-14 10:50:00,0.0
2021-01-14 11:00:00,0.0
2021-01-14 11:00:00,0.0
2021-01-14 11:00:00,0.0
2021-01-14 11:00:00,0.0
2021-01-14 11:00:00,0.0
2021-01-14 11:00:00,0.0
2021-01-14 11:10:00,0.0
2021-01-14 11:10:00,0.0
2021-01-14 11:10:00,0.0
2021-01-14 11:10:00,0.0
2021-01-14 11:10:00,0.0
2021-01-14 11:10:00,0.0
2021-01-14 11:20:00,0.0
2021-01-14 11:20:00,0.0
2021-01-14 11:20:00,0.0
2021-01-14 11:20:00,0.0
2021-01-14 11:20:00,0.0
2021-01-14 11:20:00,0.0
2021-01-14 11:30:00,0.0
2021-01-14 11:30:00,0.0
2021-01-14 11:30:00,0.0
2021-01-14 11:30:00,0.0
2021-01-14 11:30:00,0.0
2021-01-14 11:30:00,0.0
2021-01-14 11:40:00,0.0
2021-01-14 11:40:00,0.0
2021-01-14 11:40:00,0.0
2021-01-14 11:40:00,0.0
2021-01-14 11:40:00,0.0
2021-01-14 11:40:00,0.0
2021-01-14 11:50:00,0.0
2021-01-14 11:50:00,0.0
2021-01-14 11:50:00,0.0
2021-01-14 11:50:00,0.0
2021-01-14 11:50:00,0.0
2021-01-14 11:50:00,0.0
2021-01-14 12:00:00,0.0
2021-01-14 12:00:00,0.0
2021-01-14 12:00:00,0.0
2021-01-14 12:00:00,0.0
2021-01-14 12:00:00,0.0
2021-01-14 12:00:00,0.0
2021-01-14 12:10:00,0.0
2021-01-14 12:10:00,0.0
2021-01-14 12:10:00,0.0
2021-01-14 12:10:00,0.0
2021-01-14 12:10:00,0.0
2021-01-14 12:10:00,0.0
2021-01-14 12:20:00,0.0
2021-01-14 12:20:00,0.0
2021-01-14 12:20:00,0.0
2021-01-14 12:20:00,0.0
2021-01-14 12:20:00,0.0
2021-01-14 12:20:00,0.0
2021-01-14 12:30:00,0.0
2021-01-14 12:30:00,0.0
2021-01-14 12:30:00,0.0
2021-01-14 12:30:00,0.0
2021-01-14 12:30:00,0.0
2021-01-14 12:30:00,0.0
2021-01-14 12:40:00,0.0
2021-01-14 12:40:00,0.0
2021-01-14 12:40:00,0.0
2021-01-14 12:40:00,0.0
2021-01-14 12:40:00,0.0
2021-01-14 12:40:00,0.0
2021-01-14 12:50:00,0.0
2021-01-14 12:50:00,0.0
2021-01-14 12:50:00,0.0
2021-01-14 12:50:00,0.0
2021-01-14 12:50:00,0.0
2021-01-14 12:50:00,0.0
2021-01-14 13:00:00,0.0
2021-01-14 13:00:00,0.0
2021-01-14 13:00:00,0.0
2021-01-14 13:00:00,0.0
2021-01-14 13:00:00,0.0
2021-01-14 13:00:00,0.0
2021-01-14 13:10:00,0.0
2021-01-14 13:10:00,0.0
2021-01-14 13:10:00,0.0
2021-01-14 13:10:00,0.0
2021-01-14 13:10:00,0.0
2021-01-14 13:10:00,0.0
2021-01-14 13:20:00,161.23
2021-01-14 13:20:00,161.23
2021-01-14 13:20:00,161.23
2021-01-14 13:20:00,161.23
2021-01-14 13:20:00,161.23
2021-01-14 13:20:00,161.23
2021-01-14 13:30:00,119.31
2021-01-14 13:30:00,119.31
2021-01-14 13:30:00,119.31
2021-01-14 13:30:00,119.31
2021-01-14 13:30:00,119.31
2021-01-14 13:30:00,119.31
2021-01-14 13:40:00,162.03
2021-01-14 13:40:00,162.03
2021-01-14 13:40:00,162.03
2021-01-14 13:40:00,162.03
2021-01-14 13:40:00,162.03
2021-01-14 13:40:00,162.03
2021-01-14 13:50:00,220.84
2021-01-14 13:50:00,220.84
2021-01-14 13:50:00,220.84
2021-01-14 13:50:00,220.84
2021-01-14 13:50:00,220.84
2021-01-14 13:50:00,220.84
2021-01-14 14:00:00,296.47
2021-01-14 14:00:00,296.47
2021-01-14 14:00:00,296.47
2021-01-14 14:00:00,296.47
2021-01-14 14:00:00,296.47
2021-01-14 14:00:00,296.47
2021-01-14 14:10:00,243.64
2021-01-14 14:10:00,243.64
2021-01-14 14:10:00,243.64
2021-01-14 14:10:00,243.64
2021-01-14 14:10:00,243.64
2021-01-14 14:10:00,243.64
2021-01-14 14:20:00,252.7
2021-01-14 14:20:00,252.7
2021-01-14 14:20:00,252.7
2021-01-14 14:20:00,252.7
2021-01-14 14:20:00,252.7
2021-01-14 14:20:00,252.7
2021-01-14 14:30:00,319.34
2021-01-14 14:30:00,319.34
2021-01-14 14:30:00,319.34
2021-01-14 14:30:00,319.34
2021-01-14 14:30:00,319.34
2021-01-14 14:30:00,319.34
2021-01-14 14:40:00,287.36
2021-01-14 14:40:00,287.36
2021-01-14 14:40:00,287.36
2021-01-14 14:40:00,287.36
2021-01-14 14:40:00,287.36
2021-01-14 14:40:00,287.36
2021-01-14 14:50:00,264.95
2021-01-14 14:50:00,264.95
2021-01-14 14:50:00,264.95
2021-01-14 14:50:00,264.95
2021-01-14 14:50:00,264.95
2021-01-14 14:50:00,264.95
2021-01-14 15:00:00,229.2
2021-01-14 15:00:00,229.2
2021-01-14 15:00:00,229.2
2021-01-14 15:00:00,229.2
2021-01-14 15:00:00,229.2
2021-01-14 15:00:00,229.2
2021-01-14 15:10:00,239.67
2021-01-14 15:10:00,239.67
2021-01-14 15:10:00,239.67
2021-01-14 15:10:00,239.67
2021-01-14 15:10:00,239.67
2021-01-14 15:10:00,239.67
2021-01-14 15:20:00,246.13
2021-01-14 15:20:00,246.13
2021-01-14 15:20:00,246.13
2021-01-14 15:20:00,246.13
2021-01-14 15:20:00,246.13
2021-01-14 15:20:00,246.13
2021-01-14 15:30:00,183.64
2021-01-14 15:30:00,183.64
2021-01-14 15:30:00,183.64
2021-01-14 15:30:00,183.64
2021-01-14 15:30:00,183.64
2021-01-14 15:30:00,183.64
2021-01-14 15:40:00,203.93
2021-01-14 15:40:00,203.93
2021-01-14 15:40:00,203.93
2021-01-14 15:40:00,203.93
2021-01-14 15:40:00,203.93
2021-01-14 15:40:00,203.93
2021-01-14 15:50:00,190.5
2021-01-14 15:50:00,190.5
2021-01-14 15:50:00,190.5
2021-01-14 15:50:00,190.5
2021-01-14 15:50:00,190.5
2021-01-14 15:50:00,190.5
2021-01-14 16:00:00,303.06
2021-01-14 16:00:00,303.06
2021-01-14 16:00:00,303.06
2021-01-14 16:00:00,303.06
2021-01-14 16:00:00,303.06
2021-01-14 16:00:00,303.06
2021-01-14 16:10:00,416.38
2021-01-14 16:10:00,416.38
2021-01-14 16:10:00,416.38
2021-01-14 16:10:00,416.38
2021-01-14 16:10:00,416.38
2021-01-14 16:10:00,416.38
2021-01-14 16:20:00,360.24
2021-01-14 16:20:00,360.24
2021-01-14 16:20:00,360.24
2021-01-14 16:20:00,360.24
2021-01-14 16:20:00,360.24
2021-01-14 16:20:00,360.24
2021-01-14 16:30:00,272.56
2021-01-14 16:30:00,272.56
2021-01-14 16:30:00,272.56
2021-01-14 16:30:00,272.56
2021-01-14 16:30:00,272.56
2021-01-14 16:30:00,272.56
2021-01-14 16:40:00,301.71
2021-01-14 16:40:00,301.71
2021-01-14 16:40:00,301.71
2021-01-14 16:40:00,301.71
2021-01-14 16:40:00,301.71
2021-01-14 16:40:00,301.71
2021-01-14 16:50:00,220.17
2021-01-14 16:50:00,220.17
2021-01-14 16:50:00,220.17
2021-01-14 16:50:00,220.17
2021-01-14 16:50:00,220.17
2021-01-14 16:50:00,220.17
2021-01-14 17:00:00,177.14
2021-01-14 17:00:00,177.14
2021-01-14 17:00:00,177.14
2021-01-14 17:00:00,177.14
2021-01-14 17:00:00,177.14
2021-01-14 17:00:00,177.14
2021-01-14 17:10:00,119.65
2021-01-14 17:10:00,119.65
2021-01-14 17:10:00,119.65
2021-01-14 17:10:00,119.65
2021-01-14 17:10:00,119.65
2021-01-14 17:10:00,119.65
2021-01-14 17:20:00,131.96
2021-01-14 17:20:00,131.96
2021-01-14 17:20:00,131.96
2021-01-14 17:20:00,131.96
2021-01-14 17:20:00,131.96
2021-01-14 17:20:00,131.96
2021-01-14 17:30:00,85.98
2021-01-14 17:30:00,85.98
2021-01-14 17:30:00,85.98
2021-01-14 17:30:00,85.98
2021-01-14 17:30:00,85.98
2021-01-14 17:30:00,85.98
2021-01-14 17:40:00,90.26
2021-01-14 17:40:00,90.26
2021-01-14 17:40:00,90.26
2021-01-14 17:40:00,90.26
2021-01-14 17:40:00,90.26
2021-01-14 17:40:00,90.26
2021-01-14 17:50:00,172.16
2021-01-14 17:50:00,172.16
2021-01-14 17:50:00,172.16
2021-01-14 17:50:00,172.16
2021-01-14 17:50:00,172.16
2021-01-14 17:50:00,172.16
2021-01-14 18:00:00,213.81
2021-01-14 18:00:00,213.81
2021-01-14 18:00:00,213.81
2021-01-14 18:00:00,213.81
2021-01-14 18:00:00,213.81
2021-01-14 18:00:00,213.81
2021-01-14 18:10:00,142.45
2021-01-14 18:10:00,142.45
2021-01-14 18:10:00,142.45
2021-01-14 18:10:00,142.45
2021-01-14 18:10:00,142.45
2021-01-14 18:10:00,142.45
2021-01-14 18:20:00,110.33
2021-01-14 18:20:00,110.33
2021-01-14 18:20:00,110.33
2021-01-14 18:20:00,110.33
2021-01-14 18:20:00,110.33
2021-01-14 18:20:00,110.33
2021-01-14 18:30:00,56.91
2021-01-14 18:30:00,56.91
2021-01-14 18:30:00,56.91
2021-01-14 18:30:00,56.91
2021-01-14 18:30:00,56.91
2021-01-14 18:30:00,56.91
2021-01-14 18:40:00,55.34
2021-01-14 18:40:00,55.34
2021-01-14 18:40:00,55.34
2021-01-14 18:40:00,55.34
2021-01-14 18:40:00,55.34
2021-01-14 18:40:00,55.34
2021-01-14 18:50:00,52.5
2021-01-14 18:50:00,52.5
2021-01-14 18:50:00,52.5
2021-01-14 18:50:00,52.5
2021-01-14 18:50:00,52.5
2021-01-14 18:50:00,52.5
2021-01-14 19:00:00,13.81
2021-01-14 19:00:00,13.81
2021-01-14 19:00:00,13.81
2021-01-14 19:00:00,13.81
2021-01-14 19:00:00,13.81
2021-01-14 19:00:00,13.81
2021-01-14 19:10:00,0.0
2021-01-14 19:10:00,0.0
2021-01-14 19:10:00,0.0
2021-01-14 19:10:00,0.0
2021-01-14 19:10:00,0.0
2021-01-14 19:10:00,0.0
2021-01-14 19:20:00,0.0
2021-01-14 19:20:00,0.0
2021-01-14 19:20:00,0.0
2021-01-14 19:20:00,0.0
2021-01-14 19:20:00,0.0
2021-01-14 19:20:00,0.0
2021-01-14 19:30:00,0.0
2021-01-14 19:30:00,0.0
2021-01-14 19:30:00,0.0
2021-01-14 19:30:00,0.0
2021-01-14 19:30:00,0.0
2021-01-14 19:30:00,0.0
2021-01-14 19:40:00,0.0
2021-01-14 19:40:00,0.0
2021-01-14 19:40:00,0.0
2021-01-14 19:40:00,0.0
2021-01-14 19:40:00,0.0
2021-01-14 19:40:00,0.0
2021-01-14 19:50:00,0.0
2021-01-14 19:50:00,0.0
2021-01-14 19:50:00,0.0
2021-01-14 19:50:00,0.0
2021-01-14 19:50:00,0.0
2021-01-14 19:50:00,0.0
2021-01-14 20:00:00,0.0
2021-01-14 20:00:00,0.0
2021-01-14 20:00:00,0.0
2021-01-14 20:00:00,0.0
2021-01-14 20:00:00,0.0
2021-01-14 20:00:00,0.0
2021-01-14 20:10:00,0.0
2021-01-14 20:10:00,0.0
2021-01-14 20:10:00,0.0
2021-01-14 20:10:00,0.0
2021-01-14 20:10:00,0.0
2021-01-14 20:10:00,0.0
2021-01-14 20:20:00,0.0
2021-01-14 20:20:00,0.0
2021-01-14 20:20:00,0.0
2021-01-14 20:20:00,0.0
2021-01-14 20:20:00,0.0
2021-01-14 20:20:00,0.0
2021-01-14 20:30:00,0.0
2021-01-14 20:30:00,0.0
2021-01-14 20:30:00,0.0
2021-01-14 20:30:00,0.0
2021-01-14 20:30:00,0.0
2021-01-14 20:30:00,0.0
2021-01-14 20:40:00,0.0
2021-01-14 20:40:00,0.0
2021-01-14 20:40:00,0.0
2021-01-14 20:40:00,0.0
2021-01-14 20:40:00,0.0
2021-01-14 20:40:00,0.0
2021-01-14 20:50:00,0.0
2021-01-14 20:50:00,0.0
2021-01-14 20:50:00,0.0
2021-01-14 20:50:00,0.0
2021-01-14 20:50:00,0.0
2021-01-14 20:50:00,0.0
2021-01-14 21:00:00,0.0
2021-01-14 21:00:00,0.0
2021-01-14 21:00:00,0.0
2021-01-14 21:00:00,0.0
2021-01-14 21:00:00,0.0
2021-01-14 21:00:00,0.0
2021-01-14 21:10:00,0.0
2021-01-14 21:10:00,0.0
2021-01-14 21:10:00,0.0
2021-01-14 21:10:00,0.0
2021-01-14 21:10:00,0.0
2021-01-14 21:10:00,0.0
2021-01-14 21:20:00,0.0
2021-01-14 21:20:00,0.0
2021-01-14 21:20:00,0.0
2021-01-14 21:20:00,0.0
2021-01-14 21:20:00,0.0
2021-01-14 21:20:00,0.0
2021-01-14 21:30:00,0.0
2021-01-14 21:30:00,0.0
2021-01-14 21:30:00,0.0
2021-01-14 21:30:00,0.0
2021-01-14 21:30:00,0.0
2021-01-14 21:30:00,0.0
2021-01-14 21:40:00,0.0
2021-01-14 21:40:00,0.0
2021-01-14 21:40:00,0.0
2021-01-14 21:40:00,0.0
2021-01-14 21:40:00,0.0
2021-01-14 21:40:00,0.0
2021-01-14 21:50:00,120.3
2021-01-14 21:50:00,120.3
2021-01-14 21:50:00,120.3
2021-01-14 21:50:00,120.3
2021-01-14 21:50:00,120.3
2021-01-14 21:50:00,120.3
2021-01-14 22:00:00,149.49
2021-01-14 22:00:00,149.49
2021-01-14 22:00:00,149.49
2021-01-14 22:00:00,149.49
2021-01-14 22:00:00,149.49
2021-01-14 22:00:00,149.49
2021-01-14 22:10:00,68.1
2021-01-14 22:10:00,68.1
2021-01-14 22:10:00,68.1
2021-01-14 22:10:00,68.1
2021-01-14 22:10:00,68.1
2021-01-14 22:10:00,68.1
2021-01-14 22:20:00,103.15
2021-01-14 22:20:00,103.15
2021-01-14 22:20:00,103.15
2021-01-14 22:20:00,103.15
2021-01-14 22:20:00,103.15
2021-01-14 22:20:00,103.15
2021-01-14 22:30:00,101.9
2021-01-14 22:30:00,101.9
2021-01-14 22:30:00,101.9
2021-01-14 22:30:00,101.9
2021-01-14 22:30:00,101.9
2021-01-14 22:30:00,101.9
2021-01-14 22:40:00,93.0
2021-01-14 22:40:00,93.0
2021-01-14 22:40:00,93.0
2021-01-14 22:40:00,93.0
2021-01-14 22:40:00,93.0
2021-01-14 22:40:00,93.0
2021-01-14 22:50:00,158.32
2021-01-14 22:50:00,158.32
2021-01-14 22:50:00,158.32
2021-01-14 22:50:00,158.32
2021-01-14 22:50:00,158.32
2021-01-14 22:50:00,158.32
2021-01-14 23:00:00,240.25
2021-01-14 23:00:00,240.25
2021-01-14 23:00:00,240.25
2021-01-14 23:00:00,240.25
2021-01-14 23:00:00,240.25
2021-01-14 23:00:00,240.25
2021-01-14 23:10:00,240.92
2021-01-14 23:10:00,240.92
2021-01-14 23:10:00,240.92
2021-01-14 23:10:00,240.92
2021-01-14 23:10:00,240.92
2021-01-14 23:10:00,240.92
2021-01-14 23:20:00,120.19
2021-01-14 23:20:00,120.19
2021-01-14 23:20:00,120.19
2021-01-14 23:20:00,120.19
2021-01-14 23:20:00,120.19
2021-01-14 23:20:00,120.19
2021-01-14 23:30:00,107.76
2021-01-14 23:30:00,107.76
2021-01-14 23:30:00,107.76
2021-01-14 23:30:00,107.76
2021-01-14 23:30:00,107.76
2021-01-14 23:30:00,107.76
2021-01-14 23:40:00,161.16
2021-01-14 23:40:00,161.16
2021-01-14 23:40:00,161.16
2021-01-14 23:40:00,161.16
2021-01-14 23:40:00,161.16
2021-01-14 23:40:00,161.16
2021-01-14 23:50:00,219.91
2021-01-14 23:50:00,219.91
2021-01-14 23:50:00,219.91
2021-01-14 23:50:00,219.91
2021-01-14 23:50:00,219.91
2021-01-14 23:50:00,219.91
2021-01-15 00:00:00,219.79639
2021-01-15 00:00:00,219.79639
2021-01-15 00:00:00,219.79639
2021-01-15 00:00:00,219.79639
2021-01-15 00:00:00,219.79639
2021-01-15 00:00:00,219.79639
2021-01-15 00:10:00,219.68275
2021-01-15 00:10:00,219.68275
2021-01-15 00:10:00,219.68275
2021-01-15 00:10:00,219.68275
2021-01-15 00:10:00,219.68275
2021-01-15 00:10:00,219.68275
2021-01-15 00:20:00,219.56914
2021-01-15 00:20:00,219.56914
2021-01-15 00:20:00,219.56914
2021-01-15 00:20:00,219.56914
2021-01-15 00:20:00,219.56914
2021-01-15 00:20:00,219.56914
2021-01-15 00:30:00,219.4555
2021-01-15 00:30:00,219.4555
2021-01-15 00:30:00,219.4555
2021-01-15 00:30:00,219.4555
2021-01-15 00:30:00,219.4555
2021-01-15 00:30:00,219.4555
2021-01-15 00:40:00,219.34189
2021-01-15 00:40:00,219.34189
2021-01-15 00:40:00,219.34189
2021-01-15 00:40:00,219.34189
2021-01-15 00:40:00,219.34189
2021-01-15 00:40:00,219.34189
2021-01-15 00:50:00,219.22826
2021-01-15 00:50:00,219.22826
2021-01-15 00:50:00,219.22826
2021-01-15 00:50:00,219.22826
2021-01-15 00:50:00,219.22826
2021-01-15 00:50:00,219.22826
2021-01-15 01:00:00,219.11464
2021-01-15 01:00:00,219.11464
2021-01-15 01:00:00,219.11464
2021-01-15 01:00:00,219.11464
2021-01-15 01:00:00,219.11464
2021-01-15 01:00:00,219.11464
2021-01-15 01:10:00,219.001
2021-01-15 01:10:00,219.001
2021-01-15 01:10:00,219.001
2021-01-15 01:10:00,219.001
2021-01-15 01:10:00,219.001
2021-01-15 01:10:00,219.001
2021-01-15 01:20:00,218.88739
2021-01-15 01:20:00,218.88739
2021-01-15 01:20:00,218.88739
2021-01-15 01:20:00,218.88739
2021-01-15 01:20:00,218.88739
2021-01-15 01:20:00,218.88739
2021-01-15 01:30:00,218.77377
2021-01-15 01:30:00,218.77377
2021-01-15 01:30:00,218.77377
2021-01-15 01:30:00,218.77377
2021-01-15 01:30:00,218.77377
2021-01-15 01:30:00,218.77377
2021-01-15 01:40:00,218.66014
2021-01-15 01:40:00,218.66014
2021-01-15 01:40:00,218.66014
2021-01-15 01:40:00,218.66014
2021-01-15 01:40:00,218.66014
2021-01-15 01:40:00,218.66014
2021-01-15 01:50:00,218.54652
2021-01-15 01:50:00,218.54652
2021-01-15 01:50:00,218.54652
2021-01-15 01:50:00,218.54652
2021-01-15 01:50:00,218.54652
2021-01-15 01:50:00,218.54652
2021-01-15 02:00:00,218.43289
2021-01-15 02:00:00,218.43289
2021-01-15 02:00:00,218.43289
2021-01-15 02:00:00,218.43289
2021-01-15 02:00:00,218.43289
2021-01-15 02:00:00,218.43289
2021-01-15 02:10:00,218.31927
2021-01-15 02:10:00,218.31927
2021-01-15 02:10:00,218.31927
2021-01-15 02:10:00,218.31927
2021-01-15 02:10:00,218.31927
2021-01-15 02:10:00,218.31927
2021-01-15 02:20:00,218.20564
2021-01-15 02:20:00,218.20564
2021-01-15 02:20:00,218.20564
2021-01-15 02:20:00,218.20564
2021-01-15 02:20:00,218.20564
2021-01-15 02:20:00,218.20564
2021-01-15 02:30:00,218.09203
2021-01-15 02:30:00,218.09203
2021-01-15 02:30:00,218.09203
2021-01-15 02:30:00,218.09203
2021-01-15 02:30:00,218.09203
2021-01-15 02:30:00,218.09203
2021-01-15 02:40:00,217.9784
2021-01-15 02:40:00,217.9784
2021-01-15 02:40:00,217.9784
2021-01-15 02:40:00,217.9784
2021-01-15 02:40:00,217.9784
2021-01-15 02:40:00,217.9784
2021-01-15 02:50:00,217.86478
2021-01-15 02:50:00,217.86478
2021-01-15 02:50:00,217.86478
2021-01-15 02:50:00,217.86478
2021-01-15 02:50:00,217.86478
2021-01-15 02:50:00,217.86478
2021-01-15 03:00:00,217.75116
2021-01-15 03:00:00,217.75116
2021-01-15 03:00:00,217.75116
2021-01-15 03:00:00,217.75116
2021-01-15 03:00:00,217.75116
2021-01-15 03:00:00,217.75116
2021-01-15 03:10:00,217.63753
2021-01-15 03:10:00,217.63753
2021-01-15 03:10:00,217.63753
2021-01-15 03:10:00,217.63753
2021-01-15 03:10:00,217.63753
2021-01-15 03:10:00,217.63753
2021-01-15 03:20:00,217.52391
2021-01-15 03:20:00,217.52391
2021-01-15 03:20:00,217.52391
2021-01-15 03:20:00,217.52391
2021-01-15 03:20:00,217.52391
2021-01-15 03:20:00,217.52391
2021-01-15 03:30:00,217.41028
2021-01-15 03:30:00,217.41028
2021-01-15 03:30:00,217.41028
2021-01-15 03:30:00,217.41028
2021-01-15 03:30:00,217.41028
2021-01-15 03:30:00,217.41028
2021-01-15 03:40:00,217.29666
2021-01-15 03:40:00,217.29666
2021-01-15 03:40:00,217.29666
2021-01-15 03:40:00,217.29666
2021-01-15 03:40:00,217.29666
2021-01-15 03:40:00,217.29666
2021-01-15 03:50:00,217.18303
2021-01-15 03:50:00,217.18303
2021-01-15 03:50:00,217.18303
2021-01-15 03:50:00,217.18303
2021-01-15 03:50:00,217.18303
2021-01-15 03:50:00,217.18303
2021-01-15 04:00:00,217.06941
2021-01-15 04:00:00,217.06941
2021-01-15 04:00:00,217.06941
2021-01-15 04:00:00,217.06941
2021-01-15 04:00:00,217.06941
2021-01-15 04:00:00,217.06941
2021-01-15 04:10:00,216.95578
2021-01-15 04:10:00,216.95578
2021-01-15 04:10:00,216.95578
2021-01-15 04:10:00,216.95578
2021-01-15 04:10:00,216.95578
2021-01-15 04:10:00,216.95578
2021-01-15 04:20:00,216.84216
2021-01-15 04:20:00,216.84216
2021-01-15 04:20:00,216.84216
2021-01-15 04:20:00,216.84216
2021-01-15 04:20:00,216.84216
2021-01-15 04:20:00,216.84216
2021-01-15 04:30:00,216.72853
2021-01-15 04:30:00,216.72853
2021-01-15 04:30:00,216.72853
2021-01-15 04:30:00,216.72853
2021-01-15 04:30:00,216.72853
2021-01-15 04:30:00,216.72853
2021-01-15 04:40:00,216.61491
2021-01-15 04:40:00,216.61491
2021-01-15 04:40:00,216.61491
2021-01-15 04:40:00,216.61491
2021-01-15 04:40:00,216.61491
2021-01-15 04:40:00,216.61491
2021-01-15 04:50:00,216.5013
2021-01-15 04:50:00,216.5013
2021-01-15 04:50:00,216.5013
2021-01-15 04:50:00,216.5013
2021-01-15 04:50:00,216.5013
2021-01-15 04:50:00,216.5013
2021-01-15 05:00:00,216.38766
2021-01-15 05:00:00,216.38766
2021-01-15 05:00:00,216.38766
2021-01-15 05:00:00,216.38766
2021-01-15 05:00:00,216.38766
2021-01-15 05:00:00,216.38766
2021-01-15 05:10:00,216.27405
2021-01-15 05:10:00,216.27405
2021-01-15 05:10:00,216.27405
2021-01-15 05:10:00,216.27405
2021-01-15 05:10:00,216.27405
2021-01-15 05:10:00,216.27405
2021-01-15 05:20:00,216.16042
2021-01-15 05:20:00,216.16042
2021-01-15 05:20:00,216.16042
2021-01-15 05:20:00,216.16042
2021-01-15 05:20:00,216.16042
2021-01-15 05:20:00,216.16042
2021-01-15 05:30:00,216.0468
2021-01-15 05:30:00,216.0468
2021-01-15 05:30:00,216.0468
2021-01-15 05:30:00,216.0468
2021-01-15 05:30:00,216.0468
2021-01-15 05:30:00,216.0468
2021-01-15 05:40:00,215.93317
2021-01-15 05:40:00,215.93317
2021-01-15 05:40:00,215.93317
2021-01-15 05:40:00,215.93317
2021-01-15 05:40:00,215.93317
2021-01-15 05:40:00,215.93317
2021-01-15 05:50:00,215.81955
2021-01-15 05:50:00,215.81955
2021-01-15 05:50:00,215.81955
2021-01-15 05:50:00,215.81955
2021-01-15 05:50:00,215.81955
2021-01-15 05:50:00,215.81955
2021-01-15 06:00:00,215.70592
2021-01-15 06:00:00,215.70592
2021-01-15 06:00:00,215.70592
2021-01-15 06:00:00,215.70592
2021-01-15 06:00:00,215.70592
2021-01-15 06:00:00,215.70592
2021-01-15 06:10:00,215.5923
2021-01-15 06:10:00,215.5923
2021-01-15 06:10:00,215.5923
2021-01-15 06:10:00,215.5923
2021-01-15 06:10:00,215.5923
2021-01-15 06:10:00,215.5923
2021-01-15 06:20:00,215.47868
2021-01-15 06:20:00,215.47868
2021-01-15 06:20:00,215.47868
2021-01-15 06:20:00,215.47868
2021-01-15 06:20:00,215.47868
2021-01-15 06:20:00,215.47868
2021-01-15 06:30:00,215.36505
2021-01-15 06:30:00,215.36505
2021-01-15 06:30:00,215.36505
2021-01-15 06:30:00,215.36505
2021-01-15 06:30:00,215.36505
2021-01-15 06:30:00,215.36505
2021-01-15 06:40:00,215.25143
2021-01-15 06:40:00,215.25143
2021-01-15 06:40:00,215.25143
2021-01-15 06:40:00,215.25143
2021-01-15 06:40:00,215.25143
2021-01-15 06:40:00,215.25143
2021-01-15 06:50:00,215.1378
2021-01-15 06:50:00,215.1378
2021-01-15 06:50:00,215.1378
2021-01-15 06:50:00,215.1378
2021-01-15 06:50:00,215.1378
2021-01-15 06:50:00,215.1378
2021-01-15 07:00:00,215.02419
2021-01-15 07:00:00,215.02419
2021-01-15 07:00:00,215.02419
2021-01-15 07:00:00,215.02419
2021-01-15 07:00:00,215.02419
2021-01-15 07:00:00,215.02419
2021-01-15 07:10:00,214.91055
2021-01-15 07:10:00,214.91055
2021-01-15 07:10:00,214.91055
2021-01-15 07:10:00,214.91055
2021-01-15 07:10:00,214.91055
2021-01-15 07:10:00,214.91055
2021-01-15 07:20:00,214.79694
2021-01-15 07:20:00,214.79694
2021-01-15 07:20:00,214.79694
2021-01-15 07:20:00,214.79694
2021-01-15 07:20:00,214.79694
2021-01-15 07:20:00,214.79694
2021-01-15 07:30:00,214.6833
2021-01-15 07:30:00,214.6833
2021-01-15 07:30:00,214.6833
2021-01-15 07:30:00,214.6833
2021-01-15 07:30:00,214.6833
2021-01-15 07:30:00,214.6833
2021-01-15 07:40:00,214.56969
2021-01-15 07:40:00,214.56969
2021-01-15 07:40:00,214.56969
2021-01-15 07:40:00,214.56969
2021-01-15 07:40:00,214.56969
2021-01-15 07:40:00,214.56969
2021-01-15 07:50:00,214.45607
2021-01-15 07:50:00,214.45607
2021-01-15 07:50:00,214.45607
2021-01-15 07:50:00,214.45607
2021-01-15 07:50:00,214.45607
2021-01-15 07:50:00,214.45607
2021-01-15 08:00:00,214.34244
2021-01-15 08:00:00,214.34244
2021-01-15 08:00:00,214.34244
2021-01-15 08:00:00,214.34244
2021-01-15 08:00:00,214.34244
2021-01-15 08:00:00,214.34244
2021-01-15 08:10:00,214.22882
2021-01-15 08:10:00,214.22882
2021-01-15 08:10:00,214.22882
2021-01-15 08:10:00,214.22882
2021-01-15 08:10:00,214.22882
2021-01-15 08:10:00,214.22882
2021-01-15 08:20:00,214.11519
2021-01-15 08:20:00,214.11519
2021-01-15 08:20:00,214.11519
2021-01-15 08:20:00,214.11519
2021-01-15 08:20:00,214.11519
2021-01-15 08:20:00,214.11519
2021-01-15 08:30:00,214.00157
2021-01-15 08:30:00,214.00157
2021-01-15 08:30:00,214.00157
2021-01-15 08:30:00,214.00157
2021-01-15 08:30:00,214.00157
2021-01-15 08:30:00,214.00157
2021-01-15 08:40:00,213.88794
2021-01-15 08:40:00,213.88794
2021-01-15 08:40:00,213.88794
2021-01-15 08:40:00,213.88794
2021-01-15 08:40:00,213.88794
2021-01-15 08:40:00,213.88794
2021-01-15 08:50:00,213.77432
2021-01-15 08:50:00,213.77432
2021-01-15 08:50:00,213.77432
2021-01-15 08:50:00,213.77432
2021-01-15 08:50:00,213.77432
2021-01-15 08:50:00,213.77432
2021-01-15 09:00:00,213.66069
2021-01-15 09:00:00,213.66069
2021-01-15 09:00:00,213.66069
2021-01-15 09:00:00,213.66069
2021-01-15 09:00:00,213.66069
2021-01-15 09:00:00,213.66069
2021-01-15 09:10:00,213.54707
2021-01-15 09:10:00,213.54707
2021-01-15 09:10:00,213.54707
2021-01-15 09:10:00,213.54707
2021-01-15 09:10:00,213.54707
2021-01-15 09:10:00,213.54707
2021-01-15 09:20:00,213.43346
2021-01-15 09:20:00,213.43346
2021-01-15 09:20:00,213.43346
2021-01-15 09:20:00,213.43346
2021-01-15 09:20:00,213.43346
2021-01-15 09:20:00,213.43346
2021-01-15 09:30:00,213.31982
2021-01-15 09:30:00,213.31982
2021-01-15 09:30:00,213.31982
2021-01-15 09:30:00,213.31982
2021-01-15 09:30:00,213.31982
2021-01-15 09:30:00,213.31982
2021-01-15 09:40:00,213.2062
2021-01-15 09:40:00,213.2062
2021-01-15 09:40:00,213.2062
2021-01-15 09:40:00,213.2062
2021-01-15 09:40:00,213.2062
2021-01-15 09:40:00,213.2062
2021-01-15 09:50:00,213.09258
2021-01-15 09:50:00,213.09258
2021-01-15 09:50:00,213.09258
2021-01-15 09:50:00,213.09258
2021-01-15 09:50:00,213.09258
2021-01-15 09:50:00,213.09258
2021-01-15 10:00:00,212.97896
2021-01-15 10:00:00,212.97896
2021-01-15 10:00:00,212.97896
2021-01-15 10:00:00,212.97896
2021-01-15 10:00:00,212.97896
2021-01-15 10:00:00,212.97896
2021-01-15 10:10:00,212.86533
2021-01-15 10:10:00,212.86533
2021-01-15 10:10:00,212.86533
2021-01-15 10:10:00,212.86533
2021-01-15 10:10:00,212.86533
2021-01-15 10:10:00,212.86533
2021-01-15 10:20:00,212.75171
2021-01-15 10:20:00,212.75171
2021-01-15 10:20:00,212.75171
2021-01-15 10:20:00,212.75171
2021-01-15 10:20:00,212.75171
2021-01-15 10:20:00,212.75171
2021-01-15 10:30:00,212.63808
2021-01-15 10:30:00,212.63808
2021-01-15 10:30:00,212.63808
2021-01-15 10:30:00,212.63808
2021-01-15 10:30:00,212.63808
2021-01-15 10:30:00,212.63808
2021-01-15 10:40:00,212.52446
2021-01-15 10:40:00,212.52446
2021-01-15 10:40:00,212.52446
2021-01-15 10:40:00,212.52446
2021-01-15 10:40:00,212.52446
2021-01-15 10:40:00,212.52446
2021-01-15 10:50:00,212.41083
2021-01-15 10:50:00,212.41083
2021-01-15 10:50:00,212.41083
2021-01-15 10:50:00,212.41083
2021-01-15 10:50:00,212.41083
2021-01-15 10:50:00,212.41083
2021-01-15 11:00:00,212.29721
2021-01-15 11:00:00,212.29721
2021-01-15 11:00:00,212.29721
2021-01-15 11:00:00,212.29721
2021-01-15 11:00:00,212.29721
2021-01-15 11:00:00,212.29721
2021-01-15 11:10:00,212.1836
2021-01-15 11:10:00,212.1836
2021-01-15 11:10:00,212.1836
2021-01-15 11:10:00,212.1836
2021-01-15 11:10:00,212.1836
2021-01-15 11:10:00,212.1836
2021-01-15 11:20:00,212.06996
2021-01-15 11:20:00,212.06996
2021-01-15 11:20:00,212.06996
2021-01-15 11:20:00,212.06996
2021-01-15 11:20:00,212.06996
2021-01-15 11:20:00,212.06996
2021-01-15 11:30:00,211.95634
2021-01-15 11:30:00,211.95634
2021-01-15 11:30:00,211.95634
2021-01-15 11:30:00,211.95634
2021-01-15 11:30:00,211.95634
2021-01-15 11:30:00,211.95634
2021-01-15 11:40:00,211.84271
2021-01-15 11:40:00,211.84271
2021-01-15 11:40:00,211.84271
2021-01-15 11:40:00,211.84271
2021-01-15 11:40:00,211.84271
2021-01-15 11:40:00,211.84271
2021-01-15 11:50:00,211.7291
2021-01-15 11:50:00,211.7291
2021-01-15 11:50:00,211.7291
2021-01-15 11:50:00,211.7291
2021-01-15 11:50:00,211.7291
2021-01-15 11:50:00,211.7291
2021-01-15 12:00:00,211.61546
2021-01-15 12:00:00,211.61546
2021-01-15 12:00:00,211.61546
2021-01-15 12:00:00,211.61546
2021-01-15 12:00:00,211.61546
2021-01-15 12:00:00,211.61546
2021-01-15 12:10:00,211.50185
2021-01-15 12:10:00,211.50185
2021-01-15 12:10:00,211.50185
2021-01-15 12:10:00,211.50185
2021-01-15 12:10:00,211.50185
2021-01-15 12:10:00,211.50185
2021-01-15 12:20:00,211.38821
2021-01-15 12:20:00,211.38821
2021-01-15 12:20:00,211.38821
2021-01-15 12:20:00,211.38821
2021-01-15 12:20:00,211.38821
2021-01-15 12:20:00,211.38821
2021-01-15 12:30:00,211.2746
2021-01-15 12:30:00,211.2746
2021-01-15 12:30:00,211.2746
2021-01-15 12:30:00,211.2746
2021-01-15 12:30:00,211.2746
2021-01-15 12:30:00,211.2746
2021-01-15 12:40:00,211.16098
2021-01-15 12:40:00,211.16098
2021-01-15 12:40:00,211.16098
2021-01-15 12:40:00,211.16098
2021-01-15 12:40:00,211.16098
2021-01-15 12:40:00,211.16098
2021-01-15 12:50:00,211.04735
2021-01-15 12:50:00,211.04735
2021-01-15 12:50:00,211.04735
2021-01-15 12:50:00,211.04735
2021-01-15 12:50:00,211.04735
2021-01-15 12:50:00,211.04735
2021-01-15 13:00:00,210.93373
2021-01-15 13:00:00,210.93373
2021-01-15 13:00:00,210.93373
2021-01-15 13:00:00,210.93373
2021-01-15 13:00:00,210.93373
2021-01-15 13:00:00,210.93373
2021-01-15 13:10:00,210.8201
2021-01-15 13:10:00,210.8201
2021-01-15 13:10:00,210.8201
2021-01-15 13:10:00,210.8201
2021-01-15 13:10:00,210.8201
2021-01-15 13:10:00,210.8201
2021-01-15 13:20:00,210.70648
2021-01-15 13:20:00,210.70648
2021-01-15 13:20:00,210.70648
2021-01-15 13:20:00,210.70648
2021-01-15 13:20:00,210.70648
2021-01-15 13:20:00,210.70648
2021-01-15 13:30:00,210.59285
2021-01-15 13:30:00,210.59285
2021-01-15 13:30:00,210.59285
2021-01-15 13:30:00,210.59285
2021-01-15 13:30:00,210.59285
2021-01-15 13:30:00,210.59285
2021-01-15 13:40:00,210.47923
2021-01-15 13:40:00,210.47923
2021-01-15 13:40:00,210.47923
2021-01-15 13:40:00,210.47923
2021-01-15 13:40:00,210.47923
2021-01-15 13:40:00,210.47923
2021-01-15 13:50:00,210.3656
2021-01-15 13:50:00,210.3656
2021-01-15 13:50:00,210.3656
2021-01-15 13:50:00,210.3656
2021-01-15 13:50:00,210.3656
2021-01-15 13:50:00,210.3656
2021-01-15 14:00:00,210.25198
2021-01-15 14:00:00,210.25198
2021-01-15 14:00:00,210.25198
2021-01-15 14:00:00,210.25198
2021-01-15 14:00:00,210.25198
2021-01-15 14:00:00,210.25198
2021-01-15 14:10:00,210.13837
2021-01-15 14:10:00,210.13837
2021-01-15 14:10:00,210.13837
2021-01-15 14:10:00,210.13837
2021-01-15 14:10:00,210.13837
2021-01-15 14:10:00,210.13837
2021-01-15 14:20:00,210.02473
2021-01-15 14:20:00,210.02473
2021-01-15 14:20:00,210.02473
2021-01-15 14:20:00,210.02473
2021-01-15 14:20:00,210.02473
2021-01-15 14:20:00,210.02473
2021-01-15 14:30:00,209.91112
2021-01-15 14:30:00,209.91112
2021-01-15 14:30:00,209.91112
2021-01-15 14:30:00,209.91112
2021-01-15 14:30:00,209.91112
2021-01-15 14:30:00,209.91112
2021-01-15 14:40:00,209.79749
2021-01-15 14:40:00,209.79749
2021-01-15 14:40:00,209.79749
2021-01-15 14:40:00,209.79749
2021-01-15 14:40:00,209.79749
2021-01-15 14:40:00,209.79749
2021-01-15 14:50:00,209.68387
2021-01-15 14:50:00,209.68387
2021-01-15 14:50:00,209.68387
2021-01-15 14:50:00,209.68387
2021-01-15 14:50:00,209.68387
2021-01-15 14:50:00,209.68387
2021-01-15 15:00:00,209.57024
2021-01-15 15:00:00,209.57024
2021-01-15 15:00:00,209.57024
2021-01-15 15:00:00,209.57024
2021-01-15 15:00:00,209.57024
2021-01-15 15:00:00,209.57024
2021-01-15 15:10:00,209.45662
2021-01-15 15:10:00,209.45662
2021-01-15 15:10:00,209.45662
2021-01-15 15:10:00,209.45662
2021-01-15 15:10:00,209.45662
2021-01-15 15:10:00,209.45662
2021-01-15 15:20:00,209.34299
2021-01-15 15:20:00,209.34299
2021-01-15 15:20:00,209.34299
2021-01-15 15:20:00,209.34299
2021-01-15 15:20:00,209.34299
2021-01-15 15:20:00,209.34299
2021-01-15 15:30:00,209.22937
2021-01-15 15:30:00,209.22937
2021-01-15 15:30:00,209.22937
2021-01-15 15:30:00,209.22937
2021-01-15 15:30:00,209.22937
2021-01-15 15:30:00,209.22937
2021-01-15 15:40:00,209.11575
2021-01-15 15:40:00,209.11575
2021-01-15 15:40:00,209.11575
2021-01-15 15:40:00,209.11575
2021-01-15 15:40:00,209.11575
2021-01-15 15:40:00,209.11575
2021-01-15 15:50:00,209.00212
2021-01-15 15:50:00,209.00212
2021-01-15 15:50:00,209.00212
2021-01-15 15:50:00,209.00212
2021-01-15 15:50:00,209.00212
2021-01-15 15:50:00,209.00212
2021-01-15 16:00:00,208.8885
2021-01-15 16:00:00,208.8885
2021-01-15 16:00:00,208.8885
2021-01-15 16:00:00,208.8885
2021-01-15 16:00:00,208.8885
2021-01-15 16:00:00,208.8885
2021-01-15 16:10:00,208.77487
2021-01-15 16:10:00,208.77487
2021-01-15 16:10:00,208.77487
2021-01-15 16:10:00,208.77487
2021-01-15 16:10:00,208.77487
2021-01-15 16:10:00,208.77487
2021-01-15 16:20:00,208.66125
2021-01-15 16:20:00,208.66125
2021-01-15 16:20:00,208.66125
2021-01-15 16:20:00,208.66125
2021-01-15 16:20:00,208.66125
2021-01-15 16:20:00,208.66125
2021-01-15 16:30:00,208.54762
2021-01-15 16:30:00,208.54762
2021-01-15 16:30:00,208.54762
2021-01-15 16:30:00,208.54762
2021-01-15 16:30:00,208.54762
2021-01-15 16:30:00,208.54762
2021-01-15 16:40:00,208.434
2021-01-15 16:40:00,208.434
2021-01-15 16:40:00,208.434
2021-01-15 16:40:00,208.434
2021-01-15 16:40:00,208.434
2021-01-15 16:40:00,208.434
2021-01-15 16:50:00,208.32037
2021-01-15 16:50:00,208.32037
2021-01-15 16:50:00,208.32037
2021-01-15 16:50:00,208.32037
2021-01-15 16:50:00,208.32037
2021-01-15 16:50:00,208.32037
2021-01-15 17:00:00,208.20676
2021-01-15 17:00:00,208.20676
2021-01-15 17:00:00,208.20676
2021-01-15 17:00:00,208.20676
2021-01-15 17:00:00,208.20676
2021-01-15 17:00:00,208.20676
2021-01-15 17:10:00,208.09314
2021-01-15 17:10:00,208.09314
2021-01-15 17:10:00,208.09314
2021-01-15 17:10:00,208.09314
2021-01-15 17:10:00,208.09314
2021-01-15 17:10:00,208.09314
2021-01-15 17:20:00,207.9795
2021-01-15 17:20:00,207.9795
2021-01-15 17:20:00,207.9795
2021-01-15 17:20:00,207.9795
2021-01-15 17:20:00,207.9795
2021-01-15 17:20:00,207.9795
2021-01-15 17:30:00,207.86589
2021-01-15 17:30:00,207.86589
2021-01-15 17:30:00,207.86589
2021-01-15 17:30:00,207.86589
2021-01-15 17:30:00,207.86589
2021-01-15 17:30:00,207.86589
2021-01-15 17:40:00,207.75226
2021-01-15 17:40:00,207.75226
2021-01-15 17:40:00,207.75226
2021-01-15 17:40:00,207.75226
2021-01-15 17:40:00,207.75226
2021-01-15 17:40:00,207.75226
2021-01-15 17:50:00,207.63864
2021-01-15 17:50:00,207.63864
2021-01-15 17:50:00,207.63864
2021-01-15 17:50:00,207.63864
2021-01-15 17:50:00,207.63864
2021-01-15 17:50:00,207.63864
2021-01-15 18:00:00,207.52501
2021-01-15 18:00:00,207.52501
2021-01-15 18:00:00,207.52501
2021-01-15 18:00:00,207.52501
2021-01-15 18:00:00,207.52501
2021-01-15 18:00:00,207.52501
2021-01-15 18:10:00,207.41139
2021-01-15 18:10:00,207.41139
2021-01-15 18:10:00,207.41139
2021-01-15 18:10:00,207.41139
2021-01-15 18:10:00,207.41139
2021-01-15 18:10:00,207.41139
2021-01-15 18:20:00,207.29776
2021-01-15 18:20:00,207.29776
2021-01-15 18:20:00,207.29776
2021-01-15 18:20:00,207.29776
2021-01-15 18:20:00,207.29776
2021-01-15 18:20:00,207.29776
2021-01-15 18:30:00,207.18414
2021-01-15 18:30:00,207.18414
2021-01-15 18:30:00,207.18414
2021-01-15 18:30:00,207.18414
2021-01-15 18:30:00,207.18414
2021-01-15 18:30:00,207.18414
2021-01-15 18:40:00,207.07051
2021-01-15 18:40:00,207.07051
2021-01-15 18:40:00,207.07051
2021-01-15 18:40:00,207.07051
2021-01-15 18:40:00,207.07051
2021-01-15 18:40:00,207.07051
2021-01-15 18:50:00,206.9569
2021-01-15 18:50:00,206.9569
2021-01-15 18:50:00,206.9569
2021-01-15 18:50:00,206.9569
2021-01-15 18:50:00,206.9569
2021-01-15 18:50:00,206.9569
2021-01-15 19:00:00,206.84328
2021-01-15 19:00:00,206.84328
2021-01-15 19:00:00,206.84328
2021-01-15 19:00:00,206.84328
2021-01-15 19:00:00,206.84328
2021-01-15 19:00:00,206.84328
2021-01-15 19:10:00,206.72964
2021-01-15 19:10:00,206.72964
2021-01-15 19:10:00,206.72964
2021-01-15 19:10:00,206.72964
2021-01-15 19:10:00,206.72964
2021-01-15 19:10:00,206.72964
2021-01-15 19:20:00,206.61603
2021-01-15 19:20:00,206.61603
2021-01-15 19:20:00,206.61603
2021-01-15 19:20:00,206.61603
2021-01-15 19:20:00,206.61603
2021-01-15 19:20:00,206.61603
2021-01-15 19:30:00,206.5024
2021-01-15 19:30:00,206.5024
2021-01-15 19:30:00,206.5024
2021-01-15 19:30:00,206.5024
2021-01-15 19:30:00,206.5024
2021-01-15 19:30:00,206.5024
2021-01-15 19:40:00,206.38878
2021-01-15 19:40:00,206.38878
2021-01-15 19:40:00,206.38878
2021-01-15 19:40:00,206.38878
2021-01-15 19:40:00,206.38878
2021-01-15 19:40:00,206.38878
2021-01-15 19:50:00,206.27515
2021-01-15 19:50:00,206.27515
2021-01-15 19:50:00,206.27515
2021-01-15 19:50:00,206.27515
2021-01-15 19:50:00,206.27515
2021-01-15 19:50:00,206.27515
2021-01-15 20:00:00,206.16153
2021-01-15 20:00:00,206.16153
2021-01-15 20:00:00,206.16153
2021-01-15 20:00:00,206.16153
2021-01-15 20:00:00,206.16153
2021-01-15 20:00:00,206.16153
2021-01-15 20:10:00,206.0479
2021-01-15 20:10:00,206.0479
2021-01-15 20:10:00,206.0479
2021-01-15 20:10:00,206.0479
2021-01-15 20:10:00,206.0479
2021-01-15 20:10:00,206.0479
2021-01-15 20:20:00,205.93428
2021-01-15 20:20:00,205.93428
2021-01-15 20:20:00,205.93428
2021-01-15 20:20:00,205.93428
2021-01-15 20:20:00,205.93428
2021-01-15 20:20:00,205.93428
2021-01-15 20:30:00,205.82066
2021-01-15 20:30:00,205.82066
2021-01-15 20:30:00,205.82066
2021-01-15 20:30:00,205.82066
2021-01-15 20:30:00,205.82066
2021-01-15 20:30:00,205.82066
2021-01-15 20:40:00,205.70703
2021-01-15 20:40:00,205.70703
2021-01-15 20:40:00,205.70703
2021-01-15 20:40:00,205.70703
2021-01-15 20:40:00,205.70703
2021-01-15 20:40:00,205.70703
2021-01-15 20:50:00,205.59341
2021-01-15 20:50:00,205.59341
2021-01-15 20:50:00,205.59341
2021-01-15 20:50:00,205.59341
2021-01-15 20:50:00,205.59341
2021-01-15 20:50:00,205.59341
2021-01-15 21:00:00,205.47978
2021-01-15 21:00:00,205.47978
2021-01-15 21:00:00,205.47978
2021-01-15 21:00:00,205.47978
2021-01-15 21:00:00,205.47978
2021-01-15 21:00:00,205.47978
2021-01-15 21:10:00,205.36617
2021-01-15 21:10:00,205.36617
2021-01-15 21:10:00,205.36617
2021-01-15 21:10:00,205.36617
2021-01-15 21:10:00,205.36617
2021-01-15 21:10:00,205.36617
2021-01-15 21:20:00,205.25253
2021-01-15 21:20:00,205.25253
2021-01-15 21:20:00,205.25253
2021-01-15 21:20:00,205.25253
2021-01-15 21:20:00,205.25253
2021-01-15 21:20:00,205.25253
2021-01-15 21:30:00,205.13892
2021-01-15 21:30:00,205.13892
2021-01-15 21:30:00,205.13892
2021-01-15 21:30:00,205.13892
2021-01-15 21:30:00,205.13892
2021-01-15 21:30:00,205.13892
2021-01-15 21:40:00,205.02528
2021-01-15 21:40:00,205.02528
2021-01-15 21:40:00,205.02528
2021-01-15 21:40:00,205.02528
2021-01-15 21:40:00,205.02528
2021-01-15 21:40:00,205.02528
2021-01-15 21:50:00,204.91167
2021-01-15 21:50:00,204.91167
2021-01-15 21:50:00,204.91167
2021-01-15 21:50:00,204.91167
2021-01-15 21:50:00,204.91167
2021-01-15 21:50:00,204.91167
2021-01-15 22:00:00,204.79805
2021-01-15 22:00:00,204.79805
2021-01-15 22:00:00,204.79805
2021-01-15 22:00:00,204.79805
2021-01-15 22:00:00,204.79805
2021-01-15 22:00:00,204.79805
2021-01-15 22:10:00,204.68442
2021-01-15 22:10:00,204.68442
2021-01-15 22:10:00,204.68442
2021-01-15 22:10:00,204.68442
2021-01-15 22:10:00,204.68442
2021-01-15 22:10:00,204.68442
2021-01-15 22:20:00,204.5708
2021-01-15 22:20:00,204.5708
2021-01-15 22:20:00,204.5708
2021-01-15 22:20:00,204.5708
2021-01-15 22:20:00,204.5708
2021-01-15 22:20:00,204.5708
2021-01-15 22:30:00,204.45717
2021-01-15 22:30:00,204.45717
2021-01-15 22:30:00,204.45717
2021-01-15 22:30:00,204.45717
2021-01-15 22:30:00,204.45717
2021-01-15 22:30:00,204.45717
2021-01-15 22:40:00,204.34355
2021-01-15 22:40:00,204.34355
2021-01-15 22:40:00,204.34355
2021-01-15 22:40:00,204.34355
2021-01-15 22:40:00,204.34355
2021-01-15 22:40:00,204.34355
2021-01-15 22:50:00,204.22992
2021-01-15 22:50:00,204.22992
2021-01-15 22:50:00,204.22992
2021-01-15 22:50:00,204.22992
2021-01-15 22:50:00,204.22992
2021-01-15 22:50:00,204.22992
2021-01-15 23:00:00,204.1163
2021-01-15 23:00:00,204.1163
2021-01-15 23:00:00,204.1163
2021-01-15 23:00:00,204.1163
2021-01-15 23:00:00,204.1163
2021-01-15 23:00:00,204.1163
2021-01-15 23:10:00,204.00267
2021-01-15 23:10:00,204.00267
2021-01-15 23:10:00,204.00267
2021-01-15 23:10:00,204.00267
2021-01-15 23:10:00,204.00267
2021-01-15 23:10:00,204.00267
2021-01-15 23:20:00,203.88905
2021-01-15 23:20:00,203.88905
2021-01-15 23:20:00,203.88905
2021-01-15 23:20:00,203.88905
2021-01-15 23:20:00,203.88905
2021-01-15 23:20:00,203.88905
2021-01-15 23:30:00,203.77544
2021-01-15 23:30:00,203.77544
2021-01-15 23:30:00,203.77544
2021-01-15 23:30:00,203.77544
2021-01-15 23:30:00,203.77544
2021-01-15 23:30:00,203.77544
2021-01-15 23:40:00,203.6618
2021-01-15 23:40:00,203.6618
2021-01-15 23:40:00,203.6618
2021-01-15 23:40:00,203.6618
2021-01-15 23:40:00,203.6618
2021-01-15 23:40:00,203.6618
2021-01-15 23:50:00,203.54819
2021-01-15 23:50:00,203.54819
2021-01-15 23:50:00,203.54819
2021-01-15 23:50:00,203.54819
2021-01-15 23:50:00,203.54819
2021-01-15 23:50:00,203.54819
2021-01-16 00:00:00,203.43456
2021-01-16 00:00:00,203.43456
2021-01-16 00:00:00,203.43456
2021-01-16 00:00:00,203.43456
2021-01-16 00:00:00,203.43456
2021-01-16 00:00:00,203.43456
2021-01-16 00:10:00,203.32094
2021-01-16 00:10:00,203.32094
2021-01-16 00:10:00,203.32094
2021-01-16 00:10:00,203.32094
2021-01-16 00:10:00,203.32094
2021-01-16 00:10:00,203.32094
2021-01-16 00:20:00,203.2073
2021-01-16 00:20:00,203.2073
2021-01-16 00:20:00,203.2073
2021-01-16 00:20:00,203.2073
2021-01-16 00:20:00,203.2073
2021-01-16 00:20:00,203.2073
2021-01-16 00:30:00,203.09369
2021-01-16 00:30:00,203.09369
2021-01-16 00:30:00,203.09369
2021-01-16 00:30:00,203.09369
2021-01-16 00:30:00,203.09369
2021-01-16 00:30:00,203.09369
2021-01-16 00:40:00,202.98006
2021-01-16 00:40:00,202.98006
2021-01-16 00:40:00,202.98006
2021-01-16 00:40:00,202.98006
2021-01-16 00:40:00,202.98006
2021-01-16 00:40:00,202.98006
2021-01-16 00:50:00,202.86644
2021-01-16 00:50:00,202.86644
2021-01-16 00:50:00,202.86644
2021-01-16 00:50:00,202.86644
2021-01-16 00:50:00,202.86644
2021-01-16 00:50:00,202.86644
2021-01-16 01:00:00,202.7528
2021-01-16 01:00:00,202.7528
2021-01-16 01:00:00,202.7528
2021-01-16 01:00:00,202.7528
2021-01-16 01:00:00,202.7528
2021-01-16 01:00:00,202.7528
2021-01-16 01:10:00,202.63919
2021-01-16 01:10:00,202.63919
2021-01-16 01:10:00,202.63919
2021-01-16 01:10:00,202.63919
2021-01-16 01:10:00,202.63919
2021-01-16 01:10:00,202.63919
2021-01-16 01:20:00,202.52557
2021-01-16 01:20:00,202.52557
2021-01-16 01:20:00,202.52557
2021-01-16 01:20:00,202.52557
2021-01-16 01:20:00,202.52557
2021-01-16 01:20:00,202.52557
2021-01-16 01:30:00,202.41194
2021-01-16 01:30:00,202.41194
2021-01-16 01:30:00,202.41194
2021-01-16 01:30:00,202.41194
2021-01-16 01:30:00,202.41194
2021-01-16 01:30:00,202.41194
2021-01-16 01:40:00,202.29832
2021-01-16 01:40:00,202.29832
2021-01-16 01:40:00,202.29832
2021-01-16 01:40:00,202.29832
2021-01-16 01:40:00,202.29832
2021-01-16 01:40:00,202.29832
2021-01-16 01:50:00,202.1847
2021-01-16 01:50:00,202.1847
2021-01-16 01:50:00,202.1847
2021-01-16 01:50:00,202.1847
2021-01-16 01:50:00,202.1847
2021-01-16 01:50:00,202.1847
2021-01-16 02:00:00,202.07108
2021-01-16 02:00:00,202.07108
2021-01-16 02:00:00,202.07108
2021-01-16 02:00:00,202.07108
2021-01-16 02:00:00,202.07108
2021-01-16 02:00:00,202.07108
2021-01-16 02:10:00,201.95744
2021-01-16 02:10:00,201.95744
2021-01-16 02:10:00,201.95744
2021-01-16 02:10:00,201.95744
2021-01-16 02:10:00,201.95744
2021-01-16 02:10:00,201.95744
2021-01-16 02:20:00,201.84383
2021-01-16 02:20:00,201.84383
2021-01-16 02:20:00,201.84383
2021-01-16 02:20:00,201.84383
2021-01-16 02:20:00,201.84383
2021-01-16 02:20:00,201.84383
2021-01-16 02:30:00,201.7302
2021-01-16 02:30:00,201.7302
2021-01-16 02:30:00,201.7302
2021-01-16 02:30:00,201.7302
2021-01-16 02:30:00,201.7302
2021-01-16 02:30:00,201.7302
2021-01-16 02:40:00,201.61658
2021-01-16 02:40:00,201.61658
2021-01-16 02:40:00,201.61658
2021-01-16 02:40:00,201.61658
2021-01-16 02:40:00,201.61658
2021-01-16 02:40:00,201.61658
2021-01-16 02:50:00,201.50296
2021-01-16 02:50:00,201.50296
2021-01-16 02:50:00,201.50296
2021-01-16 02:50:00,201.50296
2021-01-16 02:50:00,201.50296
2021-01-16 02:50:00,201.50296
2021-01-16 03:00:00,201.38933
2021-01-16 03:00:00,201.38933
2021-01-16 03:00:00,201.38933
2021-01-16 03:00:00,201.38933
2021-01-16 03:00:00,201.38933
2021-01-16 03:00:00,201.38933
2021-01-16 03:10:00,201.27571
2021-01-16 03:10:00,201.27571
2021-01-16 03:10:00,201.27571
2021-01-16 03:10:00,201.27571
2021-01-16 03:10:00,201.27571
2021-01-16 03:10:00,201.27571
2021-01-16 03:20:00,201.16208
2021-01-16 03:20:00,201.16208
2021-01-16 03:20:00,201.16208
2021-01-16 03:20:00,201.16208
2021-01-16 03:20:00,201.16208
2021-01-16 03:20:00,201.16208
2021-01-16 03:30:00,201.04846
2021-01-16 03:30:00,201.04846
2021-01-16 03:30:00,201.04846
2021-01-16 03:30:00,201.04846
2021-01-16 03:30:00,201.04846
2021-01-16 03:30:00,201.04846
2021-01-16 03:40:00,200.93483
2021-01-16 03:40:00,200.93483
2021-01-16 03:40:00,200.93483
2021-01-16 03:40:00,200.93483
2021-01-16 03:40:00,200.93483
2021-01-16 03:40:00,200.93483
2021-01-16 03:50:00,200.82121
2021-01-16 03:50:00,200.82121
2021-01-16 03:50:00,200.82121
2021-01-16 03:50:00,200.82121
2021-01-16 03:50:00,200.82121
2021-01-16 03:50:00,200.82121
2021-01-16 04:00:00,200.70758
2021-01-16 04:00:00,200.70758
2021-01-16 04:00:00,200.70758
2021-01-16 04:00:00,200.70758
2021-01-16 04:00:00,200.70758
2021-01-16 04:00:00,200.70758
2021-01-16 04:10:00,200.59396
2021-01-16 04:10:00,200.59396
2021-01-16 04:10:00,200.59396
2021-01-16 04:10:00,200.59396
2021-01-16 04:10:00,200.59396
2021-01-16 04:10:00,200.59396
2021-01-16 04:20:00,200.48035
2021-01-16 04:20:00,200.48035
2021-01-16 04:20:00,200.48035
2021-01-16 04:20:00,200.48035
2021-01-16 04:20:00,200.48035
2021-01-16 04:20:00,200.48035
2021-01-16 04:30:00,200.36671
2021-01-16 04:30:00,200.36671
2021-01-16 04:30:00,200.36671
2021-01-16 04:30:00,200.36671
2021-01-16 04:30:00,200.36671
2021-01-16 04:30:00,200.36671
2021-01-16 04:40:00,200.2531
2021-01-16 04:40:00,200.2531
2021-01-16 04:40:00,200.2531
2021-01-16 04:40:00,200.2531
2021-01-16 04:40:00,200.2531
2021-01-16 04:40:00,200.2531
2021-01-16 04:50:00,200.13947
2021-01-16 04:50:00,200.13947
2021-01-16 04:50:00,200.13947
2021-01-16 04:50:00,200.13947
2021-01-16 04:50:00,200.13947
2021-01-16 04:50:00,200.13947
2021-01-16 05:00:00,200.02585
2021-01-16 05:00:00,200.02585
2021-01-16 05:00:00,200.02585
2021-01-16 05:00:00,200.02585
2021-01-16 05:00:00,200.02585
2021-01-16 05:00:00,200.02585
2021-01-16 05:10:00,199.91222
2021-01-16 05:10:00,199.91222
2021-01-16 05:10:00,199.91222
2021-01-16 05:10:00,199.91222
2021-01-16 05:10:00,199.91222
2021-01-16 05:10:00,199.91222
2021-01-16 05:20:00,199.7986
2021-01-16 05:20:00,199.7986
2021-01-16 05:20:00,199.7986
2021-01-16 05:20:00,199.7986
2021-01-16 05:20:00,199.7986
2021-01-16 05:20:00,199.7986
2021-01-16 05:30:00,199.68497
2021-01-16 05:30:00,199.68497
2021-01-16 05:30:00,199.68497
2021-01-16 05:30:00,199.68497
2021-01-16 05:30:00,199.68497
2021-01-16 05:30:00,199.68497
2021-01-16 05:40:00,199.57135
2021-01-16 05:40:00,199.57135
2021-01-16 05:40:00,199.57135
2021-01-16 05:40:00,199.57135
2021-01-16 05:40:00,199.57135
2021-01-16 05:40:00,199.57135
2021-01-16 05:50:00,199.45773
2021-01-16 05:50:00,199.45773
2021-01-16 05:50:00,199.45773
2021-01-16 05:50:00,199.45773
2021-01-16 05:50:00,199.45773
2021-01-16 05:50:00,199.45773
2021-01-16 06:00:00,199.3441
2021-01-16 06:00:00,199.3441
2021-01-16 06:00:00,199.3441
2021-01-16 06:00:00,199.3441
2021-01-16 06:00:00,199.3441
2021-01-16 06:00:00,199.3441
2021-01-16 06:10:00,199.23048
2021-01-16 06:10:00,199.23048
2021-01-16 06:10:00,199.23048
2021-01-16 06:10:00,199.23048
2021-01-16 06:10:00,199.23048
2021-01-16 06:10:00,199.23048
2021-01-16 06:20:00,199.11685
2021-01-16 06:20:00,199.11685
2021-01-16 06:20:00,199.11685
2021-01-16 06:20:00,199.11685
2021-01-16 06:20:00,199.11685
2021-01-16 06:20:00,199.11685
2021-01-16 06:30:00,199.00323
2021-01-16 06:30:00,199.00323
2021-01-16 06:30:00,199.00323
2021-01-16 06:30:00,199.00323
2021-01-16 06:30:00,199.00323
2021-01-16 06:30:00,199.00323
2021-01-16 06:40:00,198.8896
2021-01-16 06:40:00,198.8896
2021-01-16 06:40:00,198.8896
2021-01-16 06:40:00,198.8896
2021-01-16 06:40:00,198.8896
2021-01-16 06:40:00,198.8896
2021-01-16 06:50:00,198.77599
2021-01-16 06:50:00,198.77599
2021-01-16 06:50:00,198.77599
2021-01-16 06:50:00,198.77599
2021-01-16 06:50:00,198.77599
2021-01-16 06:50:00,198.77599
2021-01-16 07:00:00,198.66235
2021-01-16 07:00:00,198.66235
2021-01-16 07:00:00,198.66235
2021-01-16 07:00:00,198.66235
2021-01-16 07:00:00,198.66235
2021-01-16 07:00:00,198.66235
2021-01-16 07:10:00,198.54874
2021-01-16 07:10:00,198.54874
2021-01-16 07:10:00,198.54874
2021-01-16 07:10:00,198.54874
2021-01-16 07:10:00,198.54874
2021-01-16 07:10:00,198.54874
2021-01-16 07:20:00,198.43512
2021-01-16 07:20:00,198.43512
2021-01-16 07:20:00,198.43512
2021-01-16 07:20:00,198.43512
2021-01-16 07:20:00,198.43512
2021-01-16 07:20:00,198.43512
2021-01-16 07:30:00,198.32149
2021-01-16 07:30:00,198.32149
2021-01-16 07:30:00,198.32149
2021-01-16 07:30:00,198.32149
2021-01-16 07:30:00,198.32149
2021-01-16 07:30:00,198.32149
2021-01-16 07:40:00,198.20787
2021-01-16 07:40:00,198.20787
2021-01-16 07:40:00,198.20787
2021-01-16 07:40:00,198.20787
2021-01-16 07:40:00,198.20787
2021-01-16 07:40:00,198.20787
2021-01-16 07:50:00,198.09424
2021-01-16 07:50:00,198.09424
2021-01-16 07:50:00,198.09424
2021-01-16 07:50:00,198.09424
2021-01-16 07:50:00,198.09424
2021-01-16 07:50:00,198.09424
2021-01-16 08:00:00,197.98062
2021-01-16 08:00:00,197.98062
2021-01-16 08:00:00,197.98062
2021-01-16 08:00:00,197.98062
2021-01-16 08:00:00,197.98062
2021-01-16 08:00:00,197.98062
2021-01-16 08:10:00,197.86699
2021-01-16 08:10:00,197.86699
2021-01-16 08:10:00,197.86699
2021-01-16 08:10:00,197.86699
2021-01-16 08:10:00,197.86699
2021-01-16 08:10:00,197.86699
2021-01-16 08:20:00,197.75337
2021-01-16 08:20:00,197.75337
2021-01-16 08:20:00,197.75337
2021-01-16 08:20:00,197.75337
2021-01-16 08:20:00,197.75337
2021-01-16 08:20:00,197.75337
2021-01-16 08:30:00,197.63974
2021-01-16 08:30:00,197.63974
2021-01-16 08:30:00,197.63974
2021-01-16 08:30:00,197.63974
2021-01-16 08:30:00,197.63974
2021-01-16 08:30:00,197.63974
2021-01-16 08:40:00,197.52612
2021-01-16 08:40:00,197.52612
2021-01-16 08:40:00,197.52612
2021-01-16 08:40:00,197.52612
2021-01-16 08:40:00,197.52612
2021-01-16 08:40:00,197.52612
2021-01-16 08:50:00,197.41249
2021-01-16 08:50:00,197.41249
2021-01-16 08:50:00,197.41249
2021-01-16 08:50:00,197.41249
2021-01-16 08:50:00,197.41249
2021-01-16 08:50:00,197.41249
2021-01-16 09:00:00,197.29887
2021-01-16 09:00:00,197.29887
2021-01-16 09:00:00,197.29887
2021-01-16 09:00:00,197.29887
2021-01-16 09:00:00,197.29887
2021-01-16 09:00:00,197.29887
2021-01-16 09:10:00,197.18526
2021-01-16 09:10:00,197.18526
2021-01-16 09:10:00,197.18526
2021-01-16 09:10:00,197.18526
2021-01-16 09:10:00,197.18526
2021-01-16 09:10:00,197.18526
2021-01-16 09:20:00,197.07162
2021-01-16 09:20:00,197.07162
2021-01-16 09:20:00,197.07162
2021-01-16 09:20:00,197.07162
2021-01-16 09:20:00,197.07162
2021-01-16 09:20:00,197.07162
2021-01-16 09:30:00,196.95801
2021-01-16 09:30:00,196.95801
2021-01-16 09:30:00,196.95801
2021-01-16 09:30:00,196.95801
2021-01-16 09:30:00,196.95801
2021-01-16 09:30:00,196.95801
2021-01-16 09:40:00,196.84438
2021-01-16 09:40:00,196.84438
2021-01-16 09:40:00,196.84438
2021-01-16 09:40:00,196.84438
2021-01-16 09:40:00,196.84438
2021-01-16 09:40:00,196.84438
2021-01-16 09:50:00,196.73076
2021-01-16 09:50:00,196.73076
2021-01-16 09:50:00,196.73076
2021-01-16 09:50:00,196.73076
2021-01-16 09:50:00,196.73076
2021-01-16 09:50:00,196.73076
2021-01-16 10:00:00,196.61713
2021-01-16 10:00:00,196.61713
2021-01-16 10:00:00,196.61713
2021-01-16 10:00:00,196.61713
2021-01-16 10:00:00,196.61713
2021-01-16 10:00:00,196.61713
2021-01-16 10:10:00,196.50351
2021-01-16 10:10:00,196.50351
2021-01-16 10:10:00,196.50351
2021-01-16 10:10:00,196.50351
2021-01-16 10:10:00,196.50351
2021-01-16 10:10:00,196.50351
2021-01-16 10:20:00,196.38988
2021-01-16 10:20:00,196.38988
2021-01-16 10:20:00,196.38988
2021-01-16 10:20:00,196.38988
2021-01-16 10:20:00,196.38988
2021-01-16 10:20:00,196.38988
2021-01-16 10:30:00,196.27626
2021-01-16 10:30:00,196.27626
2021-01-16 10:30:00,196.27626
2021-01-16 10:30:00,196.27626
2021-01-16 10:30:00,196.27626
2021-01-16 10:30:00,196.27626
2021-01-16 10:40:00,196.16264
2021-01-16 10:40:00,196.16264
2021-01-16 10:40:00,196.16264
2021-01-16 10:40:00,196.16264
2021-01-16 10:40:00,196.16264
2021-01-16 10:40:00,196.16264
2021-01-16 10:50:00,196.04901
2021-01-16 10:50:00,196.04901
2021-01-16 10:50:00,196.04901
2021-01-16 10:50:00,196.04901
2021-01-16 10:50:00,196.04901
2021-01-16 10:50:00,196.04901
2021-01-16 11:00:00,195.9354
2021-01-16 11:00:00,195.9354
2021-01-16 11:00:00,195.9354
2021-01-16 11:00:00,195.9354
2021-01-16 11:00:00,195.9354
2021-01-16 11:00:00,195.9354
2021-01-16 11:10:00,195.82176
2021-01-16 11:10:00,195.82176
2021-01-16 11:10:00,195.82176
2021-01-16 11:10:00,195.82176
2021-01-16 11:10:00,195.82176
2021-01-16 11:10:00,195.82176
2021-01-16 11:20:00,195.70815
2021-01-16 11:20:00,195.70815
2021-01-16 11:20:00,195.70815
2021-01-16 11:20:00,195.70815
2021-01-16 11:20:00,195.70815
2021-01-16 11:20:00,195.70815
2021-01-16 11:30:00,195.59451
2021-01-16 11:30:00,195.59451
2021-01-16 11:30:00,195.59451
2021-01-16 11:30:00,195.59451
2021-01-16 11:30:00,195.59451
2021-01-16 11:30:00,195.59451
2021-01-16 11:40:00,195.4809
2021-01-16 11:40:00,195.4809
2021-01-16 11:40:00,195.4809
2021-01-16 11:40:00,195.4809
2021-01-16 11:40:00,195.4809
2021-01-16 11:40:00,195.4809
2021-01-16 11:50:00,195.36726
2021-01-16 11:50:00,195.36726
2021-01-16 11:50:00,195.36726
2021-01-16 11:50:00,195.36726
2021-01-16 11:50:00,195.36726
2021-01-16 11:50:00,195.36726
2021-01-16 12:00:00,195.25365
2021-01-16 12:00:00,195.25365
2021-01-16 12:00:00,195.25365
2021-01-16 12:00:00,195.25365
2021-01-16 12:00:00,195.25365
2021-01-16 12:00:00,195.25365
2021-01-16 12:10:00,195.14003
2021-01-16 12:10:00,195.14003
2021-01-16 12:10:00,195.14003
2021-01-16 12:10:00,195.14003
2021-01-16 12:10:00,195.14003
2021-01-16 12:10:00,195.14003
2021-01-16 12:20:00,195.0264
2021-01-16 12:20:00,195.0264
2021-01-16 12:20:00,195.0264
2021-01-16 12:20:00,195.0264
2021-01-16 12:20:00,195.0264
2021-01-16 12:20:00,195.0264
2021-01-16 12:30:00,194.91278
2021-01-16 12:30:00,194.91278
2021-01-16 12:30:00,194.91278
2021-01-16 12:30:00,194.91278
2021-01-16 12:30:00,194.91278
2021-01-16 12:30:00,194.91278
2021-01-16 12:40:00,194.79915
2021-01-16 12:40:00,194.79915
2021-01-16 12:40:00,194.79915
2021-01-16 12:40:00,194.79915
2021-01-16 12:40:00,194.79915
2021-01-16 12:40:00,194.79915
2021-01-16 12:50:00,194.68553
2021-01-16 12:50:00,194.68553
2021-01-16 12:50:00,194.68553
2021-01-16 12:50:00,194.68553
2021-01-16 12:50:00,194.68553
2021-01-16 12:50:00,194.68553
2021-01-16 13:00:00,194.5719
2021-01-16 13:00:00,194.5719
2021-01-16 13:00:00,194.5719
2021-01-16 13:00:00,194.5719
2021-01-16 13:00:00,194.5719
2021-01-16 13:00:00,194.5719
2021-01-16 13:10:00,194.45828
2021-01-16 13:10:00,194.45828
2021-01-16 13:10:00,194.45828
2021-01-16 13:10:00,194.45828
2021-01-16 13:10:00,194.45828
2021-01-16 13:10:00,194.45828
2021-01-16 13:20:00,194.34465
2021-01-16 13:20:00,194.34465
2021-01-16 13:20:00,194.34465
2021-01-16 13:20:00,194.34465
2021-01-16 13:20:00,194.34465
2021-01-16 13:20:00,194.34465
2021-01-16 13:30:00,194.23103
2021-01-16 13:30:00,194.23103
2021-01-16 13:30:00,194.23103
2021-01-16 13:30:00,194.23103
2021-01-16 13:30:00,194.23103
2021-01-16 13:30:00,194.23103
2021-01-16 13:40:00,194.11742
2021-01-16 13:40:00,194.11742
2021-01-16 13:40:00,194.11742
2021-01-16 13:40:00,194.11742
2021-01-16 13:40:00,194.11742
2021-01-16 13:40:00,194.11742
2021-01-16 13:50:00,194.00378
2021-01-16 13:50:00,194.00378
2021-01-16 13:50:00,194.00378
2021-01-16 13:50:00,194.00378
2021-01-16 13:50:00,194.00378
2021-01-16 13:50:00,194.00378
2021-01-16 14:00:00,193.89017
2021-01-16 14:00:00,193.89017
2021-01-16 14:00:00,193.89017
2021-01-16 14:00:00,193.89017
2021-01-16 14:00:00,193.89017
2021-01-16 14:00:00,193.89017
2021-01-16 14:10:00,193.77654
2021-01-16 14:10:00,193.77654
2021-01-16 14:10:00,193.77654
2021-01-16 14:10:00,193.77654
2021-01-16 14:10:00,193.77654
2021-01-16 14:10:00,193.77654
2021-01-16 14:20:00,193.66292
2021-01-16 14:20:00,193.66292
2021-01-16 14:20:00,193.66292
2021-01-16 14:20:00,193.66292
2021-01-16 14:20:00,193.66292
2021-01-16 14:20:00,193.66292
2021-01-16 14:30:00,193.54929
2021-01-16 14:30:00,193.54929
2021-01-16 14:30:00,193.54929
2021-01-16 14:30:00,193.54929
2021-01-16 14:30:00,193.54929
2021-01-16 14:30:00,193.54929
2021-01-16 14:40:00,193.43567
2021-01-16 14:40:00,193.43567
2021-01-16 14:40:00,193.43567
2021-01-16 14:40:00,193.43567
2021-01-16 14:40:00,193.43567
2021-01-16 14:40:00,193.43567
2021-01-16 14:50:00,193.32204
2021-01-16 14:50:00,193.32204
2021-01-16 14:50:00,193.32204
2021-01-16 14:50:00,193.32204
2021-01-16 14:50:00,193.32204
2021-01-16 14:50:00,193.32204
2021-01-16 15:00:00,193.20842
2021-01-16 15:00:00,193.20842
2021-01-16 15:00:00,193.20842
2021-01-16 15:00:00,193.20842
2021-01-16 15:00:00,193.20842
2021-01-16 15:00:00,193.20842
2021-01-16 15:10:00,193.0948
2021-01-16 15:10:00,193.0948
2021-01-16 15:10:00,193.0948
2021-01-16 15:10:00,193.0948
2021-01-16 15:10:00,193.0948
2021-01-16 15:10:00,193.0948
2021-01-16 15:20:00,192.98117
2021-01-16 15:20:00,192.98117
2021-01-16 15:20:00,192.98117
2021-01-16 15:20:00,192.98117
2021-01-16 15:20:00,192.98117
2021-01-16 15:20:00,192.98117
2021-01-16 15:30:00,192.86755
2021-01-16 15:30:00,192.86755
2021-01-16 15:30:00,192.86755
2021-01-16 15:30:00,192.86755
2021-01-16 15:30:00,192.86755
2021-01-16 15:30:00,192.86755
2021-01-16 15:40:00,192.75392
2021-01-16 15:40:00,192.75392
2021-01-16 15:40:00,192.75392
2021-01-16 15:40:00,192.75392
2021-01-16 15:40:00,192.75392
2021-01-16 15:40:00,192.75392
2021-01-16 15:50:00,192.6403
2021-01-16 15:50:00,192.6403
2021-01-16 15:50:00,192.6403
2021-01-16 15:50:00,192.6403
2021-01-16 15:50:00,192.6403
2021-01-16 15:50:00,192.6403
2021-01-16 16:00:00,192.52667
2021-01-16 16:00:00,192.52667
2021-01-16 16:00:00,192.52667
2021-01-16 16:00:00,192.52667
2021-01-16 16:00:00,192.52667
2021-01-16 16:00:00,192.52667
2021-01-16 16:10:00,192.41306
2021-01-16 16:10:00,192.41306
2021-01-16 16:10:00,192.41306
2021-01-16 16:10:00,192.41306
2021-01-16 16:10:00,192.41306
2021-01-16 16:10:00,192.41306
2021-01-16 16:20:00,192.29942
2021-01-16 16:20:00,192.29942
2021-01-16 16:20:00,192.29942
2021-01-16 16:20:00,192.29942
2021-01-16 16:20:00,192.29942
2021-01-16 16:20:00,192.29942
2021-01-16 16:30:00,192.1858
2021-01-16 16:30:00,192.1858
2021-01-16 16:30:00,192.1858
2021-01-16 16:30:00,192.1858
2021-01-16 16:30:00,192.1858
2021-01-16 16:30:00,192.1858
2021-01-16 16:40:00,192.07217
2021-01-16 16:40:00,192.07217
2021-01-16 16:40:00,192.07217
2021-01-16 16:40:00,192.07217
2021-01-16 16:40:00,192.07217
2021-01-16 16:40:00,192.07217
2021-01-16 16:50:00,191.95856
2021-01-16 16:50:00,191.95856
2021-01-16 16:50:00,191.95856
2021-01-16 16:50:00,191.95856
2021-01-16 16:50:00,191.95856
2021-01-16 16:50:00,191.95856
2021-01-16 17:00:00,191.84494
2021-01-16 17:00:00,191.84494
2021-01-16 17:00:00,191.84494
2021-01-16 17:00:00,191.84494
2021-01-16 17:00:00,191.84494
2021-01-16 17:00:00,191.84494
2021-01-16 17:10:00,191.73131
2021-01-16 17:10:00,191.73131
2021-01-16 17:10:00,191.73131
2021-01-16 17:10:00,191.73131
2021-01-16 17:10:00,191.73131
2021-01-16 17:10:00,191.73131
2021-01-16 17:20:00,191.61769
2021-01-16 17:20:00,191.61769
2021-01-16 17:20:00,191.61769
2021-01-16 17:20:00,191.61769
2021-01-16 17:20:00,191.61769
2021-01-16 17:20:00,191.61769
2021-01-16 17:30:00,191.50406
2021-01-16 17:30:00,191.50406
2021-01-16 17:30:00,191.50406
2021-01-16 17:30:00,191.50406
2021-01-16 17:30:00,191.50406
2021-01-16 17:30:00,191.50406
2021-01-16 17:40:00,191.39044
2021-01-16 17:40:00,191.39044
2021-01-16 17:40:00,191.39044
2021-01-16 17:40:00,191.39044
2021-01-16 17:40:00,191.39044
2021-01-16 17:40:00,191.39044
2021-01-16 17:50:00,191.27681
2021-01-16 17:50:00,191.27681
2021-01-16 17:50:00,191.27681
2021-01-16 17:50:00,191.27681
2021-01-16 17:50:00,191.27681
2021-01-16 17:50:00,191.27681
2021-01-16 18:00:00,191.1632
2021-01-16 18:00:00,191.1632
2021-01-16 18:00:00,191.1632
2021-01-16 18:00:00,191.1632
2021-01-16 18:00:00,191.1632
2021-01-16 18:00:00,191.1632
2021-01-16 18:10:00,191.04956
2021-01-16 18:10:00,191.04956
2021-01-16 18:10:00,191.04956
2021-01-16 18:10:00,191.04956
2021-01-16 18:10:00,191.04956
2021-01-16 18:10:00,191.04956
2021-01-16 18:20:00,190.93594
2021-01-16 18:20:00,190.93594
2021-01-16 18:20:00,190.93594
2021-01-16 18:20:00,190.93594
2021-01-16 18:20:00,190.93594
2021-01-16 18:20:00,190.93594
2021-01-16 18:30:00,190.82233
2021-01-16 18:30:00,190.82233
2021-01-16 18:30:00,190.82233
2021-01-16 18:30:00,190.82233
2021-01-16 18:30:00,190.82233
2021-01-16 18:30:00,190.82233
2021-01-16 18:40:00,190.7087
2021-01-16 18:40:00,190.7087
2021-01-16 18:40:00,190.7087
2021-01-16 18:40:00,190.7087
2021-01-16 18:40:00,190.7087
2021-01-16 18:40:00,190.7087
2021-01-16 18:50:00,190.59508
2021-01-16 18:50:00,190.59508
2021-01-16 18:50:00,190.59508
2021-01-16 18:50:00,190.59508
2021-01-16 18:50:00,190.59508
2021-01-16 18:50:00,190.59508
2021-01-16 19:00:00,190.48145
2021-01-16 19:00:00,190.48145
2021-01-16 19:00:00,190.48145
2021-01-16 19:00:00,190.48145
2021-01-16 19:00:00,190.48145
2021-01-16 19:00:00,190.48145
2021-01-16 19:10:00,190.36783
2021-01-16 19:10:00,190.36783
2021-01-16 19:10:00,190.36783
2021-01-16 19:10:00,190.36783
2021-01-16 19:10:00,190.36783
2021-01-16 19:10:00,190.36783
2021-01-16 19:20:00,190.2542
2021-01-16 19:20:00,190.2542
2021-01-16 19:20:00,190.2542
2021-01-16 19:20:00,190.2542
2021-01-16 19:20:00,190.2542
2021-01-16 19:20:00,190.2542
2021-01-16 19:30:00,190.14058
2021-01-16 19:30:00,190.14058
2021-01-16 19:30:00,190.14058
2021-01-16 19:30:00,190.14058
2021-01-16 19:30:00,190.14058
2021-01-16 19:30:00,190.14058
2021-01-16 19:40:00,190.02695
2021-01-16 19:40:00,190.02695
2021-01-16 19:40:00,190.02695
2021-01-16 19:40:00,190.02695
2021-01-16 19:40:00,190.02695
2021-01-16 19:40:00,190.02695
2021-01-16 19:50:00,189.91333
2021-01-16 19:50:00,189.91333
2021-01-16 19:50:00,189.91333
2021-01-16 19:50:00,189.91333
2021-01-16 19:50:00,189.91333
2021-01-16 19:50:00,189.91333
2021-01-16 20:00:00,189.79971
2021-01-16 20:00:00,189.79971
2021-01-16 20:00:00,189.79971
2021-01-16 20:00:00,189.79971
2021-01-16 20:00:00,189.79971
2021-01-16 20:00:00,189.79971
2021-01-16 20:10:00,189.68608
2021-01-16 20:10:00,189.68608
2021-01-16 20:10:00,189.68608
2021-01-16 20:10:00,189.68608
2021-01-16 20:10:00,189.68608
2021-01-16 20:10:00,189.68608
2021-01-16 20:20:00,189.57246
2021-01-16 20:20:00,189.57246
2021-01-16 20:20:00,189.57246
2021-01-16 20:20:00,189.57246
2021-01-16 20:20:00,189.57246
2021-01-16 20:20:00,189.57246
2021-01-16 20:30:00,189.45883
2021-01-16 20:30:00,189.45883
2021-01-16 20:30:00,189.45883
2021-01-16 20:30:00,189.45883
2021-01-16 20:30:00,189.45883
2021-01-16 20:30:00,189.45883
2021-01-16 20:40:00,189.34521
2021-01-16 20:40:00,189.34521
2021-01-16 20:40:00,189.34521
2021-01-16 20:40:00,189.34521
2021-01-16 20:40:00,189.34521
2021-01-16 20:40:00,189.34521
2021-01-16 20:50:00,189.23158
2021-01-16 20:50:00,189.23158
2021-01-16 20:50:00,189.23158
2021-01-16 20:50:00,189.23158
2021-01-16 20:50:00,189.23158
2021-01-16 20:50:00,189.23158
2021-01-16 21:00:00,189.11797
2021-01-16 21:00:00,189.11797
2021-01-16 21:00:00,189.11797
2021-01-16 21:00:00,189.11797
2021-01-16 21:00:00,189.11797
2021-01-16 21:00:00,189.11797
2021-01-16 21:10:00,189.00433
2021-01-16 21:10:00,189.00433
2021-01-16 21:10:00,189.00433
2021-01-16 21:10:00,189.00433
2021-01-16 21:10:00,189.00433
2021-01-16 21:10:00,189.00433
2021-01-16 21:20:00,188.89072
2021-01-16 21:20:00,188.89072
2021-01-16 21:20:00,188.89072
2021-01-16 21:20:00,188.89072
2021-01-16 21:20:00,188.89072
2021-01-16 21:20:00,188.89072
2021-01-16 21:30:00,188.7771
2021-01-16 21:30:00,188.7771
2021-01-16 21:30:00,188.7771
2021-01-16 21:30:00,188.7771
2021-01-16 21:30:00,188.7771
2021-01-16 21:30:00,188.7771
2021-01-16 21:40:00,188.66347
2021-01-16 21:40:00,188.66347
2021-01-16 21:40:00,188.66347
2021-01-16 21:40:00,188.66347
2021-01-16 21:40:00,188.66347
2021-01-16 21:40:00,188.66347
2021-01-16 21:50:00,188.54985
2021-01-16 21:50:00,188.54985
2021-01-16 21:50:00,188.54985
2021-01-16 21:50:00,188.54985
2021-01-16 21:50:00,188.54985
2021-01-16 21:50:00,188.54985
2021-01-16 22:00:00,188.43622
2021-01-16 22:00:00,188.43622
2021-01-16 22:00:00,188.43622
2021-01-16 22:00:00,188.43622
2021-01-16 22:00:00,188.43622
2021-01-16 22:00:00,188.43622
2021-01-16 22:10:00,188.3226
2021-01-16 22:10:00,188.3226
2021-01-16 22:10:00,188.3226
2021-01-16 22:10:00,188.3226
2021-01-16 22:10:00,188.3226
2021-01-16 22:10:00,188.3226
2021-01-16 22:20:00,188.20897
2021-01-16 22:20:00,188.20897
2021-01-16 22:20:00,188.20897
2021-01-16 22:20:00,188.20897
2021-01-16 22:20:00,188.20897
2021-01-16 22:20:00,188.20897
2021-01-16 22:30:00,188.09535
2021-01-16 22:30:00,188.09535
2021-01-16 22:30:00,188.09535
2021-01-16 22:30:00,188.09535
2021-01-16 22:30:00,188.09535
2021-01-16 22:30:00,188.09535
2021-01-16 22:40:00,187.98172
2021-01-16 22:40:00,187.98172
2021-01-16 22:40:00,187.98172
2021-01-16 22:40:00,187.98172
2021-01-16 22:40:00,187.98172
2021-01-16 22:40:00,187.98172
2021-01-16 22:50:00,187.8681
2021-01-16 22:50:00,187.8681
2021-01-16 22:50:00,187.8681
2021-01-16 22:50:00,187.8681
2021-01-16 22:50:00,187.8681
2021-01-16 22:50:00,187.8681
2021-01-16 23:00:00,187.75447
2021-01-16 23:00:00,187.75447
2021-01-16 23:00:00,187.75447
2021-01-16 23:00:00,187.75447
2021-01-16 23:00:00,187.75447
2021-01-16 23:00:00,187.75447
2021-01-16 23:10:00,187.64085
2021-01-16 23:10:00,187.64085
2021-01-16 23:10:00,187.64085
2021-01-16 23:10:00,187.64085
2021-01-16 23:10:00,187.64085
2021-01-16 23:10:00,187.64085
2021-01-16 23:20:00,187.52724
2021-01-16 23:20:00,187.52724
2021-01-16 23:20:00,187.52724
2021-01-16 23:20:00,187.52724
2021-01-16 23:20:00,187.52724
2021-01-16 23:20:00,187.52724
2021-01-16 23:30:00,187.4136
2021-01-16 23:30:00,187.4136
2021-01-16 23:30:00,187.4136
2021-01-16 23:30:00,187.4136
2021-01-16 23:30:00,187.4136
2021-01-16 23:30:00,187.4136
2021-01-16 23:40:00,187.29999
2021-01-16 23:40:00,187.29999
2021-01-16 23:40:00,187.29999
2021-01-16 23:40:00,187.29999
2021-01-16 23:40:00,187.29999
2021-01-16 23:40:00,187.29999
2021-01-16 23:50:00,187.18636
2021-01-16 23:50:00,187.18636
2021-01-16 23:50:00,187.18636
2021-01-16 23:50:00,187.18636
2021-01-16 23:50:00,187.18636
2021-01-16 23:50:00,187.18636
2021-01-17 00:00:00,187.07274
2021-01-17 00:00:00,187.07274
2021-01-17 00:00:00,187.07274
2021-01-17 00:00:00,187.07274
2021-01-17 00:00:00,187.07274
2021-01-17 00:00:00,187.07274
2021-01-17 00:10:00,186.9591
2021-01-17 00:10:00,186.9591
2021-01-17 00:10:00,186.9591
2021-01-17 00:10:00,186.9591
2021-01-17 00:10:00,186.9591
2021-01-17 00:10:00,186.9591
2021-01-17 00:20:00,186.84549
2021-01-17 00:20:00,186.84549
2021-01-17 00:20:00,186.84549
2021-01-17 00:20:00,186.84549
2021-01-17 00:20:00,186.84549
2021-01-17 00:20:00,186.84549
2021-01-17 00:30:00,186.73186
2021-01-17 00:30:00,186.73186
2021-01-17 00:30:00,186.73186
2021-01-17 00:30:00,186.73186
2021-01-17 00:30:00,186.73186
2021-01-17 00:30:00,186.73186
2021-01-17 00:40:00,186.61824
2021-01-17 00:40:00,186.61824
2021-01-17 00:40:00,186.61824
2021-01-17 00:40:00,186.61824
2021-01-17 00:40:00,186.61824
2021-01-17 00:40:00,186.61824
2021-01-17 00:50:00,186.50462
2021-01-17 00:50:00,186.50462
2021-01-17 00:50:00,186.50462
2021-01-17 00:50:00,186.50462
2021-01-17 00:50:00,186.50462
2021-01-17 00:50:00,186.50462
2021-01-17 01:00:00,186.39099
2021-01-17 01:00:00,186.39099
2021-01-17 01:00:00,186.39099
2021-01-17 01:00:00,186.39099
2021-01-17 01:00:00,186.39099
2021-01-17 01:00:00,186.39099
2021-01-17 01:10:00,186.27737
2021-01-17 01:10:00,186.27737
2021-01-17 01:10:00,186.27737
2021-01-17 01:10:00,186.27737
2021-01-17 01:10:00,186.27737
2021-01-17 01:10:00,186.27737
2021-01-17 01:20:00,186.16374
2021-01-17 01:20:00,186.16374
2021-01-17 01:20:00,186.16374
2021-01-17 01:20:00,186.16374
2021-01-17 01:20:00,186.16374
2021-01-17 01:20:00,186.16374
2021-01-17 01:30:00,186.05013
2021-01-17 01:30:00,186.05013
2021-01-17 01:30:00,186.05013
2021-01-17 01:30:00,186.05013
2021-01-17 01:30:00,186.05013
2021-01-17 01:30:00,186.05013
2021-01-17 01:40:00,185.9365
2021-01-17 01:40:00,185.9365
2021-01-17 01:40:00,185.9365
2021-01-17 01:40:00,185.9365
2021-01-17 01:40:00,185.9365
2021-01-17 01:40:00,185.9365
2021-01-17 01:50:00,185.82288
2021-01-17 01:50:00,185.82288
2021-01-17 01:50:00,185.82288
2021-01-17 01:50:00,185.82288
2021-01-17 01:50:00,185.82288
2021-01-17 01:50:00,185.82288
2021-01-17 02:00:00,185.70924
2021-01-17 02:00:00,185.70924
2021-01-17 02:00:00,185.70924
2021-01-17 02:00:00,185.70924
2021-01-17 02:00:00,185.70924
2021-01-17 02:00:00,185.70924
2021-01-17 02:10:00,185.59563
2021-01-17 02:10:00,185.59563
2021-01-17 02:10:00,185.59563
2021-01-17 02:10:00,185.59563
2021-01-17 02:10:00,185.59563
2021-01-17 02:10:00,185.59563
2021-01-17 02:20:00,185.48201
2021-01-17 02:20:00,185.48201
2021-01-17 02:20:00,185.48201
2021-01-17 02:20:00,185.48201
2021-01-17 02:20:00,185.48201
2021-01-17 02:20:00,185.48201
2021-01-17 02:30:00,185.36838
2021-01-17 02:30:00,185.36838
2021-01-17 02:30:00,185.36838
2021-01-17 02:30:00,185.36838
2021-01-17 02:30:00,185.36838
2021-01-17 02:30:00,185.36838
2021-01-17 02:40:00,185.25476
2021-01-17 02:40:00,185.25476
2021-01-17 02:40:00,185.25476
2021-01-17 02:40:00,185.25476
2021-01-17 02:40:00,185.25476
2021-01-17 02:40:00,185.25476
2021-01-17 02:50:00,185.14113
2021-01-17 02:50:00,185.14113
2021-01-17 02:50:00,185.14113
2021-01-17 02:50:00,185.14113
2021-01-17 02:50:00,185.14113
2021-01-17 02:50:00,185.14113
2021-01-17 03:00:00,185.02751
2021-01-17 03:00:00,185.02751
2021-01-17 03:00:00,185.02751
2021-01-17 03:00:00,185.02751
2021-01-17 03:00:00,185.02751
2021-01-17 03:00:00,185.02751
2021-01-17 03:10:00,184.91388
2021-01-17 03:10:00,184.91388
2021-01-17 03:10:00,184.91388
2021-01-17 03:10:00,184.91388
2021-01-17 03:10:00,184.91388
2021-01-17 03:10:00,184.91388
2021-01-17 03:20:00,184.80026
2021-01-17 03:20:00,184.80026
2021-01-17 03:20:00,184.80026
2021-01-17 03:20:00,184.80026
2021-01-17 03:20:00,184.80026
2021-01-17 03:20:00,184.80026
2021-01-17 03:30:00,184.68663
2021-01-17 03:30:00,184.68663
2021-01-17 03:30:00,184.68663
2021-01-17 03:30:00,184.68663
2021-01-17 03:30:00,184.68663
2021-01-17 03:30:00,184.68663
2021-01-17 03:40:00,184.57301
2021-01-17 03:40:00,184.57301
2021-01-17 03:40:00,184.57301
2021-01-17 03:40:00,184.57301
2021-01-17 03:40:00,184.57301
2021-01-17 03:40:00,184.57301
2021-01-17 03:50:00,184.4594
2021-01-17 03:50:00,184.4594
2021-01-17 03:50:00,184.4594
2021-01-17 03:50:00,184.4594
2021-01-17 03:50:00,184.4594
2021-01-17 03:50:00,184.4594
2021-01-17 04:00:00,184.34576
2021-01-17 04:00:00,184.34576
2021-01-17 04:00:00,184.34576
2021-01-17 04:00:00,184.34576
2021-01-17 04:00:00,184.34576
2021-01-17 04:00:00,184.34576
2021-01-17 04:10:00,184.23215
2021-01-17 04:10:00,184.23215
2021-01-17 04:10:00,184.23215
2021-01-17 04:10:00,184.23215
2021-01-17 04:10:00,184.23215
2021-01-17 04:10:00,184.23215
2021-01-17 04:20:00,184.11852
2021-01-17 04:20:00,184.11852
2021-01-17 04:20:00,184.11852
2021-01-17 04:20:00,184.11852
2021-01-17 04:20:00,184.11852
2021-01-17 04:20:00,184.11852
2021-01-17 04:30:00,184.0049
2021-01-17 04:30:00,184.0049
2021-01-17 04:30:00,184.0049
2021-01-17 04:30:00,184.0049
2021-01-17 04:30:00,184.0049
2021-01-17 04:30:00,184.0049
2021-01-17 04:40:00,183.89127
2021-01-17 04:40:00,183.89127
2021-01-17 04:40:00,183.89127
2021-01-17 04:40:00,183.89127
2021-01-17 04:40:00,183.89127
2021-01-17 04:40:00,183.89127
2021-01-17 04:50:00,183.77765
2021-01-17 04:50:00,183.77765
2021-01-17 04:50:00,183.77765
2021-01-17 04:50:00,183.77765
2021-01-17 04:50:00,183.77765
2021-01-17 04:50:00,183.77765
2021-01-17 05:00:00,183.66402
2021-01-17 05:00:00,183.66402
2021-01-17 05:00:00,183.66402
2021-01-17 05:00:00,183.66402
2021-01-17 05:00:00,183.66402
2021-01-17 05:00:00,183.66402
2021-01-17 05:10:00,183.5504
2021-01-17 05:10:00,183.5504
2021-01-17 05:10:00,183.5504
2021-01-17 05:10:00,183.5504
2021-01-17 05:10:00,183.5504
2021-01-17 05:10:00,183.5504
2021-01-17 05:20:00,183.43678
2021-01-17 05:20:00,183.43678
2021-01-17 05:20:00,183.43678
2021-01-17 05:20:00,183.43678
2021-01-17 05:20:00,183.43678
2021-01-17 05:20:00,183.43678
2021-01-17 05:30:00,183.32315
2021-01-17 05:30:00,183.32315
2021-01-17 05:30:00,183.32315
2021-01-17 05:30:00,183.32315
2021-01-17 05:30:00,183.32315
2021-01-17 05:30:00,183.32315
2021-01-17 05:40:00,183.20953
2021-01-17 05:40:00,183.20953
2021-01-17 05:40:00,183.20953
2021-01-17 05:40:00,183.20953
2021-01-17 05:40:00,183.20953
2021-01-17 05:40:00,183.20953
2021-01-17 05:50:00,183.0959
2021-01-17 05:50:00,183.0959
2021-01-17 05:50:00,183.0959
2021-01-17 05:50:00,183.0959
2021-01-17 05:50:00,183.0959
2021-01-17 05:50:00,183.0959
2021-01-17 06:00:00,182.98228
2021-01-17 06:00:00,182.98228
2021-01-17 06:00:00,182.98228
2021-01-17 06:00:00,182.98228
2021-01-17 06:00:00,182.98228
2021-01-17 06:00:00,182.98228
2021-01-17 06:10:00,182.86865
2021-01-17 06:10:00,182.86865
2021-01-17 06:10:00,182.86865
2021-01-17 06:10:00,182.86865
2021-01-17 06:10:00,182.86865
2021-01-17 06:10:00,182.86865
2021-01-17 06:20:00,182.75504
2021-01-17 06:20:00,182.75504
2021-01-17 06:20:00,182.75504
2021-01-17 06:20:00,182.75504
2021-01-17 06:20:00,182.75504
2021-01-17 06:20:00,182.75504
2021-01-17 06:30:00,182.6414
2021-01-17 06:30:00,182.6414
2021-01-17 06:30:00,182.6414
2021-01-17 06:30:00,182.6414
2021-01-17 06:30:00,182.6414
2021-01-17 06:30:00,182.6414
2021-01-17 06:40:00,182.52779
2021-01-17 06:40:00,182.52779
2021-01-17 06:40:00,182.52779
2021-01-17 06:40:00,182.52779
2021-01-17 06:40:00,182.52779
2021-01-17 06:40:00,182.52779
2021-01-17 06:50:00,182.41415
2021-01-17 06:50:00,182.41415
2021-01-17 06:50:00,182.41415
2021-01-17 06:50:00,182.41415
2021-01-17 06:50:00,182.41415
2021-01-17 06:50:00,182.41415
2021-01-17 07:00:00,182.30054
2021-01-17 07:00:00,182.30054
2021-01-17 07:00:00,182.30054
2021-01-17 07:00:00,182.30054
2021-01-17 07:00:00,182.30054
2021-01-17 07:00:00,182.30054
2021-01-17 07:10:00,182.18692
2021-01-17 07:10:00,182.18692
2021-01-17 07:10:00,182.18692
2021-01-17 07:10:00,182.18692
2021-01-17 07:10:00,182.18692
2021-01-17 07:10:00,182.18692
2021-01-17 07:20:00,182.07329
2021-01-17 07:20:00,182.07329
2021-01-17 07:20:00,182.07329
2021-01-17 07:20:00,182.07329
2021-01-17 07:20:00,182.07329
2021-01-17 07:20:00,182.07329
2021-01-17 07:30:00,181.95967
2021-01-17 07:30:00,181.95967
2021-01-17 07:30:00,181.95967
2021-01-17 07:30:00,181.95967
2021-01-17 07:30:00,181.95967
2021-01-17 07:30:00,181.95967
2021-01-17 07:40:00,181.84604
2021-01-17 07:40:00,181.84604
2021-01-17 07:40:00,181.84604
2021-01-17 07:40:00,181.84604
2021-01-17 07:40:00,181.84604
2021-01-17 07:40:00,181.84604
2021-01-17 07:50:00,181.73242
2021-01-17 07:50:00,181.73242
2021-01-17 07:50:00,181.73242
2021-01-17 07:50:00,181.73242
2021-01-17 07:50:00,181.73242
2021-01-17 07:50:00,181.73242
2021-01-17 08:00:00,181.61879
2021-01-17 08:00:00,181.61879
2021-01-17 08:00:00,181.61879
2021-01-17 08:00:00,181.61879
2021-01-17 08:00:00,181.61879
2021-01-17 08:00:00,181.61879
2021-01-17 08:10:00,181.50517
2021-01-17 08:10:00,181.50517
2021-01-17 08:10:00,181.50517
2021-01-17 08:10:00,181.50517
2021-01-17 08:10:00,181.50517
2021-01-17 08:10:00,181.50517
2021-01-17 08:20:00,181.39154
2021-01-17 08:20:00,181.39154
2021-01-17 08:20:00,181.39154
2021-01-17 08:20:00,181.39154
2021-01-17 08:20:00,181.39154
2021-01-17 08:20:00,181.39154
2021-01-17 08:30:00,181.27792
2021-01-17 08:30:00,181.27792
2021-01-17 08:30:00,181.27792
2021-01-17 08:30:00,181.27792
2021-01-17 08:30:00,181.27792
2021-01-17 08:30:00,181.27792
2021-01-17 08:40:00,181.1643
2021-01-17 08:40:00,181.1643
2021-01-17 08:40:00,181.1643
2021-01-17 08:40:00,181.1643
2021-01-17 08:40:00,181.1643
2021-01-17 08:40:00,181.1643
2021-01-17 08:50:00,181.05067
2021-01-17 08:50:00,181.05067
2021-01-17 08:50:00,181.05067
2021-01-17 08:50:00,181.05067
2021-01-17 08:50:00,181.05067
2021-01-17 08:50:00,181.05067
2021-01-17 09:00:00,180.93706
2021-01-17 09:00:00,180.93706
2021-01-17 09:00:00,180.93706
2021-01-17 09:00:00,180.93706
2021-01-17 09:00:00,180.93706
2021-01-17 09:00:00,180.93706
2021-01-17 09:10:00,180.82343
2021-01-17 09:10:00,180.82343
2021-01-17 09:10:00,180.82343
2021-01-17 09:10:00,180.82343
2021-01-17 09:10:00,180.82343
2021-01-17 09:10:00,180.82343
2021-01-17 09:20:00,180.70981
2021-01-17 09:20:00,180.70981
2021-01-17 09:20:00,180.70981
2021-01-17 09:20:00,180.70981
2021-01-17 09:20:00,180.70981
2021-01-17 09:20:00,180.70981
2021-01-17 09:30:00,180.59618
2021-01-17 09:30:00,180.59618
2021-01-17 09:30:00,180.59618
2021-01-17 09:30:00,180.59618
2021-01-17 09:30:00,180.59618
2021-01-17 09:30:00,180.59618
2021-01-17 09:40:00,180.48256
2021-01-17 09:40:00,180.48256
2021-01-17 09:40:00,180.48256
2021-01-17 09:40:00,180.48256
2021-01-17 09:40:00,180.48256
2021-01-17 09:40:00,180.48256
2021-01-17 09:50:00,180.36893
2021-01-17 09:50:00,180.36893
2021-01-17 09:50:00,180.36893
2021-01-17 09:50:00,180.36893
2021-01-17 09:50:00,180.36893
2021-01-17 09:50:00,180.36893
2021-01-17 10:00:00,180.25531
2021-01-17 10:00:00,180.25531
2021-01-17 10:00:00,180.25531
2021-01-17 10:00:00,180.25531
2021-01-17 10:00:00,180.25531
2021-01-17 10:00:00,180.25531
2021-01-17 10:10:00,180.1417
2021-01-17 10:10:00,180.1417
2021-01-17 10:10:00,180.1417
2021-01-17 10:10:00,180.1417
2021-01-17 10:10:00,180.1417
2021-01-17 10:10:00,180.1417
2021-01-17 10:20:00,180.02806
2021-01-17 10:20:00,180.02806
2021-01-17 10:20:00,180.02806
2021-01-17 10:20:00,180.02806
2021-01-17 10:20:00,180.02806
2021-01-17 10:20:00,180.02806
2021-01-17 10:30:00,179.91444
2021-01-17 10:30:00,179.91444
2021-01-17 10:30:00,179.91444
2021-01-17 10:30:00,179.91444
2021-01-17 10:30:00,179.91444
2021-01-17 10:30:00,179.91444
2021-01-17 10:40:00,179.80081
2021-01-17 10:40:00,179.80081
2021-01-17 10:40:00,179.80081
2021-01-17 10:40:00,179.80081
2021-01-17 10:40:00,179.80081
2021-01-17 10:40:00,179.80081
2021-01-17 10:50:00,179.6872
2021-01-17 10:50:00,179.6872
2021-01-17 10:50:00,179.6872
2021-01-17 10:50:00,179.6872
2021-01-17 10:50:00,179.6872
2021-01-17 10:50:00,179.6872
2021-01-17 11:00:00,179.57356
2021-01-17 11:00:00,179.57356
2021-01-17 11:00:00,179.57356
2021-01-17 11:00:00,179.57356
2021-01-17 11:00:00,179.57356
2021-01-17 11:00:00,179.57356
2021-01-17 11:10:00,179.45995
2021-01-17 11:10:00,179.45995
2021-01-17 11:10:00,179.45995
2021-01-17 11:10:00,179.45995
2021-01-17 11:10:00,179.45995
2021-01-17 11:10:00,179.45995
2021-01-17 11:20:00,179.34631
2021-01-17 11:20:00,179.34631
2021-01-17 11:20:00,179.34631
2021-01-17 11:20:00,179.34631
2021-01-17 11:20:00,179.34631
2021-01-17 11:20:00,179.34631
2021-01-17 11:30:00,179.2327
2021-01-17 11:30:00,179.2327
2021-01-17 11:30:00,179.2327
2021-01-17 11:30:00,179.2327
2021-01-17 11:30:00,179.2327
2021-01-17 11:30:00,179.2327
2021-01-17 11:40:00,179.11908
2021-01-17 11:40:00,179.11908
2021-01-17 11:40:00,179.11908
2021-01-17 11:40:00,179.11908
2021-01-17 11:40:00,179.11908
2021-01-17 11:40:00,179.11908
2021-01-17 11:50:00,179.00545
2021-01-17 11:50:00,179.00545
2021-01-17 11:50:00,179.00545
2021-01-17 11:50:00,179.00545
2021-01-17 11:50:00,179.00545
2021-01-17 11:50:00,179.00545
2021-01-17 12:00:00,178.89183
2021-01-17 12:00:00,178.89183
2021-01-17 12:00:00,178.89183
2021-01-17 12:00:00,178.89183
2021-01-17 12:00:00,178.89183
2021-01-17 12:00:00,178.89183
2021-01-17 12:10:00,178.7782
2021-01-17 12:10:00,178.7782
2021-01-17 12:10:00,178.7782
2021-01-17 12:10:00,178.7782
2021-01-17 12:10:00,178.7782
2021-01-17 12:10:00,178.7782
2021-01-17 12:20:00,178.66458
2021-01-17 12:20:00,178.66458
2021-01-17 12:20:00,178.66458
2021-01-17 12:20:00,178.66458
2021-01-17 12:20:00,178.66458
2021-01-17 12:20:00,178.66458
2021-01-17 12:30:00,178.55095
2021-01-17 12:30:00,178.55095
2021-01-17 12:30:00,178.55095
2021-01-17 12:30:00,178.55095
2021-01-17 12:30:00,178.55095
2021-01-17 12:30:00,178.55095
2021-01-17 12:40:00,178.43733
2021-01-17 12:40:00,178.43733
2021-01-17 12:40:00,178.43733
2021-01-17 12:40:00,178.43733
2021-01-17 12:40:00,178.43733
2021-01-17 12:40:00,178.43733
2021-01-17 12:50:00,178.3237
2021-01-17 12:50:00,178.3237
2021-01-17 12:50:00,178.3237
2021-01-17 12:50:00,178.3237
2021-01-17 12:50:00,178.3237
2021-01-17 12:50:00,178.3237
2021-01-17 13:00:00,178.21008
2021-01-17 13:00:00,178.21008
2021-01-17 13:00:00,178.21008
2021-01-17 13:00:00,178.21008
2021-01-17 13:00:00,178.21008
2021-01-17 13:00:00,178.21008
2021-01-17 13:10:00,178.09645
2021-01-17 13:10:00,178.09645
2021-01-17 13:10:00,178.09645
2021-01-17 13:10:00,178.09645
2021-01-17 13:10:00,178.09645
2021-01-17 13:10:00,178.09645
2021-01-17 13:20:00,177.98283
2021-01-17 13:20:00,177.98283
2021-01-17 13:20:00,177.98283
2021-01-17 13:20:00,177.98283
2021-01-17 13:20:00,177.98283
2021-01-17 13:20:00,177.98283
2021-01-17 13:30:00,177.86922
2021-01-17 13:30:00,177.86922
2021-01-17 13:30:00,177.86922
2021-01-17 13:30:00,177.86922
2021-01-17 13:30:00,177.86922
2021-01-17 13:30:00,177.86922
2021-01-17 13:40:00,177.75558
2021-01-17 13:40:00,177.75558
2021-01-17 13:40:00,177.75558
2021-01-17 13:40:00,177.75558
2021-01-17 13:40:00,177.75558
2021-01-17 13:40:00,177.75558
2021-01-17 13:50:00,177.64197
2021-01-17 13:50:00,177.64197
2021-01-17 13:50:00,177.64197
2021-01-17 13:50:00,177.64197
2021-01-17 13:50:00,177.64197
2021-01-17 13:50:00,177.64197
2021-01-17 14:00:00,177.52834
2021-01-17 14:00:00,177.52834
2021-01-17 14:00:00,177.52834
2021-01-17 14:00:00,177.52834
2021-01-17 14:00:00,177.52834
2021-01-17 14:00:00,177.52834
2021-01-17 14:10:00,177.41472
2021-01-17 14:10:00,177.41472
2021-01-17 14:10:00,177.41472
2021-01-17 14:10:00,177.41472
2021-01-17 14:10:00,177.41472
2021-01-17 14:10:00,177.41472
2021-01-17 14:20:00,177.30109
2021-01-17 14:20:00,177.30109
2021-01-17 14:20:00,177.30109
2021-01-17 14:20:00,177.30109
2021-01-17 14:20:00,177.30109
2021-01-17 14:20:00,177.30109
2021-01-17 14:30:00,177.18747
2021-01-17 14:30:00,177.18747
2021-01-17 14:30:00,177.18747
2021-01-17 14:30:00,177.18747
2021-01-17 14:30:00,177.18747
2021-01-17 14:30:00,177.18747
2021-01-17 14:40:00,177.07384
2021-01-17 14:40:00,177.07384
2021-01-17 14:40:00,177.07384
2021-01-17 14:40:00,177.07384
2021-01-17 14:40:00,177.07384
2021-01-17 14:40:00,177.07384
2021-01-17 14:50:00,176.96022
2021-01-17 14:50:00,176.96022
2021-01-17 14:50:00,176.96022
2021-01-17 14:50:00,176.96022
2021-01-17 14:50:00,176.96022
2021-01-17 14:50:00,176.96022
2021-01-17 15:00:00,176.8466
2021-01-17 15:00:00,176.8466
2021-01-17 15:00:00,176.8466
2021-01-17 15:00:00,176.8466
2021-01-17 15:00:00,176.8466
2021-01-17 15:00:00,176.8466
2021-01-17 15:10:00,176.73297
2021-01-17 15:10:00,176.73297
2021-01-17 15:10:00,176.73297
2021-01-17 15:10:00,176.73297
2021-01-17 15:10:00,176.73297
2021-01-17 15:10:00,176.73297
2021-01-17 15:20:00,176.61935
2021-01-17 15:20:00,176.61935
2021-01-17 15:20:00,176.61935
2021-01-17 15:20:00,176.61935
2021-01-17 15:20:00,176.61935
2021-01-17 15:20:00,176.61935
2021-01-17 15:30:00,176.50572
2021-01-17 15:30:00,176.50572
2021-01-17 15:30:00,176.50572
2021-01-17 15:30:00,176.50572
2021-01-17 15:30:00,176.50572
2021-01-17 15:30:00,176.50572
2021-01-17 15:40:00,176.3921
2021-01-17 15:40:00,176.3921
2021-01-17 15:40:00,176.3921
2021-01-17 15:40:00,176.3921
2021-01-17 15:40:00,176.3921
2021-01-17 15:40:00,176.3921
2021-01-17 15:50:00,176.27847
2021-01-17 15:50:00,176.27847
2021-01-17 15:50:00,176.27847
2021-01-17 15:50:00,176.27847
2021-01-17 15:50:00,176.27847
2021-01-17 15:50:00,176.27847
2021-01-17 16:00:00,176.16486
2021-01-17 16:00:00,176.16486
2021-01-17 16:00:00,176.16486
2021-01-17 16:00:00,176.16486
2021-01-17 16:00:00,176.16486
2021-01-17 16:00:00,176.16486
2021-01-17 16:10:00,176.05122
2021-01-17 16:10:00,176.05122
2021-01-17 16:10:00,176.05122
2021-01-17 16:10:00,176.05122
2021-01-17 16:10:00,176.05122
2021-01-17 16:10:00,176.05122
2021-01-17 16:20:00,175.9376
2021-01-17 16:20:00,175.9376
2021-01-17 16:20:00,175.9376
2021-01-17 16:20:00,175.9376
2021-01-17 16:20:00,175.9376
2021-01-17 16:20:00,175.9376
2021-01-17 16:30:00,175.82399
2021-01-17 16:30:00,175.82399
2021-01-17 16:30:00,175.82399
2021-01-17 16:30:00,175.82399
2021-01-17 16:30:00,175.82399
2021-01-17 16:30:00,175.82399
2021-01-17 16:40:00,175.71036
2021-01-17 16:40:00,175.71036
2021-01-17 16:40:00,175.71036
2021-01-17 16:40:00,175.71036
2021-01-17 16:40:00,175.71036
2021-01-17 16:40:00,175.71036
2021-01-17 16:50:00,175.59674
2021-01-17 16:50:00,175.59674
2021-01-17 16:50:00,175.59674
2021-01-17 16:50:00,175.59674
2021-01-17 16:50:00,175.59674
2021-01-17 16:50:00,175.59674
2021-01-17 17:00:00,175.48311
2021-01-17 17:00:00,175.48311
2021-01-17 17:00:00,175.48311
2021-01-17 17:00:00,175.48311
2021-01-17 17:00:00,175.48311
2021-01-17 17:00:00,175.48311
2021-01-17 17:10:00,175.36949
2021-01-17 17:10:00,175.36949
2021-01-17 17:10:00,175.36949
2021-01-17 17:10:00,175.36949
2021-01-17 17:10:00,175.36949
2021-01-17 17:10:00,175.36949
2021-01-17 17:20:00,175.25586
2021-01-17 17:20:00,175.25586
2021-01-17 17:20:00,175.25586
2021-01-17 17:20:00,175.25586
2021-01-17 17:20:00,175.25586
2021-01-17 17:20:00,175.25586
2021-01-17 17:30:00,175.14224
2021-01-17 17:30:00,175.14224
2021-01-17 17:30:00,175.14224
2021-01-17 17:30:00,175.14224
2021-01-17 17:30:00,175.14224
2021-01-17 17:30:00,175.14224
2021-01-17 17:40:00,175.02861
2021-01-17 17:40:00,175.02861
2021-01-17 17:40:00,175.02861
2021-01-17 17:40:00,175.02861
2021-01-17 17:40:00,175.02861
2021-01-17 17:40:00,175.02861
2021-01-17 17:50:00,174.915
2021-01-17 17:50:00,174.915
2021-01-17 17:50:00,174.915
2021-01-17 17:50:00,174.915
2021-01-17 17:50:00,174.915
2021-01-17 17:50:00,174.915
2021-01-17 18:00:00,174.80138
2021-01-17 18:00:00,174.80138
2021-01-17 18:00:00,174.80138
2021-01-17 18:00:00,174.80138
2021-01-17 18:00:00,174.80138
2021-01-17 18:00:00,174.80138
2021-01-17 18:10:00,174.68774
2021-01-17 18:10:00,174.68774
2021-01-17 18:10:00,174.68774
2021-01-17 18:10:00,174.68774
2021-01-17 18:10:00,174.68774
2021-01-17 18:10:00,174.68774
2021-01-17 18:20:00,174.57413
2021-01-17 18:20:00,174.57413
2021-01-17 18:20:00,174.57413
2021-01-17 18:20:00,174.57413
2021-01-17 18:20:00,174.57413
2021-01-17 18:20:00,174.57413
2021-01-17 18:30:00,174.4605
2021-01-17 18:30:00,174.4605
2021-01-17 18:30:00,174.4605
2021-01-17 18:30:00,174.4605
2021-01-17 18:30:00,174.4605
2021-01-17 18:30:00,174.4605
2021-01-17 18:40:00,174.34688
2021-01-17 18:40:00,174.34688
2021-01-17 18:40:00,174.34688
2021-01-17 18:40:00,174.34688
2021-01-17 18:40:00,174.34688
2021-01-17 18:40:00,174.34688
2021-01-17 18:50:00,174.23325
2021-01-17 18:50:00,174.23325
2021-01-17 18:50:00,174.23325
2021-01-17 18:50:00,174.23325
2021-01-17 18:50:00,174.23325
2021-01-17 18:50:00,174.23325
2021-01-17 19:00:00,174.11963
2021-01-17 19:00:00,174.11963
2021-01-17 19:00:00,174.11963
2021-01-17 19:00:00,174.11963
2021-01-17 19:00:00,174.11963
2021-01-17 19:00:00,174.11963
2021-01-17 19:10:00,174.006
2021-01-17 19:10:00,174.006
2021-01-17 19:10:00,174.006
2021-01-17 19:10:00,174.006
2021-01-17 19:10:00,174.006
2021-01-17 19:10:00,174.006
2021-01-17 19:20:00,173.89238
2021-01-17 19:20:00,173.89238
2021-01-17 19:20:00,173.89238
2021-01-17 19:20:00,173.89238
2021-01-17 19:20:00,173.89238
2021-01-17 19:20:00,173.89238
2021-01-17 19:30:00,173.77876
2021-01-17 19:30:00,173.77876
2021-01-17 19:30:00,173.77876
2021-01-17 19:30:00,173.77876
2021-01-17 19:30:00,173.77876
2021-01-17 19:30:00,173.77876
2021-01-17 19:40:00,173.66513
2021-01-17 19:40:00,173.66513
2021-01-17 19:40:00,173.66513
2021-01-17 19:40:00,173.66513
2021-01-17 19:40:00,173.66513
2021-01-17 19:40:00,173.66513
2021-01-17 19:50:00,173.55151
2021-01-17 19:50:00,173.55151
2021-01-17 19:50:00,173.55151
2021-01-17 19:50:00,173.55151
2021-01-17 19:50:00,173.55151
2021-01-17 19:50:00,173.55151
2021-01-17 20:00:00,173.43788
2021-01-17 20:00:00,173.43788
2021-01-17 20:00:00,173.43788
2021-01-17 20:00:00,173.43788
2021-01-17 20:00:00,173.43788
2021-01-17 20:00:00,173.43788
2021-01-17 20:10:00,173.32426
2021-01-17 20:10:00,173.32426
2021-01-17 20:10:00,173.32426
2021-01-17 20:10:00,173.32426
2021-01-17 20:10:00,173.32426
2021-01-17 20:10:00,173.32426
2021-01-17 20:20:00,173.21063
2021-01-17 20:20:00,173.21063
2021-01-17 20:20:00,173.21063
2021-01-17 20:20:00,173.21063
2021-01-17 20:20:00,173.21063
2021-01-17 20:20:00,173.21063
2021-01-17 20:30:00,173.09702
2021-01-17 20:30:00,173.09702
2021-01-17 20:30:00,173.09702
2021-01-17 20:30:00,173.09702
2021-01-17 20:30:00,173.09702
2021-01-17 20:30:00,173.09702
2021-01-17 20:40:00,172.98338
2021-01-17 20:40:00,172.98338
2021-01-17 20:40:00,172.98338
2021-01-17 20:40:00,172.98338
2021-01-17 20:40:00,172.98338
2021-01-17 20:40:00,172.98338
2021-01-17 20:50:00,172.86977
2021-01-17 20:50:00,172.86977
2021-01-17 20:50:00,172.86977
2021-01-17 20:50:00,172.86977
2021-01-17 20:50:00,172.86977
2021-01-17 20:50:00,172.86977
2021-01-17 21:00:00,172.75613
2021-01-17 21:00:00,172.75613
2021-01-17 21:00:00,172.75613
2021-01-17 21:00:00,172.75613
2021-01-17 21:00:00,172.75613
2021-01-17 21:00:00,172.75613
2021-01-17 21:10:00,172.64252
2021-01-17 21:10:00,172.64252
2021-01-17 21:10:00,172.64252
2021-01-17 21:10:00,172.64252
2021-01-17 21:10:00,172.64252
2021-01-17 21:10:00,172.64252
2021-01-17 21:20:00,172.5289
2021-01-17 21:20:00,172.5289
2021-01-17 21:20:00,172.5289
2021-01-17 21:20:00,172.5289
2021-01-17 21:20:00,172.5289
2021-01-17 21:20:00,172.5289
2021-01-17 21:30:00,172.41527
2021-01-17 21:30:00,172.41527
2021-01-17 21:30:00,172.41527
2021-01-17 21:30:00,172.41527
2021-01-17 21:30:00,172.41527
2021-01-17 21:30:00,172.41527
2021-01-17 21:40:00,172.30165
2021-01-17 21:40:00,172.30165
2021-01-17 21:40:00,172.30165
2021-01-17 21:40:00,172.30165
2021-01-17 21:40:00,172.30165
2021-01-17 21:40:00,172.30165
2021-01-17 21:50:00,172.18802
2021-01-17 21:50:00,172.18802
2021-01-17 21:50:00,172.18802
2021-01-17 21:50:00,172.18802
2021-01-17 21:50:00,172.18802
2021-01-17 21:50:00,172.18802
2021-01-17 22:00:00,172.0744
2021-01-17 22:00:00,172.0744
2021-01-17 22:00:00,172.0744
2021-01-17 22:00:00,172.0744
2021-01-17 22:00:00,172.0744
2021-01-17 22:00:00,172.0744
2021-01-17 22:10:00,171.96077
2021-01-17 22:10:00,171.96077
2021-01-17 22:10:00,171.96077
2021-01-17 22:10:00,171.96077
2021-01-17 22:10:00,171.96077
2021-01-17 22:10:00,171.96077
2021-01-17 22:20:00,171.84715
2021-01-17 22:20:00,171.84715
2021-01-17 22:20:00,171.84715
2021-01-17 22:20:00,171.84715
2021-01-17 22:20:00,171.84715
2021-01-17 22:20:00,171.84715
2021-01-17 22:30:00,171.73352
2021-01-17 22:30:00,171.73352
2021-01-17 22:30:00,171.73352
2021-01-17 22:30:00,171.73352
2021-01-17 22:30:00,171.73352
2021-01-17 22:30:00,171.73352
2021-01-17 22:40:00,171.6199
2021-01-17 22:40:00,171.6199
2021-01-17 22:40:00,171.6199
2021-01-17 22:40:00,171.6199
2021-01-17 22:40:00,171.6199
2021-01-17 22:40:00,171.6199
2021-01-17 22:50:00,171.50629
2021-01-17 22:50:00,171.50629
2021-01-17 22:50:00,171.50629
2021-01-17 22:50:00,171.50629
2021-01-17 22:50:00,171.50629
2021-01-17 22:50:00,171.50629
2021-01-17 23:00:00,171.39265
2021-01-17 23:00:00,171.39265
2021-01-17 23:00:00,171.39265
2021-01-17 23:00:00,171.39265
2021-01-17 23:00:00,171.39265
2021-01-17 23:00:00,171.39265
2021-01-17 23:10:00,171.27904
2021-01-17 23:10:00,171.27904
2021-01-17 23:10:00,171.27904
2021-01-17 23:10:00,171.27904
2021-01-17 23:10:00,171.27904
2021-01-17 23:10:00,171.27904
2021-01-17 23:20:00,171.1654
2021-01-17 23:20:00,171.1654
2021-01-17 23:20:00,171.1654
2021-01-17 23:20:00,171.1654
2021-01-17 23:20:00,171.1654
2021-01-17 23:20:00,171.1654
2021-01-17 23:30:00,171.05179
2021-01-17 23:30:00,171.05179
2021-01-17 23:30:00,171.05179
2021-01-17 23:30:00,171.05179
2021-01-17 23:30:00,171.05179
2021-01-17 23:30:00,171.05179
2021-01-17 23:40:00,170.93816
2021-01-17 23:40:00,170.93816
2021-01-17 23:40:00,170.93816
2021-01-17 23:40:00,170.93816
2021-01-17 23:40:00,170.93816
2021-01-17 23:40:00,170.93816
2021-01-17 23:50:00,170.82454
2021-01-17 23:50:00,170.82454
2021-01-17 23:50:00,170.82454
2021-01-17 23:50:00,170.82454
2021-01-17 23:50:00,170.82454
2021-01-17 23:50:00,170.82454
2021-01-18 00:00:00,170.7109
2021-01-18 00:00:00,170.7109
2021-01-18 00:00:00,170.7109
2021-01-18 00:00:00,170.7109
2021-01-18 00:00:00,170.7109
2021-01-18 00:00:00,170.7109
2021-01-18 00:10:00,170.59729
2021-01-18 00:10:00,170.59729
2021-01-18 00:10:00,170.59729
2021-01-18 00:10:00,170.59729
2021-01-18 00:10:00,170.59729
2021-01-18 00:10:00,170.59729
2021-01-18 00:20:00,170.48367
2021-01-18 00:20:00,170.48367
2021-01-18 00:20:00,170.48367
2021-01-18 00:20:00,170.48367
2021-01-18 00:20:00,170.48367
2021-01-18 00:20:00,170.48367
2021-01-18 00:30:00,170.37004
2021-01-18 00:30:00,170.37004
2021-01-18 00:30:00,170.37004
2021-01-18 00:30:00,170.37004
2021-01-18 00:30:00,170.37004
2021-01-18 00:30:00,170.37004
2021-01-18 00:40:00,170.25642
2021-01-18 00:40:00,170.25642
2021-01-18 00:40:00,170.25642
2021-01-18 00:40:00,170.25642
2021-01-18 00:40:00,170.25642
2021-01-18 00:40:00,170.25642
2021-01-18 00:50:00,170.14279
2021-01-18 00:50:00,170.14279
2021-01-18 00:50:00,170.14279
2021-01-18 00:50:00,170.14279
2021-01-18 00:50:00,170.14279
2021-01-18 00:50:00,170.14279
2021-01-18 01:00:00,170.02917
2021-01-18 01:00:00,170.02917
2021-01-18 01:00:00,170.02917
2021-01-18 01:00:00,170.02917
2021-01-18 01:00:00,170.02917
2021-01-18 01:00:00,170.02917
2021-01-18 01:10:00,169.91554
2021-01-18 01:10:00,169.91554
2021-01-18 01:10:00,169.91554
2021-01-18 01:10:00,169.91554
2021-01-18 01:10:00,169.91554
2021-01-18 01:10:00,169.91554
2021-01-18 01:20:00,169.80193
2021-01-18 01:20:00,169.80193
2021-01-18 01:20:00,169.80193
2021-01-18 01:20:00,169.80193
2021-01-18 01:20:00,169.80193
2021-01-18 01:20:00,169.80193
2021-01-18 01:30:00,169.6883
2021-01-18 01:30:00,169.6883
2021-01-18 01:30:00,169.6883
2021-01-18 01:30:00,169.6883
2021-01-18 01:30:00,169.6883
2021-01-18 01:30:00,169.6883
2021-01-18 01:40:00,169.57468
2021-01-18 01:40:00,169.57468
2021-01-18 01:40:00,169.57468
2021-01-18 01:40:00,169.57468
2021-01-18 01:40:00,169.57468
2021-01-18 01:40:00,169.57468
2021-01-18 01:50:00,169.46106
2021-01-18 01:50:00,169.46106
2021-01-18 01:50:00,169.46106
2021-01-18 01:50:00,169.46106
2021-01-18 01:50:00,169.46106
2021-01-18 01:50:00,169.46106
2021-01-18 02:00:00,169.34743
2021-01-18 02:00:00,169.34743
2021-01-18 02:00:00,169.34743
2021-01-18 02:00:00,169.34743
2021-01-18 02:00:00,169.34743
2021-01-18 02:00:00,169.34743
2021-01-18 02:10:00,169.23381
2021-01-18 02:10:00,169.23381
2021-01-18 02:10:00,169.23381
2021-01-18 02:10:00,169.23381
2021-01-18 02:10:00,169.23381
2021-01-18 02:10:00,169.23381
2021-01-18 02:20:00,169.12018
2021-01-18 02:20:00,169.12018
2021-01-18 02:20:00,169.12018
2021-01-18 02:20:00,169.12018
2021-01-18 02:20:00,169.12018
2021-01-18 02:20:00,169.12018
2021-01-18 02:30:00,169.00656
2021-01-18 02:30:00,169.00656
2021-01-18 02:30:00,169.00656
2021-01-18 02:30:00,169.00656
2021-01-18 02:30:00,169.00656
2021-01-18 02:30:00,169.00656
2021-01-18 02:40:00,168.89293
2021-01-18 02:40:00,168.89293
2021-01-18 02:40:00,168.89293
2021-01-18 02:40:00,168.89293
2021-01-18 02:40:00,168.89293
2021-01-18 02:40:00,168.89293
2021-01-18 02:50:00,168.77931
2021-01-18 02:50:00,168.77931
2021-01-18 02:50:00,168.77931
2021-01-18 02:50:00,168.77931
2021-01-18 02:50:00,168.77931
2021-01-18 02:50:00,168.77931
2021-01-18 03:00:00,168.66568
2021-01-18 03:00:00,168.66568
2021-01-18 03:00:00,168.66568
2021-01-18 03:00:00,168.66568
2021-01-18 03:00:00,168.66568
2021-01-18 03:00:00,168.66568
2021-01-18 03:10:00,168.55206
2021-01-18 03:10:00,168.55206
2021-01-18 03:10:00,168.55206
2021-01-18 03:10:00,168.55206
2021-01-18 03:10:00,168.55206
2021-01-18 03:10:00,168.55206
2021-01-18 03:20:00,168.43843
2021-01-18 03:20:00,168.43843
2021-01-18 03:20:00,168.43843
2021-01-18 03:20:00,168.43843
2021-01-18 03:20:00,168.43843
2021-01-18 03:20:00,168.43843
2021-01-18 03:30:00,168.32481
2021-01-18 03:30:00,168.32481
2021-01-18 03:30:00,168.32481
2021-01-18 03:30:00,168.32481
2021-01-18 03:30:00,168.32481
2021-01-18 03:30:00,168.32481
2021-01-18 03:40:00,168.2112
2021-01-18 03:40:00,168.2112
2021-01-18 03:40:00,168.2112
2021-01-18 03:40:00,168.2112
2021-01-18 03:40:00,168.2112
2021-01-18 03:40:00,168.2112
2021-01-18 03:50:00,168.09756
2021-01-18 03:50:00,168.09756
2021-01-18 03:50:00,168.09756
2021-01-18 03:50:00,168.09756
2021-01-18 03:50:00,168.09756
2021-01-18 03:50:00,168.09756
2021-01-18 04:00:00,167.98395
2021-01-18 04:00:00,167.98395
2021-01-18 04:00:00,167.98395
2021-01-18 04:00:00,167.98395
2021-01-18 04:00:00,167.98395
2021-01-18 04:00:00,167.98395
2021-01-18 04:10:00,167.87032
2021-01-18 04:10:00,167.87032
2021-01-18 04:10:00,167.87032
2021-01-18 04:10:00,167.87032
2021-01-18 04:10:00,167.87032
2021-01-18 04:10:00,167.87032
2021-01-18 04:20:00,167.7567
2021-01-18 04:20:00,167.7567
2021-01-18 04:20:00,167.7567
2021-01-18 04:20:00,167.7567
2021-01-18 04:20:00,167.7567
2021-01-18 04:20:00,167.7567
2021-01-18 04:30:00,167.64307
2021-01-18 04:30:00,167.64307
2021-01-18 04:30:00,167.64307
2021-01-18 04:30:00,167.64307
2021-01-18 04:30:00,167.64307
2021-01-18 04:30:00,167.64307
2021-01-18 04:40:00,167.52945
2021-01-18 04:40:00,167.52945
2021-01-18 04:40:00,167.52945
2021-01-18 04:40:00,167.52945
2021-01-18 04:40:00,167.52945
2021-01-18 04:40:00,167.52945
2021-01-18 04:50:00,167.41582
2021-01-18 04:50:00,167.41582
2021-01-18 04:50:00,167.41582
2021-01-18 04:50:00,167.41582
2021-01-18 04:50:00,167.41582
2021-01-18 04:50:00,167.41582
2021-01-18 05:00:00,167.3022
2021-01-18 05:00:00,167.3022
2021-01-18 05:00:00,167.3022
2021-01-18 05:00:00,167.3022
2021-01-18 05:00:00,167.3022
2021-01-18 05:00:00,167.3022
2021-01-18 05:10:00,167.18858
2021-01-18 05:10:00,167.18858
2021-01-18 05:10:00,167.18858
2021-01-18 05:10:00,167.18858
2021-01-18 05:10:00,167.18858
2021-01-18 05:10:00,167.18858
2021-01-18 05:20:00,167.07495
2021-01-18 05:20:00,167.07495
2021-01-18 05:20:00,167.07495
2021-01-18 05:20:00,167.07495
2021-01-18 05:20:00,167.07495
2021-01-18 05:20:00,167.07495
2021-01-18 05:30:00,166.96133
2021-01-18 05:30:00,166.96133
2021-01-18 05:30:00,166.96133
2021-01-18 05:30:00,166.96133
2021-01-18 05:30:00,166.96133
2021-01-18 05:30:00,166.96133
2021-01-18 05:40:00,166.8477
2021-01-18 05:40:00,166.8477
2021-01-18 05:40:00,166.8477
2021-01-18 05:40:00,166.8477
2021-01-18 05:40:00,166.8477
2021-01-18 05:40:00,166.8477
2021-01-18 05:50:00,166.73409
2021-01-18 05:50:00,166.73409
2021-01-18 05:50:00,166.73409
2021-01-18 05:50:00,166.73409
2021-01-18 05:50:00,166.73409
2021-01-18 05:50:00,166.73409
2021-01-18 06:00:00,166.62045
2021-01-18 06:00:00,166.62045
2021-01-18 06:00:00,166.62045
2021-01-18 06:00:00,166.62045
2021-01-18 06:00:00,166.62045
2021-01-18 06:00:00,166.62045
2021-01-18 06:10:00,166.50684
2021-01-18 06:10:00,166.50684
2021-01-18 06:10:00,166.50684
2021-01-18 06:10:00,166.50684
2021-01-18 06:10:00,166.50684
2021-01-18 06:10:00,166.50684
2021-01-18 06:20:00,166.3932
2021-01-18 06:20:00,166.3932
2021-01-18 06:20:00,166.3932
2021-01-18 06:20:00,166.3932
2021-01-18 06:20:00,166.3932
2021-01-18 06:20:00,166.3932
2021-01-18 06:30:00,166.27959
2021-01-18 06:30:00,166.27959
2021-01-18 06:30:00,166.27959
2021-01-18 06:30:00,166.27959
2021-01-18 06:30:00,166.27959
2021-01-18 06:30:00,166.27959
2021-01-18 06:40:00,166.16597
2021-01-18 06:40:00,166.16597
2021-01-18 06:40:00,166.16597
2021-01-18 06:40:00,166.16597
2021-01-18 06:40:00,166.16597
2021-01-18 06:40:00,166.16597
2021-01-18 06:50:00,166.05234
2021-01-18 06:50:00,166.05234
2021-01-18 06:50:00,166.05234
2021-01-18 06:50:00,166.05234
2021-01-18 06:50:00,166.05234
2021-01-18 06:50:00,166.05234
2021-01-18 07:00:00,165.93872
2021-01-18 07:00:00,165.93872
2021-01-18 07:00:00,165.93872
2021-01-18 07:00:00,165.93872
2021-01-18 07:00:00,165.93872
2021-01-18 07:00:00,165.93872
2021-01-18 07:10:00,165.82509
2021-01-18 07:10:00,165.82509
2021-01-18 07:10:00,165.82509
2021-01-18 07:10:00,165.82509
2021-01-18 07:10:00,165.82509
2021-01-18 07:10:00,165.82509
2021-01-18 07:20:00,165.71147
2021-01-18 07:20:00,165.71147
2021-01-18 07:20:00,165.71147
2021-01-18 07:20:00,165.71147
2021-01-18 07:20:00,165.71147
2021-01-18 07:20:00,165.71147
2021-01-18 07:30:00,165.59784
2021-01-18 07:30:00,165.59784
2021-01-18 07:30:00,165.59784
2021-01-18 07:30:00,165.59784
2021-01-18 07:30:00,165.59784
2021-01-18 07:30:00,165.59784
2021-01-18 07:40:00,165.48422
2021-01-18 07:40:00,165.48422
2021-01-18 07:40:00,165.48422
2021-01-18 07:40:00,165.48422
2021-01-18 07:40:00,165.48422
2021-01-18 07:40:00,165.48422
2021-01-18 07:50:00,165.37059
2021-01-18 07:50:00,165.37059
2021-01-18 07:50:00,165.37059
2021-01-18 07:50:00,165.37059
2021-01-18 07:50:00,165.37059
2021-01-18 07:50:00,165.37059
2021-01-18 08:00:00,165.25697
2021-01-18 08:00:00,165.25697
2021-01-18 08:00:00,165.25697
2021-01-18 08:00:00,165.25697
2021-01-18 08:00:00,165.25697
2021-01-18 08:00:00,165.25697
2021-01-18 08:10:00,165.14336
2021-01-18 08:10:00,165.14336
2021-01-18 08:10:00,165.14336
2021-01-18 08:10:00,165.14336
2021-01-18 08:10:00,165.14336
2021-01-18 08:10:00,165.14336
2021-01-18 08:20:00,165.02972
2021-01-18 08:20:00,165.02972
2021-01-18 08:20:00,165.02972
2021-01-18 08:20:00,165.02972
2021-01-18 08:20:00,165.02972
2021-01-18 08:20:00,165.02972
2021-01-18 08:30:00,164.9161
2021-01-18 08:30:00,164.9161
2021-01-18 08:30:00,164.9161
2021-01-18 08:30:00,164.9161
2021-01-18 08:30:00,164.9161
2021-01-18 08:30:00,164.9161
2021-01-18 08:40:00,164.80247
2021-01-18 08:40:00,164.80247
2021-01-18 08:40:00,164.80247
2021-01-18 08:40:00,164.80247
2021-01-18 08:40:00,164.80247
2021-01-18 08:40:00,164.80247
2021-01-18 08:50:00,164.68886
2021-01-18 08:50:00,164.68886
2021-01-18 08:50:00,164.68886
2021-01-18 08:50:00,164.68886
2021-01-18 08:50:00,164.68886
2021-01-18 08:50:00,164.68886
2021-01-18 09:00:00,164.57523
2021-01-18 09:00:00,164.57523
2021-01-18 09:00:00,164.57523
2021-01-18 09:00:00,164.57523
2021-01-18 09:00:00,164.57523
2021-01-18 09:00:00,164.57523
2021-01-18 09:10:00,164.46161
2021-01-18 09:10:00,164.46161
2021-01-18 09:10:00,164.46161
2021-01-18 09:10:00,164.46161
2021-01-18 09:10:00,164.46161
2021-01-18 09:10:00,164.46161
2021-01-18 09:20:00,164.34798
2021-01-18 09:20:00,164.34798
2021-01-18 09:20:00,164.34798
2021-01-18 09:20:00,164.34798
2021-01-18 09:20:00,164.34798
2021-01-18 09:20:00,164.34798
2021-01-18 09:30:00,164.23436
2021-01-18 09:30:00,164.23436
2021-01-18 09:30:00,164.23436
2021-01-18 09:30:00,164.23436
2021-01-18 09:30:00,164.23436
2021-01-18 09:30:00,164.23436
2021-01-18 09:40:00,164.12074
2021-01-18 09:40:00,164.12074
2021-01-18 09:40:00,164.12074
2021-01-18 09:40:00,164.12074
2021-01-18 09:40:00,164.12074
2021-01-18 09:40:00,164.12074
2021-01-18 09:50:00,164.00711
2021-01-18 09:50:00,164.00711
2021-01-18 09:50:00,164.00711
2021-01-18 09:50:00,164.00711
2021-01-18 09:50:00,164.00711
2021-01-18 09:50:00,164.00711
2021-01-18 10:00:00,163.8935
2021-01-18 10:00:00,163.8935
2021-01-18 10:00:00,163.8935
2021-01-18 10:00:00,163.8935
2021-01-18 10:00:00,163.8935
2021-01-18 10:00:00,163.8935
2021-01-18 10:10:00,163.77986
2021-01-18 10:10:00,163.77986
2021-01-18 10:10:00,163.77986
2021-01-18 10:10:00,163.77986
2021-01-18 10:10:00,163.77986
2021-01-18 10:10:00,163.77986
2021-01-18 10:20:00,163.66624
2021-01-18 10:20:00,163.66624
2021-01-18 10:20:00,163.66624
2021-01-18 10:20:00,163.66624
2021-01-18 10:20:00,163.66624
2021-01-18 10:20:00,163.66624
2021-01-18 10:30:00,163.55261
2021-01-18 10:30:00,163.55261
2021-01-18 10:30:00,163.55261
2021-01-18 10:30:00,163.55261
2021-01-18 10:30:00,163.55261
2021-01-18 10:30:00,163.55261
2021-01-18 10:40:00,163.439
2021-01-18 10:40:00,163.439
2021-01-18 10:40:00,163.439
2021-01-18 10:40:00,163.439
2021-01-18 10:40:00,163.439
2021-01-18 10:40:00,163.439
