timestamp,power_kw
2021-01-01 00:10:00,522.82
2021-01-01 00:20:00,576.42
2021-01-01 00:30:00,489.42
2021-01-01 00:40:00,421.29
2021-01-01 00:50:00,401.5
2021-01-01 01:00:00,304.18
2021-01-01 01:10:00,154.54
2021-01-01 01:20:00,137.59
2021-01-01 01:30:00,154.14
2021-01-01 01:40:00,169.93
2021-01-01 01:50:00,137.86
2021-01-01 02:00:00,121.61
2021-01-01 02:10:00,108.79
2021-01-01 02:10:00,108.79
2021-01-01 02:10:00,108.79
2021-01-01 02:10:00,108.79
2021-01-01 02:10:00,108.79
2021-01-01 02:10:00,108.79
2021-01-01 02:20:00,90.1
2021-01-01 02:20:00,90.1
2021-01-01 02:20:00,90.1
2021-01-01 02:20:00,90.1
2021-01-01 02:20:00,90.1
2021-01-01 02:20:00,90.1
2021-01-01 02:30:00,94.94
2021-01-01 02:30:00,94.94
2021-01-01 02:30:00,94.94
2021-01-01 02:30:00,94.94
2021-01-01 02:30:00,94.94
2021-01-01 02:30:00,94.94
2021-01-01 02:40:00,103.13
2021-01-01 02:40:00,103.13
2021-01-01 02:40:00,103.13
2021-01-01 02:40:00,103.13
2021-01-01 02:40:00,103.13
2021-01-01 02:40:00,103.13
2021-01-01 02:50:00,88.9
2021-01-01 02:50:00,88.9
2021-01-01 02:50:00,88.9
2021-01-01 02:50:00,88.9
2021-01-01 02:50:00,88.9
2021-01-01 02:50:00,88.9
2021-01-01 03:00:00,72.99
2021-01-01 03:00:00,72.99
2021-01-01 03:00:00,72.99
2021-01-01 03:00:00,72.99
2021-01-01 03:00:00,72.99
2021-01-01 03:00:00,72.99
2021-01-01 03:10:00,54.25
2021-01-01 03:10:00,54.25
2021-01-01 03:10:00,54.25
2021-01-01 03:10:00,54.25
2021-01-01 03:10:00,54.25
2021-01-01 03:10:00,54.25
2021-01-01 03:20:00,61.5
2021-01-01 03:20:00,61.5
2021-01-01 03:20:00,61.5
2021-01-01 03:20:00,61.5
2021-01-01 03:20:00,61.5
2021-01-01 03:20:00,61.5
2021-01-01 03:30:00,37.19
2021-01-01 03:30:00,37.19
2021-01-01 03:30:00,37.19
2021-01-01 03:30:00,37.19
2021-01-01 03:30:00,37.19
2021-01-01 03:30:00,37.19
2021-01-01 03:40:00,49.64
2021-01-01 03:40:00,49.64
2021-01-01 03:40:00,49.64
2021-01-01 03:40:00,49.64
2021-01-01 03:40:00,49.64
2021-01-01 03:40:00,49.64
2021-01-01 03:50:00,86.79
2021-01-01 03:50:00,86.79
2021-01-01 03:50:00,86.79
2021-01-01 03:50:00,86.79
2021-01-01 03:50:00,86.79
2021-01-01 03:50:00,86.79
2021-01-01 04:00:00,85.37
2021-01-01 04:00:00,85.37
2021-01-01 04:00:00,85.37
2021-01-01 04:00:00,85.37
2021-01-01 04:00:00,85.37
2021-01-01 04:00:00,85.37
2021-01-01 04:10:00,71.32
2021-01-01 04:10:00,71.32
2021-01-01 04:10:00,71.32
2021-01-01 04:10:00,71.32
2021-01-01 04:10:00,71.32
2021-01-01 04:10:00,71.32
2021-01-01 04:20:00,49.47
2021-01-01 04:20:00,49.47
2021-01-01 04:20:00,49.47
2021-01-01 04:20:00,49.47
2021-01-01 04:20:00,49.47
2021-01-01 04:20:00,49.47
2021-01-01 04:30:00,22.3
2021-01-01 04:30:00,22.3
2021-01-01 04:30:00,22.3
2021-01-01 04:30:00,22.3
2021-01-01 04:30:00,22.3
2021-01-01 04:30:00,22.3
2021-01-01 04:40:00,11.57
2021-01-01 04:40:00,11.57
2021-01-01 04:40:00,11.57
2021-01-01 04:40:00,11.57
2021-01-01 04:40:00,11.57
2021-01-01 04:40:00,11.57
2021-01-01 04:50:00,2.83
2021-01-01 04:50:00,2.83
2021-01-01 04:50:00,2.83
2021-01-01 04:50:00,2.83
2021-01-01 04:50:00,2.83
2021-01-01 04:50:00,2.83
2021-01-01 05:00:00,2.8
2021-01-01 05:00:00,2.8
2021-01-01 05:00:00,2.8
2021-01-01 05:00:00,2.8
2021-01-01 05:00:00,2.8
2021-01-01 05:00:00,2.8
2021-01-01 05:10:00,7.39
2021-01-01 05:10:00,7.39
2021-01-01 05:10:00,7.39
2021-01-01 05:10:00,7.39
2021-01-01 05:10:00,7.39
2021-01-01 05:10:00,7.39
2021-01-01 05:20:00,16.37
2021-01-01 05:20:00,16.37
2021-01-01 05:20:00,16.37
2021-01-01 05:20:00,16.37
2021-01-01 05:20:00,16.37
2021-01-01 05:20:00,16.37
2021-01-01 05:30:00,8.79
2021-01-01 05:30:00,8.79
2021-01-01 05:30:00,8.79
2021-01-01 05:30:00,8.79
2021-01-01 05:30:00,8.79
2021-01-01 05:30:00,8.79
2021-01-01 05:40:00,18.91
2021-01-01 05:40:00,18.91
2021-01-01 05:40:00,18.91
2021-01-01 05:40:00,18.91
2021-01-01 05:40:00,18.91
2021-01-01 05:40:00,18.91
2021-01-01 05:50:00,23.97
2021-01-01 05:50:00,23.97
2021-01-01 05:50:00,23.97
2021-01-01 05:50:00,23.97
2021-01-01 05:50:00,23.97
2021-01-01 05:50:00,23.97
2021-01-01 06:00:00,21.27
2021-01-01 06:00:00,21.27
2021-01-01 06:00:00,21.27
2021-01-01 06:00:00,21.27
2021-01-01 06:00:00,21.27
2021-01-01 06:00:00,21.27
2021-01-01 06:10:00,5.78
2021-01-01 06:10:00,5.78
2021-01-01 06:10:00,5.78
2021-01-01 06:10:00,5.78
2021-01-01 06:10:00,5.78
2021-01-01 06:10:00,5.78
2021-01-01 06:20:00,13.52
2021-01-01 06:20:00,13.52
2021-01-01 06:20:00,13.52
2021-01-01 06:20:00,13.52
2021-01-01 06:20:00,13.52
2021-01-01 06:20:00,13.52
2021-01-01 06:30:00,20.63
2021-01-01 06:30:00,20.63
2021-01-01 06:30:00,20.63
2021-01-01 06:30:00,20.63
2021-01-01 06:30:00,20.63
2021-01-01 06:30:00,20.63
2021-01-01 06:40:00,22.44
2021-01-01 06:40:00,22.44
2021-01-01 06:40:00,22.44
2021-01-01 06:40:00,22.44
2021-01-01 06:40:00,22.44
2021-01-01 06:40:00,22.44
2021-01-01 06:50:00,24.26
2021-01-01 06:50:00,24.26
2021-01-01 06:50:00,24.26
2021-01-01 06:50:00,24.26
2021-01-01 06:50:00,24.26
2021-01-01 06:50:00,24.26
2021-01-01 07:00:00,18.85
2021-01-01 07:00:00,18.85
2021-01-01 07:00:00,18.85
2021-01-01 07:00:00,18.85
2021-01-01 07:00:00,18.85
2021-01-01 07:00:00,18.85
2021-01-01 07:10:00,17.1
2021-01-01 07:10:00,17.1
2021-01-01 07:10:00,17.1
2021-01-01 07:10:00,17.1
2021-01-01 07:10:00,17.1
2021-01-01 07:10:00,17.1
2021-01-01 07:20:00,5.36
2021-01-01 07:20:00,5.36
2021-01-01 07:20:00,5.36
2021-01-01 07:20:00,5.36
2021-01-01 07:20:00,5.36
2021-01-01 07:20:00,5.36
2021-01-01 07:30:00,6.87
2021-01-01 07:30:00,6.87
2021-01-01 07:30:00,6.87
2021-01-01 07:30:00,6.87
2021-01-01 07:30:00,6.87
2021-01-01 07:30:00,6.87
2021-01-01 07:40:00,5.52
2021-01-01 07:40:00,5.52
2021-01-01 07:40:00,5.52
2021-01-01 07:40:00,5.52
2021-01-01 07:40:00,5.52
2021-01-01 07:40:00,5.52
2021-01-01 07:50:00,7.34
2021-01-01 07:50:00,7.34
2021-01-01 07:50:00,7.34
2021-01-01 07:50:00,7.34
2021-01-01 07:50:00,7.34
2021-01-01 07:50:00,7.34
2021-01-01 08:00:00,0.0
2021-01-01 08:00:00,0.0
2021-01-01 08:00:00,0.0
2021-01-01 08:00:00,0.0
2021-01-01 08:00:00,0.0
2021-01-01 08:00:00,0.0
2021-01-01 08:10:00,0.0
2021-01-01 08:10:00,0.0
2021-01-01 08:10:00,0.0
2021-01-01 08:10:00,0.0
2021-01-01 08:10:00,0.0
2021-01-01 08:10:00,0.0
2021-01-01 08:20:00,0.0
2021-01-01 08:20:00,0.0
2021-01-01 08:20:00,0.0
2021-01-01 08:20:00,0.0
2021-01-01 08:20:00,0.0
2021-01-01 08:20:00,0.0
2021-01-01 08:30:00,0.0
2021-01-01 08:30:00,0.0
2021-01-01 08:30:00,0.0
2021-01-01 08:30:00,0.0
2021-01-01 08:30:00,0.0
2021-01-01 08:30:00,0.0
2021-01-01 08:40:00,0.0
2021-01-01 08:40:00,0.0
2021-01-01 08:40:00,0.0
2021-01-01 08:40:00,0.0
2021-01-01 08:40:00,0.0
2021-01-01 08:40:00,0.0
2021-01-01 08:50:00,0.0
2021-01-01 08:50:00,0.0
2021-01-01 08:50:00,0.0
2021-01-01 08:50:00,0.0
2021-01-01 08:50:00,0.0
2021-01-01 08:50:00,0.0
2021-01-01 09:00:00,0.0
2021-01-01 09:00:00,0.0
2021-01-01 09:00:00,0.0
2021-01-01 09:00:00,0.0
2021-01-01 09:00:00,0.0
2021-01-01 09:00:00,0.0
2021-01-01 09:10:00,0.0
2021-01-01 09:10:00,0.0
2021-01-01 09:10:00,0.0
2021-01-01 09:10:00,0.0
2021-01-01 09:10:00,0.0
2021-01-01 09:10:00,0.0
2021-01-01 09:20:00,0.0
2021-01-01 09:20:00,0.0
2021-01-01 09:20:00,0.0
2021-01-01 09:20:00,0.0
2021-01-01 09:20:00,0.0
2021-01-01 09:20:00,0.0
2021-01-01 09:30:00,0.0
2021-01-01 09:30:00,0.0
2021-01-01 09:30:00,0.0
2021-01-01 09:30:00,0.0
2021-01-01 09:30:00,0.0
2021-01-01 09:30:00,0.0
2021-01-01 09:40:00,0.0
2021-01-01 09:40:00,0.0
2021-01-01 09:40:00,0.0
2021-01-01 09:40:00,0.0
2021-01-01 09:40:00,0.0
2021-01-01 09:40:00,0.0
2021-01-01 09:50:00,0.0
2021-01-01 09:50:00,0.0
2021-01-01 09:50:00,0.0
2021-01-01 09:50:00,0.0
2021-01-01 09:50:00,0.0
2021-01-01 09:50:00,0.0
2021-01-01 10:00:00,0.0
2021-01-01 10:00:00,0.0
2021-01-01 10:00:00,0.0
2021-01-01 10:00:00,0.0
2021-01-01 10:00:00,0.0
2021-01-01 10:00:00,0.0
2021-01-01 10:10:00,0.0
2021-01-01 10:10:00,0.0
2021-01-01 10:10:00,0.0
2021-01-01 10:10:00,0.0
2021-01-01 10:10:00,0.0
2021-01-01 10:10:00,0.0
2021-01-01 10:20:00,0.0
2021-01-01 10:20:00,0.0
2021-01-01 10:20:00,0.0
2021-01-01 10:20:00,0.0
2021-01-01 10:20:00,0.0
2021-01-01 10:20:00,0.0
2021-01-01 10:30:00,0.0
2021-01-01 10:30:00,0.0
2021-01-01 10:30:00,0.0
2021-01-01 10:30:00,0.0
2021-01-01 10:30:00,0.0
2021-01-01 10:30:00,0.0
2021-01-01 10:40:00,0.0
2021-01-01 10:40:00,0.0
2021-01-01 10:40:00,0.0
2021-01-01 10:40:00,0.0
2021-01-01 10:40:00,0.0
2021-01-01 10:40:00,0.0
2021-01-01 10:50:00,0.0
2021-01-01 10:50:00,0.0
2021-01-01 10:50:00,0.0
2021-01-01 10:50:00,0.0
2021-01-01 10:50:00,0.0
2021-01-01 10:50:00,0.0
2021-01-01 11:00:00,0.0
2021-01-01 11:00:00,0.0
2021-01-01 11:00:00,0.0
2021-01-01 11:00:00,0.0
2021-01-01 11:00:00,0.0
2021-01-01 11:00:00,0.0
2021-01-01 11:10:00,0.0
2021-01-01 11:10:00,0.0
2021-01-01 11:10:00,0.0
2021-01-01 11:10:00,0.0
2021-01-01 11:10:00,0.0
2021-01-01 11:10:00,0.0
2021-01-01 11:20:00,0.0
2021-01-01 11:20:00,0.0
2021-01-01 11:20:00,0.0
2021-01-01 11:20:00,0.0
2021-01-01 11:20:00,0.0
2021-01-01 11:20:00,0.0
2021-01-01 11:30:00,0.0
2021-01-01 11:30:00,0.0
2021-01-01 11:30:00,0.0
2021-01-01 11:30:00,0.0
2021-01-01 11:30:00,0.0
2021-01-01 11:30:00,0.0
2021-01-01 11:40:00,0.0
2021-01-01 11:40:00,0.0
2021-01-01 11:40:00,0.0
2021-01-01 11:40:00,0.0
2021-01-01 11:40:00,0.0
2021-01-01 11:40:00,0.0
2021-01-01 11:50:00,0.0
2021-01-01 11:50:00,0.0
2021-01-01 11:50:00,0.0
2021-01-01 11:50:00,0.0
2021-01-01 11:50:00,0.0
2021-01-01 11:50:00,0.0
2021-01-01 12:00:00,0.0
2021-01-01 12:00:00,0.0
2021-01-01 12:00:00,0.0
2021-01-01 12:00:00,0.0
2021-01-01 12:00:00,0.0
2021-01-01 12:00:00,0.0
2021-01-01 12:10:00,0.0
2021-01-01 12:10:00,0.0
2021-01-01 12:10:00,0.0
2021-01-01 12:10:00,0.0
2021-01-01 12:10:00,0.0
2021-01-01 12:10:00,0.0
2021-01-01 12:20:00,0.0
2021-01-01 12:20:00,0.0
2021-01-01 12:20:00,0.0
2021-01-01 12:20:00,0.0
2021-01-01 12:20:00,0.0
2021-01-01 12:20:00,0.0
2021-01-01 12:30:00,0.0
2021-01-01 12:30:00,0.0
2021-01-01 12:30:00,0.0
2021-01-01 12:30:00,0.0
2021-01-01 12:30:00,0.0
2021-01-01 12:30:00,0.0
2021-01-01 12:40:00,0.0
2021-01-01 12:40:00,0.0
2021-01-01 12:40:00,0.0
2021-01-01 12:40:00,0.0
2021-01-01 12:40:00,0.0
2021-01-01 12:40:00,0.0
2021-01-01 12:50:00,0.0
2021-01-01 12:50:00,0.0
2021-01-01 12:50:00,0.0
2021-01-01 12:50:00,0.0
2021-01-01 12:50:00,0.0
2021-01-01 12:50:00,0.0
2021-01-01 13:00:00,0.0
2021-01-01 13:00:00,0.0
2021-01-01 13:00:00,0.0
2021-01-01 13:00:00,0.0
2021-01-01 13:00:00,0.0
2021-01-01 13:00:00,0.0
2021-01-01 13:10:00,0.0
2021-01-01 13:10:00,0.0
2021-01-01 13:10:00,0.0
2021-01-01 13:10:00,0.0
2021-01-01 13:10:00,0.0
2021-01-01 13:10:00,0.0
2021-01-01 13:20:00,0.0
2021-01-01 13:20:00,0.0
2021-01-01 13:20:00,0.0
2021-01-01 13:20:00,0.0
2021-01-01 13:20:00,0.0
2021-01-01 13:20:00,0.0
2021-01-01 13:30:00,0.0
2021-01-01 13:30:00,0.0
2021-01-01 13:30:00,0.0
2021-01-01 13:30:00,0.0
2021-01-01 13:30:00,0.0
2021-01-01 13:30:00,0.0
2021-01-01 13:40:00,0.0
2021-01-01 13:40:00,0.0
2021-01-01 13:40:00,0.0
2021-01-01 13:40:00,0.0
2021-01-01 13:40:00,0.0
2021-01-01 13:40:00,0.0
2021-01-01 13:50:00,0.0
2021-01-01 13:50:00,0.0
2021-01-01 13:50:00,0.0
2021-01-01 13:50:00,0.0
2021-01-01 13:50:00,0.0
2021-01-01 13:50:00,0.0
2021-01-01 14:00:00,0.0
2021-01-01 14:00:00,0.0
2021-01-01 14:00:00,0.0
2021-01-01 14:00:00,0.0
2021-01-01 14:00:00,0.0
2021-01-01 14:00:00,0.0
2021-01-01 14:10:00,0.0
2021-01-01 14:10:00,0.0
2021-01-01 14:10:00,0.0
2021-01-01 14:10:00,0.0
2021-01-01 14:10:00,0.0
2021-01-01 14:10:00,0.0
2021-01-01 14:20:00,0.0
2021-01-01 14:20:00,0.0
2021-01-01 14:20:00,0.0
2021-01-01 14:20:00,0.0
2021-01-01 14:20:00,0.0
2021-01-01 14:20:00,0.0
2021-01-01 14:30:00,0.0
2021-01-01 14:30:00,0.0
2021-01-01 14:30:00,0.0
2021-01-01 14:30:00,0.0
2021-01-01 14:30:00,0.0
2021-01-01 14:30:00,0.0
2021-01-01 14:40:00,0.0
2021-01-01 14:40:00,0.0
2021-01-01 14:40:00,0.0
2021-01-01 14:40:00,0.0
2021-01-01 14:40:00,0.0
2021-01-01 14:40:00,0.0
2021-01-01 14:50:00,0.0
2021-01-01 14:50:00,0.0
2021-01-01 14:50:00,0.0
2021-01-01 14:50:00,0.0
2021-01-01 14:50:00,0.0
2021-01-01 14:50:00,0.0
2021-01-01 15:00:00,0.0
2021-01-01 15:00:00,0.0
2021-01-01 15:00:00,0.0
2021-01-01 15:00:00,0.0
2021-01-01 15:00:00,0.0
2021-01-01 15:00:00,0.0
2021-01-01 15:10:00,0.0
2021-01-01 15:10:00,0.0
2021-01-01 15:10:00,0.0
2021-01-01 15:10:00,0.0
2021-01-01 15:10:00,0.0
2021-01-01 15:10:00,0.0
2021-01-01 15:20:00,0.0
2021-01-01 15:20:00,0.0
2021-01-01 15:20:00,0.0
2021-01-01 15:20:00,0.0
2021-01-01 15:20:00,0.0
2021-01-01 15:20:00,0.0
2021-01-01 15:30:00,0.0
2021-01-01 15:30:00,0.0
2021-01-01 15:30:00,0.0
2021-01-01 15:30:00,0.0
2021-01-01 15:30:00,0.0
2021-01-01 15:30:00,0.0
2021-01-01 15:40:00,0.0
2021-01-01 15:40:00,0.0
2021-01-01 15:40:00,0.0
2021-01-01 15:40:00,0.0
2021-01-01 15:40:00,0.0
2021-01-01 15:40:00,0.0
2021-01-01 15:50:00,0.0
2021-01-01 15:50:00,0.0
2021-01-01 15:50:00,0.0
2021-01-01 15:50:00,0.0
2021-01-01 15:50:00,0.0
2021-01-01 15:50:00,0.0
2021-01-01 16:00:00,0.0
2021-01-01 16:00:00,0.0
2021-01-01 16:00:00,0.0
2021-01-01 16:00:00,0.0
2021-01-01 16:00:00,0.0
2021-01-01 16:00:00,0.0
2021-01-01 16:10:00,0.0
2021-01-01 16:10:00,0.0
2021-01-01 16:10:00,0.0
2021-01-01 16:10:00,0.0
2021-01-01 16:10:00,0.0
2021-01-01 16:10:00,0.0
2021-01-01 16:20:00,0.0
2021-01-01 16:20:00,0.0
2021-01-01 16:20:00,0.0
2021-01-01 16:20:00,0.0
2021-01-01 16:20:00,0.0
2021-01-01 16:20:00,0.0
2021-01-01 16:30:00,0.0
2021-01-01 16:30:00,0.0
2021-01-01 16:30:00,0.0
2021-01-01 16:30:00,0.0
2021-01-01 16:30:00,0.0
2021-01-01 16:30:00,0.0
2021-01-01 16:40:00,0.0
2021-01-01 16:40:00,0.0
2021-01-01 16:40:00,0.0
2021-01-01 16:40:00,0.0
2021-01-01 16:40:00,0.0
2021-01-01 16:40:00,0.0
2021-01-01 16:50:00,0.0
2021-01-01 16:50:00,0.0
2021-01-01 16:50:00,0.0
2021-01-01 16:50:00,0.0
2021-01-01 16:50:00,0.0
2021-01-01 16:50:00,0.0
2021-01-01 17:00:00,0.0
2021-01-01 17:00:00,0.0
2021-01-01 17:00:00,0.0
2021-01-01 17:00:00,0.0
2021-01-01 17:00:00,0.0
2021-01-01 17:00:00,0.0
2021-01-01 17:10:00,0.0
2021-01-01 17:10:00,0.0
2021-01-01 17:10:00,0.0
2021-01-01 17:10:00,0.0
2021-01-01 17:10:00,0.0
2021-01-01 17:10:00,0.0
2021-01-01 17:20:00,0.0
2021-01-01 17:20:00,0.0
2021-01-01 17:20:00,0.0
2021-01-01 17:20:00,0.0
2021-01-01 17:20:00,0.0
2021-01-01 17:20:00,0.0
2021-01-01 17:30:00,0.0
2021-01-01 17:30:00,0.0
2021-01-01 17:30:00,0.0
2021-01-01 17:30:00,0.0
2021-01-01 17:30:00,0.0
2021-01-01 17:30:00,0.0
2021-01-01 17:40:00,76.73
2021-01-01 17:40:00,76.73
2021-01-01 17:40:00,76.73
2021-01-01 17:40:00,76.73
2021-01-01 17:40:00,76.73
2021-01-01 17:40:00,76.73
2021-01-01 17:50:00,80.78
2021-01-01 17:50:00,80.78
2021-01-01 17:50:00,80.78
2021-01-01 17:50:00,80.78
2021-01-01 17:50:00,80.78
2021-01-01 17:50:00,80.78
2021-01-01 18:00:00,83.63
2021-01-01 18:00:00,83.63
2021-01-01 18:00:00,83.63
2021-01-01 18:00:00,83.63
2021-01-01 18:00:00,83.63
2021-01-01 18:00:00,83.63
2021-01-01 18:10:00,74.07
2021-01-01 18:10:00,74.07
2021-01-01 18:10:00,74.07
2021-01-01 18:10:00,74.07
2021-01-01 18:10:00,74.07
2021-01-01 18:10:00,74.07
2021-01-01 18:20:00,70.93
2021-01-01 18:20:00,70.93
2021-01-01 18:20:00,70.93
2021-01-01 18:20:00,70.93
2021-01-01 18:20:00,70.93
2021-01-01 18:20:00,70.93
2021-01-01 18:30:00,55.37
2021-01-01 18:30:00,55.37
2021-01-01 18:30:00,55.37
2021-01-01 18:30:00,55.37
2021-01-01 18:30:00,55.37
2021-01-01 18:30:00,55.37
2021-01-01 18:40:00,68.04
2021-01-01 18:40:00,68.04
2021-01-01 18:40:00,68.04
2021-01-01 18:40:00,68.04
2021-01-01 18:40:00,68.04
2021-01-01 18:40:00,68.04
2021-01-01 18:50:00,55.99
2021-01-01 18:50:00,55.99
2021-01-01 18:50:00,55.99
2021-01-01 18:50:00,55.99
2021-01-01 18:50:00,55.99
2021-01-01 18:50:00,55.99
2021-01-01 19:00:00,41.21
2021-01-01 19:00:00,41.21
2021-01-01 19:00:00,41.21
2021-01-01 19:00:00,41.21
2021-01-01 19:00:00,41.21
2021-01-01 19:00:00,41.21
2021-01-01 19:10:00,18.55
2021-01-01 19:10:00,18.55
2021-01-01 19:10:00,18.55
2021-01-01 19:10:00,18.55
2021-01-01 19:10:00,18.55
2021-01-01 19:10:00,18.55
2021-01-01 19:20:00,0.0
2021-01-01 19:20:00,0.0
2021-01-01 19:20:00,0.0
2021-01-01 19:20:00,0.0
2021-01-01 19:20:00,0.0
2021-01-01 19:20:00,0.0
2021-01-01 19:30:00,0.0
2021-01-01 19:30:00,0.0
2021-01-01 19:30:00,0.0
2021-01-01 19:30:00,0.0
2021-01-01 19:30:00,0.0
2021-01-01 19:30:00,0.0
2021-01-01 19:40:00,0.0
2021-01-01 19:40:00,0.0
2021-01-01 19:40:00,0.0
2021-01-01 19:40:00,0.0
2021-01-01 19:40:00,0.0
2021-01-01 19:40:00,0.0
2021-01-01 19:50:00,0.0
2021-01-01 19:50:00,0.0
2021-01-01 19:50:00,0.0
2021-01-01 19:50:00,0.0
2021-01-01 19:50:00,0.0
2021-01-01 19:50:00,0.0
2021-01-01 20:00:00,0.0
2021-01-01 20:00:00,0.0
2021-01-01 20:00:00,0.0
2021-01-01 20:00:00,0.0
2021-01-01 20:00:00,0.0
2021-01-01 20:00:00,0.0
2021-01-01 20:10:00,0.0
2021-01-01 20:10:00,0.0
2021-01-01 20:10:00,0.0
2021-01-01 20:10:00,0.0
2021-01-01 20:10:00,0.0
2021-01-01 20:10:00,0.0
2021-01-01 20:20:00,0.0
2021-01-01 20:20:00,0.0
2021-01-01 20:20:00,0.0
2021-01-01 20:20:00,0.0
2021-01-01 20:20:00,0.0
2021-01-01 20:20:00,0.0
2021-01-01 20:30:00,0.0
2021-01-01 20:30:00,0.0
2021-01-01 20:30:00,0.0
2021-01-01 20:30:00,0.0
2021-01-01 20:30:00,0.0
2021-01-01 20:30:00,0.0
2021-01-01 20:40:00,0.0
2021-01-01 20:40:00,0.0
2021-01-01 20:40:00,0.0
2021-01-01 20:40:00,0.0
2021-01-01 20:40:00,0.0
2021-01-01 20:40:00,0.0
2021-01-01 20:50:00,0.0
2021-01-01 20:50:00,0.0
2021-01-01 20:50:00,0.0
2021-01-01 20:50:00,0.0
2021-01-01 20:50:00,0.0
2021-01-01 20:50:00,0.0
2021-01-01 21:00:00,0.0
2021-01-01 21:00:00,0.0
2021-01-01 21:00:00,0.0
2021-01-01 21:00:00,0.0
2021-01-01 21:00:00,0.0
2021-01-01 21:00:00,0.0
2021-01-01 21:10:00,0.0
2021-01-01 21:10:00,0.0
2021-01-01 21:10:00,0.0
2021-01-01 21:10:00,0.0
2021-01-01 21:10:00,0.0
2021-01-01 21:10:00,0.0
2021-01-01 21:20:00,0.0
2021-01-01 21:20:00,0.0
2021-01-01 21:20:00,0.0
2021-01-01 21:20:00,0.0
2021-01-01 21:20:00,0.0
2021-01-01 21:20:00,0.0
2021-01-01 21:30:00,0.0
2021-01-01 21:30:00,0.0
2021-01-01 21:30:00,0.0
2021-01-01 21:30:00,0.0
2021-01-01 21:30:00,0.0
2021-01-01 21:30:00,0.0
2021-01-01 21:40:00,0.0
2021-01-01 21:40:00,0.0
2021-01-01 21:40:00,0.0
2021-01-01 21:40:00,0.0
2021-01-01 21:40:00,0.0
2021-01-01 21:40:00,0.0
2021-01-01 21:50:00,0.0
2021-01-01 21:50:00,0.0
2021-01-01 21:50:00,0.0
2021-01-01 21:50:00,0.0
2021-01-01 21:50:00,0.0
2021-01-01 21:50:00,0.0
2021-01-01 22:00:00,0.0
2021-01-01 22:00:00,0.0
2021-01-01 22:00:00,0.0
2021-01-01 22:00:00,0.0
2021-01-01 22:00:00,0.0
2021-01-01 22:00:00,0.0
2021-01-01 22:10:00,0.0
2021-01-01 22:10:00,0.0
2021-01-01 22:10:00,0.0
2021-01-01 22:10:00,0.0
2021-01-01 22:10:00,0.0
2021-01-01 22:10:00,0.0
2021-01-01 22:20:00,0.0
2021-01-01 22:20:00,0.0
2021-01-01 22:20:00,0.0
2021-01-01 22:20:00,0.0
2021-01-01 22:20:00,0.0
2021-01-01 22:20:00,0.0
2021-01-01 22:30:00,0.0
2021-01-01 22:30:00,0.0
2021-01-01 22:30:00,0.0
2021-01-01 22:30:00,0.0
2021-01-01 22:30:00,0.0
2021-01-01 22:30:00,0.0
2021-01-01 22:40:00,0.0
2021-01-01 22:40:00,0.0
2021-01-01 22:40:00,0.0
2021-01-01 22:40:00,0.0
2021-01-01 22:40:00,0.0
2021-01-01 22:40:00,0.0
2021-01-01 22:50:00,0.0
2021-01-01 22:50:00,0.0
2021-01-01 22:50:00,0.0
2021-01-01 22:50:00,0.0
2021-01-01 22:50:00,0.0
2021-01-01 22:50:00,0.0
2021-01-01 23:00:00,0.0
2021-01-01 23:00:00,0.0
2021-01-01 23:00:00,0.0
2021-01-01 23:00:00,0.0
2021-01-01 23:00:00,0.0
2021-01-01 23:00:00,0.0
2021-01-01 23:10:00,0.0
2021-01-01 23:10:00,0.0
2021-01-01 23:10:00,0.0
2021-01-01 23:10:00,0.0
2021-01-01 23:10:00,0.0
2021-01-01 23:10:00,0.0
2021-01-01 23:20:00,0.0
2021-01-01 23:20:00,0.0
2021-01-01 23:20:00,0.0
2021-01-01 23:20:00,0.0
2021-01-01 23:20:00,0.0
2021-01-01 23:20:00,0.0
2021-01-01 23:30:00,0.0
2021-01-01 23:30:00,0.0
2021-01-01 23:30:00,0.0
2021-01-01 23:30:00,0.0
2021-01-01 23:30:00,0.0
2021-01-01 23:30:00,0.0
2021-01-01 23:40:00,0.0
2021-01-01 23:40:00,0.0
2021-01-01 23:40:00,0.0
2021-01-01 23:40:00,0.0
2021-01-01 23:40:00,0.0
2021-01-01 23:40:00,0.0
2021-01-01 23:50:00,0.0
2021-01-01 23:50:00,0.0
2021-01-01 23:50:00,0.0
2021-01-01 23:50:00,0.0
2021-01-01 23:50:00,0.0
2021-01-01 23:50:00,0.0
2021-01-02 00:00:00,0.0
2021-01-02 00:00:00,0.0
2021-01-02 00:00:00,0.0
2021-01-02 00:00:00,0.0
2021-01-02 00:00:00,0.0
2021-01-02 00:00:00,0.0
2021-01-02 00:10:00,0.0
2021-01-02 00:10:00,0.0
2021-01-02 00:10:00,0.0
2021-01-02 00:10:00,0.0
2021-01-02 00:10:00,0.0
2021-01-02 00:10:00,0.0
2021-01-02 00:20:00,0.0
2021-01-02 00:20:00,0.0
2021-01-02 00:20:00,0.0
2021-01-02 00:20:00,0.0
2021-01-02 00:20:00,0.0
2021-01-02 00:20:00,0.0
2021-01-02 00:30:00,0.0
2021-01-02 00:30:00,0.0
2021-01-02 00:30:00,0.0
2021-01-02 00:30:00,0.0
2021-01-02 00:30:00,0.0
2021-01-02 00:30:00,0.0
2021-01-02 00:40:00,0.0
2021-01-02 00:40:00,0.0
2021-01-02 00:40:00,0.0
2021-01-02 00:40:00,0.0
2021-01-02 00:40:00,0.0
2021-01-02 00:40:00,0.0
2021-01-02 00:50:00,0.0
2021-01-02 00:50:00,0.0
2021-01-02 00:50:00,0.0
2021-01-02 00:50:00,0.0
2021-01-02 00:50:00,0.0
2021-01-02 00:50:00,0.0
2021-01-02 01:00:00,0.0
2021-01-02 01:00:00,0.0
2021-01-02 01:00:00,0.0
2021-01-02 01:00:00,0.0
2021-01-02 01:00:00,0.0
2021-01-02 01:00:00,0.0
2021-01-02 01:10:00,0.0
2021-01-02 01:10:00,0.0
2021-01-02 01:10:00,0.0
2021-01-02 01:10:00,0.0
2021-01-02 01:10:00,0.0
2021-01-02 01:10:00,0.0
2021-01-02 01:20:00,0.0
2021-01-02 01:20:00,0.0
2021-01-02 01:20:00,0.0
2021-01-02 01:20:00,0.0
2021-01-02 01:20:00,0.0
2021-01-02 01:20:00,0.0
2021-01-02 01:30:00,0.0
2021-01-02 01:30:00,0.0
2021-01-02 01:30:00,0.0
2021-01-02 01:30:00,0.0
2021-01-02 01:30:00,0.0
2021-01-02 01:30:00,0.0
2021-01-02 01:40:00,0.0
2021-01-02 01:40:00,0.0
2021-01-02 01:40:00,0.0
2021-01-02 01:40:00,0.0
2021-01-02 01:40:00,0.0
2021-01-02 01:40:00,0.0
2021-01-02 01:50:00,0.0
2021-01-02 01:50:00,0.0
2021-01-02 01:50:00,0.0
2021-01-02 01:50:00,0.0
2021-01-02 01:50:00,0.0
2021-01-02 01:50:00,0.0
2021-01-02 02:00:00,0.0
2021-01-02 02:00:00,0.0
2021-01-02 02:00:00,0.0
2021-01-02 02:00:00,0.0
2021-01-02 02:00:00,0.0
2021-01-02 02:00:00,0.0
2021-01-02 02:10:00,0.0
2021-01-02 02:10:00,0.0
2021-01-02 02:10:00,0.0
2021-01-02 02:10:00,0.0
2021-01-02 02:10:00,0.0
2021-01-02 02:10:00,0.0
2021-01-02 02:20:00,0.0
2021-01-02 02:20:00,0.0
2021-01-02 02:20:00,0.0
2021-01-02 02:20:00,0.0
2021-01-02 02:20:00,0.0
2021-01-02 02:20:00,0.0
2021-01-02 02:30:00,0.0
2021-01-02 02:30:00,0.0
2021-01-02 02:30:00,0.0
2021-01-02 02:30:00,0.0
2021-01-02 02:30:00,0.0
2021-01-02 02:30:00,0.0
2021-01-02 02:40:00,0.0
2021-01-02 02:40:00,0.0
2021-01-02 02:40:00,0.0
2021-01-02 02:40:00,0.0
2021-01-02 02:40:00,0.0
2021-01-02 02:40:00,0.0
2021-01-02 02:50:00,0.0
2021-01-02 02:50:00,0.0
2021-01-02 02:50:00,0.0
2021-01-02 02:50:00,0.0
2021-01-02 02:50:00,0.0
2021-01-02 02:50:00,0.0
2021-01-02 03:00:00,0.0
2021-01-02 03:00:00,0.0
2021-01-02 03:00:00,0.0
2021-01-02 03:00:00,0.0
2021-01-02 03:00:00,0.0
2021-01-02 03:00:00,0.0
2021-01-02 03:10:00,0.0
2021-01-02 03:10:00,0.0
2021-01-02 03:10:00,0.0
2021-01-02 03:10:00,0.0
2021-01-02 03:10:00,0.0
2021-01-02 03:10:00,0.0
2021-01-02 03:20:00,56.48
2021-01-02 03:20:00,56.48
2021-01-02 03:20:00,56.48
2021-01-02 03:20:00,56.48
2021-01-02 03:20:00,56.48
2021-01-02 03:20:00,56.48
2021-01-02 03:30:00,49.65
2021-01-02 03:30:00,49.65
2021-01-02 03:30:00,49.65
2021-01-02 03:30:00,49.65
2021-01-02 03:30:00,49.65
2021-01-02 03:30:00,49.65
2021-01-02 03:40:00,57.41
2021-01-02 03:40:00,57.41
2021-01-02 03:40:00,57.41
2021-01-02 03:40:00,57.41
2021-01-02 03:40:00,57.41
2021-01-02 03:40:00,57.41
2021-01-02 03:50:00,48.82
2021-01-02 03:50:00,48.82
2021-01-02 03:50:00,48.82
2021-01-02 03:50:00,48.82
2021-01-02 03:50:00,48.82
2021-01-02 03:50:00,48.82
2021-01-02 04:00:00,51.23
2021-01-02 04:00:00,51.23
2021-01-02 04:00:00,51.23
2021-01-02 04:00:00,51.23
2021-01-02 04:00:00,51.23
2021-01-02 04:00:00,51.23
2021-01-02 04:10:00,35.86
2021-01-02 04:10:00,35.86
2021-01-02 04:10:00,35.86
2021-01-02 04:10:00,35.86
2021-01-02 04:10:00,35.86
2021-01-02 04:10:00,35.86
2021-01-02 04:20:00,13.57
2021-01-02 04:20:00,13.57
2021-01-02 04:20:00,13.57
2021-01-02 04:20:00,13.57
2021-01-02 04:20:00,13.57
2021-01-02 04:20:00,13.57
2021-01-02 04:30:00,0.0
2021-01-02 04:30:00,0.0
2021-01-02 04:30:00,0.0
2021-01-02 04:30:00,0.0
2021-01-02 04:30:00,0.0
2021-01-02 04:30:00,0.0
2021-01-02 04:40:00,0.25
2021-01-02 04:40:00,0.25
2021-01-02 04:40:00,0.25
2021-01-02 04:40:00,0.25
2021-01-02 04:40:00,0.25
2021-01-02 04:40:00,0.25
2021-01-02 04:50:00,3.31
2021-01-02 04:50:00,3.31
2021-01-02 04:50:00,3.31
2021-01-02 04:50:00,3.31
2021-01-02 04:50:00,3.31
2021-01-02 04:50:00,3.31
2021-01-02 05:00:00,0.0
2021-01-02 05:00:00,0.0
2021-01-02 05:00:00,0.0
2021-01-02 05:00:00,0.0
2021-01-02 05:00:00,0.0
2021-01-02 05:00:00,0.0
2021-01-02 05:10:00,14.99
2021-01-02 05:10:00,14.99
2021-01-02 05:10:00,14.99
2021-01-02 05:10:00,14.99
2021-01-02 05:10:00,14.99
2021-01-02 05:10:00,14.99
2021-01-02 05:20:00,0.0
2021-01-02 05:20:00,0.0
2021-01-02 05:20:00,0.0
2021-01-02 05:20:00,0.0
2021-01-02 05:20:00,0.0
2021-01-02 05:20:00,0.0
2021-01-02 05:30:00,0.0
2021-01-02 05:30:00,0.0
2021-01-02 05:30:00,0.0
2021-01-02 05:30:00,0.0
2021-01-02 05:30:00,0.0
2021-01-02 05:30:00,0.0
2021-01-02 05:40:00,0.0
2021-01-02 05:40:00,0.0
2021-01-02 05:40:00,0.0
2021-01-02 05:40:00,0.0
2021-01-02 05:40:00,0.0
2021-01-02 05:40:00,0.0
2021-01-02 05:50:00,0.0
2021-01-02 05:50:00,0.0
2021-01-02 05:50:00,0.0
2021-01-02 05:50:00,0.0
2021-01-02 05:50:00,0.0
2021-01-02 05:50:00,0.0
2021-01-02 06:00:00,0.0
2021-01-02 06:00:00,0.0
2021-01-02 06:00:00,0.0
2021-01-02 06:00:00,0.0
2021-01-02 06:00:00,0.0
2021-01-02 06:00:00,0.0
2021-01-02 06:10:00,0.0
2021-01-02 06:10:00,0.0
2021-01-02 06:10:00,0.0
2021-01-02 06:10:00,0.0
2021-01-02 06:10:00,0.0
2021-01-02 06:10:00,0.0
2021-01-02 06:20:00,0.0
2021-01-02 06:20:00,0.0
2021-01-02 06:20:00,0.0
2021-01-02 06:20:00,0.0
2021-01-02 06:20:00,0.0
2021-01-02 06:20:00,0.0
2021-01-02 06:30:00,0.0
2021-01-02 06:30:00,0.0
2021-01-02 06:30:00,0.0
2021-01-02 06:30:00,0.0
2021-01-02 06:30:00,0.0
2021-01-02 06:30:00,0.0
2021-01-02 06:40:00,0.0
2021-01-02 06:40:00,0.0
2021-01-02 06:40:00,0.0
2021-01-02 06:40:00,0.0
2021-01-02 06:40:00,0.0
2021-01-02 06:40:00,0.0
2021-01-02 06:50:00,0.0
2021-01-02 06:50:00,0.0
2021-01-02 06:50:00,0.0
2021-01-02 06:50:00,0.0
2021-01-02 06:50:00,0.0
2021-01-02 06:50:00,0.0
2021-01-02 07:00:00,0.0
2021-01-02 07:00:00,0.0
2021-01-02 07:00:00,0.0
2021-01-02 07:00:00,0.0
2021-01-02 07:00:00,0.0
2021-01-02 07:00:00,0.0
2021-01-02 07:10:00,0.0
2021-01-02 07:10:00,0.0
2021-01-02 07:10:00,0.0
2021-01-02 07:10:00,0.0
2021-01-02 07:10:00,0.0
2021-01-02 07:10:00,0.0
2021-01-02 07:20:00,0.0
2021-01-02 07:20:00,0.0
2021-01-02 07:20:00,0.0
2021-01-02 07:20:00,0.0
2021-01-02 07:20:00,0.0
2021-01-02 07:20:00,0.0
2021-01-02 07:30:00,0.0
2021-01-02 07:30:00,0.0
2021-01-02 07:30:00,0.0
2021-01-02 07:30:00,0.0
2021-01-02 07:30:00,0.0
2021-01-02 07:30:00,0.0
2021-01-02 07:40:00,0.0
2021-01-02 07:40:00,0.0
2021-01-02 07:40:00,0.0
2021-01-02 07:40:00,0.0
2021-01-02 07:40:00,0.0
2021-01-02 07:40:00,0.0
2021-01-02 07:50:00,0.0
2021-01-02 07:50:00,0.0
2021-01-02 07:50:00,0.0
2021-01-02 07:50:00,0.0
2021-01-02 07:50:00,0.0
2021-01-02 07:50:00,0.0
2021-01-02 08:00:00,0.0
2021-01-02 08:00:00,0.0
2021-01-02 08:00:00,0.0
2021-01-02 08:00:00,0.0
2021-01-02 08:00:00,0.0
2021-01-02 08:00:00,0.0
2021-01-02 08:10:00,0.0
2021-01-02 08:10:00,0.0
2021-01-02 08:10:00,0.0
2021-01-02 08:10:00,0.0
2021-01-02 08:10:00,0.0
2021-01-02 08:10:00,0.0
2021-01-02 08:20:00,0.0
2021-01-02 08:20:00,0.0
2021-01-02 08:20:00,0.0
2021-01-02 08:20:00,0.0
2021-01-02 08:20:00,0.0
2021-01-02 08:20:00,0.0
2021-01-02 08:30:00,0.0
2021-01-02 08:30:00,0.0
2021-01-02 08:30:00,0.0
2021-01-02 08:30:00,0.0
2021-01-02 08:30:00,0.0
2021-01-02 08:30:00,0.0
2021-01-02 08:40:00,0.0
2021-01-02 08:40:00,0.0
2021-01-02 08:40:00,0.0
2021-01-02 08:40:00,0.0
2021-01-02 08:40:00,0.0
2021-01-02 08:40:00,0.0
2021-01-02 08:50:00,0.0
2021-01-02 08:50:00,0.0
2021-01-02 08:50:00,0.0
2021-01-02 08:50:00,0.0
2021-01-02 08:50:00,0.0
2021-01-02 08:50:00,0.0
2021-01-02 09:00:00,0.0
2021-01-02 09:00:00,0.0
2021-01-02 09:00:00,0.0
2021-01-02 09:00:00,0.0
2021-01-02 09:00:00,0.0
2021-01-02 09:00:00,0.0
2021-01-02 09:10:00,0.0
2021-01-02 09:10:00,0.0
2021-01-02 09:10:00,0.0
2021-01-02 09:10:00,0.0
2021-01-02 09:10:00,0.0
2021-01-02 09:10:00,0.0
2021-01-02 09:20:00,0.0
2021-01-02 09:20:00,0.0
2021-01-02 09:20:00,0.0
2021-01-02 09:20:00,0.0
2021-01-02 09:20:00,0.0
2021-01-02 09:20:00,0.0
2021-01-02 09:30:00,0.0
2021-01-02 09:30:00,0.0
2021-01-02 09:30:00,0.0
2021-01-02 09:30:00,0.0
2021-01-02 09:30:00,0.0
2021-01-02 09:30:00,0.0
2021-01-02 09:40:00,77.69
2021-01-02 09:40:00,77.69
2021-01-02 09:40:00,77.69
2021-01-02 09:40:00,77.69
2021-01-02 09:40:00,77.69
2021-01-02 09:40:00,77.69
2021-01-02 09:50:00,111.67
2021-01-02 09:50:00,111.67
2021-01-02 09:50:00,111.67
2021-01-02 09:50:00,111.67
2021-01-02 09:50:00,111.67
2021-01-02 09:50:00,111.67
2021-01-02 10:00:00,90.9
2021-01-02 10:00:00,90.9
2021-01-02 10:00:00,90.9
2021-01-02 10:00:00,90.9
2021-01-02 10:00:00,90.9
2021-01-02 10:00:00,90.9
2021-01-02 10:10:00,113.73
2021-01-02 10:10:00,113.73
2021-01-02 10:10:00,113.73
2021-01-02 10:10:00,113.73
2021-01-02 10:10:00,113.73
2021-01-02 10:10:00,113.73
2021-01-02 10:20:00,152.64
2021-01-02 10:20:00,152.64
2021-01-02 10:20:00,152.64
2021-01-02 10:20:00,152.64
2021-01-02 10:20:00,152.64
2021-01-02 10:20:00,152.64
2021-01-02 10:30:00,143.83
2021-01-02 10:30:00,143.83
2021-01-02 10:30:00,143.83
2021-01-02 10:30:00,143.83
2021-01-02 10:30:00,143.83
2021-01-02 10:30:00,143.83
2021-01-02 10:40:00,159.86
2021-01-02 10:40:00,159.86
2021-01-02 10:40:00,159.86
2021-01-02 10:40:00,159.86
2021-01-02 10:40:00,159.86
2021-01-02 10:40:00,159.86
2021-01-02 10:50:00,131.06
2021-01-02 10:50:00,131.06
2021-01-02 10:50:00,131.06
2021-01-02 10:50:00,131.06
2021-01-02 10:50:00,131.06
2021-01-02 10:50:00,131.06
2021-01-02 11:00:00,79.93
2021-01-02 11:00:00,79.93
2021-01-02 11:00:00,79.93
2021-01-02 11:00:00,79.93
2021-01-02 11:00:00,79.93
2021-01-02 11:00:00,79.93
2021-01-02 11:10:00,55.28
2021-01-02 11:10:00,55.28
2021-01-02 11:10:00,55.28
2021-01-02 11:10:00,55.28
2021-01-02 11:10:00,55.28
2021-01-02 11:10:00,55.28
2021-01-02 11:20:00,75.79
2021-01-02 11:20:00,75.79
2021-01-02 11:20:00,75.79
2021-01-02 11:20:00,75.79
2021-01-02 11:20:00,75.79
2021-01-02 11:20:00,75.79
2021-01-02 11:30:00,80.4
2021-01-02 11:30:00,80.4
2021-01-02 11:30:00,80.4
2021-01-02 11:30:00,80.4
2021-01-02 11:30:00,80.4
2021-01-02 11:30:00,80.4
2021-01-02 11:40:00,121.85
2021-01-02 11:40:00,121.85
2021-01-02 11:40:00,121.85
2021-01-02 11:40:00,121.85
2021-01-02 11:40:00,121.85
2021-01-02 11:40:00,121.85
2021-01-02 11:50:00,121.11
2021-01-02 11:50:00,121.11
2021-01-02 11:50:00,121.11
2021-01-02 11:50:00,121.11
2021-01-02 11:50:00,121.11
2021-01-02 11:50:00,121.11
2021-01-02 12:00:00,180.22
2021-01-02 12:00:00,180.22
2021-01-02 12:00:00,180.22
2021-01-02 12:00:00,180.22
2021-01-02 12:00:00,180.22
2021-01-02 12:00:00,180.22
2021-01-02 12:10:00,202.15
2021-01-02 12:10:00,202.15
2021-01-02 12:10:00,202.15
2021-01-02 12:10:00,202.15
2021-01-02 12:10:00,202.15
2021-01-02 12:10:00,202.15
2021-01-02 12:20:00,164.58
2021-01-02 12:20:00,164.58
2021-01-02 12:20:00,164.58
2021-01-02 12:20:00,164.58
2021-01-02 12:20:00,164.58
2021-01-02 12:20:00,164.58
2021-01-02 12:30:00,153.22
2021-01-02 12:30:00,153.22
2021-01-02 12:30:00,153.22
2021-01-02 12:30:00,153.22
2021-01-02 12:30:00,153.22
2021-01-02 12:30:00,153.22
2021-01-02 12:40:00,157.95
2021-01-02 12:40:00,157.95
2021-01-02 12:40:00,157.95
2021-01-02 12:40:00,157.95
2021-01-02 12:40:00,157.95
2021-01-02 12:40:00,157.95
2021-01-02 12:50:00,254.67
2021-01-02 12:50:00,254.67
2021-01-02 12:50:00,254.67
2021-01-02 12:50:00,254.67
2021-01-02 12:50:00,254.67
2021-01-02 12:50:00,254.67
2021-01-02 13:00:00,312.56
2021-01-02 13:00:00,312.56
2021-01-02 13:00:00,312.56
2021-01-02 13:00:00,312.56
2021-01-02 13:00:00,312.56
2021-01-02 13:00:00,312.56
2021-01-02 13:10:00,381.93
2021-01-02 13:10:00,381.93
2021-01-02 13:10:00,381.93
2021-01-02 13:10:00,381.93
2021-01-02 13:10:00,381.93
2021-01-02 13:10:00,381.93
2021-01-02 13:20:00,453.37
2021-01-02 13:20:00,453.37
2021-01-02 13:20:00,453.37
2021-01-02 13:20:00,453.37
2021-01-02 13:20:00,453.37
2021-01-02 13:20:00,453.37
2021-01-02 13:30:00,572.9
2021-01-02 13:30:00,572.9
2021-01-02 13:30:00,572.9
2021-01-02 13:30:00,572.9
2021-01-02 13:30:00,572.9
2021-01-02 13:30:00,572.9
2021-01-02 13:40:00,679.56
2021-01-02 13:40:00,679.56
2021-01-02 13:40:00,679.56
2021-01-02 13:40:00,679.56
2021-01-02 13:40:00,679.56
2021-01-02 13:40:00,679.56
2021-01-02 13:50:00,663.99
2021-01-02 13:50:00,663.99
2021-01-02 13:50:00,663.99
2021-01-02 13:50:00,663.99
2021-01-02 13:50:00,663.99
2021-01-02 13:50:00,663.99
2021-01-02 14:00:00,490.41
2021-01-02 14:00:00,490.41
2021-01-02 14:00:00,490.41
2021-01-02 14:00:00,490.41
2021-01-02 14:00:00,490.41
2021-01-02 14:00:00,490.41
2021-01-02 14:10:00,435.43
2021-01-02 14:10:00,435.43
2021-01-02 14:10:00,435.43
2021-01-02 14:10:00,435.43
2021-01-02 14:10:00,435.43
2021-01-02 14:10:00,435.43
2021-01-02 14:20:00,543.83
2021-01-02 14:20:00,543.83
2021-01-02 14:20:00,543.83
2021-01-02 14:20:00,543.83
2021-01-02 14:20:00,543.83
2021-01-02 14:20:00,543.83
2021-01-02 14:30:00,745.99
2021-01-02 14:30:00,745.99
2021-01-02 14:30:00,745.99
2021-01-02 14:30:00,745.99
2021-01-02 14:30:00,745.99
2021-01-02 14:30:00,745.99
2021-01-02 14:40:00,958.75
2021-01-02 14:40:00,958.75
2021-01-02 14:40:00,958.75
2021-01-02 14:40:00,958.75
2021-01-02 14:40:00,958.75
2021-01-02 14:40:00,958.75
2021-01-02 14:50:00,822.38
2021-01-02 14:50:00,822.38
2021-01-02 14:50:00,822.38
2021-01-02 14:50:00,822.38
2021-01-02 14:50:00,822.38
2021-01-02 14:50:00,822.38
2021-01-02 15:00:00,687.95
2021-01-02 15:00:00,687.95
2021-01-02 15:00:00,687.95
2021-01-02 15:00:00,687.95
2021-01-02 15:00:00,687.95
2021-01-02 15:00:00,687.95
2021-01-02 15:10:00,556.28
2021-01-02 15:10:00,556.28
2021-01-02 15:10:00,556.28
2021-01-02 15:10:00,556.28
2021-01-02 15:10:00,556.28
2021-01-02 15:10:00,556.28
2021-01-02 15:20:00,594.53
2021-01-02 15:20:00,594.53
2021-01-02 15:20:00,594.53
2021-01-02 15:20:00,594.53
2021-01-02 15:20:00,594.53
2021-01-02 15:20:00,594.53
2021-01-02 15:30:00,540.51
2021-01-02 15:30:00,540.51
2021-01-02 15:30:00,540.51
2021-01-02 15:30:00,540.51
2021-01-02 15:30:00,540.51
2021-01-02 15:30:00,540.51
2021-01-02 15:40:00,448.6
2021-01-02 15:40:00,448.6
2021-01-02 15:40:00,448.6
2021-01-02 15:40:00,448.6
2021-01-02 15:40:00,448.6
2021-01-02 15:40:00,448.6
2021-01-02 15:50:00,623.29
2021-01-02 15:50:00,623.29
2021-01-02 15:50:00,623.29
2021-01-02 15:50:00,623.29
2021-01-02 15:50:00,623.29
2021-01-02 15:50:00,623.29
2021-01-02 16:00:00,593.88
2021-01-02 16:00:00,593.88
2021-01-02 16:00:00,593.88
2021-01-02 16:00:00,593.88
2021-01-02 16:00:00,593.88
2021-01-02 16:00:00,593.88
2021-01-02 16:10:00,420.76
2021-01-02 16:10:00,420.76
2021-01-02 16:10:00,420.76
2021-01-02 16:10:00,420.76
2021-01-02 16:10:00,420.76
2021-01-02 16:10:00,420.76
2021-01-02 16:20:00,364.62
2021-01-02 16:20:00,364.62
2021-01-02 16:20:00,364.62
2021-01-02 16:20:00,364.62
2021-01-02 16:20:00,364.62
2021-01-02 16:20:00,364.62
2021-01-02 16:30:00,337.35
2021-01-02 16:30:00,337.35
2021-01-02 16:30:00,337.35
2021-01-02 16:30:00,337.35
2021-01-02 16:30:00,337.35
2021-01-02 16:30:00,337.35
2021-01-02 16:40:00,297.59
2021-01-02 16:40:00,297.59
2021-01-02 16:40:00,297.59
2021-01-02 16:40:00,297.59
2021-01-02 16:40:00,297.59
2021-01-02 16:40:00,297.59
2021-01-02 16:50:00,333.93
2021-01-02 16:50:00,333.93
2021-01-02 16:50:00,333.93
2021-01-02 16:50:00,333.93
2021-01-02 16:50:00,333.93
2021-01-02 16:50:00,333.93
2021-01-02 17:00:00,243.7
2021-01-02 17:00:00,243.7
2021-01-02 17:00:00,243.7
2021-01-02 17:00:00,243.7
2021-01-02 17:00:00,243.7
2021-01-02 17:00:00,243.7
2021-01-02 17:10:00,268.17
2021-01-02 17:10:00,268.17
2021-01-02 17:10:00,268.17
2021-01-02 17:10:00,268.17
2021-01-02 17:10:00,268.17
2021-01-02 17:10:00,268.17
2021-01-02 17:20:00,207.45
2021-01-02 17:20:00,207.45
2021-01-02 17:20:00,207.45
2021-01-02 17:20:00,207.45
2021-01-02 17:20:00,207.45
2021-01-02 17:20:00,207.45
2021-01-02 17:30:00,207.69
2021-01-02 17:30:00,207.69
2021-01-02 17:30:00,207.69
2021-01-02 17:30:00,207.69
2021-01-02 17:30:00,207.69
2021-01-02 17:30:00,207.69
2021-01-02 17:40:00,164.3
2021-01-02 17:40:00,164.3
2021-01-02 17:40:00,164.3
2021-01-02 17:40:00,164.3
2021-01-02 17:40:00,164.3
2021-01-02 17:40:00,164.3
2021-01-02 17:50:00,149.45
2021-01-02 17:50:00,149.45
2021-01-02 17:50:00,149.45
2021-01-02 17:50:00,149.45
2021-01-02 17:50:00,149.45
2021-01-02 17:50:00,149.45
2021-01-02 18:00:00,119.27
2021-01-02 18:00:00,119.27
2021-01-02 18:00:00,119.27
2021-01-02 18:00:00,119.27
2021-01-02 18:00:00,119.27
2021-01-02 18:00:00,119.27
2021-01-02 18:10:00,88.68
2021-01-02 18:10:00,88.68
2021-01-02 18:10:00,88.68
2021-01-02 18:10:00,88.68
2021-01-02 18:10:00,88.68
2021-01-02 18:10:00,88.68
2021-01-02 18:20:00,37.07
2021-01-02 18:20:00,37.07
2021-01-02 18:20:00,37.07
2021-01-02 18:20:00,37.07
2021-01-02 18:20:00,37.07
2021-01-02 18:20:00,37.07
2021-01-02 18:30:00,53.28
2021-01-02 18:30:00,53.28
2021-01-02 18:30:00,53.28
2021-01-02 18:30:00,53.28
2021-01-02 18:30:00,53.28
2021-01-02 18:30:00,53.28
2021-01-02 18:40:00,87.63
2021-01-02 18:40:00,87.63
2021-01-02 18:40:00,87.63
2021-01-02 18:40:00,87.63
2021-01-02 18:40:00,87.63
2021-01-02 18:40:00,87.63
2021-01-02 18:50:00,106.97
2021-01-02 18:50:00,106.97
2021-01-02 18:50:00,106.97
2021-01-02 18:50:00,106.97
2021-01-02 18:50:00,106.97
2021-01-02 18:50:00,106.97
2021-01-02 19:00:00,146.06
2021-01-02 19:00:00,146.06
2021-01-02 19:00:00,146.06
2021-01-02 19:00:00,146.06
2021-01-02 19:00:00,146.06
2021-01-02 19:00:00,146.06
2021-01-02 19:10:00,111.87
2021-01-02 19:10:00,111.87
2021-01-02 19:10:00,111.87
2021-01-02 19:10:00,111.87
2021-01-02 19:10:00,111.87
2021-01-02 19:10:00,111.87
2021-01-02 19:20:00,93.96
2021-01-02 19:20:00,93.96
2021-01-02 19:20:00,93.96
2021-01-02 19:20:00,93.96
2021-01-02 19:20:00,93.96
2021-01-02 19:20:00,93.96
2021-01-02 19:30:00,140.78
2021-01-02 19:30:00,140.78
2021-01-02 19:30:00,140.78
2021-01-02 19:30:00,140.78
2021-01-02 19:30:00,140.78
2021-01-02 19:30:00,140.78
2021-01-02 19:40:00,197.1
2021-01-02 19:40:00,197.1
2021-01-02 19:40:00,197.1
2021-01-02 19:40:00,197.1
2021-01-02 19:40:00,197.1
2021-01-02 19:40:00,197.1
2021-01-02 19:50:00,232.86
2021-01-02 19:50:00,232.86
2021-01-02 19:50:00,232.86
2021-01-02 19:50:00,232.86
2021-01-02 19:50:00,232.86
2021-01-02 19:50:00,232.86
2021-01-02 20:00:00,205.61
2021-01-02 20:00:00,205.61
2021-01-02 20:00:00,205.61
2021-01-02 20:00:00,205.61
2021-01-02 20:00:00,205.61
2021-01-02 20:00:00,205.61
2021-01-02 20:10:00,279.49
2021-01-02 20:10:00,279.49
2021-01-02 20:10:00,279.49
2021-01-02 20:10:00,279.49
2021-01-02 20:10:00,279.49
2021-01-02 20:10:00,279.49
2021-01-02 20:20:00,234.41
2021-01-02 20:20:00,234.41
2021-01-02 20:20:00,234.41
2021-01-02 20:20:00,234.41
2021-01-02 20:20:00,234.41
2021-01-02 20:20:00,234.41
2021-01-02 20:30:00,118.43
2021-01-02 20:30:00,118.43
2021-01-02 20:30:00,118.43
2021-01-02 20:30:00,118.43
2021-01-02 20:30:00,118.43
2021-01-02 20:30:00,118.43
2021-01-02 20:40:00,181.7
2021-01-02 20:40:00,181.7
2021-01-02 20:40:00,181.7
2021-01-02 20:40:00,181.7
2021-01-02 20:40:00,181.7
2021-01-02 20:40:00,181.7
2021-01-02 20:50:00,196.73
2021-01-02 20:50:00,196.73
2021-01-02 20:50:00,196.73
2021-01-02 20:50:00,196.73
2021-01-02 20:50:00,196.73
2021-01-02 20:50:00,196.73
2021-01-02 21:00:00,198.75
2021-01-02 21:00:00,198.75
2021-01-02 21:00:00,198.75
2021-01-02 21:00:00,198.75
2021-01-02 21:00:00,198.75
2021-01-02 21:00:00,198.75
2021-01-02 21:10:00,168.62
2021-01-02 21:10:00,168.62
2021-01-02 21:10:00,168.62
2021-01-02 21:10:00,168.62
2021-01-02 21:10:00,168.62
2021-01-02 21:10:00,168.62
2021-01-02 21:20:00,141.98
2021-01-02 21:20:00,141.98
2021-01-02 21:20:00,141.98
2021-01-02 21:20:00,141.98
2021-01-02 21:20:00,141.98
2021-01-02 21:20:00,141.98
2021-01-02 21:30:00,114.76
2021-01-02 21:30:00,114.76
2021-01-02 21:30:00,114.76
2021-01-02 21:30:00,114.76
2021-01-02 21:30:00,114.76
2021-01-02 21:30:00,114.76
2021-01-02 21:40:00,196.51
2021-01-02 21:40:00,196.51
2021-01-02 21:40:00,196.51
2021-01-02 21:40:00,196.51
2021-01-02 21:40:00,196.51
2021-01-02 21:40:00,196.51
2021-01-02 21:50:00,181.2
2021-01-02 21:50:00,181.2
2021-01-02 21:50:00,181.2
2021-01-02 21:50:00,181.2
2021-01-02 21:50:00,181.2
2021-01-02 21:50:00,181.2
2021-01-02 22:00:00,96.76
2021-01-02 22:00:00,96.76
2021-01-02 22:00:00,96.76
2021-01-02 22:00:00,96.76
2021-01-02 22:00:00,96.76
2021-01-02 22:00:00,96.76
2021-01-02 22:10:00,7.14
2021-01-02 22:10:00,7.14
2021-01-02 22:10:00,7.14
2021-01-02 22:10:00,7.14
2021-01-02 22:10:00,7.14
2021-01-02 22:10:00,7.14
2021-01-02 22:20:00,0.0
2021-01-02 22:20:00,0.0
2021-01-02 22:20:00,0.0
2021-01-02 22:20:00,0.0
2021-01-02 22:20:00,0.0
2021-01-02 22:20:00,0.0
2021-01-02 22:30:00,0.0
2021-01-02 22:30:00,0.0
2021-01-02 22:30:00,0.0
2021-01-02 22:30:00,0.0
2021-01-02 22:30:00,0.0
2021-01-02 22:30:00,0.0
2021-01-02 22:40:00,0.0
2021-01-02 22:40:00,0.0
2021-01-02 22:40:00,0.0
2021-01-02 22:40:00,0.0
2021-01-02 22:40:00,0.0
2021-01-02 22:40:00,0.0
2021-01-02 22:50:00,0.0
2021-01-02 22:50:00,0.0
2021-01-02 22:50:00,0.0
2021-01-02 22:50:00,0.0
2021-01-02 22:50:00,0.0
2021-01-02 22:50:00,0.0
2021-01-02 23:00:00,0.0
2021-01-02 23:00:00,0.0
2021-01-02 23:00:00,0.0
2021-01-02 23:00:00,0.0
2021-01-02 23:00:00,0.0
2021-01-02 23:00:00,0.0
2021-01-02 23:10:00,0.0
2021-01-02 23:10:00,0.0
2021-01-02 23:10:00,0.0
2021-01-02 23:10:00,0.0
2021-01-02 23:10:00,0.0
2021-01-02 23:10:00,0.0
2021-01-02 23:20:00,0.0
2021-01-02 23:20:00,0.0
2021-01-02 23:20:00,0.0
2021-01-02 23:20:00,0.0
2021-01-02 23:20:00,0.0
2021-01-02 23:20:00,0.0
2021-01-02 23:30:00,0.0
2021-01-02 23:30:00,0.0
2021-01-02 23:30:00,0.0
2021-01-02 23:30:00,0.0
2021-01-02 23:30:00,0.0
2021-01-02 23:30:00,0.0
2021-01-02 23:40:00,0.0
2021-01-02 23:40:00,0.0
2021-01-02 23:40:00,0.0
2021-01-02 23:40:00,0.0
2021-01-02 23:40:00,0.0
2021-01-02 23:40:00,0.0
2021-01-02 23:50:00,0.0
2021-01-02 23:50:00,0.0
2021-01-02 23:50:00,0.0
2021-01-02 23:50:00,0.0
2021-01-02 23:50:00,0.0
2021-01-02 23:50:00,0.0
2021-01-03 00:00:00,0.0
2021-01-03 00:00:00,0.0
2021-01-03 00:00:00,0.0
2021-01-03 00:00:00,0.0
2021-01-03 00:00:00,0.0
2021-01-03 00:00:00,0.0
2021-01-03 00:10:00,0.0
2021-01-03 00:10:00,0.0
2021-01-03 00:10:00,0.0
2021-01-03 00:10:00,0.0
2021-01-03 00:10:00,0.0
2021-01-03 00:10:00,0.0
2021-01-03 00:20:00,0.0
2021-01-03 00:20:00,0.0
2021-01-03 00:20:00,0.0
2021-01-03 00:20:00,0.0
2021-01-03 00:20:00,0.0
2021-01-03 00:20:00,0.0
2021-01-03 00:30:00,0.0
2021-01-03 00:30:00,0.0
2021-01-03 00:30:00,0.0
2021-01-03 00:30:00,0.0
2021-01-03 00:30:00,0.0
2021-01-03 00:30:00,0.0
2021-01-03 00:40:00,0.0
2021-01-03 00:40:00,0.0
2021-01-03 00:40:00,0.0
2021-01-03 00:40:00,0.0
2021-01-03 00:40:00,0.0
2021-01-03 00:40:00,0.0
2021-01-03 00:50:00,0.0
2021-01-03 00:50:00,0.0
2021-01-03 00:50:00,0.0
2021-01-03 00:50:00,0.0
2021-01-03 00:50:00,0.0
2021-01-03 00:50:00,0.0
2021-01-03 01:00:00,0.0
2021-01-03 01:00:00,0.0
2021-01-03 01:00:00,0.0
2021-01-03 01:00:00,0.0
2021-01-03 01:00:00,0.0
2021-01-03 01:00:00,0.0
2021-01-03 01:10:00,0.0
2021-01-03 01:10:00,0.0
2021-01-03 01:10:00,0.0
2021-01-03 01:10:00,0.0
2021-01-03 01:10:00,0.0
2021-01-03 01:10:00,0.0
2021-01-03 01:20:00,0.0
2021-01-03 01:20:00,0.0
2021-01-03 01:20:00,0.0
2021-01-03 01:20:00,0.0
2021-01-03 01:20:00,0.0
2021-01-03 01:20:00,0.0
2021-01-03 01:30:00,0.0
2021-01-03 01:30:00,0.0
2021-01-03 01:30:00,0.0
2021-01-03 01:30:00,0.0
2021-01-03 01:30:00,0.0
2021-01-03 01:30:00,0.0
2021-01-03 01:40:00,0.0
2021-01-03 01:40:00,0.0
2021-01-03 01:40:00,0.0
2021-01-03 01:40:00,0.0
2021-01-03 01:40:00,0.0
2021-01-03 01:40:00,0.0
2021-01-03 01:50:00,0.0
2021-01-03 01:50:00,0.0
2021-01-03 01:50:00,0.0
2021-01-03 01:50:00,0.0
2021-01-03 01:50:00,0.0
2021-01-03 01:50:00,0.0
2021-01-03 02:00:00,0.0
2021-01-03 02:00:00,0.0
2021-01-03 02:00:00,0.0
2021-01-03 02:00:00,0.0
2021-01-03 02:00:00,0.0
2021-01-03 02:00:00,0.0
2021-01-03 02:10:00,0.0
2021-01-03 02:10:00,0.0
2021-01-03 02:10:00,0.0
2021-01-03 02:10:00,0.0
2021-01-03 02:10:00,0.0
2021-01-03 02:10:00,0.0
2021-01-03 02:20:00,0.0
2021-01-03 02:20:00,0.0
2021-01-03 02:20:00,0.0
2021-01-03 02:20:00,0.0
2021-01-03 02:20:00,0.0
2021-01-03 02:20:00,0.0
2021-01-03 02:30:00,0.0
2021-01-03 02:30:00,0.0
2021-01-03 02:30:00,0.0
2021-01-03 02:30:00,0.0
2021-01-03 02:30:00,0.0
2021-01-03 02:30:00,0.0
2021-01-03 02:40:00,0.0
2021-01-03 02:40:00,0.0
2021-01-03 02:40:00,0.0
2021-01-03 02:40:00,0.0
2021-01-03 02:40:00,0.0
2021-01-03 02:40:00,0.0
2021-01-03 02:50:00,0.0
2021-01-03 02:50:00,0.0
2021-01-03 02:50:00,0.0
2021-01-03 02:50:00,0.0
2021-01-03 02:50:00,0.0
2021-01-03 02:50:00,0.0
2021-01-03 03:00:00,0.0
2021-01-03 03:00:00,0.0
2021-01-03 03:00:00,0.0
2021-01-03 03:00:00,0.0
2021-01-03 03:00:00,0.0
2021-01-03 03:00:00,0.0
2021-01-03 03:10:00,0.0
2021-01-03 03:10:00,0.0
2021-01-03 03:10:00,0.0
2021-01-03 03:10:00,0.0
2021-01-03 03:10:00,0.0
2021-01-03 03:10:00,0.0
2021-01-03 03:20:00,0.0
2021-01-03 03:20:00,0.0
2021-01-03 03:20:00,0.0
2021-01-03 03:20:00,0.0
2021-01-03 03:20:00,0.0
2021-01-03 03:20:00,0.0
2021-01-03 03:30:00,0.0
2021-01-03 03:30:00,0.0
2021-01-03 03:30:00,0.0
2021-01-03 03:30:00,0.0
2021-01-03 03:30:00,0.0
2021-01-03 03:30:00,0.0
2021-01-03 03:40:00,0.0
2021-01-03 03:40:00,0.0
2021-01-03 03:40:00,0.0
2021-01-03 03:40:00,0.0
2021-01-03 03:40:00,0.0
2021-01-03 03:40:00,0.0
2021-01-03 03:50:00,0.0
2021-01-03 03:50:00,0.0
2021-01-03 03:50:00,0.0
2021-01-03 03:50:00,0.0
2021-01-03 03:50:00,0.0
2021-01-03 03:50:00,0.0
2021-01-03 04:00:00,0.0
2021-01-03 04:00:00,0.0
2021-01-03 04:00:00,0.0
2021-01-03 04:00:00,0.0
2021-01-03 04:00:00,0.0
2021-01-03 04:00:00,0.0
2021-01-03 04:10:00,0.0
2021-01-03 04:10:00,0.0
2021-01-03 04:10:00,0.0
2021-01-03 04:10:00,0.0
2021-01-03 04:10:00,0.0
2021-01-03 04:10:00,0.0
2021-01-03 04:20:00,0.0
2021-01-03 04:20:00,0.0
2021-01-03 04:20:00,0.0
2021-01-03 04:20:00,0.0
2021-01-03 04:20:00,0.0
2021-01-03 04:20:00,0.0
2021-01-03 04:30:00,0.0
2021-01-03 04:30:00,0.0
2021-01-03 04:30:00,0.0
2021-01-03 04:30:00,0.0
2021-01-03 04:30:00,0.0
2021-01-03 04:30:00,0.0
2021-01-03 04:40:00,0.0
2021-01-03 04:40:00,0.0
2021-01-03 04:40:00,0.0
2021-01-03 04:40:00,0.0
2021-01-03 04:40:00,0.0
2021-01-03 04:40:00,0.0
2021-01-03 04:50:00,0.0
2021-01-03 04:50:00,0.0
2021-01-03 04:50:00,0.0
2021-01-03 04:50:00,0.0
2021-01-03 04:50:00,0.0
2021-01-03 04:50:00,0.0
2021-01-03 05:00:00,0.0
2021-01-03 05:00:00,0.0
2021-01-03 05:00:00,0.0
2021-01-03 05:00:00,0.0
2021-01-03 05:00:00,0.0
2021-01-03 05:00:00,0.0
2021-01-03 05:10:00,29.53
2021-01-03 05:10:00,29.53
2021-01-03 05:10:00,29.53
2021-01-03 05:10:00,29.53
2021-01-03 05:10:00,29.53
2021-01-03 05:10:00,29.53
2021-01-03 05:20:00,48.49
2021-01-03 05:20:00,48.49
2021-01-03 05:20:00,48.49
2021-01-03 05:20:00,48.49
2021-01-03 05:20:00,48.49
2021-01-03 05:20:00,48.49
2021-01-03 05:30:00,7.0
2021-01-03 05:30:00,7.0
2021-01-03 05:30:00,7.0
2021-01-03 05:30:00,7.0
2021-01-03 05:30:00,7.0
2021-01-03 05:30:00,7.0
2021-01-03 05:40:00,0.0
2021-01-03 05:40:00,0.0
2021-01-03 05:40:00,0.0
2021-01-03 05:40:00,0.0
2021-01-03 05:40:00,0.0
2021-01-03 05:40:00,0.0
2021-01-03 05:50:00,0.0
2021-01-03 05:50:00,0.0
2021-01-03 05:50:00,0.0
2021-01-03 05:50:00,0.0
2021-01-03 05:50:00,0.0
2021-01-03 05:50:00,0.0
2021-01-03 06:00:00,0.0
2021-01-03 06:00:00,0.0
2021-01-03 06:00:00,0.0
2021-01-03 06:00:00,0.0
2021-01-03 06:00:00,0.0
2021-01-03 06:00:00,0.0
2021-01-03 06:10:00,0.0
2021-01-03 06:10:00,0.0
2021-01-03 06:10:00,0.0
2021-01-03 06:10:00,0.0
2021-01-03 06:10:00,0.0
2021-01-03 06:10:00,0.0
2021-01-03 06:20:00,0.0
2021-01-03 06:20:00,0.0
2021-01-03 06:20:00,0.0
2021-01-03 06:20:00,0.0
2021-01-03 06:20:00,0.0
2021-01-03 06:20:00,0.0
2021-01-03 06:30:00,0.0
2021-01-03 06:30:00,0.0
2021-01-03 06:30:00,0.0
2021-01-03 06:30:00,0.0
2021-01-03 06:30:00,0.0
2021-01-03 06:30:00,0.0
2021-01-03 06:40:00,0.0
2021-01-03 06:40:00,0.0
2021-01-03 06:40:00,0.0
2021-01-03 06:40:00,0.0
2021-01-03 06:40:00,0.0
2021-01-03 06:40:00,0.0
2021-01-03 06:50:00,0.0
2021-01-03 06:50:00,0.0
2021-01-03 06:50:00,0.0
2021-01-03 06:50:00,0.0
2021-01-03 06:50:00,0.0
2021-01-03 06:50:00,0.0
2021-01-03 07:00:00,0.0
2021-01-03 07:00:00,0.0
2021-01-03 07:00:00,0.0
2021-01-03 07:00:00,0.0
2021-01-03 07:00:00,0.0
2021-01-03 07:00:00,0.0
2021-01-03 07:10:00,0.0
2021-01-03 07:10:00,0.0
2021-01-03 07:10:00,0.0
2021-01-03 07:10:00,0.0
2021-01-03 07:10:00,0.0
2021-01-03 07:10:00,0.0
2021-01-03 07:20:00,0.0
2021-01-03 07:20:00,0.0
2021-01-03 07:20:00,0.0
2021-01-03 07:20:00,0.0
2021-01-03 07:20:00,0.0
2021-01-03 07:20:00,0.0
2021-01-03 07:30:00,0.0
2021-01-03 07:30:00,0.0
2021-01-03 07:30:00,0.0
2021-01-03 07:30:00,0.0
2021-01-03 07:30:00,0.0
2021-01-03 07:30:00,0.0
2021-01-03 07:40:00,0.0
2021-01-03 07:40:00,0.0
2021-01-03 07:40:00,0.0
2021-01-03 07:40:00,0.0
2021-01-03 07:40:00,0.0
2021-01-03 07:40:00,0.0
2021-01-03 07:50:00,0.0
2021-01-03 07:50:00,0.0
2021-01-03 07:50:00,0.0
2021-01-03 07:50:00,0.0
2021-01-03 07:50:00,0.0
2021-01-03 07:50:00,0.0
2021-01-03 08:00:00,0.0
2021-01-03 08:00:00,0.0
2021-01-03 08:00:00,0.0
2021-01-03 08:00:00,0.0
2021-01-03 08:00:00,0.0
2021-01-03 08:00:00,0.0
2021-01-03 08:10:00,0.0
2021-01-03 08:10:00,0.0
2021-01-03 08:10:00,0.0
2021-01-03 08:10:00,0.0
2021-01-03 08:10:00,0.0
2021-01-03 08:10:00,0.0
2021-01-03 08:20:00,0.0
2021-01-03 08:20:00,0.0
2021-01-03 08:20:00,0.0
2021-01-03 08:20:00,0.0
2021-01-03 08:20:00,0.0
2021-01-03 08:20:00,0.0
2021-01-03 08:30:00,0.0
2021-01-03 08:30:00,0.0
2021-01-03 08:30:00,0.0
2021-01-03 08:30:00,0.0
2021-01-03 08:30:00,0.0
2021-01-03 08:30:00,0.0
2021-01-03 08:40:00,0.0
2021-01-03 08:40:00,0.0
2021-01-03 08:40:00,0.0
2021-01-03 08:40:00,0.0
2021-01-03 08:40:00,0.0
2021-01-03 08:40:00,0.0
2021-01-03 08:50:00,0.0
2021-01-03 08:50:00,0.0
2021-01-03 08:50:00,0.0
2021-01-03 08:50:00,0.0
2021-01-03 08:50:00,0.0
2021-01-03 08:50:00,0.0
2021-01-03 09:00:00,0.0
2021-01-03 09:00:00,0.0
2021-01-03 09:00:00,0.0
2021-01-03 09:00:00,0.0
2021-01-03 09:00:00,0.0
2021-01-03 09:00:00,0.0
2021-01-03 09:10:00,0.0
2021-01-03 09:10:00,0.0
2021-01-03 09:10:00,0.0
2021-01-03 09:10:00,0.0
2021-01-03 09:10:00,0.0
2021-01-03 09:10:00,0.0
2021-01-03 09:20:00,0.0
2021-01-03 09:20:00,0.0
2021-01-03 09:20:00,0.0
2021-01-03 09:20:00,0.0
2021-01-03 09:20:00,0.0
2021-01-03 09:20:00,0.0
2021-01-03 09:30:00,0.0
2021-01-03 09:30:00,0.0
2021-01-03 09:30:00,0.0
2021-01-03 09:30:00,0.0
2021-01-03 09:30:00,0.0
2021-01-03 09:30:00,0.0
2021-01-03 09:40:00,0.0
2021-01-03 09:40:00,0.0
2021-01-03 09:40:00,0.0
2021-01-03 09:40:00,0.0
2021-01-03 09:40:00,0.0
2021-01-03 09:40:00,0.0
2021-01-03 09:50:00,0.0
2021-01-03 09:50:00,0.0
2021-01-03 09:50:00,0.0
2021-01-03 09:50:00,0.0
2021-01-03 09:50:00,0.0
2021-01-03 09:50:00,0.0
2021-01-03 10:00:00,0.0
2021-01-03 10:00:00,0.0
2021-01-03 10:00:00,0.0
2021-01-03 10:00:00,0.0
2021-01-03 10:00:00,0.0
2021-01-03 10:00:00,0.0
2021-01-03 10:10:00,0.0
2021-01-03 10:10:00,0.0
2021-01-03 10:10:00,0.0
2021-01-03 10:10:00,0.0
2021-01-03 10:10:00,0.0
2021-01-03 10:10:00,0.0
2021-01-03 10:20:00,0.0
2021-01-03 10:20:00,0.0
2021-01-03 10:20:00,0.0
2021-01-03 10:20:00,0.0
2021-01-03 10:20:00,0.0
2021-01-03 10:20:00,0.0
2021-01-03 10:30:00,0.0
2021-01-03 10:30:00,0.0
2021-01-03 10:30:00,0.0
2021-01-03 10:30:00,0.0
2021-01-03 10:30:00,0.0
2021-01-03 10:30:00,0.0
2021-01-03 10:40:00,0.0
2021-01-03 10:40:00,0.0
2021-01-03 10:40:00,0.0
2021-01-03 10:40:00,0.0
2021-01-03 10:40:00,0.0
2021-01-03 10:40:00,0.0
2021-01-03 10:50:00,0.0
2021-01-03 10:50:00,0.0
2021-01-03 10:50:00,0.0
2021-01-03 10:50:00,0.0
2021-01-03 10:50:00,0.0
2021-01-03 10:50:00,0.0
2021-01-03 11:00:00,0.0
2021-01-03 11:00:00,0.0
2021-01-03 11:00:00,0.0
2021-01-03 11:00:00,0.0
2021-01-03 11:00:00,0.0
2021-01-03 11:00:00,0.0
2021-01-03 11:10:00,0.0
2021-01-03 11:10:00,0.0
2021-01-03 11:10:00,0.0
2021-01-03 11:10:00,0.0
2021-01-03 11:10:00,0.0
2021-01-03 11:10:00,0.0
2021-01-03 11:20:00,0.0
2021-01-03 11:20:00,0.0
2021-01-03 11:20:00,0.0
2021-01-03 11:20:00,0.0
2021-01-03 11:20:00,0.0
2021-01-03 11:20:00,0.0
2021-01-03 11:30:00,0.0
2021-01-03 11:30:00,0.0
2021-01-03 11:30:00,0.0
2021-01-03 11:30:00,0.0
2021-01-03 11:30:00,0.0
2021-01-03 11:30:00,0.0
2021-01-03 11:40:00,0.0
2021-01-03 11:40:00,0.0
2021-01-03 11:40:00,0.0
2021-01-03 11:40:00,0.0
2021-01-03 11:40:00,0.0
2021-01-03 11:40:00,0.0
2021-01-03 11:50:00,0.0
2021-01-03 11:50:00,0.0
2021-01-03 11:50:00,0.0
2021-01-03 11:50:00,0.0
2021-01-03 11:50:00,0.0
2021-01-03 11:50:00,0.0
2021-01-03 12:00:00,0.0
2021-01-03 12:00:00,0.0
2021-01-03 12:00:00,0.0
2021-01-03 12:00:00,0.0
2021-01-03 12:00:00,0.0
2021-01-03 12:00:00,0.0
2021-01-03 12:10:00,0.0
2021-01-03 12:10:00,0.0
2021-01-03 12:10:00,0.0
2021-01-03 12:10:00,0.0
2021-01-03 12:10:00,0.0
2021-01-03 12:10:00,0.0
2021-01-03 12:20:00,0.0
2021-01-03 12:20:00,0.0
2021-01-03 12:20:00,0.0
2021-01-03 12:20:00,0.0
2021-01-03 12:20:00,0.0
2021-01-03 12:20:00,0.0
2021-01-03 12:30:00,0.0
2021-01-03 12:30:00,0.0
2021-01-03 12:30:00,0.0
2021-01-03 12:30:00,0.0
2021-01-03 12:30:00,0.0
2021-01-03 12:30:00,0.0
2021-01-03 12:40:00,0.0
2021-01-03 12:40:00,0.0
2021-01-03 12:40:00,0.0
2021-01-03 12:40:00,0.0
2021-01-03 12:40:00,0.0
2021-01-03 12:40:00,0.0
2021-01-03 12:50:00,0.0
2021-01-03 12:50:00,0.0
2021-01-03 12:50:00,0.0
2021-01-03 12:50:00,0.0
2021-01-03 12:50:00,0.0
2021-01-03 12:50:00,0.0
2021-01-03 13:00:00,0.0
2021-01-03 13:00:00,0.0
2021-01-03 13:00:00,0.0
2021-01-03 13:00:00,0.0
2021-01-03 13:00:00,0.0
2021-01-03 13:00:00,0.0
2021-01-03 13:10:00,0.0
2021-01-03 13:10:00,0.0
2021-01-03 13:10:00,0.0
2021-01-03 13:10:00,0.0
2021-01-03 13:10:00,0.0
2021-01-03 13:10:00,0.0
2021-01-03 13:20:00,0.0
2021-01-03 13:20:00,0.0
2021-01-03 13:20:00,0.0
2021-01-03 13:20:00,0.0
2021-01-03 13:20:00,0.0
2021-01-03 13:20:00,0.0
2021-01-03 13:30:00,0.0
2021-01-03 13:30:00,0.0
2021-01-03 13:30:00,0.0
2021-01-03 13:30:00,0.0
2021-01-03 13:30:00,0.0
2021-01-03 13:30:00,0.0
2021-01-03 13:40:00,0.0
2021-01-03 13:40:00,0.0
2021-01-03 13:40:00,0.0
2021-01-03 13:40:00,0.0
2021-01-03 13:40:00,0.0
2021-01-03 13:40:00,0.0
2021-01-03 13:50:00,0.0
2021-01-03 13:50:00,0.0
2021-01-03 13:50:00,0.0
2021-01-03 13:50:00,0.0
2021-01-03 13:50:00,0.0
2021-01-03 13:50:00,0.0
2021-01-03 14:00:00,0.0
2021-01-03 14:00:00,0.0
2021-01-03 14:00:00,0.0
2021-01-03 14:00:00,0.0
2021-01-03 14:00:00,0.0
2021-01-03 14:00:00,0.0
2021-01-03 14:10:00,0.0
2021-01-03 14:10:00,0.0
2021-01-03 14:10:00,0.0
2021-01-03 14:10:00,0.0
2021-01-03 14:10:00,0.0
2021-01-03 14:10:00,0.0
2021-01-03 14:20:00,0.0
2021-01-03 14:20:00,0.0
2021-01-03 14:20:00,0.0
2021-01-03 14:20:00,0.0
2021-01-03 14:20:00,0.0
2021-01-03 14:20:00,0.0
2021-01-03 14:30:00,0.0
2021-01-03 14:30:00,0.0
2021-01-03 14:30:00,0.0
2021-01-03 14:30:00,0.0
2021-01-03 14:30:00,0.0
2021-01-03 14:30:00,0.0
2021-01-03 14:40:00,0.0
2021-01-03 14:40:00,0.0
2021-01-03 14:40:00,0.0
2021-01-03 14:40:00,0.0
2021-01-03 14:40:00,0.0
2021-01-03 14:40:00,0.0
2021-01-03 14:50:00,0.0
2021-01-03 14:50:00,0.0
2021-01-03 14:50:00,0.0
2021-01-03 14:50:00,0.0
2021-01-03 14:50:00,0.0
2021-01-03 14:50:00,0.0
2021-01-03 15:00:00,0.0
2021-01-03 15:00:00,0.0
2021-01-03 15:00:00,0.0
2021-01-03 15:00:00,0.0
2021-01-03 15:00:00,0.0
2021-01-03 15:00:00,0.0
2021-01-03 15:10:00,0.0
2021-01-03 15:10:00,0.0
2021-01-03 15:10:00,0.0
2021-01-03 15:10:00,0.0
2021-01-03 15:10:00,0.0
2021-01-03 15:10:00,0.0
2021-01-03 15:20:00,0.0
2021-01-03 15:20:00,0.0
2021-01-03 15:20:00,0.0
2021-01-03 15:20:00,0.0
2021-01-03 15:20:00,0.0
2021-01-03 15:20:00,0.0
2021-01-03 15:30:00,0.0
2021-01-03 15:30:00,0.0
2021-01-03 15:30:00,0.0
2021-01-03 15:30:00,0.0
2021-01-03 15:30:00,0.0
2021-01-03 15:30:00,0.0
2021-01-03 15:40:00,49.02
2021-01-03 15:40:00,49.02
2021-01-03 15:40:00,49.02
2021-01-03 15:40:00,49.02
2021-01-03 15:40:00,49.02
2021-01-03 15:40:00,49.02
2021-01-03 15:50:00,43.24
2021-01-03 15:50:00,43.24
2021-01-03 15:50:00,43.24
2021-01-03 15:50:00,43.24
2021-01-03 15:50:00,43.24
2021-01-03 15:50:00,43.24
2021-01-03 16:00:00,77.74
2021-01-03 16:00:00,77.74
2021-01-03 16:00:00,77.74
2021-01-03 16:00:00,77.74
2021-01-03 16:00:00,77.74
2021-01-03 16:00:00,77.74
2021-01-03 16:10:00,92.29
2021-01-03 16:10:00,92.29
2021-01-03 16:10:00,92.29
2021-01-03 16:10:00,92.29
2021-01-03 16:10:00,92.29
2021-01-03 16:10:00,92.29
2021-01-03 16:20:00,63.85
2021-01-03 16:20:00,63.85
2021-01-03 16:20:00,63.85
2021-01-03 16:20:00,63.85
2021-01-03 16:20:00,63.85
2021-01-03 16:20:00,63.85
2021-01-03 16:30:00,88.08
2021-01-03 16:30:00,88.08
2021-01-03 16:30:00,88.08
2021-01-03 16:30:00,88.08
2021-01-03 16:30:00,88.08
2021-01-03 16:30:00,88.08
2021-01-03 16:40:00,55.63
2021-01-03 16:40:00,55.63
2021-01-03 16:40:00,55.63
2021-01-03 16:40:00,55.63
2021-01-03 16:40:00,55.63
2021-01-03 16:40:00,55.63
2021-01-03 16:50:00,95.28
2021-01-03 16:50:00,95.28
2021-01-03 16:50:00,95.28
2021-01-03 16:50:00,95.28
2021-01-03 16:50:00,95.28
2021-01-03 16:50:00,95.28
2021-01-03 17:00:00,123.58
2021-01-03 17:00:00,123.58
2021-01-03 17:00:00,123.58
2021-01-03 17:00:00,123.58
2021-01-03 17:00:00,123.58
2021-01-03 17:00:00,123.58
2021-01-03 17:10:00,113.54
2021-01-03 17:10:00,113.54
2021-01-03 17:10:00,113.54
2021-01-03 17:10:00,113.54
2021-01-03 17:10:00,113.54
2021-01-03 17:10:00,113.54
2021-01-03 17:20:00,98.98
2021-01-03 17:20:00,98.98
2021-01-03 17:20:00,98.98
2021-01-03 17:20:00,98.98
2021-01-03 17:20:00,98.98
2021-01-03 17:20:00,98.98
2021-01-03 17:30:00,99.5
2021-01-03 17:30:00,99.5
2021-01-03 17:30:00,99.5
2021-01-03 17:30:00,99.5
2021-01-03 17:30:00,99.5
2021-01-03 17:30:00,99.5
2021-01-03 17:40:00,140.53
2021-01-03 17:40:00,140.53
2021-01-03 17:40:00,140.53
2021-01-03 17:40:00,140.53
2021-01-03 17:40:00,140.53
2021-01-03 17:40:00,140.53
2021-01-03 17:50:00,172.31
2021-01-03 17:50:00,172.31
2021-01-03 17:50:00,172.31
2021-01-03 17:50:00,172.31
2021-01-03 17:50:00,172.31
2021-01-03 17:50:00,172.31
2021-01-03 18:00:00,166.55
2021-01-03 18:00:00,166.55
2021-01-03 18:00:00,166.55
2021-01-03 18:00:00,166.55
2021-01-03 18:00:00,166.55
2021-01-03 18:00:00,166.55
2021-01-03 18:10:00,140.19
2021-01-03 18:10:00,140.19
2021-01-03 18:10:00,140.19
2021-01-03 18:10:00,140.19
2021-01-03 18:10:00,140.19
2021-01-03 18:10:00,140.19
2021-01-03 18:20:00,208.16
2021-01-03 18:20:00,208.16
2021-01-03 18:20:00,208.16
2021-01-03 18:20:00,208.16
2021-01-03 18:20:00,208.16
2021-01-03 18:20:00,208.16
2021-01-03 18:30:00,317.83
2021-01-03 18:30:00,317.83
2021-01-03 18:30:00,317.83
2021-01-03 18:30:00,317.83
2021-01-03 18:30:00,317.83
2021-01-03 18:30:00,317.83
2021-01-03 18:40:00,417.36
2021-01-03 18:40:00,417.36
2021-01-03 18:40:00,417.36
2021-01-03 18:40:00,417.36
2021-01-03 18:40:00,417.36
2021-01-03 18:40:00,417.36
2021-01-03 18:50:00,284.04
2021-01-03 18:50:00,284.04
2021-01-03 18:50:00,284.04
2021-01-03 18:50:00,284.04
2021-01-03 18:50:00,284.04
2021-01-03 18:50:00,284.04
2021-01-03 19:00:00,355.35
2021-01-03 19:00:00,355.35
2021-01-03 19:00:00,355.35
2021-01-03 19:00:00,355.35
2021-01-03 19:00:00,355.35
2021-01-03 19:00:00,355.35
2021-01-03 19:10:00,356.4
2021-01-03 19:10:00,356.4
2021-01-03 19:10:00,356.4
2021-01-03 19:10:00,356.4
2021-01-03 19:10:00,356.4
2021-01-03 19:10:00,356.4
2021-01-03 19:20:00,373.83
2021-01-03 19:20:00,373.83
2021-01-03 19:20:00,373.83
2021-01-03 19:20:00,373.83
2021-01-03 19:20:00,373.83
2021-01-03 19:20:00,373.83
2021-01-03 19:30:00,424.13
2021-01-03 19:30:00,424.13
2021-01-03 19:30:00,424.13
2021-01-03 19:30:00,424.13
2021-01-03 19:30:00,424.13
2021-01-03 19:30:00,424.13
2021-01-03 19:40:00,396.32
2021-01-03 19:40:00,396.32
2021-01-03 19:40:00,396.32
2021-01-03 19:40:00,396.32
2021-01-03 19:40:00,396.32
2021-01-03 19:40:00,396.32
2021-01-03 19:50:00,499.39
2021-01-03 19:50:00,499.39
2021-01-03 19:50:00,499.39
2021-01-03 19:50:00,499.39
2021-01-03 19:50:00,499.39
2021-01-03 19:50:00,499.39
2021-01-03 20:00:00,431.37
2021-01-03 20:00:00,431.37
2021-01-03 20:00:00,431.37
2021-01-03 20:00:00,431.37
2021-01-03 20:00:00,431.37
2021-01-03 20:00:00,431.37
2021-01-03 20:10:00,322.08
2021-01-03 20:10:00,322.08
2021-01-03 20:10:00,322.08
2021-01-03 20:10:00,322.08
2021-01-03 20:10:00,322.08
2021-01-03 20:10:00,322.08
2021-01-03 20:20:00,424.55
2021-01-03 20:20:00,424.55
2021-01-03 20:20:00,424.55
2021-01-03 20:20:00,424.55
2021-01-03 20:20:00,424.55
2021-01-03 20:20:00,424.55
2021-01-03 20:30:00,534.28
2021-01-03 20:30:00,534.28
2021-01-03 20:30:00,534.28
2021-01-03 20:30:00,534.28
2021-01-03 20:30:00,534.28
2021-01-03 20:30:00,534.28
2021-01-03 20:40:00,463.16
2021-01-03 20:40:00,463.16
2021-01-03 20:40:00,463.16
2021-01-03 20:40:00,463.16
2021-01-03 20:40:00,463.16
2021-01-03 20:40:00,463.16
2021-01-03 20:50:00,665.18
2021-01-03 20:50:00,665.18
2021-01-03 20:50:00,665.18
2021-01-03 20:50:00,665.18
2021-01-03 20:50:00,665.18
2021-01-03 20:50:00,665.18
2021-01-03 21:00:00,660.62
2021-01-03 21:00:00,660.62
2021-01-03 21:00:00,660.62
2021-01-03 21:00:00,660.62
2021-01-03 21:00:00,660.62
2021-01-03 21:00:00,660.62
2021-01-03 21:10:00,582.78
2021-01-03 21:10:00,582.78
2021-01-03 21:10:00,582.78
2021-01-03 21:10:00,582.78
2021-01-03 21:10:00,582.78
2021-01-03 21:10:00,582.78
2021-01-03 21:20:00,724.73
2021-01-03 21:20:00,724.73
2021-01-03 21:20:00,724.73
2021-01-03 21:20:00,724.73
2021-01-03 21:20:00,724.73
2021-01-03 21:20:00,724.73
2021-01-03 21:30:00,822.77
2021-01-03 21:30:00,822.77
2021-01-03 21:30:00,822.77
2021-01-03 21:30:00,822.77
2021-01-03 21:30:00,822.77
2021-01-03 21:30:00,822.77
2021-01-03 21:40:00,763.9
2021-01-03 21:40:00,763.9
2021-01-03 21:40:00,763.9
2021-01-03 21:40:00,763.9
2021-01-03 21:40:00,763.9
2021-01-03 21:40:00,763.9
2021-01-03 21:50:00,756.52
2021-01-03 21:50:00,756.52
2021-01-03 21:50:00,756.52
2021-01-03 21:50:00,756.52
2021-01-03 21:50:00,756.52
2021-01-03 21:50:00,756.52
2021-01-03 22:00:00,929.73
2021-01-03 22:00:00,929.73
2021-01-03 22:00:00,929.73
2021-01-03 22:00:00,929.73
2021-01-03 22:00:00,929.73
2021-01-03 22:00:00,929.73
2021-01-03 22:10:00,923.18
2021-01-03 22:10:00,923.18
2021-01-03 22:10:00,923.18
2021-01-03 22:10:00,923.18
2021-01-03 22:10:00,923.18
2021-01-03 22:10:00,923.18
2021-01-03 22:20:00,909.21
2021-01-03 22:20:00,909.21
2021-01-03 22:20:00,909.21
2021-01-03 22:20:00,909.21
2021-01-03 22:20:00,909.21
2021-01-03 22:20:00,909.21
2021-01-03 22:30:00,994.47
2021-01-03 22:30:00,994.47
2021-01-03 22:30:00,994.47
2021-01-03 22:30:00,994.47
2021-01-03 22:30:00,994.47
2021-01-03 22:30:00,994.47
2021-01-03 22:40:00,861.28
2021-01-03 22:40:00,861.28
2021-01-03 22:40:00,861.28
2021-01-03 22:40:00,861.28
2021-01-03 22:40:00,861.28
2021-01-03 22:40:00,861.28
2021-01-03 22:50:00,821.77
2021-01-03 22:50:00,821.77
2021-01-03 22:50:00,821.77
2021-01-03 22:50:00,821.77
2021-01-03 22:50:00,821.77
2021-01-03 22:50:00,821.77
2021-01-03 23:00:00,791.1
2021-01-03 23:00:00,791.1
2021-01-03 23:00:00,791.1
2021-01-03 23:00:00,791.1
2021-01-03 23:00:00,791.1
2021-01-03 23:00:00,791.1
2021-01-03 23:10:00,684.22
2021-01-03 23:10:00,684.22
2021-01-03 23:10:00,684.22
2021-01-03 23:10:00,684.22
2021-01-03 23:10:00,684.22
2021-01-03 23:10:00,684.22
2021-01-03 23:20:00,763.93
2021-01-03 23:20:00,763.93
2021-01-03 23:20:00,763.93
2021-01-03 23:20:00,763.93
2021-01-03 23:20:00,763.93
2021-01-03 23:20:00,763.93
2021-01-03 23:30:00,880.81
2021-01-03 23:30:00,880.81
2021-01-03 23:30:00,880.81
2021-01-03 23:30:00,880.81
2021-01-03 23:30:00,880.81
2021-01-03 23:30:00,880.81
2021-01-03 23:40:00,854.07
2021-01-03 23:40:00,854.07
2021-01-03 23:40:00,854.07
2021-01-03 23:40:00,854.07
2021-01-03 23:40:00,854.07
2021-01-03 23:40:00,854.07
2021-01-03 23:50:00,1050.67
2021-01-03 23:50:00,1050.67
2021-01-03 23:50:00,1050.67
2021-01-03 23:50:00,1050.67
2021-01-03 23:50:00,1050.67
2021-01-03 23:50:00,1050.67
2021-01-04 00:00:00,696.05
2021-01-04 00:00:00,696.05
2021-01-04 00:00:00,696.05
2021-01-04 00:00:00,696.05
2021-01-04 00:00:00,696.05
2021-01-04 00:00:00,696.05
2021-01-04 00:10:00,722.58
2021-01-04 00:10:00,722.58
2021-01-04 00:10:00,722.58
2021-01-04 00:10:00,722.58
2021-01-04 00:10:00,722.58
2021-01-04 00:10:00,722.58
2021-01-04 00:20:00,777.11
2021-01-04 00:20:00,777.11
2021-01-04 00:20:00,777.11
2021-01-04 00:20:00,777.11
2021-01-04 00:20:00,777.11
2021-01-04 00:20:00,777.11
2021-01-04 00:30:00,701.52
2021-01-04 00:30:00,701.52
2021-01-04 00:30:00,701.52
2021-01-04 00:30:00,701.52
2021-01-04 00:30:00,701.52
2021-01-04 00:30:00,701.52
2021-01-04 00:40:00,622.82
2021-01-04 00:40:00,622.82
2021-01-04 00:40:00,622.82
2021-01-04 00:40:00,622.82
2021-01-04 00:40:00,622.82
2021-01-04 00:40:00,622.82
2021-01-04 00:50:00,802.8
2021-01-04 00:50:00,802.8
2021-01-04 00:50:00,802.8
2021-01-04 00:50:00,802.8
2021-01-04 00:50:00,802.8
2021-01-04 00:50:00,802.8
2021-01-04 01:00:00,744.29
2021-01-04 01:00:00,744.29
2021-01-04 01:00:00,744.29
2021-01-04 01:00:00,744.29
2021-01-04 01:00:00,744.29
2021-01-04 01:00:00,744.29
2021-01-04 01:10:00,733.01
2021-01-04 01:10:00,733.01
2021-01-04 01:10:00,733.01
2021-01-04 01:10:00,733.01
2021-01-04 01:10:00,733.01
2021-01-04 01:10:00,733.01
2021-01-04 01:20:00,751.88
2021-01-04 01:20:00,751.88
2021-01-04 01:20:00,751.88
2021-01-04 01:20:00,751.88
2021-01-04 01:20:00,751.88
2021-01-04 01:20:00,751.88
2021-01-04 01:30:00,650.78
2021-01-04 01:30:00,650.78
2021-01-04 01:30:00,650.78
2021-01-04 01:30:00,650.78
2021-01-04 01:30:00,650.78
2021-01-04 01:30:00,650.78
2021-01-04 01:40:00,726.22
2021-01-04 01:40:00,726.22
2021-01-04 01:40:00,726.22
2021-01-04 01:40:00,726.22
2021-01-04 01:40:00,726.22
2021-01-04 01:40:00,726.22
2021-01-04 01:50:00,778.17
2021-01-04 01:50:00,778.17
2021-01-04 01:50:00,778.17
2021-01-04 01:50:00,778.17
2021-01-04 01:50:00,778.17
2021-01-04 01:50:00,778.17
2021-01-04 02:00:00,866.25
2021-01-04 02:00:00,866.25
2021-01-04 02:00:00,866.25
2021-01-04 02:00:00,866.25
2021-01-04 02:00:00,866.25
2021-01-04 02:00:00,866.25
2021-01-04 02:10:00,781.82
2021-01-04 02:10:00,781.82
2021-01-04 02:10:00,781.82
2021-01-04 02:10:00,781.82
2021-01-04 02:10:00,781.82
2021-01-04 02:10:00,781.82
2021-01-04 02:20:00,714.51
2021-01-04 02:20:00,714.51
2021-01-04 02:20:00,714.51
2021-01-04 02:20:00,714.51
2021-01-04 02:20:00,714.51
2021-01-04 02:20:00,714.51
2021-01-04 02:30:00,617.8
2021-01-04 02:30:00,617.8
2021-01-04 02:30:00,617.8
2021-01-04 02:30:00,617.8
2021-01-04 02:30:00,617.8
2021-01-04 02:30:00,617.8
2021-01-04 02:40:00,578.92
2021-01-04 02:40:00,578.92
2021-01-04 02:40:00,578.92
2021-01-04 02:40:00,578.92
2021-01-04 02:40:00,578.92
2021-01-04 02:40:00,578.92
2021-01-04 02:50:00,731.05
2021-01-04 02:50:00,731.05
2021-01-04 02:50:00,731.05
2021-01-04 02:50:00,731.05
2021-01-04 02:50:00,731.05
2021-01-04 02:50:00,731.05
2021-01-04 03:00:00,743.56
2021-01-04 03:00:00,743.56
2021-01-04 03:00:00,743.56
2021-01-04 03:00:00,743.56
2021-01-04 03:00:00,743.56
2021-01-04 03:00:00,743.56
2021-01-04 03:10:00,576.98
2021-01-04 03:10:00,576.98
2021-01-04 03:10:00,576.98
2021-01-04 03:10:00,576.98
2021-01-04 03:10:00,576.98
2021-01-04 03:10:00,576.98
2021-01-04 03:20:00,561.01
2021-01-04 03:20:00,561.01
2021-01-04 03:20:00,561.01
2021-01-04 03:20:00,561.01
2021-01-04 03:20:00,561.01
2021-01-04 03:20:00,561.01
2021-01-04 03:30:00,587.94
2021-01-04 03:30:00,587.94
2021-01-04 03:30:00,587.94
2021-01-04 03:30:00,587.94
2021-01-04 03:30:00,587.94
2021-01-04 03:30:00,587.94
2021-01-04 03:40:00,522.07
2021-01-04 03:40:00,522.07
2021-01-04 03:40:00,522.07
2021-01-04 03:40:00,522.07
2021-01-04 03:40:00,522.07
2021-01-04 03:40:00,522.07
2021-01-04 03:50:00,757.53
2021-01-04 03:50:00,757.53
2021-01-04 03:50:00,757.53
2021-01-04 03:50:00,757.53
2021-01-04 03:50:00,757.53
2021-01-04 03:50:00,757.53
2021-01-04 04:00:00,664.6
2021-01-04 04:00:00,664.6
2021-01-04 04:00:00,664.6
2021-01-04 04:00:00,664.6
2021-01-04 04:00:00,664.6
2021-01-04 04:00:00,664.6
2021-01-04 04:10:00,695.11
2021-01-04 04:10:00,695.11
2021-01-04 04:10:00,695.11
2021-01-04 04:10:00,695.11
2021-01-04 04:10:00,695.11
2021-01-04 04:10:00,695.11
2021-01-04 04:20:00,595.96
2021-01-04 04:20:00,595.96
2021-01-04 04:20:00,595.96
2021-01-04 04:20:00,595.96
2021-01-04 04:20:00,595.96
2021-01-04 04:20:00,595.96
2021-01-04 04:30:00,556.31
2021-01-04 04:30:00,556.31
2021-01-04 04:30:00,556.31
2021-01-04 04:30:00,556.31
2021-01-04 04:30:00,556.31
2021-01-04 04:30:00,556.31
2021-01-04 04:40:00,577.23
2021-01-04 04:40:00,577.23
2021-01-04 04:40:00,577.23
2021-01-04 04:40:00,577.23
2021-01-04 04:40:00,577.23
2021-01-04 04:40:00,577.23
2021-01-04 04:50:00,523.03
2021-01-04 04:50:00,523.03
2021-01-04 04:50:00,523.03
2021-01-04 04:50:00,523.03
2021-01-04 04:50:00,523.03
2021-01-04 04:50:00,523.03
2021-01-04 05:00:00,438.12
2021-01-04 05:00:00,438.12
2021-01-04 05:00:00,438.12
2021-01-04 05:00:00,438.12
2021-01-04 05:00:00,438.12
2021-01-04 05:00:00,438.12
2021-01-04 05:10:00,472.53
2021-01-04 05:10:00,472.53
2021-01-04 05:10:00,472.53
2021-01-04 05:10:00,472.53
2021-01-04 05:10:00,472.53
2021-01-04 05:10:00,472.53
2021-01-04 05:20:00,477.03
2021-01-04 05:20:00,477.03
2021-01-04 05:20:00,477.03
2021-01-04 05:20:00,477.03
2021-01-04 05:20:00,477.03
2021-01-04 05:20:00,477.03
2021-01-04 05:30:00,410.92
2021-01-04 05:30:00,410.92
2021-01-04 05:30:00,410.92
2021-01-04 05:30:00,410.92
2021-01-04 05:30:00,410.92
2021-01-04 05:30:00,410.92
2021-01-04 05:40:00,291.34
2021-01-04 05:40:00,291.34
2021-01-04 05:40:00,291.34
2021-01-04 05:40:00,291.34
2021-01-04 05:40:00,291.34
2021-01-04 05:40:00,291.34
2021-01-04 05:50:00,221.03
2021-01-04 05:50:00,221.03
2021-01-04 05:50:00,221.03
2021-01-04 05:50:00,221.03
2021-01-04 05:50:00,221.03
2021-01-04 05:50:00,221.03
2021-01-04 06:00:00,228.89
2021-01-04 06:00:00,228.89
2021-01-04 06:00:00,228.89
2021-01-04 06:00:00,228.89
2021-01-04 06:00:00,228.89
2021-01-04 06:00:00,228.89
2021-01-04 06:10:00,189.18
2021-01-04 06:10:00,189.18
2021-01-04 06:10:00,189.18
2021-01-04 06:10:00,189.18
2021-01-04 06:10:00,189.18
2021-01-04 06:10:00,189.18
2021-01-04 06:20:00,132.84
2021-01-04 06:20:00,132.84
2021-01-04 06:20:00,132.84
2021-01-04 06:20:00,132.84
2021-01-04 06:20:00,132.84
2021-01-04 06:20:00,132.84
2021-01-04 06:30:00,112.63
2021-01-04 06:30:00,112.63
2021-01-04 06:30:00,112.63
2021-01-04 06:30:00,112.63
2021-01-04 06:30:00,112.63
2021-01-04 06:30:00,112.63
2021-01-04 06:40:00,159.33
2021-01-04 06:40:00,159.33
2021-01-04 06:40:00,159.33
2021-01-04 06:40:00,159.33
2021-01-04 06:40:00,159.33
2021-01-04 06:40:00,159.33
2021-01-04 06:50:00,97.8
2021-01-04 06:50:00,97.8
2021-01-04 06:50:00,97.8
2021-01-04 06:50:00,97.8
2021-01-04 06:50:00,97.8
2021-01-04 06:50:00,97.8
2021-01-04 07:00:00,87.22
2021-01-04 07:00:00,87.22
2021-01-04 07:00:00,87.22
2021-01-04 07:00:00,87.22
2021-01-04 07:00:00,87.22
2021-01-04 07:00:00,87.22
2021-01-04 07:10:00,90.77
2021-01-04 07:10:00,90.77
2021-01-04 07:10:00,90.77
2021-01-04 07:10:00,90.77
2021-01-04 07:10:00,90.77
2021-01-04 07:10:00,90.77
2021-01-04 07:20:00,60.78
2021-01-04 07:20:00,60.78
2021-01-04 07:20:00,60.78
2021-01-04 07:20:00,60.78
2021-01-04 07:20:00,60.78
2021-01-04 07:20:00,60.78
2021-01-04 07:30:00,43.85
2021-01-04 07:30:00,43.85
2021-01-04 07:30:00,43.85
2021-01-04 07:30:00,43.85
2021-01-04 07:30:00,43.85
2021-01-04 07:30:00,43.85
2021-01-04 07:40:00,70.7
2021-01-04 07:40:00,70.7
2021-01-04 07:40:00,70.7
2021-01-04 07:40:00,70.7
2021-01-04 07:40:00,70.7
2021-01-04 07:40:00,70.7
2021-01-04 07:50:00,78.4
2021-01-04 07:50:00,78.4
2021-01-04 07:50:00,78.4
2021-01-04 07:50:00,78.4
2021-01-04 07:50:00,78.4
2021-01-04 07:50:00,78.4
2021-01-04 08:00:00,128.88
2021-01-04 08:00:00,128.88
2021-01-04 08:00:00,128.88
2021-01-04 08:00:00,128.88
2021-01-04 08:00:00,128.88
2021-01-04 08:00:00,128.88
2021-01-04 08:10:00,158.44
2021-01-04 08:10:00,158.44
2021-01-04 08:10:00,158.44
2021-01-04 08:10:00,158.44
2021-01-04 08:10:00,158.44
2021-01-04 08:10:00,158.44
2021-01-04 08:20:00,225.46
2021-01-04 08:20:00,225.46
2021-01-04 08:20:00,225.46
2021-01-04 08:20:00,225.46
2021-01-04 08:20:00,225.46
2021-01-04 08:20:00,225.46
2021-01-04 08:30:00,232.6
2021-01-04 08:30:00,232.6
2021-01-04 08:30:00,232.6
2021-01-04 08:30:00,232.6
2021-01-04 08:30:00,232.6
2021-01-04 08:30:00,232.6
2021-01-04 08:40:00,437.18
2021-01-04 08:40:00,437.18
2021-01-04 08:40:00,437.18
2021-01-04 08:40:00,437.18
2021-01-04 08:40:00,437.18
2021-01-04 08:40:00,437.18
2021-01-04 08:50:00,717.45
2021-01-04 08:50:00,717.45
2021-01-04 08:50:00,717.45
2021-01-04 08:50:00,717.45
2021-01-04 08:50:00,717.45
2021-01-04 08:50:00,717.45
2021-01-04 09:00:00,675.03
2021-01-04 09:00:00,675.03
2021-01-04 09:00:00,675.03
2021-01-04 09:00:00,675.03
2021-01-04 09:00:00,675.03
2021-01-04 09:00:00,675.03
2021-01-04 09:10:00,632.1
2021-01-04 09:10:00,632.1
2021-01-04 09:10:00,632.1
2021-01-04 09:10:00,632.1
2021-01-04 09:10:00,632.1
2021-01-04 09:10:00,632.1
2021-01-04 09:20:00,610.3
2021-01-04 09:20:00,610.3
2021-01-04 09:20:00,610.3
2021-01-04 09:20:00,610.3
2021-01-04 09:20:00,610.3
2021-01-04 09:20:00,610.3
2021-01-04 09:30:00,625.55
2021-01-04 09:30:00,625.55
2021-01-04 09:30:00,625.55
2021-01-04 09:30:00,625.55
2021-01-04 09:30:00,625.55
2021-01-04 09:30:00,625.55
2021-01-04 09:40:00,683.67
2021-01-04 09:40:00,683.67
2021-01-04 09:40:00,683.67
2021-01-04 09:40:00,683.67
2021-01-04 09:40:00,683.67
2021-01-04 09:40:00,683.67
2021-01-04 09:50:00,780.43
2021-01-04 09:50:00,780.43
2021-01-04 09:50:00,780.43
2021-01-04 09:50:00,780.43
2021-01-04 09:50:00,780.43
2021-01-04 09:50:00,780.43
2021-01-04 10:00:00,810.81
2021-01-04 10:00:00,810.81
2021-01-04 10:00:00,810.81
2021-01-04 10:00:00,810.81
2021-01-04 10:00:00,810.81
2021-01-04 10:00:00,810.81
2021-01-04 10:10:00,558.71
2021-01-04 10:10:00,558.71
2021-01-04 10:10:00,558.71
2021-01-04 10:10:00,558.71
2021-01-04 10:10:00,558.71
2021-01-04 10:10:00,558.71
2021-01-04 10:20:00,396.28
2021-01-04 10:20:00,396.28
2021-01-04 10:20:00,396.28
2021-01-04 10:20:00,396.28
2021-01-04 10:20:00,396.28
2021-01-04 10:20:00,396.28
2021-01-04 10:30:00,285.93
2021-01-04 10:30:00,285.93
2021-01-04 10:30:00,285.93
2021-01-04 10:30:00,285.93
2021-01-04 10:30:00,285.93
2021-01-04 10:30:00,285.93
2021-01-04 10:40:00,219.26
2021-01-04 10:40:00,219.26
2021-01-04 10:40:00,219.26
2021-01-04 10:40:00,219.26
2021-01-04 10:40:00,219.26
2021-01-04 10:40:00,219.26
2021-01-04 10:50:00,378.67
2021-01-04 10:50:00,378.67
2021-01-04 10:50:00,378.67
2021-01-04 10:50:00,378.67
2021-01-04 10:50:00,378.67
2021-01-04 10:50:00,378.67
2021-01-04 11:00:00,352.84
2021-01-04 11:00:00,352.84
2021-01-04 11:00:00,352.84
2021-01-04 11:00:00,352.84
2021-01-04 11:00:00,352.84
2021-01-04 11:00:00,352.84
2021-01-04 11:10:00,377.6
2021-01-04 11:10:00,377.6
2021-01-04 11:10:00,377.6
2021-01-04 11:10:00,377.6
2021-01-04 11:10:00,377.6
2021-01-04 11:10:00,377.6
2021-01-04 11:20:00,474.11
2021-01-04 11:20:00,474.11
2021-01-04 11:20:00,474.11
2021-01-04 11:20:00,474.11
2021-01-04 11:20:00,474.11
2021-01-04 11:20:00,474.11
2021-01-04 11:30:00,470.33
2021-01-04 11:30:00,470.33
2021-01-04 11:30:00,470.33
2021-01-04 11:30:00,470.33
2021-01-04 11:30:00,470.33
2021-01-04 11:30:00,470.33
2021-01-04 11:40:00,610.39
2021-01-04 11:40:00,610.39
2021-01-04 11:40:00,610.39
2021-01-04 11:40:00,610.39
2021-01-04 11:40:00,610.39
2021-01-04 11:40:00,610.39
2021-01-04 11:50:00,388.1
2021-01-04 11:50:00,388.1
2021-01-04 11:50:00,388.1
2021-01-04 11:50:00,388.1
2021-01-04 11:50:00,388.1
2021-01-04 11:50:00,388.1
2021-01-04 12:00:00,430.61
2021-01-04 12:00:00,430.61
2021-01-04 12:00:00,430.61
2021-01-04 12:00:00,430.61
2021-01-04 12:00:00,430.61
2021-01-04 12:00:00,430.61
2021-01-04 12:10:00,446.65
2021-01-04 12:10:00,446.65
2021-01-04 12:10:00,446.65
2021-01-04 12:10:00,446.65
2021-01-04 12:10:00,446.65
2021-01-04 12:10:00,446.65
2021-01-04 12:20:00,585.35
2021-01-04 12:20:00,585.35
2021-01-04 12:20:00,585.35
2021-01-04 12:20:00,585.35
2021-01-04 12:20:00,585.35
2021-01-04 12:20:00,585.35
2021-01-04 12:30:00,586.88
2021-01-04 12:30:00,586.88
2021-01-04 12:30:00,586.88
2021-01-04 12:30:00,586.88
2021-01-04 12:30:00,586.88
2021-01-04 12:30:00,586.88
2021-01-04 12:40:00,483.18
2021-01-04 12:40:00,483.18
2021-01-04 12:40:00,483.18
2021-01-04 12:40:00,483.18
2021-01-04 12:40:00,483.18
2021-01-04 12:40:00,483.18
2021-01-04 12:50:00,499.79
2021-01-04 12:50:00,499.79
2021-01-04 12:50:00,499.79
2021-01-04 12:50:00,499.79
2021-01-04 12:50:00,499.79
2021-01-04 12:50:00,499.79
2021-01-04 13:00:00,570.29
2021-01-04 13:00:00,570.29
2021-01-04 13:00:00,570.29
2021-01-04 13:00:00,570.29
2021-01-04 13:00:00,570.29
2021-01-04 13:00:00,570.29
2021-01-04 13:10:00,466.31
2021-01-04 13:10:00,466.31
2021-01-04 13:10:00,466.31
2021-01-04 13:10:00,466.31
2021-01-04 13:10:00,466.31
2021-01-04 13:10:00,466.31
2021-01-04 13:20:00,497.84
2021-01-04 13:20:00,497.84
2021-01-04 13:20:00,497.84
2021-01-04 13:20:00,497.84
2021-01-04 13:20:00,497.84
2021-01-04 13:20:00,497.84
2021-01-04 13:30:00,518.58
2021-01-04 13:30:00,518.58
2021-01-04 13:30:00,518.58
2021-01-04 13:30:00,518.58
2021-01-04 13:30:00,518.58
2021-01-04 13:30:00,518.58
2021-01-04 13:40:00,518.59
2021-01-04 13:40:00,518.59
2021-01-04 13:40:00,518.59
2021-01-04 13:40:00,518.59
2021-01-04 13:40:00,518.59
2021-01-04 13:40:00,518.59
2021-01-04 13:50:00,542.3
2021-01-04 13:50:00,542.3
2021-01-04 13:50:00,542.3
2021-01-04 13:50:00,542.3
2021-01-04 13:50:00,542.3
2021-01-04 13:50:00,542.3
2021-01-04 14:00:00,407.04
2021-01-04 14:00:00,407.04
2021-01-04 14:00:00,407.04
2021-01-04 14:00:00,407.04
2021-01-04 14:00:00,407.04
2021-01-04 14:00:00,407.04
2021-01-04 14:10:00,374.15
2021-01-04 14:10:00,374.15
2021-01-04 14:10:00,374.15
2021-01-04 14:10:00,374.15
2021-01-04 14:10:00,374.15
2021-01-04 14:10:00,374.15
2021-01-04 14:20:00,342.62
2021-01-04 14:20:00,342.62
2021-01-04 14:20:00,342.62
2021-01-04 14:20:00,342.62
2021-01-04 14:20:00,342.62
2021-01-04 14:20:00,342.62
2021-01-04 14:30:00,331.11
2021-01-04 14:30:00,331.11
2021-01-04 14:30:00,331.11
2021-01-04 14:30:00,331.11
2021-01-04 14:30:00,331.11
2021-01-04 14:30:00,331.11
2021-01-04 14:40:00,432.45
2021-01-04 14:40:00,432.45
2021-01-04 14:40:00,432.45
2021-01-04 14:40:00,432.45
2021-01-04 14:40:00,432.45
2021-01-04 14:40:00,432.45
2021-01-04 14:50:00,285.72
2021-01-04 14:50:00,285.72
2021-01-04 14:50:00,285.72
2021-01-04 14:50:00,285.72
2021-01-04 14:50:00,285.72
2021-01-04 14:50:00,285.72
2021-01-04 15:00:00,277.28
2021-01-04 15:00:00,277.28
2021-01-04 15:00:00,277.28
2021-01-04 15:00:00,277.28
2021-01-04 15:00:00,277.28
2021-01-04 15:00:00,277.28
2021-01-04 15:10:00,320.81
2021-01-04 15:10:00,320.81
2021-01-04 15:10:00,320.81
2021-01-04 15:10:00,320.81
2021-01-04 15:10:00,320.81
2021-01-04 15:10:00,320.81
2021-01-04 15:20:00,302.6
2021-01-04 15:20:00,302.6
2021-01-04 15:20:00,302.6
2021-01-04 15:20:00,302.6
2021-01-04 15:20:00,302.6
2021-01-04 15:20:00,302.6
2021-01-04 15:30:00,249.48
2021-01-04 15:30:00,249.48
2021-01-04 15:30:00,249.48
2021-01-04 15:30:00,249.48
2021-01-04 15:30:00,249.48
2021-01-04 15:30:00,249.48
2021-01-04 15:40:00,194.48
2021-01-04 15:40:00,194.48
2021-01-04 15:40:00,194.48
2021-01-04 15:40:00,194.48
2021-01-04 15:40:00,194.48
2021-01-04 15:40:00,194.48
2021-01-04 15:50:00,150.65
2021-01-04 15:50:00,150.65
2021-01-04 15:50:00,150.65
2021-01-04 15:50:00,150.65
2021-01-04 15:50:00,150.65
2021-01-04 15:50:00,150.65
2021-01-04 16:00:00,189.64
2021-01-04 16:00:00,189.64
2021-01-04 16:00:00,189.64
2021-01-04 16:00:00,189.64
2021-01-04 16:00:00,189.64
2021-01-04 16:00:00,189.64
2021-01-04 16:10:00,216.21
2021-01-04 16:10:00,216.21
2021-01-04 16:10:00,216.21
2021-01-04 16:10:00,216.21
2021-01-04 16:10:00,216.21
2021-01-04 16:10:00,216.21
2021-01-04 16:20:00,201.89
2021-01-04 16:20:00,201.89
2021-01-04 16:20:00,201.89
2021-01-04 16:20:00,201.89
2021-01-04 16:20:00,201.89
2021-01-04 16:20:00,201.89
2021-01-04 16:30:00,220.93
2021-01-04 16:30:00,220.93
2021-01-04 16:30:00,220.93
2021-01-04 16:30:00,220.93
2021-01-04 16:30:00,220.93
2021-01-04 16:30:00,220.93
2021-01-04 16:40:00,179.72
2021-01-04 16:40:00,179.72
2021-01-04 16:40:00,179.72
2021-01-04 16:40:00,179.72
2021-01-04 16:40:00,179.72
2021-01-04 16:40:00,179.72
2021-01-04 16:50:00,200.15
2021-01-04 16:50:00,200.15
2021-01-04 16:50:00,200.15
2021-01-04 16:50:00,200.15
2021-01-04 16:50:00,200.15
2021-01-04 16:50:00,200.15
2021-01-04 17:00:00,222.33
2021-01-04 17:00:00,222.33
2021-01-04 17:00:00,222.33
2021-01-04 17:00:00,222.33
2021-01-04 17:00:00,222.33
2021-01-04 17:00:00,222.33
2021-01-04 17:10:00,227.26
2021-01-04 17:10:00,227.26
2021-01-04 17:10:00,227.26
2021-01-04 17:10:00,227.26
2021-01-04 17:10:00,227.26
2021-01-04 17:10:00,227.26
2021-01-04 17:20:00,134.15
2021-01-04 17:20:00,134.15
2021-01-04 17:20:00,134.15
2021-01-04 17:20:00,134.15
2021-01-04 17:20:00,134.15
2021-01-04 17:20:00,134.15
2021-01-04 17:30:00,149.07
2021-01-04 17:30:00,149.07
2021-01-04 17:30:00,149.07
2021-01-04 17:30:00,149.07
2021-01-04 17:30:00,149.07
2021-01-04 17:30:00,149.07
2021-01-04 17:40:00,175.26
2021-01-04 17:40:00,175.26
2021-01-04 17:40:00,175.26
2021-01-04 17:40:00,175.26
2021-01-04 17:40:00,175.26
2021-01-04 17:40:00,175.26
2021-01-04 17:50:00,149.2
2021-01-04 17:50:00,149.2
2021-01-04 17:50:00,149.2
2021-01-04 17:50:00,149.2
2021-01-04 17:50:00,149.2
2021-01-04 17:50:00,149.2
2021-01-04 18:00:00,133.73
2021-01-04 18:00:00,133.73
2021-01-04 18:00:00,133.73
2021-01-04 18:00:00,133.73
2021-01-04 18:00:00,133.73
2021-01-04 18:00:00,133.73
2021-01-04 18:10:00,134.88
2021-01-04 18:10:00,134.88
2021-01-04 18:10:00,134.88
2021-01-04 18:10:00,134.88
2021-01-04 18:10:00,134.88
2021-01-04 18:10:00,134.88
2021-01-04 18:20:00,168.7
2021-01-04 18:20:00,168.7
2021-01-04 18:20:00,168.7
2021-01-04 18:20:00,168.7
2021-01-04 18:20:00,168.7
2021-01-04 18:20:00,168.7
2021-01-04 18:30:00,139.27
2021-01-04 18:30:00,139.27
2021-01-04 18:30:00,139.27
2021-01-04 18:30:00,139.27
2021-01-04 18:30:00,139.27
2021-01-04 18:30:00,139.27
2021-01-04 18:40:00,119.84
2021-01-04 18:40:00,119.84
2021-01-04 18:40:00,119.84
2021-01-04 18:40:00,119.84
2021-01-04 18:40:00,119.84
2021-01-04 18:40:00,119.84
2021-01-04 18:50:00,135.12
2021-01-04 18:50:00,135.12
2021-01-04 18:50:00,135.12
2021-01-04 18:50:00,135.12
2021-01-04 18:50:00,135.12
2021-01-04 18:50:00,135.12
2021-01-04 19:00:00,87.5
2021-01-04 19:00:00,87.5
2021-01-04 19:00:00,87.5
2021-01-04 19:00:00,87.5
2021-01-04 19:00:00,87.5
2021-01-04 19:00:00,87.5
2021-01-04 19:10:00,138.89
2021-01-04 19:10:00,138.89
2021-01-04 19:10:00,138.89
2021-01-04 19:10:00,138.89
2021-01-04 19:10:00,138.89
2021-01-04 19:10:00,138.89
2021-01-04 19:20:00,140.25
2021-01-04 19:20:00,140.25
2021-01-04 19:20:00,140.25
2021-01-04 19:20:00,140.25
2021-01-04 19:20:00,140.25
2021-01-04 19:20:00,140.25
2021-01-04 19:30:00,171.82
2021-01-04 19:30:00,171.82
2021-01-04 19:30:00,171.82
2021-01-04 19:30:00,171.82
2021-01-04 19:30:00,171.82
2021-01-04 19:30:00,171.82
2021-01-04 19:40:00,198.71
2021-01-04 19:40:00,198.71
2021-01-04 19:40:00,198.71
2021-01-04 19:40:00,198.71
2021-01-04 19:40:00,198.71
2021-01-04 19:40:00,198.71
2021-01-04 19:50:00,204.13
2021-01-04 19:50:00,204.13
2021-01-04 19:50:00,204.13
2021-01-04 19:50:00,204.13
2021-01-04 19:50:00,204.13
2021-01-04 19:50:00,204.13
2021-01-04 20:00:00,133.86
2021-01-04 20:00:00,133.86
2021-01-04 20:00:00,133.86
2021-01-04 20:00:00,133.86
2021-01-04 20:00:00,133.86
2021-01-04 20:00:00,133.86
2021-01-04 20:10:00,175.96
2021-01-04 20:10:00,175.96
2021-01-04 20:10:00,175.96
2021-01-04 20:10:00,175.96
2021-01-04 20:10:00,175.96
2021-01-04 20:10:00,175.96
2021-01-04 20:20:00,131.72
2021-01-04 20:20:00,131.72
2021-01-04 20:20:00,131.72
2021-01-04 20:20:00,131.72
2021-01-04 20:20:00,131.72
2021-01-04 20:20:00,131.72
2021-01-04 20:30:00,100.97
2021-01-04 20:30:00,100.97
2021-01-04 20:30:00,100.97
2021-01-04 20:30:00,100.97
2021-01-04 20:30:00,100.97
2021-01-04 20:30:00,100.97
2021-01-04 20:40:00,140.65
2021-01-04 20:40:00,140.65
2021-01-04 20:40:00,140.65
2021-01-04 20:40:00,140.65
2021-01-04 20:40:00,140.65
2021-01-04 20:40:00,140.65
2021-01-04 20:50:00,136.9
2021-01-04 20:50:00,136.9
2021-01-04 20:50:00,136.9
2021-01-04 20:50:00,136.9
2021-01-04 20:50:00,136.9
2021-01-04 20:50:00,136.9
2021-01-04 21:00:00,153.68
2021-01-04 21:00:00,153.68
2021-01-04 21:00:00,153.68
2021-01-04 21:00:00,153.68
2021-01-04 21:00:00,153.68
2021-01-04 21:00:00,153.68
2021-01-04 21:10:00,129.24
2021-01-04 21:10:00,129.24
2021-01-04 21:10:00,129.24
2021-01-04 21:10:00,129.24
2021-01-04 21:10:00,129.24
2021-01-04 21:10:00,129.24
2021-01-04 21:20:00,128.87
2021-01-04 21:20:00,128.87
2021-01-04 21:20:00,128.87
2021-01-04 21:20:00,128.87
2021-01-04 21:20:00,128.87
2021-01-04 21:20:00,128.87
2021-01-04 21:30:00,134.44
2021-01-04 21:30:00,134.44
2021-01-04 21:30:00,134.44
2021-01-04 21:30:00,134.44
2021-01-04 21:30:00,134.44
2021-01-04 21:30:00,134.44
2021-01-04 21:40:00,111.25
2021-01-04 21:40:00,111.25
2021-01-04 21:40:00,111.25
2021-01-04 21:40:00,111.25
2021-01-04 21:40:00,111.25
2021-01-04 21:40:00,111.25
2021-01-04 21:50:00,81.55
2021-01-04 21:50:00,81.55
2021-01-04 21:50:00,81.55
2021-01-04 21:50:00,81.55
2021-01-04 21:50:00,81.55
2021-01-04 21:50:00,81.55
2021-01-04 22:00:00,76.14
2021-01-04 22:00:00,76.14
2021-01-04 22:00:00,76.14
2021-01-04 22:00:00,76.14
2021-01-04 22:00:00,76.14
2021-01-04 22:00:00,76.14
2021-01-04 22:10:00,81.13
2021-01-04 22:10:00,81.13
2021-01-04 22:10:00,81.13
2021-01-04 22:10:00,81.13
2021-01-04 22:10:00,81.13
2021-01-04 22:10:00,81.13
2021-01-04 22:20:00,70.64
2021-01-04 22:20:00,70.64
2021-01-04 22:20:00,70.64
2021-01-04 22:20:00,70.64
2021-01-04 22:20:00,70.64
2021-01-04 22:20:00,70.64
2021-01-04 22:30:00,96.1
2021-01-04 22:30:00,96.1
2021-01-04 22:30:00,96.1
2021-01-04 22:30:00,96.1
2021-01-04 22:30:00,96.1
2021-01-04 22:30:00,96.1
2021-01-04 22:40:00,102.74
2021-01-04 22:40:00,102.74
2021-01-04 22:40:00,102.74
2021-01-04 22:40:00,102.74
2021-01-04 22:40:00,102.74
2021-01-04 22:40:00,102.74
2021-01-04 22:50:00,50.58
2021-01-04 22:50:00,50.58
2021-01-04 22:50:00,50.58
2021-01-04 22:50:00,50.58
2021-01-04 22:50:00,50.58
2021-01-04 22:50:00,50.58
2021-01-04 23:00:00,55.11
2021-01-04 23:00:00,55.11
2021-01-04 23:00:00,55.11
2021-01-04 23:00:00,55.11
2021-01-04 23:00:00,55.11
2021-01-04 23:00:00,55.11
2021-01-04 23:10:00,51.44
2021-01-04 23:10:00,51.44
2021-01-04 23:10:00,51.44
2021-01-04 23:10:00,51.44
2021-01-04 23:10:00,51.44
2021-01-04 23:10:00,51.44
2021-01-04 23:20:00,52.66
2021-01-04 23:20:00,52.66
2021-01-04 23:20:00,52.66
2021-01-04 23:20:00,52.66
2021-01-04 23:20:00,52.66
2021-01-04 23:20:00,52.66
2021-01-04 23:30:00,34.39
2021-01-04 23:30:00,34.39
2021-01-04 23:30:00,34.39
2021-01-04 23:30:00,34.39
2021-01-04 23:30:00,34.39
2021-01-04 23:30:00,34.39
2021-01-04 23:40:00,8.36
2021-01-04 23:40:00,8.36
2021-01-04 23:40:00,8.36
2021-01-04 23:40:00,8.36
2021-01-04 23:40:00,8.36
2021-01-04 23:40:00,8.36
2021-01-04 23:50:00,9.46
2021-01-04 23:50:00,9.46
2021-01-04 23:50:00,9.46
2021-01-04 23:50:00,9.46
2021-01-04 23:50:00,9.46
2021-01-04 23:50:00,9.46
2021-01-05 00:00:00,0.0
2021-01-05 00:00:00,0.0
2021-01-05 00:00:00,0.0
2021-01-05 00:00:00,0.0
2021-01-05 00:00:00,0.0
2021-01-05 00:00:00,0.0
2021-01-05 00:10:00,0.0
2021-01-05 00:10:00,0.0
2021-01-05 00:10:00,0.0
2021-01-05 00:10:00,0.0
2021-01-05 00:10:00,0.0
2021-01-05 00:10:00,0.0
2021-01-05 00:20:00,0.0
2021-01-05 00:20:00,0.0
2021-01-05 00:20:00,0.0
2021-01-05 00:20:00,0.0
2021-01-05 00:20:00,0.0
2021-01-05 00:20:00,0.0
2021-01-05 00:30:00,0.0
2021-01-05 00:30:00,0.0
2021-01-05 00:30:00,0.0
2021-01-05 00:30:00,0.0
2021-01-05 00:30:00,0.0
2021-01-05 00:30:00,0.0
2021-01-05 00:40:00,0.0
2021-01-05 00:40:00,0.0
2021-01-05 00:40:00,0.0
2021-01-05 00:40:00,0.0
2021-01-05 00:40:00,0.0
2021-01-05 00:40:00,0.0
2021-01-05 00:50:00,0.0
2021-01-05 00:50:00,0.0
2021-01-05 00:50:00,0.0
2021-01-05 00:50:00,0.0
2021-01-05 00:50:00,0.0
2021-01-05 00:50:00,0.0
2021-01-05 01:00:00,0.0
2021-01-05 01:00:00,0.0
2021-01-05 01:00:00,0.0
2021-01-05 01:00:00,0.0
2021-01-05 01:00:00,0.0
2021-01-05 01:00:00,0.0
2021-01-05 01:10:00,0.0
2021-01-05 01:10:00,0.0
2021-01-05 01:10:00,0.0
2021-01-05 01:10:00,0.0
2021-01-05 01:10:00,0.0
2021-01-05 01:10:00,0.0
2021-01-05 01:20:00,0.0
2021-01-05 01:20:00,0.0
2021-01-05 01:20:00,0.0
2021-01-05 01:20:00,0.0
2021-01-05 01:20:00,0.0
2021-01-05 01:20:00,0.0
2021-01-05 01:30:00,0.0
2021-01-05 01:30:00,0.0
2021-01-05 01:30:00,0.0
2021-01-05 01:30:00,0.0
2021-01-05 01:30:00,0.0
2021-01-05 01:30:00,0.0
2021-01-05 01:40:00,0.0
2021-01-05 01:40:00,0.0
2021-01-05 01:40:00,0.0
2021-01-05 01:40:00,0.0
2021-01-05 01:40:00,0.0
2021-01-05 01:40:00,0.0
2021-01-05 01:50:00,0.0
2021-01-05 01:50:00,0.0
2021-01-05 01:50:00,0.0
2021-01-05 01:50:00,0.0
2021-01-05 01:50:00,0.0
2021-01-05 01:50:00,0.0
2021-01-05 02:00:00,0.0
2021-01-05 02:00:00,0.0
2021-01-05 02:00:00,0.0
2021-01-05 02:00:00,0.0
2021-01-05 02:00:00,0.0
2021-01-05 02:00:00,0.0
2021-01-05 02:10:00,0.0
2021-01-05 02:10:00,0.0
2021-01-05 02:10:00,0.0
2021-01-05 02:10:00,0.0
2021-01-05 02:10:00,0.0
2021-01-05 02:10:00,0.0
2021-01-05 02:20:00,0.0
2021-01-05 02:20:00,0.0
2021-01-05 02:20:00,0.0
2021-01-05 02:20:00,0.0
2021-01-05 02:20:00,0.0
2021-01-05 02:20:00,0.0
2021-01-05 02:30:00,0.0
2021-01-05 02:30:00,0.0
2021-01-05 02:30:00,0.0
2021-01-05 02:30:00,0.0
2021-01-05 02:30:00,0.0
2021-01-05 02:30:00,0.0
2021-01-05 02:40:00,0.0
2021-01-05 02:40:00,0.0
2021-01-05 02:40:00,0.0
2021-01-05 02:40:00,0.0
2021-01-05 02:40:00,0.0
2021-01-05 02:40:00,0.0
2021-01-05 02:50:00,0.0
2021-01-05 02:50:00,0.0
2021-01-05 02:50:00,0.0
2021-01-05 02:50:00,0.0
2021-01-05 02:50:00,0.0
2021-01-05 02:50:00,0.0
2021-01-05 03:00:00,0.0
2021-01-05 03:00:00,0.0
2021-01-05 03:00:00,0.0
2021-01-05 03:00:00,0.0
2021-01-05 03:00:00,0.0
2021-01-05 03:00:00,0.0
2021-01-05 03:10:00,0.0
2021-01-05 03:10:00,0.0
2021-01-05 03:10:00,0.0
2021-01-05 03:10:00,0.0
2021-01-05 03:10:00,0.0
2021-01-05 03:10:00,0.0
2021-01-05 03:20:00,0.0
2021-01-05 03:20:00,0.0
2021-01-05 03:20:00,0.0
2021-01-05 03:20:00,0.0
2021-01-05 03:20:00,0.0
2021-01-05 03:20:00,0.0
2021-01-05 03:30:00,0.0
2021-01-05 03:30:00,0.0
2021-01-05 03:30:00,0.0
2021-01-05 03:30:00,0.0
2021-01-05 03:30:00,0.0
2021-01-05 03:30:00,0.0
2021-01-05 03:40:00,0.0
2021-01-05 03:40:00,0.0
2021-01-05 03:40:00,0.0
2021-01-05 03:40:00,0.0
2021-01-05 03:40:00,0.0
2021-01-05 03:40:00,0.0
2021-01-05 03:50:00,0.0
2021-01-05 03:50:00,0.0
2021-01-05 03:50:00,0.0
2021-01-05 03:50:00,0.0
2021-01-05 03:50:00,0.0
2021-01-05 03:50:00,0.0
2021-01-05 04:00:00,0.0
2021-01-05 04:00:00,0.0
2021-01-05 04:00:00,0.0
2021-01-05 04:00:00,0.0
2021-01-05 04:00:00,0.0
2021-01-05 04:00:00,0.0
2021-01-05 04:10:00,0.0
2021-01-05 04:10:00,0.0
2021-01-05 04:10:00,0.0
2021-01-05 04:10:00,0.0
2021-01-05 04:10:00,0.0
2021-01-05 04:10:00,0.0
2021-01-05 04:20:00,0.0
2021-01-05 04:20:00,0.0
2021-01-05 04:20:00,0.0
2021-01-05 04:20:00,0.0
2021-01-05 04:20:00,0.0
2021-01-05 04:20:00,0.0
2021-01-05 04:30:00,0.0
2021-01-05 04:30:00,0.0
2021-01-05 04:30:00,0.0
2021-01-05 04:30:00,0.0
2021-01-05 04:30:00,0.0
2021-01-05 04:30:00,0.0
2021-01-05 04:40:00,0.0
2021-01-05 04:40:00,0.0
2021-01-05 04:40:00,0.0
2021-01-05 04:40:00,0.0
2021-01-05 04:40:00,0.0
2021-01-05 04:40:00,0.0
2021-01-05 04:50:00,0.0
2021-01-05 04:50:00,0.0
2021-01-05 04:50:00,0.0
2021-01-05 04:50:00,0.0
2021-01-05 04:50:00,0.0
2021-01-05 04:50:00,0.0
2021-01-05 05:00:00,0.0
2021-01-05 05:00:00,0.0
2021-01-05 05:00:00,0.0
2021-01-05 05:00:00,0.0
2021-01-05 05:00:00,0.0
2021-01-05 05:00:00,0.0
2021-01-05 05:10:00,0.0
2021-01-05 05:10:00,0.0
2021-01-05 05:10:00,0.0
2021-01-05 05:10:00,0.0
2021-01-05 05:10:00,0.0
2021-01-05 05:10:00,0.0
2021-01-05 05:20:00,0.0
2021-01-05 05:20:00,0.0
2021-01-05 05:20:00,0.0
2021-01-05 05:20:00,0.0
2021-01-05 05:20:00,0.0
2021-01-05 05:20:00,0.0
2021-01-05 05:30:00,0.0
2021-01-05 05:30:00,0.0
2021-01-05 05:30:00,0.0
2021-01-05 05:30:00,0.0
2021-01-05 05:30:00,0.0
2021-01-05 05:30:00,0.0
2021-01-05 05:40:00,0.0
2021-01-05 05:40:00,0.0
2021-01-05 05:40:00,0.0
2021-01-05 05:40:00,0.0
2021-01-05 05:40:00,0.0
2021-01-05 05:40:00,0.0
2021-01-05 05:50:00,0.0
2021-01-05 05:50:00,0.0
2021-01-05 05:50:00,0.0
2021-01-05 05:50:00,0.0
2021-01-05 05:50:00,0.0
2021-01-05 05:50:00,0.0
2021-01-05 06:00:00,0.0
2021-01-05 06:00:00,0.0
2021-01-05 06:00:00,0.0
2021-01-05 06:00:00,0.0
2021-01-05 06:00:00,0.0
2021-01-05 06:00:00,0.0
2021-01-05 06:10:00,0.0
2021-01-05 06:10:00,0.0
2021-01-05 06:10:00,0.0
2021-01-05 06:10:00,0.0
2021-01-05 06:10:00,0.0
2021-01-05 06:10:00,0.0
2021-01-05 06:20:00,0.0
2021-01-05 06:20:00,0.0
2021-01-05 06:20:00,0.0
2021-01-05 06:20:00,0.0
2021-01-05 06:20:00,0.0
2021-01-05 06:20:00,0.0
2021-01-05 06:30:00,0.0
2021-01-05 06:30:00,0.0
2021-01-05 06:30:00,0.0
2021-01-05 06:30:00,0.0
2021-01-05 06:30:00,0.0
2021-01-05 06:30:00,0.0
2021-01-05 06:40:00,0.0
2021-01-05 06:40:00,0.0
2021-01-05 06:40:00,0.0
2021-01-05 06:40:00,0.0
2021-01-05 06:40:00,0.0
2021-01-05 06:40:00,0.0
2021-01-05 06:50:00,0.0
2021-01-05 06:50:00,0.0
2021-01-05 06:50:00,0.0
2021-01-05 06:50:00,0.0
2021-01-05 06:50:00,0.0
2021-01-05 06:50:00,0.0
2021-01-05 07:00:00,0.0
2021-01-05 07:00:00,0.0
2021-01-05 07:00:00,0.0
2021-01-05 07:00:00,0.0
2021-01-05 07:00:00,0.0
2021-01-05 07:00:00,0.0
2021-01-05 07:10:00,0.0
2021-01-05 07:10:00,0.0
2021-01-05 07:10:00,0.0
2021-01-05 07:10:00,0.0
2021-01-05 07:10:00,0.0
2021-01-05 07:10:00,0.0
2021-01-05 07:20:00,0.0
2021-01-05 07:20:00,0.0
2021-01-05 07:20:00,0.0
2021-01-05 07:20:00,0.0
2021-01-05 07:20:00,0.0
2021-01-05 07:20:00,0.0
2021-01-05 07:30:00,0.0
2021-01-05 07:30:00,0.0
2021-01-05 07:30:00,0.0
2021-01-05 07:30:00,0.0
2021-01-05 07:30:00,0.0
2021-01-05 07:30:00,0.0
2021-01-05 07:40:00,0.0
2021-01-05 07:40:00,0.0
2021-01-05 07:40:00,0.0
2021-01-05 07:40:00,0.0
2021-01-05 07:40:00,0.0
2021-01-05 07:40:00,0.0
2021-01-05 07:50:00,0.0
2021-01-05 07:50:00,0.0
2021-01-05 07:50:00,0.0
2021-01-05 07:50:00,0.0
2021-01-05 07:50:00,0.0
2021-01-05 07:50:00,0.0
2021-01-05 08:00:00,0.0
2021-01-05 08:00:00,0.0
2021-01-05 08:00:00,0.0
2021-01-05 08:00:00,0.0
2021-01-05 08:00:00,0.0
2021-01-05 08:00:00,0.0
2021-01-05 08:10:00,0.0
2021-01-05 08:10:00,0.0
2021-01-05 08:10:00,0.0
2021-01-05 08:10:00,0.0
2021-01-05 08:10:00,0.0
2021-01-05 08:10:00,0.0
2021-01-05 08:20:00,0.0
2021-01-05 08:20:00,0.0
2021-01-05 08:20:00,0.0
2021-01-05 08:20:00,0.0
2021-01-05 08:20:00,0.0
2021-01-05 08:20:00,0.0
2021-01-05 08:30:00,0.0
2021-01-05 08:30:00,0.0
2021-01-05 08:30:00,0.0
2021-01-05 08:30:00,0.0
2021-01-05 08:30:00,0.0
2021-01-05 08:30:00,0.0
2021-01-05 08:40:00,0.0
2021-01-05 08:40:00,0.0
2021-01-05 08:40:00,0.0
2021-01-05 08:40:00,0.0
2021-01-05 08:40:00,0.0
2021-01-05 08:40:00,0.0
2021-01-05 08:50:00,0.0
2021-01-05 08:50:00,0.0
2021-01-05 08:50:00,0.0
2021-01-05 08:50:00,0.0
2021-01-05 08:50:00,0.0
2021-01-05 08:50:00,0.0
2021-01-05 09:00:00,0.0
2021-01-05 09:00:00,0.0
2021-01-05 09:00:00,0.0
2021-01-05 09:00:00,0.0
2021-01-05 09:00:00,0.0
2021-01-05 09:00:00,0.0
2021-01-05 09:10:00,0.0
2021-01-05 09:10:00,0.0
2021-01-05 09:10:00,0.0
2021-01-05 09:10:00,0.0
2021-01-05 09:10:00,0.0
2021-01-05 09:10:00,0.0
2021-01-05 09:20:00,0.0
2021-01-05 09:20:00,0.0
2021-01-05 09:20:00,0.0
2021-01-05 09:20:00,0.0
2021-01-05 09:20:00,0.0
2021-01-05 09:20:00,0.0
2021-01-05 09:30:00,0.0
2021-01-05 09:30:00,0.0
2021-01-05 09:30:00,0.0
2021-01-05 09:30:00,0.0
2021-01-05 09:30:00,0.0
2021-01-05 09:30:00,0.0
2021-01-05 09:40:00,0.0
2021-01-05 09:40:00,0.0
2021-01-05 09:40:00,0.0
2021-01-05 09:40:00,0.0
2021-01-05 09:40:00,0.0
2021-01-05 09:40:00,0.0
2021-01-05 09:50:00,0.0
2021-01-05 09:50:00,0.0
2021-01-05 09:50:00,0.0
2021-01-05 09:50:00,0.0
2021-01-05 09:50:00,0.0
2021-01-05 09:50:00,0.0
2021-01-05 10:00:00,0.0
2021-01-05 10:00:00,0.0
2021-01-05 10:00:00,0.0
2021-01-05 10:00:00,0.0
2021-01-05 10:00:00,0.0
2021-01-05 10:00:00,0.0
2021-01-05 10:10:00,0.0
2021-01-05 10:10:00,0.0
2021-01-05 10:10:00,0.0
2021-01-05 10:10:00,0.0
2021-01-05 10:10:00,0.0
2021-01-05 10:10:00,0.0
2021-01-05 10:20:00,0.0
2021-01-05 10:20:00,0.0
2021-01-05 10:20:00,0.0
2021-01-05 10:20:00,0.0
2021-01-05 10:20:00,0.0
2021-01-05 10:20:00,0.0
2021-01-05 10:30:00,0.0
2021-01-05 10:30:00,0.0
2021-01-05 10:30:00,0.0
2021-01-05 10:30:00,0.0
2021-01-05 10:30:00,0.0
2021-01-05 10:30:00,0.0
2021-01-05 10:40:00,0.0
2021-01-05 10:40:00,0.0
2021-01-05 10:40:00,0.0
2021-01-05 10:40:00,0.0
2021-01-05 10:40:00,0.0
2021-01-05 10:40:00,0.0
2021-01-05 10:50:00,0.0
2021-01-05 10:50:00,0.0
2021-01-05 10:50:00,0.0
2021-01-05 10:50:00,0.0
2021-01-05 10:50:00,0.0
2021-01-05 10:50:00,0.0
2021-01-05 11:00:00,0.0
2021-01-05 11:00:00,0.0
2021-01-05 11:00:00,0.0
2021-01-05 11:00:00,0.0
2021-01-05 11:00:00,0.0
2021-01-05 11:00:00,0.0
2021-01-05 11:10:00,0.0
2021-01-05 11:10:00,0.0
2021-01-05 11:10:00,0.0
2021-01-05 11:10:00,0.0
2021-01-05 11:10:00,0.0
2021-01-05 11:10:00,0.0
2021-01-05 11:20:00,0.0
2021-01-05 11:20:00,0.0
2021-01-05 11:20:00,0.0
2021-01-05 11:20:00,0.0
2021-01-05 11:20:00,0.0
2021-01-05 11:20:00,0.0
2021-01-05 11:30:00,0.0
2021-01-05 11:30:00,0.0
2021-01-05 11:30:00,0.0
2021-01-05 11:30:00,0.0
2021-01-05 11:30:00,0.0
2021-01-05 11:30:00,0.0
2021-01-05 11:40:00,0.0
2021-01-05 11:40:00,0.0
2021-01-05 11:40:00,0.0
2021-01-05 11:40:00,0.0
2021-01-05 11:40:00,0.0
2021-01-05 11:40:00,0.0
2021-01-05 11:50:00,0.0
2021-01-05 11:50:00,0.0
2021-01-05 11:50:00,0.0
2021-01-05 11:50:00,0.0
2021-01-05 11:50:00,0.0
2021-01-05 11:50:00,0.0
2021-01-05 12:00:00,0.0
2021-01-05 12:00:00,0.0
2021-01-05 12:00:00,0.0
2021-01-05 12:00:00,0.0
2021-01-05 12:00:00,0.0
2021-01-05 12:00:00,0.0
2021-01-05 12:10:00,0.0
2021-01-05 12:10:00,0.0
2021-01-05 12:10:00,0.0
2021-01-05 12:10:00,0.0
2021-01-05 12:10:00,0.0
2021-01-05 12:10:00,0.0
2021-01-05 12:20:00,0.0
2021-01-05 12:20:00,0.0
2021-01-05 12:20:00,0.0
2021-01-05 12:20:00,0.0
2021-01-05 12:20:00,0.0
2021-01-05 12:20:00,0.0
2021-01-05 12:30:00,0.0
2021-01-05 12:30:00,0.0
2021-01-05 12:30:00,0.0
2021-01-05 12:30:00,0.0
2021-01-05 12:30:00,0.0
2021-01-05 12:30:00,0.0
2021-01-05 12:40:00,0.0
2021-01-05 12:40:00,0.0
2021-01-05 12:40:00,0.0
2021-01-05 12:40:00,0.0
2021-01-05 12:40:00,0.0
2021-01-05 12:40:00,0.0
2021-01-05 12:50:00,32.36
2021-01-05 12:50:00,32.36
2021-01-05 12:50:00,32.36
2021-01-05 12:50:00,32.36
2021-01-05 12:50:00,32.36
2021-01-05 12:50:00,32.36
2021-01-05 13:00:00,88.21
2021-01-05 13:00:00,88.21
2021-01-05 13:00:00,88.21
2021-01-05 13:00:00,88.21
2021-01-05 13:00:00,88.21
2021-01-05 13:00:00,88.21
2021-01-05 13:10:00,71.49
2021-01-05 13:10:00,71.49
2021-01-05 13:10:00,71.49
2021-01-05 13:10:00,71.49
2021-01-05 13:10:00,71.49
2021-01-05 13:10:00,71.49
2021-01-05 13:20:00,58.77
2021-01-05 13:20:00,58.77
2021-01-05 13:20:00,58.77
2021-01-05 13:20:00,58.77
2021-01-05 13:20:00,58.77
2021-01-05 13:20:00,58.77
2021-01-05 13:30:00,93.64
2021-01-05 13:30:00,93.64
2021-01-05 13:30:00,93.64
2021-01-05 13:30:00,93.64
2021-01-05 13:30:00,93.64
2021-01-05 13:30:00,93.64
2021-01-05 13:40:00,109.73
2021-01-05 13:40:00,109.73
2021-01-05 13:40:00,109.73
2021-01-05 13:40:00,109.73
2021-01-05 13:40:00,109.73
2021-01-05 13:40:00,109.73
2021-01-05 13:50:00,140.42
2021-01-05 13:50:00,140.42
2021-01-05 13:50:00,140.42
2021-01-05 13:50:00,140.42
2021-01-05 13:50:00,140.42
2021-01-05 13:50:00,140.42
2021-01-05 14:00:00,182.94
2021-01-05 14:00:00,182.94
2021-01-05 14:00:00,182.94
2021-01-05 14:00:00,182.94
2021-01-05 14:00:00,182.94
2021-01-05 14:00:00,182.94
2021-01-05 14:10:00,178.8
2021-01-05 14:10:00,178.8
2021-01-05 14:10:00,178.8
2021-01-05 14:10:00,178.8
2021-01-05 14:10:00,178.8
2021-01-05 14:10:00,178.8
2021-01-05 14:20:00,161.58
2021-01-05 14:20:00,161.58
2021-01-05 14:20:00,161.58
2021-01-05 14:20:00,161.58
2021-01-05 14:20:00,161.58
2021-01-05 14:20:00,161.58
2021-01-05 14:30:00,169.28
2021-01-05 14:30:00,169.28
2021-01-05 14:30:00,169.28
2021-01-05 14:30:00,169.28
2021-01-05 14:30:00,169.28
2021-01-05 14:30:00,169.28
2021-01-05 14:40:00,106.89
2021-01-05 14:40:00,106.89
2021-01-05 14:40:00,106.89
2021-01-05 14:40:00,106.89
2021-01-05 14:40:00,106.89
2021-01-05 14:40:00,106.89
2021-01-05 14:50:00,129.92
2021-01-05 14:50:00,129.92
2021-01-05 14:50:00,129.92
2021-01-05 14:50:00,129.92
2021-01-05 14:50:00,129.92
2021-01-05 14:50:00,129.92
2021-01-05 15:00:00,150.25
2021-01-05 15:00:00,150.25
2021-01-05 15:00:00,150.25
2021-01-05 15:00:00,150.25
2021-01-05 15:00:00,150.25
2021-01-05 15:00:00,150.25
2021-01-05 15:10:00,101.0
2021-01-05 15:10:00,101.0
2021-01-05 15:10:00,101.0
2021-01-05 15:10:00,101.0
2021-01-05 15:10:00,101.0
2021-01-05 15:10:00,101.0
2021-01-05 15:20:00,85.49
2021-01-05 15:20:00,85.49
2021-01-05 15:20:00,85.49
2021-01-05 15:20:00,85.49
2021-01-05 15:20:00,85.49
2021-01-05 15:20:00,85.49
2021-01-05 15:30:00,117.05
2021-01-05 15:30:00,117.05
2021-01-05 15:30:00,117.05
2021-01-05 15:30:00,117.05
2021-01-05 15:30:00,117.05
2021-01-05 15:30:00,117.05
2021-01-05 15:40:00,101.8
2021-01-05 15:40:00,101.8
2021-01-05 15:40:00,101.8
2021-01-05 15:40:00,101.8
2021-01-05 15:40:00,101.8
2021-01-05 15:40:00,101.8
2021-01-05 15:50:00,100.34
2021-01-05 15:50:00,100.34
2021-01-05 15:50:00,100.34
2021-01-05 15:50:00,100.34
2021-01-05 15:50:00,100.34
2021-01-05 15:50:00,100.34
2021-01-05 16:00:00,65.19
2021-01-05 16:00:00,65.19
2021-01-05 16:00:00,65.19
2021-01-05 16:00:00,65.19
2021-01-05 16:00:00,65.19
2021-01-05 16:00:00,65.19
2021-01-05 16:10:00,78.67
2021-01-05 16:10:00,78.67
2021-01-05 16:10:00,78.67
2021-01-05 16:10:00,78.67
2021-01-05 16:10:00,78.67
2021-01-05 16:10:00,78.67
2021-01-05 16:20:00,46.56
2021-01-05 16:20:00,46.56
2021-01-05 16:20:00,46.56
2021-01-05 16:20:00,46.56
2021-01-05 16:20:00,46.56
2021-01-05 16:20:00,46.56
2021-01-05 16:30:00,77.38
2021-01-05 16:30:00,77.38
2021-01-05 16:30:00,77.38
2021-01-05 16:30:00,77.38
2021-01-05 16:30:00,77.38
2021-01-05 16:30:00,77.38
2021-01-05 16:40:00,38.05
2021-01-05 16:40:00,38.05
2021-01-05 16:40:00,38.05
2021-01-05 16:40:00,38.05
2021-01-05 16:40:00,38.05
2021-01-05 16:40:00,38.05
2021-01-05 16:50:00,82.77
2021-01-05 16:50:00,82.77
2021-01-05 16:50:00,82.77
2021-01-05 16:50:00,82.77
2021-01-05 16:50:00,82.77
2021-01-05 16:50:00,82.77
2021-01-05 17:00:00,65.2
2021-01-05 17:00:00,65.2
2021-01-05 17:00:00,65.2
2021-01-05 17:00:00,65.2
2021-01-05 17:00:00,65.2
2021-01-05 17:00:00,65.2
2021-01-05 17:10:00,71.5
2021-01-05 17:10:00,71.5
2021-01-05 17:10:00,71.5
2021-01-05 17:10:00,71.5
2021-01-05 17:10:00,71.5
2021-01-05 17:10:00,71.5
2021-01-05 17:20:00,72.3
2021-01-05 17:20:00,72.3
2021-01-05 17:20:00,72.3
2021-01-05 17:20:00,72.3
2021-01-05 17:20:00,72.3
2021-01-05 17:20:00,72.3
2021-01-05 17:30:00,48.55
2021-01-05 17:30:00,48.55
2021-01-05 17:30:00,48.55
2021-01-05 17:30:00,48.55
2021-01-05 17:30:00,48.55
2021-01-05 17:30:00,48.55
2021-01-05 17:40:00,49.28
2021-01-05 17:40:00,49.28
2021-01-05 17:40:00,49.28
2021-01-05 17:40:00,49.28
2021-01-05 17:40:00,49.28
2021-01-05 17:40:00,49.28
2021-01-05 17:50:00,0.0
2021-01-05 17:50:00,0.0
2021-01-05 17:50:00,0.0
2021-01-05 17:50:00,0.0
2021-01-05 17:50:00,0.0
2021-01-05 17:50:00,0.0
2021-01-05 18:00:00,0.0
2021-01-05 18:00:00,0.0
2021-01-05 18:00:00,0.0
2021-01-05 18:00:00,0.0
2021-01-05 18:00:00,0.0
2021-01-05 18:00:00,0.0
2021-01-05 18:10:00,0.0
2021-01-05 18:10:00,0.0
2021-01-05 18:10:00,0.0
2021-01-05 18:10:00,0.0
2021-01-05 18:10:00,0.0
2021-01-05 18:10:00,0.0
2021-01-05 18:20:00,0.0
2021-01-05 18:20:00,0.0
2021-01-05 18:20:00,0.0
2021-01-05 18:20:00,0.0
2021-01-05 18:20:00,0.0
2021-01-05 18:20:00,0.0
2021-01-05 18:30:00,0.0
2021-01-05 18:30:00,0.0
2021-01-05 18:30:00,0.0
2021-01-05 18:30:00,0.0
2021-01-05 18:30:00,0.0
2021-01-05 18:30:00,0.0
2021-01-05 18:40:00,0.0
2021-01-05 18:40:00,0.0
2021-01-05 18:40:00,0.0
2021-01-05 18:40:00,0.0
2021-01-05 18:40:00,0.0
2021-01-05 18:40:00,0.0
2021-01-05 18:50:00,0.0
2021-01-05 18:50:00,0.0
2021-01-05 18:50:00,0.0
2021-01-05 18:50:00,0.0
2021-01-05 18:50:00,0.0
2021-01-05 18:50:00,0.0
2021-01-05 19:00:00,0.0
2021-01-05 19:00:00,0.0
2021-01-05 19:00:00,0.0
2021-01-05 19:00:00,0.0
2021-01-05 19:00:00,0.0
2021-01-05 19:00:00,0.0
2021-01-05 19:10:00,0.0
2021-01-05 19:10:00,0.0
2021-01-05 19:10:00,0.0
2021-01-05 19:10:00,0.0
2021-01-05 19:10:00,0.0
2021-01-05 19:10:00,0.0
2021-01-05 19:20:00,0.0
2021-01-05 19:20:00,0.0
2021-01-05 19:20:00,0.0
2021-01-05 19:20:00,0.0
2021-01-05 19:20:00,0.0
2021-01-05 19:20:00,0.0
2021-01-05 19:30:00,0.0
2021-01-05 19:30:00,0.0
2021-01-05 19:30:00,0.0
2021-01-05 19:30:00,0.0
2021-01-05 19:30:00,0.0
2021-01-05 19:30:00,0.0
2021-01-05 19:40:00,0.0
2021-01-05 19:40:00,0.0
2021-01-05 19:40:00,0.0
2021-01-05 19:40:00,0.0
2021-01-05 19:40:00,0.0
2021-01-05 19:40:00,0.0
2021-01-05 19:50:00,0.0
2021-01-05 19:50:00,0.0
2021-01-05 19:50:00,0.0
2021-01-05 19:50:00,0.0
2021-01-05 19:50:00,0.0
2021-01-05 19:50:00,0.0
2021-01-05 20:00:00,0.0
2021-01-05 20:00:00,0.0
2021-01-05 20:00:00,0.0
2021-01-05 20:00:00,0.0
2021-01-05 20:00:00,0.0
2021-01-05 20:00:00,0.0
2021-01-05 20:10:00,0.0
2021-01-05 20:10:00,0.0
2021-01-05 20:10:00,0.0
2021-01-05 20:10:00,0.0
2021-01-05 20:10:00,0.0
2021-01-05 20:10:00,0.0
2021-01-05 20:20:00,0.0
2021-01-05 20:20:00,0.0
2021-01-05 20:20:00,0.0
2021-01-05 20:20:00,0.0
2021-01-05 20:20:00,0.0
2021-01-05 20:20:00,0.0
2021-01-05 20:30:00,0.0
2021-01-05 20:30:00,0.0
2021-01-05 20:30:00,0.0
2021-01-05 20:30:00,0.0
2021-01-05 20:30:00,0.0
2021-01-05 20:30:00,0.0
2021-01-05 20:40:00,0.0
2021-01-05 20:40:00,0.0
2021-01-05 20:40:00,0.0
2021-01-05 20:40:00,0.0
2021-01-05 20:40:00,0.0
2021-01-05 20:40:00,0.0
2021-01-05 20:50:00,0.0
2021-01-05 20:50:00,0.0
2021-01-05 20:50:00,0.0
2021-01-05 20:50:00,0.0
2021-01-05 20:50:00,0.0
2021-01-05 20:50:00,0.0
2021-01-05 21:00:00,0.0
2021-01-05 21:00:00,0.0
2021-01-05 21:00:00,0.0
2021-01-05 21:00:00,0.0
2021-01-05 21:00:00,0.0
2021-01-05 21:00:00,0.0
2021-01-05 21:10:00,0.0
2021-01-05 21:10:00,0.0
2021-01-05 21:10:00,0.0
2021-01-05 21:10:00,0.0
2021-01-05 21:10:00,0.0
2021-01-05 21:10:00,0.0
2021-01-05 21:20:00,0.0
2021-01-05 21:20:00,0.0
2021-01-05 21:20:00,0.0
2021-01-05 21:20:00,0.0
2021-01-05 21:20:00,0.0
2021-01-05 21:20:00,0.0
2021-01-05 21:30:00,0.0
2021-01-05 21:30:00,0.0
2021-01-05 21:30:00,0.0
2021-01-05 21:30:00,0.0
2021-01-05 21:30:00,0.0
2021-01-05 21:30:00,0.0
2021-01-05 21:40:00,0.0
2021-01-05 21:40:00,0.0
2021-01-05 21:40:00,0.0
2021-01-05 21:40:00,0.0
2021-01-05 21:40:00,0.0
2021-01-05 21:40:00,0.0
2021-01-05 21:50:00,0.0
2021-01-05 21:50:00,0.0
2021-01-05 21:50:00,0.0
2021-01-05 21:50:00,0.0
2021-01-05 21:50:00,0.0
2021-01-05 21:50:00,0.0
2021-01-05 22:00:00,0.0
2021-01-05 22:00:00,0.0
2021-01-05 22:00:00,0.0
2021-01-05 22:00:00,0.0
2021-01-05 22:00:00,0.0
2021-01-05 22:00:00,0.0
2021-01-05 22:10:00,9.08
2021-01-05 22:10:00,9.08
2021-01-05 22:10:00,9.08
2021-01-05 22:10:00,9.08
2021-01-05 22:10:00,9.08
2021-01-05 22:10:00,9.08
2021-01-05 22:20:00,164.72
2021-01-05 22:20:00,164.72
2021-01-05 22:20:00,164.72
2021-01-05 22:20:00,164.72
2021-01-05 22:20:00,164.72
2021-01-05 22:20:00,164.72
2021-01-05 22:30:00,177.74
2021-01-05 22:30:00,177.74
2021-01-05 22:30:00,177.74
2021-01-05 22:30:00,177.74
2021-01-05 22:30:00,177.74
2021-01-05 22:30:00,177.74
2021-01-05 22:40:00,174.61
2021-01-05 22:40:00,174.61
2021-01-05 22:40:00,174.61
2021-01-05 22:40:00,174.61
2021-01-05 22:40:00,174.61
2021-01-05 22:40:00,174.61
2021-01-05 22:50:00,308.38
2021-01-05 22:50:00,308.38
2021-01-05 22:50:00,308.38
2021-01-05 22:50:00,308.38
2021-01-05 22:50:00,308.38
2021-01-05 22:50:00,308.38
2021-01-05 23:00:00,335.52
2021-01-05 23:00:00,335.52
2021-01-05 23:00:00,335.52
2021-01-05 23:00:00,335.52
2021-01-05 23:00:00,335.52
2021-01-05 23:00:00,335.52
2021-01-05 23:10:00,410.04
2021-01-05 23:10:00,410.04
2021-01-05 23:10:00,410.04
2021-01-05 23:10:00,410.04
2021-01-05 23:10:00,410.04
2021-01-05 23:10:00,410.04
2021-01-05 23:20:00,375.6
2021-01-05 23:20:00,375.6
2021-01-05 23:20:00,375.6
2021-01-05 23:20:00,375.6
2021-01-05 23:20:00,375.6
2021-01-05 23:20:00,375.6
2021-01-05 23:30:00,434.39
2021-01-05 23:30:00,434.39
2021-01-05 23:30:00,434.39
2021-01-05 23:30:00,434.39
2021-01-05 23:30:00,434.39
2021-01-05 23:30:00,434.39
2021-01-05 23:40:00,402.0
2021-01-05 23:40:00,402.0
2021-01-05 23:40:00,402.0
2021-01-05 23:40:00,402.0
2021-01-05 23:40:00,402.0
2021-01-05 23:40:00,402.0
2021-01-05 23:50:00,344.06
2021-01-05 23:50:00,344.06
2021-01-05 23:50:00,344.06
2021-01-05 23:50:00,344.06
2021-01-05 23:50:00,344.06
2021-01-05 23:50:00,344.06
2021-01-06 00:00:00,377.14
2021-01-06 00:00:00,377.14
2021-01-06 00:00:00,377.14
2021-01-06 00:00:00,377.14
2021-01-06 00:00:00,377.14
2021-01-06 00:00:00,377.14
2021-01-06 00:10:00,350.59
2021-01-06 00:10:00,350.59
2021-01-06 00:10:00,350.59
2021-01-06 00:10:00,350.59
2021-01-06 00:10:00,350.59
2021-01-06 00:10:00,350.59
2021-01-06 00:20:00,400.27
2021-01-06 00:20:00,400.27
2021-01-06 00:20:00,400.27
2021-01-06 00:20:00,400.27
2021-01-06 00:20:00,400.27
2021-01-06 00:20:00,400.27
2021-01-06 00:30:00,383.34
2021-01-06 00:30:00,383.34
2021-01-06 00:30:00,383.34
2021-01-06 00:30:00,383.34
2021-01-06 00:30:00,383.34
2021-01-06 00:30:00,383.34
2021-01-06 00:40:00,460.96
2021-01-06 00:40:00,460.96
2021-01-06 00:40:00,460.96
2021-01-06 00:40:00,460.96
2021-01-06 00:40:00,460.96
2021-01-06 00:40:00,460.96
2021-01-06 00:50:00,502.6
2021-01-06 00:50:00,502.6
2021-01-06 00:50:00,502.6
2021-01-06 00:50:00,502.6
2021-01-06 00:50:00,502.6
2021-01-06 00:50:00,502.6
2021-01-06 01:00:00,590.83
2021-01-06 01:00:00,590.83
2021-01-06 01:00:00,590.83
2021-01-06 01:00:00,590.83
2021-01-06 01:00:00,590.83
2021-01-06 01:00:00,590.83
2021-01-06 01:10:00,597.0
2021-01-06 01:10:00,597.0
2021-01-06 01:10:00,597.0
2021-01-06 01:10:00,597.0
2021-01-06 01:10:00,597.0
2021-01-06 01:10:00,597.0
2021-01-06 01:20:00,557.84
2021-01-06 01:20:00,557.84
2021-01-06 01:20:00,557.84
2021-01-06 01:20:00,557.84
2021-01-06 01:20:00,557.84
2021-01-06 01:20:00,557.84
2021-01-06 01:30:00,660.22
2021-01-06 01:30:00,660.22
2021-01-06 01:30:00,660.22
2021-01-06 01:30:00,660.22
2021-01-06 01:30:00,660.22
2021-01-06 01:30:00,660.22
2021-01-06 01:40:00,719.02
2021-01-06 01:40:00,719.02
2021-01-06 01:40:00,719.02
2021-01-06 01:40:00,719.02
2021-01-06 01:40:00,719.02
2021-01-06 01:40:00,719.02
2021-01-06 01:50:00,753.16
2021-01-06 01:50:00,753.16
2021-01-06 01:50:00,753.16
2021-01-06 01:50:00,753.16
2021-01-06 01:50:00,753.16
2021-01-06 01:50:00,753.16
2021-01-06 02:00:00,688.23
2021-01-06 02:00:00,688.23
2021-01-06 02:00:00,688.23
2021-01-06 02:00:00,688.23
2021-01-06 02:00:00,688.23
2021-01-06 02:00:00,688.23
2021-01-06 02:10:00,625.54
2021-01-06 02:10:00,625.54
2021-01-06 02:10:00,625.54
2021-01-06 02:10:00,625.54
2021-01-06 02:10:00,625.54
2021-01-06 02:10:00,625.54
2021-01-06 02:20:00,625.3
2021-01-06 02:20:00,625.3
2021-01-06 02:20:00,625.3
2021-01-06 02:20:00,625.3
2021-01-06 02:20:00,625.3
2021-01-06 02:20:00,625.3
2021-01-06 02:30:00,720.37
2021-01-06 02:30:00,720.37
2021-01-06 02:30:00,720.37
2021-01-06 02:30:00,720.37
2021-01-06 02:30:00,720.37
2021-01-06 02:30:00,720.37
2021-01-06 02:40:00,701.94
2021-01-06 02:40:00,701.94
2021-01-06 02:40:00,701.94
2021-01-06 02:40:00,701.94
2021-01-06 02:40:00,701.94
2021-01-06 02:40:00,701.94
2021-01-06 02:50:00,763.19
2021-01-06 02:50:00,763.19
2021-01-06 02:50:00,763.19
2021-01-06 02:50:00,763.19
2021-01-06 02:50:00,763.19
2021-01-06 02:50:00,763.19
2021-01-06 03:00:00,826.01
2021-01-06 03:00:00,826.01
2021-01-06 03:00:00,826.01
2021-01-06 03:00:00,826.01
2021-01-06 03:00:00,826.01
2021-01-06 03:00:00,826.01
2021-01-06 03:10:00,874.96
2021-01-06 03:10:00,874.96
2021-01-06 03:10:00,874.96
2021-01-06 03:10:00,874.96
2021-01-06 03:10:00,874.96
2021-01-06 03:10:00,874.96
2021-01-06 03:20:00,1048.14
2021-01-06 03:20:00,1048.14
2021-01-06 03:20:00,1048.14
2021-01-06 03:20:00,1048.14
2021-01-06 03:20:00,1048.14
2021-01-06 03:20:00,1048.14
2021-01-06 03:30:00,1095.0
2021-01-06 03:30:00,1095.0
2021-01-06 03:30:00,1095.0
2021-01-06 03:30:00,1095.0
2021-01-06 03:30:00,1095.0
2021-01-06 03:30:00,1095.0
2021-01-06 03:40:00,1078.38
2021-01-06 03:40:00,1078.38
2021-01-06 03:40:00,1078.38
2021-01-06 03:40:00,1078.38
2021-01-06 03:40:00,1078.38
2021-01-06 03:40:00,1078.38
2021-01-06 03:50:00,1047.62
2021-01-06 03:50:00,1047.62
2021-01-06 03:50:00,1047.62
2021-01-06 03:50:00,1047.62
2021-01-06 03:50:00,1047.62
2021-01-06 03:50:00,1047.62
2021-01-06 04:00:00,1043.1
2021-01-06 04:00:00,1043.1
2021-01-06 04:00:00,1043.1
2021-01-06 04:00:00,1043.1
2021-01-06 04:00:00,1043.1
2021-01-06 04:00:00,1043.1
2021-01-06 04:10:00,955.45
2021-01-06 04:10:00,955.45
2021-01-06 04:10:00,955.45
2021-01-06 04:10:00,955.45
2021-01-06 04:10:00,955.45
2021-01-06 04:10:00,955.45
2021-01-06 04:20:00,725.03
2021-01-06 04:20:00,725.03
2021-01-06 04:20:00,725.03
2021-01-06 04:20:00,725.03
2021-01-06 04:20:00,725.03
2021-01-06 04:20:00,725.03
2021-01-06 04:30:00,778.58
2021-01-06 04:30:00,778.58
2021-01-06 04:30:00,778.58
2021-01-06 04:30:00,778.58
2021-01-06 04:30:00,778.58
2021-01-06 04:30:00,778.58
2021-01-06 04:40:00,513.28
2021-01-06 04:40:00,513.28
2021-01-06 04:40:00,513.28
2021-01-06 04:40:00,513.28
2021-01-06 04:40:00,513.28
2021-01-06 04:40:00,513.28
2021-01-06 04:50:00,484.95
2021-01-06 04:50:00,484.95
2021-01-06 04:50:00,484.95
2021-01-06 04:50:00,484.95
2021-01-06 04:50:00,484.95
2021-01-06 04:50:00,484.95
2021-01-06 05:00:00,640.5
2021-01-06 05:00:00,640.5
2021-01-06 05:00:00,640.5
2021-01-06 05:00:00,640.5
2021-01-06 05:00:00,640.5
2021-01-06 05:00:00,640.5
2021-01-06 05:10:00,587.84
2021-01-06 05:10:00,587.84
2021-01-06 05:10:00,587.84
2021-01-06 05:10:00,587.84
2021-01-06 05:10:00,587.84
2021-01-06 05:10:00,587.84
2021-01-06 05:20:00,621.11
2021-01-06 05:20:00,621.11
2021-01-06 05:20:00,621.11
2021-01-06 05:20:00,621.11
2021-01-06 05:20:00,621.11
2021-01-06 05:20:00,621.11
2021-01-06 05:30:00,788.63
2021-01-06 05:30:00,788.63
2021-01-06 05:30:00,788.63
2021-01-06 05:30:00,788.63
2021-01-06 05:30:00,788.63
2021-01-06 05:30:00,788.63
2021-01-06 05:40:00,666.42
2021-01-06 05:40:00,666.42
2021-01-06 05:40:00,666.42
2021-01-06 05:40:00,666.42
2021-01-06 05:40:00,666.42
2021-01-06 05:40:00,666.42
2021-01-06 05:50:00,643.04
2021-01-06 05:50:00,643.04
2021-01-06 05:50:00,643.04
2021-01-06 05:50:00,643.04
2021-01-06 05:50:00,643.04
2021-01-06 05:50:00,643.04
2021-01-06 06:00:00,692.84
2021-01-06 06:00:00,692.84
2021-01-06 06:00:00,692.84
2021-01-06 06:00:00,692.84
2021-01-06 06:00:00,692.84
2021-01-06 06:00:00,692.84
2021-01-06 06:10:00,816.01
2021-01-06 06:10:00,816.01
2021-01-06 06:10:00,816.01
2021-01-06 06:10:00,816.01
2021-01-06 06:10:00,816.01
2021-01-06 06:10:00,816.01
2021-01-06 06:20:00,833.662
2021-01-06 06:20:00,833.662
2021-01-06 06:20:00,833.662
2021-01-06 06:20:00,833.662
2021-01-06 06:20:00,833.662
2021-01-06 06:20:00,833.662
2021-01-06 06:30:00,851.314
2021-01-06 06:30:00,851.314
2021-01-06 06:30:00,851.314
2021-01-06 06:30:00,851.314
2021-01-06 06:30:00,851.314
2021-01-06 06:30:00,851.314
2021-01-06 06:40:00,868.966
2021-01-06 06:40:00,868.966
2021-01-06 06:40:00,868.966
2021-01-06 06:40:00,868.966
2021-01-06 06:40:00,868.966
2021-01-06 06:40:00,868.966
2021-01-06 06:50:00,886.61804
2021-01-06 06:50:00,886.61804
2021-01-06 06:50:00,886.61804
2021-01-06 06:50:00,886.61804
2021-01-06 06:50:00,886.61804
2021-01-06 06:50:00,886.61804
2021-01-06 07:00:00,904.27
2021-01-06 07:00:00,904.27
2021-01-06 07:00:00,904.27
2021-01-06 07:00:00,904.27
2021-01-06 07:00:00,904.27
2021-01-06 07:00:00,904.27
2021-01-06 07:10:00,921.922
2021-01-06 07:10:00,921.922
2021-01-06 07:10:00,921.922
2021-01-06 07:10:00,921.922
2021-01-06 07:10:00,921.922
2021-01-06 07:10:00,921.922
2021-01-06 07:20:00,939.57404
2021-01-06 07:20:00,939.57404
2021-01-06 07:20:00,939.57404
2021-01-06 07:20:00,939.57404
2021-01-06 07:20:00,939.57404
2021-01-06 07:20:00,939.57404
2021-01-06 07:30:00,957.226
2021-01-06 07:30:00,957.226
2021-01-06 07:30:00,957.226
2021-01-06 07:30:00,957.226
2021-01-06 07:30:00,957.226
2021-01-06 07:30:00,957.226
2021-01-06 07:40:00,974.87805
2021-01-06 07:40:00,974.87805
2021-01-06 07:40:00,974.87805
2021-01-06 07:40:00,974.87805
2021-01-06 07:40:00,974.87805
2021-01-06 07:40:00,974.87805
2021-01-06 07:50:00,992.53
2021-01-06 07:50:00,992.53
2021-01-06 07:50:00,992.53
2021-01-06 07:50:00,992.53
2021-01-06 07:50:00,992.53
2021-01-06 07:50:00,992.53
2021-01-06 08:00:00,1010.182
2021-01-06 08:00:00,1010.182
2021-01-06 08:00:00,1010.182
2021-01-06 08:00:00,1010.182
2021-01-06 08:00:00,1010.182
2021-01-06 08:00:00,1010.182
2021-01-06 08:10:00,1027.834
2021-01-06 08:10:00,1027.834
2021-01-06 08:10:00,1027.834
2021-01-06 08:10:00,1027.834
2021-01-06 08:10:00,1027.834
2021-01-06 08:10:00,1027.834
2021-01-06 08:20:00,1045.4861
2021-01-06 08:20:00,1045.4861
2021-01-06 08:20:00,1045.4861
2021-01-06 08:20:00,1045.4861
2021-01-06 08:20:00,1045.4861
2021-01-06 08:20:00,1045.4861
2021-01-06 08:30:00,1063.1381
2021-01-06 08:30:00,1063.1381
2021-01-06 08:30:00,1063.1381
2021-01-06 08:30:00,1063.1381
2021-01-06 08:30:00,1063.1381
2021-01-06 08:30:00,1063.1381
2021-01-06 08:40:00,1080.79
2021-01-06 08:40:00,1080.79
2021-01-06 08:40:00,1080.79
2021-01-06 08:40:00,1080.79
2021-01-06 08:40:00,1080.79
2021-01-06 08:40:00,1080.79
2021-01-06 08:50:00,1098.442
2021-01-06 08:50:00,1098.442
2021-01-06 08:50:00,1098.442
2021-01-06 08:50:00,1098.442
2021-01-06 08:50:00,1098.442
2021-01-06 08:50:00,1098.442
2021-01-06 09:00:00,1116.094
2021-01-06 09:00:00,1116.094
2021-01-06 09:00:00,1116.094
2021-01-06 09:00:00,1116.094
2021-01-06 09:00:00,1116.094
2021-01-06 09:00:00,1116.094
2021-01-06 09:10:00,1133.7461
2021-01-06 09:10:00,1133.7461
2021-01-06 09:10:00,1133.7461
2021-01-06 09:10:00,1133.7461
2021-01-06 09:10:00,1133.7461
2021-01-06 09:10:00,1133.7461
2021-01-06 09:20:00,1151.3981
2021-01-06 09:20:00,1151.3981
2021-01-06 09:20:00,1151.3981
2021-01-06 09:20:00,1151.3981
2021-01-06 09:20:00,1151.3981
2021-01-06 09:20:00,1151.3981
2021-01-06 09:30:00,1169.05
2021-01-06 09:30:00,1169.05
2021-01-06 09:30:00,1169.05
2021-01-06 09:30:00,1169.05
2021-01-06 09:30:00,1169.05
2021-01-06 09:30:00,1169.05
2021-01-06 09:40:00,1186.702
2021-01-06 09:40:00,1186.702
2021-01-06 09:40:00,1186.702
2021-01-06 09:40:00,1186.702
2021-01-06 09:40:00,1186.702
2021-01-06 09:40:00,1186.702
2021-01-06 09:50:00,1204.354
2021-01-06 09:50:00,1204.354
2021-01-06 09:50:00,1204.354
2021-01-06 09:50:00,1204.354
2021-01-06 09:50:00,1204.354
2021-01-06 09:50:00,1204.354
2021-01-06 10:00:00,1222.0061
2021-01-06 10:00:00,1222.0061
2021-01-06 10:00:00,1222.0061
2021-01-06 10:00:00,1222.0061
2021-01-06 10:00:00,1222.0061
2021-01-06 10:00:00,1222.0061
2021-01-06 10:10:00,1239.6581
2021-01-06 10:10:00,1239.6581
2021-01-06 10:10:00,1239.6581
2021-01-06 10:10:00,1239.6581
2021-01-06 10:10:00,1239.6581
2021-01-06 10:10:00,1239.6581
2021-01-06 10:20:00,1257.31
2021-01-06 10:20:00,1257.31
2021-01-06 10:20:00,1257.31
2021-01-06 10:20:00,1257.31
2021-01-06 10:20:00,1257.31
2021-01-06 10:20:00,1257.31
2021-01-06 10:30:00,1239.97
2021-01-06 10:30:00,1239.97
2021-01-06 10:30:00,1239.97
2021-01-06 10:30:00,1239.97
2021-01-06 10:30:00,1239.97
2021-01-06 10:30:00,1239.97
2021-01-06 10:40:00,1213.0356
2021-01-06 10:40:00,1213.0356
2021-01-06 10:40:00,1213.0356
2021-01-06 10:40:00,1213.0356
2021-01-06 10:40:00,1213.0356
2021-01-06 10:40:00,1213.0356
2021-01-06 10:50:00,1186.1014
2021-01-06 10:50:00,1186.1014
2021-01-06 10:50:00,1186.1014
2021-01-06 10:50:00,1186.1014
2021-01-06 10:50:00,1186.1014
2021-01-06 10:50:00,1186.1014
2021-01-06 11:00:00,1159.1671
2021-01-06 11:00:00,1159.1671
2021-01-06 11:00:00,1159.1671
2021-01-06 11:00:00,1159.1671
2021-01-06 11:00:00,1159.1671
2021-01-06 11:00:00,1159.1671
2021-01-06 11:10:00,1132.2329
2021-01-06 11:10:00,1132.2329
2021-01-06 11:10:00,1132.2329
2021-01-06 11:10:00,1132.2329
2021-01-06 11:10:00,1132.2329
2021-01-06 11:10:00,1132.2329
2021-01-06 11:20:00,1105.2986
2021-01-06 11:20:00,1105.2986
2021-01-06 11:20:00,1105.2986
2021-01-06 11:20:00,1105.2986
2021-01-06 11:20:00,1105.2986
2021-01-06 11:20:00,1105.2986
2021-01-06 11:30:00,1078.3644
2021-01-06 11:30:00,1078.3644
2021-01-06 11:30:00,1078.3644
2021-01-06 11:30:00,1078.3644
2021-01-06 11:30:00,1078.3644
2021-01-06 11:30:00,1078.3644
2021-01-06 11:40:00,1051.43
2021-01-06 11:40:00,1051.43
2021-01-06 11:40:00,1051.43
2021-01-06 11:40:00,1051.43
2021-01-06 11:40:00,1051.43
2021-01-06 11:40:00,1051.43
2021-01-06 11:50:00,951.83
2021-01-06 11:50:00,951.83
2021-01-06 11:50:00,951.83
2021-01-06 11:50:00,951.83
2021-01-06 11:50:00,951.83
2021-01-06 11:50:00,951.83
2021-01-06 12:00:00,817.7
2021-01-06 12:00:00,817.7
2021-01-06 12:00:00,817.7
2021-01-06 12:00:00,817.7
2021-01-06 12:00:00,817.7
2021-01-06 12:00:00,817.7
2021-01-06 12:10:00,846.68
2021-01-06 12:10:00,846.68
2021-01-06 12:10:00,846.68
2021-01-06 12:10:00,846.68
2021-01-06 12:10:00,846.68
2021-01-06 12:10:00,846.68
2021-01-06 12:20:00,831.51
2021-01-06 12:20:00,831.51
2021-01-06 12:20:00,831.51
2021-01-06 12:20:00,831.51
2021-01-06 12:20:00,831.51
2021-01-06 12:20:00,831.51
2021-01-06 12:30:00,767.4
2021-01-06 12:30:00,767.4
2021-01-06 12:30:00,767.4
2021-01-06 12:30:00,767.4
2021-01-06 12:30:00,767.4
2021-01-06 12:30:00,767.4
2021-01-06 12:40:00,810.41
2021-01-06 12:40:00,810.41
2021-01-06 12:40:00,810.41
2021-01-06 12:40:00,810.41
2021-01-06 12:40:00,810.41
2021-01-06 12:40:00,810.41
2021-01-06 12:50:00,710.78
2021-01-06 12:50:00,710.78
2021-01-06 12:50:00,710.78
2021-01-06 12:50:00,710.78
2021-01-06 12:50:00,710.78
2021-01-06 12:50:00,710.78
2021-01-06 13:00:00,750.2
2021-01-06 13:00:00,750.2
2021-01-06 13:00:00,750.2
2021-01-06 13:00:00,750.2
2021-01-06 13:00:00,750.2
2021-01-06 13:00:00,750.2
2021-01-06 13:10:00,871.78
2021-01-06 13:10:00,871.78
2021-01-06 13:10:00,871.78
2021-01-06 13:10:00,871.78
2021-01-06 13:10:00,871.78
2021-01-06 13:10:00,871.78
2021-01-06 13:20:00,927.37
2021-01-06 13:20:00,927.37
2021-01-06 13:20:00,927.37
2021-01-06 13:20:00,927.37
2021-01-06 13:20:00,927.37
2021-01-06 13:20:00,927.37
2021-01-06 13:30:00,884.67
2021-01-06 13:30:00,884.67
2021-01-06 13:30:00,884.67
2021-01-06 13:30:00,884.67
2021-01-06 13:30:00,884.67
2021-01-06 13:30:00,884.67
2021-01-06 13:40:00,909.78
2021-01-06 13:40:00,909.78
2021-01-06 13:40:00,909.78
2021-01-06 13:40:00,909.78
2021-01-06 13:40:00,909.78
2021-01-06 13:40:00,909.78
2021-01-06 13:50:00,929.66
2021-01-06 13:50:00,929.66
2021-01-06 13:50:00,929.66
2021-01-06 13:50:00,929.66
2021-01-06 13:50:00,929.66
2021-01-06 13:50:00,929.66
2021-01-06 14:00:00,963.49
2021-01-06 14:00:00,963.49
2021-01-06 14:00:00,963.49
2021-01-06 14:00:00,963.49
2021-01-06 14:00:00,963.49
2021-01-06 14:00:00,963.49
2021-01-06 14:10:00,1117.04
2021-01-06 14:10:00,1117.04
2021-01-06 14:10:00,1117.04
2021-01-06 14:10:00,1117.04
2021-01-06 14:10:00,1117.04
2021-01-06 14:10:00,1117.04
2021-01-06 14:20:00,1113.78
2021-01-06 14:20:00,1113.78
2021-01-06 14:20:00,1113.78
2021-01-06 14:20:00,1113.78
2021-01-06 14:20:00,1113.78
2021-01-06 14:20:00,1113.78
2021-01-06 14:30:00,1211.01
2021-01-06 14:30:00,1211.01
2021-01-06 14:30:00,1211.01
2021-01-06 14:30:00,1211.01
2021-01-06 14:30:00,1211.01
2021-01-06 14:30:00,1211.01
2021-01-06 14:40:00,1198.0067
2021-01-06 14:40:00,1198.0067
2021-01-06 14:40:00,1198.0067
2021-01-06 14:40:00,1198.0067
2021-01-06 14:40:00,1198.0067
2021-01-06 14:40:00,1198.0067
2021-01-06 14:50:00,1185.0033
2021-01-06 14:50:00,1185.0033
2021-01-06 14:50:00,1185.0033
2021-01-06 14:50:00,1185.0033
2021-01-06 14:50:00,1185.0033
2021-01-06 14:50:00,1185.0033
2021-01-06 15:00:00,1172.0
2021-01-06 15:00:00,1172.0
2021-01-06 15:00:00,1172.0
2021-01-06 15:00:00,1172.0
2021-01-06 15:00:00,1172.0
2021-01-06 15:00:00,1172.0
2021-01-06 15:10:00,1158.9967
2021-01-06 15:10:00,1158.9967
2021-01-06 15:10:00,1158.9967
2021-01-06 15:10:00,1158.9967
2021-01-06 15:10:00,1158.9967
2021-01-06 15:10:00,1158.9967
2021-01-06 15:20:00,1145.9933
2021-01-06 15:20:00,1145.9933
2021-01-06 15:20:00,1145.9933
2021-01-06 15:20:00,1145.9933
2021-01-06 15:20:00,1145.9933
2021-01-06 15:20:00,1145.9933
2021-01-06 15:30:00,1132.99
2021-01-06 15:30:00,1132.99
2021-01-06 15:30:00,1132.99
2021-01-06 15:30:00,1132.99
2021-01-06 15:30:00,1132.99
2021-01-06 15:30:00,1132.99
2021-01-06 15:40:00,1230.09
2021-01-06 15:40:00,1230.09
2021-01-06 15:40:00,1230.09
2021-01-06 15:40:00,1230.09
2021-01-06 15:40:00,1230.09
2021-01-06 15:40:00,1230.09
2021-01-06 15:50:00,1193.45
2021-01-06 15:50:00,1193.45
2021-01-06 15:50:00,1193.45
2021-01-06 15:50:00,1193.45
2021-01-06 15:50:00,1193.45
2021-01-06 15:50:00,1193.45
2021-01-06 16:00:00,1156.8099
2021-01-06 16:00:00,1156.8099
2021-01-06 16:00:00,1156.8099
2021-01-06 16:00:00,1156.8099
2021-01-06 16:00:00,1156.8099
2021-01-06 16:00:00,1156.8099
2021-01-06 16:10:00,1120.1699
2021-01-06 16:10:00,1120.1699
2021-01-06 16:10:00,1120.1699
2021-01-06 16:10:00,1120.1699
2021-01-06 16:10:00,1120.1699
2021-01-06 16:10:00,1120.1699
2021-01-06 16:20:00,1083.53
2021-01-06 16:20:00,1083.53
2021-01-06 16:20:00,1083.53
2021-01-06 16:20:00,1083.53
2021-01-06 16:20:00,1083.53
2021-01-06 16:20:00,1083.53
2021-01-06 16:30:00,1046.89
2021-01-06 16:30:00,1046.89
2021-01-06 16:30:00,1046.89
2021-01-06 16:30:00,1046.89
2021-01-06 16:30:00,1046.89
2021-01-06 16:30:00,1046.89
2021-01-06 16:40:00,1010.25
2021-01-06 16:40:00,1010.25
2021-01-06 16:40:00,1010.25
2021-01-06 16:40:00,1010.25
2021-01-06 16:40:00,1010.25
2021-01-06 16:40:00,1010.25
2021-01-06 16:50:00,973.61
2021-01-06 16:50:00,973.61
2021-01-06 16:50:00,973.61
2021-01-06 16:50:00,973.61
2021-01-06 16:50:00,973.61
2021-01-06 16:50:00,973.61
2021-01-06 17:00:00,936.97003
2021-01-06 17:00:00,936.97003
2021-01-06 17:00:00,936.97003
2021-01-06 17:00:00,936.97003
2021-01-06 17:00:00,936.97003
2021-01-06 17:00:00,936.97003
2021-01-06 17:10:00,900.33
2021-01-06 17:10:00,900.33
2021-01-06 17:10:00,900.33
2021-01-06 17:10:00,900.33
2021-01-06 17:10:00,900.33
2021-01-06 17:10:00,900.33
2021-01-06 17:20:00,524.36
2021-01-06 17:20:00,524.36
2021-01-06 17:20:00,524.36
2021-01-06 17:20:00,524.36
2021-01-06 17:20:00,524.36
2021-01-06 17:20:00,524.36
2021-01-06 17:30:00,594.3
2021-01-06 17:30:00,594.3
2021-01-06 17:30:00,594.3
2021-01-06 17:30:00,594.3
2021-01-06 17:30:00,594.3
2021-01-06 17:30:00,594.3
2021-01-06 17:40:00,804.11
2021-01-06 17:40:00,804.11
2021-01-06 17:40:00,804.11
2021-01-06 17:40:00,804.11
2021-01-06 17:40:00,804.11
2021-01-06 17:40:00,804.11
2021-01-06 17:50:00,940.11
2021-01-06 17:50:00,940.11
2021-01-06 17:50:00,940.11
2021-01-06 17:50:00,940.11
2021-01-06 17:50:00,940.11
2021-01-06 17:50:00,940.11
2021-01-06 18:00:00,890.99
2021-01-06 18:00:00,890.99
2021-01-06 18:00:00,890.99
2021-01-06 18:00:00,890.99
2021-01-06 18:00:00,890.99
2021-01-06 18:00:00,890.99
2021-01-06 18:10:00,855.4
2021-01-06 18:10:00,855.4
2021-01-06 18:10:00,855.4
2021-01-06 18:10:00,855.4
2021-01-06 18:10:00,855.4
2021-01-06 18:10:00,855.4
2021-01-06 18:20:00,1012.34
2021-01-06 18:20:00,1012.34
2021-01-06 18:20:00,1012.34
2021-01-06 18:20:00,1012.34
2021-01-06 18:20:00,1012.34
2021-01-06 18:20:00,1012.34
2021-01-06 18:30:00,1126.75
2021-01-06 18:30:00,1126.75
2021-01-06 18:30:00,1126.75
2021-01-06 18:30:00,1126.75
2021-01-06 18:30:00,1126.75
2021-01-06 18:30:00,1126.75
2021-01-06 18:40:00,1213.76
2021-01-06 18:40:00,1213.76
2021-01-06 18:40:00,1213.76
2021-01-06 18:40:00,1213.76
2021-01-06 18:40:00,1213.76
2021-01-06 18:40:00,1213.76
2021-01-06 18:50:00,1132.54
2021-01-06 18:50:00,1132.54
2021-01-06 18:50:00,1132.54
2021-01-06 18:50:00,1132.54
2021-01-06 18:50:00,1132.54
2021-01-06 18:50:00,1132.54
2021-01-06 19:00:00,1027.14
2021-01-06 19:00:00,1027.14
2021-01-06 19:00:00,1027.14
2021-01-06 19:00:00,1027.14
2021-01-06 19:00:00,1027.14
2021-01-06 19:00:00,1027.14
2021-01-06 19:10:00,923.84
2021-01-06 19:10:00,923.84
2021-01-06 19:10:00,923.84
2021-01-06 19:10:00,923.84
2021-01-06 19:10:00,923.84
2021-01-06 19:10:00,923.84
2021-01-06 19:20:00,884.25
2021-01-06 19:20:00,884.25
2021-01-06 19:20:00,884.25
2021-01-06 19:20:00,884.25
2021-01-06 19:20:00,884.25
2021-01-06 19:20:00,884.25
2021-01-06 19:30:00,1037.08
2021-01-06 19:30:00,1037.08
2021-01-06 19:30:00,1037.08
2021-01-06 19:30:00,1037.08
2021-01-06 19:30:00,1037.08
2021-01-06 19:30:00,1037.08
2021-01-06 19:40:00,1246.6
2021-01-06 19:40:00,1246.6
2021-01-06 19:40:00,1246.6
2021-01-06 19:40:00,1246.6
2021-01-06 19:40:00,1246.6
2021-01-06 19:40:00,1246.6
2021-01-06 19:50:00,1180.77
2021-01-06 19:50:00,1180.77
2021-01-06 19:50:00,1180.77
2021-01-06 19:50:00,1180.77
2021-01-06 19:50:00,1180.77
2021-01-06 19:50:00,1180.77
2021-01-06 20:00:00,1233.39
2021-01-06 20:00:00,1233.39
2021-01-06 20:00:00,1233.39
2021-01-06 20:00:00,1233.39
2021-01-06 20:00:00,1233.39
2021-01-06 20:00:00,1233.39
2021-01-06 20:10:00,1273.46
2021-01-06 20:10:00,1273.46
2021-01-06 20:10:00,1273.46
2021-01-06 20:10:00,1273.46
2021-01-06 20:10:00,1273.46
2021-01-06 20:10:00,1273.46
2021-01-06 20:20:00,1241.86
2021-01-06 20:20:00,1241.86
2021-01-06 20:20:00,1241.86
2021-01-06 20:20:00,1241.86
2021-01-06 20:20:00,1241.86
2021-01-06 20:20:00,1241.86
2021-01-06 20:30:00,1244.345
2021-01-06 20:30:00,1244.345
2021-01-06 20:30:00,1244.345
2021-01-06 20:30:00,1244.345
2021-01-06 20:30:00,1244.345
2021-01-06 20:30:00,1244.345
2021-01-06 20:40:00,1246.83
2021-01-06 20:40:00,1246.83
2021-01-06 20:40:00,1246.83
2021-01-06 20:40:00,1246.83
2021-01-06 20:40:00,1246.83
2021-01-06 20:40:00,1246.83
2021-01-06 20:50:00,1243.5173
2021-01-06 20:50:00,1243.5173
2021-01-06 20:50:00,1243.5173
2021-01-06 20:50:00,1243.5173
2021-01-06 20:50:00,1243.5173
2021-01-06 20:50:00,1243.5173
2021-01-06 21:00:00,1240.2047
2021-01-06 21:00:00,1240.2047
2021-01-06 21:00:00,1240.2047
2021-01-06 21:00:00,1240.2047
2021-01-06 21:00:00,1240.2047
2021-01-06 21:00:00,1240.2047
2021-01-06 21:10:00,1236.8921
2021-01-06 21:10:00,1236.8921
2021-01-06 21:10:00,1236.8921
2021-01-06 21:10:00,1236.8921
2021-01-06 21:10:00,1236.8921
2021-01-06 21:10:00,1236.8921
2021-01-06 21:20:00,1233.5795
2021-01-06 21:20:00,1233.5795
2021-01-06 21:20:00,1233.5795
2021-01-06 21:20:00,1233.5795
2021-01-06 21:20:00,1233.5795
2021-01-06 21:20:00,1233.5795
2021-01-06 21:30:00,1230.2668
2021-01-06 21:30:00,1230.2668
2021-01-06 21:30:00,1230.2668
2021-01-06 21:30:00,1230.2668
2021-01-06 21:30:00,1230.2668
2021-01-06 21:30:00,1230.2668
2021-01-06 21:40:00,1226.9542
2021-01-06 21:40:00,1226.9542
2021-01-06 21:40:00,1226.9542
2021-01-06 21:40:00,1226.9542
2021-01-06 21:40:00,1226.9542
2021-01-06 21:40:00,1226.9542
2021-01-06 21:50:00,1223.6416
2021-01-06 21:50:00,1223.6416
2021-01-06 21:50:00,1223.6416
2021-01-06 21:50:00,1223.6416
2021-01-06 21:50:00,1223.6416
2021-01-06 21:50:00,1223.6416
2021-01-06 22:00:00,1220.329
2021-01-06 22:00:00,1220.329
2021-01-06 22:00:00,1220.329
2021-01-06 22:00:00,1220.329
2021-01-06 22:00:00,1220.329
2021-01-06 22:00:00,1220.329
2021-01-06 22:10:00,1217.0164
2021-01-06 22:10:00,1217.0164
2021-01-06 22:10:00,1217.0164
2021-01-06 22:10:00,1217.0164
2021-01-06 22:10:00,1217.0164
2021-01-06 22:10:00,1217.0164
2021-01-06 22:20:00,1213.7036
2021-01-06 22:20:00,1213.7036
2021-01-06 22:20:00,1213.7036
2021-01-06 22:20:00,1213.7036
2021-01-06 22:20:00,1213.7036
2021-01-06 22:20:00,1213.7036
2021-01-06 22:30:00,1210.391
2021-01-06 22:30:00,1210.391
2021-01-06 22:30:00,1210.391
2021-01-06 22:30:00,1210.391
2021-01-06 22:30:00,1210.391
2021-01-06 22:30:00,1210.391
2021-01-06 22:40:00,1207.0784
2021-01-06 22:40:00,1207.0784
2021-01-06 22:40:00,1207.0784
2021-01-06 22:40:00,1207.0784
2021-01-06 22:40:00,1207.0784
2021-01-06 22:40:00,1207.0784
2021-01-06 22:50:00,1203.7657
2021-01-06 22:50:00,1203.7657
2021-01-06 22:50:00,1203.7657
2021-01-06 22:50:00,1203.7657
2021-01-06 22:50:00,1203.7657
2021-01-06 22:50:00,1203.7657
2021-01-06 23:00:00,1200.4531
2021-01-06 23:00:00,1200.4531
2021-01-06 23:00:00,1200.4531
2021-01-06 23:00:00,1200.4531
2021-01-06 23:00:00,1200.4531
2021-01-06 23:00:00,1200.4531
2021-01-06 23:10:00,1197.1405
2021-01-06 23:10:00,1197.1405
2021-01-06 23:10:00,1197.1405
2021-01-06 23:10:00,1197.1405
2021-01-06 23:10:00,1197.1405
2021-01-06 23:10:00,1197.1405
2021-01-06 23:20:00,1193.8279
2021-01-06 23:20:00,1193.8279
2021-01-06 23:20:00,1193.8279
2021-01-06 23:20:00,1193.8279
2021-01-06 23:20:00,1193.8279
2021-01-06 23:20:00,1193.8279
2021-01-06 23:30:00,1190.5153
2021-01-06 23:30:00,1190.5153
2021-01-06 23:30:00,1190.5153
2021-01-06 23:30:00,1190.5153
2021-01-06 23:30:00,1190.5153
2021-01-06 23:30:00,1190.5153
2021-01-06 23:40:00,1187.2026
2021-01-06 23:40:00,1187.2026
2021-01-06 23:40:00,1187.2026
2021-01-06 23:40:00,1187.2026
2021-01-06 23:40:00,1187.2026
2021-01-06 23:40:00,1187.2026
2021-01-06 23:50:00,1183.89
2021-01-06 23:50:00,1183.89
2021-01-06 23:50:00,1183.89
2021-01-06 23:50:00,1183.89
2021-01-06 23:50:00,1183.89
2021-01-06 23:50:00,1183.89
2021-01-07 00:00:00,1198.6
2021-01-07 00:00:00,1198.6
2021-01-07 00:00:00,1198.6
2021-01-07 00:00:00,1198.6
2021-01-07 00:00:00,1198.6
2021-01-07 00:00:00,1198.6
2021-01-07 00:10:00,1253.18
2021-01-07 00:10:00,1253.18
2021-01-07 00:10:00,1253.18
2021-01-07 00:10:00,1253.18
2021-01-07 00:10:00,1253.18
2021-01-07 00:10:00,1253.18
2021-01-07 00:20:00,1261.69
2021-01-07 00:20:00,1261.69
2021-01-07 00:20:00,1261.69
2021-01-07 00:20:00,1261.69
2021-01-07 00:20:00,1261.69
2021-01-07 00:20:00,1261.69
2021-01-07 00:30:00,1231.92
2021-01-07 00:30:00,1231.92
2021-01-07 00:30:00,1231.92
2021-01-07 00:30:00,1231.92
2021-01-07 00:30:00,1231.92
2021-01-07 00:30:00,1231.92
2021-01-07 00:40:00,1241.7
2021-01-07 00:40:00,1241.7
2021-01-07 00:40:00,1241.7
2021-01-07 00:40:00,1241.7
2021-01-07 00:40:00,1241.7
2021-01-07 00:40:00,1241.7
2021-01-07 00:50:00,1223.0249
2021-01-07 00:50:00,1223.0249
2021-01-07 00:50:00,1223.0249
2021-01-07 00:50:00,1223.0249
2021-01-07 00:50:00,1223.0249
2021-01-07 00:50:00,1223.0249
2021-01-07 01:00:00,1204.35
2021-01-07 01:00:00,1204.35
2021-01-07 01:00:00,1204.35
2021-01-07 01:00:00,1204.35
2021-01-07 01:00:00,1204.35
2021-01-07 01:00:00,1204.35
2021-01-07 01:10:00,1185.675
2021-01-07 01:10:00,1185.675
2021-01-07 01:10:00,1185.675
2021-01-07 01:10:00,1185.675
2021-01-07 01:10:00,1185.675
2021-01-07 01:10:00,1185.675
2021-01-07 01:20:00,1167.0
2021-01-07 01:20:00,1167.0
2021-01-07 01:20:00,1167.0
2021-01-07 01:20:00,1167.0
2021-01-07 01:20:00,1167.0
2021-01-07 01:20:00,1167.0
2021-01-07 01:30:00,1001.6
2021-01-07 01:30:00,1001.6
2021-01-07 01:30:00,1001.6
2021-01-07 01:30:00,1001.6
2021-01-07 01:30:00,1001.6
2021-01-07 01:30:00,1001.6
2021-01-07 01:40:00,983.58
2021-01-07 01:40:00,983.58
2021-01-07 01:40:00,983.58
2021-01-07 01:40:00,983.58
2021-01-07 01:40:00,983.58
2021-01-07 01:40:00,983.58
2021-01-07 01:50:00,835.24
2021-01-07 01:50:00,835.24
2021-01-07 01:50:00,835.24
2021-01-07 01:50:00,835.24
2021-01-07 01:50:00,835.24
2021-01-07 01:50:00,835.24
2021-01-07 02:00:00,650.75
2021-01-07 02:00:00,650.75
2021-01-07 02:00:00,650.75
2021-01-07 02:00:00,650.75
2021-01-07 02:00:00,650.75
2021-01-07 02:00:00,650.75
2021-01-07 02:10:00,642.41
2021-01-07 02:10:00,642.41
2021-01-07 02:10:00,642.41
2021-01-07 02:10:00,642.41
2021-01-07 02:10:00,642.41
2021-01-07 02:10:00,642.41
2021-01-07 02:20:00,638.79
2021-01-07 02:20:00,638.79
2021-01-07 02:20:00,638.79
2021-01-07 02:20:00,638.79
2021-01-07 02:20:00,638.79
2021-01-07 02:20:00,638.79
2021-01-07 02:30:00,587.16
2021-01-07 02:30:00,587.16
2021-01-07 02:30:00,587.16
2021-01-07 02:30:00,587.16
2021-01-07 02:30:00,587.16
2021-01-07 02:30:00,587.16
2021-01-07 02:40:00,775.9
2021-01-07 02:40:00,775.9
2021-01-07 02:40:00,775.9
2021-01-07 02:40:00,775.9
2021-01-07 02:40:00,775.9
2021-01-07 02:40:00,775.9
2021-01-07 02:50:00,801.21
2021-01-07 02:50:00,801.21
2021-01-07 02:50:00,801.21
2021-01-07 02:50:00,801.21
2021-01-07 02:50:00,801.21
2021-01-07 02:50:00,801.21
2021-01-07 03:00:00,772.96
2021-01-07 03:00:00,772.96
2021-01-07 03:00:00,772.96
2021-01-07 03:00:00,772.96
2021-01-07 03:00:00,772.96
2021-01-07 03:00:00,772.96
2021-01-07 03:10:00,600.01
2021-01-07 03:10:00,600.01
2021-01-07 03:10:00,600.01
2021-01-07 03:10:00,600.01
2021-01-07 03:10:00,600.01
2021-01-07 03:10:00,600.01
2021-01-07 03:20:00,502.26
2021-01-07 03:20:00,502.26
2021-01-07 03:20:00,502.26
2021-01-07 03:20:00,502.26
2021-01-07 03:20:00,502.26
2021-01-07 03:20:00,502.26
2021-01-07 03:30:00,436.46
2021-01-07 03:30:00,436.46
2021-01-07 03:30:00,436.46
2021-01-07 03:30:00,436.46
2021-01-07 03:30:00,436.46
2021-01-07 03:30:00,436.46
2021-01-07 03:40:00,527.76
2021-01-07 03:40:00,527.76
2021-01-07 03:40:00,527.76
2021-01-07 03:40:00,527.76
2021-01-07 03:40:00,527.76
2021-01-07 03:40:00,527.76
2021-01-07 03:50:00,474.34
2021-01-07 03:50:00,474.34
2021-01-07 03:50:00,474.34
2021-01-07 03:50:00,474.34
2021-01-07 03:50:00,474.34
2021-01-07 03:50:00,474.34
2021-01-07 04:00:00,402.07
2021-01-07 04:00:00,402.07
2021-01-07 04:00:00,402.07
2021-01-07 04:00:00,402.07
2021-01-07 04:00:00,402.07
2021-01-07 04:00:00,402.07
2021-01-07 04:10:00,337.72
2021-01-07 04:10:00,337.72
2021-01-07 04:10:00,337.72
2021-01-07 04:10:00,337.72
2021-01-07 04:10:00,337.72
2021-01-07 04:10:00,337.72
2021-01-07 04:20:00,296.11
2021-01-07 04:20:00,296.11
2021-01-07 04:20:00,296.11
2021-01-07 04:20:00,296.11
2021-01-07 04:20:00,296.11
2021-01-07 04:20:00,296.11
2021-01-07 04:30:00,351.25
2021-01-07 04:30:00,351.25
2021-01-07 04:30:00,351.25
2021-01-07 04:30:00,351.25
2021-01-07 04:30:00,351.25
2021-01-07 04:30:00,351.25
2021-01-07 04:40:00,381.67
2021-01-07 04:40:00,381.67
2021-01-07 04:40:00,381.67
2021-01-07 04:40:00,381.67
2021-01-07 04:40:00,381.67
2021-01-07 04:40:00,381.67
2021-01-07 04:50:00,412.28
2021-01-07 04:50:00,412.28
2021-01-07 04:50:00,412.28
2021-01-07 04:50:00,412.28
2021-01-07 04:50:00,412.28
2021-01-07 04:50:00,412.28
2021-01-07 05:00:00,486.49
2021-01-07 05:00:00,486.49
2021-01-07 05:00:00,486.49
2021-01-07 05:00:00,486.49
2021-01-07 05:00:00,486.49
2021-01-07 05:00:00,486.49
2021-01-07 05:10:00,449.32
2021-01-07 05:10:00,449.32
2021-01-07 05:10:00,449.32
2021-01-07 05:10:00,449.32
2021-01-07 05:10:00,449.32
2021-01-07 05:10:00,449.32
2021-01-07 05:20:00,513.65
2021-01-07 05:20:00,513.65
2021-01-07 05:20:00,513.65
2021-01-07 05:20:00,513.65
2021-01-07 05:20:00,513.65
2021-01-07 05:20:00,513.65
2021-01-07 05:30:00,526.11
2021-01-07 05:30:00,526.11
2021-01-07 05:30:00,526.11
2021-01-07 05:30:00,526.11
2021-01-07 05:30:00,526.11
2021-01-07 05:30:00,526.11
2021-01-07 05:40:00,525.28
2021-01-07 05:40:00,525.28
2021-01-07 05:40:00,525.28
2021-01-07 05:40:00,525.28
2021-01-07 05:40:00,525.28
2021-01-07 05:40:00,525.28
2021-01-07 05:50:00,606.53
2021-01-07 05:50:00,606.53
2021-01-07 05:50:00,606.53
2021-01-07 05:50:00,606.53
2021-01-07 05:50:00,606.53
2021-01-07 05:50:00,606.53
2021-01-07 06:00:00,714.22
2021-01-07 06:00:00,714.22
2021-01-07 06:00:00,714.22
2021-01-07 06:00:00,714.22
2021-01-07 06:00:00,714.22
2021-01-07 06:00:00,714.22
2021-01-07 06:10:00,583.95
2021-01-07 06:10:00,583.95
2021-01-07 06:10:00,583.95
2021-01-07 06:10:00,583.95
2021-01-07 06:10:00,583.95
2021-01-07 06:10:00,583.95
2021-01-07 06:20:00,581.42
2021-01-07 06:20:00,581.42
2021-01-07 06:20:00,581.42
2021-01-07 06:20:00,581.42
2021-01-07 06:20:00,581.42
2021-01-07 06:20:00,581.42
2021-01-07 06:30:00,643.21
2021-01-07 06:30:00,643.21
2021-01-07 06:30:00,643.21
2021-01-07 06:30:00,643.21
2021-01-07 06:30:00,643.21
2021-01-07 06:30:00,643.21
2021-01-07 06:40:00,531.17
2021-01-07 06:40:00,531.17
2021-01-07 06:40:00,531.17
2021-01-07 06:40:00,531.17
2021-01-07 06:40:00,531.17
2021-01-07 06:40:00,531.17
2021-01-07 06:50:00,499.45
2021-01-07 06:50:00,499.45
2021-01-07 06:50:00,499.45
2021-01-07 06:50:00,499.45
2021-01-07 06:50:00,499.45
2021-01-07 06:50:00,499.45
2021-01-07 07:00:00,384.12
2021-01-07 07:00:00,384.12
2021-01-07 07:00:00,384.12
2021-01-07 07:00:00,384.12
2021-01-07 07:00:00,384.12
2021-01-07 07:00:00,384.12
2021-01-07 07:10:00,531.63
2021-01-07 07:10:00,531.63
2021-01-07 07:10:00,531.63
2021-01-07 07:10:00,531.63
2021-01-07 07:10:00,531.63
2021-01-07 07:10:00,531.63
2021-01-07 07:20:00,455.77
2021-01-07 07:20:00,455.77
2021-01-07 07:20:00,455.77
2021-01-07 07:20:00,455.77
2021-01-07 07:20:00,455.77
2021-01-07 07:20:00,455.77
2021-01-07 07:30:00,365.06
2021-01-07 07:30:00,365.06
2021-01-07 07:30:00,365.06
2021-01-07 07:30:00,365.06
2021-01-07 07:30:00,365.06
2021-01-07 07:30:00,365.06
2021-01-07 07:40:00,325.99
2021-01-07 07:40:00,325.99
2021-01-07 07:40:00,325.99
2021-01-07 07:40:00,325.99
2021-01-07 07:40:00,325.99
2021-01-07 07:40:00,325.99
2021-01-07 07:50:00,375.97
2021-01-07 07:50:00,375.97
2021-01-07 07:50:00,375.97
2021-01-07 07:50:00,375.97
2021-01-07 07:50:00,375.97
2021-01-07 07:50:00,375.97
2021-01-07 08:00:00,339.09
2021-01-07 08:00:00,339.09
2021-01-07 08:00:00,339.09
2021-01-07 08:00:00,339.09
2021-01-07 08:00:00,339.09
2021-01-07 08:00:00,339.09
2021-01-07 08:10:00,256.0
2021-01-07 08:10:00,256.0
2021-01-07 08:10:00,256.0
2021-01-07 08:10:00,256.0
2021-01-07 08:10:00,256.0
2021-01-07 08:10:00,256.0
2021-01-07 08:20:00,276.73
2021-01-07 08:20:00,276.73
2021-01-07 08:20:00,276.73
2021-01-07 08:20:00,276.73
2021-01-07 08:20:00,276.73
2021-01-07 08:20:00,276.73
2021-01-07 08:30:00,319.89
2021-01-07 08:30:00,319.89
2021-01-07 08:30:00,319.89
2021-01-07 08:30:00,319.89
2021-01-07 08:30:00,319.89
2021-01-07 08:30:00,319.89
2021-01-07 08:40:00,261.4
2021-01-07 08:40:00,261.4
2021-01-07 08:40:00,261.4
2021-01-07 08:40:00,261.4
2021-01-07 08:40:00,261.4
2021-01-07 08:40:00,261.4
2021-01-07 08:50:00,222.14
2021-01-07 08:50:00,222.14
2021-01-07 08:50:00,222.14
2021-01-07 08:50:00,222.14
2021-01-07 08:50:00,222.14
2021-01-07 08:50:00,222.14
2021-01-07 09:00:00,190.38
2021-01-07 09:00:00,190.38
2021-01-07 09:00:00,190.38
2021-01-07 09:00:00,190.38
2021-01-07 09:00:00,190.38
2021-01-07 09:00:00,190.38
2021-01-07 09:10:00,194.95
2021-01-07 09:10:00,194.95
2021-01-07 09:10:00,194.95
2021-01-07 09:10:00,194.95
2021-01-07 09:10:00,194.95
2021-01-07 09:10:00,194.95
2021-01-07 09:20:00,351.97
2021-01-07 09:20:00,351.97
2021-01-07 09:20:00,351.97
2021-01-07 09:20:00,351.97
2021-01-07 09:20:00,351.97
2021-01-07 09:20:00,351.97
2021-01-07 09:30:00,347.83
2021-01-07 09:30:00,347.83
2021-01-07 09:30:00,347.83
2021-01-07 09:30:00,347.83
2021-01-07 09:30:00,347.83
2021-01-07 09:30:00,347.83
2021-01-07 09:40:00,249.77
2021-01-07 09:40:00,249.77
2021-01-07 09:40:00,249.77
2021-01-07 09:40:00,249.77
2021-01-07 09:40:00,249.77
2021-01-07 09:40:00,249.77
2021-01-07 09:50:00,234.81
2021-01-07 09:50:00,234.81
2021-01-07 09:50:00,234.81
2021-01-07 09:50:00,234.81
2021-01-07 09:50:00,234.81
2021-01-07 09:50:00,234.81
2021-01-07 10:00:00,105.34
2021-01-07 10:00:00,105.34
2021-01-07 10:00:00,105.34
2021-01-07 10:00:00,105.34
2021-01-07 10:00:00,105.34
2021-01-07 10:00:00,105.34
2021-01-07 10:10:00,184.13
2021-01-07 10:10:00,184.13
2021-01-07 10:10:00,184.13
2021-01-07 10:10:00,184.13
2021-01-07 10:10:00,184.13
2021-01-07 10:10:00,184.13
2021-01-07 10:20:00,108.57
2021-01-07 10:20:00,108.57
2021-01-07 10:20:00,108.57
2021-01-07 10:20:00,108.57
2021-01-07 10:20:00,108.57
2021-01-07 10:20:00,108.57
2021-01-07 10:30:00,153.89
2021-01-07 10:30:00,153.89
2021-01-07 10:30:00,153.89
2021-01-07 10:30:00,153.89
2021-01-07 10:30:00,153.89
2021-01-07 10:30:00,153.89
2021-01-07 10:40:00,199.68
2021-01-07 10:40:00,199.68
2021-01-07 10:40:00,199.68
2021-01-07 10:40:00,199.68
2021-01-07 10:40:00,199.68
2021-01-07 10:40:00,199.68
2021-01-07 10:50:00,126.67
2021-01-07 10:50:00,126.67
2021-01-07 10:50:00,126.67
2021-01-07 10:50:00,126.67
2021-01-07 10:50:00,126.67
2021-01-07 10:50:00,126.67
2021-01-07 11:00:00,99.57
2021-01-07 11:00:00,99.57
2021-01-07 11:00:00,99.57
2021-01-07 11:00:00,99.57
2021-01-07 11:00:00,99.57
2021-01-07 11:00:00,99.57
2021-01-07 11:10:00,68.33
2021-01-07 11:10:00,68.33
2021-01-07 11:10:00,68.33
2021-01-07 11:10:00,68.33
2021-01-07 11:10:00,68.33
2021-01-07 11:10:00,68.33
2021-01-07 11:20:00,71.85
2021-01-07 11:20:00,71.85
2021-01-07 11:20:00,71.85
2021-01-07 11:20:00,71.85
2021-01-07 11:20:00,71.85
2021-01-07 11:20:00,71.85
2021-01-07 11:30:00,80.75
2021-01-07 11:30:00,80.75
2021-01-07 11:30:00,80.75
2021-01-07 11:30:00,80.75
2021-01-07 11:30:00,80.75
2021-01-07 11:30:00,80.75
2021-01-07 11:40:00,65.54
2021-01-07 11:40:00,65.54
2021-01-07 11:40:00,65.54
2021-01-07 11:40:00,65.54
2021-01-07 11:40:00,65.54
2021-01-07 11:40:00,65.54
2021-01-07 11:50:00,45.77
2021-01-07 11:50:00,45.77
2021-01-07 11:50:00,45.77
2021-01-07 11:50:00,45.77
2021-01-07 11:50:00,45.77
2021-01-07 11:50:00,45.77
2021-01-07 12:00:00,50.15
2021-01-07 12:00:00,50.15
2021-01-07 12:00:00,50.15
2021-01-07 12:00:00,50.15
2021-01-07 12:00:00,50.15
2021-01-07 12:00:00,50.15
2021-01-07 12:10:00,38.79
2021-01-07 12:10:00,38.79
2021-01-07 12:10:00,38.79
2021-01-07 12:10:00,38.79
2021-01-07 12:10:00,38.79
2021-01-07 12:10:00,38.79
2021-01-07 12:20:00,21.34
2021-01-07 12:20:00,21.34
2021-01-07 12:20:00,21.34
2021-01-07 12:20:00,21.34
2021-01-07 12:20:00,21.34
2021-01-07 12:20:00,21.34
2021-01-07 12:30:00,1.15
2021-01-07 12:30:00,1.15
2021-01-07 12:30:00,1.15
2021-01-07 12:30:00,1.15
2021-01-07 12:30:00,1.15
2021-01-07 12:30:00,1.15
2021-01-07 12:40:00,15.99
2021-01-07 12:40:00,15.99
2021-01-07 12:40:00,15.99
2021-01-07 12:40:00,15.99
2021-01-07 12:40:00,15.99
2021-01-07 12:40:00,15.99
2021-01-07 12:50:00,13.42
2021-01-07 12:50:00,13.42
2021-01-07 12:50:00,13.42
2021-01-07 12:50:00,13.42
2021-01-07 12:50:00,13.42
2021-01-07 12:50:00,13.42
2021-01-07 13:00:00,29.57
2021-01-07 13:00:00,29.57
2021-01-07 13:00:00,29.57
2021-01-07 13:00:00,29.57
2021-01-07 13:00:00,29.57
2021-01-07 13:00:00,29.57
2021-01-07 13:10:00,10.18
2021-01-07 13:10:00,10.18
2021-01-07 13:10:00,10.18
2021-01-07 13:10:00,10.18
2021-01-07 13:10:00,10.18
2021-01-07 13:10:00,10.18
2021-01-07 13:20:00,10.84
2021-01-07 13:20:00,10.84
2021-01-07 13:20:00,10.84
2021-01-07 13:20:00,10.84
2021-01-07 13:20:00,10.84
2021-01-07 13:20:00,10.84
2021-01-07 13:30:00,0.0
2021-01-07 13:30:00,0.0
2021-01-07 13:30:00,0.0
2021-01-07 13:30:00,0.0
2021-01-07 13:30:00,0.0
2021-01-07 13:30:00,0.0
2021-01-07 13:40:00,0.0
2021-01-07 13:40:00,0.0
2021-01-07 13:40:00,0.0
2021-01-07 13:40:00,0.0
2021-01-07 13:40:00,0.0
2021-01-07 13:40:00,0.0
2021-01-07 13:50:00,0.0
2021-01-07 13:50:00,0.0
2021-01-07 13:50:00,0.0
2021-01-07 13:50:00,0.0
2021-01-07 13:50:00,0.0
2021-01-07 13:50:00,0.0
2021-01-07 14:00:00,0.0
2021-01-07 14:00:00,0.0
2021-01-07 14:00:00,0.0
2021-01-07 14:00:00,0.0
2021-01-07 14:00:00,0.0
2021-01-07 14:00:00,0.0
2021-01-07 14:10:00,0.0
2021-01-07 14:10:00,0.0
2021-01-07 14:10:00,0.0
2021-01-07 14:10:00,0.0
2021-01-07 14:10:00,0.0
2021-01-07 14:10:00,0.0
2021-01-07 14:20:00,0.0
2021-01-07 14:20:00,0.0
2021-01-07 14:20:00,0.0
2021-01-07 14:20:00,0.0
2021-01-07 14:20:00,0.0
2021-01-07 14:20:00,0.0
2021-01-07 14:30:00,0.0
2021-01-07 14:30:00,0.0
2021-01-07 14:30:00,0.0
2021-01-07 14:30:00,0.0
2021-01-07 14:30:00,0.0
2021-01-07 14:30:00,0.0
2021-01-07 14:40:00,0.0
2021-01-07 14:40:00,0.0
2021-01-07 14:40:00,0.0
2021-01-07 14:40:00,0.0
2021-01-07 14:40:00,0.0
2021-01-07 14:40:00,0.0
2021-01-07 14:50:00,0.0
2021-01-07 14:50:00,0.0
2021-01-07 14:50:00,0.0
2021-01-07 14:50:00,0.0
2021-01-07 14:50:00,0.0
2021-01-07 14:50:00,0.0
2021-01-07 15:00:00,0.0
2021-01-07 15:00:00,0.0
2021-01-07 15:00:00,0.0
2021-01-07 15:00:00,0.0
2021-01-07 15:00:00,0.0
2021-01-07 15:00:00,0.0
2021-01-07 15:10:00,0.0
2021-01-07 15:10:00,0.0
2021-01-07 15:10:00,0.0
2021-01-07 15:10:00,0.0
2021-01-07 15:10:00,0.0
2021-01-07 15:10:00,0.0
2021-01-07 15:20:00,0.0
2021-01-07 15:20:00,0.0
2021-01-07 15:20:00,0.0
2021-01-07 15:20:00,0.0
2021-01-07 15:20:00,0.0
2021-01-07 15:20:00,0.0
2021-01-07 15:30:00,0.0
2021-01-07 15:30:00,0.0
2021-01-07 15:30:00,0.0
2021-01-07 15:30:00,0.0
2021-01-07 15:30:00,0.0
2021-01-07 15:30:00,0.0
2021-01-07 15:40:00,0.0
2021-01-07 15:40:00,0.0
2021-01-07 15:40:00,0.0
2021-01-07 15:40:00,0.0
2021-01-07 15:40:00,0.0
2021-01-07 15:40:00,0.0
2021-01-07 15:50:00,0.0
2021-01-07 15:50:00,0.0
2021-01-07 15:50:00,0.0
2021-01-07 15:50:00,0.0
2021-01-07 15:50:00,0.0
2021-01-07 15:50:00,0.0
2021-01-07 16:00:00,0.0
2021-01-07 16:00:00,0.0
2021-01-07 16:00:00,0.0
2021-01-07 16:00:00,0.0
2021-01-07 16:00:00,0.0
2021-01-07 16:00:00,0.0
2021-01-07 16:10:00,0.0
2021-01-07 16:10:00,0.0
2021-01-07 16:10:00,0.0
2021-01-07 16:10:00,0.0
2021-01-07 16:10:00,0.0
2021-01-07 16:10:00,0.0
2021-01-07 16:20:00,0.0
2021-01-07 16:20:00,0.0
2021-01-07 16:20:00,0.0
2021-01-07 16:20:00,0.0
2021-01-07 16:20:00,0.0
2021-01-07 16:20:00,0.0
2021-01-07 16:30:00,0.0
2021-01-07 16:30:00,0.0
2021-01-07 16:30:00,0.0
2021-01-07 16:30:00,0.0
2021-01-07 16:30:00,0.0
2021-01-07 16:30:00,0.0
2021-01-07 16:40:00,0.0
2021-01-07 16:40:00,0.0
2021-01-07 16:40:00,0.0
2021-01-07 16:40:00,0.0
2021-01-07 16:40:00,0.0
2021-01-07 16:40:00,0.0
2021-01-07 16:50:00,0.0
2021-01-07 16:50:00,0.0
2021-01-07 16:50:00,0.0
2021-01-07 16:50:00,0.0
2021-01-07 16:50:00,0.0
2021-01-07 16:50:00,0.0
2021-01-07 17:00:00,0.0
2021-01-07 17:00:00,0.0
2021-01-07 17:00:00,0.0
2021-01-07 17:00:00,0.0
2021-01-07 17:00:00,0.0
2021-01-07 17:00:00,0.0
2021-01-07 17:10:00,0.0
2021-01-07 17:10:00,0.0
2021-01-07 17:10:00,0.0
2021-01-07 17:10:00,0.0
2021-01-07 17:10:00,0.0
2021-01-07 17:10:00,0.0
2021-01-07 17:20:00,0.0
2021-01-07 17:20:00,0.0
2021-01-07 17:20:00,0.0
2021-01-07 17:20:00,0.0
2021-01-07 17:20:00,0.0
2021-01-07 17:20:00,0.0
2021-01-07 17:30:00,0.0
2021-01-07 17:30:00,0.0
2021-01-07 17:30:00,0.0
2021-01-07 17:30:00,0.0
2021-01-07 17:30:00,0.0
2021-01-07 17:30:00,0.0
2021-01-07 17:40:00,0.0
2021-01-07 17:40:00,0.0
2021-01-07 17:40:00,0.0
2021-01-07 17:40:00,0.0
2021-01-07 17:40:00,0.0
2021-01-07 17:40:00,0.0
2021-01-07 17:50:00,0.0
2021-01-07 17:50:00,0.0
2021-01-07 17:50:00,0.0
2021-01-07 17:50:00,0.0
2021-01-07 17:50:00,0.0
2021-01-07 17:50:00,0.0
2021-01-07 18:00:00,0.0
2021-01-07 18:00:00,0.0
2021-01-07 18:00:00,0.0
2021-01-07 18:00:00,0.0
2021-01-07 18:00:00,0.0
2021-01-07 18:00:00,0.0
2021-01-07 18:10:00,0.0
2021-01-07 18:10:00,0.0
2021-01-07 18:10:00,0.0
2021-01-07 18:10:00,0.0
2021-01-07 18:10:00,0.0
2021-01-07 18:10:00,0.0
2021-01-07 18:20:00,0.0
2021-01-07 18:20:00,0.0
2021-01-07 18:20:00,0.0
2021-01-07 18:20:00,0.0
2021-01-07 18:20:00,0.0
2021-01-07 18:20:00,0.0
2021-01-07 18:30:00,0.0
2021-01-07 18:30:00,0.0
2021-01-07 18:30:00,0.0
2021-01-07 18:30:00,0.0
2021-01-07 18:30:00,0.0
2021-01-07 18:30:00,0.0
2021-01-07 18:40:00,0.0
2021-01-07 18:40:00,0.0
2021-01-07 18:40:00,0.0
2021-01-07 18:40:00,0.0
2021-01-07 18:40:00,0.0
2021-01-07 18:40:00,0.0
2021-01-07 18:50:00,0.0
2021-01-07 18:50:00,0.0
2021-01-07 18:50:00,0.0
2021-01-07 18:50:00,0.0
2021-01-07 18:50:00,0.0
2021-01-07 18:50:00,0.0
2021-01-07 19:00:00,0.0
2021-01-07 19:00:00,0.0
2021-01-07 19:00:00,0.0
2021-01-07 19:00:00,0.0
2021-01-07 19:00:00,0.0
2021-01-07 19:00:00,0.0
2021-01-07 19:10:00,0.0
2021-01-07 19:10:00,0.0
2021-01-07 19:10:00,0.0
2021-01-07 19:10:00,0.0
2021-01-07 19:10:00,0.0
2021-01-07 19:10:00,0.0
2021-01-07 19:20:00,0.0
2021-01-07 19:20:00,0.0
2021-01-07 19:20:00,0.0
2021-01-07 19:20:00,0.0
2021-01-07 19:20:00,0.0
2021-01-07 19:20:00,0.0
2021-01-07 19:30:00,0.0
2021-01-07 19:30:00,0.0
2021-01-07 19:30:00,0.0
2021-01-07 19:30:00,0.0
2021-01-07 19:30:00,0.0
2021-01-07 19:30:00,0.0
2021-01-07 19:40:00,0.0
2021-01-07 19:40:00,0.0
2021-01-07 19:40:00,0.0
2021-01-07 19:40:00,0.0
2021-01-07 19:40:00,0.0
2021-01-07 19:40:00,0.0
2021-01-07 19:50:00,0.0
2021-01-07 19:50:00,0.0
2021-01-07 19:50:00,0.0
2021-01-07 19:50:00,0.0
2021-01-07 19:50:00,0.0
2021-01-07 19:50:00,0.0
2021-01-07 20:00:00,0.0
2021-01-07 20:00:00,0.0
2021-01-07 20:00:00,0.0
2021-01-07 20:00:00,0.0
2021-01-07 20:00:00,0.0
2021-01-07 20:00:00,0.0
2021-01-07 20:10:00,0.0
2021-01-07 20:10:00,0.0
2021-01-07 20:10:00,0.0
2021-01-07 20:10:00,0.0
2021-01-07 20:10:00,0.0
2021-01-07 20:10:00,0.0
2021-01-07 20:20:00,0.0
2021-01-07 20:20:00,0.0
2021-01-07 20:20:00,0.0
2021-01-07 20:20:00,0.0
2021-01-07 20:20:00,0.0
2021-01-07 20:20:00,0.0
2021-01-07 20:30:00,0.0
2021-01-07 20:30:00,0.0
2021-01-07 20:30:00,0.0
2021-01-07 20:30:00,0.0
2021-01-07 20:30:00,0.0
2021-01-07 20:30:00,0.0
2021-01-07 20:40:00,10.76
2021-01-07 20:40:00,10.76
2021-01-07 20:40:00,10.76
2021-01-07 20:40:00,10.76
2021-01-07 20:40:00,10.76
2021-01-07 20:40:00,10.76
2021-01-07 20:50:00,131.34
2021-01-07 20:50:00,131.34
2021-01-07 20:50:00,131.34
2021-01-07 20:50:00,131.34
2021-01-07 20:50:00,131.34
2021-01-07 20:50:00,131.34
2021-01-07 21:00:00,113.14
2021-01-07 21:00:00,113.14
2021-01-07 21:00:00,113.14
2021-01-07 21:00:00,113.14
2021-01-07 21:00:00,113.14
2021-01-07 21:00:00,113.14
2021-01-07 21:10:00,119.54
2021-01-07 21:10:00,119.54
2021-01-07 21:10:00,119.54
2021-01-07 21:10:00,119.54
2021-01-07 21:10:00,119.54
2021-01-07 21:10:00,119.54
2021-01-07 21:20:00,119.95
2021-01-07 21:20:00,119.95
2021-01-07 21:20:00,119.95
2021-01-07 21:20:00,119.95
2021-01-07 21:20:00,119.95
2021-01-07 21:20:00,119.95
2021-01-07 21:30:00,111.2
2021-01-07 21:30:00,111.2
2021-01-07 21:30:00,111.2
2021-01-07 21:30:00,111.2
2021-01-07 21:30:00,111.2
2021-01-07 21:30:00,111.2
2021-01-07 21:40:00,106.07
2021-01-07 21:40:00,106.07
2021-01-07 21:40:00,106.07
2021-01-07 21:40:00,106.07
2021-01-07 21:40:00,106.07
2021-01-07 21:40:00,106.07
2021-01-07 21:50:00,152.24
2021-01-07 21:50:00,152.24
2021-01-07 21:50:00,152.24
2021-01-07 21:50:00,152.24
2021-01-07 21:50:00,152.24
2021-01-07 21:50:00,152.24
2021-01-07 22:00:00,240.74
2021-01-07 22:00:00,240.74
2021-01-07 22:00:00,240.74
2021-01-07 22:00:00,240.74
2021-01-07 22:00:00,240.74
2021-01-07 22:00:00,240.74
2021-01-07 22:10:00,393.82
2021-01-07 22:10:00,393.82
2021-01-07 22:10:00,393.82
2021-01-07 22:10:00,393.82
2021-01-07 22:10:00,393.82
2021-01-07 22:10:00,393.82
2021-01-07 22:20:00,519.87
2021-01-07 22:20:00,519.87
2021-01-07 22:20:00,519.87
2021-01-07 22:20:00,519.87
2021-01-07 22:20:00,519.87
2021-01-07 22:20:00,519.87
2021-01-07 22:30:00,465.4
2021-01-07 22:30:00,465.4
2021-01-07 22:30:00,465.4
2021-01-07 22:30:00,465.4
2021-01-07 22:30:00,465.4
2021-01-07 22:30:00,465.4
2021-01-07 22:40:00,622.53
2021-01-07 22:40:00,622.53
2021-01-07 22:40:00,622.53
2021-01-07 22:40:00,622.53
2021-01-07 22:40:00,622.53
2021-01-07 22:40:00,622.53
2021-01-07 22:50:00,797.23
2021-01-07 22:50:00,797.23
2021-01-07 22:50:00,797.23
2021-01-07 22:50:00,797.23
2021-01-07 22:50:00,797.23
2021-01-07 22:50:00,797.23
2021-01-07 23:00:00,909.97
2021-01-07 23:00:00,909.97
2021-01-07 23:00:00,909.97
2021-01-07 23:00:00,909.97
2021-01-07 23:00:00,909.97
2021-01-07 23:00:00,909.97
2021-01-07 23:10:00,923.72
2021-01-07 23:10:00,923.72
2021-01-07 23:10:00,923.72
2021-01-07 23:10:00,923.72
2021-01-07 23:10:00,923.72
2021-01-07 23:10:00,923.72
2021-01-07 23:20:00,898.5
2021-01-07 23:20:00,898.5
2021-01-07 23:20:00,898.5
2021-01-07 23:20:00,898.5
2021-01-07 23:20:00,898.5
2021-01-07 23:20:00,898.5
2021-01-07 23:30:00,816.77
2021-01-07 23:30:00,816.77
2021-01-07 23:30:00,816.77
2021-01-07 23:30:00,816.77
2021-01-07 23:30:00,816.77
2021-01-07 23:30:00,816.77
2021-01-07 23:40:00,639.59
2021-01-07 23:40:00,639.59
2021-01-07 23:40:00,639.59
2021-01-07 23:40:00,639.59
2021-01-07 23:40:00,639.59
2021-01-07 23:40:00,639.59
2021-01-07 23:50:00,566.81
2021-01-07 23:50:00,566.81
2021-01-07 23:50:00,566.81
2021-01-07 23:50:00,566.81
2021-01-07 23:50:00,566.81
2021-01-07 23:50:00,566.81
2021-01-08 00:00:00,554.95996
2021-01-08 00:00:00,554.95996
2021-01-08 00:00:00,554.95996
2021-01-08 00:00:00,554.95996
2021-01-08 00:00:00,554.95996
2021-01-08 00:00:00,554.95996
2021-01-08 00:10:00,543.11
2021-01-08 00:10:00,543.11
2021-01-08 00:10:00,543.11
2021-01-08 00:10:00,543.11
2021-01-08 00:10:00,543.11
2021-01-08 00:10:00,543.11
2021-01-08 00:20:00,705.63
2021-01-08 00:20:00,705.63
2021-01-08 00:20:00,705.63
2021-01-08 00:20:00,705.63
2021-01-08 00:20:00,705.63
2021-01-08 00:20:00,705.63
2021-01-08 00:30:00,612.5
2021-01-08 00:30:00,612.5
2021-01-08 00:30:00,612.5
2021-01-08 00:30:00,612.5
2021-01-08 00:30:00,612.5
2021-01-08 00:30:00,612.5
2021-01-08 00:40:00,441.1
2021-01-08 00:40:00,441.1
2021-01-08 00:40:00,441.1
2021-01-08 00:40:00,441.1
2021-01-08 00:40:00,441.1
2021-01-08 00:40:00,441.1
2021-01-08 00:50:00,607.4
2021-01-08 00:50:00,607.4
2021-01-08 00:50:00,607.4
2021-01-08 00:50:00,607.4
2021-01-08 00:50:00,607.4
2021-01-08 00:50:00,607.4
2021-01-08 01:00:00,517.59
2021-01-08 01:00:00,517.59
2021-01-08 01:00:00,517.59
2021-01-08 01:00:00,517.59
2021-01-08 01:00:00,517.59
2021-01-08 01:00:00,517.59
2021-01-08 01:10:00,539.62
2021-01-08 01:10:00,539.62
2021-01-08 01:10:00,539.62
2021-01-08 01:10:00,539.62
2021-01-08 01:10:00,539.62
2021-01-08 01:10:00,539.62
2021-01-08 01:20:00,561.28
2021-01-08 01:20:00,561.28
2021-01-08 01:20:00,561.28
2021-01-08 01:20:00,561.28
2021-01-08 01:20:00,561.28
2021-01-08 01:20:00,561.28
2021-01-08 01:30:00,682.45
2021-01-08 01:30:00,682.45
2021-01-08 01:30:00,682.45
2021-01-08 01:30:00,682.45
2021-01-08 01:30:00,682.45
2021-01-08 01:30:00,682.45
2021-01-08 01:40:00,611.58
2021-01-08 01:40:00,611.58
2021-01-08 01:40:00,611.58
2021-01-08 01:40:00,611.58
2021-01-08 01:40:00,611.58
2021-01-08 01:40:00,611.58
2021-01-08 01:50:00,847.57
2021-01-08 01:50:00,847.57
2021-01-08 01:50:00,847.57
2021-01-08 01:50:00,847.57
2021-01-08 01:50:00,847.57
2021-01-08 01:50:00,847.57
2021-01-08 02:00:00,881.59
2021-01-08 02:00:00,881.59
2021-01-08 02:00:00,881.59
2021-01-08 02:00:00,881.59
2021-01-08 02:00:00,881.59
2021-01-08 02:00:00,881.59
2021-01-08 02:10:00,1112.83
2021-01-08 02:10:00,1112.83
2021-01-08 02:10:00,1112.83
2021-01-08 02:10:00,1112.83
2021-01-08 02:10:00,1112.83
2021-01-08 02:10:00,1112.83
2021-01-08 02:20:00,987.57
2021-01-08 02:20:00,987.57
2021-01-08 02:20:00,987.57
2021-01-08 02:20:00,987.57
2021-01-08 02:20:00,987.57
2021-01-08 02:20:00,987.57
2021-01-08 02:30:00,950.02
2021-01-08 02:30:00,950.02
2021-01-08 02:30:00,950.02
2021-01-08 02:30:00,950.02
2021-01-08 02:30:00,950.02
2021-01-08 02:30:00,950.02
2021-01-08 02:40:00,1028.62
2021-01-08 02:40:00,1028.62
2021-01-08 02:40:00,1028.62
2021-01-08 02:40:00,1028.62
2021-01-08 02:40:00,1028.62
2021-01-08 02:40:00,1028.62
2021-01-08 02:50:00,1080.02
2021-01-08 02:50:00,1080.02
2021-01-08 02:50:00,1080.02
2021-01-08 02:50:00,1080.02
2021-01-08 02:50:00,1080.02
2021-01-08 02:50:00,1080.02
2021-01-08 03:00:00,1229.92
2021-01-08 03:00:00,1229.92
2021-01-08 03:00:00,1229.92
2021-01-08 03:00:00,1229.92
2021-01-08 03:00:00,1229.92
2021-01-08 03:00:00,1229.92
2021-01-08 03:10:00,1193.24
2021-01-08 03:10:00,1193.24
2021-01-08 03:10:00,1193.24
2021-01-08 03:10:00,1193.24
2021-01-08 03:10:00,1193.24
2021-01-08 03:10:00,1193.24
2021-01-08 03:20:00,965.21
2021-01-08 03:20:00,965.21
2021-01-08 03:20:00,965.21
2021-01-08 03:20:00,965.21
2021-01-08 03:20:00,965.21
2021-01-08 03:20:00,965.21
2021-01-08 03:30:00,932.91
2021-01-08 03:30:00,932.91
2021-01-08 03:30:00,932.91
2021-01-08 03:30:00,932.91
2021-01-08 03:30:00,932.91
2021-01-08 03:30:00,932.91
2021-01-08 03:40:00,914.59
2021-01-08 03:40:00,914.59
2021-01-08 03:40:00,914.59
2021-01-08 03:40:00,914.59
2021-01-08 03:40:00,914.59
2021-01-08 03:40:00,914.59
2021-01-08 03:50:00,945.45
2021-01-08 03:50:00,945.45
2021-01-08 03:50:00,945.45
2021-01-08 03:50:00,945.45
2021-01-08 03:50:00,945.45
2021-01-08 03:50:00,945.45
2021-01-08 04:00:00,991.18
2021-01-08 04:00:00,991.18
2021-01-08 04:00:00,991.18
2021-01-08 04:00:00,991.18
2021-01-08 04:00:00,991.18
2021-01-08 04:00:00,991.18
2021-01-08 04:10:00,1005.6
2021-01-08 04:10:00,1005.6
2021-01-08 04:10:00,1005.6
2021-01-08 04:10:00,1005.6
2021-01-08 04:10:00,1005.6
2021-01-08 04:10:00,1005.6
2021-01-08 04:20:00,1206.54
2021-01-08 04:20:00,1206.54
2021-01-08 04:20:00,1206.54
2021-01-08 04:20:00,1206.54
2021-01-08 04:20:00,1206.54
2021-01-08 04:20:00,1206.54
2021-01-08 04:30:00,1176.0392
2021-01-08 04:30:00,1176.0392
2021-01-08 04:30:00,1176.0392
2021-01-08 04:30:00,1176.0392
2021-01-08 04:30:00,1176.0392
2021-01-08 04:30:00,1176.0392
2021-01-08 04:40:00,1145.5382
2021-01-08 04:40:00,1145.5382
2021-01-08 04:40:00,1145.5382
2021-01-08 04:40:00,1145.5382
2021-01-08 04:40:00,1145.5382
2021-01-08 04:40:00,1145.5382
2021-01-08 04:50:00,1115.0374
2021-01-08 04:50:00,1115.0374
2021-01-08 04:50:00,1115.0374
2021-01-08 04:50:00,1115.0374
2021-01-08 04:50:00,1115.0374
2021-01-08 04:50:00,1115.0374
2021-01-08 05:00:00,1084.5364
2021-01-08 05:00:00,1084.5364
2021-01-08 05:00:00,1084.5364
2021-01-08 05:00:00,1084.5364
2021-01-08 05:00:00,1084.5364
2021-01-08 05:00:00,1084.5364
2021-01-08 05:10:00,1054.0355
2021-01-08 05:10:00,1054.0355
2021-01-08 05:10:00,1054.0355
2021-01-08 05:10:00,1054.0355
2021-01-08 05:10:00,1054.0355
2021-01-08 05:10:00,1054.0355
2021-01-08 05:20:00,1023.53455
2021-01-08 05:20:00,1023.53455
2021-01-08 05:20:00,1023.53455
2021-01-08 05:20:00,1023.53455
2021-01-08 05:20:00,1023.53455
2021-01-08 05:20:00,1023.53455
2021-01-08 05:30:00,993.0337
2021-01-08 05:30:00,993.0337
2021-01-08 05:30:00,993.0337
2021-01-08 05:30:00,993.0337
2021-01-08 05:30:00,993.0337
2021-01-08 05:30:00,993.0337
2021-01-08 05:40:00,962.5328
2021-01-08 05:40:00,962.5328
2021-01-08 05:40:00,962.5328
2021-01-08 05:40:00,962.5328
2021-01-08 05:40:00,962.5328
2021-01-08 05:40:00,962.5328
2021-01-08 05:50:00,932.03186
2021-01-08 05:50:00,932.03186
2021-01-08 05:50:00,932.03186
2021-01-08 05:50:00,932.03186
2021-01-08 05:50:00,932.03186
2021-01-08 05:50:00,932.03186
2021-01-08 06:00:00,901.53094
2021-01-08 06:00:00,901.53094
2021-01-08 06:00:00,901.53094
2021-01-08 06:00:00,901.53094
2021-01-08 06:00:00,901.53094
2021-01-08 06:00:00,901.53094
2021-01-08 06:10:00,871.03
2021-01-08 06:10:00,871.03
2021-01-08 06:10:00,871.03
2021-01-08 06:10:00,871.03
2021-01-08 06:10:00,871.03
2021-01-08 06:10:00,871.03
2021-01-08 06:20:00,840.5291
2021-01-08 06:20:00,840.5291
2021-01-08 06:20:00,840.5291
2021-01-08 06:20:00,840.5291
2021-01-08 06:20:00,840.5291
2021-01-08 06:20:00,840.5291
2021-01-08 06:30:00,810.0282
2021-01-08 06:30:00,810.0282
2021-01-08 06:30:00,810.0282
2021-01-08 06:30:00,810.0282
2021-01-08 06:30:00,810.0282
2021-01-08 06:30:00,810.0282
2021-01-08 06:40:00,779.5273
2021-01-08 06:40:00,779.5273
2021-01-08 06:40:00,779.5273
2021-01-08 06:40:00,779.5273
2021-01-08 06:40:00,779.5273
2021-01-08 06:40:00,779.5273
2021-01-08 06:50:00,749.02637
2021-01-08 06:50:00,749.02637
2021-01-08 06:50:00,749.02637
2021-01-08 06:50:00,749.02637
2021-01-08 06:50:00,749.02637
2021-01-08 06:50:00,749.02637
2021-01-08 07:00:00,718.52545
2021-01-08 07:00:00,718.52545
2021-01-08 07:00:00,718.52545
2021-01-08 07:00:00,718.52545
2021-01-08 07:00:00,718.52545
2021-01-08 07:00:00,718.52545
2021-01-08 07:10:00,688.02454
2021-01-08 07:10:00,688.02454
2021-01-08 07:10:00,688.02454
2021-01-08 07:10:00,688.02454
2021-01-08 07:10:00,688.02454
2021-01-08 07:10:00,688.02454
2021-01-08 07:20:00,657.5237
2021-01-08 07:20:00,657.5237
2021-01-08 07:20:00,657.5237
2021-01-08 07:20:00,657.5237
2021-01-08 07:20:00,657.5237
2021-01-08 07:20:00,657.5237
2021-01-08 07:30:00,627.02277
2021-01-08 07:30:00,627.02277
2021-01-08 07:30:00,627.02277
2021-01-08 07:30:00,627.02277
2021-01-08 07:30:00,627.02277
2021-01-08 07:30:00,627.02277
2021-01-08 07:40:00,596.52185
2021-01-08 07:40:00,596.52185
2021-01-08 07:40:00,596.52185
2021-01-08 07:40:00,596.52185
2021-01-08 07:40:00,596.52185
2021-01-08 07:40:00,596.52185
2021-01-08 07:50:00,566.02094
2021-01-08 07:50:00,566.02094
2021-01-08 07:50:00,566.02094
2021-01-08 07:50:00,566.02094
2021-01-08 07:50:00,566.02094
2021-01-08 07:50:00,566.02094
2021-01-08 08:00:00,535.52
2021-01-08 08:00:00,535.52
2021-01-08 08:00:00,535.52
2021-01-08 08:00:00,535.52
2021-01-08 08:00:00,535.52
2021-01-08 08:00:00,535.52
2021-01-08 08:10:00,505.0191
2021-01-08 08:10:00,505.0191
2021-01-08 08:10:00,505.0191
2021-01-08 08:10:00,505.0191
2021-01-08 08:10:00,505.0191
2021-01-08 08:10:00,505.0191
2021-01-08 08:20:00,474.5182
2021-01-08 08:20:00,474.5182
2021-01-08 08:20:00,474.5182
2021-01-08 08:20:00,474.5182
2021-01-08 08:20:00,474.5182
2021-01-08 08:20:00,474.5182
2021-01-08 08:30:00,444.01727
2021-01-08 08:30:00,444.01727
2021-01-08 08:30:00,444.01727
2021-01-08 08:30:00,444.01727
2021-01-08 08:30:00,444.01727
2021-01-08 08:30:00,444.01727
2021-01-08 08:40:00,413.51636
2021-01-08 08:40:00,413.51636
2021-01-08 08:40:00,413.51636
2021-01-08 08:40:00,413.51636
2021-01-08 08:40:00,413.51636
2021-01-08 08:40:00,413.51636
2021-01-08 08:50:00,383.01544
2021-01-08 08:50:00,383.01544
2021-01-08 08:50:00,383.01544
2021-01-08 08:50:00,383.01544
2021-01-08 08:50:00,383.01544
2021-01-08 08:50:00,383.01544
2021-01-08 09:00:00,352.51456
2021-01-08 09:00:00,352.51456
2021-01-08 09:00:00,352.51456
2021-01-08 09:00:00,352.51456
2021-01-08 09:00:00,352.51456
2021-01-08 09:00:00,352.51456
2021-01-08 09:10:00,322.01364
2021-01-08 09:10:00,322.01364
2021-01-08 09:10:00,322.01364
2021-01-08 09:10:00,322.01364
2021-01-08 09:10:00,322.01364
2021-01-08 09:10:00,322.01364
2021-01-08 09:20:00,291.51273
2021-01-08 09:20:00,291.51273
2021-01-08 09:20:00,291.51273
2021-01-08 09:20:00,291.51273
2021-01-08 09:20:00,291.51273
2021-01-08 09:20:00,291.51273
2021-01-08 09:30:00,261.0118
2021-01-08 09:30:00,261.0118
2021-01-08 09:30:00,261.0118
2021-01-08 09:30:00,261.0118
2021-01-08 09:30:00,261.0118
2021-01-08 09:30:00,261.0118
2021-01-08 09:40:00,230.51091
2021-01-08 09:40:00,230.51091
2021-01-08 09:40:00,230.51091
2021-01-08 09:40:00,230.51091
2021-01-08 09:40:00,230.51091
2021-01-08 09:40:00,230.51091
2021-01-08 09:50:00,200.01
2021-01-08 09:50:00,200.01
2021-01-08 09:50:00,200.01
2021-01-08 09:50:00,200.01
2021-01-08 09:50:00,200.01
2021-01-08 09:50:00,200.01
2021-01-08 10:00:00,0.0
2021-01-08 10:00:00,0.0
2021-01-08 10:00:00,0.0
2021-01-08 10:00:00,0.0
2021-01-08 10:00:00,0.0
2021-01-08 10:00:00,0.0
2021-01-08 10:10:00,0.0
2021-01-08 10:10:00,0.0
2021-01-08 10:10:00,0.0
2021-01-08 10:10:00,0.0
2021-01-08 10:10:00,0.0
2021-01-08 10:10:00,0.0
2021-01-08 10:20:00,524.13
2021-01-08 10:20:00,524.13
2021-01-08 10:20:00,524.13
2021-01-08 10:20:00,524.13
2021-01-08 10:20:00,524.13
2021-01-08 10:20:00,524.13
2021-01-08 10:30:00,551.2022
2021-01-08 10:30:00,551.2022
2021-01-08 10:30:00,551.2022
2021-01-08 10:30:00,551.2022
2021-01-08 10:30:00,551.2022
2021-01-08 10:30:00,551.2022
2021-01-08 10:40:00,578.2745
2021-01-08 10:40:00,578.2745
2021-01-08 10:40:00,578.2745
2021-01-08 10:40:00,578.2745
2021-01-08 10:40:00,578.2745
2021-01-08 10:40:00,578.2745
2021-01-08 10:50:00,605.3467
2021-01-08 10:50:00,605.3467
2021-01-08 10:50:00,605.3467
2021-01-08 10:50:00,605.3467
2021-01-08 10:50:00,605.3467
2021-01-08 10:50:00,605.3467
2021-01-08 11:00:00,632.4189
2021-01-08 11:00:00,632.4189
2021-01-08 11:00:00,632.4189
2021-01-08 11:00:00,632.4189
2021-01-08 11:00:00,632.4189
2021-01-08 11:00:00,632.4189
2021-01-08 11:10:00,659.4911
2021-01-08 11:10:00,659.4911
2021-01-08 11:10:00,659.4911
2021-01-08 11:10:00,659.4911
2021-01-08 11:10:00,659.4911
2021-01-08 11:10:00,659.4911
2021-01-08 11:20:00,686.56335
2021-01-08 11:20:00,686.56335
2021-01-08 11:20:00,686.56335
2021-01-08 11:20:00,686.56335
2021-01-08 11:20:00,686.56335
2021-01-08 11:20:00,686.56335
2021-01-08 11:30:00,713.63556
2021-01-08 11:30:00,713.63556
2021-01-08 11:30:00,713.63556
2021-01-08 11:30:00,713.63556
2021-01-08 11:30:00,713.63556
2021-01-08 11:30:00,713.63556
2021-01-08 11:40:00,740.70776
2021-01-08 11:40:00,740.70776
2021-01-08 11:40:00,740.70776
2021-01-08 11:40:00,740.70776
2021-01-08 11:40:00,740.70776
2021-01-08 11:40:00,740.70776
2021-01-08 11:50:00,767.77997
2021-01-08 11:50:00,767.77997
2021-01-08 11:50:00,767.77997
2021-01-08 11:50:00,767.77997
2021-01-08 11:50:00,767.77997
2021-01-08 11:50:00,767.77997
2021-01-08 12:00:00,794.85223
2021-01-08 12:00:00,794.85223
2021-01-08 12:00:00,794.85223
2021-01-08 12:00:00,794.85223
2021-01-08 12:00:00,794.85223
2021-01-08 12:00:00,794.85223
2021-01-08 12:10:00,821.92444
2021-01-08 12:10:00,821.92444
2021-01-08 12:10:00,821.92444
2021-01-08 12:10:00,821.92444
2021-01-08 12:10:00,821.92444
2021-01-08 12:10:00,821.92444
2021-01-08 12:20:00,848.99664
2021-01-08 12:20:00,848.99664
2021-01-08 12:20:00,848.99664
2021-01-08 12:20:00,848.99664
2021-01-08 12:20:00,848.99664
2021-01-08 12:20:00,848.99664
2021-01-08 12:30:00,876.06885
2021-01-08 12:30:00,876.06885
2021-01-08 12:30:00,876.06885
2021-01-08 12:30:00,876.06885
2021-01-08 12:30:00,876.06885
2021-01-08 12:30:00,876.06885
2021-01-08 12:40:00,903.1411
2021-01-08 12:40:00,903.1411
2021-01-08 12:40:00,903.1411
2021-01-08 12:40:00,903.1411
2021-01-08 12:40:00,903.1411
2021-01-08 12:40:00,903.1411
2021-01-08 12:50:00,930.2133
2021-01-08 12:50:00,930.2133
2021-01-08 12:50:00,930.2133
2021-01-08 12:50:00,930.2133
2021-01-08 12:50:00,930.2133
2021-01-08 12:50:00,930.2133
2021-01-08 13:00:00,957.2855
2021-01-08 13:00:00,957.2855
2021-01-08 13:00:00,957.2855
2021-01-08 13:00:00,957.2855
2021-01-08 13:00:00,957.2855
2021-01-08 13:00:00,957.2855
2021-01-08 13:10:00,984.3577
2021-01-08 13:10:00,984.3577
2021-01-08 13:10:00,984.3577
2021-01-08 13:10:00,984.3577
2021-01-08 13:10:00,984.3577
2021-01-08 13:10:00,984.3577
2021-01-08 13:20:00,1011.43
2021-01-08 13:20:00,1011.43
2021-01-08 13:20:00,1011.43
2021-01-08 13:20:00,1011.43
2021-01-08 13:20:00,1011.43
2021-01-08 13:20:00,1011.43
2021-01-08 13:30:00,1038.5022
2021-01-08 13:30:00,1038.5022
2021-01-08 13:30:00,1038.5022
2021-01-08 13:30:00,1038.5022
2021-01-08 13:30:00,1038.5022
2021-01-08 13:30:00,1038.5022
2021-01-08 13:40:00,1065.5745
2021-01-08 13:40:00,1065.5745
2021-01-08 13:40:00,1065.5745
2021-01-08 13:40:00,1065.5745
2021-01-08 13:40:00,1065.5745
2021-01-08 13:40:00,1065.5745
2021-01-08 13:50:00,1092.6466
2021-01-08 13:50:00,1092.6466
2021-01-08 13:50:00,1092.6466
2021-01-08 13:50:00,1092.6466
2021-01-08 13:50:00,1092.6466
2021-01-08 13:50:00,1092.6466
2021-01-08 14:00:00,1119.7189
2021-01-08 14:00:00,1119.7189
2021-01-08 14:00:00,1119.7189
2021-01-08 14:00:00,1119.7189
2021-01-08 14:00:00,1119.7189
2021-01-08 14:00:00,1119.7189
2021-01-08 14:10:00,1146.791
2021-01-08 14:10:00,1146.791
2021-01-08 14:10:00,1146.791
2021-01-08 14:10:00,1146.791
2021-01-08 14:10:00,1146.791
2021-01-08 14:10:00,1146.791
2021-01-08 14:20:00,1173.8633
2021-01-08 14:20:00,1173.8633
2021-01-08 14:20:00,1173.8633
2021-01-08 14:20:00,1173.8633
2021-01-08 14:20:00,1173.8633
2021-01-08 14:20:00,1173.8633
2021-01-08 14:30:00,1200.9355
2021-01-08 14:30:00,1200.9355
2021-01-08 14:30:00,1200.9355
2021-01-08 14:30:00,1200.9355
2021-01-08 14:30:00,1200.9355
2021-01-08 14:30:00,1200.9355
2021-01-08 14:40:00,1228.0077
2021-01-08 14:40:00,1228.0077
2021-01-08 14:40:00,1228.0077
2021-01-08 14:40:00,1228.0077
2021-01-08 14:40:00,1228.0077
2021-01-08 14:40:00,1228.0077
2021-01-08 14:50:00,1255.08
2021-01-08 14:50:00,1255.08
2021-01-08 14:50:00,1255.08
2021-01-08 14:50:00,1255.08
2021-01-08 14:50:00,1255.08
2021-01-08 14:50:00,1255.08
2021-01-08 15:00:00,1217.6487
2021-01-08 15:00:00,1217.6487
2021-01-08 15:00:00,1217.6487
2021-01-08 15:00:00,1217.6487
2021-01-08 15:00:00,1217.6487
2021-01-08 15:00:00,1217.6487
2021-01-08 15:10:00,1180.2175
2021-01-08 15:10:00,1180.2175
2021-01-08 15:10:00,1180.2175
2021-01-08 15:10:00,1180.2175
2021-01-08 15:10:00,1180.2175
2021-01-08 15:10:00,1180.2175
2021-01-08 15:20:00,1142.7863
2021-01-08 15:20:00,1142.7863
2021-01-08 15:20:00,1142.7863
2021-01-08 15:20:00,1142.7863
2021-01-08 15:20:00,1142.7863
2021-01-08 15:20:00,1142.7863
2021-01-08 15:30:00,1105.355
2021-01-08 15:30:00,1105.355
2021-01-08 15:30:00,1105.355
2021-01-08 15:30:00,1105.355
2021-01-08 15:30:00,1105.355
2021-01-08 15:30:00,1105.355
2021-01-08 15:40:00,1067.9237
2021-01-08 15:40:00,1067.9237
2021-01-08 15:40:00,1067.9237
2021-01-08 15:40:00,1067.9237
2021-01-08 15:40:00,1067.9237
2021-01-08 15:40:00,1067.9237
2021-01-08 15:50:00,1030.4924
2021-01-08 15:50:00,1030.4924
2021-01-08 15:50:00,1030.4924
2021-01-08 15:50:00,1030.4924
2021-01-08 15:50:00,1030.4924
2021-01-08 15:50:00,1030.4924
2021-01-08 16:00:00,993.0613
2021-01-08 16:00:00,993.0613
2021-01-08 16:00:00,993.0613
2021-01-08 16:00:00,993.0613
2021-01-08 16:00:00,993.0613
2021-01-08 16:00:00,993.0613
2021-01-08 16:10:00,955.63
2021-01-08 16:10:00,955.63
2021-01-08 16:10:00,955.63
2021-01-08 16:10:00,955.63
2021-01-08 16:10:00,955.63
2021-01-08 16:10:00,955.63
2021-01-08 16:20:00,920.78
2021-01-08 16:20:00,920.78
2021-01-08 16:20:00,920.78
2021-01-08 16:20:00,920.78
2021-01-08 16:20:00,920.78
2021-01-08 16:20:00,920.78
2021-01-08 16:30:00,931.16
2021-01-08 16:30:00,931.16
2021-01-08 16:30:00,931.16
2021-01-08 16:30:00,931.16
2021-01-08 16:30:00,931.16
2021-01-08 16:30:00,931.16
2021-01-08 16:40:00,958.68
2021-01-08 16:40:00,958.68
2021-01-08 16:40:00,958.68
2021-01-08 16:40:00,958.68
2021-01-08 16:40:00,958.68
2021-01-08 16:40:00,958.68
2021-01-08 16:50:00,942.97
2021-01-08 16:50:00,942.97
2021-01-08 16:50:00,942.97
2021-01-08 16:50:00,942.97
2021-01-08 16:50:00,942.97
2021-01-08 16:50:00,942.97
2021-01-08 17:00:00,919.36
2021-01-08 17:00:00,919.36
2021-01-08 17:00:00,919.36
2021-01-08 17:00:00,919.36
2021-01-08 17:00:00,919.36
2021-01-08 17:00:00,919.36
2021-01-08 17:10:00,799.03
2021-01-08 17:10:00,799.03
2021-01-08 17:10:00,799.03
2021-01-08 17:10:00,799.03
2021-01-08 17:10:00,799.03
2021-01-08 17:10:00,799.03
2021-01-08 17:20:00,689.65
2021-01-08 17:20:00,689.65
2021-01-08 17:20:00,689.65
2021-01-08 17:20:00,689.65
2021-01-08 17:20:00,689.65
2021-01-08 17:20:00,689.65
2021-01-08 17:30:00,523.63
2021-01-08 17:30:00,523.63
2021-01-08 17:30:00,523.63
2021-01-08 17:30:00,523.63
2021-01-08 17:30:00,523.63
2021-01-08 17:30:00,523.63
2021-01-08 17:40:00,570.28
2021-01-08 17:40:00,570.28
2021-01-08 17:40:00,570.28
2021-01-08 17:40:00,570.28
2021-01-08 17:40:00,570.28
2021-01-08 17:40:00,570.28
2021-01-08 17:50:00,433.76
2021-01-08 17:50:00,433.76
2021-01-08 17:50:00,433.76
2021-01-08 17:50:00,433.76
2021-01-08 17:50:00,433.76
2021-01-08 17:50:00,433.76
2021-01-08 18:00:00,400.34
2021-01-08 18:00:00,400.34
2021-01-08 18:00:00,400.34
2021-01-08 18:00:00,400.34
2021-01-08 18:00:00,400.34
2021-01-08 18:00:00,400.34
2021-01-08 18:10:00,367.71
2021-01-08 18:10:00,367.71
2021-01-08 18:10:00,367.71
2021-01-08 18:10:00,367.71
2021-01-08 18:10:00,367.71
2021-01-08 18:10:00,367.71
2021-01-08 18:20:00,297.09
2021-01-08 18:20:00,297.09
2021-01-08 18:20:00,297.09
2021-01-08 18:20:00,297.09
2021-01-08 18:20:00,297.09
2021-01-08 18:20:00,297.09
2021-01-08 18:30:00,310.22
2021-01-08 18:30:00,310.22
2021-01-08 18:30:00,310.22
2021-01-08 18:30:00,310.22
2021-01-08 18:30:00,310.22
2021-01-08 18:30:00,310.22
2021-01-08 18:40:00,429.5
2021-01-08 18:40:00,429.5
2021-01-08 18:40:00,429.5
2021-01-08 18:40:00,429.5
2021-01-08 18:40:00,429.5
2021-01-08 18:40:00,429.5
2021-01-08 18:50:00,369.9
2021-01-08 18:50:00,369.9
2021-01-08 18:50:00,369.9
2021-01-08 18:50:00,369.9
2021-01-08 18:50:00,369.9
2021-01-08 18:50:00,369.9
2021-01-08 19:00:00,214.28
2021-01-08 19:00:00,214.28
2021-01-08 19:00:00,214.28
2021-01-08 19:00:00,214.28
2021-01-08 19:00:00,214.28
2021-01-08 19:00:00,214.28
2021-01-08 19:10:00,351.23
2021-01-08 19:10:00,351.23
2021-01-08 19:10:00,351.23
2021-01-08 19:10:00,351.23
2021-01-08 19:10:00,351.23
2021-01-08 19:10:00,351.23
2021-01-08 19:20:00,329.78
2021-01-08 19:20:00,329.78
2021-01-08 19:20:00,329.78
2021-01-08 19:20:00,329.78
2021-01-08 19:20:00,329.78
2021-01-08 19:20:00,329.78
2021-01-08 19:30:00,351.02
2021-01-08 19:30:00,351.02
2021-01-08 19:30:00,351.02
2021-01-08 19:30:00,351.02
2021-01-08 19:30:00,351.02
2021-01-08 19:30:00,351.02
2021-01-08 19:40:00,382.73
2021-01-08 19:40:00,382.73
2021-01-08 19:40:00,382.73
2021-01-08 19:40:00,382.73
2021-01-08 19:40:00,382.73
2021-01-08 19:40:00,382.73
2021-01-08 19:50:00,352.46
2021-01-08 19:50:00,352.46
2021-01-08 19:50:00,352.46
2021-01-08 19:50:00,352.46
2021-01-08 19:50:00,352.46
2021-01-08 19:50:00,352.46
2021-01-08 20:00:00,314.24
2021-01-08 20:00:00,314.24
2021-01-08 20:00:00,314.24
2021-01-08 20:00:00,314.24
2021-01-08 20:00:00,314.24
2021-01-08 20:00:00,314.24
2021-01-08 20:10:00,357.65
2021-01-08 20:10:00,357.65
2021-01-08 20:10:00,357.65
2021-01-08 20:10:00,357.65
2021-01-08 20:10:00,357.65
2021-01-08 20:10:00,357.65
2021-01-08 20:20:00,355.78
2021-01-08 20:20:00,355.78
2021-01-08 20:20:00,355.78
2021-01-08 20:20:00,355.78
2021-01-08 20:20:00,355.78
2021-01-08 20:20:00,355.78
2021-01-08 20:30:00,386.11
2021-01-08 20:30:00,386.11
2021-01-08 20:30:00,386.11
2021-01-08 20:30:00,386.11
2021-01-08 20:30:00,386.11
2021-01-08 20:30:00,386.11
2021-01-08 20:40:00,626.08
2021-01-08 20:40:00,626.08
2021-01-08 20:40:00,626.08
2021-01-08 20:40:00,626.08
2021-01-08 20:40:00,626.08
2021-01-08 20:40:00,626.08
2021-01-08 20:50:00,730.29
2021-01-08 20:50:00,730.29
2021-01-08 20:50:00,730.29
2021-01-08 20:50:00,730.29
2021-01-08 20:50:00,730.29
2021-01-08 20:50:00,730.29
2021-01-08 21:00:00,702.05
2021-01-08 21:00:00,702.05
2021-01-08 21:00:00,702.05
2021-01-08 21:00:00,702.05
2021-01-08 21:00:00,702.05
2021-01-08 21:00:00,702.05
2021-01-08 21:10:00,622.37
2021-01-08 21:10:00,622.37
2021-01-08 21:10:00,622.37
2021-01-08 21:10:00,622.37
2021-01-08 21:10:00,622.37
2021-01-08 21:10:00,622.37
2021-01-08 21:20:00,700.79
2021-01-08 21:20:00,700.79
2021-01-08 21:20:00,700.79
2021-01-08 21:20:00,700.79
2021-01-08 21:20:00,700.79
2021-01-08 21:20:00,700.79
2021-01-08 21:30:00,608.59
2021-01-08 21:30:00,608.59
2021-01-08 21:30:00,608.59
2021-01-08 21:30:00,608.59
2021-01-08 21:30:00,608.59
2021-01-08 21:30:00,608.59
2021-01-08 21:40:00,510.74
2021-01-08 21:40:00,510.74
2021-01-08 21:40:00,510.74
2021-01-08 21:40:00,510.74
2021-01-08 21:40:00,510.74
2021-01-08 21:40:00,510.74
2021-01-08 21:50:00,403.96
2021-01-08 21:50:00,403.96
2021-01-08 21:50:00,403.96
2021-01-08 21:50:00,403.96
2021-01-08 21:50:00,403.96
2021-01-08 21:50:00,403.96
2021-01-08 22:00:00,282.56
2021-01-08 22:00:00,282.56
2021-01-08 22:00:00,282.56
2021-01-08 22:00:00,282.56
2021-01-08 22:00:00,282.56
2021-01-08 22:00:00,282.56
2021-01-08 22:10:00,276.49
2021-01-08 22:10:00,276.49
2021-01-08 22:10:00,276.49
2021-01-08 22:10:00,276.49
2021-01-08 22:10:00,276.49
2021-01-08 22:10:00,276.49
2021-01-08 22:20:00,227.78
2021-01-08 22:20:00,227.78
2021-01-08 22:20:00,227.78
2021-01-08 22:20:00,227.78
2021-01-08 22:20:00,227.78
2021-01-08 22:20:00,227.78
2021-01-08 22:30:00,216.4
2021-01-08 22:30:00,216.4
2021-01-08 22:30:00,216.4
2021-01-08 22:30:00,216.4
2021-01-08 22:30:00,216.4
2021-01-08 22:30:00,216.4
2021-01-08 22:40:00,219.38
2021-01-08 22:40:00,219.38
2021-01-08 22:40:00,219.38
2021-01-08 22:40:00,219.38
2021-01-08 22:40:00,219.38
2021-01-08 22:40:00,219.38
2021-01-08 22:50:00,247.05
2021-01-08 22:50:00,247.05
2021-01-08 22:50:00,247.05
2021-01-08 22:50:00,247.05
2021-01-08 22:50:00,247.05
2021-01-08 22:50:00,247.05
2021-01-08 23:00:00,266.13
2021-01-08 23:00:00,266.13
2021-01-08 23:00:00,266.13
2021-01-08 23:00:00,266.13
2021-01-08 23:00:00,266.13
2021-01-08 23:00:00,266.13
2021-01-08 23:10:00,280.88
2021-01-08 23:10:00,280.88
2021-01-08 23:10:00,280.88
2021-01-08 23:10:00,280.88
2021-01-08 23:10:00,280.88
2021-01-08 23:10:00,280.88
2021-01-08 23:20:00,313.4
2021-01-08 23:20:00,313.4
2021-01-08 23:20:00,313.4
2021-01-08 23:20:00,313.4
2021-01-08 23:20:00,313.4
2021-01-08 23:20:00,313.4
2021-01-08 23:30:00,235.46
2021-01-08 23:30:00,235.46
2021-01-08 23:30:00,235.46
2021-01-08 23:30:00,235.46
2021-01-08 23:30:00,235.46
2021-01-08 23:30:00,235.46
2021-01-08 23:40:00,194.82
2021-01-08 23:40:00,194.82
2021-01-08 23:40:00,194.82
2021-01-08 23:40:00,194.82
2021-01-08 23:40:00,194.82
2021-01-08 23:40:00,194.82
2021-01-08 23:50:00,157.96
2021-01-08 23:50:00,157.96
2021-01-08 23:50:00,157.96
2021-01-08 23:50:00,157.96
2021-01-08 23:50:00,157.96
2021-01-08 23:50:00,157.96
2021-01-09 00:00:00,154.62
2021-01-09 00:00:00,154.62
2021-01-09 00:00:00,154.62
2021-01-09 00:00:00,154.62
2021-01-09 00:00:00,154.62
2021-01-09 00:00:00,154.62
2021-01-09 00:10:00,164.86
2021-01-09 00:10:00,164.86
2021-01-09 00:10:00,164.86
2021-01-09 00:10:00,164.86
2021-01-09 00:10:00,164.86
2021-01-09 00:10:00,164.86
2021-01-09 00:20:00,120.76
2021-01-09 00:20:00,120.76
2021-01-09 00:20:00,120.76
2021-01-09 00:20:00,120.76
2021-01-09 00:20:00,120.76
2021-01-09 00:20:00,120.76
2021-01-09 00:30:00,101.65
2021-01-09 00:30:00,101.65
2021-01-09 00:30:00,101.65
2021-01-09 00:30:00,101.65
2021-01-09 00:30:00,101.65
2021-01-09 00:30:00,101.65
2021-01-09 00:40:00,119.21
2021-01-09 00:40:00,119.21
2021-01-09 00:40:00,119.21
2021-01-09 00:40:00,119.21
2021-01-09 00:40:00,119.21
2021-01-09 00:40:00,119.21
2021-01-09 00:50:00,68.53
2021-01-09 00:50:00,68.53
2021-01-09 00:50:00,68.53
2021-01-09 00:50:00,68.53
2021-01-09 00:50:00,68.53
2021-01-09 00:50:00,68.53
2021-01-09 01:00:00,21.89
2021-01-09 01:00:00,21.89
2021-01-09 01:00:00,21.89
2021-01-09 01:00:00,21.89
2021-01-09 01:00:00,21.89
2021-01-09 01:00:00,21.89
2021-01-09 01:10:00,10.28
2021-01-09 01:10:00,10.28
2021-01-09 01:10:00,10.28
2021-01-09 01:10:00,10.28
2021-01-09 01:10:00,10.28
2021-01-09 01:10:00,10.28
2021-01-09 01:20:00,29.71
2021-01-09 01:20:00,29.71
2021-01-09 01:20:00,29.71
2021-01-09 01:20:00,29.71
2021-01-09 01:20:00,29.71
2021-01-09 01:20:00,29.71
2021-01-09 01:30:00,16.68
2021-01-09 01:30:00,16.68
2021-01-09 01:30:00,16.68
2021-01-09 01:30:00,16.68
2021-01-09 01:30:00,16.68
2021-01-09 01:30:00,16.68
2021-01-09 01:40:00,0.0
2021-01-09 01:40:00,0.0
2021-01-09 01:40:00,0.0
2021-01-09 01:40:00,0.0
2021-01-09 01:40:00,0.0
2021-01-09 01:40:00,0.0
2021-01-09 01:50:00,0.0
2021-01-09 01:50:00,0.0
2021-01-09 01:50:00,0.0
2021-01-09 01:50:00,0.0
2021-01-09 01:50:00,0.0
2021-01-09 01:50:00,0.0
2021-01-09 02:00:00,0.0
2021-01-09 02:00:00,0.0
2021-01-09 02:00:00,0.0
2021-01-09 02:00:00,0.0
2021-01-09 02:00:00,0.0
2021-01-09 02:00:00,0.0
2021-01-09 02:10:00,0.0
2021-01-09 02:10:00,0.0
2021-01-09 02:10:00,0.0
2021-01-09 02:10:00,0.0
2021-01-09 02:10:00,0.0
2021-01-09 02:10:00,0.0
2021-01-09 02:20:00,0.0
2021-01-09 02:20:00,0.0
2021-01-09 02:20:00,0.0
2021-01-09 02:20:00,0.0
2021-01-09 02:20:00,0.0
2021-01-09 02:20:00,0.0
2021-01-09 02:30:00,0.0
2021-01-09 02:30:00,0.0
2021-01-09 02:30:00,0.0
2021-01-09 02:30:00,0.0
2021-01-09 02:30:00,0.0
2021-01-09 02:30:00,0.0
2021-01-09 02:40:00,0.0
2021-01-09 02:40:00,0.0
2021-01-09 02:40:00,0.0
2021-01-09 02:40:00,0.0
2021-01-09 02:40:00,0.0
2021-01-09 02:40:00,0.0
2021-01-09 02:50:00,0.0
2021-01-09 02:50:00,0.0
2021-01-09 02:50:00,0.0
2021-01-09 02:50:00,0.0
2021-01-09 02:50:00,0.0
2021-01-09 02:50:00,0.0
2021-01-09 03:00:00,0.0
2021-01-09 03:00:00,0.0
2021-01-09 03:00:00,0.0
2021-01-09 03:00:00,0.0
2021-01-09 03:00:00,0.0
2021-01-09 03:00:00,0.0
2021-01-09 03:10:00,0.0
2021-01-09 03:10:00,0.0
2021-01-09 03:10:00,0.0
2021-01-09 03:10:00,0.0
2021-01-09 03:10:00,0.0
2021-01-09 03:10:00,0.0
2021-01-09 03:20:00,0.0
2021-01-09 03:20:00,0.0
2021-01-09 03:20:00,0.0
2021-01-09 03:20:00,0.0
2021-01-09 03:20:00,0.0
2021-01-09 03:20:00,0.0
2021-01-09 03:30:00,0.0
2021-01-09 03:30:00,0.0
2021-01-09 03:30:00,0.0
2021-01-09 03:30:00,0.0
2021-01-09 03:30:00,0.0
2021-01-09 03:30:00,0.0
2021-01-09 03:40:00,0.0
2021-01-09 03:40:00,0.0
2021-01-09 03:40:00,0.0
2021-01-09 03:40:00,0.0
2021-01-09 03:40:00,0.0
2021-01-09 03:40:00,0.0
2021-01-09 03:50:00,0.0
2021-01-09 03:50:00,0.0
2021-01-09 03:50:00,0.0
2021-01-09 03:50:00,0.0
2021-01-09 03:50:00,0.0
2021-01-09 03:50:00,0.0
2021-01-09 04:00:00,0.0
2021-01-09 04:00:00,0.0
2021-01-09 04:00:00,0.0
2021-01-09 04:00:00,0.0
2021-01-09 04:00:00,0.0
2021-01-09 04:00:00,0.0
2021-01-09 04:10:00,1.94
2021-01-09 04:10:00,1.94
2021-01-09 04:10:00,1.94
2021-01-09 04:10:00,1.94
2021-01-09 04:10:00,1.94
2021-01-09 04:10:00,1.94
2021-01-09 04:20:00,127.79
2021-01-09 04:20:00,127.79
2021-01-09 04:20:00,127.79
2021-01-09 04:20:00,127.79
2021-01-09 04:20:00,127.79
2021-01-09 04:20:00,127.79
2021-01-09 04:30:00,120.29
2021-01-09 04:30:00,120.29
2021-01-09 04:30:00,120.29
2021-01-09 04:30:00,120.29
2021-01-09 04:30:00,120.29
2021-01-09 04:30:00,120.29
2021-01-09 04:40:00,89.99
2021-01-09 04:40:00,89.99
2021-01-09 04:40:00,89.99
2021-01-09 04:40:00,89.99
2021-01-09 04:40:00,89.99
2021-01-09 04:40:00,89.99
2021-01-09 04:50:00,94.6
2021-01-09 04:50:00,94.6
2021-01-09 04:50:00,94.6
2021-01-09 04:50:00,94.6
2021-01-09 04:50:00,94.6
2021-01-09 04:50:00,94.6
2021-01-09 05:00:00,108.8
2021-01-09 05:00:00,108.8
2021-01-09 05:00:00,108.8
2021-01-09 05:00:00,108.8
2021-01-09 05:00:00,108.8
2021-01-09 05:00:00,108.8
2021-01-09 05:10:00,62.82
2021-01-09 05:10:00,62.82
2021-01-09 05:10:00,62.82
2021-01-09 05:10:00,62.82
2021-01-09 05:10:00,62.82
2021-01-09 05:10:00,62.82
2021-01-09 05:20:00,58.92
2021-01-09 05:20:00,58.92
2021-01-09 05:20:00,58.92
2021-01-09 05:20:00,58.92
2021-01-09 05:20:00,58.92
2021-01-09 05:20:00,58.92
2021-01-09 05:30:00,55.45
2021-01-09 05:30:00,55.45
2021-01-09 05:30:00,55.45
2021-01-09 05:30:00,55.45
2021-01-09 05:30:00,55.45
2021-01-09 05:30:00,55.45
2021-01-09 05:40:00,22.52
2021-01-09 05:40:00,22.52
2021-01-09 05:40:00,22.52
2021-01-09 05:40:00,22.52
2021-01-09 05:40:00,22.52
2021-01-09 05:40:00,22.52
2021-01-09 05:50:00,0.0
2021-01-09 05:50:00,0.0
2021-01-09 05:50:00,0.0
2021-01-09 05:50:00,0.0
2021-01-09 05:50:00,0.0
2021-01-09 05:50:00,0.0
2021-01-09 06:00:00,0.0
2021-01-09 06:00:00,0.0
2021-01-09 06:00:00,0.0
2021-01-09 06:00:00,0.0
2021-01-09 06:00:00,0.0
2021-01-09 06:00:00,0.0
2021-01-09 06:10:00,0.0
2021-01-09 06:10:00,0.0
2021-01-09 06:10:00,0.0
2021-01-09 06:10:00,0.0
2021-01-09 06:10:00,0.0
2021-01-09 06:10:00,0.0
2021-01-09 06:20:00,0.0
2021-01-09 06:20:00,0.0
2021-01-09 06:20:00,0.0
2021-01-09 06:20:00,0.0
2021-01-09 06:20:00,0.0
2021-01-09 06:20:00,0.0
2021-01-09 06:30:00,0.0
2021-01-09 06:30:00,0.0
2021-01-09 06:30:00,0.0
2021-01-09 06:30:00,0.0
2021-01-09 06:30:00,0.0
2021-01-09 06:30:00,0.0
2021-01-09 06:40:00,0.0
2021-01-09 06:40:00,0.0
2021-01-09 06:40:00,0.0
2021-01-09 06:40:00,0.0
2021-01-09 06:40:00,0.0
2021-01-09 06:40:00,0.0
2021-01-09 06:50:00,0.0
2021-01-09 06:50:00,0.0
2021-01-09 06:50:00,0.0
2021-01-09 06:50:00,0.0
2021-01-09 06:50:00,0.0
2021-01-09 06:50:00,0.0
2021-01-09 07:00:00,0.0
2021-01-09 07:00:00,0.0
2021-01-09 07:00:00,0.0
2021-01-09 07:00:00,0.0
2021-01-09 07:00:00,0.0
2021-01-09 07:00:00,0.0
2021-01-09 07:10:00,0.0
2021-01-09 07:10:00,0.0
2021-01-09 07:10:00,0.0
2021-01-09 07:10:00,0.0
2021-01-09 07:10:00,0.0
2021-01-09 07:10:00,0.0
2021-01-09 07:20:00,0.0
2021-01-09 07:20:00,0.0
2021-01-09 07:20:00,0.0
2021-01-09 07:20:00,0.0
2021-01-09 07:20:00,0.0
2021-01-09 07:20:00,0.0
2021-01-09 07:30:00,0.0
2021-01-09 07:30:00,0.0
2021-01-09 07:30:00,0.0
2021-01-09 07:30:00,0.0
2021-01-09 07:30:00,0.0
2021-01-09 07:30:00,0.0
2021-01-09 07:40:00,0.0
2021-01-09 07:40:00,0.0
2021-01-09 07:40:00,0.0
2021-01-09 07:40:00,0.0
2021-01-09 07:40:00,0.0
2021-01-09 07:40:00,0.0
2021-01-09 07:50:00,0.0
2021-01-09 07:50:00,0.0
2021-01-09 07:50:00,0.0
2021-01-09 07:50:00,0.0
2021-01-09 07:50:00,0.0
2021-01-09 07:50:00,0.0
2021-01-09 08:00:00,0.0
2021-01-09 08:00:00,0.0
2021-01-09 08:00:00,0.0
2021-01-09 08:00:00,0.0
2021-01-09 08:00:00,0.0
2021-01-09 08:00:00,0.0
2021-01-09 08:10:00,0.0
2021-01-09 08:10:00,0.0
2021-01-09 08:10:00,0.0
2021-01-09 08:10:00,0.0
2021-01-09 08:10:00,0.0
2021-01-09 08:10:00,0.0
2021-01-09 08:20:00,0.0
2021-01-09 08:20:00,0.0
2021-01-09 08:20:00,0.0
2021-01-09 08:20:00,0.0
2021-01-09 08:20:00,0.0
2021-01-09 08:20:00,0.0
2021-01-09 08:30:00,0.0
2021-01-09 08:30:00,0.0
2021-01-09 08:30:00,0.0
2021-01-09 08:30:00,0.0
2021-01-09 08:30:00,0.0
2021-01-09 08:30:00,0.0
2021-01-09 08:40:00,0.0
2021-01-09 08:40:00,0.0
2021-01-09 08:40:00,0.0
2021-01-09 08:40:00,0.0
2021-01-09 08:40:00,0.0
2021-01-09 08:40:00,0.0
2021-01-09 08:50:00,0.0
2021-01-09 08:50:00,0.0
2021-01-09 08:50:00,0.0
2021-01-09 08:50:00,0.0
2021-01-09 08:50:00,0.0
2021-01-09 08:50:00,0.0
2021-01-09 09:00:00,0.0
2021-01-09 09:00:00,0.0
2021-01-09 09:00:00,0.0
2021-01-09 09:00:00,0.0
2021-01-09 09:00:00,0.0
2021-01-09 09:00:00,0.0
2021-01-09 09:10:00,0.0
2021-01-09 09:10:00,0.0
2021-01-09 09:10:00,0.0
2021-01-09 09:10:00,0.0
2021-01-09 09:10:00,0.0
2021-01-09 09:10:00,0.0
2021-01-09 09:20:00,0.0
2021-01-09 09:20:00,0.0
2021-01-09 09:20:00,0.0
2021-01-09 09:20:00,0.0
2021-01-09 09:20:00,0.0
2021-01-09 09:20:00,0.0
2021-01-09 09:30:00,0.0
2021-01-09 09:30:00,0.0
2021-01-09 09:30:00,0.0
2021-01-09 09:30:00,0.0
2021-01-09 09:30:00,0.0
2021-01-09 09:30:00,0.0
2021-01-09 09:40:00,0.0
2021-01-09 09:40:00,0.0
2021-01-09 09:40:00,0.0
2021-01-09 09:40:00,0.0
2021-01-09 09:40:00,0.0
2021-01-09 09:40:00,0.0
2021-01-09 09:50:00,0.0
2021-01-09 09:50:00,0.0
2021-01-09 09:50:00,0.0
2021-01-09 09:50:00,0.0
2021-01-09 09:50:00,0.0
2021-01-09 09:50:00,0.0
2021-01-09 10:00:00,0.0
2021-01-09 10:00:00,0.0
2021-01-09 10:00:00,0.0
2021-01-09 10:00:00,0.0
2021-01-09 10:00:00,0.0
2021-01-09 10:00:00,0.0
2021-01-09 10:10:00,0.0
2021-01-09 10:10:00,0.0
2021-01-09 10:10:00,0.0
2021-01-09 10:10:00,0.0
2021-01-09 10:10:00,0.0
2021-01-09 10:10:00,0.0
2021-01-09 10:20:00,0.0
2021-01-09 10:20:00,0.0
2021-01-09 10:20:00,0.0
2021-01-09 10:20:00,0.0
2021-01-09 10:20:00,0.0
2021-01-09 10:20:00,0.0
2021-01-09 10:30:00,0.0
2021-01-09 10:30:00,0.0
2021-01-09 10:30:00,0.0
2021-01-09 10:30:00,0.0
2021-01-09 10:30:00,0.0
2021-01-09 10:30:00,0.0
2021-01-09 10:40:00,0.0
2021-01-09 10:40:00,0.0
2021-01-09 10:40:00,0.0
2021-01-09 10:40:00,0.0
2021-01-09 10:40:00,0.0
2021-01-09 10:40:00,0.0
2021-01-09 10:50:00,0.0
2021-01-09 10:50:00,0.0
2021-01-09 10:50:00,0.0
2021-01-09 10:50:00,0.0
2021-01-09 10:50:00,0.0
2021-01-09 10:50:00,0.0
2021-01-09 11:00:00,0.0
2021-01-09 11:00:00,0.0
2021-01-09 11:00:00,0.0
2021-01-09 11:00:00,0.0
2021-01-09 11:00:00,0.0
2021-01-09 11:00:00,0.0
2021-01-09 11:10:00,0.0
2021-01-09 11:10:00,0.0
2021-01-09 11:10:00,0.0
2021-01-09 11:10:00,0.0
2021-01-09 11:10:00,0.0
2021-01-09 11:10:00,0.0
2021-01-09 11:20:00,0.0
2021-01-09 11:20:00,0.0
2021-01-09 11:20:00,0.0
2021-01-09 11:20:00,0.0
2021-01-09 11:20:00,0.0
2021-01-09 11:20:00,0.0
2021-01-09 11:30:00,0.0
2021-01-09 11:30:00,0.0
2021-01-09 11:30:00,0.0
2021-01-09 11:30:00,0.0
2021-01-09 11:30:00,0.0
2021-01-09 11:30:00,0.0
2021-01-09 11:40:00,0.0
2021-01-09 11:40:00,0.0
2021-01-09 11:40:00,0.0
2021-01-09 11:40:00,0.0
2021-01-09 11:40:00,0.0
2021-01-09 11:40:00,0.0
2021-01-09 11:50:00,0.0
2021-01-09 11:50:00,0.0
2021-01-09 11:50:00,0.0
2021-01-09 11:50:00,0.0
2021-01-09 11:50:00,0.0
2021-01-09 11:50:00,0.0
2021-01-09 12:00:00,0.0
2021-01-09 12:00:00,0.0
2021-01-09 12:00:00,0.0
2021-01-09 12:00:00,0.0
2021-01-09 12:00:00,0.0
2021-01-09 12:00:00,0.0
2021-01-09 12:10:00,0.0
2021-01-09 12:10:00,0.0
2021-01-09 12:10:00,0.0
2021-01-09 12:10:00,0.0
2021-01-09 12:10:00,0.0
2021-01-09 12:10:00,0.0
2021-01-09 12:20:00,0.0
2021-01-09 12:20:00,0.0
2021-01-09 12:20:00,0.0
2021-01-09 12:20:00,0.0
2021-01-09 12:20:00,0.0
2021-01-09 12:20:00,0.0
2021-01-09 12:30:00,0.0
2021-01-09 12:30:00,0.0
2021-01-09 12:30:00,0.0
2021-01-09 12:30:00,0.0
2021-01-09 12:30:00,0.0
2021-01-09 12:30:00,0.0
2021-01-09 12:40:00,0.0
2021-01-09 12:40:00,0.0
2021-01-09 12:40:00,0.0
2021-01-09 12:40:00,0.0
2021-01-09 12:40:00,0.0
2021-01-09 12:40:00,0.0
2021-01-09 12:50:00,0.0
2021-01-09 12:50:00,0.0
2021-01-09 12:50:00,0.0
2021-01-09 12:50:00,0.0
2021-01-09 12:50:00,0.0
2021-01-09 12:50:00,0.0
2021-01-09 13:00:00,0.0
2021-01-09 13:00:00,0.0
2021-01-09 13:00:00,0.0
2021-01-09 13:00:00,0.0
2021-01-09 13:00:00,0.0
2021-01-09 13:00:00,0.0
2021-01-09 13:10:00,26.35
2021-01-09 13:10:00,26.35
2021-01-09 13:10:00,26.35
2021-01-09 13:10:00,26.35
2021-01-09 13:10:00,26.35
2021-01-09 13:10:00,26.35
2021-01-09 13:20:00,89.84
2021-01-09 13:20:00,89.84
2021-01-09 13:20:00,89.84
2021-01-09 13:20:00,89.84
2021-01-09 13:20:00,89.84
2021-01-09 13:20:00,89.84
2021-01-09 13:30:00,103.61
2021-01-09 13:30:00,103.61
2021-01-09 13:30:00,103.61
2021-01-09 13:30:00,103.61
2021-01-09 13:30:00,103.61
2021-01-09 13:30:00,103.61
2021-01-09 13:40:00,100.98
2021-01-09 13:40:00,100.98
2021-01-09 13:40:00,100.98
2021-01-09 13:40:00,100.98
2021-01-09 13:40:00,100.98
2021-01-09 13:40:00,100.98
2021-01-09 13:50:00,126.56
2021-01-09 13:50:00,126.56
2021-01-09 13:50:00,126.56
2021-01-09 13:50:00,126.56
2021-01-09 13:50:00,126.56
2021-01-09 13:50:00,126.56
2021-01-09 14:00:00,163.11
2021-01-09 14:00:00,163.11
2021-01-09 14:00:00,163.11
2021-01-09 14:00:00,163.11
2021-01-09 14:00:00,163.11
2021-01-09 14:00:00,163.11
2021-01-09 14:10:00,246.5
2021-01-09 14:10:00,246.5
2021-01-09 14:10:00,246.5
2021-01-09 14:10:00,246.5
2021-01-09 14:10:00,246.5
2021-01-09 14:10:00,246.5
2021-01-09 14:20:00,233.09
2021-01-09 14:20:00,233.09
2021-01-09 14:20:00,233.09
2021-01-09 14:20:00,233.09
2021-01-09 14:20:00,233.09
2021-01-09 14:20:00,233.09
2021-01-09 14:30:00,314.71
2021-01-09 14:30:00,314.71
2021-01-09 14:30:00,314.71
2021-01-09 14:30:00,314.71
2021-01-09 14:30:00,314.71
2021-01-09 14:30:00,314.71
2021-01-09 14:40:00,443.42
2021-01-09 14:40:00,443.42
2021-01-09 14:40:00,443.42
2021-01-09 14:40:00,443.42
2021-01-09 14:40:00,443.42
2021-01-09 14:40:00,443.42
2021-01-09 14:50:00,422.51
2021-01-09 14:50:00,422.51
2021-01-09 14:50:00,422.51
2021-01-09 14:50:00,422.51
2021-01-09 14:50:00,422.51
2021-01-09 14:50:00,422.51
2021-01-09 15:00:00,533.98
2021-01-09 15:00:00,533.98
2021-01-09 15:00:00,533.98
2021-01-09 15:00:00,533.98
2021-01-09 15:00:00,533.98
2021-01-09 15:00:00,533.98
2021-01-09 15:10:00,664.92
2021-01-09 15:10:00,664.92
2021-01-09 15:10:00,664.92
2021-01-09 15:10:00,664.92
2021-01-09 15:10:00,664.92
2021-01-09 15:10:00,664.92
2021-01-09 15:20:00,803.43
2021-01-09 15:20:00,803.43
2021-01-09 15:20:00,803.43
2021-01-09 15:20:00,803.43
2021-01-09 15:20:00,803.43
2021-01-09 15:20:00,803.43
2021-01-09 15:30:00,749.61
2021-01-09 15:30:00,749.61
2021-01-09 15:30:00,749.61
2021-01-09 15:30:00,749.61
2021-01-09 15:30:00,749.61
2021-01-09 15:30:00,749.61
2021-01-09 15:40:00,725.53
2021-01-09 15:40:00,725.53
2021-01-09 15:40:00,725.53
2021-01-09 15:40:00,725.53
2021-01-09 15:40:00,725.53
2021-01-09 15:40:00,725.53
2021-01-09 15:50:00,833.54
2021-01-09 15:50:00,833.54
2021-01-09 15:50:00,833.54
2021-01-09 15:50:00,833.54
2021-01-09 15:50:00,833.54
2021-01-09 15:50:00,833.54
2021-01-09 16:00:00,641.04
2021-01-09 16:00:00,641.04
2021-01-09 16:00:00,641.04
2021-01-09 16:00:00,641.04
2021-01-09 16:00:00,641.04
2021-01-09 16:00:00,641.04
2021-01-09 16:10:00,645.78
2021-01-09 16:10:00,645.78
2021-01-09 16:10:00,645.78
2021-01-09 16:10:00,645.78
2021-01-09 16:10:00,645.78
2021-01-09 16:10:00,645.78
2021-01-09 16:20:00,825.67
2021-01-09 16:20:00,825.67
2021-01-09 16:20:00,825.67
2021-01-09 16:20:00,825.67
2021-01-09 16:20:00,825.67
2021-01-09 16:20:00,825.67
2021-01-09 16:30:00,732.74
2021-01-09 16:30:00,732.74
2021-01-09 16:30:00,732.74
2021-01-09 16:30:00,732.74
2021-01-09 16:30:00,732.74
2021-01-09 16:30:00,732.74
2021-01-09 16:40:00,655.04
2021-01-09 16:40:00,655.04
2021-01-09 16:40:00,655.04
2021-01-09 16:40:00,655.04
2021-01-09 16:40:00,655.04
2021-01-09 16:40:00,655.04
2021-01-09 16:50:00,634.26
2021-01-09 16:50:00,634.26
2021-01-09 16:50:00,634.26
2021-01-09 16:50:00,634.26
2021-01-09 16:50:00,634.26
2021-01-09 16:50:00,634.26
2021-01-09 17:00:00,619.13
2021-01-09 17:00:00,619.13
2021-01-09 17:00:00,619.13
2021-01-09 17:00:00,619.13
2021-01-09 17:00:00,619.13
2021-01-09 17:00:00,619.13
2021-01-09 17:10:00,694.74
2021-01-09 17:10:00,694.74
2021-01-09 17:10:00,694.74
2021-01-09 17:10:00,694.74
2021-01-09 17:10:00,694.74
2021-01-09 17:10:00,694.74
2021-01-09 17:20:00,611.37
2021-01-09 17:20:00,611.37
2021-01-09 17:20:00,611.37
2021-01-09 17:20:00,611.37
2021-01-09 17:20:00,611.37
2021-01-09 17:20:00,611.37
2021-01-09 17:30:00,517.37
2021-01-09 17:30:00,517.37
2021-01-09 17:30:00,517.37
2021-01-09 17:30:00,517.37
2021-01-09 17:30:00,517.37
2021-01-09 17:30:00,517.37
2021-01-09 17:40:00,461.97
2021-01-09 17:40:00,461.97
2021-01-09 17:40:00,461.97
2021-01-09 17:40:00,461.97
2021-01-09 17:40:00,461.97
2021-01-09 17:40:00,461.97
2021-01-09 17:50:00,449.81
2021-01-09 17:50:00,449.81
2021-01-09 17:50:00,449.81
2021-01-09 17:50:00,449.81
2021-01-09 17:50:00,449.81
2021-01-09 17:50:00,449.81
2021-01-09 18:00:00,609.93
2021-01-09 18:00:00,609.93
2021-01-09 18:00:00,609.93
2021-01-09 18:00:00,609.93
2021-01-09 18:00:00,609.93
2021-01-09 18:00:00,609.93
2021-01-09 18:10:00,365.19
2021-01-09 18:10:00,365.19
2021-01-09 18:10:00,365.19
2021-01-09 18:10:00,365.19
2021-01-09 18:10:00,365.19
2021-01-09 18:10:00,365.19
2021-01-09 18:20:00,302.54
2021-01-09 18:20:00,302.54
2021-01-09 18:20:00,302.54
2021-01-09 18:20:00,302.54
2021-01-09 18:20:00,302.54
2021-01-09 18:20:00,302.54
2021-01-09 18:30:00,359.82
2021-01-09 18:30:00,359.82
2021-01-09 18:30:00,359.82
2021-01-09 18:30:00,359.82
2021-01-09 18:30:00,359.82
2021-01-09 18:30:00,359.82
2021-01-09 18:40:00,425.5
2021-01-09 18:40:00,425.5
2021-01-09 18:40:00,425.5
2021-01-09 18:40:00,425.5
2021-01-09 18:40:00,425.5
2021-01-09 18:40:00,425.5
2021-01-09 18:50:00,522.15
2021-01-09 18:50:00,522.15
2021-01-09 18:50:00,522.15
2021-01-09 18:50:00,522.15
2021-01-09 18:50:00,522.15
2021-01-09 18:50:00,522.15
2021-01-09 19:00:00,355.23
2021-01-09 19:00:00,355.23
2021-01-09 19:00:00,355.23
2021-01-09 19:00:00,355.23
2021-01-09 19:00:00,355.23
2021-01-09 19:00:00,355.23
2021-01-09 19:10:00,636.01
2021-01-09 19:10:00,636.01
2021-01-09 19:10:00,636.01
2021-01-09 19:10:00,636.01
2021-01-09 19:10:00,636.01
2021-01-09 19:10:00,636.01
2021-01-09 19:20:00,788.86
2021-01-09 19:20:00,788.86
2021-01-09 19:20:00,788.86
2021-01-09 19:20:00,788.86
2021-01-09 19:20:00,788.86
2021-01-09 19:20:00,788.86
2021-01-09 19:30:00,764.73
2021-01-09 19:30:00,764.73
2021-01-09 19:30:00,764.73
2021-01-09 19:30:00,764.73
2021-01-09 19:30:00,764.73
2021-01-09 19:30:00,764.73
2021-01-09 19:40:00,963.69
2021-01-09 19:40:00,963.69
2021-01-09 19:40:00,963.69
2021-01-09 19:40:00,963.69
2021-01-09 19:40:00,963.69
2021-01-09 19:40:00,963.69
2021-01-09 19:50:00,1135.54
2021-01-09 19:50:00,1135.54
2021-01-09 19:50:00,1135.54
2021-01-09 19:50:00,1135.54
2021-01-09 19:50:00,1135.54
2021-01-09 19:50:00,1135.54
2021-01-09 20:00:00,847.46
2021-01-09 20:00:00,847.46
2021-01-09 20:00:00,847.46
2021-01-09 20:00:00,847.46
2021-01-09 20:00:00,847.46
2021-01-09 20:00:00,847.46
2021-01-09 20:10:00,742.57
2021-01-09 20:10:00,742.57
2021-01-09 20:10:00,742.57
2021-01-09 20:10:00,742.57
2021-01-09 20:10:00,742.57
2021-01-09 20:10:00,742.57
2021-01-09 20:20:00,650.81
2021-01-09 20:20:00,650.81
2021-01-09 20:20:00,650.81
2021-01-09 20:20:00,650.81
2021-01-09 20:20:00,650.81
2021-01-09 20:20:00,650.81
2021-01-09 20:30:00,708.61
2021-01-09 20:30:00,708.61
2021-01-09 20:30:00,708.61
2021-01-09 20:30:00,708.61
2021-01-09 20:30:00,708.61
2021-01-09 20:30:00,708.61
2021-01-09 20:40:00,681.66
2021-01-09 20:40:00,681.66
2021-01-09 20:40:00,681.66
2021-01-09 20:40:00,681.66
2021-01-09 20:40:00,681.66
2021-01-09 20:40:00,681.66
2021-01-09 20:50:00,555.08
2021-01-09 20:50:00,555.08
2021-01-09 20:50:00,555.08
2021-01-09 20:50:00,555.08
2021-01-09 20:50:00,555.08
2021-01-09 20:50:00,555.08
2021-01-09 21:00:00,757.76
2021-01-09 21:00:00,757.76
2021-01-09 21:00:00,757.76
2021-01-09 21:00:00,757.76
2021-01-09 21:00:00,757.76
2021-01-09 21:00:00,757.76
2021-01-09 21:10:00,816.38
2021-01-09 21:10:00,816.38
2021-01-09 21:10:00,816.38
2021-01-09 21:10:00,816.38
2021-01-09 21:10:00,816.38
2021-01-09 21:10:00,816.38
2021-01-09 21:20:00,700.09
2021-01-09 21:20:00,700.09
2021-01-09 21:20:00,700.09
2021-01-09 21:20:00,700.09
2021-01-09 21:20:00,700.09
2021-01-09 21:20:00,700.09
2021-01-09 21:30:00,468.65
2021-01-09 21:30:00,468.65
2021-01-09 21:30:00,468.65
2021-01-09 21:30:00,468.65
2021-01-09 21:30:00,468.65
2021-01-09 21:30:00,468.65
2021-01-09 21:40:00,377.85
2021-01-09 21:40:00,377.85
2021-01-09 21:40:00,377.85
2021-01-09 21:40:00,377.85
2021-01-09 21:40:00,377.85
2021-01-09 21:40:00,377.85
2021-01-09 21:50:00,471.44
2021-01-09 21:50:00,471.44
2021-01-09 21:50:00,471.44
2021-01-09 21:50:00,471.44
2021-01-09 21:50:00,471.44
2021-01-09 21:50:00,471.44
2021-01-09 22:00:00,544.23
2021-01-09 22:00:00,544.23
2021-01-09 22:00:00,544.23
2021-01-09 22:00:00,544.23
2021-01-09 22:00:00,544.23
2021-01-09 22:00:00,544.23
2021-01-09 22:10:00,369.55
2021-01-09 22:10:00,369.55
2021-01-09 22:10:00,369.55
2021-01-09 22:10:00,369.55
2021-01-09 22:10:00,369.55
2021-01-09 22:10:00,369.55
2021-01-09 22:20:00,462.96
2021-01-09 22:20:00,462.96
2021-01-09 22:20:00,462.96
2021-01-09 22:20:00,462.96
2021-01-09 22:20:00,462.96
2021-01-09 22:20:00,462.96
2021-01-09 22:30:00,728.95
2021-01-09 22:30:00,728.95
2021-01-09 22:30:00,728.95
2021-01-09 22:30:00,728.95
2021-01-09 22:30:00,728.95
2021-01-09 22:30:00,728.95
2021-01-09 22:40:00,719.91
2021-01-09 22:40:00,719.91
2021-01-09 22:40:00,719.91
2021-01-09 22:40:00,719.91
2021-01-09 22:40:00,719.91
2021-01-09 22:40:00,719.91
2021-01-09 22:50:00,641.35
2021-01-09 22:50:00,641.35
2021-01-09 22:50:00,641.35
2021-01-09 22:50:00,641.35
2021-01-09 22:50:00,641.35
2021-01-09 22:50:00,641.35
2021-01-09 23:00:00,502.05
2021-01-09 23:00:00,502.05
2021-01-09 23:00:00,502.05
2021-01-09 23:00:00,502.05
2021-01-09 23:00:00,502.05
2021-01-09 23:00:00,502.05
2021-01-09 23:10:00,426.04
2021-01-09 23:10:00,426.04
2021-01-09 23:10:00,426.04
2021-01-09 23:10:00,426.04
2021-01-09 23:10:00,426.04
2021-01-09 23:10:00,426.04
2021-01-09 23:20:00,375.85
2021-01-09 23:20:00,375.85
2021-01-09 23:20:00,375.85
2021-01-09 23:20:00,375.85
2021-01-09 23:20:00,375.85
2021-01-09 23:20:00,375.85
2021-01-09 23:30:00,389.94
2021-01-09 23:30:00,389.94
2021-01-09 23:30:00,389.94
2021-01-09 23:30:00,389.94
2021-01-09 23:30:00,389.94
2021-01-09 23:30:00,389.94
2021-01-09 23:40:00,361.03
2021-01-09 23:40:00,361.03
2021-01-09 23:40:00,361.03
2021-01-09 23:40:00,361.03
2021-01-09 23:40:00,361.03
2021-01-09 23:40:00,361.03
2021-01-09 23:50:00,379.46
2021-01-09 23:50:00,379.46
2021-01-09 23:50:00,379.46
2021-01-09 23:50:00,379.46
2021-01-09 23:50:00,379.46
2021-01-09 23:50:00,379.46
2021-01-10 00:00:00,480.26
2021-01-10 00:00:00,480.26
2021-01-10 00:00:00,480.26
2021-01-10 00:00:00,480.26
2021-01-10 00:00:00,480.26
2021-01-10 00:00:00,480.26
2021-01-10 00:10:00,570.11
2021-01-10 00:10:00,570.11
2021-01-10 00:10:00,570.11
2021-01-10 00:10:00,570.11
2021-01-10 00:10:00,570.11
2021-01-10 00:10:00,570.11
2021-01-10 00:20:00,557.98
2021-01-10 00:20:00,557.98
2021-01-10 00:20:00,557.98
2021-01-10 00:20:00,557.98
2021-01-10 00:20:00,557.98
2021-01-10 00:20:00,557.98
2021-01-10 00:30:00,408.36
2021-01-10 00:30:00,408.36
2021-01-10 00:30:00,408.36
2021-01-10 00:30:00,408.36
2021-01-10 00:30:00,408.36
2021-01-10 00:30:00,408.36
2021-01-10 00:40:00,389.04
2021-01-10 00:40:00,389.04
2021-01-10 00:40:00,389.04
2021-01-10 00:40:00,389.04
2021-01-10 00:40:00,389.04
2021-01-10 00:40:00,389.04
2021-01-10 00:50:00,408.88
2021-01-10 00:50:00,408.88
2021-01-10 00:50:00,408.88
2021-01-10 00:50:00,408.88
2021-01-10 00:50:00,408.88
2021-01-10 00:50:00,408.88
2021-01-10 01:00:00,340.8
2021-01-10 01:00:00,340.8
2021-01-10 01:00:00,340.8
2021-01-10 01:00:00,340.8
2021-01-10 01:00:00,340.8
2021-01-10 01:00:00,340.8
2021-01-10 01:10:00,365.26
2021-01-10 01:10:00,365.26
2021-01-10 01:10:00,365.26
2021-01-10 01:10:00,365.26
2021-01-10 01:10:00,365.26
2021-01-10 01:10:00,365.26
2021-01-10 01:20:00,274.24
2021-01-10 01:20:00,274.24
2021-01-10 01:20:00,274.24
2021-01-10 01:20:00,274.24
2021-01-10 01:20:00,274.24
2021-01-10 01:20:00,274.24
2021-01-10 01:30:00,393.12
2021-01-10 01:30:00,393.12
2021-01-10 01:30:00,393.12
2021-01-10 01:30:00,393.12
2021-01-10 01:30:00,393.12
2021-01-10 01:30:00,393.12
2021-01-10 01:40:00,565.34
2021-01-10 01:40:00,565.34
2021-01-10 01:40:00,565.34
2021-01-10 01:40:00,565.34
2021-01-10 01:40:00,565.34
2021-01-10 01:40:00,565.34
2021-01-10 01:50:00,494.17
2021-01-10 01:50:00,494.17
2021-01-10 01:50:00,494.17
2021-01-10 01:50:00,494.17
2021-01-10 01:50:00,494.17
2021-01-10 01:50:00,494.17
2021-01-10 02:00:00,350.67
2021-01-10 02:00:00,350.67
2021-01-10 02:00:00,350.67
2021-01-10 02:00:00,350.67
2021-01-10 02:00:00,350.67
2021-01-10 02:00:00,350.67
2021-01-10 02:10:00,308.27
2021-01-10 02:10:00,308.27
2021-01-10 02:10:00,308.27
2021-01-10 02:10:00,308.27
2021-01-10 02:10:00,308.27
2021-01-10 02:10:00,308.27
2021-01-10 02:20:00,306.13
2021-01-10 02:20:00,306.13
2021-01-10 02:20:00,306.13
2021-01-10 02:20:00,306.13
2021-01-10 02:20:00,306.13
2021-01-10 02:20:00,306.13
2021-01-10 02:30:00,387.49
2021-01-10 02:30:00,387.49
2021-01-10 02:30:00,387.49
2021-01-10 02:30:00,387.49
2021-01-10 02:30:00,387.49
2021-01-10 02:30:00,387.49
2021-01-10 02:40:00,638.73
2021-01-10 02:40:00,638.73
2021-01-10 02:40:00,638.73
2021-01-10 02:40:00,638.73
2021-01-10 02:40:00,638.73
2021-01-10 02:40:00,638.73
2021-01-10 02:50:00,620.51
2021-01-10 02:50:00,620.51
2021-01-10 02:50:00,620.51
2021-01-10 02:50:00,620.51
2021-01-10 02:50:00,620.51
2021-01-10 02:50:00,620.51
2021-01-10 03:00:00,558.32
2021-01-10 03:00:00,558.32
2021-01-10 03:00:00,558.32
2021-01-10 03:00:00,558.32
2021-01-10 03:00:00,558.32
2021-01-10 03:00:00,558.32
2021-01-10 03:10:00,464.04
2021-01-10 03:10:00,464.04
2021-01-10 03:10:00,464.04
2021-01-10 03:10:00,464.04
2021-01-10 03:10:00,464.04
2021-01-10 03:10:00,464.04
2021-01-10 03:20:00,645.66
2021-01-10 03:20:00,645.66
2021-01-10 03:20:00,645.66
2021-01-10 03:20:00,645.66
2021-01-10 03:20:00,645.66
2021-01-10 03:20:00,645.66
2021-01-10 03:30:00,689.35
2021-01-10 03:30:00,689.35
2021-01-10 03:30:00,689.35
2021-01-10 03:30:00,689.35
2021-01-10 03:30:00,689.35
2021-01-10 03:30:00,689.35
2021-01-10 03:40:00,521.16
2021-01-10 03:40:00,521.16
2021-01-10 03:40:00,521.16
2021-01-10 03:40:00,521.16
2021-01-10 03:40:00,521.16
2021-01-10 03:40:00,521.16
2021-01-10 03:50:00,615.55
2021-01-10 03:50:00,615.55
2021-01-10 03:50:00,615.55
2021-01-10 03:50:00,615.55
2021-01-10 03:50:00,615.55
2021-01-10 03:50:00,615.55
2021-01-10 04:00:00,775.98
2021-01-10 04:00:00,775.98
2021-01-10 04:00:00,775.98
2021-01-10 04:00:00,775.98
2021-01-10 04:00:00,775.98
2021-01-10 04:00:00,775.98
2021-01-10 04:10:00,726.54
2021-01-10 04:10:00,726.54
2021-01-10 04:10:00,726.54
2021-01-10 04:10:00,726.54
2021-01-10 04:10:00,726.54
2021-01-10 04:10:00,726.54
2021-01-10 04:20:00,705.1
2021-01-10 04:20:00,705.1
2021-01-10 04:20:00,705.1
2021-01-10 04:20:00,705.1
2021-01-10 04:20:00,705.1
2021-01-10 04:20:00,705.1
2021-01-10 04:30:00,657.27
2021-01-10 04:30:00,657.27
2021-01-10 04:30:00,657.27
2021-01-10 04:30:00,657.27
2021-01-10 04:30:00,657.27
2021-01-10 04:30:00,657.27
2021-01-10 04:40:00,599.91
2021-01-10 04:40:00,599.91
2021-01-10 04:40:00,599.91
2021-01-10 04:40:00,599.91
2021-01-10 04:40:00,599.91
2021-01-10 04:40:00,599.91
2021-01-10 04:50:00,527.58
2021-01-10 04:50:00,527.58
2021-01-10 04:50:00,527.58
2021-01-10 04:50:00,527.58
2021-01-10 04:50:00,527.58
2021-01-10 04:50:00,527.58
2021-01-10 05:00:00,562.6
2021-01-10 05:00:00,562.6
2021-01-10 05:00:00,562.6
2021-01-10 05:00:00,562.6
2021-01-10 05:00:00,562.6
2021-01-10 05:00:00,562.6
2021-01-10 05:10:00,555.36
2021-01-10 05:10:00,555.36
2021-01-10 05:10:00,555.36
2021-01-10 05:10:00,555.36
2021-01-10 05:10:00,555.36
2021-01-10 05:10:00,555.36
2021-01-10 05:20:00,640.84
2021-01-10 05:20:00,640.84
2021-01-10 05:20:00,640.84
2021-01-10 05:20:00,640.84
2021-01-10 05:20:00,640.84
2021-01-10 05:20:00,640.84
2021-01-10 05:30:00,797.6
2021-01-10 05:30:00,797.6
2021-01-10 05:30:00,797.6
2021-01-10 05:30:00,797.6
2021-01-10 05:30:00,797.6
2021-01-10 05:30:00,797.6
2021-01-10 05:40:00,943.69
2021-01-10 05:40:00,943.69
2021-01-10 05:40:00,943.69
2021-01-10 05:40:00,943.69
2021-01-10 05:40:00,943.69
2021-01-10 05:40:00,943.69
2021-01-10 05:50:00,850.17
2021-01-10 05:50:00,850.17
2021-01-10 05:50:00,850.17
2021-01-10 05:50:00,850.17
2021-01-10 05:50:00,850.17
2021-01-10 05:50:00,850.17
2021-01-10 06:00:00,787.98
2021-01-10 06:00:00,787.98
2021-01-10 06:00:00,787.98
2021-01-10 06:00:00,787.98
2021-01-10 06:00:00,787.98
2021-01-10 06:00:00,787.98
2021-01-10 06:10:00,752.54
2021-01-10 06:10:00,752.54
2021-01-10 06:10:00,752.54
2021-01-10 06:10:00,752.54
2021-01-10 06:10:00,752.54
2021-01-10 06:10:00,752.54
2021-01-10 06:20:00,766.99
2021-01-10 06:20:00,766.99
2021-01-10 06:20:00,766.99
2021-01-10 06:20:00,766.99
2021-01-10 06:20:00,766.99
2021-01-10 06:20:00,766.99
2021-01-10 06:30:00,909.15
2021-01-10 06:30:00,909.15
2021-01-10 06:30:00,909.15
2021-01-10 06:30:00,909.15
2021-01-10 06:30:00,909.15
2021-01-10 06:30:00,909.15
2021-01-10 06:40:00,935.62
2021-01-10 06:40:00,935.62
2021-01-10 06:40:00,935.62
2021-01-10 06:40:00,935.62
2021-01-10 06:40:00,935.62
2021-01-10 06:40:00,935.62
2021-01-10 06:50:00,1147.96
2021-01-10 06:50:00,1147.96
2021-01-10 06:50:00,1147.96
2021-01-10 06:50:00,1147.96
2021-01-10 06:50:00,1147.96
2021-01-10 06:50:00,1147.96
2021-01-10 07:00:00,1251.1
2021-01-10 07:00:00,1251.1
2021-01-10 07:00:00,1251.1
2021-01-10 07:00:00,1251.1
2021-01-10 07:00:00,1251.1
2021-01-10 07:00:00,1251.1
2021-01-10 07:10:00,1199.94
2021-01-10 07:10:00,1199.94
2021-01-10 07:10:00,1199.94
2021-01-10 07:10:00,1199.94
2021-01-10 07:10:00,1199.94
2021-01-10 07:10:00,1199.94
2021-01-10 07:20:00,1263.73
2021-01-10 07:20:00,1263.73
2021-01-10 07:20:00,1263.73
2021-01-10 07:20:00,1263.73
2021-01-10 07:20:00,1263.73
2021-01-10 07:20:00,1263.73
2021-01-10 07:30:00,1200.085
2021-01-10 07:30:00,1200.085
2021-01-10 07:30:00,1200.085
2021-01-10 07:30:00,1200.085
2021-01-10 07:30:00,1200.085
2021-01-10 07:30:00,1200.085
2021-01-10 07:40:00,1136.44
2021-01-10 07:40:00,1136.44
2021-01-10 07:40:00,1136.44
2021-01-10 07:40:00,1136.44
2021-01-10 07:40:00,1136.44
2021-01-10 07:40:00,1136.44
2021-01-10 07:50:00,1119.66
2021-01-10 07:50:00,1119.66
2021-01-10 07:50:00,1119.66
2021-01-10 07:50:00,1119.66
2021-01-10 07:50:00,1119.66
2021-01-10 07:50:00,1119.66
2021-01-10 08:00:00,1054.38
2021-01-10 08:00:00,1054.38
2021-01-10 08:00:00,1054.38
2021-01-10 08:00:00,1054.38
2021-01-10 08:00:00,1054.38
2021-01-10 08:00:00,1054.38
2021-01-10 08:10:00,1095.63
2021-01-10 08:10:00,1095.63
2021-01-10 08:10:00,1095.63
2021-01-10 08:10:00,1095.63
2021-01-10 08:10:00,1095.63
2021-01-10 08:10:00,1095.63
2021-01-10 08:20:00,905.36
2021-01-10 08:20:00,905.36
2021-01-10 08:20:00,905.36
2021-01-10 08:20:00,905.36
2021-01-10 08:20:00,905.36
2021-01-10 08:20:00,905.36
2021-01-10 08:30:00,869.53
2021-01-10 08:30:00,869.53
2021-01-10 08:30:00,869.53
2021-01-10 08:30:00,869.53
2021-01-10 08:30:00,869.53
2021-01-10 08:30:00,869.53
2021-01-10 08:40:00,984.33
2021-01-10 08:40:00,984.33
2021-01-10 08:40:00,984.33
2021-01-10 08:40:00,984.33
2021-01-10 08:40:00,984.33
2021-01-10 08:40:00,984.33
2021-01-10 08:50:00,1171.15
2021-01-10 08:50:00,1171.15
2021-01-10 08:50:00,1171.15
2021-01-10 08:50:00,1171.15
2021-01-10 08:50:00,1171.15
2021-01-10 08:50:00,1171.15
2021-01-10 09:00:00,1137.395
2021-01-10 09:00:00,1137.395
2021-01-10 09:00:00,1137.395
2021-01-10 09:00:00,1137.395
2021-01-10 09:00:00,1137.395
2021-01-10 09:00:00,1137.395
2021-01-10 09:10:00,1103.64
2021-01-10 09:10:00,1103.64
2021-01-10 09:10:00,1103.64
2021-01-10 09:10:00,1103.64
2021-01-10 09:10:00,1103.64
2021-01-10 09:10:00,1103.64
2021-01-10 09:20:00,1069.885
2021-01-10 09:20:00,1069.885
2021-01-10 09:20:00,1069.885
2021-01-10 09:20:00,1069.885
2021-01-10 09:20:00,1069.885
2021-01-10 09:20:00,1069.885
2021-01-10 09:30:00,1036.13
2021-01-10 09:30:00,1036.13
2021-01-10 09:30:00,1036.13
2021-01-10 09:30:00,1036.13
2021-01-10 09:30:00,1036.13
2021-01-10 09:30:00,1036.13
2021-01-10 09:40:00,1175.53
2021-01-10 09:40:00,1175.53
2021-01-10 09:40:00,1175.53
2021-01-10 09:40:00,1175.53
2021-01-10 09:40:00,1175.53
2021-01-10 09:40:00,1175.53
2021-01-10 09:50:00,1179.1017
2021-01-10 09:50:00,1179.1017
2021-01-10 09:50:00,1179.1017
2021-01-10 09:50:00,1179.1017
2021-01-10 09:50:00,1179.1017
2021-01-10 09:50:00,1179.1017
2021-01-10 10:00:00,1182.6732
2021-01-10 10:00:00,1182.6732
2021-01-10 10:00:00,1182.6732
2021-01-10 10:00:00,1182.6732
2021-01-10 10:00:00,1182.6732
2021-01-10 10:00:00,1182.6732
2021-01-10 10:10:00,1186.2449
2021-01-10 10:10:00,1186.2449
2021-01-10 10:10:00,1186.2449
2021-01-10 10:10:00,1186.2449
2021-01-10 10:10:00,1186.2449
2021-01-10 10:10:00,1186.2449
2021-01-10 10:20:00,1189.8164
2021-01-10 10:20:00,1189.8164
2021-01-10 10:20:00,1189.8164
2021-01-10 10:20:00,1189.8164
2021-01-10 10:20:00,1189.8164
2021-01-10 10:20:00,1189.8164
2021-01-10 10:30:00,1193.3881
2021-01-10 10:30:00,1193.3881
2021-01-10 10:30:00,1193.3881
2021-01-10 10:30:00,1193.3881
2021-01-10 10:30:00,1193.3881
2021-01-10 10:30:00,1193.3881
2021-01-10 10:40:00,1196.9596
2021-01-10 10:40:00,1196.9596
2021-01-10 10:40:00,1196.9596
2021-01-10 10:40:00,1196.9596
2021-01-10 10:40:00,1196.9596
2021-01-10 10:40:00,1196.9596
2021-01-10 10:50:00,1200.5312
2021-01-10 10:50:00,1200.5312
2021-01-10 10:50:00,1200.5312
2021-01-10 10:50:00,1200.5312
2021-01-10 10:50:00,1200.5312
2021-01-10 10:50:00,1200.5312
2021-01-10 11:00:00,1204.1028
2021-01-10 11:00:00,1204.1028
2021-01-10 11:00:00,1204.1028
2021-01-10 11:00:00,1204.1028
2021-01-10 11:00:00,1204.1028
2021-01-10 11:00:00,1204.1028
2021-01-10 11:10:00,1207.6744
2021-01-10 11:10:00,1207.6744
2021-01-10 11:10:00,1207.6744
2021-01-10 11:10:00,1207.6744
2021-01-10 11:10:00,1207.6744
2021-01-10 11:10:00,1207.6744
2021-01-10 11:20:00,1211.246
2021-01-10 11:20:00,1211.246
2021-01-10 11:20:00,1211.246
2021-01-10 11:20:00,1211.246
2021-01-10 11:20:00,1211.246
2021-01-10 11:20:00,1211.246
2021-01-10 11:30:00,1214.8176
2021-01-10 11:30:00,1214.8176
2021-01-10 11:30:00,1214.8176
2021-01-10 11:30:00,1214.8176
2021-01-10 11:30:00,1214.8176
2021-01-10 11:30:00,1214.8176
2021-01-10 11:40:00,1218.3892
2021-01-10 11:40:00,1218.3892
2021-01-10 11:40:00,1218.3892
2021-01-10 11:40:00,1218.3892
2021-01-10 11:40:00,1218.3892
2021-01-10 11:40:00,1218.3892
2021-01-10 11:50:00,1221.9608
2021-01-10 11:50:00,1221.9608
2021-01-10 11:50:00,1221.9608
2021-01-10 11:50:00,1221.9608
2021-01-10 11:50:00,1221.9608
2021-01-10 11:50:00,1221.9608
2021-01-10 12:00:00,1225.5323
2021-01-10 12:00:00,1225.5323
2021-01-10 12:00:00,1225.5323
2021-01-10 12:00:00,1225.5323
2021-01-10 12:00:00,1225.5323
2021-01-10 12:00:00,1225.5323
2021-01-10 12:10:00,1229.104
2021-01-10 12:10:00,1229.104
2021-01-10 12:10:00,1229.104
2021-01-10 12:10:00,1229.104
2021-01-10 12:10:00,1229.104
2021-01-10 12:10:00,1229.104
2021-01-10 12:20:00,1232.6755
2021-01-10 12:20:00,1232.6755
2021-01-10 12:20:00,1232.6755
2021-01-10 12:20:00,1232.6755
2021-01-10 12:20:00,1232.6755
2021-01-10 12:20:00,1232.6755
2021-01-10 12:30:00,1236.2472
2021-01-10 12:30:00,1236.2472
2021-01-10 12:30:00,1236.2472
2021-01-10 12:30:00,1236.2472
2021-01-10 12:30:00,1236.2472
2021-01-10 12:30:00,1236.2472
2021-01-10 12:40:00,1239.8187
2021-01-10 12:40:00,1239.8187
2021-01-10 12:40:00,1239.8187
2021-01-10 12:40:00,1239.8187
2021-01-10 12:40:00,1239.8187
2021-01-10 12:40:00,1239.8187
2021-01-10 12:50:00,1243.3904
2021-01-10 12:50:00,1243.3904
2021-01-10 12:50:00,1243.3904
2021-01-10 12:50:00,1243.3904
2021-01-10 12:50:00,1243.3904
2021-01-10 12:50:00,1243.3904
2021-01-10 13:00:00,1246.9619
2021-01-10 13:00:00,1246.9619
2021-01-10 13:00:00,1246.9619
2021-01-10 13:00:00,1246.9619
2021-01-10 13:00:00,1246.9619
2021-01-10 13:00:00,1246.9619
2021-01-10 13:10:00,1250.5336
2021-01-10 13:10:00,1250.5336
2021-01-10 13:10:00,1250.5336
2021-01-10 13:10:00,1250.5336
2021-01-10 13:10:00,1250.5336
2021-01-10 13:10:00,1250.5336
2021-01-10 13:20:00,1254.1051
2021-01-10 13:20:00,1254.1051
2021-01-10 13:20:00,1254.1051
2021-01-10 13:20:00,1254.1051
2021-01-10 13:20:00,1254.1051
2021-01-10 13:20:00,1254.1051
2021-01-10 13:30:00,1257.6768
2021-01-10 13:30:00,1257.6768
2021-01-10 13:30:00,1257.6768
2021-01-10 13:30:00,1257.6768
2021-01-10 13:30:00,1257.6768
2021-01-10 13:30:00,1257.6768
2021-01-10 13:40:00,1261.2483
2021-01-10 13:40:00,1261.2483
2021-01-10 13:40:00,1261.2483
2021-01-10 13:40:00,1261.2483
2021-01-10 13:40:00,1261.2483
2021-01-10 13:40:00,1261.2483
2021-01-10 13:50:00,1264.82
2021-01-10 13:50:00,1264.82
2021-01-10 13:50:00,1264.82
2021-01-10 13:50:00,1264.82
2021-01-10 13:50:00,1264.82
2021-01-10 13:50:00,1264.82
2021-01-10 14:00:00,1136.36
2021-01-10 14:00:00,1136.36
2021-01-10 14:00:00,1136.36
2021-01-10 14:00:00,1136.36
2021-01-10 14:00:00,1136.36
2021-01-10 14:00:00,1136.36
2021-01-10 14:10:00,1136.104
2021-01-10 14:10:00,1136.104
2021-01-10 14:10:00,1136.104
2021-01-10 14:10:00,1136.104
2021-01-10 14:10:00,1136.104
2021-01-10 14:10:00,1136.104
2021-01-10 14:20:00,1135.8481
2021-01-10 14:20:00,1135.8481
2021-01-10 14:20:00,1135.8481
2021-01-10 14:20:00,1135.8481
2021-01-10 14:20:00,1135.8481
2021-01-10 14:20:00,1135.8481
2021-01-10 14:30:00,1135.5922
2021-01-10 14:30:00,1135.5922
2021-01-10 14:30:00,1135.5922
2021-01-10 14:30:00,1135.5922
2021-01-10 14:30:00,1135.5922
2021-01-10 14:30:00,1135.5922
2021-01-10 14:40:00,1135.3362
2021-01-10 14:40:00,1135.3362
2021-01-10 14:40:00,1135.3362
2021-01-10 14:40:00,1135.3362
2021-01-10 14:40:00,1135.3362
2021-01-10 14:40:00,1135.3362
2021-01-10 14:50:00,1135.0803
2021-01-10 14:50:00,1135.0803
2021-01-10 14:50:00,1135.0803
2021-01-10 14:50:00,1135.0803
2021-01-10 14:50:00,1135.0803
2021-01-10 14:50:00,1135.0803
2021-01-10 15:00:00,1134.8243
2021-01-10 15:00:00,1134.8243
2021-01-10 15:00:00,1134.8243
2021-01-10 15:00:00,1134.8243
2021-01-10 15:00:00,1134.8243
2021-01-10 15:00:00,1134.8243
2021-01-10 15:10:00,1134.5685
2021-01-10 15:10:00,1134.5685
2021-01-10 15:10:00,1134.5685
2021-01-10 15:10:00,1134.5685
2021-01-10 15:10:00,1134.5685
2021-01-10 15:10:00,1134.5685
2021-01-10 15:20:00,1134.3125
2021-01-10 15:20:00,1134.3125
2021-01-10 15:20:00,1134.3125
2021-01-10 15:20:00,1134.3125
2021-01-10 15:20:00,1134.3125
2021-01-10 15:20:00,1134.3125
2021-01-10 15:30:00,1134.0565
2021-01-10 15:30:00,1134.0565
2021-01-10 15:30:00,1134.0565
2021-01-10 15:30:00,1134.0565
2021-01-10 15:30:00,1134.0565
2021-01-10 15:30:00,1134.0565
2021-01-10 15:40:00,1133.8007
2021-01-10 15:40:00,1133.8007
2021-01-10 15:40:00,1133.8007
2021-01-10 15:40:00,1133.8007
2021-01-10 15:40:00,1133.8007
2021-01-10 15:40:00,1133.8007
2021-01-10 15:50:00,1133.5447
2021-01-10 15:50:00,1133.5447
2021-01-10 15:50:00,1133.5447
2021-01-10 15:50:00,1133.5447
2021-01-10 15:50:00,1133.5447
2021-01-10 15:50:00,1133.5447
2021-01-10 16:00:00,1133.2888
2021-01-10 16:00:00,1133.2888
2021-01-10 16:00:00,1133.2888
2021-01-10 16:00:00,1133.2888
2021-01-10 16:00:00,1133.2888
2021-01-10 16:00:00,1133.2888
2021-01-10 16:10:00,1133.0328
2021-01-10 16:10:00,1133.0328
2021-01-10 16:10:00,1133.0328
2021-01-10 16:10:00,1133.0328
2021-01-10 16:10:00,1133.0328
2021-01-10 16:10:00,1133.0328
2021-01-10 16:20:00,1132.7769
2021-01-10 16:20:00,1132.7769
2021-01-10 16:20:00,1132.7769
2021-01-10 16:20:00,1132.7769
2021-01-10 16:20:00,1132.7769
2021-01-10 16:20:00,1132.7769
2021-01-10 16:30:00,1132.521
2021-01-10 16:30:00,1132.521
2021-01-10 16:30:00,1132.521
2021-01-10 16:30:00,1132.521
2021-01-10 16:30:00,1132.521
2021-01-10 16:30:00,1132.521
2021-01-10 16:40:00,1132.265
2021-01-10 16:40:00,1132.265
2021-01-10 16:40:00,1132.265
2021-01-10 16:40:00,1132.265
2021-01-10 16:40:00,1132.265
2021-01-10 16:40:00,1132.265
2021-01-10 16:50:00,1132.009
2021-01-10 16:50:00,1132.009
2021-01-10 16:50:00,1132.009
2021-01-10 16:50:00,1132.009
2021-01-10 16:50:00,1132.009
2021-01-10 16:50:00,1132.009
2021-01-10 17:00:00,1131.7532
2021-01-10 17:00:00,1131.7532
2021-01-10 17:00:00,1131.7532
2021-01-10 17:00:00,1131.7532
2021-01-10 17:00:00,1131.7532
2021-01-10 17:00:00,1131.7532
2021-01-10 17:10:00,1131.4972
2021-01-10 17:10:00,1131.4972
2021-01-10 17:10:00,1131.4972
2021-01-10 17:10:00,1131.4972
2021-01-10 17:10:00,1131.4972
2021-01-10 17:10:00,1131.4972
2021-01-10 17:20:00,1131.2412
2021-01-10 17:20:00,1131.2412
2021-01-10 17:20:00,1131.2412
2021-01-10 17:20:00,1131.2412
2021-01-10 17:20:00,1131.2412
2021-01-10 17:20:00,1131.2412
2021-01-10 17:30:00,1130.9854
2021-01-10 17:30:00,1130.9854
2021-01-10 17:30:00,1130.9854
2021-01-10 17:30:00,1130.9854
2021-01-10 17:30:00,1130.9854
2021-01-10 17:30:00,1130.9854
2021-01-10 17:40:00,1130.7294
2021-01-10 17:40:00,1130.7294
2021-01-10 17:40:00,1130.7294
2021-01-10 17:40:00,1130.7294
2021-01-10 17:40:00,1130.7294
2021-01-10 17:40:00,1130.7294
2021-01-10 17:50:00,1130.4735
2021-01-10 17:50:00,1130.4735
2021-01-10 17:50:00,1130.4735
2021-01-10 17:50:00,1130.4735
2021-01-10 17:50:00,1130.4735
2021-01-10 17:50:00,1130.4735
2021-01-10 18:00:00,1130.2175
2021-01-10 18:00:00,1130.2175
2021-01-10 18:00:00,1130.2175
2021-01-10 18:00:00,1130.2175
2021-01-10 18:00:00,1130.2175
2021-01-10 18:00:00,1130.2175
2021-01-10 18:10:00,1129.9615
2021-01-10 18:10:00,1129.9615
2021-01-10 18:10:00,1129.9615
2021-01-10 18:10:00,1129.9615
2021-01-10 18:10:00,1129.9615
2021-01-10 18:10:00,1129.9615
2021-01-10 18:20:00,1129.7057
2021-01-10 18:20:00,1129.7057
2021-01-10 18:20:00,1129.7057
2021-01-10 18:20:00,1129.7057
2021-01-10 18:20:00,1129.7057
2021-01-10 18:20:00,1129.7057
2021-01-10 18:30:00,1129.4497
2021-01-10 18:30:00,1129.4497
2021-01-10 18:30:00,1129.4497
2021-01-10 18:30:00,1129.4497
2021-01-10 18:30:00,1129.4497
2021-01-10 18:30:00,1129.4497
2021-01-10 18:40:00,1129.1938
2021-01-10 18:40:00,1129.1938
2021-01-10 18:40:00,1129.1938
2021-01-10 18:40:00,1129.1938
2021-01-10 18:40:00,1129.1938
2021-01-10 18:40:00,1129.1938
2021-01-10 18:50:00,1128.9379
2021-01-10 18:50:00,1128.9379
2021-01-10 18:50:00,1128.9379
2021-01-10 18:50:00,1128.9379
2021-01-10 18:50:00,1128.9379
2021-01-10 18:50:00,1128.9379
2021-01-10 19:00:00,1128.6819
2021-01-10 19:00:00,1128.6819
2021-01-10 19:00:00,1128.6819
2021-01-10 19:00:00,1128.6819
2021-01-10 19:00:00,1128.6819
2021-01-10 19:00:00,1128.6819
2021-01-10 19:10:00,1128.426
2021-01-10 19:10:00,1128.426
2021-01-10 19:10:00,1128.426
2021-01-10 19:10:00,1128.426
2021-01-10 19:10:00,1128.426
2021-01-10 19:10:00,1128.426
2021-01-10 19:20:00,1128.17
2021-01-10 19:20:00,1128.17
2021-01-10 19:20:00,1128.17
2021-01-10 19:20:00,1128.17
2021-01-10 19:20:00,1128.17
2021-01-10 19:20:00,1128.17
2021-01-10 19:30:00,1021.24
2021-01-10 19:30:00,1021.24
2021-01-10 19:30:00,1021.24
2021-01-10 19:30:00,1021.24
2021-01-10 19:30:00,1021.24
2021-01-10 19:30:00,1021.24
2021-01-10 19:40:00,689.15
2021-01-10 19:40:00,689.15
2021-01-10 19:40:00,689.15
2021-01-10 19:40:00,689.15
2021-01-10 19:40:00,689.15
2021-01-10 19:40:00,689.15
2021-01-10 19:50:00,822.51
2021-01-10 19:50:00,822.51
2021-01-10 19:50:00,822.51
2021-01-10 19:50:00,822.51
2021-01-10 19:50:00,822.51
2021-01-10 19:50:00,822.51
2021-01-10 20:00:00,919.81
2021-01-10 20:00:00,919.81
2021-01-10 20:00:00,919.81
2021-01-10 20:00:00,919.81
2021-01-10 20:00:00,919.81
2021-01-10 20:00:00,919.81
2021-01-10 20:10:00,755.68
2021-01-10 20:10:00,755.68
2021-01-10 20:10:00,755.68
2021-01-10 20:10:00,755.68
2021-01-10 20:10:00,755.68
2021-01-10 20:10:00,755.68
2021-01-10 20:20:00,695.36
2021-01-10 20:20:00,695.36
2021-01-10 20:20:00,695.36
2021-01-10 20:20:00,695.36
2021-01-10 20:20:00,695.36
2021-01-10 20:20:00,695.36
2021-01-10 20:30:00,579.28
2021-01-10 20:30:00,579.28
2021-01-10 20:30:00,579.28
2021-01-10 20:30:00,579.28
2021-01-10 20:30:00,579.28
2021-01-10 20:30:00,579.28
2021-01-10 20:40:00,445.6
2021-01-10 20:40:00,445.6
2021-01-10 20:40:00,445.6
2021-01-10 20:40:00,445.6
2021-01-10 20:40:00,445.6
2021-01-10 20:40:00,445.6
2021-01-10 20:50:00,395.91
2021-01-10 20:50:00,395.91
2021-01-10 20:50:00,395.91
2021-01-10 20:50:00,395.91
2021-01-10 20:50:00,395.91
2021-01-10 20:50:00,395.91
2021-01-10 21:00:00,322.05
2021-01-10 21:00:00,322.05
2021-01-10 21:00:00,322.05
2021-01-10 21:00:00,322.05
2021-01-10 21:00:00,322.05
2021-01-10 21:00:00,322.05
2021-01-10 21:10:00,271.98
2021-01-10 21:10:00,271.98
2021-01-10 21:10:00,271.98
2021-01-10 21:10:00,271.98
2021-01-10 21:10:00,271.98
2021-01-10 21:10:00,271.98
2021-01-10 21:20:00,218.54
2021-01-10 21:20:00,218.54
2021-01-10 21:20:00,218.54
2021-01-10 21:20:00,218.54
2021-01-10 21:20:00,218.54
2021-01-10 21:20:00,218.54
2021-01-10 21:30:00,221.98
2021-01-10 21:30:00,221.98
2021-01-10 21:30:00,221.98
2021-01-10 21:30:00,221.98
2021-01-10 21:30:00,221.98
2021-01-10 21:30:00,221.98
2021-01-10 21:40:00,250.43
2021-01-10 21:40:00,250.43
2021-01-10 21:40:00,250.43
2021-01-10 21:40:00,250.43
2021-01-10 21:40:00,250.43
2021-01-10 21:40:00,250.43
2021-01-10 21:50:00,141.31
2021-01-10 21:50:00,141.31
2021-01-10 21:50:00,141.31
2021-01-10 21:50:00,141.31
2021-01-10 21:50:00,141.31
2021-01-10 21:50:00,141.31
2021-01-10 22:00:00,157.28
2021-01-10 22:00:00,157.28
2021-01-10 22:00:00,157.28
2021-01-10 22:00:00,157.28
2021-01-10 22:00:00,157.28
2021-01-10 22:00:00,157.28
2021-01-10 22:10:00,125.0
2021-01-10 22:10:00,125.0
2021-01-10 22:10:00,125.0
2021-01-10 22:10:00,125.0
2021-01-10 22:10:00,125.0
2021-01-10 22:10:00,125.0
2021-01-10 22:20:00,164.97
2021-01-10 22:20:00,164.97
2021-01-10 22:20:00,164.97
2021-01-10 22:20:00,164.97
2021-01-10 22:20:00,164.97
2021-01-10 22:20:00,164.97
2021-01-10 22:30:00,249.68
2021-01-10 22:30:00,249.68
2021-01-10 22:30:00,249.68
2021-01-10 22:30:00,249.68
2021-01-10 22:30:00,249.68
2021-01-10 22:30:00,249.68
2021-01-10 22:40:00,290.79
2021-01-10 22:40:00,290.79
2021-01-10 22:40:00,290.79
2021-01-10 22:40:00,290.79
2021-01-10 22:40:00,290.79
2021-01-10 22:40:00,290.79
2021-01-10 22:50:00,201.38
2021-01-10 22:50:00,201.38
2021-01-10 22:50:00,201.38
2021-01-10 22:50:00,201.38
2021-01-10 22:50:00,201.38
2021-01-10 22:50:00,201.38
2021-01-10 23:00:00,132.76
2021-01-10 23:00:00,132.76
2021-01-10 23:00:00,132.76
2021-01-10 23:00:00,132.76
2021-01-10 23:00:00,132.76
2021-01-10 23:00:00,132.76
2021-01-10 23:10:00,107.01
2021-01-10 23:10:00,107.01
2021-01-10 23:10:00,107.01
2021-01-10 23:10:00,107.01
2021-01-10 23:10:00,107.01
2021-01-10 23:10:00,107.01
2021-01-10 23:20:00,95.35
2021-01-10 23:20:00,95.35
2021-01-10 23:20:00,95.35
2021-01-10 23:20:00,95.35
2021-01-10 23:20:00,95.35
2021-01-10 23:20:00,95.35
2021-01-10 23:30:00,102.81
2021-01-10 23:30:00,102.81
2021-01-10 23:30:00,102.81
2021-01-10 23:30:00,102.81
2021-01-10 23:30:00,102.81
2021-01-10 23:30:00,102.81
2021-01-10 23:40:00,146.33
2021-01-10 23:40:00,146.33
2021-01-10 23:40:00,146.33
2021-01-10 23:40:00,146.33
2021-01-10 23:40:00,146.33
2021-01-10 23:40:00,146.33
2021-01-10 23:50:00,201.1
2021-01-10 23:50:00,201.1
2021-01-10 23:50:00,201.1
2021-01-10 23:50:00,201.1
2021-01-10 23:50:00,201.1
2021-01-10 23:50:00,201.1
2021-01-11 00:00:00,223.0
2021-01-11 00:00:00,223.0
2021-01-11 00:00:00,223.0
2021-01-11 00:00:00,223.0
2021-01-11 00:00:00,223.0
2021-01-11 00:00:00,223.0
2021-01-11 00:10:00,195.43
2021-01-11 00:10:00,195.43
2021-01-11 00:10:00,195.43
2021-01-11 00:10:00,195.43
2021-01-11 00:10:00,195.43
2021-01-11 00:10:00,195.43
2021-01-11 00:20:00,208.06
2021-01-11 00:20:00,208.06
2021-01-11 00:20:00,208.06
2021-01-11 00:20:00,208.06
2021-01-11 00:20:00,208.06
2021-01-11 00:20:00,208.06
2021-01-11 00:30:00,170.94
2021-01-11 00:30:00,170.94
2021-01-11 00:30:00,170.94
2021-01-11 00:30:00,170.94
2021-01-11 00:30:00,170.94
2021-01-11 00:30:00,170.94
2021-01-11 00:40:00,162.44
2021-01-11 00:40:00,162.44
2021-01-11 00:40:00,162.44
2021-01-11 00:40:00,162.44
2021-01-11 00:40:00,162.44
2021-01-11 00:40:00,162.44
2021-01-11 00:50:00,213.51
2021-01-11 00:50:00,213.51
2021-01-11 00:50:00,213.51
2021-01-11 00:50:00,213.51
2021-01-11 00:50:00,213.51
2021-01-11 00:50:00,213.51
2021-01-11 01:00:00,207.71
2021-01-11 01:00:00,207.71
2021-01-11 01:00:00,207.71
2021-01-11 01:00:00,207.71
2021-01-11 01:00:00,207.71
2021-01-11 01:00:00,207.71
2021-01-11 01:10:00,212.58
2021-01-11 01:10:00,212.58
2021-01-11 01:10:00,212.58
2021-01-11 01:10:00,212.58
2021-01-11 01:10:00,212.58
2021-01-11 01:10:00,212.58
2021-01-11 01:20:00,159.87
2021-01-11 01:20:00,159.87
2021-01-11 01:20:00,159.87
2021-01-11 01:20:00,159.87
2021-01-11 01:20:00,159.87
2021-01-11 01:20:00,159.87
2021-01-11 01:30:00,214.81
2021-01-11 01:30:00,214.81
2021-01-11 01:30:00,214.81
2021-01-11 01:30:00,214.81
2021-01-11 01:30:00,214.81
2021-01-11 01:30:00,214.81
2021-01-11 01:40:00,258.85
2021-01-11 01:40:00,258.85
2021-01-11 01:40:00,258.85
2021-01-11 01:40:00,258.85
2021-01-11 01:40:00,258.85
2021-01-11 01:40:00,258.85
2021-01-11 01:50:00,267.11
2021-01-11 01:50:00,267.11
2021-01-11 01:50:00,267.11
2021-01-11 01:50:00,267.11
2021-01-11 01:50:00,267.11
2021-01-11 01:50:00,267.11
2021-01-11 02:00:00,225.45
2021-01-11 02:00:00,225.45
2021-01-11 02:00:00,225.45
2021-01-11 02:00:00,225.45
2021-01-11 02:00:00,225.45
2021-01-11 02:00:00,225.45
2021-01-11 02:10:00,245.73
2021-01-11 02:10:00,245.73
2021-01-11 02:10:00,245.73
2021-01-11 02:10:00,245.73
2021-01-11 02:10:00,245.73
2021-01-11 02:10:00,245.73
2021-01-11 02:20:00,245.68
2021-01-11 02:20:00,245.68
2021-01-11 02:20:00,245.68
2021-01-11 02:20:00,245.68
2021-01-11 02:20:00,245.68
2021-01-11 02:20:00,245.68
2021-01-11 02:30:00,182.81
2021-01-11 02:30:00,182.81
2021-01-11 02:30:00,182.81
2021-01-11 02:30:00,182.81
2021-01-11 02:30:00,182.81
2021-01-11 02:30:00,182.81
2021-01-11 02:40:00,134.5
2021-01-11 02:40:00,134.5
2021-01-11 02:40:00,134.5
2021-01-11 02:40:00,134.5
2021-01-11 02:40:00,134.5
2021-01-11 02:40:00,134.5
2021-01-11 02:50:00,96.04
2021-01-11 02:50:00,96.04
2021-01-11 02:50:00,96.04
2021-01-11 02:50:00,96.04
2021-01-11 02:50:00,96.04
2021-01-11 02:50:00,96.04
2021-01-11 03:00:00,77.47
2021-01-11 03:00:00,77.47
2021-01-11 03:00:00,77.47
2021-01-11 03:00:00,77.47
2021-01-11 03:00:00,77.47
2021-01-11 03:00:00,77.47
2021-01-11 03:10:00,92.11
2021-01-11 03:10:00,92.11
2021-01-11 03:10:00,92.11
2021-01-11 03:10:00,92.11
2021-01-11 03:10:00,92.11
2021-01-11 03:10:00,92.11
2021-01-11 03:20:00,135.04
2021-01-11 03:20:00,135.04
2021-01-11 03:20:00,135.04
2021-01-11 03:20:00,135.04
2021-01-11 03:20:00,135.04
2021-01-11 03:20:00,135.04
2021-01-11 03:30:00,142.78
2021-01-11 03:30:00,142.78
2021-01-11 03:30:00,142.78
2021-01-11 03:30:00,142.78
2021-01-11 03:30:00,142.78
2021-01-11 03:30:00,142.78
2021-01-11 03:40:00,179.32
2021-01-11 03:40:00,179.32
2021-01-11 03:40:00,179.32
2021-01-11 03:40:00,179.32
2021-01-11 03:40:00,179.32
2021-01-11 03:40:00,179.32
2021-01-11 03:50:00,226.75
2021-01-11 03:50:00,226.75
2021-01-11 03:50:00,226.75
2021-01-11 03:50:00,226.75
2021-01-11 03:50:00,226.75
2021-01-11 03:50:00,226.75
2021-01-11 04:00:00,220.34
2021-01-11 04:00:00,220.34
2021-01-11 04:00:00,220.34
2021-01-11 04:00:00,220.34
2021-01-11 04:00:00,220.34
2021-01-11 04:00:00,220.34
2021-01-11 04:10:00,236.12
2021-01-11 04:10:00,236.12
2021-01-11 04:10:00,236.12
2021-01-11 04:10:00,236.12
2021-01-11 04:10:00,236.12
2021-01-11 04:10:00,236.12
2021-01-11 04:20:00,187.47
2021-01-11 04:20:00,187.47
2021-01-11 04:20:00,187.47
2021-01-11 04:20:00,187.47
2021-01-11 04:20:00,187.47
2021-01-11 04:20:00,187.47
2021-01-11 04:30:00,275.91
2021-01-11 04:30:00,275.91
2021-01-11 04:30:00,275.91
2021-01-11 04:30:00,275.91
2021-01-11 04:30:00,275.91
2021-01-11 04:30:00,275.91
2021-01-11 04:40:00,426.05
2021-01-11 04:40:00,426.05
2021-01-11 04:40:00,426.05
2021-01-11 04:40:00,426.05
2021-01-11 04:40:00,426.05
2021-01-11 04:40:00,426.05
2021-01-11 04:50:00,356.18
2021-01-11 04:50:00,356.18
2021-01-11 04:50:00,356.18
2021-01-11 04:50:00,356.18
2021-01-11 04:50:00,356.18
2021-01-11 04:50:00,356.18
2021-01-11 05:00:00,385.09
2021-01-11 05:00:00,385.09
2021-01-11 05:00:00,385.09
2021-01-11 05:00:00,385.09
2021-01-11 05:00:00,385.09
2021-01-11 05:00:00,385.09
2021-01-11 05:10:00,384.43
2021-01-11 05:10:00,384.43
2021-01-11 05:10:00,384.43
2021-01-11 05:10:00,384.43
2021-01-11 05:10:00,384.43
2021-01-11 05:10:00,384.43
2021-01-11 05:20:00,448.99
2021-01-11 05:20:00,448.99
2021-01-11 05:20:00,448.99
2021-01-11 05:20:00,448.99
2021-01-11 05:20:00,448.99
2021-01-11 05:20:00,448.99
2021-01-11 05:30:00,497.08
2021-01-11 05:30:00,497.08
2021-01-11 05:30:00,497.08
2021-01-11 05:30:00,497.08
2021-01-11 05:30:00,497.08
2021-01-11 05:30:00,497.08
2021-01-11 05:40:00,580.17
2021-01-11 05:40:00,580.17
2021-01-11 05:40:00,580.17
2021-01-11 05:40:00,580.17
2021-01-11 05:40:00,580.17
2021-01-11 05:40:00,580.17
2021-01-11 05:50:00,619.74
2021-01-11 05:50:00,619.74
2021-01-11 05:50:00,619.74
2021-01-11 05:50:00,619.74
2021-01-11 05:50:00,619.74
2021-01-11 05:50:00,619.74
2021-01-11 06:00:00,687.84
2021-01-11 06:00:00,687.84
2021-01-11 06:00:00,687.84
2021-01-11 06:00:00,687.84
2021-01-11 06:00:00,687.84
2021-01-11 06:00:00,687.84
2021-01-11 06:10:00,715.99
2021-01-11 06:10:00,715.99
2021-01-11 06:10:00,715.99
2021-01-11 06:10:00,715.99
2021-01-11 06:10:00,715.99
2021-01-11 06:10:00,715.99
2021-01-11 06:20:00,803.1
2021-01-11 06:20:00,803.1
2021-01-11 06:20:00,803.1
2021-01-11 06:20:00,803.1
2021-01-11 06:20:00,803.1
2021-01-11 06:20:00,803.1
2021-01-11 06:30:00,721.99
2021-01-11 06:30:00,721.99
2021-01-11 06:30:00,721.99
2021-01-11 06:30:00,721.99
2021-01-11 06:30:00,721.99
2021-01-11 06:30:00,721.99
2021-01-11 06:40:00,786.38
2021-01-11 06:40:00,786.38
2021-01-11 06:40:00,786.38
2021-01-11 06:40:00,786.38
2021-01-11 06:40:00,786.38
2021-01-11 06:40:00,786.38
2021-01-11 06:50:00,888.32
2021-01-11 06:50:00,888.32
2021-01-11 06:50:00,888.32
2021-01-11 06:50:00,888.32
2021-01-11 06:50:00,888.32
2021-01-11 06:50:00,888.32
2021-01-11 07:00:00,923.72
2021-01-11 07:00:00,923.72
2021-01-11 07:00:00,923.72
2021-01-11 07:00:00,923.72
2021-01-11 07:00:00,923.72
2021-01-11 07:00:00,923.72
2021-01-11 07:10:00,865.26
2021-01-11 07:10:00,865.26
2021-01-11 07:10:00,865.26
2021-01-11 07:10:00,865.26
2021-01-11 07:10:00,865.26
2021-01-11 07:10:00,865.26
2021-01-11 07:20:00,811.76
2021-01-11 07:20:00,811.76
2021-01-11 07:20:00,811.76
2021-01-11 07:20:00,811.76
2021-01-11 07:20:00,811.76
2021-01-11 07:20:00,811.76
2021-01-11 07:30:00,892.33
2021-01-11 07:30:00,892.33
2021-01-11 07:30:00,892.33
2021-01-11 07:30:00,892.33
2021-01-11 07:30:00,892.33
2021-01-11 07:30:00,892.33
2021-01-11 07:40:00,866.17
2021-01-11 07:40:00,866.17
2021-01-11 07:40:00,866.17
2021-01-11 07:40:00,866.17
2021-01-11 07:40:00,866.17
2021-01-11 07:40:00,866.17
2021-01-11 07:50:00,493.11
2021-01-11 07:50:00,493.11
2021-01-11 07:50:00,493.11
2021-01-11 07:50:00,493.11
2021-01-11 07:50:00,493.11
2021-01-11 07:50:00,493.11
2021-01-11 08:00:00,506.34
2021-01-11 08:00:00,506.34
2021-01-11 08:00:00,506.34
2021-01-11 08:00:00,506.34
2021-01-11 08:00:00,506.34
2021-01-11 08:00:00,506.34
2021-01-11 08:10:00,931.26
2021-01-11 08:10:00,931.26
2021-01-11 08:10:00,931.26
2021-01-11 08:10:00,931.26
2021-01-11 08:10:00,931.26
2021-01-11 08:10:00,931.26
2021-01-11 08:20:00,897.33
2021-01-11 08:20:00,897.33
2021-01-11 08:20:00,897.33
2021-01-11 08:20:00,897.33
2021-01-11 08:20:00,897.33
2021-01-11 08:20:00,897.33
2021-01-11 08:30:00,758.0
2021-01-11 08:30:00,758.0
2021-01-11 08:30:00,758.0
2021-01-11 08:30:00,758.0
2021-01-11 08:30:00,758.0
2021-01-11 08:30:00,758.0
2021-01-11 08:40:00,766.9
2021-01-11 08:40:00,766.9
2021-01-11 08:40:00,766.9
2021-01-11 08:40:00,766.9
2021-01-11 08:40:00,766.9
2021-01-11 08:40:00,766.9
2021-01-11 08:50:00,942.95
2021-01-11 08:50:00,942.95
2021-01-11 08:50:00,942.95
2021-01-11 08:50:00,942.95
2021-01-11 08:50:00,942.95
2021-01-11 08:50:00,942.95
2021-01-11 09:00:00,1028.46
2021-01-11 09:00:00,1028.46
2021-01-11 09:00:00,1028.46
2021-01-11 09:00:00,1028.46
2021-01-11 09:00:00,1028.46
2021-01-11 09:00:00,1028.46
2021-01-11 09:10:00,1026.59
2021-01-11 09:10:00,1026.59
2021-01-11 09:10:00,1026.59
2021-01-11 09:10:00,1026.59
2021-01-11 09:10:00,1026.59
2021-01-11 09:10:00,1026.59
2021-01-11 09:20:00,707.29
2021-01-11 09:20:00,707.29
2021-01-11 09:20:00,707.29
2021-01-11 09:20:00,707.29
2021-01-11 09:20:00,707.29
2021-01-11 09:20:00,707.29
2021-01-11 09:30:00,802.05
2021-01-11 09:30:00,802.05
2021-01-11 09:30:00,802.05
2021-01-11 09:30:00,802.05
2021-01-11 09:30:00,802.05
2021-01-11 09:30:00,802.05
2021-01-11 09:40:00,1056.25
2021-01-11 09:40:00,1056.25
2021-01-11 09:40:00,1056.25
2021-01-11 09:40:00,1056.25
2021-01-11 09:40:00,1056.25
2021-01-11 09:40:00,1056.25
2021-01-11 09:50:00,1102.09
2021-01-11 09:50:00,1102.09
2021-01-11 09:50:00,1102.09
2021-01-11 09:50:00,1102.09
2021-01-11 09:50:00,1102.09
2021-01-11 09:50:00,1102.09
2021-01-11 10:00:00,981.18
2021-01-11 10:00:00,981.18
2021-01-11 10:00:00,981.18
2021-01-11 10:00:00,981.18
2021-01-11 10:00:00,981.18
2021-01-11 10:00:00,981.18
2021-01-11 10:10:00,1058.74
2021-01-11 10:10:00,1058.74
2021-01-11 10:10:00,1058.74
2021-01-11 10:10:00,1058.74
2021-01-11 10:10:00,1058.74
2021-01-11 10:10:00,1058.74
2021-01-11 10:20:00,1204.16
2021-01-11 10:20:00,1204.16
2021-01-11 10:20:00,1204.16
2021-01-11 10:20:00,1204.16
2021-01-11 10:20:00,1204.16
2021-01-11 10:20:00,1204.16
2021-01-11 10:30:00,1154.38
2021-01-11 10:30:00,1154.38
2021-01-11 10:30:00,1154.38
2021-01-11 10:30:00,1154.38
2021-01-11 10:30:00,1154.38
2021-01-11 10:30:00,1154.38
2021-01-11 10:40:00,886.81
2021-01-11 10:40:00,886.81
2021-01-11 10:40:00,886.81
2021-01-11 10:40:00,886.81
2021-01-11 10:40:00,886.81
2021-01-11 10:40:00,886.81
2021-01-11 10:50:00,843.9
2021-01-11 10:50:00,843.9
2021-01-11 10:50:00,843.9
2021-01-11 10:50:00,843.9
2021-01-11 10:50:00,843.9
2021-01-11 10:50:00,843.9
2021-01-11 11:00:00,870.00104
2021-01-11 11:00:00,870.00104
2021-01-11 11:00:00,870.00104
2021-01-11 11:00:00,870.00104
2021-01-11 11:00:00,870.00104
2021-01-11 11:00:00,870.00104
2021-01-11 11:10:00,896.10205
2021-01-11 11:10:00,896.10205
2021-01-11 11:10:00,896.10205
2021-01-11 11:10:00,896.10205
2021-01-11 11:10:00,896.10205
2021-01-11 11:10:00,896.10205
2021-01-11 11:20:00,922.203
2021-01-11 11:20:00,922.203
2021-01-11 11:20:00,922.203
2021-01-11 11:20:00,922.203
2021-01-11 11:20:00,922.203
2021-01-11 11:20:00,922.203
2021-01-11 11:30:00,948.304
2021-01-11 11:30:00,948.304
2021-01-11 11:30:00,948.304
2021-01-11 11:30:00,948.304
2021-01-11 11:30:00,948.304
2021-01-11 11:30:00,948.304
2021-01-11 11:40:00,974.405
2021-01-11 11:40:00,974.405
2021-01-11 11:40:00,974.405
2021-01-11 11:40:00,974.405
2021-01-11 11:40:00,974.405
2021-01-11 11:40:00,974.405
2021-01-11 11:50:00,1000.50604
2021-01-11 11:50:00,1000.50604
2021-01-11 11:50:00,1000.50604
2021-01-11 11:50:00,1000.50604
2021-01-11 11:50:00,1000.50604
2021-01-11 11:50:00,1000.50604
2021-01-11 12:00:00,1026.607
2021-01-11 12:00:00,1026.607
2021-01-11 12:00:00,1026.607
2021-01-11 12:00:00,1026.607
2021-01-11 12:00:00,1026.607
2021-01-11 12:00:00,1026.607
2021-01-11 12:10:00,1052.708
2021-01-11 12:10:00,1052.708
2021-01-11 12:10:00,1052.708
2021-01-11 12:10:00,1052.708
2021-01-11 12:10:00,1052.708
2021-01-11 12:10:00,1052.708
2021-01-11 12:20:00,1078.8091
2021-01-11 12:20:00,1078.8091
2021-01-11 12:20:00,1078.8091
2021-01-11 12:20:00,1078.8091
2021-01-11 12:20:00,1078.8091
2021-01-11 12:20:00,1078.8091
2021-01-11 12:30:00,1104.91
2021-01-11 12:30:00,1104.91
2021-01-11 12:30:00,1104.91
2021-01-11 12:30:00,1104.91
2021-01-11 12:30:00,1104.91
2021-01-11 12:30:00,1104.91
2021-01-11 12:40:00,965.04
2021-01-11 12:40:00,965.04
2021-01-11 12:40:00,965.04
2021-01-11 12:40:00,965.04
2021-01-11 12:40:00,965.04
2021-01-11 12:40:00,965.04
2021-01-11 12:50:00,1008.3586
2021-01-11 12:50:00,1008.3586
2021-01-11 12:50:00,1008.3586
2021-01-11 12:50:00,1008.3586
2021-01-11 12:50:00,1008.3586
2021-01-11 12:50:00,1008.3586
2021-01-11 13:00:00,1051.6771
2021-01-11 13:00:00,1051.6771
2021-01-11 13:00:00,1051.6771
2021-01-11 13:00:00,1051.6771
2021-01-11 13:00:00,1051.6771
2021-01-11 13:00:00,1051.6771
2021-01-11 13:10:00,1094.9957
2021-01-11 13:10:00,1094.9957
2021-01-11 13:10:00,1094.9957
2021-01-11 13:10:00,1094.9957
2021-01-11 13:10:00,1094.9957
2021-01-11 13:10:00,1094.9957
2021-01-11 13:20:00,1138.3143
2021-01-11 13:20:00,1138.3143
2021-01-11 13:20:00,1138.3143
2021-01-11 13:20:00,1138.3143
2021-01-11 13:20:00,1138.3143
2021-01-11 13:20:00,1138.3143
2021-01-11 13:30:00,1181.6328
2021-01-11 13:30:00,1181.6328
2021-01-11 13:30:00,1181.6328
2021-01-11 13:30:00,1181.6328
2021-01-11 13:30:00,1181.6328
2021-01-11 13:30:00,1181.6328
2021-01-11 13:40:00,1224.9514
2021-01-11 13:40:00,1224.9514
2021-01-11 13:40:00,1224.9514
2021-01-11 13:40:00,1224.9514
2021-01-11 13:40:00,1224.9514
2021-01-11 13:40:00,1224.9514
2021-01-11 13:50:00,1268.27
2021-01-11 13:50:00,1268.27
2021-01-11 13:50:00,1268.27
2021-01-11 13:50:00,1268.27
2021-01-11 13:50:00,1268.27
2021-01-11 13:50:00,1268.27
2021-01-11 14:00:00,1170.27
2021-01-11 14:00:00,1170.27
2021-01-11 14:00:00,1170.27
2021-01-11 14:00:00,1170.27
2021-01-11 14:00:00,1170.27
2021-01-11 14:00:00,1170.27
2021-01-11 14:10:00,1175.2467
2021-01-11 14:10:00,1175.2467
2021-01-11 14:10:00,1175.2467
2021-01-11 14:10:00,1175.2467
2021-01-11 14:10:00,1175.2467
2021-01-11 14:10:00,1175.2467
2021-01-11 14:20:00,1180.2234
2021-01-11 14:20:00,1180.2234
2021-01-11 14:20:00,1180.2234
2021-01-11 14:20:00,1180.2234
2021-01-11 14:20:00,1180.2234
2021-01-11 14:20:00,1180.2234
2021-01-11 14:30:00,1185.2001
2021-01-11 14:30:00,1185.2001
2021-01-11 14:30:00,1185.2001
2021-01-11 14:30:00,1185.2001
2021-01-11 14:30:00,1185.2001
2021-01-11 14:30:00,1185.2001
2021-01-11 14:40:00,1190.1766
2021-01-11 14:40:00,1190.1766
2021-01-11 14:40:00,1190.1766
2021-01-11 14:40:00,1190.1766
2021-01-11 14:40:00,1190.1766
2021-01-11 14:40:00,1190.1766
2021-01-11 14:50:00,1195.1533
2021-01-11 14:50:00,1195.1533
2021-01-11 14:50:00,1195.1533
2021-01-11 14:50:00,1195.1533
2021-01-11 14:50:00,1195.1533
2021-01-11 14:50:00,1195.1533
2021-01-11 15:00:00,1200.13
2021-01-11 15:00:00,1200.13
2021-01-11 15:00:00,1200.13
2021-01-11 15:00:00,1200.13
2021-01-11 15:00:00,1200.13
2021-01-11 15:00:00,1200.13
2021-01-11 15:10:00,1205.1067
2021-01-11 15:10:00,1205.1067
2021-01-11 15:10:00,1205.1067
2021-01-11 15:10:00,1205.1067
2021-01-11 15:10:00,1205.1067
2021-01-11 15:10:00,1205.1067
2021-01-11 15:20:00,1210.0834
2021-01-11 15:20:00,1210.0834
2021-01-11 15:20:00,1210.0834
2021-01-11 15:20:00,1210.0834
2021-01-11 15:20:00,1210.0834
2021-01-11 15:20:00,1210.0834
2021-01-11 15:30:00,1215.06
2021-01-11 15:30:00,1215.06
2021-01-11 15:30:00,1215.06
2021-01-11 15:30:00,1215.06
2021-01-11 15:30:00,1215.06
2021-01-11 15:30:00,1215.06
2021-01-11 15:40:00,1220.0367
2021-01-11 15:40:00,1220.0367
2021-01-11 15:40:00,1220.0367
2021-01-11 15:40:00,1220.0367
2021-01-11 15:40:00,1220.0367
2021-01-11 15:40:00,1220.0367
2021-01-11 15:50:00,1225.0133
2021-01-11 15:50:00,1225.0133
2021-01-11 15:50:00,1225.0133
2021-01-11 15:50:00,1225.0133
2021-01-11 15:50:00,1225.0133
2021-01-11 15:50:00,1225.0133
2021-01-11 16:00:00,1229.99
2021-01-11 16:00:00,1229.99
2021-01-11 16:00:00,1229.99
2021-01-11 16:00:00,1229.99
2021-01-11 16:00:00,1229.99
2021-01-11 16:00:00,1229.99
2021-01-11 16:10:00,1234.9667
2021-01-11 16:10:00,1234.9667
2021-01-11 16:10:00,1234.9667
2021-01-11 16:10:00,1234.9667
2021-01-11 16:10:00,1234.9667
2021-01-11 16:10:00,1234.9667
2021-01-11 16:20:00,1239.9434
2021-01-11 16:20:00,1239.9434
2021-01-11 16:20:00,1239.9434
2021-01-11 16:20:00,1239.9434
2021-01-11 16:20:00,1239.9434
2021-01-11 16:20:00,1239.9434
2021-01-11 16:30:00,1244.92
2021-01-11 16:30:00,1244.92
2021-01-11 16:30:00,1244.92
2021-01-11 16:30:00,1244.92
2021-01-11 16:30:00,1244.92
2021-01-11 16:30:00,1244.92
2021-01-11 16:40:00,1249.8967
2021-01-11 16:40:00,1249.8967
2021-01-11 16:40:00,1249.8967
2021-01-11 16:40:00,1249.8967
2021-01-11 16:40:00,1249.8967
2021-01-11 16:40:00,1249.8967
2021-01-11 16:50:00,1254.8734
2021-01-11 16:50:00,1254.8734
2021-01-11 16:50:00,1254.8734
2021-01-11 16:50:00,1254.8734
2021-01-11 16:50:00,1254.8734
2021-01-11 16:50:00,1254.8734
2021-01-11 17:00:00,1259.85
2021-01-11 17:00:00,1259.85
2021-01-11 17:00:00,1259.85
2021-01-11 17:00:00,1259.85
2021-01-11 17:00:00,1259.85
2021-01-11 17:00:00,1259.85
2021-01-11 17:10:00,1264.8267
2021-01-11 17:10:00,1264.8267
2021-01-11 17:10:00,1264.8267
2021-01-11 17:10:00,1264.8267
2021-01-11 17:10:00,1264.8267
2021-01-11 17:10:00,1264.8267
2021-01-11 17:20:00,1269.8033
2021-01-11 17:20:00,1269.8033
2021-01-11 17:20:00,1269.8033
2021-01-11 17:20:00,1269.8033
2021-01-11 17:20:00,1269.8033
2021-01-11 17:20:00,1269.8033
2021-01-11 17:30:00,1274.78
2021-01-11 17:30:00,1274.78
2021-01-11 17:30:00,1274.78
2021-01-11 17:30:00,1274.78
2021-01-11 17:30:00,1274.78
2021-01-11 17:30:00,1274.78
2021-01-11 17:40:00,1062.35
2021-01-11 17:40:00,1062.35
2021-01-11 17:40:00,1062.35
2021-01-11 17:40:00,1062.35
2021-01-11 17:40:00,1062.35
2021-01-11 17:40:00,1062.35
2021-01-11 17:50:00,1017.63
2021-01-11 17:50:00,1017.63
2021-01-11 17:50:00,1017.63
2021-01-11 17:50:00,1017.63
2021-01-11 17:50:00,1017.63
2021-01-11 17:50:00,1017.63
2021-01-11 18:00:00,670.3
2021-01-11 18:00:00,670.3
2021-01-11 18:00:00,670.3
2021-01-11 18:00:00,670.3
2021-01-11 18:00:00,670.3
2021-01-11 18:00:00,670.3
2021-01-11 18:10:00,603.76
2021-01-11 18:10:00,603.76
2021-01-11 18:10:00,603.76
2021-01-11 18:10:00,603.76
2021-01-11 18:10:00,603.76
2021-01-11 18:10:00,603.76
2021-01-11 18:20:00,523.18
2021-01-11 18:20:00,523.18
2021-01-11 18:20:00,523.18
2021-01-11 18:20:00,523.18
2021-01-11 18:20:00,523.18
2021-01-11 18:20:00,523.18
2021-01-11 18:30:00,498.37
2021-01-11 18:30:00,498.37
2021-01-11 18:30:00,498.37
2021-01-11 18:30:00,498.37
2021-01-11 18:30:00,498.37
2021-01-11 18:30:00,498.37
2021-01-11 18:40:00,636.65
2021-01-11 18:40:00,636.65
2021-01-11 18:40:00,636.65
2021-01-11 18:40:00,636.65
2021-01-11 18:40:00,636.65
2021-01-11 18:40:00,636.65
2021-01-11 18:50:00,630.14
2021-01-11 18:50:00,630.14
2021-01-11 18:50:00,630.14
2021-01-11 18:50:00,630.14
2021-01-11 18:50:00,630.14
2021-01-11 18:50:00,630.14
2021-01-11 19:00:00,745.4
2021-01-11 19:00:00,745.4
2021-01-11 19:00:00,745.4
2021-01-11 19:00:00,745.4
2021-01-11 19:00:00,745.4
2021-01-11 19:00:00,745.4
2021-01-11 19:10:00,537.9
2021-01-11 19:10:00,537.9
2021-01-11 19:10:00,537.9
2021-01-11 19:10:00,537.9
2021-01-11 19:10:00,537.9
2021-01-11 19:10:00,537.9
2021-01-11 19:20:00,665.9
2021-01-11 19:20:00,665.9
2021-01-11 19:20:00,665.9
2021-01-11 19:20:00,665.9
2021-01-11 19:20:00,665.9
2021-01-11 19:20:00,665.9
2021-01-11 19:30:00,526.97
2021-01-11 19:30:00,526.97
2021-01-11 19:30:00,526.97
2021-01-11 19:30:00,526.97
2021-01-11 19:30:00,526.97
2021-01-11 19:30:00,526.97
2021-01-11 19:40:00,317.9
2021-01-11 19:40:00,317.9
2021-01-11 19:40:00,317.9
2021-01-11 19:40:00,317.9
2021-01-11 19:40:00,317.9
2021-01-11 19:40:00,317.9
2021-01-11 19:50:00,470.89
2021-01-11 19:50:00,470.89
2021-01-11 19:50:00,470.89
2021-01-11 19:50:00,470.89
2021-01-11 19:50:00,470.89
2021-01-11 19:50:00,470.89
2021-01-11 20:00:00,433.31
2021-01-11 20:00:00,433.31
2021-01-11 20:00:00,433.31
2021-01-11 20:00:00,433.31
2021-01-11 20:00:00,433.31
2021-01-11 20:00:00,433.31
2021-01-11 20:10:00,314.77
2021-01-11 20:10:00,314.77
2021-01-11 20:10:00,314.77
2021-01-11 20:10:00,314.77
2021-01-11 20:10:00,314.77
2021-01-11 20:10:00,314.77
2021-01-11 20:20:00,286.09
2021-01-11 20:20:00,286.09
2021-01-11 20:20:00,286.09
2021-01-11 20:20:00,286.09
2021-01-11 20:20:00,286.09
2021-01-11 20:20:00,286.09
2021-01-11 20:30:00,218.94
2021-01-11 20:30:00,218.94
2021-01-11 20:30:00,218.94
2021-01-11 20:30:00,218.94
2021-01-11 20:30:00,218.94
2021-01-11 20:30:00,218.94
2021-01-11 20:40:00,170.31
2021-01-11 20:40:00,170.31
2021-01-11 20:40:00,170.31
2021-01-11 20:40:00,170.31
2021-01-11 20:40:00,170.31
2021-01-11 20:40:00,170.31
2021-01-11 20:50:00,219.16
2021-01-11 20:50:00,219.16
2021-01-11 20:50:00,219.16
2021-01-11 20:50:00,219.16
2021-01-11 20:50:00,219.16
2021-01-11 20:50:00,219.16
2021-01-11 21:00:00,206.69
2021-01-11 21:00:00,206.69
2021-01-11 21:00:00,206.69
2021-01-11 21:00:00,206.69
2021-01-11 21:00:00,206.69
2021-01-11 21:00:00,206.69
2021-01-11 21:10:00,134.85
2021-01-11 21:10:00,134.85
2021-01-11 21:10:00,134.85
2021-01-11 21:10:00,134.85
2021-01-11 21:10:00,134.85
2021-01-11 21:10:00,134.85
2021-01-11 21:20:00,67.71
2021-01-11 21:20:00,67.71
2021-01-11 21:20:00,67.71
2021-01-11 21:20:00,67.71
2021-01-11 21:20:00,67.71
2021-01-11 21:20:00,67.71
2021-01-11 21:30:00,65.83
2021-01-11 21:30:00,65.83
2021-01-11 21:30:00,65.83
2021-01-11 21:30:00,65.83
2021-01-11 21:30:00,65.83
2021-01-11 21:30:00,65.83
2021-01-11 21:40:00,119.39
2021-01-11 21:40:00,119.39
2021-01-11 21:40:00,119.39
2021-01-11 21:40:00,119.39
2021-01-11 21:40:00,119.39
2021-01-11 21:40:00,119.39
2021-01-11 21:50:00,129.4
2021-01-11 21:50:00,129.4
2021-01-11 21:50:00,129.4
2021-01-11 21:50:00,129.4
2021-01-11 21:50:00,129.4
2021-01-11 21:50:00,129.4
2021-01-11 22:00:00,120.73
2021-01-11 22:00:00,120.73
2021-01-11 22:00:00,120.73
2021-01-11 22:00:00,120.73
2021-01-11 22:00:00,120.73
2021-01-11 22:00:00,120.73
2021-01-11 22:10:00,135.15
2021-01-11 22:10:00,135.15
2021-01-11 22:10:00,135.15
2021-01-11 22:10:00,135.15
2021-01-11 22:10:00,135.15
2021-01-11 22:10:00,135.15
2021-01-11 22:20:00,147.08
2021-01-11 22:20:00,147.08
2021-01-11 22:20:00,147.08
2021-01-11 22:20:00,147.08
2021-01-11 22:20:00,147.08
2021-01-11 22:20:00,147.08
2021-01-11 22:30:00,140.13
2021-01-11 22:30:00,140.13
2021-01-11 22:30:00,140.13
2021-01-11 22:30:00,140.13
2021-01-11 22:30:00,140.13
2021-01-11 22:30:00,140.13
2021-01-11 22:40:00,125.09
2021-01-11 22:40:00,125.09
2021-01-11 22:40:00,125.09
2021-01-11 22:40:00,125.09
2021-01-11 22:40:00,125.09
2021-01-11 22:40:00,125.09
2021-01-11 22:50:00,94.55
2021-01-11 22:50:00,94.55
2021-01-11 22:50:00,94.55
2021-01-11 22:50:00,94.55
2021-01-11 22:50:00,94.55
2021-01-11 22:50:00,94.55
2021-01-11 23:00:00,66.61
2021-01-11 23:00:00,66.61
2021-01-11 23:00:00,66.61
2021-01-11 23:00:00,66.61
2021-01-11 23:00:00,66.61
2021-01-11 23:00:00,66.61
2021-01-11 23:10:00,125.52
2021-01-11 23:10:00,125.52
2021-01-11 23:10:00,125.52
2021-01-11 23:10:00,125.52
2021-01-11 23:10:00,125.52
2021-01-11 23:10:00,125.52
2021-01-11 23:20:00,191.89
2021-01-11 23:20:00,191.89
2021-01-11 23:20:00,191.89
2021-01-11 23:20:00,191.89
2021-01-11 23:20:00,191.89
2021-01-11 23:20:00,191.89
2021-01-11 23:30:00,183.37
2021-01-11 23:30:00,183.37
2021-01-11 23:30:00,183.37
2021-01-11 23:30:00,183.37
2021-01-11 23:30:00,183.37
2021-01-11 23:30:00,183.37
2021-01-11 23:40:00,189.4
2021-01-11 23:40:00,189.4
2021-01-11 23:40:00,189.4
2021-01-11 23:40:00,189.4
2021-01-11 23:40:00,189.4
2021-01-11 23:40:00,189.4
2021-01-11 23:50:00,161.98
2021-01-11 23:50:00,161.98
2021-01-11 23:50:00,161.98
2021-01-11 23:50:00,161.98
2021-01-11 23:50:00,161.98
2021-01-11 23:50:00,161.98
2021-01-12 00:00:00,140.07
2021-01-12 00:00:00,140.07
2021-01-12 00:00:00,140.07
2021-01-12 00:00:00,140.07
2021-01-12 00:00:00,140.07
2021-01-12 00:00:00,140.07
2021-01-12 00:10:00,174.82
2021-01-12 00:10:00,174.82
2021-01-12 00:10:00,174.82
2021-01-12 00:10:00,174.82
2021-01-12 00:10:00,174.82
2021-01-12 00:10:00,174.82
2021-01-12 00:20:00,244.85
2021-01-12 00:20:00,244.85
2021-01-12 00:20:00,244.85
2021-01-12 00:20:00,244.85
2021-01-12 00:20:00,244.85
2021-01-12 00:20:00,244.85
2021-01-12 00:30:00,226.45
2021-01-12 00:30:00,226.45
2021-01-12 00:30:00,226.45
2021-01-12 00:30:00,226.45
2021-01-12 00:30:00,226.45
2021-01-12 00:30:00,226.45
2021-01-12 00:40:00,173.85
2021-01-12 00:40:00,173.85
2021-01-12 00:40:00,173.85
2021-01-12 00:40:00,173.85
2021-01-12 00:40:00,173.85
2021-01-12 00:40:00,173.85
2021-01-12 00:50:00,135.51
2021-01-12 00:50:00,135.51
2021-01-12 00:50:00,135.51
2021-01-12 00:50:00,135.51
2021-01-12 00:50:00,135.51
2021-01-12 00:50:00,135.51
2021-01-12 01:00:00,142.57
2021-01-12 01:00:00,142.57
2021-01-12 01:00:00,142.57
2021-01-12 01:00:00,142.57
2021-01-12 01:00:00,142.57
2021-01-12 01:00:00,142.57
2021-01-12 01:10:00,137.95
2021-01-12 01:10:00,137.95
2021-01-12 01:10:00,137.95
2021-01-12 01:10:00,137.95
2021-01-12 01:10:00,137.95
2021-01-12 01:10:00,137.95
2021-01-12 01:20:00,114.49
2021-01-12 01:20:00,114.49
2021-01-12 01:20:00,114.49
2021-01-12 01:20:00,114.49
2021-01-12 01:20:00,114.49
2021-01-12 01:20:00,114.49
2021-01-12 01:30:00,95.12
2021-01-12 01:30:00,95.12
2021-01-12 01:30:00,95.12
2021-01-12 01:30:00,95.12
2021-01-12 01:30:00,95.12
2021-01-12 01:30:00,95.12
2021-01-12 01:40:00,174.34
2021-01-12 01:40:00,174.34
2021-01-12 01:40:00,174.34
2021-01-12 01:40:00,174.34
2021-01-12 01:40:00,174.34
2021-01-12 01:40:00,174.34
2021-01-12 01:50:00,317.44
2021-01-12 01:50:00,317.44
2021-01-12 01:50:00,317.44
2021-01-12 01:50:00,317.44
2021-01-12 01:50:00,317.44
2021-01-12 01:50:00,317.44
2021-01-12 02:00:00,377.69
2021-01-12 02:00:00,377.69
2021-01-12 02:00:00,377.69
2021-01-12 02:00:00,377.69
2021-01-12 02:00:00,377.69
2021-01-12 02:00:00,377.69
2021-01-12 02:10:00,284.8
2021-01-12 02:10:00,284.8
2021-01-12 02:10:00,284.8
2021-01-12 02:10:00,284.8
2021-01-12 02:10:00,284.8
2021-01-12 02:10:00,284.8
2021-01-12 02:20:00,240.82
2021-01-12 02:20:00,240.82
2021-01-12 02:20:00,240.82
2021-01-12 02:20:00,240.82
2021-01-12 02:20:00,240.82
2021-01-12 02:20:00,240.82
2021-01-12 02:30:00,221.62
2021-01-12 02:30:00,221.62
2021-01-12 02:30:00,221.62
2021-01-12 02:30:00,221.62
2021-01-12 02:30:00,221.62
2021-01-12 02:30:00,221.62
2021-01-12 02:40:00,183.64
2021-01-12 02:40:00,183.64
2021-01-12 02:40:00,183.64
2021-01-12 02:40:00,183.64
2021-01-12 02:40:00,183.64
2021-01-12 02:40:00,183.64
2021-01-12 02:50:00,225.93
2021-01-12 02:50:00,225.93
2021-01-12 02:50:00,225.93
2021-01-12 02:50:00,225.93
2021-01-12 02:50:00,225.93
2021-01-12 02:50:00,225.93
2021-01-12 03:00:00,173.69
2021-01-12 03:00:00,173.69
2021-01-12 03:00:00,173.69
2021-01-12 03:00:00,173.69
2021-01-12 03:00:00,173.69
2021-01-12 03:00:00,173.69
2021-01-12 03:10:00,131.49
2021-01-12 03:10:00,131.49
2021-01-12 03:10:00,131.49
2021-01-12 03:10:00,131.49
2021-01-12 03:10:00,131.49
2021-01-12 03:10:00,131.49
2021-01-12 03:20:00,201.18
2021-01-12 03:20:00,201.18
2021-01-12 03:20:00,201.18
2021-01-12 03:20:00,201.18
2021-01-12 03:20:00,201.18
2021-01-12 03:20:00,201.18
2021-01-12 03:30:00,159.62
2021-01-12 03:30:00,159.62
2021-01-12 03:30:00,159.62
2021-01-12 03:30:00,159.62
2021-01-12 03:30:00,159.62
2021-01-12 03:30:00,159.62
2021-01-12 03:40:00,208.47
2021-01-12 03:40:00,208.47
2021-01-12 03:40:00,208.47
2021-01-12 03:40:00,208.47
2021-01-12 03:40:00,208.47
2021-01-12 03:40:00,208.47
2021-01-12 03:50:00,198.02
2021-01-12 03:50:00,198.02
2021-01-12 03:50:00,198.02
2021-01-12 03:50:00,198.02
2021-01-12 03:50:00,198.02
2021-01-12 03:50:00,198.02
2021-01-12 04:00:00,241.85
2021-01-12 04:00:00,241.85
2021-01-12 04:00:00,241.85
2021-01-12 04:00:00,241.85
2021-01-12 04:00:00,241.85
2021-01-12 04:00:00,241.85
2021-01-12 04:10:00,302.0
2021-01-12 04:10:00,302.0
2021-01-12 04:10:00,302.0
2021-01-12 04:10:00,302.0
2021-01-12 04:10:00,302.0
2021-01-12 04:10:00,302.0
2021-01-12 04:20:00,455.59
2021-01-12 04:20:00,455.59
2021-01-12 04:20:00,455.59
2021-01-12 04:20:00,455.59
2021-01-12 04:20:00,455.59
2021-01-12 04:20:00,455.59
2021-01-12 04:30:00,404.58
2021-01-12 04:30:00,404.58
2021-01-12 04:30:00,404.58
2021-01-12 04:30:00,404.58
2021-01-12 04:30:00,404.58
2021-01-12 04:30:00,404.58
2021-01-12 04:40:00,500.46
2021-01-12 04:40:00,500.46
2021-01-12 04:40:00,500.46
2021-01-12 04:40:00,500.46
2021-01-12 04:40:00,500.46
2021-01-12 04:40:00,500.46
2021-01-12 04:50:00,529.36
2021-01-12 04:50:00,529.36
2021-01-12 04:50:00,529.36
2021-01-12 04:50:00,529.36
2021-01-12 04:50:00,529.36
2021-01-12 04:50:00,529.36
2021-01-12 05:00:00,629.58
2021-01-12 05:00:00,629.58
2021-01-12 05:00:00,629.58
2021-01-12 05:00:00,629.58
2021-01-12 05:00:00,629.58
2021-01-12 05:00:00,629.58
2021-01-12 05:10:00,601.56
2021-01-12 05:10:00,601.56
2021-01-12 05:10:00,601.56
2021-01-12 05:10:00,601.56
2021-01-12 05:10:00,601.56
2021-01-12 05:10:00,601.56
2021-01-12 05:20:00,687.71
2021-01-12 05:20:00,687.71
2021-01-12 05:20:00,687.71
2021-01-12 05:20:00,687.71
2021-01-12 05:20:00,687.71
2021-01-12 05:20:00,687.71
2021-01-12 05:30:00,860.96
2021-01-12 05:30:00,860.96
2021-01-12 05:30:00,860.96
2021-01-12 05:30:00,860.96
2021-01-12 05:30:00,860.96
2021-01-12 05:30:00,860.96
2021-01-12 05:40:00,963.8367
2021-01-12 05:40:00,963.8367
2021-01-12 05:40:00,963.8367
2021-01-12 05:40:00,963.8367
2021-01-12 05:40:00,963.8367
2021-01-12 05:40:00,963.8367
2021-01-12 05:50:00,1066.7134
2021-01-12 05:50:00,1066.7134
2021-01-12 05:50:00,1066.7134
2021-01-12 05:50:00,1066.7134
2021-01-12 05:50:00,1066.7134
2021-01-12 05:50:00,1066.7134
2021-01-12 06:00:00,1169.59
2021-01-12 06:00:00,1169.59
2021-01-12 06:00:00,1169.59
2021-01-12 06:00:00,1169.59
2021-01-12 06:00:00,1169.59
2021-01-12 06:00:00,1169.59
2021-01-12 06:10:00,1034.51
2021-01-12 06:10:00,1034.51
2021-01-12 06:10:00,1034.51
2021-01-12 06:10:00,1034.51
2021-01-12 06:10:00,1034.51
2021-01-12 06:10:00,1034.51
2021-01-12 06:20:00,827.24
2021-01-12 06:20:00,827.24
2021-01-12 06:20:00,827.24
2021-01-12 06:20:00,827.24
2021-01-12 06:20:00,827.24
2021-01-12 06:20:00,827.24
2021-01-12 06:30:00,829.28
2021-01-12 06:30:00,829.28
2021-01-12 06:30:00,829.28
2021-01-12 06:30:00,829.28
2021-01-12 06:30:00,829.28
2021-01-12 06:30:00,829.28
2021-01-12 06:40:00,583.62
2021-01-12 06:40:00,583.62
2021-01-12 06:40:00,583.62
2021-01-12 06:40:00,583.62
2021-01-12 06:40:00,583.62
2021-01-12 06:40:00,583.62
2021-01-12 06:50:00,821.16
2021-01-12 06:50:00,821.16
2021-01-12 06:50:00,821.16
2021-01-12 06:50:00,821.16
2021-01-12 06:50:00,821.16
2021-01-12 06:50:00,821.16
2021-01-12 07:00:00,1059.54
2021-01-12 07:00:00,1059.54
2021-01-12 07:00:00,1059.54
2021-01-12 07:00:00,1059.54
2021-01-12 07:00:00,1059.54
2021-01-12 07:00:00,1059.54
2021-01-12 07:10:00,907.25
2021-01-12 07:10:00,907.25
2021-01-12 07:10:00,907.25
2021-01-12 07:10:00,907.25
2021-01-12 07:10:00,907.25
2021-01-12 07:10:00,907.25
2021-01-12 07:20:00,824.66
2021-01-12 07:20:00,824.66
2021-01-12 07:20:00,824.66
2021-01-12 07:20:00,824.66
2021-01-12 07:20:00,824.66
2021-01-12 07:20:00,824.66
2021-01-12 07:30:00,1066.31
2021-01-12 07:30:00,1066.31
2021-01-12 07:30:00,1066.31
2021-01-12 07:30:00,1066.31
2021-01-12 07:30:00,1066.31
2021-01-12 07:30:00,1066.31
2021-01-12 07:40:00,1041.312
2021-01-12 07:40:00,1041.312
2021-01-12 07:40:00,1041.312
2021-01-12 07:40:00,1041.312
2021-01-12 07:40:00,1041.312
2021-01-12 07:40:00,1041.312
2021-01-12 07:50:00,1016.314
2021-01-12 07:50:00,1016.314
2021-01-12 07:50:00,1016.314
2021-01-12 07:50:00,1016.314
2021-01-12 07:50:00,1016.314
2021-01-12 07:50:00,1016.314
2021-01-12 08:00:00,991.31604
2021-01-12 08:00:00,991.31604
2021-01-12 08:00:00,991.31604
2021-01-12 08:00:00,991.31604
2021-01-12 08:00:00,991.31604
2021-01-12 08:00:00,991.31604
2021-01-12 08:10:00,966.31805
2021-01-12 08:10:00,966.31805
2021-01-12 08:10:00,966.31805
2021-01-12 08:10:00,966.31805
2021-01-12 08:10:00,966.31805
2021-01-12 08:10:00,966.31805
2021-01-12 08:20:00,941.32007
2021-01-12 08:20:00,941.32007
2021-01-12 08:20:00,941.32007
2021-01-12 08:20:00,941.32007
2021-01-12 08:20:00,941.32007
2021-01-12 08:20:00,941.32007
2021-01-12 08:30:00,916.322
2021-01-12 08:30:00,916.322
2021-01-12 08:30:00,916.322
2021-01-12 08:30:00,916.322
2021-01-12 08:30:00,916.322
2021-01-12 08:30:00,916.322
2021-01-12 08:40:00,891.32404
2021-01-12 08:40:00,891.32404
2021-01-12 08:40:00,891.32404
2021-01-12 08:40:00,891.32404
2021-01-12 08:40:00,891.32404
2021-01-12 08:40:00,891.32404
2021-01-12 08:50:00,866.32605
2021-01-12 08:50:00,866.32605
2021-01-12 08:50:00,866.32605
2021-01-12 08:50:00,866.32605
2021-01-12 08:50:00,866.32605
2021-01-12 08:50:00,866.32605
2021-01-12 09:00:00,841.328
2021-01-12 09:00:00,841.328
2021-01-12 09:00:00,841.328
2021-01-12 09:00:00,841.328
2021-01-12 09:00:00,841.328
2021-01-12 09:00:00,841.328
2021-01-12 09:10:00,816.33
2021-01-12 09:10:00,816.33
2021-01-12 09:10:00,816.33
2021-01-12 09:10:00,816.33
2021-01-12 09:10:00,816.33
2021-01-12 09:10:00,816.33
2021-01-12 09:20:00,825.83
2021-01-12 09:20:00,825.83
2021-01-12 09:20:00,825.83
2021-01-12 09:20:00,825.83
2021-01-12 09:20:00,825.83
2021-01-12 09:20:00,825.83
2021-01-12 09:30:00,605.43
2021-01-12 09:30:00,605.43
2021-01-12 09:30:00,605.43
2021-01-12 09:30:00,605.43
2021-01-12 09:30:00,605.43
2021-01-12 09:30:00,605.43
2021-01-12 09:40:00,949.99
2021-01-12 09:40:00,949.99
2021-01-12 09:40:00,949.99
2021-01-12 09:40:00,949.99
2021-01-12 09:40:00,949.99
2021-01-12 09:40:00,949.99
2021-01-12 09:50:00,1042.33
2021-01-12 09:50:00,1042.33
2021-01-12 09:50:00,1042.33
2021-01-12 09:50:00,1042.33
2021-01-12 09:50:00,1042.33
2021-01-12 09:50:00,1042.33
2021-01-12 10:00:00,986.59
2021-01-12 10:00:00,986.59
2021-01-12 10:00:00,986.59
2021-01-12 10:00:00,986.59
2021-01-12 10:00:00,986.59
2021-01-12 10:00:00,986.59
2021-01-12 10:10:00,998.8
2021-01-12 10:10:00,998.8
2021-01-12 10:10:00,998.8
2021-01-12 10:10:00,998.8
2021-01-12 10:10:00,998.8
2021-01-12 10:10:00,998.8
2021-01-12 10:20:00,860.59
2021-01-12 10:20:00,860.59
2021-01-12 10:20:00,860.59
2021-01-12 10:20:00,860.59
2021-01-12 10:20:00,860.59
2021-01-12 10:20:00,860.59
2021-01-12 10:30:00,826.23
2021-01-12 10:30:00,826.23
2021-01-12 10:30:00,826.23
2021-01-12 10:30:00,826.23
2021-01-12 10:30:00,826.23
2021-01-12 10:30:00,826.23
2021-01-12 10:40:00,965.17
2021-01-12 10:40:00,965.17
2021-01-12 10:40:00,965.17
2021-01-12 10:40:00,965.17
2021-01-12 10:40:00,965.17
2021-01-12 10:40:00,965.17
2021-01-12 10:50:00,892.8
2021-01-12 10:50:00,892.8
2021-01-12 10:50:00,892.8
2021-01-12 10:50:00,892.8
2021-01-12 10:50:00,892.8
2021-01-12 10:50:00,892.8
2021-01-12 11:00:00,892.03
2021-01-12 11:00:00,892.03
2021-01-12 11:00:00,892.03
2021-01-12 11:00:00,892.03
2021-01-12 11:00:00,892.03
2021-01-12 11:00:00,892.03
2021-01-12 11:10:00,1252.14
2021-01-12 11:10:00,1252.14
2021-01-12 11:10:00,1252.14
2021-01-12 11:10:00,1252.14
2021-01-12 11:10:00,1252.14
2021-01-12 11:10:00,1252.14
2021-01-12 11:20:00,1199.985
2021-01-12 11:20:00,1199.985
2021-01-12 11:20:00,1199.985
2021-01-12 11:20:00,1199.985
2021-01-12 11:20:00,1199.985
2021-01-12 11:20:00,1199.985
2021-01-12 11:30:00,1147.83
2021-01-12 11:30:00,1147.83
2021-01-12 11:30:00,1147.83
2021-01-12 11:30:00,1147.83
2021-01-12 11:30:00,1147.83
2021-01-12 11:30:00,1147.83
2021-01-12 11:40:00,1069.01
2021-01-12 11:40:00,1069.01
2021-01-12 11:40:00,1069.01
2021-01-12 11:40:00,1069.01
2021-01-12 11:40:00,1069.01
2021-01-12 11:40:00,1069.01
2021-01-12 11:50:00,940.84
2021-01-12 11:50:00,940.84
2021-01-12 11:50:00,940.84
2021-01-12 11:50:00,940.84
2021-01-12 11:50:00,940.84
2021-01-12 11:50:00,940.84
2021-01-12 12:00:00,956.56
2021-01-12 12:00:00,956.56
2021-01-12 12:00:00,956.56
2021-01-12 12:00:00,956.56
2021-01-12 12:00:00,956.56
2021-01-12 12:00:00,956.56
2021-01-12 12:10:00,939.8
2021-01-12 12:10:00,939.8
2021-01-12 12:10:00,939.8
2021-01-12 12:10:00,939.8
2021-01-12 12:10:00,939.8
2021-01-12 12:10:00,939.8
2021-01-12 12:20:00,913.1
2021-01-12 12:20:00,913.1
2021-01-12 12:20:00,913.1
2021-01-12 12:20:00,913.1
2021-01-12 12:20:00,913.1
2021-01-12 12:20:00,913.1
2021-01-12 12:30:00,798.02
2021-01-12 12:30:00,798.02
2021-01-12 12:30:00,798.02
2021-01-12 12:30:00,798.02
2021-01-12 12:30:00,798.02
2021-01-12 12:30:00,798.02
2021-01-12 12:40:00,636.89
2021-01-12 12:40:00,636.89
2021-01-12 12:40:00,636.89
2021-01-12 12:40:00,636.89
2021-01-12 12:40:00,636.89
2021-01-12 12:40:00,636.89
2021-01-12 12:50:00,543.81
2021-01-12 12:50:00,543.81
2021-01-12 12:50:00,543.81
2021-01-12 12:50:00,543.81
2021-01-12 12:50:00,543.81
2021-01-12 12:50:00,543.81
2021-01-12 13:00:00,449.81
2021-01-12 13:00:00,449.81
2021-01-12 13:00:00,449.81
2021-01-12 13:00:00,449.81
2021-01-12 13:00:00,449.81
2021-01-12 13:00:00,449.81
2021-01-12 13:10:00,439.18
2021-01-12 13:10:00,439.18
2021-01-12 13:10:00,439.18
2021-01-12 13:10:00,439.18
2021-01-12 13:10:00,439.18
2021-01-12 13:10:00,439.18
2021-01-12 13:20:00,446.24
2021-01-12 13:20:00,446.24
2021-01-12 13:20:00,446.24
2021-01-12 13:20:00,446.24
2021-01-12 13:20:00,446.24
2021-01-12 13:20:00,446.24
2021-01-12 13:30:00,600.27
2021-01-12 13:30:00,600.27
2021-01-12 13:30:00,600.27
2021-01-12 13:30:00,600.27
2021-01-12 13:30:00,600.27
2021-01-12 13:30:00,600.27
2021-01-12 13:40:00,752.77
2021-01-12 13:40:00,752.77
2021-01-12 13:40:00,752.77
2021-01-12 13:40:00,752.77
2021-01-12 13:40:00,752.77
2021-01-12 13:40:00,752.77
2021-01-12 13:50:00,801.0
2021-01-12 13:50:00,801.0
2021-01-12 13:50:00,801.0
2021-01-12 13:50:00,801.0
2021-01-12 13:50:00,801.0
2021-01-12 13:50:00,801.0
2021-01-12 14:00:00,452.44
2021-01-12 14:00:00,452.44
2021-01-12 14:00:00,452.44
2021-01-12 14:00:00,452.44
2021-01-12 14:00:00,452.44
2021-01-12 14:00:00,452.44
2021-01-12 14:10:00,0.0
2021-01-12 14:10:00,0.0
2021-01-12 14:10:00,0.0
2021-01-12 14:10:00,0.0
2021-01-12 14:10:00,0.0
2021-01-12 14:10:00,0.0
2021-01-12 14:20:00,0.0
2021-01-12 14:20:00,0.0
2021-01-12 14:20:00,0.0
2021-01-12 14:20:00,0.0
2021-01-12 14:20:00,0.0
2021-01-12 14:20:00,0.0
2021-01-12 14:30:00,0.0
2021-01-12 14:30:00,0.0
2021-01-12 14:30:00,0.0
2021-01-12 14:30:00,0.0
2021-01-12 14:30:00,0.0
2021-01-12 14:30:00,0.0
2021-01-12 14:40:00,0.0
2021-01-12 14:40:00,0.0
2021-01-12 14:40:00,0.0
2021-01-12 14:40:00,0.0
2021-01-12 14:40:00,0.0
2021-01-12 14:40:00,0.0
2021-01-12 14:50:00,0.0
2021-01-12 14:50:00,0.0
2021-01-12 14:50:00,0.0
2021-01-12 14:50:00,0.0
2021-01-12 14:50:00,0.0
2021-01-12 14:50:00,0.0
2021-01-12 15:00:00,0.0
2021-01-12 15:00:00,0.0
2021-01-12 15:00:00,0.0
2021-01-12 15:00:00,0.0
2021-01-12 15:00:00,0.0
2021-01-12 15:00:00,0.0
2021-01-12 15:10:00,0.0
2021-01-12 15:10:00,0.0
2021-01-12 15:10:00,0.0
2021-01-12 15:10:00,0.0
2021-01-12 15:10:00,0.0
2021-01-12 15:10:00,0.0
2021-01-12 15:20:00,163.32
2021-01-12 15:20:00,163.32
2021-01-12 15:20:00,163.32
2021-01-12 15:20:00,163.32
2021-01-12 15:20:00,163.32
2021-01-12 15:20:00,163.32
2021-01-12 15:30:00,1277.55
2021-01-12 15:30:00,1277.55
2021-01-12 15:30:00,1277.55
2021-01-12 15:30:00,1277.55
2021-01-12 15:30:00,1277.55
2021-01-12 15:30:00,1277.55
2021-01-12 15:40:00,1275.665
2021-01-12 15:40:00,1275.665
2021-01-12 15:40:00,1275.665
2021-01-12 15:40:00,1275.665
2021-01-12 15:40:00,1275.665
2021-01-12 15:40:00,1275.665
2021-01-12 15:50:00,1273.78
2021-01-12 15:50:00,1273.78
2021-01-12 15:50:00,1273.78
2021-01-12 15:50:00,1273.78
2021-01-12 15:50:00,1273.78
2021-01-12 15:50:00,1273.78
2021-01-12 16:00:00,1271.895
2021-01-12 16:00:00,1271.895
2021-01-12 16:00:00,1271.895
2021-01-12 16:00:00,1271.895
2021-01-12 16:00:00,1271.895
2021-01-12 16:00:00,1271.895
2021-01-12 16:10:00,1270.01
2021-01-12 16:10:00,1270.01
2021-01-12 16:10:00,1270.01
2021-01-12 16:10:00,1270.01
2021-01-12 16:10:00,1270.01
2021-01-12 16:10:00,1270.01
2021-01-12 16:20:00,1268.125
2021-01-12 16:20:00,1268.125
2021-01-12 16:20:00,1268.125
2021-01-12 16:20:00,1268.125
2021-01-12 16:20:00,1268.125
2021-01-12 16:20:00,1268.125
2021-01-12 16:30:00,1266.24
2021-01-12 16:30:00,1266.24
2021-01-12 16:30:00,1266.24
2021-01-12 16:30:00,1266.24
2021-01-12 16:30:00,1266.24
2021-01-12 16:30:00,1266.24
2021-01-12 16:40:00,1264.3551
2021-01-12 16:40:00,1264.3551
2021-01-12 16:40:00,1264.3551
2021-01-12 16:40:00,1264.3551
2021-01-12 16:40:00,1264.3551
2021-01-12 16:40:00,1264.3551
2021-01-12 16:50:00,1262.4701
2021-01-12 16:50:00,1262.4701
2021-01-12 16:50:00,1262.4701
2021-01-12 16:50:00,1262.4701
2021-01-12 16:50:00,1262.4701
2021-01-12 16:50:00,1262.4701
2021-01-12 17:00:00,1260.5851
2021-01-12 17:00:00,1260.5851
2021-01-12 17:00:00,1260.5851
2021-01-12 17:00:00,1260.5851
2021-01-12 17:00:00,1260.5851
2021-01-12 17:00:00,1260.5851
2021-01-12 17:10:00,1258.7001
2021-01-12 17:10:00,1258.7001
2021-01-12 17:10:00,1258.7001
2021-01-12 17:10:00,1258.7001
2021-01-12 17:10:00,1258.7001
2021-01-12 17:10:00,1258.7001
2021-01-12 17:20:00,1256.8151
2021-01-12 17:20:00,1256.8151
2021-01-12 17:20:00,1256.8151
2021-01-12 17:20:00,1256.8151
2021-01-12 17:20:00,1256.8151
2021-01-12 17:20:00,1256.8151
2021-01-12 17:30:00,1254.93
2021-01-12 17:30:00,1254.93
2021-01-12 17:30:00,1254.93
2021-01-12 17:30:00,1254.93
2021-01-12 17:30:00,1254.93
2021-01-12 17:30:00,1254.93
2021-01-12 17:40:00,1253.045
2021-01-12 17:40:00,1253.045
2021-01-12 17:40:00,1253.045
2021-01-12 17:40:00,1253.045
2021-01-12 17:40:00,1253.045
2021-01-12 17:40:00,1253.045
2021-01-12 17:50:00,1251.16
2021-01-12 17:50:00,1251.16
2021-01-12 17:50:00,1251.16
2021-01-12 17:50:00,1251.16
2021-01-12 17:50:00,1251.16
2021-01-12 17:50:00,1251.16
2021-01-12 18:00:00,1249.275
2021-01-12 18:00:00,1249.275
2021-01-12 18:00:00,1249.275
2021-01-12 18:00:00,1249.275
2021-01-12 18:00:00,1249.275
2021-01-12 18:00:00,1249.275
2021-01-12 18:10:00,1247.39
2021-01-12 18:10:00,1247.39
2021-01-12 18:10:00,1247.39
2021-01-12 18:10:00,1247.39
2021-01-12 18:10:00,1247.39
2021-01-12 18:10:00,1247.39
2021-01-12 18:20:00,1245.505
2021-01-12 18:20:00,1245.505
2021-01-12 18:20:00,1245.505
2021-01-12 18:20:00,1245.505
2021-01-12 18:20:00,1245.505
2021-01-12 18:20:00,1245.505
2021-01-12 18:30:00,1243.62
2021-01-12 18:30:00,1243.62
2021-01-12 18:30:00,1243.62
2021-01-12 18:30:00,1243.62
2021-01-12 18:30:00,1243.62
2021-01-12 18:30:00,1243.62
2021-01-12 18:40:00,1241.735
2021-01-12 18:40:00,1241.735
2021-01-12 18:40:00,1241.735
2021-01-12 18:40:00,1241.735
2021-01-12 18:40:00,1241.735
2021-01-12 18:40:00,1241.735
2021-01-12 18:50:00,1239.8501
2021-01-12 18:50:00,1239.8501
2021-01-12 18:50:00,1239.8501
2021-01-12 18:50:00,1239.8501
2021-01-12 18:50:00,1239.8501
2021-01-12 18:50:00,1239.8501
2021-01-12 19:00:00,1237.9651
2021-01-12 19:00:00,1237.9651
2021-01-12 19:00:00,1237.9651
2021-01-12 19:00:00,1237.9651
2021-01-12 19:00:00,1237.9651
2021-01-12 19:00:00,1237.9651
2021-01-12 19:10:00,1236.0801
2021-01-12 19:10:00,1236.0801
2021-01-12 19:10:00,1236.0801
2021-01-12 19:10:00,1236.0801
2021-01-12 19:10:00,1236.0801
2021-01-12 19:10:00,1236.0801
2021-01-12 19:20:00,1234.1951
2021-01-12 19:20:00,1234.1951
2021-01-12 19:20:00,1234.1951
2021-01-12 19:20:00,1234.1951
2021-01-12 19:20:00,1234.1951
2021-01-12 19:20:00,1234.1951
2021-01-12 19:30:00,1232.31
2021-01-12 19:30:00,1232.31
2021-01-12 19:30:00,1232.31
2021-01-12 19:30:00,1232.31
2021-01-12 19:30:00,1232.31
2021-01-12 19:30:00,1232.31
2021-01-12 19:40:00,1230.425
2021-01-12 19:40:00,1230.425
2021-01-12 19:40:00,1230.425
2021-01-12 19:40:00,1230.425
2021-01-12 19:40:00,1230.425
2021-01-12 19:40:00,1230.425
2021-01-12 19:50:00,1228.54
2021-01-12 19:50:00,1228.54
2021-01-12 19:50:00,1228.54
2021-01-12 19:50:00,1228.54
2021-01-12 19:50:00,1228.54
2021-01-12 19:50:00,1228.54
2021-01-12 20:00:00,1145.66
2021-01-12 20:00:00,1145.66
2021-01-12 20:00:00,1145.66
2021-01-12 20:00:00,1145.66
2021-01-12 20:00:00,1145.66
2021-01-12 20:00:00,1145.66
2021-01-12 20:10:00,1246.25
2021-01-12 20:10:00,1246.25
2021-01-12 20:10:00,1246.25
2021-01-12 20:10:00,1246.25
2021-01-12 20:10:00,1246.25
2021-01-12 20:10:00,1246.25
2021-01-12 20:20:00,1194.98
2021-01-12 20:20:00,1194.98
2021-01-12 20:20:00,1194.98
2021-01-12 20:20:00,1194.98
2021-01-12 20:20:00,1194.98
2021-01-12 20:20:00,1194.98
2021-01-12 20:30:00,1143.71
2021-01-12 20:30:00,1143.71
2021-01-12 20:30:00,1143.71
2021-01-12 20:30:00,1143.71
2021-01-12 20:30:00,1143.71
2021-01-12 20:30:00,1143.71
2021-01-12 20:40:00,909.62
2021-01-12 20:40:00,909.62
2021-01-12 20:40:00,909.62
2021-01-12 20:40:00,909.62
2021-01-12 20:40:00,909.62
2021-01-12 20:40:00,909.62
2021-01-12 20:50:00,770.26
2021-01-12 20:50:00,770.26
2021-01-12 20:50:00,770.26
2021-01-12 20:50:00,770.26
2021-01-12 20:50:00,770.26
2021-01-12 20:50:00,770.26
2021-01-12 21:00:00,964.78
2021-01-12 21:00:00,964.78
2021-01-12 21:00:00,964.78
2021-01-12 21:00:00,964.78
2021-01-12 21:00:00,964.78
2021-01-12 21:00:00,964.78
2021-01-12 21:10:00,639.4
2021-01-12 21:10:00,639.4
2021-01-12 21:10:00,639.4
2021-01-12 21:10:00,639.4
2021-01-12 21:10:00,639.4
2021-01-12 21:10:00,639.4
2021-01-12 21:20:00,540.12
2021-01-12 21:20:00,540.12
2021-01-12 21:20:00,540.12
2021-01-12 21:20:00,540.12
2021-01-12 21:20:00,540.12
2021-01-12 21:20:00,540.12
2021-01-12 21:30:00,638.91
2021-01-12 21:30:00,638.91
2021-01-12 21:30:00,638.91
2021-01-12 21:30:00,638.91
2021-01-12 21:30:00,638.91
2021-01-12 21:30:00,638.91
2021-01-12 21:40:00,628.93
2021-01-12 21:40:00,628.93
2021-01-12 21:40:00,628.93
2021-01-12 21:40:00,628.93
2021-01-12 21:40:00,628.93
2021-01-12 21:40:00,628.93
2021-01-12 21:50:00,586.53
2021-01-12 21:50:00,586.53
2021-01-12 21:50:00,586.53
2021-01-12 21:50:00,586.53
2021-01-12 21:50:00,586.53
2021-01-12 21:50:00,586.53
2021-01-12 22:00:00,593.6
2021-01-12 22:00:00,593.6
2021-01-12 22:00:00,593.6
2021-01-12 22:00:00,593.6
2021-01-12 22:00:00,593.6
2021-01-12 22:00:00,593.6
2021-01-12 22:10:00,696.64
2021-01-12 22:10:00,696.64
2021-01-12 22:10:00,696.64
2021-01-12 22:10:00,696.64
2021-01-12 22:10:00,696.64
2021-01-12 22:10:00,696.64
2021-01-12 22:20:00,629.97
2021-01-12 22:20:00,629.97
2021-01-12 22:20:00,629.97
2021-01-12 22:20:00,629.97
2021-01-12 22:20:00,629.97
2021-01-12 22:20:00,629.97
2021-01-12 22:30:00,644.69
2021-01-12 22:30:00,644.69
2021-01-12 22:30:00,644.69
2021-01-12 22:30:00,644.69
2021-01-12 22:30:00,644.69
2021-01-12 22:30:00,644.69
2021-01-12 22:40:00,685.76
2021-01-12 22:40:00,685.76
2021-01-12 22:40:00,685.76
2021-01-12 22:40:00,685.76
2021-01-12 22:40:00,685.76
2021-01-12 22:40:00,685.76
2021-01-12 22:50:00,630.75
2021-01-12 22:50:00,630.75
2021-01-12 22:50:00,630.75
2021-01-12 22:50:00,630.75
2021-01-12 22:50:00,630.75
2021-01-12 22:50:00,630.75
2021-01-12 23:00:00,573.85
2021-01-12 23:00:00,573.85
2021-01-12 23:00:00,573.85
2021-01-12 23:00:00,573.85
2021-01-12 23:00:00,573.85
2021-01-12 23:00:00,573.85
2021-01-12 23:10:00,603.09
2021-01-12 23:10:00,603.09
2021-01-12 23:10:00,603.09
2021-01-12 23:10:00,603.09
2021-01-12 23:10:00,603.09
2021-01-12 23:10:00,603.09
2021-01-12 23:20:00,568.89
2021-01-12 23:20:00,568.89
2021-01-12 23:20:00,568.89
2021-01-12 23:20:00,568.89
2021-01-12 23:20:00,568.89
2021-01-12 23:20:00,568.89
2021-01-12 23:30:00,503.5
2021-01-12 23:30:00,503.5
2021-01-12 23:30:00,503.5
2021-01-12 23:30:00,503.5
2021-01-12 23:30:00,503.5
2021-01-12 23:30:00,503.5
2021-01-12 23:40:00,455.04
2021-01-12 23:40:00,455.04
2021-01-12 23:40:00,455.04
2021-01-12 23:40:00,455.04
2021-01-12 23:40:00,455.04
2021-01-12 23:40:00,455.04
2021-01-12 23:50:00,347.66
2021-01-12 23:50:00,347.66
2021-01-12 23:50:00,347.66
2021-01-12 23:50:00,347.66
2021-01-12 23:50:00,347.66
2021-01-12 23:50:00,347.66
2021-01-13 00:00:00,318.82
2021-01-13 00:00:00,318.82
2021-01-13 00:00:00,318.82
2021-01-13 00:00:00,318.82
2021-01-13 00:00:00,318.82
2021-01-13 00:00:00,318.82
2021-01-13 00:10:00,377.74
2021-01-13 00:10:00,377.74
2021-01-13 00:10:00,377.74
2021-01-13 00:10:00,377.74
2021-01-13 00:10:00,377.74
2021-01-13 00:10:00,377.74
2021-01-13 00:20:00,342.84
2021-01-13 00:20:00,342.84
2021-01-13 00:20:00,342.84
2021-01-13 00:20:00,342.84
2021-01-13 00:20:00,342.84
2021-01-13 00:20:00,342.84
2021-01-13 00:30:00,351.57
2021-01-13 00:30:00,351.57
2021-01-13 00:30:00,351.57
2021-01-13 00:30:00,351.57
2021-01-13 00:30:00,351.57
2021-01-13 00:30:00,351.57
2021-01-13 00:40:00,279.14
2021-01-13 00:40:00,279.14
2021-01-13 00:40:00,279.14
2021-01-13 00:40:00,279.14
2021-01-13 00:40:00,279.14
2021-01-13 00:40:00,279.14
2021-01-13 00:50:00,269.52
2021-01-13 00:50:00,269.52
2021-01-13 00:50:00,269.52
2021-01-13 00:50:00,269.52
2021-01-13 00:50:00,269.52
2021-01-13 00:50:00,269.52
2021-01-13 01:00:00,278.43
2021-01-13 01:00:00,278.43
2021-01-13 01:00:00,278.43
2021-01-13 01:00:00,278.43
2021-01-13 01:00:00,278.43
2021-01-13 01:00:00,278.43
2021-01-13 01:10:00,260.37
2021-01-13 01:10:00,260.37
2021-01-13 01:10:00,260.37
2021-01-13 01:10:00,260.37
2021-01-13 01:10:00,260.37
2021-01-13 01:10:00,260.37
2021-01-13 01:20:00,240.41
2021-01-13 01:20:00,240.41
2021-01-13 01:20:00,240.41
2021-01-13 01:20:00,240.41
2021-01-13 01:20:00,240.41
2021-01-13 01:20:00,240.41
2021-01-13 01:30:00,185.18
2021-01-13 01:30:00,185.18
2021-01-13 01:30:00,185.18
2021-01-13 01:30:00,185.18
2021-01-13 01:30:00,185.18
2021-01-13 01:30:00,185.18
2021-01-13 01:40:00,150.38
2021-01-13 01:40:00,150.38
2021-01-13 01:40:00,150.38
2021-01-13 01:40:00,150.38
2021-01-13 01:40:00,150.38
2021-01-13 01:40:00,150.38
2021-01-13 01:50:00,139.02
2021-01-13 01:50:00,139.02
2021-01-13 01:50:00,139.02
2021-01-13 01:50:00,139.02
2021-01-13 01:50:00,139.02
2021-01-13 01:50:00,139.02
2021-01-13 02:00:00,142.41
2021-01-13 02:00:00,142.41
2021-01-13 02:00:00,142.41
2021-01-13 02:00:00,142.41
2021-01-13 02:00:00,142.41
2021-01-13 02:00:00,142.41
2021-01-13 02:10:00,138.41
2021-01-13 02:10:00,138.41
2021-01-13 02:10:00,138.41
2021-01-13 02:10:00,138.41
2021-01-13 02:10:00,138.41
2021-01-13 02:10:00,138.41
2021-01-13 02:20:00,124.43
2021-01-13 02:20:00,124.43
2021-01-13 02:20:00,124.43
2021-01-13 02:20:00,124.43
2021-01-13 02:20:00,124.43
2021-01-13 02:20:00,124.43
2021-01-13 02:30:00,124.33
2021-01-13 02:30:00,124.33
2021-01-13 02:30:00,124.33
2021-01-13 02:30:00,124.33
2021-01-13 02:30:00,124.33
2021-01-13 02:30:00,124.33
2021-01-13 02:40:00,154.96
2021-01-13 02:40:00,154.96
2021-01-13 02:40:00,154.96
2021-01-13 02:40:00,154.96
2021-01-13 02:40:00,154.96
2021-01-13 02:40:00,154.96
2021-01-13 02:50:00,173.01
2021-01-13 02:50:00,173.01
2021-01-13 02:50:00,173.01
2021-01-13 02:50:00,173.01
2021-01-13 02:50:00,173.01
2021-01-13 02:50:00,173.01
2021-01-13 03:00:00,177.26
2021-01-13 03:00:00,177.26
2021-01-13 03:00:00,177.26
2021-01-13 03:00:00,177.26
2021-01-13 03:00:00,177.26
2021-01-13 03:00:00,177.26
2021-01-13 03:10:00,201.92
2021-01-13 03:10:00,201.92
2021-01-13 03:10:00,201.92
2021-01-13 03:10:00,201.92
2021-01-13 03:10:00,201.92
2021-01-13 03:10:00,201.92
2021-01-13 03:20:00,266.92
2021-01-13 03:20:00,266.92
2021-01-13 03:20:00,266.92
2021-01-13 03:20:00,266.92
2021-01-13 03:20:00,266.92
2021-01-13 03:20:00,266.92
2021-01-13 03:30:00,229.66
2021-01-13 03:30:00,229.66
2021-01-13 03:30:00,229.66
2021-01-13 03:30:00,229.66
2021-01-13 03:30:00,229.66
2021-01-13 03:30:00,229.66
2021-01-13 03:40:00,145.67
2021-01-13 03:40:00,145.67
2021-01-13 03:40:00,145.67
2021-01-13 03:40:00,145.67
2021-01-13 03:40:00,145.67
2021-01-13 03:40:00,145.67
2021-01-13 03:50:00,140.89
2021-01-13 03:50:00,140.89
2021-01-13 03:50:00,140.89
2021-01-13 03:50:00,140.89
2021-01-13 03:50:00,140.89
2021-01-13 03:50:00,140.89
2021-01-13 04:00:00,175.46
2021-01-13 04:00:00,175.46
2021-01-13 04:00:00,175.46
2021-01-13 04:00:00,175.46
2021-01-13 04:00:00,175.46
2021-01-13 04:00:00,175.46
2021-01-13 04:10:00,306.07
2021-01-13 04:10:00,306.07
2021-01-13 04:10:00,306.07
2021-01-13 04:10:00,306.07
2021-01-13 04:10:00,306.07
2021-01-13 04:10:00,306.07
2021-01-13 04:20:00,380.11
2021-01-13 04:20:00,380.11
2021-01-13 04:20:00,380.11
2021-01-13 04:20:00,380.11
2021-01-13 04:20:00,380.11
2021-01-13 04:20:00,380.11
2021-01-13 04:30:00,330.76
2021-01-13 04:30:00,330.76
2021-01-13 04:30:00,330.76
2021-01-13 04:30:00,330.76
2021-01-13 04:30:00,330.76
2021-01-13 04:30:00,330.76
2021-01-13 04:40:00,322.84
2021-01-13 04:40:00,322.84
2021-01-13 04:40:00,322.84
2021-01-13 04:40:00,322.84
2021-01-13 04:40:00,322.84
2021-01-13 04:40:00,322.84
2021-01-13 04:50:00,332.47
2021-01-13 04:50:00,332.47
2021-01-13 04:50:00,332.47
2021-01-13 04:50:00,332.47
2021-01-13 04:50:00,332.47
2021-01-13 04:50:00,332.47
2021-01-13 05:00:00,414.08
2021-01-13 05:00:00,414.08
2021-01-13 05:00:00,414.08
2021-01-13 05:00:00,414.08
2021-01-13 05:00:00,414.08
2021-01-13 05:00:00,414.08
2021-01-13 05:10:00,400.11
2021-01-13 05:10:00,400.11
2021-01-13 05:10:00,400.11
2021-01-13 05:10:00,400.11
2021-01-13 05:10:00,400.11
2021-01-13 05:10:00,400.11
2021-01-13 05:20:00,423.48
2021-01-13 05:20:00,423.48
2021-01-13 05:20:00,423.48
2021-01-13 05:20:00,423.48
2021-01-13 05:20:00,423.48
2021-01-13 05:20:00,423.48
2021-01-13 05:30:00,371.44
2021-01-13 05:30:00,371.44
2021-01-13 05:30:00,371.44
2021-01-13 05:30:00,371.44
2021-01-13 05:30:00,371.44
2021-01-13 05:30:00,371.44
2021-01-13 05:40:00,379.66
2021-01-13 05:40:00,379.66
2021-01-13 05:40:00,379.66
2021-01-13 05:40:00,379.66
2021-01-13 05:40:00,379.66
2021-01-13 05:40:00,379.66
2021-01-13 05:50:00,471.16
2021-01-13 05:50:00,471.16
2021-01-13 05:50:00,471.16
2021-01-13 05:50:00,471.16
2021-01-13 05:50:00,471.16
2021-01-13 05:50:00,471.16
2021-01-13 06:00:00,540.79
2021-01-13 06:00:00,540.79
2021-01-13 06:00:00,540.79
2021-01-13 06:00:00,540.79
2021-01-13 06:00:00,540.79
2021-01-13 06:00:00,540.79
2021-01-13 06:10:00,626.3
2021-01-13 06:10:00,626.3
2021-01-13 06:10:00,626.3
2021-01-13 06:10:00,626.3
2021-01-13 06:10:00,626.3
2021-01-13 06:10:00,626.3
2021-01-13 06:20:00,537.35
2021-01-13 06:20:00,537.35
2021-01-13 06:20:00,537.35
2021-01-13 06:20:00,537.35
2021-01-13 06:20:00,537.35
2021-01-13 06:20:00,537.35
2021-01-13 06:30:00,467.65
2021-01-13 06:30:00,467.65
2021-01-13 06:30:00,467.65
2021-01-13 06:30:00,467.65
2021-01-13 06:30:00,467.65
2021-01-13 06:30:00,467.65
2021-01-13 06:40:00,380.69
2021-01-13 06:40:00,380.69
2021-01-13 06:40:00,380.69
2021-01-13 06:40:00,380.69
2021-01-13 06:40:00,380.69
2021-01-13 06:40:00,380.69
2021-01-13 06:50:00,264.55
2021-01-13 06:50:00,264.55
2021-01-13 06:50:00,264.55
2021-01-13 06:50:00,264.55
2021-01-13 06:50:00,264.55
2021-01-13 06:50:00,264.55
2021-01-13 07:00:00,482.57
2021-01-13 07:00:00,482.57
2021-01-13 07:00:00,482.57
2021-01-13 07:00:00,482.57
2021-01-13 07:00:00,482.57
2021-01-13 07:00:00,482.57
2021-01-13 07:10:00,527.87
2021-01-13 07:10:00,527.87
2021-01-13 07:10:00,527.87
2021-01-13 07:10:00,527.87
2021-01-13 07:10:00,527.87
2021-01-13 07:10:00,527.87
2021-01-13 07:20:00,466.69
2021-01-13 07:20:00,466.69
2021-01-13 07:20:00,466.69
2021-01-13 07:20:00,466.69
2021-01-13 07:20:00,466.69
2021-01-13 07:20:00,466.69
2021-01-13 07:30:00,300.54
2021-01-13 07:30:00,300.54
2021-01-13 07:30:00,300.54
2021-01-13 07:30:00,300.54
2021-01-13 07:30:00,300.54
2021-01-13 07:30:00,300.54
2021-01-13 07:40:00,258.41
2021-01-13 07:40:00,258.41
2021-01-13 07:40:00,258.41
2021-01-13 07:40:00,258.41
2021-01-13 07:40:00,258.41
2021-01-13 07:40:00,258.41
2021-01-13 07:50:00,174.95
2021-01-13 07:50:00,174.95
2021-01-13 07:50:00,174.95
2021-01-13 07:50:00,174.95
2021-01-13 07:50:00,174.95
2021-01-13 07:50:00,174.95
2021-01-13 08:00:00,116.75
2021-01-13 08:00:00,116.75
2021-01-13 08:00:00,116.75
2021-01-13 08:00:00,116.75
2021-01-13 08:00:00,116.75
2021-01-13 08:00:00,116.75
2021-01-13 08:10:00,76.71
2021-01-13 08:10:00,76.71
2021-01-13 08:10:00,76.71
2021-01-13 08:10:00,76.71
2021-01-13 08:10:00,76.71
2021-01-13 08:10:00,76.71
2021-01-13 08:20:00,71.62
2021-01-13 08:20:00,71.62
2021-01-13 08:20:00,71.62
2021-01-13 08:20:00,71.62
2021-01-13 08:20:00,71.62
2021-01-13 08:20:00,71.62
2021-01-13 08:30:00,130.91
2021-01-13 08:30:00,130.91
2021-01-13 08:30:00,130.91
2021-01-13 08:30:00,130.91
2021-01-13 08:30:00,130.91
2021-01-13 08:30:00,130.91
2021-01-13 08:40:00,95.25
2021-01-13 08:40:00,95.25
2021-01-13 08:40:00,95.25
2021-01-13 08:40:00,95.25
2021-01-13 08:40:00,95.25
2021-01-13 08:40:00,95.25
2021-01-13 08:50:00,80.43
2021-01-13 08:50:00,80.43
2021-01-13 08:50:00,80.43
2021-01-13 08:50:00,80.43
2021-01-13 08:50:00,80.43
2021-01-13 08:50:00,80.43
2021-01-13 09:00:00,114.55
2021-01-13 09:00:00,114.55
2021-01-13 09:00:00,114.55
2021-01-13 09:00:00,114.55
2021-01-13 09:00:00,114.55
2021-01-13 09:00:00,114.55
2021-01-13 09:10:00,93.58
2021-01-13 09:10:00,93.58
2021-01-13 09:10:00,93.58
2021-01-13 09:10:00,93.58
2021-01-13 09:10:00,93.58
2021-01-13 09:10:00,93.58
2021-01-13 09:20:00,120.04
2021-01-13 09:20:00,120.04
2021-01-13 09:20:00,120.04
2021-01-13 09:20:00,120.04
2021-01-13 09:20:00,120.04
2021-01-13 09:20:00,120.04
2021-01-13 09:30:00,123.97
2021-01-13 09:30:00,123.97
2021-01-13 09:30:00,123.97
2021-01-13 09:30:00,123.97
2021-01-13 09:30:00,123.97
2021-01-13 09:30:00,123.97
2021-01-13 09:40:00,64.99
2021-01-13 09:40:00,64.99
2021-01-13 09:40:00,64.99
2021-01-13 09:40:00,64.99
2021-01-13 09:40:00,64.99
2021-01-13 09:40:00,64.99
2021-01-13 09:50:00,21.18
2021-01-13 09:50:00,21.18
2021-01-13 09:50:00,21.18
2021-01-13 09:50:00,21.18
2021-01-13 09:50:00,21.18
2021-01-13 09:50:00,21.18
2021-01-13 10:00:00,8.22
2021-01-13 10:00:00,8.22
2021-01-13 10:00:00,8.22
2021-01-13 10:00:00,8.22
2021-01-13 10:00:00,8.22
2021-01-13 10:00:00,8.22
2021-01-13 10:10:00,60.4
2021-01-13 10:10:00,60.4
2021-01-13 10:10:00,60.4
2021-01-13 10:10:00,60.4
2021-01-13 10:10:00,60.4
2021-01-13 10:10:00,60.4
2021-01-13 10:20:00,101.47
2021-01-13 10:20:00,101.47
2021-01-13 10:20:00,101.47
2021-01-13 10:20:00,101.47
2021-01-13 10:20:00,101.47
2021-01-13 10:20:00,101.47
2021-01-13 10:30:00,176.29
2021-01-13 10:30:00,176.29
2021-01-13 10:30:00,176.29
2021-01-13 10:30:00,176.29
2021-01-13 10:30:00,176.29
2021-01-13 10:30:00,176.29
2021-01-13 10:40:00,323.48
2021-01-13 10:40:00,323.48
2021-01-13 10:40:00,323.48
2021-01-13 10:40:00,323.48
2021-01-13 10:40:00,323.48
2021-01-13 10:40:00,323.48
2021-01-13 10:50:00,403.1
2021-01-13 10:50:00,403.1
2021-01-13 10:50:00,403.1
2021-01-13 10:50:00,403.1
2021-01-13 10:50:00,403.1
2021-01-13 10:50:00,403.1
2021-01-13 11:00:00,404.48
2021-01-13 11:00:00,404.48
2021-01-13 11:00:00,404.48
2021-01-13 11:00:00,404.48
2021-01-13 11:00:00,404.48
2021-01-13 11:00:00,404.48
2021-01-13 11:10:00,249.36
2021-01-13 11:10:00,249.36
2021-01-13 11:10:00,249.36
2021-01-13 11:10:00,249.36
2021-01-13 11:10:00,249.36
2021-01-13 11:10:00,249.36
2021-01-13 11:20:00,177.36
2021-01-13 11:20:00,177.36
2021-01-13 11:20:00,177.36
2021-01-13 11:20:00,177.36
2021-01-13 11:20:00,177.36
2021-01-13 11:20:00,177.36
2021-01-13 11:30:00,125.96
2021-01-13 11:30:00,125.96
2021-01-13 11:30:00,125.96
2021-01-13 11:30:00,125.96
2021-01-13 11:30:00,125.96
2021-01-13 11:30:00,125.96
2021-01-13 11:40:00,37.21
2021-01-13 11:40:00,37.21
2021-01-13 11:40:00,37.21
2021-01-13 11:40:00,37.21
2021-01-13 11:40:00,37.21
2021-01-13 11:40:00,37.21
2021-01-13 11:50:00,0.0
2021-01-13 11:50:00,0.0
2021-01-13 11:50:00,0.0
2021-01-13 11:50:00,0.0
2021-01-13 11:50:00,0.0
2021-01-13 11:50:00,0.0
2021-01-13 12:00:00,0.0
2021-01-13 12:00:00,0.0
2021-01-13 12:00:00,0.0
2021-01-13 12:00:00,0.0
2021-01-13 12:00:00,0.0
2021-01-13 12:00:00,0.0
2021-01-13 12:10:00,0.0
2021-01-13 12:10:00,0.0
2021-01-13 12:10:00,0.0
2021-01-13 12:10:00,0.0
2021-01-13 12:10:00,0.0
2021-01-13 12:10:00,0.0
2021-01-13 12:20:00,0.0
2021-01-13 12:20:00,0.0
2021-01-13 12:20:00,0.0
2021-01-13 12:20:00,0.0
2021-01-13 12:20:00,0.0
2021-01-13 12:20:00,0.0
2021-01-13 12:30:00,0.0
2021-01-13 12:30:00,0.0
2021-01-13 12:30:00,0.0
2021-01-13 12:30:00,0.0
2021-01-13 12:30:00,0.0
2021-01-13 12:30:00,0.0
2021-01-13 12:40:00,0.0
2021-01-13 12:40:00,0.0
2021-01-13 12:40:00,0.0
2021-01-13 12:40:00,0.0
2021-01-13 12:40:00,0.0
2021-01-13 12:40:00,0.0
2021-01-13 12:50:00,0.0
2021-01-13 12:50:00,0.0
2021-01-13 12:50:00,0.0
2021-01-13 12:50:00,0.0
2021-01-13 12:50:00,0.0
2021-01-13 12:50:00,0.0
2021-01-13 13:00:00,0.0
2021-01-13 13:00:00,0.0
2021-01-13 13:00:00,0.0
2021-01-13 13:00:00,0.0
2021-01-13 13:00:00,0.0
2021-01-13 13:00:00,0.0
2021-01-13 13:10:00,0.0
2021-01-13 13:10:00,0.0
2021-01-13 13:10:00,0.0
2021-01-13 13:10:00,0.0
2021-01-13 13:10:00,0.0
2021-01-13 13:10:00,0.0
2021-01-13 13:20:00,0.0
2021-01-13 13:20:00,0.0
2021-01-13 13:20:00,0.0
2021-01-13 13:20:00,0.0
2021-01-13 13:20:00,0.0
2021-01-13 13:20:00,0.0
2021-01-13 13:30:00,0.0
2021-01-13 13:30:00,0.0
2021-01-13 13:30:00,0.0
2021-01-13 13:30:00,0.0
2021-01-13 13:30:00,0.0
2021-01-13 13:30:00,0.0
2021-01-13 13:40:00,9.88
2021-01-13 13:40:00,9.88
2021-01-13 13:40:00,9.88
2021-01-13 13:40:00,9.88
2021-01-13 13:40:00,9.88
2021-01-13 13:40:00,9.88
2021-01-13 13:50:00,190.46
2021-01-13 13:50:00,190.46
2021-01-13 13:50:00,190.46
2021-01-13 13:50:00,190.46
2021-01-13 13:50:00,190.46
2021-01-13 13:50:00,190.46
2021-01-13 14:00:00,338.41
2021-01-13 14:00:00,338.41
2021-01-13 14:00:00,338.41
2021-01-13 14:00:00,338.41
2021-01-13 14:00:00,338.41
2021-01-13 14:00:00,338.41
2021-01-13 14:10:00,367.94
2021-01-13 14:10:00,367.94
2021-01-13 14:10:00,367.94
2021-01-13 14:10:00,367.94
2021-01-13 14:10:00,367.94
2021-01-13 14:10:00,367.94
2021-01-13 14:20:00,247.93
2021-01-13 14:20:00,247.93
2021-01-13 14:20:00,247.93
2021-01-13 14:20:00,247.93
2021-01-13 14:20:00,247.93
2021-01-13 14:20:00,247.93
2021-01-13 14:30:00,545.3
2021-01-13 14:30:00,545.3
2021-01-13 14:30:00,545.3
2021-01-13 14:30:00,545.3
2021-01-13 14:30:00,545.3
2021-01-13 14:30:00,545.3
2021-01-13 14:40:00,933.2
2021-01-13 14:40:00,933.2
2021-01-13 14:40:00,933.2
2021-01-13 14:40:00,933.2
2021-01-13 14:40:00,933.2
2021-01-13 14:40:00,933.2
2021-01-13 14:50:00,726.99
2021-01-13 14:50:00,726.99
2021-01-13 14:50:00,726.99
2021-01-13 14:50:00,726.99
2021-01-13 14:50:00,726.99
2021-01-13 14:50:00,726.99
2021-01-13 15:00:00,633.83
2021-01-13 15:00:00,633.83
2021-01-13 15:00:00,633.83
2021-01-13 15:00:00,633.83
2021-01-13 15:00:00,633.83
2021-01-13 15:00:00,633.83
2021-01-13 15:10:00,1028.89
2021-01-13 15:10:00,1028.89
2021-01-13 15:10:00,1028.89
2021-01-13 15:10:00,1028.89
2021-01-13 15:10:00,1028.89
2021-01-13 15:10:00,1028.89
2021-01-13 15:20:00,1065.76
2021-01-13 15:20:00,1065.76
2021-01-13 15:20:00,1065.76
2021-01-13 15:20:00,1065.76
2021-01-13 15:20:00,1065.76
2021-01-13 15:20:00,1065.76
2021-01-13 15:30:00,1167.66
2021-01-13 15:30:00,1167.66
2021-01-13 15:30:00,1167.66
2021-01-13 15:30:00,1167.66
2021-01-13 15:30:00,1167.66
2021-01-13 15:30:00,1167.66
2021-01-13 15:40:00,834.53
2021-01-13 15:40:00,834.53
2021-01-13 15:40:00,834.53
2021-01-13 15:40:00,834.53
2021-01-13 15:40:00,834.53
2021-01-13 15:40:00,834.53
2021-01-13 15:50:00,763.02
2021-01-13 15:50:00,763.02
2021-01-13 15:50:00,763.02
2021-01-13 15:50:00,763.02
2021-01-13 15:50:00,763.02
2021-01-13 15:50:00,763.02
2021-01-13 16:00:00,312.36
2021-01-13 16:00:00,312.36
2021-01-13 16:00:00,312.36
2021-01-13 16:00:00,312.36
2021-01-13 16:00:00,312.36
2021-01-13 16:00:00,312.36
2021-01-13 16:10:00,263.84
2021-01-13 16:10:00,263.84
2021-01-13 16:10:00,263.84
2021-01-13 16:10:00,263.84
2021-01-13 16:10:00,263.84
2021-01-13 16:10:00,263.84
2021-01-13 16:20:00,320.98
2021-01-13 16:20:00,320.98
2021-01-13 16:20:00,320.98
2021-01-13 16:20:00,320.98
2021-01-13 16:20:00,320.98
2021-01-13 16:20:00,320.98
2021-01-13 16:30:00,340.64
2021-01-13 16:30:00,340.64
2021-01-13 16:30:00,340.64
2021-01-13 16:30:00,340.64
2021-01-13 16:30:00,340.64
2021-01-13 16:30:00,340.64
2021-01-13 16:40:00,624.36
2021-01-13 16:40:00,624.36
2021-01-13 16:40:00,624.36
2021-01-13 16:40:00,624.36
2021-01-13 16:40:00,624.36
2021-01-13 16:40:00,624.36
2021-01-13 16:50:00,440.94
2021-01-13 16:50:00,440.94
2021-01-13 16:50:00,440.94
2021-01-13 16:50:00,440.94
2021-01-13 16:50:00,440.94
2021-01-13 16:50:00,440.94
2021-01-13 17:00:00,489.35
2021-01-13 17:00:00,489.35
2021-01-13 17:00:00,489.35
2021-01-13 17:00:00,489.35
2021-01-13 17:00:00,489.35
2021-01-13 17:00:00,489.35
2021-01-13 17:10:00,221.3
2021-01-13 17:10:00,221.3
2021-01-13 17:10:00,221.3
2021-01-13 17:10:00,221.3
2021-01-13 17:10:00,221.3
2021-01-13 17:10:00,221.3
2021-01-13 17:20:00,118.19
2021-01-13 17:20:00,118.19
2021-01-13 17:20:00,118.19
2021-01-13 17:20:00,118.19
2021-01-13 17:20:00,118.19
2021-01-13 17:20:00,118.19
2021-01-13 17:30:00,197.61
2021-01-13 17:30:00,197.61
2021-01-13 17:30:00,197.61
2021-01-13 17:30:00,197.61
2021-01-13 17:30:00,197.61
2021-01-13 17:30:00,197.61
2021-01-13 17:40:00,141.88
2021-01-13 17:40:00,141.88
2021-01-13 17:40:00,141.88
2021-01-13 17:40:00,141.88
2021-01-13 17:40:00,141.88
2021-01-13 17:40:00,141.88
2021-01-13 17:50:00,106.63
2021-01-13 17:50:00,106.63
2021-01-13 17:50:00,106.63
2021-01-13 17:50:00,106.63
2021-01-13 17:50:00,106.63
2021-01-13 17:50:00,106.63
2021-01-13 18:00:00,104.29
2021-01-13 18:00:00,104.29
2021-01-13 18:00:00,104.29
2021-01-13 18:00:00,104.29
2021-01-13 18:00:00,104.29
2021-01-13 18:00:00,104.29
2021-01-13 18:10:00,66.58
2021-01-13 18:10:00,66.58
2021-01-13 18:10:00,66.58
2021-01-13 18:10:00,66.58
2021-01-13 18:10:00,66.58
2021-01-13 18:10:00,66.58
2021-01-13 18:20:00,63.53
2021-01-13 18:20:00,63.53
2021-01-13 18:20:00,63.53
2021-01-13 18:20:00,63.53
2021-01-13 18:20:00,63.53
2021-01-13 18:20:00,63.53
2021-01-13 18:30:00,68.37
2021-01-13 18:30:00,68.37
2021-01-13 18:30:00,68.37
2021-01-13 18:30:00,68.37
2021-01-13 18:30:00,68.37
2021-01-13 18:30:00,68.37
2021-01-13 18:40:00,64.58
2021-01-13 18:40:00,64.58
2021-01-13 18:40:00,64.58
2021-01-13 18:40:00,64.58
2021-01-13 18:40:00,64.58
2021-01-13 18:40:00,64.58
2021-01-13 18:50:00,128.47
2021-01-13 18:50:00,128.47
2021-01-13 18:50:00,128.47
2021-01-13 18:50:00,128.47
2021-01-13 18:50:00,128.47
2021-01-13 18:50:00,128.47
2021-01-13 19:00:00,127.88
2021-01-13 19:00:00,127.88
2021-01-13 19:00:00,127.88
2021-01-13 19:00:00,127.88
2021-01-13 19:00:00,127.88
2021-01-13 19:00:00,127.88
2021-01-13 19:10:00,118.04
2021-01-13 19:10:00,118.04
2021-01-13 19:10:00,118.04
2021-01-13 19:10:00,118.04
2021-01-13 19:10:00,118.04
2021-01-13 19:10:00,118.04
2021-01-13 19:20:00,108.14
2021-01-13 19:20:00,108.14
2021-01-13 19:20:00,108.14
2021-01-13 19:20:00,108.14
2021-01-13 19:20:00,108.14
2021-01-13 19:20:00,108.14
2021-01-13 19:30:00,269.43
2021-01-13 19:30:00,269.43
2021-01-13 19:30:00,269.43
2021-01-13 19:30:00,269.43
2021-01-13 19:30:00,269.43
2021-01-13 19:30:00,269.43
2021-01-13 19:40:00,416.37
2021-01-13 19:40:00,416.37
2021-01-13 19:40:00,416.37
2021-01-13 19:40:00,416.37
2021-01-13 19:40:00,416.37
2021-01-13 19:40:00,416.37
2021-01-13 19:50:00,386.65
2021-01-13 19:50:00,386.65
2021-01-13 19:50:00,386.65
2021-01-13 19:50:00,386.65
2021-01-13 19:50:00,386.65
2021-01-13 19:50:00,386.65
2021-01-13 20:00:00,291.06
2021-01-13 20:00:00,291.06
2021-01-13 20:00:00,291.06
2021-01-13 20:00:00,291.06
2021-01-13 20:00:00,291.06
2021-01-13 20:00:00,291.06
2021-01-13 20:10:00,173.33
2021-01-13 20:10:00,173.33
2021-01-13 20:10:00,173.33
2021-01-13 20:10:00,173.33
2021-01-13 20:10:00,173.33
2021-01-13 20:10:00,173.33
2021-01-13 20:20:00,243.12
2021-01-13 20:20:00,243.12
2021-01-13 20:20:00,243.12
2021-01-13 20:20:00,243.12
2021-01-13 20:20:00,243.12
2021-01-13 20:20:00,243.12
2021-01-13 20:30:00,203.06
2021-01-13 20:30:00,203.06
2021-01-13 20:30:00,203.06
2021-01-13 20:30:00,203.06
2021-01-13 20:30:00,203.06
2021-01-13 20:30:00,203.06
2021-01-13 20:40:00,624.38
2021-01-13 20:40:00,624.38
2021-01-13 20:40:00,624.38
2021-01-13 20:40:00,624.38
2021-01-13 20:40:00,624.38
2021-01-13 20:40:00,624.38
2021-01-13 20:50:00,705.61
2021-01-13 20:50:00,705.61
2021-01-13 20:50:00,705.61
2021-01-13 20:50:00,705.61
2021-01-13 20:50:00,705.61
2021-01-13 20:50:00,705.61
2021-01-13 21:00:00,476.71
2021-01-13 21:00:00,476.71
2021-01-13 21:00:00,476.71
2021-01-13 21:00:00,476.71
2021-01-13 21:00:00,476.71
2021-01-13 21:00:00,476.71
2021-01-13 21:10:00,276.8
2021-01-13 21:10:00,276.8
2021-01-13 21:10:00,276.8
2021-01-13 21:10:00,276.8
2021-01-13 21:10:00,276.8
2021-01-13 21:10:00,276.8
2021-01-13 21:20:00,274.5
2021-01-13 21:20:00,274.5
2021-01-13 21:20:00,274.5
2021-01-13 21:20:00,274.5
2021-01-13 21:20:00,274.5
2021-01-13 21:20:00,274.5
2021-01-13 21:30:00,270.36
2021-01-13 21:30:00,270.36
2021-01-13 21:30:00,270.36
2021-01-13 21:30:00,270.36
2021-01-13 21:30:00,270.36
2021-01-13 21:30:00,270.36
2021-01-13 21:40:00,411.1
2021-01-13 21:40:00,411.1
2021-01-13 21:40:00,411.1
2021-01-13 21:40:00,411.1
2021-01-13 21:40:00,411.1
2021-01-13 21:40:00,411.1
2021-01-13 21:50:00,517.48
2021-01-13 21:50:00,517.48
2021-01-13 21:50:00,517.48
2021-01-13 21:50:00,517.48
2021-01-13 21:50:00,517.48
2021-01-13 21:50:00,517.48
2021-01-13 22:00:00,618.86
2021-01-13 22:00:00,618.86
2021-01-13 22:00:00,618.86
2021-01-13 22:00:00,618.86
2021-01-13 22:00:00,618.86
2021-01-13 22:00:00,618.86
2021-01-13 22:10:00,818.59
2021-01-13 22:10:00,818.59
2021-01-13 22:10:00,818.59
2021-01-13 22:10:00,818.59
2021-01-13 22:10:00,818.59
2021-01-13 22:10:00,818.59
2021-01-13 22:20:00,1133.28
2021-01-13 22:20:00,1133.28
2021-01-13 22:20:00,1133.28
2021-01-13 22:20:00,1133.28
2021-01-13 22:20:00,1133.28
2021-01-13 22:20:00,1133.28
2021-01-13 22:30:00,899.05
2021-01-13 22:30:00,899.05
2021-01-13 22:30:00,899.05
2021-01-13 22:30:00,899.05
2021-01-13 22:30:00,899.05
2021-01-13 22:30:00,899.05
2021-01-13 22:40:00,1096.55
2021-01-13 22:40:00,1096.55
2021-01-13 22:40:00,1096.55
2021-01-13 22:40:00,1096.55
2021-01-13 22:40:00,1096.55
2021-01-13 22:40:00,1096.55
2021-01-13 22:50:00,1016.84
2021-01-13 22:50:00,1016.84
2021-01-13 22:50:00,1016.84
2021-01-13 22:50:00,1016.84
2021-01-13 22:50:00,1016.84
2021-01-13 22:50:00,1016.84
2021-01-13 23:00:00,1127.31
2021-01-13 23:00:00,1127.31
2021-01-13 23:00:00,1127.31
2021-01-13 23:00:00,1127.31
2021-01-13 23:00:00,1127.31
2021-01-13 23:00:00,1127.31
2021-01-13 23:10:00,1161.88
2021-01-13 23:10:00,1161.88
2021-01-13 23:10:00,1161.88
2021-01-13 23:10:00,1161.88
2021-01-13 23:10:00,1161.88
2021-01-13 23:10:00,1161.88
2021-01-13 23:20:00,986.69
2021-01-13 23:20:00,986.69
2021-01-13 23:20:00,986.69
2021-01-13 23:20:00,986.69
2021-01-13 23:20:00,986.69
2021-01-13 23:20:00,986.69
2021-01-13 23:30:00,1137.88
2021-01-13 23:30:00,1137.88
2021-01-13 23:30:00,1137.88
2021-01-13 23:30:00,1137.88
2021-01-13 23:30:00,1137.88
2021-01-13 23:30:00,1137.88
2021-01-13 23:40:00,1024.88
2021-01-13 23:40:00,1024.88
2021-01-13 23:40:00,1024.88
2021-01-13 23:40:00,1024.88
2021-01-13 23:40:00,1024.88
2021-01-13 23:40:00,1024.88
2021-01-13 23:50:00,911.88
2021-01-13 23:50:00,911.88
2021-01-13 23:50:00,911.88
2021-01-13 23:50:00,911.88
2021-01-13 23:50:00,911.88
2021-01-13 23:50:00,911.88
2021-01-14 00:00:00,711.83
2021-01-14 00:00:00,711.83
2021-01-14 00:00:00,711.83
2021-01-14 00:00:00,711.83
2021-01-14 00:00:00,711.83
2021-01-14 00:00:00,711.83
2021-01-14 00:10:00,726.47
2021-01-14 00:10:00,726.47
2021-01-14 00:10:00,726.47
2021-01-14 00:10:00,726.47
2021-01-14 00:10:00,726.47
2021-01-14 00:10:00,726.47
2021-01-14 00:20:00,1013.43
2021-01-14 00:20:00,1013.43
2021-01-14 00:20:00,1013.43
2021-01-14 00:20:00,1013.43
2021-01-14 00:20:00,1013.43
2021-01-14 00:20:00,1013.43
2021-01-14 00:30:00,1123.52
2021-01-14 00:30:00,1123.52
2021-01-14 00:30:00,1123.52
2021-01-14 00:30:00,1123.52
2021-01-14 00:30:00,1123.52
2021-01-14 00:30:00,1123.52
2021-01-14 00:40:00,1152.4
2021-01-14 00:40:00,1152.4
2021-01-14 00:40:00,1152.4
2021-01-14 00:40:00,1152.4
2021-01-14 00:40:00,1152.4
2021-01-14 00:40:00,1152.4
2021-01-14 00:50:00,1115.0333
2021-01-14 00:50:00,1115.0333
2021-01-14 00:50:00,1115.0333
2021-01-14 00:50:00,1115.0333
2021-01-14 00:50:00,1115.0333
2021-01-14 00:50:00,1115.0333
2021-01-14 01:00:00,1077.6667
2021-01-14 01:00:00,1077.6667
2021-01-14 01:00:00,1077.6667
2021-01-14 01:00:00,1077.6667
2021-01-14 01:00:00,1077.6667
2021-01-14 01:00:00,1077.6667
2021-01-14 01:10:00,1040.3
2021-01-14 01:10:00,1040.3
2021-01-14 01:10:00,1040.3
2021-01-14 01:10:00,1040.3
2021-01-14 01:10:00,1040.3
2021-01-14 01:10:00,1040.3
2021-01-14 01:20:00,1002.93335
2021-01-14 01:20:00,1002.93335
2021-01-14 01:20:00,1002.93335
2021-01-14 01:20:00,1002.93335
2021-01-14 01:20:00,1002.93335
2021-01-14 01:20:00,1002.93335
2021-01-14 01:30:00,965.56665
2021-01-14 01:30:00,965.56665
2021-01-14 01:30:00,965.56665
2021-01-14 01:30:00,965.56665
2021-01-14 01:30:00,965.56665
2021-01-14 01:30:00,965.56665
2021-01-14 01:40:00,928.2
2021-01-14 01:40:00,928.2
2021-01-14 01:40:00,928.2
2021-01-14 01:40:00,928.2
2021-01-14 01:40:00,928.2
2021-01-14 01:40:00,928.2
2021-01-14 01:50:00,604.77
2021-01-14 01:50:00,604.77
2021-01-14 01:50:00,604.77
2021-01-14 01:50:00,604.77
2021-01-14 01:50:00,604.77
2021-01-14 01:50:00,604.77
2021-01-14 02:00:00,451.63
2021-01-14 02:00:00,451.63
2021-01-14 02:00:00,451.63
2021-01-14 02:00:00,451.63
2021-01-14 02:00:00,451.63
2021-01-14 02:00:00,451.63
2021-01-14 02:10:00,546.64
2021-01-14 02:10:00,546.64
2021-01-14 02:10:00,546.64
2021-01-14 02:10:00,546.64
2021-01-14 02:10:00,546.64
2021-01-14 02:10:00,546.64
2021-01-14 02:20:00,391.32
2021-01-14 02:20:00,391.32
2021-01-14 02:20:00,391.32
2021-01-14 02:20:00,391.32
2021-01-14 02:20:00,391.32
2021-01-14 02:20:00,391.32
2021-01-14 02:30:00,473.54
2021-01-14 02:30:00,473.54
2021-01-14 02:30:00,473.54
2021-01-14 02:30:00,473.54
2021-01-14 02:30:00,473.54
2021-01-14 02:30:00,473.54
2021-01-14 02:40:00,647.3
2021-01-14 02:40:00,647.3
2021-01-14 02:40:00,647.3
2021-01-14 02:40:00,647.3
2021-01-14 02:40:00,647.3
2021-01-14 02:40:00,647.3
2021-01-14 02:50:00,939.49
2021-01-14 02:50:00,939.49
2021-01-14 02:50:00,939.49
2021-01-14 02:50:00,939.49
2021-01-14 02:50:00,939.49
2021-01-14 02:50:00,939.49
2021-01-14 03:00:00,1005.87
2021-01-14 03:00:00,1005.87
2021-01-14 03:00:00,1005.87
2021-01-14 03:00:00,1005.87
2021-01-14 03:00:00,1005.87
2021-01-14 03:00:00,1005.87
2021-01-14 03:10:00,585.35
2021-01-14 03:10:00,585.35
2021-01-14 03:10:00,585.35
2021-01-14 03:10:00,585.35
2021-01-14 03:10:00,585.35
2021-01-14 03:10:00,585.35
2021-01-14 03:20:00,580.54
2021-01-14 03:20:00,580.54
2021-01-14 03:20:00,580.54
2021-01-14 03:20:00,580.54
2021-01-14 03:20:00,580.54
2021-01-14 03:20:00,580.54
2021-01-14 03:30:00,809.74
2021-01-14 03:30:00,809.74
2021-01-14 03:30:00,809.74
2021-01-14 03:30:00,809.74
2021-01-14 03:30:00,809.74
2021-01-14 03:30:00,809.74
2021-01-14 03:40:00,626.06
2021-01-14 03:40:00,626.06
2021-01-14 03:40:00,626.06
2021-01-14 03:40:00,626.06
2021-01-14 03:40:00,626.06
2021-01-14 03:40:00,626.06
2021-01-14 03:50:00,340.16
2021-01-14 03:50:00,340.16
2021-01-14 03:50:00,340.16
2021-01-14 03:50:00,340.16
2021-01-14 03:50:00,340.16
2021-01-14 03:50:00,340.16
2021-01-14 04:00:00,157.13
2021-01-14 04:00:00,157.13
2021-01-14 04:00:00,157.13
2021-01-14 04:00:00,157.13
2021-01-14 04:00:00,157.13
2021-01-14 04:00:00,157.13
2021-01-14 04:10:00,272.06
2021-01-14 04:10:00,272.06
2021-01-14 04:10:00,272.06
2021-01-14 04:10:00,272.06
2021-01-14 04:10:00,272.06
2021-01-14 04:10:00,272.06
2021-01-14 04:20:00,307.93
2021-01-14 04:20:00,307.93
2021-01-14 04:20:00,307.93
2021-01-14 04:20:00,307.93
2021-01-14 04:20:00,307.93
2021-01-14 04:20:00,307.93
2021-01-14 04:30:00,240.62
2021-01-14 04:30:00,240.62
2021-01-14 04:30:00,240.62
2021-01-14 04:30:00,240.62
2021-01-14 04:30:00,240.62
2021-01-14 04:30:00,240.62
2021-01-14 04:40:00,291.56
2021-01-14 04:40:00,291.56
2021-01-14 04:40:00,291.56
2021-01-14 04:40:00,291.56
2021-01-14 04:40:00,291.56
2021-01-14 04:40:00,291.56
2021-01-14 04:50:00,222.01
2021-01-14 04:50:00,222.01
2021-01-14 04:50:00,222.01
2021-01-14 04:50:00,222.01
2021-01-14 04:50:00,222.01
2021-01-14 04:50:00,222.01
2021-01-14 05:00:00,115.09
2021-01-14 05:00:00,115.09
2021-01-14 05:00:00,115.09
2021-01-14 05:00:00,115.09
2021-01-14 05:00:00,115.09
2021-01-14 05:00:00,115.09
2021-01-14 05:10:00,103.4
2021-01-14 05:10:00,103.4
2021-01-14 05:10:00,103.4
2021-01-14 05:10:00,103.4
2021-01-14 05:10:00,103.4
2021-01-14 05:10:00,103.4
2021-01-14 05:20:00,67.36
2021-01-14 05:20:00,67.36
2021-01-14 05:20:00,67.36
2021-01-14 05:20:00,67.36
2021-01-14 05:20:00,67.36
2021-01-14 05:20:00,67.36
2021-01-14 05:30:00,36.97
2021-01-14 05:30:00,36.97
2021-01-14 05:30:00,36.97
2021-01-14 05:30:00,36.97
2021-01-14 05:30:00,36.97
2021-01-14 05:30:00,36.97
2021-01-14 05:40:00,0.0
2021-01-14 05:40:00,0.0
2021-01-14 05:40:00,0.0
2021-01-14 05:40:00,0.0
2021-01-14 05:40:00,0.0
2021-01-14 05:40:00,0.0
2021-01-14 05:50:00,0.0
2021-01-14 05:50:00,0.0
2021-01-14 05:50:00,0.0
2021-01-14 05:50:00,0.0
2021-01-14 05:50:00,0.0
2021-01-14 05:50:00,0.0
2021-01-14 06:00:00,0.0
2021-01-14 06:00:00,0.0
2021-01-14 06:00:00,0.0
2021-01-14 06:00:00,0.0
2021-01-14 06:00:00,0.0
2021-01-14 06:00:00,0.0
2021-01-14 06:10:00,0.0
2021-01-14 06:10:00,0.0
2021-01-14 06:10:00,0.0
2021-01-14 06:10:00,0.0
2021-01-14 06:10:00,0.0
2021-01-14 06:10:00,0.0
2021-01-14 06:20:00,0.0
2021-01-14 06:20:00,0.0
2021-01-14 06:20:00,0.0
2021-01-14 06:20:00,0.0
2021-01-14 06:20:00,0.0
2021-01-14 06:20:00,0.0
2021-01-14 06:30:00,0.0
2021-01-14 06:30:00,0.0
2021-01-14 06:30:00,0.0
2021-01-14 06:30:00,0.0
2021-01-14 06:30:00,0.0
2021-01-14 06:30:00,0.0
2021-01-14 06:40:00,0.0
2021-01-14 06:40:00,0.0
2021-01-14 06:40:00,0.0
2021-01-14 06:40:00,0.0
2021-01-14 06:40:00,0.0
2021-01-14 06:40:00,0.0
2021-01-14 06:50:00,0.0
2021-01-14 06:50:00,0.0
2021-01-14 06:50:00,0.0
2021-01-14 06:50:00,0.0
2021-01-14 06:50:00,0.0
2021-01-14 06:50:00,0.0
2021-01-14 07:00:00,0.0
2021-01-14 07:00:00,0.0
2021-01-14 07:00:00,0.0
2021-01-14 07:00:00,0.0
2021-01-14 07:00:00,0.0
2021-01-14 07:00:00,0.0
2021-01-14 07:10:00,0.0
2021-01-14 07:10:00,0.0
2021-01-14 07:10:00,0.0
2021-01-14 07:10:00,0.0
2021-01-14 07:10:00,0.0
2021-01-14 07:10:00,0.0
2021-01-14 07:20:00,0.0
2021-01-14 07:20:00,0.0
2021-01-14 07:20:00,0.0
2021-01-14 07:20:00,0.0
2021-01-14 07:20:00,0.0
2021-01-14 07:20:00,0.0
2021-01-14 07:30:00,0.0
2021-01-14 07:30:00,0.0
2021-01-14 07:30:00,0.0
2021-01-14 07:30:00,0.0
2021-01-14 07:30:00,0.0
2021-01-14 07:30:00,0.0
2021-01-14 07:40:00,0.0
2021-01-14 07:40:00,0.0
2021-01-14 07:40:00,0.0
2021-01-14 07:40:00,0.0
2021-01-14 07:40:00,0.0
2021-01-14 07:40:00,0.0
2021-01-14 07:50:00,0.0
2021-01-14 07:50:00,0.0
2021-01-14 07:50:00,0.0
2021-01-14 07:50:00,0.0
2021-01-14 07:50:00,0.0
2021-01-14 07:50:00,0.0
2021-01-14 08:00:00,0.0
2021-01-14 08:00:00,0.0
2021-01-14 08:00:00,0.0
2021-01-14 08:00:00,0.0
2021-01-14 08:00:00,0.0
2021-01-14 08:00:00,0.0
2021-01-14 08:10:00,0.0
2021-01-14 08:10:00,0.0
2021-01-14 08:10:00,0.0
2021-01-14 08:10:00,0.0
2021-01-14 08:10:00,0.0
2021-01-14 08:10:00,0.0
2021-01-14 08:20:00,0.0
2021-01-14 08:20:00,0.0
2021-01-14 08:20:00,0.0
2021-01-14 08:20:00,0.0
2021-01-14 08:20:00,0.0
2021-01-14 08:20:00,0.0
2021-01-14 08:30:00,0.0
2021-01-14 08:30:00,0.0
2021-01-14 08:30:00,0.0
2021-01-14 08:30:00,0.0
2021-01-14 08:30:00,0.0
2021-01-14 08:30:00,0.0
2021-01-14 08:40:00,0.0
2021-01-14 08:40:00,0.0
2021-01-14 08:40:00,0.0
2021-01-14 08:40:00,0.0
2021-01-14 08:40:00,0.0
2021-01-14 08:40:00,0.0
2021-01-14 08:50:00,0.0
2021-01-14 08:50:00,0.0
2021-01-14 08:50:00,0.0
2021-01-14 08:50:00,0.0
2021-01-14 08:50:00,0.0
2021-01-14 08:50:00,0.0
2021-01-14 09:00:00,0.0
2021-01-14 09:00:00,0.0
2021-01-14 09:00:00,0.0
2021-01-14 09:00:00,0.0
2021-01-14 09:00:00,0.0
2021-01-14 09:00:00,0.0
2021-01-14 09:10:00,0.0
2021-01-14 09:10:00,0.0
2021-01-14 09:10:00,0.0
2021-01-14 09:10:00,0.0
2021-01-14 09:10:00,0.0
2021-01-14 09:10:00,0.0
2021-01-14 09:20:00,0.0
2021-01-14 09:20:00,0.0
2021-01-14 09:20:00,0.0
2021-01-14 09:20:00,0.0
2021-01-14 09:20:00,0.0
2021-01-14 09:20:00,0.0
2021-01-14 09:30:00,0.0
2021-01-14 09:30:00,0.0
2021-01-14 09:30:00,0.0
2021-01-14 09:30:00,0.0
2021-01-14 09:30:00,0.0
2021-01-14 09:30:00,0.0
2021-01-14 09:40:00,0.0
2021-01-14 09:40:00,0.0
2021-01-14 09:40:00,0.0
2021-01-14 09:40:00,0.0
2021-01-14 09:40:00,0.0
2021-01-14 09:40:00,0.0
2021-01-14 09:50:00,0.0
2021-01-14 09:50:00,0.0
2021-01-14 09:50:00,0.0
2021-01-14 09:50:00,0.0
2021-01-14 09:50:00,0.0
2021-01-14 09:50:00,0.0
2021-01-14 10:00:00,0.0
2021-01-14 10:00:00,0.0
2021-01-14 10:00:00,0.0
2021-01-14 10:00:00,0.0
2021-01-14 10:00:00,0.0
2021-01-14 10:00:00,0.0
2021-01-14 10:10:00,0.0
2021-01-14 10:10:00,0.0
2021-01-14 10:10:00,0.0
2021-01-14 10:10:00,0.0
2021-01-14 10:10:00,0.0
2021-01-14 10:10:00,0.0
2021-01-14 10:20:00,0.0
2021-01-14 10:20:00,0.0
2021-01-14 10:20:00,0.0
2021-01-14 10:20:00,0.0
2021-01-14 10:20:00,0.0
2021-01-14 10:20:00,0.0
2021-01-14 10:30:00,0.0
2021-01-14 10:30:00,0.0
2021-01-14 10:30:00,0.0
2021-01-14 10:30:00,0.0
2021-01-14 10:30:00,0.0
2021-01-14 10:30:00,0.0
2021-01-14 10:40:00,0.0
2021-01-14 10:40:00,0.0
2021-01-14 10:40:00,0.0
2021-01-14 10:40:00,0.0
2021-01-14 10:40:00,0.0
2021-01-14 10:40:00,0.0
2021-01-14 10:50:00,0.0
2021-01-14 10:50:00,0.0
2021-01-14 10:50:00,0.0
2021-01-14 10:50:00,0.0
2021-01-14 10:50:00,0.0
2021-01-14 10:50:00,0.0
2021-01-14 11:00:00,0.0
2021-01-14 11:00:00,0.0
2021-01-14 11:00:00,0.0
2021-01-14 11:00:00,0.0
2021-01-14 11:00:00,0.0
2021-01-14 11:00:00,0.0
2021-01-14 11:10:00,0.0
2021-01-14 11:10:00,0.0
2021-01-14 11:10:00,0.0
2021-01-14 11:10:00,0.0
2021-01-14 11:10:00,0.0
2021-01-14 11:10:00,0.0
2021-01-14 11:20:00,0.0
2021-01-14 11:20:00,0.0
2021-01-14 11:20:00,0.0
2021-01-14 11:20:00,0.0
2021-01-14 11:20:00,0.0
2021-01-14 11:20:00,0.0
2021-01-14 11:30:00,0.0
2021-01-14 11:30:00,0.0
2021-01-14 11:30:00,0.0
2021-01-14 11:30:00,0.0
2021-01-14 11:30:00,0.0
2021-01-14 11:30:00,0.0
2021-01-14 11:40:00,0.0
2021-01-14 11:40:00,0.0
2021-01-14 11:40:00,0.0
2021-01-14 11:40:00,0.0
2021-01-14 11:40:00,0.0
2021-01-14 11:40:00,0.0
2021-01-14 11:50:00,0.0
2021-01-14 11:50:00,0.0
2021-01-14 11:50:00,0.0
2021-01-14 11:50:00,0.0
2021-01-14 11:50:00,0.0
2021-01-14 11:50:00,0.0
2021-01-14 12:00:00,0.0
2021-01-14 12:00:00,0.0
2021-01-14 12:00:00,0.0
2021-01-14 12:00:00,0.0
2021-01-14 12:00:00,0.0
2021-01-14 12:00:00,0.0
2021-01-14 12:10:00,0.0
2021-01-14 12:10:00,0.0
2021-01-14 12:10:00,0.0
2021-01-14 12:10:00,0.0
2021-01-14 12:10:00,0.0
2021-01-14 12:10:00,0.0
2021-01-14 12:20:00,0.0
2021-01-14 12:20:00,0.0
2021-01-14 12:20:00,0.0
2021-01-14 12:20:00,0.0
2021-01-14 12:20:00,0.0
2021-01-14 12:20:00,0.0
2021-01-14 12:30:00,0.0
2021-01-14 12:30:00,0.0
2021-01-14 12:30:00,0.0
2021-01-14 12:30:00,0.0
2021-01-14 12:30:00,0.0
2021-01-14 12:30:00,0.0
2021-01-14 12:40:00,0.0
2021-01-14 12:40:00,0.0
2021-01-14 12:40:00,0.0
2021-01-14 12:40:00,0.0
2021-01-14 12:40:00,0.0
2021-01-14 12:40:00,0.0
2021-01-14 12:50:00,0.0
2021-01-14 12:50:00,0.0
2021-01-14 12:50:00,0.0
2021-01-14 12:50:00,0.0
2021-01-14 12:50:00,0.0
2021-01-14 12:50:00,0.0
2021-01-14 13:00:00,0.0
2021-01-14 13:00:00,0.0
2021-01-14 13:00:00,0.0
2021-01-14 13:00:00,0.0
2021-01-14 13:00:00,0.0
2021-01-14 13:00:00,0.0
2021-01-14 13:10:00,0.0
2021-01-14 13:10:00,0.0
2021-01-14 13:10:00,0.0
2021-01-14 13:10:00,0.0
2021-01-14 13:10:00,0.0
2021-01-14 13:10:00,0.0
2021-01-14 13:20:00,105.53
2021-01-14 13:20:00,105.53
2021-01-14 13:20:00,105.53
2021-01-14 13:20:00,105.53
2021-01-14 13:20:00,105.53
2021-01-14 13:20:00,105.53
2021-01-14 13:30:00,86.14
2021-01-14 13:30:00,86.14
2021-01-14 13:30:00,86.14
2021-01-14 13:30:00,86.14
2021-01-14 13:30:00,86.14
2021-01-14 13:30:00,86.14
2021-01-14 13:40:00,88.33
2021-01-14 13:40:00,88.33
2021-01-14 13:40:00,88.33
2021-01-14 13:40:00,88.33
2021-01-14 13:40:00,88.33
2021-01-14 13:40:00,88.33
2021-01-14 13:50:00,140.35
2021-01-14 13:50:00,140.35
2021-01-14 13:50:00,140.35
2021-01-14 13:50:00,140.35
2021-01-14 13:50:00,140.35
2021-01-14 13:50:00,140.35
2021-01-14 14:00:00,235.7
2021-01-14 14:00:00,235.7
2021-01-14 14:00:00,235.7
2021-01-14 14:00:00,235.7
2021-01-14 14:00:00,235.7
2021-01-14 14:00:00,235.7
2021-01-14 14:10:00,203.1
2021-01-14 14:10:00,203.1
2021-01-14 14:10:00,203.1
2021-01-14 14:10:00,203.1
2021-01-14 14:10:00,203.1
2021-01-14 14:10:00,203.1
2021-01-14 14:20:00,182.08
2021-01-14 14:20:00,182.08
2021-01-14 14:20:00,182.08
2021-01-14 14:20:00,182.08
2021-01-14 14:20:00,182.08
2021-01-14 14:20:00,182.08
2021-01-14 14:30:00,219.0
2021-01-14 14:30:00,219.0
2021-01-14 14:30:00,219.0
2021-01-14 14:30:00,219.0
2021-01-14 14:30:00,219.0
2021-01-14 14:30:00,219.0
2021-01-14 14:40:00,233.17
2021-01-14 14:40:00,233.17
2021-01-14 14:40:00,233.17
2021-01-14 14:40:00,233.17
2021-01-14 14:40:00,233.17
2021-01-14 14:40:00,233.17
2021-01-14 14:50:00,256.08
2021-01-14 14:50:00,256.08
2021-01-14 14:50:00,256.08
2021-01-14 14:50:00,256.08
2021-01-14 14:50:00,256.08
2021-01-14 14:50:00,256.08
2021-01-14 15:00:00,257.39
2021-01-14 15:00:00,257.39
2021-01-14 15:00:00,257.39
2021-01-14 15:00:00,257.39
2021-01-14 15:00:00,257.39
2021-01-14 15:00:00,257.39
2021-01-14 15:10:00,257.64
2021-01-14 15:10:00,257.64
2021-01-14 15:10:00,257.64
2021-01-14 15:10:00,257.64
2021-01-14 15:10:00,257.64
2021-01-14 15:10:00,257.64
2021-01-14 15:20:00,210.47
2021-01-14 15:20:00,210.47
2021-01-14 15:20:00,210.47
2021-01-14 15:20:00,210.47
2021-01-14 15:20:00,210.47
2021-01-14 15:20:00,210.47
2021-01-14 15:30:00,223.1
2021-01-14 15:30:00,223.1
2021-01-14 15:30:00,223.1
2021-01-14 15:30:00,223.1
2021-01-14 15:30:00,223.1
2021-01-14 15:30:00,223.1
2021-01-14 15:40:00,238.34
2021-01-14 15:40:00,238.34
2021-01-14 15:40:00,238.34
2021-01-14 15:40:00,238.34
2021-01-14 15:40:00,238.34
2021-01-14 15:40:00,238.34
2021-01-14 15:50:00,180.53
2021-01-14 15:50:00,180.53
2021-01-14 15:50:00,180.53
2021-01-14 15:50:00,180.53
2021-01-14 15:50:00,180.53
2021-01-14 15:50:00,180.53
2021-01-14 16:00:00,272.56
2021-01-14 16:00:00,272.56
2021-01-14 16:00:00,272.56
2021-01-14 16:00:00,272.56
2021-01-14 16:00:00,272.56
2021-01-14 16:00:00,272.56
2021-01-14 16:10:00,331.71
2021-01-14 16:10:00,331.71
2021-01-14 16:10:00,331.71
2021-01-14 16:10:00,331.71
2021-01-14 16:10:00,331.71
2021-01-14 16:10:00,331.71
2021-01-14 16:20:00,353.75
2021-01-14 16:20:00,353.75
2021-01-14 16:20:00,353.75
2021-01-14 16:20:00,353.75
2021-01-14 16:20:00,353.75
2021-01-14 16:20:00,353.75
2021-01-14 16:30:00,249.49
2021-01-14 16:30:00,249.49
2021-01-14 16:30:00,249.49
2021-01-14 16:30:00,249.49
2021-01-14 16:30:00,249.49
2021-01-14 16:30:00,249.49
2021-01-14 16:40:00,227.02
2021-01-14 16:40:00,227.02
2021-01-14 16:40:00,227.02
2021-01-14 16:40:00,227.02
2021-01-14 16:40:00,227.02
2021-01-14 16:40:00,227.02
2021-01-14 16:50:00,190.0
2021-01-14 16:50:00,190.0
2021-01-14 16:50:00,190.0
2021-01-14 16:50:00,190.0
2021-01-14 16:50:00,190.0
2021-01-14 16:50:00,190.0
2021-01-14 17:00:00,156.07
2021-01-14 17:00:00,156.07
2021-01-14 17:00:00,156.07
2021-01-14 17:00:00,156.07
2021-01-14 17:00:00,156.07
2021-01-14 17:00:00,156.07
2021-01-14 17:10:00,152.88
2021-01-14 17:10:00,152.88
2021-01-14 17:10:00,152.88
2021-01-14 17:10:00,152.88
2021-01-14 17:10:00,152.88
2021-01-14 17:10:00,152.88
2021-01-14 17:20:00,152.62
2021-01-14 17:20:00,152.62
2021-01-14 17:20:00,152.62
2021-01-14 17:20:00,152.62
2021-01-14 17:20:00,152.62
2021-01-14 17:20:00,152.62
2021-01-14 17:30:00,199.65
2021-01-14 17:30:00,199.65
2021-01-14 17:30:00,199.65
2021-01-14 17:30:00,199.65
2021-01-14 17:30:00,199.65
2021-01-14 17:30:00,199.65
2021-01-14 17:40:00,101.24
2021-01-14 17:40:00,101.24
2021-01-14 17:40:00,101.24
2021-01-14 17:40:00,101.24
2021-01-14 17:40:00,101.24
2021-01-14 17:40:00,101.24
2021-01-14 17:50:00,221.04
2021-01-14 17:50:00,221.04
2021-01-14 17:50:00,221.04
2021-01-14 17:50:00,221.04
2021-01-14 17:50:00,221.04
2021-01-14 17:50:00,221.04
2021-01-14 18:00:00,209.27
2021-01-14 18:00:00,209.27
2021-01-14 18:00:00,209.27
2021-01-14 18:00:00,209.27
2021-01-14 18:00:00,209.27
2021-01-14 18:00:00,209.27
2021-01-14 18:10:00,280.87
2021-01-14 18:10:00,280.87
2021-01-14 18:10:00,280.87
2021-01-14 18:10:00,280.87
2021-01-14 18:10:00,280.87
2021-01-14 18:10:00,280.87
2021-01-14 18:20:00,218.65
2021-01-14 18:20:00,218.65
2021-01-14 18:20:00,218.65
2021-01-14 18:20:00,218.65
2021-01-14 18:20:00,218.65
2021-01-14 18:20:00,218.65
2021-01-14 18:30:00,109.68
2021-01-14 18:30:00,109.68
2021-01-14 18:30:00,109.68
2021-01-14 18:30:00,109.68
2021-01-14 18:30:00,109.68
2021-01-14 18:30:00,109.68
2021-01-14 18:40:00,83.6
2021-01-14 18:40:00,83.6
2021-01-14 18:40:00,83.6
2021-01-14 18:40:00,83.6
2021-01-14 18:40:00,83.6
2021-01-14 18:40:00,83.6
2021-01-14 18:50:00,66.96
2021-01-14 18:50:00,66.96
2021-01-14 18:50:00,66.96
2021-01-14 18:50:00,66.96
2021-01-14 18:50:00,66.96
2021-01-14 18:50:00,66.96
2021-01-14 19:00:00,68.3
2021-01-14 19:00:00,68.3
2021-01-14 19:00:00,68.3
2021-01-14 19:00:00,68.3
2021-01-14 19:00:00,68.3
2021-01-14 19:00:00,68.3
2021-01-14 19:10:00,22.32
2021-01-14 19:10:00,22.32
2021-01-14 19:10:00,22.32
2021-01-14 19:10:00,22.32
2021-01-14 19:10:00,22.32
2021-01-14 19:10:00,22.32
2021-01-14 19:20:00,9.39
2021-01-14 19:20:00,9.39
2021-01-14 19:20:00,9.39
2021-01-14 19:20:00,9.39
2021-01-14 19:20:00,9.39
2021-01-14 19:20:00,9.39
2021-01-14 19:30:00,4.2
2021-01-14 19:30:00,4.2
2021-01-14 19:30:00,4.2
2021-01-14 19:30:00,4.2
2021-01-14 19:30:00,4.2
2021-01-14 19:30:00,4.2
2021-01-14 19:40:00,0.0
2021-01-14 19:40:00,0.0
2021-01-14 19:40:00,0.0
2021-01-14 19:40:00,0.0
2021-01-14 19:40:00,0.0
2021-01-14 19:40:00,0.0
2021-01-14 19:50:00,0.0
2021-01-14 19:50:00,0.0
2021-01-14 19:50:00,0.0
2021-01-14 19:50:00,0.0
2021-01-14 19:50:00,0.0
2021-01-14 19:50:00,0.0
2021-01-14 20:00:00,0.0
2021-01-14 20:00:00,0.0
2021-01-14 20:00:00,0.0
2021-01-14 20:00:00,0.0
2021-01-14 20:00:00,0.0
2021-01-14 20:00:00,0.0
2021-01-14 20:10:00,0.0
2021-01-14 20:10:00,0.0
2021-01-14 20:10:00,0.0
2021-01-14 20:10:00,0.0
2021-01-14 20:10:00,0.0
2021-01-14 20:10:00,0.0
2021-01-14 20:20:00,0.0
2021-01-14 20:20:00,0.0
2021-01-14 20:20:00,0.0
2021-01-14 20:20:00,0.0
2021-01-14 20:20:00,0.0
2021-01-14 20:20:00,0.0
2021-01-14 20:30:00,0.0
2021-01-14 20:30:00,0.0
2021-01-14 20:30:00,0.0
2021-01-14 20:30:00,0.0
2021-01-14 20:30:00,0.0
2021-01-14 20:30:00,0.0
2021-01-14 20:40:00,0.0
2021-01-14 20:40:00,0.0
2021-01-14 20:40:00,0.0
2021-01-14 20:40:00,0.0
2021-01-14 20:40:00,0.0
2021-01-14 20:40:00,0.0
2021-01-14 20:50:00,69.54
2021-01-14 20:50:00,69.54
2021-01-14 20:50:00,69.54
2021-01-14 20:50:00,69.54
2021-01-14 20:50:00,69.54
2021-01-14 20:50:00,69.54
2021-01-14 21:00:00,33.12
2021-01-14 21:00:00,33.12
2021-01-14 21:00:00,33.12
2021-01-14 21:00:00,33.12
2021-01-14 21:00:00,33.12
2021-01-14 21:00:00,33.12
2021-01-14 21:10:00,22.65
2021-01-14 21:10:00,22.65
2021-01-14 21:10:00,22.65
2021-01-14 21:10:00,22.65
2021-01-14 21:10:00,22.65
2021-01-14 21:10:00,22.65
2021-01-14 21:20:00,16.45
2021-01-14 21:20:00,16.45
2021-01-14 21:20:00,16.45
2021-01-14 21:20:00,16.45
2021-01-14 21:20:00,16.45
2021-01-14 21:20:00,16.45
2021-01-14 21:30:00,26.51
2021-01-14 21:30:00,26.51
2021-01-14 21:30:00,26.51
2021-01-14 21:30:00,26.51
2021-01-14 21:30:00,26.51
2021-01-14 21:30:00,26.51
2021-01-14 21:40:00,74.89
2021-01-14 21:40:00,74.89
2021-01-14 21:40:00,74.89
2021-01-14 21:40:00,74.89
2021-01-14 21:40:00,74.89
2021-01-14 21:40:00,74.89
2021-01-14 21:50:00,131.06
2021-01-14 21:50:00,131.06
2021-01-14 21:50:00,131.06
2021-01-14 21:50:00,131.06
2021-01-14 21:50:00,131.06
2021-01-14 21:50:00,131.06
2021-01-14 22:00:00,148.42
2021-01-14 22:00:00,148.42
2021-01-14 22:00:00,148.42
2021-01-14 22:00:00,148.42
2021-01-14 22:00:00,148.42
2021-01-14 22:00:00,148.42
2021-01-14 22:10:00,88.47
2021-01-14 22:10:00,88.47
2021-01-14 22:10:00,88.47
2021-01-14 22:10:00,88.47
2021-01-14 22:10:00,88.47
2021-01-14 22:10:00,88.47
2021-01-14 22:20:00,116.44
2021-01-14 22:20:00,116.44
2021-01-14 22:20:00,116.44
2021-01-14 22:20:00,116.44
2021-01-14 22:20:00,116.44
2021-01-14 22:20:00,116.44
2021-01-14 22:30:00,79.31
2021-01-14 22:30:00,79.31
2021-01-14 22:30:00,79.31
2021-01-14 22:30:00,79.31
2021-01-14 22:30:00,79.31
2021-01-14 22:30:00,79.31
2021-01-14 22:40:00,93.86
2021-01-14 22:40:00,93.86
2021-01-14 22:40:00,93.86
2021-01-14 22:40:00,93.86
2021-01-14 22:40:00,93.86
2021-01-14 22:40:00,93.86
2021-01-14 22:50:00,202.32
2021-01-14 22:50:00,202.32
2021-01-14 22:50:00,202.32
2021-01-14 22:50:00,202.32
2021-01-14 22:50:00,202.32
2021-01-14 22:50:00,202.32
2021-01-14 23:00:00,186.54
2021-01-14 23:00:00,186.54
2021-01-14 23:00:00,186.54
2021-01-14 23:00:00,186.54
2021-01-14 23:00:00,186.54
2021-01-14 23:00:00,186.54
2021-01-14 23:10:00,138.72
2021-01-14 23:10:00,138.72
2021-01-14 23:10:00,138.72
2021-01-14 23:10:00,138.72
2021-01-14 23:10:00,138.72
2021-01-14 23:10:00,138.72
2021-01-14 23:20:00,88.23
2021-01-14 23:20:00,88.23
2021-01-14 23:20:00,88.23
2021-01-14 23:20:00,88.23
2021-01-14 23:20:00,88.23
2021-01-14 23:20:00,88.23
2021-01-14 23:30:00,76.37
2021-01-14 23:30:00,76.37
2021-01-14 23:30:00,76.37
2021-01-14 23:30:00,76.37
2021-01-14 23:30:00,76.37
2021-01-14 23:30:00,76.37
2021-01-14 23:40:00,120.07
2021-01-14 23:40:00,120.07
2021-01-14 23:40:00,120.07
2021-01-14 23:40:00,120.07
2021-01-14 23:40:00,120.07
2021-01-14 23:40:00,120.07
2021-01-14 23:50:00,161.87
2021-01-14 23:50:00,161.87
2021-01-14 23:50:00,161.87
2021-01-14 23:50:00,161.87
2021-01-14 23:50:00,161.87
2021-01-14 23:50:00,161.87
2021-01-15 00:00:00,161.7414
2021-01-15 00:00:00,161.7414
2021-01-15 00:00:00,161.7414
2021-01-15 00:00:00,161.7414
2021-01-15 00:00:00,161.7414
2021-01-15 00:00:00,161.7414
2021-01-15 00:10:00,161.61281
2021-01-15 00:10:00,161.61281
2021-01-15 00:10:00,161.61281
2021-01-15 00:10:00,161.61281
2021-01-15 00:10:00,161.61281
2021-01-15 00:10:00,161.61281
2021-01-15 00:20:00,161.4842
2021-01-15 00:20:00,161.4842
2021-01-15 00:20:00,161.4842
2021-01-15 00:20:00,161.4842
2021-01-15 00:20:00,161.4842
2021-01-15 00:20:00,161.4842
2021-01-15 00:30:00,161.35562
2021-01-15 00:30:00,161.35562
2021-01-15 00:30:00,161.35562
2021-01-15 00:30:00,161.35562
2021-01-15 00:30:00,161.35562
2021-01-15 00:30:00,161.35562
2021-01-15 00:40:00,161.22702
2021-01-15 00:40:00,161.22702
2021-01-15 00:40:00,161.22702
2021-01-15 00:40:00,161.22702
2021-01-15 00:40:00,161.22702
2021-01-15 00:40:00,161.22702
2021-01-15 00:50:00,161.09843
2021-01-15 00:50:00,161.09843
2021-01-15 00:50:00,161.09843
2021-01-15 00:50:00,161.09843
2021-01-15 00:50:00,161.09843
2021-01-15 00:50:00,161.09843
2021-01-15 01:00:00,160.96983
2021-01-15 01:00:00,160.96983
2021-01-15 01:00:00,160.96983
2021-01-15 01:00:00,160.96983
2021-01-15 01:00:00,160.96983
2021-01-15 01:00:00,160.96983
2021-01-15 01:10:00,160.84125
2021-01-15 01:10:00,160.84125
2021-01-15 01:10:00,160.84125
2021-01-15 01:10:00,160.84125
2021-01-15 01:10:00,160.84125
2021-01-15 01:10:00,160.84125
2021-01-15 01:20:00,160.71265
2021-01-15 01:20:00,160.71265
2021-01-15 01:20:00,160.71265
2021-01-15 01:20:00,160.71265
2021-01-15 01:20:00,160.71265
2021-01-15 01:20:00,160.71265
2021-01-15 01:30:00,160.58406
2021-01-15 01:30:00,160.58406
2021-01-15 01:30:00,160.58406
2021-01-15 01:30:00,160.58406
2021-01-15 01:30:00,160.58406
2021-01-15 01:30:00,160.58406
2021-01-15 01:40:00,160.45546
2021-01-15 01:40:00,160.45546
2021-01-15 01:40:00,160.45546
2021-01-15 01:40:00,160.45546
2021-01-15 01:40:00,160.45546
2021-01-15 01:40:00,160.45546
2021-01-15 01:50:00,160.32687
2021-01-15 01:50:00,160.32687
2021-01-15 01:50:00,160.32687
2021-01-15 01:50:00,160.32687
2021-01-15 01:50:00,160.32687
2021-01-15 01:50:00,160.32687
2021-01-15 02:00:00,160.19827
2021-01-15 02:00:00,160.19827
2021-01-15 02:00:00,160.19827
2021-01-15 02:00:00,160.19827
2021-01-15 02:00:00,160.19827
2021-01-15 02:00:00,160.19827
2021-01-15 02:10:00,160.06967
2021-01-15 02:10:00,160.06967
2021-01-15 02:10:00,160.06967
2021-01-15 02:10:00,160.06967
2021-01-15 02:10:00,160.06967
2021-01-15 02:10:00,160.06967
2021-01-15 02:20:00,159.94109
2021-01-15 02:20:00,159.94109
2021-01-15 02:20:00,159.94109
2021-01-15 02:20:00,159.94109
2021-01-15 02:20:00,159.94109
2021-01-15 02:20:00,159.94109
2021-01-15 02:30:00,159.81248
2021-01-15 02:30:00,159.81248
2021-01-15 02:30:00,159.81248
2021-01-15 02:30:00,159.81248
2021-01-15 02:30:00,159.81248
2021-01-15 02:30:00,159.81248
2021-01-15 02:40:00,159.6839
2021-01-15 02:40:00,159.6839
2021-01-15 02:40:00,159.6839
2021-01-15 02:40:00,159.6839
2021-01-15 02:40:00,159.6839
2021-01-15 02:40:00,159.6839
2021-01-15 02:50:00,159.5553
2021-01-15 02:50:00,159.5553
2021-01-15 02:50:00,159.5553
2021-01-15 02:50:00,159.5553
2021-01-15 02:50:00,159.5553
2021-01-15 02:50:00,159.5553
2021-01-15 03:00:00,159.42671
2021-01-15 03:00:00,159.42671
2021-01-15 03:00:00,159.42671
2021-01-15 03:00:00,159.42671
2021-01-15 03:00:00,159.42671
2021-01-15 03:00:00,159.42671
2021-01-15 03:10:00,159.29811
2021-01-15 03:10:00,159.29811
2021-01-15 03:10:00,159.29811
2021-01-15 03:10:00,159.29811
2021-01-15 03:10:00,159.29811
2021-01-15 03:10:00,159.29811
2021-01-15 03:20:00,159.16953
2021-01-15 03:20:00,159.16953
2021-01-15 03:20:00,159.16953
2021-01-15 03:20:00,159.16953
2021-01-15 03:20:00,159.16953
2021-01-15 03:20:00,159.16953
2021-01-15 03:30:00,159.04092
2021-01-15 03:30:00,159.04092
2021-01-15 03:30:00,159.04092
2021-01-15 03:30:00,159.04092
2021-01-15 03:30:00,159.04092
2021-01-15 03:30:00,159.04092
2021-01-15 03:40:00,158.91234
2021-01-15 03:40:00,158.91234
2021-01-15 03:40:00,158.91234
2021-01-15 03:40:00,158.91234
2021-01-15 03:40:00,158.91234
2021-01-15 03:40:00,158.91234
2021-01-15 03:50:00,158.78374
2021-01-15 03:50:00,158.78374
2021-01-15 03:50:00,158.78374
2021-01-15 03:50:00,158.78374
2021-01-15 03:50:00,158.78374
2021-01-15 03:50:00,158.78374
2021-01-15 04:00:00,158.65515
2021-01-15 04:00:00,158.65515
2021-01-15 04:00:00,158.65515
2021-01-15 04:00:00,158.65515
2021-01-15 04:00:00,158.65515
2021-01-15 04:00:00,158.65515
2021-01-15 04:10:00,158.52655
2021-01-15 04:10:00,158.52655
2021-01-15 04:10:00,158.52655
2021-01-15 04:10:00,158.52655
2021-01-15 04:10:00,158.52655
2021-01-15 04:10:00,158.52655
2021-01-15 04:20:00,158.39795
2021-01-15 04:20:00,158.39795
2021-01-15 04:20:00,158.39795
2021-01-15 04:20:00,158.39795
2021-01-15 04:20:00,158.39795
2021-01-15 04:20:00,158.39795
2021-01-15 04:30:00,158.26936
2021-01-15 04:30:00,158.26936
2021-01-15 04:30:00,158.26936
2021-01-15 04:30:00,158.26936
2021-01-15 04:30:00,158.26936
2021-01-15 04:30:00,158.26936
2021-01-15 04:40:00,158.14076
2021-01-15 04:40:00,158.14076
2021-01-15 04:40:00,158.14076
2021-01-15 04:40:00,158.14076
2021-01-15 04:40:00,158.14076
2021-01-15 04:40:00,158.14076
2021-01-15 04:50:00,158.01218
2021-01-15 04:50:00,158.01218
2021-01-15 04:50:00,158.01218
2021-01-15 04:50:00,158.01218
2021-01-15 04:50:00,158.01218
2021-01-15 04:50:00,158.01218
2021-01-15 05:00:00,157.88358
2021-01-15 05:00:00,157.88358
2021-01-15 05:00:00,157.88358
2021-01-15 05:00:00,157.88358
2021-01-15 05:00:00,157.88358
2021-01-15 05:00:00,157.88358
2021-01-15 05:10:00,157.75499
2021-01-15 05:10:00,157.75499
2021-01-15 05:10:00,157.75499
2021-01-15 05:10:00,157.75499
2021-01-15 05:10:00,157.75499
2021-01-15 05:10:00,157.75499
2021-01-15 05:20:00,157.62639
2021-01-15 05:20:00,157.62639
2021-01-15 05:20:00,157.62639
2021-01-15 05:20:00,157.62639
2021-01-15 05:20:00,157.62639
2021-01-15 05:20:00,157.62639
2021-01-15 05:30:00,157.4978
2021-01-15 05:30:00,157.4978
2021-01-15 05:30:00,157.4978
2021-01-15 05:30:00,157.4978
2021-01-15 05:30:00,157.4978
2021-01-15 05:30:00,157.4978
2021-01-15 05:40:00,157.3692
2021-01-15 05:40:00,157.3692
2021-01-15 05:40:00,157.3692
2021-01-15 05:40:00,157.3692
2021-01-15 05:40:00,157.3692
2021-01-15 05:40:00,157.3692
2021-01-15 05:50:00,157.24062
2021-01-15 05:50:00,157.24062
2021-01-15 05:50:00,157.24062
2021-01-15 05:50:00,157.24062
2021-01-15 05:50:00,157.24062
2021-01-15 05:50:00,157.24062
2021-01-15 06:00:00,157.11201
2021-01-15 06:00:00,157.11201
2021-01-15 06:00:00,157.11201
2021-01-15 06:00:00,157.11201
2021-01-15 06:00:00,157.11201
2021-01-15 06:00:00,157.11201
2021-01-15 06:10:00,156.98341
2021-01-15 06:10:00,156.98341
2021-01-15 06:10:00,156.98341
2021-01-15 06:10:00,156.98341
2021-01-15 06:10:00,156.98341
2021-01-15 06:10:00,156.98341
2021-01-15 06:20:00,156.85483
2021-01-15 06:20:00,156.85483
2021-01-15 06:20:00,156.85483
2021-01-15 06:20:00,156.85483
2021-01-15 06:20:00,156.85483
2021-01-15 06:20:00,156.85483
2021-01-15 06:30:00,156.72623
2021-01-15 06:30:00,156.72623
2021-01-15 06:30:00,156.72623
2021-01-15 06:30:00,156.72623
2021-01-15 06:30:00,156.72623
2021-01-15 06:30:00,156.72623
2021-01-15 06:40:00,156.59764
2021-01-15 06:40:00,156.59764
2021-01-15 06:40:00,156.59764
2021-01-15 06:40:00,156.59764
2021-01-15 06:40:00,156.59764
2021-01-15 06:40:00,156.59764
2021-01-15 06:50:00,156.46904
2021-01-15 06:50:00,156.46904
2021-01-15 06:50:00,156.46904
2021-01-15 06:50:00,156.46904
2021-01-15 06:50:00,156.46904
2021-01-15 06:50:00,156.46904
2021-01-15 07:00:00,156.34045
2021-01-15 07:00:00,156.34045
2021-01-15 07:00:00,156.34045
2021-01-15 07:00:00,156.34045
2021-01-15 07:00:00,156.34045
2021-01-15 07:00:00,156.34045
2021-01-15 07:10:00,156.21185
2021-01-15 07:10:00,156.21185
2021-01-15 07:10:00,156.21185
2021-01-15 07:10:00,156.21185
2021-01-15 07:10:00,156.21185
2021-01-15 07:10:00,156.21185
2021-01-15 07:20:00,156.08327
2021-01-15 07:20:00,156.08327
2021-01-15 07:20:00,156.08327
2021-01-15 07:20:00,156.08327
2021-01-15 07:20:00,156.08327
2021-01-15 07:20:00,156.08327
2021-01-15 07:30:00,155.95467
2021-01-15 07:30:00,155.95467
2021-01-15 07:30:00,155.95467
2021-01-15 07:30:00,155.95467
2021-01-15 07:30:00,155.95467
2021-01-15 07:30:00,155.95467
2021-01-15 07:40:00,155.82608
2021-01-15 07:40:00,155.82608
2021-01-15 07:40:00,155.82608
2021-01-15 07:40:00,155.82608
2021-01-15 07:40:00,155.82608
2021-01-15 07:40:00,155.82608
2021-01-15 07:50:00,155.69748
2021-01-15 07:50:00,155.69748
2021-01-15 07:50:00,155.69748
2021-01-15 07:50:00,155.69748
2021-01-15 07:50:00,155.69748
2021-01-15 07:50:00,155.69748
2021-01-15 08:00:00,155.5689
2021-01-15 08:00:00,155.5689
2021-01-15 08:00:00,155.5689
2021-01-15 08:00:00,155.5689
2021-01-15 08:00:00,155.5689
2021-01-15 08:00:00,155.5689
2021-01-15 08:10:00,155.44029
2021-01-15 08:10:00,155.44029
2021-01-15 08:10:00,155.44029
2021-01-15 08:10:00,155.44029
2021-01-15 08:10:00,155.44029
2021-01-15 08:10:00,155.44029
2021-01-15 08:20:00,155.31169
2021-01-15 08:20:00,155.31169
2021-01-15 08:20:00,155.31169
2021-01-15 08:20:00,155.31169
2021-01-15 08:20:00,155.31169
2021-01-15 08:20:00,155.31169
2021-01-15 08:30:00,155.1831
2021-01-15 08:30:00,155.1831
2021-01-15 08:30:00,155.1831
2021-01-15 08:30:00,155.1831
2021-01-15 08:30:00,155.1831
2021-01-15 08:30:00,155.1831
2021-01-15 08:40:00,155.0545
2021-01-15 08:40:00,155.0545
2021-01-15 08:40:00,155.0545
2021-01-15 08:40:00,155.0545
2021-01-15 08:40:00,155.0545
2021-01-15 08:40:00,155.0545
2021-01-15 08:50:00,154.92592
2021-01-15 08:50:00,154.92592
2021-01-15 08:50:00,154.92592
2021-01-15 08:50:00,154.92592
2021-01-15 08:50:00,154.92592
2021-01-15 08:50:00,154.92592
2021-01-15 09:00:00,154.79732
2021-01-15 09:00:00,154.79732
2021-01-15 09:00:00,154.79732
2021-01-15 09:00:00,154.79732
2021-01-15 09:00:00,154.79732
2021-01-15 09:00:00,154.79732
2021-01-15 09:10:00,154.66873
2021-01-15 09:10:00,154.66873
2021-01-15 09:10:00,154.66873
2021-01-15 09:10:00,154.66873
2021-01-15 09:10:00,154.66873
2021-01-15 09:10:00,154.66873
2021-01-15 09:20:00,154.54013
2021-01-15 09:20:00,154.54013
2021-01-15 09:20:00,154.54013
2021-01-15 09:20:00,154.54013
2021-01-15 09:20:00,154.54013
2021-01-15 09:20:00,154.54013
2021-01-15 09:30:00,154.41154
2021-01-15 09:30:00,154.41154
2021-01-15 09:30:00,154.41154
2021-01-15 09:30:00,154.41154
2021-01-15 09:30:00,154.41154
2021-01-15 09:30:00,154.41154
2021-01-15 09:40:00,154.28294
2021-01-15 09:40:00,154.28294
2021-01-15 09:40:00,154.28294
2021-01-15 09:40:00,154.28294
2021-01-15 09:40:00,154.28294
2021-01-15 09:40:00,154.28294
2021-01-15 09:50:00,154.15436
2021-01-15 09:50:00,154.15436
2021-01-15 09:50:00,154.15436
2021-01-15 09:50:00,154.15436
2021-01-15 09:50:00,154.15436
2021-01-15 09:50:00,154.15436
2021-01-15 10:00:00,154.02576
2021-01-15 10:00:00,154.02576
2021-01-15 10:00:00,154.02576
2021-01-15 10:00:00,154.02576
2021-01-15 10:00:00,154.02576
2021-01-15 10:00:00,154.02576
2021-01-15 10:10:00,153.89717
2021-01-15 10:10:00,153.89717
2021-01-15 10:10:00,153.89717
2021-01-15 10:10:00,153.89717
2021-01-15 10:10:00,153.89717
2021-01-15 10:10:00,153.89717
2021-01-15 10:20:00,153.76857
2021-01-15 10:20:00,153.76857
2021-01-15 10:20:00,153.76857
2021-01-15 10:20:00,153.76857
2021-01-15 10:20:00,153.76857
2021-01-15 10:20:00,153.76857
2021-01-15 10:30:00,153.63997
2021-01-15 10:30:00,153.63997
2021-01-15 10:30:00,153.63997
2021-01-15 10:30:00,153.63997
2021-01-15 10:30:00,153.63997
2021-01-15 10:30:00,153.63997
2021-01-15 10:40:00,153.51138
2021-01-15 10:40:00,153.51138
2021-01-15 10:40:00,153.51138
2021-01-15 10:40:00,153.51138
2021-01-15 10:40:00,153.51138
2021-01-15 10:40:00,153.51138
2021-01-15 10:50:00,153.38278
2021-01-15 10:50:00,153.38278
2021-01-15 10:50:00,153.38278
2021-01-15 10:50:00,153.38278
2021-01-15 10:50:00,153.38278
2021-01-15 10:50:00,153.38278
2021-01-15 11:00:00,153.2542
2021-01-15 11:00:00,153.2542
2021-01-15 11:00:00,153.2542
2021-01-15 11:00:00,153.2542
2021-01-15 11:00:00,153.2542
2021-01-15 11:00:00,153.2542
2021-01-15 11:10:00,153.1256
2021-01-15 11:10:00,153.1256
2021-01-15 11:10:00,153.1256
2021-01-15 11:10:00,153.1256
2021-01-15 11:10:00,153.1256
2021-01-15 11:10:00,153.1256
2021-01-15 11:20:00,152.99701
2021-01-15 11:20:00,152.99701
2021-01-15 11:20:00,152.99701
2021-01-15 11:20:00,152.99701
2021-01-15 11:20:00,152.99701
2021-01-15 11:20:00,152.99701
2021-01-15 11:30:00,152.86841
2021-01-15 11:30:00,152.86841
2021-01-15 11:30:00,152.86841
2021-01-15 11:30:00,152.86841
2021-01-15 11:30:00,152.86841
2021-01-15 11:30:00,152.86841
2021-01-15 11:40:00,152.73982
2021-01-15 11:40:00,152.73982
2021-01-15 11:40:00,152.73982
2021-01-15 11:40:00,152.73982
2021-01-15 11:40:00,152.73982
2021-01-15 11:40:00,152.73982
2021-01-15 11:50:00,152.61122
2021-01-15 11:50:00,152.61122
2021-01-15 11:50:00,152.61122
2021-01-15 11:50:00,152.61122
2021-01-15 11:50:00,152.61122
2021-01-15 11:50:00,152.61122
2021-01-15 12:00:00,152.48264
2021-01-15 12:00:00,152.48264
2021-01-15 12:00:00,152.48264
2021-01-15 12:00:00,152.48264
2021-01-15 12:00:00,152.48264
2021-01-15 12:00:00,152.48264
2021-01-15 12:10:00,152.35403
2021-01-15 12:10:00,152.35403
2021-01-15 12:10:00,152.35403
2021-01-15 12:10:00,152.35403
2021-01-15 12:10:00,152.35403
2021-01-15 12:10:00,152.35403
2021-01-15 12:20:00,152.22545
2021-01-15 12:20:00,152.22545
2021-01-15 12:20:00,152.22545
2021-01-15 12:20:00,152.22545
2021-01-15 12:20:00,152.22545
2021-01-15 12:20:00,152.22545
2021-01-15 12:30:00,152.09685
2021-01-15 12:30:00,152.09685
2021-01-15 12:30:00,152.09685
2021-01-15 12:30:00,152.09685
2021-01-15 12:30:00,152.09685
2021-01-15 12:30:00,152.09685
2021-01-15 12:40:00,151.96825
2021-01-15 12:40:00,151.96825
2021-01-15 12:40:00,151.96825
2021-01-15 12:40:00,151.96825
2021-01-15 12:40:00,151.96825
2021-01-15 12:40:00,151.96825
2021-01-15 12:50:00,151.83966
2021-01-15 12:50:00,151.83966
2021-01-15 12:50:00,151.83966
2021-01-15 12:50:00,151.83966
2021-01-15 12:50:00,151.83966
2021-01-15 12:50:00,151.83966
2021-01-15 13:00:00,151.71106
2021-01-15 13:00:00,151.71106
2021-01-15 13:00:00,151.71106
2021-01-15 13:00:00,151.71106
2021-01-15 13:00:00,151.71106
2021-01-15 13:00:00,151.71106
2021-01-15 13:10:00,151.58247
2021-01-15 13:10:00,151.58247
2021-01-15 13:10:00,151.58247
2021-01-15 13:10:00,151.58247
2021-01-15 13:10:00,151.58247
2021-01-15 13:10:00,151.58247
2021-01-15 13:20:00,151.45387
2021-01-15 13:20:00,151.45387
2021-01-15 13:20:00,151.45387
2021-01-15 13:20:00,151.45387
2021-01-15 13:20:00,151.45387
2021-01-15 13:20:00,151.45387
2021-01-15 13:30:00,151.32529
2021-01-15 13:30:00,151.32529
2021-01-15 13:30:00,151.32529
2021-01-15 13:30:00,151.32529
2021-01-15 13:30:00,151.32529
2021-01-15 13:30:00,151.32529
2021-01-15 13:40:00,151.19669
2021-01-15 13:40:00,151.19669
2021-01-15 13:40:00,151.19669
2021-01-15 13:40:00,151.19669
2021-01-15 13:40:00,151.19669
2021-01-15 13:40:00,151.19669
2021-01-15 13:50:00,151.0681
2021-01-15 13:50:00,151.0681
2021-01-15 13:50:00,151.0681
2021-01-15 13:50:00,151.0681
2021-01-15 13:50:00,151.0681
2021-01-15 13:50:00,151.0681
2021-01-15 14:00:00,150.9395
2021-01-15 14:00:00,150.9395
2021-01-15 14:00:00,150.9395
2021-01-15 14:00:00,150.9395
2021-01-15 14:00:00,150.9395
2021-01-15 14:00:00,150.9395
2021-01-15 14:10:00,150.81091
2021-01-15 14:10:00,150.81091
2021-01-15 14:10:00,150.81091
2021-01-15 14:10:00,150.81091
2021-01-15 14:10:00,150.81091
2021-01-15 14:10:00,150.81091
2021-01-15 14:20:00,150.68231
2021-01-15 14:20:00,150.68231
2021-01-15 14:20:00,150.68231
2021-01-15 14:20:00,150.68231
2021-01-15 14:20:00,150.68231
2021-01-15 14:20:00,150.68231
2021-01-15 14:30:00,150.55371
2021-01-15 14:30:00,150.55371
2021-01-15 14:30:00,150.55371
2021-01-15 14:30:00,150.55371
2021-01-15 14:30:00,150.55371
2021-01-15 14:30:00,150.55371
2021-01-15 14:40:00,150.42513
2021-01-15 14:40:00,150.42513
2021-01-15 14:40:00,150.42513
2021-01-15 14:40:00,150.42513
2021-01-15 14:40:00,150.42513
2021-01-15 14:40:00,150.42513
2021-01-15 14:50:00,150.29652
2021-01-15 14:50:00,150.29652
2021-01-15 14:50:00,150.29652
2021-01-15 14:50:00,150.29652
2021-01-15 14:50:00,150.29652
2021-01-15 14:50:00,150.29652
2021-01-15 15:00:00,150.16794
2021-01-15 15:00:00,150.16794
2021-01-15 15:00:00,150.16794
2021-01-15 15:00:00,150.16794
2021-01-15 15:00:00,150.16794
2021-01-15 15:00:00,150.16794
2021-01-15 15:10:00,150.03934
2021-01-15 15:10:00,150.03934
2021-01-15 15:10:00,150.03934
2021-01-15 15:10:00,150.03934
2021-01-15 15:10:00,150.03934
2021-01-15 15:10:00,150.03934
2021-01-15 15:20:00,149.91075
2021-01-15 15:20:00,149.91075
2021-01-15 15:20:00,149.91075
2021-01-15 15:20:00,149.91075
2021-01-15 15:20:00,149.91075
2021-01-15 15:20:00,149.91075
2021-01-15 15:30:00,149.78215
2021-01-15 15:30:00,149.78215
2021-01-15 15:30:00,149.78215
2021-01-15 15:30:00,149.78215
2021-01-15 15:30:00,149.78215
2021-01-15 15:30:00,149.78215
2021-01-15 15:40:00,149.65356
2021-01-15 15:40:00,149.65356
2021-01-15 15:40:00,149.65356
2021-01-15 15:40:00,149.65356
2021-01-15 15:40:00,149.65356
2021-01-15 15:40:00,149.65356
2021-01-15 15:50:00,149.52496
2021-01-15 15:50:00,149.52496
2021-01-15 15:50:00,149.52496
2021-01-15 15:50:00,149.52496
2021-01-15 15:50:00,149.52496
2021-01-15 15:50:00,149.52496
2021-01-15 16:00:00,149.39638
2021-01-15 16:00:00,149.39638
2021-01-15 16:00:00,149.39638
2021-01-15 16:00:00,149.39638
2021-01-15 16:00:00,149.39638
2021-01-15 16:00:00,149.39638
2021-01-15 16:10:00,149.26778
2021-01-15 16:10:00,149.26778
2021-01-15 16:10:00,149.26778
2021-01-15 16:10:00,149.26778
2021-01-15 16:10:00,149.26778
2021-01-15 16:10:00,149.26778
2021-01-15 16:20:00,149.13919
2021-01-15 16:20:00,149.13919
2021-01-15 16:20:00,149.13919
2021-01-15 16:20:00,149.13919
2021-01-15 16:20:00,149.13919
2021-01-15 16:20:00,149.13919
2021-01-15 16:30:00,149.01059
2021-01-15 16:30:00,149.01059
2021-01-15 16:30:00,149.01059
2021-01-15 16:30:00,149.01059
2021-01-15 16:30:00,149.01059
2021-01-15 16:30:00,149.01059
2021-01-15 16:40:00,148.88199
2021-01-15 16:40:00,148.88199
2021-01-15 16:40:00,148.88199
2021-01-15 16:40:00,148.88199
2021-01-15 16:40:00,148.88199
2021-01-15 16:40:00,148.88199
2021-01-15 16:50:00,148.7534
2021-01-15 16:50:00,148.7534
2021-01-15 16:50:00,148.7534
2021-01-15 16:50:00,148.7534
2021-01-15 16:50:00,148.7534
2021-01-15 16:50:00,148.7534
2021-01-15 17:00:00,148.6248
2021-01-15 17:00:00,148.6248
2021-01-15 17:00:00,148.6248
2021-01-15 17:00:00,148.6248
2021-01-15 17:00:00,148.6248
2021-01-15 17:00:00,148.6248
2021-01-15 17:10:00,148.49622
2021-01-15 17:10:00,148.49622
2021-01-15 17:10:00,148.49622
2021-01-15 17:10:00,148.49622
2021-01-15 17:10:00,148.49622
2021-01-15 17:10:00,148.49622
2021-01-15 17:20:00,148.36761
2021-01-15 17:20:00,148.36761
2021-01-15 17:20:00,148.36761
2021-01-15 17:20:00,148.36761
2021-01-15 17:20:00,148.36761
2021-01-15 17:20:00,148.36761
2021-01-15 17:30:00,148.23903
2021-01-15 17:30:00,148.23903
2021-01-15 17:30:00,148.23903
2021-01-15 17:30:00,148.23903
2021-01-15 17:30:00,148.23903
2021-01-15 17:30:00,148.23903
2021-01-15 17:40:00,148.11043
2021-01-15 17:40:00,148.11043
2021-01-15 17:40:00,148.11043
2021-01-15 17:40:00,148.11043
2021-01-15 17:40:00,148.11043
2021-01-15 17:40:00,148.11043
2021-01-15 17:50:00,147.98184
2021-01-15 17:50:00,147.98184
2021-01-15 17:50:00,147.98184
2021-01-15 17:50:00,147.98184
2021-01-15 17:50:00,147.98184
2021-01-15 17:50:00,147.98184
2021-01-15 18:00:00,147.85324
2021-01-15 18:00:00,147.85324
2021-01-15 18:00:00,147.85324
2021-01-15 18:00:00,147.85324
2021-01-15 18:00:00,147.85324
2021-01-15 18:00:00,147.85324
2021-01-15 18:10:00,147.72466
2021-01-15 18:10:00,147.72466
2021-01-15 18:10:00,147.72466
2021-01-15 18:10:00,147.72466
2021-01-15 18:10:00,147.72466
2021-01-15 18:10:00,147.72466
2021-01-15 18:20:00,147.59605
2021-01-15 18:20:00,147.59605
2021-01-15 18:20:00,147.59605
2021-01-15 18:20:00,147.59605
2021-01-15 18:20:00,147.59605
2021-01-15 18:20:00,147.59605
2021-01-15 18:30:00,147.46747
2021-01-15 18:30:00,147.46747
2021-01-15 18:30:00,147.46747
2021-01-15 18:30:00,147.46747
2021-01-15 18:30:00,147.46747
2021-01-15 18:30:00,147.46747
2021-01-15 18:40:00,147.33887
2021-01-15 18:40:00,147.33887
2021-01-15 18:40:00,147.33887
2021-01-15 18:40:00,147.33887
2021-01-15 18:40:00,147.33887
2021-01-15 18:40:00,147.33887
2021-01-15 18:50:00,147.21027
2021-01-15 18:50:00,147.21027
2021-01-15 18:50:00,147.21027
2021-01-15 18:50:00,147.21027
2021-01-15 18:50:00,147.21027
2021-01-15 18:50:00,147.21027
2021-01-15 19:00:00,147.08168
2021-01-15 19:00:00,147.08168
2021-01-15 19:00:00,147.08168
2021-01-15 19:00:00,147.08168
2021-01-15 19:00:00,147.08168
2021-01-15 19:00:00,147.08168
2021-01-15 19:10:00,146.95308
2021-01-15 19:10:00,146.95308
2021-01-15 19:10:00,146.95308
2021-01-15 19:10:00,146.95308
2021-01-15 19:10:00,146.95308
2021-01-15 19:10:00,146.95308
2021-01-15 19:20:00,146.8245
2021-01-15 19:20:00,146.8245
2021-01-15 19:20:00,146.8245
2021-01-15 19:20:00,146.8245
2021-01-15 19:20:00,146.8245
2021-01-15 19:20:00,146.8245
2021-01-15 19:30:00,146.69589
2021-01-15 19:30:00,146.69589
2021-01-15 19:30:00,146.69589
2021-01-15 19:30:00,146.69589
2021-01-15 19:30:00,146.69589
2021-01-15 19:30:00,146.69589
2021-01-15 19:40:00,146.5673
2021-01-15 19:40:00,146.5673
2021-01-15 19:40:00,146.5673
2021-01-15 19:40:00,146.5673
2021-01-15 19:40:00,146.5673
2021-01-15 19:40:00,146.5673
2021-01-15 19:50:00,146.4387
2021-01-15 19:50:00,146.4387
2021-01-15 19:50:00,146.4387
2021-01-15 19:50:00,146.4387
2021-01-15 19:50:00,146.4387
2021-01-15 19:50:00,146.4387
2021-01-15 20:00:00,146.31012
2021-01-15 20:00:00,146.31012
2021-01-15 20:00:00,146.31012
2021-01-15 20:00:00,146.31012
2021-01-15 20:00:00,146.31012
2021-01-15 20:00:00,146.31012
2021-01-15 20:10:00,146.18152
2021-01-15 20:10:00,146.18152
2021-01-15 20:10:00,146.18152
2021-01-15 20:10:00,146.18152
2021-01-15 20:10:00,146.18152
2021-01-15 20:10:00,146.18152
2021-01-15 20:20:00,146.05293
2021-01-15 20:20:00,146.05293
2021-01-15 20:20:00,146.05293
2021-01-15 20:20:00,146.05293
2021-01-15 20:20:00,146.05293
2021-01-15 20:20:00,146.05293
2021-01-15 20:30:00,145.92433
2021-01-15 20:30:00,145.92433
2021-01-15 20:30:00,145.92433
2021-01-15 20:30:00,145.92433
2021-01-15 20:30:00,145.92433
2021-01-15 20:30:00,145.92433
2021-01-15 20:40:00,145.79575
2021-01-15 20:40:00,145.79575
2021-01-15 20:40:00,145.79575
2021-01-15 20:40:00,145.79575
2021-01-15 20:40:00,145.79575
2021-01-15 20:40:00,145.79575
2021-01-15 20:50:00,145.66714
2021-01-15 20:50:00,145.66714
2021-01-15 20:50:00,145.66714
2021-01-15 20:50:00,145.66714
2021-01-15 20:50:00,145.66714
2021-01-15 20:50:00,145.66714
2021-01-15 21:00:00,145.53854
2021-01-15 21:00:00,145.53854
2021-01-15 21:00:00,145.53854
2021-01-15 21:00:00,145.53854
2021-01-15 21:00:00,145.53854
2021-01-15 21:00:00,145.53854
2021-01-15 21:10:00,145.40996
2021-01-15 21:10:00,145.40996
2021-01-15 21:10:00,145.40996
2021-01-15 21:10:00,145.40996
2021-01-15 21:10:00,145.40996
2021-01-15 21:10:00,145.40996
2021-01-15 21:20:00,145.28136
2021-01-15 21:20:00,145.28136
2021-01-15 21:20:00,145.28136
2021-01-15 21:20:00,145.28136
2021-01-15 21:20:00,145.28136
2021-01-15 21:20:00,145.28136
2021-01-15 21:30:00,145.15277
2021-01-15 21:30:00,145.15277
2021-01-15 21:30:00,145.15277
2021-01-15 21:30:00,145.15277
2021-01-15 21:30:00,145.15277
2021-01-15 21:30:00,145.15277
2021-01-15 21:40:00,145.02417
2021-01-15 21:40:00,145.02417
2021-01-15 21:40:00,145.02417
2021-01-15 21:40:00,145.02417
2021-01-15 21:40:00,145.02417
2021-01-15 21:40:00,145.02417
2021-01-15 21:50:00,144.89558
2021-01-15 21:50:00,144.89558
2021-01-15 21:50:00,144.89558
2021-01-15 21:50:00,144.89558
2021-01-15 21:50:00,144.89558
2021-01-15 21:50:00,144.89558
2021-01-15 22:00:00,144.76698
2021-01-15 22:00:00,144.76698
2021-01-15 22:00:00,144.76698
2021-01-15 22:00:00,144.76698
2021-01-15 22:00:00,144.76698
2021-01-15 22:00:00,144.76698
2021-01-15 22:10:00,144.6384
2021-01-15 22:10:00,144.6384
2021-01-15 22:10:00,144.6384
2021-01-15 22:10:00,144.6384
2021-01-15 22:10:00,144.6384
2021-01-15 22:10:00,144.6384
2021-01-15 22:20:00,144.5098
2021-01-15 22:20:00,144.5098
2021-01-15 22:20:00,144.5098
2021-01-15 22:20:00,144.5098
2021-01-15 22:20:00,144.5098
2021-01-15 22:20:00,144.5098
2021-01-15 22:30:00,144.38121
2021-01-15 22:30:00,144.38121
2021-01-15 22:30:00,144.38121
2021-01-15 22:30:00,144.38121
2021-01-15 22:30:00,144.38121
2021-01-15 22:30:00,144.38121
2021-01-15 22:40:00,144.25261
2021-01-15 22:40:00,144.25261
2021-01-15 22:40:00,144.25261
2021-01-15 22:40:00,144.25261
2021-01-15 22:40:00,144.25261
2021-01-15 22:40:00,144.25261
2021-01-15 22:50:00,144.12401
2021-01-15 22:50:00,144.12401
2021-01-15 22:50:00,144.12401
2021-01-15 22:50:00,144.12401
2021-01-15 22:50:00,144.12401
2021-01-15 22:50:00,144.12401
2021-01-15 23:00:00,143.99542
2021-01-15 23:00:00,143.99542
2021-01-15 23:00:00,143.99542
2021-01-15 23:00:00,143.99542
2021-01-15 23:00:00,143.99542
2021-01-15 23:00:00,143.99542
2021-01-15 23:10:00,143.86682
2021-01-15 23:10:00,143.86682
2021-01-15 23:10:00,143.86682
2021-01-15 23:10:00,143.86682
2021-01-15 23:10:00,143.86682
2021-01-15 23:10:00,143.86682
2021-01-15 23:20:00,143.73824
2021-01-15 23:20:00,143.73824
2021-01-15 23:20:00,143.73824
2021-01-15 23:20:00,143.73824
2021-01-15 23:20:00,143.73824
2021-01-15 23:20:00,143.73824
2021-01-15 23:30:00,143.60963
2021-01-15 23:30:00,143.60963
2021-01-15 23:30:00,143.60963
2021-01-15 23:30:00,143.60963
2021-01-15 23:30:00,143.60963
2021-01-15 23:30:00,143.60963
2021-01-15 23:40:00,143.48105
2021-01-15 23:40:00,143.48105
2021-01-15 23:40:00,143.48105
2021-01-15 23:40:00,143.48105
2021-01-15 23:40:00,143.48105
2021-01-15 23:40:00,143.48105
2021-01-15 23:50:00,143.35245
2021-01-15 23:50:00,143.35245
2021-01-15 23:50:00,143.35245
2021-01-15 23:50:00,143.35245
2021-01-15 23:50:00,143.35245
2021-01-15 23:50:00,143.35245
2021-01-16 00:00:00,143.22386
2021-01-16 00:00:00,143.22386
2021-01-16 00:00:00,143.22386
2021-01-16 00:00:00,143.22386
2021-01-16 00:00:00,143.22386
2021-01-16 00:00:00,143.22386
2021-01-16 00:10:00,143.09526
2021-01-16 00:10:00,143.09526
2021-01-16 00:10:00,143.09526
2021-01-16 00:10:00,143.09526
2021-01-16 00:10:00,143.09526
2021-01-16 00:10:00,143.09526
2021-01-16 00:20:00,142.96667
2021-01-16 00:20:00,142.96667
2021-01-16 00:20:00,142.96667
2021-01-16 00:20:00,142.96667
2021-01-16 00:20:00,142.96667
2021-01-16 00:20:00,142.96667
2021-01-16 00:30:00,142.83807
2021-01-16 00:30:00,142.83807
2021-01-16 00:30:00,142.83807
2021-01-16 00:30:00,142.83807
2021-01-16 00:30:00,142.83807
2021-01-16 00:30:00,142.83807
2021-01-16 00:40:00,142.70949
2021-01-16 00:40:00,142.70949
2021-01-16 00:40:00,142.70949
2021-01-16 00:40:00,142.70949
2021-01-16 00:40:00,142.70949
2021-01-16 00:40:00,142.70949
2021-01-16 00:50:00,142.58089
2021-01-16 00:50:00,142.58089
2021-01-16 00:50:00,142.58089
2021-01-16 00:50:00,142.58089
2021-01-16 00:50:00,142.58089
2021-01-16 00:50:00,142.58089
2021-01-16 01:00:00,142.45229
2021-01-16 01:00:00,142.45229
2021-01-16 01:00:00,142.45229
2021-01-16 01:00:00,142.45229
2021-01-16 01:00:00,142.45229
2021-01-16 01:00:00,142.45229
2021-01-16 01:10:00,142.3237
2021-01-16 01:10:00,142.3237
2021-01-16 01:10:00,142.3237
2021-01-16 01:10:00,142.3237
2021-01-16 01:10:00,142.3237
2021-01-16 01:10:00,142.3237
2021-01-16 01:20:00,142.1951
2021-01-16 01:20:00,142.1951
2021-01-16 01:20:00,142.1951
2021-01-16 01:20:00,142.1951
2021-01-16 01:20:00,142.1951
2021-01-16 01:20:00,142.1951
2021-01-16 01:30:00,142.06651
2021-01-16 01:30:00,142.06651
2021-01-16 01:30:00,142.06651
2021-01-16 01:30:00,142.06651
2021-01-16 01:30:00,142.06651
2021-01-16 01:30:00,142.06651
2021-01-16 01:40:00,141.93791
2021-01-16 01:40:00,141.93791
2021-01-16 01:40:00,141.93791
2021-01-16 01:40:00,141.93791
2021-01-16 01:40:00,141.93791
2021-01-16 01:40:00,141.93791
2021-01-16 01:50:00,141.80933
2021-01-16 01:50:00,141.80933
2021-01-16 01:50:00,141.80933
2021-01-16 01:50:00,141.80933
2021-01-16 01:50:00,141.80933
2021-01-16 01:50:00,141.80933
2021-01-16 02:00:00,141.68073
2021-01-16 02:00:00,141.68073
2021-01-16 02:00:00,141.68073
2021-01-16 02:00:00,141.68073
2021-01-16 02:00:00,141.68073
2021-01-16 02:00:00,141.68073
2021-01-16 02:10:00,141.55214
2021-01-16 02:10:00,141.55214
2021-01-16 02:10:00,141.55214
2021-01-16 02:10:00,141.55214
2021-01-16 02:10:00,141.55214
2021-01-16 02:10:00,141.55214
2021-01-16 02:20:00,141.42354
2021-01-16 02:20:00,141.42354
2021-01-16 02:20:00,141.42354
2021-01-16 02:20:00,141.42354
2021-01-16 02:20:00,141.42354
2021-01-16 02:20:00,141.42354
2021-01-16 02:30:00,141.29495
2021-01-16 02:30:00,141.29495
2021-01-16 02:30:00,141.29495
2021-01-16 02:30:00,141.29495
2021-01-16 02:30:00,141.29495
2021-01-16 02:30:00,141.29495
2021-01-16 02:40:00,141.16635
2021-01-16 02:40:00,141.16635
2021-01-16 02:40:00,141.16635
2021-01-16 02:40:00,141.16635
2021-01-16 02:40:00,141.16635
2021-01-16 02:40:00,141.16635
2021-01-16 02:50:00,141.03777
2021-01-16 02:50:00,141.03777
2021-01-16 02:50:00,141.03777
2021-01-16 02:50:00,141.03777
2021-01-16 02:50:00,141.03777
2021-01-16 02:50:00,141.03777
2021-01-16 03:00:00,140.90916
2021-01-16 03:00:00,140.90916
2021-01-16 03:00:00,140.90916
2021-01-16 03:00:00,140.90916
2021-01-16 03:00:00,140.90916
2021-01-16 03:00:00,140.90916
2021-01-16 03:10:00,140.78056
2021-01-16 03:10:00,140.78056
2021-01-16 03:10:00,140.78056
2021-01-16 03:10:00,140.78056
2021-01-16 03:10:00,140.78056
2021-01-16 03:10:00,140.78056
2021-01-16 03:20:00,140.65198
2021-01-16 03:20:00,140.65198
2021-01-16 03:20:00,140.65198
2021-01-16 03:20:00,140.65198
2021-01-16 03:20:00,140.65198
2021-01-16 03:20:00,140.65198
2021-01-16 03:30:00,140.52338
2021-01-16 03:30:00,140.52338
2021-01-16 03:30:00,140.52338
2021-01-16 03:30:00,140.52338
2021-01-16 03:30:00,140.52338
2021-01-16 03:30:00,140.52338
2021-01-16 03:40:00,140.39479
2021-01-16 03:40:00,140.39479
2021-01-16 03:40:00,140.39479
2021-01-16 03:40:00,140.39479
2021-01-16 03:40:00,140.39479
2021-01-16 03:40:00,140.39479
2021-01-16 03:50:00,140.26619
2021-01-16 03:50:00,140.26619
2021-01-16 03:50:00,140.26619
2021-01-16 03:50:00,140.26619
2021-01-16 03:50:00,140.26619
2021-01-16 03:50:00,140.26619
2021-01-16 04:00:00,140.1376
2021-01-16 04:00:00,140.1376
2021-01-16 04:00:00,140.1376
2021-01-16 04:00:00,140.1376
2021-01-16 04:00:00,140.1376
2021-01-16 04:00:00,140.1376
2021-01-16 04:10:00,140.009
2021-01-16 04:10:00,140.009
2021-01-16 04:10:00,140.009
2021-01-16 04:10:00,140.009
2021-01-16 04:10:00,140.009
2021-01-16 04:10:00,140.009
2021-01-16 04:20:00,139.88042
2021-01-16 04:20:00,139.88042
2021-01-16 04:20:00,139.88042
2021-01-16 04:20:00,139.88042
2021-01-16 04:20:00,139.88042
2021-01-16 04:20:00,139.88042
2021-01-16 04:30:00,139.75182
2021-01-16 04:30:00,139.75182
2021-01-16 04:30:00,139.75182
2021-01-16 04:30:00,139.75182
2021-01-16 04:30:00,139.75182
2021-01-16 04:30:00,139.75182
2021-01-16 04:40:00,139.62323
2021-01-16 04:40:00,139.62323
2021-01-16 04:40:00,139.62323
2021-01-16 04:40:00,139.62323
2021-01-16 04:40:00,139.62323
2021-01-16 04:40:00,139.62323
2021-01-16 04:50:00,139.49463
2021-01-16 04:50:00,139.49463
2021-01-16 04:50:00,139.49463
2021-01-16 04:50:00,139.49463
2021-01-16 04:50:00,139.49463
2021-01-16 04:50:00,139.49463
2021-01-16 05:00:00,139.36604
2021-01-16 05:00:00,139.36604
2021-01-16 05:00:00,139.36604
2021-01-16 05:00:00,139.36604
2021-01-16 05:00:00,139.36604
2021-01-16 05:00:00,139.36604
2021-01-16 05:10:00,139.23744
2021-01-16 05:10:00,139.23744
2021-01-16 05:10:00,139.23744
2021-01-16 05:10:00,139.23744
2021-01-16 05:10:00,139.23744
2021-01-16 05:10:00,139.23744
2021-01-16 05:20:00,139.10884
2021-01-16 05:20:00,139.10884
2021-01-16 05:20:00,139.10884
2021-01-16 05:20:00,139.10884
2021-01-16 05:20:00,139.10884
2021-01-16 05:20:00,139.10884
2021-01-16 05:30:00,138.98026
2021-01-16 05:30:00,138.98026
2021-01-16 05:30:00,138.98026
2021-01-16 05:30:00,138.98026
2021-01-16 05:30:00,138.98026
2021-01-16 05:30:00,138.98026
2021-01-16 05:40:00,138.85165
2021-01-16 05:40:00,138.85165
2021-01-16 05:40:00,138.85165
2021-01-16 05:40:00,138.85165
2021-01-16 05:40:00,138.85165
2021-01-16 05:40:00,138.85165
2021-01-16 05:50:00,138.72307
2021-01-16 05:50:00,138.72307
2021-01-16 05:50:00,138.72307
2021-01-16 05:50:00,138.72307
2021-01-16 05:50:00,138.72307
2021-01-16 05:50:00,138.72307
2021-01-16 06:00:00,138.59447
2021-01-16 06:00:00,138.59447
2021-01-16 06:00:00,138.59447
2021-01-16 06:00:00,138.59447
2021-01-16 06:00:00,138.59447
2021-01-16 06:00:00,138.59447
2021-01-16 06:10:00,138.46588
2021-01-16 06:10:00,138.46588
2021-01-16 06:10:00,138.46588
2021-01-16 06:10:00,138.46588
2021-01-16 06:10:00,138.46588
2021-01-16 06:10:00,138.46588
2021-01-16 06:20:00,138.33728
2021-01-16 06:20:00,138.33728
2021-01-16 06:20:00,138.33728
2021-01-16 06:20:00,138.33728
2021-01-16 06:20:00,138.33728
2021-01-16 06:20:00,138.33728
2021-01-16 06:30:00,138.2087
2021-01-16 06:30:00,138.2087
2021-01-16 06:30:00,138.2087
2021-01-16 06:30:00,138.2087
2021-01-16 06:30:00,138.2087
2021-01-16 06:30:00,138.2087
2021-01-16 06:40:00,138.0801
2021-01-16 06:40:00,138.0801
2021-01-16 06:40:00,138.0801
2021-01-16 06:40:00,138.0801
2021-01-16 06:40:00,138.0801
2021-01-16 06:40:00,138.0801
2021-01-16 06:50:00,137.9515
2021-01-16 06:50:00,137.9515
2021-01-16 06:50:00,137.9515
2021-01-16 06:50:00,137.9515
2021-01-16 06:50:00,137.9515
2021-01-16 06:50:00,137.9515
2021-01-16 07:00:00,137.8229
2021-01-16 07:00:00,137.8229
2021-01-16 07:00:00,137.8229
2021-01-16 07:00:00,137.8229
2021-01-16 07:00:00,137.8229
2021-01-16 07:00:00,137.8229
2021-01-16 07:10:00,137.6943
2021-01-16 07:10:00,137.6943
2021-01-16 07:10:00,137.6943
2021-01-16 07:10:00,137.6943
2021-01-16 07:10:00,137.6943
2021-01-16 07:10:00,137.6943
2021-01-16 07:20:00,137.56572
2021-01-16 07:20:00,137.56572
2021-01-16 07:20:00,137.56572
2021-01-16 07:20:00,137.56572
2021-01-16 07:20:00,137.56572
2021-01-16 07:20:00,137.56572
2021-01-16 07:30:00,137.43712
2021-01-16 07:30:00,137.43712
2021-01-16 07:30:00,137.43712
2021-01-16 07:30:00,137.43712
2021-01-16 07:30:00,137.43712
2021-01-16 07:30:00,137.43712
2021-01-16 07:40:00,137.30853
2021-01-16 07:40:00,137.30853
2021-01-16 07:40:00,137.30853
2021-01-16 07:40:00,137.30853
2021-01-16 07:40:00,137.30853
2021-01-16 07:40:00,137.30853
2021-01-16 07:50:00,137.17993
2021-01-16 07:50:00,137.17993
2021-01-16 07:50:00,137.17993
2021-01-16 07:50:00,137.17993
2021-01-16 07:50:00,137.17993
2021-01-16 07:50:00,137.17993
2021-01-16 08:00:00,137.05135
2021-01-16 08:00:00,137.05135
2021-01-16 08:00:00,137.05135
2021-01-16 08:00:00,137.05135
2021-01-16 08:00:00,137.05135
2021-01-16 08:00:00,137.05135
2021-01-16 08:10:00,136.92274
2021-01-16 08:10:00,136.92274
2021-01-16 08:10:00,136.92274
2021-01-16 08:10:00,136.92274
2021-01-16 08:10:00,136.92274
2021-01-16 08:10:00,136.92274
2021-01-16 08:20:00,136.79416
2021-01-16 08:20:00,136.79416
2021-01-16 08:20:00,136.79416
2021-01-16 08:20:00,136.79416
2021-01-16 08:20:00,136.79416
2021-01-16 08:20:00,136.79416
2021-01-16 08:30:00,136.66556
2021-01-16 08:30:00,136.66556
2021-01-16 08:30:00,136.66556
2021-01-16 08:30:00,136.66556
2021-01-16 08:30:00,136.66556
2021-01-16 08:30:00,136.66556
2021-01-16 08:40:00,136.53697
2021-01-16 08:40:00,136.53697
2021-01-16 08:40:00,136.53697
2021-01-16 08:40:00,136.53697
2021-01-16 08:40:00,136.53697
2021-01-16 08:40:00,136.53697
2021-01-16 08:50:00,136.40837
2021-01-16 08:50:00,136.40837
2021-01-16 08:50:00,136.40837
2021-01-16 08:50:00,136.40837
2021-01-16 08:50:00,136.40837
2021-01-16 08:50:00,136.40837
2021-01-16 09:00:00,136.27979
2021-01-16 09:00:00,136.27979
2021-01-16 09:00:00,136.27979
2021-01-16 09:00:00,136.27979
2021-01-16 09:00:00,136.27979
2021-01-16 09:00:00,136.27979
2021-01-16 09:10:00,136.15118
2021-01-16 09:10:00,136.15118
2021-01-16 09:10:00,136.15118
2021-01-16 09:10:00,136.15118
2021-01-16 09:10:00,136.15118
2021-01-16 09:10:00,136.15118
2021-01-16 09:20:00,136.02258
2021-01-16 09:20:00,136.02258
2021-01-16 09:20:00,136.02258
2021-01-16 09:20:00,136.02258
2021-01-16 09:20:00,136.02258
2021-01-16 09:20:00,136.02258
2021-01-16 09:30:00,135.894
2021-01-16 09:30:00,135.894
2021-01-16 09:30:00,135.894
2021-01-16 09:30:00,135.894
2021-01-16 09:30:00,135.894
2021-01-16 09:30:00,135.894
2021-01-16 09:40:00,135.7654
2021-01-16 09:40:00,135.7654
2021-01-16 09:40:00,135.7654
2021-01-16 09:40:00,135.7654
2021-01-16 09:40:00,135.7654
2021-01-16 09:40:00,135.7654
2021-01-16 09:50:00,135.63681
2021-01-16 09:50:00,135.63681
2021-01-16 09:50:00,135.63681
2021-01-16 09:50:00,135.63681
2021-01-16 09:50:00,135.63681
2021-01-16 09:50:00,135.63681
2021-01-16 10:00:00,135.50821
2021-01-16 10:00:00,135.50821
2021-01-16 10:00:00,135.50821
2021-01-16 10:00:00,135.50821
2021-01-16 10:00:00,135.50821
2021-01-16 10:00:00,135.50821
2021-01-16 10:10:00,135.37962
2021-01-16 10:10:00,135.37962
2021-01-16 10:10:00,135.37962
2021-01-16 10:10:00,135.37962
2021-01-16 10:10:00,135.37962
2021-01-16 10:10:00,135.37962
2021-01-16 10:20:00,135.25102
2021-01-16 10:20:00,135.25102
2021-01-16 10:20:00,135.25102
2021-01-16 10:20:00,135.25102
2021-01-16 10:20:00,135.25102
2021-01-16 10:20:00,135.25102
2021-01-16 10:30:00,135.12244
2021-01-16 10:30:00,135.12244
2021-01-16 10:30:00,135.12244
2021-01-16 10:30:00,135.12244
2021-01-16 10:30:00,135.12244
2021-01-16 10:30:00,135.12244
2021-01-16 10:40:00,134.99384
2021-01-16 10:40:00,134.99384
2021-01-16 10:40:00,134.99384
2021-01-16 10:40:00,134.99384
2021-01-16 10:40:00,134.99384
2021-01-16 10:40:00,134.99384
2021-01-16 10:50:00,134.86525
2021-01-16 10:50:00,134.86525
2021-01-16 10:50:00,134.86525
2021-01-16 10:50:00,134.86525
2021-01-16 10:50:00,134.86525
2021-01-16 10:50:00,134.86525
2021-01-16 11:00:00,134.73665
2021-01-16 11:00:00,134.73665
2021-01-16 11:00:00,134.73665
2021-01-16 11:00:00,134.73665
2021-01-16 11:00:00,134.73665
2021-01-16 11:00:00,134.73665
2021-01-16 11:10:00,134.60806
2021-01-16 11:10:00,134.60806
2021-01-16 11:10:00,134.60806
2021-01-16 11:10:00,134.60806
2021-01-16 11:10:00,134.60806
2021-01-16 11:10:00,134.60806
2021-01-16 11:20:00,134.47946
2021-01-16 11:20:00,134.47946
2021-01-16 11:20:00,134.47946
2021-01-16 11:20:00,134.47946
2021-01-16 11:20:00,134.47946
2021-01-16 11:20:00,134.47946
2021-01-16 11:30:00,134.35086
2021-01-16 11:30:00,134.35086
2021-01-16 11:30:00,134.35086
2021-01-16 11:30:00,134.35086
2021-01-16 11:30:00,134.35086
2021-01-16 11:30:00,134.35086
2021-01-16 11:40:00,134.22227
2021-01-16 11:40:00,134.22227
2021-01-16 11:40:00,134.22227
2021-01-16 11:40:00,134.22227
2021-01-16 11:40:00,134.22227
2021-01-16 11:40:00,134.22227
2021-01-16 11:50:00,134.09367
2021-01-16 11:50:00,134.09367
2021-01-16 11:50:00,134.09367
2021-01-16 11:50:00,134.09367
2021-01-16 11:50:00,134.09367
2021-01-16 11:50:00,134.09367
2021-01-16 12:00:00,133.96509
2021-01-16 12:00:00,133.96509
2021-01-16 12:00:00,133.96509
2021-01-16 12:00:00,133.96509
2021-01-16 12:00:00,133.96509
2021-01-16 12:00:00,133.96509
2021-01-16 12:10:00,133.83649
2021-01-16 12:10:00,133.83649
2021-01-16 12:10:00,133.83649
2021-01-16 12:10:00,133.83649
2021-01-16 12:10:00,133.83649
2021-01-16 12:10:00,133.83649
2021-01-16 12:20:00,133.7079
2021-01-16 12:20:00,133.7079
2021-01-16 12:20:00,133.7079
2021-01-16 12:20:00,133.7079
2021-01-16 12:20:00,133.7079
2021-01-16 12:20:00,133.7079
2021-01-16 12:30:00,133.5793
2021-01-16 12:30:00,133.5793
2021-01-16 12:30:00,133.5793
2021-01-16 12:30:00,133.5793
2021-01-16 12:30:00,133.5793
2021-01-16 12:30:00,133.5793
2021-01-16 12:40:00,133.45071
2021-01-16 12:40:00,133.45071
2021-01-16 12:40:00,133.45071
2021-01-16 12:40:00,133.45071
2021-01-16 12:40:00,133.45071
2021-01-16 12:40:00,133.45071
2021-01-16 12:50:00,133.32211
2021-01-16 12:50:00,133.32211
2021-01-16 12:50:00,133.32211
2021-01-16 12:50:00,133.32211
2021-01-16 12:50:00,133.32211
2021-01-16 12:50:00,133.32211
2021-01-16 13:00:00,133.19353
2021-01-16 13:00:00,133.19353
2021-01-16 13:00:00,133.19353
2021-01-16 13:00:00,133.19353
2021-01-16 13:00:00,133.19353
2021-01-16 13:00:00,133.19353
2021-01-16 13:10:00,133.06493
2021-01-16 13:10:00,133.06493
2021-01-16 13:10:00,133.06493
2021-01-16 13:10:00,133.06493
2021-01-16 13:10:00,133.06493
2021-01-16 13:10:00,133.06493
2021-01-16 13:20:00,132.93634
2021-01-16 13:20:00,132.93634
2021-01-16 13:20:00,132.93634
2021-01-16 13:20:00,132.93634
2021-01-16 13:20:00,132.93634
2021-01-16 13:20:00,132.93634
2021-01-16 13:30:00,132.80774
2021-01-16 13:30:00,132.80774
2021-01-16 13:30:00,132.80774
2021-01-16 13:30:00,132.80774
2021-01-16 13:30:00,132.80774
2021-01-16 13:30:00,132.80774
2021-01-16 13:40:00,132.67914
2021-01-16 13:40:00,132.67914
2021-01-16 13:40:00,132.67914
2021-01-16 13:40:00,132.67914
2021-01-16 13:40:00,132.67914
2021-01-16 13:40:00,132.67914
2021-01-16 13:50:00,132.55055
2021-01-16 13:50:00,132.55055
2021-01-16 13:50:00,132.55055
2021-01-16 13:50:00,132.55055
2021-01-16 13:50:00,132.55055
2021-01-16 13:50:00,132.55055
2021-01-16 14:00:00,132.42195
2021-01-16 14:00:00,132.42195
2021-01-16 14:00:00,132.42195
2021-01-16 14:00:00,132.42195
2021-01-16 14:00:00,132.42195
2021-01-16 14:00:00,132.42195
2021-01-16 14:10:00,132.29337
2021-01-16 14:10:00,132.29337
2021-01-16 14:10:00,132.29337
2021-01-16 14:10:00,132.29337
2021-01-16 14:10:00,132.29337
2021-01-16 14:10:00,132.29337
2021-01-16 14:20:00,132.16476
2021-01-16 14:20:00,132.16476
2021-01-16 14:20:00,132.16476
2021-01-16 14:20:00,132.16476
2021-01-16 14:20:00,132.16476
2021-01-16 14:20:00,132.16476
2021-01-16 14:30:00,132.03618
2021-01-16 14:30:00,132.03618
2021-01-16 14:30:00,132.03618
2021-01-16 14:30:00,132.03618
2021-01-16 14:30:00,132.03618
2021-01-16 14:30:00,132.03618
2021-01-16 14:40:00,131.90758
2021-01-16 14:40:00,131.90758
2021-01-16 14:40:00,131.90758
2021-01-16 14:40:00,131.90758
2021-01-16 14:40:00,131.90758
2021-01-16 14:40:00,131.90758
2021-01-16 14:50:00,131.77899
2021-01-16 14:50:00,131.77899
2021-01-16 14:50:00,131.77899
2021-01-16 14:50:00,131.77899
2021-01-16 14:50:00,131.77899
2021-01-16 14:50:00,131.77899
2021-01-16 15:00:00,131.65039
2021-01-16 15:00:00,131.65039
2021-01-16 15:00:00,131.65039
2021-01-16 15:00:00,131.65039
2021-01-16 15:00:00,131.65039
2021-01-16 15:00:00,131.65039
2021-01-16 15:10:00,131.5218
2021-01-16 15:10:00,131.5218
2021-01-16 15:10:00,131.5218
2021-01-16 15:10:00,131.5218
2021-01-16 15:10:00,131.5218
2021-01-16 15:10:00,131.5218
2021-01-16 15:20:00,131.3932
2021-01-16 15:20:00,131.3932
2021-01-16 15:20:00,131.3932
2021-01-16 15:20:00,131.3932
2021-01-16 15:20:00,131.3932
2021-01-16 15:20:00,131.3932
2021-01-16 15:30:00,131.2646
2021-01-16 15:30:00,131.2646
2021-01-16 15:30:00,131.2646
2021-01-16 15:30:00,131.2646
2021-01-16 15:30:00,131.2646
2021-01-16 15:30:00,131.2646
2021-01-16 15:40:00,131.13602
2021-01-16 15:40:00,131.13602
2021-01-16 15:40:00,131.13602
2021-01-16 15:40:00,131.13602
2021-01-16 15:40:00,131.13602
2021-01-16 15:40:00,131.13602
2021-01-16 15:50:00,131.00742
2021-01-16 15:50:00,131.00742
2021-01-16 15:50:00,131.00742
2021-01-16 15:50:00,131.00742
2021-01-16 15:50:00,131.00742
2021-01-16 15:50:00,131.00742
2021-01-16 16:00:00,130.87883
2021-01-16 16:00:00,130.87883
2021-01-16 16:00:00,130.87883
2021-01-16 16:00:00,130.87883
2021-01-16 16:00:00,130.87883
2021-01-16 16:00:00,130.87883
2021-01-16 16:10:00,130.75023
2021-01-16 16:10:00,130.75023
2021-01-16 16:10:00,130.75023
2021-01-16 16:10:00,130.75023
2021-01-16 16:10:00,130.75023
2021-01-16 16:10:00,130.75023
2021-01-16 16:20:00,130.62164
2021-01-16 16:20:00,130.62164
2021-01-16 16:20:00,130.62164
2021-01-16 16:20:00,130.62164
2021-01-16 16:20:00,130.62164
2021-01-16 16:20:00,130.62164
2021-01-16 16:30:00,130.49304
2021-01-16 16:30:00,130.49304
2021-01-16 16:30:00,130.49304
2021-01-16 16:30:00,130.49304
2021-01-16 16:30:00,130.49304
2021-01-16 16:30:00,130.49304
2021-01-16 16:40:00,130.36446
2021-01-16 16:40:00,130.36446
2021-01-16 16:40:00,130.36446
2021-01-16 16:40:00,130.36446
2021-01-16 16:40:00,130.36446
2021-01-16 16:40:00,130.36446
2021-01-16 16:50:00,130.23586
2021-01-16 16:50:00,130.23586
2021-01-16 16:50:00,130.23586
2021-01-16 16:50:00,130.23586
2021-01-16 16:50:00,130.23586
2021-01-16 16:50:00,130.23586
2021-01-16 17:00:00,130.10727
2021-01-16 17:00:00,130.10727
2021-01-16 17:00:00,130.10727
2021-01-16 17:00:00,130.10727
2021-01-16 17:00:00,130.10727
2021-01-16 17:00:00,130.10727
2021-01-16 17:10:00,129.97867
2021-01-16 17:10:00,129.97867
2021-01-16 17:10:00,129.97867
2021-01-16 17:10:00,129.97867
2021-01-16 17:10:00,129.97867
2021-01-16 17:10:00,129.97867
2021-01-16 17:20:00,129.85008
2021-01-16 17:20:00,129.85008
2021-01-16 17:20:00,129.85008
2021-01-16 17:20:00,129.85008
2021-01-16 17:20:00,129.85008
2021-01-16 17:20:00,129.85008
2021-01-16 17:30:00,129.72148
2021-01-16 17:30:00,129.72148
2021-01-16 17:30:00,129.72148
2021-01-16 17:30:00,129.72148
2021-01-16 17:30:00,129.72148
2021-01-16 17:30:00,129.72148
2021-01-16 17:40:00,129.59288
2021-01-16 17:40:00,129.59288
2021-01-16 17:40:00,129.59288
2021-01-16 17:40:00,129.59288
2021-01-16 17:40:00,129.59288
2021-01-16 17:40:00,129.59288
2021-01-16 17:50:00,129.4643
2021-01-16 17:50:00,129.4643
2021-01-16 17:50:00,129.4643
2021-01-16 17:50:00,129.4643
2021-01-16 17:50:00,129.4643
2021-01-16 17:50:00,129.4643
2021-01-16 18:00:00,129.3357
2021-01-16 18:00:00,129.3357
2021-01-16 18:00:00,129.3357
2021-01-16 18:00:00,129.3357
2021-01-16 18:00:00,129.3357
2021-01-16 18:00:00,129.3357
2021-01-16 18:10:00,129.2071
2021-01-16 18:10:00,129.2071
2021-01-16 18:10:00,129.2071
2021-01-16 18:10:00,129.2071
2021-01-16 18:10:00,129.2071
2021-01-16 18:10:00,129.2071
2021-01-16 18:20:00,129.0785
2021-01-16 18:20:00,129.0785
2021-01-16 18:20:00,129.0785
2021-01-16 18:20:00,129.0785
2021-01-16 18:20:00,129.0785
2021-01-16 18:20:00,129.0785
2021-01-16 18:30:00,128.94992
2021-01-16 18:30:00,128.94992
2021-01-16 18:30:00,128.94992
2021-01-16 18:30:00,128.94992
2021-01-16 18:30:00,128.94992
2021-01-16 18:30:00,128.94992
2021-01-16 18:40:00,128.82132
2021-01-16 18:40:00,128.82132
2021-01-16 18:40:00,128.82132
2021-01-16 18:40:00,128.82132
2021-01-16 18:40:00,128.82132
2021-01-16 18:40:00,128.82132
2021-01-16 18:50:00,128.69273
2021-01-16 18:50:00,128.69273
2021-01-16 18:50:00,128.69273
2021-01-16 18:50:00,128.69273
2021-01-16 18:50:00,128.69273
2021-01-16 18:50:00,128.69273
2021-01-16 19:00:00,128.56413
2021-01-16 19:00:00,128.56413
2021-01-16 19:00:00,128.56413
2021-01-16 19:00:00,128.56413
2021-01-16 19:00:00,128.56413
2021-01-16 19:00:00,128.56413
2021-01-16 19:10:00,128.43555
2021-01-16 19:10:00,128.43555
2021-01-16 19:10:00,128.43555
2021-01-16 19:10:00,128.43555
2021-01-16 19:10:00,128.43555
2021-01-16 19:10:00,128.43555
2021-01-16 19:20:00,128.30695
2021-01-16 19:20:00,128.30695
2021-01-16 19:20:00,128.30695
2021-01-16 19:20:00,128.30695
2021-01-16 19:20:00,128.30695
2021-01-16 19:20:00,128.30695
2021-01-16 19:30:00,128.17836
2021-01-16 19:30:00,128.17836
2021-01-16 19:30:00,128.17836
2021-01-16 19:30:00,128.17836
2021-01-16 19:30:00,128.17836
2021-01-16 19:30:00,128.17836
2021-01-16 19:40:00,128.04976
2021-01-16 19:40:00,128.04976
2021-01-16 19:40:00,128.04976
2021-01-16 19:40:00,128.04976
2021-01-16 19:40:00,128.04976
2021-01-16 19:40:00,128.04976
2021-01-16 19:50:00,127.921165
2021-01-16 19:50:00,127.921165
2021-01-16 19:50:00,127.921165
2021-01-16 19:50:00,127.921165
2021-01-16 19:50:00,127.921165
2021-01-16 19:50:00,127.921165
2021-01-16 20:00:00,127.79257
2021-01-16 20:00:00,127.79257
2021-01-16 20:00:00,127.79257
2021-01-16 20:00:00,127.79257
2021-01-16 20:00:00,127.79257
2021-01-16 20:00:00,127.79257
2021-01-16 20:10:00,127.66398
2021-01-16 20:10:00,127.66398
2021-01-16 20:10:00,127.66398
2021-01-16 20:10:00,127.66398
2021-01-16 20:10:00,127.66398
2021-01-16 20:10:00,127.66398
2021-01-16 20:20:00,127.535385
2021-01-16 20:20:00,127.535385
2021-01-16 20:20:00,127.535385
2021-01-16 20:20:00,127.535385
2021-01-16 20:20:00,127.535385
2021-01-16 20:20:00,127.535385
2021-01-16 20:30:00,127.40679
2021-01-16 20:30:00,127.40679
2021-01-16 20:30:00,127.40679
2021-01-16 20:30:00,127.40679
2021-01-16 20:30:00,127.40679
2021-01-16 20:30:00,127.40679
2021-01-16 20:40:00,127.27819
2021-01-16 20:40:00,127.27819
2021-01-16 20:40:00,127.27819
2021-01-16 20:40:00,127.27819
2021-01-16 20:40:00,127.27819
2021-01-16 20:40:00,127.27819
2021-01-16 20:50:00,127.1496
2021-01-16 20:50:00,127.1496
2021-01-16 20:50:00,127.1496
2021-01-16 20:50:00,127.1496
2021-01-16 20:50:00,127.1496
2021-01-16 20:50:00,127.1496
2021-01-16 21:00:00,127.021
2021-01-16 21:00:00,127.021
2021-01-16 21:00:00,127.021
2021-01-16 21:00:00,127.021
2021-01-16 21:00:00,127.021
2021-01-16 21:00:00,127.021
2021-01-16 21:10:00,126.89241
2021-01-16 21:10:00,126.89241
2021-01-16 21:10:00,126.89241
2021-01-16 21:10:00,126.89241
2021-01-16 21:10:00,126.89241
2021-01-16 21:10:00,126.89241
2021-01-16 21:20:00,126.76382
2021-01-16 21:20:00,126.76382
2021-01-16 21:20:00,126.76382
2021-01-16 21:20:00,126.76382
2021-01-16 21:20:00,126.76382
2021-01-16 21:20:00,126.76382
2021-01-16 21:30:00,126.63522
2021-01-16 21:30:00,126.63522
2021-01-16 21:30:00,126.63522
2021-01-16 21:30:00,126.63522
2021-01-16 21:30:00,126.63522
2021-01-16 21:30:00,126.63522
2021-01-16 21:40:00,126.50663
2021-01-16 21:40:00,126.50663
2021-01-16 21:40:00,126.50663
2021-01-16 21:40:00,126.50663
2021-01-16 21:40:00,126.50663
2021-01-16 21:40:00,126.50663
2021-01-16 21:50:00,126.37804
2021-01-16 21:50:00,126.37804
2021-01-16 21:50:00,126.37804
2021-01-16 21:50:00,126.37804
2021-01-16 21:50:00,126.37804
2021-01-16 21:50:00,126.37804
2021-01-16 22:00:00,126.24944
2021-01-16 22:00:00,126.24944
2021-01-16 22:00:00,126.24944
2021-01-16 22:00:00,126.24944
2021-01-16 22:00:00,126.24944
2021-01-16 22:00:00,126.24944
2021-01-16 22:10:00,126.12085
2021-01-16 22:10:00,126.12085
2021-01-16 22:10:00,126.12085
2021-01-16 22:10:00,126.12085
2021-01-16 22:10:00,126.12085
2021-01-16 22:10:00,126.12085
2021-01-16 22:20:00,125.992256
2021-01-16 22:20:00,125.992256
2021-01-16 22:20:00,125.992256
2021-01-16 22:20:00,125.992256
2021-01-16 22:20:00,125.992256
2021-01-16 22:20:00,125.992256
2021-01-16 22:30:00,125.86366
2021-01-16 22:30:00,125.86366
2021-01-16 22:30:00,125.86366
2021-01-16 22:30:00,125.86366
2021-01-16 22:30:00,125.86366
2021-01-16 22:30:00,125.86366
2021-01-16 22:40:00,125.73507
2021-01-16 22:40:00,125.73507
2021-01-16 22:40:00,125.73507
2021-01-16 22:40:00,125.73507
2021-01-16 22:40:00,125.73507
2021-01-16 22:40:00,125.73507
2021-01-16 22:50:00,125.60647
2021-01-16 22:50:00,125.60647
2021-01-16 22:50:00,125.60647
2021-01-16 22:50:00,125.60647
2021-01-16 22:50:00,125.60647
2021-01-16 22:50:00,125.60647
2021-01-16 23:00:00,125.477875
2021-01-16 23:00:00,125.477875
2021-01-16 23:00:00,125.477875
2021-01-16 23:00:00,125.477875
2021-01-16 23:00:00,125.477875
2021-01-16 23:00:00,125.477875
2021-01-16 23:10:00,125.34928
2021-01-16 23:10:00,125.34928
2021-01-16 23:10:00,125.34928
2021-01-16 23:10:00,125.34928
2021-01-16 23:10:00,125.34928
2021-01-16 23:10:00,125.34928
2021-01-16 23:20:00,125.22069
2021-01-16 23:20:00,125.22069
2021-01-16 23:20:00,125.22069
2021-01-16 23:20:00,125.22069
2021-01-16 23:20:00,125.22069
2021-01-16 23:20:00,125.22069
2021-01-16 23:30:00,125.092094
2021-01-16 23:30:00,125.092094
2021-01-16 23:30:00,125.092094
2021-01-16 23:30:00,125.092094
2021-01-16 23:30:00,125.092094
2021-01-16 23:30:00,125.092094
2021-01-16 23:40:00,124.9635
2021-01-16 23:40:00,124.9635
2021-01-16 23:40:00,124.9635
2021-01-16 23:40:00,124.9635
2021-01-16 23:40:00,124.9635
2021-01-16 23:40:00,124.9635
2021-01-16 23:50:00,124.83491
2021-01-16 23:50:00,124.83491
2021-01-16 23:50:00,124.83491
2021-01-16 23:50:00,124.83491
2021-01-16 23:50:00,124.83491
2021-01-16 23:50:00,124.83491
2021-01-17 00:00:00,124.706314
2021-01-17 00:00:00,124.706314
2021-01-17 00:00:00,124.706314
2021-01-17 00:00:00,124.706314
2021-01-17 00:00:00,124.706314
2021-01-17 00:00:00,124.706314
2021-01-17 00:10:00,124.57772
2021-01-17 00:10:00,124.57772
2021-01-17 00:10:00,124.57772
2021-01-17 00:10:00,124.57772
2021-01-17 00:10:00,124.57772
2021-01-17 00:10:00,124.57772
2021-01-17 00:20:00,124.44913
2021-01-17 00:20:00,124.44913
2021-01-17 00:20:00,124.44913
2021-01-17 00:20:00,124.44913
2021-01-17 00:20:00,124.44913
2021-01-17 00:20:00,124.44913
2021-01-17 00:30:00,124.32053
2021-01-17 00:30:00,124.32053
2021-01-17 00:30:00,124.32053
2021-01-17 00:30:00,124.32053
2021-01-17 00:30:00,124.32053
2021-01-17 00:30:00,124.32053
2021-01-17 00:40:00,124.19194
2021-01-17 00:40:00,124.19194
2021-01-17 00:40:00,124.19194
2021-01-17 00:40:00,124.19194
2021-01-17 00:40:00,124.19194
2021-01-17 00:40:00,124.19194
2021-01-17 00:50:00,124.06334
2021-01-17 00:50:00,124.06334
2021-01-17 00:50:00,124.06334
2021-01-17 00:50:00,124.06334
2021-01-17 00:50:00,124.06334
2021-01-17 00:50:00,124.06334
2021-01-17 01:00:00,123.934746
2021-01-17 01:00:00,123.934746
2021-01-17 01:00:00,123.934746
2021-01-17 01:00:00,123.934746
2021-01-17 01:00:00,123.934746
2021-01-17 01:00:00,123.934746
2021-01-17 01:10:00,123.80615
2021-01-17 01:10:00,123.80615
2021-01-17 01:10:00,123.80615
2021-01-17 01:10:00,123.80615
2021-01-17 01:10:00,123.80615
2021-01-17 01:10:00,123.80615
2021-01-17 01:20:00,123.67756
2021-01-17 01:20:00,123.67756
2021-01-17 01:20:00,123.67756
2021-01-17 01:20:00,123.67756
2021-01-17 01:20:00,123.67756
2021-01-17 01:20:00,123.67756
2021-01-17 01:30:00,123.548965
2021-01-17 01:30:00,123.548965
2021-01-17 01:30:00,123.548965
2021-01-17 01:30:00,123.548965
2021-01-17 01:30:00,123.548965
2021-01-17 01:30:00,123.548965
2021-01-17 01:40:00,123.42037
2021-01-17 01:40:00,123.42037
2021-01-17 01:40:00,123.42037
2021-01-17 01:40:00,123.42037
2021-01-17 01:40:00,123.42037
2021-01-17 01:40:00,123.42037
2021-01-17 01:50:00,123.29178
2021-01-17 01:50:00,123.29178
2021-01-17 01:50:00,123.29178
2021-01-17 01:50:00,123.29178
2021-01-17 01:50:00,123.29178
2021-01-17 01:50:00,123.29178
2021-01-17 02:00:00,123.163185
2021-01-17 02:00:00,123.163185
2021-01-17 02:00:00,123.163185
2021-01-17 02:00:00,123.163185
2021-01-17 02:00:00,123.163185
2021-01-17 02:00:00,123.163185
2021-01-17 02:10:00,123.03459
2021-01-17 02:10:00,123.03459
2021-01-17 02:10:00,123.03459
2021-01-17 02:10:00,123.03459
2021-01-17 02:10:00,123.03459
2021-01-17 02:10:00,123.03459
2021-01-17 02:20:00,122.906
2021-01-17 02:20:00,122.906
2021-01-17 02:20:00,122.906
2021-01-17 02:20:00,122.906
2021-01-17 02:20:00,122.906
2021-01-17 02:20:00,122.906
2021-01-17 02:30:00,122.777405
2021-01-17 02:30:00,122.777405
2021-01-17 02:30:00,122.777405
2021-01-17 02:30:00,122.777405
2021-01-17 02:30:00,122.777405
2021-01-17 02:30:00,122.777405
2021-01-17 02:40:00,122.64881
2021-01-17 02:40:00,122.64881
2021-01-17 02:40:00,122.64881
2021-01-17 02:40:00,122.64881
2021-01-17 02:40:00,122.64881
2021-01-17 02:40:00,122.64881
2021-01-17 02:50:00,122.52022
2021-01-17 02:50:00,122.52022
2021-01-17 02:50:00,122.52022
2021-01-17 02:50:00,122.52022
2021-01-17 02:50:00,122.52022
2021-01-17 02:50:00,122.52022
2021-01-17 03:00:00,122.39162
2021-01-17 03:00:00,122.39162
2021-01-17 03:00:00,122.39162
2021-01-17 03:00:00,122.39162
2021-01-17 03:00:00,122.39162
2021-01-17 03:00:00,122.39162
2021-01-17 03:10:00,122.26302
2021-01-17 03:10:00,122.26302
2021-01-17 03:10:00,122.26302
2021-01-17 03:10:00,122.26302
2021-01-17 03:10:00,122.26302
2021-01-17 03:10:00,122.26302
2021-01-17 03:20:00,122.13443
2021-01-17 03:20:00,122.13443
2021-01-17 03:20:00,122.13443
2021-01-17 03:20:00,122.13443
2021-01-17 03:20:00,122.13443
2021-01-17 03:20:00,122.13443
2021-01-17 03:30:00,122.00584
2021-01-17 03:30:00,122.00584
2021-01-17 03:30:00,122.00584
2021-01-17 03:30:00,122.00584
2021-01-17 03:30:00,122.00584
2021-01-17 03:30:00,122.00584
2021-01-17 03:40:00,121.87724
2021-01-17 03:40:00,121.87724
2021-01-17 03:40:00,121.87724
2021-01-17 03:40:00,121.87724
2021-01-17 03:40:00,121.87724
2021-01-17 03:40:00,121.87724
2021-01-17 03:50:00,121.74865
2021-01-17 03:50:00,121.74865
2021-01-17 03:50:00,121.74865
2021-01-17 03:50:00,121.74865
2021-01-17 03:50:00,121.74865
2021-01-17 03:50:00,121.74865
2021-01-17 04:00:00,121.620056
2021-01-17 04:00:00,121.620056
2021-01-17 04:00:00,121.620056
2021-01-17 04:00:00,121.620056
2021-01-17 04:00:00,121.620056
2021-01-17 04:00:00,121.620056
2021-01-17 04:10:00,121.49146
2021-01-17 04:10:00,121.49146
2021-01-17 04:10:00,121.49146
2021-01-17 04:10:00,121.49146
2021-01-17 04:10:00,121.49146
2021-01-17 04:10:00,121.49146
2021-01-17 04:20:00,121.36287
2021-01-17 04:20:00,121.36287
2021-01-17 04:20:00,121.36287
2021-01-17 04:20:00,121.36287
2021-01-17 04:20:00,121.36287
2021-01-17 04:20:00,121.36287
2021-01-17 04:30:00,121.234276
2021-01-17 04:30:00,121.234276
2021-01-17 04:30:00,121.234276
2021-01-17 04:30:00,121.234276
2021-01-17 04:30:00,121.234276
2021-01-17 04:30:00,121.234276
2021-01-17 04:40:00,121.10568
2021-01-17 04:40:00,121.10568
2021-01-17 04:40:00,121.10568
2021-01-17 04:40:00,121.10568
2021-01-17 04:40:00,121.10568
2021-01-17 04:40:00,121.10568
2021-01-17 04:50:00,120.97709
2021-01-17 04:50:00,120.97709
2021-01-17 04:50:00,120.97709
2021-01-17 04:50:00,120.97709
2021-01-17 04:50:00,120.97709
2021-01-17 04:50:00,120.97709
2021-01-17 05:00:00,120.84849
2021-01-17 05:00:00,120.84849
2021-01-17 05:00:00,120.84849
2021-01-17 05:00:00,120.84849
2021-01-17 05:00:00,120.84849
2021-01-17 05:00:00,120.84849
2021-01-17 05:10:00,120.719894
2021-01-17 05:10:00,120.719894
2021-01-17 05:10:00,120.719894
2021-01-17 05:10:00,120.719894
2021-01-17 05:10:00,120.719894
2021-01-17 05:10:00,120.719894
2021-01-17 05:20:00,120.5913
2021-01-17 05:20:00,120.5913
2021-01-17 05:20:00,120.5913
2021-01-17 05:20:00,120.5913
2021-01-17 05:20:00,120.5913
2021-01-17 05:20:00,120.5913
2021-01-17 05:30:00,120.46271
2021-01-17 05:30:00,120.46271
2021-01-17 05:30:00,120.46271
2021-01-17 05:30:00,120.46271
2021-01-17 05:30:00,120.46271
2021-01-17 05:30:00,120.46271
2021-01-17 05:40:00,120.334114
2021-01-17 05:40:00,120.334114
2021-01-17 05:40:00,120.334114
2021-01-17 05:40:00,120.334114
2021-01-17 05:40:00,120.334114
2021-01-17 05:40:00,120.334114
2021-01-17 05:50:00,120.20552
2021-01-17 05:50:00,120.20552
2021-01-17 05:50:00,120.20552
2021-01-17 05:50:00,120.20552
2021-01-17 05:50:00,120.20552
2021-01-17 05:50:00,120.20552
2021-01-17 06:00:00,120.07693
2021-01-17 06:00:00,120.07693
2021-01-17 06:00:00,120.07693
2021-01-17 06:00:00,120.07693
2021-01-17 06:00:00,120.07693
2021-01-17 06:00:00,120.07693
2021-01-17 06:10:00,119.94833
2021-01-17 06:10:00,119.94833
2021-01-17 06:10:00,119.94833
2021-01-17 06:10:00,119.94833
2021-01-17 06:10:00,119.94833
2021-01-17 06:10:00,119.94833
2021-01-17 06:20:00,119.81974
2021-01-17 06:20:00,119.81974
2021-01-17 06:20:00,119.81974
2021-01-17 06:20:00,119.81974
2021-01-17 06:20:00,119.81974
2021-01-17 06:20:00,119.81974
2021-01-17 06:30:00,119.69115
2021-01-17 06:30:00,119.69115
2021-01-17 06:30:00,119.69115
2021-01-17 06:30:00,119.69115
2021-01-17 06:30:00,119.69115
2021-01-17 06:30:00,119.69115
2021-01-17 06:40:00,119.56255
2021-01-17 06:40:00,119.56255
2021-01-17 06:40:00,119.56255
2021-01-17 06:40:00,119.56255
2021-01-17 06:40:00,119.56255
2021-01-17 06:40:00,119.56255
2021-01-17 06:50:00,119.43396
2021-01-17 06:50:00,119.43396
2021-01-17 06:50:00,119.43396
2021-01-17 06:50:00,119.43396
2021-01-17 06:50:00,119.43396
2021-01-17 06:50:00,119.43396
2021-01-17 07:00:00,119.30537
2021-01-17 07:00:00,119.30537
2021-01-17 07:00:00,119.30537
2021-01-17 07:00:00,119.30537
2021-01-17 07:00:00,119.30537
2021-01-17 07:00:00,119.30537
2021-01-17 07:10:00,119.176765
2021-01-17 07:10:00,119.176765
2021-01-17 07:10:00,119.176765
2021-01-17 07:10:00,119.176765
2021-01-17 07:10:00,119.176765
2021-01-17 07:10:00,119.176765
2021-01-17 07:20:00,119.04817
2021-01-17 07:20:00,119.04817
2021-01-17 07:20:00,119.04817
2021-01-17 07:20:00,119.04817
2021-01-17 07:20:00,119.04817
2021-01-17 07:20:00,119.04817
2021-01-17 07:30:00,118.91958
2021-01-17 07:30:00,118.91958
2021-01-17 07:30:00,118.91958
2021-01-17 07:30:00,118.91958
2021-01-17 07:30:00,118.91958
2021-01-17 07:30:00,118.91958
2021-01-17 07:40:00,118.790985
2021-01-17 07:40:00,118.790985
2021-01-17 07:40:00,118.790985
2021-01-17 07:40:00,118.790985
2021-01-17 07:40:00,118.790985
2021-01-17 07:40:00,118.790985
2021-01-17 07:50:00,118.66239
2021-01-17 07:50:00,118.66239
2021-01-17 07:50:00,118.66239
2021-01-17 07:50:00,118.66239
2021-01-17 07:50:00,118.66239
2021-01-17 07:50:00,118.66239
2021-01-17 08:00:00,118.5338
2021-01-17 08:00:00,118.5338
2021-01-17 08:00:00,118.5338
2021-01-17 08:00:00,118.5338
2021-01-17 08:00:00,118.5338
2021-01-17 08:00:00,118.5338
2021-01-17 08:10:00,118.405205
2021-01-17 08:10:00,118.405205
2021-01-17 08:10:00,118.405205
2021-01-17 08:10:00,118.405205
2021-01-17 08:10:00,118.405205
2021-01-17 08:10:00,118.405205
2021-01-17 08:20:00,118.27661
2021-01-17 08:20:00,118.27661
2021-01-17 08:20:00,118.27661
2021-01-17 08:20:00,118.27661
2021-01-17 08:20:00,118.27661
2021-01-17 08:20:00,118.27661
2021-01-17 08:30:00,118.14802
2021-01-17 08:30:00,118.14802
2021-01-17 08:30:00,118.14802
2021-01-17 08:30:00,118.14802
2021-01-17 08:30:00,118.14802
2021-01-17 08:30:00,118.14802
2021-01-17 08:40:00,118.019424
2021-01-17 08:40:00,118.019424
2021-01-17 08:40:00,118.019424
2021-01-17 08:40:00,118.019424
2021-01-17 08:40:00,118.019424
2021-01-17 08:40:00,118.019424
2021-01-17 08:50:00,117.89083
2021-01-17 08:50:00,117.89083
2021-01-17 08:50:00,117.89083
2021-01-17 08:50:00,117.89083
2021-01-17 08:50:00,117.89083
2021-01-17 08:50:00,117.89083
2021-01-17 09:00:00,117.76224
2021-01-17 09:00:00,117.76224
2021-01-17 09:00:00,117.76224
2021-01-17 09:00:00,117.76224
2021-01-17 09:00:00,117.76224
2021-01-17 09:00:00,117.76224
2021-01-17 09:10:00,117.63364
2021-01-17 09:10:00,117.63364
2021-01-17 09:10:00,117.63364
2021-01-17 09:10:00,117.63364
2021-01-17 09:10:00,117.63364
2021-01-17 09:10:00,117.63364
2021-01-17 09:20:00,117.50504
2021-01-17 09:20:00,117.50504
2021-01-17 09:20:00,117.50504
2021-01-17 09:20:00,117.50504
2021-01-17 09:20:00,117.50504
2021-01-17 09:20:00,117.50504
2021-01-17 09:30:00,117.37645
2021-01-17 09:30:00,117.37645
2021-01-17 09:30:00,117.37645
2021-01-17 09:30:00,117.37645
2021-01-17 09:30:00,117.37645
2021-01-17 09:30:00,117.37645
2021-01-17 09:40:00,117.247856
2021-01-17 09:40:00,117.247856
2021-01-17 09:40:00,117.247856
2021-01-17 09:40:00,117.247856
2021-01-17 09:40:00,117.247856
2021-01-17 09:40:00,117.247856
2021-01-17 09:50:00,117.11926
2021-01-17 09:50:00,117.11926
2021-01-17 09:50:00,117.11926
2021-01-17 09:50:00,117.11926
2021-01-17 09:50:00,117.11926
2021-01-17 09:50:00,117.11926
2021-01-17 10:00:00,116.99067
2021-01-17 10:00:00,116.99067
2021-01-17 10:00:00,116.99067
2021-01-17 10:00:00,116.99067
2021-01-17 10:00:00,116.99067
2021-01-17 10:00:00,116.99067
2021-01-17 10:10:00,116.862076
2021-01-17 10:10:00,116.862076
2021-01-17 10:10:00,116.862076
2021-01-17 10:10:00,116.862076
2021-01-17 10:10:00,116.862076
2021-01-17 10:10:00,116.862076
2021-01-17 10:20:00,116.73348
2021-01-17 10:20:00,116.73348
2021-01-17 10:20:00,116.73348
2021-01-17 10:20:00,116.73348
2021-01-17 10:20:00,116.73348
2021-01-17 10:20:00,116.73348
2021-01-17 10:30:00,116.60489
2021-01-17 10:30:00,116.60489
2021-01-17 10:30:00,116.60489
2021-01-17 10:30:00,116.60489
2021-01-17 10:30:00,116.60489
2021-01-17 10:30:00,116.60489
2021-01-17 10:40:00,116.476295
2021-01-17 10:40:00,116.476295
2021-01-17 10:40:00,116.476295
2021-01-17 10:40:00,116.476295
2021-01-17 10:40:00,116.476295
2021-01-17 10:40:00,116.476295
2021-01-17 10:50:00,116.3477
2021-01-17 10:50:00,116.3477
2021-01-17 10:50:00,116.3477
2021-01-17 10:50:00,116.3477
2021-01-17 10:50:00,116.3477
2021-01-17 10:50:00,116.3477
2021-01-17 11:00:00,116.21911
2021-01-17 11:00:00,116.21911
2021-01-17 11:00:00,116.21911
2021-01-17 11:00:00,116.21911
2021-01-17 11:00:00,116.21911
2021-01-17 11:00:00,116.21911
2021-01-17 11:10:00,116.090515
2021-01-17 11:10:00,116.090515
2021-01-17 11:10:00,116.090515
2021-01-17 11:10:00,116.090515
2021-01-17 11:10:00,116.090515
2021-01-17 11:10:00,116.090515
2021-01-17 11:20:00,115.961914
2021-01-17 11:20:00,115.961914
2021-01-17 11:20:00,115.961914
2021-01-17 11:20:00,115.961914
2021-01-17 11:20:00,115.961914
2021-01-17 11:20:00,115.961914
2021-01-17 11:30:00,115.83332
2021-01-17 11:30:00,115.83332
2021-01-17 11:30:00,115.83332
2021-01-17 11:30:00,115.83332
2021-01-17 11:30:00,115.83332
2021-01-17 11:30:00,115.83332
2021-01-17 11:40:00,115.70473
2021-01-17 11:40:00,115.70473
2021-01-17 11:40:00,115.70473
2021-01-17 11:40:00,115.70473
2021-01-17 11:40:00,115.70473
2021-01-17 11:40:00,115.70473
2021-01-17 11:50:00,115.57613
2021-01-17 11:50:00,115.57613
2021-01-17 11:50:00,115.57613
2021-01-17 11:50:00,115.57613
2021-01-17 11:50:00,115.57613
2021-01-17 11:50:00,115.57613
2021-01-17 12:00:00,115.44754
2021-01-17 12:00:00,115.44754
2021-01-17 12:00:00,115.44754
2021-01-17 12:00:00,115.44754
2021-01-17 12:00:00,115.44754
2021-01-17 12:00:00,115.44754
2021-01-17 12:10:00,115.31895
2021-01-17 12:10:00,115.31895
2021-01-17 12:10:00,115.31895
2021-01-17 12:10:00,115.31895
2021-01-17 12:10:00,115.31895
2021-01-17 12:10:00,115.31895
2021-01-17 12:20:00,115.19035
2021-01-17 12:20:00,115.19035
2021-01-17 12:20:00,115.19035
2021-01-17 12:20:00,115.19035
2021-01-17 12:20:00,115.19035
2021-01-17 12:20:00,115.19035
2021-01-17 12:30:00,115.06176
2021-01-17 12:30:00,115.06176
2021-01-17 12:30:00,115.06176
2021-01-17 12:30:00,115.06176
2021-01-17 12:30:00,115.06176
2021-01-17 12:30:00,115.06176
2021-01-17 12:40:00,114.93317
2021-01-17 12:40:00,114.93317
2021-01-17 12:40:00,114.93317
2021-01-17 12:40:00,114.93317
2021-01-17 12:40:00,114.93317
2021-01-17 12:40:00,114.93317
2021-01-17 12:50:00,114.80457
2021-01-17 12:50:00,114.80457
2021-01-17 12:50:00,114.80457
2021-01-17 12:50:00,114.80457
2021-01-17 12:50:00,114.80457
2021-01-17 12:50:00,114.80457
2021-01-17 13:00:00,114.67598
2021-01-17 13:00:00,114.67598
2021-01-17 13:00:00,114.67598
2021-01-17 13:00:00,114.67598
2021-01-17 13:00:00,114.67598
2021-01-17 13:00:00,114.67598
2021-01-17 13:10:00,114.547386
2021-01-17 13:10:00,114.547386
2021-01-17 13:10:00,114.547386
2021-01-17 13:10:00,114.547386
2021-01-17 13:10:00,114.547386
2021-01-17 13:10:00,114.547386
2021-01-17 13:20:00,114.418785
2021-01-17 13:20:00,114.418785
2021-01-17 13:20:00,114.418785
2021-01-17 13:20:00,114.418785
2021-01-17 13:20:00,114.418785
2021-01-17 13:20:00,114.418785
2021-01-17 13:30:00,114.29019
2021-01-17 13:30:00,114.29019
2021-01-17 13:30:00,114.29019
2021-01-17 13:30:00,114.29019
2021-01-17 13:30:00,114.29019
2021-01-17 13:30:00,114.29019
2021-01-17 13:40:00,114.1616
2021-01-17 13:40:00,114.1616
2021-01-17 13:40:00,114.1616
2021-01-17 13:40:00,114.1616
2021-01-17 13:40:00,114.1616
2021-01-17 13:40:00,114.1616
2021-01-17 13:50:00,114.033005
2021-01-17 13:50:00,114.033005
2021-01-17 13:50:00,114.033005
2021-01-17 13:50:00,114.033005
2021-01-17 13:50:00,114.033005
2021-01-17 13:50:00,114.033005
2021-01-17 14:00:00,113.90441
2021-01-17 14:00:00,113.90441
2021-01-17 14:00:00,113.90441
2021-01-17 14:00:00,113.90441
2021-01-17 14:00:00,113.90441
2021-01-17 14:00:00,113.90441
2021-01-17 14:10:00,113.77582
2021-01-17 14:10:00,113.77582
2021-01-17 14:10:00,113.77582
2021-01-17 14:10:00,113.77582
2021-01-17 14:10:00,113.77582
2021-01-17 14:10:00,113.77582
2021-01-17 14:20:00,113.647224
2021-01-17 14:20:00,113.647224
2021-01-17 14:20:00,113.647224
2021-01-17 14:20:00,113.647224
2021-01-17 14:20:00,113.647224
2021-01-17 14:20:00,113.647224
2021-01-17 14:30:00,113.51863
2021-01-17 14:30:00,113.51863
2021-01-17 14:30:00,113.51863
2021-01-17 14:30:00,113.51863
2021-01-17 14:30:00,113.51863
2021-01-17 14:30:00,113.51863
2021-01-17 14:40:00,113.39004
2021-01-17 14:40:00,113.39004
2021-01-17 14:40:00,113.39004
2021-01-17 14:40:00,113.39004
2021-01-17 14:40:00,113.39004
2021-01-17 14:40:00,113.39004
2021-01-17 14:50:00,113.261444
2021-01-17 14:50:00,113.261444
2021-01-17 14:50:00,113.261444
2021-01-17 14:50:00,113.261444
2021-01-17 14:50:00,113.261444
2021-01-17 14:50:00,113.261444
2021-01-17 15:00:00,113.13285
2021-01-17 15:00:00,113.13285
2021-01-17 15:00:00,113.13285
2021-01-17 15:00:00,113.13285
2021-01-17 15:00:00,113.13285
2021-01-17 15:00:00,113.13285
2021-01-17 15:10:00,113.00426
2021-01-17 15:10:00,113.00426
2021-01-17 15:10:00,113.00426
2021-01-17 15:10:00,113.00426
2021-01-17 15:10:00,113.00426
2021-01-17 15:10:00,113.00426
2021-01-17 15:20:00,112.87566
2021-01-17 15:20:00,112.87566
2021-01-17 15:20:00,112.87566
2021-01-17 15:20:00,112.87566
2021-01-17 15:20:00,112.87566
2021-01-17 15:20:00,112.87566
2021-01-17 15:30:00,112.74706
2021-01-17 15:30:00,112.74706
2021-01-17 15:30:00,112.74706
2021-01-17 15:30:00,112.74706
2021-01-17 15:30:00,112.74706
2021-01-17 15:30:00,112.74706
2021-01-17 15:40:00,112.61847
2021-01-17 15:40:00,112.61847
2021-01-17 15:40:00,112.61847
2021-01-17 15:40:00,112.61847
2021-01-17 15:40:00,112.61847
2021-01-17 15:40:00,112.61847
2021-01-17 15:50:00,112.489876
2021-01-17 15:50:00,112.489876
2021-01-17 15:50:00,112.489876
2021-01-17 15:50:00,112.489876
2021-01-17 15:50:00,112.489876
2021-01-17 15:50:00,112.489876
2021-01-17 16:00:00,112.36128
2021-01-17 16:00:00,112.36128
2021-01-17 16:00:00,112.36128
2021-01-17 16:00:00,112.36128
2021-01-17 16:00:00,112.36128
2021-01-17 16:00:00,112.36128
2021-01-17 16:10:00,112.23269
2021-01-17 16:10:00,112.23269
2021-01-17 16:10:00,112.23269
2021-01-17 16:10:00,112.23269
2021-01-17 16:10:00,112.23269
2021-01-17 16:10:00,112.23269
2021-01-17 16:20:00,112.104095
2021-01-17 16:20:00,112.104095
2021-01-17 16:20:00,112.104095
2021-01-17 16:20:00,112.104095
2021-01-17 16:20:00,112.104095
2021-01-17 16:20:00,112.104095
2021-01-17 16:30:00,111.9755
2021-01-17 16:30:00,111.9755
2021-01-17 16:30:00,111.9755
2021-01-17 16:30:00,111.9755
2021-01-17 16:30:00,111.9755
2021-01-17 16:30:00,111.9755
2021-01-17 16:40:00,111.84691
2021-01-17 16:40:00,111.84691
2021-01-17 16:40:00,111.84691
2021-01-17 16:40:00,111.84691
2021-01-17 16:40:00,111.84691
2021-01-17 16:40:00,111.84691
2021-01-17 16:50:00,111.718315
2021-01-17 16:50:00,111.718315
2021-01-17 16:50:00,111.718315
2021-01-17 16:50:00,111.718315
2021-01-17 16:50:00,111.718315
2021-01-17 16:50:00,111.718315
2021-01-17 17:00:00,111.58972
2021-01-17 17:00:00,111.58972
2021-01-17 17:00:00,111.58972
2021-01-17 17:00:00,111.58972
2021-01-17 17:00:00,111.58972
2021-01-17 17:00:00,111.58972
2021-01-17 17:10:00,111.46113
2021-01-17 17:10:00,111.46113
2021-01-17 17:10:00,111.46113
2021-01-17 17:10:00,111.46113
2021-01-17 17:10:00,111.46113
2021-01-17 17:10:00,111.46113
2021-01-17 17:20:00,111.332535
2021-01-17 17:20:00,111.332535
2021-01-17 17:20:00,111.332535
2021-01-17 17:20:00,111.332535
2021-01-17 17:20:00,111.332535
2021-01-17 17:20:00,111.332535
2021-01-17 17:30:00,111.20393
2021-01-17 17:30:00,111.20393
2021-01-17 17:30:00,111.20393
2021-01-17 17:30:00,111.20393
2021-01-17 17:30:00,111.20393
2021-01-17 17:30:00,111.20393
2021-01-17 17:40:00,111.07534
2021-01-17 17:40:00,111.07534
2021-01-17 17:40:00,111.07534
2021-01-17 17:40:00,111.07534
2021-01-17 17:40:00,111.07534
2021-01-17 17:40:00,111.07534
2021-01-17 17:50:00,110.94675
2021-01-17 17:50:00,110.94675
2021-01-17 17:50:00,110.94675
2021-01-17 17:50:00,110.94675
2021-01-17 17:50:00,110.94675
2021-01-17 17:50:00,110.94675
2021-01-17 18:00:00,110.81815
2021-01-17 18:00:00,110.81815
2021-01-17 18:00:00,110.81815
2021-01-17 18:00:00,110.81815
2021-01-17 18:00:00,110.81815
2021-01-17 18:00:00,110.81815
2021-01-17 18:10:00,110.68956
2021-01-17 18:10:00,110.68956
2021-01-17 18:10:00,110.68956
2021-01-17 18:10:00,110.68956
2021-01-17 18:10:00,110.68956
2021-01-17 18:10:00,110.68956
2021-01-17 18:20:00,110.56097
2021-01-17 18:20:00,110.56097
2021-01-17 18:20:00,110.56097
2021-01-17 18:20:00,110.56097
2021-01-17 18:20:00,110.56097
2021-01-17 18:20:00,110.56097
2021-01-17 18:30:00,110.43237
2021-01-17 18:30:00,110.43237
2021-01-17 18:30:00,110.43237
2021-01-17 18:30:00,110.43237
2021-01-17 18:30:00,110.43237
2021-01-17 18:30:00,110.43237
2021-01-17 18:40:00,110.30378
2021-01-17 18:40:00,110.30378
2021-01-17 18:40:00,110.30378
2021-01-17 18:40:00,110.30378
2021-01-17 18:40:00,110.30378
2021-01-17 18:40:00,110.30378
2021-01-17 18:50:00,110.175186
2021-01-17 18:50:00,110.175186
2021-01-17 18:50:00,110.175186
2021-01-17 18:50:00,110.175186
2021-01-17 18:50:00,110.175186
2021-01-17 18:50:00,110.175186
2021-01-17 19:00:00,110.04659
2021-01-17 19:00:00,110.04659
2021-01-17 19:00:00,110.04659
2021-01-17 19:00:00,110.04659
2021-01-17 19:00:00,110.04659
2021-01-17 19:00:00,110.04659
2021-01-17 19:10:00,109.918
2021-01-17 19:10:00,109.918
2021-01-17 19:10:00,109.918
2021-01-17 19:10:00,109.918
2021-01-17 19:10:00,109.918
2021-01-17 19:10:00,109.918
2021-01-17 19:20:00,109.789406
2021-01-17 19:20:00,109.789406
2021-01-17 19:20:00,109.789406
2021-01-17 19:20:00,109.789406
2021-01-17 19:20:00,109.789406
2021-01-17 19:20:00,109.789406
2021-01-17 19:30:00,109.66081
2021-01-17 19:30:00,109.66081
2021-01-17 19:30:00,109.66081
2021-01-17 19:30:00,109.66081
2021-01-17 19:30:00,109.66081
2021-01-17 19:30:00,109.66081
2021-01-17 19:40:00,109.53221
2021-01-17 19:40:00,109.53221
2021-01-17 19:40:00,109.53221
2021-01-17 19:40:00,109.53221
2021-01-17 19:40:00,109.53221
2021-01-17 19:40:00,109.53221
2021-01-17 19:50:00,109.40362
2021-01-17 19:50:00,109.40362
2021-01-17 19:50:00,109.40362
2021-01-17 19:50:00,109.40362
2021-01-17 19:50:00,109.40362
2021-01-17 19:50:00,109.40362
2021-01-17 20:00:00,109.275024
2021-01-17 20:00:00,109.275024
2021-01-17 20:00:00,109.275024
2021-01-17 20:00:00,109.275024
2021-01-17 20:00:00,109.275024
2021-01-17 20:00:00,109.275024
2021-01-17 20:10:00,109.14643
2021-01-17 20:10:00,109.14643
2021-01-17 20:10:00,109.14643
2021-01-17 20:10:00,109.14643
2021-01-17 20:10:00,109.14643
2021-01-17 20:10:00,109.14643
2021-01-17 20:20:00,109.01784
2021-01-17 20:20:00,109.01784
2021-01-17 20:20:00,109.01784
2021-01-17 20:20:00,109.01784
2021-01-17 20:20:00,109.01784
2021-01-17 20:20:00,109.01784
2021-01-17 20:30:00,108.889244
2021-01-17 20:30:00,108.889244
2021-01-17 20:30:00,108.889244
2021-01-17 20:30:00,108.889244
2021-01-17 20:30:00,108.889244
2021-01-17 20:30:00,108.889244
2021-01-17 20:40:00,108.76065
2021-01-17 20:40:00,108.76065
2021-01-17 20:40:00,108.76065
2021-01-17 20:40:00,108.76065
2021-01-17 20:40:00,108.76065
2021-01-17 20:40:00,108.76065
2021-01-17 20:50:00,108.63206
2021-01-17 20:50:00,108.63206
2021-01-17 20:50:00,108.63206
2021-01-17 20:50:00,108.63206
2021-01-17 20:50:00,108.63206
2021-01-17 20:50:00,108.63206
2021-01-17 21:00:00,108.50346
2021-01-17 21:00:00,108.50346
2021-01-17 21:00:00,108.50346
2021-01-17 21:00:00,108.50346
2021-01-17 21:00:00,108.50346
2021-01-17 21:00:00,108.50346
2021-01-17 21:10:00,108.37487
2021-01-17 21:10:00,108.37487
2021-01-17 21:10:00,108.37487
2021-01-17 21:10:00,108.37487
2021-01-17 21:10:00,108.37487
2021-01-17 21:10:00,108.37487
2021-01-17 21:20:00,108.24628
2021-01-17 21:20:00,108.24628
2021-01-17 21:20:00,108.24628
2021-01-17 21:20:00,108.24628
2021-01-17 21:20:00,108.24628
2021-01-17 21:20:00,108.24628
2021-01-17 21:30:00,108.11768
2021-01-17 21:30:00,108.11768
2021-01-17 21:30:00,108.11768
2021-01-17 21:30:00,108.11768
2021-01-17 21:30:00,108.11768
2021-01-17 21:30:00,108.11768
2021-01-17 21:40:00,107.98909
2021-01-17 21:40:00,107.98909
2021-01-17 21:40:00,107.98909
2021-01-17 21:40:00,107.98909
2021-01-17 21:40:00,107.98909
2021-01-17 21:40:00,107.98909
2021-01-17 21:50:00,107.86049
2021-01-17 21:50:00,107.86049
2021-01-17 21:50:00,107.86049
2021-01-17 21:50:00,107.86049
2021-01-17 21:50:00,107.86049
2021-01-17 21:50:00,107.86049
2021-01-17 22:00:00,107.731895
2021-01-17 22:00:00,107.731895
2021-01-17 22:00:00,107.731895
2021-01-17 22:00:00,107.731895
2021-01-17 22:00:00,107.731895
2021-01-17 22:00:00,107.731895
2021-01-17 22:10:00,107.6033
2021-01-17 22:10:00,107.6033
2021-01-17 22:10:00,107.6033
2021-01-17 22:10:00,107.6033
2021-01-17 22:10:00,107.6033
2021-01-17 22:10:00,107.6033
2021-01-17 22:20:00,107.47471
2021-01-17 22:20:00,107.47471
2021-01-17 22:20:00,107.47471
2021-01-17 22:20:00,107.47471
2021-01-17 22:20:00,107.47471
2021-01-17 22:20:00,107.47471
2021-01-17 22:30:00,107.346115
2021-01-17 22:30:00,107.346115
2021-01-17 22:30:00,107.346115
2021-01-17 22:30:00,107.346115
2021-01-17 22:30:00,107.346115
2021-01-17 22:30:00,107.346115
2021-01-17 22:40:00,107.21752
2021-01-17 22:40:00,107.21752
2021-01-17 22:40:00,107.21752
2021-01-17 22:40:00,107.21752
2021-01-17 22:40:00,107.21752
2021-01-17 22:40:00,107.21752
2021-01-17 22:50:00,107.08893
2021-01-17 22:50:00,107.08893
2021-01-17 22:50:00,107.08893
2021-01-17 22:50:00,107.08893
2021-01-17 22:50:00,107.08893
2021-01-17 22:50:00,107.08893
2021-01-17 23:00:00,106.960335
2021-01-17 23:00:00,106.960335
2021-01-17 23:00:00,106.960335
2021-01-17 23:00:00,106.960335
2021-01-17 23:00:00,106.960335
2021-01-17 23:00:00,106.960335
2021-01-17 23:10:00,106.83174
2021-01-17 23:10:00,106.83174
2021-01-17 23:10:00,106.83174
2021-01-17 23:10:00,106.83174
2021-01-17 23:10:00,106.83174
2021-01-17 23:10:00,106.83174
2021-01-17 23:20:00,106.70315
2021-01-17 23:20:00,106.70315
2021-01-17 23:20:00,106.70315
2021-01-17 23:20:00,106.70315
2021-01-17 23:20:00,106.70315
2021-01-17 23:20:00,106.70315
2021-01-17 23:30:00,106.574554
2021-01-17 23:30:00,106.574554
2021-01-17 23:30:00,106.574554
2021-01-17 23:30:00,106.574554
2021-01-17 23:30:00,106.574554
2021-01-17 23:30:00,106.574554
2021-01-17 23:40:00,106.44596
2021-01-17 23:40:00,106.44596
2021-01-17 23:40:00,106.44596
2021-01-17 23:40:00,106.44596
2021-01-17 23:40:00,106.44596
2021-01-17 23:40:00,106.44596
2021-01-17 23:50:00,106.31736
2021-01-17 23:50:00,106.31736
2021-01-17 23:50:00,106.31736
2021-01-17 23:50:00,106.31736
2021-01-17 23:50:00,106.31736
2021-01-17 23:50:00,106.31736
2021-01-18 00:00:00,106.18877
2021-01-18 00:00:00,106.18877
2021-01-18 00:00:00,106.18877
2021-01-18 00:00:00,106.18877
2021-01-18 00:00:00,106.18877
2021-01-18 00:00:00,106.18877
2021-01-18 00:10:00,106.06017
2021-01-18 00:10:00,106.06017
2021-01-18 00:10:00,106.06017
2021-01-18 00:10:00,106.06017
2021-01-18 00:10:00,106.06017
2021-01-18 00:10:00,106.06017
2021-01-18 00:20:00,105.93158
2021-01-18 00:20:00,105.93158
2021-01-18 00:20:00,105.93158
2021-01-18 00:20:00,105.93158
2021-01-18 00:20:00,105.93158
2021-01-18 00:20:00,105.93158
2021-01-18 00:30:00,105.802986
2021-01-18 00:30:00,105.802986
2021-01-18 00:30:00,105.802986
2021-01-18 00:30:00,105.802986
2021-01-18 00:30:00,105.802986
2021-01-18 00:30:00,105.802986
2021-01-18 00:40:00,105.67439
2021-01-18 00:40:00,105.67439
2021-01-18 00:40:00,105.67439
2021-01-18 00:40:00,105.67439
2021-01-18 00:40:00,105.67439
2021-01-18 00:40:00,105.67439
2021-01-18 00:50:00,105.5458
2021-01-18 00:50:00,105.5458
2021-01-18 00:50:00,105.5458
2021-01-18 00:50:00,105.5458
2021-01-18 00:50:00,105.5458
2021-01-18 00:50:00,105.5458
2021-01-18 01:00:00,105.417206
2021-01-18 01:00:00,105.417206
2021-01-18 01:00:00,105.417206
2021-01-18 01:00:00,105.417206
2021-01-18 01:00:00,105.417206
2021-01-18 01:00:00,105.417206
2021-01-18 01:10:00,105.28861
2021-01-18 01:10:00,105.28861
2021-01-18 01:10:00,105.28861
2021-01-18 01:10:00,105.28861
2021-01-18 01:10:00,105.28861
2021-01-18 01:10:00,105.28861
2021-01-18 01:20:00,105.16002
2021-01-18 01:20:00,105.16002
2021-01-18 01:20:00,105.16002
2021-01-18 01:20:00,105.16002
2021-01-18 01:20:00,105.16002
2021-01-18 01:20:00,105.16002
2021-01-18 01:30:00,105.031425
2021-01-18 01:30:00,105.031425
2021-01-18 01:30:00,105.031425
2021-01-18 01:30:00,105.031425
2021-01-18 01:30:00,105.031425
2021-01-18 01:30:00,105.031425
2021-01-18 01:40:00,104.90283
2021-01-18 01:40:00,104.90283
2021-01-18 01:40:00,104.90283
2021-01-18 01:40:00,104.90283
2021-01-18 01:40:00,104.90283
2021-01-18 01:40:00,104.90283
2021-01-18 01:50:00,104.77424
2021-01-18 01:50:00,104.77424
2021-01-18 01:50:00,104.77424
2021-01-18 01:50:00,104.77424
2021-01-18 01:50:00,104.77424
2021-01-18 01:50:00,104.77424
2021-01-18 02:00:00,104.64564
2021-01-18 02:00:00,104.64564
2021-01-18 02:00:00,104.64564
2021-01-18 02:00:00,104.64564
2021-01-18 02:00:00,104.64564
2021-01-18 02:00:00,104.64564
2021-01-18 02:10:00,104.517044
2021-01-18 02:10:00,104.517044
2021-01-18 02:10:00,104.517044
2021-01-18 02:10:00,104.517044
2021-01-18 02:10:00,104.517044
2021-01-18 02:10:00,104.517044
2021-01-18 02:20:00,104.38845
2021-01-18 02:20:00,104.38845
2021-01-18 02:20:00,104.38845
2021-01-18 02:20:00,104.38845
2021-01-18 02:20:00,104.38845
2021-01-18 02:20:00,104.38845
2021-01-18 02:30:00,104.25986
2021-01-18 02:30:00,104.25986
2021-01-18 02:30:00,104.25986
2021-01-18 02:30:00,104.25986
2021-01-18 02:30:00,104.25986
2021-01-18 02:30:00,104.25986
2021-01-18 02:40:00,104.13126
2021-01-18 02:40:00,104.13126
2021-01-18 02:40:00,104.13126
2021-01-18 02:40:00,104.13126
2021-01-18 02:40:00,104.13126
2021-01-18 02:40:00,104.13126
2021-01-18 02:50:00,104.00267
2021-01-18 02:50:00,104.00267
2021-01-18 02:50:00,104.00267
2021-01-18 02:50:00,104.00267
2021-01-18 02:50:00,104.00267
2021-01-18 02:50:00,104.00267
2021-01-18 03:00:00,103.87408
2021-01-18 03:00:00,103.87408
2021-01-18 03:00:00,103.87408
2021-01-18 03:00:00,103.87408
2021-01-18 03:00:00,103.87408
2021-01-18 03:00:00,103.87408
2021-01-18 03:10:00,103.74548
2021-01-18 03:10:00,103.74548
2021-01-18 03:10:00,103.74548
2021-01-18 03:10:00,103.74548
2021-01-18 03:10:00,103.74548
2021-01-18 03:10:00,103.74548
2021-01-18 03:20:00,103.61689
2021-01-18 03:20:00,103.61689
2021-01-18 03:20:00,103.61689
2021-01-18 03:20:00,103.61689
2021-01-18 03:20:00,103.61689
2021-01-18 03:20:00,103.61689
2021-01-18 03:30:00,103.4883
2021-01-18 03:30:00,103.4883
2021-01-18 03:30:00,103.4883
2021-01-18 03:30:00,103.4883
2021-01-18 03:30:00,103.4883
2021-01-18 03:30:00,103.4883
2021-01-18 03:40:00,103.3597
2021-01-18 03:40:00,103.3597
2021-01-18 03:40:00,103.3597
2021-01-18 03:40:00,103.3597
2021-01-18 03:40:00,103.3597
2021-01-18 03:40:00,103.3597
2021-01-18 03:50:00,103.23111
2021-01-18 03:50:00,103.23111
2021-01-18 03:50:00,103.23111
2021-01-18 03:50:00,103.23111
2021-01-18 03:50:00,103.23111
2021-01-18 03:50:00,103.23111
2021-01-18 04:00:00,103.10251
2021-01-18 04:00:00,103.10251
2021-01-18 04:00:00,103.10251
2021-01-18 04:00:00,103.10251
2021-01-18 04:00:00,103.10251
2021-01-18 04:00:00,103.10251
2021-01-18 04:10:00,102.973915
2021-01-18 04:10:00,102.973915
2021-01-18 04:10:00,102.973915
2021-01-18 04:10:00,102.973915
2021-01-18 04:10:00,102.973915
2021-01-18 04:10:00,102.973915
2021-01-18 04:20:00,102.84532
2021-01-18 04:20:00,102.84532
2021-01-18 04:20:00,102.84532
2021-01-18 04:20:00,102.84532
2021-01-18 04:20:00,102.84532
2021-01-18 04:20:00,102.84532
2021-01-18 04:30:00,102.71673
2021-01-18 04:30:00,102.71673
2021-01-18 04:30:00,102.71673
2021-01-18 04:30:00,102.71673
2021-01-18 04:30:00,102.71673
2021-01-18 04:30:00,102.71673
2021-01-18 04:40:00,102.588135
2021-01-18 04:40:00,102.588135
2021-01-18 04:40:00,102.588135
2021-01-18 04:40:00,102.588135
2021-01-18 04:40:00,102.588135
2021-01-18 04:40:00,102.588135
2021-01-18 04:50:00,102.45954
2021-01-18 04:50:00,102.45954
2021-01-18 04:50:00,102.45954
2021-01-18 04:50:00,102.45954
2021-01-18 04:50:00,102.45954
2021-01-18 04:50:00,102.45954
2021-01-18 05:00:00,102.33095
2021-01-18 05:00:00,102.33095
2021-01-18 05:00:00,102.33095
2021-01-18 05:00:00,102.33095
2021-01-18 05:00:00,102.33095
2021-01-18 05:00:00,102.33095
2021-01-18 05:10:00,102.202354
2021-01-18 05:10:00,102.202354
2021-01-18 05:10:00,102.202354
2021-01-18 05:10:00,102.202354
2021-01-18 05:10:00,102.202354
2021-01-18 05:10:00,102.202354
2021-01-18 05:20:00,102.07376
2021-01-18 05:20:00,102.07376
2021-01-18 05:20:00,102.07376
2021-01-18 05:20:00,102.07376
2021-01-18 05:20:00,102.07376
2021-01-18 05:20:00,102.07376
2021-01-18 05:30:00,101.94517
2021-01-18 05:30:00,101.94517
2021-01-18 05:30:00,101.94517
2021-01-18 05:30:00,101.94517
2021-01-18 05:30:00,101.94517
2021-01-18 05:30:00,101.94517
2021-01-18 05:40:00,101.816574
2021-01-18 05:40:00,101.816574
2021-01-18 05:40:00,101.816574
2021-01-18 05:40:00,101.816574
2021-01-18 05:40:00,101.816574
2021-01-18 05:40:00,101.816574
2021-01-18 05:50:00,101.68798
2021-01-18 05:50:00,101.68798
2021-01-18 05:50:00,101.68798
2021-01-18 05:50:00,101.68798
2021-01-18 05:50:00,101.68798
2021-01-18 05:50:00,101.68798
2021-01-18 06:00:00,101.55939
2021-01-18 06:00:00,101.55939
2021-01-18 06:00:00,101.55939
2021-01-18 06:00:00,101.55939
2021-01-18 06:00:00,101.55939
2021-01-18 06:00:00,101.55939
2021-01-18 06:10:00,101.430786
2021-01-18 06:10:00,101.430786
2021-01-18 06:10:00,101.430786
2021-01-18 06:10:00,101.430786
2021-01-18 06:10:00,101.430786
2021-01-18 06:10:00,101.430786
2021-01-18 06:20:00,101.30219
2021-01-18 06:20:00,101.30219
2021-01-18 06:20:00,101.30219
2021-01-18 06:20:00,101.30219
2021-01-18 06:20:00,101.30219
2021-01-18 06:20:00,101.30219
2021-01-18 06:30:00,101.1736
2021-01-18 06:30:00,101.1736
2021-01-18 06:30:00,101.1736
2021-01-18 06:30:00,101.1736
2021-01-18 06:30:00,101.1736
2021-01-18 06:30:00,101.1736
2021-01-18 06:40:00,101.045006
2021-01-18 06:40:00,101.045006
2021-01-18 06:40:00,101.045006
2021-01-18 06:40:00,101.045006
2021-01-18 06:40:00,101.045006
2021-01-18 06:40:00,101.045006
2021-01-18 06:50:00,100.91641
2021-01-18 06:50:00,100.91641
2021-01-18 06:50:00,100.91641
2021-01-18 06:50:00,100.91641
2021-01-18 06:50:00,100.91641
2021-01-18 06:50:00,100.91641
2021-01-18 07:00:00,100.78782
2021-01-18 07:00:00,100.78782
2021-01-18 07:00:00,100.78782
2021-01-18 07:00:00,100.78782
2021-01-18 07:00:00,100.78782
2021-01-18 07:00:00,100.78782
2021-01-18 07:10:00,100.659225
2021-01-18 07:10:00,100.659225
2021-01-18 07:10:00,100.659225
2021-01-18 07:10:00,100.659225
2021-01-18 07:10:00,100.659225
2021-01-18 07:10:00,100.659225
2021-01-18 07:20:00,100.53063
2021-01-18 07:20:00,100.53063
2021-01-18 07:20:00,100.53063
2021-01-18 07:20:00,100.53063
2021-01-18 07:20:00,100.53063
2021-01-18 07:20:00,100.53063
2021-01-18 07:30:00,100.40204
2021-01-18 07:30:00,100.40204
2021-01-18 07:30:00,100.40204
2021-01-18 07:30:00,100.40204
2021-01-18 07:30:00,100.40204
2021-01-18 07:30:00,100.40204
2021-01-18 07:40:00,100.273445
2021-01-18 07:40:00,100.273445
2021-01-18 07:40:00,100.273445
2021-01-18 07:40:00,100.273445
2021-01-18 07:40:00,100.273445
2021-01-18 07:40:00,100.273445
2021-01-18 07:50:00,100.14485
2021-01-18 07:50:00,100.14485
2021-01-18 07:50:00,100.14485
2021-01-18 07:50:00,100.14485
2021-01-18 07:50:00,100.14485
2021-01-18 07:50:00,100.14485
2021-01-18 08:00:00,100.01626
2021-01-18 08:00:00,100.01626
2021-01-18 08:00:00,100.01626
2021-01-18 08:00:00,100.01626
2021-01-18 08:00:00,100.01626
2021-01-18 08:00:00,100.01626
2021-01-18 08:10:00,99.88766
2021-01-18 08:10:00,99.88766
2021-01-18 08:10:00,99.88766
2021-01-18 08:10:00,99.88766
2021-01-18 08:10:00,99.88766
2021-01-18 08:10:00,99.88766
2021-01-18 08:20:00,99.75906
2021-01-18 08:20:00,99.75906
2021-01-18 08:20:00,99.75906
2021-01-18 08:20:00,99.75906
2021-01-18 08:20:00,99.75906
2021-01-18 08:20:00,99.75906
2021-01-18 08:30:00,99.63047
2021-01-18 08:30:00,99.63047
2021-01-18 08:30:00,99.63047
2021-01-18 08:30:00,99.63047
2021-01-18 08:30:00,99.63047
2021-01-18 08:30:00,99.63047
2021-01-18 08:40:00,99.50188
2021-01-18 08:40:00,99.50188
2021-01-18 08:40:00,99.50188
2021-01-18 08:40:00,99.50188
2021-01-18 08:40:00,99.50188
2021-01-18 08:40:00,99.50188
2021-01-18 08:50:00,99.37328
2021-01-18 08:50:00,99.37328
2021-01-18 08:50:00,99.37328
2021-01-18 08:50:00,99.37328
2021-01-18 08:50:00,99.37328
2021-01-18 08:50:00,99.37328
2021-01-18 09:00:00,99.24469
2021-01-18 09:00:00,99.24469
2021-01-18 09:00:00,99.24469
2021-01-18 09:00:00,99.24469
2021-01-18 09:00:00,99.24469
2021-01-18 09:00:00,99.24469
2021-01-18 09:10:00,99.1161
2021-01-18 09:10:00,99.1161
2021-01-18 09:10:00,99.1161
2021-01-18 09:10:00,99.1161
2021-01-18 09:10:00,99.1161
2021-01-18 09:10:00,99.1161
2021-01-18 09:20:00,98.9875
2021-01-18 09:20:00,98.9875
2021-01-18 09:20:00,98.9875
2021-01-18 09:20:00,98.9875
2021-01-18 09:20:00,98.9875
2021-01-18 09:20:00,98.9875
2021-01-18 09:30:00,98.85891
2021-01-18 09:30:00,98.85891
2021-01-18 09:30:00,98.85891
2021-01-18 09:30:00,98.85891
2021-01-18 09:30:00,98.85891
2021-01-18 09:30:00,98.85891
2021-01-18 09:40:00,98.730316
2021-01-18 09:40:00,98.730316
2021-01-18 09:40:00,98.730316
2021-01-18 09:40:00,98.730316
2021-01-18 09:40:00,98.730316
2021-01-18 09:40:00,98.730316
2021-01-18 09:50:00,98.60172
2021-01-18 09:50:00,98.60172
2021-01-18 09:50:00,98.60172
2021-01-18 09:50:00,98.60172
2021-01-18 09:50:00,98.60172
2021-01-18 09:50:00,98.60172
2021-01-18 10:00:00,98.47313
2021-01-18 10:00:00,98.47313
2021-01-18 10:00:00,98.47313
2021-01-18 10:00:00,98.47313
2021-01-18 10:00:00,98.47313
2021-01-18 10:00:00,98.47313
2021-01-18 10:10:00,98.344536
2021-01-18 10:10:00,98.344536
2021-01-18 10:10:00,98.344536
2021-01-18 10:10:00,98.344536
2021-01-18 10:10:00,98.344536
2021-01-18 10:10:00,98.344536
2021-01-18 10:20:00,98.215935
2021-01-18 10:20:00,98.215935
2021-01-18 10:20:00,98.215935
2021-01-18 10:20:00,98.215935
2021-01-18 10:20:00,98.215935
2021-01-18 10:20:00,98.215935
2021-01-18 10:30:00,98.08734
2021-01-18 10:30:00,98.08734
2021-01-18 10:30:00,98.08734
2021-01-18 10:30:00,98.08734
2021-01-18 10:30:00,98.08734
2021-01-18 10:30:00,98.08734
2021-01-18 10:40:00,97.95875
2021-01-18 10:40:00,97.95875
2021-01-18 10:40:00,97.95875
2021-01-18 10:40:00,97.95875
2021-01-18 10:40:00,97.95875
2021-01-18 10:40:00,97.95875
