timestamp,power_kw
2020-07-31 07:10:00,937.11
2020-07-31 07:25:00,864.1
2020-07-31 07:40:00,791.1
2020-07-31 07:55:00,627.9
2020-07-31 08:10:00,464.69
2020-07-31 08:25:00,781.9
2020-07-31 08:40:00,1099.12
2020-07-31 08:55:00,1111.62
2020-07-31 09:10:00,1124.13
2020-07-31 09:25:00,852.65
2020-07-31 09:40:00,581.17
2020-07-31 09:55:00,717.64
2020-07-31 10:10:00,854.1
2020-07-31 10:10:00,854.1
2020-07-31 10:10:00,854.1
2020-07-31 10:10:00,854.1
2020-07-31 10:10:00,854.1
2020-07-31 10:10:00,854.1
2020-07-31 10:10:00,854.1
2020-07-31 10:10:00,854.1
2020-07-31 10:10:00,854.1
2020-07-31 10:10:00,854.1
2020-07-31 10:25:00,693.73
2020-07-31 10:25:00,693.73
2020-07-31 10:25:00,693.73
2020-07-31 10:25:00,693.73
2020-07-31 10:25:00,693.73
2020-07-31 10:25:00,693.73
2020-07-31 10:25:00,693.73
2020-07-31 10:25:00,693.73
2020-07-31 10:25:00,693.73
2020-07-31 10:25:00,693.73
2020-07-31 10:40:00,533.36
2020-07-31 10:40:00,533.36
2020-07-31 10:40:00,533.36
2020-07-31 10:40:00,533.36
2020-07-31 10:40:00,533.36
2020-07-31 10:40:00,533.36
2020-07-31 10:40:00,533.36
2020-07-31 10:40:00,533.36
2020-07-31 10:40:00,533.36
2020-07-31 10:40:00,533.36
2020-07-31 10:55:00,604.46
2020-07-31 10:55:00,604.46
2020-07-31 10:55:00,604.46
2020-07-31 10:55:00,604.46
2020-07-31 10:55:00,604.46
2020-07-31 10:55:00,604.46
2020-07-31 10:55:00,604.46
2020-07-31 10:55:00,604.46
2020-07-31 10:55:00,604.46
2020-07-31 10:55:00,604.46
2020-07-31 11:10:00,675.55
2020-07-31 11:10:00,675.55
2020-07-31 11:10:00,675.55
2020-07-31 11:10:00,675.55
2020-07-31 11:10:00,675.55
2020-07-31 11:10:00,675.55
2020-07-31 11:10:00,675.55
2020-07-31 11:10:00,675.55
2020-07-31 11:10:00,675.55
2020-07-31 11:10:00,675.55
2020-07-31 11:25:00,662.15
2020-07-31 11:25:00,662.15
2020-07-31 11:25:00,662.15
2020-07-31 11:25:00,662.15
2020-07-31 11:25:00,662.15
2020-07-31 11:25:00,662.15
2020-07-31 11:25:00,662.15
2020-07-31 11:25:00,662.15
2020-07-31 11:25:00,662.15
2020-07-31 11:25:00,662.15
2020-07-31 11:40:00,648.75
2020-07-31 11:40:00,648.75
2020-07-31 11:40:00,648.75
2020-07-31 11:40:00,648.75
2020-07-31 11:40:00,648.75
2020-07-31 11:40:00,648.75
2020-07-31 11:40:00,648.75
2020-07-31 11:40:00,648.75
2020-07-31 11:40:00,648.75
2020-07-31 11:40:00,648.75
2020-07-31 11:55:00,644.24
2020-07-31 11:55:00,644.24
2020-07-31 11:55:00,644.24
2020-07-31 11:55:00,644.24
2020-07-31 11:55:00,644.24
2020-07-31 11:55:00,644.24
2020-07-31 11:55:00,644.24
2020-07-31 11:55:00,644.24
2020-07-31 11:55:00,644.24
2020-07-31 11:55:00,644.24
2020-07-31 12:10:00,639.74
2020-07-31 12:10:00,639.74
2020-07-31 12:10:00,639.74
2020-07-31 12:10:00,639.74
2020-07-31 12:10:00,639.74
2020-07-31 12:10:00,639.74
2020-07-31 12:10:00,639.74
2020-07-31 12:10:00,639.74
2020-07-31 12:10:00,639.74
2020-07-31 12:10:00,639.74
2020-07-31 12:25:00,603.47
2020-07-31 12:25:00,603.47
2020-07-31 12:25:00,603.47
2020-07-31 12:25:00,603.47
2020-07-31 12:25:00,603.47
2020-07-31 12:25:00,603.47
2020-07-31 12:25:00,603.47
2020-07-31 12:25:00,603.47
2020-07-31 12:25:00,603.47
2020-07-31 12:25:00,603.47
2020-07-31 12:40:00,567.21
2020-07-31 12:40:00,567.21
2020-07-31 12:40:00,567.21
2020-07-31 12:40:00,567.21
2020-07-31 12:40:00,567.21
2020-07-31 12:40:00,567.21
2020-07-31 12:40:00,567.21
2020-07-31 12:40:00,567.21
2020-07-31 12:40:00,567.21
2020-07-31 12:40:00,567.21
2020-07-31 12:55:00,555.44
2020-07-31 12:55:00,555.44
2020-07-31 12:55:00,555.44
2020-07-31 12:55:00,555.44
2020-07-31 12:55:00,555.44
2020-07-31 12:55:00,555.44
2020-07-31 12:55:00,555.44
2020-07-31 12:55:00,555.44
2020-07-31 12:55:00,555.44
2020-07-31 12:55:00,555.44
2020-07-31 13:10:00,543.66
2020-07-31 13:10:00,543.66
2020-07-31 13:10:00,543.66
2020-07-31 13:10:00,543.66
2020-07-31 13:10:00,543.66
2020-07-31 13:10:00,543.66
2020-07-31 13:10:00,543.66
2020-07-31 13:10:00,543.66
2020-07-31 13:10:00,543.66
2020-07-31 13:10:00,543.66
2020-07-31 13:25:00,463.7
2020-07-31 13:25:00,463.7
2020-07-31 13:25:00,463.7
2020-07-31 13:25:00,463.7
2020-07-31 13:25:00,463.7
2020-07-31 13:25:00,463.7
2020-07-31 13:25:00,463.7
2020-07-31 13:25:00,463.7
2020-07-31 13:25:00,463.7
2020-07-31 13:25:00,463.7
2020-07-31 13:40:00,383.73
2020-07-31 13:40:00,383.73
2020-07-31 13:40:00,383.73
2020-07-31 13:40:00,383.73
2020-07-31 13:40:00,383.73
2020-07-31 13:40:00,383.73
2020-07-31 13:40:00,383.73
2020-07-31 13:40:00,383.73
2020-07-31 13:40:00,383.73
2020-07-31 13:40:00,383.73
2020-07-31 13:55:00,282.83
2020-07-31 13:55:00,282.83
2020-07-31 13:55:00,282.83
2020-07-31 13:55:00,282.83
2020-07-31 13:55:00,282.83
2020-07-31 13:55:00,282.83
2020-07-31 13:55:00,282.83
2020-07-31 13:55:00,282.83
2020-07-31 13:55:00,282.83
2020-07-31 13:55:00,282.83
2020-07-31 14:10:00,181.93
2020-07-31 14:10:00,181.93
2020-07-31 14:10:00,181.93
2020-07-31 14:10:00,181.93
2020-07-31 14:10:00,181.93
2020-07-31 14:10:00,181.93
2020-07-31 14:10:00,181.93
2020-07-31 14:10:00,181.93
2020-07-31 14:10:00,181.93
2020-07-31 14:10:00,181.93
2020-07-31 14:25:00,316.31
2020-07-31 14:25:00,316.31
2020-07-31 14:25:00,316.31
2020-07-31 14:25:00,316.31
2020-07-31 14:25:00,316.31
2020-07-31 14:25:00,316.31
2020-07-31 14:25:00,316.31
2020-07-31 14:25:00,316.31
2020-07-31 14:25:00,316.31
2020-07-31 14:25:00,316.31
2020-07-31 14:40:00,450.69
2020-07-31 14:40:00,450.69
2020-07-31 14:40:00,450.69
2020-07-31 14:40:00,450.69
2020-07-31 14:40:00,450.69
2020-07-31 14:40:00,450.69
2020-07-31 14:40:00,450.69
2020-07-31 14:40:00,450.69
2020-07-31 14:40:00,450.69
2020-07-31 14:40:00,450.69
2020-07-31 14:55:00,446.15
2020-07-31 14:55:00,446.15
2020-07-31 14:55:00,446.15
2020-07-31 14:55:00,446.15
2020-07-31 14:55:00,446.15
2020-07-31 14:55:00,446.15
2020-07-31 14:55:00,446.15
2020-07-31 14:55:00,446.15
2020-07-31 14:55:00,446.15
2020-07-31 14:55:00,446.15
2020-07-31 15:10:00,441.61
2020-07-31 15:10:00,441.61
2020-07-31 15:10:00,441.61
2020-07-31 15:10:00,441.61
2020-07-31 15:10:00,441.61
2020-07-31 15:10:00,441.61
2020-07-31 15:10:00,441.61
2020-07-31 15:10:00,441.61
2020-07-31 15:10:00,441.61
2020-07-31 15:10:00,441.61
2020-07-31 15:25:00,453.18
2020-07-31 15:25:00,453.18
2020-07-31 15:25:00,453.18
2020-07-31 15:25:00,453.18
2020-07-31 15:25:00,453.18
2020-07-31 15:25:00,453.18
2020-07-31 15:25:00,453.18
2020-07-31 15:25:00,453.18
2020-07-31 15:25:00,453.18
2020-07-31 15:25:00,453.18
2020-07-31 15:40:00,464.76
2020-07-31 15:40:00,464.76
2020-07-31 15:40:00,464.76
2020-07-31 15:40:00,464.76
2020-07-31 15:40:00,464.76
2020-07-31 15:40:00,464.76
2020-07-31 15:40:00,464.76
2020-07-31 15:40:00,464.76
2020-07-31 15:40:00,464.76
2020-07-31 15:40:00,464.76
2020-07-31 15:55:00,553.6
2020-07-31 15:55:00,553.6
2020-07-31 15:55:00,553.6
2020-07-31 15:55:00,553.6
2020-07-31 15:55:00,553.6
2020-07-31 15:55:00,553.6
2020-07-31 15:55:00,553.6
2020-07-31 15:55:00,553.6
2020-07-31 15:55:00,553.6
2020-07-31 15:55:00,553.6
2020-07-31 16:10:00,642.45
2020-07-31 16:10:00,642.45
2020-07-31 16:10:00,642.45
2020-07-31 16:10:00,642.45
2020-07-31 16:10:00,642.45
2020-07-31 16:10:00,642.45
2020-07-31 16:10:00,642.45
2020-07-31 16:10:00,642.45
2020-07-31 16:10:00,642.45
2020-07-31 16:10:00,642.45
2020-07-31 16:25:00,508.5
2020-07-31 16:25:00,508.5
2020-07-31 16:25:00,508.5
2020-07-31 16:25:00,508.5
2020-07-31 16:25:00,508.5
2020-07-31 16:25:00,508.5
2020-07-31 16:25:00,508.5
2020-07-31 16:25:00,508.5
2020-07-31 16:25:00,508.5
2020-07-31 16:25:00,508.5
2020-07-31 16:40:00,374.56
2020-07-31 16:40:00,374.56
2020-07-31 16:40:00,374.56
2020-07-31 16:40:00,374.56
2020-07-31 16:40:00,374.56
2020-07-31 16:40:00,374.56
2020-07-31 16:40:00,374.56
2020-07-31 16:40:00,374.56
2020-07-31 16:40:00,374.56
2020-07-31 16:40:00,374.56
2020-07-31 16:55:00,274.12
2020-07-31 16:55:00,274.12
2020-07-31 16:55:00,274.12
2020-07-31 16:55:00,274.12
2020-07-31 16:55:00,274.12
2020-07-31 16:55:00,274.12
2020-07-31 16:55:00,274.12
2020-07-31 16:55:00,274.12
2020-07-31 16:55:00,274.12
2020-07-31 16:55:00,274.12
2020-07-31 17:10:00,173.67
2020-07-31 17:10:00,173.67
2020-07-31 17:10:00,173.67
2020-07-31 17:10:00,173.67
2020-07-31 17:10:00,173.67
2020-07-31 17:10:00,173.67
2020-07-31 17:10:00,173.67
2020-07-31 17:10:00,173.67
2020-07-31 17:10:00,173.67
2020-07-31 17:10:00,173.67
2020-07-31 17:25:00,140.18
2020-07-31 17:25:00,140.18
2020-07-31 17:25:00,140.18
2020-07-31 17:25:00,140.18
2020-07-31 17:25:00,140.18
2020-07-31 17:25:00,140.18
2020-07-31 17:25:00,140.18
2020-07-31 17:25:00,140.18
2020-07-31 17:25:00,140.18
2020-07-31 17:25:00,140.18
2020-07-31 17:40:00,106.68
2020-07-31 17:40:00,106.68
2020-07-31 17:40:00,106.68
2020-07-31 17:40:00,106.68
2020-07-31 17:40:00,106.68
2020-07-31 17:40:00,106.68
2020-07-31 17:40:00,106.68
2020-07-31 17:40:00,106.68
2020-07-31 17:40:00,106.68
2020-07-31 17:40:00,106.68
2020-07-31 17:55:00,53.19
2020-07-31 17:55:00,53.19
2020-07-31 17:55:00,53.19
2020-07-31 17:55:00,53.19
2020-07-31 17:55:00,53.19
2020-07-31 17:55:00,53.19
2020-07-31 17:55:00,53.19
2020-07-31 17:55:00,53.19
2020-07-31 17:55:00,53.19
2020-07-31 17:55:00,53.19
2020-07-31 18:10:00,0.0
2020-07-31 18:10:00,0.0
2020-07-31 18:10:00,0.0
2020-07-31 18:10:00,0.0
2020-07-31 18:10:00,0.0
2020-07-31 18:10:00,0.0
2020-07-31 18:10:00,0.0
2020-07-31 18:10:00,0.0
2020-07-31 18:10:00,0.0
2020-07-31 18:10:00,0.0
2020-07-31 18:25:00,0.0
2020-07-31 18:25:00,0.0
2020-07-31 18:25:00,0.0
2020-07-31 18:25:00,0.0
2020-07-31 18:25:00,0.0
2020-07-31 18:25:00,0.0
2020-07-31 18:25:00,0.0
2020-07-31 18:25:00,0.0
2020-07-31 18:25:00,0.0
2020-07-31 18:25:00,0.0
2020-07-31 18:40:00,0.0
2020-07-31 18:40:00,0.0
2020-07-31 18:40:00,0.0
2020-07-31 18:40:00,0.0
2020-07-31 18:40:00,0.0
2020-07-31 18:40:00,0.0
2020-07-31 18:40:00,0.0
2020-07-31 18:40:00,0.0
2020-07-31 18:40:00,0.0
2020-07-31 18:40:00,0.0
2020-07-31 18:55:00,0.0
2020-07-31 18:55:00,0.0
2020-07-31 18:55:00,0.0
2020-07-31 18:55:00,0.0
2020-07-31 18:55:00,0.0
2020-07-31 18:55:00,0.0
2020-07-31 18:55:00,0.0
2020-07-31 18:55:00,0.0
2020-07-31 18:55:00,0.0
2020-07-31 18:55:00,0.0
2020-07-31 19:10:00,0.0
2020-07-31 19:10:00,0.0
2020-07-31 19:10:00,0.0
2020-07-31 19:10:00,0.0
2020-07-31 19:10:00,0.0
2020-07-31 19:10:00,0.0
2020-07-31 19:10:00,0.0
2020-07-31 19:10:00,0.0
2020-07-31 19:10:00,0.0
2020-07-31 19:10:00,0.0
2020-07-31 19:25:00,0.0
2020-07-31 19:25:00,0.0
2020-07-31 19:25:00,0.0
2020-07-31 19:25:00,0.0
2020-07-31 19:25:00,0.0
2020-07-31 19:25:00,0.0
2020-07-31 19:25:00,0.0
2020-07-31 19:25:00,0.0
2020-07-31 19:25:00,0.0
2020-07-31 19:25:00,0.0
2020-07-31 19:40:00,0.0
2020-07-31 19:40:00,0.0
2020-07-31 19:40:00,0.0
2020-07-31 19:40:00,0.0
2020-07-31 19:40:00,0.0
2020-07-31 19:40:00,0.0
2020-07-31 19:40:00,0.0
2020-07-31 19:40:00,0.0
2020-07-31 19:40:00,0.0
2020-07-31 19:40:00,0.0
2020-07-31 19:55:00,178.12
2020-07-31 19:55:00,178.12
2020-07-31 19:55:00,178.12
2020-07-31 19:55:00,178.12
2020-07-31 19:55:00,178.12
2020-07-31 19:55:00,178.12
2020-07-31 19:55:00,178.12
2020-07-31 19:55:00,178.12
2020-07-31 19:55:00,178.12
2020-07-31 19:55:00,178.12
2020-07-31 20:10:00,356.55
2020-07-31 20:10:00,356.55
2020-07-31 20:10:00,356.55
2020-07-31 20:10:00,356.55
2020-07-31 20:10:00,356.55
2020-07-31 20:10:00,356.55
2020-07-31 20:10:00,356.55
2020-07-31 20:10:00,356.55
2020-07-31 20:10:00,356.55
2020-07-31 20:10:00,356.55
2020-07-31 20:25:00,389.96
2020-07-31 20:25:00,389.96
2020-07-31 20:25:00,389.96
2020-07-31 20:25:00,389.96
2020-07-31 20:25:00,389.96
2020-07-31 20:25:00,389.96
2020-07-31 20:25:00,389.96
2020-07-31 20:25:00,389.96
2020-07-31 20:25:00,389.96
2020-07-31 20:25:00,389.96
2020-07-31 20:40:00,423.36
2020-07-31 20:40:00,423.36
2020-07-31 20:40:00,423.36
2020-07-31 20:40:00,423.36
2020-07-31 20:40:00,423.36
2020-07-31 20:40:00,423.36
2020-07-31 20:40:00,423.36
2020-07-31 20:40:00,423.36
2020-07-31 20:40:00,423.36
2020-07-31 20:40:00,423.36
2020-07-31 20:55:00,825.04
2020-07-31 20:55:00,825.04
2020-07-31 20:55:00,825.04
2020-07-31 20:55:00,825.04
2020-07-31 20:55:00,825.04
2020-07-31 20:55:00,825.04
2020-07-31 20:55:00,825.04
2020-07-31 20:55:00,825.04
2020-07-31 20:55:00,825.04
2020-07-31 20:55:00,825.04
2020-07-31 21:10:00,1226.73
2020-07-31 21:10:00,1226.73
2020-07-31 21:10:00,1226.73
2020-07-31 21:10:00,1226.73
2020-07-31 21:10:00,1226.73
2020-07-31 21:10:00,1226.73
2020-07-31 21:10:00,1226.73
2020-07-31 21:10:00,1226.73
2020-07-31 21:10:00,1226.73
2020-07-31 21:10:00,1226.73
2020-07-31 21:25:00,1191.34
2020-07-31 21:25:00,1191.34
2020-07-31 21:25:00,1191.34
2020-07-31 21:25:00,1191.34
2020-07-31 21:25:00,1191.34
2020-07-31 21:25:00,1191.34
2020-07-31 21:25:00,1191.34
2020-07-31 21:25:00,1191.34
2020-07-31 21:25:00,1191.34
2020-07-31 21:25:00,1191.34
2020-07-31 21:40:00,1155.95
2020-07-31 21:40:00,1155.95
2020-07-31 21:40:00,1155.95
2020-07-31 21:40:00,1155.95
2020-07-31 21:40:00,1155.95
2020-07-31 21:40:00,1155.95
2020-07-31 21:40:00,1155.95
2020-07-31 21:40:00,1155.95
2020-07-31 21:40:00,1155.95
2020-07-31 21:40:00,1155.95
2020-07-31 21:55:00,820.17
2020-07-31 21:55:00,820.17
2020-07-31 21:55:00,820.17
2020-07-31 21:55:00,820.17
2020-07-31 21:55:00,820.17
2020-07-31 21:55:00,820.17
2020-07-31 21:55:00,820.17
2020-07-31 21:55:00,820.17
2020-07-31 21:55:00,820.17
2020-07-31 21:55:00,820.17
2020-07-31 22:10:00,484.39
2020-07-31 22:10:00,484.39
2020-07-31 22:10:00,484.39
2020-07-31 22:10:00,484.39
2020-07-31 22:10:00,484.39
2020-07-31 22:10:00,484.39
2020-07-31 22:10:00,484.39
2020-07-31 22:10:00,484.39
2020-07-31 22:10:00,484.39
2020-07-31 22:10:00,484.39
2020-07-31 22:25:00,490.29
2020-07-31 22:25:00,490.29
2020-07-31 22:25:00,490.29
2020-07-31 22:25:00,490.29
2020-07-31 22:25:00,490.29
2020-07-31 22:25:00,490.29
2020-07-31 22:25:00,490.29
2020-07-31 22:25:00,490.29
2020-07-31 22:25:00,490.29
2020-07-31 22:25:00,490.29
2020-07-31 22:40:00,496.19
2020-07-31 22:40:00,496.19
2020-07-31 22:40:00,496.19
2020-07-31 22:40:00,496.19
2020-07-31 22:40:00,496.19
2020-07-31 22:40:00,496.19
2020-07-31 22:40:00,496.19
2020-07-31 22:40:00,496.19
2020-07-31 22:40:00,496.19
2020-07-31 22:40:00,496.19
2020-07-31 22:55:00,359.91
2020-07-31 22:55:00,359.91
2020-07-31 22:55:00,359.91
2020-07-31 22:55:00,359.91
2020-07-31 22:55:00,359.91
2020-07-31 22:55:00,359.91
2020-07-31 22:55:00,359.91
2020-07-31 22:55:00,359.91
2020-07-31 22:55:00,359.91
2020-07-31 22:55:00,359.91
2020-07-31 23:10:00,223.63
2020-07-31 23:10:00,223.63
2020-07-31 23:10:00,223.63
2020-07-31 23:10:00,223.63
2020-07-31 23:10:00,223.63
2020-07-31 23:10:00,223.63
2020-07-31 23:10:00,223.63
2020-07-31 23:10:00,223.63
2020-07-31 23:10:00,223.63
2020-07-31 23:10:00,223.63
2020-07-31 23:25:00,181.39
2020-07-31 23:25:00,181.39
2020-07-31 23:25:00,181.39
2020-07-31 23:25:00,181.39
2020-07-31 23:25:00,181.39
2020-07-31 23:25:00,181.39
2020-07-31 23:25:00,181.39
2020-07-31 23:25:00,181.39
2020-07-31 23:25:00,181.39
2020-07-31 23:25:00,181.39
2020-07-31 23:40:00,139.15
2020-07-31 23:40:00,139.15
2020-07-31 23:40:00,139.15
2020-07-31 23:40:00,139.15
2020-07-31 23:40:00,139.15
2020-07-31 23:40:00,139.15
2020-07-31 23:40:00,139.15
2020-07-31 23:40:00,139.15
2020-07-31 23:40:00,139.15
2020-07-31 23:40:00,139.15
2020-07-31 23:55:00,253.08
2020-07-31 23:55:00,253.08
2020-07-31 23:55:00,253.08
2020-07-31 23:55:00,253.08
2020-07-31 23:55:00,253.08
2020-07-31 23:55:00,253.08
2020-07-31 23:55:00,253.08
2020-07-31 23:55:00,253.08
2020-07-31 23:55:00,253.08
2020-07-31 23:55:00,253.08
2020-08-01 00:10:00,367.01
2020-08-01 00:10:00,367.01
2020-08-01 00:10:00,367.01
2020-08-01 00:10:00,367.01
2020-08-01 00:10:00,367.01
2020-08-01 00:10:00,367.01
2020-08-01 00:10:00,367.01
2020-08-01 00:10:00,367.01
2020-08-01 00:10:00,367.01
2020-08-01 00:10:00,367.01
2020-08-01 00:25:00,523.05
2020-08-01 00:25:00,523.05
2020-08-01 00:25:00,523.05
2020-08-01 00:25:00,523.05
2020-08-01 00:25:00,523.05
2020-08-01 00:25:00,523.05
2020-08-01 00:25:00,523.05
2020-08-01 00:25:00,523.05
2020-08-01 00:25:00,523.05
2020-08-01 00:25:00,523.05
2020-08-01 00:40:00,679.09
2020-08-01 00:40:00,679.09
2020-08-01 00:40:00,679.09
2020-08-01 00:40:00,679.09
2020-08-01 00:40:00,679.09
2020-08-01 00:40:00,679.09
2020-08-01 00:40:00,679.09
2020-08-01 00:40:00,679.09
2020-08-01 00:40:00,679.09
2020-08-01 00:40:00,679.09
2020-08-01 00:55:00,587.34
2020-08-01 00:55:00,587.34
2020-08-01 00:55:00,587.34
2020-08-01 00:55:00,587.34
2020-08-01 00:55:00,587.34
2020-08-01 00:55:00,587.34
2020-08-01 00:55:00,587.34
2020-08-01 00:55:00,587.34
2020-08-01 00:55:00,587.34
2020-08-01 00:55:00,587.34
2020-08-01 01:10:00,495.6
2020-08-01 01:10:00,495.6
2020-08-01 01:10:00,495.6
2020-08-01 01:10:00,495.6
2020-08-01 01:10:00,495.6
2020-08-01 01:10:00,495.6
2020-08-01 01:10:00,495.6
2020-08-01 01:10:00,495.6
2020-08-01 01:10:00,495.6
2020-08-01 01:10:00,495.6
2020-08-01 01:25:00,606.52
2020-08-01 01:25:00,606.52
2020-08-01 01:25:00,606.52
2020-08-01 01:25:00,606.52
2020-08-01 01:25:00,606.52
2020-08-01 01:25:00,606.52
2020-08-01 01:25:00,606.52
2020-08-01 01:25:00,606.52
2020-08-01 01:25:00,606.52
2020-08-01 01:25:00,606.52
2020-08-01 01:40:00,717.43
2020-08-01 01:40:00,717.43
2020-08-01 01:40:00,717.43
2020-08-01 01:40:00,717.43
2020-08-01 01:40:00,717.43
2020-08-01 01:40:00,717.43
2020-08-01 01:40:00,717.43
2020-08-01 01:40:00,717.43
2020-08-01 01:40:00,717.43
2020-08-01 01:40:00,717.43
2020-08-01 01:55:00,643.5
2020-08-01 01:55:00,643.5
2020-08-01 01:55:00,643.5
2020-08-01 01:55:00,643.5
2020-08-01 01:55:00,643.5
2020-08-01 01:55:00,643.5
2020-08-01 01:55:00,643.5
2020-08-01 01:55:00,643.5
2020-08-01 01:55:00,643.5
2020-08-01 01:55:00,643.5
2020-08-01 02:10:00,569.56
2020-08-01 02:10:00,569.56
2020-08-01 02:10:00,569.56
2020-08-01 02:10:00,569.56
2020-08-01 02:10:00,569.56
2020-08-01 02:10:00,569.56
2020-08-01 02:10:00,569.56
2020-08-01 02:10:00,569.56
2020-08-01 02:10:00,569.56
2020-08-01 02:10:00,569.56
2020-08-01 02:25:00,588.4
2020-08-01 02:25:00,588.4
2020-08-01 02:25:00,588.4
2020-08-01 02:25:00,588.4
2020-08-01 02:25:00,588.4
2020-08-01 02:25:00,588.4
2020-08-01 02:25:00,588.4
2020-08-01 02:25:00,588.4
2020-08-01 02:25:00,588.4
2020-08-01 02:25:00,588.4
2020-08-01 02:40:00,607.24
2020-08-01 02:40:00,607.24
2020-08-01 02:40:00,607.24
2020-08-01 02:40:00,607.24
2020-08-01 02:40:00,607.24
2020-08-01 02:40:00,607.24
2020-08-01 02:40:00,607.24
2020-08-01 02:40:00,607.24
2020-08-01 02:40:00,607.24
2020-08-01 02:40:00,607.24
2020-08-01 02:55:00,570.76
2020-08-01 02:55:00,570.76
2020-08-01 02:55:00,570.76
2020-08-01 02:55:00,570.76
2020-08-01 02:55:00,570.76
2020-08-01 02:55:00,570.76
2020-08-01 02:55:00,570.76
2020-08-01 02:55:00,570.76
2020-08-01 02:55:00,570.76
2020-08-01 02:55:00,570.76
2020-08-01 03:10:00,534.27
2020-08-01 03:10:00,534.27
2020-08-01 03:10:00,534.27
2020-08-01 03:10:00,534.27
2020-08-01 03:10:00,534.27
2020-08-01 03:10:00,534.27
2020-08-01 03:10:00,534.27
2020-08-01 03:10:00,534.27
2020-08-01 03:10:00,534.27
2020-08-01 03:10:00,534.27
2020-08-01 03:25:00,510.03
2020-08-01 03:25:00,510.03
2020-08-01 03:25:00,510.03
2020-08-01 03:25:00,510.03
2020-08-01 03:25:00,510.03
2020-08-01 03:25:00,510.03
2020-08-01 03:25:00,510.03
2020-08-01 03:25:00,510.03
2020-08-01 03:25:00,510.03
2020-08-01 03:25:00,510.03
2020-08-01 03:40:00,485.79
2020-08-01 03:40:00,485.79
2020-08-01 03:40:00,485.79
2020-08-01 03:40:00,485.79
2020-08-01 03:40:00,485.79
2020-08-01 03:40:00,485.79
2020-08-01 03:40:00,485.79
2020-08-01 03:40:00,485.79
2020-08-01 03:40:00,485.79
2020-08-01 03:40:00,485.79
2020-08-01 03:55:00,386.02
2020-08-01 03:55:00,386.02
2020-08-01 03:55:00,386.02
2020-08-01 03:55:00,386.02
2020-08-01 03:55:00,386.02
2020-08-01 03:55:00,386.02
2020-08-01 03:55:00,386.02
2020-08-01 03:55:00,386.02
2020-08-01 03:55:00,386.02
2020-08-01 03:55:00,386.02
2020-08-01 04:10:00,286.25
2020-08-01 04:10:00,286.25
2020-08-01 04:10:00,286.25
2020-08-01 04:10:00,286.25
2020-08-01 04:10:00,286.25
2020-08-01 04:10:00,286.25
2020-08-01 04:10:00,286.25
2020-08-01 04:10:00,286.25
2020-08-01 04:10:00,286.25
2020-08-01 04:10:00,286.25
2020-08-01 04:25:00,259.43
2020-08-01 04:25:00,259.43
2020-08-01 04:25:00,259.43
2020-08-01 04:25:00,259.43
2020-08-01 04:25:00,259.43
2020-08-01 04:25:00,259.43
2020-08-01 04:25:00,259.43
2020-08-01 04:25:00,259.43
2020-08-01 04:25:00,259.43
2020-08-01 04:25:00,259.43
2020-08-01 04:40:00,232.61
2020-08-01 04:40:00,232.61
2020-08-01 04:40:00,232.61
2020-08-01 04:40:00,232.61
2020-08-01 04:40:00,232.61
2020-08-01 04:40:00,232.61
2020-08-01 04:40:00,232.61
2020-08-01 04:40:00,232.61
2020-08-01 04:40:00,232.61
2020-08-01 04:40:00,232.61
2020-08-01 04:55:00,259.44
2020-08-01 04:55:00,259.44
2020-08-01 04:55:00,259.44
2020-08-01 04:55:00,259.44
2020-08-01 04:55:00,259.44
2020-08-01 04:55:00,259.44
2020-08-01 04:55:00,259.44
2020-08-01 04:55:00,259.44
2020-08-01 04:55:00,259.44
2020-08-01 04:55:00,259.44
2020-08-01 05:10:00,286.28
2020-08-01 05:10:00,286.28
2020-08-01 05:10:00,286.28
2020-08-01 05:10:00,286.28
2020-08-01 05:10:00,286.28
2020-08-01 05:10:00,286.28
2020-08-01 05:10:00,286.28
2020-08-01 05:10:00,286.28
2020-08-01 05:10:00,286.28
2020-08-01 05:10:00,286.28
2020-08-01 05:25:00,257.22
2020-08-01 05:25:00,257.22
2020-08-01 05:25:00,257.22
2020-08-01 05:25:00,257.22
2020-08-01 05:25:00,257.22
2020-08-01 05:25:00,257.22
2020-08-01 05:25:00,257.22
2020-08-01 05:25:00,257.22
2020-08-01 05:25:00,257.22
2020-08-01 05:25:00,257.22
2020-08-01 05:40:00,228.15
2020-08-01 05:40:00,228.15
2020-08-01 05:40:00,228.15
2020-08-01 05:40:00,228.15
2020-08-01 05:40:00,228.15
2020-08-01 05:40:00,228.15
2020-08-01 05:40:00,228.15
2020-08-01 05:40:00,228.15
2020-08-01 05:40:00,228.15
2020-08-01 05:40:00,228.15
2020-08-01 05:55:00,159.57
2020-08-01 05:55:00,159.57
2020-08-01 05:55:00,159.57
2020-08-01 05:55:00,159.57
2020-08-01 05:55:00,159.57
2020-08-01 05:55:00,159.57
2020-08-01 05:55:00,159.57
2020-08-01 05:55:00,159.57
2020-08-01 05:55:00,159.57
2020-08-01 05:55:00,159.57
2020-08-01 06:10:00,90.99
2020-08-01 06:10:00,90.99
2020-08-01 06:10:00,90.99
2020-08-01 06:10:00,90.99
2020-08-01 06:10:00,90.99
2020-08-01 06:10:00,90.99
2020-08-01 06:10:00,90.99
2020-08-01 06:10:00,90.99
2020-08-01 06:10:00,90.99
2020-08-01 06:10:00,90.99
2020-08-01 06:25:00,124.58
2020-08-01 06:25:00,124.58
2020-08-01 06:25:00,124.58
2020-08-01 06:25:00,124.58
2020-08-01 06:25:00,124.58
2020-08-01 06:25:00,124.58
2020-08-01 06:25:00,124.58
2020-08-01 06:25:00,124.58
2020-08-01 06:25:00,124.58
2020-08-01 06:25:00,124.58
2020-08-01 06:40:00,158.16
2020-08-01 06:40:00,158.16
2020-08-01 06:40:00,158.16
2020-08-01 06:40:00,158.16
2020-08-01 06:40:00,158.16
2020-08-01 06:40:00,158.16
2020-08-01 06:40:00,158.16
2020-08-01 06:40:00,158.16
2020-08-01 06:40:00,158.16
2020-08-01 06:40:00,158.16
2020-08-01 06:55:00,86.3
2020-08-01 06:55:00,86.3
2020-08-01 06:55:00,86.3
2020-08-01 06:55:00,86.3
2020-08-01 06:55:00,86.3
2020-08-01 06:55:00,86.3
2020-08-01 06:55:00,86.3
2020-08-01 06:55:00,86.3
2020-08-01 06:55:00,86.3
2020-08-01 06:55:00,86.3
2020-08-01 07:10:00,14.44
2020-08-01 07:10:00,14.44
2020-08-01 07:10:00,14.44
2020-08-01 07:10:00,14.44
2020-08-01 07:10:00,14.44
2020-08-01 07:10:00,14.44
2020-08-01 07:10:00,14.44
2020-08-01 07:10:00,14.44
2020-08-01 07:10:00,14.44
2020-08-01 07:10:00,14.44
2020-08-01 07:25:00,7.07
2020-08-01 07:25:00,7.07
2020-08-01 07:25:00,7.07
2020-08-01 07:25:00,7.07
2020-08-01 07:25:00,7.07
2020-08-01 07:25:00,7.07
2020-08-01 07:25:00,7.07
2020-08-01 07:25:00,7.07
2020-08-01 07:25:00,7.07
2020-08-01 07:25:00,7.07
2020-08-01 07:40:00,0.0
2020-08-01 07:40:00,0.0
2020-08-01 07:40:00,0.0
2020-08-01 07:40:00,0.0
2020-08-01 07:40:00,0.0
2020-08-01 07:40:00,0.0
2020-08-01 07:40:00,0.0
2020-08-01 07:40:00,0.0
2020-08-01 07:40:00,0.0
2020-08-01 07:40:00,0.0
2020-08-01 07:55:00,51.34
2020-08-01 07:55:00,51.34
2020-08-01 07:55:00,51.34
2020-08-01 07:55:00,51.34
2020-08-01 07:55:00,51.34
2020-08-01 07:55:00,51.34
2020-08-01 07:55:00,51.34
2020-08-01 07:55:00,51.34
2020-08-01 07:55:00,51.34
2020-08-01 07:55:00,51.34
2020-08-01 08:10:00,102.97
2020-08-01 08:10:00,102.97
2020-08-01 08:10:00,102.97
2020-08-01 08:10:00,102.97
2020-08-01 08:10:00,102.97
2020-08-01 08:10:00,102.97
2020-08-01 08:10:00,102.97
2020-08-01 08:10:00,102.97
2020-08-01 08:10:00,102.97
2020-08-01 08:10:00,102.97
2020-08-01 08:25:00,51.54
2020-08-01 08:25:00,51.54
2020-08-01 08:25:00,51.54
2020-08-01 08:25:00,51.54
2020-08-01 08:25:00,51.54
2020-08-01 08:25:00,51.54
2020-08-01 08:25:00,51.54
2020-08-01 08:25:00,51.54
2020-08-01 08:25:00,51.54
2020-08-01 08:25:00,51.54
2020-08-01 08:40:00,0.1
2020-08-01 08:40:00,0.1
2020-08-01 08:40:00,0.1
2020-08-01 08:40:00,0.1
2020-08-01 08:40:00,0.1
2020-08-01 08:40:00,0.1
2020-08-01 08:40:00,0.1
2020-08-01 08:40:00,0.1
2020-08-01 08:40:00,0.1
2020-08-01 08:40:00,0.1
2020-08-01 08:55:00,49.02
2020-08-01 08:55:00,49.02
2020-08-01 08:55:00,49.02
2020-08-01 08:55:00,49.02
2020-08-01 08:55:00,49.02
2020-08-01 08:55:00,49.02
2020-08-01 08:55:00,49.02
2020-08-01 08:55:00,49.02
2020-08-01 08:55:00,49.02
2020-08-01 08:55:00,49.02
2020-08-01 09:10:00,97.93
2020-08-01 09:10:00,97.93
2020-08-01 09:10:00,97.93
2020-08-01 09:10:00,97.93
2020-08-01 09:10:00,97.93
2020-08-01 09:10:00,97.93
2020-08-01 09:10:00,97.93
2020-08-01 09:10:00,97.93
2020-08-01 09:10:00,97.93
2020-08-01 09:10:00,97.93
2020-08-01 09:25:00,48.82
2020-08-01 09:25:00,48.82
2020-08-01 09:25:00,48.82
2020-08-01 09:25:00,48.82
2020-08-01 09:25:00,48.82
2020-08-01 09:25:00,48.82
2020-08-01 09:25:00,48.82
2020-08-01 09:25:00,48.82
2020-08-01 09:25:00,48.82
2020-08-01 09:25:00,48.82
2020-08-01 09:40:00,0.0
2020-08-01 09:40:00,0.0
2020-08-01 09:40:00,0.0
2020-08-01 09:40:00,0.0
2020-08-01 09:40:00,0.0
2020-08-01 09:40:00,0.0
2020-08-01 09:40:00,0.0
2020-08-01 09:40:00,0.0
2020-08-01 09:40:00,0.0
2020-08-01 09:40:00,0.0
2020-08-01 09:55:00,80.16
2020-08-01 09:55:00,80.16
2020-08-01 09:55:00,80.16
2020-08-01 09:55:00,80.16
2020-08-01 09:55:00,80.16
2020-08-01 09:55:00,80.16
2020-08-01 09:55:00,80.16
2020-08-01 09:55:00,80.16
2020-08-01 09:55:00,80.16
2020-08-01 09:55:00,80.16
2020-08-01 10:10:00,160.62
2020-08-01 10:10:00,160.62
2020-08-01 10:10:00,160.62
2020-08-01 10:10:00,160.62
2020-08-01 10:10:00,160.62
2020-08-01 10:10:00,160.62
2020-08-01 10:10:00,160.62
2020-08-01 10:10:00,160.62
2020-08-01 10:10:00,160.62
2020-08-01 10:10:00,160.62
2020-08-01 10:25:00,148.34
2020-08-01 10:25:00,148.34
2020-08-01 10:25:00,148.34
2020-08-01 10:25:00,148.34
2020-08-01 10:25:00,148.34
2020-08-01 10:25:00,148.34
2020-08-01 10:25:00,148.34
2020-08-01 10:25:00,148.34
2020-08-01 10:25:00,148.34
2020-08-01 10:25:00,148.34
2020-08-01 10:40:00,136.05
2020-08-01 10:40:00,136.05
2020-08-01 10:40:00,136.05
2020-08-01 10:40:00,136.05
2020-08-01 10:40:00,136.05
2020-08-01 10:40:00,136.05
2020-08-01 10:40:00,136.05
2020-08-01 10:40:00,136.05
2020-08-01 10:40:00,136.05
2020-08-01 10:40:00,136.05
2020-08-01 10:55:00,152.78
2020-08-01 10:55:00,152.78
2020-08-01 10:55:00,152.78
2020-08-01 10:55:00,152.78
2020-08-01 10:55:00,152.78
2020-08-01 10:55:00,152.78
2020-08-01 10:55:00,152.78
2020-08-01 10:55:00,152.78
2020-08-01 10:55:00,152.78
2020-08-01 10:55:00,152.78
2020-08-01 11:10:00,169.51
2020-08-01 11:10:00,169.51
2020-08-01 11:10:00,169.51
2020-08-01 11:10:00,169.51
2020-08-01 11:10:00,169.51
2020-08-01 11:10:00,169.51
2020-08-01 11:10:00,169.51
2020-08-01 11:10:00,169.51
2020-08-01 11:10:00,169.51
2020-08-01 11:10:00,169.51
2020-08-01 11:25:00,249.64
2020-08-01 11:25:00,249.64
2020-08-01 11:25:00,249.64
2020-08-01 11:25:00,249.64
2020-08-01 11:25:00,249.64
2020-08-01 11:25:00,249.64
2020-08-01 11:25:00,249.64
2020-08-01 11:25:00,249.64
2020-08-01 11:25:00,249.64
2020-08-01 11:25:00,249.64
2020-08-01 11:40:00,329.77
2020-08-01 11:40:00,329.77
2020-08-01 11:40:00,329.77
2020-08-01 11:40:00,329.77
2020-08-01 11:40:00,329.77
2020-08-01 11:40:00,329.77
2020-08-01 11:40:00,329.77
2020-08-01 11:40:00,329.77
2020-08-01 11:40:00,329.77
2020-08-01 11:40:00,329.77
2020-08-01 11:55:00,285.38
2020-08-01 11:55:00,285.38
2020-08-01 11:55:00,285.38
2020-08-01 11:55:00,285.38
2020-08-01 11:55:00,285.38
2020-08-01 11:55:00,285.38
2020-08-01 11:55:00,285.38
2020-08-01 11:55:00,285.38
2020-08-01 11:55:00,285.38
2020-08-01 11:55:00,285.38
2020-08-01 12:10:00,240.98
2020-08-01 12:10:00,240.98
2020-08-01 12:10:00,240.98
2020-08-01 12:10:00,240.98
2020-08-01 12:10:00,240.98
2020-08-01 12:10:00,240.98
2020-08-01 12:10:00,240.98
2020-08-01 12:10:00,240.98
2020-08-01 12:10:00,240.98
2020-08-01 12:10:00,240.98
2020-08-01 12:25:00,171.3
2020-08-01 12:25:00,171.3
2020-08-01 12:25:00,171.3
2020-08-01 12:25:00,171.3
2020-08-01 12:25:00,171.3
2020-08-01 12:25:00,171.3
2020-08-01 12:25:00,171.3
2020-08-01 12:25:00,171.3
2020-08-01 12:25:00,171.3
2020-08-01 12:25:00,171.3
2020-08-01 12:40:00,101.61
2020-08-01 12:40:00,101.61
2020-08-01 12:40:00,101.61
2020-08-01 12:40:00,101.61
2020-08-01 12:40:00,101.61
2020-08-01 12:40:00,101.61
2020-08-01 12:40:00,101.61
2020-08-01 12:40:00,101.61
2020-08-01 12:40:00,101.61
2020-08-01 12:40:00,101.61
2020-08-01 12:55:00,90.28
2020-08-01 12:55:00,90.28
2020-08-01 12:55:00,90.28
2020-08-01 12:55:00,90.28
2020-08-01 12:55:00,90.28
2020-08-01 12:55:00,90.28
2020-08-01 12:55:00,90.28
2020-08-01 12:55:00,90.28
2020-08-01 12:55:00,90.28
2020-08-01 12:55:00,90.28
2020-08-01 13:10:00,78.94
2020-08-01 13:10:00,78.94
2020-08-01 13:10:00,78.94
2020-08-01 13:10:00,78.94
2020-08-01 13:10:00,78.94
2020-08-01 13:10:00,78.94
2020-08-01 13:10:00,78.94
2020-08-01 13:10:00,78.94
2020-08-01 13:10:00,78.94
2020-08-01 13:10:00,78.94
2020-08-01 13:25:00,81.72
2020-08-01 13:25:00,81.72
2020-08-01 13:25:00,81.72
2020-08-01 13:25:00,81.72
2020-08-01 13:25:00,81.72
2020-08-01 13:25:00,81.72
2020-08-01 13:25:00,81.72
2020-08-01 13:25:00,81.72
2020-08-01 13:25:00,81.72
2020-08-01 13:25:00,81.72
2020-08-01 13:40:00,84.5
2020-08-01 13:40:00,84.5
2020-08-01 13:40:00,84.5
2020-08-01 13:40:00,84.5
2020-08-01 13:40:00,84.5
2020-08-01 13:40:00,84.5
2020-08-01 13:40:00,84.5
2020-08-01 13:40:00,84.5
2020-08-01 13:40:00,84.5
2020-08-01 13:40:00,84.5
2020-08-01 13:55:00,108.58
2020-08-01 13:55:00,108.58
2020-08-01 13:55:00,108.58
2020-08-01 13:55:00,108.58
2020-08-01 13:55:00,108.58
2020-08-01 13:55:00,108.58
2020-08-01 13:55:00,108.58
2020-08-01 13:55:00,108.58
2020-08-01 13:55:00,108.58
2020-08-01 13:55:00,108.58
2020-08-01 14:10:00,132.65
2020-08-01 14:10:00,132.65
2020-08-01 14:10:00,132.65
2020-08-01 14:10:00,132.65
2020-08-01 14:10:00,132.65
2020-08-01 14:10:00,132.65
2020-08-01 14:10:00,132.65
2020-08-01 14:10:00,132.65
2020-08-01 14:10:00,132.65
2020-08-01 14:10:00,132.65
2020-08-01 14:25:00,162.22
2020-08-01 14:25:00,162.22
2020-08-01 14:25:00,162.22
2020-08-01 14:25:00,162.22
2020-08-01 14:25:00,162.22
2020-08-01 14:25:00,162.22
2020-08-01 14:25:00,162.22
2020-08-01 14:25:00,162.22
2020-08-01 14:25:00,162.22
2020-08-01 14:25:00,162.22
2020-08-01 14:40:00,191.78
2020-08-01 14:40:00,191.78
2020-08-01 14:40:00,191.78
2020-08-01 14:40:00,191.78
2020-08-01 14:40:00,191.78
2020-08-01 14:40:00,191.78
2020-08-01 14:40:00,191.78
2020-08-01 14:40:00,191.78
2020-08-01 14:40:00,191.78
2020-08-01 14:40:00,191.78
2020-08-01 14:55:00,196.82
2020-08-01 14:55:00,196.82
2020-08-01 14:55:00,196.82
2020-08-01 14:55:00,196.82
2020-08-01 14:55:00,196.82
2020-08-01 14:55:00,196.82
2020-08-01 14:55:00,196.82
2020-08-01 14:55:00,196.82
2020-08-01 14:55:00,196.82
2020-08-01 14:55:00,196.82
2020-08-01 15:10:00,201.86
2020-08-01 15:10:00,201.86
2020-08-01 15:10:00,201.86
2020-08-01 15:10:00,201.86
2020-08-01 15:10:00,201.86
2020-08-01 15:10:00,201.86
2020-08-01 15:10:00,201.86
2020-08-01 15:10:00,201.86
2020-08-01 15:10:00,201.86
2020-08-01 15:10:00,201.86
2020-08-01 15:25:00,276.68
2020-08-01 15:25:00,276.68
2020-08-01 15:25:00,276.68
2020-08-01 15:25:00,276.68
2020-08-01 15:25:00,276.68
2020-08-01 15:25:00,276.68
2020-08-01 15:25:00,276.68
2020-08-01 15:25:00,276.68
2020-08-01 15:25:00,276.68
2020-08-01 15:25:00,276.68
2020-08-01 15:40:00,351.5
2020-08-01 15:40:00,351.5
2020-08-01 15:40:00,351.5
2020-08-01 15:40:00,351.5
2020-08-01 15:40:00,351.5
2020-08-01 15:40:00,351.5
2020-08-01 15:40:00,351.5
2020-08-01 15:40:00,351.5
2020-08-01 15:40:00,351.5
2020-08-01 15:40:00,351.5
2020-08-01 15:55:00,400.36
2020-08-01 15:55:00,400.36
2020-08-01 15:55:00,400.36
2020-08-01 15:55:00,400.36
2020-08-01 15:55:00,400.36
2020-08-01 15:55:00,400.36
2020-08-01 15:55:00,400.36
2020-08-01 15:55:00,400.36
2020-08-01 15:55:00,400.36
2020-08-01 15:55:00,400.36
2020-08-01 16:10:00,449.21
2020-08-01 16:10:00,449.21
2020-08-01 16:10:00,449.21
2020-08-01 16:10:00,449.21
2020-08-01 16:10:00,449.21
2020-08-01 16:10:00,449.21
2020-08-01 16:10:00,449.21
2020-08-01 16:10:00,449.21
2020-08-01 16:10:00,449.21
2020-08-01 16:10:00,449.21
2020-08-01 16:25:00,466.9
2020-08-01 16:25:00,466.9
2020-08-01 16:25:00,466.9
2020-08-01 16:25:00,466.9
2020-08-01 16:25:00,466.9
2020-08-01 16:25:00,466.9
2020-08-01 16:25:00,466.9
2020-08-01 16:25:00,466.9
2020-08-01 16:25:00,466.9
2020-08-01 16:25:00,466.9
2020-08-01 16:40:00,484.59
2020-08-01 16:40:00,484.59
2020-08-01 16:40:00,484.59
2020-08-01 16:40:00,484.59
2020-08-01 16:40:00,484.59
2020-08-01 16:40:00,484.59
2020-08-01 16:40:00,484.59
2020-08-01 16:40:00,484.59
2020-08-01 16:40:00,484.59
2020-08-01 16:40:00,484.59
2020-08-01 16:55:00,558.82
2020-08-01 16:55:00,558.82
2020-08-01 16:55:00,558.82
2020-08-01 16:55:00,558.82
2020-08-01 16:55:00,558.82
2020-08-01 16:55:00,558.82
2020-08-01 16:55:00,558.82
2020-08-01 16:55:00,558.82
2020-08-01 16:55:00,558.82
2020-08-01 16:55:00,558.82
2020-08-01 17:10:00,633.04
2020-08-01 17:10:00,633.04
2020-08-01 17:10:00,633.04
2020-08-01 17:10:00,633.04
2020-08-01 17:10:00,633.04
2020-08-01 17:10:00,633.04
2020-08-01 17:10:00,633.04
2020-08-01 17:10:00,633.04
2020-08-01 17:10:00,633.04
2020-08-01 17:10:00,633.04
2020-08-01 17:25:00,603.27
2020-08-01 17:25:00,603.27
2020-08-01 17:25:00,603.27
2020-08-01 17:25:00,603.27
2020-08-01 17:25:00,603.27
2020-08-01 17:25:00,603.27
2020-08-01 17:25:00,603.27
2020-08-01 17:25:00,603.27
2020-08-01 17:25:00,603.27
2020-08-01 17:25:00,603.27
2020-08-01 17:40:00,573.5
2020-08-01 17:40:00,573.5
2020-08-01 17:40:00,573.5
2020-08-01 17:40:00,573.5
2020-08-01 17:40:00,573.5
2020-08-01 17:40:00,573.5
2020-08-01 17:40:00,573.5
2020-08-01 17:40:00,573.5
2020-08-01 17:40:00,573.5
2020-08-01 17:40:00,573.5
2020-08-01 17:55:00,638.58
2020-08-01 17:55:00,638.58
2020-08-01 17:55:00,638.58
2020-08-01 17:55:00,638.58
2020-08-01 17:55:00,638.58
2020-08-01 17:55:00,638.58
2020-08-01 17:55:00,638.58
2020-08-01 17:55:00,638.58
2020-08-01 17:55:00,638.58
2020-08-01 17:55:00,638.58
2020-08-01 18:10:00,703.66
2020-08-01 18:10:00,703.66
2020-08-01 18:10:00,703.66
2020-08-01 18:10:00,703.66
2020-08-01 18:10:00,703.66
2020-08-01 18:10:00,703.66
2020-08-01 18:10:00,703.66
2020-08-01 18:10:00,703.66
2020-08-01 18:10:00,703.66
2020-08-01 18:10:00,703.66
2020-08-01 18:25:00,694.01
2020-08-01 18:25:00,694.01
2020-08-01 18:25:00,694.01
2020-08-01 18:25:00,694.01
2020-08-01 18:25:00,694.01
2020-08-01 18:25:00,694.01
2020-08-01 18:25:00,694.01
2020-08-01 18:25:00,694.01
2020-08-01 18:25:00,694.01
2020-08-01 18:25:00,694.01
2020-08-01 18:40:00,684.36
2020-08-01 18:40:00,684.36
2020-08-01 18:40:00,684.36
2020-08-01 18:40:00,684.36
2020-08-01 18:40:00,684.36
2020-08-01 18:40:00,684.36
2020-08-01 18:40:00,684.36
2020-08-01 18:40:00,684.36
2020-08-01 18:40:00,684.36
2020-08-01 18:40:00,684.36
2020-08-01 18:55:00,523.88
2020-08-01 18:55:00,523.88
2020-08-01 18:55:00,523.88
2020-08-01 18:55:00,523.88
2020-08-01 18:55:00,523.88
2020-08-01 18:55:00,523.88
2020-08-01 18:55:00,523.88
2020-08-01 18:55:00,523.88
2020-08-01 18:55:00,523.88
2020-08-01 18:55:00,523.88
2020-08-01 19:10:00,363.4
2020-08-01 19:10:00,363.4
2020-08-01 19:10:00,363.4
2020-08-01 19:10:00,363.4
2020-08-01 19:10:00,363.4
2020-08-01 19:10:00,363.4
2020-08-01 19:10:00,363.4
2020-08-01 19:10:00,363.4
2020-08-01 19:10:00,363.4
2020-08-01 19:10:00,363.4
2020-08-01 19:25:00,286.83
2020-08-01 19:25:00,286.83
2020-08-01 19:25:00,286.83
2020-08-01 19:25:00,286.83
2020-08-01 19:25:00,286.83
2020-08-01 19:25:00,286.83
2020-08-01 19:25:00,286.83
2020-08-01 19:25:00,286.83
2020-08-01 19:25:00,286.83
2020-08-01 19:25:00,286.83
2020-08-01 19:40:00,210.25
2020-08-01 19:40:00,210.25
2020-08-01 19:40:00,210.25
2020-08-01 19:40:00,210.25
2020-08-01 19:40:00,210.25
2020-08-01 19:40:00,210.25
2020-08-01 19:40:00,210.25
2020-08-01 19:40:00,210.25
2020-08-01 19:40:00,210.25
2020-08-01 19:40:00,210.25
2020-08-01 19:55:00,171.12
2020-08-01 19:55:00,171.12
2020-08-01 19:55:00,171.12
2020-08-01 19:55:00,171.12
2020-08-01 19:55:00,171.12
2020-08-01 19:55:00,171.12
2020-08-01 19:55:00,171.12
2020-08-01 19:55:00,171.12
2020-08-01 19:55:00,171.12
2020-08-01 19:55:00,171.12
2020-08-01 20:10:00,131.98
2020-08-01 20:10:00,131.98
2020-08-01 20:10:00,131.98
2020-08-01 20:10:00,131.98
2020-08-01 20:10:00,131.98
2020-08-01 20:10:00,131.98
2020-08-01 20:10:00,131.98
2020-08-01 20:10:00,131.98
2020-08-01 20:10:00,131.98
2020-08-01 20:10:00,131.98
2020-08-01 20:25:00,180.7
2020-08-01 20:25:00,180.7
2020-08-01 20:25:00,180.7
2020-08-01 20:25:00,180.7
2020-08-01 20:25:00,180.7
2020-08-01 20:25:00,180.7
2020-08-01 20:25:00,180.7
2020-08-01 20:25:00,180.7
2020-08-01 20:25:00,180.7
2020-08-01 20:25:00,180.7
2020-08-01 20:40:00,229.42
2020-08-01 20:40:00,229.42
2020-08-01 20:40:00,229.42
2020-08-01 20:40:00,229.42
2020-08-01 20:40:00,229.42
2020-08-01 20:40:00,229.42
2020-08-01 20:40:00,229.42
2020-08-01 20:40:00,229.42
2020-08-01 20:40:00,229.42
2020-08-01 20:40:00,229.42
2020-08-01 20:55:00,349.0
2020-08-01 20:55:00,349.0
2020-08-01 20:55:00,349.0
2020-08-01 20:55:00,349.0
2020-08-01 20:55:00,349.0
2020-08-01 20:55:00,349.0
2020-08-01 20:55:00,349.0
2020-08-01 20:55:00,349.0
2020-08-01 20:55:00,349.0
2020-08-01 20:55:00,349.0
2020-08-01 21:10:00,468.57
2020-08-01 21:10:00,468.57
2020-08-01 21:10:00,468.57
2020-08-01 21:10:00,468.57
2020-08-01 21:10:00,468.57
2020-08-01 21:10:00,468.57
2020-08-01 21:10:00,468.57
2020-08-01 21:10:00,468.57
2020-08-01 21:10:00,468.57
2020-08-01 21:10:00,468.57
2020-08-01 21:25:00,480.88
2020-08-01 21:25:00,480.88
2020-08-01 21:25:00,480.88
2020-08-01 21:25:00,480.88
2020-08-01 21:25:00,480.88
2020-08-01 21:25:00,480.88
2020-08-01 21:25:00,480.88
2020-08-01 21:25:00,480.88
2020-08-01 21:25:00,480.88
2020-08-01 21:25:00,480.88
2020-08-01 21:40:00,493.19
2020-08-01 21:40:00,493.19
2020-08-01 21:40:00,493.19
2020-08-01 21:40:00,493.19
2020-08-01 21:40:00,493.19
2020-08-01 21:40:00,493.19
2020-08-01 21:40:00,493.19
2020-08-01 21:40:00,493.19
2020-08-01 21:40:00,493.19
2020-08-01 21:40:00,493.19
2020-08-01 21:55:00,754.34
2020-08-01 21:55:00,754.34
2020-08-01 21:55:00,754.34
2020-08-01 21:55:00,754.34
2020-08-01 21:55:00,754.34
2020-08-01 21:55:00,754.34
2020-08-01 21:55:00,754.34
2020-08-01 21:55:00,754.34
2020-08-01 21:55:00,754.34
2020-08-01 21:55:00,754.34
2020-08-01 22:10:00,1015.48
2020-08-01 22:10:00,1015.48
2020-08-01 22:10:00,1015.48
2020-08-01 22:10:00,1015.48
2020-08-01 22:10:00,1015.48
2020-08-01 22:10:00,1015.48
2020-08-01 22:10:00,1015.48
2020-08-01 22:10:00,1015.48
2020-08-01 22:10:00,1015.48
2020-08-01 22:10:00,1015.48
2020-08-01 22:25:00,977.28
2020-08-01 22:25:00,977.28
2020-08-01 22:25:00,977.28
2020-08-01 22:25:00,977.28
2020-08-01 22:25:00,977.28
2020-08-01 22:25:00,977.28
2020-08-01 22:25:00,977.28
2020-08-01 22:25:00,977.28
2020-08-01 22:25:00,977.28
2020-08-01 22:25:00,977.28
2020-08-01 22:40:00,939.07
2020-08-01 22:40:00,939.07
2020-08-01 22:40:00,939.07
2020-08-01 22:40:00,939.07
2020-08-01 22:40:00,939.07
2020-08-01 22:40:00,939.07
2020-08-01 22:40:00,939.07
2020-08-01 22:40:00,939.07
2020-08-01 22:40:00,939.07
2020-08-01 22:40:00,939.07
2020-08-01 22:55:00,1029.11
2020-08-01 22:55:00,1029.11
2020-08-01 22:55:00,1029.11
2020-08-01 22:55:00,1029.11
2020-08-01 22:55:00,1029.11
2020-08-01 22:55:00,1029.11
2020-08-01 22:55:00,1029.11
2020-08-01 22:55:00,1029.11
2020-08-01 22:55:00,1029.11
2020-08-01 22:55:00,1029.11
2020-08-01 23:10:00,1119.15
2020-08-01 23:10:00,1119.15
2020-08-01 23:10:00,1119.15
2020-08-01 23:10:00,1119.15
2020-08-01 23:10:00,1119.15
2020-08-01 23:10:00,1119.15
2020-08-01 23:10:00,1119.15
2020-08-01 23:10:00,1119.15
2020-08-01 23:10:00,1119.15
2020-08-01 23:10:00,1119.15
2020-08-01 23:25:00,1090.48
2020-08-01 23:25:00,1090.48
2020-08-01 23:25:00,1090.48
2020-08-01 23:25:00,1090.48
2020-08-01 23:25:00,1090.48
2020-08-01 23:25:00,1090.48
2020-08-01 23:25:00,1090.48
2020-08-01 23:25:00,1090.48
2020-08-01 23:25:00,1090.48
2020-08-01 23:25:00,1090.48
2020-08-01 23:40:00,1061.8
2020-08-01 23:40:00,1061.8
2020-08-01 23:40:00,1061.8
2020-08-01 23:40:00,1061.8
2020-08-01 23:40:00,1061.8
2020-08-01 23:40:00,1061.8
2020-08-01 23:40:00,1061.8
2020-08-01 23:40:00,1061.8
2020-08-01 23:40:00,1061.8
2020-08-01 23:40:00,1061.8
2020-08-01 23:55:00,778.66
2020-08-01 23:55:00,778.66
2020-08-01 23:55:00,778.66
2020-08-01 23:55:00,778.66
2020-08-01 23:55:00,778.66
2020-08-01 23:55:00,778.66
2020-08-01 23:55:00,778.66
2020-08-01 23:55:00,778.66
2020-08-01 23:55:00,778.66
2020-08-01 23:55:00,778.66
2020-08-02 00:10:00,495.51
2020-08-02 00:10:00,495.51
2020-08-02 00:10:00,495.51
2020-08-02 00:10:00,495.51
2020-08-02 00:10:00,495.51
2020-08-02 00:10:00,495.51
2020-08-02 00:10:00,495.51
2020-08-02 00:10:00,495.51
2020-08-02 00:10:00,495.51
2020-08-02 00:10:00,495.51
2020-08-02 00:25:00,514.92
2020-08-02 00:25:00,514.92
2020-08-02 00:25:00,514.92
2020-08-02 00:25:00,514.92
2020-08-02 00:25:00,514.92
2020-08-02 00:25:00,514.92
2020-08-02 00:25:00,514.92
2020-08-02 00:25:00,514.92
2020-08-02 00:25:00,514.92
2020-08-02 00:25:00,514.92
2020-08-02 00:40:00,534.33
2020-08-02 00:40:00,534.33
2020-08-02 00:40:00,534.33
2020-08-02 00:40:00,534.33
2020-08-02 00:40:00,534.33
2020-08-02 00:40:00,534.33
2020-08-02 00:40:00,534.33
2020-08-02 00:40:00,534.33
2020-08-02 00:40:00,534.33
2020-08-02 00:40:00,534.33
2020-08-02 00:55:00,633.66
2020-08-02 00:55:00,633.66
2020-08-02 00:55:00,633.66
2020-08-02 00:55:00,633.66
2020-08-02 00:55:00,633.66
2020-08-02 00:55:00,633.66
2020-08-02 00:55:00,633.66
2020-08-02 00:55:00,633.66
2020-08-02 00:55:00,633.66
2020-08-02 00:55:00,633.66
2020-08-02 01:10:00,733.0
2020-08-02 01:10:00,733.0
2020-08-02 01:10:00,733.0
2020-08-02 01:10:00,733.0
2020-08-02 01:10:00,733.0
2020-08-02 01:10:00,733.0
2020-08-02 01:10:00,733.0
2020-08-02 01:10:00,733.0
2020-08-02 01:10:00,733.0
2020-08-02 01:10:00,733.0
2020-08-02 01:25:00,718.45
2020-08-02 01:25:00,718.45
2020-08-02 01:25:00,718.45
2020-08-02 01:25:00,718.45
2020-08-02 01:25:00,718.45
2020-08-02 01:25:00,718.45
2020-08-02 01:25:00,718.45
2020-08-02 01:25:00,718.45
2020-08-02 01:25:00,718.45
2020-08-02 01:25:00,718.45
2020-08-02 01:40:00,703.9
2020-08-02 01:40:00,703.9
2020-08-02 01:40:00,703.9
2020-08-02 01:40:00,703.9
2020-08-02 01:40:00,703.9
2020-08-02 01:40:00,703.9
2020-08-02 01:40:00,703.9
2020-08-02 01:40:00,703.9
2020-08-02 01:40:00,703.9
2020-08-02 01:40:00,703.9
2020-08-02 01:55:00,672.6
2020-08-02 01:55:00,672.6
2020-08-02 01:55:00,672.6
2020-08-02 01:55:00,672.6
2020-08-02 01:55:00,672.6
2020-08-02 01:55:00,672.6
2020-08-02 01:55:00,672.6
2020-08-02 01:55:00,672.6
2020-08-02 01:55:00,672.6
2020-08-02 01:55:00,672.6
2020-08-02 02:10:00,641.3
2020-08-02 02:10:00,641.3
2020-08-02 02:10:00,641.3
2020-08-02 02:10:00,641.3
2020-08-02 02:10:00,641.3
2020-08-02 02:10:00,641.3
2020-08-02 02:10:00,641.3
2020-08-02 02:10:00,641.3
2020-08-02 02:10:00,641.3
2020-08-02 02:10:00,641.3
2020-08-02 02:25:00,703.88
2020-08-02 02:25:00,703.88
2020-08-02 02:25:00,703.88
2020-08-02 02:25:00,703.88
2020-08-02 02:25:00,703.88
2020-08-02 02:25:00,703.88
2020-08-02 02:25:00,703.88
2020-08-02 02:25:00,703.88
2020-08-02 02:25:00,703.88
2020-08-02 02:25:00,703.88
2020-08-02 02:40:00,766.45
2020-08-02 02:40:00,766.45
2020-08-02 02:40:00,766.45
2020-08-02 02:40:00,766.45
2020-08-02 02:40:00,766.45
2020-08-02 02:40:00,766.45
2020-08-02 02:40:00,766.45
2020-08-02 02:40:00,766.45
2020-08-02 02:40:00,766.45
2020-08-02 02:40:00,766.45
2020-08-02 02:55:00,791.64
2020-08-02 02:55:00,791.64
2020-08-02 02:55:00,791.64
2020-08-02 02:55:00,791.64
2020-08-02 02:55:00,791.64
2020-08-02 02:55:00,791.64
2020-08-02 02:55:00,791.64
2020-08-02 02:55:00,791.64
2020-08-02 02:55:00,791.64
2020-08-02 02:55:00,791.64
2020-08-02 03:10:00,816.84
2020-08-02 03:10:00,816.84
2020-08-02 03:10:00,816.84
2020-08-02 03:10:00,816.84
2020-08-02 03:10:00,816.84
2020-08-02 03:10:00,816.84
2020-08-02 03:10:00,816.84
2020-08-02 03:10:00,816.84
2020-08-02 03:10:00,816.84
2020-08-02 03:10:00,816.84
2020-08-02 03:25:00,864.49
2020-08-02 03:25:00,864.49
2020-08-02 03:25:00,864.49
2020-08-02 03:25:00,864.49
2020-08-02 03:25:00,864.49
2020-08-02 03:25:00,864.49
2020-08-02 03:25:00,864.49
2020-08-02 03:25:00,864.49
2020-08-02 03:25:00,864.49
2020-08-02 03:25:00,864.49
2020-08-02 03:40:00,912.14
2020-08-02 03:40:00,912.14
2020-08-02 03:40:00,912.14
2020-08-02 03:40:00,912.14
2020-08-02 03:40:00,912.14
2020-08-02 03:40:00,912.14
2020-08-02 03:40:00,912.14
2020-08-02 03:40:00,912.14
2020-08-02 03:40:00,912.14
2020-08-02 03:40:00,912.14
2020-08-02 03:55:00,903.76
2020-08-02 03:55:00,903.76
2020-08-02 03:55:00,903.76
2020-08-02 03:55:00,903.76
2020-08-02 03:55:00,903.76
2020-08-02 03:55:00,903.76
2020-08-02 03:55:00,903.76
2020-08-02 03:55:00,903.76
2020-08-02 03:55:00,903.76
2020-08-02 03:55:00,903.76
2020-08-02 04:10:00,895.37
2020-08-02 04:10:00,895.37
2020-08-02 04:10:00,895.37
2020-08-02 04:10:00,895.37
2020-08-02 04:10:00,895.37
2020-08-02 04:10:00,895.37
2020-08-02 04:10:00,895.37
2020-08-02 04:10:00,895.37
2020-08-02 04:10:00,895.37
2020-08-02 04:10:00,895.37
2020-08-02 04:25:00,955.92
2020-08-02 04:25:00,955.92
2020-08-02 04:25:00,955.92
2020-08-02 04:25:00,955.92
2020-08-02 04:25:00,955.92
2020-08-02 04:25:00,955.92
2020-08-02 04:25:00,955.92
2020-08-02 04:25:00,955.92
2020-08-02 04:25:00,955.92
2020-08-02 04:25:00,955.92
2020-08-02 04:40:00,1016.46
2020-08-02 04:40:00,1016.46
2020-08-02 04:40:00,1016.46
2020-08-02 04:40:00,1016.46
2020-08-02 04:40:00,1016.46
2020-08-02 04:40:00,1016.46
2020-08-02 04:40:00,1016.46
2020-08-02 04:40:00,1016.46
2020-08-02 04:40:00,1016.46
2020-08-02 04:40:00,1016.46
2020-08-02 04:55:00,1040.84
2020-08-02 04:55:00,1040.84
2020-08-02 04:55:00,1040.84
2020-08-02 04:55:00,1040.84
2020-08-02 04:55:00,1040.84
2020-08-02 04:55:00,1040.84
2020-08-02 04:55:00,1040.84
2020-08-02 04:55:00,1040.84
2020-08-02 04:55:00,1040.84
2020-08-02 04:55:00,1040.84
2020-08-02 05:10:00,1065.22
2020-08-02 05:10:00,1065.22
2020-08-02 05:10:00,1065.22
2020-08-02 05:10:00,1065.22
2020-08-02 05:10:00,1065.22
2020-08-02 05:10:00,1065.22
2020-08-02 05:10:00,1065.22
2020-08-02 05:10:00,1065.22
2020-08-02 05:10:00,1065.22
2020-08-02 05:10:00,1065.22
2020-08-02 05:25:00,1014.08
2020-08-02 05:25:00,1014.08
2020-08-02 05:25:00,1014.08
2020-08-02 05:25:00,1014.08
2020-08-02 05:25:00,1014.08
2020-08-02 05:25:00,1014.08
2020-08-02 05:25:00,1014.08
2020-08-02 05:25:00,1014.08
2020-08-02 05:25:00,1014.08
2020-08-02 05:25:00,1014.08
2020-08-02 05:40:00,962.95
2020-08-02 05:40:00,962.95
2020-08-02 05:40:00,962.95
2020-08-02 05:40:00,962.95
2020-08-02 05:40:00,962.95
2020-08-02 05:40:00,962.95
2020-08-02 05:40:00,962.95
2020-08-02 05:40:00,962.95
2020-08-02 05:40:00,962.95
2020-08-02 05:40:00,962.95
2020-08-02 05:55:00,1035.67
2020-08-02 05:55:00,1035.67
2020-08-02 05:55:00,1035.67
2020-08-02 05:55:00,1035.67
2020-08-02 05:55:00,1035.67
2020-08-02 05:55:00,1035.67
2020-08-02 05:55:00,1035.67
2020-08-02 05:55:00,1035.67
2020-08-02 05:55:00,1035.67
2020-08-02 05:55:00,1035.67
2020-08-02 06:10:00,1108.39
2020-08-02 06:10:00,1108.39
2020-08-02 06:10:00,1108.39
2020-08-02 06:10:00,1108.39
2020-08-02 06:10:00,1108.39
2020-08-02 06:10:00,1108.39
2020-08-02 06:10:00,1108.39
2020-08-02 06:10:00,1108.39
2020-08-02 06:10:00,1108.39
2020-08-02 06:10:00,1108.39
2020-08-02 06:25:00,1043.84
2020-08-02 06:25:00,1043.84
2020-08-02 06:25:00,1043.84
2020-08-02 06:25:00,1043.84
2020-08-02 06:25:00,1043.84
2020-08-02 06:25:00,1043.84
2020-08-02 06:25:00,1043.84
2020-08-02 06:25:00,1043.84
2020-08-02 06:25:00,1043.84
2020-08-02 06:25:00,1043.84
2020-08-02 06:40:00,979.29
2020-08-02 06:40:00,979.29
2020-08-02 06:40:00,979.29
2020-08-02 06:40:00,979.29
2020-08-02 06:40:00,979.29
2020-08-02 06:40:00,979.29
2020-08-02 06:40:00,979.29
2020-08-02 06:40:00,979.29
2020-08-02 06:40:00,979.29
2020-08-02 06:40:00,979.29
2020-08-02 06:55:00,1004.9
2020-08-02 06:55:00,1004.9
2020-08-02 06:55:00,1004.9
2020-08-02 06:55:00,1004.9
2020-08-02 06:55:00,1004.9
2020-08-02 06:55:00,1004.9
2020-08-02 06:55:00,1004.9
2020-08-02 06:55:00,1004.9
2020-08-02 06:55:00,1004.9
2020-08-02 06:55:00,1004.9
2020-08-02 07:10:00,1030.52
2020-08-02 07:10:00,1030.52
2020-08-02 07:10:00,1030.52
2020-08-02 07:10:00,1030.52
2020-08-02 07:10:00,1030.52
2020-08-02 07:10:00,1030.52
2020-08-02 07:10:00,1030.52
2020-08-02 07:10:00,1030.52
2020-08-02 07:10:00,1030.52
2020-08-02 07:10:00,1030.52
2020-08-02 07:25:00,1074.08
2020-08-02 07:25:00,1074.08
2020-08-02 07:25:00,1074.08
2020-08-02 07:25:00,1074.08
2020-08-02 07:25:00,1074.08
2020-08-02 07:25:00,1074.08
2020-08-02 07:25:00,1074.08
2020-08-02 07:25:00,1074.08
2020-08-02 07:25:00,1074.08
2020-08-02 07:25:00,1074.08
2020-08-02 07:40:00,1117.64
2020-08-02 07:40:00,1117.64
2020-08-02 07:40:00,1117.64
2020-08-02 07:40:00,1117.64
2020-08-02 07:40:00,1117.64
2020-08-02 07:40:00,1117.64
2020-08-02 07:40:00,1117.64
2020-08-02 07:40:00,1117.64
2020-08-02 07:40:00,1117.64
2020-08-02 07:40:00,1117.64
2020-08-02 07:55:00,1126.37
2020-08-02 07:55:00,1126.37
2020-08-02 07:55:00,1126.37
2020-08-02 07:55:00,1126.37
2020-08-02 07:55:00,1126.37
2020-08-02 07:55:00,1126.37
2020-08-02 07:55:00,1126.37
2020-08-02 07:55:00,1126.37
2020-08-02 07:55:00,1126.37
2020-08-02 07:55:00,1126.37
2020-08-02 08:10:00,1135.1
2020-08-02 08:10:00,1135.1
2020-08-02 08:10:00,1135.1
2020-08-02 08:10:00,1135.1
2020-08-02 08:10:00,1135.1
2020-08-02 08:10:00,1135.1
2020-08-02 08:10:00,1135.1
2020-08-02 08:10:00,1135.1
2020-08-02 08:10:00,1135.1
2020-08-02 08:10:00,1135.1
2020-08-02 08:25:00,1137.91
2020-08-02 08:25:00,1137.91
2020-08-02 08:25:00,1137.91
2020-08-02 08:25:00,1137.91
2020-08-02 08:25:00,1137.91
2020-08-02 08:25:00,1137.91
2020-08-02 08:25:00,1137.91
2020-08-02 08:25:00,1137.91
2020-08-02 08:25:00,1137.91
2020-08-02 08:25:00,1137.91
2020-08-02 08:40:00,1140.72
2020-08-02 08:40:00,1140.72
2020-08-02 08:40:00,1140.72
2020-08-02 08:40:00,1140.72
2020-08-02 08:40:00,1140.72
2020-08-02 08:40:00,1140.72
2020-08-02 08:40:00,1140.72
2020-08-02 08:40:00,1140.72
2020-08-02 08:40:00,1140.72
2020-08-02 08:40:00,1140.72
2020-08-02 08:55:00,1133.72
2020-08-02 08:55:00,1133.72
2020-08-02 08:55:00,1133.72
2020-08-02 08:55:00,1133.72
2020-08-02 08:55:00,1133.72
2020-08-02 08:55:00,1133.72
2020-08-02 08:55:00,1133.72
2020-08-02 08:55:00,1133.72
2020-08-02 08:55:00,1133.72
2020-08-02 08:55:00,1133.72
2020-08-02 09:10:00,1126.71
2020-08-02 09:10:00,1126.71
2020-08-02 09:10:00,1126.71
2020-08-02 09:10:00,1126.71
2020-08-02 09:10:00,1126.71
2020-08-02 09:10:00,1126.71
2020-08-02 09:10:00,1126.71
2020-08-02 09:10:00,1126.71
2020-08-02 09:10:00,1126.71
2020-08-02 09:10:00,1126.71
2020-08-02 09:25:00,1165.69
2020-08-02 09:25:00,1165.69
2020-08-02 09:25:00,1165.69
2020-08-02 09:25:00,1165.69
2020-08-02 09:25:00,1165.69
2020-08-02 09:25:00,1165.69
2020-08-02 09:25:00,1165.69
2020-08-02 09:25:00,1165.69
2020-08-02 09:25:00,1165.69
2020-08-02 09:25:00,1165.69
2020-08-02 09:40:00,1204.68
2020-08-02 09:40:00,1204.68
2020-08-02 09:40:00,1204.68
2020-08-02 09:40:00,1204.68
2020-08-02 09:40:00,1204.68
2020-08-02 09:40:00,1204.68
2020-08-02 09:40:00,1204.68
2020-08-02 09:40:00,1204.68
2020-08-02 09:40:00,1204.68
2020-08-02 09:40:00,1204.68
2020-08-02 09:55:00,1196.96
2020-08-02 09:55:00,1196.96
2020-08-02 09:55:00,1196.96
2020-08-02 09:55:00,1196.96
2020-08-02 09:55:00,1196.96
2020-08-02 09:55:00,1196.96
2020-08-02 09:55:00,1196.96
2020-08-02 09:55:00,1196.96
2020-08-02 09:55:00,1196.96
2020-08-02 09:55:00,1196.96
2020-08-02 10:10:00,1189.24
2020-08-02 10:10:00,1189.24
2020-08-02 10:10:00,1189.24
2020-08-02 10:10:00,1189.24
2020-08-02 10:10:00,1189.24
2020-08-02 10:10:00,1189.24
2020-08-02 10:10:00,1189.24
2020-08-02 10:10:00,1189.24
2020-08-02 10:10:00,1189.24
2020-08-02 10:10:00,1189.24
2020-08-02 10:25:00,1183.75
2020-08-02 10:25:00,1183.75
2020-08-02 10:25:00,1183.75
2020-08-02 10:25:00,1183.75
2020-08-02 10:25:00,1183.75
2020-08-02 10:25:00,1183.75
2020-08-02 10:25:00,1183.75
2020-08-02 10:25:00,1183.75
2020-08-02 10:25:00,1183.75
2020-08-02 10:25:00,1183.75
2020-08-02 10:40:00,1178.26
2020-08-02 10:40:00,1178.26
2020-08-02 10:40:00,1178.26
2020-08-02 10:40:00,1178.26
2020-08-02 10:40:00,1178.26
2020-08-02 10:40:00,1178.26
2020-08-02 10:40:00,1178.26
2020-08-02 10:40:00,1178.26
2020-08-02 10:40:00,1178.26
2020-08-02 10:40:00,1178.26
2020-08-02 10:55:00,1129.4
2020-08-02 10:55:00,1129.4
2020-08-02 10:55:00,1129.4
2020-08-02 10:55:00,1129.4
2020-08-02 10:55:00,1129.4
2020-08-02 10:55:00,1129.4
2020-08-02 10:55:00,1129.4
2020-08-02 10:55:00,1129.4
2020-08-02 10:55:00,1129.4
2020-08-02 10:55:00,1129.4
2020-08-02 11:10:00,1080.54
2020-08-02 11:10:00,1080.54
2020-08-02 11:10:00,1080.54
2020-08-02 11:10:00,1080.54
2020-08-02 11:10:00,1080.54
2020-08-02 11:10:00,1080.54
2020-08-02 11:10:00,1080.54
2020-08-02 11:10:00,1080.54
2020-08-02 11:10:00,1080.54
2020-08-02 11:10:00,1080.54
2020-08-02 11:25:00,1069.46
2020-08-02 11:25:00,1069.46
2020-08-02 11:25:00,1069.46
2020-08-02 11:25:00,1069.46
2020-08-02 11:25:00,1069.46
2020-08-02 11:25:00,1069.46
2020-08-02 11:25:00,1069.46
2020-08-02 11:25:00,1069.46
2020-08-02 11:25:00,1069.46
2020-08-02 11:25:00,1069.46
2020-08-02 11:40:00,1058.39
2020-08-02 11:40:00,1058.39
2020-08-02 11:40:00,1058.39
2020-08-02 11:40:00,1058.39
2020-08-02 11:40:00,1058.39
2020-08-02 11:40:00,1058.39
2020-08-02 11:40:00,1058.39
2020-08-02 11:40:00,1058.39
2020-08-02 11:40:00,1058.39
2020-08-02 11:40:00,1058.39
2020-08-02 11:55:00,1046.04
2020-08-02 11:55:00,1046.04
2020-08-02 11:55:00,1046.04
2020-08-02 11:55:00,1046.04
2020-08-02 11:55:00,1046.04
2020-08-02 11:55:00,1046.04
2020-08-02 11:55:00,1046.04
2020-08-02 11:55:00,1046.04
2020-08-02 11:55:00,1046.04
2020-08-02 11:55:00,1046.04
2020-08-02 12:10:00,1033.68
2020-08-02 12:10:00,1033.68
2020-08-02 12:10:00,1033.68
2020-08-02 12:10:00,1033.68
2020-08-02 12:10:00,1033.68
2020-08-02 12:10:00,1033.68
2020-08-02 12:10:00,1033.68
2020-08-02 12:10:00,1033.68
2020-08-02 12:10:00,1033.68
2020-08-02 12:10:00,1033.68
2020-08-02 12:25:00,1012.29
2020-08-02 12:25:00,1012.29
2020-08-02 12:25:00,1012.29
2020-08-02 12:25:00,1012.29
2020-08-02 12:25:00,1012.29
2020-08-02 12:25:00,1012.29
2020-08-02 12:25:00,1012.29
2020-08-02 12:25:00,1012.29
2020-08-02 12:25:00,1012.29
2020-08-02 12:25:00,1012.29
2020-08-02 12:40:00,990.9
2020-08-02 12:40:00,990.9
2020-08-02 12:40:00,990.9
2020-08-02 12:40:00,990.9
2020-08-02 12:40:00,990.9
2020-08-02 12:40:00,990.9
2020-08-02 12:40:00,990.9
2020-08-02 12:40:00,990.9
2020-08-02 12:40:00,990.9
2020-08-02 12:40:00,990.9
2020-08-02 12:55:00,854.5
2020-08-02 12:55:00,854.5
2020-08-02 12:55:00,854.5
2020-08-02 12:55:00,854.5
2020-08-02 12:55:00,854.5
2020-08-02 12:55:00,854.5
2020-08-02 12:55:00,854.5
2020-08-02 12:55:00,854.5
2020-08-02 12:55:00,854.5
2020-08-02 12:55:00,854.5
2020-08-02 13:10:00,718.09
2020-08-02 13:10:00,718.09
2020-08-02 13:10:00,718.09
2020-08-02 13:10:00,718.09
2020-08-02 13:10:00,718.09
2020-08-02 13:10:00,718.09
2020-08-02 13:10:00,718.09
2020-08-02 13:10:00,718.09
2020-08-02 13:10:00,718.09
2020-08-02 13:10:00,718.09
2020-08-02 13:25:00,882.48
2020-08-02 13:25:00,882.48
2020-08-02 13:25:00,882.48
2020-08-02 13:25:00,882.48
2020-08-02 13:25:00,882.48
2020-08-02 13:25:00,882.48
2020-08-02 13:25:00,882.48
2020-08-02 13:25:00,882.48
2020-08-02 13:25:00,882.48
2020-08-02 13:25:00,882.48
2020-08-02 13:40:00,1046.88
2020-08-02 13:40:00,1046.88
2020-08-02 13:40:00,1046.88
2020-08-02 13:40:00,1046.88
2020-08-02 13:40:00,1046.88
2020-08-02 13:40:00,1046.88
2020-08-02 13:40:00,1046.88
2020-08-02 13:40:00,1046.88
2020-08-02 13:40:00,1046.88
2020-08-02 13:40:00,1046.88
2020-08-02 13:55:00,968.65
2020-08-02 13:55:00,968.65
2020-08-02 13:55:00,968.65
2020-08-02 13:55:00,968.65
2020-08-02 13:55:00,968.65
2020-08-02 13:55:00,968.65
2020-08-02 13:55:00,968.65
2020-08-02 13:55:00,968.65
2020-08-02 13:55:00,968.65
2020-08-02 13:55:00,968.65
2020-08-02 14:10:00,890.42
2020-08-02 14:10:00,890.42
2020-08-02 14:10:00,890.42
2020-08-02 14:10:00,890.42
2020-08-02 14:10:00,890.42
2020-08-02 14:10:00,890.42
2020-08-02 14:10:00,890.42
2020-08-02 14:10:00,890.42
2020-08-02 14:10:00,890.42
2020-08-02 14:10:00,890.42
2020-08-02 14:25:00,938.02
2020-08-02 14:25:00,938.02
2020-08-02 14:25:00,938.02
2020-08-02 14:25:00,938.02
2020-08-02 14:25:00,938.02
2020-08-02 14:25:00,938.02
2020-08-02 14:25:00,938.02
2020-08-02 14:25:00,938.02
2020-08-02 14:25:00,938.02
2020-08-02 14:25:00,938.02
2020-08-02 14:40:00,985.63
2020-08-02 14:40:00,985.63
2020-08-02 14:40:00,985.63
2020-08-02 14:40:00,985.63
2020-08-02 14:40:00,985.63
2020-08-02 14:40:00,985.63
2020-08-02 14:40:00,985.63
2020-08-02 14:40:00,985.63
2020-08-02 14:40:00,985.63
2020-08-02 14:40:00,985.63
2020-08-02 14:55:00,992.1
2020-08-02 14:55:00,992.1
2020-08-02 14:55:00,992.1
2020-08-02 14:55:00,992.1
2020-08-02 14:55:00,992.1
2020-08-02 14:55:00,992.1
2020-08-02 14:55:00,992.1
2020-08-02 14:55:00,992.1
2020-08-02 14:55:00,992.1
2020-08-02 14:55:00,992.1
2020-08-02 15:10:00,998.58
2020-08-02 15:10:00,998.58
2020-08-02 15:10:00,998.58
2020-08-02 15:10:00,998.58
2020-08-02 15:10:00,998.58
2020-08-02 15:10:00,998.58
2020-08-02 15:10:00,998.58
2020-08-02 15:10:00,998.58
2020-08-02 15:10:00,998.58
2020-08-02 15:10:00,998.58
2020-08-02 15:25:00,1083.6
2020-08-02 15:25:00,1083.6
2020-08-02 15:25:00,1083.6
2020-08-02 15:25:00,1083.6
2020-08-02 15:25:00,1083.6
2020-08-02 15:25:00,1083.6
2020-08-02 15:25:00,1083.6
2020-08-02 15:25:00,1083.6
2020-08-02 15:25:00,1083.6
2020-08-02 15:25:00,1083.6
2020-08-02 15:40:00,1168.62
2020-08-02 15:40:00,1168.62
2020-08-02 15:40:00,1168.62
2020-08-02 15:40:00,1168.62
2020-08-02 15:40:00,1168.62
2020-08-02 15:40:00,1168.62
2020-08-02 15:40:00,1168.62
2020-08-02 15:40:00,1168.62
2020-08-02 15:40:00,1168.62
2020-08-02 15:40:00,1168.62
2020-08-02 15:55:00,1050.17
2020-08-02 15:55:00,1050.17
2020-08-02 15:55:00,1050.17
2020-08-02 15:55:00,1050.17
2020-08-02 15:55:00,1050.17
2020-08-02 15:55:00,1050.17
2020-08-02 15:55:00,1050.17
2020-08-02 15:55:00,1050.17
2020-08-02 15:55:00,1050.17
2020-08-02 15:55:00,1050.17
2020-08-02 16:10:00,931.72
2020-08-02 16:10:00,931.72
2020-08-02 16:10:00,931.72
2020-08-02 16:10:00,931.72
2020-08-02 16:10:00,931.72
2020-08-02 16:10:00,931.72
2020-08-02 16:10:00,931.72
2020-08-02 16:10:00,931.72
2020-08-02 16:10:00,931.72
2020-08-02 16:10:00,931.72
2020-08-02 16:25:00,806.0
2020-08-02 16:25:00,806.0
2020-08-02 16:25:00,806.0
2020-08-02 16:25:00,806.0
2020-08-02 16:25:00,806.0
2020-08-02 16:25:00,806.0
2020-08-02 16:25:00,806.0
2020-08-02 16:25:00,806.0
2020-08-02 16:25:00,806.0
2020-08-02 16:25:00,806.0
2020-08-02 16:40:00,680.27
2020-08-02 16:40:00,680.27
2020-08-02 16:40:00,680.27
2020-08-02 16:40:00,680.27
2020-08-02 16:40:00,680.27
2020-08-02 16:40:00,680.27
2020-08-02 16:40:00,680.27
2020-08-02 16:40:00,680.27
2020-08-02 16:40:00,680.27
2020-08-02 16:40:00,680.27
2020-08-02 16:55:00,339.98
2020-08-02 16:55:00,339.98
2020-08-02 16:55:00,339.98
2020-08-02 16:55:00,339.98
2020-08-02 16:55:00,339.98
2020-08-02 16:55:00,339.98
2020-08-02 16:55:00,339.98
2020-08-02 16:55:00,339.98
2020-08-02 16:55:00,339.98
2020-08-02 16:55:00,339.98
2020-08-02 17:10:00,0.0
2020-08-02 17:10:00,0.0
2020-08-02 17:10:00,0.0
2020-08-02 17:10:00,0.0
2020-08-02 17:10:00,0.0
2020-08-02 17:10:00,0.0
2020-08-02 17:10:00,0.0
2020-08-02 17:10:00,0.0
2020-08-02 17:10:00,0.0
2020-08-02 17:10:00,0.0
2020-08-02 17:25:00,647.99
2020-08-02 17:25:00,647.99
2020-08-02 17:25:00,647.99
2020-08-02 17:25:00,647.99
2020-08-02 17:25:00,647.99
2020-08-02 17:25:00,647.99
2020-08-02 17:25:00,647.99
2020-08-02 17:25:00,647.99
2020-08-02 17:25:00,647.99
2020-08-02 17:25:00,647.99
2020-08-02 17:40:00,1296.28
2020-08-02 17:40:00,1296.28
2020-08-02 17:40:00,1296.28
2020-08-02 17:40:00,1296.28
2020-08-02 17:40:00,1296.28
2020-08-02 17:40:00,1296.28
2020-08-02 17:40:00,1296.28
2020-08-02 17:40:00,1296.28
2020-08-02 17:40:00,1296.28
2020-08-02 17:40:00,1296.28
2020-08-02 17:55:00,1316.18
2020-08-02 17:55:00,1316.18
2020-08-02 17:55:00,1316.18
2020-08-02 17:55:00,1316.18
2020-08-02 17:55:00,1316.18
2020-08-02 17:55:00,1316.18
2020-08-02 17:55:00,1316.18
2020-08-02 17:55:00,1316.18
2020-08-02 17:55:00,1316.18
2020-08-02 17:55:00,1316.18
2020-08-02 18:10:00,1336.09
2020-08-02 18:10:00,1336.09
2020-08-02 18:10:00,1336.09
2020-08-02 18:10:00,1336.09
2020-08-02 18:10:00,1336.09
2020-08-02 18:10:00,1336.09
2020-08-02 18:10:00,1336.09
2020-08-02 18:10:00,1336.09
2020-08-02 18:10:00,1336.09
2020-08-02 18:10:00,1336.09
2020-08-02 18:25:00,1297.48
2020-08-02 18:25:00,1297.48
2020-08-02 18:25:00,1297.48
2020-08-02 18:25:00,1297.48
2020-08-02 18:25:00,1297.48
2020-08-02 18:25:00,1297.48
2020-08-02 18:25:00,1297.48
2020-08-02 18:25:00,1297.48
2020-08-02 18:25:00,1297.48
2020-08-02 18:25:00,1297.48
2020-08-02 18:40:00,1258.88
2020-08-02 18:40:00,1258.88
2020-08-02 18:40:00,1258.88
2020-08-02 18:40:00,1258.88
2020-08-02 18:40:00,1258.88
2020-08-02 18:40:00,1258.88
2020-08-02 18:40:00,1258.88
2020-08-02 18:40:00,1258.88
2020-08-02 18:40:00,1258.88
2020-08-02 18:40:00,1258.88
2020-08-02 18:55:00,1243.81
2020-08-02 18:55:00,1243.81
2020-08-02 18:55:00,1243.81
2020-08-02 18:55:00,1243.81
2020-08-02 18:55:00,1243.81
2020-08-02 18:55:00,1243.81
2020-08-02 18:55:00,1243.81
2020-08-02 18:55:00,1243.81
2020-08-02 18:55:00,1243.81
2020-08-02 18:55:00,1243.81
2020-08-02 19:10:00,1228.74
2020-08-02 19:10:00,1228.74
2020-08-02 19:10:00,1228.74
2020-08-02 19:10:00,1228.74
2020-08-02 19:10:00,1228.74
2020-08-02 19:10:00,1228.74
2020-08-02 19:10:00,1228.74
2020-08-02 19:10:00,1228.74
2020-08-02 19:10:00,1228.74
2020-08-02 19:10:00,1228.74
2020-08-02 19:25:00,1159.2
2020-08-02 19:25:00,1159.2
2020-08-02 19:25:00,1159.2
2020-08-02 19:25:00,1159.2
2020-08-02 19:25:00,1159.2
2020-08-02 19:25:00,1159.2
2020-08-02 19:25:00,1159.2
2020-08-02 19:25:00,1159.2
2020-08-02 19:25:00,1159.2
2020-08-02 19:25:00,1159.2
2020-08-02 19:40:00,1089.66
2020-08-02 19:40:00,1089.66
2020-08-02 19:40:00,1089.66
2020-08-02 19:40:00,1089.66
2020-08-02 19:40:00,1089.66
2020-08-02 19:40:00,1089.66
2020-08-02 19:40:00,1089.66
2020-08-02 19:40:00,1089.66
2020-08-02 19:40:00,1089.66
2020-08-02 19:40:00,1089.66
2020-08-02 19:55:00,1097.44
2020-08-02 19:55:00,1097.44
2020-08-02 19:55:00,1097.44
2020-08-02 19:55:00,1097.44
2020-08-02 19:55:00,1097.44
2020-08-02 19:55:00,1097.44
2020-08-02 19:55:00,1097.44
2020-08-02 19:55:00,1097.44
2020-08-02 19:55:00,1097.44
2020-08-02 19:55:00,1097.44
2020-08-02 20:10:00,1105.21
2020-08-02 20:10:00,1105.21
2020-08-02 20:10:00,1105.21
2020-08-02 20:10:00,1105.21
2020-08-02 20:10:00,1105.21
2020-08-02 20:10:00,1105.21
2020-08-02 20:10:00,1105.21
2020-08-02 20:10:00,1105.21
2020-08-02 20:10:00,1105.21
2020-08-02 20:10:00,1105.21
2020-08-02 20:25:00,965.81
2020-08-02 20:25:00,965.81
2020-08-02 20:25:00,965.81
2020-08-02 20:25:00,965.81
2020-08-02 20:25:00,965.81
2020-08-02 20:25:00,965.81
2020-08-02 20:25:00,965.81
2020-08-02 20:25:00,965.81
2020-08-02 20:25:00,965.81
2020-08-02 20:25:00,965.81
2020-08-02 20:40:00,826.41
2020-08-02 20:40:00,826.41
2020-08-02 20:40:00,826.41
2020-08-02 20:40:00,826.41
2020-08-02 20:40:00,826.41
2020-08-02 20:40:00,826.41
2020-08-02 20:40:00,826.41
2020-08-02 20:40:00,826.41
2020-08-02 20:40:00,826.41
2020-08-02 20:40:00,826.41
2020-08-02 20:55:00,908.78
2020-08-02 20:55:00,908.78
2020-08-02 20:55:00,908.78
2020-08-02 20:55:00,908.78
2020-08-02 20:55:00,908.78
2020-08-02 20:55:00,908.78
2020-08-02 20:55:00,908.78
2020-08-02 20:55:00,908.78
2020-08-02 20:55:00,908.78
2020-08-02 20:55:00,908.78
2020-08-02 21:10:00,991.15
2020-08-02 21:10:00,991.15
2020-08-02 21:10:00,991.15
2020-08-02 21:10:00,991.15
2020-08-02 21:10:00,991.15
2020-08-02 21:10:00,991.15
2020-08-02 21:10:00,991.15
2020-08-02 21:10:00,991.15
2020-08-02 21:10:00,991.15
2020-08-02 21:10:00,991.15
2020-08-02 21:25:00,1065.72
2020-08-02 21:25:00,1065.72
2020-08-02 21:25:00,1065.72
2020-08-02 21:25:00,1065.72
2020-08-02 21:25:00,1065.72
2020-08-02 21:25:00,1065.72
2020-08-02 21:25:00,1065.72
2020-08-02 21:25:00,1065.72
2020-08-02 21:25:00,1065.72
2020-08-02 21:25:00,1065.72
2020-08-02 21:40:00,1140.29
2020-08-02 21:40:00,1140.29
2020-08-02 21:40:00,1140.29
2020-08-02 21:40:00,1140.29
2020-08-02 21:40:00,1140.29
2020-08-02 21:40:00,1140.29
2020-08-02 21:40:00,1140.29
2020-08-02 21:40:00,1140.29
2020-08-02 21:40:00,1140.29
2020-08-02 21:40:00,1140.29
2020-08-02 21:55:00,1165.84
2020-08-02 21:55:00,1165.84
2020-08-02 21:55:00,1165.84
2020-08-02 21:55:00,1165.84
2020-08-02 21:55:00,1165.84
2020-08-02 21:55:00,1165.84
2020-08-02 21:55:00,1165.84
2020-08-02 21:55:00,1165.84
2020-08-02 21:55:00,1165.84
2020-08-02 21:55:00,1165.84
2020-08-02 22:10:00,1191.39
2020-08-02 22:10:00,1191.39
2020-08-02 22:10:00,1191.39
2020-08-02 22:10:00,1191.39
2020-08-02 22:10:00,1191.39
2020-08-02 22:10:00,1191.39
2020-08-02 22:10:00,1191.39
2020-08-02 22:10:00,1191.39
2020-08-02 22:10:00,1191.39
2020-08-02 22:10:00,1191.39
2020-08-02 22:25:00,1170.93
2020-08-02 22:25:00,1170.93
2020-08-02 22:25:00,1170.93
2020-08-02 22:25:00,1170.93
2020-08-02 22:25:00,1170.93
2020-08-02 22:25:00,1170.93
2020-08-02 22:25:00,1170.93
2020-08-02 22:25:00,1170.93
2020-08-02 22:25:00,1170.93
2020-08-02 22:25:00,1170.93
2020-08-02 22:40:00,1150.47
2020-08-02 22:40:00,1150.47
2020-08-02 22:40:00,1150.47
2020-08-02 22:40:00,1150.47
2020-08-02 22:40:00,1150.47
2020-08-02 22:40:00,1150.47
2020-08-02 22:40:00,1150.47
2020-08-02 22:40:00,1150.47
2020-08-02 22:40:00,1150.47
2020-08-02 22:40:00,1150.47
2020-08-02 22:55:00,1117.36
2020-08-02 22:55:00,1117.36
2020-08-02 22:55:00,1117.36
2020-08-02 22:55:00,1117.36
2020-08-02 22:55:00,1117.36
2020-08-02 22:55:00,1117.36
2020-08-02 22:55:00,1117.36
2020-08-02 22:55:00,1117.36
2020-08-02 22:55:00,1117.36
2020-08-02 22:55:00,1117.36
2020-08-02 23:10:00,1084.26
2020-08-02 23:10:00,1084.26
2020-08-02 23:10:00,1084.26
2020-08-02 23:10:00,1084.26
2020-08-02 23:10:00,1084.26
2020-08-02 23:10:00,1084.26
2020-08-02 23:10:00,1084.26
2020-08-02 23:10:00,1084.26
2020-08-02 23:10:00,1084.26
2020-08-02 23:10:00,1084.26
2020-08-02 23:25:00,1133.51
2020-08-02 23:25:00,1133.51
2020-08-02 23:25:00,1133.51
2020-08-02 23:25:00,1133.51
2020-08-02 23:25:00,1133.51
2020-08-02 23:25:00,1133.51
2020-08-02 23:25:00,1133.51
2020-08-02 23:25:00,1133.51
2020-08-02 23:25:00,1133.51
2020-08-02 23:25:00,1133.51
2020-08-02 23:40:00,1182.76
2020-08-02 23:40:00,1182.76
2020-08-02 23:40:00,1182.76
2020-08-02 23:40:00,1182.76
2020-08-02 23:40:00,1182.76
2020-08-02 23:40:00,1182.76
2020-08-02 23:40:00,1182.76
2020-08-02 23:40:00,1182.76
2020-08-02 23:40:00,1182.76
2020-08-02 23:40:00,1182.76
2020-08-02 23:55:00,1223.06
2020-08-02 23:55:00,1223.06
2020-08-02 23:55:00,1223.06
2020-08-02 23:55:00,1223.06
2020-08-02 23:55:00,1223.06
2020-08-02 23:55:00,1223.06
2020-08-02 23:55:00,1223.06
2020-08-02 23:55:00,1223.06
2020-08-02 23:55:00,1223.06
2020-08-02 23:55:00,1223.06
2020-08-03 00:10:00,1263.35
2020-08-03 00:10:00,1263.35
2020-08-03 00:10:00,1263.35
2020-08-03 00:10:00,1263.35
2020-08-03 00:10:00,1263.35
2020-08-03 00:10:00,1263.35
2020-08-03 00:10:00,1263.35
2020-08-03 00:10:00,1263.35
2020-08-03 00:10:00,1263.35
2020-08-03 00:10:00,1263.35
2020-08-03 00:25:00,1164.57
2020-08-03 00:25:00,1164.57
2020-08-03 00:25:00,1164.57
2020-08-03 00:25:00,1164.57
2020-08-03 00:25:00,1164.57
2020-08-03 00:25:00,1164.57
2020-08-03 00:25:00,1164.57
2020-08-03 00:25:00,1164.57
2020-08-03 00:25:00,1164.57
2020-08-03 00:25:00,1164.57
2020-08-03 00:40:00,1065.8
2020-08-03 00:40:00,1065.8
2020-08-03 00:40:00,1065.8
2020-08-03 00:40:00,1065.8
2020-08-03 00:40:00,1065.8
2020-08-03 00:40:00,1065.8
2020-08-03 00:40:00,1065.8
2020-08-03 00:40:00,1065.8
2020-08-03 00:40:00,1065.8
2020-08-03 00:40:00,1065.8
2020-08-03 00:55:00,1025.14
2020-08-03 00:55:00,1025.14
2020-08-03 00:55:00,1025.14
2020-08-03 00:55:00,1025.14
2020-08-03 00:55:00,1025.14
2020-08-03 00:55:00,1025.14
2020-08-03 00:55:00,1025.14
2020-08-03 00:55:00,1025.14
2020-08-03 00:55:00,1025.14
2020-08-03 00:55:00,1025.14
2020-08-03 01:10:00,984.49
2020-08-03 01:10:00,984.49
2020-08-03 01:10:00,984.49
2020-08-03 01:10:00,984.49
2020-08-03 01:10:00,984.49
2020-08-03 01:10:00,984.49
2020-08-03 01:10:00,984.49
2020-08-03 01:10:00,984.49
2020-08-03 01:10:00,984.49
2020-08-03 01:10:00,984.49
2020-08-03 01:25:00,937.4
2020-08-03 01:25:00,937.4
2020-08-03 01:25:00,937.4
2020-08-03 01:25:00,937.4
2020-08-03 01:25:00,937.4
2020-08-03 01:25:00,937.4
2020-08-03 01:25:00,937.4
2020-08-03 01:25:00,937.4
2020-08-03 01:25:00,937.4
2020-08-03 01:25:00,937.4
2020-08-03 01:40:00,890.31
2020-08-03 01:40:00,890.31
2020-08-03 01:40:00,890.31
2020-08-03 01:40:00,890.31
2020-08-03 01:40:00,890.31
2020-08-03 01:40:00,890.31
2020-08-03 01:40:00,890.31
2020-08-03 01:40:00,890.31
2020-08-03 01:40:00,890.31
2020-08-03 01:40:00,890.31
2020-08-03 01:55:00,864.77
2020-08-03 01:55:00,864.77
2020-08-03 01:55:00,864.77
2020-08-03 01:55:00,864.77
2020-08-03 01:55:00,864.77
2020-08-03 01:55:00,864.77
2020-08-03 01:55:00,864.77
2020-08-03 01:55:00,864.77
2020-08-03 01:55:00,864.77
2020-08-03 01:55:00,864.77
2020-08-03 02:10:00,839.23
2020-08-03 02:10:00,839.23
2020-08-03 02:10:00,839.23
2020-08-03 02:10:00,839.23
2020-08-03 02:10:00,839.23
2020-08-03 02:10:00,839.23
2020-08-03 02:10:00,839.23
2020-08-03 02:10:00,839.23
2020-08-03 02:10:00,839.23
2020-08-03 02:10:00,839.23
2020-08-03 02:25:00,868.82
2020-08-03 02:25:00,868.82
2020-08-03 02:25:00,868.82
2020-08-03 02:25:00,868.82
2020-08-03 02:25:00,868.82
2020-08-03 02:25:00,868.82
2020-08-03 02:25:00,868.82
2020-08-03 02:25:00,868.82
2020-08-03 02:25:00,868.82
2020-08-03 02:25:00,868.82
2020-08-03 02:40:00,898.42
2020-08-03 02:40:00,898.42
2020-08-03 02:40:00,898.42
2020-08-03 02:40:00,898.42
2020-08-03 02:40:00,898.42
2020-08-03 02:40:00,898.42
2020-08-03 02:40:00,898.42
2020-08-03 02:40:00,898.42
2020-08-03 02:40:00,898.42
2020-08-03 02:40:00,898.42
2020-08-03 02:55:00,1025.34
2020-08-03 02:55:00,1025.34
2020-08-03 02:55:00,1025.34
2020-08-03 02:55:00,1025.34
2020-08-03 02:55:00,1025.34
2020-08-03 02:55:00,1025.34
2020-08-03 02:55:00,1025.34
2020-08-03 02:55:00,1025.34
2020-08-03 02:55:00,1025.34
2020-08-03 02:55:00,1025.34
2020-08-03 03:10:00,1152.27
2020-08-03 03:10:00,1152.27
2020-08-03 03:10:00,1152.27
2020-08-03 03:10:00,1152.27
2020-08-03 03:10:00,1152.27
2020-08-03 03:10:00,1152.27
2020-08-03 03:10:00,1152.27
2020-08-03 03:10:00,1152.27
2020-08-03 03:10:00,1152.27
2020-08-03 03:10:00,1152.27
2020-08-03 03:25:00,1115.1
2020-08-03 03:25:00,1115.1
2020-08-03 03:25:00,1115.1
2020-08-03 03:25:00,1115.1
2020-08-03 03:25:00,1115.1
2020-08-03 03:25:00,1115.1
2020-08-03 03:25:00,1115.1
2020-08-03 03:25:00,1115.1
2020-08-03 03:25:00,1115.1
2020-08-03 03:25:00,1115.1
2020-08-03 03:40:00,1077.94
2020-08-03 03:40:00,1077.94
2020-08-03 03:40:00,1077.94
2020-08-03 03:40:00,1077.94
2020-08-03 03:40:00,1077.94
2020-08-03 03:40:00,1077.94
2020-08-03 03:40:00,1077.94
2020-08-03 03:40:00,1077.94
2020-08-03 03:40:00,1077.94
2020-08-03 03:40:00,1077.94
2020-08-03 03:55:00,1064.63
2020-08-03 03:55:00,1064.63
2020-08-03 03:55:00,1064.63
2020-08-03 03:55:00,1064.63
2020-08-03 03:55:00,1064.63
2020-08-03 03:55:00,1064.63
2020-08-03 03:55:00,1064.63
2020-08-03 03:55:00,1064.63
2020-08-03 03:55:00,1064.63
2020-08-03 03:55:00,1064.63
2020-08-03 04:10:00,1051.32
2020-08-03 04:10:00,1051.32
2020-08-03 04:10:00,1051.32
2020-08-03 04:10:00,1051.32
2020-08-03 04:10:00,1051.32
2020-08-03 04:10:00,1051.32
2020-08-03 04:10:00,1051.32
2020-08-03 04:10:00,1051.32
2020-08-03 04:10:00,1051.32
2020-08-03 04:10:00,1051.32
2020-08-03 04:25:00,1188.32
2020-08-03 04:25:00,1188.32
2020-08-03 04:25:00,1188.32
2020-08-03 04:25:00,1188.32
2020-08-03 04:25:00,1188.32
2020-08-03 04:25:00,1188.32
2020-08-03 04:25:00,1188.32
2020-08-03 04:25:00,1188.32
2020-08-03 04:25:00,1188.32
2020-08-03 04:25:00,1188.32
2020-08-03 04:40:00,1325.32
2020-08-03 04:40:00,1325.32
2020-08-03 04:40:00,1325.32
2020-08-03 04:40:00,1325.32
2020-08-03 04:40:00,1325.32
2020-08-03 04:40:00,1325.32
2020-08-03 04:40:00,1325.32
2020-08-03 04:40:00,1325.32
2020-08-03 04:40:00,1325.32
2020-08-03 04:40:00,1325.32
2020-08-03 04:55:00,1354.82
2020-08-03 04:55:00,1354.82
2020-08-03 04:55:00,1354.82
2020-08-03 04:55:00,1354.82
2020-08-03 04:55:00,1354.82
2020-08-03 04:55:00,1354.82
2020-08-03 04:55:00,1354.82
2020-08-03 04:55:00,1354.82
2020-08-03 04:55:00,1354.82
2020-08-03 04:55:00,1354.82
2020-08-03 05:10:00,1384.33
2020-08-03 05:10:00,1384.33
2020-08-03 05:10:00,1384.33
2020-08-03 05:10:00,1384.33
2020-08-03 05:10:00,1384.33
2020-08-03 05:10:00,1384.33
2020-08-03 05:10:00,1384.33
2020-08-03 05:10:00,1384.33
2020-08-03 05:10:00,1384.33
2020-08-03 05:10:00,1384.33
2020-08-03 05:25:00,1258.72
2020-08-03 05:25:00,1258.72
2020-08-03 05:25:00,1258.72
2020-08-03 05:25:00,1258.72
2020-08-03 05:25:00,1258.72
2020-08-03 05:25:00,1258.72
2020-08-03 05:25:00,1258.72
2020-08-03 05:25:00,1258.72
2020-08-03 05:25:00,1258.72
2020-08-03 05:25:00,1258.72
2020-08-03 05:40:00,1133.1
2020-08-03 05:40:00,1133.1
2020-08-03 05:40:00,1133.1
2020-08-03 05:40:00,1133.1
2020-08-03 05:40:00,1133.1
2020-08-03 05:40:00,1133.1
2020-08-03 05:40:00,1133.1
2020-08-03 05:40:00,1133.1
2020-08-03 05:40:00,1133.1
2020-08-03 05:40:00,1133.1
2020-08-03 05:55:00,1071.05
2020-08-03 05:55:00,1071.05
2020-08-03 05:55:00,1071.05
2020-08-03 05:55:00,1071.05
2020-08-03 05:55:00,1071.05
2020-08-03 05:55:00,1071.05
2020-08-03 05:55:00,1071.05
2020-08-03 05:55:00,1071.05
2020-08-03 05:55:00,1071.05
2020-08-03 05:55:00,1071.05
2020-08-03 06:10:00,1008.99
2020-08-03 06:10:00,1008.99
2020-08-03 06:10:00,1008.99
2020-08-03 06:10:00,1008.99
2020-08-03 06:10:00,1008.99
2020-08-03 06:10:00,1008.99
2020-08-03 06:10:00,1008.99
2020-08-03 06:10:00,1008.99
2020-08-03 06:10:00,1008.99
2020-08-03 06:10:00,1008.99
2020-08-03 06:25:00,1093.26
2020-08-03 06:25:00,1093.26
2020-08-03 06:25:00,1093.26
2020-08-03 06:25:00,1093.26
2020-08-03 06:25:00,1093.26
2020-08-03 06:25:00,1093.26
2020-08-03 06:25:00,1093.26
2020-08-03 06:25:00,1093.26
2020-08-03 06:25:00,1093.26
2020-08-03 06:25:00,1093.26
2020-08-03 06:40:00,1177.54
2020-08-03 06:40:00,1177.54
2020-08-03 06:40:00,1177.54
2020-08-03 06:40:00,1177.54
2020-08-03 06:40:00,1177.54
2020-08-03 06:40:00,1177.54
2020-08-03 06:40:00,1177.54
2020-08-03 06:40:00,1177.54
2020-08-03 06:40:00,1177.54
2020-08-03 06:40:00,1177.54
2020-08-03 06:55:00,1136.58
2020-08-03 06:55:00,1136.58
2020-08-03 06:55:00,1136.58
2020-08-03 06:55:00,1136.58
2020-08-03 06:55:00,1136.58
2020-08-03 06:55:00,1136.58
2020-08-03 06:55:00,1136.58
2020-08-03 06:55:00,1136.58
2020-08-03 06:55:00,1136.58
2020-08-03 06:55:00,1136.58
2020-08-03 07:10:00,1095.62
2020-08-03 07:10:00,1095.62
2020-08-03 07:10:00,1095.62
2020-08-03 07:10:00,1095.62
2020-08-03 07:10:00,1095.62
2020-08-03 07:10:00,1095.62
2020-08-03 07:10:00,1095.62
2020-08-03 07:10:00,1095.62
2020-08-03 07:10:00,1095.62
2020-08-03 07:10:00,1095.62
2020-08-03 07:25:00,1092.74
2020-08-03 07:25:00,1092.74
2020-08-03 07:25:00,1092.74
2020-08-03 07:25:00,1092.74
2020-08-03 07:25:00,1092.74
2020-08-03 07:25:00,1092.74
2020-08-03 07:25:00,1092.74
2020-08-03 07:25:00,1092.74
2020-08-03 07:25:00,1092.74
2020-08-03 07:25:00,1092.74
2020-08-03 07:40:00,1089.87
2020-08-03 07:40:00,1089.87
2020-08-03 07:40:00,1089.87
2020-08-03 07:40:00,1089.87
2020-08-03 07:40:00,1089.87
2020-08-03 07:40:00,1089.87
2020-08-03 07:40:00,1089.87
2020-08-03 07:40:00,1089.87
2020-08-03 07:40:00,1089.87
2020-08-03 07:40:00,1089.87
2020-08-03 07:55:00,1085.4
2020-08-03 07:55:00,1085.4
2020-08-03 07:55:00,1085.4
2020-08-03 07:55:00,1085.4
2020-08-03 07:55:00,1085.4
2020-08-03 07:55:00,1085.4
2020-08-03 07:55:00,1085.4
2020-08-03 07:55:00,1085.4
2020-08-03 07:55:00,1085.4
2020-08-03 07:55:00,1085.4
2020-08-03 08:10:00,1080.93
2020-08-03 08:10:00,1080.93
2020-08-03 08:10:00,1080.93
2020-08-03 08:10:00,1080.93
2020-08-03 08:10:00,1080.93
2020-08-03 08:10:00,1080.93
2020-08-03 08:10:00,1080.93
2020-08-03 08:10:00,1080.93
2020-08-03 08:10:00,1080.93
2020-08-03 08:10:00,1080.93
2020-08-03 08:25:00,1196.34
2020-08-03 08:25:00,1196.34
2020-08-03 08:25:00,1196.34
2020-08-03 08:25:00,1196.34
2020-08-03 08:25:00,1196.34
2020-08-03 08:25:00,1196.34
2020-08-03 08:25:00,1196.34
2020-08-03 08:25:00,1196.34
2020-08-03 08:25:00,1196.34
2020-08-03 08:25:00,1196.34
2020-08-03 08:40:00,1311.75
2020-08-03 08:40:00,1311.75
2020-08-03 08:40:00,1311.75
2020-08-03 08:40:00,1311.75
2020-08-03 08:40:00,1311.75
2020-08-03 08:40:00,1311.75
2020-08-03 08:40:00,1311.75
2020-08-03 08:40:00,1311.75
2020-08-03 08:40:00,1311.75
2020-08-03 08:40:00,1311.75
2020-08-03 08:55:00,1201.94
2020-08-03 08:55:00,1201.94
2020-08-03 08:55:00,1201.94
2020-08-03 08:55:00,1201.94
2020-08-03 08:55:00,1201.94
2020-08-03 08:55:00,1201.94
2020-08-03 08:55:00,1201.94
2020-08-03 08:55:00,1201.94
2020-08-03 08:55:00,1201.94
2020-08-03 08:55:00,1201.94
2020-08-03 09:10:00,1092.13
2020-08-03 09:10:00,1092.13
2020-08-03 09:10:00,1092.13
2020-08-03 09:10:00,1092.13
2020-08-03 09:10:00,1092.13
2020-08-03 09:10:00,1092.13
2020-08-03 09:10:00,1092.13
2020-08-03 09:10:00,1092.13
2020-08-03 09:10:00,1092.13
2020-08-03 09:10:00,1092.13
2020-08-03 09:25:00,1066.38
2020-08-03 09:25:00,1066.38
2020-08-03 09:25:00,1066.38
2020-08-03 09:25:00,1066.38
2020-08-03 09:25:00,1066.38
2020-08-03 09:25:00,1066.38
2020-08-03 09:25:00,1066.38
2020-08-03 09:25:00,1066.38
2020-08-03 09:25:00,1066.38
2020-08-03 09:25:00,1066.38
2020-08-03 09:40:00,1040.64
2020-08-03 09:40:00,1040.64
2020-08-03 09:40:00,1040.64
2020-08-03 09:40:00,1040.64
2020-08-03 09:40:00,1040.64
2020-08-03 09:40:00,1040.64
2020-08-03 09:40:00,1040.64
2020-08-03 09:40:00,1040.64
2020-08-03 09:40:00,1040.64
2020-08-03 09:40:00,1040.64
2020-08-03 09:55:00,894.04
2020-08-03 09:55:00,894.04
2020-08-03 09:55:00,894.04
2020-08-03 09:55:00,894.04
2020-08-03 09:55:00,894.04
2020-08-03 09:55:00,894.04
2020-08-03 09:55:00,894.04
2020-08-03 09:55:00,894.04
2020-08-03 09:55:00,894.04
2020-08-03 09:55:00,894.04
2020-08-03 10:10:00,747.43
2020-08-03 10:10:00,747.43
2020-08-03 10:10:00,747.43
2020-08-03 10:10:00,747.43
2020-08-03 10:10:00,747.43
2020-08-03 10:10:00,747.43
2020-08-03 10:10:00,747.43
2020-08-03 10:10:00,747.43
2020-08-03 10:10:00,747.43
2020-08-03 10:10:00,747.43
2020-08-03 10:25:00,817.74
2020-08-03 10:25:00,817.74
2020-08-03 10:25:00,817.74
2020-08-03 10:25:00,817.74
2020-08-03 10:25:00,817.74
2020-08-03 10:25:00,817.74
2020-08-03 10:25:00,817.74
2020-08-03 10:25:00,817.74
2020-08-03 10:25:00,817.74
2020-08-03 10:25:00,817.74
2020-08-03 10:40:00,888.06
2020-08-03 10:40:00,888.06
2020-08-03 10:40:00,888.06
2020-08-03 10:40:00,888.06
2020-08-03 10:40:00,888.06
2020-08-03 10:40:00,888.06
2020-08-03 10:40:00,888.06
2020-08-03 10:40:00,888.06
2020-08-03 10:40:00,888.06
2020-08-03 10:40:00,888.06
2020-08-03 10:55:00,1011.15
2020-08-03 10:55:00,1011.15
2020-08-03 10:55:00,1011.15
2020-08-03 10:55:00,1011.15
2020-08-03 10:55:00,1011.15
2020-08-03 10:55:00,1011.15
2020-08-03 10:55:00,1011.15
2020-08-03 10:55:00,1011.15
2020-08-03 10:55:00,1011.15
2020-08-03 10:55:00,1011.15
2020-08-03 11:10:00,1134.24
2020-08-03 11:10:00,1134.24
2020-08-03 11:10:00,1134.24
2020-08-03 11:10:00,1134.24
2020-08-03 11:10:00,1134.24
2020-08-03 11:10:00,1134.24
2020-08-03 11:10:00,1134.24
2020-08-03 11:10:00,1134.24
2020-08-03 11:10:00,1134.24
2020-08-03 11:10:00,1134.24
2020-08-03 11:25:00,1069.19
2020-08-03 11:25:00,1069.19
2020-08-03 11:25:00,1069.19
2020-08-03 11:25:00,1069.19
2020-08-03 11:25:00,1069.19
2020-08-03 11:25:00,1069.19
2020-08-03 11:25:00,1069.19
2020-08-03 11:25:00,1069.19
2020-08-03 11:25:00,1069.19
2020-08-03 11:25:00,1069.19
2020-08-03 11:40:00,1004.13
2020-08-03 11:40:00,1004.13
2020-08-03 11:40:00,1004.13
2020-08-03 11:40:00,1004.13
2020-08-03 11:40:00,1004.13
2020-08-03 11:40:00,1004.13
2020-08-03 11:40:00,1004.13
2020-08-03 11:40:00,1004.13
2020-08-03 11:40:00,1004.13
2020-08-03 11:40:00,1004.13
2020-08-03 11:55:00,1013.75
2020-08-03 11:55:00,1013.75
2020-08-03 11:55:00,1013.75
2020-08-03 11:55:00,1013.75
2020-08-03 11:55:00,1013.75
2020-08-03 11:55:00,1013.75
2020-08-03 11:55:00,1013.75
2020-08-03 11:55:00,1013.75
2020-08-03 11:55:00,1013.75
2020-08-03 11:55:00,1013.75
2020-08-03 12:10:00,1023.37
2020-08-03 12:10:00,1023.37
2020-08-03 12:10:00,1023.37
2020-08-03 12:10:00,1023.37
2020-08-03 12:10:00,1023.37
2020-08-03 12:10:00,1023.37
2020-08-03 12:10:00,1023.37
2020-08-03 12:10:00,1023.37
2020-08-03 12:10:00,1023.37
2020-08-03 12:10:00,1023.37
2020-08-03 12:25:00,1047.2
2020-08-03 12:25:00,1047.2
2020-08-03 12:25:00,1047.2
2020-08-03 12:25:00,1047.2
2020-08-03 12:25:00,1047.2
2020-08-03 12:25:00,1047.2
2020-08-03 12:25:00,1047.2
2020-08-03 12:25:00,1047.2
2020-08-03 12:25:00,1047.2
2020-08-03 12:25:00,1047.2
2020-08-03 12:40:00,1071.04
2020-08-03 12:40:00,1071.04
2020-08-03 12:40:00,1071.04
2020-08-03 12:40:00,1071.04
2020-08-03 12:40:00,1071.04
2020-08-03 12:40:00,1071.04
2020-08-03 12:40:00,1071.04
2020-08-03 12:40:00,1071.04
2020-08-03 12:40:00,1071.04
2020-08-03 12:40:00,1071.04
2020-08-03 12:55:00,1101.14
2020-08-03 12:55:00,1101.14
2020-08-03 12:55:00,1101.14
2020-08-03 12:55:00,1101.14
2020-08-03 12:55:00,1101.14
2020-08-03 12:55:00,1101.14
2020-08-03 12:55:00,1101.14
2020-08-03 12:55:00,1101.14
2020-08-03 12:55:00,1101.14
2020-08-03 12:55:00,1101.14
2020-08-03 13:10:00,1131.25
2020-08-03 13:10:00,1131.25
2020-08-03 13:10:00,1131.25
2020-08-03 13:10:00,1131.25
2020-08-03 13:10:00,1131.25
2020-08-03 13:10:00,1131.25
2020-08-03 13:10:00,1131.25
2020-08-03 13:10:00,1131.25
2020-08-03 13:10:00,1131.25
2020-08-03 13:10:00,1131.25
2020-08-03 13:25:00,1118.42
2020-08-03 13:25:00,1118.42
2020-08-03 13:25:00,1118.42
2020-08-03 13:25:00,1118.42
2020-08-03 13:25:00,1118.42
2020-08-03 13:25:00,1118.42
2020-08-03 13:25:00,1118.42
2020-08-03 13:25:00,1118.42
2020-08-03 13:25:00,1118.42
2020-08-03 13:25:00,1118.42
2020-08-03 13:40:00,1105.58
2020-08-03 13:40:00,1105.58
2020-08-03 13:40:00,1105.58
2020-08-03 13:40:00,1105.58
2020-08-03 13:40:00,1105.58
2020-08-03 13:40:00,1105.58
2020-08-03 13:40:00,1105.58
2020-08-03 13:40:00,1105.58
2020-08-03 13:40:00,1105.58
2020-08-03 13:40:00,1105.58
2020-08-03 13:55:00,1149.0
2020-08-03 13:55:00,1149.0
2020-08-03 13:55:00,1149.0
2020-08-03 13:55:00,1149.0
2020-08-03 13:55:00,1149.0
2020-08-03 13:55:00,1149.0
2020-08-03 13:55:00,1149.0
2020-08-03 13:55:00,1149.0
2020-08-03 13:55:00,1149.0
2020-08-03 13:55:00,1149.0
2020-08-03 14:10:00,1192.41
2020-08-03 14:10:00,1192.41
2020-08-03 14:10:00,1192.41
2020-08-03 14:10:00,1192.41
2020-08-03 14:10:00,1192.41
2020-08-03 14:10:00,1192.41
2020-08-03 14:10:00,1192.41
2020-08-03 14:10:00,1192.41
2020-08-03 14:10:00,1192.41
2020-08-03 14:10:00,1192.41
2020-08-03 14:25:00,1197.78
2020-08-03 14:25:00,1197.78
2020-08-03 14:25:00,1197.78
2020-08-03 14:25:00,1197.78
2020-08-03 14:25:00,1197.78
2020-08-03 14:25:00,1197.78
2020-08-03 14:25:00,1197.78
2020-08-03 14:25:00,1197.78
2020-08-03 14:25:00,1197.78
2020-08-03 14:25:00,1197.78
2020-08-03 14:40:00,1203.15
2020-08-03 14:40:00,1203.15
2020-08-03 14:40:00,1203.15
2020-08-03 14:40:00,1203.15
2020-08-03 14:40:00,1203.15
2020-08-03 14:40:00,1203.15
2020-08-03 14:40:00,1203.15
2020-08-03 14:40:00,1203.15
2020-08-03 14:40:00,1203.15
2020-08-03 14:40:00,1203.15
2020-08-03 14:55:00,1341.22
2020-08-03 14:55:00,1341.22
2020-08-03 14:55:00,1341.22
2020-08-03 14:55:00,1341.22
2020-08-03 14:55:00,1341.22
2020-08-03 14:55:00,1341.22
2020-08-03 14:55:00,1341.22
2020-08-03 14:55:00,1341.22
2020-08-03 14:55:00,1341.22
2020-08-03 14:55:00,1341.22
2020-08-03 15:10:00,1345.9055
2020-08-03 15:10:00,1345.9055
2020-08-03 15:10:00,1345.9055
2020-08-03 15:10:00,1345.9055
2020-08-03 15:10:00,1345.9055
2020-08-03 15:10:00,1345.9055
2020-08-03 15:10:00,1345.9055
2020-08-03 15:10:00,1345.9055
2020-08-03 15:10:00,1345.9055
2020-08-03 15:10:00,1345.9055
2020-08-03 15:25:00,1350.5911
2020-08-03 15:25:00,1350.5911
2020-08-03 15:25:00,1350.5911
2020-08-03 15:25:00,1350.5911
2020-08-03 15:25:00,1350.5911
2020-08-03 15:25:00,1350.5911
2020-08-03 15:25:00,1350.5911
2020-08-03 15:25:00,1350.5911
2020-08-03 15:25:00,1350.5911
2020-08-03 15:25:00,1350.5911
2020-08-03 15:40:00,1355.2766
2020-08-03 15:40:00,1355.2766
2020-08-03 15:40:00,1355.2766
2020-08-03 15:40:00,1355.2766
2020-08-03 15:40:00,1355.2766
2020-08-03 15:40:00,1355.2766
2020-08-03 15:40:00,1355.2766
2020-08-03 15:40:00,1355.2766
2020-08-03 15:40:00,1355.2766
2020-08-03 15:40:00,1355.2766
2020-08-03 15:55:00,1359.9622
2020-08-03 15:55:00,1359.9622
2020-08-03 15:55:00,1359.9622
2020-08-03 15:55:00,1359.9622
2020-08-03 15:55:00,1359.9622
2020-08-03 15:55:00,1359.9622
2020-08-03 15:55:00,1359.9622
2020-08-03 15:55:00,1359.9622
2020-08-03 15:55:00,1359.9622
2020-08-03 15:55:00,1359.9622
2020-08-03 16:10:00,1364.6478
2020-08-03 16:10:00,1364.6478
2020-08-03 16:10:00,1364.6478
2020-08-03 16:10:00,1364.6478
2020-08-03 16:10:00,1364.6478
2020-08-03 16:10:00,1364.6478
2020-08-03 16:10:00,1364.6478
2020-08-03 16:10:00,1364.6478
2020-08-03 16:10:00,1364.6478
2020-08-03 16:10:00,1364.6478
2020-08-03 16:25:00,1369.3334
2020-08-03 16:25:00,1369.3334
2020-08-03 16:25:00,1369.3334
2020-08-03 16:25:00,1369.3334
2020-08-03 16:25:00,1369.3334
2020-08-03 16:25:00,1369.3334
2020-08-03 16:25:00,1369.3334
2020-08-03 16:25:00,1369.3334
2020-08-03 16:25:00,1369.3334
2020-08-03 16:25:00,1369.3334
2020-08-03 16:40:00,1374.0189
2020-08-03 16:40:00,1374.0189
2020-08-03 16:40:00,1374.0189
2020-08-03 16:40:00,1374.0189
2020-08-03 16:40:00,1374.0189
2020-08-03 16:40:00,1374.0189
2020-08-03 16:40:00,1374.0189
2020-08-03 16:40:00,1374.0189
2020-08-03 16:40:00,1374.0189
2020-08-03 16:40:00,1374.0189
2020-08-03 16:55:00,1378.7045
2020-08-03 16:55:00,1378.7045
2020-08-03 16:55:00,1378.7045
2020-08-03 16:55:00,1378.7045
2020-08-03 16:55:00,1378.7045
2020-08-03 16:55:00,1378.7045
2020-08-03 16:55:00,1378.7045
2020-08-03 16:55:00,1378.7045
2020-08-03 16:55:00,1378.7045
2020-08-03 16:55:00,1378.7045
2020-08-03 17:10:00,1383.39
2020-08-03 17:10:00,1383.39
2020-08-03 17:10:00,1383.39
2020-08-03 17:10:00,1383.39
2020-08-03 17:10:00,1383.39
2020-08-03 17:10:00,1383.39
2020-08-03 17:10:00,1383.39
2020-08-03 17:10:00,1383.39
2020-08-03 17:10:00,1383.39
2020-08-03 17:10:00,1383.39
2020-08-03 17:25:00,1338.24
2020-08-03 17:25:00,1338.24
2020-08-03 17:25:00,1338.24
2020-08-03 17:25:00,1338.24
2020-08-03 17:25:00,1338.24
2020-08-03 17:25:00,1338.24
2020-08-03 17:25:00,1338.24
2020-08-03 17:25:00,1338.24
2020-08-03 17:25:00,1338.24
2020-08-03 17:25:00,1338.24
2020-08-03 17:40:00,1293.09
2020-08-03 17:40:00,1293.09
2020-08-03 17:40:00,1293.09
2020-08-03 17:40:00,1293.09
2020-08-03 17:40:00,1293.09
2020-08-03 17:40:00,1293.09
2020-08-03 17:40:00,1293.09
2020-08-03 17:40:00,1293.09
2020-08-03 17:40:00,1293.09
2020-08-03 17:40:00,1293.09
2020-08-03 17:55:00,1285.88
2020-08-03 17:55:00,1285.88
2020-08-03 17:55:00,1285.88
2020-08-03 17:55:00,1285.88
2020-08-03 17:55:00,1285.88
2020-08-03 17:55:00,1285.88
2020-08-03 17:55:00,1285.88
2020-08-03 17:55:00,1285.88
2020-08-03 17:55:00,1285.88
2020-08-03 17:55:00,1285.88
2020-08-03 18:10:00,1278.67
2020-08-03 18:10:00,1278.67
2020-08-03 18:10:00,1278.67
2020-08-03 18:10:00,1278.67
2020-08-03 18:10:00,1278.67
2020-08-03 18:10:00,1278.67
2020-08-03 18:10:00,1278.67
2020-08-03 18:10:00,1278.67
2020-08-03 18:10:00,1278.67
2020-08-03 18:10:00,1278.67
2020-08-03 18:25:00,1155.12
2020-08-03 18:25:00,1155.12
2020-08-03 18:25:00,1155.12
2020-08-03 18:25:00,1155.12
2020-08-03 18:25:00,1155.12
2020-08-03 18:25:00,1155.12
2020-08-03 18:25:00,1155.12
2020-08-03 18:25:00,1155.12
2020-08-03 18:25:00,1155.12
2020-08-03 18:25:00,1155.12
2020-08-03 18:40:00,1031.58
2020-08-03 18:40:00,1031.58
2020-08-03 18:40:00,1031.58
2020-08-03 18:40:00,1031.58
2020-08-03 18:40:00,1031.58
2020-08-03 18:40:00,1031.58
2020-08-03 18:40:00,1031.58
2020-08-03 18:40:00,1031.58
2020-08-03 18:40:00,1031.58
2020-08-03 18:40:00,1031.58
2020-08-03 18:55:00,790.14
2020-08-03 18:55:00,790.14
2020-08-03 18:55:00,790.14
2020-08-03 18:55:00,790.14
2020-08-03 18:55:00,790.14
2020-08-03 18:55:00,790.14
2020-08-03 18:55:00,790.14
2020-08-03 18:55:00,790.14
2020-08-03 18:55:00,790.14
2020-08-03 18:55:00,790.14
2020-08-03 19:10:00,548.7
2020-08-03 19:10:00,548.7
2020-08-03 19:10:00,548.7
2020-08-03 19:10:00,548.7
2020-08-03 19:10:00,548.7
2020-08-03 19:10:00,548.7
2020-08-03 19:10:00,548.7
2020-08-03 19:10:00,548.7
2020-08-03 19:10:00,548.7
2020-08-03 19:10:00,548.7
2020-08-03 19:25:00,542.28
2020-08-03 19:25:00,542.28
2020-08-03 19:25:00,542.28
2020-08-03 19:25:00,542.28
2020-08-03 19:25:00,542.28
2020-08-03 19:25:00,542.28
2020-08-03 19:25:00,542.28
2020-08-03 19:25:00,542.28
2020-08-03 19:25:00,542.28
2020-08-03 19:25:00,542.28
2020-08-03 19:40:00,535.87
2020-08-03 19:40:00,535.87
2020-08-03 19:40:00,535.87
2020-08-03 19:40:00,535.87
2020-08-03 19:40:00,535.87
2020-08-03 19:40:00,535.87
2020-08-03 19:40:00,535.87
2020-08-03 19:40:00,535.87
2020-08-03 19:40:00,535.87
2020-08-03 19:40:00,535.87
2020-08-03 19:55:00,833.3
2020-08-03 19:55:00,833.3
2020-08-03 19:55:00,833.3
2020-08-03 19:55:00,833.3
2020-08-03 19:55:00,833.3
2020-08-03 19:55:00,833.3
2020-08-03 19:55:00,833.3
2020-08-03 19:55:00,833.3
2020-08-03 19:55:00,833.3
2020-08-03 19:55:00,833.3
2020-08-03 20:10:00,1130.74
2020-08-03 20:10:00,1130.74
2020-08-03 20:10:00,1130.74
2020-08-03 20:10:00,1130.74
2020-08-03 20:10:00,1130.74
2020-08-03 20:10:00,1130.74
2020-08-03 20:10:00,1130.74
2020-08-03 20:10:00,1130.74
2020-08-03 20:10:00,1130.74
2020-08-03 20:10:00,1130.74
2020-08-03 20:25:00,1068.07
2020-08-03 20:25:00,1068.07
2020-08-03 20:25:00,1068.07
2020-08-03 20:25:00,1068.07
2020-08-03 20:25:00,1068.07
2020-08-03 20:25:00,1068.07
2020-08-03 20:25:00,1068.07
2020-08-03 20:25:00,1068.07
2020-08-03 20:25:00,1068.07
2020-08-03 20:25:00,1068.07
2020-08-03 20:40:00,1005.4
2020-08-03 20:40:00,1005.4
2020-08-03 20:40:00,1005.4
2020-08-03 20:40:00,1005.4
2020-08-03 20:40:00,1005.4
2020-08-03 20:40:00,1005.4
2020-08-03 20:40:00,1005.4
2020-08-03 20:40:00,1005.4
2020-08-03 20:40:00,1005.4
2020-08-03 20:40:00,1005.4
2020-08-03 20:55:00,1055.43
2020-08-03 20:55:00,1055.43
2020-08-03 20:55:00,1055.43
2020-08-03 20:55:00,1055.43
2020-08-03 20:55:00,1055.43
2020-08-03 20:55:00,1055.43
2020-08-03 20:55:00,1055.43
2020-08-03 20:55:00,1055.43
2020-08-03 20:55:00,1055.43
2020-08-03 20:55:00,1055.43
2020-08-03 21:10:00,1105.45
2020-08-03 21:10:00,1105.45
2020-08-03 21:10:00,1105.45
2020-08-03 21:10:00,1105.45
2020-08-03 21:10:00,1105.45
2020-08-03 21:10:00,1105.45
2020-08-03 21:10:00,1105.45
2020-08-03 21:10:00,1105.45
2020-08-03 21:10:00,1105.45
2020-08-03 21:10:00,1105.45
2020-08-03 21:25:00,1283.46
2020-08-03 21:25:00,1283.46
2020-08-03 21:25:00,1283.46
2020-08-03 21:25:00,1283.46
2020-08-03 21:25:00,1283.46
2020-08-03 21:25:00,1283.46
2020-08-03 21:25:00,1283.46
2020-08-03 21:25:00,1283.46
2020-08-03 21:25:00,1283.46
2020-08-03 21:25:00,1283.46
2020-08-03 21:40:00,1320.61
2020-08-03 21:40:00,1320.61
2020-08-03 21:40:00,1320.61
2020-08-03 21:40:00,1320.61
2020-08-03 21:40:00,1320.61
2020-08-03 21:40:00,1320.61
2020-08-03 21:40:00,1320.61
2020-08-03 21:40:00,1320.61
2020-08-03 21:40:00,1320.61
2020-08-03 21:40:00,1320.61
2020-08-03 21:55:00,1357.76
2020-08-03 21:55:00,1357.76
2020-08-03 21:55:00,1357.76
2020-08-03 21:55:00,1357.76
2020-08-03 21:55:00,1357.76
2020-08-03 21:55:00,1357.76
2020-08-03 21:55:00,1357.76
2020-08-03 21:55:00,1357.76
2020-08-03 21:55:00,1357.76
2020-08-03 21:55:00,1357.76
2020-08-03 22:10:00,1254.04
2020-08-03 22:10:00,1254.04
2020-08-03 22:10:00,1254.04
2020-08-03 22:10:00,1254.04
2020-08-03 22:10:00,1254.04
2020-08-03 22:10:00,1254.04
2020-08-03 22:10:00,1254.04
2020-08-03 22:10:00,1254.04
2020-08-03 22:10:00,1254.04
2020-08-03 22:10:00,1254.04
2020-08-03 22:25:00,1199.24
2020-08-03 22:25:00,1199.24
2020-08-03 22:25:00,1199.24
2020-08-03 22:25:00,1199.24
2020-08-03 22:25:00,1199.24
2020-08-03 22:25:00,1199.24
2020-08-03 22:25:00,1199.24
2020-08-03 22:25:00,1199.24
2020-08-03 22:25:00,1199.24
2020-08-03 22:25:00,1199.24
2020-08-03 22:40:00,1144.45
2020-08-03 22:40:00,1144.45
2020-08-03 22:40:00,1144.45
2020-08-03 22:40:00,1144.45
2020-08-03 22:40:00,1144.45
2020-08-03 22:40:00,1144.45
2020-08-03 22:40:00,1144.45
2020-08-03 22:40:00,1144.45
2020-08-03 22:40:00,1144.45
2020-08-03 22:40:00,1144.45
2020-08-03 22:55:00,1184.91
2020-08-03 22:55:00,1184.91
2020-08-03 22:55:00,1184.91
2020-08-03 22:55:00,1184.91
2020-08-03 22:55:00,1184.91
2020-08-03 22:55:00,1184.91
2020-08-03 22:55:00,1184.91
2020-08-03 22:55:00,1184.91
2020-08-03 22:55:00,1184.91
2020-08-03 22:55:00,1184.91
2020-08-03 23:10:00,1225.37
2020-08-03 23:10:00,1225.37
2020-08-03 23:10:00,1225.37
2020-08-03 23:10:00,1225.37
2020-08-03 23:10:00,1225.37
2020-08-03 23:10:00,1225.37
2020-08-03 23:10:00,1225.37
2020-08-03 23:10:00,1225.37
2020-08-03 23:10:00,1225.37
2020-08-03 23:10:00,1225.37
2020-08-03 23:25:00,1239.54
2020-08-03 23:25:00,1239.54
2020-08-03 23:25:00,1239.54
2020-08-03 23:25:00,1239.54
2020-08-03 23:25:00,1239.54
2020-08-03 23:25:00,1239.54
2020-08-03 23:25:00,1239.54
2020-08-03 23:25:00,1239.54
2020-08-03 23:25:00,1239.54
2020-08-03 23:25:00,1239.54
2020-08-03 23:40:00,1253.7
2020-08-03 23:40:00,1253.7
2020-08-03 23:40:00,1253.7
2020-08-03 23:40:00,1253.7
2020-08-03 23:40:00,1253.7
2020-08-03 23:40:00,1253.7
2020-08-03 23:40:00,1253.7
2020-08-03 23:40:00,1253.7
2020-08-03 23:40:00,1253.7
2020-08-03 23:40:00,1253.7
2020-08-03 23:55:00,1248.69
2020-08-03 23:55:00,1248.69
2020-08-03 23:55:00,1248.69
2020-08-03 23:55:00,1248.69
2020-08-03 23:55:00,1248.69
2020-08-03 23:55:00,1248.69
2020-08-03 23:55:00,1248.69
2020-08-03 23:55:00,1248.69
2020-08-03 23:55:00,1248.69
2020-08-03 23:55:00,1248.69
2020-08-04 00:10:00,1243.67
2020-08-04 00:10:00,1243.67
2020-08-04 00:10:00,1243.67
2020-08-04 00:10:00,1243.67
2020-08-04 00:10:00,1243.67
2020-08-04 00:10:00,1243.67
2020-08-04 00:10:00,1243.67
2020-08-04 00:10:00,1243.67
2020-08-04 00:10:00,1243.67
2020-08-04 00:10:00,1243.67
2020-08-04 00:25:00,1114.31
2020-08-04 00:25:00,1114.31
2020-08-04 00:25:00,1114.31
2020-08-04 00:25:00,1114.31
2020-08-04 00:25:00,1114.31
2020-08-04 00:25:00,1114.31
2020-08-04 00:25:00,1114.31
2020-08-04 00:25:00,1114.31
2020-08-04 00:25:00,1114.31
2020-08-04 00:25:00,1114.31
2020-08-04 00:40:00,984.94
2020-08-04 00:40:00,984.94
2020-08-04 00:40:00,984.94
2020-08-04 00:40:00,984.94
2020-08-04 00:40:00,984.94
2020-08-04 00:40:00,984.94
2020-08-04 00:40:00,984.94
2020-08-04 00:40:00,984.94
2020-08-04 00:40:00,984.94
2020-08-04 00:40:00,984.94
2020-08-04 00:55:00,1104.66
2020-08-04 00:55:00,1104.66
2020-08-04 00:55:00,1104.66
2020-08-04 00:55:00,1104.66
2020-08-04 00:55:00,1104.66
2020-08-04 00:55:00,1104.66
2020-08-04 00:55:00,1104.66
2020-08-04 00:55:00,1104.66
2020-08-04 00:55:00,1104.66
2020-08-04 00:55:00,1104.66
2020-08-04 01:10:00,1224.39
2020-08-04 01:10:00,1224.39
2020-08-04 01:10:00,1224.39
2020-08-04 01:10:00,1224.39
2020-08-04 01:10:00,1224.39
2020-08-04 01:10:00,1224.39
2020-08-04 01:10:00,1224.39
2020-08-04 01:10:00,1224.39
2020-08-04 01:10:00,1224.39
2020-08-04 01:10:00,1224.39
2020-08-04 01:25:00,1222.84
2020-08-04 01:25:00,1222.84
2020-08-04 01:25:00,1222.84
2020-08-04 01:25:00,1222.84
2020-08-04 01:25:00,1222.84
2020-08-04 01:25:00,1222.84
2020-08-04 01:25:00,1222.84
2020-08-04 01:25:00,1222.84
2020-08-04 01:25:00,1222.84
2020-08-04 01:25:00,1222.84
2020-08-04 01:40:00,1221.29
2020-08-04 01:40:00,1221.29
2020-08-04 01:40:00,1221.29
2020-08-04 01:40:00,1221.29
2020-08-04 01:40:00,1221.29
2020-08-04 01:40:00,1221.29
2020-08-04 01:40:00,1221.29
2020-08-04 01:40:00,1221.29
2020-08-04 01:40:00,1221.29
2020-08-04 01:40:00,1221.29
2020-08-04 01:55:00,1122.22
2020-08-04 01:55:00,1122.22
2020-08-04 01:55:00,1122.22
2020-08-04 01:55:00,1122.22
2020-08-04 01:55:00,1122.22
2020-08-04 01:55:00,1122.22
2020-08-04 01:55:00,1122.22
2020-08-04 01:55:00,1122.22
2020-08-04 01:55:00,1122.22
2020-08-04 01:55:00,1122.22
2020-08-04 02:10:00,1023.14
2020-08-04 02:10:00,1023.14
2020-08-04 02:10:00,1023.14
2020-08-04 02:10:00,1023.14
2020-08-04 02:10:00,1023.14
2020-08-04 02:10:00,1023.14
2020-08-04 02:10:00,1023.14
2020-08-04 02:10:00,1023.14
2020-08-04 02:10:00,1023.14
2020-08-04 02:10:00,1023.14
2020-08-04 02:25:00,985.58
2020-08-04 02:25:00,985.58
2020-08-04 02:25:00,985.58
2020-08-04 02:25:00,985.58
2020-08-04 02:25:00,985.58
2020-08-04 02:25:00,985.58
2020-08-04 02:25:00,985.58
2020-08-04 02:25:00,985.58
2020-08-04 02:25:00,985.58
2020-08-04 02:25:00,985.58
2020-08-04 02:40:00,948.03
2020-08-04 02:40:00,948.03
2020-08-04 02:40:00,948.03
2020-08-04 02:40:00,948.03
2020-08-04 02:40:00,948.03
2020-08-04 02:40:00,948.03
2020-08-04 02:40:00,948.03
2020-08-04 02:40:00,948.03
2020-08-04 02:40:00,948.03
2020-08-04 02:40:00,948.03
2020-08-04 02:55:00,926.44
2020-08-04 02:55:00,926.44
2020-08-04 02:55:00,926.44
2020-08-04 02:55:00,926.44
2020-08-04 02:55:00,926.44
2020-08-04 02:55:00,926.44
2020-08-04 02:55:00,926.44
2020-08-04 02:55:00,926.44
2020-08-04 02:55:00,926.44
2020-08-04 02:55:00,926.44
2020-08-04 03:10:00,904.85
2020-08-04 03:10:00,904.85
2020-08-04 03:10:00,904.85
2020-08-04 03:10:00,904.85
2020-08-04 03:10:00,904.85
2020-08-04 03:10:00,904.85
2020-08-04 03:10:00,904.85
2020-08-04 03:10:00,904.85
2020-08-04 03:10:00,904.85
2020-08-04 03:10:00,904.85
2020-08-04 03:25:00,915.26
2020-08-04 03:25:00,915.26
2020-08-04 03:25:00,915.26
2020-08-04 03:25:00,915.26
2020-08-04 03:25:00,915.26
2020-08-04 03:25:00,915.26
2020-08-04 03:25:00,915.26
2020-08-04 03:25:00,915.26
2020-08-04 03:25:00,915.26
2020-08-04 03:25:00,915.26
2020-08-04 03:40:00,925.67
2020-08-04 03:40:00,925.67
2020-08-04 03:40:00,925.67
2020-08-04 03:40:00,925.67
2020-08-04 03:40:00,925.67
2020-08-04 03:40:00,925.67
2020-08-04 03:40:00,925.67
2020-08-04 03:40:00,925.67
2020-08-04 03:40:00,925.67
2020-08-04 03:40:00,925.67
2020-08-04 03:55:00,952.5
2020-08-04 03:55:00,952.5
2020-08-04 03:55:00,952.5
2020-08-04 03:55:00,952.5
2020-08-04 03:55:00,952.5
2020-08-04 03:55:00,952.5
2020-08-04 03:55:00,952.5
2020-08-04 03:55:00,952.5
2020-08-04 03:55:00,952.5
2020-08-04 03:55:00,952.5
2020-08-04 04:10:00,979.34
2020-08-04 04:10:00,979.34
2020-08-04 04:10:00,979.34
2020-08-04 04:10:00,979.34
2020-08-04 04:10:00,979.34
2020-08-04 04:10:00,979.34
2020-08-04 04:10:00,979.34
2020-08-04 04:10:00,979.34
2020-08-04 04:10:00,979.34
2020-08-04 04:10:00,979.34
2020-08-04 04:25:00,1047.6
2020-08-04 04:25:00,1047.6
2020-08-04 04:25:00,1047.6
2020-08-04 04:25:00,1047.6
2020-08-04 04:25:00,1047.6
2020-08-04 04:25:00,1047.6
2020-08-04 04:25:00,1047.6
2020-08-04 04:25:00,1047.6
2020-08-04 04:25:00,1047.6
2020-08-04 04:25:00,1047.6
2020-08-04 04:40:00,1115.85
2020-08-04 04:40:00,1115.85
2020-08-04 04:40:00,1115.85
2020-08-04 04:40:00,1115.85
2020-08-04 04:40:00,1115.85
2020-08-04 04:40:00,1115.85
2020-08-04 04:40:00,1115.85
2020-08-04 04:40:00,1115.85
2020-08-04 04:40:00,1115.85
2020-08-04 04:40:00,1115.85
2020-08-04 04:55:00,1134.43
2020-08-04 04:55:00,1134.43
2020-08-04 04:55:00,1134.43
2020-08-04 04:55:00,1134.43
2020-08-04 04:55:00,1134.43
2020-08-04 04:55:00,1134.43
2020-08-04 04:55:00,1134.43
2020-08-04 04:55:00,1134.43
2020-08-04 04:55:00,1134.43
2020-08-04 04:55:00,1134.43
2020-08-04 05:10:00,1153.01
2020-08-04 05:10:00,1153.01
2020-08-04 05:10:00,1153.01
2020-08-04 05:10:00,1153.01
2020-08-04 05:10:00,1153.01
2020-08-04 05:10:00,1153.01
2020-08-04 05:10:00,1153.01
2020-08-04 05:10:00,1153.01
2020-08-04 05:10:00,1153.01
2020-08-04 05:10:00,1153.01
2020-08-04 05:25:00,1206.29
2020-08-04 05:25:00,1206.29
2020-08-04 05:25:00,1206.29
2020-08-04 05:25:00,1206.29
2020-08-04 05:25:00,1206.29
2020-08-04 05:25:00,1206.29
2020-08-04 05:25:00,1206.29
2020-08-04 05:25:00,1206.29
2020-08-04 05:25:00,1206.29
2020-08-04 05:25:00,1206.29
2020-08-04 05:40:00,1259.57
2020-08-04 05:40:00,1259.57
2020-08-04 05:40:00,1259.57
2020-08-04 05:40:00,1259.57
2020-08-04 05:40:00,1259.57
2020-08-04 05:40:00,1259.57
2020-08-04 05:40:00,1259.57
2020-08-04 05:40:00,1259.57
2020-08-04 05:40:00,1259.57
2020-08-04 05:40:00,1259.57
2020-08-04 05:55:00,1248.62
2020-08-04 05:55:00,1248.62
2020-08-04 05:55:00,1248.62
2020-08-04 05:55:00,1248.62
2020-08-04 05:55:00,1248.62
2020-08-04 05:55:00,1248.62
2020-08-04 05:55:00,1248.62
2020-08-04 05:55:00,1248.62
2020-08-04 05:55:00,1248.62
2020-08-04 05:55:00,1248.62
2020-08-04 06:10:00,1237.66
2020-08-04 06:10:00,1237.66
2020-08-04 06:10:00,1237.66
2020-08-04 06:10:00,1237.66
2020-08-04 06:10:00,1237.66
2020-08-04 06:10:00,1237.66
2020-08-04 06:10:00,1237.66
2020-08-04 06:10:00,1237.66
2020-08-04 06:10:00,1237.66
2020-08-04 06:10:00,1237.66
2020-08-04 06:25:00,1104.06
2020-08-04 06:25:00,1104.06
2020-08-04 06:25:00,1104.06
2020-08-04 06:25:00,1104.06
2020-08-04 06:25:00,1104.06
2020-08-04 06:25:00,1104.06
2020-08-04 06:25:00,1104.06
2020-08-04 06:25:00,1104.06
2020-08-04 06:25:00,1104.06
2020-08-04 06:25:00,1104.06
2020-08-04 06:40:00,970.45
2020-08-04 06:40:00,970.45
2020-08-04 06:40:00,970.45
2020-08-04 06:40:00,970.45
2020-08-04 06:40:00,970.45
2020-08-04 06:40:00,970.45
2020-08-04 06:40:00,970.45
2020-08-04 06:40:00,970.45
2020-08-04 06:40:00,970.45
2020-08-04 06:40:00,970.45
2020-08-04 06:55:00,1067.28
2020-08-04 06:55:00,1067.28
2020-08-04 06:55:00,1067.28
2020-08-04 06:55:00,1067.28
2020-08-04 06:55:00,1067.28
2020-08-04 06:55:00,1067.28
2020-08-04 06:55:00,1067.28
2020-08-04 06:55:00,1067.28
2020-08-04 06:55:00,1067.28
2020-08-04 06:55:00,1067.28
2020-08-04 07:10:00,1164.12
2020-08-04 07:10:00,1164.12
2020-08-04 07:10:00,1164.12
2020-08-04 07:10:00,1164.12
2020-08-04 07:10:00,1164.12
2020-08-04 07:10:00,1164.12
2020-08-04 07:10:00,1164.12
2020-08-04 07:10:00,1164.12
2020-08-04 07:10:00,1164.12
2020-08-04 07:10:00,1164.12
2020-08-04 07:25:00,1242.72
2020-08-04 07:25:00,1242.72
2020-08-04 07:25:00,1242.72
2020-08-04 07:25:00,1242.72
2020-08-04 07:25:00,1242.72
2020-08-04 07:25:00,1242.72
2020-08-04 07:25:00,1242.72
2020-08-04 07:25:00,1242.72
2020-08-04 07:25:00,1242.72
2020-08-04 07:25:00,1242.72
2020-08-04 07:40:00,1321.31
2020-08-04 07:40:00,1321.31
2020-08-04 07:40:00,1321.31
2020-08-04 07:40:00,1321.31
2020-08-04 07:40:00,1321.31
2020-08-04 07:40:00,1321.31
2020-08-04 07:40:00,1321.31
2020-08-04 07:40:00,1321.31
2020-08-04 07:40:00,1321.31
2020-08-04 07:40:00,1321.31
2020-08-04 07:55:00,1336.09
2020-08-04 07:55:00,1336.09
2020-08-04 07:55:00,1336.09
2020-08-04 07:55:00,1336.09
2020-08-04 07:55:00,1336.09
2020-08-04 07:55:00,1336.09
2020-08-04 07:55:00,1336.09
2020-08-04 07:55:00,1336.09
2020-08-04 07:55:00,1336.09
2020-08-04 07:55:00,1336.09
2020-08-04 08:10:00,1350.87
2020-08-04 08:10:00,1350.87
2020-08-04 08:10:00,1350.87
2020-08-04 08:10:00,1350.87
2020-08-04 08:10:00,1350.87
2020-08-04 08:10:00,1350.87
2020-08-04 08:10:00,1350.87
2020-08-04 08:10:00,1350.87
2020-08-04 08:10:00,1350.87
2020-08-04 08:10:00,1350.87
2020-08-04 08:25:00,1379.3
2020-08-04 08:25:00,1379.3
2020-08-04 08:25:00,1379.3
2020-08-04 08:25:00,1379.3
2020-08-04 08:25:00,1379.3
2020-08-04 08:25:00,1379.3
2020-08-04 08:25:00,1379.3
2020-08-04 08:25:00,1379.3
2020-08-04 08:25:00,1379.3
2020-08-04 08:25:00,1379.3
2020-08-04 08:40:00,1377.651
2020-08-04 08:40:00,1377.651
2020-08-04 08:40:00,1377.651
2020-08-04 08:40:00,1377.651
2020-08-04 08:40:00,1377.651
2020-08-04 08:40:00,1377.651
2020-08-04 08:40:00,1377.651
2020-08-04 08:40:00,1377.651
2020-08-04 08:40:00,1377.651
2020-08-04 08:40:00,1377.651
2020-08-04 08:55:00,1376.0018
2020-08-04 08:55:00,1376.0018
2020-08-04 08:55:00,1376.0018
2020-08-04 08:55:00,1376.0018
2020-08-04 08:55:00,1376.0018
2020-08-04 08:55:00,1376.0018
2020-08-04 08:55:00,1376.0018
2020-08-04 08:55:00,1376.0018
2020-08-04 08:55:00,1376.0018
2020-08-04 08:55:00,1376.0018
2020-08-04 09:10:00,1374.3528
2020-08-04 09:10:00,1374.3528
2020-08-04 09:10:00,1374.3528
2020-08-04 09:10:00,1374.3528
2020-08-04 09:10:00,1374.3528
2020-08-04 09:10:00,1374.3528
2020-08-04 09:10:00,1374.3528
2020-08-04 09:10:00,1374.3528
2020-08-04 09:10:00,1374.3528
2020-08-04 09:10:00,1374.3528
2020-08-04 09:25:00,1372.7037
2020-08-04 09:25:00,1372.7037
2020-08-04 09:25:00,1372.7037
2020-08-04 09:25:00,1372.7037
2020-08-04 09:25:00,1372.7037
2020-08-04 09:25:00,1372.7037
2020-08-04 09:25:00,1372.7037
2020-08-04 09:25:00,1372.7037
2020-08-04 09:25:00,1372.7037
2020-08-04 09:25:00,1372.7037
2020-08-04 09:40:00,1371.0546
2020-08-04 09:40:00,1371.0546
2020-08-04 09:40:00,1371.0546
2020-08-04 09:40:00,1371.0546
2020-08-04 09:40:00,1371.0546
2020-08-04 09:40:00,1371.0546
2020-08-04 09:40:00,1371.0546
2020-08-04 09:40:00,1371.0546
2020-08-04 09:40:00,1371.0546
2020-08-04 09:40:00,1371.0546
2020-08-04 09:55:00,1369.4055
2020-08-04 09:55:00,1369.4055
2020-08-04 09:55:00,1369.4055
2020-08-04 09:55:00,1369.4055
2020-08-04 09:55:00,1369.4055
2020-08-04 09:55:00,1369.4055
2020-08-04 09:55:00,1369.4055
2020-08-04 09:55:00,1369.4055
2020-08-04 09:55:00,1369.4055
2020-08-04 09:55:00,1369.4055
2020-08-04 10:10:00,1367.7563
2020-08-04 10:10:00,1367.7563
2020-08-04 10:10:00,1367.7563
2020-08-04 10:10:00,1367.7563
2020-08-04 10:10:00,1367.7563
2020-08-04 10:10:00,1367.7563
2020-08-04 10:10:00,1367.7563
2020-08-04 10:10:00,1367.7563
2020-08-04 10:10:00,1367.7563
2020-08-04 10:10:00,1367.7563
2020-08-04 10:25:00,1366.1073
2020-08-04 10:25:00,1366.1073
2020-08-04 10:25:00,1366.1073
2020-08-04 10:25:00,1366.1073
2020-08-04 10:25:00,1366.1073
2020-08-04 10:25:00,1366.1073
2020-08-04 10:25:00,1366.1073
2020-08-04 10:25:00,1366.1073
2020-08-04 10:25:00,1366.1073
2020-08-04 10:25:00,1366.1073
2020-08-04 10:40:00,1364.4583
2020-08-04 10:40:00,1364.4583
2020-08-04 10:40:00,1364.4583
2020-08-04 10:40:00,1364.4583
2020-08-04 10:40:00,1364.4583
2020-08-04 10:40:00,1364.4583
2020-08-04 10:40:00,1364.4583
2020-08-04 10:40:00,1364.4583
2020-08-04 10:40:00,1364.4583
2020-08-04 10:40:00,1364.4583
2020-08-04 10:55:00,1362.8091
2020-08-04 10:55:00,1362.8091
2020-08-04 10:55:00,1362.8091
2020-08-04 10:55:00,1362.8091
2020-08-04 10:55:00,1362.8091
2020-08-04 10:55:00,1362.8091
2020-08-04 10:55:00,1362.8091
2020-08-04 10:55:00,1362.8091
2020-08-04 10:55:00,1362.8091
2020-08-04 10:55:00,1362.8091
2020-08-04 11:10:00,1361.16
2020-08-04 11:10:00,1361.16
2020-08-04 11:10:00,1361.16
2020-08-04 11:10:00,1361.16
2020-08-04 11:10:00,1361.16
2020-08-04 11:10:00,1361.16
2020-08-04 11:10:00,1361.16
2020-08-04 11:10:00,1361.16
2020-08-04 11:10:00,1361.16
2020-08-04 11:10:00,1361.16
2020-08-04 11:25:00,1300.14
2020-08-04 11:25:00,1300.14
2020-08-04 11:25:00,1300.14
2020-08-04 11:25:00,1300.14
2020-08-04 11:25:00,1300.14
2020-08-04 11:25:00,1300.14
2020-08-04 11:25:00,1300.14
2020-08-04 11:25:00,1300.14
2020-08-04 11:25:00,1300.14
2020-08-04 11:25:00,1300.14
2020-08-04 11:40:00,1239.12
2020-08-04 11:40:00,1239.12
2020-08-04 11:40:00,1239.12
2020-08-04 11:40:00,1239.12
2020-08-04 11:40:00,1239.12
2020-08-04 11:40:00,1239.12
2020-08-04 11:40:00,1239.12
2020-08-04 11:40:00,1239.12
2020-08-04 11:40:00,1239.12
2020-08-04 11:40:00,1239.12
2020-08-04 11:55:00,1363.38
2020-08-04 11:55:00,1363.38
2020-08-04 11:55:00,1363.38
2020-08-04 11:55:00,1363.38
2020-08-04 11:55:00,1363.38
2020-08-04 11:55:00,1363.38
2020-08-04 11:55:00,1363.38
2020-08-04 11:55:00,1363.38
2020-08-04 11:55:00,1363.38
2020-08-04 11:55:00,1363.38
2020-08-04 12:10:00,1346.73
2020-08-04 12:10:00,1346.73
2020-08-04 12:10:00,1346.73
2020-08-04 12:10:00,1346.73
2020-08-04 12:10:00,1346.73
2020-08-04 12:10:00,1346.73
2020-08-04 12:10:00,1346.73
2020-08-04 12:10:00,1346.73
2020-08-04 12:10:00,1346.73
2020-08-04 12:10:00,1346.73
2020-08-04 12:25:00,1330.0801
2020-08-04 12:25:00,1330.0801
2020-08-04 12:25:00,1330.0801
2020-08-04 12:25:00,1330.0801
2020-08-04 12:25:00,1330.0801
2020-08-04 12:25:00,1330.0801
2020-08-04 12:25:00,1330.0801
2020-08-04 12:25:00,1330.0801
2020-08-04 12:25:00,1330.0801
2020-08-04 12:25:00,1330.0801
2020-08-04 12:40:00,1313.43
2020-08-04 12:40:00,1313.43
2020-08-04 12:40:00,1313.43
2020-08-04 12:40:00,1313.43
2020-08-04 12:40:00,1313.43
2020-08-04 12:40:00,1313.43
2020-08-04 12:40:00,1313.43
2020-08-04 12:40:00,1313.43
2020-08-04 12:40:00,1313.43
2020-08-04 12:40:00,1313.43
2020-08-04 12:55:00,1317.66
2020-08-04 12:55:00,1317.66
2020-08-04 12:55:00,1317.66
2020-08-04 12:55:00,1317.66
2020-08-04 12:55:00,1317.66
2020-08-04 12:55:00,1317.66
2020-08-04 12:55:00,1317.66
2020-08-04 12:55:00,1317.66
2020-08-04 12:55:00,1317.66
2020-08-04 12:55:00,1317.66
2020-08-04 13:10:00,1321.89
2020-08-04 13:10:00,1321.89
2020-08-04 13:10:00,1321.89
2020-08-04 13:10:00,1321.89
2020-08-04 13:10:00,1321.89
2020-08-04 13:10:00,1321.89
2020-08-04 13:10:00,1321.89
2020-08-04 13:10:00,1321.89
2020-08-04 13:10:00,1321.89
2020-08-04 13:10:00,1321.89
2020-08-04 13:25:00,1301.86
2020-08-04 13:25:00,1301.86
2020-08-04 13:25:00,1301.86
2020-08-04 13:25:00,1301.86
2020-08-04 13:25:00,1301.86
2020-08-04 13:25:00,1301.86
2020-08-04 13:25:00,1301.86
2020-08-04 13:25:00,1301.86
2020-08-04 13:25:00,1301.86
2020-08-04 13:25:00,1301.86
2020-08-04 13:40:00,1281.84
2020-08-04 13:40:00,1281.84
2020-08-04 13:40:00,1281.84
2020-08-04 13:40:00,1281.84
2020-08-04 13:40:00,1281.84
2020-08-04 13:40:00,1281.84
2020-08-04 13:40:00,1281.84
2020-08-04 13:40:00,1281.84
2020-08-04 13:40:00,1281.84
2020-08-04 13:40:00,1281.84
2020-08-04 13:55:00,1342.18
2020-08-04 13:55:00,1342.18
2020-08-04 13:55:00,1342.18
2020-08-04 13:55:00,1342.18
2020-08-04 13:55:00,1342.18
2020-08-04 13:55:00,1342.18
2020-08-04 13:55:00,1342.18
2020-08-04 13:55:00,1342.18
2020-08-04 13:55:00,1342.18
2020-08-04 13:55:00,1342.18
2020-08-04 14:10:00,1327.17
2020-08-04 14:10:00,1327.17
2020-08-04 14:10:00,1327.17
2020-08-04 14:10:00,1327.17
2020-08-04 14:10:00,1327.17
2020-08-04 14:10:00,1327.17
2020-08-04 14:10:00,1327.17
2020-08-04 14:10:00,1327.17
2020-08-04 14:10:00,1327.17
2020-08-04 14:10:00,1327.17
2020-08-04 14:25:00,1312.16
2020-08-04 14:25:00,1312.16
2020-08-04 14:25:00,1312.16
2020-08-04 14:25:00,1312.16
2020-08-04 14:25:00,1312.16
2020-08-04 14:25:00,1312.16
2020-08-04 14:25:00,1312.16
2020-08-04 14:25:00,1312.16
2020-08-04 14:25:00,1312.16
2020-08-04 14:25:00,1312.16
2020-08-04 14:40:00,1221.82
2020-08-04 14:40:00,1221.82
2020-08-04 14:40:00,1221.82
2020-08-04 14:40:00,1221.82
2020-08-04 14:40:00,1221.82
2020-08-04 14:40:00,1221.82
2020-08-04 14:40:00,1221.82
2020-08-04 14:40:00,1221.82
2020-08-04 14:40:00,1221.82
2020-08-04 14:40:00,1221.82
2020-08-04 14:55:00,1250.57
2020-08-04 14:55:00,1250.57
2020-08-04 14:55:00,1250.57
2020-08-04 14:55:00,1250.57
2020-08-04 14:55:00,1250.57
2020-08-04 14:55:00,1250.57
2020-08-04 14:55:00,1250.57
2020-08-04 14:55:00,1250.57
2020-08-04 14:55:00,1250.57
2020-08-04 14:55:00,1250.57
2020-08-04 15:10:00,1279.32
2020-08-04 15:10:00,1279.32
2020-08-04 15:10:00,1279.32
2020-08-04 15:10:00,1279.32
2020-08-04 15:10:00,1279.32
2020-08-04 15:10:00,1279.32
2020-08-04 15:10:00,1279.32
2020-08-04 15:10:00,1279.32
2020-08-04 15:10:00,1279.32
2020-08-04 15:10:00,1279.32
2020-08-04 15:25:00,1252.54
2020-08-04 15:25:00,1252.54
2020-08-04 15:25:00,1252.54
2020-08-04 15:25:00,1252.54
2020-08-04 15:25:00,1252.54
2020-08-04 15:25:00,1252.54
2020-08-04 15:25:00,1252.54
2020-08-04 15:25:00,1252.54
2020-08-04 15:25:00,1252.54
2020-08-04 15:25:00,1252.54
2020-08-04 15:40:00,1225.75
2020-08-04 15:40:00,1225.75
2020-08-04 15:40:00,1225.75
2020-08-04 15:40:00,1225.75
2020-08-04 15:40:00,1225.75
2020-08-04 15:40:00,1225.75
2020-08-04 15:40:00,1225.75
2020-08-04 15:40:00,1225.75
2020-08-04 15:40:00,1225.75
2020-08-04 15:40:00,1225.75
2020-08-04 15:55:00,1225.45
2020-08-04 15:55:00,1225.45
2020-08-04 15:55:00,1225.45
2020-08-04 15:55:00,1225.45
2020-08-04 15:55:00,1225.45
2020-08-04 15:55:00,1225.45
2020-08-04 15:55:00,1225.45
2020-08-04 15:55:00,1225.45
2020-08-04 15:55:00,1225.45
2020-08-04 15:55:00,1225.45
2020-08-04 16:10:00,1225.15
2020-08-04 16:10:00,1225.15
2020-08-04 16:10:00,1225.15
2020-08-04 16:10:00,1225.15
2020-08-04 16:10:00,1225.15
2020-08-04 16:10:00,1225.15
2020-08-04 16:10:00,1225.15
2020-08-04 16:10:00,1225.15
2020-08-04 16:10:00,1225.15
2020-08-04 16:10:00,1225.15
2020-08-04 16:25:00,1117.97
2020-08-04 16:25:00,1117.97
2020-08-04 16:25:00,1117.97
2020-08-04 16:25:00,1117.97
2020-08-04 16:25:00,1117.97
2020-08-04 16:25:00,1117.97
2020-08-04 16:25:00,1117.97
2020-08-04 16:25:00,1117.97
2020-08-04 16:25:00,1117.97
2020-08-04 16:25:00,1117.97
2020-08-04 16:40:00,1010.79
2020-08-04 16:40:00,1010.79
2020-08-04 16:40:00,1010.79
2020-08-04 16:40:00,1010.79
2020-08-04 16:40:00,1010.79
2020-08-04 16:40:00,1010.79
2020-08-04 16:40:00,1010.79
2020-08-04 16:40:00,1010.79
2020-08-04 16:40:00,1010.79
2020-08-04 16:40:00,1010.79
2020-08-04 16:55:00,1003.52
2020-08-04 16:55:00,1003.52
2020-08-04 16:55:00,1003.52
2020-08-04 16:55:00,1003.52
2020-08-04 16:55:00,1003.52
2020-08-04 16:55:00,1003.52
2020-08-04 16:55:00,1003.52
2020-08-04 16:55:00,1003.52
2020-08-04 16:55:00,1003.52
2020-08-04 16:55:00,1003.52
2020-08-04 17:10:00,996.26
2020-08-04 17:10:00,996.26
2020-08-04 17:10:00,996.26
2020-08-04 17:10:00,996.26
2020-08-04 17:10:00,996.26
2020-08-04 17:10:00,996.26
2020-08-04 17:10:00,996.26
2020-08-04 17:10:00,996.26
2020-08-04 17:10:00,996.26
2020-08-04 17:10:00,996.26
2020-08-04 17:25:00,1038.36
2020-08-04 17:25:00,1038.36
2020-08-04 17:25:00,1038.36
2020-08-04 17:25:00,1038.36
2020-08-04 17:25:00,1038.36
2020-08-04 17:25:00,1038.36
2020-08-04 17:25:00,1038.36
2020-08-04 17:25:00,1038.36
2020-08-04 17:25:00,1038.36
2020-08-04 17:25:00,1038.36
2020-08-04 17:40:00,1080.47
2020-08-04 17:40:00,1080.47
2020-08-04 17:40:00,1080.47
2020-08-04 17:40:00,1080.47
2020-08-04 17:40:00,1080.47
2020-08-04 17:40:00,1080.47
2020-08-04 17:40:00,1080.47
2020-08-04 17:40:00,1080.47
2020-08-04 17:40:00,1080.47
2020-08-04 17:40:00,1080.47
2020-08-04 17:55:00,1104.02
2020-08-04 17:55:00,1104.02
2020-08-04 17:55:00,1104.02
2020-08-04 17:55:00,1104.02
2020-08-04 17:55:00,1104.02
2020-08-04 17:55:00,1104.02
2020-08-04 17:55:00,1104.02
2020-08-04 17:55:00,1104.02
2020-08-04 17:55:00,1104.02
2020-08-04 17:55:00,1104.02
2020-08-04 18:10:00,1127.58
2020-08-04 18:10:00,1127.58
2020-08-04 18:10:00,1127.58
2020-08-04 18:10:00,1127.58
2020-08-04 18:10:00,1127.58
2020-08-04 18:10:00,1127.58
2020-08-04 18:10:00,1127.58
2020-08-04 18:10:00,1127.58
2020-08-04 18:10:00,1127.58
2020-08-04 18:10:00,1127.58
2020-08-04 18:25:00,1172.49
2020-08-04 18:25:00,1172.49
2020-08-04 18:25:00,1172.49
2020-08-04 18:25:00,1172.49
2020-08-04 18:25:00,1172.49
2020-08-04 18:25:00,1172.49
2020-08-04 18:25:00,1172.49
2020-08-04 18:25:00,1172.49
2020-08-04 18:25:00,1172.49
2020-08-04 18:25:00,1172.49
2020-08-04 18:40:00,1217.4
2020-08-04 18:40:00,1217.4
2020-08-04 18:40:00,1217.4
2020-08-04 18:40:00,1217.4
2020-08-04 18:40:00,1217.4
2020-08-04 18:40:00,1217.4
2020-08-04 18:40:00,1217.4
2020-08-04 18:40:00,1217.4
2020-08-04 18:40:00,1217.4
2020-08-04 18:40:00,1217.4
2020-08-04 18:55:00,1213.53
2020-08-04 18:55:00,1213.53
2020-08-04 18:55:00,1213.53
2020-08-04 18:55:00,1213.53
2020-08-04 18:55:00,1213.53
2020-08-04 18:55:00,1213.53
2020-08-04 18:55:00,1213.53
2020-08-04 18:55:00,1213.53
2020-08-04 18:55:00,1213.53
2020-08-04 18:55:00,1213.53
2020-08-04 19:10:00,1209.66
2020-08-04 19:10:00,1209.66
2020-08-04 19:10:00,1209.66
2020-08-04 19:10:00,1209.66
2020-08-04 19:10:00,1209.66
2020-08-04 19:10:00,1209.66
2020-08-04 19:10:00,1209.66
2020-08-04 19:10:00,1209.66
2020-08-04 19:10:00,1209.66
2020-08-04 19:10:00,1209.66
2020-08-04 19:25:00,1164.12
2020-08-04 19:25:00,1164.12
2020-08-04 19:25:00,1164.12
2020-08-04 19:25:00,1164.12
2020-08-04 19:25:00,1164.12
2020-08-04 19:25:00,1164.12
2020-08-04 19:25:00,1164.12
2020-08-04 19:25:00,1164.12
2020-08-04 19:25:00,1164.12
2020-08-04 19:25:00,1164.12
2020-08-04 19:40:00,1118.57
2020-08-04 19:40:00,1118.57
2020-08-04 19:40:00,1118.57
2020-08-04 19:40:00,1118.57
2020-08-04 19:40:00,1118.57
2020-08-04 19:40:00,1118.57
2020-08-04 19:40:00,1118.57
2020-08-04 19:40:00,1118.57
2020-08-04 19:40:00,1118.57
2020-08-04 19:40:00,1118.57
2020-08-04 19:55:00,1135.56
2020-08-04 19:55:00,1135.56
2020-08-04 19:55:00,1135.56
2020-08-04 19:55:00,1135.56
2020-08-04 19:55:00,1135.56
2020-08-04 19:55:00,1135.56
2020-08-04 19:55:00,1135.56
2020-08-04 19:55:00,1135.56
2020-08-04 19:55:00,1135.56
2020-08-04 19:55:00,1135.56
2020-08-04 20:10:00,1152.54
2020-08-04 20:10:00,1152.54
2020-08-04 20:10:00,1152.54
2020-08-04 20:10:00,1152.54
2020-08-04 20:10:00,1152.54
2020-08-04 20:10:00,1152.54
2020-08-04 20:10:00,1152.54
2020-08-04 20:10:00,1152.54
2020-08-04 20:10:00,1152.54
2020-08-04 20:10:00,1152.54
2020-08-04 20:25:00,1120.0
2020-08-04 20:25:00,1120.0
2020-08-04 20:25:00,1120.0
2020-08-04 20:25:00,1120.0
2020-08-04 20:25:00,1120.0
2020-08-04 20:25:00,1120.0
2020-08-04 20:25:00,1120.0
2020-08-04 20:25:00,1120.0
2020-08-04 20:25:00,1120.0
2020-08-04 20:25:00,1120.0
2020-08-04 20:40:00,1087.46
2020-08-04 20:40:00,1087.46
2020-08-04 20:40:00,1087.46
2020-08-04 20:40:00,1087.46
2020-08-04 20:40:00,1087.46
2020-08-04 20:40:00,1087.46
2020-08-04 20:40:00,1087.46
2020-08-04 20:40:00,1087.46
2020-08-04 20:40:00,1087.46
2020-08-04 20:40:00,1087.46
2020-08-04 20:55:00,1071.66
2020-08-04 20:55:00,1071.66
2020-08-04 20:55:00,1071.66
2020-08-04 20:55:00,1071.66
2020-08-04 20:55:00,1071.66
2020-08-04 20:55:00,1071.66
2020-08-04 20:55:00,1071.66
2020-08-04 20:55:00,1071.66
2020-08-04 20:55:00,1071.66
2020-08-04 20:55:00,1071.66
2020-08-04 21:10:00,1055.87
2020-08-04 21:10:00,1055.87
2020-08-04 21:10:00,1055.87
2020-08-04 21:10:00,1055.87
2020-08-04 21:10:00,1055.87
2020-08-04 21:10:00,1055.87
2020-08-04 21:10:00,1055.87
2020-08-04 21:10:00,1055.87
2020-08-04 21:10:00,1055.87
2020-08-04 21:10:00,1055.87
2020-08-04 21:25:00,1095.36
2020-08-04 21:25:00,1095.36
2020-08-04 21:25:00,1095.36
2020-08-04 21:25:00,1095.36
2020-08-04 21:25:00,1095.36
2020-08-04 21:25:00,1095.36
2020-08-04 21:25:00,1095.36
2020-08-04 21:25:00,1095.36
2020-08-04 21:25:00,1095.36
2020-08-04 21:25:00,1095.36
2020-08-04 21:40:00,1134.85
2020-08-04 21:40:00,1134.85
2020-08-04 21:40:00,1134.85
2020-08-04 21:40:00,1134.85
2020-08-04 21:40:00,1134.85
2020-08-04 21:40:00,1134.85
2020-08-04 21:40:00,1134.85
2020-08-04 21:40:00,1134.85
2020-08-04 21:40:00,1134.85
2020-08-04 21:40:00,1134.85
2020-08-04 21:55:00,1137.18
2020-08-04 21:55:00,1137.18
2020-08-04 21:55:00,1137.18
2020-08-04 21:55:00,1137.18
2020-08-04 21:55:00,1137.18
2020-08-04 21:55:00,1137.18
2020-08-04 21:55:00,1137.18
2020-08-04 21:55:00,1137.18
2020-08-04 21:55:00,1137.18
2020-08-04 21:55:00,1137.18
2020-08-04 22:10:00,1139.51
2020-08-04 22:10:00,1139.51
2020-08-04 22:10:00,1139.51
2020-08-04 22:10:00,1139.51
2020-08-04 22:10:00,1139.51
2020-08-04 22:10:00,1139.51
2020-08-04 22:10:00,1139.51
2020-08-04 22:10:00,1139.51
2020-08-04 22:10:00,1139.51
2020-08-04 22:10:00,1139.51
2020-08-04 22:25:00,1074.76
2020-08-04 22:25:00,1074.76
2020-08-04 22:25:00,1074.76
2020-08-04 22:25:00,1074.76
2020-08-04 22:25:00,1074.76
2020-08-04 22:25:00,1074.76
2020-08-04 22:25:00,1074.76
2020-08-04 22:25:00,1074.76
2020-08-04 22:25:00,1074.76
2020-08-04 22:25:00,1074.76
2020-08-04 22:40:00,1010.01
2020-08-04 22:40:00,1010.01
2020-08-04 22:40:00,1010.01
2020-08-04 22:40:00,1010.01
2020-08-04 22:40:00,1010.01
2020-08-04 22:40:00,1010.01
2020-08-04 22:40:00,1010.01
2020-08-04 22:40:00,1010.01
2020-08-04 22:40:00,1010.01
2020-08-04 22:40:00,1010.01
2020-08-04 22:55:00,1029.07
2020-08-04 22:55:00,1029.07
2020-08-04 22:55:00,1029.07
2020-08-04 22:55:00,1029.07
2020-08-04 22:55:00,1029.07
2020-08-04 22:55:00,1029.07
2020-08-04 22:55:00,1029.07
2020-08-04 22:55:00,1029.07
2020-08-04 22:55:00,1029.07
2020-08-04 22:55:00,1029.07
2020-08-04 23:10:00,1048.13
2020-08-04 23:10:00,1048.13
2020-08-04 23:10:00,1048.13
2020-08-04 23:10:00,1048.13
2020-08-04 23:10:00,1048.13
2020-08-04 23:10:00,1048.13
2020-08-04 23:10:00,1048.13
2020-08-04 23:10:00,1048.13
2020-08-04 23:10:00,1048.13
2020-08-04 23:10:00,1048.13
2020-08-04 23:25:00,997.7
2020-08-04 23:25:00,997.7
2020-08-04 23:25:00,997.7
2020-08-04 23:25:00,997.7
2020-08-04 23:25:00,997.7
2020-08-04 23:25:00,997.7
2020-08-04 23:25:00,997.7
2020-08-04 23:25:00,997.7
2020-08-04 23:25:00,997.7
2020-08-04 23:25:00,997.7
2020-08-04 23:40:00,947.27
2020-08-04 23:40:00,947.27
2020-08-04 23:40:00,947.27
2020-08-04 23:40:00,947.27
2020-08-04 23:40:00,947.27
2020-08-04 23:40:00,947.27
2020-08-04 23:40:00,947.27
2020-08-04 23:40:00,947.27
2020-08-04 23:40:00,947.27
2020-08-04 23:40:00,947.27
2020-08-04 23:55:00,897.19
2020-08-04 23:55:00,897.19
2020-08-04 23:55:00,897.19
2020-08-04 23:55:00,897.19
2020-08-04 23:55:00,897.19
2020-08-04 23:55:00,897.19
2020-08-04 23:55:00,897.19
2020-08-04 23:55:00,897.19
2020-08-04 23:55:00,897.19
2020-08-04 23:55:00,897.19
2020-08-05 00:10:00,847.11
2020-08-05 00:10:00,847.11
2020-08-05 00:10:00,847.11
2020-08-05 00:10:00,847.11
2020-08-05 00:10:00,847.11
2020-08-05 00:10:00,847.11
2020-08-05 00:10:00,847.11
2020-08-05 00:10:00,847.11
2020-08-05 00:10:00,847.11
2020-08-05 00:10:00,847.11
2020-08-05 00:25:00,879.5
2020-08-05 00:25:00,879.5
2020-08-05 00:25:00,879.5
2020-08-05 00:25:00,879.5
2020-08-05 00:25:00,879.5
2020-08-05 00:25:00,879.5
2020-08-05 00:25:00,879.5
2020-08-05 00:25:00,879.5
2020-08-05 00:25:00,879.5
2020-08-05 00:25:00,879.5
2020-08-05 00:40:00,911.89
2020-08-05 00:40:00,911.89
2020-08-05 00:40:00,911.89
2020-08-05 00:40:00,911.89
2020-08-05 00:40:00,911.89
2020-08-05 00:40:00,911.89
2020-08-05 00:40:00,911.89
2020-08-05 00:40:00,911.89
2020-08-05 00:40:00,911.89
2020-08-05 00:40:00,911.89
2020-08-05 00:55:00,971.94
2020-08-05 00:55:00,971.94
2020-08-05 00:55:00,971.94
2020-08-05 00:55:00,971.94
2020-08-05 00:55:00,971.94
2020-08-05 00:55:00,971.94
2020-08-05 00:55:00,971.94
2020-08-05 00:55:00,971.94
2020-08-05 00:55:00,971.94
2020-08-05 00:55:00,971.94
2020-08-05 01:10:00,1031.98
2020-08-05 01:10:00,1031.98
2020-08-05 01:10:00,1031.98
2020-08-05 01:10:00,1031.98
2020-08-05 01:10:00,1031.98
2020-08-05 01:10:00,1031.98
2020-08-05 01:10:00,1031.98
2020-08-05 01:10:00,1031.98
2020-08-05 01:10:00,1031.98
2020-08-05 01:10:00,1031.98
2020-08-05 01:25:00,895.44
2020-08-05 01:25:00,895.44
2020-08-05 01:25:00,895.44
2020-08-05 01:25:00,895.44
2020-08-05 01:25:00,895.44
2020-08-05 01:25:00,895.44
2020-08-05 01:25:00,895.44
2020-08-05 01:25:00,895.44
2020-08-05 01:25:00,895.44
2020-08-05 01:25:00,895.44
2020-08-05 01:40:00,758.9
2020-08-05 01:40:00,758.9
2020-08-05 01:40:00,758.9
2020-08-05 01:40:00,758.9
2020-08-05 01:40:00,758.9
2020-08-05 01:40:00,758.9
2020-08-05 01:40:00,758.9
2020-08-05 01:40:00,758.9
2020-08-05 01:40:00,758.9
2020-08-05 01:40:00,758.9
2020-08-05 01:55:00,946.6
2020-08-05 01:55:00,946.6
2020-08-05 01:55:00,946.6
2020-08-05 01:55:00,946.6
2020-08-05 01:55:00,946.6
2020-08-05 01:55:00,946.6
2020-08-05 01:55:00,946.6
2020-08-05 01:55:00,946.6
2020-08-05 01:55:00,946.6
2020-08-05 01:55:00,946.6
2020-08-05 02:10:00,1134.31
2020-08-05 02:10:00,1134.31
2020-08-05 02:10:00,1134.31
2020-08-05 02:10:00,1134.31
2020-08-05 02:10:00,1134.31
2020-08-05 02:10:00,1134.31
2020-08-05 02:10:00,1134.31
2020-08-05 02:10:00,1134.31
2020-08-05 02:10:00,1134.31
2020-08-05 02:10:00,1134.31
2020-08-05 02:25:00,1082.5
2020-08-05 02:25:00,1082.5
2020-08-05 02:25:00,1082.5
2020-08-05 02:25:00,1082.5
2020-08-05 02:25:00,1082.5
2020-08-05 02:25:00,1082.5
2020-08-05 02:25:00,1082.5
2020-08-05 02:25:00,1082.5
2020-08-05 02:25:00,1082.5
2020-08-05 02:25:00,1082.5
2020-08-05 02:40:00,1030.7
2020-08-05 02:40:00,1030.7
2020-08-05 02:40:00,1030.7
2020-08-05 02:40:00,1030.7
2020-08-05 02:40:00,1030.7
2020-08-05 02:40:00,1030.7
2020-08-05 02:40:00,1030.7
2020-08-05 02:40:00,1030.7
2020-08-05 02:40:00,1030.7
2020-08-05 02:40:00,1030.7
2020-08-05 02:55:00,972.26
2020-08-05 02:55:00,972.26
2020-08-05 02:55:00,972.26
2020-08-05 02:55:00,972.26
2020-08-05 02:55:00,972.26
2020-08-05 02:55:00,972.26
2020-08-05 02:55:00,972.26
2020-08-05 02:55:00,972.26
2020-08-05 02:55:00,972.26
2020-08-05 02:55:00,972.26
2020-08-05 03:10:00,913.81
2020-08-05 03:10:00,913.81
2020-08-05 03:10:00,913.81
2020-08-05 03:10:00,913.81
2020-08-05 03:10:00,913.81
2020-08-05 03:10:00,913.81
2020-08-05 03:10:00,913.81
2020-08-05 03:10:00,913.81
2020-08-05 03:10:00,913.81
2020-08-05 03:10:00,913.81
2020-08-05 03:25:00,953.71
2020-08-05 03:25:00,953.71
2020-08-05 03:25:00,953.71
2020-08-05 03:25:00,953.71
2020-08-05 03:25:00,953.71
2020-08-05 03:25:00,953.71
2020-08-05 03:25:00,953.71
2020-08-05 03:25:00,953.71
2020-08-05 03:25:00,953.71
2020-08-05 03:25:00,953.71
2020-08-05 03:40:00,993.61
2020-08-05 03:40:00,993.61
2020-08-05 03:40:00,993.61
2020-08-05 03:40:00,993.61
2020-08-05 03:40:00,993.61
2020-08-05 03:40:00,993.61
2020-08-05 03:40:00,993.61
2020-08-05 03:40:00,993.61
2020-08-05 03:40:00,993.61
2020-08-05 03:40:00,993.61
2020-08-05 03:55:00,821.67
2020-08-05 03:55:00,821.67
2020-08-05 03:55:00,821.67
2020-08-05 03:55:00,821.67
2020-08-05 03:55:00,821.67
2020-08-05 03:55:00,821.67
2020-08-05 03:55:00,821.67
2020-08-05 03:55:00,821.67
2020-08-05 03:55:00,821.67
2020-08-05 03:55:00,821.67
2020-08-05 04:10:00,649.73
2020-08-05 04:10:00,649.73
2020-08-05 04:10:00,649.73
2020-08-05 04:10:00,649.73
2020-08-05 04:10:00,649.73
2020-08-05 04:10:00,649.73
2020-08-05 04:10:00,649.73
2020-08-05 04:10:00,649.73
2020-08-05 04:10:00,649.73
2020-08-05 04:10:00,649.73
2020-08-05 04:25:00,813.81
2020-08-05 04:25:00,813.81
2020-08-05 04:25:00,813.81
2020-08-05 04:25:00,813.81
2020-08-05 04:25:00,813.81
2020-08-05 04:25:00,813.81
2020-08-05 04:25:00,813.81
2020-08-05 04:25:00,813.81
2020-08-05 04:25:00,813.81
2020-08-05 04:25:00,813.81
2020-08-05 04:40:00,977.89
2020-08-05 04:40:00,977.89
2020-08-05 04:40:00,977.89
2020-08-05 04:40:00,977.89
2020-08-05 04:40:00,977.89
2020-08-05 04:40:00,977.89
2020-08-05 04:40:00,977.89
2020-08-05 04:40:00,977.89
2020-08-05 04:40:00,977.89
2020-08-05 04:40:00,977.89
2020-08-05 04:55:00,937.46
2020-08-05 04:55:00,937.46
2020-08-05 04:55:00,937.46
2020-08-05 04:55:00,937.46
2020-08-05 04:55:00,937.46
2020-08-05 04:55:00,937.46
2020-08-05 04:55:00,937.46
2020-08-05 04:55:00,937.46
2020-08-05 04:55:00,937.46
2020-08-05 04:55:00,937.46
2020-08-05 05:10:00,897.04
2020-08-05 05:10:00,897.04
2020-08-05 05:10:00,897.04
2020-08-05 05:10:00,897.04
2020-08-05 05:10:00,897.04
2020-08-05 05:10:00,897.04
2020-08-05 05:10:00,897.04
2020-08-05 05:10:00,897.04
2020-08-05 05:10:00,897.04
2020-08-05 05:10:00,897.04
2020-08-05 05:25:00,843.06
2020-08-05 05:25:00,843.06
2020-08-05 05:25:00,843.06
2020-08-05 05:25:00,843.06
2020-08-05 05:25:00,843.06
2020-08-05 05:25:00,843.06
2020-08-05 05:25:00,843.06
2020-08-05 05:25:00,843.06
2020-08-05 05:25:00,843.06
2020-08-05 05:25:00,843.06
2020-08-05 05:40:00,789.07
2020-08-05 05:40:00,789.07
2020-08-05 05:40:00,789.07
2020-08-05 05:40:00,789.07
2020-08-05 05:40:00,789.07
2020-08-05 05:40:00,789.07
2020-08-05 05:40:00,789.07
2020-08-05 05:40:00,789.07
2020-08-05 05:40:00,789.07
2020-08-05 05:40:00,789.07
2020-08-05 05:55:00,931.6
2020-08-05 05:55:00,931.6
2020-08-05 05:55:00,931.6
2020-08-05 05:55:00,931.6
2020-08-05 05:55:00,931.6
2020-08-05 05:55:00,931.6
2020-08-05 05:55:00,931.6
2020-08-05 05:55:00,931.6
2020-08-05 05:55:00,931.6
2020-08-05 05:55:00,931.6
2020-08-05 06:10:00,1074.13
2020-08-05 06:10:00,1074.13
2020-08-05 06:10:00,1074.13
2020-08-05 06:10:00,1074.13
2020-08-05 06:10:00,1074.13
2020-08-05 06:10:00,1074.13
2020-08-05 06:10:00,1074.13
2020-08-05 06:10:00,1074.13
2020-08-05 06:10:00,1074.13
2020-08-05 06:10:00,1074.13
2020-08-05 06:25:00,1059.56
2020-08-05 06:25:00,1059.56
2020-08-05 06:25:00,1059.56
2020-08-05 06:25:00,1059.56
2020-08-05 06:25:00,1059.56
2020-08-05 06:25:00,1059.56
2020-08-05 06:25:00,1059.56
2020-08-05 06:25:00,1059.56
2020-08-05 06:25:00,1059.56
2020-08-05 06:25:00,1059.56
2020-08-05 06:40:00,1044.98
2020-08-05 06:40:00,1044.98
2020-08-05 06:40:00,1044.98
2020-08-05 06:40:00,1044.98
2020-08-05 06:40:00,1044.98
2020-08-05 06:40:00,1044.98
2020-08-05 06:40:00,1044.98
2020-08-05 06:40:00,1044.98
2020-08-05 06:40:00,1044.98
2020-08-05 06:40:00,1044.98
2020-08-05 06:55:00,895.62
2020-08-05 06:55:00,895.62
2020-08-05 06:55:00,895.62
2020-08-05 06:55:00,895.62
2020-08-05 06:55:00,895.62
2020-08-05 06:55:00,895.62
2020-08-05 06:55:00,895.62
2020-08-05 06:55:00,895.62
2020-08-05 06:55:00,895.62
2020-08-05 06:55:00,895.62
2020-08-05 07:10:00,746.25
2020-08-05 07:10:00,746.25
2020-08-05 07:10:00,746.25
2020-08-05 07:10:00,746.25
2020-08-05 07:10:00,746.25
2020-08-05 07:10:00,746.25
2020-08-05 07:10:00,746.25
2020-08-05 07:10:00,746.25
2020-08-05 07:10:00,746.25
2020-08-05 07:10:00,746.25
2020-08-05 07:25:00,739.92
2020-08-05 07:25:00,739.92
2020-08-05 07:25:00,739.92
2020-08-05 07:25:00,739.92
2020-08-05 07:25:00,739.92
2020-08-05 07:25:00,739.92
2020-08-05 07:25:00,739.92
2020-08-05 07:25:00,739.92
2020-08-05 07:25:00,739.92
2020-08-05 07:25:00,739.92
2020-08-05 07:40:00,733.58
2020-08-05 07:40:00,733.58
2020-08-05 07:40:00,733.58
2020-08-05 07:40:00,733.58
2020-08-05 07:40:00,733.58
2020-08-05 07:40:00,733.58
2020-08-05 07:40:00,733.58
2020-08-05 07:40:00,733.58
2020-08-05 07:40:00,733.58
2020-08-05 07:40:00,733.58
2020-08-05 07:55:00,689.1
2020-08-05 07:55:00,689.1
2020-08-05 07:55:00,689.1
2020-08-05 07:55:00,689.1
2020-08-05 07:55:00,689.1
2020-08-05 07:55:00,689.1
2020-08-05 07:55:00,689.1
2020-08-05 07:55:00,689.1
2020-08-05 07:55:00,689.1
2020-08-05 07:55:00,689.1
2020-08-05 08:10:00,644.62
2020-08-05 08:10:00,644.62
2020-08-05 08:10:00,644.62
2020-08-05 08:10:00,644.62
2020-08-05 08:10:00,644.62
2020-08-05 08:10:00,644.62
2020-08-05 08:10:00,644.62
2020-08-05 08:10:00,644.62
2020-08-05 08:10:00,644.62
2020-08-05 08:10:00,644.62
2020-08-05 08:25:00,731.34
2020-08-05 08:25:00,731.34
2020-08-05 08:25:00,731.34
2020-08-05 08:25:00,731.34
2020-08-05 08:25:00,731.34
2020-08-05 08:25:00,731.34
2020-08-05 08:25:00,731.34
2020-08-05 08:25:00,731.34
2020-08-05 08:25:00,731.34
2020-08-05 08:25:00,731.34
2020-08-05 08:40:00,818.07
2020-08-05 08:40:00,818.07
2020-08-05 08:40:00,818.07
2020-08-05 08:40:00,818.07
2020-08-05 08:40:00,818.07
2020-08-05 08:40:00,818.07
2020-08-05 08:40:00,818.07
2020-08-05 08:40:00,818.07
2020-08-05 08:40:00,818.07
2020-08-05 08:40:00,818.07
2020-08-05 08:55:00,784.26
2020-08-05 08:55:00,784.26
2020-08-05 08:55:00,784.26
2020-08-05 08:55:00,784.26
2020-08-05 08:55:00,784.26
2020-08-05 08:55:00,784.26
2020-08-05 08:55:00,784.26
2020-08-05 08:55:00,784.26
2020-08-05 08:55:00,784.26
2020-08-05 08:55:00,784.26
2020-08-05 09:10:00,750.44
2020-08-05 09:10:00,750.44
2020-08-05 09:10:00,750.44
2020-08-05 09:10:00,750.44
2020-08-05 09:10:00,750.44
2020-08-05 09:10:00,750.44
2020-08-05 09:10:00,750.44
2020-08-05 09:10:00,750.44
2020-08-05 09:10:00,750.44
2020-08-05 09:10:00,750.44
2020-08-05 09:25:00,731.25
2020-08-05 09:25:00,731.25
2020-08-05 09:25:00,731.25
2020-08-05 09:25:00,731.25
2020-08-05 09:25:00,731.25
2020-08-05 09:25:00,731.25
2020-08-05 09:25:00,731.25
2020-08-05 09:25:00,731.25
2020-08-05 09:25:00,731.25
2020-08-05 09:25:00,731.25
2020-08-05 09:40:00,712.06
2020-08-05 09:40:00,712.06
2020-08-05 09:40:00,712.06
2020-08-05 09:40:00,712.06
2020-08-05 09:40:00,712.06
2020-08-05 09:40:00,712.06
2020-08-05 09:40:00,712.06
2020-08-05 09:40:00,712.06
2020-08-05 09:40:00,712.06
2020-08-05 09:40:00,712.06
2020-08-05 09:55:00,769.32
2020-08-05 09:55:00,769.32
2020-08-05 09:55:00,769.32
2020-08-05 09:55:00,769.32
2020-08-05 09:55:00,769.32
2020-08-05 09:55:00,769.32
2020-08-05 09:55:00,769.32
2020-08-05 09:55:00,769.32
2020-08-05 09:55:00,769.32
2020-08-05 09:55:00,769.32
2020-08-05 10:10:00,826.57
2020-08-05 10:10:00,826.57
2020-08-05 10:10:00,826.57
2020-08-05 10:10:00,826.57
2020-08-05 10:10:00,826.57
2020-08-05 10:10:00,826.57
2020-08-05 10:10:00,826.57
2020-08-05 10:10:00,826.57
2020-08-05 10:10:00,826.57
2020-08-05 10:10:00,826.57
2020-08-05 10:25:00,942.4
2020-08-05 10:25:00,942.4
2020-08-05 10:25:00,942.4
2020-08-05 10:25:00,942.4
2020-08-05 10:25:00,942.4
2020-08-05 10:25:00,942.4
2020-08-05 10:25:00,942.4
2020-08-05 10:25:00,942.4
2020-08-05 10:25:00,942.4
2020-08-05 10:25:00,942.4
2020-08-05 10:40:00,1058.24
2020-08-05 10:40:00,1058.24
2020-08-05 10:40:00,1058.24
2020-08-05 10:40:00,1058.24
2020-08-05 10:40:00,1058.24
2020-08-05 10:40:00,1058.24
2020-08-05 10:40:00,1058.24
2020-08-05 10:40:00,1058.24
2020-08-05 10:40:00,1058.24
2020-08-05 10:40:00,1058.24
2020-08-05 10:55:00,914.26
2020-08-05 10:55:00,914.26
2020-08-05 10:55:00,914.26
2020-08-05 10:55:00,914.26
2020-08-05 10:55:00,914.26
2020-08-05 10:55:00,914.26
2020-08-05 10:55:00,914.26
2020-08-05 10:55:00,914.26
2020-08-05 10:55:00,914.26
2020-08-05 10:55:00,914.26
2020-08-05 11:10:00,770.29
2020-08-05 11:10:00,770.29
2020-08-05 11:10:00,770.29
2020-08-05 11:10:00,770.29
2020-08-05 11:10:00,770.29
2020-08-05 11:10:00,770.29
2020-08-05 11:10:00,770.29
2020-08-05 11:10:00,770.29
2020-08-05 11:10:00,770.29
2020-08-05 11:10:00,770.29
2020-08-05 11:25:00,599.68
2020-08-05 11:25:00,599.68
2020-08-05 11:25:00,599.68
2020-08-05 11:25:00,599.68
2020-08-05 11:25:00,599.68
2020-08-05 11:25:00,599.68
2020-08-05 11:25:00,599.68
2020-08-05 11:25:00,599.68
2020-08-05 11:25:00,599.68
2020-08-05 11:25:00,599.68
2020-08-05 11:40:00,429.07
2020-08-05 11:40:00,429.07
2020-08-05 11:40:00,429.07
2020-08-05 11:40:00,429.07
2020-08-05 11:40:00,429.07
2020-08-05 11:40:00,429.07
2020-08-05 11:40:00,429.07
2020-08-05 11:40:00,429.07
2020-08-05 11:40:00,429.07
2020-08-05 11:40:00,429.07
2020-08-05 11:55:00,329.34
2020-08-05 11:55:00,329.34
2020-08-05 11:55:00,329.34
2020-08-05 11:55:00,329.34
2020-08-05 11:55:00,329.34
2020-08-05 11:55:00,329.34
2020-08-05 11:55:00,329.34
2020-08-05 11:55:00,329.34
2020-08-05 11:55:00,329.34
2020-08-05 11:55:00,329.34
2020-08-05 12:10:00,229.62
2020-08-05 12:10:00,229.62
2020-08-05 12:10:00,229.62
2020-08-05 12:10:00,229.62
2020-08-05 12:10:00,229.62
2020-08-05 12:10:00,229.62
2020-08-05 12:10:00,229.62
2020-08-05 12:10:00,229.62
2020-08-05 12:10:00,229.62
2020-08-05 12:10:00,229.62
2020-08-05 12:25:00,163.59
2020-08-05 12:25:00,163.59
2020-08-05 12:25:00,163.59
2020-08-05 12:25:00,163.59
2020-08-05 12:25:00,163.59
2020-08-05 12:25:00,163.59
2020-08-05 12:25:00,163.59
2020-08-05 12:25:00,163.59
2020-08-05 12:25:00,163.59
2020-08-05 12:25:00,163.59
2020-08-05 12:40:00,97.55
2020-08-05 12:40:00,97.55
2020-08-05 12:40:00,97.55
2020-08-05 12:40:00,97.55
2020-08-05 12:40:00,97.55
2020-08-05 12:40:00,97.55
2020-08-05 12:40:00,97.55
2020-08-05 12:40:00,97.55
2020-08-05 12:40:00,97.55
2020-08-05 12:40:00,97.55
2020-08-05 12:55:00,107.56
2020-08-05 12:55:00,107.56
2020-08-05 12:55:00,107.56
2020-08-05 12:55:00,107.56
2020-08-05 12:55:00,107.56
2020-08-05 12:55:00,107.56
2020-08-05 12:55:00,107.56
2020-08-05 12:55:00,107.56
2020-08-05 12:55:00,107.56
2020-08-05 12:55:00,107.56
2020-08-05 13:10:00,117.56
2020-08-05 13:10:00,117.56
2020-08-05 13:10:00,117.56
2020-08-05 13:10:00,117.56
2020-08-05 13:10:00,117.56
2020-08-05 13:10:00,117.56
2020-08-05 13:10:00,117.56
2020-08-05 13:10:00,117.56
2020-08-05 13:10:00,117.56
2020-08-05 13:10:00,117.56
2020-08-05 13:25:00,79.55
2020-08-05 13:25:00,79.55
2020-08-05 13:25:00,79.55
2020-08-05 13:25:00,79.55
2020-08-05 13:25:00,79.55
2020-08-05 13:25:00,79.55
2020-08-05 13:25:00,79.55
2020-08-05 13:25:00,79.55
2020-08-05 13:25:00,79.55
2020-08-05 13:25:00,79.55
2020-08-05 13:40:00,41.54
2020-08-05 13:40:00,41.54
2020-08-05 13:40:00,41.54
2020-08-05 13:40:00,41.54
2020-08-05 13:40:00,41.54
2020-08-05 13:40:00,41.54
2020-08-05 13:40:00,41.54
2020-08-05 13:40:00,41.54
2020-08-05 13:40:00,41.54
2020-08-05 13:40:00,41.54
2020-08-05 13:55:00,20.61
2020-08-05 13:55:00,20.61
2020-08-05 13:55:00,20.61
2020-08-05 13:55:00,20.61
2020-08-05 13:55:00,20.61
2020-08-05 13:55:00,20.61
2020-08-05 13:55:00,20.61
2020-08-05 13:55:00,20.61
2020-08-05 13:55:00,20.61
2020-08-05 13:55:00,20.61
2020-08-05 14:10:00,0.0
2020-08-05 14:10:00,0.0
2020-08-05 14:10:00,0.0
2020-08-05 14:10:00,0.0
2020-08-05 14:10:00,0.0
2020-08-05 14:10:00,0.0
2020-08-05 14:10:00,0.0
2020-08-05 14:10:00,0.0
2020-08-05 14:10:00,0.0
2020-08-05 14:10:00,0.0
2020-08-05 14:25:00,6.38
2020-08-05 14:25:00,6.38
2020-08-05 14:25:00,6.38
2020-08-05 14:25:00,6.38
2020-08-05 14:25:00,6.38
2020-08-05 14:25:00,6.38
2020-08-05 14:25:00,6.38
2020-08-05 14:25:00,6.38
2020-08-05 14:25:00,6.38
2020-08-05 14:25:00,6.38
2020-08-05 14:40:00,13.08
2020-08-05 14:40:00,13.08
2020-08-05 14:40:00,13.08
2020-08-05 14:40:00,13.08
2020-08-05 14:40:00,13.08
2020-08-05 14:40:00,13.08
2020-08-05 14:40:00,13.08
2020-08-05 14:40:00,13.08
2020-08-05 14:40:00,13.08
2020-08-05 14:40:00,13.08
2020-08-05 14:55:00,102.86
2020-08-05 14:55:00,102.86
2020-08-05 14:55:00,102.86
2020-08-05 14:55:00,102.86
2020-08-05 14:55:00,102.86
2020-08-05 14:55:00,102.86
2020-08-05 14:55:00,102.86
2020-08-05 14:55:00,102.86
2020-08-05 14:55:00,102.86
2020-08-05 14:55:00,102.86
2020-08-05 15:10:00,192.63
2020-08-05 15:10:00,192.63
2020-08-05 15:10:00,192.63
2020-08-05 15:10:00,192.63
2020-08-05 15:10:00,192.63
2020-08-05 15:10:00,192.63
2020-08-05 15:10:00,192.63
2020-08-05 15:10:00,192.63
2020-08-05 15:10:00,192.63
2020-08-05 15:10:00,192.63
2020-08-05 15:25:00,215.71
2020-08-05 15:25:00,215.71
2020-08-05 15:25:00,215.71
2020-08-05 15:25:00,215.71
2020-08-05 15:25:00,215.71
2020-08-05 15:25:00,215.71
2020-08-05 15:25:00,215.71
2020-08-05 15:25:00,215.71
2020-08-05 15:25:00,215.71
2020-08-05 15:25:00,215.71
2020-08-05 15:40:00,238.79
2020-08-05 15:40:00,238.79
2020-08-05 15:40:00,238.79
2020-08-05 15:40:00,238.79
2020-08-05 15:40:00,238.79
2020-08-05 15:40:00,238.79
2020-08-05 15:40:00,238.79
2020-08-05 15:40:00,238.79
2020-08-05 15:40:00,238.79
2020-08-05 15:40:00,238.79
2020-08-05 15:55:00,263.2
2020-08-05 15:55:00,263.2
2020-08-05 15:55:00,263.2
2020-08-05 15:55:00,263.2
2020-08-05 15:55:00,263.2
2020-08-05 15:55:00,263.2
2020-08-05 15:55:00,263.2
2020-08-05 15:55:00,263.2
2020-08-05 15:55:00,263.2
2020-08-05 15:55:00,263.2
2020-08-05 16:10:00,287.62
2020-08-05 16:10:00,287.62
2020-08-05 16:10:00,287.62
2020-08-05 16:10:00,287.62
2020-08-05 16:10:00,287.62
2020-08-05 16:10:00,287.62
2020-08-05 16:10:00,287.62
2020-08-05 16:10:00,287.62
2020-08-05 16:10:00,287.62
2020-08-05 16:10:00,287.62
2020-08-05 16:25:00,332.22
2020-08-05 16:25:00,332.22
2020-08-05 16:25:00,332.22
2020-08-05 16:25:00,332.22
2020-08-05 16:25:00,332.22
2020-08-05 16:25:00,332.22
2020-08-05 16:25:00,332.22
2020-08-05 16:25:00,332.22
2020-08-05 16:25:00,332.22
2020-08-05 16:25:00,332.22
2020-08-05 16:40:00,376.82
2020-08-05 16:40:00,376.82
2020-08-05 16:40:00,376.82
2020-08-05 16:40:00,376.82
2020-08-05 16:40:00,376.82
2020-08-05 16:40:00,376.82
2020-08-05 16:40:00,376.82
2020-08-05 16:40:00,376.82
2020-08-05 16:40:00,376.82
2020-08-05 16:40:00,376.82
2020-08-05 16:55:00,386.75
2020-08-05 16:55:00,386.75
2020-08-05 16:55:00,386.75
2020-08-05 16:55:00,386.75
2020-08-05 16:55:00,386.75
2020-08-05 16:55:00,386.75
2020-08-05 16:55:00,386.75
2020-08-05 16:55:00,386.75
2020-08-05 16:55:00,386.75
2020-08-05 16:55:00,386.75
2020-08-05 17:10:00,396.68
2020-08-05 17:10:00,396.68
2020-08-05 17:10:00,396.68
2020-08-05 17:10:00,396.68
2020-08-05 17:10:00,396.68
2020-08-05 17:10:00,396.68
2020-08-05 17:10:00,396.68
2020-08-05 17:10:00,396.68
2020-08-05 17:10:00,396.68
2020-08-05 17:10:00,396.68
2020-08-05 17:25:00,316.34
2020-08-05 17:25:00,316.34
2020-08-05 17:25:00,316.34
2020-08-05 17:25:00,316.34
2020-08-05 17:25:00,316.34
2020-08-05 17:25:00,316.34
2020-08-05 17:25:00,316.34
2020-08-05 17:25:00,316.34
2020-08-05 17:25:00,316.34
2020-08-05 17:25:00,316.34
2020-08-05 17:40:00,236.0
2020-08-05 17:40:00,236.0
2020-08-05 17:40:00,236.0
2020-08-05 17:40:00,236.0
2020-08-05 17:40:00,236.0
2020-08-05 17:40:00,236.0
2020-08-05 17:40:00,236.0
2020-08-05 17:40:00,236.0
2020-08-05 17:40:00,236.0
2020-08-05 17:40:00,236.0
2020-08-05 17:55:00,295.59
2020-08-05 17:55:00,295.59
2020-08-05 17:55:00,295.59
2020-08-05 17:55:00,295.59
2020-08-05 17:55:00,295.59
2020-08-05 17:55:00,295.59
2020-08-05 17:55:00,295.59
2020-08-05 17:55:00,295.59
2020-08-05 17:55:00,295.59
2020-08-05 17:55:00,295.59
2020-08-05 18:10:00,355.18
2020-08-05 18:10:00,355.18
2020-08-05 18:10:00,355.18
2020-08-05 18:10:00,355.18
2020-08-05 18:10:00,355.18
2020-08-05 18:10:00,355.18
2020-08-05 18:10:00,355.18
2020-08-05 18:10:00,355.18
2020-08-05 18:10:00,355.18
2020-08-05 18:10:00,355.18
2020-08-05 18:25:00,335.24
2020-08-05 18:25:00,335.24
2020-08-05 18:25:00,335.24
2020-08-05 18:25:00,335.24
2020-08-05 18:25:00,335.24
2020-08-05 18:25:00,335.24
2020-08-05 18:25:00,335.24
2020-08-05 18:25:00,335.24
2020-08-05 18:25:00,335.24
2020-08-05 18:25:00,335.24
2020-08-05 18:40:00,315.3
2020-08-05 18:40:00,315.3
2020-08-05 18:40:00,315.3
2020-08-05 18:40:00,315.3
2020-08-05 18:40:00,315.3
2020-08-05 18:40:00,315.3
2020-08-05 18:40:00,315.3
2020-08-05 18:40:00,315.3
2020-08-05 18:40:00,315.3
2020-08-05 18:40:00,315.3
2020-08-05 18:55:00,157.5
2020-08-05 18:55:00,157.5
2020-08-05 18:55:00,157.5
2020-08-05 18:55:00,157.5
2020-08-05 18:55:00,157.5
2020-08-05 18:55:00,157.5
2020-08-05 18:55:00,157.5
2020-08-05 18:55:00,157.5
2020-08-05 18:55:00,157.5
2020-08-05 18:55:00,157.5
2020-08-05 19:10:00,0.0
2020-08-05 19:10:00,0.0
2020-08-05 19:10:00,0.0
2020-08-05 19:10:00,0.0
2020-08-05 19:10:00,0.0
2020-08-05 19:10:00,0.0
2020-08-05 19:10:00,0.0
2020-08-05 19:10:00,0.0
2020-08-05 19:10:00,0.0
2020-08-05 19:10:00,0.0
2020-08-05 19:25:00,0.0
2020-08-05 19:25:00,0.0
2020-08-05 19:25:00,0.0
2020-08-05 19:25:00,0.0
2020-08-05 19:25:00,0.0
2020-08-05 19:25:00,0.0
2020-08-05 19:25:00,0.0
2020-08-05 19:25:00,0.0
2020-08-05 19:25:00,0.0
2020-08-05 19:25:00,0.0
2020-08-05 19:40:00,0.0
2020-08-05 19:40:00,0.0
2020-08-05 19:40:00,0.0
2020-08-05 19:40:00,0.0
2020-08-05 19:40:00,0.0
2020-08-05 19:40:00,0.0
2020-08-05 19:40:00,0.0
2020-08-05 19:40:00,0.0
2020-08-05 19:40:00,0.0
2020-08-05 19:40:00,0.0
2020-08-05 19:55:00,0.0
2020-08-05 19:55:00,0.0
2020-08-05 19:55:00,0.0
2020-08-05 19:55:00,0.0
2020-08-05 19:55:00,0.0
2020-08-05 19:55:00,0.0
2020-08-05 19:55:00,0.0
2020-08-05 19:55:00,0.0
2020-08-05 19:55:00,0.0
2020-08-05 19:55:00,0.0
2020-08-05 20:10:00,0.0
2020-08-05 20:10:00,0.0
2020-08-05 20:10:00,0.0
2020-08-05 20:10:00,0.0
2020-08-05 20:10:00,0.0
2020-08-05 20:10:00,0.0
2020-08-05 20:10:00,0.0
2020-08-05 20:10:00,0.0
2020-08-05 20:10:00,0.0
2020-08-05 20:10:00,0.0
2020-08-05 20:25:00,723.04
2020-08-05 20:25:00,723.04
2020-08-05 20:25:00,723.04
2020-08-05 20:25:00,723.04
2020-08-05 20:25:00,723.04
2020-08-05 20:25:00,723.04
2020-08-05 20:25:00,723.04
2020-08-05 20:25:00,723.04
2020-08-05 20:25:00,723.04
2020-08-05 20:25:00,723.04
2020-08-05 20:40:00,889.2375
2020-08-05 20:40:00,889.2375
2020-08-05 20:40:00,889.2375
2020-08-05 20:40:00,889.2375
2020-08-05 20:40:00,889.2375
2020-08-05 20:40:00,889.2375
2020-08-05 20:40:00,889.2375
2020-08-05 20:40:00,889.2375
2020-08-05 20:40:00,889.2375
2020-08-05 20:40:00,889.2375
2020-08-05 20:55:00,1055.4349
2020-08-05 20:55:00,1055.4349
2020-08-05 20:55:00,1055.4349
2020-08-05 20:55:00,1055.4349
2020-08-05 20:55:00,1055.4349
2020-08-05 20:55:00,1055.4349
2020-08-05 20:55:00,1055.4349
2020-08-05 20:55:00,1055.4349
2020-08-05 20:55:00,1055.4349
2020-08-05 20:55:00,1055.4349
2020-08-05 21:10:00,1221.6324
2020-08-05 21:10:00,1221.6324
2020-08-05 21:10:00,1221.6324
2020-08-05 21:10:00,1221.6324
2020-08-05 21:10:00,1221.6324
2020-08-05 21:10:00,1221.6324
2020-08-05 21:10:00,1221.6324
2020-08-05 21:10:00,1221.6324
2020-08-05 21:10:00,1221.6324
2020-08-05 21:10:00,1221.6324
2020-08-05 21:25:00,1387.83
2020-08-05 21:25:00,1387.83
2020-08-05 21:25:00,1387.83
2020-08-05 21:25:00,1387.83
2020-08-05 21:25:00,1387.83
2020-08-05 21:25:00,1387.83
2020-08-05 21:25:00,1387.83
2020-08-05 21:25:00,1387.83
2020-08-05 21:25:00,1387.83
2020-08-05 21:25:00,1387.83
2020-08-05 21:40:00,1317.14
2020-08-05 21:40:00,1317.14
2020-08-05 21:40:00,1317.14
2020-08-05 21:40:00,1317.14
2020-08-05 21:40:00,1317.14
2020-08-05 21:40:00,1317.14
2020-08-05 21:40:00,1317.14
2020-08-05 21:40:00,1317.14
2020-08-05 21:40:00,1317.14
2020-08-05 21:40:00,1317.14
2020-08-05 21:55:00,658.42
2020-08-05 21:55:00,658.42
2020-08-05 21:55:00,658.42
2020-08-05 21:55:00,658.42
2020-08-05 21:55:00,658.42
2020-08-05 21:55:00,658.42
2020-08-05 21:55:00,658.42
2020-08-05 21:55:00,658.42
2020-08-05 21:55:00,658.42
2020-08-05 21:55:00,658.42
2020-08-05 22:10:00,0.0
2020-08-05 22:10:00,0.0
2020-08-05 22:10:00,0.0
2020-08-05 22:10:00,0.0
2020-08-05 22:10:00,0.0
2020-08-05 22:10:00,0.0
2020-08-05 22:10:00,0.0
2020-08-05 22:10:00,0.0
2020-08-05 22:10:00,0.0
2020-08-05 22:10:00,0.0
2020-08-05 22:25:00,0.0
2020-08-05 22:25:00,0.0
2020-08-05 22:25:00,0.0
2020-08-05 22:25:00,0.0
2020-08-05 22:25:00,0.0
2020-08-05 22:25:00,0.0
2020-08-05 22:25:00,0.0
2020-08-05 22:25:00,0.0
2020-08-05 22:25:00,0.0
2020-08-05 22:25:00,0.0
2020-08-05 22:40:00,0.0
2020-08-05 22:40:00,0.0
2020-08-05 22:40:00,0.0
2020-08-05 22:40:00,0.0
2020-08-05 22:40:00,0.0
2020-08-05 22:40:00,0.0
2020-08-05 22:40:00,0.0
2020-08-05 22:40:00,0.0
2020-08-05 22:40:00,0.0
2020-08-05 22:40:00,0.0
2020-08-05 22:55:00,610.55
2020-08-05 22:55:00,610.55
2020-08-05 22:55:00,610.55
2020-08-05 22:55:00,610.55
2020-08-05 22:55:00,610.55
2020-08-05 22:55:00,610.55
2020-08-05 22:55:00,610.55
2020-08-05 22:55:00,610.55
2020-08-05 22:55:00,610.55
2020-08-05 22:55:00,610.55
2020-08-05 23:10:00,1221.4
2020-08-05 23:10:00,1221.4
2020-08-05 23:10:00,1221.4
2020-08-05 23:10:00,1221.4
2020-08-05 23:10:00,1221.4
2020-08-05 23:10:00,1221.4
2020-08-05 23:10:00,1221.4
2020-08-05 23:10:00,1221.4
2020-08-05 23:10:00,1221.4
2020-08-05 23:10:00,1221.4
2020-08-05 23:25:00,875.1
2020-08-05 23:25:00,875.1
2020-08-05 23:25:00,875.1
2020-08-05 23:25:00,875.1
2020-08-05 23:25:00,875.1
2020-08-05 23:25:00,875.1
2020-08-05 23:25:00,875.1
2020-08-05 23:25:00,875.1
2020-08-05 23:25:00,875.1
2020-08-05 23:25:00,875.1
2020-08-05 23:40:00,528.81
2020-08-05 23:40:00,528.81
2020-08-05 23:40:00,528.81
2020-08-05 23:40:00,528.81
2020-08-05 23:40:00,528.81
2020-08-05 23:40:00,528.81
2020-08-05 23:40:00,528.81
2020-08-05 23:40:00,528.81
2020-08-05 23:40:00,528.81
2020-08-05 23:40:00,528.81
2020-08-05 23:55:00,565.23
2020-08-05 23:55:00,565.23
2020-08-05 23:55:00,565.23
2020-08-05 23:55:00,565.23
2020-08-05 23:55:00,565.23
2020-08-05 23:55:00,565.23
2020-08-05 23:55:00,565.23
2020-08-05 23:55:00,565.23
2020-08-05 23:55:00,565.23
2020-08-05 23:55:00,565.23
2020-08-06 00:10:00,601.65
2020-08-06 00:10:00,601.65
2020-08-06 00:10:00,601.65
2020-08-06 00:10:00,601.65
2020-08-06 00:10:00,601.65
2020-08-06 00:10:00,601.65
2020-08-06 00:10:00,601.65
2020-08-06 00:10:00,601.65
2020-08-06 00:10:00,601.65
2020-08-06 00:10:00,601.65
2020-08-06 00:25:00,480.72
2020-08-06 00:25:00,480.72
2020-08-06 00:25:00,480.72
2020-08-06 00:25:00,480.72
2020-08-06 00:25:00,480.72
2020-08-06 00:25:00,480.72
2020-08-06 00:25:00,480.72
2020-08-06 00:25:00,480.72
2020-08-06 00:25:00,480.72
2020-08-06 00:25:00,480.72
2020-08-06 00:40:00,359.79
2020-08-06 00:40:00,359.79
2020-08-06 00:40:00,359.79
2020-08-06 00:40:00,359.79
2020-08-06 00:40:00,359.79
2020-08-06 00:40:00,359.79
2020-08-06 00:40:00,359.79
2020-08-06 00:40:00,359.79
2020-08-06 00:40:00,359.79
2020-08-06 00:40:00,359.79
2020-08-06 00:55:00,245.72
2020-08-06 00:55:00,245.72
2020-08-06 00:55:00,245.72
2020-08-06 00:55:00,245.72
2020-08-06 00:55:00,245.72
2020-08-06 00:55:00,245.72
2020-08-06 00:55:00,245.72
2020-08-06 00:55:00,245.72
2020-08-06 00:55:00,245.72
2020-08-06 00:55:00,245.72
2020-08-06 01:10:00,131.65
2020-08-06 01:10:00,131.65
2020-08-06 01:10:00,131.65
2020-08-06 01:10:00,131.65
2020-08-06 01:10:00,131.65
2020-08-06 01:10:00,131.65
2020-08-06 01:10:00,131.65
2020-08-06 01:10:00,131.65
2020-08-06 01:10:00,131.65
2020-08-06 01:10:00,131.65
2020-08-06 01:25:00,208.38
2020-08-06 01:25:00,208.38
2020-08-06 01:25:00,208.38
2020-08-06 01:25:00,208.38
2020-08-06 01:25:00,208.38
2020-08-06 01:25:00,208.38
2020-08-06 01:25:00,208.38
2020-08-06 01:25:00,208.38
2020-08-06 01:25:00,208.38
2020-08-06 01:25:00,208.38
2020-08-06 01:40:00,285.11
2020-08-06 01:40:00,285.11
2020-08-06 01:40:00,285.11
2020-08-06 01:40:00,285.11
2020-08-06 01:40:00,285.11
2020-08-06 01:40:00,285.11
2020-08-06 01:40:00,285.11
2020-08-06 01:40:00,285.11
2020-08-06 01:40:00,285.11
2020-08-06 01:40:00,285.11
2020-08-06 01:55:00,322.62
2020-08-06 01:55:00,322.62
2020-08-06 01:55:00,322.62
2020-08-06 01:55:00,322.62
2020-08-06 01:55:00,322.62
2020-08-06 01:55:00,322.62
2020-08-06 01:55:00,322.62
2020-08-06 01:55:00,322.62
2020-08-06 01:55:00,322.62
2020-08-06 01:55:00,322.62
2020-08-06 02:10:00,360.12
2020-08-06 02:10:00,360.12
2020-08-06 02:10:00,360.12
2020-08-06 02:10:00,360.12
2020-08-06 02:10:00,360.12
2020-08-06 02:10:00,360.12
2020-08-06 02:10:00,360.12
2020-08-06 02:10:00,360.12
2020-08-06 02:10:00,360.12
2020-08-06 02:10:00,360.12
2020-08-06 02:25:00,404.22
2020-08-06 02:25:00,404.22
2020-08-06 02:25:00,404.22
2020-08-06 02:25:00,404.22
2020-08-06 02:25:00,404.22
2020-08-06 02:25:00,404.22
2020-08-06 02:25:00,404.22
2020-08-06 02:25:00,404.22
2020-08-06 02:25:00,404.22
2020-08-06 02:25:00,404.22
2020-08-06 02:40:00,448.31
2020-08-06 02:40:00,448.31
2020-08-06 02:40:00,448.31
2020-08-06 02:40:00,448.31
2020-08-06 02:40:00,448.31
2020-08-06 02:40:00,448.31
2020-08-06 02:40:00,448.31
2020-08-06 02:40:00,448.31
2020-08-06 02:40:00,448.31
2020-08-06 02:40:00,448.31
2020-08-06 02:55:00,514.88
2020-08-06 02:55:00,514.88
2020-08-06 02:55:00,514.88
2020-08-06 02:55:00,514.88
2020-08-06 02:55:00,514.88
2020-08-06 02:55:00,514.88
2020-08-06 02:55:00,514.88
2020-08-06 02:55:00,514.88
2020-08-06 02:55:00,514.88
2020-08-06 02:55:00,514.88
2020-08-06 03:10:00,581.46
2020-08-06 03:10:00,581.46
2020-08-06 03:10:00,581.46
2020-08-06 03:10:00,581.46
2020-08-06 03:10:00,581.46
2020-08-06 03:10:00,581.46
2020-08-06 03:10:00,581.46
2020-08-06 03:10:00,581.46
2020-08-06 03:10:00,581.46
2020-08-06 03:10:00,581.46
2020-08-06 03:25:00,645.35
2020-08-06 03:25:00,645.35
2020-08-06 03:25:00,645.35
2020-08-06 03:25:00,645.35
2020-08-06 03:25:00,645.35
2020-08-06 03:25:00,645.35
2020-08-06 03:25:00,645.35
2020-08-06 03:25:00,645.35
2020-08-06 03:25:00,645.35
2020-08-06 03:25:00,645.35
2020-08-06 03:40:00,709.24
2020-08-06 03:40:00,709.24
2020-08-06 03:40:00,709.24
2020-08-06 03:40:00,709.24
2020-08-06 03:40:00,709.24
2020-08-06 03:40:00,709.24
2020-08-06 03:40:00,709.24
2020-08-06 03:40:00,709.24
2020-08-06 03:40:00,709.24
2020-08-06 03:40:00,709.24
2020-08-06 03:55:00,632.48
2020-08-06 03:55:00,632.48
2020-08-06 03:55:00,632.48
2020-08-06 03:55:00,632.48
2020-08-06 03:55:00,632.48
2020-08-06 03:55:00,632.48
2020-08-06 03:55:00,632.48
2020-08-06 03:55:00,632.48
2020-08-06 03:55:00,632.48
2020-08-06 03:55:00,632.48
2020-08-06 04:10:00,555.72
2020-08-06 04:10:00,555.72
2020-08-06 04:10:00,555.72
2020-08-06 04:10:00,555.72
2020-08-06 04:10:00,555.72
2020-08-06 04:10:00,555.72
2020-08-06 04:10:00,555.72
2020-08-06 04:10:00,555.72
2020-08-06 04:10:00,555.72
2020-08-06 04:10:00,555.72
2020-08-06 04:25:00,483.02
2020-08-06 04:25:00,483.02
2020-08-06 04:25:00,483.02
2020-08-06 04:25:00,483.02
2020-08-06 04:25:00,483.02
2020-08-06 04:25:00,483.02
2020-08-06 04:25:00,483.02
2020-08-06 04:25:00,483.02
2020-08-06 04:25:00,483.02
2020-08-06 04:25:00,483.02
2020-08-06 04:40:00,410.31
2020-08-06 04:40:00,410.31
2020-08-06 04:40:00,410.31
2020-08-06 04:40:00,410.31
2020-08-06 04:40:00,410.31
2020-08-06 04:40:00,410.31
2020-08-06 04:40:00,410.31
2020-08-06 04:40:00,410.31
2020-08-06 04:40:00,410.31
2020-08-06 04:40:00,410.31
2020-08-06 04:55:00,381.4
2020-08-06 04:55:00,381.4
2020-08-06 04:55:00,381.4
2020-08-06 04:55:00,381.4
2020-08-06 04:55:00,381.4
2020-08-06 04:55:00,381.4
2020-08-06 04:55:00,381.4
2020-08-06 04:55:00,381.4
2020-08-06 04:55:00,381.4
2020-08-06 04:55:00,381.4
2020-08-06 05:10:00,352.49
2020-08-06 05:10:00,352.49
2020-08-06 05:10:00,352.49
2020-08-06 05:10:00,352.49
2020-08-06 05:10:00,352.49
2020-08-06 05:10:00,352.49
2020-08-06 05:10:00,352.49
2020-08-06 05:10:00,352.49
2020-08-06 05:10:00,352.49
2020-08-06 05:10:00,352.49
2020-08-06 05:25:00,345.82
2020-08-06 05:25:00,345.82
2020-08-06 05:25:00,345.82
2020-08-06 05:25:00,345.82
2020-08-06 05:25:00,345.82
2020-08-06 05:25:00,345.82
2020-08-06 05:25:00,345.82
2020-08-06 05:25:00,345.82
2020-08-06 05:25:00,345.82
2020-08-06 05:25:00,345.82
2020-08-06 05:40:00,339.14
2020-08-06 05:40:00,339.14
2020-08-06 05:40:00,339.14
2020-08-06 05:40:00,339.14
2020-08-06 05:40:00,339.14
2020-08-06 05:40:00,339.14
2020-08-06 05:40:00,339.14
2020-08-06 05:40:00,339.14
2020-08-06 05:40:00,339.14
2020-08-06 05:40:00,339.14
2020-08-06 05:55:00,241.82
2020-08-06 05:55:00,241.82
2020-08-06 05:55:00,241.82
2020-08-06 05:55:00,241.82
2020-08-06 05:55:00,241.82
2020-08-06 05:55:00,241.82
2020-08-06 05:55:00,241.82
2020-08-06 05:55:00,241.82
2020-08-06 05:55:00,241.82
2020-08-06 05:55:00,241.82
2020-08-06 06:10:00,144.49
2020-08-06 06:10:00,144.49
2020-08-06 06:10:00,144.49
2020-08-06 06:10:00,144.49
2020-08-06 06:10:00,144.49
2020-08-06 06:10:00,144.49
2020-08-06 06:10:00,144.49
2020-08-06 06:10:00,144.49
2020-08-06 06:10:00,144.49
2020-08-06 06:10:00,144.49
2020-08-06 06:25:00,148.8
2020-08-06 06:25:00,148.8
2020-08-06 06:25:00,148.8
2020-08-06 06:25:00,148.8
2020-08-06 06:25:00,148.8
2020-08-06 06:25:00,148.8
2020-08-06 06:25:00,148.8
2020-08-06 06:25:00,148.8
2020-08-06 06:25:00,148.8
2020-08-06 06:25:00,148.8
2020-08-06 06:40:00,153.12
2020-08-06 06:40:00,153.12
2020-08-06 06:40:00,153.12
2020-08-06 06:40:00,153.12
2020-08-06 06:40:00,153.12
2020-08-06 06:40:00,153.12
2020-08-06 06:40:00,153.12
2020-08-06 06:40:00,153.12
2020-08-06 06:40:00,153.12
2020-08-06 06:40:00,153.12
2020-08-06 06:55:00,76.4
2020-08-06 06:55:00,76.4
2020-08-06 06:55:00,76.4
2020-08-06 06:55:00,76.4
2020-08-06 06:55:00,76.4
2020-08-06 06:55:00,76.4
2020-08-06 06:55:00,76.4
2020-08-06 06:55:00,76.4
2020-08-06 06:55:00,76.4
2020-08-06 06:55:00,76.4
2020-08-06 07:10:00,0.0
2020-08-06 07:10:00,0.0
2020-08-06 07:10:00,0.0
2020-08-06 07:10:00,0.0
2020-08-06 07:10:00,0.0
2020-08-06 07:10:00,0.0
2020-08-06 07:10:00,0.0
2020-08-06 07:10:00,0.0
2020-08-06 07:10:00,0.0
2020-08-06 07:10:00,0.0
2020-08-06 07:25:00,57.38
2020-08-06 07:25:00,57.38
2020-08-06 07:25:00,57.38
2020-08-06 07:25:00,57.38
2020-08-06 07:25:00,57.38
2020-08-06 07:25:00,57.38
2020-08-06 07:25:00,57.38
2020-08-06 07:25:00,57.38
2020-08-06 07:25:00,57.38
2020-08-06 07:25:00,57.38
2020-08-06 07:40:00,115.06
2020-08-06 07:40:00,115.06
2020-08-06 07:40:00,115.06
2020-08-06 07:40:00,115.06
2020-08-06 07:40:00,115.06
2020-08-06 07:40:00,115.06
2020-08-06 07:40:00,115.06
2020-08-06 07:40:00,115.06
2020-08-06 07:40:00,115.06
2020-08-06 07:40:00,115.06
2020-08-06 07:55:00,122.72
2020-08-06 07:55:00,122.72
2020-08-06 07:55:00,122.72
2020-08-06 07:55:00,122.72
2020-08-06 07:55:00,122.72
2020-08-06 07:55:00,122.72
2020-08-06 07:55:00,122.72
2020-08-06 07:55:00,122.72
2020-08-06 07:55:00,122.72
2020-08-06 07:55:00,122.72
2020-08-06 08:10:00,130.37
2020-08-06 08:10:00,130.37
2020-08-06 08:10:00,130.37
2020-08-06 08:10:00,130.37
2020-08-06 08:10:00,130.37
2020-08-06 08:10:00,130.37
2020-08-06 08:10:00,130.37
2020-08-06 08:10:00,130.37
2020-08-06 08:10:00,130.37
2020-08-06 08:10:00,130.37
2020-08-06 08:25:00,65.04
2020-08-06 08:25:00,65.04
2020-08-06 08:25:00,65.04
2020-08-06 08:25:00,65.04
2020-08-06 08:25:00,65.04
2020-08-06 08:25:00,65.04
2020-08-06 08:25:00,65.04
2020-08-06 08:25:00,65.04
2020-08-06 08:25:00,65.04
2020-08-06 08:25:00,65.04
2020-08-06 08:40:00,0.0
2020-08-06 08:40:00,0.0
2020-08-06 08:40:00,0.0
2020-08-06 08:40:00,0.0
2020-08-06 08:40:00,0.0
2020-08-06 08:40:00,0.0
2020-08-06 08:40:00,0.0
2020-08-06 08:40:00,0.0
2020-08-06 08:40:00,0.0
2020-08-06 08:40:00,0.0
2020-08-06 08:55:00,62.14
2020-08-06 08:55:00,62.14
2020-08-06 08:55:00,62.14
2020-08-06 08:55:00,62.14
2020-08-06 08:55:00,62.14
2020-08-06 08:55:00,62.14
2020-08-06 08:55:00,62.14
2020-08-06 08:55:00,62.14
2020-08-06 08:55:00,62.14
2020-08-06 08:55:00,62.14
2020-08-06 09:10:00,124.59
2020-08-06 09:10:00,124.59
2020-08-06 09:10:00,124.59
2020-08-06 09:10:00,124.59
2020-08-06 09:10:00,124.59
2020-08-06 09:10:00,124.59
2020-08-06 09:10:00,124.59
2020-08-06 09:10:00,124.59
2020-08-06 09:10:00,124.59
2020-08-06 09:10:00,124.59
2020-08-06 09:25:00,62.14
2020-08-06 09:25:00,62.14
2020-08-06 09:25:00,62.14
2020-08-06 09:25:00,62.14
2020-08-06 09:25:00,62.14
2020-08-06 09:25:00,62.14
2020-08-06 09:25:00,62.14
2020-08-06 09:25:00,62.14
2020-08-06 09:25:00,62.14
2020-08-06 09:25:00,62.14
2020-08-06 09:40:00,0.0
2020-08-06 09:40:00,0.0
2020-08-06 09:40:00,0.0
2020-08-06 09:40:00,0.0
2020-08-06 09:40:00,0.0
2020-08-06 09:40:00,0.0
2020-08-06 09:40:00,0.0
2020-08-06 09:40:00,0.0
2020-08-06 09:40:00,0.0
2020-08-06 09:40:00,0.0
2020-08-06 09:55:00,0.0
2020-08-06 09:55:00,0.0
2020-08-06 09:55:00,0.0
2020-08-06 09:55:00,0.0
2020-08-06 09:55:00,0.0
2020-08-06 09:55:00,0.0
2020-08-06 09:55:00,0.0
2020-08-06 09:55:00,0.0
2020-08-06 09:55:00,0.0
2020-08-06 09:55:00,0.0
2020-08-06 10:10:00,0.0
2020-08-06 10:10:00,0.0
2020-08-06 10:10:00,0.0
2020-08-06 10:10:00,0.0
2020-08-06 10:10:00,0.0
2020-08-06 10:10:00,0.0
2020-08-06 10:10:00,0.0
2020-08-06 10:10:00,0.0
2020-08-06 10:10:00,0.0
2020-08-06 10:10:00,0.0
2020-08-06 10:25:00,0.0
2020-08-06 10:25:00,0.0
2020-08-06 10:25:00,0.0
2020-08-06 10:25:00,0.0
2020-08-06 10:25:00,0.0
2020-08-06 10:25:00,0.0
2020-08-06 10:25:00,0.0
2020-08-06 10:25:00,0.0
2020-08-06 10:25:00,0.0
2020-08-06 10:25:00,0.0
2020-08-06 10:40:00,0.0
2020-08-06 10:40:00,0.0
2020-08-06 10:40:00,0.0
2020-08-06 10:40:00,0.0
2020-08-06 10:40:00,0.0
2020-08-06 10:40:00,0.0
2020-08-06 10:40:00,0.0
2020-08-06 10:40:00,0.0
2020-08-06 10:40:00,0.0
2020-08-06 10:40:00,0.0
2020-08-06 10:55:00,0.0
2020-08-06 10:55:00,0.0
2020-08-06 10:55:00,0.0
2020-08-06 10:55:00,0.0
2020-08-06 10:55:00,0.0
2020-08-06 10:55:00,0.0
2020-08-06 10:55:00,0.0
2020-08-06 10:55:00,0.0
2020-08-06 10:55:00,0.0
2020-08-06 10:55:00,0.0
2020-08-06 11:10:00,0.0
2020-08-06 11:10:00,0.0
2020-08-06 11:10:00,0.0
2020-08-06 11:10:00,0.0
2020-08-06 11:10:00,0.0
2020-08-06 11:10:00,0.0
2020-08-06 11:10:00,0.0
2020-08-06 11:10:00,0.0
2020-08-06 11:10:00,0.0
2020-08-06 11:10:00,0.0
2020-08-06 11:25:00,0.0
2020-08-06 11:25:00,0.0
2020-08-06 11:25:00,0.0
2020-08-06 11:25:00,0.0
2020-08-06 11:25:00,0.0
2020-08-06 11:25:00,0.0
2020-08-06 11:25:00,0.0
2020-08-06 11:25:00,0.0
2020-08-06 11:25:00,0.0
2020-08-06 11:25:00,0.0
2020-08-06 11:40:00,0.0
2020-08-06 11:40:00,0.0
2020-08-06 11:40:00,0.0
2020-08-06 11:40:00,0.0
2020-08-06 11:40:00,0.0
2020-08-06 11:40:00,0.0
2020-08-06 11:40:00,0.0
2020-08-06 11:40:00,0.0
2020-08-06 11:40:00,0.0
2020-08-06 11:40:00,0.0
2020-08-06 11:55:00,0.0
2020-08-06 11:55:00,0.0
2020-08-06 11:55:00,0.0
2020-08-06 11:55:00,0.0
2020-08-06 11:55:00,0.0
2020-08-06 11:55:00,0.0
2020-08-06 11:55:00,0.0
2020-08-06 11:55:00,0.0
2020-08-06 11:55:00,0.0
2020-08-06 11:55:00,0.0
2020-08-06 12:10:00,0.0
2020-08-06 12:10:00,0.0
2020-08-06 12:10:00,0.0
2020-08-06 12:10:00,0.0
2020-08-06 12:10:00,0.0
2020-08-06 12:10:00,0.0
2020-08-06 12:10:00,0.0
2020-08-06 12:10:00,0.0
2020-08-06 12:10:00,0.0
2020-08-06 12:10:00,0.0
2020-08-06 12:25:00,0.0
2020-08-06 12:25:00,0.0
2020-08-06 12:25:00,0.0
2020-08-06 12:25:00,0.0
2020-08-06 12:25:00,0.0
2020-08-06 12:25:00,0.0
2020-08-06 12:25:00,0.0
2020-08-06 12:25:00,0.0
2020-08-06 12:25:00,0.0
2020-08-06 12:25:00,0.0
2020-08-06 12:40:00,0.0
2020-08-06 12:40:00,0.0
2020-08-06 12:40:00,0.0
2020-08-06 12:40:00,0.0
2020-08-06 12:40:00,0.0
2020-08-06 12:40:00,0.0
2020-08-06 12:40:00,0.0
2020-08-06 12:40:00,0.0
2020-08-06 12:40:00,0.0
2020-08-06 12:40:00,0.0
2020-08-06 12:55:00,0.0
2020-08-06 12:55:00,0.0
2020-08-06 12:55:00,0.0
2020-08-06 12:55:00,0.0
2020-08-06 12:55:00,0.0
2020-08-06 12:55:00,0.0
2020-08-06 12:55:00,0.0
2020-08-06 12:55:00,0.0
2020-08-06 12:55:00,0.0
2020-08-06 12:55:00,0.0
2020-08-06 13:10:00,0.0
2020-08-06 13:10:00,0.0
2020-08-06 13:10:00,0.0
2020-08-06 13:10:00,0.0
2020-08-06 13:10:00,0.0
2020-08-06 13:10:00,0.0
2020-08-06 13:10:00,0.0
2020-08-06 13:10:00,0.0
2020-08-06 13:10:00,0.0
2020-08-06 13:10:00,0.0
2020-08-06 13:25:00,11.44
2020-08-06 13:25:00,11.44
2020-08-06 13:25:00,11.44
2020-08-06 13:25:00,11.44
2020-08-06 13:25:00,11.44
2020-08-06 13:25:00,11.44
2020-08-06 13:25:00,11.44
2020-08-06 13:25:00,11.44
2020-08-06 13:25:00,11.44
2020-08-06 13:25:00,11.44
2020-08-06 13:40:00,23.19
2020-08-06 13:40:00,23.19
2020-08-06 13:40:00,23.19
2020-08-06 13:40:00,23.19
2020-08-06 13:40:00,23.19
2020-08-06 13:40:00,23.19
2020-08-06 13:40:00,23.19
2020-08-06 13:40:00,23.19
2020-08-06 13:40:00,23.19
2020-08-06 13:40:00,23.19
2020-08-06 13:55:00,11.44
2020-08-06 13:55:00,11.44
2020-08-06 13:55:00,11.44
2020-08-06 13:55:00,11.44
2020-08-06 13:55:00,11.44
2020-08-06 13:55:00,11.44
2020-08-06 13:55:00,11.44
2020-08-06 13:55:00,11.44
2020-08-06 13:55:00,11.44
2020-08-06 13:55:00,11.44
2020-08-06 14:10:00,0.0
2020-08-06 14:10:00,0.0
2020-08-06 14:10:00,0.0
2020-08-06 14:10:00,0.0
2020-08-06 14:10:00,0.0
2020-08-06 14:10:00,0.0
2020-08-06 14:10:00,0.0
2020-08-06 14:10:00,0.0
2020-08-06 14:10:00,0.0
2020-08-06 14:10:00,0.0
2020-08-06 14:25:00,0.0
2020-08-06 14:25:00,0.0
2020-08-06 14:25:00,0.0
2020-08-06 14:25:00,0.0
2020-08-06 14:25:00,0.0
2020-08-06 14:25:00,0.0
2020-08-06 14:25:00,0.0
2020-08-06 14:25:00,0.0
2020-08-06 14:25:00,0.0
2020-08-06 14:25:00,0.0
2020-08-06 14:40:00,0.0
2020-08-06 14:40:00,0.0
2020-08-06 14:40:00,0.0
2020-08-06 14:40:00,0.0
2020-08-06 14:40:00,0.0
2020-08-06 14:40:00,0.0
2020-08-06 14:40:00,0.0
2020-08-06 14:40:00,0.0
2020-08-06 14:40:00,0.0
2020-08-06 14:40:00,0.0
2020-08-06 14:55:00,0.0
2020-08-06 14:55:00,0.0
2020-08-06 14:55:00,0.0
2020-08-06 14:55:00,0.0
2020-08-06 14:55:00,0.0
2020-08-06 14:55:00,0.0
2020-08-06 14:55:00,0.0
2020-08-06 14:55:00,0.0
2020-08-06 14:55:00,0.0
2020-08-06 14:55:00,0.0
2020-08-06 15:10:00,0.0
2020-08-06 15:10:00,0.0
2020-08-06 15:10:00,0.0
2020-08-06 15:10:00,0.0
2020-08-06 15:10:00,0.0
2020-08-06 15:10:00,0.0
2020-08-06 15:10:00,0.0
2020-08-06 15:10:00,0.0
2020-08-06 15:10:00,0.0
2020-08-06 15:10:00,0.0
2020-08-06 15:25:00,13.85
2020-08-06 15:25:00,13.85
2020-08-06 15:25:00,13.85
2020-08-06 15:25:00,13.85
2020-08-06 15:25:00,13.85
2020-08-06 15:25:00,13.85
2020-08-06 15:25:00,13.85
2020-08-06 15:25:00,13.85
2020-08-06 15:25:00,13.85
2020-08-06 15:25:00,13.85
2020-08-06 15:40:00,28.0
2020-08-06 15:40:00,28.0
2020-08-06 15:40:00,28.0
2020-08-06 15:40:00,28.0
2020-08-06 15:40:00,28.0
2020-08-06 15:40:00,28.0
2020-08-06 15:40:00,28.0
2020-08-06 15:40:00,28.0
2020-08-06 15:40:00,28.0
2020-08-06 15:40:00,28.0
2020-08-06 15:55:00,230.13
2020-08-06 15:55:00,230.13
2020-08-06 15:55:00,230.13
2020-08-06 15:55:00,230.13
2020-08-06 15:55:00,230.13
2020-08-06 15:55:00,230.13
2020-08-06 15:55:00,230.13
2020-08-06 15:55:00,230.13
2020-08-06 15:55:00,230.13
2020-08-06 15:55:00,230.13
2020-08-06 16:10:00,432.26
2020-08-06 16:10:00,432.26
2020-08-06 16:10:00,432.26
2020-08-06 16:10:00,432.26
2020-08-06 16:10:00,432.26
2020-08-06 16:10:00,432.26
2020-08-06 16:10:00,432.26
2020-08-06 16:10:00,432.26
2020-08-06 16:10:00,432.26
2020-08-06 16:10:00,432.26
2020-08-06 16:25:00,552.57
2020-08-06 16:25:00,552.57
2020-08-06 16:25:00,552.57
2020-08-06 16:25:00,552.57
2020-08-06 16:25:00,552.57
2020-08-06 16:25:00,552.57
2020-08-06 16:25:00,552.57
2020-08-06 16:25:00,552.57
2020-08-06 16:25:00,552.57
2020-08-06 16:25:00,552.57
2020-08-06 16:40:00,672.88
2020-08-06 16:40:00,672.88
2020-08-06 16:40:00,672.88
2020-08-06 16:40:00,672.88
2020-08-06 16:40:00,672.88
2020-08-06 16:40:00,672.88
2020-08-06 16:40:00,672.88
2020-08-06 16:40:00,672.88
2020-08-06 16:40:00,672.88
2020-08-06 16:40:00,672.88
2020-08-06 16:55:00,579.66
2020-08-06 16:55:00,579.66
2020-08-06 16:55:00,579.66
2020-08-06 16:55:00,579.66
2020-08-06 16:55:00,579.66
2020-08-06 16:55:00,579.66
2020-08-06 16:55:00,579.66
2020-08-06 16:55:00,579.66
2020-08-06 16:55:00,579.66
2020-08-06 16:55:00,579.66
2020-08-06 17:10:00,486.44
2020-08-06 17:10:00,486.44
2020-08-06 17:10:00,486.44
2020-08-06 17:10:00,486.44
2020-08-06 17:10:00,486.44
2020-08-06 17:10:00,486.44
2020-08-06 17:10:00,486.44
2020-08-06 17:10:00,486.44
2020-08-06 17:10:00,486.44
2020-08-06 17:10:00,486.44
2020-08-06 17:25:00,478.68
2020-08-06 17:25:00,478.68
2020-08-06 17:25:00,478.68
2020-08-06 17:25:00,478.68
2020-08-06 17:25:00,478.68
2020-08-06 17:25:00,478.68
2020-08-06 17:25:00,478.68
2020-08-06 17:25:00,478.68
2020-08-06 17:25:00,478.68
2020-08-06 17:25:00,478.68
2020-08-06 17:40:00,470.93
2020-08-06 17:40:00,470.93
2020-08-06 17:40:00,470.93
2020-08-06 17:40:00,470.93
2020-08-06 17:40:00,470.93
2020-08-06 17:40:00,470.93
2020-08-06 17:40:00,470.93
2020-08-06 17:40:00,470.93
2020-08-06 17:40:00,470.93
2020-08-06 17:40:00,470.93
2020-08-06 17:55:00,383.26
2020-08-06 17:55:00,383.26
2020-08-06 17:55:00,383.26
2020-08-06 17:55:00,383.26
2020-08-06 17:55:00,383.26
2020-08-06 17:55:00,383.26
2020-08-06 17:55:00,383.26
2020-08-06 17:55:00,383.26
2020-08-06 17:55:00,383.26
2020-08-06 17:55:00,383.26
2020-08-06 18:10:00,295.58
2020-08-06 18:10:00,295.58
2020-08-06 18:10:00,295.58
2020-08-06 18:10:00,295.58
2020-08-06 18:10:00,295.58
2020-08-06 18:10:00,295.58
2020-08-06 18:10:00,295.58
2020-08-06 18:10:00,295.58
2020-08-06 18:10:00,295.58
2020-08-06 18:10:00,295.58
2020-08-06 18:25:00,457.26
2020-08-06 18:25:00,457.26
2020-08-06 18:25:00,457.26
2020-08-06 18:25:00,457.26
2020-08-06 18:25:00,457.26
2020-08-06 18:25:00,457.26
2020-08-06 18:25:00,457.26
2020-08-06 18:25:00,457.26
2020-08-06 18:25:00,457.26
2020-08-06 18:25:00,457.26
2020-08-06 18:40:00,618.94
2020-08-06 18:40:00,618.94
2020-08-06 18:40:00,618.94
2020-08-06 18:40:00,618.94
2020-08-06 18:40:00,618.94
2020-08-06 18:40:00,618.94
2020-08-06 18:40:00,618.94
2020-08-06 18:40:00,618.94
2020-08-06 18:40:00,618.94
2020-08-06 18:40:00,618.94
2020-08-06 18:55:00,438.32
2020-08-06 18:55:00,438.32
2020-08-06 18:55:00,438.32
2020-08-06 18:55:00,438.32
2020-08-06 18:55:00,438.32
2020-08-06 18:55:00,438.32
2020-08-06 18:55:00,438.32
2020-08-06 18:55:00,438.32
2020-08-06 18:55:00,438.32
2020-08-06 18:55:00,438.32
2020-08-06 19:10:00,257.71
2020-08-06 19:10:00,257.71
2020-08-06 19:10:00,257.71
2020-08-06 19:10:00,257.71
2020-08-06 19:10:00,257.71
2020-08-06 19:10:00,257.71
2020-08-06 19:10:00,257.71
2020-08-06 19:10:00,257.71
2020-08-06 19:10:00,257.71
2020-08-06 19:10:00,257.71
2020-08-06 19:25:00,246.97
2020-08-06 19:25:00,246.97
2020-08-06 19:25:00,246.97
2020-08-06 19:25:00,246.97
2020-08-06 19:25:00,246.97
2020-08-06 19:25:00,246.97
2020-08-06 19:25:00,246.97
2020-08-06 19:25:00,246.97
2020-08-06 19:25:00,246.97
2020-08-06 19:25:00,246.97
2020-08-06 19:40:00,236.23
2020-08-06 19:40:00,236.23
2020-08-06 19:40:00,236.23
2020-08-06 19:40:00,236.23
2020-08-06 19:40:00,236.23
2020-08-06 19:40:00,236.23
2020-08-06 19:40:00,236.23
2020-08-06 19:40:00,236.23
2020-08-06 19:40:00,236.23
2020-08-06 19:40:00,236.23
2020-08-06 19:55:00,118.44
2020-08-06 19:55:00,118.44
2020-08-06 19:55:00,118.44
2020-08-06 19:55:00,118.44
2020-08-06 19:55:00,118.44
2020-08-06 19:55:00,118.44
2020-08-06 19:55:00,118.44
2020-08-06 19:55:00,118.44
2020-08-06 19:55:00,118.44
2020-08-06 19:55:00,118.44
2020-08-06 20:10:00,0.66
2020-08-06 20:10:00,0.66
2020-08-06 20:10:00,0.66
2020-08-06 20:10:00,0.66
2020-08-06 20:10:00,0.66
2020-08-06 20:10:00,0.66
2020-08-06 20:10:00,0.66
2020-08-06 20:10:00,0.66
2020-08-06 20:10:00,0.66
2020-08-06 20:10:00,0.66
2020-08-06 20:25:00,0.18
2020-08-06 20:25:00,0.18
2020-08-06 20:25:00,0.18
2020-08-06 20:25:00,0.18
2020-08-06 20:25:00,0.18
2020-08-06 20:25:00,0.18
2020-08-06 20:25:00,0.18
2020-08-06 20:25:00,0.18
2020-08-06 20:25:00,0.18
2020-08-06 20:25:00,0.18
2020-08-06 20:40:00,0.0
2020-08-06 20:40:00,0.0
2020-08-06 20:40:00,0.0
2020-08-06 20:40:00,0.0
2020-08-06 20:40:00,0.0
2020-08-06 20:40:00,0.0
2020-08-06 20:40:00,0.0
2020-08-06 20:40:00,0.0
2020-08-06 20:40:00,0.0
2020-08-06 20:40:00,0.0
2020-08-06 20:55:00,0.0
2020-08-06 20:55:00,0.0
2020-08-06 20:55:00,0.0
2020-08-06 20:55:00,0.0
2020-08-06 20:55:00,0.0
2020-08-06 20:55:00,0.0
2020-08-06 20:55:00,0.0
2020-08-06 20:55:00,0.0
2020-08-06 20:55:00,0.0
2020-08-06 20:55:00,0.0
2020-08-06 21:10:00,0.0
2020-08-06 21:10:00,0.0
2020-08-06 21:10:00,0.0
2020-08-06 21:10:00,0.0
2020-08-06 21:10:00,0.0
2020-08-06 21:10:00,0.0
2020-08-06 21:10:00,0.0
2020-08-06 21:10:00,0.0
2020-08-06 21:10:00,0.0
2020-08-06 21:10:00,0.0
2020-08-06 21:25:00,0.0
2020-08-06 21:25:00,0.0
2020-08-06 21:25:00,0.0
2020-08-06 21:25:00,0.0
2020-08-06 21:25:00,0.0
2020-08-06 21:25:00,0.0
2020-08-06 21:25:00,0.0
2020-08-06 21:25:00,0.0
2020-08-06 21:25:00,0.0
2020-08-06 21:25:00,0.0
2020-08-06 21:40:00,0.0
2020-08-06 21:40:00,0.0
2020-08-06 21:40:00,0.0
2020-08-06 21:40:00,0.0
2020-08-06 21:40:00,0.0
2020-08-06 21:40:00,0.0
2020-08-06 21:40:00,0.0
2020-08-06 21:40:00,0.0
2020-08-06 21:40:00,0.0
2020-08-06 21:40:00,0.0
2020-08-06 21:55:00,0.0
2020-08-06 21:55:00,0.0
2020-08-06 21:55:00,0.0
2020-08-06 21:55:00,0.0
2020-08-06 21:55:00,0.0
2020-08-06 21:55:00,0.0
2020-08-06 21:55:00,0.0
2020-08-06 21:55:00,0.0
2020-08-06 21:55:00,0.0
2020-08-06 21:55:00,0.0
2020-08-06 22:10:00,0.0
2020-08-06 22:10:00,0.0
2020-08-06 22:10:00,0.0
2020-08-06 22:10:00,0.0
2020-08-06 22:10:00,0.0
2020-08-06 22:10:00,0.0
2020-08-06 22:10:00,0.0
2020-08-06 22:10:00,0.0
2020-08-06 22:10:00,0.0
2020-08-06 22:10:00,0.0
2020-08-06 22:25:00,0.0
2020-08-06 22:25:00,0.0
2020-08-06 22:25:00,0.0
2020-08-06 22:25:00,0.0
2020-08-06 22:25:00,0.0
2020-08-06 22:25:00,0.0
2020-08-06 22:25:00,0.0
2020-08-06 22:25:00,0.0
2020-08-06 22:25:00,0.0
2020-08-06 22:25:00,0.0
2020-08-06 22:40:00,0.0
2020-08-06 22:40:00,0.0
2020-08-06 22:40:00,0.0
2020-08-06 22:40:00,0.0
2020-08-06 22:40:00,0.0
2020-08-06 22:40:00,0.0
2020-08-06 22:40:00,0.0
2020-08-06 22:40:00,0.0
2020-08-06 22:40:00,0.0
2020-08-06 22:40:00,0.0
2020-08-06 22:55:00,0.0
2020-08-06 22:55:00,0.0
2020-08-06 22:55:00,0.0
2020-08-06 22:55:00,0.0
2020-08-06 22:55:00,0.0
2020-08-06 22:55:00,0.0
2020-08-06 22:55:00,0.0
2020-08-06 22:55:00,0.0
2020-08-06 22:55:00,0.0
2020-08-06 22:55:00,0.0
2020-08-06 23:10:00,0.0
2020-08-06 23:10:00,0.0
2020-08-06 23:10:00,0.0
2020-08-06 23:10:00,0.0
2020-08-06 23:10:00,0.0
2020-08-06 23:10:00,0.0
2020-08-06 23:10:00,0.0
2020-08-06 23:10:00,0.0
2020-08-06 23:10:00,0.0
2020-08-06 23:10:00,0.0
2020-08-06 23:25:00,0.0
2020-08-06 23:25:00,0.0
2020-08-06 23:25:00,0.0
2020-08-06 23:25:00,0.0
2020-08-06 23:25:00,0.0
2020-08-06 23:25:00,0.0
2020-08-06 23:25:00,0.0
2020-08-06 23:25:00,0.0
2020-08-06 23:25:00,0.0
2020-08-06 23:25:00,0.0
2020-08-06 23:40:00,0.0
2020-08-06 23:40:00,0.0
2020-08-06 23:40:00,0.0
2020-08-06 23:40:00,0.0
2020-08-06 23:40:00,0.0
2020-08-06 23:40:00,0.0
2020-08-06 23:40:00,0.0
2020-08-06 23:40:00,0.0
2020-08-06 23:40:00,0.0
2020-08-06 23:40:00,0.0
2020-08-06 23:55:00,19.05
2020-08-06 23:55:00,19.05
2020-08-06 23:55:00,19.05
2020-08-06 23:55:00,19.05
2020-08-06 23:55:00,19.05
2020-08-06 23:55:00,19.05
2020-08-06 23:55:00,19.05
2020-08-06 23:55:00,19.05
2020-08-06 23:55:00,19.05
2020-08-06 23:55:00,19.05
2020-08-07 00:10:00,38.4
2020-08-07 00:10:00,38.4
2020-08-07 00:10:00,38.4
2020-08-07 00:10:00,38.4
2020-08-07 00:10:00,38.4
2020-08-07 00:10:00,38.4
2020-08-07 00:10:00,38.4
2020-08-07 00:10:00,38.4
2020-08-07 00:10:00,38.4
2020-08-07 00:10:00,38.4
2020-08-07 00:25:00,74.61
2020-08-07 00:25:00,74.61
2020-08-07 00:25:00,74.61
2020-08-07 00:25:00,74.61
2020-08-07 00:25:00,74.61
2020-08-07 00:25:00,74.61
2020-08-07 00:25:00,74.61
2020-08-07 00:25:00,74.61
2020-08-07 00:25:00,74.61
2020-08-07 00:25:00,74.61
2020-08-07 00:40:00,110.82
2020-08-07 00:40:00,110.82
2020-08-07 00:40:00,110.82
2020-08-07 00:40:00,110.82
2020-08-07 00:40:00,110.82
2020-08-07 00:40:00,110.82
2020-08-07 00:40:00,110.82
2020-08-07 00:40:00,110.82
2020-08-07 00:40:00,110.82
2020-08-07 00:40:00,110.82
2020-08-07 00:55:00,82.99
2020-08-07 00:55:00,82.99
2020-08-07 00:55:00,82.99
2020-08-07 00:55:00,82.99
2020-08-07 00:55:00,82.99
2020-08-07 00:55:00,82.99
2020-08-07 00:55:00,82.99
2020-08-07 00:55:00,82.99
2020-08-07 00:55:00,82.99
2020-08-07 00:55:00,82.99
2020-08-07 01:10:00,55.16
2020-08-07 01:10:00,55.16
2020-08-07 01:10:00,55.16
2020-08-07 01:10:00,55.16
2020-08-07 01:10:00,55.16
2020-08-07 01:10:00,55.16
2020-08-07 01:10:00,55.16
2020-08-07 01:10:00,55.16
2020-08-07 01:10:00,55.16
2020-08-07 01:10:00,55.16
2020-08-07 01:25:00,135.26
2020-08-07 01:25:00,135.26
2020-08-07 01:25:00,135.26
2020-08-07 01:25:00,135.26
2020-08-07 01:25:00,135.26
2020-08-07 01:25:00,135.26
2020-08-07 01:25:00,135.26
2020-08-07 01:25:00,135.26
2020-08-07 01:25:00,135.26
2020-08-07 01:25:00,135.26
2020-08-07 01:40:00,215.37
2020-08-07 01:40:00,215.37
2020-08-07 01:40:00,215.37
2020-08-07 01:40:00,215.37
2020-08-07 01:40:00,215.37
2020-08-07 01:40:00,215.37
2020-08-07 01:40:00,215.37
2020-08-07 01:40:00,215.37
2020-08-07 01:40:00,215.37
2020-08-07 01:40:00,215.37
2020-08-07 01:55:00,178.26
2020-08-07 01:55:00,178.26
2020-08-07 01:55:00,178.26
2020-08-07 01:55:00,178.26
2020-08-07 01:55:00,178.26
2020-08-07 01:55:00,178.26
2020-08-07 01:55:00,178.26
2020-08-07 01:55:00,178.26
2020-08-07 01:55:00,178.26
2020-08-07 01:55:00,178.26
2020-08-07 02:10:00,141.15
2020-08-07 02:10:00,141.15
2020-08-07 02:10:00,141.15
2020-08-07 02:10:00,141.15
2020-08-07 02:10:00,141.15
2020-08-07 02:10:00,141.15
2020-08-07 02:10:00,141.15
2020-08-07 02:10:00,141.15
2020-08-07 02:10:00,141.15
2020-08-07 02:10:00,141.15
2020-08-07 02:25:00,153.76
2020-08-07 02:25:00,153.76
2020-08-07 02:25:00,153.76
2020-08-07 02:25:00,153.76
2020-08-07 02:25:00,153.76
2020-08-07 02:25:00,153.76
2020-08-07 02:25:00,153.76
2020-08-07 02:25:00,153.76
2020-08-07 02:25:00,153.76
2020-08-07 02:25:00,153.76
2020-08-07 02:40:00,166.37
2020-08-07 02:40:00,166.37
2020-08-07 02:40:00,166.37
2020-08-07 02:40:00,166.37
2020-08-07 02:40:00,166.37
2020-08-07 02:40:00,166.37
2020-08-07 02:40:00,166.37
2020-08-07 02:40:00,166.37
2020-08-07 02:40:00,166.37
2020-08-07 02:40:00,166.37
2020-08-07 02:55:00,225.46
2020-08-07 02:55:00,225.46
2020-08-07 02:55:00,225.46
2020-08-07 02:55:00,225.46
2020-08-07 02:55:00,225.46
2020-08-07 02:55:00,225.46
2020-08-07 02:55:00,225.46
2020-08-07 02:55:00,225.46
2020-08-07 02:55:00,225.46
2020-08-07 02:55:00,225.46
2020-08-07 03:10:00,284.56
2020-08-07 03:10:00,284.56
2020-08-07 03:10:00,284.56
2020-08-07 03:10:00,284.56
2020-08-07 03:10:00,284.56
2020-08-07 03:10:00,284.56
2020-08-07 03:10:00,284.56
2020-08-07 03:10:00,284.56
2020-08-07 03:10:00,284.56
2020-08-07 03:10:00,284.56
2020-08-07 03:25:00,224.63
2020-08-07 03:25:00,224.63
2020-08-07 03:25:00,224.63
2020-08-07 03:25:00,224.63
2020-08-07 03:25:00,224.63
2020-08-07 03:25:00,224.63
2020-08-07 03:25:00,224.63
2020-08-07 03:25:00,224.63
2020-08-07 03:25:00,224.63
2020-08-07 03:25:00,224.63
2020-08-07 03:40:00,164.7
2020-08-07 03:40:00,164.7
2020-08-07 03:40:00,164.7
2020-08-07 03:40:00,164.7
2020-08-07 03:40:00,164.7
2020-08-07 03:40:00,164.7
2020-08-07 03:40:00,164.7
2020-08-07 03:40:00,164.7
2020-08-07 03:40:00,164.7
2020-08-07 03:40:00,164.7
2020-08-07 03:55:00,135.56
2020-08-07 03:55:00,135.56
2020-08-07 03:55:00,135.56
2020-08-07 03:55:00,135.56
2020-08-07 03:55:00,135.56
2020-08-07 03:55:00,135.56
2020-08-07 03:55:00,135.56
2020-08-07 03:55:00,135.56
2020-08-07 03:55:00,135.56
2020-08-07 03:55:00,135.56
2020-08-07 04:10:00,106.42
2020-08-07 04:10:00,106.42
2020-08-07 04:10:00,106.42
2020-08-07 04:10:00,106.42
2020-08-07 04:10:00,106.42
2020-08-07 04:10:00,106.42
2020-08-07 04:10:00,106.42
2020-08-07 04:10:00,106.42
2020-08-07 04:10:00,106.42
2020-08-07 04:10:00,106.42
2020-08-07 04:25:00,53.06
2020-08-07 04:25:00,53.06
2020-08-07 04:25:00,53.06
2020-08-07 04:25:00,53.06
2020-08-07 04:25:00,53.06
2020-08-07 04:25:00,53.06
2020-08-07 04:25:00,53.06
2020-08-07 04:25:00,53.06
2020-08-07 04:25:00,53.06
2020-08-07 04:25:00,53.06
2020-08-07 04:40:00,0.0
2020-08-07 04:40:00,0.0
2020-08-07 04:40:00,0.0
2020-08-07 04:40:00,0.0
2020-08-07 04:40:00,0.0
2020-08-07 04:40:00,0.0
2020-08-07 04:40:00,0.0
2020-08-07 04:40:00,0.0
2020-08-07 04:40:00,0.0
2020-08-07 04:40:00,0.0
2020-08-07 04:55:00,0.0
2020-08-07 04:55:00,0.0
2020-08-07 04:55:00,0.0
2020-08-07 04:55:00,0.0
2020-08-07 04:55:00,0.0
2020-08-07 04:55:00,0.0
2020-08-07 04:55:00,0.0
2020-08-07 04:55:00,0.0
2020-08-07 04:55:00,0.0
2020-08-07 04:55:00,0.0
2020-08-07 05:10:00,0.0
2020-08-07 05:10:00,0.0
2020-08-07 05:10:00,0.0
2020-08-07 05:10:00,0.0
2020-08-07 05:10:00,0.0
2020-08-07 05:10:00,0.0
2020-08-07 05:10:00,0.0
2020-08-07 05:10:00,0.0
2020-08-07 05:10:00,0.0
2020-08-07 05:10:00,0.0
2020-08-07 05:25:00,0.0
2020-08-07 05:25:00,0.0
2020-08-07 05:25:00,0.0
2020-08-07 05:25:00,0.0
2020-08-07 05:25:00,0.0
2020-08-07 05:25:00,0.0
2020-08-07 05:25:00,0.0
2020-08-07 05:25:00,0.0
2020-08-07 05:25:00,0.0
2020-08-07 05:25:00,0.0
2020-08-07 05:40:00,0.0
2020-08-07 05:40:00,0.0
2020-08-07 05:40:00,0.0
2020-08-07 05:40:00,0.0
2020-08-07 05:40:00,0.0
2020-08-07 05:40:00,0.0
2020-08-07 05:40:00,0.0
2020-08-07 05:40:00,0.0
2020-08-07 05:40:00,0.0
2020-08-07 05:40:00,0.0
2020-08-07 05:55:00,0.0
2020-08-07 05:55:00,0.0
2020-08-07 05:55:00,0.0
2020-08-07 05:55:00,0.0
2020-08-07 05:55:00,0.0
2020-08-07 05:55:00,0.0
2020-08-07 05:55:00,0.0
2020-08-07 05:55:00,0.0
2020-08-07 05:55:00,0.0
2020-08-07 05:55:00,0.0
2020-08-07 06:10:00,0.0
2020-08-07 06:10:00,0.0
2020-08-07 06:10:00,0.0
2020-08-07 06:10:00,0.0
2020-08-07 06:10:00,0.0
2020-08-07 06:10:00,0.0
2020-08-07 06:10:00,0.0
2020-08-07 06:10:00,0.0
2020-08-07 06:10:00,0.0
2020-08-07 06:10:00,0.0
2020-08-07 06:25:00,0.0
2020-08-07 06:25:00,0.0
2020-08-07 06:25:00,0.0
2020-08-07 06:25:00,0.0
2020-08-07 06:25:00,0.0
2020-08-07 06:25:00,0.0
2020-08-07 06:25:00,0.0
2020-08-07 06:25:00,0.0
2020-08-07 06:25:00,0.0
2020-08-07 06:25:00,0.0
2020-08-07 06:40:00,0.0
2020-08-07 06:40:00,0.0
2020-08-07 06:40:00,0.0
2020-08-07 06:40:00,0.0
2020-08-07 06:40:00,0.0
2020-08-07 06:40:00,0.0
2020-08-07 06:40:00,0.0
2020-08-07 06:40:00,0.0
2020-08-07 06:40:00,0.0
2020-08-07 06:40:00,0.0
2020-08-07 06:55:00,19.86
2020-08-07 06:55:00,19.86
2020-08-07 06:55:00,19.86
2020-08-07 06:55:00,19.86
2020-08-07 06:55:00,19.86
2020-08-07 06:55:00,19.86
2020-08-07 06:55:00,19.86
2020-08-07 06:55:00,19.86
2020-08-07 06:55:00,19.86
2020-08-07 06:55:00,19.86
2020-08-07 07:10:00,40.02
2020-08-07 07:10:00,40.02
2020-08-07 07:10:00,40.02
2020-08-07 07:10:00,40.02
2020-08-07 07:10:00,40.02
2020-08-07 07:10:00,40.02
2020-08-07 07:10:00,40.02
2020-08-07 07:10:00,40.02
2020-08-07 07:10:00,40.02
2020-08-07 07:10:00,40.02
2020-08-07 07:25:00,147.55
2020-08-07 07:25:00,147.55
2020-08-07 07:25:00,147.55
2020-08-07 07:25:00,147.55
2020-08-07 07:25:00,147.55
2020-08-07 07:25:00,147.55
2020-08-07 07:25:00,147.55
2020-08-07 07:25:00,147.55
2020-08-07 07:25:00,147.55
2020-08-07 07:25:00,147.55
2020-08-07 07:40:00,255.08
2020-08-07 07:40:00,255.08
2020-08-07 07:40:00,255.08
2020-08-07 07:40:00,255.08
2020-08-07 07:40:00,255.08
2020-08-07 07:40:00,255.08
2020-08-07 07:40:00,255.08
2020-08-07 07:40:00,255.08
2020-08-07 07:40:00,255.08
2020-08-07 07:40:00,255.08
2020-08-07 07:55:00,156.84
2020-08-07 07:55:00,156.84
2020-08-07 07:55:00,156.84
2020-08-07 07:55:00,156.84
2020-08-07 07:55:00,156.84
2020-08-07 07:55:00,156.84
2020-08-07 07:55:00,156.84
2020-08-07 07:55:00,156.84
2020-08-07 07:55:00,156.84
2020-08-07 07:55:00,156.84
2020-08-07 08:10:00,58.59
2020-08-07 08:10:00,58.59
2020-08-07 08:10:00,58.59
2020-08-07 08:10:00,58.59
2020-08-07 08:10:00,58.59
2020-08-07 08:10:00,58.59
2020-08-07 08:10:00,58.59
2020-08-07 08:10:00,58.59
2020-08-07 08:10:00,58.59
2020-08-07 08:10:00,58.59
2020-08-07 08:25:00,109.72
2020-08-07 08:25:00,109.72
2020-08-07 08:25:00,109.72
2020-08-07 08:25:00,109.72
2020-08-07 08:25:00,109.72
2020-08-07 08:25:00,109.72
2020-08-07 08:25:00,109.72
2020-08-07 08:25:00,109.72
2020-08-07 08:25:00,109.72
2020-08-07 08:25:00,109.72
2020-08-07 08:40:00,160.86
2020-08-07 08:40:00,160.86
2020-08-07 08:40:00,160.86
2020-08-07 08:40:00,160.86
2020-08-07 08:40:00,160.86
2020-08-07 08:40:00,160.86
2020-08-07 08:40:00,160.86
2020-08-07 08:40:00,160.86
2020-08-07 08:40:00,160.86
2020-08-07 08:40:00,160.86
2020-08-07 08:55:00,299.38
2020-08-07 08:55:00,299.38
2020-08-07 08:55:00,299.38
2020-08-07 08:55:00,299.38
2020-08-07 08:55:00,299.38
2020-08-07 08:55:00,299.38
2020-08-07 08:55:00,299.38
2020-08-07 08:55:00,299.38
2020-08-07 08:55:00,299.38
2020-08-07 08:55:00,299.38
2020-08-07 09:10:00,437.9
2020-08-07 09:10:00,437.9
2020-08-07 09:10:00,437.9
2020-08-07 09:10:00,437.9
2020-08-07 09:10:00,437.9
2020-08-07 09:10:00,437.9
2020-08-07 09:10:00,437.9
2020-08-07 09:10:00,437.9
2020-08-07 09:10:00,437.9
2020-08-07 09:10:00,437.9
2020-08-07 09:25:00,280.78
2020-08-07 09:25:00,280.78
2020-08-07 09:25:00,280.78
2020-08-07 09:25:00,280.78
2020-08-07 09:25:00,280.78
2020-08-07 09:25:00,280.78
2020-08-07 09:25:00,280.78
2020-08-07 09:25:00,280.78
2020-08-07 09:25:00,280.78
2020-08-07 09:25:00,280.78
2020-08-07 09:40:00,123.66
2020-08-07 09:40:00,123.66
2020-08-07 09:40:00,123.66
2020-08-07 09:40:00,123.66
2020-08-07 09:40:00,123.66
2020-08-07 09:40:00,123.66
2020-08-07 09:40:00,123.66
2020-08-07 09:40:00,123.66
2020-08-07 09:40:00,123.66
2020-08-07 09:40:00,123.66
2020-08-07 09:55:00,224.54
2020-08-07 09:55:00,224.54
2020-08-07 09:55:00,224.54
2020-08-07 09:55:00,224.54
2020-08-07 09:55:00,224.54
2020-08-07 09:55:00,224.54
2020-08-07 09:55:00,224.54
2020-08-07 09:55:00,224.54
2020-08-07 09:55:00,224.54
2020-08-07 09:55:00,224.54
2020-08-07 10:10:00,325.43
2020-08-07 10:10:00,325.43
2020-08-07 10:10:00,325.43
2020-08-07 10:10:00,325.43
2020-08-07 10:10:00,325.43
2020-08-07 10:10:00,325.43
2020-08-07 10:10:00,325.43
2020-08-07 10:10:00,325.43
2020-08-07 10:10:00,325.43
2020-08-07 10:10:00,325.43
2020-08-07 10:25:00,275.64
2020-08-07 10:25:00,275.64
2020-08-07 10:25:00,275.64
2020-08-07 10:25:00,275.64
2020-08-07 10:25:00,275.64
2020-08-07 10:25:00,275.64
2020-08-07 10:25:00,275.64
2020-08-07 10:25:00,275.64
2020-08-07 10:25:00,275.64
2020-08-07 10:25:00,275.64
2020-08-07 10:40:00,225.85
2020-08-07 10:40:00,225.85
2020-08-07 10:40:00,225.85
2020-08-07 10:40:00,225.85
2020-08-07 10:40:00,225.85
2020-08-07 10:40:00,225.85
2020-08-07 10:40:00,225.85
2020-08-07 10:40:00,225.85
2020-08-07 10:40:00,225.85
2020-08-07 10:40:00,225.85
2020-08-07 10:55:00,258.07
2020-08-07 10:55:00,258.07
2020-08-07 10:55:00,258.07
2020-08-07 10:55:00,258.07
2020-08-07 10:55:00,258.07
2020-08-07 10:55:00,258.07
2020-08-07 10:55:00,258.07
2020-08-07 10:55:00,258.07
2020-08-07 10:55:00,258.07
2020-08-07 10:55:00,258.07
2020-08-07 11:10:00,290.29
2020-08-07 11:10:00,290.29
2020-08-07 11:10:00,290.29
2020-08-07 11:10:00,290.29
2020-08-07 11:10:00,290.29
2020-08-07 11:10:00,290.29
2020-08-07 11:10:00,290.29
2020-08-07 11:10:00,290.29
2020-08-07 11:10:00,290.29
2020-08-07 11:10:00,290.29
2020-08-07 11:25:00,400.34
2020-08-07 11:25:00,400.34
2020-08-07 11:25:00,400.34
2020-08-07 11:25:00,400.34
2020-08-07 11:25:00,400.34
2020-08-07 11:25:00,400.34
2020-08-07 11:25:00,400.34
2020-08-07 11:25:00,400.34
2020-08-07 11:25:00,400.34
2020-08-07 11:25:00,400.34
2020-08-07 11:40:00,510.39
2020-08-07 11:40:00,510.39
2020-08-07 11:40:00,510.39
2020-08-07 11:40:00,510.39
2020-08-07 11:40:00,510.39
2020-08-07 11:40:00,510.39
2020-08-07 11:40:00,510.39
2020-08-07 11:40:00,510.39
2020-08-07 11:40:00,510.39
2020-08-07 11:40:00,510.39
2020-08-07 11:55:00,360.52
2020-08-07 11:55:00,360.52
2020-08-07 11:55:00,360.52
2020-08-07 11:55:00,360.52
2020-08-07 11:55:00,360.52
2020-08-07 11:55:00,360.52
2020-08-07 11:55:00,360.52
2020-08-07 11:55:00,360.52
2020-08-07 11:55:00,360.52
2020-08-07 11:55:00,360.52
2020-08-07 12:10:00,210.64
2020-08-07 12:10:00,210.64
2020-08-07 12:10:00,210.64
2020-08-07 12:10:00,210.64
2020-08-07 12:10:00,210.64
2020-08-07 12:10:00,210.64
2020-08-07 12:10:00,210.64
2020-08-07 12:10:00,210.64
2020-08-07 12:10:00,210.64
2020-08-07 12:10:00,210.64
2020-08-07 12:25:00,197.82
2020-08-07 12:25:00,197.82
2020-08-07 12:25:00,197.82
2020-08-07 12:25:00,197.82
2020-08-07 12:25:00,197.82
2020-08-07 12:25:00,197.82
2020-08-07 12:25:00,197.82
2020-08-07 12:25:00,197.82
2020-08-07 12:25:00,197.82
2020-08-07 12:25:00,197.82
2020-08-07 12:40:00,185.0
2020-08-07 12:40:00,185.0
2020-08-07 12:40:00,185.0
2020-08-07 12:40:00,185.0
2020-08-07 12:40:00,185.0
2020-08-07 12:40:00,185.0
2020-08-07 12:40:00,185.0
2020-08-07 12:40:00,185.0
2020-08-07 12:40:00,185.0
2020-08-07 12:40:00,185.0
2020-08-07 12:55:00,230.62
2020-08-07 12:55:00,230.62
2020-08-07 12:55:00,230.62
2020-08-07 12:55:00,230.62
2020-08-07 12:55:00,230.62
2020-08-07 12:55:00,230.62
2020-08-07 12:55:00,230.62
2020-08-07 12:55:00,230.62
2020-08-07 12:55:00,230.62
2020-08-07 12:55:00,230.62
2020-08-07 13:10:00,276.24
2020-08-07 13:10:00,276.24
2020-08-07 13:10:00,276.24
2020-08-07 13:10:00,276.24
2020-08-07 13:10:00,276.24
2020-08-07 13:10:00,276.24
2020-08-07 13:10:00,276.24
2020-08-07 13:10:00,276.24
2020-08-07 13:10:00,276.24
2020-08-07 13:10:00,276.24
2020-08-07 13:25:00,302.96
2020-08-07 13:25:00,302.96
2020-08-07 13:25:00,302.96
2020-08-07 13:25:00,302.96
2020-08-07 13:25:00,302.96
2020-08-07 13:25:00,302.96
2020-08-07 13:25:00,302.96
2020-08-07 13:25:00,302.96
2020-08-07 13:25:00,302.96
2020-08-07 13:25:00,302.96
2020-08-07 13:40:00,329.69
2020-08-07 13:40:00,329.69
2020-08-07 13:40:00,329.69
2020-08-07 13:40:00,329.69
2020-08-07 13:40:00,329.69
2020-08-07 13:40:00,329.69
2020-08-07 13:40:00,329.69
2020-08-07 13:40:00,329.69
2020-08-07 13:40:00,329.69
2020-08-07 13:40:00,329.69
2020-08-07 13:55:00,325.75
2020-08-07 13:55:00,325.75
2020-08-07 13:55:00,325.75
2020-08-07 13:55:00,325.75
2020-08-07 13:55:00,325.75
2020-08-07 13:55:00,325.75
2020-08-07 13:55:00,325.75
2020-08-07 13:55:00,325.75
2020-08-07 13:55:00,325.75
2020-08-07 13:55:00,325.75
2020-08-07 14:10:00,321.81
2020-08-07 14:10:00,321.81
2020-08-07 14:10:00,321.81
2020-08-07 14:10:00,321.81
2020-08-07 14:10:00,321.81
2020-08-07 14:10:00,321.81
2020-08-07 14:10:00,321.81
2020-08-07 14:10:00,321.81
2020-08-07 14:10:00,321.81
2020-08-07 14:10:00,321.81
2020-08-07 14:25:00,368.82
2020-08-07 14:25:00,368.82
2020-08-07 14:25:00,368.82
2020-08-07 14:25:00,368.82
2020-08-07 14:25:00,368.82
2020-08-07 14:25:00,368.82
2020-08-07 14:25:00,368.82
2020-08-07 14:25:00,368.82
2020-08-07 14:25:00,368.82
2020-08-07 14:25:00,368.82
2020-08-07 14:40:00,415.84
2020-08-07 14:40:00,415.84
2020-08-07 14:40:00,415.84
2020-08-07 14:40:00,415.84
2020-08-07 14:40:00,415.84
2020-08-07 14:40:00,415.84
2020-08-07 14:40:00,415.84
2020-08-07 14:40:00,415.84
2020-08-07 14:40:00,415.84
2020-08-07 14:40:00,415.84
2020-08-07 14:55:00,332.66
2020-08-07 14:55:00,332.66
2020-08-07 14:55:00,332.66
2020-08-07 14:55:00,332.66
2020-08-07 14:55:00,332.66
2020-08-07 14:55:00,332.66
2020-08-07 14:55:00,332.66
2020-08-07 14:55:00,332.66
2020-08-07 14:55:00,332.66
2020-08-07 14:55:00,332.66
2020-08-07 15:10:00,249.49
2020-08-07 15:10:00,249.49
2020-08-07 15:10:00,249.49
2020-08-07 15:10:00,249.49
2020-08-07 15:10:00,249.49
2020-08-07 15:10:00,249.49
2020-08-07 15:10:00,249.49
2020-08-07 15:10:00,249.49
2020-08-07 15:10:00,249.49
2020-08-07 15:10:00,249.49
2020-08-07 15:25:00,341.88
2020-08-07 15:25:00,341.88
2020-08-07 15:25:00,341.88
2020-08-07 15:25:00,341.88
2020-08-07 15:25:00,341.88
2020-08-07 15:25:00,341.88
2020-08-07 15:25:00,341.88
2020-08-07 15:25:00,341.88
2020-08-07 15:25:00,341.88
2020-08-07 15:25:00,341.88
2020-08-07 15:40:00,434.28
2020-08-07 15:40:00,434.28
2020-08-07 15:40:00,434.28
2020-08-07 15:40:00,434.28
2020-08-07 15:40:00,434.28
2020-08-07 15:40:00,434.28
2020-08-07 15:40:00,434.28
2020-08-07 15:40:00,434.28
2020-08-07 15:40:00,434.28
2020-08-07 15:40:00,434.28
2020-08-07 15:55:00,415.38
2020-08-07 15:55:00,415.38
2020-08-07 15:55:00,415.38
2020-08-07 15:55:00,415.38
2020-08-07 15:55:00,415.38
2020-08-07 15:55:00,415.38
2020-08-07 15:55:00,415.38
2020-08-07 15:55:00,415.38
2020-08-07 15:55:00,415.38
2020-08-07 15:55:00,415.38
2020-08-07 16:10:00,396.47
2020-08-07 16:10:00,396.47
2020-08-07 16:10:00,396.47
2020-08-07 16:10:00,396.47
2020-08-07 16:10:00,396.47
2020-08-07 16:10:00,396.47
2020-08-07 16:10:00,396.47
2020-08-07 16:10:00,396.47
2020-08-07 16:10:00,396.47
2020-08-07 16:10:00,396.47
2020-08-07 16:25:00,352.08
2020-08-07 16:25:00,352.08
2020-08-07 16:25:00,352.08
2020-08-07 16:25:00,352.08
2020-08-07 16:25:00,352.08
2020-08-07 16:25:00,352.08
2020-08-07 16:25:00,352.08
2020-08-07 16:25:00,352.08
2020-08-07 16:25:00,352.08
2020-08-07 16:25:00,352.08
2020-08-07 16:40:00,307.7
2020-08-07 16:40:00,307.7
2020-08-07 16:40:00,307.7
2020-08-07 16:40:00,307.7
2020-08-07 16:40:00,307.7
2020-08-07 16:40:00,307.7
2020-08-07 16:40:00,307.7
2020-08-07 16:40:00,307.7
2020-08-07 16:40:00,307.7
2020-08-07 16:40:00,307.7
2020-08-07 16:55:00,210.1
2020-08-07 16:55:00,210.1
2020-08-07 16:55:00,210.1
2020-08-07 16:55:00,210.1
2020-08-07 16:55:00,210.1
2020-08-07 16:55:00,210.1
2020-08-07 16:55:00,210.1
2020-08-07 16:55:00,210.1
2020-08-07 16:55:00,210.1
2020-08-07 16:55:00,210.1
2020-08-07 17:10:00,112.5
2020-08-07 17:10:00,112.5
2020-08-07 17:10:00,112.5
2020-08-07 17:10:00,112.5
2020-08-07 17:10:00,112.5
2020-08-07 17:10:00,112.5
2020-08-07 17:10:00,112.5
2020-08-07 17:10:00,112.5
2020-08-07 17:10:00,112.5
2020-08-07 17:10:00,112.5
2020-08-07 17:25:00,80.19
2020-08-07 17:25:00,80.19
2020-08-07 17:25:00,80.19
2020-08-07 17:25:00,80.19
2020-08-07 17:25:00,80.19
2020-08-07 17:25:00,80.19
2020-08-07 17:25:00,80.19
2020-08-07 17:25:00,80.19
2020-08-07 17:25:00,80.19
2020-08-07 17:25:00,80.19
2020-08-07 17:40:00,47.88
2020-08-07 17:40:00,47.88
2020-08-07 17:40:00,47.88
2020-08-07 17:40:00,47.88
2020-08-07 17:40:00,47.88
2020-08-07 17:40:00,47.88
2020-08-07 17:40:00,47.88
2020-08-07 17:40:00,47.88
2020-08-07 17:40:00,47.88
2020-08-07 17:40:00,47.88
2020-08-07 17:55:00,48.91
2020-08-07 17:55:00,48.91
2020-08-07 17:55:00,48.91
2020-08-07 17:55:00,48.91
2020-08-07 17:55:00,48.91
2020-08-07 17:55:00,48.91
2020-08-07 17:55:00,48.91
2020-08-07 17:55:00,48.91
2020-08-07 17:55:00,48.91
2020-08-07 17:55:00,48.91
2020-08-07 18:10:00,49.94
2020-08-07 18:10:00,49.94
2020-08-07 18:10:00,49.94
2020-08-07 18:10:00,49.94
2020-08-07 18:10:00,49.94
2020-08-07 18:10:00,49.94
2020-08-07 18:10:00,49.94
2020-08-07 18:10:00,49.94
2020-08-07 18:10:00,49.94
2020-08-07 18:10:00,49.94
2020-08-07 18:25:00,48.59
2020-08-07 18:25:00,48.59
2020-08-07 18:25:00,48.59
2020-08-07 18:25:00,48.59
2020-08-07 18:25:00,48.59
2020-08-07 18:25:00,48.59
2020-08-07 18:25:00,48.59
2020-08-07 18:25:00,48.59
2020-08-07 18:25:00,48.59
2020-08-07 18:25:00,48.59
2020-08-07 18:40:00,47.24
2020-08-07 18:40:00,47.24
2020-08-07 18:40:00,47.24
2020-08-07 18:40:00,47.24
2020-08-07 18:40:00,47.24
2020-08-07 18:40:00,47.24
2020-08-07 18:40:00,47.24
2020-08-07 18:40:00,47.24
2020-08-07 18:40:00,47.24
2020-08-07 18:40:00,47.24
2020-08-07 18:55:00,25.48
2020-08-07 18:55:00,25.48
2020-08-07 18:55:00,25.48
2020-08-07 18:55:00,25.48
2020-08-07 18:55:00,25.48
2020-08-07 18:55:00,25.48
2020-08-07 18:55:00,25.48
2020-08-07 18:55:00,25.48
2020-08-07 18:55:00,25.48
2020-08-07 18:55:00,25.48
2020-08-07 19:10:00,3.73
2020-08-07 19:10:00,3.73
2020-08-07 19:10:00,3.73
2020-08-07 19:10:00,3.73
2020-08-07 19:10:00,3.73
2020-08-07 19:10:00,3.73
2020-08-07 19:10:00,3.73
2020-08-07 19:10:00,3.73
2020-08-07 19:10:00,3.73
2020-08-07 19:10:00,3.73
2020-08-07 19:25:00,27.16
2020-08-07 19:25:00,27.16
2020-08-07 19:25:00,27.16
2020-08-07 19:25:00,27.16
2020-08-07 19:25:00,27.16
2020-08-07 19:25:00,27.16
2020-08-07 19:25:00,27.16
2020-08-07 19:25:00,27.16
2020-08-07 19:25:00,27.16
2020-08-07 19:25:00,27.16
2020-08-07 19:40:00,50.6
2020-08-07 19:40:00,50.6
2020-08-07 19:40:00,50.6
2020-08-07 19:40:00,50.6
2020-08-07 19:40:00,50.6
2020-08-07 19:40:00,50.6
2020-08-07 19:40:00,50.6
2020-08-07 19:40:00,50.6
2020-08-07 19:40:00,50.6
2020-08-07 19:40:00,50.6
2020-08-07 19:55:00,70.98
2020-08-07 19:55:00,70.98
2020-08-07 19:55:00,70.98
2020-08-07 19:55:00,70.98
2020-08-07 19:55:00,70.98
2020-08-07 19:55:00,70.98
2020-08-07 19:55:00,70.98
2020-08-07 19:55:00,70.98
2020-08-07 19:55:00,70.98
2020-08-07 19:55:00,70.98
2020-08-07 20:10:00,91.36
2020-08-07 20:10:00,91.36
2020-08-07 20:10:00,91.36
2020-08-07 20:10:00,91.36
2020-08-07 20:10:00,91.36
2020-08-07 20:10:00,91.36
2020-08-07 20:10:00,91.36
2020-08-07 20:10:00,91.36
2020-08-07 20:10:00,91.36
2020-08-07 20:10:00,91.36
2020-08-07 20:25:00,67.34
2020-08-07 20:25:00,67.34
2020-08-07 20:25:00,67.34
2020-08-07 20:25:00,67.34
2020-08-07 20:25:00,67.34
2020-08-07 20:25:00,67.34
2020-08-07 20:25:00,67.34
2020-08-07 20:25:00,67.34
2020-08-07 20:25:00,67.34
2020-08-07 20:25:00,67.34
2020-08-07 20:40:00,43.32
2020-08-07 20:40:00,43.32
2020-08-07 20:40:00,43.32
2020-08-07 20:40:00,43.32
2020-08-07 20:40:00,43.32
2020-08-07 20:40:00,43.32
2020-08-07 20:40:00,43.32
2020-08-07 20:40:00,43.32
2020-08-07 20:40:00,43.32
2020-08-07 20:40:00,43.32
2020-08-07 20:55:00,175.52
2020-08-07 20:55:00,175.52
2020-08-07 20:55:00,175.52
2020-08-07 20:55:00,175.52
2020-08-07 20:55:00,175.52
2020-08-07 20:55:00,175.52
2020-08-07 20:55:00,175.52
2020-08-07 20:55:00,175.52
2020-08-07 20:55:00,175.52
2020-08-07 20:55:00,175.52
2020-08-07 21:10:00,307.71
2020-08-07 21:10:00,307.71
2020-08-07 21:10:00,307.71
2020-08-07 21:10:00,307.71
2020-08-07 21:10:00,307.71
2020-08-07 21:10:00,307.71
2020-08-07 21:10:00,307.71
2020-08-07 21:10:00,307.71
2020-08-07 21:10:00,307.71
2020-08-07 21:10:00,307.71
2020-08-07 21:25:00,156.77
2020-08-07 21:25:00,156.77
2020-08-07 21:25:00,156.77
2020-08-07 21:25:00,156.77
2020-08-07 21:25:00,156.77
2020-08-07 21:25:00,156.77
2020-08-07 21:25:00,156.77
2020-08-07 21:25:00,156.77
2020-08-07 21:25:00,156.77
2020-08-07 21:25:00,156.77
2020-08-07 21:40:00,5.84
2020-08-07 21:40:00,5.84
2020-08-07 21:40:00,5.84
2020-08-07 21:40:00,5.84
2020-08-07 21:40:00,5.84
2020-08-07 21:40:00,5.84
2020-08-07 21:40:00,5.84
2020-08-07 21:40:00,5.84
2020-08-07 21:40:00,5.84
2020-08-07 21:40:00,5.84
2020-08-07 21:55:00,2.77
2020-08-07 21:55:00,2.77
2020-08-07 21:55:00,2.77
2020-08-07 21:55:00,2.77
2020-08-07 21:55:00,2.77
2020-08-07 21:55:00,2.77
2020-08-07 21:55:00,2.77
2020-08-07 21:55:00,2.77
2020-08-07 21:55:00,2.77
2020-08-07 21:55:00,2.77
2020-08-07 22:10:00,0.0
2020-08-07 22:10:00,0.0
2020-08-07 22:10:00,0.0
2020-08-07 22:10:00,0.0
2020-08-07 22:10:00,0.0
2020-08-07 22:10:00,0.0
2020-08-07 22:10:00,0.0
2020-08-07 22:10:00,0.0
2020-08-07 22:10:00,0.0
2020-08-07 22:10:00,0.0
2020-08-07 22:25:00,0.0
2020-08-07 22:25:00,0.0
2020-08-07 22:25:00,0.0
2020-08-07 22:25:00,0.0
2020-08-07 22:25:00,0.0
2020-08-07 22:25:00,0.0
2020-08-07 22:25:00,0.0
2020-08-07 22:25:00,0.0
2020-08-07 22:25:00,0.0
2020-08-07 22:25:00,0.0
2020-08-07 22:40:00,0.0
2020-08-07 22:40:00,0.0
2020-08-07 22:40:00,0.0
2020-08-07 22:40:00,0.0
2020-08-07 22:40:00,0.0
2020-08-07 22:40:00,0.0
2020-08-07 22:40:00,0.0
2020-08-07 22:40:00,0.0
2020-08-07 22:40:00,0.0
2020-08-07 22:40:00,0.0
2020-08-07 22:55:00,0.0
2020-08-07 22:55:00,0.0
2020-08-07 22:55:00,0.0
2020-08-07 22:55:00,0.0
2020-08-07 22:55:00,0.0
2020-08-07 22:55:00,0.0
2020-08-07 22:55:00,0.0
2020-08-07 22:55:00,0.0
2020-08-07 22:55:00,0.0
2020-08-07 22:55:00,0.0
2020-08-07 23:10:00,0.0
2020-08-07 23:10:00,0.0
2020-08-07 23:10:00,0.0
2020-08-07 23:10:00,0.0
2020-08-07 23:10:00,0.0
2020-08-07 23:10:00,0.0
2020-08-07 23:10:00,0.0
2020-08-07 23:10:00,0.0
2020-08-07 23:10:00,0.0
2020-08-07 23:10:00,0.0
2020-08-07 23:25:00,0.0
2020-08-07 23:25:00,0.0
2020-08-07 23:25:00,0.0
2020-08-07 23:25:00,0.0
2020-08-07 23:25:00,0.0
2020-08-07 23:25:00,0.0
2020-08-07 23:25:00,0.0
2020-08-07 23:25:00,0.0
2020-08-07 23:25:00,0.0
2020-08-07 23:25:00,0.0
2020-08-07 23:40:00,0.0
2020-08-07 23:40:00,0.0
2020-08-07 23:40:00,0.0
2020-08-07 23:40:00,0.0
2020-08-07 23:40:00,0.0
2020-08-07 23:40:00,0.0
2020-08-07 23:40:00,0.0
2020-08-07 23:40:00,0.0
2020-08-07 23:40:00,0.0
2020-08-07 23:40:00,0.0
2020-08-07 23:55:00,0.0
2020-08-07 23:55:00,0.0
2020-08-07 23:55:00,0.0
2020-08-07 23:55:00,0.0
2020-08-07 23:55:00,0.0
2020-08-07 23:55:00,0.0
2020-08-07 23:55:00,0.0
2020-08-07 23:55:00,0.0
2020-08-07 23:55:00,0.0
2020-08-07 23:55:00,0.0
2020-08-08 00:10:00,0.0
2020-08-08 00:10:00,0.0
2020-08-08 00:10:00,0.0
2020-08-08 00:10:00,0.0
2020-08-08 00:10:00,0.0
2020-08-08 00:10:00,0.0
2020-08-08 00:10:00,0.0
2020-08-08 00:10:00,0.0
2020-08-08 00:10:00,0.0
2020-08-08 00:10:00,0.0
2020-08-08 00:25:00,0.0
2020-08-08 00:25:00,0.0
2020-08-08 00:25:00,0.0
2020-08-08 00:25:00,0.0
2020-08-08 00:25:00,0.0
2020-08-08 00:25:00,0.0
2020-08-08 00:25:00,0.0
2020-08-08 00:25:00,0.0
2020-08-08 00:25:00,0.0
2020-08-08 00:25:00,0.0
2020-08-08 00:40:00,0.0
2020-08-08 00:40:00,0.0
2020-08-08 00:40:00,0.0
2020-08-08 00:40:00,0.0
2020-08-08 00:40:00,0.0
2020-08-08 00:40:00,0.0
2020-08-08 00:40:00,0.0
2020-08-08 00:40:00,0.0
2020-08-08 00:40:00,0.0
2020-08-08 00:40:00,0.0
2020-08-08 00:55:00,0.0
2020-08-08 00:55:00,0.0
2020-08-08 00:55:00,0.0
2020-08-08 00:55:00,0.0
2020-08-08 00:55:00,0.0
2020-08-08 00:55:00,0.0
2020-08-08 00:55:00,0.0
2020-08-08 00:55:00,0.0
2020-08-08 00:55:00,0.0
2020-08-08 00:55:00,0.0
2020-08-08 01:10:00,0.0
2020-08-08 01:10:00,0.0
2020-08-08 01:10:00,0.0
2020-08-08 01:10:00,0.0
2020-08-08 01:10:00,0.0
2020-08-08 01:10:00,0.0
2020-08-08 01:10:00,0.0
2020-08-08 01:10:00,0.0
2020-08-08 01:10:00,0.0
2020-08-08 01:10:00,0.0
2020-08-08 01:25:00,0.0
2020-08-08 01:25:00,0.0
2020-08-08 01:25:00,0.0
2020-08-08 01:25:00,0.0
2020-08-08 01:25:00,0.0
2020-08-08 01:25:00,0.0
2020-08-08 01:25:00,0.0
2020-08-08 01:25:00,0.0
2020-08-08 01:25:00,0.0
2020-08-08 01:25:00,0.0
2020-08-08 01:40:00,0.0
2020-08-08 01:40:00,0.0
2020-08-08 01:40:00,0.0
2020-08-08 01:40:00,0.0
2020-08-08 01:40:00,0.0
2020-08-08 01:40:00,0.0
2020-08-08 01:40:00,0.0
2020-08-08 01:40:00,0.0
2020-08-08 01:40:00,0.0
2020-08-08 01:40:00,0.0
2020-08-08 01:55:00,0.0
2020-08-08 01:55:00,0.0
2020-08-08 01:55:00,0.0
2020-08-08 01:55:00,0.0
2020-08-08 01:55:00,0.0
2020-08-08 01:55:00,0.0
2020-08-08 01:55:00,0.0
2020-08-08 01:55:00,0.0
2020-08-08 01:55:00,0.0
2020-08-08 01:55:00,0.0
2020-08-08 02:10:00,0.0
2020-08-08 02:10:00,0.0
2020-08-08 02:10:00,0.0
2020-08-08 02:10:00,0.0
2020-08-08 02:10:00,0.0
2020-08-08 02:10:00,0.0
2020-08-08 02:10:00,0.0
2020-08-08 02:10:00,0.0
2020-08-08 02:10:00,0.0
2020-08-08 02:10:00,0.0
2020-08-08 02:25:00,0.0
2020-08-08 02:25:00,0.0
2020-08-08 02:25:00,0.0
2020-08-08 02:25:00,0.0
2020-08-08 02:25:00,0.0
2020-08-08 02:25:00,0.0
2020-08-08 02:25:00,0.0
2020-08-08 02:25:00,0.0
2020-08-08 02:25:00,0.0
2020-08-08 02:25:00,0.0
2020-08-08 02:40:00,0.0
2020-08-08 02:40:00,0.0
2020-08-08 02:40:00,0.0
2020-08-08 02:40:00,0.0
2020-08-08 02:40:00,0.0
2020-08-08 02:40:00,0.0
2020-08-08 02:40:00,0.0
2020-08-08 02:40:00,0.0
2020-08-08 02:40:00,0.0
2020-08-08 02:40:00,0.0
2020-08-08 02:55:00,0.0
2020-08-08 02:55:00,0.0
2020-08-08 02:55:00,0.0
2020-08-08 02:55:00,0.0
2020-08-08 02:55:00,0.0
2020-08-08 02:55:00,0.0
2020-08-08 02:55:00,0.0
2020-08-08 02:55:00,0.0
2020-08-08 02:55:00,0.0
2020-08-08 02:55:00,0.0
2020-08-08 03:10:00,0.0
2020-08-08 03:10:00,0.0
2020-08-08 03:10:00,0.0
2020-08-08 03:10:00,0.0
2020-08-08 03:10:00,0.0
2020-08-08 03:10:00,0.0
2020-08-08 03:10:00,0.0
2020-08-08 03:10:00,0.0
2020-08-08 03:10:00,0.0
2020-08-08 03:10:00,0.0
2020-08-08 03:25:00,14.11
2020-08-08 03:25:00,14.11
2020-08-08 03:25:00,14.11
2020-08-08 03:25:00,14.11
2020-08-08 03:25:00,14.11
2020-08-08 03:25:00,14.11
2020-08-08 03:25:00,14.11
2020-08-08 03:25:00,14.11
2020-08-08 03:25:00,14.11
2020-08-08 03:25:00,14.11
2020-08-08 03:40:00,28.52
2020-08-08 03:40:00,28.52
2020-08-08 03:40:00,28.52
2020-08-08 03:40:00,28.52
2020-08-08 03:40:00,28.52
2020-08-08 03:40:00,28.52
2020-08-08 03:40:00,28.52
2020-08-08 03:40:00,28.52
2020-08-08 03:40:00,28.52
2020-08-08 03:40:00,28.52
2020-08-08 03:55:00,86.64
2020-08-08 03:55:00,86.64
2020-08-08 03:55:00,86.64
2020-08-08 03:55:00,86.64
2020-08-08 03:55:00,86.64
2020-08-08 03:55:00,86.64
2020-08-08 03:55:00,86.64
2020-08-08 03:55:00,86.64
2020-08-08 03:55:00,86.64
2020-08-08 03:55:00,86.64
2020-08-08 04:10:00,144.77
2020-08-08 04:10:00,144.77
2020-08-08 04:10:00,144.77
2020-08-08 04:10:00,144.77
2020-08-08 04:10:00,144.77
2020-08-08 04:10:00,144.77
2020-08-08 04:10:00,144.77
2020-08-08 04:10:00,144.77
2020-08-08 04:10:00,144.77
2020-08-08 04:10:00,144.77
2020-08-08 04:25:00,78.22
2020-08-08 04:25:00,78.22
2020-08-08 04:25:00,78.22
2020-08-08 04:25:00,78.22
2020-08-08 04:25:00,78.22
2020-08-08 04:25:00,78.22
2020-08-08 04:25:00,78.22
2020-08-08 04:25:00,78.22
2020-08-08 04:25:00,78.22
2020-08-08 04:25:00,78.22
2020-08-08 04:40:00,11.67
2020-08-08 04:40:00,11.67
2020-08-08 04:40:00,11.67
2020-08-08 04:40:00,11.67
2020-08-08 04:40:00,11.67
2020-08-08 04:40:00,11.67
2020-08-08 04:40:00,11.67
2020-08-08 04:40:00,11.67
2020-08-08 04:40:00,11.67
2020-08-08 04:40:00,11.67
2020-08-08 04:55:00,11.06
2020-08-08 04:55:00,11.06
2020-08-08 04:55:00,11.06
2020-08-08 04:55:00,11.06
2020-08-08 04:55:00,11.06
2020-08-08 04:55:00,11.06
2020-08-08 04:55:00,11.06
2020-08-08 04:55:00,11.06
2020-08-08 04:55:00,11.06
2020-08-08 04:55:00,11.06
2020-08-08 05:10:00,10.44
2020-08-08 05:10:00,10.44
2020-08-08 05:10:00,10.44
2020-08-08 05:10:00,10.44
2020-08-08 05:10:00,10.44
2020-08-08 05:10:00,10.44
2020-08-08 05:10:00,10.44
2020-08-08 05:10:00,10.44
2020-08-08 05:10:00,10.44
2020-08-08 05:10:00,10.44
2020-08-08 05:25:00,5.07
2020-08-08 05:25:00,5.07
2020-08-08 05:25:00,5.07
2020-08-08 05:25:00,5.07
2020-08-08 05:25:00,5.07
2020-08-08 05:25:00,5.07
2020-08-08 05:25:00,5.07
2020-08-08 05:25:00,5.07
2020-08-08 05:25:00,5.07
2020-08-08 05:25:00,5.07
2020-08-08 05:40:00,0.0
2020-08-08 05:40:00,0.0
2020-08-08 05:40:00,0.0
2020-08-08 05:40:00,0.0
2020-08-08 05:40:00,0.0
2020-08-08 05:40:00,0.0
2020-08-08 05:40:00,0.0
2020-08-08 05:40:00,0.0
2020-08-08 05:40:00,0.0
2020-08-08 05:40:00,0.0
2020-08-08 05:55:00,98.95
2020-08-08 05:55:00,98.95
2020-08-08 05:55:00,98.95
2020-08-08 05:55:00,98.95
2020-08-08 05:55:00,98.95
2020-08-08 05:55:00,98.95
2020-08-08 05:55:00,98.95
2020-08-08 05:55:00,98.95
2020-08-08 05:55:00,98.95
2020-08-08 05:55:00,98.95
2020-08-08 06:10:00,198.2
2020-08-08 06:10:00,198.2
2020-08-08 06:10:00,198.2
2020-08-08 06:10:00,198.2
2020-08-08 06:10:00,198.2
2020-08-08 06:10:00,198.2
2020-08-08 06:10:00,198.2
2020-08-08 06:10:00,198.2
2020-08-08 06:10:00,198.2
2020-08-08 06:10:00,198.2
2020-08-08 06:25:00,242.0
2020-08-08 06:25:00,242.0
2020-08-08 06:25:00,242.0
2020-08-08 06:25:00,242.0
2020-08-08 06:25:00,242.0
2020-08-08 06:25:00,242.0
2020-08-08 06:25:00,242.0
2020-08-08 06:25:00,242.0
2020-08-08 06:25:00,242.0
2020-08-08 06:25:00,242.0
2020-08-08 06:40:00,285.79
2020-08-08 06:40:00,285.79
2020-08-08 06:40:00,285.79
2020-08-08 06:40:00,285.79
2020-08-08 06:40:00,285.79
2020-08-08 06:40:00,285.79
2020-08-08 06:40:00,285.79
2020-08-08 06:40:00,285.79
2020-08-08 06:40:00,285.79
2020-08-08 06:40:00,285.79
2020-08-08 06:55:00,394.68
2020-08-08 06:55:00,394.68
2020-08-08 06:55:00,394.68
2020-08-08 06:55:00,394.68
2020-08-08 06:55:00,394.68
2020-08-08 06:55:00,394.68
2020-08-08 06:55:00,394.68
2020-08-08 06:55:00,394.68
2020-08-08 06:55:00,394.68
2020-08-08 06:55:00,394.68
2020-08-08 07:10:00,503.56
2020-08-08 07:10:00,503.56
2020-08-08 07:10:00,503.56
2020-08-08 07:10:00,503.56
2020-08-08 07:10:00,503.56
2020-08-08 07:10:00,503.56
2020-08-08 07:10:00,503.56
2020-08-08 07:10:00,503.56
2020-08-08 07:10:00,503.56
2020-08-08 07:10:00,503.56
2020-08-08 07:25:00,614.41
2020-08-08 07:25:00,614.41
2020-08-08 07:25:00,614.41
2020-08-08 07:25:00,614.41
2020-08-08 07:25:00,614.41
2020-08-08 07:25:00,614.41
2020-08-08 07:25:00,614.41
2020-08-08 07:25:00,614.41
2020-08-08 07:25:00,614.41
2020-08-08 07:25:00,614.41
2020-08-08 07:40:00,725.27
2020-08-08 07:40:00,725.27
2020-08-08 07:40:00,725.27
2020-08-08 07:40:00,725.27
2020-08-08 07:40:00,725.27
2020-08-08 07:40:00,725.27
2020-08-08 07:40:00,725.27
2020-08-08 07:40:00,725.27
2020-08-08 07:40:00,725.27
2020-08-08 07:40:00,725.27
2020-08-08 07:55:00,664.1
2020-08-08 07:55:00,664.1
2020-08-08 07:55:00,664.1
2020-08-08 07:55:00,664.1
2020-08-08 07:55:00,664.1
2020-08-08 07:55:00,664.1
2020-08-08 07:55:00,664.1
2020-08-08 07:55:00,664.1
2020-08-08 07:55:00,664.1
2020-08-08 07:55:00,664.1
2020-08-08 08:10:00,602.92
2020-08-08 08:10:00,602.92
2020-08-08 08:10:00,602.92
2020-08-08 08:10:00,602.92
2020-08-08 08:10:00,602.92
2020-08-08 08:10:00,602.92
2020-08-08 08:10:00,602.92
2020-08-08 08:10:00,602.92
2020-08-08 08:10:00,602.92
2020-08-08 08:10:00,602.92
2020-08-08 08:25:00,633.82
2020-08-08 08:25:00,633.82
2020-08-08 08:25:00,633.82
2020-08-08 08:25:00,633.82
2020-08-08 08:25:00,633.82
2020-08-08 08:25:00,633.82
2020-08-08 08:25:00,633.82
2020-08-08 08:25:00,633.82
2020-08-08 08:25:00,633.82
2020-08-08 08:25:00,633.82
2020-08-08 08:40:00,664.72
2020-08-08 08:40:00,664.72
2020-08-08 08:40:00,664.72
2020-08-08 08:40:00,664.72
2020-08-08 08:40:00,664.72
2020-08-08 08:40:00,664.72
2020-08-08 08:40:00,664.72
2020-08-08 08:40:00,664.72
2020-08-08 08:40:00,664.72
2020-08-08 08:40:00,664.72
2020-08-08 08:55:00,606.14
2020-08-08 08:55:00,606.14
2020-08-08 08:55:00,606.14
2020-08-08 08:55:00,606.14
2020-08-08 08:55:00,606.14
2020-08-08 08:55:00,606.14
2020-08-08 08:55:00,606.14
2020-08-08 08:55:00,606.14
2020-08-08 08:55:00,606.14
2020-08-08 08:55:00,606.14
2020-08-08 09:10:00,547.56
2020-08-08 09:10:00,547.56
2020-08-08 09:10:00,547.56
2020-08-08 09:10:00,547.56
2020-08-08 09:10:00,547.56
2020-08-08 09:10:00,547.56
2020-08-08 09:10:00,547.56
2020-08-08 09:10:00,547.56
2020-08-08 09:10:00,547.56
2020-08-08 09:10:00,547.56
2020-08-08 09:25:00,436.5
2020-08-08 09:25:00,436.5
2020-08-08 09:25:00,436.5
2020-08-08 09:25:00,436.5
2020-08-08 09:25:00,436.5
2020-08-08 09:25:00,436.5
2020-08-08 09:25:00,436.5
2020-08-08 09:25:00,436.5
2020-08-08 09:25:00,436.5
2020-08-08 09:25:00,436.5
2020-08-08 09:40:00,325.43
2020-08-08 09:40:00,325.43
2020-08-08 09:40:00,325.43
2020-08-08 09:40:00,325.43
2020-08-08 09:40:00,325.43
2020-08-08 09:40:00,325.43
2020-08-08 09:40:00,325.43
2020-08-08 09:40:00,325.43
2020-08-08 09:40:00,325.43
2020-08-08 09:40:00,325.43
2020-08-08 09:55:00,211.38
2020-08-08 09:55:00,211.38
2020-08-08 09:55:00,211.38
2020-08-08 09:55:00,211.38
2020-08-08 09:55:00,211.38
2020-08-08 09:55:00,211.38
2020-08-08 09:55:00,211.38
2020-08-08 09:55:00,211.38
2020-08-08 09:55:00,211.38
2020-08-08 09:55:00,211.38
2020-08-08 10:10:00,97.34
2020-08-08 10:10:00,97.34
2020-08-08 10:10:00,97.34
2020-08-08 10:10:00,97.34
2020-08-08 10:10:00,97.34
2020-08-08 10:10:00,97.34
2020-08-08 10:10:00,97.34
2020-08-08 10:10:00,97.34
2020-08-08 10:10:00,97.34
2020-08-08 10:10:00,97.34
2020-08-08 10:25:00,149.6
2020-08-08 10:25:00,149.6
2020-08-08 10:25:00,149.6
2020-08-08 10:25:00,149.6
2020-08-08 10:25:00,149.6
2020-08-08 10:25:00,149.6
2020-08-08 10:25:00,149.6
2020-08-08 10:25:00,149.6
2020-08-08 10:25:00,149.6
2020-08-08 10:25:00,149.6
2020-08-08 10:40:00,201.87
2020-08-08 10:40:00,201.87
2020-08-08 10:40:00,201.87
2020-08-08 10:40:00,201.87
2020-08-08 10:40:00,201.87
2020-08-08 10:40:00,201.87
2020-08-08 10:40:00,201.87
2020-08-08 10:40:00,201.87
2020-08-08 10:40:00,201.87
2020-08-08 10:40:00,201.87
2020-08-08 10:55:00,214.7
2020-08-08 10:55:00,214.7
2020-08-08 10:55:00,214.7
2020-08-08 10:55:00,214.7
2020-08-08 10:55:00,214.7
2020-08-08 10:55:00,214.7
2020-08-08 10:55:00,214.7
2020-08-08 10:55:00,214.7
2020-08-08 10:55:00,214.7
2020-08-08 10:55:00,214.7
2020-08-08 11:10:00,227.54
2020-08-08 11:10:00,227.54
2020-08-08 11:10:00,227.54
2020-08-08 11:10:00,227.54
2020-08-08 11:10:00,227.54
2020-08-08 11:10:00,227.54
2020-08-08 11:10:00,227.54
2020-08-08 11:10:00,227.54
2020-08-08 11:10:00,227.54
2020-08-08 11:10:00,227.54
2020-08-08 11:25:00,213.05
2020-08-08 11:25:00,213.05
2020-08-08 11:25:00,213.05
2020-08-08 11:25:00,213.05
2020-08-08 11:25:00,213.05
2020-08-08 11:25:00,213.05
2020-08-08 11:25:00,213.05
2020-08-08 11:25:00,213.05
2020-08-08 11:25:00,213.05
2020-08-08 11:25:00,213.05
2020-08-08 11:40:00,198.56
2020-08-08 11:40:00,198.56
2020-08-08 11:40:00,198.56
2020-08-08 11:40:00,198.56
2020-08-08 11:40:00,198.56
2020-08-08 11:40:00,198.56
2020-08-08 11:40:00,198.56
2020-08-08 11:40:00,198.56
2020-08-08 11:40:00,198.56
2020-08-08 11:40:00,198.56
2020-08-08 11:55:00,241.64
2020-08-08 11:55:00,241.64
2020-08-08 11:55:00,241.64
2020-08-08 11:55:00,241.64
2020-08-08 11:55:00,241.64
2020-08-08 11:55:00,241.64
2020-08-08 11:55:00,241.64
2020-08-08 11:55:00,241.64
2020-08-08 11:55:00,241.64
2020-08-08 11:55:00,241.64
2020-08-08 12:10:00,284.71
2020-08-08 12:10:00,284.71
2020-08-08 12:10:00,284.71
2020-08-08 12:10:00,284.71
2020-08-08 12:10:00,284.71
2020-08-08 12:10:00,284.71
2020-08-08 12:10:00,284.71
2020-08-08 12:10:00,284.71
2020-08-08 12:10:00,284.71
2020-08-08 12:10:00,284.71
2020-08-08 12:25:00,320.46
2020-08-08 12:25:00,320.46
2020-08-08 12:25:00,320.46
2020-08-08 12:25:00,320.46
2020-08-08 12:25:00,320.46
2020-08-08 12:25:00,320.46
2020-08-08 12:25:00,320.46
2020-08-08 12:25:00,320.46
2020-08-08 12:25:00,320.46
2020-08-08 12:25:00,320.46
2020-08-08 12:40:00,356.22
2020-08-08 12:40:00,356.22
2020-08-08 12:40:00,356.22
2020-08-08 12:40:00,356.22
2020-08-08 12:40:00,356.22
2020-08-08 12:40:00,356.22
2020-08-08 12:40:00,356.22
2020-08-08 12:40:00,356.22
2020-08-08 12:40:00,356.22
2020-08-08 12:40:00,356.22
2020-08-08 12:55:00,324.49
2020-08-08 12:55:00,324.49
2020-08-08 12:55:00,324.49
2020-08-08 12:55:00,324.49
2020-08-08 12:55:00,324.49
2020-08-08 12:55:00,324.49
2020-08-08 12:55:00,324.49
2020-08-08 12:55:00,324.49
2020-08-08 12:55:00,324.49
2020-08-08 12:55:00,324.49
2020-08-08 13:10:00,292.76
2020-08-08 13:10:00,292.76
2020-08-08 13:10:00,292.76
2020-08-08 13:10:00,292.76
2020-08-08 13:10:00,292.76
2020-08-08 13:10:00,292.76
2020-08-08 13:10:00,292.76
2020-08-08 13:10:00,292.76
2020-08-08 13:10:00,292.76
2020-08-08 13:10:00,292.76
2020-08-08 13:25:00,317.63
2020-08-08 13:25:00,317.63
2020-08-08 13:25:00,317.63
2020-08-08 13:25:00,317.63
2020-08-08 13:25:00,317.63
2020-08-08 13:25:00,317.63
2020-08-08 13:25:00,317.63
2020-08-08 13:25:00,317.63
2020-08-08 13:25:00,317.63
2020-08-08 13:25:00,317.63
2020-08-08 13:40:00,342.5
2020-08-08 13:40:00,342.5
2020-08-08 13:40:00,342.5
2020-08-08 13:40:00,342.5
2020-08-08 13:40:00,342.5
2020-08-08 13:40:00,342.5
2020-08-08 13:40:00,342.5
2020-08-08 13:40:00,342.5
2020-08-08 13:40:00,342.5
2020-08-08 13:40:00,342.5
2020-08-08 13:55:00,379.72
2020-08-08 13:55:00,379.72
2020-08-08 13:55:00,379.72
2020-08-08 13:55:00,379.72
2020-08-08 13:55:00,379.72
2020-08-08 13:55:00,379.72
2020-08-08 13:55:00,379.72
2020-08-08 13:55:00,379.72
2020-08-08 13:55:00,379.72
2020-08-08 13:55:00,379.72
2020-08-08 14:10:00,416.93
2020-08-08 14:10:00,416.93
2020-08-08 14:10:00,416.93
2020-08-08 14:10:00,416.93
2020-08-08 14:10:00,416.93
2020-08-08 14:10:00,416.93
2020-08-08 14:10:00,416.93
2020-08-08 14:10:00,416.93
2020-08-08 14:10:00,416.93
2020-08-08 14:10:00,416.93
2020-08-08 14:25:00,353.84
2020-08-08 14:25:00,353.84
2020-08-08 14:25:00,353.84
2020-08-08 14:25:00,353.84
2020-08-08 14:25:00,353.84
2020-08-08 14:25:00,353.84
2020-08-08 14:25:00,353.84
2020-08-08 14:25:00,353.84
2020-08-08 14:25:00,353.84
2020-08-08 14:25:00,353.84
2020-08-08 14:40:00,290.74
2020-08-08 14:40:00,290.74
2020-08-08 14:40:00,290.74
2020-08-08 14:40:00,290.74
2020-08-08 14:40:00,290.74
2020-08-08 14:40:00,290.74
2020-08-08 14:40:00,290.74
2020-08-08 14:40:00,290.74
2020-08-08 14:40:00,290.74
2020-08-08 14:40:00,290.74
2020-08-08 14:55:00,299.02
2020-08-08 14:55:00,299.02
2020-08-08 14:55:00,299.02
2020-08-08 14:55:00,299.02
2020-08-08 14:55:00,299.02
2020-08-08 14:55:00,299.02
2020-08-08 14:55:00,299.02
2020-08-08 14:55:00,299.02
2020-08-08 14:55:00,299.02
2020-08-08 14:55:00,299.02
2020-08-08 15:10:00,307.29
2020-08-08 15:10:00,307.29
2020-08-08 15:10:00,307.29
2020-08-08 15:10:00,307.29
2020-08-08 15:10:00,307.29
2020-08-08 15:10:00,307.29
2020-08-08 15:10:00,307.29
2020-08-08 15:10:00,307.29
2020-08-08 15:10:00,307.29
2020-08-08 15:10:00,307.29
2020-08-08 15:25:00,265.82
2020-08-08 15:25:00,265.82
2020-08-08 15:25:00,265.82
2020-08-08 15:25:00,265.82
2020-08-08 15:25:00,265.82
2020-08-08 15:25:00,265.82
2020-08-08 15:25:00,265.82
2020-08-08 15:25:00,265.82
2020-08-08 15:25:00,265.82
2020-08-08 15:25:00,265.82
2020-08-08 15:40:00,224.34
2020-08-08 15:40:00,224.34
2020-08-08 15:40:00,224.34
2020-08-08 15:40:00,224.34
2020-08-08 15:40:00,224.34
2020-08-08 15:40:00,224.34
2020-08-08 15:40:00,224.34
2020-08-08 15:40:00,224.34
2020-08-08 15:40:00,224.34
2020-08-08 15:40:00,224.34
2020-08-08 15:55:00,208.85
2020-08-08 15:55:00,208.85
2020-08-08 15:55:00,208.85
2020-08-08 15:55:00,208.85
2020-08-08 15:55:00,208.85
2020-08-08 15:55:00,208.85
2020-08-08 15:55:00,208.85
2020-08-08 15:55:00,208.85
2020-08-08 15:55:00,208.85
2020-08-08 15:55:00,208.85
2020-08-08 16:10:00,193.36
2020-08-08 16:10:00,193.36
2020-08-08 16:10:00,193.36
2020-08-08 16:10:00,193.36
2020-08-08 16:10:00,193.36
2020-08-08 16:10:00,193.36
2020-08-08 16:10:00,193.36
2020-08-08 16:10:00,193.36
2020-08-08 16:10:00,193.36
2020-08-08 16:10:00,193.36
2020-08-08 16:25:00,136.68
2020-08-08 16:25:00,136.68
2020-08-08 16:25:00,136.68
2020-08-08 16:25:00,136.68
2020-08-08 16:25:00,136.68
2020-08-08 16:25:00,136.68
2020-08-08 16:25:00,136.68
2020-08-08 16:25:00,136.68
2020-08-08 16:25:00,136.68
2020-08-08 16:25:00,136.68
2020-08-08 16:40:00,80.01
2020-08-08 16:40:00,80.01
2020-08-08 16:40:00,80.01
2020-08-08 16:40:00,80.01
2020-08-08 16:40:00,80.01
2020-08-08 16:40:00,80.01
2020-08-08 16:40:00,80.01
2020-08-08 16:40:00,80.01
2020-08-08 16:40:00,80.01
2020-08-08 16:40:00,80.01
2020-08-08 16:55:00,57.45
2020-08-08 16:55:00,57.45
2020-08-08 16:55:00,57.45
2020-08-08 16:55:00,57.45
2020-08-08 16:55:00,57.45
2020-08-08 16:55:00,57.45
2020-08-08 16:55:00,57.45
2020-08-08 16:55:00,57.45
2020-08-08 16:55:00,57.45
2020-08-08 16:55:00,57.45
2020-08-08 17:10:00,34.89
2020-08-08 17:10:00,34.89
2020-08-08 17:10:00,34.89
2020-08-08 17:10:00,34.89
2020-08-08 17:10:00,34.89
2020-08-08 17:10:00,34.89
2020-08-08 17:10:00,34.89
2020-08-08 17:10:00,34.89
2020-08-08 17:10:00,34.89
2020-08-08 17:10:00,34.89
2020-08-08 17:25:00,17.3
2020-08-08 17:25:00,17.3
2020-08-08 17:25:00,17.3
2020-08-08 17:25:00,17.3
2020-08-08 17:25:00,17.3
2020-08-08 17:25:00,17.3
2020-08-08 17:25:00,17.3
2020-08-08 17:25:00,17.3
2020-08-08 17:25:00,17.3
2020-08-08 17:25:00,17.3
2020-08-08 17:40:00,0.0
2020-08-08 17:40:00,0.0
2020-08-08 17:40:00,0.0
2020-08-08 17:40:00,0.0
2020-08-08 17:40:00,0.0
2020-08-08 17:40:00,0.0
2020-08-08 17:40:00,0.0
2020-08-08 17:40:00,0.0
2020-08-08 17:40:00,0.0
2020-08-08 17:40:00,0.0
2020-08-08 17:55:00,0.0
2020-08-08 17:55:00,0.0
2020-08-08 17:55:00,0.0
2020-08-08 17:55:00,0.0
2020-08-08 17:55:00,0.0
2020-08-08 17:55:00,0.0
2020-08-08 17:55:00,0.0
2020-08-08 17:55:00,0.0
2020-08-08 17:55:00,0.0
2020-08-08 17:55:00,0.0
2020-08-08 18:10:00,0.0
2020-08-08 18:10:00,0.0
2020-08-08 18:10:00,0.0
2020-08-08 18:10:00,0.0
2020-08-08 18:10:00,0.0
2020-08-08 18:10:00,0.0
2020-08-08 18:10:00,0.0
2020-08-08 18:10:00,0.0
2020-08-08 18:10:00,0.0
2020-08-08 18:10:00,0.0
2020-08-08 18:25:00,52.42
2020-08-08 18:25:00,52.42
2020-08-08 18:25:00,52.42
2020-08-08 18:25:00,52.42
2020-08-08 18:25:00,52.42
2020-08-08 18:25:00,52.42
2020-08-08 18:25:00,52.42
2020-08-08 18:25:00,52.42
2020-08-08 18:25:00,52.42
2020-08-08 18:25:00,52.42
2020-08-08 18:40:00,105.14
2020-08-08 18:40:00,105.14
2020-08-08 18:40:00,105.14
2020-08-08 18:40:00,105.14
2020-08-08 18:40:00,105.14
2020-08-08 18:40:00,105.14
2020-08-08 18:40:00,105.14
2020-08-08 18:40:00,105.14
2020-08-08 18:40:00,105.14
2020-08-08 18:40:00,105.14
2020-08-08 18:55:00,105.92
2020-08-08 18:55:00,105.92
2020-08-08 18:55:00,105.92
2020-08-08 18:55:00,105.92
2020-08-08 18:55:00,105.92
2020-08-08 18:55:00,105.92
2020-08-08 18:55:00,105.92
2020-08-08 18:55:00,105.92
2020-08-08 18:55:00,105.92
2020-08-08 18:55:00,105.92
2020-08-08 19:10:00,106.7
2020-08-08 19:10:00,106.7
2020-08-08 19:10:00,106.7
2020-08-08 19:10:00,106.7
2020-08-08 19:10:00,106.7
2020-08-08 19:10:00,106.7
2020-08-08 19:10:00,106.7
2020-08-08 19:10:00,106.7
2020-08-08 19:10:00,106.7
2020-08-08 19:10:00,106.7
2020-08-08 19:25:00,105.84
2020-08-08 19:25:00,105.84
2020-08-08 19:25:00,105.84
2020-08-08 19:25:00,105.84
2020-08-08 19:25:00,105.84
2020-08-08 19:25:00,105.84
2020-08-08 19:25:00,105.84
2020-08-08 19:25:00,105.84
2020-08-08 19:25:00,105.84
2020-08-08 19:25:00,105.84
2020-08-08 19:40:00,104.97
2020-08-08 19:40:00,104.97
2020-08-08 19:40:00,104.97
2020-08-08 19:40:00,104.97
2020-08-08 19:40:00,104.97
2020-08-08 19:40:00,104.97
2020-08-08 19:40:00,104.97
2020-08-08 19:40:00,104.97
2020-08-08 19:40:00,104.97
2020-08-08 19:40:00,104.97
2020-08-08 19:55:00,142.45
2020-08-08 19:55:00,142.45
2020-08-08 19:55:00,142.45
2020-08-08 19:55:00,142.45
2020-08-08 19:55:00,142.45
2020-08-08 19:55:00,142.45
2020-08-08 19:55:00,142.45
2020-08-08 19:55:00,142.45
2020-08-08 19:55:00,142.45
2020-08-08 19:55:00,142.45
2020-08-08 20:10:00,179.92
2020-08-08 20:10:00,179.92
2020-08-08 20:10:00,179.92
2020-08-08 20:10:00,179.92
2020-08-08 20:10:00,179.92
2020-08-08 20:10:00,179.92
2020-08-08 20:10:00,179.92
2020-08-08 20:10:00,179.92
2020-08-08 20:10:00,179.92
2020-08-08 20:10:00,179.92
2020-08-08 20:25:00,275.54
2020-08-08 20:25:00,275.54
2020-08-08 20:25:00,275.54
2020-08-08 20:25:00,275.54
2020-08-08 20:25:00,275.54
2020-08-08 20:25:00,275.54
2020-08-08 20:25:00,275.54
2020-08-08 20:25:00,275.54
2020-08-08 20:25:00,275.54
2020-08-08 20:25:00,275.54
2020-08-08 20:40:00,371.16
2020-08-08 20:40:00,371.16
2020-08-08 20:40:00,371.16
2020-08-08 20:40:00,371.16
2020-08-08 20:40:00,371.16
2020-08-08 20:40:00,371.16
2020-08-08 20:40:00,371.16
2020-08-08 20:40:00,371.16
2020-08-08 20:40:00,371.16
2020-08-08 20:40:00,371.16
2020-08-08 20:55:00,549.91
2020-08-08 20:55:00,549.91
2020-08-08 20:55:00,549.91
2020-08-08 20:55:00,549.91
2020-08-08 20:55:00,549.91
2020-08-08 20:55:00,549.91
2020-08-08 20:55:00,549.91
2020-08-08 20:55:00,549.91
2020-08-08 20:55:00,549.91
2020-08-08 20:55:00,549.91
2020-08-08 21:10:00,728.67
2020-08-08 21:10:00,728.67
2020-08-08 21:10:00,728.67
2020-08-08 21:10:00,728.67
2020-08-08 21:10:00,728.67
2020-08-08 21:10:00,728.67
2020-08-08 21:10:00,728.67
2020-08-08 21:10:00,728.67
2020-08-08 21:10:00,728.67
2020-08-08 21:10:00,728.67
2020-08-08 21:25:00,483.44
2020-08-08 21:25:00,483.44
2020-08-08 21:25:00,483.44
2020-08-08 21:25:00,483.44
2020-08-08 21:25:00,483.44
2020-08-08 21:25:00,483.44
2020-08-08 21:25:00,483.44
2020-08-08 21:25:00,483.44
2020-08-08 21:25:00,483.44
2020-08-08 21:25:00,483.44
2020-08-08 21:40:00,238.2
2020-08-08 21:40:00,238.2
2020-08-08 21:40:00,238.2
2020-08-08 21:40:00,238.2
2020-08-08 21:40:00,238.2
2020-08-08 21:40:00,238.2
2020-08-08 21:40:00,238.2
2020-08-08 21:40:00,238.2
2020-08-08 21:40:00,238.2
2020-08-08 21:40:00,238.2
2020-08-08 21:55:00,191.22
2020-08-08 21:55:00,191.22
2020-08-08 21:55:00,191.22
2020-08-08 21:55:00,191.22
2020-08-08 21:55:00,191.22
2020-08-08 21:55:00,191.22
2020-08-08 21:55:00,191.22
2020-08-08 21:55:00,191.22
2020-08-08 21:55:00,191.22
2020-08-08 21:55:00,191.22
2020-08-08 22:10:00,144.24
2020-08-08 22:10:00,144.24
2020-08-08 22:10:00,144.24
2020-08-08 22:10:00,144.24
2020-08-08 22:10:00,144.24
2020-08-08 22:10:00,144.24
2020-08-08 22:10:00,144.24
2020-08-08 22:10:00,144.24
2020-08-08 22:10:00,144.24
2020-08-08 22:10:00,144.24
2020-08-08 22:25:00,71.97
2020-08-08 22:25:00,71.97
2020-08-08 22:25:00,71.97
2020-08-08 22:25:00,71.97
2020-08-08 22:25:00,71.97
2020-08-08 22:25:00,71.97
2020-08-08 22:25:00,71.97
2020-08-08 22:25:00,71.97
2020-08-08 22:25:00,71.97
2020-08-08 22:25:00,71.97
2020-08-08 22:40:00,0.0
2020-08-08 22:40:00,0.0
2020-08-08 22:40:00,0.0
2020-08-08 22:40:00,0.0
2020-08-08 22:40:00,0.0
2020-08-08 22:40:00,0.0
2020-08-08 22:40:00,0.0
2020-08-08 22:40:00,0.0
2020-08-08 22:40:00,0.0
2020-08-08 22:40:00,0.0
2020-08-08 22:55:00,13.45
2020-08-08 22:55:00,13.45
2020-08-08 22:55:00,13.45
2020-08-08 22:55:00,13.45
2020-08-08 22:55:00,13.45
2020-08-08 22:55:00,13.45
2020-08-08 22:55:00,13.45
2020-08-08 22:55:00,13.45
2020-08-08 22:55:00,13.45
2020-08-08 22:55:00,13.45
2020-08-08 23:10:00,27.2
2020-08-08 23:10:00,27.2
2020-08-08 23:10:00,27.2
2020-08-08 23:10:00,27.2
2020-08-08 23:10:00,27.2
2020-08-08 23:10:00,27.2
2020-08-08 23:10:00,27.2
2020-08-08 23:10:00,27.2
2020-08-08 23:10:00,27.2
2020-08-08 23:10:00,27.2
2020-08-08 23:25:00,90.1
2020-08-08 23:25:00,90.1
2020-08-08 23:25:00,90.1
2020-08-08 23:25:00,90.1
2020-08-08 23:25:00,90.1
2020-08-08 23:25:00,90.1
2020-08-08 23:25:00,90.1
2020-08-08 23:25:00,90.1
2020-08-08 23:25:00,90.1
2020-08-08 23:25:00,90.1
2020-08-08 23:40:00,153.01
2020-08-08 23:40:00,153.01
2020-08-08 23:40:00,153.01
2020-08-08 23:40:00,153.01
2020-08-08 23:40:00,153.01
2020-08-08 23:40:00,153.01
2020-08-08 23:40:00,153.01
2020-08-08 23:40:00,153.01
2020-08-08 23:40:00,153.01
2020-08-08 23:40:00,153.01
2020-08-08 23:55:00,137.41
2020-08-08 23:55:00,137.41
2020-08-08 23:55:00,137.41
2020-08-08 23:55:00,137.41
2020-08-08 23:55:00,137.41
2020-08-08 23:55:00,137.41
2020-08-08 23:55:00,137.41
2020-08-08 23:55:00,137.41
2020-08-08 23:55:00,137.41
2020-08-08 23:55:00,137.41
2020-08-09 00:10:00,121.81
2020-08-09 00:10:00,121.81
2020-08-09 00:10:00,121.81
2020-08-09 00:10:00,121.81
2020-08-09 00:10:00,121.81
2020-08-09 00:10:00,121.81
2020-08-09 00:10:00,121.81
2020-08-09 00:10:00,121.81
2020-08-09 00:10:00,121.81
2020-08-09 00:10:00,121.81
2020-08-09 00:25:00,120.38
2020-08-09 00:25:00,120.38
2020-08-09 00:25:00,120.38
2020-08-09 00:25:00,120.38
2020-08-09 00:25:00,120.38
2020-08-09 00:25:00,120.38
2020-08-09 00:25:00,120.38
2020-08-09 00:25:00,120.38
2020-08-09 00:25:00,120.38
2020-08-09 00:25:00,120.38
2020-08-09 00:40:00,118.96
2020-08-09 00:40:00,118.96
2020-08-09 00:40:00,118.96
2020-08-09 00:40:00,118.96
2020-08-09 00:40:00,118.96
2020-08-09 00:40:00,118.96
2020-08-09 00:40:00,118.96
2020-08-09 00:40:00,118.96
2020-08-09 00:40:00,118.96
2020-08-09 00:40:00,118.96
2020-08-09 00:55:00,125.75
2020-08-09 00:55:00,125.75
2020-08-09 00:55:00,125.75
2020-08-09 00:55:00,125.75
2020-08-09 00:55:00,125.75
2020-08-09 00:55:00,125.75
2020-08-09 00:55:00,125.75
2020-08-09 00:55:00,125.75
2020-08-09 00:55:00,125.75
2020-08-09 00:55:00,125.75
2020-08-09 01:10:00,132.54
2020-08-09 01:10:00,132.54
2020-08-09 01:10:00,132.54
2020-08-09 01:10:00,132.54
2020-08-09 01:10:00,132.54
2020-08-09 01:10:00,132.54
2020-08-09 01:10:00,132.54
2020-08-09 01:10:00,132.54
2020-08-09 01:10:00,132.54
2020-08-09 01:10:00,132.54
2020-08-09 01:25:00,164.68
2020-08-09 01:25:00,164.68
2020-08-09 01:25:00,164.68
2020-08-09 01:25:00,164.68
2020-08-09 01:25:00,164.68
2020-08-09 01:25:00,164.68
2020-08-09 01:25:00,164.68
2020-08-09 01:25:00,164.68
2020-08-09 01:25:00,164.68
2020-08-09 01:25:00,164.68
2020-08-09 01:40:00,196.81
2020-08-09 01:40:00,196.81
2020-08-09 01:40:00,196.81
2020-08-09 01:40:00,196.81
2020-08-09 01:40:00,196.81
2020-08-09 01:40:00,196.81
2020-08-09 01:40:00,196.81
2020-08-09 01:40:00,196.81
2020-08-09 01:40:00,196.81
2020-08-09 01:40:00,196.81
2020-08-09 01:55:00,211.98
2020-08-09 01:55:00,211.98
2020-08-09 01:55:00,211.98
2020-08-09 01:55:00,211.98
2020-08-09 01:55:00,211.98
2020-08-09 01:55:00,211.98
2020-08-09 01:55:00,211.98
2020-08-09 01:55:00,211.98
2020-08-09 01:55:00,211.98
2020-08-09 01:55:00,211.98
2020-08-09 02:10:00,227.14
2020-08-09 02:10:00,227.14
2020-08-09 02:10:00,227.14
2020-08-09 02:10:00,227.14
2020-08-09 02:10:00,227.14
2020-08-09 02:10:00,227.14
2020-08-09 02:10:00,227.14
2020-08-09 02:10:00,227.14
2020-08-09 02:10:00,227.14
2020-08-09 02:10:00,227.14
2020-08-09 02:25:00,205.84
2020-08-09 02:25:00,205.84
2020-08-09 02:25:00,205.84
2020-08-09 02:25:00,205.84
2020-08-09 02:25:00,205.84
2020-08-09 02:25:00,205.84
2020-08-09 02:25:00,205.84
2020-08-09 02:25:00,205.84
2020-08-09 02:25:00,205.84
2020-08-09 02:25:00,205.84
2020-08-09 02:40:00,184.55
2020-08-09 02:40:00,184.55
2020-08-09 02:40:00,184.55
2020-08-09 02:40:00,184.55
2020-08-09 02:40:00,184.55
2020-08-09 02:40:00,184.55
2020-08-09 02:40:00,184.55
2020-08-09 02:40:00,184.55
2020-08-09 02:40:00,184.55
2020-08-09 02:40:00,184.55
2020-08-09 02:55:00,161.09
2020-08-09 02:55:00,161.09
2020-08-09 02:55:00,161.09
2020-08-09 02:55:00,161.09
2020-08-09 02:55:00,161.09
2020-08-09 02:55:00,161.09
2020-08-09 02:55:00,161.09
2020-08-09 02:55:00,161.09
2020-08-09 02:55:00,161.09
2020-08-09 02:55:00,161.09
2020-08-09 03:10:00,137.63
2020-08-09 03:10:00,137.63
2020-08-09 03:10:00,137.63
2020-08-09 03:10:00,137.63
2020-08-09 03:10:00,137.63
2020-08-09 03:10:00,137.63
2020-08-09 03:10:00,137.63
2020-08-09 03:10:00,137.63
2020-08-09 03:10:00,137.63
2020-08-09 03:10:00,137.63
2020-08-09 03:25:00,159.68
2020-08-09 03:25:00,159.68
2020-08-09 03:25:00,159.68
2020-08-09 03:25:00,159.68
2020-08-09 03:25:00,159.68
2020-08-09 03:25:00,159.68
2020-08-09 03:25:00,159.68
2020-08-09 03:25:00,159.68
2020-08-09 03:25:00,159.68
2020-08-09 03:25:00,159.68
2020-08-09 03:40:00,181.74
2020-08-09 03:40:00,181.74
2020-08-09 03:40:00,181.74
2020-08-09 03:40:00,181.74
2020-08-09 03:40:00,181.74
2020-08-09 03:40:00,181.74
2020-08-09 03:40:00,181.74
2020-08-09 03:40:00,181.74
2020-08-09 03:40:00,181.74
2020-08-09 03:40:00,181.74
2020-08-09 03:55:00,104.99
2020-08-09 03:55:00,104.99
2020-08-09 03:55:00,104.99
2020-08-09 03:55:00,104.99
2020-08-09 03:55:00,104.99
2020-08-09 03:55:00,104.99
2020-08-09 03:55:00,104.99
2020-08-09 03:55:00,104.99
2020-08-09 03:55:00,104.99
2020-08-09 03:55:00,104.99
2020-08-09 04:10:00,28.24
2020-08-09 04:10:00,28.24
2020-08-09 04:10:00,28.24
2020-08-09 04:10:00,28.24
2020-08-09 04:10:00,28.24
2020-08-09 04:10:00,28.24
2020-08-09 04:10:00,28.24
2020-08-09 04:10:00,28.24
2020-08-09 04:10:00,28.24
2020-08-09 04:10:00,28.24
2020-08-09 04:25:00,12.54
2020-08-09 04:25:00,12.54
2020-08-09 04:25:00,12.54
2020-08-09 04:25:00,12.54
2020-08-09 04:25:00,12.54
2020-08-09 04:25:00,12.54
2020-08-09 04:25:00,12.54
2020-08-09 04:25:00,12.54
2020-08-09 04:25:00,12.54
2020-08-09 04:25:00,12.54
2020-08-09 04:40:00,0.0
2020-08-09 04:40:00,0.0
2020-08-09 04:40:00,0.0
2020-08-09 04:40:00,0.0
2020-08-09 04:40:00,0.0
2020-08-09 04:40:00,0.0
2020-08-09 04:40:00,0.0
2020-08-09 04:40:00,0.0
2020-08-09 04:40:00,0.0
2020-08-09 04:40:00,0.0
2020-08-09 04:55:00,12.98
2020-08-09 04:55:00,12.98
2020-08-09 04:55:00,12.98
2020-08-09 04:55:00,12.98
2020-08-09 04:55:00,12.98
2020-08-09 04:55:00,12.98
2020-08-09 04:55:00,12.98
2020-08-09 04:55:00,12.98
2020-08-09 04:55:00,12.98
2020-08-09 04:55:00,12.98
2020-08-09 05:10:00,29.12
2020-08-09 05:10:00,29.12
2020-08-09 05:10:00,29.12
2020-08-09 05:10:00,29.12
2020-08-09 05:10:00,29.12
2020-08-09 05:10:00,29.12
2020-08-09 05:10:00,29.12
2020-08-09 05:10:00,29.12
2020-08-09 05:10:00,29.12
2020-08-09 05:10:00,29.12
2020-08-09 05:25:00,14.41
2020-08-09 05:25:00,14.41
2020-08-09 05:25:00,14.41
2020-08-09 05:25:00,14.41
2020-08-09 05:25:00,14.41
2020-08-09 05:25:00,14.41
2020-08-09 05:25:00,14.41
2020-08-09 05:25:00,14.41
2020-08-09 05:25:00,14.41
2020-08-09 05:25:00,14.41
2020-08-09 05:40:00,0.0
2020-08-09 05:40:00,0.0
2020-08-09 05:40:00,0.0
2020-08-09 05:40:00,0.0
2020-08-09 05:40:00,0.0
2020-08-09 05:40:00,0.0
2020-08-09 05:40:00,0.0
2020-08-09 05:40:00,0.0
2020-08-09 05:40:00,0.0
2020-08-09 05:40:00,0.0
2020-08-09 05:55:00,0.0
2020-08-09 05:55:00,0.0
2020-08-09 05:55:00,0.0
2020-08-09 05:55:00,0.0
2020-08-09 05:55:00,0.0
2020-08-09 05:55:00,0.0
2020-08-09 05:55:00,0.0
2020-08-09 05:55:00,0.0
2020-08-09 05:55:00,0.0
2020-08-09 05:55:00,0.0
2020-08-09 06:10:00,0.0
2020-08-09 06:10:00,0.0
2020-08-09 06:10:00,0.0
2020-08-09 06:10:00,0.0
2020-08-09 06:10:00,0.0
2020-08-09 06:10:00,0.0
2020-08-09 06:10:00,0.0
2020-08-09 06:10:00,0.0
2020-08-09 06:10:00,0.0
2020-08-09 06:10:00,0.0
2020-08-09 06:25:00,0.0
2020-08-09 06:25:00,0.0
2020-08-09 06:25:00,0.0
2020-08-09 06:25:00,0.0
2020-08-09 06:25:00,0.0
2020-08-09 06:25:00,0.0
2020-08-09 06:25:00,0.0
2020-08-09 06:25:00,0.0
2020-08-09 06:25:00,0.0
2020-08-09 06:25:00,0.0
2020-08-09 06:40:00,0.0
2020-08-09 06:40:00,0.0
2020-08-09 06:40:00,0.0
2020-08-09 06:40:00,0.0
2020-08-09 06:40:00,0.0
2020-08-09 06:40:00,0.0
2020-08-09 06:40:00,0.0
2020-08-09 06:40:00,0.0
2020-08-09 06:40:00,0.0
2020-08-09 06:40:00,0.0
2020-08-09 06:55:00,0.0
2020-08-09 06:55:00,0.0
2020-08-09 06:55:00,0.0
2020-08-09 06:55:00,0.0
2020-08-09 06:55:00,0.0
2020-08-09 06:55:00,0.0
2020-08-09 06:55:00,0.0
2020-08-09 06:55:00,0.0
2020-08-09 06:55:00,0.0
2020-08-09 06:55:00,0.0
2020-08-09 07:10:00,0.0
2020-08-09 07:10:00,0.0
2020-08-09 07:10:00,0.0
2020-08-09 07:10:00,0.0
2020-08-09 07:10:00,0.0
2020-08-09 07:10:00,0.0
2020-08-09 07:10:00,0.0
2020-08-09 07:10:00,0.0
2020-08-09 07:10:00,0.0
2020-08-09 07:10:00,0.0
2020-08-09 07:25:00,0.0
2020-08-09 07:25:00,0.0
2020-08-09 07:25:00,0.0
2020-08-09 07:25:00,0.0
2020-08-09 07:25:00,0.0
2020-08-09 07:25:00,0.0
2020-08-09 07:25:00,0.0
2020-08-09 07:25:00,0.0
2020-08-09 07:25:00,0.0
2020-08-09 07:25:00,0.0
2020-08-09 07:40:00,0.0
2020-08-09 07:40:00,0.0
2020-08-09 07:40:00,0.0
2020-08-09 07:40:00,0.0
2020-08-09 07:40:00,0.0
2020-08-09 07:40:00,0.0
2020-08-09 07:40:00,0.0
2020-08-09 07:40:00,0.0
2020-08-09 07:40:00,0.0
2020-08-09 07:40:00,0.0
2020-08-09 07:55:00,0.0
2020-08-09 07:55:00,0.0
2020-08-09 07:55:00,0.0
2020-08-09 07:55:00,0.0
2020-08-09 07:55:00,0.0
2020-08-09 07:55:00,0.0
2020-08-09 07:55:00,0.0
2020-08-09 07:55:00,0.0
2020-08-09 07:55:00,0.0
2020-08-09 07:55:00,0.0
2020-08-09 08:10:00,0.0
2020-08-09 08:10:00,0.0
2020-08-09 08:10:00,0.0
2020-08-09 08:10:00,0.0
2020-08-09 08:10:00,0.0
2020-08-09 08:10:00,0.0
2020-08-09 08:10:00,0.0
2020-08-09 08:10:00,0.0
2020-08-09 08:10:00,0.0
2020-08-09 08:10:00,0.0
2020-08-09 08:25:00,0.0
2020-08-09 08:25:00,0.0
2020-08-09 08:25:00,0.0
2020-08-09 08:25:00,0.0
2020-08-09 08:25:00,0.0
2020-08-09 08:25:00,0.0
2020-08-09 08:25:00,0.0
2020-08-09 08:25:00,0.0
2020-08-09 08:25:00,0.0
2020-08-09 08:25:00,0.0
2020-08-09 08:40:00,0.0
2020-08-09 08:40:00,0.0
2020-08-09 08:40:00,0.0
2020-08-09 08:40:00,0.0
2020-08-09 08:40:00,0.0
2020-08-09 08:40:00,0.0
2020-08-09 08:40:00,0.0
2020-08-09 08:40:00,0.0
2020-08-09 08:40:00,0.0
2020-08-09 08:40:00,0.0
2020-08-09 08:55:00,0.0
2020-08-09 08:55:00,0.0
2020-08-09 08:55:00,0.0
2020-08-09 08:55:00,0.0
2020-08-09 08:55:00,0.0
2020-08-09 08:55:00,0.0
2020-08-09 08:55:00,0.0
2020-08-09 08:55:00,0.0
2020-08-09 08:55:00,0.0
2020-08-09 08:55:00,0.0
2020-08-09 09:10:00,0.0
2020-08-09 09:10:00,0.0
2020-08-09 09:10:00,0.0
2020-08-09 09:10:00,0.0
2020-08-09 09:10:00,0.0
2020-08-09 09:10:00,0.0
2020-08-09 09:10:00,0.0
2020-08-09 09:10:00,0.0
2020-08-09 09:10:00,0.0
2020-08-09 09:10:00,0.0
2020-08-09 09:25:00,0.0
2020-08-09 09:25:00,0.0
2020-08-09 09:25:00,0.0
2020-08-09 09:25:00,0.0
2020-08-09 09:25:00,0.0
2020-08-09 09:25:00,0.0
2020-08-09 09:25:00,0.0
2020-08-09 09:25:00,0.0
2020-08-09 09:25:00,0.0
2020-08-09 09:25:00,0.0
2020-08-09 09:40:00,0.0
2020-08-09 09:40:00,0.0
2020-08-09 09:40:00,0.0
2020-08-09 09:40:00,0.0
2020-08-09 09:40:00,0.0
2020-08-09 09:40:00,0.0
2020-08-09 09:40:00,0.0
2020-08-09 09:40:00,0.0
2020-08-09 09:40:00,0.0
2020-08-09 09:40:00,0.0
2020-08-09 09:55:00,21.3
2020-08-09 09:55:00,21.3
2020-08-09 09:55:00,21.3
2020-08-09 09:55:00,21.3
2020-08-09 09:55:00,21.3
2020-08-09 09:55:00,21.3
2020-08-09 09:55:00,21.3
2020-08-09 09:55:00,21.3
2020-08-09 09:55:00,21.3
2020-08-09 09:55:00,21.3
2020-08-09 10:10:00,42.9
2020-08-09 10:10:00,42.9
2020-08-09 10:10:00,42.9
2020-08-09 10:10:00,42.9
2020-08-09 10:10:00,42.9
2020-08-09 10:10:00,42.9
2020-08-09 10:10:00,42.9
2020-08-09 10:10:00,42.9
2020-08-09 10:10:00,42.9
2020-08-09 10:10:00,42.9
2020-08-09 10:25:00,21.3
2020-08-09 10:25:00,21.3
2020-08-09 10:25:00,21.3
2020-08-09 10:25:00,21.3
2020-08-09 10:25:00,21.3
2020-08-09 10:25:00,21.3
2020-08-09 10:25:00,21.3
2020-08-09 10:25:00,21.3
2020-08-09 10:25:00,21.3
2020-08-09 10:25:00,21.3
2020-08-09 10:40:00,0.0
2020-08-09 10:40:00,0.0
2020-08-09 10:40:00,0.0
2020-08-09 10:40:00,0.0
2020-08-09 10:40:00,0.0
2020-08-09 10:40:00,0.0
2020-08-09 10:40:00,0.0
2020-08-09 10:40:00,0.0
2020-08-09 10:40:00,0.0
2020-08-09 10:40:00,0.0
2020-08-09 10:55:00,0.0
2020-08-09 10:55:00,0.0
2020-08-09 10:55:00,0.0
2020-08-09 10:55:00,0.0
2020-08-09 10:55:00,0.0
2020-08-09 10:55:00,0.0
2020-08-09 10:55:00,0.0
2020-08-09 10:55:00,0.0
2020-08-09 10:55:00,0.0
2020-08-09 10:55:00,0.0
2020-08-09 11:10:00,0.0
2020-08-09 11:10:00,0.0
2020-08-09 11:10:00,0.0
2020-08-09 11:10:00,0.0
2020-08-09 11:10:00,0.0
2020-08-09 11:10:00,0.0
2020-08-09 11:10:00,0.0
2020-08-09 11:10:00,0.0
2020-08-09 11:10:00,0.0
2020-08-09 11:10:00,0.0
2020-08-09 11:25:00,0.0
2020-08-09 11:25:00,0.0
2020-08-09 11:25:00,0.0
2020-08-09 11:25:00,0.0
2020-08-09 11:25:00,0.0
2020-08-09 11:25:00,0.0
2020-08-09 11:25:00,0.0
2020-08-09 11:25:00,0.0
2020-08-09 11:25:00,0.0
2020-08-09 11:25:00,0.0
2020-08-09 11:40:00,0.0
2020-08-09 11:40:00,0.0
2020-08-09 11:40:00,0.0
2020-08-09 11:40:00,0.0
2020-08-09 11:40:00,0.0
2020-08-09 11:40:00,0.0
2020-08-09 11:40:00,0.0
2020-08-09 11:40:00,0.0
2020-08-09 11:40:00,0.0
2020-08-09 11:40:00,0.0
2020-08-09 11:55:00,0.0
2020-08-09 11:55:00,0.0
2020-08-09 11:55:00,0.0
2020-08-09 11:55:00,0.0
2020-08-09 11:55:00,0.0
2020-08-09 11:55:00,0.0
2020-08-09 11:55:00,0.0
2020-08-09 11:55:00,0.0
2020-08-09 11:55:00,0.0
2020-08-09 11:55:00,0.0
2020-08-09 12:10:00,0.0
2020-08-09 12:10:00,0.0
2020-08-09 12:10:00,0.0
2020-08-09 12:10:00,0.0
2020-08-09 12:10:00,0.0
2020-08-09 12:10:00,0.0
2020-08-09 12:10:00,0.0
2020-08-09 12:10:00,0.0
2020-08-09 12:10:00,0.0
2020-08-09 12:10:00,0.0
2020-08-09 12:25:00,28.18
2020-08-09 12:25:00,28.18
2020-08-09 12:25:00,28.18
2020-08-09 12:25:00,28.18
2020-08-09 12:25:00,28.18
2020-08-09 12:25:00,28.18
2020-08-09 12:25:00,28.18
2020-08-09 12:25:00,28.18
2020-08-09 12:25:00,28.18
2020-08-09 12:25:00,28.18
2020-08-09 12:40:00,56.66
2020-08-09 12:40:00,56.66
2020-08-09 12:40:00,56.66
2020-08-09 12:40:00,56.66
2020-08-09 12:40:00,56.66
2020-08-09 12:40:00,56.66
2020-08-09 12:40:00,56.66
2020-08-09 12:40:00,56.66
2020-08-09 12:40:00,56.66
2020-08-09 12:40:00,56.66
2020-08-09 12:55:00,44.76
2020-08-09 12:55:00,44.76
2020-08-09 12:55:00,44.76
2020-08-09 12:55:00,44.76
2020-08-09 12:55:00,44.76
2020-08-09 12:55:00,44.76
2020-08-09 12:55:00,44.76
2020-08-09 12:55:00,44.76
2020-08-09 12:55:00,44.76
2020-08-09 12:55:00,44.76
2020-08-09 13:10:00,32.86
2020-08-09 13:10:00,32.86
2020-08-09 13:10:00,32.86
2020-08-09 13:10:00,32.86
2020-08-09 13:10:00,32.86
2020-08-09 13:10:00,32.86
2020-08-09 13:10:00,32.86
2020-08-09 13:10:00,32.86
2020-08-09 13:10:00,32.86
2020-08-09 13:10:00,32.86
2020-08-09 13:25:00,106.14
2020-08-09 13:25:00,106.14
2020-08-09 13:25:00,106.14
2020-08-09 13:25:00,106.14
2020-08-09 13:25:00,106.14
2020-08-09 13:25:00,106.14
2020-08-09 13:25:00,106.14
2020-08-09 13:25:00,106.14
2020-08-09 13:25:00,106.14
2020-08-09 13:25:00,106.14
2020-08-09 13:40:00,179.41
2020-08-09 13:40:00,179.41
2020-08-09 13:40:00,179.41
2020-08-09 13:40:00,179.41
2020-08-09 13:40:00,179.41
2020-08-09 13:40:00,179.41
2020-08-09 13:40:00,179.41
2020-08-09 13:40:00,179.41
2020-08-09 13:40:00,179.41
2020-08-09 13:40:00,179.41
2020-08-09 13:55:00,210.68
2020-08-09 13:55:00,210.68
2020-08-09 13:55:00,210.68
2020-08-09 13:55:00,210.68
2020-08-09 13:55:00,210.68
2020-08-09 13:55:00,210.68
2020-08-09 13:55:00,210.68
2020-08-09 13:55:00,210.68
2020-08-09 13:55:00,210.68
2020-08-09 13:55:00,210.68
2020-08-09 14:10:00,241.96
2020-08-09 14:10:00,241.96
2020-08-09 14:10:00,241.96
2020-08-09 14:10:00,241.96
2020-08-09 14:10:00,241.96
2020-08-09 14:10:00,241.96
2020-08-09 14:10:00,241.96
2020-08-09 14:10:00,241.96
2020-08-09 14:10:00,241.96
2020-08-09 14:10:00,241.96
2020-08-09 14:25:00,596.6
2020-08-09 14:25:00,596.6
2020-08-09 14:25:00,596.6
2020-08-09 14:25:00,596.6
2020-08-09 14:25:00,596.6
2020-08-09 14:25:00,596.6
2020-08-09 14:25:00,596.6
2020-08-09 14:25:00,596.6
2020-08-09 14:25:00,596.6
2020-08-09 14:25:00,596.6
2020-08-09 14:40:00,951.24
2020-08-09 14:40:00,951.24
2020-08-09 14:40:00,951.24
2020-08-09 14:40:00,951.24
2020-08-09 14:40:00,951.24
2020-08-09 14:40:00,951.24
2020-08-09 14:40:00,951.24
2020-08-09 14:40:00,951.24
2020-08-09 14:40:00,951.24
2020-08-09 14:40:00,951.24
2020-08-09 14:55:00,791.78
2020-08-09 14:55:00,791.78
2020-08-09 14:55:00,791.78
2020-08-09 14:55:00,791.78
2020-08-09 14:55:00,791.78
2020-08-09 14:55:00,791.78
2020-08-09 14:55:00,791.78
2020-08-09 14:55:00,791.78
2020-08-09 14:55:00,791.78
2020-08-09 14:55:00,791.78
2020-08-09 15:10:00,632.33
2020-08-09 15:10:00,632.33
2020-08-09 15:10:00,632.33
2020-08-09 15:10:00,632.33
2020-08-09 15:10:00,632.33
2020-08-09 15:10:00,632.33
2020-08-09 15:10:00,632.33
2020-08-09 15:10:00,632.33
2020-08-09 15:10:00,632.33
2020-08-09 15:10:00,632.33
2020-08-09 15:25:00,436.32
2020-08-09 15:25:00,436.32
2020-08-09 15:25:00,436.32
2020-08-09 15:25:00,436.32
2020-08-09 15:25:00,436.32
2020-08-09 15:25:00,436.32
2020-08-09 15:25:00,436.32
2020-08-09 15:25:00,436.32
2020-08-09 15:25:00,436.32
2020-08-09 15:25:00,436.32
2020-08-09 15:40:00,240.31
2020-08-09 15:40:00,240.31
2020-08-09 15:40:00,240.31
2020-08-09 15:40:00,240.31
2020-08-09 15:40:00,240.31
2020-08-09 15:40:00,240.31
2020-08-09 15:40:00,240.31
2020-08-09 15:40:00,240.31
2020-08-09 15:40:00,240.31
2020-08-09 15:40:00,240.31
2020-08-09 15:55:00,263.38
2020-08-09 15:55:00,263.38
2020-08-09 15:55:00,263.38
2020-08-09 15:55:00,263.38
2020-08-09 15:55:00,263.38
2020-08-09 15:55:00,263.38
2020-08-09 15:55:00,263.38
2020-08-09 15:55:00,263.38
2020-08-09 15:55:00,263.38
2020-08-09 15:55:00,263.38
2020-08-09 16:10:00,286.46
2020-08-09 16:10:00,286.46
2020-08-09 16:10:00,286.46
2020-08-09 16:10:00,286.46
2020-08-09 16:10:00,286.46
2020-08-09 16:10:00,286.46
2020-08-09 16:10:00,286.46
2020-08-09 16:10:00,286.46
2020-08-09 16:10:00,286.46
2020-08-09 16:10:00,286.46
2020-08-09 16:25:00,143.08
2020-08-09 16:25:00,143.08
2020-08-09 16:25:00,143.08
2020-08-09 16:25:00,143.08
2020-08-09 16:25:00,143.08
2020-08-09 16:25:00,143.08
2020-08-09 16:25:00,143.08
2020-08-09 16:25:00,143.08
2020-08-09 16:25:00,143.08
2020-08-09 16:25:00,143.08
2020-08-09 16:40:00,0.0
2020-08-09 16:40:00,0.0
2020-08-09 16:40:00,0.0
2020-08-09 16:40:00,0.0
2020-08-09 16:40:00,0.0
2020-08-09 16:40:00,0.0
2020-08-09 16:40:00,0.0
2020-08-09 16:40:00,0.0
2020-08-09 16:40:00,0.0
2020-08-09 16:40:00,0.0
2020-08-09 16:55:00,388.98
2020-08-09 16:55:00,388.98
2020-08-09 16:55:00,388.98
2020-08-09 16:55:00,388.98
2020-08-09 16:55:00,388.98
2020-08-09 16:55:00,388.98
2020-08-09 16:55:00,388.98
2020-08-09 16:55:00,388.98
2020-08-09 16:55:00,388.98
2020-08-09 16:55:00,388.98
2020-08-09 17:10:00,778.26
2020-08-09 17:10:00,778.26
2020-08-09 17:10:00,778.26
2020-08-09 17:10:00,778.26
2020-08-09 17:10:00,778.26
2020-08-09 17:10:00,778.26
2020-08-09 17:10:00,778.26
2020-08-09 17:10:00,778.26
2020-08-09 17:10:00,778.26
2020-08-09 17:10:00,778.26
2020-08-09 17:25:00,935.57
2020-08-09 17:25:00,935.57
2020-08-09 17:25:00,935.57
2020-08-09 17:25:00,935.57
2020-08-09 17:25:00,935.57
2020-08-09 17:25:00,935.57
2020-08-09 17:25:00,935.57
2020-08-09 17:25:00,935.57
2020-08-09 17:25:00,935.57
2020-08-09 17:25:00,935.57
2020-08-09 17:40:00,1092.88
2020-08-09 17:40:00,1092.88
2020-08-09 17:40:00,1092.88
2020-08-09 17:40:00,1092.88
2020-08-09 17:40:00,1092.88
2020-08-09 17:40:00,1092.88
2020-08-09 17:40:00,1092.88
2020-08-09 17:40:00,1092.88
2020-08-09 17:40:00,1092.88
2020-08-09 17:40:00,1092.88
2020-08-09 17:55:00,546.29
2020-08-09 17:55:00,546.29
2020-08-09 17:55:00,546.29
2020-08-09 17:55:00,546.29
2020-08-09 17:55:00,546.29
2020-08-09 17:55:00,546.29
2020-08-09 17:55:00,546.29
2020-08-09 17:55:00,546.29
2020-08-09 17:55:00,546.29
2020-08-09 17:55:00,546.29
2020-08-09 18:10:00,0.0
2020-08-09 18:10:00,0.0
2020-08-09 18:10:00,0.0
2020-08-09 18:10:00,0.0
2020-08-09 18:10:00,0.0
2020-08-09 18:10:00,0.0
2020-08-09 18:10:00,0.0
2020-08-09 18:10:00,0.0
2020-08-09 18:10:00,0.0
2020-08-09 18:10:00,0.0
2020-08-09 18:25:00,0.0
2020-08-09 18:25:00,0.0
2020-08-09 18:25:00,0.0
2020-08-09 18:25:00,0.0
2020-08-09 18:25:00,0.0
2020-08-09 18:25:00,0.0
2020-08-09 18:25:00,0.0
2020-08-09 18:25:00,0.0
2020-08-09 18:25:00,0.0
2020-08-09 18:25:00,0.0
2020-08-09 18:40:00,0.04
2020-08-09 18:40:00,0.04
2020-08-09 18:40:00,0.04
2020-08-09 18:40:00,0.04
2020-08-09 18:40:00,0.04
2020-08-09 18:40:00,0.04
2020-08-09 18:40:00,0.04
2020-08-09 18:40:00,0.04
2020-08-09 18:40:00,0.04
2020-08-09 18:40:00,0.04
2020-08-09 18:55:00,0.0
2020-08-09 18:55:00,0.0
2020-08-09 18:55:00,0.0
2020-08-09 18:55:00,0.0
2020-08-09 18:55:00,0.0
2020-08-09 18:55:00,0.0
2020-08-09 18:55:00,0.0
2020-08-09 18:55:00,0.0
2020-08-09 18:55:00,0.0
2020-08-09 18:55:00,0.0
2020-08-09 19:10:00,0.0
2020-08-09 19:10:00,0.0
2020-08-09 19:10:00,0.0
2020-08-09 19:10:00,0.0
2020-08-09 19:10:00,0.0
2020-08-09 19:10:00,0.0
2020-08-09 19:10:00,0.0
2020-08-09 19:10:00,0.0
2020-08-09 19:10:00,0.0
2020-08-09 19:10:00,0.0
2020-08-09 19:25:00,0.0
2020-08-09 19:25:00,0.0
2020-08-09 19:25:00,0.0
2020-08-09 19:25:00,0.0
2020-08-09 19:25:00,0.0
2020-08-09 19:25:00,0.0
2020-08-09 19:25:00,0.0
2020-08-09 19:25:00,0.0
2020-08-09 19:25:00,0.0
2020-08-09 19:25:00,0.0
2020-08-09 19:40:00,0.0
2020-08-09 19:40:00,0.0
2020-08-09 19:40:00,0.0
2020-08-09 19:40:00,0.0
2020-08-09 19:40:00,0.0
2020-08-09 19:40:00,0.0
2020-08-09 19:40:00,0.0
2020-08-09 19:40:00,0.0
2020-08-09 19:40:00,0.0
2020-08-09 19:40:00,0.0
2020-08-09 19:55:00,0.0
2020-08-09 19:55:00,0.0
2020-08-09 19:55:00,0.0
2020-08-09 19:55:00,0.0
2020-08-09 19:55:00,0.0
2020-08-09 19:55:00,0.0
2020-08-09 19:55:00,0.0
2020-08-09 19:55:00,0.0
2020-08-09 19:55:00,0.0
2020-08-09 19:55:00,0.0
2020-08-09 20:10:00,0.0
2020-08-09 20:10:00,0.0
2020-08-09 20:10:00,0.0
2020-08-09 20:10:00,0.0
2020-08-09 20:10:00,0.0
2020-08-09 20:10:00,0.0
2020-08-09 20:10:00,0.0
2020-08-09 20:10:00,0.0
2020-08-09 20:10:00,0.0
2020-08-09 20:10:00,0.0
2020-08-09 20:25:00,0.0
2020-08-09 20:25:00,0.0
2020-08-09 20:25:00,0.0
2020-08-09 20:25:00,0.0
2020-08-09 20:25:00,0.0
2020-08-09 20:25:00,0.0
2020-08-09 20:25:00,0.0
2020-08-09 20:25:00,0.0
2020-08-09 20:25:00,0.0
2020-08-09 20:25:00,0.0
2020-08-09 20:40:00,0.0
2020-08-09 20:40:00,0.0
2020-08-09 20:40:00,0.0
2020-08-09 20:40:00,0.0
2020-08-09 20:40:00,0.0
2020-08-09 20:40:00,0.0
2020-08-09 20:40:00,0.0
2020-08-09 20:40:00,0.0
2020-08-09 20:40:00,0.0
2020-08-09 20:40:00,0.0
2020-08-09 20:55:00,0.0
2020-08-09 20:55:00,0.0
2020-08-09 20:55:00,0.0
2020-08-09 20:55:00,0.0
2020-08-09 20:55:00,0.0
2020-08-09 20:55:00,0.0
2020-08-09 20:55:00,0.0
2020-08-09 20:55:00,0.0
2020-08-09 20:55:00,0.0
2020-08-09 20:55:00,0.0
2020-08-09 21:10:00,0.0
2020-08-09 21:10:00,0.0
2020-08-09 21:10:00,0.0
2020-08-09 21:10:00,0.0
2020-08-09 21:10:00,0.0
2020-08-09 21:10:00,0.0
2020-08-09 21:10:00,0.0
2020-08-09 21:10:00,0.0
2020-08-09 21:10:00,0.0
2020-08-09 21:10:00,0.0
2020-08-09 21:25:00,0.0
2020-08-09 21:25:00,0.0
2020-08-09 21:25:00,0.0
2020-08-09 21:25:00,0.0
2020-08-09 21:25:00,0.0
2020-08-09 21:25:00,0.0
2020-08-09 21:25:00,0.0
2020-08-09 21:25:00,0.0
2020-08-09 21:25:00,0.0
2020-08-09 21:25:00,0.0
2020-08-09 21:40:00,0.0
2020-08-09 21:40:00,0.0
2020-08-09 21:40:00,0.0
2020-08-09 21:40:00,0.0
2020-08-09 21:40:00,0.0
2020-08-09 21:40:00,0.0
2020-08-09 21:40:00,0.0
2020-08-09 21:40:00,0.0
2020-08-09 21:40:00,0.0
2020-08-09 21:40:00,0.0
2020-08-09 21:55:00,0.0
2020-08-09 21:55:00,0.0
2020-08-09 21:55:00,0.0
2020-08-09 21:55:00,0.0
2020-08-09 21:55:00,0.0
2020-08-09 21:55:00,0.0
2020-08-09 21:55:00,0.0
2020-08-09 21:55:00,0.0
2020-08-09 21:55:00,0.0
2020-08-09 21:55:00,0.0
2020-08-09 22:10:00,0.0
2020-08-09 22:10:00,0.0
2020-08-09 22:10:00,0.0
2020-08-09 22:10:00,0.0
2020-08-09 22:10:00,0.0
2020-08-09 22:10:00,0.0
2020-08-09 22:10:00,0.0
2020-08-09 22:10:00,0.0
2020-08-09 22:10:00,0.0
2020-08-09 22:10:00,0.0
2020-08-09 22:25:00,0.0
2020-08-09 22:25:00,0.0
2020-08-09 22:25:00,0.0
2020-08-09 22:25:00,0.0
2020-08-09 22:25:00,0.0
2020-08-09 22:25:00,0.0
2020-08-09 22:25:00,0.0
2020-08-09 22:25:00,0.0
2020-08-09 22:25:00,0.0
2020-08-09 22:25:00,0.0
2020-08-09 22:40:00,0.0
2020-08-09 22:40:00,0.0
2020-08-09 22:40:00,0.0
2020-08-09 22:40:00,0.0
2020-08-09 22:40:00,0.0
2020-08-09 22:40:00,0.0
2020-08-09 22:40:00,0.0
2020-08-09 22:40:00,0.0
2020-08-09 22:40:00,0.0
2020-08-09 22:40:00,0.0
2020-08-09 22:55:00,0.0
2020-08-09 22:55:00,0.0
2020-08-09 22:55:00,0.0
2020-08-09 22:55:00,0.0
2020-08-09 22:55:00,0.0
2020-08-09 22:55:00,0.0
2020-08-09 22:55:00,0.0
2020-08-09 22:55:00,0.0
2020-08-09 22:55:00,0.0
2020-08-09 22:55:00,0.0
2020-08-09 23:10:00,0.0
2020-08-09 23:10:00,0.0
2020-08-09 23:10:00,0.0
2020-08-09 23:10:00,0.0
2020-08-09 23:10:00,0.0
2020-08-09 23:10:00,0.0
2020-08-09 23:10:00,0.0
2020-08-09 23:10:00,0.0
2020-08-09 23:10:00,0.0
2020-08-09 23:10:00,0.0
2020-08-09 23:25:00,0.0
2020-08-09 23:25:00,0.0
2020-08-09 23:25:00,0.0
2020-08-09 23:25:00,0.0
2020-08-09 23:25:00,0.0
2020-08-09 23:25:00,0.0
2020-08-09 23:25:00,0.0
2020-08-09 23:25:00,0.0
2020-08-09 23:25:00,0.0
2020-08-09 23:25:00,0.0
2020-08-09 23:40:00,0.0
2020-08-09 23:40:00,0.0
2020-08-09 23:40:00,0.0
2020-08-09 23:40:00,0.0
2020-08-09 23:40:00,0.0
2020-08-09 23:40:00,0.0
2020-08-09 23:40:00,0.0
2020-08-09 23:40:00,0.0
2020-08-09 23:40:00,0.0
2020-08-09 23:40:00,0.0
2020-08-09 23:55:00,0.0
2020-08-09 23:55:00,0.0
2020-08-09 23:55:00,0.0
2020-08-09 23:55:00,0.0
2020-08-09 23:55:00,0.0
2020-08-09 23:55:00,0.0
2020-08-09 23:55:00,0.0
2020-08-09 23:55:00,0.0
2020-08-09 23:55:00,0.0
2020-08-09 23:55:00,0.0
2020-08-10 00:10:00,0.0
2020-08-10 00:10:00,0.0
2020-08-10 00:10:00,0.0
2020-08-10 00:10:00,0.0
2020-08-10 00:10:00,0.0
2020-08-10 00:10:00,0.0
2020-08-10 00:10:00,0.0
2020-08-10 00:10:00,0.0
2020-08-10 00:10:00,0.0
2020-08-10 00:10:00,0.0
2020-08-10 00:25:00,0.0
2020-08-10 00:25:00,0.0
2020-08-10 00:25:00,0.0
2020-08-10 00:25:00,0.0
2020-08-10 00:25:00,0.0
2020-08-10 00:25:00,0.0
2020-08-10 00:25:00,0.0
2020-08-10 00:25:00,0.0
2020-08-10 00:25:00,0.0
2020-08-10 00:25:00,0.0
2020-08-10 00:40:00,0.0
2020-08-10 00:40:00,0.0
2020-08-10 00:40:00,0.0
2020-08-10 00:40:00,0.0
2020-08-10 00:40:00,0.0
2020-08-10 00:40:00,0.0
2020-08-10 00:40:00,0.0
2020-08-10 00:40:00,0.0
2020-08-10 00:40:00,0.0
2020-08-10 00:40:00,0.0
2020-08-10 00:55:00,0.0
2020-08-10 00:55:00,0.0
2020-08-10 00:55:00,0.0
2020-08-10 00:55:00,0.0
2020-08-10 00:55:00,0.0
2020-08-10 00:55:00,0.0
2020-08-10 00:55:00,0.0
2020-08-10 00:55:00,0.0
2020-08-10 00:55:00,0.0
2020-08-10 00:55:00,0.0
2020-08-10 01:10:00,0.0
2020-08-10 01:10:00,0.0
2020-08-10 01:10:00,0.0
2020-08-10 01:10:00,0.0
2020-08-10 01:10:00,0.0
2020-08-10 01:10:00,0.0
2020-08-10 01:10:00,0.0
2020-08-10 01:10:00,0.0
2020-08-10 01:10:00,0.0
2020-08-10 01:10:00,0.0
2020-08-10 01:25:00,0.0
2020-08-10 01:25:00,0.0
2020-08-10 01:25:00,0.0
2020-08-10 01:25:00,0.0
2020-08-10 01:25:00,0.0
2020-08-10 01:25:00,0.0
2020-08-10 01:25:00,0.0
2020-08-10 01:25:00,0.0
2020-08-10 01:25:00,0.0
2020-08-10 01:25:00,0.0
2020-08-10 01:40:00,0.0
2020-08-10 01:40:00,0.0
2020-08-10 01:40:00,0.0
2020-08-10 01:40:00,0.0
2020-08-10 01:40:00,0.0
2020-08-10 01:40:00,0.0
2020-08-10 01:40:00,0.0
2020-08-10 01:40:00,0.0
2020-08-10 01:40:00,0.0
2020-08-10 01:40:00,0.0
2020-08-10 01:55:00,452.74
2020-08-10 01:55:00,452.74
2020-08-10 01:55:00,452.74
2020-08-10 01:55:00,452.74
2020-08-10 01:55:00,452.74
2020-08-10 01:55:00,452.74
2020-08-10 01:55:00,452.74
2020-08-10 01:55:00,452.74
2020-08-10 01:55:00,452.74
2020-08-10 01:55:00,452.74
2020-08-10 02:10:00,905.77
2020-08-10 02:10:00,905.77
2020-08-10 02:10:00,905.77
2020-08-10 02:10:00,905.77
2020-08-10 02:10:00,905.77
2020-08-10 02:10:00,905.77
2020-08-10 02:10:00,905.77
2020-08-10 02:10:00,905.77
2020-08-10 02:10:00,905.77
2020-08-10 02:10:00,905.77
2020-08-10 02:25:00,882.34
2020-08-10 02:25:00,882.34
2020-08-10 02:25:00,882.34
2020-08-10 02:25:00,882.34
2020-08-10 02:25:00,882.34
2020-08-10 02:25:00,882.34
2020-08-10 02:25:00,882.34
2020-08-10 02:25:00,882.34
2020-08-10 02:25:00,882.34
2020-08-10 02:25:00,882.34
2020-08-10 02:40:00,858.91
2020-08-10 02:40:00,858.91
2020-08-10 02:40:00,858.91
2020-08-10 02:40:00,858.91
2020-08-10 02:40:00,858.91
2020-08-10 02:40:00,858.91
2020-08-10 02:40:00,858.91
2020-08-10 02:40:00,858.91
2020-08-10 02:40:00,858.91
2020-08-10 02:40:00,858.91
2020-08-10 02:55:00,978.3
2020-08-10 02:55:00,978.3
2020-08-10 02:55:00,978.3
2020-08-10 02:55:00,978.3
2020-08-10 02:55:00,978.3
2020-08-10 02:55:00,978.3
2020-08-10 02:55:00,978.3
2020-08-10 02:55:00,978.3
2020-08-10 02:55:00,978.3
2020-08-10 02:55:00,978.3
2020-08-10 03:10:00,1097.68
2020-08-10 03:10:00,1097.68
2020-08-10 03:10:00,1097.68
2020-08-10 03:10:00,1097.68
2020-08-10 03:10:00,1097.68
2020-08-10 03:10:00,1097.68
2020-08-10 03:10:00,1097.68
2020-08-10 03:10:00,1097.68
2020-08-10 03:10:00,1097.68
2020-08-10 03:10:00,1097.68
2020-08-10 03:25:00,1055.58
2020-08-10 03:25:00,1055.58
2020-08-10 03:25:00,1055.58
2020-08-10 03:25:00,1055.58
2020-08-10 03:25:00,1055.58
2020-08-10 03:25:00,1055.58
2020-08-10 03:25:00,1055.58
2020-08-10 03:25:00,1055.58
2020-08-10 03:25:00,1055.58
2020-08-10 03:25:00,1055.58
2020-08-10 03:40:00,1013.49
2020-08-10 03:40:00,1013.49
2020-08-10 03:40:00,1013.49
2020-08-10 03:40:00,1013.49
2020-08-10 03:40:00,1013.49
2020-08-10 03:40:00,1013.49
2020-08-10 03:40:00,1013.49
2020-08-10 03:40:00,1013.49
2020-08-10 03:40:00,1013.49
2020-08-10 03:40:00,1013.49
2020-08-10 03:55:00,970.5
2020-08-10 03:55:00,970.5
2020-08-10 03:55:00,970.5
2020-08-10 03:55:00,970.5
2020-08-10 03:55:00,970.5
2020-08-10 03:55:00,970.5
2020-08-10 03:55:00,970.5
2020-08-10 03:55:00,970.5
2020-08-10 03:55:00,970.5
2020-08-10 03:55:00,970.5
2020-08-10 04:10:00,927.52
2020-08-10 04:10:00,927.52
2020-08-10 04:10:00,927.52
2020-08-10 04:10:00,927.52
2020-08-10 04:10:00,927.52
2020-08-10 04:10:00,927.52
2020-08-10 04:10:00,927.52
2020-08-10 04:10:00,927.52
2020-08-10 04:10:00,927.52
2020-08-10 04:10:00,927.52
2020-08-10 04:25:00,993.79
2020-08-10 04:25:00,993.79
2020-08-10 04:25:00,993.79
2020-08-10 04:25:00,993.79
2020-08-10 04:25:00,993.79
2020-08-10 04:25:00,993.79
2020-08-10 04:25:00,993.79
2020-08-10 04:25:00,993.79
2020-08-10 04:25:00,993.79
2020-08-10 04:25:00,993.79
2020-08-10 04:40:00,1060.06
2020-08-10 04:40:00,1060.06
2020-08-10 04:40:00,1060.06
2020-08-10 04:40:00,1060.06
2020-08-10 04:40:00,1060.06
2020-08-10 04:40:00,1060.06
2020-08-10 04:40:00,1060.06
2020-08-10 04:40:00,1060.06
2020-08-10 04:40:00,1060.06
2020-08-10 04:40:00,1060.06
2020-08-10 04:55:00,922.7
2020-08-10 04:55:00,922.7
2020-08-10 04:55:00,922.7
2020-08-10 04:55:00,922.7
2020-08-10 04:55:00,922.7
2020-08-10 04:55:00,922.7
2020-08-10 04:55:00,922.7
2020-08-10 04:55:00,922.7
2020-08-10 04:55:00,922.7
2020-08-10 04:55:00,922.7
2020-08-10 05:10:00,785.33
2020-08-10 05:10:00,785.33
2020-08-10 05:10:00,785.33
2020-08-10 05:10:00,785.33
2020-08-10 05:10:00,785.33
2020-08-10 05:10:00,785.33
2020-08-10 05:10:00,785.33
2020-08-10 05:10:00,785.33
2020-08-10 05:10:00,785.33
2020-08-10 05:10:00,785.33
2020-08-10 05:25:00,661.15
2020-08-10 05:25:00,661.15
2020-08-10 05:25:00,661.15
2020-08-10 05:25:00,661.15
2020-08-10 05:25:00,661.15
2020-08-10 05:25:00,661.15
2020-08-10 05:25:00,661.15
2020-08-10 05:25:00,661.15
2020-08-10 05:25:00,661.15
2020-08-10 05:25:00,661.15
2020-08-10 05:40:00,536.97
2020-08-10 05:40:00,536.97
2020-08-10 05:40:00,536.97
2020-08-10 05:40:00,536.97
2020-08-10 05:40:00,536.97
2020-08-10 05:40:00,536.97
2020-08-10 05:40:00,536.97
2020-08-10 05:40:00,536.97
2020-08-10 05:40:00,536.97
2020-08-10 05:40:00,536.97
2020-08-10 05:55:00,521.88
2020-08-10 05:55:00,521.88
2020-08-10 05:55:00,521.88
2020-08-10 05:55:00,521.88
2020-08-10 05:55:00,521.88
2020-08-10 05:55:00,521.88
2020-08-10 05:55:00,521.88
2020-08-10 05:55:00,521.88
2020-08-10 05:55:00,521.88
2020-08-10 05:55:00,521.88
2020-08-10 06:10:00,506.8
2020-08-10 06:10:00,506.8
2020-08-10 06:10:00,506.8
2020-08-10 06:10:00,506.8
2020-08-10 06:10:00,506.8
2020-08-10 06:10:00,506.8
2020-08-10 06:10:00,506.8
2020-08-10 06:10:00,506.8
2020-08-10 06:10:00,506.8
2020-08-10 06:10:00,506.8
2020-08-10 06:25:00,542.79
2020-08-10 06:25:00,542.79
2020-08-10 06:25:00,542.79
2020-08-10 06:25:00,542.79
2020-08-10 06:25:00,542.79
2020-08-10 06:25:00,542.79
2020-08-10 06:25:00,542.79
2020-08-10 06:25:00,542.79
2020-08-10 06:25:00,542.79
2020-08-10 06:25:00,542.79
2020-08-10 06:40:00,578.78
2020-08-10 06:40:00,578.78
2020-08-10 06:40:00,578.78
2020-08-10 06:40:00,578.78
2020-08-10 06:40:00,578.78
2020-08-10 06:40:00,578.78
2020-08-10 06:40:00,578.78
2020-08-10 06:40:00,578.78
2020-08-10 06:40:00,578.78
2020-08-10 06:40:00,578.78
2020-08-10 06:55:00,649.91
2020-08-10 06:55:00,649.91
2020-08-10 06:55:00,649.91
2020-08-10 06:55:00,649.91
2020-08-10 06:55:00,649.91
2020-08-10 06:55:00,649.91
2020-08-10 06:55:00,649.91
2020-08-10 06:55:00,649.91
2020-08-10 06:55:00,649.91
2020-08-10 06:55:00,649.91
2020-08-10 07:10:00,721.04
2020-08-10 07:10:00,721.04
2020-08-10 07:10:00,721.04
2020-08-10 07:10:00,721.04
2020-08-10 07:10:00,721.04
2020-08-10 07:10:00,721.04
2020-08-10 07:10:00,721.04
2020-08-10 07:10:00,721.04
2020-08-10 07:10:00,721.04
2020-08-10 07:10:00,721.04
2020-08-10 07:25:00,499.28
2020-08-10 07:25:00,499.28
2020-08-10 07:25:00,499.28
2020-08-10 07:25:00,499.28
2020-08-10 07:25:00,499.28
2020-08-10 07:25:00,499.28
2020-08-10 07:25:00,499.28
2020-08-10 07:25:00,499.28
2020-08-10 07:25:00,499.28
2020-08-10 07:25:00,499.28
2020-08-10 07:40:00,277.52
2020-08-10 07:40:00,277.52
2020-08-10 07:40:00,277.52
2020-08-10 07:40:00,277.52
2020-08-10 07:40:00,277.52
2020-08-10 07:40:00,277.52
2020-08-10 07:40:00,277.52
2020-08-10 07:40:00,277.52
2020-08-10 07:40:00,277.52
2020-08-10 07:40:00,277.52
2020-08-10 07:55:00,282.5
2020-08-10 07:55:00,282.5
2020-08-10 07:55:00,282.5
2020-08-10 07:55:00,282.5
2020-08-10 07:55:00,282.5
2020-08-10 07:55:00,282.5
2020-08-10 07:55:00,282.5
2020-08-10 07:55:00,282.5
2020-08-10 07:55:00,282.5
2020-08-10 07:55:00,282.5
2020-08-10 08:10:00,287.48
2020-08-10 08:10:00,287.48
2020-08-10 08:10:00,287.48
2020-08-10 08:10:00,287.48
2020-08-10 08:10:00,287.48
2020-08-10 08:10:00,287.48
2020-08-10 08:10:00,287.48
2020-08-10 08:10:00,287.48
2020-08-10 08:10:00,287.48
2020-08-10 08:10:00,287.48
2020-08-10 08:25:00,296.96
2020-08-10 08:25:00,296.96
2020-08-10 08:25:00,296.96
2020-08-10 08:25:00,296.96
2020-08-10 08:25:00,296.96
2020-08-10 08:25:00,296.96
2020-08-10 08:25:00,296.96
2020-08-10 08:25:00,296.96
2020-08-10 08:25:00,296.96
2020-08-10 08:25:00,296.96
2020-08-10 08:40:00,306.44
2020-08-10 08:40:00,306.44
2020-08-10 08:40:00,306.44
2020-08-10 08:40:00,306.44
2020-08-10 08:40:00,306.44
2020-08-10 08:40:00,306.44
2020-08-10 08:40:00,306.44
2020-08-10 08:40:00,306.44
2020-08-10 08:40:00,306.44
2020-08-10 08:40:00,306.44
2020-08-10 08:55:00,275.64
2020-08-10 08:55:00,275.64
2020-08-10 08:55:00,275.64
2020-08-10 08:55:00,275.64
2020-08-10 08:55:00,275.64
2020-08-10 08:55:00,275.64
2020-08-10 08:55:00,275.64
2020-08-10 08:55:00,275.64
2020-08-10 08:55:00,275.64
2020-08-10 08:55:00,275.64
2020-08-10 09:10:00,244.84
2020-08-10 09:10:00,244.84
2020-08-10 09:10:00,244.84
2020-08-10 09:10:00,244.84
2020-08-10 09:10:00,244.84
2020-08-10 09:10:00,244.84
2020-08-10 09:10:00,244.84
2020-08-10 09:10:00,244.84
2020-08-10 09:10:00,244.84
2020-08-10 09:10:00,244.84
2020-08-10 09:25:00,223.88
2020-08-10 09:25:00,223.88
2020-08-10 09:25:00,223.88
2020-08-10 09:25:00,223.88
2020-08-10 09:25:00,223.88
2020-08-10 09:25:00,223.88
2020-08-10 09:25:00,223.88
2020-08-10 09:25:00,223.88
2020-08-10 09:25:00,223.88
2020-08-10 09:25:00,223.88
2020-08-10 09:40:00,202.92
2020-08-10 09:40:00,202.92
2020-08-10 09:40:00,202.92
2020-08-10 09:40:00,202.92
2020-08-10 09:40:00,202.92
2020-08-10 09:40:00,202.92
2020-08-10 09:40:00,202.92
2020-08-10 09:40:00,202.92
2020-08-10 09:40:00,202.92
2020-08-10 09:40:00,202.92
2020-08-10 09:55:00,206.8
2020-08-10 09:55:00,206.8
2020-08-10 09:55:00,206.8
2020-08-10 09:55:00,206.8
2020-08-10 09:55:00,206.8
2020-08-10 09:55:00,206.8
2020-08-10 09:55:00,206.8
2020-08-10 09:55:00,206.8
2020-08-10 09:55:00,206.8
2020-08-10 09:55:00,206.8
2020-08-10 10:10:00,210.67
2020-08-10 10:10:00,210.67
2020-08-10 10:10:00,210.67
2020-08-10 10:10:00,210.67
2020-08-10 10:10:00,210.67
2020-08-10 10:10:00,210.67
2020-08-10 10:10:00,210.67
2020-08-10 10:10:00,210.67
2020-08-10 10:10:00,210.67
2020-08-10 10:10:00,210.67
2020-08-10 10:25:00,165.18
2020-08-10 10:25:00,165.18
2020-08-10 10:25:00,165.18
2020-08-10 10:25:00,165.18
2020-08-10 10:25:00,165.18
2020-08-10 10:25:00,165.18
2020-08-10 10:25:00,165.18
2020-08-10 10:25:00,165.18
2020-08-10 10:25:00,165.18
2020-08-10 10:25:00,165.18
2020-08-10 10:40:00,119.68
2020-08-10 10:40:00,119.68
2020-08-10 10:40:00,119.68
2020-08-10 10:40:00,119.68
2020-08-10 10:40:00,119.68
2020-08-10 10:40:00,119.68
2020-08-10 10:40:00,119.68
2020-08-10 10:40:00,119.68
2020-08-10 10:40:00,119.68
2020-08-10 10:40:00,119.68
2020-08-10 10:55:00,58.54
2020-08-10 10:55:00,58.54
2020-08-10 10:55:00,58.54
2020-08-10 10:55:00,58.54
2020-08-10 10:55:00,58.54
2020-08-10 10:55:00,58.54
2020-08-10 10:55:00,58.54
2020-08-10 10:55:00,58.54
2020-08-10 10:55:00,58.54
2020-08-10 10:55:00,58.54
2020-08-10 11:10:00,0.0
2020-08-10 11:10:00,0.0
2020-08-10 11:10:00,0.0
2020-08-10 11:10:00,0.0
2020-08-10 11:10:00,0.0
2020-08-10 11:10:00,0.0
2020-08-10 11:10:00,0.0
2020-08-10 11:10:00,0.0
2020-08-10 11:10:00,0.0
2020-08-10 11:10:00,0.0
2020-08-10 11:25:00,31.82
2020-08-10 11:25:00,31.82
2020-08-10 11:25:00,31.82
2020-08-10 11:25:00,31.82
2020-08-10 11:25:00,31.82
2020-08-10 11:25:00,31.82
2020-08-10 11:25:00,31.82
2020-08-10 11:25:00,31.82
2020-08-10 11:25:00,31.82
2020-08-10 11:25:00,31.82
2020-08-10 11:40:00,66.26
2020-08-10 11:40:00,66.26
2020-08-10 11:40:00,66.26
2020-08-10 11:40:00,66.26
2020-08-10 11:40:00,66.26
2020-08-10 11:40:00,66.26
2020-08-10 11:40:00,66.26
2020-08-10 11:40:00,66.26
2020-08-10 11:40:00,66.26
2020-08-10 11:40:00,66.26
2020-08-10 11:55:00,115.5
2020-08-10 11:55:00,115.5
2020-08-10 11:55:00,115.5
2020-08-10 11:55:00,115.5
2020-08-10 11:55:00,115.5
2020-08-10 11:55:00,115.5
2020-08-10 11:55:00,115.5
2020-08-10 11:55:00,115.5
2020-08-10 11:55:00,115.5
2020-08-10 11:55:00,115.5
2020-08-10 12:10:00,164.75
2020-08-10 12:10:00,164.75
2020-08-10 12:10:00,164.75
2020-08-10 12:10:00,164.75
2020-08-10 12:10:00,164.75
2020-08-10 12:10:00,164.75
2020-08-10 12:10:00,164.75
2020-08-10 12:10:00,164.75
2020-08-10 12:10:00,164.75
2020-08-10 12:10:00,164.75
2020-08-10 12:25:00,364.52
2020-08-10 12:25:00,364.52
2020-08-10 12:25:00,364.52
2020-08-10 12:25:00,364.52
2020-08-10 12:25:00,364.52
2020-08-10 12:25:00,364.52
2020-08-10 12:25:00,364.52
2020-08-10 12:25:00,364.52
2020-08-10 12:25:00,364.52
2020-08-10 12:25:00,364.52
2020-08-10 12:40:00,564.29
2020-08-10 12:40:00,564.29
2020-08-10 12:40:00,564.29
2020-08-10 12:40:00,564.29
2020-08-10 12:40:00,564.29
2020-08-10 12:40:00,564.29
2020-08-10 12:40:00,564.29
2020-08-10 12:40:00,564.29
2020-08-10 12:40:00,564.29
2020-08-10 12:40:00,564.29
2020-08-10 12:55:00,676.0
2020-08-10 12:55:00,676.0
2020-08-10 12:55:00,676.0
2020-08-10 12:55:00,676.0
2020-08-10 12:55:00,676.0
2020-08-10 12:55:00,676.0
2020-08-10 12:55:00,676.0
2020-08-10 12:55:00,676.0
2020-08-10 12:55:00,676.0
2020-08-10 12:55:00,676.0
2020-08-10 13:10:00,787.71
2020-08-10 13:10:00,787.71
2020-08-10 13:10:00,787.71
2020-08-10 13:10:00,787.71
2020-08-10 13:10:00,787.71
2020-08-10 13:10:00,787.71
2020-08-10 13:10:00,787.71
2020-08-10 13:10:00,787.71
2020-08-10 13:10:00,787.71
2020-08-10 13:10:00,787.71
2020-08-10 13:25:00,955.38
2020-08-10 13:25:00,955.38
2020-08-10 13:25:00,955.38
2020-08-10 13:25:00,955.38
2020-08-10 13:25:00,955.38
2020-08-10 13:25:00,955.38
2020-08-10 13:25:00,955.38
2020-08-10 13:25:00,955.38
2020-08-10 13:25:00,955.38
2020-08-10 13:25:00,955.38
2020-08-10 13:40:00,1123.06
2020-08-10 13:40:00,1123.06
2020-08-10 13:40:00,1123.06
2020-08-10 13:40:00,1123.06
2020-08-10 13:40:00,1123.06
2020-08-10 13:40:00,1123.06
2020-08-10 13:40:00,1123.06
2020-08-10 13:40:00,1123.06
2020-08-10 13:40:00,1123.06
2020-08-10 13:40:00,1123.06
2020-08-10 13:55:00,1277.6
2020-08-10 13:55:00,1277.6
2020-08-10 13:55:00,1277.6
2020-08-10 13:55:00,1277.6
2020-08-10 13:55:00,1277.6
2020-08-10 13:55:00,1277.6
2020-08-10 13:55:00,1277.6
2020-08-10 13:55:00,1277.6
2020-08-10 13:55:00,1277.6
2020-08-10 13:55:00,1277.6
2020-08-10 14:10:00,1282.8201
2020-08-10 14:10:00,1282.8201
2020-08-10 14:10:00,1282.8201
2020-08-10 14:10:00,1282.8201
2020-08-10 14:10:00,1282.8201
2020-08-10 14:10:00,1282.8201
2020-08-10 14:10:00,1282.8201
2020-08-10 14:10:00,1282.8201
2020-08-10 14:10:00,1282.8201
2020-08-10 14:10:00,1282.8201
2020-08-10 14:25:00,1288.04
2020-08-10 14:25:00,1288.04
2020-08-10 14:25:00,1288.04
2020-08-10 14:25:00,1288.04
2020-08-10 14:25:00,1288.04
2020-08-10 14:25:00,1288.04
2020-08-10 14:25:00,1288.04
2020-08-10 14:25:00,1288.04
2020-08-10 14:25:00,1288.04
2020-08-10 14:25:00,1288.04
2020-08-10 14:40:00,1143.94
2020-08-10 14:40:00,1143.94
2020-08-10 14:40:00,1143.94
2020-08-10 14:40:00,1143.94
2020-08-10 14:40:00,1143.94
2020-08-10 14:40:00,1143.94
2020-08-10 14:40:00,1143.94
2020-08-10 14:40:00,1143.94
2020-08-10 14:40:00,1143.94
2020-08-10 14:40:00,1143.94
2020-08-10 14:55:00,1107.26
2020-08-10 14:55:00,1107.26
2020-08-10 14:55:00,1107.26
2020-08-10 14:55:00,1107.26
2020-08-10 14:55:00,1107.26
2020-08-10 14:55:00,1107.26
2020-08-10 14:55:00,1107.26
2020-08-10 14:55:00,1107.26
2020-08-10 14:55:00,1107.26
2020-08-10 14:55:00,1107.26
2020-08-10 15:10:00,1070.59
2020-08-10 15:10:00,1070.59
2020-08-10 15:10:00,1070.59
2020-08-10 15:10:00,1070.59
2020-08-10 15:10:00,1070.59
2020-08-10 15:10:00,1070.59
2020-08-10 15:10:00,1070.59
2020-08-10 15:10:00,1070.59
2020-08-10 15:10:00,1070.59
2020-08-10 15:10:00,1070.59
2020-08-10 15:25:00,836.84
2020-08-10 15:25:00,836.84
2020-08-10 15:25:00,836.84
2020-08-10 15:25:00,836.84
2020-08-10 15:25:00,836.84
2020-08-10 15:25:00,836.84
2020-08-10 15:25:00,836.84
2020-08-10 15:25:00,836.84
2020-08-10 15:25:00,836.84
2020-08-10 15:25:00,836.84
2020-08-10 15:40:00,603.09
2020-08-10 15:40:00,603.09
2020-08-10 15:40:00,603.09
2020-08-10 15:40:00,603.09
2020-08-10 15:40:00,603.09
2020-08-10 15:40:00,603.09
2020-08-10 15:40:00,603.09
2020-08-10 15:40:00,603.09
2020-08-10 15:40:00,603.09
2020-08-10 15:40:00,603.09
2020-08-10 15:55:00,549.75
2020-08-10 15:55:00,549.75
2020-08-10 15:55:00,549.75
2020-08-10 15:55:00,549.75
2020-08-10 15:55:00,549.75
2020-08-10 15:55:00,549.75
2020-08-10 15:55:00,549.75
2020-08-10 15:55:00,549.75
2020-08-10 15:55:00,549.75
2020-08-10 15:55:00,549.75
2020-08-10 16:10:00,496.41
2020-08-10 16:10:00,496.41
2020-08-10 16:10:00,496.41
2020-08-10 16:10:00,496.41
2020-08-10 16:10:00,496.41
2020-08-10 16:10:00,496.41
2020-08-10 16:10:00,496.41
2020-08-10 16:10:00,496.41
2020-08-10 16:10:00,496.41
2020-08-10 16:10:00,496.41
2020-08-10 16:25:00,377.06
2020-08-10 16:25:00,377.06
2020-08-10 16:25:00,377.06
2020-08-10 16:25:00,377.06
2020-08-10 16:25:00,377.06
2020-08-10 16:25:00,377.06
2020-08-10 16:25:00,377.06
2020-08-10 16:25:00,377.06
2020-08-10 16:25:00,377.06
2020-08-10 16:25:00,377.06
2020-08-10 16:40:00,257.71
2020-08-10 16:40:00,257.71
2020-08-10 16:40:00,257.71
2020-08-10 16:40:00,257.71
2020-08-10 16:40:00,257.71
2020-08-10 16:40:00,257.71
2020-08-10 16:40:00,257.71
2020-08-10 16:40:00,257.71
2020-08-10 16:40:00,257.71
2020-08-10 16:40:00,257.71
2020-08-10 16:55:00,128.7
2020-08-10 16:55:00,128.7
2020-08-10 16:55:00,128.7
2020-08-10 16:55:00,128.7
2020-08-10 16:55:00,128.7
2020-08-10 16:55:00,128.7
2020-08-10 16:55:00,128.7
2020-08-10 16:55:00,128.7
2020-08-10 16:55:00,128.7
2020-08-10 16:55:00,128.7
2020-08-10 17:10:00,0.0
2020-08-10 17:10:00,0.0
2020-08-10 17:10:00,0.0
2020-08-10 17:10:00,0.0
2020-08-10 17:10:00,0.0
2020-08-10 17:10:00,0.0
2020-08-10 17:10:00,0.0
2020-08-10 17:10:00,0.0
2020-08-10 17:10:00,0.0
2020-08-10 17:10:00,0.0
2020-08-10 17:25:00,0.0
2020-08-10 17:25:00,0.0
2020-08-10 17:25:00,0.0
2020-08-10 17:25:00,0.0
2020-08-10 17:25:00,0.0
2020-08-10 17:25:00,0.0
2020-08-10 17:25:00,0.0
2020-08-10 17:25:00,0.0
2020-08-10 17:25:00,0.0
2020-08-10 17:25:00,0.0
2020-08-10 17:40:00,0.0
2020-08-10 17:40:00,0.0
2020-08-10 17:40:00,0.0
2020-08-10 17:40:00,0.0
2020-08-10 17:40:00,0.0
2020-08-10 17:40:00,0.0
2020-08-10 17:40:00,0.0
2020-08-10 17:40:00,0.0
2020-08-10 17:40:00,0.0
2020-08-10 17:40:00,0.0
2020-08-10 17:55:00,0.0
2020-08-10 17:55:00,0.0
2020-08-10 17:55:00,0.0
2020-08-10 17:55:00,0.0
2020-08-10 17:55:00,0.0
2020-08-10 17:55:00,0.0
2020-08-10 17:55:00,0.0
2020-08-10 17:55:00,0.0
2020-08-10 17:55:00,0.0
2020-08-10 17:55:00,0.0
2020-08-10 18:10:00,0.0
2020-08-10 18:10:00,0.0
2020-08-10 18:10:00,0.0
2020-08-10 18:10:00,0.0
2020-08-10 18:10:00,0.0
2020-08-10 18:10:00,0.0
2020-08-10 18:10:00,0.0
2020-08-10 18:10:00,0.0
2020-08-10 18:10:00,0.0
2020-08-10 18:10:00,0.0
2020-08-10 18:25:00,0.0
2020-08-10 18:25:00,0.0
2020-08-10 18:25:00,0.0
2020-08-10 18:25:00,0.0
2020-08-10 18:25:00,0.0
2020-08-10 18:25:00,0.0
2020-08-10 18:25:00,0.0
2020-08-10 18:25:00,0.0
2020-08-10 18:25:00,0.0
2020-08-10 18:25:00,0.0
2020-08-10 18:40:00,0.0
2020-08-10 18:40:00,0.0
2020-08-10 18:40:00,0.0
2020-08-10 18:40:00,0.0
2020-08-10 18:40:00,0.0
2020-08-10 18:40:00,0.0
2020-08-10 18:40:00,0.0
2020-08-10 18:40:00,0.0
2020-08-10 18:40:00,0.0
2020-08-10 18:40:00,0.0
2020-08-10 18:55:00,0.0
2020-08-10 18:55:00,0.0
2020-08-10 18:55:00,0.0
2020-08-10 18:55:00,0.0
2020-08-10 18:55:00,0.0
2020-08-10 18:55:00,0.0
2020-08-10 18:55:00,0.0
2020-08-10 18:55:00,0.0
2020-08-10 18:55:00,0.0
2020-08-10 18:55:00,0.0
2020-08-10 19:10:00,0.0
2020-08-10 19:10:00,0.0
2020-08-10 19:10:00,0.0
2020-08-10 19:10:00,0.0
2020-08-10 19:10:00,0.0
2020-08-10 19:10:00,0.0
2020-08-10 19:10:00,0.0
2020-08-10 19:10:00,0.0
2020-08-10 19:10:00,0.0
2020-08-10 19:10:00,0.0
2020-08-10 19:25:00,34.34
2020-08-10 19:25:00,34.34
2020-08-10 19:25:00,34.34
2020-08-10 19:25:00,34.34
2020-08-10 19:25:00,34.34
2020-08-10 19:25:00,34.34
2020-08-10 19:25:00,34.34
2020-08-10 19:25:00,34.34
2020-08-10 19:25:00,34.34
2020-08-10 19:25:00,34.34
2020-08-10 19:40:00,68.97
2020-08-10 19:40:00,68.97
2020-08-10 19:40:00,68.97
2020-08-10 19:40:00,68.97
2020-08-10 19:40:00,68.97
2020-08-10 19:40:00,68.97
2020-08-10 19:40:00,68.97
2020-08-10 19:40:00,68.97
2020-08-10 19:40:00,68.97
2020-08-10 19:40:00,68.97
2020-08-10 19:55:00,34.34
2020-08-10 19:55:00,34.34
2020-08-10 19:55:00,34.34
2020-08-10 19:55:00,34.34
2020-08-10 19:55:00,34.34
2020-08-10 19:55:00,34.34
2020-08-10 19:55:00,34.34
2020-08-10 19:55:00,34.34
2020-08-10 19:55:00,34.34
2020-08-10 19:55:00,34.34
2020-08-10 20:10:00,0.0
2020-08-10 20:10:00,0.0
2020-08-10 20:10:00,0.0
2020-08-10 20:10:00,0.0
2020-08-10 20:10:00,0.0
2020-08-10 20:10:00,0.0
2020-08-10 20:10:00,0.0
2020-08-10 20:10:00,0.0
2020-08-10 20:10:00,0.0
2020-08-10 20:10:00,0.0
2020-08-10 20:25:00,0.0
2020-08-10 20:25:00,0.0
2020-08-10 20:25:00,0.0
2020-08-10 20:25:00,0.0
2020-08-10 20:25:00,0.0
2020-08-10 20:25:00,0.0
2020-08-10 20:25:00,0.0
2020-08-10 20:25:00,0.0
2020-08-10 20:25:00,0.0
2020-08-10 20:25:00,0.0
2020-08-10 20:40:00,0.0
2020-08-10 20:40:00,0.0
2020-08-10 20:40:00,0.0
2020-08-10 20:40:00,0.0
2020-08-10 20:40:00,0.0
2020-08-10 20:40:00,0.0
2020-08-10 20:40:00,0.0
2020-08-10 20:40:00,0.0
2020-08-10 20:40:00,0.0
2020-08-10 20:40:00,0.0
2020-08-10 20:55:00,0.0
2020-08-10 20:55:00,0.0
2020-08-10 20:55:00,0.0
2020-08-10 20:55:00,0.0
2020-08-10 20:55:00,0.0
2020-08-10 20:55:00,0.0
2020-08-10 20:55:00,0.0
2020-08-10 20:55:00,0.0
2020-08-10 20:55:00,0.0
2020-08-10 20:55:00,0.0
2020-08-10 21:10:00,0.0
2020-08-10 21:10:00,0.0
2020-08-10 21:10:00,0.0
2020-08-10 21:10:00,0.0
2020-08-10 21:10:00,0.0
2020-08-10 21:10:00,0.0
2020-08-10 21:10:00,0.0
2020-08-10 21:10:00,0.0
2020-08-10 21:10:00,0.0
2020-08-10 21:10:00,0.0
2020-08-10 21:25:00,0.0
2020-08-10 21:25:00,0.0
2020-08-10 21:25:00,0.0
2020-08-10 21:25:00,0.0
2020-08-10 21:25:00,0.0
2020-08-10 21:25:00,0.0
2020-08-10 21:25:00,0.0
2020-08-10 21:25:00,0.0
2020-08-10 21:25:00,0.0
2020-08-10 21:25:00,0.0
2020-08-10 21:40:00,0.0
2020-08-10 21:40:00,0.0
2020-08-10 21:40:00,0.0
2020-08-10 21:40:00,0.0
2020-08-10 21:40:00,0.0
2020-08-10 21:40:00,0.0
2020-08-10 21:40:00,0.0
2020-08-10 21:40:00,0.0
2020-08-10 21:40:00,0.0
2020-08-10 21:40:00,0.0
2020-08-10 21:55:00,51.48
2020-08-10 21:55:00,51.48
2020-08-10 21:55:00,51.48
2020-08-10 21:55:00,51.48
2020-08-10 21:55:00,51.48
2020-08-10 21:55:00,51.48
2020-08-10 21:55:00,51.48
2020-08-10 21:55:00,51.48
2020-08-10 21:55:00,51.48
2020-08-10 21:55:00,51.48
2020-08-10 22:10:00,103.27
2020-08-10 22:10:00,103.27
2020-08-10 22:10:00,103.27
2020-08-10 22:10:00,103.27
2020-08-10 22:10:00,103.27
2020-08-10 22:10:00,103.27
2020-08-10 22:10:00,103.27
2020-08-10 22:10:00,103.27
2020-08-10 22:10:00,103.27
2020-08-10 22:10:00,103.27
2020-08-10 22:25:00,126.93
2020-08-10 22:25:00,126.93
2020-08-10 22:25:00,126.93
2020-08-10 22:25:00,126.93
2020-08-10 22:25:00,126.93
2020-08-10 22:25:00,126.93
2020-08-10 22:25:00,126.93
2020-08-10 22:25:00,126.93
2020-08-10 22:25:00,126.93
2020-08-10 22:25:00,126.93
2020-08-10 22:40:00,150.59
2020-08-10 22:40:00,150.59
2020-08-10 22:40:00,150.59
2020-08-10 22:40:00,150.59
2020-08-10 22:40:00,150.59
2020-08-10 22:40:00,150.59
2020-08-10 22:40:00,150.59
2020-08-10 22:40:00,150.59
2020-08-10 22:40:00,150.59
2020-08-10 22:40:00,150.59
2020-08-10 22:55:00,75.15
2020-08-10 22:55:00,75.15
2020-08-10 22:55:00,75.15
2020-08-10 22:55:00,75.15
2020-08-10 22:55:00,75.15
2020-08-10 22:55:00,75.15
2020-08-10 22:55:00,75.15
2020-08-10 22:55:00,75.15
2020-08-10 22:55:00,75.15
2020-08-10 22:55:00,75.15
2020-08-10 23:10:00,0.0
2020-08-10 23:10:00,0.0
2020-08-10 23:10:00,0.0
2020-08-10 23:10:00,0.0
2020-08-10 23:10:00,0.0
2020-08-10 23:10:00,0.0
2020-08-10 23:10:00,0.0
2020-08-10 23:10:00,0.0
2020-08-10 23:10:00,0.0
2020-08-10 23:10:00,0.0
2020-08-10 23:25:00,0.0
2020-08-10 23:25:00,0.0
2020-08-10 23:25:00,0.0
2020-08-10 23:25:00,0.0
2020-08-10 23:25:00,0.0
2020-08-10 23:25:00,0.0
2020-08-10 23:25:00,0.0
2020-08-10 23:25:00,0.0
2020-08-10 23:25:00,0.0
2020-08-10 23:25:00,0.0
2020-08-10 23:40:00,0.0
2020-08-10 23:40:00,0.0
2020-08-10 23:40:00,0.0
2020-08-10 23:40:00,0.0
2020-08-10 23:40:00,0.0
2020-08-10 23:40:00,0.0
2020-08-10 23:40:00,0.0
2020-08-10 23:40:00,0.0
2020-08-10 23:40:00,0.0
2020-08-10 23:40:00,0.0
2020-08-10 23:55:00,0.0
2020-08-10 23:55:00,0.0
2020-08-10 23:55:00,0.0
2020-08-10 23:55:00,0.0
2020-08-10 23:55:00,0.0
2020-08-10 23:55:00,0.0
2020-08-10 23:55:00,0.0
2020-08-10 23:55:00,0.0
2020-08-10 23:55:00,0.0
2020-08-10 23:55:00,0.0
2020-08-11 00:10:00,0.0
2020-08-11 00:10:00,0.0
2020-08-11 00:10:00,0.0
2020-08-11 00:10:00,0.0
2020-08-11 00:10:00,0.0
2020-08-11 00:10:00,0.0
2020-08-11 00:10:00,0.0
2020-08-11 00:10:00,0.0
2020-08-11 00:10:00,0.0
2020-08-11 00:10:00,0.0
2020-08-11 00:25:00,0.0
2020-08-11 00:25:00,0.0
2020-08-11 00:25:00,0.0
2020-08-11 00:25:00,0.0
2020-08-11 00:25:00,0.0
2020-08-11 00:25:00,0.0
2020-08-11 00:25:00,0.0
2020-08-11 00:25:00,0.0
2020-08-11 00:25:00,0.0
2020-08-11 00:25:00,0.0
2020-08-11 00:40:00,0.0
2020-08-11 00:40:00,0.0
2020-08-11 00:40:00,0.0
2020-08-11 00:40:00,0.0
2020-08-11 00:40:00,0.0
2020-08-11 00:40:00,0.0
2020-08-11 00:40:00,0.0
2020-08-11 00:40:00,0.0
2020-08-11 00:40:00,0.0
2020-08-11 00:40:00,0.0
2020-08-11 00:55:00,28.36
2020-08-11 00:55:00,28.36
2020-08-11 00:55:00,28.36
2020-08-11 00:55:00,28.36
2020-08-11 00:55:00,28.36
2020-08-11 00:55:00,28.36
2020-08-11 00:55:00,28.36
2020-08-11 00:55:00,28.36
2020-08-11 00:55:00,28.36
2020-08-11 00:55:00,28.36
2020-08-11 01:10:00,57.03
2020-08-11 01:10:00,57.03
2020-08-11 01:10:00,57.03
2020-08-11 01:10:00,57.03
2020-08-11 01:10:00,57.03
2020-08-11 01:10:00,57.03
2020-08-11 01:10:00,57.03
2020-08-11 01:10:00,57.03
2020-08-11 01:10:00,57.03
2020-08-11 01:10:00,57.03
2020-08-11 01:25:00,55.54
2020-08-11 01:25:00,55.54
2020-08-11 01:25:00,55.54
2020-08-11 01:25:00,55.54
2020-08-11 01:25:00,55.54
2020-08-11 01:25:00,55.54
2020-08-11 01:25:00,55.54
2020-08-11 01:25:00,55.54
2020-08-11 01:25:00,55.54
2020-08-11 01:25:00,55.54
2020-08-11 01:40:00,54.05
2020-08-11 01:40:00,54.05
2020-08-11 01:40:00,54.05
2020-08-11 01:40:00,54.05
2020-08-11 01:40:00,54.05
2020-08-11 01:40:00,54.05
2020-08-11 01:40:00,54.05
2020-08-11 01:40:00,54.05
2020-08-11 01:40:00,54.05
2020-08-11 01:40:00,54.05
2020-08-11 01:55:00,26.88
2020-08-11 01:55:00,26.88
2020-08-11 01:55:00,26.88
2020-08-11 01:55:00,26.88
2020-08-11 01:55:00,26.88
2020-08-11 01:55:00,26.88
2020-08-11 01:55:00,26.88
2020-08-11 01:55:00,26.88
2020-08-11 01:55:00,26.88
2020-08-11 01:55:00,26.88
2020-08-11 02:10:00,0.0
2020-08-11 02:10:00,0.0
2020-08-11 02:10:00,0.0
2020-08-11 02:10:00,0.0
2020-08-11 02:10:00,0.0
2020-08-11 02:10:00,0.0
2020-08-11 02:10:00,0.0
2020-08-11 02:10:00,0.0
2020-08-11 02:10:00,0.0
2020-08-11 02:10:00,0.0
2020-08-11 02:25:00,0.0
2020-08-11 02:25:00,0.0
2020-08-11 02:25:00,0.0
2020-08-11 02:25:00,0.0
2020-08-11 02:25:00,0.0
2020-08-11 02:25:00,0.0
2020-08-11 02:25:00,0.0
2020-08-11 02:25:00,0.0
2020-08-11 02:25:00,0.0
2020-08-11 02:25:00,0.0
2020-08-11 02:40:00,0.0
2020-08-11 02:40:00,0.0
2020-08-11 02:40:00,0.0
2020-08-11 02:40:00,0.0
2020-08-11 02:40:00,0.0
2020-08-11 02:40:00,0.0
2020-08-11 02:40:00,0.0
2020-08-11 02:40:00,0.0
2020-08-11 02:40:00,0.0
2020-08-11 02:40:00,0.0
2020-08-11 02:55:00,0.0
2020-08-11 02:55:00,0.0
2020-08-11 02:55:00,0.0
2020-08-11 02:55:00,0.0
2020-08-11 02:55:00,0.0
2020-08-11 02:55:00,0.0
2020-08-11 02:55:00,0.0
2020-08-11 02:55:00,0.0
2020-08-11 02:55:00,0.0
2020-08-11 02:55:00,0.0
2020-08-11 03:10:00,0.0
2020-08-11 03:10:00,0.0
2020-08-11 03:10:00,0.0
2020-08-11 03:10:00,0.0
2020-08-11 03:10:00,0.0
2020-08-11 03:10:00,0.0
2020-08-11 03:10:00,0.0
2020-08-11 03:10:00,0.0
2020-08-11 03:10:00,0.0
2020-08-11 03:10:00,0.0
2020-08-11 03:25:00,65.52
2020-08-11 03:25:00,65.52
2020-08-11 03:25:00,65.52
2020-08-11 03:25:00,65.52
2020-08-11 03:25:00,65.52
2020-08-11 03:25:00,65.52
2020-08-11 03:25:00,65.52
2020-08-11 03:25:00,65.52
2020-08-11 03:25:00,65.52
2020-08-11 03:25:00,65.52
2020-08-11 03:40:00,131.33
2020-08-11 03:40:00,131.33
2020-08-11 03:40:00,131.33
2020-08-11 03:40:00,131.33
2020-08-11 03:40:00,131.33
2020-08-11 03:40:00,131.33
2020-08-11 03:40:00,131.33
2020-08-11 03:40:00,131.33
2020-08-11 03:40:00,131.33
2020-08-11 03:40:00,131.33
2020-08-11 03:55:00,186.49
2020-08-11 03:55:00,186.49
2020-08-11 03:55:00,186.49
2020-08-11 03:55:00,186.49
2020-08-11 03:55:00,186.49
2020-08-11 03:55:00,186.49
2020-08-11 03:55:00,186.49
2020-08-11 03:55:00,186.49
2020-08-11 03:55:00,186.49
2020-08-11 03:55:00,186.49
2020-08-11 04:10:00,241.65
2020-08-11 04:10:00,241.65
2020-08-11 04:10:00,241.65
2020-08-11 04:10:00,241.65
2020-08-11 04:10:00,241.65
2020-08-11 04:10:00,241.65
2020-08-11 04:10:00,241.65
2020-08-11 04:10:00,241.65
2020-08-11 04:10:00,241.65
2020-08-11 04:10:00,241.65
2020-08-11 04:25:00,331.0
2020-08-11 04:25:00,331.0
2020-08-11 04:25:00,331.0
2020-08-11 04:25:00,331.0
2020-08-11 04:25:00,331.0
2020-08-11 04:25:00,331.0
2020-08-11 04:25:00,331.0
2020-08-11 04:25:00,331.0
2020-08-11 04:25:00,331.0
2020-08-11 04:25:00,331.0
2020-08-11 04:40:00,420.34
2020-08-11 04:40:00,420.34
2020-08-11 04:40:00,420.34
2020-08-11 04:40:00,420.34
2020-08-11 04:40:00,420.34
2020-08-11 04:40:00,420.34
2020-08-11 04:40:00,420.34
2020-08-11 04:40:00,420.34
2020-08-11 04:40:00,420.34
2020-08-11 04:40:00,420.34
2020-08-11 04:55:00,351.91
2020-08-11 04:55:00,351.91
2020-08-11 04:55:00,351.91
2020-08-11 04:55:00,351.91
2020-08-11 04:55:00,351.91
2020-08-11 04:55:00,351.91
2020-08-11 04:55:00,351.91
2020-08-11 04:55:00,351.91
2020-08-11 04:55:00,351.91
2020-08-11 04:55:00,351.91
2020-08-11 05:10:00,283.48
2020-08-11 05:10:00,283.48
2020-08-11 05:10:00,283.48
2020-08-11 05:10:00,283.48
2020-08-11 05:10:00,283.48
2020-08-11 05:10:00,283.48
2020-08-11 05:10:00,283.48
2020-08-11 05:10:00,283.48
2020-08-11 05:10:00,283.48
2020-08-11 05:10:00,283.48
2020-08-11 05:25:00,227.32
2020-08-11 05:25:00,227.32
2020-08-11 05:25:00,227.32
2020-08-11 05:25:00,227.32
2020-08-11 05:25:00,227.32
2020-08-11 05:25:00,227.32
2020-08-11 05:25:00,227.32
2020-08-11 05:25:00,227.32
2020-08-11 05:25:00,227.32
2020-08-11 05:25:00,227.32
2020-08-11 05:40:00,171.17
2020-08-11 05:40:00,171.17
2020-08-11 05:40:00,171.17
2020-08-11 05:40:00,171.17
2020-08-11 05:40:00,171.17
2020-08-11 05:40:00,171.17
2020-08-11 05:40:00,171.17
2020-08-11 05:40:00,171.17
2020-08-11 05:40:00,171.17
2020-08-11 05:40:00,171.17
2020-08-11 05:55:00,173.78
2020-08-11 05:55:00,173.78
2020-08-11 05:55:00,173.78
2020-08-11 05:55:00,173.78
2020-08-11 05:55:00,173.78
2020-08-11 05:55:00,173.78
2020-08-11 05:55:00,173.78
2020-08-11 05:55:00,173.78
2020-08-11 05:55:00,173.78
2020-08-11 05:55:00,173.78
2020-08-11 06:10:00,176.39
2020-08-11 06:10:00,176.39
2020-08-11 06:10:00,176.39
2020-08-11 06:10:00,176.39
2020-08-11 06:10:00,176.39
2020-08-11 06:10:00,176.39
2020-08-11 06:10:00,176.39
2020-08-11 06:10:00,176.39
2020-08-11 06:10:00,176.39
2020-08-11 06:10:00,176.39
2020-08-11 06:25:00,88.04
2020-08-11 06:25:00,88.04
2020-08-11 06:25:00,88.04
2020-08-11 06:25:00,88.04
2020-08-11 06:25:00,88.04
2020-08-11 06:25:00,88.04
2020-08-11 06:25:00,88.04
2020-08-11 06:25:00,88.04
2020-08-11 06:25:00,88.04
2020-08-11 06:25:00,88.04
2020-08-11 06:40:00,0.0
2020-08-11 06:40:00,0.0
2020-08-11 06:40:00,0.0
2020-08-11 06:40:00,0.0
2020-08-11 06:40:00,0.0
2020-08-11 06:40:00,0.0
2020-08-11 06:40:00,0.0
2020-08-11 06:40:00,0.0
2020-08-11 06:40:00,0.0
2020-08-11 06:40:00,0.0
2020-08-11 06:55:00,0.0
2020-08-11 06:55:00,0.0
2020-08-11 06:55:00,0.0
2020-08-11 06:55:00,0.0
2020-08-11 06:55:00,0.0
2020-08-11 06:55:00,0.0
2020-08-11 06:55:00,0.0
2020-08-11 06:55:00,0.0
2020-08-11 06:55:00,0.0
2020-08-11 06:55:00,0.0
2020-08-11 07:10:00,0.0
2020-08-11 07:10:00,0.0
2020-08-11 07:10:00,0.0
2020-08-11 07:10:00,0.0
2020-08-11 07:10:00,0.0
2020-08-11 07:10:00,0.0
2020-08-11 07:10:00,0.0
2020-08-11 07:10:00,0.0
2020-08-11 07:10:00,0.0
2020-08-11 07:10:00,0.0
2020-08-11 07:25:00,48.44
2020-08-11 07:25:00,48.44
2020-08-11 07:25:00,48.44
2020-08-11 07:25:00,48.44
2020-08-11 07:25:00,48.44
2020-08-11 07:25:00,48.44
2020-08-11 07:25:00,48.44
2020-08-11 07:25:00,48.44
2020-08-11 07:25:00,48.44
2020-08-11 07:25:00,48.44
2020-08-11 07:40:00,97.18
2020-08-11 07:40:00,97.18
2020-08-11 07:40:00,97.18
2020-08-11 07:40:00,97.18
2020-08-11 07:40:00,97.18
2020-08-11 07:40:00,97.18
2020-08-11 07:40:00,97.18
2020-08-11 07:40:00,97.18
2020-08-11 07:40:00,97.18
2020-08-11 07:40:00,97.18
2020-08-11 07:55:00,47.06
2020-08-11 07:55:00,47.06
2020-08-11 07:55:00,47.06
2020-08-11 07:55:00,47.06
2020-08-11 07:55:00,47.06
2020-08-11 07:55:00,47.06
2020-08-11 07:55:00,47.06
2020-08-11 07:55:00,47.06
2020-08-11 07:55:00,47.06
2020-08-11 07:55:00,47.06
2020-08-11 08:10:00,0.0
2020-08-11 08:10:00,0.0
2020-08-11 08:10:00,0.0
2020-08-11 08:10:00,0.0
2020-08-11 08:10:00,0.0
2020-08-11 08:10:00,0.0
2020-08-11 08:10:00,0.0
2020-08-11 08:10:00,0.0
2020-08-11 08:10:00,0.0
2020-08-11 08:10:00,0.0
2020-08-11 08:25:00,51.51
2020-08-11 08:25:00,51.51
2020-08-11 08:25:00,51.51
2020-08-11 08:25:00,51.51
2020-08-11 08:25:00,51.51
2020-08-11 08:25:00,51.51
2020-08-11 08:25:00,51.51
2020-08-11 08:25:00,51.51
2020-08-11 08:25:00,51.51
2020-08-11 08:25:00,51.51
2020-08-11 08:40:00,106.09
2020-08-11 08:40:00,106.09
2020-08-11 08:40:00,106.09
2020-08-11 08:40:00,106.09
2020-08-11 08:40:00,106.09
2020-08-11 08:40:00,106.09
2020-08-11 08:40:00,106.09
2020-08-11 08:40:00,106.09
2020-08-11 08:40:00,106.09
2020-08-11 08:40:00,106.09
2020-08-11 08:55:00,131.84
2020-08-11 08:55:00,131.84
2020-08-11 08:55:00,131.84
2020-08-11 08:55:00,131.84
2020-08-11 08:55:00,131.84
2020-08-11 08:55:00,131.84
2020-08-11 08:55:00,131.84
2020-08-11 08:55:00,131.84
2020-08-11 08:55:00,131.84
2020-08-11 08:55:00,131.84
2020-08-11 09:10:00,157.58
2020-08-11 09:10:00,157.58
2020-08-11 09:10:00,157.58
2020-08-11 09:10:00,157.58
2020-08-11 09:10:00,157.58
2020-08-11 09:10:00,157.58
2020-08-11 09:10:00,157.58
2020-08-11 09:10:00,157.58
2020-08-11 09:10:00,157.58
2020-08-11 09:10:00,157.58
2020-08-11 09:25:00,78.64
2020-08-11 09:25:00,78.64
2020-08-11 09:25:00,78.64
2020-08-11 09:25:00,78.64
2020-08-11 09:25:00,78.64
2020-08-11 09:25:00,78.64
2020-08-11 09:25:00,78.64
2020-08-11 09:25:00,78.64
2020-08-11 09:25:00,78.64
2020-08-11 09:25:00,78.64
2020-08-11 09:40:00,0.0
2020-08-11 09:40:00,0.0
2020-08-11 09:40:00,0.0
2020-08-11 09:40:00,0.0
2020-08-11 09:40:00,0.0
2020-08-11 09:40:00,0.0
2020-08-11 09:40:00,0.0
2020-08-11 09:40:00,0.0
2020-08-11 09:40:00,0.0
2020-08-11 09:40:00,0.0
2020-08-11 09:55:00,0.0
2020-08-11 09:55:00,0.0
2020-08-11 09:55:00,0.0
2020-08-11 09:55:00,0.0
2020-08-11 09:55:00,0.0
2020-08-11 09:55:00,0.0
2020-08-11 09:55:00,0.0
2020-08-11 09:55:00,0.0
2020-08-11 09:55:00,0.0
2020-08-11 09:55:00,0.0
2020-08-11 10:10:00,0.0
2020-08-11 10:10:00,0.0
2020-08-11 10:10:00,0.0
2020-08-11 10:10:00,0.0
2020-08-11 10:10:00,0.0
2020-08-11 10:10:00,0.0
2020-08-11 10:10:00,0.0
2020-08-11 10:10:00,0.0
2020-08-11 10:10:00,0.0
2020-08-11 10:10:00,0.0
2020-08-11 10:25:00,0.0
2020-08-11 10:25:00,0.0
2020-08-11 10:25:00,0.0
2020-08-11 10:25:00,0.0
2020-08-11 10:25:00,0.0
2020-08-11 10:25:00,0.0
2020-08-11 10:25:00,0.0
2020-08-11 10:25:00,0.0
2020-08-11 10:25:00,0.0
2020-08-11 10:25:00,0.0
2020-08-11 10:40:00,0.0
2020-08-11 10:40:00,0.0
2020-08-11 10:40:00,0.0
2020-08-11 10:40:00,0.0
2020-08-11 10:40:00,0.0
2020-08-11 10:40:00,0.0
2020-08-11 10:40:00,0.0
2020-08-11 10:40:00,0.0
2020-08-11 10:40:00,0.0
2020-08-11 10:40:00,0.0
2020-08-11 10:55:00,68.98
2020-08-11 10:55:00,68.98
2020-08-11 10:55:00,68.98
2020-08-11 10:55:00,68.98
2020-08-11 10:55:00,68.98
2020-08-11 10:55:00,68.98
2020-08-11 10:55:00,68.98
2020-08-11 10:55:00,68.98
2020-08-11 10:55:00,68.98
2020-08-11 10:55:00,68.98
2020-08-11 11:10:00,138.27
2020-08-11 11:10:00,138.27
2020-08-11 11:10:00,138.27
2020-08-11 11:10:00,138.27
2020-08-11 11:10:00,138.27
2020-08-11 11:10:00,138.27
2020-08-11 11:10:00,138.27
2020-08-11 11:10:00,138.27
2020-08-11 11:10:00,138.27
2020-08-11 11:10:00,138.27
2020-08-11 11:25:00,68.98
2020-08-11 11:25:00,68.98
2020-08-11 11:25:00,68.98
2020-08-11 11:25:00,68.98
2020-08-11 11:25:00,68.98
2020-08-11 11:25:00,68.98
2020-08-11 11:25:00,68.98
2020-08-11 11:25:00,68.98
2020-08-11 11:25:00,68.98
2020-08-11 11:25:00,68.98
2020-08-11 11:40:00,0.0
2020-08-11 11:40:00,0.0
2020-08-11 11:40:00,0.0
2020-08-11 11:40:00,0.0
2020-08-11 11:40:00,0.0
2020-08-11 11:40:00,0.0
2020-08-11 11:40:00,0.0
2020-08-11 11:40:00,0.0
2020-08-11 11:40:00,0.0
2020-08-11 11:40:00,0.0
2020-08-11 11:55:00,0.0
2020-08-11 11:55:00,0.0
2020-08-11 11:55:00,0.0
2020-08-11 11:55:00,0.0
2020-08-11 11:55:00,0.0
2020-08-11 11:55:00,0.0
2020-08-11 11:55:00,0.0
2020-08-11 11:55:00,0.0
2020-08-11 11:55:00,0.0
2020-08-11 11:55:00,0.0
2020-08-11 12:10:00,0.0
2020-08-11 12:10:00,0.0
2020-08-11 12:10:00,0.0
2020-08-11 12:10:00,0.0
2020-08-11 12:10:00,0.0
2020-08-11 12:10:00,0.0
2020-08-11 12:10:00,0.0
2020-08-11 12:10:00,0.0
2020-08-11 12:10:00,0.0
2020-08-11 12:10:00,0.0
2020-08-11 12:25:00,16.35
2020-08-11 12:25:00,16.35
2020-08-11 12:25:00,16.35
2020-08-11 12:25:00,16.35
2020-08-11 12:25:00,16.35
2020-08-11 12:25:00,16.35
2020-08-11 12:25:00,16.35
2020-08-11 12:25:00,16.35
2020-08-11 12:25:00,16.35
2020-08-11 12:25:00,16.35
2020-08-11 12:40:00,33.0
2020-08-11 12:40:00,33.0
2020-08-11 12:40:00,33.0
2020-08-11 12:40:00,33.0
2020-08-11 12:40:00,33.0
2020-08-11 12:40:00,33.0
2020-08-11 12:40:00,33.0
2020-08-11 12:40:00,33.0
2020-08-11 12:40:00,33.0
2020-08-11 12:40:00,33.0
2020-08-11 12:55:00,29.96
2020-08-11 12:55:00,29.96
2020-08-11 12:55:00,29.96
2020-08-11 12:55:00,29.96
2020-08-11 12:55:00,29.96
2020-08-11 12:55:00,29.96
2020-08-11 12:55:00,29.96
2020-08-11 12:55:00,29.96
2020-08-11 12:55:00,29.96
2020-08-11 12:55:00,29.96
2020-08-11 13:10:00,26.92
2020-08-11 13:10:00,26.92
2020-08-11 13:10:00,26.92
2020-08-11 13:10:00,26.92
2020-08-11 13:10:00,26.92
2020-08-11 13:10:00,26.92
2020-08-11 13:10:00,26.92
2020-08-11 13:10:00,26.92
2020-08-11 13:10:00,26.92
2020-08-11 13:10:00,26.92
2020-08-11 13:25:00,13.3
2020-08-11 13:25:00,13.3
2020-08-11 13:25:00,13.3
2020-08-11 13:25:00,13.3
2020-08-11 13:25:00,13.3
2020-08-11 13:25:00,13.3
2020-08-11 13:25:00,13.3
2020-08-11 13:25:00,13.3
2020-08-11 13:25:00,13.3
2020-08-11 13:25:00,13.3
2020-08-11 13:40:00,0.0
2020-08-11 13:40:00,0.0
2020-08-11 13:40:00,0.0
2020-08-11 13:40:00,0.0
2020-08-11 13:40:00,0.0
2020-08-11 13:40:00,0.0
2020-08-11 13:40:00,0.0
2020-08-11 13:40:00,0.0
2020-08-11 13:40:00,0.0
2020-08-11 13:40:00,0.0
2020-08-11 13:55:00,0.0
2020-08-11 13:55:00,0.0
2020-08-11 13:55:00,0.0
2020-08-11 13:55:00,0.0
2020-08-11 13:55:00,0.0
2020-08-11 13:55:00,0.0
2020-08-11 13:55:00,0.0
2020-08-11 13:55:00,0.0
2020-08-11 13:55:00,0.0
2020-08-11 13:55:00,0.0
2020-08-11 14:10:00,0.0
2020-08-11 14:10:00,0.0
2020-08-11 14:10:00,0.0
2020-08-11 14:10:00,0.0
2020-08-11 14:10:00,0.0
2020-08-11 14:10:00,0.0
2020-08-11 14:10:00,0.0
2020-08-11 14:10:00,0.0
2020-08-11 14:10:00,0.0
2020-08-11 14:10:00,0.0
2020-08-11 14:25:00,0.0
2020-08-11 14:25:00,0.0
2020-08-11 14:25:00,0.0
2020-08-11 14:25:00,0.0
2020-08-11 14:25:00,0.0
2020-08-11 14:25:00,0.0
2020-08-11 14:25:00,0.0
2020-08-11 14:25:00,0.0
2020-08-11 14:25:00,0.0
2020-08-11 14:25:00,0.0
2020-08-11 14:40:00,0.0
2020-08-11 14:40:00,0.0
2020-08-11 14:40:00,0.0
2020-08-11 14:40:00,0.0
2020-08-11 14:40:00,0.0
2020-08-11 14:40:00,0.0
2020-08-11 14:40:00,0.0
2020-08-11 14:40:00,0.0
2020-08-11 14:40:00,0.0
2020-08-11 14:40:00,0.0
2020-08-11 14:55:00,0.0
2020-08-11 14:55:00,0.0
2020-08-11 14:55:00,0.0
2020-08-11 14:55:00,0.0
2020-08-11 14:55:00,0.0
2020-08-11 14:55:00,0.0
2020-08-11 14:55:00,0.0
2020-08-11 14:55:00,0.0
2020-08-11 14:55:00,0.0
2020-08-11 14:55:00,0.0
2020-08-11 15:10:00,0.0
2020-08-11 15:10:00,0.0
2020-08-11 15:10:00,0.0
2020-08-11 15:10:00,0.0
2020-08-11 15:10:00,0.0
2020-08-11 15:10:00,0.0
2020-08-11 15:10:00,0.0
2020-08-11 15:10:00,0.0
2020-08-11 15:10:00,0.0
2020-08-11 15:10:00,0.0
2020-08-11 15:25:00,0.0
2020-08-11 15:25:00,0.0
2020-08-11 15:25:00,0.0
2020-08-11 15:25:00,0.0
2020-08-11 15:25:00,0.0
2020-08-11 15:25:00,0.0
2020-08-11 15:25:00,0.0
2020-08-11 15:25:00,0.0
2020-08-11 15:25:00,0.0
2020-08-11 15:25:00,0.0
2020-08-11 15:40:00,0.0
2020-08-11 15:40:00,0.0
2020-08-11 15:40:00,0.0
2020-08-11 15:40:00,0.0
2020-08-11 15:40:00,0.0
2020-08-11 15:40:00,0.0
2020-08-11 15:40:00,0.0
2020-08-11 15:40:00,0.0
2020-08-11 15:40:00,0.0
2020-08-11 15:40:00,0.0
2020-08-11 15:55:00,0.0
2020-08-11 15:55:00,0.0
2020-08-11 15:55:00,0.0
2020-08-11 15:55:00,0.0
2020-08-11 15:55:00,0.0
2020-08-11 15:55:00,0.0
2020-08-11 15:55:00,0.0
2020-08-11 15:55:00,0.0
2020-08-11 15:55:00,0.0
2020-08-11 15:55:00,0.0
2020-08-11 16:10:00,0.0
2020-08-11 16:10:00,0.0
2020-08-11 16:10:00,0.0
2020-08-11 16:10:00,0.0
2020-08-11 16:10:00,0.0
2020-08-11 16:10:00,0.0
2020-08-11 16:10:00,0.0
2020-08-11 16:10:00,0.0
2020-08-11 16:10:00,0.0
2020-08-11 16:10:00,0.0
2020-08-11 16:25:00,0.0
2020-08-11 16:25:00,0.0
2020-08-11 16:25:00,0.0
2020-08-11 16:25:00,0.0
2020-08-11 16:25:00,0.0
2020-08-11 16:25:00,0.0
2020-08-11 16:25:00,0.0
2020-08-11 16:25:00,0.0
2020-08-11 16:25:00,0.0
2020-08-11 16:25:00,0.0
2020-08-11 16:40:00,0.0
2020-08-11 16:40:00,0.0
2020-08-11 16:40:00,0.0
2020-08-11 16:40:00,0.0
2020-08-11 16:40:00,0.0
2020-08-11 16:40:00,0.0
2020-08-11 16:40:00,0.0
2020-08-11 16:40:00,0.0
2020-08-11 16:40:00,0.0
2020-08-11 16:40:00,0.0
2020-08-11 16:55:00,0.0
2020-08-11 16:55:00,0.0
2020-08-11 16:55:00,0.0
2020-08-11 16:55:00,0.0
2020-08-11 16:55:00,0.0
2020-08-11 16:55:00,0.0
2020-08-11 16:55:00,0.0
2020-08-11 16:55:00,0.0
2020-08-11 16:55:00,0.0
2020-08-11 16:55:00,0.0
2020-08-11 17:10:00,0.0
2020-08-11 17:10:00,0.0
2020-08-11 17:10:00,0.0
2020-08-11 17:10:00,0.0
2020-08-11 17:10:00,0.0
2020-08-11 17:10:00,0.0
2020-08-11 17:10:00,0.0
2020-08-11 17:10:00,0.0
2020-08-11 17:10:00,0.0
2020-08-11 17:10:00,0.0
2020-08-11 17:25:00,0.0
2020-08-11 17:25:00,0.0
2020-08-11 17:25:00,0.0
2020-08-11 17:25:00,0.0
2020-08-11 17:25:00,0.0
2020-08-11 17:25:00,0.0
2020-08-11 17:25:00,0.0
2020-08-11 17:25:00,0.0
2020-08-11 17:25:00,0.0
2020-08-11 17:25:00,0.0
2020-08-11 17:40:00,0.0
2020-08-11 17:40:00,0.0
2020-08-11 17:40:00,0.0
2020-08-11 17:40:00,0.0
2020-08-11 17:40:00,0.0
2020-08-11 17:40:00,0.0
2020-08-11 17:40:00,0.0
2020-08-11 17:40:00,0.0
2020-08-11 17:40:00,0.0
2020-08-11 17:40:00,0.0
2020-08-11 17:55:00,0.0
2020-08-11 17:55:00,0.0
2020-08-11 17:55:00,0.0
2020-08-11 17:55:00,0.0
2020-08-11 17:55:00,0.0
2020-08-11 17:55:00,0.0
2020-08-11 17:55:00,0.0
2020-08-11 17:55:00,0.0
2020-08-11 17:55:00,0.0
2020-08-11 17:55:00,0.0
2020-08-11 18:10:00,0.0
2020-08-11 18:10:00,0.0
2020-08-11 18:10:00,0.0
2020-08-11 18:10:00,0.0
2020-08-11 18:10:00,0.0
2020-08-11 18:10:00,0.0
2020-08-11 18:10:00,0.0
2020-08-11 18:10:00,0.0
2020-08-11 18:10:00,0.0
2020-08-11 18:10:00,0.0
2020-08-11 18:25:00,0.0
2020-08-11 18:25:00,0.0
2020-08-11 18:25:00,0.0
2020-08-11 18:25:00,0.0
2020-08-11 18:25:00,0.0
2020-08-11 18:25:00,0.0
2020-08-11 18:25:00,0.0
2020-08-11 18:25:00,0.0
2020-08-11 18:25:00,0.0
2020-08-11 18:25:00,0.0
2020-08-11 18:40:00,0.0
2020-08-11 18:40:00,0.0
2020-08-11 18:40:00,0.0
2020-08-11 18:40:00,0.0
2020-08-11 18:40:00,0.0
2020-08-11 18:40:00,0.0
2020-08-11 18:40:00,0.0
2020-08-11 18:40:00,0.0
2020-08-11 18:40:00,0.0
2020-08-11 18:40:00,0.0
2020-08-11 18:55:00,0.0
2020-08-11 18:55:00,0.0
2020-08-11 18:55:00,0.0
2020-08-11 18:55:00,0.0
2020-08-11 18:55:00,0.0
2020-08-11 18:55:00,0.0
2020-08-11 18:55:00,0.0
2020-08-11 18:55:00,0.0
2020-08-11 18:55:00,0.0
2020-08-11 18:55:00,0.0
2020-08-11 19:10:00,0.0
2020-08-11 19:10:00,0.0
2020-08-11 19:10:00,0.0
2020-08-11 19:10:00,0.0
2020-08-11 19:10:00,0.0
2020-08-11 19:10:00,0.0
2020-08-11 19:10:00,0.0
2020-08-11 19:10:00,0.0
2020-08-11 19:10:00,0.0
2020-08-11 19:10:00,0.0
2020-08-11 19:25:00,0.0
2020-08-11 19:25:00,0.0
2020-08-11 19:25:00,0.0
2020-08-11 19:25:00,0.0
2020-08-11 19:25:00,0.0
2020-08-11 19:25:00,0.0
2020-08-11 19:25:00,0.0
2020-08-11 19:25:00,0.0
2020-08-11 19:25:00,0.0
2020-08-11 19:25:00,0.0
2020-08-11 19:40:00,0.0
2020-08-11 19:40:00,0.0
2020-08-11 19:40:00,0.0
2020-08-11 19:40:00,0.0
2020-08-11 19:40:00,0.0
2020-08-11 19:40:00,0.0
2020-08-11 19:40:00,0.0
2020-08-11 19:40:00,0.0
2020-08-11 19:40:00,0.0
2020-08-11 19:40:00,0.0
2020-08-11 19:55:00,0.0
2020-08-11 19:55:00,0.0
2020-08-11 19:55:00,0.0
2020-08-11 19:55:00,0.0
2020-08-11 19:55:00,0.0
2020-08-11 19:55:00,0.0
2020-08-11 19:55:00,0.0
2020-08-11 19:55:00,0.0
2020-08-11 19:55:00,0.0
2020-08-11 19:55:00,0.0
2020-08-11 20:10:00,0.0
2020-08-11 20:10:00,0.0
2020-08-11 20:10:00,0.0
2020-08-11 20:10:00,0.0
2020-08-11 20:10:00,0.0
2020-08-11 20:10:00,0.0
2020-08-11 20:10:00,0.0
2020-08-11 20:10:00,0.0
2020-08-11 20:10:00,0.0
2020-08-11 20:10:00,0.0
2020-08-11 20:25:00,0.0
2020-08-11 20:25:00,0.0
2020-08-11 20:25:00,0.0
2020-08-11 20:25:00,0.0
2020-08-11 20:25:00,0.0
2020-08-11 20:25:00,0.0
2020-08-11 20:25:00,0.0
2020-08-11 20:25:00,0.0
2020-08-11 20:25:00,0.0
2020-08-11 20:25:00,0.0
2020-08-11 20:40:00,0.0
2020-08-11 20:40:00,0.0
2020-08-11 20:40:00,0.0
2020-08-11 20:40:00,0.0
2020-08-11 20:40:00,0.0
2020-08-11 20:40:00,0.0
2020-08-11 20:40:00,0.0
2020-08-11 20:40:00,0.0
2020-08-11 20:40:00,0.0
2020-08-11 20:40:00,0.0
2020-08-11 20:55:00,0.0
2020-08-11 20:55:00,0.0
2020-08-11 20:55:00,0.0
2020-08-11 20:55:00,0.0
2020-08-11 20:55:00,0.0
2020-08-11 20:55:00,0.0
2020-08-11 20:55:00,0.0
2020-08-11 20:55:00,0.0
2020-08-11 20:55:00,0.0
2020-08-11 20:55:00,0.0
2020-08-11 21:10:00,0.0
2020-08-11 21:10:00,0.0
2020-08-11 21:10:00,0.0
2020-08-11 21:10:00,0.0
2020-08-11 21:10:00,0.0
2020-08-11 21:10:00,0.0
2020-08-11 21:10:00,0.0
2020-08-11 21:10:00,0.0
2020-08-11 21:10:00,0.0
2020-08-11 21:10:00,0.0
2020-08-11 21:25:00,0.0
2020-08-11 21:25:00,0.0
2020-08-11 21:25:00,0.0
2020-08-11 21:25:00,0.0
2020-08-11 21:25:00,0.0
2020-08-11 21:25:00,0.0
2020-08-11 21:25:00,0.0
2020-08-11 21:25:00,0.0
2020-08-11 21:25:00,0.0
2020-08-11 21:25:00,0.0
2020-08-11 21:40:00,0.0
2020-08-11 21:40:00,0.0
2020-08-11 21:40:00,0.0
2020-08-11 21:40:00,0.0
2020-08-11 21:40:00,0.0
2020-08-11 21:40:00,0.0
2020-08-11 21:40:00,0.0
2020-08-11 21:40:00,0.0
2020-08-11 21:40:00,0.0
2020-08-11 21:40:00,0.0
2020-08-11 21:55:00,0.0
2020-08-11 21:55:00,0.0
2020-08-11 21:55:00,0.0
2020-08-11 21:55:00,0.0
2020-08-11 21:55:00,0.0
2020-08-11 21:55:00,0.0
2020-08-11 21:55:00,0.0
2020-08-11 21:55:00,0.0
2020-08-11 21:55:00,0.0
2020-08-11 21:55:00,0.0
2020-08-11 22:10:00,0.0
2020-08-11 22:10:00,0.0
2020-08-11 22:10:00,0.0
2020-08-11 22:10:00,0.0
2020-08-11 22:10:00,0.0
2020-08-11 22:10:00,0.0
2020-08-11 22:10:00,0.0
2020-08-11 22:10:00,0.0
2020-08-11 22:10:00,0.0
2020-08-11 22:10:00,0.0
2020-08-11 22:25:00,0.0
2020-08-11 22:25:00,0.0
2020-08-11 22:25:00,0.0
2020-08-11 22:25:00,0.0
2020-08-11 22:25:00,0.0
2020-08-11 22:25:00,0.0
2020-08-11 22:25:00,0.0
2020-08-11 22:25:00,0.0
2020-08-11 22:25:00,0.0
2020-08-11 22:25:00,0.0
2020-08-11 22:40:00,0.0
2020-08-11 22:40:00,0.0
2020-08-11 22:40:00,0.0
2020-08-11 22:40:00,0.0
2020-08-11 22:40:00,0.0
2020-08-11 22:40:00,0.0
2020-08-11 22:40:00,0.0
2020-08-11 22:40:00,0.0
2020-08-11 22:40:00,0.0
2020-08-11 22:40:00,0.0
2020-08-11 22:55:00,0.0
2020-08-11 22:55:00,0.0
2020-08-11 22:55:00,0.0
2020-08-11 22:55:00,0.0
2020-08-11 22:55:00,0.0
2020-08-11 22:55:00,0.0
2020-08-11 22:55:00,0.0
2020-08-11 22:55:00,0.0
2020-08-11 22:55:00,0.0
2020-08-11 22:55:00,0.0
2020-08-11 23:10:00,0.0
2020-08-11 23:10:00,0.0
2020-08-11 23:10:00,0.0
2020-08-11 23:10:00,0.0
2020-08-11 23:10:00,0.0
2020-08-11 23:10:00,0.0
2020-08-11 23:10:00,0.0
2020-08-11 23:10:00,0.0
2020-08-11 23:10:00,0.0
2020-08-11 23:10:00,0.0
2020-08-11 23:25:00,0.0
2020-08-11 23:25:00,0.0
2020-08-11 23:25:00,0.0
2020-08-11 23:25:00,0.0
2020-08-11 23:25:00,0.0
2020-08-11 23:25:00,0.0
2020-08-11 23:25:00,0.0
2020-08-11 23:25:00,0.0
2020-08-11 23:25:00,0.0
2020-08-11 23:25:00,0.0
2020-08-11 23:40:00,0.0
2020-08-11 23:40:00,0.0
2020-08-11 23:40:00,0.0
2020-08-11 23:40:00,0.0
2020-08-11 23:40:00,0.0
2020-08-11 23:40:00,0.0
2020-08-11 23:40:00,0.0
2020-08-11 23:40:00,0.0
2020-08-11 23:40:00,0.0
2020-08-11 23:40:00,0.0
2020-08-11 23:55:00,0.0
2020-08-11 23:55:00,0.0
2020-08-11 23:55:00,0.0
2020-08-11 23:55:00,0.0
2020-08-11 23:55:00,0.0
2020-08-11 23:55:00,0.0
2020-08-11 23:55:00,0.0
2020-08-11 23:55:00,0.0
2020-08-11 23:55:00,0.0
2020-08-11 23:55:00,0.0
2020-08-12 00:10:00,0.0
2020-08-12 00:10:00,0.0
2020-08-12 00:10:00,0.0
2020-08-12 00:10:00,0.0
2020-08-12 00:10:00,0.0
2020-08-12 00:10:00,0.0
2020-08-12 00:10:00,0.0
2020-08-12 00:10:00,0.0
2020-08-12 00:10:00,0.0
2020-08-12 00:10:00,0.0
2020-08-12 00:25:00,0.0
2020-08-12 00:25:00,0.0
2020-08-12 00:25:00,0.0
2020-08-12 00:25:00,0.0
2020-08-12 00:25:00,0.0
2020-08-12 00:25:00,0.0
2020-08-12 00:25:00,0.0
2020-08-12 00:25:00,0.0
2020-08-12 00:25:00,0.0
2020-08-12 00:25:00,0.0
2020-08-12 00:40:00,0.0
2020-08-12 00:40:00,0.0
2020-08-12 00:40:00,0.0
2020-08-12 00:40:00,0.0
2020-08-12 00:40:00,0.0
2020-08-12 00:40:00,0.0
2020-08-12 00:40:00,0.0
2020-08-12 00:40:00,0.0
2020-08-12 00:40:00,0.0
2020-08-12 00:40:00,0.0
2020-08-12 00:55:00,0.0
2020-08-12 00:55:00,0.0
2020-08-12 00:55:00,0.0
2020-08-12 00:55:00,0.0
2020-08-12 00:55:00,0.0
2020-08-12 00:55:00,0.0
2020-08-12 00:55:00,0.0
2020-08-12 00:55:00,0.0
2020-08-12 00:55:00,0.0
2020-08-12 00:55:00,0.0
2020-08-12 01:10:00,0.0
2020-08-12 01:10:00,0.0
2020-08-12 01:10:00,0.0
2020-08-12 01:10:00,0.0
2020-08-12 01:10:00,0.0
2020-08-12 01:10:00,0.0
2020-08-12 01:10:00,0.0
2020-08-12 01:10:00,0.0
2020-08-12 01:10:00,0.0
2020-08-12 01:10:00,0.0
2020-08-12 01:25:00,0.0
2020-08-12 01:25:00,0.0
2020-08-12 01:25:00,0.0
2020-08-12 01:25:00,0.0
2020-08-12 01:25:00,0.0
2020-08-12 01:25:00,0.0
2020-08-12 01:25:00,0.0
2020-08-12 01:25:00,0.0
2020-08-12 01:25:00,0.0
2020-08-12 01:25:00,0.0
2020-08-12 01:40:00,0.0
2020-08-12 01:40:00,0.0
2020-08-12 01:40:00,0.0
2020-08-12 01:40:00,0.0
2020-08-12 01:40:00,0.0
2020-08-12 01:40:00,0.0
2020-08-12 01:40:00,0.0
2020-08-12 01:40:00,0.0
2020-08-12 01:40:00,0.0
2020-08-12 01:40:00,0.0
2020-08-12 01:55:00,0.0
2020-08-12 01:55:00,0.0
2020-08-12 01:55:00,0.0
2020-08-12 01:55:00,0.0
2020-08-12 01:55:00,0.0
2020-08-12 01:55:00,0.0
2020-08-12 01:55:00,0.0
2020-08-12 01:55:00,0.0
2020-08-12 01:55:00,0.0
2020-08-12 01:55:00,0.0
2020-08-12 02:10:00,0.0
2020-08-12 02:10:00,0.0
2020-08-12 02:10:00,0.0
2020-08-12 02:10:00,0.0
2020-08-12 02:10:00,0.0
2020-08-12 02:10:00,0.0
2020-08-12 02:10:00,0.0
2020-08-12 02:10:00,0.0
2020-08-12 02:10:00,0.0
2020-08-12 02:10:00,0.0
2020-08-12 02:25:00,0.0
2020-08-12 02:25:00,0.0
2020-08-12 02:25:00,0.0
2020-08-12 02:25:00,0.0
2020-08-12 02:25:00,0.0
2020-08-12 02:25:00,0.0
2020-08-12 02:25:00,0.0
2020-08-12 02:25:00,0.0
2020-08-12 02:25:00,0.0
2020-08-12 02:25:00,0.0
2020-08-12 02:40:00,0.0
2020-08-12 02:40:00,0.0
2020-08-12 02:40:00,0.0
2020-08-12 02:40:00,0.0
2020-08-12 02:40:00,0.0
2020-08-12 02:40:00,0.0
2020-08-12 02:40:00,0.0
2020-08-12 02:40:00,0.0
2020-08-12 02:40:00,0.0
2020-08-12 02:40:00,0.0
2020-08-12 02:55:00,0.0
2020-08-12 02:55:00,0.0
2020-08-12 02:55:00,0.0
2020-08-12 02:55:00,0.0
2020-08-12 02:55:00,0.0
2020-08-12 02:55:00,0.0
2020-08-12 02:55:00,0.0
2020-08-12 02:55:00,0.0
2020-08-12 02:55:00,0.0
2020-08-12 02:55:00,0.0
2020-08-12 03:10:00,0.0
2020-08-12 03:10:00,0.0
2020-08-12 03:10:00,0.0
2020-08-12 03:10:00,0.0
2020-08-12 03:10:00,0.0
2020-08-12 03:10:00,0.0
2020-08-12 03:10:00,0.0
2020-08-12 03:10:00,0.0
2020-08-12 03:10:00,0.0
2020-08-12 03:10:00,0.0
2020-08-12 03:25:00,0.0
2020-08-12 03:25:00,0.0
2020-08-12 03:25:00,0.0
2020-08-12 03:25:00,0.0
2020-08-12 03:25:00,0.0
2020-08-12 03:25:00,0.0
2020-08-12 03:25:00,0.0
2020-08-12 03:25:00,0.0
2020-08-12 03:25:00,0.0
2020-08-12 03:25:00,0.0
2020-08-12 03:40:00,0.0
2020-08-12 03:40:00,0.0
2020-08-12 03:40:00,0.0
2020-08-12 03:40:00,0.0
2020-08-12 03:40:00,0.0
2020-08-12 03:40:00,0.0
2020-08-12 03:40:00,0.0
2020-08-12 03:40:00,0.0
2020-08-12 03:40:00,0.0
2020-08-12 03:40:00,0.0
2020-08-12 03:55:00,0.0
2020-08-12 03:55:00,0.0
2020-08-12 03:55:00,0.0
2020-08-12 03:55:00,0.0
2020-08-12 03:55:00,0.0
2020-08-12 03:55:00,0.0
2020-08-12 03:55:00,0.0
2020-08-12 03:55:00,0.0
2020-08-12 03:55:00,0.0
2020-08-12 03:55:00,0.0
2020-08-12 04:10:00,0.0
2020-08-12 04:10:00,0.0
2020-08-12 04:10:00,0.0
2020-08-12 04:10:00,0.0
2020-08-12 04:10:00,0.0
2020-08-12 04:10:00,0.0
2020-08-12 04:10:00,0.0
2020-08-12 04:10:00,0.0
2020-08-12 04:10:00,0.0
2020-08-12 04:10:00,0.0
2020-08-12 04:25:00,0.0
2020-08-12 04:25:00,0.0
2020-08-12 04:25:00,0.0
2020-08-12 04:25:00,0.0
2020-08-12 04:25:00,0.0
2020-08-12 04:25:00,0.0
2020-08-12 04:25:00,0.0
2020-08-12 04:25:00,0.0
2020-08-12 04:25:00,0.0
2020-08-12 04:25:00,0.0
2020-08-12 04:40:00,0.0
2020-08-12 04:40:00,0.0
2020-08-12 04:40:00,0.0
2020-08-12 04:40:00,0.0
2020-08-12 04:40:00,0.0
2020-08-12 04:40:00,0.0
2020-08-12 04:40:00,0.0
2020-08-12 04:40:00,0.0
2020-08-12 04:40:00,0.0
2020-08-12 04:40:00,0.0
2020-08-12 04:55:00,0.0
2020-08-12 04:55:00,0.0
2020-08-12 04:55:00,0.0
2020-08-12 04:55:00,0.0
2020-08-12 04:55:00,0.0
2020-08-12 04:55:00,0.0
2020-08-12 04:55:00,0.0
2020-08-12 04:55:00,0.0
2020-08-12 04:55:00,0.0
2020-08-12 04:55:00,0.0
2020-08-12 05:10:00,0.0
2020-08-12 05:10:00,0.0
2020-08-12 05:10:00,0.0
2020-08-12 05:10:00,0.0
2020-08-12 05:10:00,0.0
2020-08-12 05:10:00,0.0
2020-08-12 05:10:00,0.0
2020-08-12 05:10:00,0.0
2020-08-12 05:10:00,0.0
2020-08-12 05:10:00,0.0
2020-08-12 05:25:00,0.0
2020-08-12 05:25:00,0.0
2020-08-12 05:25:00,0.0
2020-08-12 05:25:00,0.0
2020-08-12 05:25:00,0.0
2020-08-12 05:25:00,0.0
2020-08-12 05:25:00,0.0
2020-08-12 05:25:00,0.0
2020-08-12 05:25:00,0.0
2020-08-12 05:25:00,0.0
2020-08-12 05:40:00,0.0
2020-08-12 05:40:00,0.0
2020-08-12 05:40:00,0.0
2020-08-12 05:40:00,0.0
2020-08-12 05:40:00,0.0
2020-08-12 05:40:00,0.0
2020-08-12 05:40:00,0.0
2020-08-12 05:40:00,0.0
2020-08-12 05:40:00,0.0
2020-08-12 05:40:00,0.0
2020-08-12 05:55:00,0.0
2020-08-12 05:55:00,0.0
2020-08-12 05:55:00,0.0
2020-08-12 05:55:00,0.0
2020-08-12 05:55:00,0.0
2020-08-12 05:55:00,0.0
2020-08-12 05:55:00,0.0
2020-08-12 05:55:00,0.0
2020-08-12 05:55:00,0.0
2020-08-12 05:55:00,0.0
2020-08-12 06:10:00,0.0
2020-08-12 06:10:00,0.0
2020-08-12 06:10:00,0.0
2020-08-12 06:10:00,0.0
2020-08-12 06:10:00,0.0
2020-08-12 06:10:00,0.0
2020-08-12 06:10:00,0.0
2020-08-12 06:10:00,0.0
2020-08-12 06:10:00,0.0
2020-08-12 06:10:00,0.0
2020-08-12 06:25:00,0.0
2020-08-12 06:25:00,0.0
2020-08-12 06:25:00,0.0
2020-08-12 06:25:00,0.0
2020-08-12 06:25:00,0.0
2020-08-12 06:25:00,0.0
2020-08-12 06:25:00,0.0
2020-08-12 06:25:00,0.0
2020-08-12 06:25:00,0.0
2020-08-12 06:25:00,0.0
2020-08-12 06:40:00,0.0
2020-08-12 06:40:00,0.0
2020-08-12 06:40:00,0.0
2020-08-12 06:40:00,0.0
2020-08-12 06:40:00,0.0
2020-08-12 06:40:00,0.0
2020-08-12 06:40:00,0.0
2020-08-12 06:40:00,0.0
2020-08-12 06:40:00,0.0
2020-08-12 06:40:00,0.0
2020-08-12 06:55:00,8.47
2020-08-12 06:55:00,8.47
2020-08-12 06:55:00,8.47
2020-08-12 06:55:00,8.47
2020-08-12 06:55:00,8.47
2020-08-12 06:55:00,8.47
2020-08-12 06:55:00,8.47
2020-08-12 06:55:00,8.47
2020-08-12 06:55:00,8.47
2020-08-12 06:55:00,8.47
2020-08-12 07:10:00,17.24
2020-08-12 07:10:00,17.24
2020-08-12 07:10:00,17.24
2020-08-12 07:10:00,17.24
2020-08-12 07:10:00,17.24
2020-08-12 07:10:00,17.24
2020-08-12 07:10:00,17.24
2020-08-12 07:10:00,17.24
2020-08-12 07:10:00,17.24
2020-08-12 07:10:00,17.24
2020-08-12 07:25:00,8.47
2020-08-12 07:25:00,8.47
2020-08-12 07:25:00,8.47
2020-08-12 07:25:00,8.47
2020-08-12 07:25:00,8.47
2020-08-12 07:25:00,8.47
2020-08-12 07:25:00,8.47
2020-08-12 07:25:00,8.47
2020-08-12 07:25:00,8.47
2020-08-12 07:25:00,8.47
2020-08-12 07:40:00,0.0
2020-08-12 07:40:00,0.0
2020-08-12 07:40:00,0.0
2020-08-12 07:40:00,0.0
2020-08-12 07:40:00,0.0
2020-08-12 07:40:00,0.0
2020-08-12 07:40:00,0.0
2020-08-12 07:40:00,0.0
2020-08-12 07:40:00,0.0
2020-08-12 07:40:00,0.0
2020-08-12 07:55:00,0.0
2020-08-12 07:55:00,0.0
2020-08-12 07:55:00,0.0
2020-08-12 07:55:00,0.0
2020-08-12 07:55:00,0.0
2020-08-12 07:55:00,0.0
2020-08-12 07:55:00,0.0
2020-08-12 07:55:00,0.0
2020-08-12 07:55:00,0.0
2020-08-12 07:55:00,0.0
2020-08-12 08:10:00,0.0
2020-08-12 08:10:00,0.0
2020-08-12 08:10:00,0.0
2020-08-12 08:10:00,0.0
2020-08-12 08:10:00,0.0
2020-08-12 08:10:00,0.0
2020-08-12 08:10:00,0.0
2020-08-12 08:10:00,0.0
2020-08-12 08:10:00,0.0
2020-08-12 08:10:00,0.0
2020-08-12 08:25:00,0.0
2020-08-12 08:25:00,0.0
2020-08-12 08:25:00,0.0
2020-08-12 08:25:00,0.0
2020-08-12 08:25:00,0.0
2020-08-12 08:25:00,0.0
2020-08-12 08:25:00,0.0
2020-08-12 08:25:00,0.0
2020-08-12 08:25:00,0.0
2020-08-12 08:25:00,0.0
2020-08-12 08:40:00,0.0
2020-08-12 08:40:00,0.0
2020-08-12 08:40:00,0.0
2020-08-12 08:40:00,0.0
2020-08-12 08:40:00,0.0
2020-08-12 08:40:00,0.0
2020-08-12 08:40:00,0.0
2020-08-12 08:40:00,0.0
2020-08-12 08:40:00,0.0
2020-08-12 08:40:00,0.0
2020-08-12 08:55:00,0.02
2020-08-12 08:55:00,0.02
2020-08-12 08:55:00,0.02
2020-08-12 08:55:00,0.02
2020-08-12 08:55:00,0.02
2020-08-12 08:55:00,0.02
2020-08-12 08:55:00,0.02
2020-08-12 08:55:00,0.02
2020-08-12 08:55:00,0.02
2020-08-12 08:55:00,0.02
2020-08-12 09:10:00,0.35
2020-08-12 09:10:00,0.35
2020-08-12 09:10:00,0.35
2020-08-12 09:10:00,0.35
2020-08-12 09:10:00,0.35
2020-08-12 09:10:00,0.35
2020-08-12 09:10:00,0.35
2020-08-12 09:10:00,0.35
2020-08-12 09:10:00,0.35
2020-08-12 09:10:00,0.35
2020-08-12 09:25:00,0.02
2020-08-12 09:25:00,0.02
2020-08-12 09:25:00,0.02
2020-08-12 09:25:00,0.02
2020-08-12 09:25:00,0.02
2020-08-12 09:25:00,0.02
2020-08-12 09:25:00,0.02
2020-08-12 09:25:00,0.02
2020-08-12 09:25:00,0.02
2020-08-12 09:25:00,0.02
2020-08-12 09:40:00,0.0
2020-08-12 09:40:00,0.0
2020-08-12 09:40:00,0.0
2020-08-12 09:40:00,0.0
2020-08-12 09:40:00,0.0
2020-08-12 09:40:00,0.0
2020-08-12 09:40:00,0.0
2020-08-12 09:40:00,0.0
2020-08-12 09:40:00,0.0
2020-08-12 09:40:00,0.0
2020-08-12 09:55:00,0.0
2020-08-12 09:55:00,0.0
2020-08-12 09:55:00,0.0
2020-08-12 09:55:00,0.0
2020-08-12 09:55:00,0.0
2020-08-12 09:55:00,0.0
2020-08-12 09:55:00,0.0
2020-08-12 09:55:00,0.0
2020-08-12 09:55:00,0.0
2020-08-12 09:55:00,0.0
2020-08-12 10:10:00,0.0
2020-08-12 10:10:00,0.0
2020-08-12 10:10:00,0.0
2020-08-12 10:10:00,0.0
2020-08-12 10:10:00,0.0
2020-08-12 10:10:00,0.0
2020-08-12 10:10:00,0.0
2020-08-12 10:10:00,0.0
2020-08-12 10:10:00,0.0
2020-08-12 10:10:00,0.0
2020-08-12 10:25:00,0.0
2020-08-12 10:25:00,0.0
2020-08-12 10:25:00,0.0
2020-08-12 10:25:00,0.0
2020-08-12 10:25:00,0.0
2020-08-12 10:25:00,0.0
2020-08-12 10:25:00,0.0
2020-08-12 10:25:00,0.0
2020-08-12 10:25:00,0.0
2020-08-12 10:25:00,0.0
2020-08-12 10:40:00,0.0
2020-08-12 10:40:00,0.0
2020-08-12 10:40:00,0.0
2020-08-12 10:40:00,0.0
2020-08-12 10:40:00,0.0
2020-08-12 10:40:00,0.0
2020-08-12 10:40:00,0.0
2020-08-12 10:40:00,0.0
2020-08-12 10:40:00,0.0
2020-08-12 10:40:00,0.0
2020-08-12 10:55:00,0.0
2020-08-12 10:55:00,0.0
2020-08-12 10:55:00,0.0
2020-08-12 10:55:00,0.0
2020-08-12 10:55:00,0.0
2020-08-12 10:55:00,0.0
2020-08-12 10:55:00,0.0
2020-08-12 10:55:00,0.0
2020-08-12 10:55:00,0.0
2020-08-12 10:55:00,0.0
2020-08-12 11:10:00,0.0
2020-08-12 11:10:00,0.0
2020-08-12 11:10:00,0.0
2020-08-12 11:10:00,0.0
2020-08-12 11:10:00,0.0
2020-08-12 11:10:00,0.0
2020-08-12 11:10:00,0.0
2020-08-12 11:10:00,0.0
2020-08-12 11:10:00,0.0
2020-08-12 11:10:00,0.0
2020-08-12 11:25:00,0.0
2020-08-12 11:25:00,0.0
2020-08-12 11:25:00,0.0
2020-08-12 11:25:00,0.0
2020-08-12 11:25:00,0.0
2020-08-12 11:25:00,0.0
2020-08-12 11:25:00,0.0
2020-08-12 11:25:00,0.0
2020-08-12 11:25:00,0.0
2020-08-12 11:25:00,0.0
2020-08-12 11:40:00,0.0
2020-08-12 11:40:00,0.0
2020-08-12 11:40:00,0.0
2020-08-12 11:40:00,0.0
2020-08-12 11:40:00,0.0
2020-08-12 11:40:00,0.0
2020-08-12 11:40:00,0.0
2020-08-12 11:40:00,0.0
2020-08-12 11:40:00,0.0
2020-08-12 11:40:00,0.0
2020-08-12 11:55:00,0.0
2020-08-12 11:55:00,0.0
2020-08-12 11:55:00,0.0
2020-08-12 11:55:00,0.0
2020-08-12 11:55:00,0.0
2020-08-12 11:55:00,0.0
2020-08-12 11:55:00,0.0
2020-08-12 11:55:00,0.0
2020-08-12 11:55:00,0.0
2020-08-12 11:55:00,0.0
2020-08-12 12:10:00,0.0
2020-08-12 12:10:00,0.0
2020-08-12 12:10:00,0.0
2020-08-12 12:10:00,0.0
2020-08-12 12:10:00,0.0
2020-08-12 12:10:00,0.0
2020-08-12 12:10:00,0.0
2020-08-12 12:10:00,0.0
2020-08-12 12:10:00,0.0
2020-08-12 12:10:00,0.0
2020-08-12 12:25:00,0.0
2020-08-12 12:25:00,0.0
2020-08-12 12:25:00,0.0
2020-08-12 12:25:00,0.0
2020-08-12 12:25:00,0.0
2020-08-12 12:25:00,0.0
2020-08-12 12:25:00,0.0
2020-08-12 12:25:00,0.0
2020-08-12 12:25:00,0.0
2020-08-12 12:25:00,0.0
2020-08-12 12:40:00,0.0
2020-08-12 12:40:00,0.0
2020-08-12 12:40:00,0.0
2020-08-12 12:40:00,0.0
2020-08-12 12:40:00,0.0
2020-08-12 12:40:00,0.0
2020-08-12 12:40:00,0.0
2020-08-12 12:40:00,0.0
2020-08-12 12:40:00,0.0
2020-08-12 12:40:00,0.0
2020-08-12 12:55:00,84.74
2020-08-12 12:55:00,84.74
2020-08-12 12:55:00,84.74
2020-08-12 12:55:00,84.74
2020-08-12 12:55:00,84.74
2020-08-12 12:55:00,84.74
2020-08-12 12:55:00,84.74
2020-08-12 12:55:00,84.74
2020-08-12 12:55:00,84.74
2020-08-12 12:55:00,84.74
2020-08-12 13:10:00,169.79
2020-08-12 13:10:00,169.79
2020-08-12 13:10:00,169.79
2020-08-12 13:10:00,169.79
2020-08-12 13:10:00,169.79
2020-08-12 13:10:00,169.79
2020-08-12 13:10:00,169.79
2020-08-12 13:10:00,169.79
2020-08-12 13:10:00,169.79
2020-08-12 13:10:00,169.79
2020-08-12 13:25:00,219.52
2020-08-12 13:25:00,219.52
2020-08-12 13:25:00,219.52
2020-08-12 13:25:00,219.52
2020-08-12 13:25:00,219.52
2020-08-12 13:25:00,219.52
2020-08-12 13:25:00,219.52
2020-08-12 13:25:00,219.52
2020-08-12 13:25:00,219.52
2020-08-12 13:25:00,219.52
2020-08-12 13:40:00,269.24
2020-08-12 13:40:00,269.24
2020-08-12 13:40:00,269.24
2020-08-12 13:40:00,269.24
2020-08-12 13:40:00,269.24
2020-08-12 13:40:00,269.24
2020-08-12 13:40:00,269.24
2020-08-12 13:40:00,269.24
2020-08-12 13:40:00,269.24
2020-08-12 13:40:00,269.24
2020-08-12 13:55:00,198.18
2020-08-12 13:55:00,198.18
2020-08-12 13:55:00,198.18
2020-08-12 13:55:00,198.18
2020-08-12 13:55:00,198.18
2020-08-12 13:55:00,198.18
2020-08-12 13:55:00,198.18
2020-08-12 13:55:00,198.18
2020-08-12 13:55:00,198.18
2020-08-12 13:55:00,198.18
2020-08-12 14:10:00,127.11
2020-08-12 14:10:00,127.11
2020-08-12 14:10:00,127.11
2020-08-12 14:10:00,127.11
2020-08-12 14:10:00,127.11
2020-08-12 14:10:00,127.11
2020-08-12 14:10:00,127.11
2020-08-12 14:10:00,127.11
2020-08-12 14:10:00,127.11
2020-08-12 14:10:00,127.11
2020-08-12 14:25:00,65.0
2020-08-12 14:25:00,65.0
2020-08-12 14:25:00,65.0
2020-08-12 14:25:00,65.0
2020-08-12 14:25:00,65.0
2020-08-12 14:25:00,65.0
2020-08-12 14:25:00,65.0
2020-08-12 14:25:00,65.0
2020-08-12 14:25:00,65.0
2020-08-12 14:25:00,65.0
2020-08-12 14:40:00,2.88
2020-08-12 14:40:00,2.88
2020-08-12 14:40:00,2.88
2020-08-12 14:40:00,2.88
2020-08-12 14:40:00,2.88
2020-08-12 14:40:00,2.88
2020-08-12 14:40:00,2.88
2020-08-12 14:40:00,2.88
2020-08-12 14:40:00,2.88
2020-08-12 14:40:00,2.88
2020-08-12 14:55:00,11.94
2020-08-12 14:55:00,11.94
2020-08-12 14:55:00,11.94
2020-08-12 14:55:00,11.94
2020-08-12 14:55:00,11.94
2020-08-12 14:55:00,11.94
2020-08-12 14:55:00,11.94
2020-08-12 14:55:00,11.94
2020-08-12 14:55:00,11.94
2020-08-12 14:55:00,11.94
2020-08-12 15:10:00,21.01
2020-08-12 15:10:00,21.01
2020-08-12 15:10:00,21.01
2020-08-12 15:10:00,21.01
2020-08-12 15:10:00,21.01
2020-08-12 15:10:00,21.01
2020-08-12 15:10:00,21.01
2020-08-12 15:10:00,21.01
2020-08-12 15:10:00,21.01
2020-08-12 15:10:00,21.01
2020-08-12 15:25:00,10.35
2020-08-12 15:25:00,10.35
2020-08-12 15:25:00,10.35
2020-08-12 15:25:00,10.35
2020-08-12 15:25:00,10.35
2020-08-12 15:25:00,10.35
2020-08-12 15:25:00,10.35
2020-08-12 15:25:00,10.35
2020-08-12 15:25:00,10.35
2020-08-12 15:25:00,10.35
2020-08-12 15:40:00,0.0
2020-08-12 15:40:00,0.0
2020-08-12 15:40:00,0.0
2020-08-12 15:40:00,0.0
2020-08-12 15:40:00,0.0
2020-08-12 15:40:00,0.0
2020-08-12 15:40:00,0.0
2020-08-12 15:40:00,0.0
2020-08-12 15:40:00,0.0
2020-08-12 15:40:00,0.0
2020-08-12 15:55:00,0.0
2020-08-12 15:55:00,0.0
2020-08-12 15:55:00,0.0
2020-08-12 15:55:00,0.0
2020-08-12 15:55:00,0.0
2020-08-12 15:55:00,0.0
2020-08-12 15:55:00,0.0
2020-08-12 15:55:00,0.0
2020-08-12 15:55:00,0.0
2020-08-12 15:55:00,0.0
2020-08-12 16:10:00,0.0
2020-08-12 16:10:00,0.0
2020-08-12 16:10:00,0.0
2020-08-12 16:10:00,0.0
2020-08-12 16:10:00,0.0
2020-08-12 16:10:00,0.0
2020-08-12 16:10:00,0.0
2020-08-12 16:10:00,0.0
2020-08-12 16:10:00,0.0
2020-08-12 16:10:00,0.0
2020-08-12 16:25:00,0.0
2020-08-12 16:25:00,0.0
2020-08-12 16:25:00,0.0
2020-08-12 16:25:00,0.0
2020-08-12 16:25:00,0.0
2020-08-12 16:25:00,0.0
2020-08-12 16:25:00,0.0
2020-08-12 16:25:00,0.0
2020-08-12 16:25:00,0.0
2020-08-12 16:25:00,0.0
2020-08-12 16:40:00,0.0
2020-08-12 16:40:00,0.0
2020-08-12 16:40:00,0.0
2020-08-12 16:40:00,0.0
2020-08-12 16:40:00,0.0
2020-08-12 16:40:00,0.0
2020-08-12 16:40:00,0.0
2020-08-12 16:40:00,0.0
2020-08-12 16:40:00,0.0
2020-08-12 16:40:00,0.0
2020-08-12 16:55:00,0.0
2020-08-12 16:55:00,0.0
2020-08-12 16:55:00,0.0
2020-08-12 16:55:00,0.0
2020-08-12 16:55:00,0.0
2020-08-12 16:55:00,0.0
2020-08-12 16:55:00,0.0
2020-08-12 16:55:00,0.0
2020-08-12 16:55:00,0.0
2020-08-12 16:55:00,0.0
2020-08-12 17:10:00,0.0
2020-08-12 17:10:00,0.0
2020-08-12 17:10:00,0.0
2020-08-12 17:10:00,0.0
2020-08-12 17:10:00,0.0
2020-08-12 17:10:00,0.0
2020-08-12 17:10:00,0.0
2020-08-12 17:10:00,0.0
2020-08-12 17:10:00,0.0
2020-08-12 17:10:00,0.0
2020-08-12 17:25:00,164.68
2020-08-12 17:25:00,164.68
2020-08-12 17:25:00,164.68
2020-08-12 17:25:00,164.68
2020-08-12 17:25:00,164.68
2020-08-12 17:25:00,164.68
2020-08-12 17:25:00,164.68
2020-08-12 17:25:00,164.68
2020-08-12 17:25:00,164.68
2020-08-12 17:25:00,164.68
2020-08-12 17:40:00,329.67
2020-08-12 17:40:00,329.67
2020-08-12 17:40:00,329.67
2020-08-12 17:40:00,329.67
2020-08-12 17:40:00,329.67
2020-08-12 17:40:00,329.67
2020-08-12 17:40:00,329.67
2020-08-12 17:40:00,329.67
2020-08-12 17:40:00,329.67
2020-08-12 17:40:00,329.67
2020-08-12 17:55:00,329.26
2020-08-12 17:55:00,329.26
2020-08-12 17:55:00,329.26
2020-08-12 17:55:00,329.26
2020-08-12 17:55:00,329.26
2020-08-12 17:55:00,329.26
2020-08-12 17:55:00,329.26
2020-08-12 17:55:00,329.26
2020-08-12 17:55:00,329.26
2020-08-12 17:55:00,329.26
2020-08-12 18:10:00,328.85
2020-08-12 18:10:00,328.85
2020-08-12 18:10:00,328.85
2020-08-12 18:10:00,328.85
2020-08-12 18:10:00,328.85
2020-08-12 18:10:00,328.85
2020-08-12 18:10:00,328.85
2020-08-12 18:10:00,328.85
2020-08-12 18:10:00,328.85
2020-08-12 18:10:00,328.85
2020-08-12 18:25:00,245.98
2020-08-12 18:25:00,245.98
2020-08-12 18:25:00,245.98
2020-08-12 18:25:00,245.98
2020-08-12 18:25:00,245.98
2020-08-12 18:25:00,245.98
2020-08-12 18:25:00,245.98
2020-08-12 18:25:00,245.98
2020-08-12 18:25:00,245.98
2020-08-12 18:25:00,245.98
2020-08-12 18:40:00,163.1
2020-08-12 18:40:00,163.1
2020-08-12 18:40:00,163.1
2020-08-12 18:40:00,163.1
2020-08-12 18:40:00,163.1
2020-08-12 18:40:00,163.1
2020-08-12 18:40:00,163.1
2020-08-12 18:40:00,163.1
2020-08-12 18:40:00,163.1
2020-08-12 18:40:00,163.1
2020-08-12 18:55:00,117.23
2020-08-12 18:55:00,117.23
2020-08-12 18:55:00,117.23
2020-08-12 18:55:00,117.23
2020-08-12 18:55:00,117.23
2020-08-12 18:55:00,117.23
2020-08-12 18:55:00,117.23
2020-08-12 18:55:00,117.23
2020-08-12 18:55:00,117.23
2020-08-12 18:55:00,117.23
2020-08-12 19:10:00,71.36
2020-08-12 19:10:00,71.36
2020-08-12 19:10:00,71.36
2020-08-12 19:10:00,71.36
2020-08-12 19:10:00,71.36
2020-08-12 19:10:00,71.36
2020-08-12 19:10:00,71.36
2020-08-12 19:10:00,71.36
2020-08-12 19:10:00,71.36
2020-08-12 19:10:00,71.36
2020-08-12 19:25:00,40.09
2020-08-12 19:25:00,40.09
2020-08-12 19:25:00,40.09
2020-08-12 19:25:00,40.09
2020-08-12 19:25:00,40.09
2020-08-12 19:25:00,40.09
2020-08-12 19:25:00,40.09
2020-08-12 19:25:00,40.09
2020-08-12 19:25:00,40.09
2020-08-12 19:25:00,40.09
2020-08-12 19:40:00,8.82
2020-08-12 19:40:00,8.82
2020-08-12 19:40:00,8.82
2020-08-12 19:40:00,8.82
2020-08-12 19:40:00,8.82
2020-08-12 19:40:00,8.82
2020-08-12 19:40:00,8.82
2020-08-12 19:40:00,8.82
2020-08-12 19:40:00,8.82
2020-08-12 19:40:00,8.82
2020-08-12 19:55:00,4.26
2020-08-12 19:55:00,4.26
2020-08-12 19:55:00,4.26
2020-08-12 19:55:00,4.26
2020-08-12 19:55:00,4.26
2020-08-12 19:55:00,4.26
2020-08-12 19:55:00,4.26
2020-08-12 19:55:00,4.26
2020-08-12 19:55:00,4.26
2020-08-12 19:55:00,4.26
2020-08-12 20:10:00,0.0
2020-08-12 20:10:00,0.0
2020-08-12 20:10:00,0.0
2020-08-12 20:10:00,0.0
2020-08-12 20:10:00,0.0
2020-08-12 20:10:00,0.0
2020-08-12 20:10:00,0.0
2020-08-12 20:10:00,0.0
2020-08-12 20:10:00,0.0
2020-08-12 20:10:00,0.0
2020-08-12 20:25:00,0.0
2020-08-12 20:25:00,0.0
2020-08-12 20:25:00,0.0
2020-08-12 20:25:00,0.0
2020-08-12 20:25:00,0.0
2020-08-12 20:25:00,0.0
2020-08-12 20:25:00,0.0
2020-08-12 20:25:00,0.0
2020-08-12 20:25:00,0.0
2020-08-12 20:25:00,0.0
2020-08-12 20:40:00,0.0
2020-08-12 20:40:00,0.0
2020-08-12 20:40:00,0.0
2020-08-12 20:40:00,0.0
2020-08-12 20:40:00,0.0
2020-08-12 20:40:00,0.0
2020-08-12 20:40:00,0.0
2020-08-12 20:40:00,0.0
2020-08-12 20:40:00,0.0
2020-08-12 20:40:00,0.0
2020-08-12 20:55:00,0.0
2020-08-12 20:55:00,0.0
2020-08-12 20:55:00,0.0
2020-08-12 20:55:00,0.0
2020-08-12 20:55:00,0.0
2020-08-12 20:55:00,0.0
2020-08-12 20:55:00,0.0
2020-08-12 20:55:00,0.0
2020-08-12 20:55:00,0.0
2020-08-12 20:55:00,0.0
2020-08-12 21:10:00,0.0
2020-08-12 21:10:00,0.0
2020-08-12 21:10:00,0.0
2020-08-12 21:10:00,0.0
2020-08-12 21:10:00,0.0
2020-08-12 21:10:00,0.0
2020-08-12 21:10:00,0.0
2020-08-12 21:10:00,0.0
2020-08-12 21:10:00,0.0
2020-08-12 21:10:00,0.0
2020-08-12 21:25:00,0.0
2020-08-12 21:25:00,0.0
2020-08-12 21:25:00,0.0
2020-08-12 21:25:00,0.0
2020-08-12 21:25:00,0.0
2020-08-12 21:25:00,0.0
2020-08-12 21:25:00,0.0
2020-08-12 21:25:00,0.0
2020-08-12 21:25:00,0.0
2020-08-12 21:25:00,0.0
2020-08-12 21:40:00,0.0
2020-08-12 21:40:00,0.0
2020-08-12 21:40:00,0.0
2020-08-12 21:40:00,0.0
2020-08-12 21:40:00,0.0
2020-08-12 21:40:00,0.0
2020-08-12 21:40:00,0.0
2020-08-12 21:40:00,0.0
2020-08-12 21:40:00,0.0
2020-08-12 21:40:00,0.0
2020-08-12 21:55:00,0.0
2020-08-12 21:55:00,0.0
2020-08-12 21:55:00,0.0
2020-08-12 21:55:00,0.0
2020-08-12 21:55:00,0.0
2020-08-12 21:55:00,0.0
2020-08-12 21:55:00,0.0
2020-08-12 21:55:00,0.0
2020-08-12 21:55:00,0.0
2020-08-12 21:55:00,0.0
2020-08-12 22:10:00,0.0
2020-08-12 22:10:00,0.0
2020-08-12 22:10:00,0.0
2020-08-12 22:10:00,0.0
2020-08-12 22:10:00,0.0
2020-08-12 22:10:00,0.0
2020-08-12 22:10:00,0.0
2020-08-12 22:10:00,0.0
2020-08-12 22:10:00,0.0
2020-08-12 22:10:00,0.0
2020-08-12 22:25:00,0.0
2020-08-12 22:25:00,0.0
2020-08-12 22:25:00,0.0
2020-08-12 22:25:00,0.0
2020-08-12 22:25:00,0.0
2020-08-12 22:25:00,0.0
2020-08-12 22:25:00,0.0
2020-08-12 22:25:00,0.0
2020-08-12 22:25:00,0.0
2020-08-12 22:25:00,0.0
2020-08-12 22:40:00,0.0
2020-08-12 22:40:00,0.0
2020-08-12 22:40:00,0.0
2020-08-12 22:40:00,0.0
2020-08-12 22:40:00,0.0
2020-08-12 22:40:00,0.0
2020-08-12 22:40:00,0.0
2020-08-12 22:40:00,0.0
2020-08-12 22:40:00,0.0
2020-08-12 22:40:00,0.0
2020-08-12 22:55:00,0.0
2020-08-12 22:55:00,0.0
2020-08-12 22:55:00,0.0
2020-08-12 22:55:00,0.0
2020-08-12 22:55:00,0.0
2020-08-12 22:55:00,0.0
2020-08-12 22:55:00,0.0
2020-08-12 22:55:00,0.0
2020-08-12 22:55:00,0.0
2020-08-12 22:55:00,0.0
2020-08-12 23:10:00,0.0
2020-08-12 23:10:00,0.0
2020-08-12 23:10:00,0.0
2020-08-12 23:10:00,0.0
2020-08-12 23:10:00,0.0
2020-08-12 23:10:00,0.0
2020-08-12 23:10:00,0.0
2020-08-12 23:10:00,0.0
2020-08-12 23:10:00,0.0
2020-08-12 23:10:00,0.0
2020-08-12 23:25:00,0.0
2020-08-12 23:25:00,0.0
2020-08-12 23:25:00,0.0
2020-08-12 23:25:00,0.0
2020-08-12 23:25:00,0.0
2020-08-12 23:25:00,0.0
2020-08-12 23:25:00,0.0
2020-08-12 23:25:00,0.0
2020-08-12 23:25:00,0.0
2020-08-12 23:25:00,0.0
2020-08-12 23:40:00,0.0
2020-08-12 23:40:00,0.0
2020-08-12 23:40:00,0.0
2020-08-12 23:40:00,0.0
2020-08-12 23:40:00,0.0
2020-08-12 23:40:00,0.0
2020-08-12 23:40:00,0.0
2020-08-12 23:40:00,0.0
2020-08-12 23:40:00,0.0
2020-08-12 23:40:00,0.0
2020-08-12 23:55:00,0.0
2020-08-12 23:55:00,0.0
2020-08-12 23:55:00,0.0
2020-08-12 23:55:00,0.0
2020-08-12 23:55:00,0.0
2020-08-12 23:55:00,0.0
2020-08-12 23:55:00,0.0
2020-08-12 23:55:00,0.0
2020-08-12 23:55:00,0.0
2020-08-12 23:55:00,0.0
2020-08-13 00:10:00,0.0
2020-08-13 00:10:00,0.0
2020-08-13 00:10:00,0.0
2020-08-13 00:10:00,0.0
2020-08-13 00:10:00,0.0
2020-08-13 00:10:00,0.0
2020-08-13 00:10:00,0.0
2020-08-13 00:10:00,0.0
2020-08-13 00:10:00,0.0
2020-08-13 00:10:00,0.0
2020-08-13 00:25:00,0.0
2020-08-13 00:25:00,0.0
2020-08-13 00:25:00,0.0
2020-08-13 00:25:00,0.0
2020-08-13 00:25:00,0.0
2020-08-13 00:25:00,0.0
2020-08-13 00:25:00,0.0
2020-08-13 00:25:00,0.0
2020-08-13 00:25:00,0.0
2020-08-13 00:25:00,0.0
2020-08-13 00:40:00,0.0
2020-08-13 00:40:00,0.0
2020-08-13 00:40:00,0.0
2020-08-13 00:40:00,0.0
2020-08-13 00:40:00,0.0
2020-08-13 00:40:00,0.0
2020-08-13 00:40:00,0.0
2020-08-13 00:40:00,0.0
2020-08-13 00:40:00,0.0
2020-08-13 00:40:00,0.0
2020-08-13 00:55:00,14.64
2020-08-13 00:55:00,14.64
2020-08-13 00:55:00,14.64
2020-08-13 00:55:00,14.64
2020-08-13 00:55:00,14.64
2020-08-13 00:55:00,14.64
2020-08-13 00:55:00,14.64
2020-08-13 00:55:00,14.64
2020-08-13 00:55:00,14.64
2020-08-13 00:55:00,14.64
2020-08-13 01:10:00,29.57
2020-08-13 01:10:00,29.57
2020-08-13 01:10:00,29.57
2020-08-13 01:10:00,29.57
2020-08-13 01:10:00,29.57
2020-08-13 01:10:00,29.57
2020-08-13 01:10:00,29.57
2020-08-13 01:10:00,29.57
2020-08-13 01:10:00,29.57
2020-08-13 01:10:00,29.57
2020-08-13 01:25:00,55.8
2020-08-13 01:25:00,55.8
2020-08-13 01:25:00,55.8
2020-08-13 01:25:00,55.8
2020-08-13 01:25:00,55.8
2020-08-13 01:25:00,55.8
2020-08-13 01:25:00,55.8
2020-08-13 01:25:00,55.8
2020-08-13 01:25:00,55.8
2020-08-13 01:25:00,55.8
2020-08-13 01:40:00,82.02
2020-08-13 01:40:00,82.02
2020-08-13 01:40:00,82.02
2020-08-13 01:40:00,82.02
2020-08-13 01:40:00,82.02
2020-08-13 01:40:00,82.02
2020-08-13 01:40:00,82.02
2020-08-13 01:40:00,82.02
2020-08-13 01:40:00,82.02
2020-08-13 01:40:00,82.02
2020-08-13 01:55:00,40.86
2020-08-13 01:55:00,40.86
2020-08-13 01:55:00,40.86
2020-08-13 01:55:00,40.86
2020-08-13 01:55:00,40.86
2020-08-13 01:55:00,40.86
2020-08-13 01:55:00,40.86
2020-08-13 01:55:00,40.86
2020-08-13 01:55:00,40.86
2020-08-13 01:55:00,40.86
2020-08-13 02:10:00,0.0
2020-08-13 02:10:00,0.0
2020-08-13 02:10:00,0.0
2020-08-13 02:10:00,0.0
2020-08-13 02:10:00,0.0
2020-08-13 02:10:00,0.0
2020-08-13 02:10:00,0.0
2020-08-13 02:10:00,0.0
2020-08-13 02:10:00,0.0
2020-08-13 02:10:00,0.0
2020-08-13 02:25:00,111.48
2020-08-13 02:25:00,111.48
2020-08-13 02:25:00,111.48
2020-08-13 02:25:00,111.48
2020-08-13 02:25:00,111.48
2020-08-13 02:25:00,111.48
2020-08-13 02:25:00,111.48
2020-08-13 02:25:00,111.48
2020-08-13 02:25:00,111.48
2020-08-13 02:25:00,111.48
2020-08-13 02:40:00,223.26
2020-08-13 02:40:00,223.26
2020-08-13 02:40:00,223.26
2020-08-13 02:40:00,223.26
2020-08-13 02:40:00,223.26
2020-08-13 02:40:00,223.26
2020-08-13 02:40:00,223.26
2020-08-13 02:40:00,223.26
2020-08-13 02:40:00,223.26
2020-08-13 02:40:00,223.26
2020-08-13 02:55:00,255.66
2020-08-13 02:55:00,255.66
2020-08-13 02:55:00,255.66
2020-08-13 02:55:00,255.66
2020-08-13 02:55:00,255.66
2020-08-13 02:55:00,255.66
2020-08-13 02:55:00,255.66
2020-08-13 02:55:00,255.66
2020-08-13 02:55:00,255.66
2020-08-13 02:55:00,255.66
2020-08-13 03:10:00,288.05
2020-08-13 03:10:00,288.05
2020-08-13 03:10:00,288.05
2020-08-13 03:10:00,288.05
2020-08-13 03:10:00,288.05
2020-08-13 03:10:00,288.05
2020-08-13 03:10:00,288.05
2020-08-13 03:10:00,288.05
2020-08-13 03:10:00,288.05
2020-08-13 03:10:00,288.05
2020-08-13 03:25:00,198.3
2020-08-13 03:25:00,198.3
2020-08-13 03:25:00,198.3
2020-08-13 03:25:00,198.3
2020-08-13 03:25:00,198.3
2020-08-13 03:25:00,198.3
2020-08-13 03:25:00,198.3
2020-08-13 03:25:00,198.3
2020-08-13 03:25:00,198.3
2020-08-13 03:25:00,198.3
2020-08-13 03:40:00,108.54
2020-08-13 03:40:00,108.54
2020-08-13 03:40:00,108.54
2020-08-13 03:40:00,108.54
2020-08-13 03:40:00,108.54
2020-08-13 03:40:00,108.54
2020-08-13 03:40:00,108.54
2020-08-13 03:40:00,108.54
2020-08-13 03:40:00,108.54
2020-08-13 03:40:00,108.54
2020-08-13 03:55:00,97.94
2020-08-13 03:55:00,97.94
2020-08-13 03:55:00,97.94
2020-08-13 03:55:00,97.94
2020-08-13 03:55:00,97.94
2020-08-13 03:55:00,97.94
2020-08-13 03:55:00,97.94
2020-08-13 03:55:00,97.94
2020-08-13 03:55:00,97.94
2020-08-13 03:55:00,97.94
2020-08-13 04:10:00,87.33
2020-08-13 04:10:00,87.33
2020-08-13 04:10:00,87.33
2020-08-13 04:10:00,87.33
2020-08-13 04:10:00,87.33
2020-08-13 04:10:00,87.33
2020-08-13 04:10:00,87.33
2020-08-13 04:10:00,87.33
2020-08-13 04:10:00,87.33
2020-08-13 04:10:00,87.33
2020-08-13 04:25:00,43.52
2020-08-13 04:25:00,43.52
2020-08-13 04:25:00,43.52
2020-08-13 04:25:00,43.52
2020-08-13 04:25:00,43.52
2020-08-13 04:25:00,43.52
2020-08-13 04:25:00,43.52
2020-08-13 04:25:00,43.52
2020-08-13 04:25:00,43.52
2020-08-13 04:25:00,43.52
2020-08-13 04:40:00,0.0
2020-08-13 04:40:00,0.0
2020-08-13 04:40:00,0.0
2020-08-13 04:40:00,0.0
2020-08-13 04:40:00,0.0
2020-08-13 04:40:00,0.0
2020-08-13 04:40:00,0.0
2020-08-13 04:40:00,0.0
2020-08-13 04:40:00,0.0
2020-08-13 04:40:00,0.0
2020-08-13 04:55:00,0.0
2020-08-13 04:55:00,0.0
2020-08-13 04:55:00,0.0
2020-08-13 04:55:00,0.0
2020-08-13 04:55:00,0.0
2020-08-13 04:55:00,0.0
2020-08-13 04:55:00,0.0
2020-08-13 04:55:00,0.0
2020-08-13 04:55:00,0.0
2020-08-13 04:55:00,0.0
2020-08-13 05:10:00,0.0
2020-08-13 05:10:00,0.0
2020-08-13 05:10:00,0.0
2020-08-13 05:10:00,0.0
2020-08-13 05:10:00,0.0
2020-08-13 05:10:00,0.0
2020-08-13 05:10:00,0.0
2020-08-13 05:10:00,0.0
2020-08-13 05:10:00,0.0
2020-08-13 05:10:00,0.0
2020-08-13 05:25:00,0.0
2020-08-13 05:25:00,0.0
2020-08-13 05:25:00,0.0
2020-08-13 05:25:00,0.0
2020-08-13 05:25:00,0.0
2020-08-13 05:25:00,0.0
2020-08-13 05:25:00,0.0
2020-08-13 05:25:00,0.0
2020-08-13 05:25:00,0.0
2020-08-13 05:25:00,0.0
2020-08-13 05:40:00,0.0
2020-08-13 05:40:00,0.0
2020-08-13 05:40:00,0.0
2020-08-13 05:40:00,0.0
2020-08-13 05:40:00,0.0
2020-08-13 05:40:00,0.0
2020-08-13 05:40:00,0.0
2020-08-13 05:40:00,0.0
2020-08-13 05:40:00,0.0
2020-08-13 05:40:00,0.0
2020-08-13 05:55:00,0.0
2020-08-13 05:55:00,0.0
2020-08-13 05:55:00,0.0
2020-08-13 05:55:00,0.0
2020-08-13 05:55:00,0.0
2020-08-13 05:55:00,0.0
2020-08-13 05:55:00,0.0
2020-08-13 05:55:00,0.0
2020-08-13 05:55:00,0.0
2020-08-13 05:55:00,0.0
2020-08-13 06:10:00,0.0
2020-08-13 06:10:00,0.0
2020-08-13 06:10:00,0.0
2020-08-13 06:10:00,0.0
2020-08-13 06:10:00,0.0
2020-08-13 06:10:00,0.0
2020-08-13 06:10:00,0.0
2020-08-13 06:10:00,0.0
2020-08-13 06:10:00,0.0
2020-08-13 06:10:00,0.0
2020-08-13 06:25:00,0.0
2020-08-13 06:25:00,0.0
2020-08-13 06:25:00,0.0
2020-08-13 06:25:00,0.0
2020-08-13 06:25:00,0.0
2020-08-13 06:25:00,0.0
2020-08-13 06:25:00,0.0
2020-08-13 06:25:00,0.0
2020-08-13 06:25:00,0.0
2020-08-13 06:25:00,0.0
2020-08-13 06:40:00,0.0
2020-08-13 06:40:00,0.0
2020-08-13 06:40:00,0.0
2020-08-13 06:40:00,0.0
2020-08-13 06:40:00,0.0
2020-08-13 06:40:00,0.0
2020-08-13 06:40:00,0.0
2020-08-13 06:40:00,0.0
2020-08-13 06:40:00,0.0
2020-08-13 06:40:00,0.0
2020-08-13 06:55:00,0.0
2020-08-13 06:55:00,0.0
2020-08-13 06:55:00,0.0
2020-08-13 06:55:00,0.0
2020-08-13 06:55:00,0.0
2020-08-13 06:55:00,0.0
2020-08-13 06:55:00,0.0
2020-08-13 06:55:00,0.0
2020-08-13 06:55:00,0.0
2020-08-13 06:55:00,0.0
2020-08-13 07:10:00,0.0
2020-08-13 07:10:00,0.0
2020-08-13 07:10:00,0.0
2020-08-13 07:10:00,0.0
2020-08-13 07:10:00,0.0
2020-08-13 07:10:00,0.0
2020-08-13 07:10:00,0.0
2020-08-13 07:10:00,0.0
2020-08-13 07:10:00,0.0
2020-08-13 07:10:00,0.0
2020-08-13 07:25:00,0.0
2020-08-13 07:25:00,0.0
2020-08-13 07:25:00,0.0
2020-08-13 07:25:00,0.0
2020-08-13 07:25:00,0.0
2020-08-13 07:25:00,0.0
2020-08-13 07:25:00,0.0
2020-08-13 07:25:00,0.0
2020-08-13 07:25:00,0.0
2020-08-13 07:25:00,0.0
2020-08-13 07:40:00,0.0
2020-08-13 07:40:00,0.0
2020-08-13 07:40:00,0.0
2020-08-13 07:40:00,0.0
2020-08-13 07:40:00,0.0
2020-08-13 07:40:00,0.0
2020-08-13 07:40:00,0.0
2020-08-13 07:40:00,0.0
2020-08-13 07:40:00,0.0
2020-08-13 07:40:00,0.0
2020-08-13 07:55:00,0.0
2020-08-13 07:55:00,0.0
2020-08-13 07:55:00,0.0
2020-08-13 07:55:00,0.0
2020-08-13 07:55:00,0.0
2020-08-13 07:55:00,0.0
2020-08-13 07:55:00,0.0
2020-08-13 07:55:00,0.0
2020-08-13 07:55:00,0.0
2020-08-13 07:55:00,0.0
2020-08-13 08:10:00,0.0
2020-08-13 08:10:00,0.0
2020-08-13 08:10:00,0.0
2020-08-13 08:10:00,0.0
2020-08-13 08:10:00,0.0
2020-08-13 08:10:00,0.0
2020-08-13 08:10:00,0.0
2020-08-13 08:10:00,0.0
2020-08-13 08:10:00,0.0
2020-08-13 08:10:00,0.0
2020-08-13 08:25:00,0.77
2020-08-13 08:25:00,0.77
2020-08-13 08:25:00,0.77
2020-08-13 08:25:00,0.77
2020-08-13 08:25:00,0.77
2020-08-13 08:25:00,0.77
2020-08-13 08:25:00,0.77
2020-08-13 08:25:00,0.77
2020-08-13 08:25:00,0.77
2020-08-13 08:25:00,0.77
2020-08-13 08:40:00,1.84
2020-08-13 08:40:00,1.84
2020-08-13 08:40:00,1.84
2020-08-13 08:40:00,1.84
2020-08-13 08:40:00,1.84
2020-08-13 08:40:00,1.84
2020-08-13 08:40:00,1.84
2020-08-13 08:40:00,1.84
2020-08-13 08:40:00,1.84
2020-08-13 08:40:00,1.84
2020-08-13 08:55:00,0.77
2020-08-13 08:55:00,0.77
2020-08-13 08:55:00,0.77
2020-08-13 08:55:00,0.77
2020-08-13 08:55:00,0.77
2020-08-13 08:55:00,0.77
2020-08-13 08:55:00,0.77
2020-08-13 08:55:00,0.77
2020-08-13 08:55:00,0.77
2020-08-13 08:55:00,0.77
2020-08-13 09:10:00,0.0
2020-08-13 09:10:00,0.0
2020-08-13 09:10:00,0.0
2020-08-13 09:10:00,0.0
2020-08-13 09:10:00,0.0
2020-08-13 09:10:00,0.0
2020-08-13 09:10:00,0.0
2020-08-13 09:10:00,0.0
2020-08-13 09:10:00,0.0
2020-08-13 09:10:00,0.0
2020-08-13 09:25:00,0.0
2020-08-13 09:25:00,0.0
2020-08-13 09:25:00,0.0
2020-08-13 09:25:00,0.0
2020-08-13 09:25:00,0.0
2020-08-13 09:25:00,0.0
2020-08-13 09:25:00,0.0
2020-08-13 09:25:00,0.0
2020-08-13 09:25:00,0.0
2020-08-13 09:25:00,0.0
2020-08-13 09:40:00,0.0
2020-08-13 09:40:00,0.0
2020-08-13 09:40:00,0.0
2020-08-13 09:40:00,0.0
2020-08-13 09:40:00,0.0
2020-08-13 09:40:00,0.0
2020-08-13 09:40:00,0.0
2020-08-13 09:40:00,0.0
2020-08-13 09:40:00,0.0
2020-08-13 09:40:00,0.0
2020-08-13 09:55:00,26.02
2020-08-13 09:55:00,26.02
2020-08-13 09:55:00,26.02
2020-08-13 09:55:00,26.02
2020-08-13 09:55:00,26.02
2020-08-13 09:55:00,26.02
2020-08-13 09:55:00,26.02
2020-08-13 09:55:00,26.02
2020-08-13 09:55:00,26.02
2020-08-13 09:55:00,26.02
2020-08-13 10:10:00,52.35
2020-08-13 10:10:00,52.35
2020-08-13 10:10:00,52.35
2020-08-13 10:10:00,52.35
2020-08-13 10:10:00,52.35
2020-08-13 10:10:00,52.35
2020-08-13 10:10:00,52.35
2020-08-13 10:10:00,52.35
2020-08-13 10:10:00,52.35
2020-08-13 10:10:00,52.35
2020-08-13 10:25:00,26.02
2020-08-13 10:25:00,26.02
2020-08-13 10:25:00,26.02
2020-08-13 10:25:00,26.02
2020-08-13 10:25:00,26.02
2020-08-13 10:25:00,26.02
2020-08-13 10:25:00,26.02
2020-08-13 10:25:00,26.02
2020-08-13 10:25:00,26.02
2020-08-13 10:25:00,26.02
2020-08-13 10:40:00,0.0
2020-08-13 10:40:00,0.0
2020-08-13 10:40:00,0.0
2020-08-13 10:40:00,0.0
2020-08-13 10:40:00,0.0
2020-08-13 10:40:00,0.0
2020-08-13 10:40:00,0.0
2020-08-13 10:40:00,0.0
2020-08-13 10:40:00,0.0
2020-08-13 10:40:00,0.0
2020-08-13 10:55:00,0.0
2020-08-13 10:55:00,0.0
2020-08-13 10:55:00,0.0
2020-08-13 10:55:00,0.0
2020-08-13 10:55:00,0.0
2020-08-13 10:55:00,0.0
2020-08-13 10:55:00,0.0
2020-08-13 10:55:00,0.0
2020-08-13 10:55:00,0.0
2020-08-13 10:55:00,0.0
2020-08-13 11:10:00,0.0
2020-08-13 11:10:00,0.0
2020-08-13 11:10:00,0.0
2020-08-13 11:10:00,0.0
2020-08-13 11:10:00,0.0
2020-08-13 11:10:00,0.0
2020-08-13 11:10:00,0.0
2020-08-13 11:10:00,0.0
2020-08-13 11:10:00,0.0
2020-08-13 11:10:00,0.0
2020-08-13 11:25:00,52.31
2020-08-13 11:25:00,52.31
2020-08-13 11:25:00,52.31
2020-08-13 11:25:00,52.31
2020-08-13 11:25:00,52.31
2020-08-13 11:25:00,52.31
2020-08-13 11:25:00,52.31
2020-08-13 11:25:00,52.31
2020-08-13 11:25:00,52.31
2020-08-13 11:25:00,52.31
2020-08-13 11:40:00,104.92
2020-08-13 11:40:00,104.92
2020-08-13 11:40:00,104.92
2020-08-13 11:40:00,104.92
2020-08-13 11:40:00,104.92
2020-08-13 11:40:00,104.92
2020-08-13 11:40:00,104.92
2020-08-13 11:40:00,104.92
2020-08-13 11:40:00,104.92
2020-08-13 11:40:00,104.92
2020-08-13 11:55:00,142.84
2020-08-13 11:55:00,142.84
2020-08-13 11:55:00,142.84
2020-08-13 11:55:00,142.84
2020-08-13 11:55:00,142.84
2020-08-13 11:55:00,142.84
2020-08-13 11:55:00,142.84
2020-08-13 11:55:00,142.84
2020-08-13 11:55:00,142.84
2020-08-13 11:55:00,142.84
2020-08-13 12:10:00,180.76
2020-08-13 12:10:00,180.76
2020-08-13 12:10:00,180.76
2020-08-13 12:10:00,180.76
2020-08-13 12:10:00,180.76
2020-08-13 12:10:00,180.76
2020-08-13 12:10:00,180.76
2020-08-13 12:10:00,180.76
2020-08-13 12:10:00,180.76
2020-08-13 12:10:00,180.76
2020-08-13 12:25:00,136.67
2020-08-13 12:25:00,136.67
2020-08-13 12:25:00,136.67
2020-08-13 12:25:00,136.67
2020-08-13 12:25:00,136.67
2020-08-13 12:25:00,136.67
2020-08-13 12:25:00,136.67
2020-08-13 12:25:00,136.67
2020-08-13 12:25:00,136.67
2020-08-13 12:25:00,136.67
2020-08-13 12:40:00,92.58
2020-08-13 12:40:00,92.58
2020-08-13 12:40:00,92.58
2020-08-13 12:40:00,92.58
2020-08-13 12:40:00,92.58
2020-08-13 12:40:00,92.58
2020-08-13 12:40:00,92.58
2020-08-13 12:40:00,92.58
2020-08-13 12:40:00,92.58
2020-08-13 12:40:00,92.58
2020-08-13 12:55:00,61.65
2020-08-13 12:55:00,61.65
2020-08-13 12:55:00,61.65
2020-08-13 12:55:00,61.65
2020-08-13 12:55:00,61.65
2020-08-13 12:55:00,61.65
2020-08-13 12:55:00,61.65
2020-08-13 12:55:00,61.65
2020-08-13 12:55:00,61.65
2020-08-13 12:55:00,61.65
2020-08-13 13:10:00,30.72
2020-08-13 13:10:00,30.72
2020-08-13 13:10:00,30.72
2020-08-13 13:10:00,30.72
2020-08-13 13:10:00,30.72
2020-08-13 13:10:00,30.72
2020-08-13 13:10:00,30.72
2020-08-13 13:10:00,30.72
2020-08-13 13:10:00,30.72
2020-08-13 13:10:00,30.72
2020-08-13 13:25:00,15.21
2020-08-13 13:25:00,15.21
2020-08-13 13:25:00,15.21
2020-08-13 13:25:00,15.21
2020-08-13 13:25:00,15.21
2020-08-13 13:25:00,15.21
2020-08-13 13:25:00,15.21
2020-08-13 13:25:00,15.21
2020-08-13 13:25:00,15.21
2020-08-13 13:25:00,15.21
2020-08-13 13:40:00,0.0
2020-08-13 13:40:00,0.0
2020-08-13 13:40:00,0.0
2020-08-13 13:40:00,0.0
2020-08-13 13:40:00,0.0
2020-08-13 13:40:00,0.0
2020-08-13 13:40:00,0.0
2020-08-13 13:40:00,0.0
2020-08-13 13:40:00,0.0
2020-08-13 13:40:00,0.0
2020-08-13 13:55:00,0.0
2020-08-13 13:55:00,0.0
2020-08-13 13:55:00,0.0
2020-08-13 13:55:00,0.0
2020-08-13 13:55:00,0.0
2020-08-13 13:55:00,0.0
2020-08-13 13:55:00,0.0
2020-08-13 13:55:00,0.0
2020-08-13 13:55:00,0.0
2020-08-13 13:55:00,0.0
2020-08-13 14:10:00,0.0
2020-08-13 14:10:00,0.0
2020-08-13 14:10:00,0.0
2020-08-13 14:10:00,0.0
2020-08-13 14:10:00,0.0
2020-08-13 14:10:00,0.0
2020-08-13 14:10:00,0.0
2020-08-13 14:10:00,0.0
2020-08-13 14:10:00,0.0
2020-08-13 14:10:00,0.0
2020-08-13 14:25:00,0.0
2020-08-13 14:25:00,0.0
2020-08-13 14:25:00,0.0
2020-08-13 14:25:00,0.0
2020-08-13 14:25:00,0.0
2020-08-13 14:25:00,0.0
2020-08-13 14:25:00,0.0
2020-08-13 14:25:00,0.0
2020-08-13 14:25:00,0.0
2020-08-13 14:25:00,0.0
2020-08-13 14:40:00,0.0
2020-08-13 14:40:00,0.0
2020-08-13 14:40:00,0.0
2020-08-13 14:40:00,0.0
2020-08-13 14:40:00,0.0
2020-08-13 14:40:00,0.0
2020-08-13 14:40:00,0.0
2020-08-13 14:40:00,0.0
2020-08-13 14:40:00,0.0
2020-08-13 14:40:00,0.0
2020-08-13 14:55:00,0.0
2020-08-13 14:55:00,0.0
2020-08-13 14:55:00,0.0
2020-08-13 14:55:00,0.0
2020-08-13 14:55:00,0.0
2020-08-13 14:55:00,0.0
2020-08-13 14:55:00,0.0
2020-08-13 14:55:00,0.0
2020-08-13 14:55:00,0.0
2020-08-13 14:55:00,0.0
2020-08-13 15:10:00,0.0
2020-08-13 15:10:00,0.0
2020-08-13 15:10:00,0.0
2020-08-13 15:10:00,0.0
2020-08-13 15:10:00,0.0
2020-08-13 15:10:00,0.0
2020-08-13 15:10:00,0.0
2020-08-13 15:10:00,0.0
2020-08-13 15:10:00,0.0
2020-08-13 15:10:00,0.0
2020-08-13 15:25:00,0.0
2020-08-13 15:25:00,0.0
2020-08-13 15:25:00,0.0
2020-08-13 15:25:00,0.0
2020-08-13 15:25:00,0.0
2020-08-13 15:25:00,0.0
2020-08-13 15:25:00,0.0
2020-08-13 15:25:00,0.0
2020-08-13 15:25:00,0.0
2020-08-13 15:25:00,0.0
2020-08-13 15:40:00,0.0
2020-08-13 15:40:00,0.0
2020-08-13 15:40:00,0.0
2020-08-13 15:40:00,0.0
2020-08-13 15:40:00,0.0
2020-08-13 15:40:00,0.0
2020-08-13 15:40:00,0.0
2020-08-13 15:40:00,0.0
2020-08-13 15:40:00,0.0
2020-08-13 15:40:00,0.0
2020-08-13 15:55:00,181.89
2020-08-13 15:55:00,181.89
2020-08-13 15:55:00,181.89
2020-08-13 15:55:00,181.89
2020-08-13 15:55:00,181.89
2020-08-13 15:55:00,181.89
2020-08-13 15:55:00,181.89
2020-08-13 15:55:00,181.89
2020-08-13 15:55:00,181.89
2020-08-13 15:55:00,181.89
2020-08-13 16:10:00,364.1
2020-08-13 16:10:00,364.1
2020-08-13 16:10:00,364.1
2020-08-13 16:10:00,364.1
2020-08-13 16:10:00,364.1
2020-08-13 16:10:00,364.1
2020-08-13 16:10:00,364.1
2020-08-13 16:10:00,364.1
2020-08-13 16:10:00,364.1
2020-08-13 16:10:00,364.1
2020-08-13 16:25:00,688.82
2020-08-13 16:25:00,688.82
2020-08-13 16:25:00,688.82
2020-08-13 16:25:00,688.82
2020-08-13 16:25:00,688.82
2020-08-13 16:25:00,688.82
2020-08-13 16:25:00,688.82
2020-08-13 16:25:00,688.82
2020-08-13 16:25:00,688.82
2020-08-13 16:25:00,688.82
2020-08-13 16:40:00,1013.54
2020-08-13 16:40:00,1013.54
2020-08-13 16:40:00,1013.54
2020-08-13 16:40:00,1013.54
2020-08-13 16:40:00,1013.54
2020-08-13 16:40:00,1013.54
2020-08-13 16:40:00,1013.54
2020-08-13 16:40:00,1013.54
2020-08-13 16:40:00,1013.54
2020-08-13 16:40:00,1013.54
2020-08-13 16:55:00,716.78
2020-08-13 16:55:00,716.78
2020-08-13 16:55:00,716.78
2020-08-13 16:55:00,716.78
2020-08-13 16:55:00,716.78
2020-08-13 16:55:00,716.78
2020-08-13 16:55:00,716.78
2020-08-13 16:55:00,716.78
2020-08-13 16:55:00,716.78
2020-08-13 16:55:00,716.78
2020-08-13 17:10:00,420.02
2020-08-13 17:10:00,420.02
2020-08-13 17:10:00,420.02
2020-08-13 17:10:00,420.02
2020-08-13 17:10:00,420.02
2020-08-13 17:10:00,420.02
2020-08-13 17:10:00,420.02
2020-08-13 17:10:00,420.02
2020-08-13 17:10:00,420.02
2020-08-13 17:10:00,420.02
2020-08-13 17:25:00,306.2
2020-08-13 17:25:00,306.2
2020-08-13 17:25:00,306.2
2020-08-13 17:25:00,306.2
2020-08-13 17:25:00,306.2
2020-08-13 17:25:00,306.2
2020-08-13 17:25:00,306.2
2020-08-13 17:25:00,306.2
2020-08-13 17:25:00,306.2
2020-08-13 17:25:00,306.2
2020-08-13 17:40:00,192.39
2020-08-13 17:40:00,192.39
2020-08-13 17:40:00,192.39
2020-08-13 17:40:00,192.39
2020-08-13 17:40:00,192.39
2020-08-13 17:40:00,192.39
2020-08-13 17:40:00,192.39
2020-08-13 17:40:00,192.39
2020-08-13 17:40:00,192.39
2020-08-13 17:40:00,192.39
2020-08-13 17:55:00,190.12
2020-08-13 17:55:00,190.12
2020-08-13 17:55:00,190.12
2020-08-13 17:55:00,190.12
2020-08-13 17:55:00,190.12
2020-08-13 17:55:00,190.12
2020-08-13 17:55:00,190.12
2020-08-13 17:55:00,190.12
2020-08-13 17:55:00,190.12
2020-08-13 17:55:00,190.12
2020-08-13 18:10:00,187.84
2020-08-13 18:10:00,187.84
2020-08-13 18:10:00,187.84
2020-08-13 18:10:00,187.84
2020-08-13 18:10:00,187.84
2020-08-13 18:10:00,187.84
2020-08-13 18:10:00,187.84
2020-08-13 18:10:00,187.84
2020-08-13 18:10:00,187.84
2020-08-13 18:10:00,187.84
2020-08-13 18:25:00,327.15
2020-08-13 18:25:00,327.15
2020-08-13 18:25:00,327.15
2020-08-13 18:25:00,327.15
2020-08-13 18:25:00,327.15
2020-08-13 18:25:00,327.15
2020-08-13 18:25:00,327.15
2020-08-13 18:25:00,327.15
2020-08-13 18:25:00,327.15
2020-08-13 18:25:00,327.15
2020-08-13 18:40:00,466.46
2020-08-13 18:40:00,466.46
2020-08-13 18:40:00,466.46
2020-08-13 18:40:00,466.46
2020-08-13 18:40:00,466.46
2020-08-13 18:40:00,466.46
2020-08-13 18:40:00,466.46
2020-08-13 18:40:00,466.46
2020-08-13 18:40:00,466.46
2020-08-13 18:40:00,466.46
2020-08-13 18:55:00,383.96
2020-08-13 18:55:00,383.96
2020-08-13 18:55:00,383.96
2020-08-13 18:55:00,383.96
2020-08-13 18:55:00,383.96
2020-08-13 18:55:00,383.96
2020-08-13 18:55:00,383.96
2020-08-13 18:55:00,383.96
2020-08-13 18:55:00,383.96
2020-08-13 18:55:00,383.96
2020-08-13 19:10:00,301.45
2020-08-13 19:10:00,301.45
2020-08-13 19:10:00,301.45
2020-08-13 19:10:00,301.45
2020-08-13 19:10:00,301.45
2020-08-13 19:10:00,301.45
2020-08-13 19:10:00,301.45
2020-08-13 19:10:00,301.45
2020-08-13 19:10:00,301.45
2020-08-13 19:10:00,301.45
2020-08-13 19:25:00,320.34
2020-08-13 19:25:00,320.34
2020-08-13 19:25:00,320.34
2020-08-13 19:25:00,320.34
2020-08-13 19:25:00,320.34
2020-08-13 19:25:00,320.34
2020-08-13 19:25:00,320.34
2020-08-13 19:25:00,320.34
2020-08-13 19:25:00,320.34
2020-08-13 19:25:00,320.34
2020-08-13 19:40:00,339.23
2020-08-13 19:40:00,339.23
2020-08-13 19:40:00,339.23
2020-08-13 19:40:00,339.23
2020-08-13 19:40:00,339.23
2020-08-13 19:40:00,339.23
2020-08-13 19:40:00,339.23
2020-08-13 19:40:00,339.23
2020-08-13 19:40:00,339.23
2020-08-13 19:40:00,339.23
2020-08-13 19:55:00,484.98
2020-08-13 19:55:00,484.98
2020-08-13 19:55:00,484.98
2020-08-13 19:55:00,484.98
2020-08-13 19:55:00,484.98
2020-08-13 19:55:00,484.98
2020-08-13 19:55:00,484.98
2020-08-13 19:55:00,484.98
2020-08-13 19:55:00,484.98
2020-08-13 19:55:00,484.98
2020-08-13 20:10:00,630.74
2020-08-13 20:10:00,630.74
2020-08-13 20:10:00,630.74
2020-08-13 20:10:00,630.74
2020-08-13 20:10:00,630.74
2020-08-13 20:10:00,630.74
2020-08-13 20:10:00,630.74
2020-08-13 20:10:00,630.74
2020-08-13 20:10:00,630.74
2020-08-13 20:10:00,630.74
2020-08-13 20:25:00,413.15
2020-08-13 20:25:00,413.15
2020-08-13 20:25:00,413.15
2020-08-13 20:25:00,413.15
2020-08-13 20:25:00,413.15
2020-08-13 20:25:00,413.15
2020-08-13 20:25:00,413.15
2020-08-13 20:25:00,413.15
2020-08-13 20:25:00,413.15
2020-08-13 20:25:00,413.15
2020-08-13 20:40:00,195.56
2020-08-13 20:40:00,195.56
2020-08-13 20:40:00,195.56
2020-08-13 20:40:00,195.56
2020-08-13 20:40:00,195.56
2020-08-13 20:40:00,195.56
2020-08-13 20:40:00,195.56
2020-08-13 20:40:00,195.56
2020-08-13 20:40:00,195.56
2020-08-13 20:40:00,195.56
2020-08-13 20:55:00,150.52
2020-08-13 20:55:00,150.52
2020-08-13 20:55:00,150.52
2020-08-13 20:55:00,150.52
2020-08-13 20:55:00,150.52
2020-08-13 20:55:00,150.52
2020-08-13 20:55:00,150.52
2020-08-13 20:55:00,150.52
2020-08-13 20:55:00,150.52
2020-08-13 20:55:00,150.52
2020-08-13 21:10:00,105.49
2020-08-13 21:10:00,105.49
2020-08-13 21:10:00,105.49
2020-08-13 21:10:00,105.49
2020-08-13 21:10:00,105.49
2020-08-13 21:10:00,105.49
2020-08-13 21:10:00,105.49
2020-08-13 21:10:00,105.49
2020-08-13 21:10:00,105.49
2020-08-13 21:10:00,105.49
2020-08-13 21:25:00,52.6
2020-08-13 21:25:00,52.6
2020-08-13 21:25:00,52.6
2020-08-13 21:25:00,52.6
2020-08-13 21:25:00,52.6
2020-08-13 21:25:00,52.6
2020-08-13 21:25:00,52.6
2020-08-13 21:25:00,52.6
2020-08-13 21:25:00,52.6
2020-08-13 21:25:00,52.6
2020-08-13 21:40:00,0.0
2020-08-13 21:40:00,0.0
2020-08-13 21:40:00,0.0
2020-08-13 21:40:00,0.0
2020-08-13 21:40:00,0.0
2020-08-13 21:40:00,0.0
2020-08-13 21:40:00,0.0
2020-08-13 21:40:00,0.0
2020-08-13 21:40:00,0.0
2020-08-13 21:40:00,0.0
2020-08-13 21:55:00,49.16
2020-08-13 21:55:00,49.16
2020-08-13 21:55:00,49.16
2020-08-13 21:55:00,49.16
2020-08-13 21:55:00,49.16
2020-08-13 21:55:00,49.16
2020-08-13 21:55:00,49.16
2020-08-13 21:55:00,49.16
2020-08-13 21:55:00,49.16
2020-08-13 21:55:00,49.16
2020-08-13 22:10:00,98.62
2020-08-13 22:10:00,98.62
2020-08-13 22:10:00,98.62
2020-08-13 22:10:00,98.62
2020-08-13 22:10:00,98.62
2020-08-13 22:10:00,98.62
2020-08-13 22:10:00,98.62
2020-08-13 22:10:00,98.62
2020-08-13 22:10:00,98.62
2020-08-13 22:10:00,98.62
2020-08-13 22:25:00,89.16
2020-08-13 22:25:00,89.16
2020-08-13 22:25:00,89.16
2020-08-13 22:25:00,89.16
2020-08-13 22:25:00,89.16
2020-08-13 22:25:00,89.16
2020-08-13 22:25:00,89.16
2020-08-13 22:25:00,89.16
2020-08-13 22:25:00,89.16
2020-08-13 22:25:00,89.16
2020-08-13 22:40:00,79.69
2020-08-13 22:40:00,79.69
2020-08-13 22:40:00,79.69
2020-08-13 22:40:00,79.69
2020-08-13 22:40:00,79.69
2020-08-13 22:40:00,79.69
2020-08-13 22:40:00,79.69
2020-08-13 22:40:00,79.69
2020-08-13 22:40:00,79.69
2020-08-13 22:40:00,79.69
2020-08-13 22:55:00,74.14
2020-08-13 22:55:00,74.14
2020-08-13 22:55:00,74.14
2020-08-13 22:55:00,74.14
2020-08-13 22:55:00,74.14
2020-08-13 22:55:00,74.14
2020-08-13 22:55:00,74.14
2020-08-13 22:55:00,74.14
2020-08-13 22:55:00,74.14
2020-08-13 22:55:00,74.14
2020-08-13 23:10:00,68.59
2020-08-13 23:10:00,68.59
2020-08-13 23:10:00,68.59
2020-08-13 23:10:00,68.59
2020-08-13 23:10:00,68.59
2020-08-13 23:10:00,68.59
2020-08-13 23:10:00,68.59
2020-08-13 23:10:00,68.59
2020-08-13 23:10:00,68.59
2020-08-13 23:10:00,68.59
2020-08-13 23:25:00,71.66
2020-08-13 23:25:00,71.66
2020-08-13 23:25:00,71.66
2020-08-13 23:25:00,71.66
2020-08-13 23:25:00,71.66
2020-08-13 23:25:00,71.66
2020-08-13 23:25:00,71.66
2020-08-13 23:25:00,71.66
2020-08-13 23:25:00,71.66
2020-08-13 23:25:00,71.66
2020-08-13 23:40:00,74.73
2020-08-13 23:40:00,74.73
2020-08-13 23:40:00,74.73
2020-08-13 23:40:00,74.73
2020-08-13 23:40:00,74.73
2020-08-13 23:40:00,74.73
2020-08-13 23:40:00,74.73
2020-08-13 23:40:00,74.73
2020-08-13 23:40:00,74.73
2020-08-13 23:40:00,74.73
2020-08-13 23:55:00,95.7
2020-08-13 23:55:00,95.7
2020-08-13 23:55:00,95.7
2020-08-13 23:55:00,95.7
2020-08-13 23:55:00,95.7
2020-08-13 23:55:00,95.7
2020-08-13 23:55:00,95.7
2020-08-13 23:55:00,95.7
2020-08-13 23:55:00,95.7
2020-08-13 23:55:00,95.7
2020-08-14 00:10:00,116.68
2020-08-14 00:10:00,116.68
2020-08-14 00:10:00,116.68
2020-08-14 00:10:00,116.68
2020-08-14 00:10:00,116.68
2020-08-14 00:10:00,116.68
2020-08-14 00:10:00,116.68
2020-08-14 00:10:00,116.68
2020-08-14 00:10:00,116.68
2020-08-14 00:10:00,116.68
2020-08-14 00:25:00,93.3
2020-08-14 00:25:00,93.3
2020-08-14 00:25:00,93.3
2020-08-14 00:25:00,93.3
2020-08-14 00:25:00,93.3
2020-08-14 00:25:00,93.3
2020-08-14 00:25:00,93.3
2020-08-14 00:25:00,93.3
2020-08-14 00:25:00,93.3
2020-08-14 00:25:00,93.3
2020-08-14 00:40:00,69.93
2020-08-14 00:40:00,69.93
2020-08-14 00:40:00,69.93
2020-08-14 00:40:00,69.93
2020-08-14 00:40:00,69.93
2020-08-14 00:40:00,69.93
2020-08-14 00:40:00,69.93
2020-08-14 00:40:00,69.93
2020-08-14 00:40:00,69.93
2020-08-14 00:40:00,69.93
2020-08-14 00:55:00,145.6
2020-08-14 00:55:00,145.6
2020-08-14 00:55:00,145.6
2020-08-14 00:55:00,145.6
2020-08-14 00:55:00,145.6
2020-08-14 00:55:00,145.6
2020-08-14 00:55:00,145.6
2020-08-14 00:55:00,145.6
2020-08-14 00:55:00,145.6
2020-08-14 00:55:00,145.6
2020-08-14 01:10:00,221.26
2020-08-14 01:10:00,221.26
2020-08-14 01:10:00,221.26
2020-08-14 01:10:00,221.26
2020-08-14 01:10:00,221.26
2020-08-14 01:10:00,221.26
2020-08-14 01:10:00,221.26
2020-08-14 01:10:00,221.26
2020-08-14 01:10:00,221.26
2020-08-14 01:10:00,221.26
2020-08-14 01:25:00,345.22
2020-08-14 01:25:00,345.22
2020-08-14 01:25:00,345.22
2020-08-14 01:25:00,345.22
2020-08-14 01:25:00,345.22
2020-08-14 01:25:00,345.22
2020-08-14 01:25:00,345.22
2020-08-14 01:25:00,345.22
2020-08-14 01:25:00,345.22
2020-08-14 01:25:00,345.22
2020-08-14 01:40:00,469.19
2020-08-14 01:40:00,469.19
2020-08-14 01:40:00,469.19
2020-08-14 01:40:00,469.19
2020-08-14 01:40:00,469.19
2020-08-14 01:40:00,469.19
2020-08-14 01:40:00,469.19
2020-08-14 01:40:00,469.19
2020-08-14 01:40:00,469.19
2020-08-14 01:40:00,469.19
2020-08-14 01:55:00,607.2
2020-08-14 01:55:00,607.2
2020-08-14 01:55:00,607.2
2020-08-14 01:55:00,607.2
2020-08-14 01:55:00,607.2
2020-08-14 01:55:00,607.2
2020-08-14 01:55:00,607.2
2020-08-14 01:55:00,607.2
2020-08-14 01:55:00,607.2
2020-08-14 01:55:00,607.2
2020-08-14 02:10:00,745.2
2020-08-14 02:10:00,745.2
2020-08-14 02:10:00,745.2
2020-08-14 02:10:00,745.2
2020-08-14 02:10:00,745.2
2020-08-14 02:10:00,745.2
2020-08-14 02:10:00,745.2
2020-08-14 02:10:00,745.2
2020-08-14 02:10:00,745.2
2020-08-14 02:10:00,745.2
2020-08-14 02:25:00,1005.36
2020-08-14 02:25:00,1005.36
2020-08-14 02:25:00,1005.36
2020-08-14 02:25:00,1005.36
2020-08-14 02:25:00,1005.36
2020-08-14 02:25:00,1005.36
2020-08-14 02:25:00,1005.36
2020-08-14 02:25:00,1005.36
2020-08-14 02:25:00,1005.36
2020-08-14 02:25:00,1005.36
2020-08-14 02:40:00,1265.53
2020-08-14 02:40:00,1265.53
2020-08-14 02:40:00,1265.53
2020-08-14 02:40:00,1265.53
2020-08-14 02:40:00,1265.53
2020-08-14 02:40:00,1265.53
2020-08-14 02:40:00,1265.53
2020-08-14 02:40:00,1265.53
2020-08-14 02:40:00,1265.53
2020-08-14 02:40:00,1265.53
2020-08-14 02:55:00,1334.0
2020-08-14 02:55:00,1334.0
2020-08-14 02:55:00,1334.0
2020-08-14 02:55:00,1334.0
2020-08-14 02:55:00,1334.0
2020-08-14 02:55:00,1334.0
2020-08-14 02:55:00,1334.0
2020-08-14 02:55:00,1334.0
2020-08-14 02:55:00,1334.0
2020-08-14 02:55:00,1334.0
2020-08-14 03:10:00,1304.345
2020-08-14 03:10:00,1304.345
2020-08-14 03:10:00,1304.345
2020-08-14 03:10:00,1304.345
2020-08-14 03:10:00,1304.345
2020-08-14 03:10:00,1304.345
2020-08-14 03:10:00,1304.345
2020-08-14 03:10:00,1304.345
2020-08-14 03:10:00,1304.345
2020-08-14 03:10:00,1304.345
2020-08-14 03:25:00,1274.69
2020-08-14 03:25:00,1274.69
2020-08-14 03:25:00,1274.69
2020-08-14 03:25:00,1274.69
2020-08-14 03:25:00,1274.69
2020-08-14 03:25:00,1274.69
2020-08-14 03:25:00,1274.69
2020-08-14 03:25:00,1274.69
2020-08-14 03:25:00,1274.69
2020-08-14 03:25:00,1274.69
2020-08-14 03:40:00,1146.93
2020-08-14 03:40:00,1146.93
2020-08-14 03:40:00,1146.93
2020-08-14 03:40:00,1146.93
2020-08-14 03:40:00,1146.93
2020-08-14 03:40:00,1146.93
2020-08-14 03:40:00,1146.93
2020-08-14 03:40:00,1146.93
2020-08-14 03:40:00,1146.93
2020-08-14 03:40:00,1146.93
2020-08-14 03:55:00,1122.24
2020-08-14 03:55:00,1122.24
2020-08-14 03:55:00,1122.24
2020-08-14 03:55:00,1122.24
2020-08-14 03:55:00,1122.24
2020-08-14 03:55:00,1122.24
2020-08-14 03:55:00,1122.24
2020-08-14 03:55:00,1122.24
2020-08-14 03:55:00,1122.24
2020-08-14 03:55:00,1122.24
2020-08-14 04:10:00,1097.55
2020-08-14 04:10:00,1097.55
2020-08-14 04:10:00,1097.55
2020-08-14 04:10:00,1097.55
2020-08-14 04:10:00,1097.55
2020-08-14 04:10:00,1097.55
2020-08-14 04:10:00,1097.55
2020-08-14 04:10:00,1097.55
2020-08-14 04:10:00,1097.55
2020-08-14 04:10:00,1097.55
2020-08-14 04:25:00,966.44
2020-08-14 04:25:00,966.44
2020-08-14 04:25:00,966.44
2020-08-14 04:25:00,966.44
2020-08-14 04:25:00,966.44
2020-08-14 04:25:00,966.44
2020-08-14 04:25:00,966.44
2020-08-14 04:25:00,966.44
2020-08-14 04:25:00,966.44
2020-08-14 04:25:00,966.44
2020-08-14 04:40:00,835.33
2020-08-14 04:40:00,835.33
2020-08-14 04:40:00,835.33
2020-08-14 04:40:00,835.33
2020-08-14 04:40:00,835.33
2020-08-14 04:40:00,835.33
2020-08-14 04:40:00,835.33
2020-08-14 04:40:00,835.33
2020-08-14 04:40:00,835.33
2020-08-14 04:40:00,835.33
2020-08-14 04:55:00,811.8
2020-08-14 04:55:00,811.8
2020-08-14 04:55:00,811.8
2020-08-14 04:55:00,811.8
2020-08-14 04:55:00,811.8
2020-08-14 04:55:00,811.8
2020-08-14 04:55:00,811.8
2020-08-14 04:55:00,811.8
2020-08-14 04:55:00,811.8
2020-08-14 04:55:00,811.8
2020-08-14 05:10:00,788.27
2020-08-14 05:10:00,788.27
2020-08-14 05:10:00,788.27
2020-08-14 05:10:00,788.27
2020-08-14 05:10:00,788.27
2020-08-14 05:10:00,788.27
2020-08-14 05:10:00,788.27
2020-08-14 05:10:00,788.27
2020-08-14 05:10:00,788.27
2020-08-14 05:10:00,788.27
2020-08-14 05:25:00,818.13
2020-08-14 05:25:00,818.13
2020-08-14 05:25:00,818.13
2020-08-14 05:25:00,818.13
2020-08-14 05:25:00,818.13
2020-08-14 05:25:00,818.13
2020-08-14 05:25:00,818.13
2020-08-14 05:25:00,818.13
2020-08-14 05:25:00,818.13
2020-08-14 05:25:00,818.13
2020-08-14 05:40:00,847.99
2020-08-14 05:40:00,847.99
2020-08-14 05:40:00,847.99
2020-08-14 05:40:00,847.99
2020-08-14 05:40:00,847.99
2020-08-14 05:40:00,847.99
2020-08-14 05:40:00,847.99
2020-08-14 05:40:00,847.99
2020-08-14 05:40:00,847.99
2020-08-14 05:40:00,847.99
2020-08-14 05:55:00,638.46
2020-08-14 05:55:00,638.46
2020-08-14 05:55:00,638.46
2020-08-14 05:55:00,638.46
2020-08-14 05:55:00,638.46
2020-08-14 05:55:00,638.46
2020-08-14 05:55:00,638.46
2020-08-14 05:55:00,638.46
2020-08-14 05:55:00,638.46
2020-08-14 05:55:00,638.46
2020-08-14 06:10:00,428.93
2020-08-14 06:10:00,428.93
2020-08-14 06:10:00,428.93
2020-08-14 06:10:00,428.93
2020-08-14 06:10:00,428.93
2020-08-14 06:10:00,428.93
2020-08-14 06:10:00,428.93
2020-08-14 06:10:00,428.93
2020-08-14 06:10:00,428.93
2020-08-14 06:10:00,428.93
2020-08-14 06:25:00,486.22
2020-08-14 06:25:00,486.22
2020-08-14 06:25:00,486.22
2020-08-14 06:25:00,486.22
2020-08-14 06:25:00,486.22
2020-08-14 06:25:00,486.22
2020-08-14 06:25:00,486.22
2020-08-14 06:25:00,486.22
2020-08-14 06:25:00,486.22
2020-08-14 06:25:00,486.22
2020-08-14 06:40:00,543.5
2020-08-14 06:40:00,543.5
2020-08-14 06:40:00,543.5
2020-08-14 06:40:00,543.5
2020-08-14 06:40:00,543.5
2020-08-14 06:40:00,543.5
2020-08-14 06:40:00,543.5
2020-08-14 06:40:00,543.5
2020-08-14 06:40:00,543.5
2020-08-14 06:40:00,543.5
2020-08-14 06:55:00,338.84
2020-08-14 06:55:00,338.84
2020-08-14 06:55:00,338.84
2020-08-14 06:55:00,338.84
2020-08-14 06:55:00,338.84
2020-08-14 06:55:00,338.84
2020-08-14 06:55:00,338.84
2020-08-14 06:55:00,338.84
2020-08-14 06:55:00,338.84
2020-08-14 06:55:00,338.84
2020-08-14 07:10:00,134.18
2020-08-14 07:10:00,134.18
2020-08-14 07:10:00,134.18
2020-08-14 07:10:00,134.18
2020-08-14 07:10:00,134.18
2020-08-14 07:10:00,134.18
2020-08-14 07:10:00,134.18
2020-08-14 07:10:00,134.18
2020-08-14 07:10:00,134.18
2020-08-14 07:10:00,134.18
2020-08-14 07:25:00,159.52
2020-08-14 07:25:00,159.52
2020-08-14 07:25:00,159.52
2020-08-14 07:25:00,159.52
2020-08-14 07:25:00,159.52
2020-08-14 07:25:00,159.52
2020-08-14 07:25:00,159.52
2020-08-14 07:25:00,159.52
2020-08-14 07:25:00,159.52
2020-08-14 07:25:00,159.52
2020-08-14 07:40:00,184.86
2020-08-14 07:40:00,184.86
2020-08-14 07:40:00,184.86
2020-08-14 07:40:00,184.86
2020-08-14 07:40:00,184.86
2020-08-14 07:40:00,184.86
2020-08-14 07:40:00,184.86
2020-08-14 07:40:00,184.86
2020-08-14 07:40:00,184.86
2020-08-14 07:40:00,184.86
2020-08-14 07:55:00,236.43
2020-08-14 07:55:00,236.43
2020-08-14 07:55:00,236.43
2020-08-14 07:55:00,236.43
2020-08-14 07:55:00,236.43
2020-08-14 07:55:00,236.43
2020-08-14 07:55:00,236.43
2020-08-14 07:55:00,236.43
2020-08-14 07:55:00,236.43
2020-08-14 07:55:00,236.43
2020-08-14 08:10:00,288.0
2020-08-14 08:10:00,288.0
2020-08-14 08:10:00,288.0
2020-08-14 08:10:00,288.0
2020-08-14 08:10:00,288.0
2020-08-14 08:10:00,288.0
2020-08-14 08:10:00,288.0
2020-08-14 08:10:00,288.0
2020-08-14 08:10:00,288.0
2020-08-14 08:10:00,288.0
2020-08-14 08:25:00,234.99
2020-08-14 08:25:00,234.99
2020-08-14 08:25:00,234.99
2020-08-14 08:25:00,234.99
2020-08-14 08:25:00,234.99
2020-08-14 08:25:00,234.99
2020-08-14 08:25:00,234.99
2020-08-14 08:25:00,234.99
2020-08-14 08:25:00,234.99
2020-08-14 08:25:00,234.99
2020-08-14 08:40:00,181.98
2020-08-14 08:40:00,181.98
2020-08-14 08:40:00,181.98
2020-08-14 08:40:00,181.98
2020-08-14 08:40:00,181.98
2020-08-14 08:40:00,181.98
2020-08-14 08:40:00,181.98
2020-08-14 08:40:00,181.98
2020-08-14 08:40:00,181.98
2020-08-14 08:40:00,181.98
2020-08-14 08:55:00,90.84
2020-08-14 08:55:00,90.84
2020-08-14 08:55:00,90.84
2020-08-14 08:55:00,90.84
2020-08-14 08:55:00,90.84
2020-08-14 08:55:00,90.84
2020-08-14 08:55:00,90.84
2020-08-14 08:55:00,90.84
2020-08-14 08:55:00,90.84
2020-08-14 08:55:00,90.84
2020-08-14 09:10:00,0.0
2020-08-14 09:10:00,0.0
2020-08-14 09:10:00,0.0
2020-08-14 09:10:00,0.0
2020-08-14 09:10:00,0.0
2020-08-14 09:10:00,0.0
2020-08-14 09:10:00,0.0
2020-08-14 09:10:00,0.0
2020-08-14 09:10:00,0.0
2020-08-14 09:10:00,0.0
2020-08-14 09:25:00,120.49
2020-08-14 09:25:00,120.49
2020-08-14 09:25:00,120.49
2020-08-14 09:25:00,120.49
2020-08-14 09:25:00,120.49
2020-08-14 09:25:00,120.49
2020-08-14 09:25:00,120.49
2020-08-14 09:25:00,120.49
2020-08-14 09:25:00,120.49
2020-08-14 09:25:00,120.49
2020-08-14 09:40:00,241.28
2020-08-14 09:40:00,241.28
2020-08-14 09:40:00,241.28
2020-08-14 09:40:00,241.28
2020-08-14 09:40:00,241.28
2020-08-14 09:40:00,241.28
2020-08-14 09:40:00,241.28
2020-08-14 09:40:00,241.28
2020-08-14 09:40:00,241.28
2020-08-14 09:40:00,241.28
2020-08-14 09:55:00,329.56
2020-08-14 09:55:00,329.56
2020-08-14 09:55:00,329.56
2020-08-14 09:55:00,329.56
2020-08-14 09:55:00,329.56
2020-08-14 09:55:00,329.56
2020-08-14 09:55:00,329.56
2020-08-14 09:55:00,329.56
2020-08-14 09:55:00,329.56
2020-08-14 09:55:00,329.56
2020-08-14 10:10:00,417.85
2020-08-14 10:10:00,417.85
2020-08-14 10:10:00,417.85
2020-08-14 10:10:00,417.85
2020-08-14 10:10:00,417.85
2020-08-14 10:10:00,417.85
2020-08-14 10:10:00,417.85
2020-08-14 10:10:00,417.85
2020-08-14 10:10:00,417.85
2020-08-14 10:10:00,417.85
2020-08-14 10:25:00,572.7
2020-08-14 10:25:00,572.7
2020-08-14 10:25:00,572.7
2020-08-14 10:25:00,572.7
2020-08-14 10:25:00,572.7
2020-08-14 10:25:00,572.7
2020-08-14 10:25:00,572.7
2020-08-14 10:25:00,572.7
2020-08-14 10:25:00,572.7
2020-08-14 10:25:00,572.7
2020-08-14 10:40:00,727.54
2020-08-14 10:40:00,727.54
2020-08-14 10:40:00,727.54
2020-08-14 10:40:00,727.54
2020-08-14 10:40:00,727.54
2020-08-14 10:40:00,727.54
2020-08-14 10:40:00,727.54
2020-08-14 10:40:00,727.54
2020-08-14 10:40:00,727.54
2020-08-14 10:40:00,727.54
2020-08-14 10:55:00,828.19
2020-08-14 10:55:00,828.19
2020-08-14 10:55:00,828.19
2020-08-14 10:55:00,828.19
2020-08-14 10:55:00,828.19
2020-08-14 10:55:00,828.19
2020-08-14 10:55:00,828.19
2020-08-14 10:55:00,828.19
2020-08-14 10:55:00,828.19
2020-08-14 10:55:00,828.19
2020-08-14 11:10:00,928.84
2020-08-14 11:10:00,928.84
2020-08-14 11:10:00,928.84
2020-08-14 11:10:00,928.84
2020-08-14 11:10:00,928.84
2020-08-14 11:10:00,928.84
2020-08-14 11:10:00,928.84
2020-08-14 11:10:00,928.84
2020-08-14 11:10:00,928.84
2020-08-14 11:10:00,928.84
2020-08-14 11:25:00,1026.44
2020-08-14 11:25:00,1026.44
2020-08-14 11:25:00,1026.44
2020-08-14 11:25:00,1026.44
2020-08-14 11:25:00,1026.44
2020-08-14 11:25:00,1026.44
2020-08-14 11:25:00,1026.44
2020-08-14 11:25:00,1026.44
2020-08-14 11:25:00,1026.44
2020-08-14 11:25:00,1026.44
2020-08-14 11:40:00,1124.04
2020-08-14 11:40:00,1124.04
2020-08-14 11:40:00,1124.04
2020-08-14 11:40:00,1124.04
2020-08-14 11:40:00,1124.04
2020-08-14 11:40:00,1124.04
2020-08-14 11:40:00,1124.04
2020-08-14 11:40:00,1124.04
2020-08-14 11:40:00,1124.04
2020-08-14 11:40:00,1124.04
2020-08-14 11:55:00,1322.1
2020-08-14 11:55:00,1322.1
2020-08-14 11:55:00,1322.1
2020-08-14 11:55:00,1322.1
2020-08-14 11:55:00,1322.1
2020-08-14 11:55:00,1322.1
2020-08-14 11:55:00,1322.1
2020-08-14 11:55:00,1322.1
2020-08-14 11:55:00,1322.1
2020-08-14 11:55:00,1322.1
2020-08-14 12:10:00,1275.4225
2020-08-14 12:10:00,1275.4225
2020-08-14 12:10:00,1275.4225
2020-08-14 12:10:00,1275.4225
2020-08-14 12:10:00,1275.4225
2020-08-14 12:10:00,1275.4225
2020-08-14 12:10:00,1275.4225
2020-08-14 12:10:00,1275.4225
2020-08-14 12:10:00,1275.4225
2020-08-14 12:10:00,1275.4225
2020-08-14 12:25:00,1228.745
2020-08-14 12:25:00,1228.745
2020-08-14 12:25:00,1228.745
2020-08-14 12:25:00,1228.745
2020-08-14 12:25:00,1228.745
2020-08-14 12:25:00,1228.745
2020-08-14 12:25:00,1228.745
2020-08-14 12:25:00,1228.745
2020-08-14 12:25:00,1228.745
2020-08-14 12:25:00,1228.745
2020-08-14 12:40:00,1182.0675
2020-08-14 12:40:00,1182.0675
2020-08-14 12:40:00,1182.0675
2020-08-14 12:40:00,1182.0675
2020-08-14 12:40:00,1182.0675
2020-08-14 12:40:00,1182.0675
2020-08-14 12:40:00,1182.0675
2020-08-14 12:40:00,1182.0675
2020-08-14 12:40:00,1182.0675
2020-08-14 12:40:00,1182.0675
2020-08-14 12:55:00,1135.39
2020-08-14 12:55:00,1135.39
2020-08-14 12:55:00,1135.39
2020-08-14 12:55:00,1135.39
2020-08-14 12:55:00,1135.39
2020-08-14 12:55:00,1135.39
2020-08-14 12:55:00,1135.39
2020-08-14 12:55:00,1135.39
2020-08-14 12:55:00,1135.39
2020-08-14 12:55:00,1135.39
2020-08-14 13:10:00,862.64
2020-08-14 13:10:00,862.64
2020-08-14 13:10:00,862.64
2020-08-14 13:10:00,862.64
2020-08-14 13:10:00,862.64
2020-08-14 13:10:00,862.64
2020-08-14 13:10:00,862.64
2020-08-14 13:10:00,862.64
2020-08-14 13:10:00,862.64
2020-08-14 13:10:00,862.64
2020-08-14 13:25:00,1191.18
2020-08-14 13:25:00,1191.18
2020-08-14 13:25:00,1191.18
2020-08-14 13:25:00,1191.18
2020-08-14 13:25:00,1191.18
2020-08-14 13:25:00,1191.18
2020-08-14 13:25:00,1191.18
2020-08-14 13:25:00,1191.18
2020-08-14 13:25:00,1191.18
2020-08-14 13:25:00,1191.18
2020-08-14 13:40:00,1144.39
2020-08-14 13:40:00,1144.39
2020-08-14 13:40:00,1144.39
2020-08-14 13:40:00,1144.39
2020-08-14 13:40:00,1144.39
2020-08-14 13:40:00,1144.39
2020-08-14 13:40:00,1144.39
2020-08-14 13:40:00,1144.39
2020-08-14 13:40:00,1144.39
2020-08-14 13:40:00,1144.39
2020-08-14 13:55:00,1097.6001
2020-08-14 13:55:00,1097.6001
2020-08-14 13:55:00,1097.6001
2020-08-14 13:55:00,1097.6001
2020-08-14 13:55:00,1097.6001
2020-08-14 13:55:00,1097.6001
2020-08-14 13:55:00,1097.6001
2020-08-14 13:55:00,1097.6001
2020-08-14 13:55:00,1097.6001
2020-08-14 13:55:00,1097.6001
2020-08-14 14:10:00,1050.81
2020-08-14 14:10:00,1050.81
2020-08-14 14:10:00,1050.81
2020-08-14 14:10:00,1050.81
2020-08-14 14:10:00,1050.81
2020-08-14 14:10:00,1050.81
2020-08-14 14:10:00,1050.81
2020-08-14 14:10:00,1050.81
2020-08-14 14:10:00,1050.81
2020-08-14 14:10:00,1050.81
2020-08-14 14:25:00,1004.02
2020-08-14 14:25:00,1004.02
2020-08-14 14:25:00,1004.02
2020-08-14 14:25:00,1004.02
2020-08-14 14:25:00,1004.02
2020-08-14 14:25:00,1004.02
2020-08-14 14:25:00,1004.02
2020-08-14 14:25:00,1004.02
2020-08-14 14:25:00,1004.02
2020-08-14 14:25:00,1004.02
2020-08-14 14:40:00,546.35
2020-08-14 14:40:00,546.35
2020-08-14 14:40:00,546.35
2020-08-14 14:40:00,546.35
2020-08-14 14:40:00,546.35
2020-08-14 14:40:00,546.35
2020-08-14 14:40:00,546.35
2020-08-14 14:40:00,546.35
2020-08-14 14:40:00,546.35
2020-08-14 14:40:00,546.35
2020-08-14 14:55:00,395.02
2020-08-14 14:55:00,395.02
2020-08-14 14:55:00,395.02
2020-08-14 14:55:00,395.02
2020-08-14 14:55:00,395.02
2020-08-14 14:55:00,395.02
2020-08-14 14:55:00,395.02
2020-08-14 14:55:00,395.02
2020-08-14 14:55:00,395.02
2020-08-14 14:55:00,395.02
2020-08-14 15:10:00,243.68
2020-08-14 15:10:00,243.68
2020-08-14 15:10:00,243.68
2020-08-14 15:10:00,243.68
2020-08-14 15:10:00,243.68
2020-08-14 15:10:00,243.68
2020-08-14 15:10:00,243.68
2020-08-14 15:10:00,243.68
2020-08-14 15:10:00,243.68
2020-08-14 15:10:00,243.68
2020-08-14 15:25:00,178.62
2020-08-14 15:25:00,178.62
2020-08-14 15:25:00,178.62
2020-08-14 15:25:00,178.62
2020-08-14 15:25:00,178.62
2020-08-14 15:25:00,178.62
2020-08-14 15:25:00,178.62
2020-08-14 15:25:00,178.62
2020-08-14 15:25:00,178.62
2020-08-14 15:25:00,178.62
2020-08-14 15:40:00,113.55
2020-08-14 15:40:00,113.55
2020-08-14 15:40:00,113.55
2020-08-14 15:40:00,113.55
2020-08-14 15:40:00,113.55
2020-08-14 15:40:00,113.55
2020-08-14 15:40:00,113.55
2020-08-14 15:40:00,113.55
2020-08-14 15:40:00,113.55
2020-08-14 15:40:00,113.55
2020-08-14 15:55:00,70.16
2020-08-14 15:55:00,70.16
2020-08-14 15:55:00,70.16
2020-08-14 15:55:00,70.16
2020-08-14 15:55:00,70.16
2020-08-14 15:55:00,70.16
2020-08-14 15:55:00,70.16
2020-08-14 15:55:00,70.16
2020-08-14 15:55:00,70.16
2020-08-14 15:55:00,70.16
2020-08-14 16:10:00,26.76
2020-08-14 16:10:00,26.76
2020-08-14 16:10:00,26.76
2020-08-14 16:10:00,26.76
2020-08-14 16:10:00,26.76
2020-08-14 16:10:00,26.76
2020-08-14 16:10:00,26.76
2020-08-14 16:10:00,26.76
2020-08-14 16:10:00,26.76
2020-08-14 16:10:00,26.76
2020-08-14 16:25:00,55.41
2020-08-14 16:25:00,55.41
2020-08-14 16:25:00,55.41
2020-08-14 16:25:00,55.41
2020-08-14 16:25:00,55.41
2020-08-14 16:25:00,55.41
2020-08-14 16:25:00,55.41
2020-08-14 16:25:00,55.41
2020-08-14 16:25:00,55.41
2020-08-14 16:25:00,55.41
2020-08-14 16:40:00,84.06
2020-08-14 16:40:00,84.06
2020-08-14 16:40:00,84.06
2020-08-14 16:40:00,84.06
2020-08-14 16:40:00,84.06
2020-08-14 16:40:00,84.06
2020-08-14 16:40:00,84.06
2020-08-14 16:40:00,84.06
2020-08-14 16:40:00,84.06
2020-08-14 16:40:00,84.06
2020-08-14 16:55:00,44.66
2020-08-14 16:55:00,44.66
2020-08-14 16:55:00,44.66
2020-08-14 16:55:00,44.66
2020-08-14 16:55:00,44.66
2020-08-14 16:55:00,44.66
2020-08-14 16:55:00,44.66
2020-08-14 16:55:00,44.66
2020-08-14 16:55:00,44.66
2020-08-14 16:55:00,44.66
2020-08-14 17:10:00,5.27
2020-08-14 17:10:00,5.27
2020-08-14 17:10:00,5.27
2020-08-14 17:10:00,5.27
2020-08-14 17:10:00,5.27
2020-08-14 17:10:00,5.27
2020-08-14 17:10:00,5.27
2020-08-14 17:10:00,5.27
2020-08-14 17:10:00,5.27
2020-08-14 17:10:00,5.27
2020-08-14 17:25:00,2.48
2020-08-14 17:25:00,2.48
2020-08-14 17:25:00,2.48
2020-08-14 17:25:00,2.48
2020-08-14 17:25:00,2.48
2020-08-14 17:25:00,2.48
2020-08-14 17:25:00,2.48
2020-08-14 17:25:00,2.48
2020-08-14 17:25:00,2.48
2020-08-14 17:25:00,2.48
2020-08-14 17:40:00,0.0
2020-08-14 17:40:00,0.0
2020-08-14 17:40:00,0.0
2020-08-14 17:40:00,0.0
2020-08-14 17:40:00,0.0
2020-08-14 17:40:00,0.0
2020-08-14 17:40:00,0.0
2020-08-14 17:40:00,0.0
2020-08-14 17:40:00,0.0
2020-08-14 17:40:00,0.0
2020-08-14 17:55:00,0.0
2020-08-14 17:55:00,0.0
2020-08-14 17:55:00,0.0
2020-08-14 17:55:00,0.0
2020-08-14 17:55:00,0.0
2020-08-14 17:55:00,0.0
2020-08-14 17:55:00,0.0
2020-08-14 17:55:00,0.0
2020-08-14 17:55:00,0.0
2020-08-14 17:55:00,0.0
2020-08-14 18:10:00,0.0
2020-08-14 18:10:00,0.0
2020-08-14 18:10:00,0.0
2020-08-14 18:10:00,0.0
2020-08-14 18:10:00,0.0
2020-08-14 18:10:00,0.0
2020-08-14 18:10:00,0.0
2020-08-14 18:10:00,0.0
2020-08-14 18:10:00,0.0
2020-08-14 18:10:00,0.0
2020-08-14 18:25:00,41.5
2020-08-14 18:25:00,41.5
2020-08-14 18:25:00,41.5
2020-08-14 18:25:00,41.5
2020-08-14 18:25:00,41.5
2020-08-14 18:25:00,41.5
2020-08-14 18:25:00,41.5
2020-08-14 18:25:00,41.5
2020-08-14 18:25:00,41.5
2020-08-14 18:25:00,41.5
2020-08-14 18:40:00,83.29
2020-08-14 18:40:00,83.29
2020-08-14 18:40:00,83.29
2020-08-14 18:40:00,83.29
2020-08-14 18:40:00,83.29
2020-08-14 18:40:00,83.29
2020-08-14 18:40:00,83.29
2020-08-14 18:40:00,83.29
2020-08-14 18:40:00,83.29
2020-08-14 18:40:00,83.29
2020-08-14 18:55:00,41.48
2020-08-14 18:55:00,41.48
2020-08-14 18:55:00,41.48
2020-08-14 18:55:00,41.48
2020-08-14 18:55:00,41.48
2020-08-14 18:55:00,41.48
2020-08-14 18:55:00,41.48
2020-08-14 18:55:00,41.48
2020-08-14 18:55:00,41.48
2020-08-14 18:55:00,41.48
2020-08-14 19:10:00,0.0
2020-08-14 19:10:00,0.0
2020-08-14 19:10:00,0.0
2020-08-14 19:10:00,0.0
2020-08-14 19:10:00,0.0
2020-08-14 19:10:00,0.0
2020-08-14 19:10:00,0.0
2020-08-14 19:10:00,0.0
2020-08-14 19:10:00,0.0
2020-08-14 19:10:00,0.0
2020-08-14 19:25:00,0.0
2020-08-14 19:25:00,0.0
2020-08-14 19:25:00,0.0
2020-08-14 19:25:00,0.0
2020-08-14 19:25:00,0.0
2020-08-14 19:25:00,0.0
2020-08-14 19:25:00,0.0
2020-08-14 19:25:00,0.0
2020-08-14 19:25:00,0.0
2020-08-14 19:25:00,0.0
2020-08-14 19:40:00,0.0
2020-08-14 19:40:00,0.0
2020-08-14 19:40:00,0.0
2020-08-14 19:40:00,0.0
2020-08-14 19:40:00,0.0
2020-08-14 19:40:00,0.0
2020-08-14 19:40:00,0.0
2020-08-14 19:40:00,0.0
2020-08-14 19:40:00,0.0
2020-08-14 19:40:00,0.0
2020-08-14 19:55:00,0.0
2020-08-14 19:55:00,0.0
2020-08-14 19:55:00,0.0
2020-08-14 19:55:00,0.0
2020-08-14 19:55:00,0.0
2020-08-14 19:55:00,0.0
2020-08-14 19:55:00,0.0
2020-08-14 19:55:00,0.0
2020-08-14 19:55:00,0.0
2020-08-14 19:55:00,0.0
2020-08-14 20:10:00,0.0
2020-08-14 20:10:00,0.0
2020-08-14 20:10:00,0.0
2020-08-14 20:10:00,0.0
2020-08-14 20:10:00,0.0
2020-08-14 20:10:00,0.0
2020-08-14 20:10:00,0.0
2020-08-14 20:10:00,0.0
2020-08-14 20:10:00,0.0
2020-08-14 20:10:00,0.0
2020-08-14 20:25:00,0.0
2020-08-14 20:25:00,0.0
2020-08-14 20:25:00,0.0
2020-08-14 20:25:00,0.0
2020-08-14 20:25:00,0.0
2020-08-14 20:25:00,0.0
2020-08-14 20:25:00,0.0
2020-08-14 20:25:00,0.0
2020-08-14 20:25:00,0.0
2020-08-14 20:25:00,0.0
2020-08-14 20:40:00,0.0
2020-08-14 20:40:00,0.0
2020-08-14 20:40:00,0.0
2020-08-14 20:40:00,0.0
2020-08-14 20:40:00,0.0
2020-08-14 20:40:00,0.0
2020-08-14 20:40:00,0.0
2020-08-14 20:40:00,0.0
2020-08-14 20:40:00,0.0
2020-08-14 20:40:00,0.0
2020-08-14 20:55:00,0.0
2020-08-14 20:55:00,0.0
2020-08-14 20:55:00,0.0
2020-08-14 20:55:00,0.0
2020-08-14 20:55:00,0.0
2020-08-14 20:55:00,0.0
2020-08-14 20:55:00,0.0
2020-08-14 20:55:00,0.0
2020-08-14 20:55:00,0.0
2020-08-14 20:55:00,0.0
2020-08-14 21:10:00,0.0
2020-08-14 21:10:00,0.0
2020-08-14 21:10:00,0.0
2020-08-14 21:10:00,0.0
2020-08-14 21:10:00,0.0
2020-08-14 21:10:00,0.0
2020-08-14 21:10:00,0.0
2020-08-14 21:10:00,0.0
2020-08-14 21:10:00,0.0
2020-08-14 21:10:00,0.0
2020-08-14 21:25:00,0.0
2020-08-14 21:25:00,0.0
2020-08-14 21:25:00,0.0
2020-08-14 21:25:00,0.0
2020-08-14 21:25:00,0.0
2020-08-14 21:25:00,0.0
2020-08-14 21:25:00,0.0
2020-08-14 21:25:00,0.0
2020-08-14 21:25:00,0.0
2020-08-14 21:25:00,0.0
2020-08-14 21:40:00,0.0
2020-08-14 21:40:00,0.0
2020-08-14 21:40:00,0.0
2020-08-14 21:40:00,0.0
2020-08-14 21:40:00,0.0
2020-08-14 21:40:00,0.0
2020-08-14 21:40:00,0.0
2020-08-14 21:40:00,0.0
2020-08-14 21:40:00,0.0
2020-08-14 21:40:00,0.0
2020-08-14 21:55:00,0.0
2020-08-14 21:55:00,0.0
2020-08-14 21:55:00,0.0
2020-08-14 21:55:00,0.0
2020-08-14 21:55:00,0.0
2020-08-14 21:55:00,0.0
2020-08-14 21:55:00,0.0
2020-08-14 21:55:00,0.0
2020-08-14 21:55:00,0.0
2020-08-14 21:55:00,0.0
2020-08-14 22:10:00,0.0
2020-08-14 22:10:00,0.0
2020-08-14 22:10:00,0.0
2020-08-14 22:10:00,0.0
2020-08-14 22:10:00,0.0
2020-08-14 22:10:00,0.0
2020-08-14 22:10:00,0.0
2020-08-14 22:10:00,0.0
2020-08-14 22:10:00,0.0
2020-08-14 22:10:00,0.0
2020-08-14 22:25:00,0.0
2020-08-14 22:25:00,0.0
2020-08-14 22:25:00,0.0
2020-08-14 22:25:00,0.0
2020-08-14 22:25:00,0.0
2020-08-14 22:25:00,0.0
2020-08-14 22:25:00,0.0
2020-08-14 22:25:00,0.0
2020-08-14 22:25:00,0.0
2020-08-14 22:25:00,0.0
2020-08-14 22:40:00,0.0
2020-08-14 22:40:00,0.0
2020-08-14 22:40:00,0.0
2020-08-14 22:40:00,0.0
2020-08-14 22:40:00,0.0
2020-08-14 22:40:00,0.0
2020-08-14 22:40:00,0.0
2020-08-14 22:40:00,0.0
2020-08-14 22:40:00,0.0
2020-08-14 22:40:00,0.0
2020-08-14 22:55:00,0.0
2020-08-14 22:55:00,0.0
2020-08-14 22:55:00,0.0
2020-08-14 22:55:00,0.0
2020-08-14 22:55:00,0.0
2020-08-14 22:55:00,0.0
2020-08-14 22:55:00,0.0
2020-08-14 22:55:00,0.0
2020-08-14 22:55:00,0.0
2020-08-14 22:55:00,0.0
2020-08-14 23:10:00,0.0
2020-08-14 23:10:00,0.0
2020-08-14 23:10:00,0.0
2020-08-14 23:10:00,0.0
2020-08-14 23:10:00,0.0
2020-08-14 23:10:00,0.0
2020-08-14 23:10:00,0.0
2020-08-14 23:10:00,0.0
2020-08-14 23:10:00,0.0
2020-08-14 23:10:00,0.0
2020-08-14 23:25:00,0.0
2020-08-14 23:25:00,0.0
2020-08-14 23:25:00,0.0
2020-08-14 23:25:00,0.0
2020-08-14 23:25:00,0.0
2020-08-14 23:25:00,0.0
2020-08-14 23:25:00,0.0
2020-08-14 23:25:00,0.0
2020-08-14 23:25:00,0.0
2020-08-14 23:25:00,0.0
2020-08-14 23:40:00,0.0
2020-08-14 23:40:00,0.0
2020-08-14 23:40:00,0.0
2020-08-14 23:40:00,0.0
2020-08-14 23:40:00,0.0
2020-08-14 23:40:00,0.0
2020-08-14 23:40:00,0.0
2020-08-14 23:40:00,0.0
2020-08-14 23:40:00,0.0
2020-08-14 23:40:00,0.0
2020-08-14 23:55:00,0.0
2020-08-14 23:55:00,0.0
2020-08-14 23:55:00,0.0
2020-08-14 23:55:00,0.0
2020-08-14 23:55:00,0.0
2020-08-14 23:55:00,0.0
2020-08-14 23:55:00,0.0
2020-08-14 23:55:00,0.0
2020-08-14 23:55:00,0.0
2020-08-14 23:55:00,0.0
2020-08-15 00:10:00,0.0
2020-08-15 00:10:00,0.0
2020-08-15 00:10:00,0.0
2020-08-15 00:10:00,0.0
2020-08-15 00:10:00,0.0
2020-08-15 00:10:00,0.0
2020-08-15 00:10:00,0.0
2020-08-15 00:10:00,0.0
2020-08-15 00:10:00,0.0
2020-08-15 00:10:00,0.0
2020-08-15 00:25:00,0.0
2020-08-15 00:25:00,0.0
2020-08-15 00:25:00,0.0
2020-08-15 00:25:00,0.0
2020-08-15 00:25:00,0.0
2020-08-15 00:25:00,0.0
2020-08-15 00:25:00,0.0
2020-08-15 00:25:00,0.0
2020-08-15 00:25:00,0.0
2020-08-15 00:25:00,0.0
2020-08-15 00:40:00,0.0
2020-08-15 00:40:00,0.0
2020-08-15 00:40:00,0.0
2020-08-15 00:40:00,0.0
2020-08-15 00:40:00,0.0
2020-08-15 00:40:00,0.0
2020-08-15 00:40:00,0.0
2020-08-15 00:40:00,0.0
2020-08-15 00:40:00,0.0
2020-08-15 00:40:00,0.0
2020-08-15 00:55:00,0.0
2020-08-15 00:55:00,0.0
2020-08-15 00:55:00,0.0
2020-08-15 00:55:00,0.0
2020-08-15 00:55:00,0.0
2020-08-15 00:55:00,0.0
2020-08-15 00:55:00,0.0
2020-08-15 00:55:00,0.0
2020-08-15 00:55:00,0.0
2020-08-15 00:55:00,0.0
2020-08-15 01:10:00,0.0
2020-08-15 01:10:00,0.0
2020-08-15 01:10:00,0.0
2020-08-15 01:10:00,0.0
2020-08-15 01:10:00,0.0
2020-08-15 01:10:00,0.0
2020-08-15 01:10:00,0.0
2020-08-15 01:10:00,0.0
2020-08-15 01:10:00,0.0
2020-08-15 01:10:00,0.0
2020-08-15 01:25:00,0.0
2020-08-15 01:25:00,0.0
2020-08-15 01:25:00,0.0
2020-08-15 01:25:00,0.0
2020-08-15 01:25:00,0.0
2020-08-15 01:25:00,0.0
2020-08-15 01:25:00,0.0
2020-08-15 01:25:00,0.0
2020-08-15 01:25:00,0.0
2020-08-15 01:25:00,0.0
2020-08-15 01:40:00,0.0
2020-08-15 01:40:00,0.0
2020-08-15 01:40:00,0.0
2020-08-15 01:40:00,0.0
2020-08-15 01:40:00,0.0
2020-08-15 01:40:00,0.0
2020-08-15 01:40:00,0.0
2020-08-15 01:40:00,0.0
2020-08-15 01:40:00,0.0
2020-08-15 01:40:00,0.0
2020-08-15 01:55:00,171.01
2020-08-15 01:55:00,171.01
2020-08-15 01:55:00,171.01
2020-08-15 01:55:00,171.01
2020-08-15 01:55:00,171.01
2020-08-15 01:55:00,171.01
2020-08-15 01:55:00,171.01
2020-08-15 01:55:00,171.01
2020-08-15 01:55:00,171.01
2020-08-15 01:55:00,171.01
2020-08-15 02:10:00,342.32
2020-08-15 02:10:00,342.32
2020-08-15 02:10:00,342.32
2020-08-15 02:10:00,342.32
2020-08-15 02:10:00,342.32
2020-08-15 02:10:00,342.32
2020-08-15 02:10:00,342.32
2020-08-15 02:10:00,342.32
2020-08-15 02:10:00,342.32
2020-08-15 02:10:00,342.32
2020-08-15 02:25:00,293.84
2020-08-15 02:25:00,293.84
2020-08-15 02:25:00,293.84
2020-08-15 02:25:00,293.84
2020-08-15 02:25:00,293.84
2020-08-15 02:25:00,293.84
2020-08-15 02:25:00,293.84
2020-08-15 02:25:00,293.84
2020-08-15 02:25:00,293.84
2020-08-15 02:25:00,293.84
2020-08-15 02:40:00,245.37
2020-08-15 02:40:00,245.37
2020-08-15 02:40:00,245.37
2020-08-15 02:40:00,245.37
2020-08-15 02:40:00,245.37
2020-08-15 02:40:00,245.37
2020-08-15 02:40:00,245.37
2020-08-15 02:40:00,245.37
2020-08-15 02:40:00,245.37
2020-08-15 02:40:00,245.37
2020-08-15 02:55:00,367.3
2020-08-15 02:55:00,367.3
2020-08-15 02:55:00,367.3
2020-08-15 02:55:00,367.3
2020-08-15 02:55:00,367.3
2020-08-15 02:55:00,367.3
2020-08-15 02:55:00,367.3
2020-08-15 02:55:00,367.3
2020-08-15 02:55:00,367.3
2020-08-15 02:55:00,367.3
2020-08-15 03:10:00,489.22
2020-08-15 03:10:00,489.22
2020-08-15 03:10:00,489.22
2020-08-15 03:10:00,489.22
2020-08-15 03:10:00,489.22
2020-08-15 03:10:00,489.22
2020-08-15 03:10:00,489.22
2020-08-15 03:10:00,489.22
2020-08-15 03:10:00,489.22
2020-08-15 03:10:00,489.22
2020-08-15 03:25:00,357.35
2020-08-15 03:25:00,357.35
2020-08-15 03:25:00,357.35
2020-08-15 03:25:00,357.35
2020-08-15 03:25:00,357.35
2020-08-15 03:25:00,357.35
2020-08-15 03:25:00,357.35
2020-08-15 03:25:00,357.35
2020-08-15 03:25:00,357.35
2020-08-15 03:25:00,357.35
2020-08-15 03:40:00,225.48
2020-08-15 03:40:00,225.48
2020-08-15 03:40:00,225.48
2020-08-15 03:40:00,225.48
2020-08-15 03:40:00,225.48
2020-08-15 03:40:00,225.48
2020-08-15 03:40:00,225.48
2020-08-15 03:40:00,225.48
2020-08-15 03:40:00,225.48
2020-08-15 03:40:00,225.48
2020-08-15 03:55:00,321.87
2020-08-15 03:55:00,321.87
2020-08-15 03:55:00,321.87
2020-08-15 03:55:00,321.87
2020-08-15 03:55:00,321.87
2020-08-15 03:55:00,321.87
2020-08-15 03:55:00,321.87
2020-08-15 03:55:00,321.87
2020-08-15 03:55:00,321.87
2020-08-15 03:55:00,321.87
2020-08-15 04:10:00,418.26
2020-08-15 04:10:00,418.26
2020-08-15 04:10:00,418.26
2020-08-15 04:10:00,418.26
2020-08-15 04:10:00,418.26
2020-08-15 04:10:00,418.26
2020-08-15 04:10:00,418.26
2020-08-15 04:10:00,418.26
2020-08-15 04:10:00,418.26
2020-08-15 04:10:00,418.26
2020-08-15 04:25:00,475.87
2020-08-15 04:25:00,475.87
2020-08-15 04:25:00,475.87
2020-08-15 04:25:00,475.87
2020-08-15 04:25:00,475.87
2020-08-15 04:25:00,475.87
2020-08-15 04:25:00,475.87
2020-08-15 04:25:00,475.87
2020-08-15 04:25:00,475.87
2020-08-15 04:25:00,475.87
2020-08-15 04:40:00,533.48
2020-08-15 04:40:00,533.48
2020-08-15 04:40:00,533.48
2020-08-15 04:40:00,533.48
2020-08-15 04:40:00,533.48
2020-08-15 04:40:00,533.48
2020-08-15 04:40:00,533.48
2020-08-15 04:40:00,533.48
2020-08-15 04:40:00,533.48
2020-08-15 04:40:00,533.48
2020-08-15 04:55:00,411.28
2020-08-15 04:55:00,411.28
2020-08-15 04:55:00,411.28
2020-08-15 04:55:00,411.28
2020-08-15 04:55:00,411.28
2020-08-15 04:55:00,411.28
2020-08-15 04:55:00,411.28
2020-08-15 04:55:00,411.28
2020-08-15 04:55:00,411.28
2020-08-15 04:55:00,411.28
2020-08-15 05:10:00,289.08
2020-08-15 05:10:00,289.08
2020-08-15 05:10:00,289.08
2020-08-15 05:10:00,289.08
2020-08-15 05:10:00,289.08
2020-08-15 05:10:00,289.08
2020-08-15 05:10:00,289.08
2020-08-15 05:10:00,289.08
2020-08-15 05:10:00,289.08
2020-08-15 05:10:00,289.08
2020-08-15 05:25:00,197.67
2020-08-15 05:25:00,197.67
2020-08-15 05:25:00,197.67
2020-08-15 05:25:00,197.67
2020-08-15 05:25:00,197.67
2020-08-15 05:25:00,197.67
2020-08-15 05:25:00,197.67
2020-08-15 05:25:00,197.67
2020-08-15 05:25:00,197.67
2020-08-15 05:25:00,197.67
2020-08-15 05:40:00,106.26
2020-08-15 05:40:00,106.26
2020-08-15 05:40:00,106.26
2020-08-15 05:40:00,106.26
2020-08-15 05:40:00,106.26
2020-08-15 05:40:00,106.26
2020-08-15 05:40:00,106.26
2020-08-15 05:40:00,106.26
2020-08-15 05:40:00,106.26
2020-08-15 05:40:00,106.26
2020-08-15 05:55:00,52.98
2020-08-15 05:55:00,52.98
2020-08-15 05:55:00,52.98
2020-08-15 05:55:00,52.98
2020-08-15 05:55:00,52.98
2020-08-15 05:55:00,52.98
2020-08-15 05:55:00,52.98
2020-08-15 05:55:00,52.98
2020-08-15 05:55:00,52.98
2020-08-15 05:55:00,52.98
2020-08-15 06:10:00,0.0
2020-08-15 06:10:00,0.0
2020-08-15 06:10:00,0.0
2020-08-15 06:10:00,0.0
2020-08-15 06:10:00,0.0
2020-08-15 06:10:00,0.0
2020-08-15 06:10:00,0.0
2020-08-15 06:10:00,0.0
2020-08-15 06:10:00,0.0
2020-08-15 06:10:00,0.0
2020-08-15 06:25:00,0.0
2020-08-15 06:25:00,0.0
2020-08-15 06:25:00,0.0
2020-08-15 06:25:00,0.0
2020-08-15 06:25:00,0.0
2020-08-15 06:25:00,0.0
2020-08-15 06:25:00,0.0
2020-08-15 06:25:00,0.0
2020-08-15 06:25:00,0.0
2020-08-15 06:25:00,0.0
2020-08-15 06:40:00,0.0
2020-08-15 06:40:00,0.0
2020-08-15 06:40:00,0.0
2020-08-15 06:40:00,0.0
2020-08-15 06:40:00,0.0
2020-08-15 06:40:00,0.0
2020-08-15 06:40:00,0.0
2020-08-15 06:40:00,0.0
2020-08-15 06:40:00,0.0
2020-08-15 06:40:00,0.0
2020-08-15 06:55:00,0.0
2020-08-15 06:55:00,0.0
2020-08-15 06:55:00,0.0
2020-08-15 06:55:00,0.0
2020-08-15 06:55:00,0.0
2020-08-15 06:55:00,0.0
2020-08-15 06:55:00,0.0
2020-08-15 06:55:00,0.0
2020-08-15 06:55:00,0.0
2020-08-15 06:55:00,0.0
2020-08-15 07:10:00,0.0
2020-08-15 07:10:00,0.0
2020-08-15 07:10:00,0.0
2020-08-15 07:10:00,0.0
2020-08-15 07:10:00,0.0
2020-08-15 07:10:00,0.0
2020-08-15 07:10:00,0.0
2020-08-15 07:10:00,0.0
2020-08-15 07:10:00,0.0
2020-08-15 07:10:00,0.0
2020-08-15 07:25:00,0.0
2020-08-15 07:25:00,0.0
2020-08-15 07:25:00,0.0
2020-08-15 07:25:00,0.0
2020-08-15 07:25:00,0.0
2020-08-15 07:25:00,0.0
2020-08-15 07:25:00,0.0
2020-08-15 07:25:00,0.0
2020-08-15 07:25:00,0.0
2020-08-15 07:25:00,0.0
2020-08-15 07:40:00,0.0
2020-08-15 07:40:00,0.0
2020-08-15 07:40:00,0.0
2020-08-15 07:40:00,0.0
2020-08-15 07:40:00,0.0
2020-08-15 07:40:00,0.0
2020-08-15 07:40:00,0.0
2020-08-15 07:40:00,0.0
2020-08-15 07:40:00,0.0
2020-08-15 07:40:00,0.0
2020-08-15 07:55:00,0.0
2020-08-15 07:55:00,0.0
2020-08-15 07:55:00,0.0
2020-08-15 07:55:00,0.0
2020-08-15 07:55:00,0.0
2020-08-15 07:55:00,0.0
2020-08-15 07:55:00,0.0
2020-08-15 07:55:00,0.0
2020-08-15 07:55:00,0.0
2020-08-15 07:55:00,0.0
2020-08-15 08:10:00,0.0
2020-08-15 08:10:00,0.0
2020-08-15 08:10:00,0.0
2020-08-15 08:10:00,0.0
2020-08-15 08:10:00,0.0
2020-08-15 08:10:00,0.0
2020-08-15 08:10:00,0.0
2020-08-15 08:10:00,0.0
2020-08-15 08:10:00,0.0
2020-08-15 08:10:00,0.0
2020-08-15 08:25:00,21.13
2020-08-15 08:25:00,21.13
2020-08-15 08:25:00,21.13
2020-08-15 08:25:00,21.13
2020-08-15 08:25:00,21.13
2020-08-15 08:25:00,21.13
2020-08-15 08:25:00,21.13
2020-08-15 08:25:00,21.13
2020-08-15 08:25:00,21.13
2020-08-15 08:25:00,21.13
2020-08-15 08:40:00,42.56
2020-08-15 08:40:00,42.56
2020-08-15 08:40:00,42.56
2020-08-15 08:40:00,42.56
2020-08-15 08:40:00,42.56
2020-08-15 08:40:00,42.56
2020-08-15 08:40:00,42.56
2020-08-15 08:40:00,42.56
2020-08-15 08:40:00,42.56
2020-08-15 08:40:00,42.56
2020-08-15 08:55:00,137.46
2020-08-15 08:55:00,137.46
2020-08-15 08:55:00,137.46
2020-08-15 08:55:00,137.46
2020-08-15 08:55:00,137.46
2020-08-15 08:55:00,137.46
2020-08-15 08:55:00,137.46
2020-08-15 08:55:00,137.46
2020-08-15 08:55:00,137.46
2020-08-15 08:55:00,137.46
2020-08-15 09:10:00,232.35
2020-08-15 09:10:00,232.35
2020-08-15 09:10:00,232.35
2020-08-15 09:10:00,232.35
2020-08-15 09:10:00,232.35
2020-08-15 09:10:00,232.35
2020-08-15 09:10:00,232.35
2020-08-15 09:10:00,232.35
2020-08-15 09:10:00,232.35
2020-08-15 09:10:00,232.35
2020-08-15 09:25:00,114.9
2020-08-15 09:25:00,114.9
2020-08-15 09:25:00,114.9
2020-08-15 09:25:00,114.9
2020-08-15 09:25:00,114.9
2020-08-15 09:25:00,114.9
2020-08-15 09:25:00,114.9
2020-08-15 09:25:00,114.9
2020-08-15 09:25:00,114.9
2020-08-15 09:25:00,114.9
2020-08-15 09:40:00,0.0
2020-08-15 09:40:00,0.0
2020-08-15 09:40:00,0.0
2020-08-15 09:40:00,0.0
2020-08-15 09:40:00,0.0
2020-08-15 09:40:00,0.0
2020-08-15 09:40:00,0.0
2020-08-15 09:40:00,0.0
2020-08-15 09:40:00,0.0
2020-08-15 09:40:00,0.0
2020-08-15 09:55:00,98.38
2020-08-15 09:55:00,98.38
2020-08-15 09:55:00,98.38
2020-08-15 09:55:00,98.38
2020-08-15 09:55:00,98.38
2020-08-15 09:55:00,98.38
2020-08-15 09:55:00,98.38
2020-08-15 09:55:00,98.38
2020-08-15 09:55:00,98.38
2020-08-15 09:55:00,98.38
2020-08-15 10:10:00,199.32
2020-08-15 10:10:00,199.32
2020-08-15 10:10:00,199.32
2020-08-15 10:10:00,199.32
2020-08-15 10:10:00,199.32
2020-08-15 10:10:00,199.32
2020-08-15 10:10:00,199.32
2020-08-15 10:10:00,199.32
2020-08-15 10:10:00,199.32
2020-08-15 10:10:00,199.32
2020-08-15 10:25:00,179.6
2020-08-15 10:25:00,179.6
2020-08-15 10:25:00,179.6
2020-08-15 10:25:00,179.6
2020-08-15 10:25:00,179.6
2020-08-15 10:25:00,179.6
2020-08-15 10:25:00,179.6
2020-08-15 10:25:00,179.6
2020-08-15 10:25:00,179.6
2020-08-15 10:25:00,179.6
2020-08-15 10:40:00,159.87
2020-08-15 10:40:00,159.87
2020-08-15 10:40:00,159.87
2020-08-15 10:40:00,159.87
2020-08-15 10:40:00,159.87
2020-08-15 10:40:00,159.87
2020-08-15 10:40:00,159.87
2020-08-15 10:40:00,159.87
2020-08-15 10:40:00,159.87
2020-08-15 10:40:00,159.87
2020-08-15 10:55:00,110.83
2020-08-15 10:55:00,110.83
2020-08-15 10:55:00,110.83
2020-08-15 10:55:00,110.83
2020-08-15 10:55:00,110.83
2020-08-15 10:55:00,110.83
2020-08-15 10:55:00,110.83
2020-08-15 10:55:00,110.83
2020-08-15 10:55:00,110.83
2020-08-15 10:55:00,110.83
2020-08-15 11:10:00,61.79
2020-08-15 11:10:00,61.79
2020-08-15 11:10:00,61.79
2020-08-15 11:10:00,61.79
2020-08-15 11:10:00,61.79
2020-08-15 11:10:00,61.79
2020-08-15 11:10:00,61.79
2020-08-15 11:10:00,61.79
2020-08-15 11:10:00,61.79
2020-08-15 11:10:00,61.79
2020-08-15 11:25:00,30.74
2020-08-15 11:25:00,30.74
2020-08-15 11:25:00,30.74
2020-08-15 11:25:00,30.74
2020-08-15 11:25:00,30.74
2020-08-15 11:25:00,30.74
2020-08-15 11:25:00,30.74
2020-08-15 11:25:00,30.74
2020-08-15 11:25:00,30.74
2020-08-15 11:25:00,30.74
2020-08-15 11:40:00,0.0
2020-08-15 11:40:00,0.0
2020-08-15 11:40:00,0.0
2020-08-15 11:40:00,0.0
2020-08-15 11:40:00,0.0
2020-08-15 11:40:00,0.0
2020-08-15 11:40:00,0.0
2020-08-15 11:40:00,0.0
2020-08-15 11:40:00,0.0
2020-08-15 11:40:00,0.0
2020-08-15 11:55:00,0.0
2020-08-15 11:55:00,0.0
2020-08-15 11:55:00,0.0
2020-08-15 11:55:00,0.0
2020-08-15 11:55:00,0.0
2020-08-15 11:55:00,0.0
2020-08-15 11:55:00,0.0
2020-08-15 11:55:00,0.0
2020-08-15 11:55:00,0.0
2020-08-15 11:55:00,0.0
2020-08-15 12:10:00,0.0
2020-08-15 12:10:00,0.0
2020-08-15 12:10:00,0.0
2020-08-15 12:10:00,0.0
2020-08-15 12:10:00,0.0
2020-08-15 12:10:00,0.0
2020-08-15 12:10:00,0.0
2020-08-15 12:10:00,0.0
2020-08-15 12:10:00,0.0
2020-08-15 12:10:00,0.0
2020-08-15 12:25:00,0.0
2020-08-15 12:25:00,0.0
2020-08-15 12:25:00,0.0
2020-08-15 12:25:00,0.0
2020-08-15 12:25:00,0.0
2020-08-15 12:25:00,0.0
2020-08-15 12:25:00,0.0
2020-08-15 12:25:00,0.0
2020-08-15 12:25:00,0.0
2020-08-15 12:25:00,0.0
2020-08-15 12:40:00,0.0
2020-08-15 12:40:00,0.0
2020-08-15 12:40:00,0.0
2020-08-15 12:40:00,0.0
2020-08-15 12:40:00,0.0
2020-08-15 12:40:00,0.0
2020-08-15 12:40:00,0.0
2020-08-15 12:40:00,0.0
2020-08-15 12:40:00,0.0
2020-08-15 12:40:00,0.0
2020-08-15 12:55:00,0.0
2020-08-15 12:55:00,0.0
2020-08-15 12:55:00,0.0
2020-08-15 12:55:00,0.0
2020-08-15 12:55:00,0.0
2020-08-15 12:55:00,0.0
2020-08-15 12:55:00,0.0
2020-08-15 12:55:00,0.0
2020-08-15 12:55:00,0.0
2020-08-15 12:55:00,0.0
2020-08-15 13:10:00,0.0
2020-08-15 13:10:00,0.0
2020-08-15 13:10:00,0.0
2020-08-15 13:10:00,0.0
2020-08-15 13:10:00,0.0
2020-08-15 13:10:00,0.0
2020-08-15 13:10:00,0.0
2020-08-15 13:10:00,0.0
2020-08-15 13:10:00,0.0
2020-08-15 13:10:00,0.0
2020-08-15 13:25:00,0.0
2020-08-15 13:25:00,0.0
2020-08-15 13:25:00,0.0
2020-08-15 13:25:00,0.0
2020-08-15 13:25:00,0.0
2020-08-15 13:25:00,0.0
2020-08-15 13:25:00,0.0
2020-08-15 13:25:00,0.0
2020-08-15 13:25:00,0.0
2020-08-15 13:25:00,0.0
2020-08-15 13:40:00,0.0
2020-08-15 13:40:00,0.0
2020-08-15 13:40:00,0.0
2020-08-15 13:40:00,0.0
2020-08-15 13:40:00,0.0
2020-08-15 13:40:00,0.0
2020-08-15 13:40:00,0.0
2020-08-15 13:40:00,0.0
2020-08-15 13:40:00,0.0
2020-08-15 13:40:00,0.0
2020-08-15 13:55:00,0.0
2020-08-15 13:55:00,0.0
2020-08-15 13:55:00,0.0
2020-08-15 13:55:00,0.0
2020-08-15 13:55:00,0.0
2020-08-15 13:55:00,0.0
2020-08-15 13:55:00,0.0
2020-08-15 13:55:00,0.0
2020-08-15 13:55:00,0.0
2020-08-15 13:55:00,0.0
2020-08-15 14:10:00,0.0
2020-08-15 14:10:00,0.0
2020-08-15 14:10:00,0.0
2020-08-15 14:10:00,0.0
2020-08-15 14:10:00,0.0
2020-08-15 14:10:00,0.0
2020-08-15 14:10:00,0.0
2020-08-15 14:10:00,0.0
2020-08-15 14:10:00,0.0
2020-08-15 14:10:00,0.0
2020-08-15 14:25:00,0.0
2020-08-15 14:25:00,0.0
2020-08-15 14:25:00,0.0
2020-08-15 14:25:00,0.0
2020-08-15 14:25:00,0.0
2020-08-15 14:25:00,0.0
2020-08-15 14:25:00,0.0
2020-08-15 14:25:00,0.0
2020-08-15 14:25:00,0.0
2020-08-15 14:25:00,0.0
2020-08-15 14:40:00,0.0
2020-08-15 14:40:00,0.0
2020-08-15 14:40:00,0.0
2020-08-15 14:40:00,0.0
2020-08-15 14:40:00,0.0
2020-08-15 14:40:00,0.0
2020-08-15 14:40:00,0.0
2020-08-15 14:40:00,0.0
2020-08-15 14:40:00,0.0
2020-08-15 14:40:00,0.0
2020-08-15 14:55:00,94.94
2020-08-15 14:55:00,94.94
2020-08-15 14:55:00,94.94
2020-08-15 14:55:00,94.94
2020-08-15 14:55:00,94.94
2020-08-15 14:55:00,94.94
2020-08-15 14:55:00,94.94
2020-08-15 14:55:00,94.94
2020-08-15 14:55:00,94.94
2020-08-15 14:55:00,94.94
2020-08-15 15:10:00,190.19
2020-08-15 15:10:00,190.19
2020-08-15 15:10:00,190.19
2020-08-15 15:10:00,190.19
2020-08-15 15:10:00,190.19
2020-08-15 15:10:00,190.19
2020-08-15 15:10:00,190.19
2020-08-15 15:10:00,190.19
2020-08-15 15:10:00,190.19
2020-08-15 15:10:00,190.19
2020-08-15 15:25:00,218.28
2020-08-15 15:25:00,218.28
2020-08-15 15:25:00,218.28
2020-08-15 15:25:00,218.28
2020-08-15 15:25:00,218.28
2020-08-15 15:25:00,218.28
2020-08-15 15:25:00,218.28
2020-08-15 15:25:00,218.28
2020-08-15 15:25:00,218.28
2020-08-15 15:25:00,218.28
2020-08-15 15:40:00,246.38
2020-08-15 15:40:00,246.38
2020-08-15 15:40:00,246.38
2020-08-15 15:40:00,246.38
2020-08-15 15:40:00,246.38
2020-08-15 15:40:00,246.38
2020-08-15 15:40:00,246.38
2020-08-15 15:40:00,246.38
2020-08-15 15:40:00,246.38
2020-08-15 15:40:00,246.38
2020-08-15 15:55:00,123.04
2020-08-15 15:55:00,123.04
2020-08-15 15:55:00,123.04
2020-08-15 15:55:00,123.04
2020-08-15 15:55:00,123.04
2020-08-15 15:55:00,123.04
2020-08-15 15:55:00,123.04
2020-08-15 15:55:00,123.04
2020-08-15 15:55:00,123.04
2020-08-15 15:55:00,123.04
2020-08-15 16:10:00,0.0
2020-08-15 16:10:00,0.0
2020-08-15 16:10:00,0.0
2020-08-15 16:10:00,0.0
2020-08-15 16:10:00,0.0
2020-08-15 16:10:00,0.0
2020-08-15 16:10:00,0.0
2020-08-15 16:10:00,0.0
2020-08-15 16:10:00,0.0
2020-08-15 16:10:00,0.0
2020-08-15 16:25:00,14.38
2020-08-15 16:25:00,14.38
2020-08-15 16:25:00,14.38
2020-08-15 16:25:00,14.38
2020-08-15 16:25:00,14.38
2020-08-15 16:25:00,14.38
2020-08-15 16:25:00,14.38
2020-08-15 16:25:00,14.38
2020-08-15 16:25:00,14.38
2020-08-15 16:25:00,14.38
2020-08-15 16:40:00,29.06
2020-08-15 16:40:00,29.06
2020-08-15 16:40:00,29.06
2020-08-15 16:40:00,29.06
2020-08-15 16:40:00,29.06
2020-08-15 16:40:00,29.06
2020-08-15 16:40:00,29.06
2020-08-15 16:40:00,29.06
2020-08-15 16:40:00,29.06
2020-08-15 16:40:00,29.06
2020-08-15 16:55:00,14.38
2020-08-15 16:55:00,14.38
2020-08-15 16:55:00,14.38
2020-08-15 16:55:00,14.38
2020-08-15 16:55:00,14.38
2020-08-15 16:55:00,14.38
2020-08-15 16:55:00,14.38
2020-08-15 16:55:00,14.38
2020-08-15 16:55:00,14.38
2020-08-15 16:55:00,14.38
2020-08-15 17:10:00,0.0
2020-08-15 17:10:00,0.0
2020-08-15 17:10:00,0.0
2020-08-15 17:10:00,0.0
2020-08-15 17:10:00,0.0
2020-08-15 17:10:00,0.0
2020-08-15 17:10:00,0.0
2020-08-15 17:10:00,0.0
2020-08-15 17:10:00,0.0
2020-08-15 17:10:00,0.0
2020-08-15 17:25:00,0.0
2020-08-15 17:25:00,0.0
2020-08-15 17:25:00,0.0
2020-08-15 17:25:00,0.0
2020-08-15 17:25:00,0.0
2020-08-15 17:25:00,0.0
2020-08-15 17:25:00,0.0
2020-08-15 17:25:00,0.0
2020-08-15 17:25:00,0.0
2020-08-15 17:25:00,0.0
2020-08-15 17:40:00,0.0
2020-08-15 17:40:00,0.0
2020-08-15 17:40:00,0.0
2020-08-15 17:40:00,0.0
2020-08-15 17:40:00,0.0
2020-08-15 17:40:00,0.0
2020-08-15 17:40:00,0.0
2020-08-15 17:40:00,0.0
2020-08-15 17:40:00,0.0
2020-08-15 17:40:00,0.0
2020-08-15 17:55:00,0.0
2020-08-15 17:55:00,0.0
2020-08-15 17:55:00,0.0
2020-08-15 17:55:00,0.0
2020-08-15 17:55:00,0.0
2020-08-15 17:55:00,0.0
2020-08-15 17:55:00,0.0
2020-08-15 17:55:00,0.0
2020-08-15 17:55:00,0.0
2020-08-15 17:55:00,0.0
2020-08-15 18:10:00,0.0
2020-08-15 18:10:00,0.0
2020-08-15 18:10:00,0.0
2020-08-15 18:10:00,0.0
2020-08-15 18:10:00,0.0
2020-08-15 18:10:00,0.0
2020-08-15 18:10:00,0.0
2020-08-15 18:10:00,0.0
2020-08-15 18:10:00,0.0
2020-08-15 18:10:00,0.0
2020-08-15 18:25:00,42.64
2020-08-15 18:25:00,42.64
2020-08-15 18:25:00,42.64
2020-08-15 18:25:00,42.64
2020-08-15 18:25:00,42.64
2020-08-15 18:25:00,42.64
2020-08-15 18:25:00,42.64
2020-08-15 18:25:00,42.64
2020-08-15 18:25:00,42.64
2020-08-15 18:25:00,42.64
2020-08-15 18:40:00,85.58
2020-08-15 18:40:00,85.58
2020-08-15 18:40:00,85.58
2020-08-15 18:40:00,85.58
2020-08-15 18:40:00,85.58
2020-08-15 18:40:00,85.58
2020-08-15 18:40:00,85.58
2020-08-15 18:40:00,85.58
2020-08-15 18:40:00,85.58
2020-08-15 18:40:00,85.58
2020-08-15 18:55:00,94.82
2020-08-15 18:55:00,94.82
2020-08-15 18:55:00,94.82
2020-08-15 18:55:00,94.82
2020-08-15 18:55:00,94.82
2020-08-15 18:55:00,94.82
2020-08-15 18:55:00,94.82
2020-08-15 18:55:00,94.82
2020-08-15 18:55:00,94.82
2020-08-15 18:55:00,94.82
2020-08-15 19:10:00,104.07
2020-08-15 19:10:00,104.07
2020-08-15 19:10:00,104.07
2020-08-15 19:10:00,104.07
2020-08-15 19:10:00,104.07
2020-08-15 19:10:00,104.07
2020-08-15 19:10:00,104.07
2020-08-15 19:10:00,104.07
2020-08-15 19:10:00,104.07
2020-08-15 19:10:00,104.07
2020-08-15 19:25:00,51.88
2020-08-15 19:25:00,51.88
2020-08-15 19:25:00,51.88
2020-08-15 19:25:00,51.88
2020-08-15 19:25:00,51.88
2020-08-15 19:25:00,51.88
2020-08-15 19:25:00,51.88
2020-08-15 19:25:00,51.88
2020-08-15 19:25:00,51.88
2020-08-15 19:25:00,51.88
2020-08-15 19:40:00,0.0
2020-08-15 19:40:00,0.0
2020-08-15 19:40:00,0.0
2020-08-15 19:40:00,0.0
2020-08-15 19:40:00,0.0
2020-08-15 19:40:00,0.0
2020-08-15 19:40:00,0.0
2020-08-15 19:40:00,0.0
2020-08-15 19:40:00,0.0
2020-08-15 19:40:00,0.0
2020-08-15 19:55:00,0.0
2020-08-15 19:55:00,0.0
2020-08-15 19:55:00,0.0
2020-08-15 19:55:00,0.0
2020-08-15 19:55:00,0.0
2020-08-15 19:55:00,0.0
2020-08-15 19:55:00,0.0
2020-08-15 19:55:00,0.0
2020-08-15 19:55:00,0.0
2020-08-15 19:55:00,0.0
2020-08-15 20:10:00,0.0
2020-08-15 20:10:00,0.0
2020-08-15 20:10:00,0.0
2020-08-15 20:10:00,0.0
2020-08-15 20:10:00,0.0
2020-08-15 20:10:00,0.0
2020-08-15 20:10:00,0.0
2020-08-15 20:10:00,0.0
2020-08-15 20:10:00,0.0
2020-08-15 20:10:00,0.0
2020-08-15 20:25:00,0.0
2020-08-15 20:25:00,0.0
2020-08-15 20:25:00,0.0
2020-08-15 20:25:00,0.0
2020-08-15 20:25:00,0.0
2020-08-15 20:25:00,0.0
2020-08-15 20:25:00,0.0
2020-08-15 20:25:00,0.0
2020-08-15 20:25:00,0.0
2020-08-15 20:25:00,0.0
2020-08-15 20:40:00,0.0
2020-08-15 20:40:00,0.0
2020-08-15 20:40:00,0.0
2020-08-15 20:40:00,0.0
2020-08-15 20:40:00,0.0
2020-08-15 20:40:00,0.0
2020-08-15 20:40:00,0.0
2020-08-15 20:40:00,0.0
2020-08-15 20:40:00,0.0
2020-08-15 20:40:00,0.0
2020-08-15 20:55:00,0.0
2020-08-15 20:55:00,0.0
2020-08-15 20:55:00,0.0
2020-08-15 20:55:00,0.0
2020-08-15 20:55:00,0.0
2020-08-15 20:55:00,0.0
2020-08-15 20:55:00,0.0
2020-08-15 20:55:00,0.0
2020-08-15 20:55:00,0.0
2020-08-15 20:55:00,0.0
2020-08-15 21:10:00,0.0
2020-08-15 21:10:00,0.0
2020-08-15 21:10:00,0.0
2020-08-15 21:10:00,0.0
2020-08-15 21:10:00,0.0
2020-08-15 21:10:00,0.0
2020-08-15 21:10:00,0.0
2020-08-15 21:10:00,0.0
2020-08-15 21:10:00,0.0
2020-08-15 21:10:00,0.0
2020-08-15 21:25:00,0.0
2020-08-15 21:25:00,0.0
2020-08-15 21:25:00,0.0
2020-08-15 21:25:00,0.0
2020-08-15 21:25:00,0.0
2020-08-15 21:25:00,0.0
2020-08-15 21:25:00,0.0
2020-08-15 21:25:00,0.0
2020-08-15 21:25:00,0.0
2020-08-15 21:25:00,0.0
2020-08-15 21:40:00,0.0
2020-08-15 21:40:00,0.0
2020-08-15 21:40:00,0.0
2020-08-15 21:40:00,0.0
2020-08-15 21:40:00,0.0
2020-08-15 21:40:00,0.0
2020-08-15 21:40:00,0.0
2020-08-15 21:40:00,0.0
2020-08-15 21:40:00,0.0
2020-08-15 21:40:00,0.0
2020-08-15 21:55:00,0.0
2020-08-15 21:55:00,0.0
2020-08-15 21:55:00,0.0
2020-08-15 21:55:00,0.0
2020-08-15 21:55:00,0.0
2020-08-15 21:55:00,0.0
2020-08-15 21:55:00,0.0
2020-08-15 21:55:00,0.0
2020-08-15 21:55:00,0.0
2020-08-15 21:55:00,0.0
2020-08-15 22:10:00,0.0
2020-08-15 22:10:00,0.0
2020-08-15 22:10:00,0.0
2020-08-15 22:10:00,0.0
2020-08-15 22:10:00,0.0
2020-08-15 22:10:00,0.0
2020-08-15 22:10:00,0.0
2020-08-15 22:10:00,0.0
2020-08-15 22:10:00,0.0
2020-08-15 22:10:00,0.0
2020-08-15 22:25:00,0.0
2020-08-15 22:25:00,0.0
2020-08-15 22:25:00,0.0
2020-08-15 22:25:00,0.0
2020-08-15 22:25:00,0.0
2020-08-15 22:25:00,0.0
2020-08-15 22:25:00,0.0
2020-08-15 22:25:00,0.0
2020-08-15 22:25:00,0.0
2020-08-15 22:25:00,0.0
2020-08-15 22:40:00,0.0
2020-08-15 22:40:00,0.0
2020-08-15 22:40:00,0.0
2020-08-15 22:40:00,0.0
2020-08-15 22:40:00,0.0
2020-08-15 22:40:00,0.0
2020-08-15 22:40:00,0.0
2020-08-15 22:40:00,0.0
2020-08-15 22:40:00,0.0
2020-08-15 22:40:00,0.0
2020-08-15 22:55:00,0.0
2020-08-15 22:55:00,0.0
2020-08-15 22:55:00,0.0
2020-08-15 22:55:00,0.0
2020-08-15 22:55:00,0.0
2020-08-15 22:55:00,0.0
2020-08-15 22:55:00,0.0
2020-08-15 22:55:00,0.0
2020-08-15 22:55:00,0.0
2020-08-15 22:55:00,0.0
2020-08-15 23:10:00,0.0
2020-08-15 23:10:00,0.0
2020-08-15 23:10:00,0.0
2020-08-15 23:10:00,0.0
2020-08-15 23:10:00,0.0
2020-08-15 23:10:00,0.0
2020-08-15 23:10:00,0.0
2020-08-15 23:10:00,0.0
2020-08-15 23:10:00,0.0
2020-08-15 23:10:00,0.0
2020-08-15 23:25:00,0.0
2020-08-15 23:25:00,0.0
2020-08-15 23:25:00,0.0
2020-08-15 23:25:00,0.0
2020-08-15 23:25:00,0.0
2020-08-15 23:25:00,0.0
2020-08-15 23:25:00,0.0
2020-08-15 23:25:00,0.0
2020-08-15 23:25:00,0.0
2020-08-15 23:25:00,0.0
2020-08-15 23:40:00,0.0
2020-08-15 23:40:00,0.0
2020-08-15 23:40:00,0.0
2020-08-15 23:40:00,0.0
2020-08-15 23:40:00,0.0
2020-08-15 23:40:00,0.0
2020-08-15 23:40:00,0.0
2020-08-15 23:40:00,0.0
2020-08-15 23:40:00,0.0
2020-08-15 23:40:00,0.0
2020-08-15 23:55:00,0.0
2020-08-15 23:55:00,0.0
2020-08-15 23:55:00,0.0
2020-08-15 23:55:00,0.0
2020-08-15 23:55:00,0.0
2020-08-15 23:55:00,0.0
2020-08-15 23:55:00,0.0
2020-08-15 23:55:00,0.0
2020-08-15 23:55:00,0.0
2020-08-15 23:55:00,0.0
2020-08-16 00:10:00,0.0
2020-08-16 00:10:00,0.0
2020-08-16 00:10:00,0.0
2020-08-16 00:10:00,0.0
2020-08-16 00:10:00,0.0
2020-08-16 00:10:00,0.0
2020-08-16 00:10:00,0.0
2020-08-16 00:10:00,0.0
2020-08-16 00:10:00,0.0
2020-08-16 00:10:00,0.0
2020-08-16 00:25:00,0.0
2020-08-16 00:25:00,0.0
2020-08-16 00:25:00,0.0
2020-08-16 00:25:00,0.0
2020-08-16 00:25:00,0.0
2020-08-16 00:25:00,0.0
2020-08-16 00:25:00,0.0
2020-08-16 00:25:00,0.0
2020-08-16 00:25:00,0.0
2020-08-16 00:25:00,0.0
2020-08-16 00:40:00,0.0
2020-08-16 00:40:00,0.0
2020-08-16 00:40:00,0.0
2020-08-16 00:40:00,0.0
2020-08-16 00:40:00,0.0
2020-08-16 00:40:00,0.0
2020-08-16 00:40:00,0.0
2020-08-16 00:40:00,0.0
2020-08-16 00:40:00,0.0
2020-08-16 00:40:00,0.0
2020-08-16 00:55:00,0.0
2020-08-16 00:55:00,0.0
2020-08-16 00:55:00,0.0
2020-08-16 00:55:00,0.0
2020-08-16 00:55:00,0.0
2020-08-16 00:55:00,0.0
2020-08-16 00:55:00,0.0
2020-08-16 00:55:00,0.0
2020-08-16 00:55:00,0.0
2020-08-16 00:55:00,0.0
