step,defers,green_w_dc0,green_w_dc1,green_w_dc2,green_w_dc3,green_w_dc4,power_w_dc0,power_w_dc1,power_w_dc2,power_w_dc3,power_w_dc4,greenratio_dc0,greenratio_dc1,greenratio_dc2,greenratio_dc3,greenratio_dc4,waste_wh_dc0,waste_wh_dc1,waste_wh_dc2,waste_wh_dc3,waste_wh_dc4,queue_dc0,queue_dc1,queue_dc2,queue_dc3,queue_dc4,util_dc0,util_dc1,util_dc2,util_dc3,util_dc4,avail_pes_dc0,avail_pes_dc1,avail_pes_dc2,avail_pes_dc3,avail_pes_dc4,pred_pes_dc0,pred_pes_dc1,pred_pes_dc2,pred_pes_dc3,pred_pes_dc4,routed_dc0,routed_dc1,routed_dc2,routed_dc3,routed_dc4
0,123,25.559999465942383,0.0,0.0,0.0,0.0,0.0,0.0,0.0,0.0,0.0,0.0,0.0,0.0,0.0,0.0,0.0,0.0,0.0,0.0,0.0,0.0,0.0,0.0,0.0,0.0,0.0,0.0,0.0,0.0,0.0,480.0,384.0,296.0,240.0,144.0,8.0,0.0,0.0,0.0,0.0,5,0,0,0,0
1,125,120.55999755859375,0.0,0.0,0.0,0.0,0.0,0.0,0.0,0.0,0.0,0.0,0.0,0.0,0.0,0.0,0.06697777658700943,0.0,0.0,0.0,0.0,5.0,0.0,0.0,0.0,0.0,0.0,0.0,0.0,0.0,0.0,480.0,384.0,296.0,240.0,144.0,14.0,0.0,0.0,0.0,0.0,3,0,0,0,0
2,125,135.26666259765625,0.0,0.0,0.0,0.0,129.5,0.0,0.0,0.0,0.0,1.0,0.0,0.0,0.0,0.0,0.06857962906360626,0.0,0.0,0.0,0.0,0.0,0.0,0.0,0.0,0.0,0.004999999888241291,0.0,0.0,0.0,0.0,480.0,384.0,296.0,240.0,144.0,19.0,0.0,0.0,0.0,0.0,3,0,0,0,0
3,124,4.0333333015441895,0.0,0.0,0.0,0.0,208.625,0.0,0.0,0.0,0.0,0.39492297172546387,0.0,0.0,0.0,0.0,0.06857962906360626,0.0,0.0,0.0,0.0,0.0,0.0,0.0,0.0,0.0,0.008750000037252903,0.0,0.0,0.0,0.0,480.0,384.0,296.0,240.0,144.0,26.0,0.0,0.0,0.0,0.0,4,0,0,0,0
4,128,0.0,0.0,0.0,0.0,0.0,214.5625,0.0,0.0,0.0,0.0,0.24160729348659515,0.0,0.0,0.0,0.0,0.06857962906360626,0.0,0.0,0.0,0.0,0.0,0.0,0.0,0.0,0.0,0.011874999850988388,0.0,0.0,0.0,0.0,480.0,384.0,296.0,240.0,144.0,26.0,0.0,0.0,0.0,0.0,0,0,0,0,0
5,126,0.0,0.0,0.0,0.0,0.0,270.875,0.0,0.0,0.0,0.0,0.1621410995721817,0.0,0.0,0.0,0.0,0.06857962906360626,0.0,0.0,0.0,0.0,0.0,0.0,0.0,0.0,0.0,0.016249999403953552,0.0,0.0,0.0,0.0,480.0,384.0,296.0,240.0,144.0,30.0,0.0,0.0,0.0,0.0,2,0,0,0,0
6,127,0.0,0.0,0.0,0.0,0.0,270.875,0.0,0.0,0.0,0.0,0.12201092392206192,0.0,0.0,0.0,0.0,0.06857962906360626,0.0,0.0,0.0,0.0,0.0,0.0,0.0,0.0,0.0,0.016249999403953552,0.0,0.0,0.0,0.0,480.0,384.0,296.0,240.0,144.0,34.0,0.0,0.0,0.0,0.0,1,0,0,0,0
7,127,0.0,0.0,0.0,0.0,0.0,275.625,0.0,0.0,0.0,0.0,0.0974651426076889,0.0,0.0,0.0,0.0,0.06857962906360626,0.0,0.0,0.0,0.0,0.0,0.0,0.0,0.0,0.0,0.01875000074505806,0.0,0.0,0.0,0.0,480.0,384.0,296.0,240.0,144.0,36.0,0.0,0.0,0.0,0.0,1,0,0,0,0
8,123,0.0,0.0,0.0,0.0,0.0,280.375,0.0,0.0,0.0,0.0,0.08090783655643463,0.0,0.0,0.0,0.0,0.06857962906360626,0.0,0.0,0.0,0.0,0.0,0.0,0.0,0.0,0.0,0.021250000223517418,0.0,0.0,0.0,0.0,480.0,384.0,296.0,240.0,144.0,45.0,0.0,0.0,0.0,0.0,5,0,0,0,0
9,128,0.0,0.0,0.0,0.0,0.0,282.75,0.0,0.0,0.0,0.0,0.06907417625188828,0.0,0.0,0.0,0.0,0.06857962906360626,0.0,0.0,0.0,0.0,0.0,0.0,0.0,0.0,0.0,0.02250000089406967,0.0,0.0,0.0,0.0,480.0,384.0,296.0,240.0,144.0,43.0,0.0,0.0,0.0,0.0,0,0,0,0,0
10,126,0.0,0.0,0.0,0.0,0.0,293.4375,0.0,0.0,0.0,0.0,0.05997118353843689,0.0,0.0,0.0,0.0,0.06857962906360626,0.0,0.0,0.0,0.0,0.0,0.0,0.0,0.0,0.0,0.02812499925494194,0.0,0.0,0.0,0.0,435.0,384.0,296.0,240.0,144.0,45.0,0.0,0.0,0.0,0.0,2,0,0,0,0
11,125,0.0,0.0,0.0,0.0,0.0,293.4375,0.0,0.0,0.0,0.0,0.05298810452222824,0.0,0.0,0.0,0.0,0.06857962906360626,0.0,0.0,0.0,0.0,0.0,0.0,0.0,0.0,0.0,0.02812499925494194,0.0,0.0,0.0,0.0,435.0,384.0,296.0,240.0,144.0,49.0,0.0,0.0,0.0,0.0,3,0,0,0,0
12,123,0.0,0.0,0.0,0.0,0.0,295.8125,0.0,0.0,0.0,0.0,0.04742161184549332,0.0,0.0,0.0,0.0,0.06857962906360626,0.0,0.0,0.0,0.0,0.0,0.0,0.0,0.0,0.0,0.029374999925494194,0.0,0.0,0.0,0.0,435.0,384.0,296.0,240.0,144.0,62.0,0.0,0.0,0.0,0.0,5,0,0,0,0
13,121,0.0,0.0,0.0,0.0,0.0,300.5625,0.0,0.0,0.0,0.0,0.042848069220781326,0.0,0.0,0.0,0.0,0.06857962906360626,0.0,0.0,0.0,0.0,0.0,0.0,0.0,0.0,0.0,0.03187499940395355,0.0,0.0,0.0,0.0,435.0,384.0,296.0,240.0,144.0,79.0,0.0,0.0,0.0,0.0,7,0,0,0,0
14,124,0.0,0.0,0.0,0.0,0.0,314.8125,0.0,0.0,0.0,0.0,0.03891681879758835,0.0,0.0,0.0,0.0,0.06857962906360626,0.0,0.0,0.0,0.0,0.0,0.0,0.0,0.0,0.0,0.039374999701976776,0.0,0.0,0.0,0.0,417.0,384.0,296.0,240.0,144.0,88.0,0.0,0.0,0.0,0.0,4,0,0,0,0
15,126,0.0,0.0,0.0,0.0,0.0,323.125,0.0,0.0,0.0,0.0,0.03556739538908005,0.0,0.0,0.0,0.0,0.06857962906360626,0.0,0.0,0.0,0.0,0.0,0.0,0.0,0.0,0.0,0.04374999925494194,0.0,0.0,0.0,0.0,417.0,384.0,296.0,240.0,144.0,93.0,0.0,0.0,0.0,0.0,2,0,0,0,0
16,125,0.0,0.0,0.0,0.0,0.0,330.25,0.0,0.0,0.0,0.0,0.032691698521375656,0.0,0.0,0.0,0.0,0.06857962906360626,0.0,0.0,0.0,0.0,0.0,0.0,0.0,0.0,0.0,0.04749999940395355,0.0,0.0,0.0,0.0,417.0,384.0,296.0,240.0,144.0,96.0,0.0,0.0,0.0,0.0,3,0,0,0,0
17,127,0.0,0.0,0.0,0.0,0.0,336.1875,0.0,0.0,0.0,0.0,0.030205609276890755,0.0,0.0,0.0,0.0,0.06857962906360626,0.0,0.0,0.0,0.0,0.0,0.0,0.0,0.0,0.0,0.05062500014901161,0.0,0.0,0.0,0.0,399.0,384.0,296.0,240.0,144.0,100.0,0.0,0.0,0.0,0.0,1,0,0,0,0
18,128,0.0,0.0,0.0,0.0,0.0,339.75,0.0,0.0,0.0,0.0,0.028049906715750694,0.0,0.0,0.0,0.0,0.06857962906360626,0.0,0.0,0.0,0.0,0.0,0.0,0.0,0.0,0.0,0.05249999836087227,0.0,0.0,0.0,0.0,394.0,384.0,296.0,240.0,144.0,100.0,0.0,0.0,0.0,0.0,0,0,0,0,0
19,125,0.0,0.0,0.0,0.0,0.0,339.75,0.0,0.0,0.0,0.0,0.026181401684880257,0.0,0.0,0.0,0.0,0.06857962906360626,0.0,0.0,0.0,0.0,0.0,0.0,0.0,0.0,0.0,0.05249999836087227,0.0,0.0,0.0,0.0,396.0,384.0,296.0,240.0,144.0,104.0,0.0,0.0,0.0,0.0,3,0,0,0,0
20,126,0.0,0.0,0.0,0.0,0.0,339.75,0.0,0.0,0.0,0.0,0.024546286091208458,0.0,0.0,0.0,0.0,0.06857962906360626,0.0,0.0,0.0,0.0,0.0,0.0,0.0,0.0,0.0,0.05249999836087227,0.0,0.0,0.0,0.0,396.0,384.0,296.0,240.0,144.0,107.0,0.0,0.0,0.0,0.0,2,0,0,0,0
21,125,0.0,0.0,0.0,0.0,0.0,344.5,0.0,0.0,0.0,0.0,0.023084430024027824,0.0,0.0,0.0,0.0,0.06857962906360626,0.0,0.0,0.0,0.0,0.0,0.0,0.0,0.0,0.0,0.054999999701976776,0.0,0.0,0.0,0.0,396.0,384.0,296.0,240.0,144.0,109.0,0.0,0.0,0.0,0.0,3,0,0,0,0
22,126,0.0,0.0,0.0,0.0,0.0,350.4375,0.0,0.0,0.0,0.0,0.021765824407339096,0.0,0.0,0.0,0.0,0.06857962906360626,0.0,0.0,0.0,0.0,0.0,0.0,0.0,0.0,0.0,0.058125000447034836,0.0,0.0,0.0,0.0,387.0,384.0,296.0,240.0,144.0,110.0,0.0,0.0,0.0,0.0,2,0,0,0,0
23,125,0.0,0.0,0.0,0.0,0.0,357.5625,0.0,0.0,0.0,0.0,0.020567122846841812,0.0,0.0,0.0,0.0,0.06857962906360626,0.0,0.0,0.0,0.0,0.0,0.0,0.0,0.0,0.0,0.06187500059604645,0.0,0.0,0.0,0.0,381.0,384.0,296.0,240.0,144.0,116.0,0.0,0.0,0.0,0.0,3,0,0,0,0
24,125,0.0,0.0,0.0,0.0,0.0,363.5,0.0,0.0,0.0,0.0,0.01947668008506298,0.0,0.0,0.0,0.0,0.06857962906360626,0.0,0.0,0.0,0.0,0.0,0.0,0.0,0.0,0.0,0.06499999761581421,0.0,0.0,0.0,0.0,381.0,384.0,296.0,240.0,144.0,122.0,0.0,0.0,0.0,0.0,3,0,0,0,0
25,127,0.0,0.0,0.0,0.0,0.0,370.625,0.0,0.0,0.0,0.0,0.018477806821465492,0.0,0.0,0.0,0.0,0.06857962906360626,0.0,0.0,0.0,0.0,0.0,0.0,0.0,0.0,0.0,0.06875000149011612,0.0,0.0,0.0,0.0,370.0,384.0,296.0,240.0,144.0,123.0,0.0,0.0,0.0,0.0,1,0,0,0,0
26,124,0.0,0.0,0.0,0.0,0.0,375.375,0.0,0.0,0.0,0.0,0.0175654087215662,0.0,0.0,0.0,0.0,0.06857962906360626,0.0,0.0,0.0,0.0,0.0,0.0,0.0,0.0,0.0,0.07124999910593033,0.0,0.0,0.0,0.0,366.0,384.0,296.0,240.0,144.0,130.0,0.0,0.0,0.0,0.0,4,0,0,0,0
27,127,0.0,0.0,0.0,0.0,0.0,374.1875,0.0,0.0,0.0,0.0,0.016741367056965828,0.0,0.0,0.0,0.0,0.06857962906360626,0.0,0.0,0.0,0.0,0.0,0.0,0.0,0.0,0.0,0.07062499970197678,0.0,0.0,0.0,0.0,365.0,384.0,296.0,240.0,144.0,133.0,0.0,0.0,0.0,0.0,1,0,0,0,0
28,127,0.0,0.0,0.0,0.0,0.0,382.5,0.0,0.0,0.0,0.0,0.01597527600824833,0.0,0.0,0.0,0.0,0.06857962906360626,0.0,0.0,0.0,0.0,0.0,0.0,0.0,0.0,0.0,0.07500000298023224,0.0,0.0,0.0,0.0,360.0,384.0,296.0,240.0,144.0,134.0,0.0,0.0,0.0,0.0,1,0,0,0,0
29,126,0.0,0.0,0.0,0.0,0.0,386.0625,0.0,0.0,0.0,0.0,0.015270004980266094,0.0,0.0,0.0,0.0,0.06857962906360626,0.0,0.0,0.0,0.0,0.0,0.0,0.0,0.0,0.0,0.0768750011920929,0.0,0.0,0.0,0.0,357.0,384.0,296.0,240.0,144.0,135.0,0.0,0.0,0.0,0.0,2,0,0,0,0
30,127,0.0,0.0,0.0,0.0,0.0,383.6875,0.0,0.0,0.0,0.0,0.014628179371356964,0.0,0.0,0.0,0.0,0.06857962906360626,0.0,0.0,0.0,0.0,0.0,0.0,0.0,0.0,0.0,0.07562500238418579,0.0,0.0,0.0,0.0,357.0,384.0,296.0,240.0,144.0,136.0,0.0,0.0,0.0,0.0,1,0,0,0,0
31,124,0.0,0.0,0.0,0.0,0.0,387.25,0.0,0.0,0.0,0.0,0.014032875187695026,0.0,0.0,0.0,0.0,0.06857962906360626,0.0,0.0,0.0,0.0,0.0,0.0,0.0,0.0,0.0,0.07750000059604645,0.0,0.0,0.0,0.0,356.0,384.0,296.0,240.0,144.0,142.0,0.0,0.0,0.0,0.0,4,0,0,0,0
32,127,0.0,0.0,0.0,0.0,0.0,389.625,0.0,0.0,0.0,0.0,0.0134808961302042,0.0,0.0,0.0,0.0,0.06857962906360626,0.0,0.0,0.0,0.0,0.0,0.0,0.0,0.0,0.0,0.07874999940395355,0.0,0.0,0.0,0.0,354.0,384.0,296.0,240.0,144.0,144.0,0.0,0.0,0.0,0.0,1,0,0,0,0
33,127,0.0,0.0,37.5,0.0,0.0,395.5625,0.0,0.0,0.0,0.0,0.012963221408426762,0.0,0.0,0.0,0.0,0.06857962906360626,0.0,0.010416666977107525,0.0,0.0,0.0,0.0,0.0,0.0,0.0,0.08187499642372131,0.0,0.0,0.0,0.0,348.0,384.0,296.0,240.0,144.0,145.0,0.0,0.0,0.0,0.0,1,0,0,0,0
34,126,0.0,0.0,54.37333297729492,0.0,0.0,395.5625,0.0,0.0,0.0,0.0,0.01248383428901434,0.0,0.0,0.0,0.0,0.06857962906360626,0.0,0.02552037127315998,0.0,0.0,0.0,0.0,0.0,0.0,0.0,0.08187499642372131,0.0,0.0,0.0,0.0,347.0,384.0,296.0,240.0,144.0,145.0,0.0,0.0,0.0,0.0,2,0,0,0,0
35,127,0.0,0.0,35.06666564941406,0.0,0.0,397.9375,0.0,0.0,0.0,0.0,0.012036061845719814,0.0,0.0,0.0,0.0,0.06857962906360626,0.0,0.035261109471321106,0.0,0.0,0.0,0.0,0.0,0.0,0.0,0.08312500268220901,0.0,0.0,0.0,0.0,347.0,384.0,296.0,240.0,144.0,144.0,0.0,0.0,0.0,0.0,1,0,0,0,0
36,127,0.0,0.0,30.3266658782959,0.0,0.0,402.6875,0.0,0.0,0.0,0.0,0.011614497750997543,0.0,0.0,0.0,0.0,0.06857962906360626,0.0,0.0436851866543293,0.0,0.0,0.0,0.0,0.0,0.0,0.0,0.08562500029802322,0.0,0.0,0.0,0.0,343.0,384.0,296.0,240.0,144.0,146.0,0.0,0.0,0.0,0.0,1,0,0,0,0
37,127,0.0,0.0,23.68000030517578,0.0,0.0,400.3125,0.0,0.0,0.0,0.0,0.011223705485463142,0.0,0.0,0.0,0.0,0.06857962906360626,0.0,0.05026296153664589,0.0,0.0,0.0,0.0,0.0,0.0,0.0,0.08437500149011612,0.0,0.0,0.0,0.0,341.0,384.0,296.0,240.0,144.0,144.0,0.0,0.0,0.0,0.0,1,0,0,0,0
38,123,0.0,0.0,30.459999084472656,0.0,0.0,402.6875,0.0,0.0,0.0,0.0,0.010856258682906628,0.0,0.0,0.0,0.0,0.06857962906360626,0.0,0.05872407555580139,0.0,0.0,0.0,0.0,0.0,0.0,0.0,0.08562500029802322,0.0,0.0,0.0,0.0,343.0,384.0,296.0,240.0,144.0,153.0,0.0,0.0,0.0,0.0,5,0,0,0,0
39,124,0.0,0.0,37.79999923706055,0.0,0.0,405.0625,0.0,0.0,0.0,0.0,0.010510142892599106,0.0,0.0,0.0,0.0,0.06857962906360626,0.0,0.06922407448291779,0.0,0.0,0.0,0.0,0.0,0.0,0.0,0.08687499910593033,0.0,0.0,0.0,0.0,343.0,384.0,296.0,240.0,144.0,158.0,0.0,0.0,0.0,0.0,4,0,0,0,0
40,127,0.0,0.0,30.959999084472656,0.0,0.0,415.75,0.0,0.0,0.0,0.0,0.010177118703722954,0.0,0.0,0.0,0.0,0.06857962906360626,0.0,0.07782407104969025,0.0,0.0,0.0,0.0,0.0,0.0,0.0,0.0925000011920929,0.0,0.0,0.0,0.0,343.0,384.0,296.0,240.0,144.0,159.0,0.0,0.0,0.0,0.0,1,0,0,0,0
41,127,0.0,0.0,8.126667022705078,0.0,0.0,420.5,0.0,0.0,0.0,0.0,0.00986109022051096,0.0,0.0,0.0,0.0,0.06857962906360626,0.0,0.08008147776126862,0.0,0.0,0.0,0.0,0.0,0.0,0.0,0.0949999988079071,0.0,0.0,0.0,0.0,328.0,384.0,296.0,240.0,144.0,158.0,0.0,0.0,0.0,0.0,1,0,0,0,0
42,127,0.0,0.0,0.0,0.0,0.0,419.3125,0.0,0.0,0.0,0.0,0.009564911015331745,0.0,0.0,0.0,0.0,0.06857962906360626,0.0,0.08008147776126862,0.0,0.0,0.0,0.0,0.0,0.0,0.0,0.09437499940395355,0.0,0.0,0.0,0.0,327.0,384.0,296.0,240.0,144.0,155.0,0.0,0.0,0.0,0.0,1,0,0,0,0
43,128,0.0,0.0,0.0,0.0,0.0,418.125,0.0,0.0,0.0,0.0,0.009286771528422832,0.0,0.0,0.0,0.0,0.06857962906360626,0.0,0.08008147776126862,0.0,0.0,0.0,0.0,0.0,0.0,0.0,0.09375,0.0,0.0,0.0,0.0,328.0,384.0,296.0,240.0,144.0,149.0,0.0,0.0,0.0,0.0,0,0,0,0,0
44,125,0.0,21.086666107177734,0.0,0.0,0.0,421.6875,0.0,0.0,0.0,0.0,0.009022179991006851,0.0,0.0,0.0,0.0,0.06857962906360626,0.005857407581061125,0.08008147776126862,0.0,0.0,0.0,0.0,0.0,0.0,0.0,0.09562499821186066,0.0,0.0,0.0,0.0,327.0,384.0,296.0,240.0,144.0,148.0,0.0,0.0,0.0,0.0,3,0,0,0,0
45,127,0.0,0.1133333370089531,0.0,0.0,0.0,421.6875,0.0,0.0,0.0,0.0,0.008772246539592743,0.0,0.0,0.0,0.0,0.06857962906360626,0.005888889078050852,0.08008147776126862,0.0,0.0,0.0,0.0,0.0,0.0,0.0,0.09562499821186066,0.0,0.0,0.0,0.0,327.0,384.0,296.0,240.0,144.0,145.0,0.0,0.0,0.0,0.0,1,0,0,0,0
46,124,0.0,0.0,0.0,0.0,0.0,428.8125,0.0,0.0,0.0,0.0,0.008531901985406876,0.0,0.0,0.0,0.0,0.06857962906360626,0.005888889078050852,0.08008147776126862,0.0,0.0,0.0,0.0,0.0,0.0,0.0,0.09937500208616257,0.0,0.0,0.0,0.0,321.0,384.0,296.0,240.0,144.0,147.0,0.0,0.0,0.0,0.0,4,0,0,0,0
47,127,0.0,0.0,0.0,0.0,0.0,428.8125,0.0,0.0,0.0,0.0,0.008304376155138016,0.0,0.0,0.0,0.0,0.06857962906360626,0.005888889078050852,0.08008147776126862,0.0,0.0,0.0,0.0,0.0,0.0,0.0,0.09937500208616257,0.0,0.0,0.0,0.0,319.0,384.0,296.0,240.0,144.0,149.0,0.0,0.0,0.0,0.0,1,0,0,0,0
48,127,0.0,0.0,0.0,0.0,0.0,439.5,0.0,0.0,0.0,0.0,0.008083437569439411,0.0,0.0,0.0,0.0,0.06857962906360626,0.005888889078050852,0.08008147776126862,0.0,0.0,0.0,0.0,0.0,0.0,0.0,0.10499999672174454,0.0,0.0,0.0,0.0,315.0,384.0,296.0,240.0,144.0,148.0,0.0,0.0,0.0,0.0,1,0,0,0,0
49,125,3.8533332347869873,0.0,35.09333419799805,0.0,0.0,441.875,0.0,0.0,0.0,0.0,0.00810003187507391,0.0,0.0,0.0,0.0,0.06857962906360626,0.005888889078050852,0.08982963114976883,0.0,0.0,0.0,0.0,0.0,0.0,0.0,0.10625000298023224,0.0,0.0,0.0,0.0,310.0,384.0,296.0,240.0,144.0,151.0,0.0,0.0,0.0,0.0,3,0,0,0,0
50,125,25.64666748046875,0.0,35.95333480834961,0.0,0.0,439.5,0.0,0.0,0.0,0.0,0.009369327686727047,0.0,0.0,0.0,0.0,0.06857962906360626,0.005888889078050852,0.09981666505336761,0.0,0.0,0.0,0.0,0.0,0.0,0.0,0.10499999672174454,0.0,0.0,0.0,0.0,309.0,384.0,296.0,240.0,144.0,150.0,0.0,0.0,0.0,0.0,3,0,0,0,0
51,126,0.0,0.0,37.19333267211914,0.0,0.0,445.4375,0.0,0.0,0.0,0.0,0.009135471656918526,0.0,0.0,0.0,0.0,0.06857962906360626,0.005888889078050852,0.11014814674854279,0.0,0.0,0.0,0.0,0.0,0.0,0.0,0.1081250011920929,0.0,0.0,0.0,0.0,307.0,384.0,296.0,240.0,144.0,148.0,0.0,0.0,0.0,0.0,2,0,0,0,0
52,126,0.0,0.0,29.35333251953125,0.0,0.0,451.375,0.0,0.0,0.0,0.0,0.008910112082958221,0.0,0.0,0.0,0.0,0.06857962906360626,0.005888889078050852,0.11830185353755951,0.0,0.0,0.0,0.0,0.0,0.0,0.0,0.11124999821186066,0.0,0.0,0.0,0.0,302.0,384.0,296.0,240.0,144.0,150.0,0.0,0.0,0.0,0.0,2,0,0,0,0
53,125,0.0,0.0,31.280000686645508,0.0,0.0,457.3125,0.0,0.0,0.0,0.0,0.008692851290106773,0.0,0.0,0.0,0.0,0.06857962906360626,0.005888889078050852,0.12699073553085327,0.0,0.0,0.0,0.0,0.0,0.0,0.0,0.11437500268220901,0.0,0.0,0.0,0.0,297.0,384.0,296.0,240.0,144.0,152.0,0.0,0.0,0.0,0.0,3,0,0,0,0
54,126,0.0,0.0,23.706666946411133,0.0,0.0,462.0625,0.0,0.0,0.0,0.0,0.008483835496008396,0.0,0.0,0.0,0.0,0.06857962906360626,0.005888889078050852,0.1335759311914444,0.0,0.0,0.0,0.0,0.0,0.0,0.0,0.11687500029802322,0.0,0.0,0.0,0.0,297.0,384.0,296.0,240.0,144.0,149.0,0.0,0.0,0.0,0.0,2,0,0,0,0
55,126,0.0,0.0,27.406665802001953,0.0,0.0,466.8125,0.0,0.0,0.0,0.0,0.008282636292278767,0.0,0.0,0.0,0.0,0.06857962906360626,0.005888889078050852,0.14118888974189758,0.0,0.0,0.0,0.0,0.0,0.0,0.0,0.11937499791383743,0.0,0.0,0.0,0.0,289.0,384.0,296.0,240.0,144.0,151.0,0.0,0.0,0.0,0.0,2,0,0,0,0
56,128,0.0,0.0,39.08000183105469,0.0,0.0,470.375,0.0,0.0,0.0,0.0,0.008089328184723854,0.0,0.0,0.0,0.0,0.06857962906360626,0.005888889078050852,0.15204444527626038,0.0,0.0,0.0,0.0,0.0,0.0,0.0,0.12125000357627869,0.0,0.0,0.0,0.0,286.0,384.0,296.0,240.0,144.0,150.0,0.0,0.0,0.0,0.0,0,0,0,0,0
57,125,0.0,38.00666809082031,49.87333297729492,0.0,0.0,475.125,0.0,0.0,0.0,0.0,0.007903018034994602,0.0,0.0,0.0,0.0,0.06857962906360626,0.016446296125650406,0.1658981442451477,0.0,0.0,0.0,0.0,0.0,0.0,0.0,0.1237500011920929,0.0,0.0,0.0,0.0,282.0,384.0,296.0,240.0,144.0,159.0,0.0,0.0,0.0,0.0,3,0,0,0,0
58,126,5.139999866485596,131.56666564941406,60.66666793823242,0.0,0.0,472.75,0.0,0.0,0.0,0.0,0.00796954520046711,0.0,0.0,0.0,0.0,0.06857962906360626,0.05299259349703789,0.18275000154972076,0.0,0.0,3.0,0.0,0.0,0.0,0.0,0.12250000238418579,0.0,0.0,0.0,0.0,282.0,384.0,296.0,240.0,144.0,152.0,3.0,0.0,0.0,0.0,0,2,0,0,0
59,127,26.81333351135254,105.03333282470703,83.80000305175781,0.0,0.0,472.75,0.0,0.0,0.0,0.0,0.009037725627422333,0.0,0.0,0.0,0.0,0.06857962906360626,0.08216851949691772,0.2060277760028839,0.0,0.0,3.0,0.0,0.0,0.0,0.0,0.12250000238418579,0.0,0.0,0.0,0.0,284.0,384.0,296.0,240.0,144.0,147.0,4.0,0.0,0.0,0.0,0,1,0,0,0
60,127,0.0,35.526668548583984,91.91999816894531,0.0,0.0,469.1875,51.5625,0.0,0.0,0.0,0.008845364674925804,0.6890020370483398,0.0,0.0,0.0,0.06857962906360626,0.08216851949691772,0.2315611094236374,0.0,0.0,3.0,0.0,0.0,0.0,0.0,0.12062499672174454,0.0023437500931322575,0.0,0.0,0.0,284.0,384.0,296.0,240.0,144.0,144.0,4.0,3.0,0.0,0.0,0,0,1,0,0
61,126,0.0,2.2333333492279053,82.16666412353516,0.0,0.0,479.875,52.75,0.0,0.0,0.0,0.008656912483274937,0.36198922991752625,0.0,0.0,0.0,0.06857962906360626,0.08216851949691772,0.25438517332077026,0.0,0.0,0.0,0.0,0.0,0.0,0.0,0.1262499988079071,0.0031250000465661287,0.0,0.0,0.0,278.0,384.0,296.0,240.0,144.0,140.0,4.0,7.0,0.0,0.0,0,0,2,0,0
62,128,0.0,0.0,56.41999816894531,0.0,0.0,478.6875,52.75,28.49968719482422,0.0,0.0,0.008476759307086468,0.2404138445854187,1.0,0.0,0.0,0.06857962906360626,0.08216851949691772,0.26214084029197693,0.0,0.0,0.0,0.0,0.0,0.0,0.0,0.12562499940395355,0.0031250000465661287,0.0018749999580904841,0.0,0.0,278.0,384.0,296.0,240.0,144.0,133.0,4.0,7.0,0.0,0.0,0,0,0,0,0
63,127,0.0,0.0,22.65333366394043,0.0,0.0,478.6875,52.75,58.26593780517578,0.0,0.0,0.008303952403366566,0.17997020483016968,0.5895540118217468,0.0,0.0,0.06857962906360626,0.08216851949691772,0.26214084029197693,0.0,0.0,0.0,0.0,0.0,0.0,0.0,0.12562499940395355,0.0031250000465661287,0.0043750000186264515,0.0,0.0,279.0,384.0,296.0,240.0,144.0,130.0,4.0,7.0,0.0,0.0,1,0,0,0,0
64,127,0.0,0.0,14.193333625793457,0.0,0.0,475.125,52.75,58.26593780517578,0.0,0.0,0.008139260113239288,0.1438133716583252,0.45056644082069397,0.0,0.0,0.06857962906360626,0.08216851949691772,0.26214084029197693,0.0,0.0,0.0,0.0,0.0,0.0,0.0,0.1237500011920929,0.0031250000465661287,0.0043750000186264515,0.0,0.0,279.0,384.0,296.0,240.0,144.0,132.0,4.0,7.0,0.0,0.0,1,0,0,0,0
65,127,0.0,0.1133333370089531,2.4066667556762695,0.0,0.0,470.375,52.75,58.26593780517578,0.0,0.0,0.0079825259745121,0.12011364102363586,0.3332703113555908,0.0,0.0,0.06857962906360626,0.08216851949691772,0.26214084029197693,0.0,0.0,0.0,0.0,0.0,0.0,0.0,0.12125000357627869,0.0031250000465661287,0.0043750000186264515,0.0,0.0,281.0,384.0,296.0,240.0,144.0,128.0,4.0,7.0,0.0,0.0,1,0,0,0,0
66,125,0.0,24.886667251586914,0.0,0.0,0.0,472.75,52.75,58.26593780517578,0.0,0.0,0.00783096719533205,0.1705145239830017,0.25903093814849854,0.0,0.0,0.06857962906360626,0.08216851949691772,0.26214084029197693,0.0,0.0,0.0,0.0,0.0,0.0,0.0,0.12250000238418579,0.0031250000465661287,0.0043750000186264515,0.0,0.0,281.0,384.0,296.0,240.0,144.0,133.0,4.0,7.0,0.0,0.0,3,0,0,0,0
67,126,0.0,42.50666809082031,0.0,0.0,0.0,473.9375,52.75,58.26593780517578,0.0,0.0,0.0076846955344080925,0.25015100836753845,0.2118411511182785,0.0,0.0,0.06857962906360626,0.08216851949691772,0.26214084029197693,0.0,0.0,0.0,0.0,0.0,0.0,0.0,0.12312500178813934,0.0031250000465661287,0.0043750000186264515,0.0,0.0,282.0,384.0,296.0,240.0,144.0,129.0,4.0,7.0,0.0,0.0,2,0,0,0,0
68,124,0.0,151.6266632080078,0.0,0.0,0.0,477.5,52.75,58.26593780517578,0.0,0.0,0.007542749401181936,0.3336764872074127,0.1791956126689911,0.0,0.0,0.06857962906360626,0.10963425785303116,0.26214084029197693,0.0,0.0,0.0,0.0,0.0,0.0,0.0,0.125,0.0031250000465661287,0.0043750000186264515,0.0,0.0,276.0,384.0,296.0,240.0,144.0,127.0,15.0,7.0,0.0,0.0,0,4,0,0,0
69,128,0.0,149.05999755859375,0.0,0.0,0.0,481.0625,52.75,58.26593780517578,0.0,0.0,0.007404949516057968,0.4004591703414917,0.15526819229125977,0.0,0.0,0.06857962906360626,0.13638703525066376,0.26214084029197693,0.0,0.0,0.0,0.0,0.0,0.0,0.0,0.12687499821186066,0.0031250000465661287,0.0043750000186264515,0.0,0.0,279.0,384.0,296.0,240.0,144.0,123.0,15.0,7.0,0.0,0.0,0,0,0,0,0
70,124,0.0,151.84666442871094,0.0,0.0,0.0,475.125,161.8125,58.26593780517578,0.0,0.0,0.007273705210536718,0.5269585251808167,0.13697795569896698,0.0,0.0,0.06857962906360626,0.13638703525066376,0.26214084029197693,0.0,0.0,0.0,0.0,0.0,0.0,0.0,0.1237500011920929,0.01171875,0.0043750000186264515,0.0,0.0,277.0,384.0,296.0,240.0,144.0,117.0,24.0,7.0,0.0,0.0,0,4,0,0,0
71,125,0.0,158.19332885742188,0.0,0.0,0.0,472.75,161.8125,58.26593780517578,0.0,0.0,0.007147654425352812,0.6127587556838989,0.12254270911216736,0.0,0.0,0.06857962906360626,0.13638703525066376,0.26214084029197693,0.0,0.0,0.0,0.0,0.0,0.0,0.0,0.12250000238418579,0.01171875,0.0043750000186264515,0.0,0.0,280.0,384.0,296.0,240.0,144.0,118.0,28.0,7.0,0.0,0.0,1,2,0,0,0
72,126,0.0,144.02000427246094,0.0,0.0,0.0,472.75,220.5,58.26593780517578,0.0,0.0,0.007025897968560457,0.6210793852806091,0.11085987836122513,0.0,0.0,0.06857962906360626,0.13638703525066376,0.26214084029197693,0.0,0.0,0.0,0.0,0.0,0.0,0.0,0.12250000238418579,0.01875000074505806,0.0043750000186264515,0.0,0.0,282.0,384.0,296.0,240.0,144.0,113.0,28.0,7.0,0.0,0.0,2,0,0,0,0
73,127,0.0,144.9933319091797,0.0,0.0,0.0,475.125,225.25,58.26593780517578,0.0,0.0,0.006907638628035784,0.6250118017196655,0.10121077299118042,0.0,0.0,0.06857962906360626,0.13638703525066376,0.26214084029197693,0.0,0.0,0.0,0.0,0.0,0.0,0.0,0.1237500011920929,0.02187499962747097,0.0043750000186264515,0.0,0.0,279.0,384.0,296.0,240.0,144.0,110.0,28.0,7.0,0.0,0.0,1,0,0,0,0
74,127,0.0,124.12000274658203,0.0,0.0,0.0,478.6875,225.25,58.26593780517578,0.0,0.0,0.006792451720684767,0.6140554547309875,0.09310686588287354,0.0,0.0,0.06857962906360626,0.13638703525066376,0.26214084029197693,0.0,0.0,0.0,0.0,0.0,0.0,0.0,0.12562499940395355,0.02187499962747097,0.0043750000186264515,0.0,0.0,277.0,384.0,296.0,240.0,144.0,109.0,28.0,5.0,0.0,0.0,1,0,0,0,0
75,125,30.6200008392334,164.72666931152344,0.0,0.0,0.0,482.25,225.25,58.26593780517578,0.0,0.0,0.00772926677018404,0.6291802525520325,0.08620449900627136,0.0,0.0,0.06857962906360626,0.13638703525066376,0.26214084029197693,0.0,0.0,0.0,0.0,0.0,0.0,0.0,0.1274999976158142,0.02187499962747097,0.0043750000186264515,0.0,0.0,274.0,384.0,296.0,240.0,144.0,109.0,30.0,5.0,0.0,0.0,1,2,0,0,0
76,124,18.579999923706055,120.76000213623047,0.0,0.0,0.0,482.25,225.25,58.26593780517578,0.0,0.0,0.008229843340814114,0.6185469627380371,0.08025490492582321,0.0,0.0,0.06857962906360626,0.13638703525066376,0.26214084029197693,0.0,0.0,0.0,0.0,0.0,0.0,0.0,0.1274999976158142,0.02187499962747097,0.0043750000186264515,0.0,0.0,275.0,384.0,289.0,240.0,144.0,111.0,30.0,5.0,0.0,0.0,4,0,0,0,0
77,124,95.66000366210938,51.46666717529297,0.0,0.0,0.0,482.25,227.625,58.26593780517578,0.0,0.0,0.011270694434642792,0.5779250860214233,0.07507353276014328,0.0,0.0,0.06857962906360626,0.13638703525066376,0.26214084029197693,0.0,0.0,0.0,0.0,0.0,0.0,0.0,0.1274999976158142,0.0234375,0.0043750000186264515,0.0,0.0,276.0,384.0,289.0,240.0,144.0,121.0,30.0,5.0,0.0,0.0,4,0,0,0,0
78,125,90.86666870117188,61.880001068115234,0.0,0.0,0.0,485.8125,227.625,58.26593780517578,0.0,0.0,0.014057710766792297,0.5492150783538818,0.07052062451839447,0.0,0.0,0.06857962906360626,0.13638703525066376,0.26214084029197693,0.0,0.0,3.0,0.0,0.0,0.0,0.0,0.12937499582767487,0.0234375,0.0043750000186264515,0.0,0.0,271.0,384.0,289.0,240.0,144.0,128.0,30.0,5.0,0.0,0.0,3,0,0,0,0
79,127,116.8933334350586,106.90666961669922,0.0,0.0,0.0,485.8125,227.625,58.26593780517578,0.0,0.0,0.017593929544091225,0.5423927903175354,0.0664883702993393,0.0,0.0,0.06857962906360626,0.13638703525066376,0.26214084029197693,0.0,0.0,2.0,0.0,0.0,0.0,0.0,0.12937499582767487,0.0234375,0.0043750000186264515,0.0,0.0,264.0,384.0,289.0,240.0,144.0,124.0,30.0,5.0,0.0,0.0,1,0,0,0,0
80,125,51.04666519165039,166.42666625976562,0.0,0.0,0.0,487.0,227.625,58.26593780517578,0.0,0.0,0.01893768459558487,0.5573009848594666,0.06289229542016983,0.0,0.0,0.06857962906360626,0.13638703525066376,0.26214084029197693,0.0,0.0,3.0,0.0,0.0,0.0,0.0,0.12999999523162842,0.0234375,0.0043750000186264515,0.0,0.0,272.0,384.0,289.0,240.0,144.0,124.0,32.0,5.0,0.0,0.0,2,1,0,0,0
81,124,35.060001373291016,252.0399932861328,0.0,0.0,0.0,483.4375,227.625,58.26593780517578,0.0,0.0,0.019744807854294777,0.5897073149681091,0.059665247797966,0.0,0.0,0.06857962906360626,0.14316898584365845,0.26214084029197693,0.0,0.0,5.0,0.0,0.0,0.0,0.0,0.12812499701976776,0.0234375,0.0043750000186264515,0.0,0.0,272.0,384.0,289.0,240.0,144.0,121.0,40.0,5.0,0.0,0.0,0,4,0,0,0
82,126,29.706666946411133,242.913330078125,0.0,0.0,0.0,481.0625,230.0,58.26593780517578,0.0,0.0,0.020365143194794655,0.6179646849632263,0.05675320327281952,0.0,0.0,0.06857962906360626,0.14675602316856384,0.26214084029197693,0.0,0.0,5.0,0.0,0.0,0.0,0.0,0.12687499821186066,0.02500000037252903,0.0043750000186264515,0.0,0.0,275.0,384.0,289.0,240.0,144.0,118.0,43.0,5.0,0.0,0.0,0,2,0,0,0
83,125,62.040000915527344,212.5800018310547,0.0,0.0,0.0,478.6875,239.5,58.26593780517578,0.0,0.0,0.021947098895907402,0.6360077857971191,0.054112184792757034,0.0,0.0,0.06857962906360626,0.14675602316856384,0.26214084029197693,0.0,0.0,5.0,0.0,0.0,0.0,0.0,0.12562499940395355,0.03125,0.0043750000186264515,0.0,0.0,277.0,384.0,289.0,240.0,144.0,114.0,48.0,5.0,0.0,0.0,0,3,0,0,0
84,127,27.706666946411133,253.55332946777344,0.0,0.0,0.0,483.4375,243.0625,58.26593780517578,0.0,0.0,0.022456862032413483,0.6591553688049316,0.05170603469014168,0.0,0.0,0.06857962906360626,0.14967013895511627,0.26214084029197693,0.0,0.0,5.0,0.0,0.0,0.0,0.0,0.12812499701976776,0.03359375149011612,0.0043750000186264515,0.0,0.0,279.0,384.0,289.0,240.0,144.0,108.0,49.0,5.0,0.0,0.0,0,1,0,0,0
85,125,65.68000030517578,245.7066650390625,0.0,0.0,0.0,483.4375,249.0,58.26593780517578,0.0,0.0,0.024068284779787064,0.6791933178901672,0.04950476065278053,0.0,0.0,0.06857962906360626,0.14967013895511627,0.26214084029197693,0.0,0.0,5.0,0.0,0.0,0.0,0.0,0.12812499701976776,0.03750000149011612,0.0043750000186264515,0.0,0.0,279.0,384.0,289.0,240.0,144.0,105.0,55.0,5.0,0.0,0.0,0,3,0,0,0
86,122,94.14666748046875,190.82000732421875,0.0,0.0,0.0,483.4375,251.375,58.26593780517578,0.0,0.0,0.026459548622369766,0.6838405728340149,0.04748326167464256,0.0,0.0,0.06857962906360626,0.14967013895511627,0.26214084029197693,0.0,0.0,5.0,0.0,0.0,0.0,0.0,0.12812499701976776,0.0390625,0.0043750000186264515,0.0,0.0,275.0,334.0,289.0,240.0,144.0,116.0,55.0,5.0,0.0,0.0,6,0,0,0,0
87,126,93.00666809082031,167.60000610351562,0.0,0.0,0.0,483.4375,258.5,58.26593780517578,0.0,0.0,0.028752150014042854,0.6818382143974304,0.045620378106832504,0.0,0.0,0.06857962906360626,0.14967013895511627,0.26214084029197693,0.0,0.0,11.0,0.0,0.0,0.0,0.0,0.12812499701976776,0.04374999925494194,0.0043750000186264515,0.0,0.0,275.0,334.0,289.0,240.0,144.0,117.0,55.0,5.0,0.0,0.0,2,0,0,0,0
88,125,109.96666717529297,170.086669921875,0.0,0.0,0.0,479.875,258.5,58.26593780517578,0.0,0.0,0.03146354481577873,0.6805635690689087,0.04389815032482147,0.0,0.0,0.06857962906360626,0.14967013895511627,0.26214084029197693,0.0,0.0,13.0,0.0,0.0,0.0,0.0,0.1262499988079071,0.04374999925494194,0.0043750000186264515,0.0,0.0,275.0,334.0,289.0,240.0,144.0,117.0,55.0,5.0,0.0,0.0,3,0,0,0,0
89,128,98.88666534423828,157.51333618164062,0.0,0.0,0.0,484.625,258.5,58.26593780517578,0.0,0.0,0.03378986567258835,0.6769518852233887,0.04230122268199921,0.0,0.0,0.06857962906360626,0.14967013895511627,0.26214084029197693,0.0,0.0,11.0,0.0,0.0,0.0,0.0,0.1287499964237213,0.04374999925494194,0.0043750000186264515,0.0,0.0,268.0,334.0,289.0,240.0,144.0,116.0,55.0,5.0,0.0,0.0,0,0,0,0,0
90,128,94.25333404541016,168.73333740234375,0.0,0.0,0.0,500.0625,258.5,31.032812118530273,0.0,0.0,0.035911932587623596,0.6757834553718567,0.041497208178043365,0.0,0.0,0.06857962906360626,0.14967013895511627,0.26214084029197693,0.0,0.0,4.0,0.0,0.0,0.0,0.0,0.1368750035762787,0.04374999925494194,0.0031250000465661287,0.0,0.0,261.0,334.0,289.0,240.0,144.0,114.0,53.0,5.0,0.0,0.0,0,0,0,0,0
91,127,70.07333374023438,167.0800018310547,0.0,0.0,0.0,506.0,258.5,31.032812118530273,0.0,0.0,0.03731623291969299,0.6744281649589539,0.04072318598628044,0.0,0.0,0.06857962906360626,0.14967013895511627,0.26214084029197693,0.0,0.0,1.0,0.0,0.0,0.0,0.0,0.14000000059604645,0.04374999925494194,0.0031250000465661287,0.0,0.0,255.0,328.0,289.0,240.0,144.0,115.0,53.0,5.0,0.0,0.0,1,0,0,0,0
92,126,125.62666320800781,176.74000549316406,0.0,0.0,0.0,498.875,258.5,31.032812118530273,0.0,0.0,0.040173038840293884,0.6748368144035339,0.039977509528398514,0.0,0.0,0.06857962906360626,0.14967013895511627,0.26214084029197693,0.0,0.0,2.0,0.0,0.0,0.0,0.0,0.13625000417232513,0.04374999925494194,0.0031250000465661287,0.0,0.0,256.0,328.0,289.0,240.0,144.0,114.0,53.0,5.0,0.0,0.0,2,0,0,0,0
93,128,120.6866683959961,195.44667053222656,0.0,0.0,0.0,510.75,258.5,31.032812118530273,0.0,0.0,0.042811207473278046,0.6782616972923279,0.039258651435375214,0.0,0.0,0.06857962906360626,0.14967013895511627,0.26214084029197693,0.0,0.0,2.0,0.0,0.0,0.0,0.0,0.14249999821186066,0.04374999925494194,0.0031250000465661287,0.0,0.0,255.0,328.0,289.0,240.0,144.0,112.0,48.0,5.0,0.0,0.0,0,0,0,0,0
94,127,89.1866683959961,214.15333557128906,0.0,0.0,0.0,496.5,258.5,31.032812118530273,0.0,0.0,0.044577233493328094,0.68433678150177,0.03856518864631653,0.0,0.0,0.06857962906360626,0.14967013895511627,0.26214084029197693,0.0,0.0,2.0,0.0,0.0,0.0,0.0,0.13500000536441803,0.04374999925494194,0.0031250000465661287,0.0,0.0,252.0,328.0,289.0,240.0,144.0,104.0,50.0,5.0,0.0,0.0,0,1,0,0,0
95,127,58.686668395996094,217.7933349609375,0.0,0.0,0.0,498.875,258.5,31.032812118530273,0.0,0.0,0.04551266133785248,0.6904869079589844,0.037895798683166504,0.0,0.0,0.06857962906360626,0.14967013895511627,0.26214084029197693,0.0,0.0,0.0,0.0,0.0,0.0,0.0,0.13625000417232513,0.04374999925494194,0.0031250000465661287,0.0,0.0,260.0,328.0,289.0,240.0,144.0,101.0,52.0,2.0,0.0,0.0,0,1,0,0,0
96,127,9.673333168029785,163.47332763671875,0.0,0.0,0.0,494.125,260.875,31.032812118530273,0.0,0.0,0.045187871903181076,0.6880762577056885,0.03724924847483635,0.0,0.0,0.06857962906360626,0.14967013895511627,0.26214084029197693,0.0,0.0,0.0,0.0,0.0,0.0,0.0,0.13375000655651093,0.04531250149011612,0.0031250000465661287,0.0,0.0,259.0,328.0,289.0,240.0,144.0,100.0,52.0,2.0,0.0,0.0,1,0,0,0,0
97,124,33.95333480834961,109.26667022705078,0.0,0.0,0.0,496.5,263.25,31.032812118530273,0.0,0.0,0.04547613486647606,0.6780569553375244,0.03662439435720444,0.0,0.0,0.06857962906360626,0.14967013895511627,0.26214084029197693,0.0,0.0,0.0,0.0,0.0,0.0,0.0,0.13500000536441803,0.046875,0.0031250000465661287,0.0,0.0,263.0,328.0,289.0,240.0,144.0,107.0,48.0,2.0,0.0,0.0,4,0,0,0,0
98,122,54.00666809082031,59.86000061035156,0.0,0.0,0.0,498.875,263.25,31.032812118530273,0.0,0.0,0.046250347048044205,0.6621031761169434,0.03602015599608421,0.0,0.0,0.06857962906360626,0.14967013895511627,0.26214084029197693,0.0,0.0,0.0,0.0,0.0,0.0,0.0,0.13625000417232513,0.046875,0.0031250000465661287,0.0,0.0,262.0,324.0,289.0,240.0,144.0,112.0,47.0,0.0,0.0,0.0,6,0,0,0,0
99,127,140.05999755859375,9.020000457763672,0.0,0.0,0.0,502.4375,263.25,31.032812118530273,0.0,0.0,0.04910271614789963,0.6406373977661133,0.03543553128838539,0.0,0.0,0.06857962906360626,0.14967013895511627,0.26214084029197693,0.0,0.0,2.0,0.0,0.0,0.0,0.0,0.1381250023841858,0.046875,0.0031250000465661287,0.0,0.0,257.0,324.0,289.0,240.0,144.0,110.0,47.0,0.0,0.0,0.0,1,0,0,0,0
100,127,186.3800048828125,0.1133333370089531,0.0,0.0,0.0,508.375,260.875,31.032812118530273,0.0,0.0,0.05299561470746994,0.6196571588516235,0.03486958146095276,0.0,0.0,0.06857962906360626,0.14967013895511627,0.26214084029197693,0.0,0.0,0.0,0.0,0.0,0.0,0.0,0.14124999940395355,0.04531250149011612,0.0031250000465661287,0.0,0.0,253.0,324.0,289.0,240.0,144.0,112.0,47.0,0.0,0.0,0.0,1,0,0,0,0
101,123,212.18666076660156,0.0,0.0,0.0,0.0,504.8125,260.875,31.032812118530273,0.0,0.0,0.05741392821073532,0.5999945998191833,0.03432142361998558,0.0,0.0,0.06857962906360626,0.14967013895511627,0.26214084029197693,0.0,0.0,1.0,0.0,0.0,0.0,0.0,0.1393750011920929,0.04531250149011612,0.0031250000465661287,0.0,0.0,254.0,326.0,289.0,240.0,144.0,109.0,45.0,0.0,0.0,0.0,5,0,0,0,0
102,127,253.9933319091797,0.0,0.0,0.0,0.0,503.625,257.3125,31.032812118530273,0.0,0.0,0.06271325051784515,0.5817859172821045,0.033790234476327896,0.0,0.0,0.06857962906360626,0.14967013895511627,0.26214084029197693,0.0,0.0,6.0,0.0,0.0,0.0,0.0,0.13875000178813934,0.04296875,0.0031250000465661287,0.0,0.0,257.0,326.0,289.0,240.0,144.0,105.0,45.0,0.0,0.0,0.0,1,0,0,0,0
103,126,202.17333984375,0.0,0.0,0.0,0.0,520.25,257.3125,31.032812118530273,0.0,0.0,0.06665682047605515,0.5646498203277588,0.03327523544430733,0.0,0.0,0.06857962906360626,0.14967013895511627,0.26214084029197693,0.0,0.0,0.0,0.0,0.0,0.0,0.0,0.14749999344348907,0.04296875,0.0031250000465661287,0.0,0.0,244.0,326.0,289.0,240.0,144.0,103.0,45.0,0.0,0.0,0.0,2,0,0,0,0
104,126,160.4066619873047,0.0,0.0,0.0,0.0,522.625,257.3125,31.032812118530273,0.0,0.0,0.06954243779182434,0.5484943389892578,0.03277570381760597,0.0,0.0,0.06857962906360626,0.14967013895511627,0.26214084029197693,0.0,0.0,0.0,0.0,0.0,0.0,0.0,0.14875000715255737,0.04296875,0.0031250000465661287,0.0,0.0,242.0,326.0,289.0,240.0,144.0,106.0,45.0,0.0,0.0,0.0,2,0,0,0,0
105,125,167.84666442871094,0.0,0.0,0.0,0.0,522.625,257.3125,31.032812118530273,0.0,0.0,0.07252850383520126,0.5332375764846802,0.03229094296693802,0.0,0.0,0.06857962906360626,0.14967013895511627,0.26214084029197693,0.0,0.0,0.0,0.0,0.0,0.0,0.0,0.14875000715255737,0.04296875,0.0031250000465661287,0.0,0.0,240.0,326.0,289.0,240.0,144.0,110.0,42.0,0.0,0.0,0.0,3,0,0,0,0
106,125,182.586669921875,0.0,0.0,0.0,0.0,525.0,257.3125,31.032812118530273,0.0,0.0,0.0757712796330452,0.5188066363334656,0.03182031586766243,0.0,0.0,0.06857962906360626,0.14967013895511627,0.26214084029197693,0.0,0.0,0.0,0.0,0.0,0.0,0.0,0.15000000596046448,0.04296875,0.0031250000465661287,0.0,0.0,240.0,326.0,289.0,240.0,144.0,116.0,40.0,0.0,0.0,0.0,3,0,0,0,0
107,126,166.06666564941406,0.0,0.0,0.0,0.0,528.5625,257.3125,31.032812118530273,0.0,0.0,0.07856593281030655,0.5051361322402954,0.03136321157217026,0.0,0.0,0.06857962906360626,0.14967013895511627,0.26214084029197693,0.0,0.0,0.0,0.0,0.0,0.0,0.0,0.15187500417232513,0.04296875,0.0031250000465661287,0.0,0.0,236.0,326.0,289.0,240.0,144.0,114.0,40.0,0.0,0.0,0.0,2,0,0,0,0
108,126,147.86000061035156,0.0,0.0,0.0,0.0,522.625,257.3125,31.032812118530273,0.0,0.0,0.08090727031230927,0.4921676218509674,0.03091905079782009,0.0,0.0,0.06857962906360626,0.14967013895511627,0.26214084029197693,0.0,0.0,2.0,0.0,0.0,0.0,0.0,0.14875000715255737,0.04296875,0.0031250000465661287,0.0,0.0,235.0,326.0,289.0,240.0,144.0,119.0,39.0,0.0,0.0,0.0,2,0,0,0,0
109,127,153.55999755859375,0.0,0.0,0.0,0.0,526.1875,257.3125,31.032812118530273,0.0,0.0,0.08331268280744553,0.47984832525253296,0.030487295240163803,0.0,0.0,0.06857962906360626,0.14967013895511627,0.26214084029197693,0.0,0.0,2.0,0.0,0.0,0.0,0.0,0.15062500536441803,0.04296875,0.0031250000465661287,0.0,0.0,237.0,326.0,289.0,240.0,144.0,119.0,39.0,0.0,0.0,0.0,1,0,0,0,0
110,126,172.81333923339844,10.779999732971191,0.0,0.0,0.0,529.75,257.3125,31.032812118530273,0.0,0.0,0.08606984466314316,0.4691537320613861,0.030067432671785355,0.0,0.0,0.06857962906360626,0.14967013895511627,0.26214084029197693,0.0,0.0,0.0,0.0,0.0,0.0,0.0,0.1525000035762787,0.04296875,0.0031250000465661287,0.0,0.0,233.0,326.0,289.0,240.0,144.0,122.0,39.0,0.0,0.0,0.0,2,0,0,0,0
111,125,183.95333862304688,0.0,0.0,0.0,0.0,530.9375,257.3125,31.032812118530273,0.0,0.0,0.08899889141321182,0.45797035098075867,0.029658976942300797,0.0,0.0,0.06857962906360626,0.14967013895511627,0.26214084029197693,0.0,0.0,0.0,0.0,0.0,0.0,0.0,0.15312500298023224,0.04296875,0.0031250000465661287,0.0,0.0,233.0,326.0,289.0,240.0,144.0,121.0,37.0,0.0,0.0,0.0,3,0,0,0,0
112,126,195.0933380126953,0.0,0.0,0.0,0.0,529.75,256.125,31.032812118530273,0.0,0.0,0.09209845215082169,0.4473557770252228,0.029261469841003418,0.0,0.0,0.06857962906360626,0.14967013895511627,0.26214084029197693,0.0,0.0,0.0,0.0,0.0,0.0,0.0,0.1525000035762787,0.04218750074505806,0.0031250000465661287,0.0,0.0,233.0,326.0,289.0,240.0,144.0,123.0,34.0,0.0,0.0,0.0,2,0,0,0,0
113,126,195.75332641601562,0.0,0.0,0.0,0.0,533.3125,256.125,31.032812118530273,0.0,0.0,0.0951366201043129,0.43722209334373474,0.028874477371573448,0.0,0.0,0.06857962906360626,0.14967013895511627,0.26214084029197693,0.0,0.0,0.0,0.0,0.0,0.0,0.0,0.15437500178813934,0.04218750074505806,0.0031250000465661287,0.0,0.0,232.0,327.0,289.0,240.0,144.0,126.0,27.0,0.0,0.0,0.0,2,0,0,0,0
114,127,187.3800048828125,0.0,0.0,0.0,0.0,532.125,256.125,31.032812118530273,0.0,0.0,0.09793917089700699,0.42753735184669495,0.028497586026787758,0.0,0.0,0.06857962906360626,0.14967013895511627,0.26214084029197693,0.0,0.0,0.0,0.0,0.0,0.0,0.0,0.1537500023841858,0.04218750074505806,0.0031250000465661287,0.0,0.0,230.0,327.0,289.0,240.0,144.0,127.0,27.0,0.0,0.0,0.0,1,0,0,0,0
115,120,165.25332641601562,0.0,0.0,0.0,0.0,535.6875,256.125,31.032812118530273,0.0,0.0,0.10022547096014023,0.41827234625816345,0.028130408376455307,0.0,0.0,0.06857962906360626,0.14967013895511627,0.26214084029197693,0.0,0.0,0.0,0.0,0.0,0.0,0.0,0.15562500059604645,0.04218750074505806,0.0031250000465661287,0.0,0.0,232.0,327.0,289.0,240.0,144.0,137.0,27.0,0.0,0.0,0.0,8,0,0,0,0
116,128,109.83333587646484,0.0,0.0,0.0,0.0,523.8125,256.125,31.032812118530273,0.0,0.0,0.10137545317411423,0.4094003736972809,0.02777257189154625,0.0,0.0,0.06857962906360626,0.14967013895511627,0.26214084029197693,0.0,0.0,0.0,0.0,0.0,0.0,0.0,0.14937500655651093,0.04218750074505806,0.0031250000465661287,0.0,0.0,228.0,327.0,289.0,240.0,144.0,134.0,26.0,0.0,0.0,0.0,0,0,0,0,0
117,126,40.37333297729492,0.0,0.0,0.0,0.0,536.875,256.125,31.032812118530273,0.0,0.0,0.10109659284353256,0.40089696645736694,0.02742372453212738,0.0,0.0,0.06857962906360626,0.14967013895511627,0.26214084029197693,0.0,0.0,0.0,0.0,0.0,0.0,0.0,0.15625,0.04218750074505806,0.0031250000465661287,0.0,0.0,230.0,327.0,289.0,240.0,144.0,138.0,26.0,0.0,0.0,0.0,2,0,0,0,0
118,125,2.8266665935516357,0.0,0.0,0.0,0.0,536.875,256.125,31.032812118530273,0.0,0.0,0.10008639097213745,0.3927396237850189,0.027083532884716988,0.0,0.0,0.06857962906360626,0.14967013895511627,0.26214084029197693,0.0,0.0,0.0,0.0,0.0,0.0,0.0,0.15625,0.04218750074505806,0.0031250000465661287,0.0,0.0,230.0,327.0,289.0,240.0,144.0,139.0,24.0,0.0,0.0,0.0,3,0,0,0,0
119,124,0.0,0.0,0.0,0.0,0.0,541.625,256.125,31.032812118530273,0.0,0.0,0.09903320670127869,0.384907603263855,0.026751678436994553,0.0,0.0,0.06857962906360626,0.14967013895511627,0.26214084029197693,0.0,0.0,0.0,0.0,0.0,0.0,0.0,0.1587499976158142,0.04218750074505806,0.0031250000465661287,0.0,0.0,226.0,327.0,289.0,240.0,144.0,140.0,20.0,0.0,0.0,0.0,4,0,0,0,0
120,127,0.0,0.0,0.0,0.0,0.0,541.625,253.75,31.032812118530273,0.0,0.0,0.09800194948911667,0.37745028734207153,0.0264278557151556,0.0,0.0,0.06857962906360626,0.14967013895511627,0.26214084029197693,0.0,0.0,0.0,0.0,0.0,0.0,0.0,0.1587499976158142,0.04062499850988388,0.0031250000465661287,0.0,0.0,222.0,327.0,289.0,240.0,144.0,138.0,18.0,0.0,0.0,0.0,1,0,0,0,0
121,125,0.0,0.0,0.0,0.0,0.0,546.375,253.75,31.032812118530273,0.0,0.0,0.09698318690061569,0.37027645111083984,0.02611178159713745,0.0,0.0,0.06857962906360626,0.14967013895511627,0.26214084029197693,0.0,0.0,0.0,0.0,0.0,0.0,0.0,0.16124999523162842,0.04062499850988388,0.0031250000465661287,0.0,0.0,218.0,327.0,289.0,240.0,144.0,143.0,16.0,0.0,0.0,0.0,3,0,0,0,0
122,122,0.0,0.0,0.0,0.0,0.0,548.75,253.75,31.032812118530273,0.0,0.0,0.09598109871149063,0.36337020993232727,0.025803176686167717,0.0,0.0,0.06857962906360626,0.14967013895511627,0.26214084029197693,0.0,0.0,0.0,0.0,0.0,0.0,0.0,0.16249999403953552,0.04062499850988388,0.0031250000465661287,0.0,0.0,218.0,327.0,289.0,240.0,144.0,155.0,14.0,0.0,0.0,0.0,6,0,0,0,0
123,127,0.0,0.0,0.0,0.0,0.0,542.8125,253.75,31.032812118530273,0.0,0.0,0.09501001238822937,0.3567168712615967,0.025501782074570656,0.0,0.0,0.06857962906360626,0.14967013895511627,0.26214084029197693,0.0,0.0,3.0,0.0,0.0,0.0,0.0,0.15937499701976776,0.04062499850988388,0.0031250000465661287,0.0,0.0,218.0,327.0,289.0,240.0,144.0,151.0,11.0,0.0,0.0,0.0,1,0,0,0,0
124,127,0.0,0.0,7.833333492279053,0.0,0.0,551.125,253.75,31.032812118530273,0.0,0.0,0.09404395520687103,0.3503028154373169,0.028121719136834145,0.0,0.0,0.06857962906360626,0.14967013895511627,0.26214084029197693,0.0,0.0,2.0,0.0,0.0,0.0,0.0,0.16374999284744263,0.04062499850988388,0.0031250000465661287,0.0,0.0,217.0,327.0,289.0,240.0,144.0,152.0,11.0,0.0,0.0,0.0,1,0,0,0,0
125,127,0.0,0.0,75.26667022705078,0.0,0.0,546.375,253.75,31.032812118530273,0.0,0.0,0.09310542792081833,0.34411531686782837,0.039214640855789185,0.0,0.0,0.06857962906360626,0.14967013895511627,0.27442800998687744,0.0,0.0,3.0,0.0,0.0,0.0,0.0,0.16124999523162842,0.04062499850988388,0.0031250000465661287,0.0,0.0,218.0,327.0,289.0,240.0,144.0,150.0,11.0,1.0,0.0,0.0,0,0,1,0,0
126,126,0.0,0.0,15.473333358764648,0.0,0.0,542.8125,253.75,31.032812118530273,0.0,0.0,0.09219138324260712,0.33814263343811035,0.04439898207783699,0.0,0.0,0.06857962906360626,0.14967013895511627,0.27442800998687744,0.0,0.0,2.0,0.0,0.0,0.0,0.0,0.15937499701976776,0.04062499850988388,0.0031250000465661287,0.0,0.0,218.0,327.0,289.0,240.0,144.0,149.0,11.0,1.0,0.0,0.0,2,0,0,0,0
127,124,0.0,0.0,0.0,0.0,0.0,546.375,225.0,56.99937438964844,0.0,0.0,0.09128928929567337,0.3330174386501312,0.04349737614393234,0.0,0.0,0.06857962906360626,0.14967013895511627,0.27442800998687744,0.0,0.0,0.0,0.0,0.0,0.0,0.0,0.16124999523162842,0.03750000149011612,0.0037499999161809683,0.0,0.0,220.0,327.0,289.0,240.0,144.0,156.0,10.0,1.0,0.0,0.0,4,0,0,0,0
128,125,0.0,0.0,0.0,0.0,0.0,547.5625,225.0,56.99937438964844,0.0,0.0,0.09040277451276779,0.3280453085899353,0.04263165965676308,0.0,0.0,0.06857962906360626,0.14967013895511627,0.27442800998687744,0.0,0.0,1.0,0.0,0.0,0.0,0.0,0.16187499463558197,0.03750000149011612,0.0037499999161809683,0.0,0.0,217.0,327.0,289.0,240.0,144.0,165.0,10.0,1.0,0.0,0.0,3,0,0,0,0
129,128,0.0,0.0,0.0,0.0,0.0,547.5625,225.0,56.99937438964844,0.0,0.0,0.08953331410884857,0.3232194483280182,0.04179972782731056,0.0,0.0,0.06857962906360626,0.14967013895511627,0.27442800998687744,0.0,0.0,1.0,0.0,0.0,0.0,0.0,0.16187499463558197,0.03750000149011612,0.0037499999161809683,0.0,0.0,217.0,327.0,289.0,240.0,144.0,158.0,10.0,1.0,0.0,0.0,0,0,0,0,0
130,125,0.0,0.0,0.0,0.0,0.0,554.6875,222.625,56.99937438964844,0.0,0.0,0.08866941928863525,0.31858229637145996,0.0409996472299099,0.0,0.0,0.06857962906360626,0.14967013895511627,0.27442800998687744,0.0,0.0,0.0,0.0,0.0,0.0,0.0,0.16562500596046448,0.03593749925494194,0.0037499999161809683,0.0,0.0,217.0,327.0,289.0,240.0,144.0,159.0,10.0,1.0,0.0,0.0,3,0,0,0,0
131,127,0.0,0.0,75.5,0.0,0.0,559.4375,219.0625,56.99937438964844,0.0,0.0,0.08781486004590988,0.31414738297462463,0.05901097506284714,0.0,0.0,0.06857962906360626,0.14967013895511627,0.27956706285476685,0.0,0.0,0.0,0.0,0.0,0.0,0.0,0.1681250035762787,0.03359375149011612,0.0037499999161809683,0.0,0.0,215.0,329.0,289.0,240.0,144.0,155.0,8.0,3.0,0.0,0.0,0,0,1,0,0
132,124,0.0,0.0,23.366666793823242,0.0,0.0,563.0,219.0625,56.99937438964844,0.0,0.0,0.08697132021188736,0.3098342716693878,0.06548050791025162,0.0,0.0,0.06857962906360626,0.14967013895511627,0.27956706285476685,0.0,0.0,0.0,0.0,0.0,0.0,0.0,0.17000000178813934,0.03359375149011612,0.0037499999161809683,0.0,0.0,206.0,332.0,290.0,240.0,144.0,161.0,7.0,3.0,0.0,0.0,4,0,0,0,0
133,125,0.0,0.0,0.0,0.0,0.0,563.0,219.0625,80.43281555175781,0.0,0.0,0.08614383637905121,0.30563798546791077,0.06382028013467789,0.0,0.0,0.06857962906360626,0.14967013895511627,0.27956706285476685,0.0,0.0,3.0,0.0,0.0,0.0,0.0,0.17000000178813934,0.03359375149011612,0.0031250000465661287,0.0,0.0,208.0,332.0,288.0,240.0,144.0,166.0,6.0,3.0,0.0,0.0,3,0,0,0,0
134,126,0.0,0.0,165.64666748046875,0.0,0.0,563.0,219.0625,80.43281555175781,0.0,0.0,0.08533194661140442,0.3015538454055786,0.08696974813938141,0.0,0.0,0.06857962906360626,0.14967013895511627,0.30323758721351624,0.0,0.0,6.0,0.0,0.0,0.0,0.0,0.17000000178813934,0.03359375149011612,0.0031250000465661287,0.0,0.0,206.0,332.0,291.0,240.0,144.0,164.0,6.0,5.0,0.0,0.0,0,0,2,0,0
135,125,0.0,0.0,66.07333374023438,0.0,0.0,561.8125,217.875,80.43281555175781,0.0,0.0,0.08453688770532608,0.2975986897945404,0.1046939492225647,0.0,0.0,0.06857962906360626,0.14967013895511627,0.30323758721351624,0.0,0.0,6.0,0.0,0.0,0.0,0.0,0.1693750023841858,0.03281249850988388,0.0031250000465661287,0.0,0.0,208.0,332.0,291.0,240.0,144.0,157.0,6.0,5.0,0.0,0.0,3,0,0,0,0
136,128,0.0,0.0,182.94000244140625,0.0,0.0,561.8125,217.875,132.36593627929688,0.0,0.0,0.08375650644302368,0.2937459647655487,0.13888992369174957,0.0,0.0,0.06857962906360626,0.14967013895511627,0.3172859251499176,0.0,0.0,6.0,0.0,0.0,0.0,0.0,0.1693750023841858,0.03281249850988388,0.0043750000186264515,0.0,0.0,202.0,332.0,291.0,240.0,144.0,152.0,6.0,5.0,0.0,0.0,0,0,0,0,0
137,126,0.0,0.0,120.66000366210938,0.0,0.0,571.3125,217.875,132.36593627929688,0.0,0.0,0.08297756314277649,0.28999167680740356,0.1673162579536438,0.0,0.0,0.06857962906360626,0.14967013895511627,0.3172859251499176,0.0,0.0,0.0,0.0,0.0,0.0,0.0,0.1743749976158142,0.03281249850988388,0.0043750000186264515,0.0,0.0,199.0,332.0,289.0,240.0,144.0,150.0,4.0,8.0,0.0,0.0,0,0,2,0,0
138,127,0.0,0.0,40.62666702270508,0.0,0.0,564.1875,217.875,105.1328125,0.0,0.0,0.08222243189811707,0.2863321900367737,0.17353713512420654,0.0,0.0,0.06857962906360626,0.14967013895511627,0.3172859251499176,0.0,0.0,0.0,0.0,0.0,0.0,0.0,0.1706250011920929,0.03281249850988388,0.0031250000465661287,0.0,0.0,199.0,332.0,289.0,240.0,144.0,141.0,4.0,8.0,0.0,0.0,1,0,0,0,0
139,125,0.0,0.0,0.0,0.0,0.0,565.375,217.875,133.63250732421875,0.0,0.0,0.08147936314344406,0.28276386857032776,0.1674928069114685,0.0,0.0,0.06857962906360626,0.14967013895511627,0.3172859251499176,0.0,0.0,0.0,0.0,0.0,0.0,0.0,0.17125000059604645,0.03281249850988388,0.004999999888241291,0.0,0.0,203.0,332.0,286.0,240.0,144.0,141.0,4.0,8.0,0.0,0.0,3,0,0,0,0
140,127,0.0,0.6666666865348816,104.80000305175781,0.0,0.0,564.1875,216.6875,133.63250732421875,0.0,0.0,0.08075112849473953,0.27933982014656067,0.18825122714042664,0.0,0.0,0.06857962906360626,0.14967013895511627,0.3172859251499176,0.0,0.0,0.0,0.0,0.0,0.0,0.0,0.1706250011920929,0.03203124925494194,0.004999999888241291,0.0,0.0,202.0,332.0,286.0,240.0,144.0,136.0,4.0,9.0,0.0,0.0,0,0,1,0,0
141,126,0.0,58.893333435058594,31.753334045410156,0.0,0.0,560.625,216.6875,133.63250732421875,0.0,0.0,0.08004027605056763,0.27924850583076477,0.18985866010189056,0.0,0.0,0.06857962906360626,0.14967013895511627,0.3172859251499176,0.0,0.0,0.0,0.0,0.0,0.0,0.0,0.16875000298023224,0.03203124925494194,0.004999999888241291,0.0,0.0,201.0,333.0,286.0,240.0,144.0,135.0,4.0,9.0,0.0,0.0,2,0,0,0,0
142,125,0.0,0.0,190.02667236328125,0.0,0.0,559.4375,216.6875,134.89906311035156,0.0,0.0,0.0793432965874672,0.27591150999069214,0.21564096212387085,0.0,0.0,0.06857962906360626,0.14967013895511627,0.3325991630554199,0.0,0.0,0.0,0.0,0.0,0.0,0.0,0.1681250035762787,0.03203124925494194,0.005625000223517418,0.0,0.0,205.0,333.0,286.0,240.0,144.0,131.0,2.0,14.0,0.0,0.0,0,0,3,0,0
143,126,0.0,0.0,37.67333221435547,0.0,0.0,558.25,215.5,134.89906311035156,0.0,0.0,0.078659787774086,0.2726709842681885,0.21760347485542297,0.0,0.0,0.06857962906360626,0.14967013895511627,0.3325991630554199,0.0,0.0,0.0,0.0,0.0,0.0,0.0,0.16750000417232513,0.03125,0.005625000223517418,0.0,0.0,205.0,333.0,286.0,240.0,144.0,134.0,2.0,14.0,0.0,0.0,2,0,0,0,0
144,126,0.0,0.0,35.06666564941406,0.0,0.0,558.25,189.125,141.23187255859375,0.0,0.0,0.07798795402050018,0.26988914608955383,0.21856342256069183,0.0,0.0,0.06857962906360626,0.14967013895511627,0.3325991630554199,0.0,0.0,0.0,0.0,0.0,0.0,0.0,0.16750000417232513,0.02968749962747097,0.008750000037252903,0.0,0.0,206.0,334.0,286.0,240.0,144.0,136.0,2.0,14.0,0.0,0.0,2,0,0,0,0
145,126,0.0,0.0,1.5133333206176758,0.0,0.0,559.4375,189.125,141.23187255859375,0.0,0.0,0.07732611149549484,0.2671635150909424,0.21225899457931519,0.0,0.0,0.06857962906360626,0.14967013895511627,0.3325991630554199,0.0,0.0,0.0,0.0,0.0,0.0,0.0,0.1681250035762787,0.02968749962747097,0.008750000037252903,0.0,0.0,207.0,334.0,286.0,240.0,144.0,139.0,2.0,14.0,0.0,0.0,2,0,0,0,0
146,127,0.0,0.0,82.00666809082031,0.0,0.0,559.4375,189.125,141.23187255859375,0.0,0.0,0.0766754001379013,0.26449236273765564,0.22310411930084229,0.0,0.0,0.06857962906360626,0.14967013895511627,0.3325991630554199,0.0,0.0,0.0,0.0,0.0,0.0,0.0,0.1681250035762787,0.02968749962747097,0.008750000037252903,0.0,0.0,206.0,334.0,286.0,240.0,144.0,132.0,2.0,14.0,0.0,0.0,1,0,0,0,0
147,125,0.0,0.0,29.626667022705078,0.0,0.0,553.5,189.125,141.23187255859375,0.0,0.0,0.0760422945022583,0.26187407970428467,0.22272290289402008,0.0,0.0,0.06857962906360626,0.14967013895511627,0.3325991630554199,0.0,0.0,0.0,0.0,0.0,0.0,0.0,0.16500000655651093,0.02968749962747097,0.008750000037252903,0.0,0.0,202.0,334.0,286.0,240.0,144.0,135.0,2.0,14.0,0.0,0.0,3,0,0,0,0
148,123,0.0,0.0,0.0,0.0,0.0,555.875,189.125,141.23187255859375,0.0,0.0,0.07541690021753311,0.2593071460723877,0.21653074026107788,0.0,0.0,0.06857962906360626,0.14967013895511627,0.3325991630554199,0.0,0.0,0.0,0.0,0.0,0.0,0.0,0.16625000536441803,0.02968749962747097,0.008750000037252903,0.0,0.0,206.0,334.0,286.0,240.0,144.0,139.0,2.0,14.0,0.0,0.0,5,0,0,0,0
149,126,0.0,0.0,31.206666946411133,0.0,0.0,553.5,187.9375,141.23187255859375,0.0,0.0,0.07480432093143463,0.2568057179450989,0.2166505753993988,0.0,0.0,0.06857962906360626,0.14967013895511627,0.3325991630554199,0.0,0.0,4.0,0.0,0.0,0.0,0.0,0.16500000655651093,0.02890625037252903,0.008750000037252903,0.0,0.0,201.0,334.0,286.0,240.0,144.0,137.0,2.0,14.0,0.0,0.0,2,0,0,0,0
150,126,0.0,0.0,142.06666564941406,0.0,0.0,563.0,184.375,141.23187255859375,0.0,0.0,0.07419134676456451,0.2543981373310089,0.23728209733963013,0.0,0.0,0.06857962906360626,0.14967013895511627,0.3328310549259186,0.0,0.0,3.0,0.0,0.0,0.0,0.0,0.17000000178813934,0.02656250074505806,0.008750000037252903,0.0,0.0,203.0,335.0,286.0,240.0,144.0,137.0,2.0,17.0,0.0,0.0,0,0,2,0,0
151,125,0.0,0.0,258.5799865722656,0.0,0.0,552.3125,184.375,141.23187255859375,0.0,0.0,0.07359969615936279,0.2520352900028229,0.25685474276542664,0.0,0.0,0.06857962906360626,0.14967013895511627,0.36542776226997375,0.0,0.0,3.0,0.0,0.0,0.0,0.0,0.16437500715255737,0.02656250074505806,0.008750000037252903,0.0,0.0,201.0,338.0,286.0,240.0,144.0,130.0,2.0,24.0,0.0,0.0,0,0,3,0,0
152,126,0.0,0.0,91.913330078125,0.0,0.0,542.8125,184.375,145.03155517578125,0.0,0.0,0.0730273425579071,0.2497159242630005,0.26653164625167847,0.0,0.0,0.06857962906360626,0.14967013895511627,0.36542776226997375,0.0,0.0,1.0,0.0,0.0,0.0,0.0,0.15937499701976776,0.02656250074505806,0.010625000111758709,0.0,0.0,206.0,338.0,286.0,240.0,144.0,132.0,2.0,24.0,0.0,0.0,2,0,0,0,0
153,127,0.0,0.0,83.36000061035156,0.0,0.0,544.0,184.375,153.8975067138672,0.0,0.0,0.07246260344982147,0.24743884801864624,0.2738287150859833,0.0,0.0,0.06857962906360626,0.14967013895511627,0.36542776226997375,0.0,0.0,0.0,0.0,0.0,0.0,0.0,0.1599999964237213,0.02656250074505806,0.014999999664723873,0.0,0.0,212.0,338.0,286.0,240.0,144.0,133.0,2.0,24.0,0.0,0.0,1,0,0,0,0
154,127,0.0,0.0,128.46665954589844,0.0,0.0,545.1875,184.375,153.8975067138672,0.0,0.0,0.07190532237291336,0.2452029436826706,0.28832146525382996,0.0,0.0,0.06857962906360626,0.14967013895511627,0.36542776226997375,0.0,0.0,0.0,0.0,0.0,0.0,0.0,0.16062499582767487,0.02656250074505806,0.014999999664723873,0.0,0.0,211.0,338.0,286.0,240.0,144.0,131.0,2.0,27.0,0.0,0.0,0,0,1,0,0
155,126,0.0,0.0,27.746665954589844,0.0,0.0,544.0,184.375,153.8975067138672,0.0,0.0,0.07135774195194244,0.24300707876682281,0.28560060262680054,0.0,0.0,0.06857962906360626,0.14967013895511627,0.36542776226997375,0.0,0.0,0.0,0.0,0.0,0.0,0.0,0.1599999964237213,0.02656250074505806,0.014999999664723873,0.0,0.0,211.0,338.0,286.0,240.0,144.0,127.0,2.0,25.0,0.0,0.0,2,0,0,0,0
156,122,0.0,0.0,88.92666625976562,0.0,0.0,540.4375,184.375,157.6971893310547,0.0,0.0,0.07082193344831467,0.24085019528865814,0.2926025390625,0.0,0.0,0.06857962906360626,0.14967013895511627,0.36542776226997375,0.0,0.0,0.0,0.0,0.0,0.0,0.0,0.15812499821186066,0.02656250074505806,0.016875000670552254,0.0,0.0,211.0,338.0,286.0,240.0,144.0,137.0,2.0,25.0,0.0,0.0,6,0,0,0,0
157,128,0.0,0.0,106.5199966430664,0.0,0.0,545.1875,180.8125,157.6971893310547,0.0,0.0,0.07028951495885849,0.23877184092998505,0.30199873447418213,0.0,0.0,0.06857962906360626,0.14967013895511627,0.36542776226997375,0.0,0.0,1.0,0.0,0.0,0.0,0.0,0.16062499582767487,0.02421874925494194,0.016875000670552254,0.0,0.0,212.0,338.0,269.0,240.0,144.0,135.0,2.0,24.0,0.0,0.0,0,0,0,0,0
158,128,87.15333557128906,0.0,118.05999755859375,0.0,0.0,547.5625,178.4375,157.6971893310547,0.0,0.0,0.0709555447101593,0.23675566911697388,0.3126976788043976,0.0,0.0,0.06857962906360626,0.14967013895511627,0.36542776226997375,0.0,0.0,0.0,0.0,0.0,0.0,0.0,0.16187499463558197,0.02265625074505806,0.016875000670552254,0.0,0.0,206.0,341.0,269.0,240.0,144.0,132.0,2.0,24.0,0.0,0.0,0,0,0,0,0
159,127,0.8933333158493042,0.0,26.286666870117188,0.0,0.0,546.375,147.3125,157.6971893310547,0.0,0.0,0.07044103741645813,0.23511666059494019,0.3092820942401886,0.0,0.0,0.06857962906360626,0.14967013895511627,0.36542776226997375,0.0,0.0,0.0,0.0,0.0,0.0,0.0,0.16124999523162842,0.01796874962747097,0.016875000670552254,0.0,0.0,206.0,343.0,269.0,240.0,144.0,130.0,0.0,24.0,0.0,0.0,1,0,0,0,0
160,125,0.0,0.0,0.0,0.0,0.0,545.1875,144.9375,157.6971893310547,0.0,0.0,0.06992318481206894,0.2335260659456253,0.30221235752105713,0.0,0.0,0.06857962906360626,0.14967013895511627,0.36542776226997375,0.0,0.0,0.0,0.0,0.0,0.0,0.0,0.16062499582767487,0.01640624925494194,0.016875000670552254,0.0,0.0,207.0,345.0,269.0,240.0,144.0,137.0,0.0,23.0,0.0,0.0,3,0,0,0,0
161,126,0.0,0.0,0.0,0.0,0.0,542.8125,144.9375,157.6971893310547,0.0,0.0,0.06941509991884232,0.2319568544626236,0.29545858502388,0.0,0.0,0.06857962906360626,0.14967013895511627,0.36542776226997375,0.0,0.0,0.0,0.0,0.0,0.0,0.0,0.15937499701976776,0.01640624925494194,0.016875000670552254,0.0,0.0,208.0,345.0,269.0,240.0,144.0,136.0,0.0,23.0,0.0,0.0,2,0,0,0,0
162,125,0.0,74.55999755859375,3.81333327293396,0.0,0.0,544.0,144.9375,157.6971893310547,0.0,0.0,0.06891325116157532,0.23384229838848114,0.28952866792678833,0.0,0.0,0.06857962906360626,0.14967013895511627,0.36542776226997375,0.0,0.0,0.0,0.0,0.0,0.0,0.0,0.1599999964237213,0.01640624925494194,0.016875000670552254,0.0,0.0,211.0,345.0,269.0,240.0,144.0,140.0,0.0,23.0,0.0,0.0,3,0,0,0,0
163,126,0.0,28.386667251586914,25.84000015258789,0.0,0.0,542.8125,142.5625,157.6971893310547,0.0,0.0,0.0684196874499321,0.23361580073833466,0.28684037923812866,0.0,0.0,0.06857962906360626,0.14967013895511627,0.36542776226997375,0.0,0.0,0.0,0.0,0.0,0.0,0.0,0.15937499701976776,0.014843749813735485,0.016875000670552254,0.0,0.0,211.0,345.0,269.0,240.0,144.0,145.0,0.0,23.0,0.0,0.0,2,0,0,0,0
164,125,0.0,0.0,360.02667236328125,0.0,0.0,548.75,142.5625,157.6971893310547,0.0,0.0,0.06792785227298737,0.23210188746452332,0.3017765283584595,0.0,0.0,0.06857962906360626,0.14967013895511627,0.4216303825378418,0.0,0.0,0.0,0.0,0.0,0.0,0.0,0.16249999403953552,0.014843749813735485,0.016875000670552254,0.0,0.0,206.0,347.0,269.0,240.0,144.0,140.0,0.0,29.0,0.0,0.0,0,0,3,0,0
165,126,0.0,0.0,92.50666809082031,0.0,0.0,551.125,141.375,157.6971893310547,0.0,0.0,0.0674409568309784,0.23061984777450562,0.307619571685791,0.0,0.0,0.06857962906360626,0.14967013895511627,0.4216303825378418,0.0,0.0,0.0,0.0,0.0,0.0,0.0,0.16374999284744263,0.01406249962747097,0.016875000670552254,0.0,0.0,205.0,347.0,269.0,240.0,144.0,141.0,0.0,29.0,0.0,0.0,2,0,0,0,0
166,125,0.0,0.0,181.7866668701172,0.0,0.0,548.75,141.375,165.29656982421875,0.0,0.0,0.06696304678916931,0.22915661334991455,0.3221941292285919,0.0,0.0,0.06857962906360626,0.14967013895511627,0.4262109696865082,0.0,0.0,0.0,0.0,0.0,0.0,0.0,0.16249999403953552,0.01406249962747097,0.020625000819563866,0.0,0.0,208.0,348.0,269.0,240.0,144.0,137.0,0.0,32.0,0.0,0.0,0,0,3,0,0
167,127,0.0,5.2866668701171875,157.1666717529297,0.0,0.0,552.3125,141.375,165.29656982421875,0.0,0.0,0.0664888247847557,0.22794757783412933,0.3351537883281708,0.0,0.0,0.06857962906360626,0.14967013895511627,0.4262109696865082,0.0,0.0,0.0,0.0,0.0,0.0,0.0,0.16437500715255737,0.01406249962747097,0.020625000819563866,0.0,0.0,206.0,348.0,269.0,240.0,144.0,133.0,0.0,35.0,0.0,0.0,0,0,1,0,0
168,124,0.0,0.0,155.46665954589844,0.0,0.0,549.9375,139.0,170.36280822753906,0.0,0.0,0.06602326780557632,0.22654326260089874,0.3471671938896179,0.0,0.0,0.06857962906360626,0.14967013895511627,0.4262109696865082,0.0,0.0,0.0,0.0,0.0,0.0,0.0,0.16312499344348907,0.012500000186264515,0.023125000298023224,0.0,0.0,207.0,348.0,259.0,240.0,144.0,132.0,0.0,41.0,0.0,0.0,1,0,3,0,0
169,125,0.0,102.63999938964844,196.8733367919922,0.0,0.0,549.9375,139.0,174.16250610351562,0.0,0.0,0.06556418538093567,0.2296774536371231,0.3607636094093323,0.0,0.0,0.06857962906360626,0.14967013895511627,0.4325195252895355,0.0,0.0,0.0,0.0,0.0,0.0,0.0,0.16312499344348907,0.012500000186264515,0.02500000037252903,0.0,0.0,209.0,350.0,259.0,240.0,144.0,129.0,5.0,43.0,0.0,0.0,0,2,1,0,0
170,124,0.0,48.90666580200195,45.52000045776367,0.0,0.0,547.5625,139.0,184.2949981689453,0.0,0.0,0.0651133805513382,0.23042094707489014,0.35831040143966675,0.0,0.0,0.06857962906360626,0.14967013895511627,0.4325195252895355,0.0,0.0,0.0,0.0,0.0,0.0,0.0,0.16187499463558197,0.012500000186264515,0.029999999329447746,0.0,0.0,209.0,350.0,248.0,240.0,144.0,136.0,5.0,41.0,0.0,0.0,4,0,0,0,0
171,124,0.0,183.47332763671875,8.146666526794434,0.0,0.0,546.375,168.9375,186.828125,0.0,0.0,0.06466969847679138,0.23607130348682404,0.3515782356262207,0.0,0.0,0.06857962906360626,0.15370787680149078,0.4325195252895355,0.0,0.0,1.0,0.0,0.0,0.0,0.0,0.16124999523162842,0.01640624925494194,0.03125,0.0,0.0,213.0,349.0,246.0,240.0,144.0,130.0,14.0,40.0,0.0,0.0,0,4,0,0,0
172,128,5.179999828338623,134.1133270263672,141.5800018310547,0.0,0.0,542.8125,166.5625,186.828125,0.0,0.0,0.06429901719093323,0.2401614487171173,0.3600863218307495,0.0,0.0,0.06857962906360626,0.15370787680149078,0.4325195252895355,0.0,0.0,0.0,0.0,0.0,0.0,0.0,0.15937499701976776,0.014843749813735485,0.03125,0.0,0.0,209.0,349.0,246.0,240.0,144.0,127.0,14.0,40.0,0.0,0.0,0,0,0,0,0
173,127,31.239999771118164,59.040000915527344,166.24000549316406,0.0,0.0,535.6875,225.25,186.828125,0.0,0.0,0.0642595887184143,0.2403727024793625,0.3709530830383301,0.0,0.0,0.06857962906360626,0.15370787680149078,0.4325195252895355,0.0,0.0,0.0,0.0,0.0,0.0,0.0,0.15562500059604645,0.02187499962747097,0.03125,0.0,0.0,209.0,350.0,246.0,240.0,144.0,125.0,14.0,39.0,0.0,0.0,0,0,1,0,0
174,127,41.086666107177734,8.40666675567627,73.72000122070312,0.0,0.0,538.0625,225.25,186.828125,0.0,0.0,0.06433918327093124,0.23843684792518616,0.37142816185951233,0.0,0.0,0.06857962906360626,0.15370787680149078,0.4325195252895355,0.0,0.0,0.0,0.0,0.0,0.0,0.0,0.15687499940395355,0.02187499962747097,0.03125,0.0,0.0,212.0,350.0,246.0,240.0,144.0,122.0,14.0,39.0,0.0,0.0,1,0,0,0,0
175,127,52.073333740234375,109.09333038330078,187.5066680908203,0.0,0.0,534.5,225.25,189.3612518310547,0.0,0.0,0.06455396860837936,0.24075892567634583,0.3837837278842926,0.0,0.0,0.06857962906360626,0.15370787680149078,0.4325195252895355,0.0,0.0,0.0,0.0,0.0,0.0,0.0,0.1550000011920929,0.02187499962747097,0.032499998807907104,0.0,0.0,210.0,350.0,246.0,240.0,144.0,120.0,14.0,39.0,0.0,0.0,0,0,1,0,0
176,125,84.68000030517578,196.0800018310547,124.00666809082031,0.0,0.0,533.3125,225.25,189.3612518310547,0.0,0.0,0.06516038626432419,0.24665042757987976,0.3890906870365143,0.0,0.0,0.06857962906360626,0.15370787680149078,0.4325195252895355,0.0,0.0,0.0,0.0,0.0,0.0,0.0,0.15437500178813934,0.02187499962747097,0.032499998807907104,0.0,0.0,215.0,350.0,246.0,240.0,144.0,118.0,21.0,39.0,0.0,0.0,0,3,0,0,0
177,128,97.68000030517578,214.89332580566406,151.82666015625,0.0,0.0,530.9375,221.6875,190.6278076171875,0.0,0.0,0.06591679900884628,0.25324398279190063,0.39696377515792847,0.0,0.0,0.06857962906360626,0.15370787680149078,0.4325195252895355,0.0,0.0,0.0,0.0,0.0,0.0,0.0,0.15312500298023224,0.01953125,0.03312499821186066,0.0,0.0,215.0,350.0,243.0,240.0,144.0,118.0,21.0,39.0,0.0,0.0,0,0,0,0,0
178,126,24.213333129882812,353.8066711425781,165.77333068847656,0.0,0.0,530.9375,230.0,190.6278076171875,0.0,0.0,0.06578830629587173,0.2602461874485016,0.4059254825115204,0.0,0.0,0.06857962906360626,0.18809860944747925,0.4325195252895355,0.0,0.0,0.0,0.0,0.0,0.0,0.0,0.15312500298023224,0.02500000037252903,0.03312499821186066,0.0,0.0,215.0,343.0,243.0,240.0,144.0,117.0,27.0,39.0,0.0,0.0,0,2,0,0,0
179,126,2.7200000286102295,236.913330078125,118.45333099365234,0.0,0.0,528.5625,230.0,189.3612518310547,0.0,0.0,0.06540878862142563,0.26711830496788025,0.40998533368110657,0.0,0.0,0.06857962906360626,0.19001898169517517,0.4325195252895355,0.0,0.0,0.0,0.0,0.0,0.0,0.0,0.15187500417232513,0.02500000037252903,0.032499998807907104,0.0,0.0,215.0,343.0,243.0,240.0,144.0,110.0,33.0,39.0,0.0,0.0,0,2,0,0,0
180,126,49.80666732788086,8.25333309173584,125.09333038330078,0.0,0.0,526.1875,234.75,189.3612518310547,0.0,0.0,0.06558987498283386,0.2649396061897278,0.4145343005657196,0.0,0.0,0.06857962906360626,0.19001898169517517,0.4325195252895355,0.0,0.0,0.0,0.0,0.0,0.0,0.0,0.15062500536441803,0.02812499925494194,0.032499998807907104,0.0,0.0,217.0,340.0,244.0,240.0,144.0,114.0,33.0,37.0,0.0,0.0,2,0,0,0,0
181,127,30.433332443237305,47.34000015258789,100.19999694824219,0.0,0.0,526.1875,235.9375,189.3612518310547,0.0,0.0,0.06554216891527176,0.26433834433555603,0.4165775179862976,0.0,0.0,0.06857962906360626,0.19001898169517517,0.4325195252895355,0.0,0.0,0.0,0.0,0.0,0.0,0.0,0.15062500536441803,0.02890625037252903,0.032499998807907104,0.0,0.0,219.0,338.0,244.0,240.0,144.0,114.0,33.0,37.0,0.0,0.0,1,0,0,0,0
182,125,3.859999895095825,83.88666534423828,98.68000030517578,0.0,0.0,525.0,235.9375,186.828125,0.0,0.0,0.06518708914518356,0.26518338918685913,0.4185066223144531,0.0,0.0,0.06857962906360626,0.19001898169517517,0.4325195252895355,0.0,0.0,0.0,0.0,0.0,0.0,0.0,0.15000000596046448,0.02890625037252903,0.03125,0.0,0.0,218.0,338.0,244.0,240.0,144.0,116.0,30.0,37.0,0.0,0.0,3,0,0,0,0
183,124,0.0,0.0,81.88666534423828,0.0,0.0,526.1875,235.9375,186.828125,0.0,0.0,0.06479083001613617,0.2627490162849426,0.41884294152259827,0.0,0.0,0.06857962906360626,0.19001898169517517,0.4325195252895355,0.0,0.0,0.0,0.0,0.0,0.0,0.0,0.15062500536441803,0.02890625037252903,0.03125,0.0,0.0,221.0,338.0,246.0,240.0,144.0,125.0,30.0,34.0,0.0,0.0,4,0,0,0,0
184,127,199.68666076660156,142.64666748046875,41.50666809082031,0.0,0.0,527.375,235.9375,186.828125,0.0,0.0,0.06669138371944427,0.26585862040519714,0.41555702686309814,0.0,0.0,0.06857962906360626,0.19001898169517517,0.4325195252895355,0.0,0.0,0.0,0.0,0.0,0.0,0.0,0.15125000476837158,0.02890625037252903,0.03125,0.0,0.0,218.0,338.0,246.0,240.0,144.0,126.0,30.0,34.0,0.0,0.0,1,0,0,0,0
185,126,92.94000244140625,224.15333557128906,48.79999923706055,0.0,0.0,525.0,234.75,186.828125,0.0,0.0,0.0673525407910347,0.27203866839408875,0.4130205810070038,0.0,0.0,0.06857962906360626,0.19001898169517517,0.4325195252895355,0.0,0.0,0.0,0.0,0.0,0.0,0.0,0.15000000596046448,0.02812499925494194,0.03125,0.0,0.0,217.0,338.0,246.0,240.0,144.0,121.0,34.0,34.0,0.0,0.0,0,2,0,0,0
186,128,265.76666259765625,293.55999755859375,49.13999938964844,0.0,0.0,520.25,233.5625,186.828125,0.0,0.0,0.06997042894363403,0.27847766876220703,0.4105955958366394,0.0,0.0,0.06857962906360626,0.20668494701385498,0.4325195252895355,0.0,0.0,0.0,0.0,0.0,0.0,0.0,0.14749999344348907,0.02734375,0.03125,0.0,0.0,219.0,339.0,246.0,240.0,144.0,117.0,34.0,34.0,0.0,0.0,0,0,0,0,0
187,128,189.4199981689453,481.739990234375,36.52000045776367,0.0,0.0,520.25,238.3125,186.828125,0.0,0.0,0.07169643044471741,0.2849312722682953,0.4071730673313141,0.0,0.0,0.06857962906360626,0.27430370450019836,0.4325195252895355,0.0,0.0,0.0,0.0,0.0,0.0,0.0,0.14749999344348907,0.03046875074505806,0.03125,0.0,0.0,222.0,336.0,246.0,240.0,144.0,115.0,34.0,31.0,0.0,0.0,0,0,0,0,0
188,128,182.24667358398438,155.1999969482422,37.380001068115234,0.0,0.0,520.25,238.3125,186.828125,0.0,0.0,0.07332184165716171,0.2881787121295929,0.40392982959747314,0.0,0.0,0.06857962906360626,0.27430370450019836,0.4325195252895355,0.0,0.0,0.0,0.0,0.0,0.0,0.0,0.14749999344348907,0.03046875074505806,0.03125,0.0,0.0,222.0,336.0,246.0,240.0,144.0,105.0,34.0,28.0,0.0,0.0,0,0,0,0,0
189,128,244.35333251953125,96.6066665649414,39.026668548583984,0.0,0.0,517.875,238.3125,186.828125,0.0,0.0,0.07562282681465149,0.2892085611820221,0.4009225070476532,0.0,0.0,0.06857962906360626,0.27430370450019836,0.4325195252895355,0.0,0.0,0.0,0.0,0.0,0.0,0.0,0.14624999463558197,0.03046875074505806,0.03125,0.0,0.0,222.0,336.0,246.0,240.0,144.0,102.0,34.0,28.0,0.0,0.0,0,0,0,0,0
190,128,93.37333679199219,464.7066650390625,21.280000686645508,0.0,0.0,509.5625,238.3125,185.5615692138672,0.0,0.0,0.07623077929019928,0.29540005326271057,0.3966049551963806,0.0,0.0,0.06857962906360626,0.33719098567962646,0.4325195252895355,0.0,0.0,0.0,0.0,0.0,0.0,0.0,0.1418749988079071,0.03046875074505806,0.030625000596046448,0.0,0.0,222.0,336.0,246.0,240.0,144.0,96.0,34.0,24.0,0.0,0.0,0,0,0,0,0
191,127,275.9466552734375,193.5800018310547,15.566666603088379,0.0,0.0,509.5625,233.5625,185.5615692138672,0.0,0.0,0.0788445696234703,0.2999153137207031,0.39195820689201355,0.0,0.0,0.06857962906360626,0.33719098567962646,0.4325195252895355,0.0,0.0,0.0,0.0,0.0,0.0,0.0,0.1418749988079071,0.02734375,0.030625000596046448,0.0,0.0,223.0,336.0,247.0,240.0,144.0,94.0,36.0,23.0,0.0,0.0,0,1,0,0,0
192,128,71.62000274658203,346.5400085449219,17.30666732788086,0.0,0.0,506.0,233.5625,183.0284423828125,0.0,0.0,0.07919235527515411,0.3057916462421417,0.38766229152679443,0.0,0.0,0.06857962906360626,0.3685736060142517,0.4325195252895355,0.0,0.0,0.0,0.0,0.0,0.0,0.0,0.14000000059604645,0.02734375,0.029374999925494194,0.0,0.0,223.0,336.0,247.0,240.0,144.0,92.0,36.0,23.0,0.0,0.0,0,0,0,0,0
193,128,626.52001953125,141.3733367919922,36.779998779296875,0.0,0.0,504.8125,235.9375,183.0284423828125,0.0,0.0,0.08426018059253693,0.3082585334777832,0.3850037157535553,0.0,0.0,0.10238727182149887,0.3685736060142517,0.4325195252895355,0.0,0.0,0.0,0.0,0.0,0.0,0.0,0.1393750011920929,0.02890625037252903,0.029374999925494194,0.0,0.0,226.0,336.0,249.0,240.0,144.0,92.0,36.0,19.0,0.0,0.0,0,0,0,0,0
194,128,178.72000122070312,120.38666534423828,35.66666793823242,0.0,0.0,506.0,235.9375,183.0284423828125,0.0,0.0,0.08573568612337112,0.30994269251823425,0.3823343515396118,0.0,0.0,0.10238727182149887,0.3685736060142517,0.4325195252895355,0.0,0.0,0.0,0.0,0.0,0.0,0.0,0.14000000059604645,0.02890625037252903,0.029374999925494194,0.0,0.0,223.0,334.0,249.0,240.0,144.0,90.0,33.0,19.0,0.0,0.0,0,0,0,0,0
195,128,131.45333862304688,269.47332763671875,64.43333435058594,0.0,0.0,506.0,232.375,183.0284423828125,0.0,0.0,0.08668539673089981,0.3155631422996521,0.3819149434566498,0.0,0.0,0.10238727182149887,0.37887871265411377,0.4325195252895355,0.0,0.0,0.0,0.0,0.0,0.0,0.0,0.14000000059604645,0.02656250074505806,0.029374999925494194,0.0,0.0,222.0,334.0,249.0,240.0,144.0,90.0,33.0,19.0,0.0,0.0,0,0,0,0,0
196,128,479.0733337402344,90.17333221435547,68.87999725341797,0.0,0.0,502.4375,232.375,180.4953155517578,0.0,0.0,0.09135647863149643,0.3161487877368927,0.38191092014312744,0.0,0.0,0.10238727182149887,0.37887871265411377,0.4325195252895355,0.0,0.0,0.0,0.0,0.0,0.0,0.0,0.1381250023841858,0.02656250074505806,0.02812499925494194,0.0,0.0,222.0,337.0,249.0,240.0,144.0,83.0,33.0,19.0,0.0,0.0,0,0,0,0,0
197,128,7.386666774749756,102.59333038330078,90.7933349609375,0.0,0.0,502.4375,232.375,180.4953155517578,0.0,0.0,0.09094561636447906,0.3171533942222595,0.38352054357528687,0.0,0.0,0.10238727182149887,0.37887871265411377,0.4325195252895355,0.0,0.0,0.0,0.0,0.0,0.0,0.0,0.1381250023841858,0.02656250074505806,0.02812499925494194,0.0,0.0,225.0,337.0,251.0,240.0,144.0,78.0,33.0,17.0,0.0,0.0,0,0,0,0,0
198,128,6.746666431427002,111.56666564941406,69.04666900634766,0.0,0.0,502.4375,232.375,177.96218872070312,0.0,0.0,0.0905323401093483,0.3184490501880646,0.3835783004760742,0.0,0.0,0.10238727182149887,0.37887871265411377,0.4325195252895355,0.0,0.0,0.0,0.0,0.0,0.0,0.0,0.1381250023841858,0.02656250074505806,0.026875000447034836,0.0,0.0,225.0,337.0,251.0,240.0,144.0,72.0,33.0,14.0,0.0,0.0,0,0,0,0,0
199,127,125.81999969482422,459.1933288574219,69.0,0.0,0.0,496.5,232.375,177.96218872070312,0.0,0.0,0.09138596057891846,0.32382509112358093,0.38363122940063477,0.0,0.0,0.10238727182149887,0.44188380241394043,0.4325195252895355,0.0,0.0,0.0,0.0,0.0,0.0,0.0,0.13500000536441803,0.02656250074505806,0.026875000447034836,0.0,0.0,225.0,337.0,253.0,240.0,144.0,70.0,30.0,14.0,0.0,0.0,0,1,0,0,0
200,128,287.82000732421875,480.3800048828125,72.086669921875,0.0,0.0,491.75,232.375,176.69561767578125,0.0,0.0,0.09393641352653503,0.32911697030067444,0.38393592834472656,0.0,0.0,0.10238727182149887,0.5107740759849548,0.4325195252895355,0.0,0.0,0.0,0.0,0.0,0.0,0.0,0.13249999284744263,0.02656250074505806,0.026249999180436134,0.0,0.0,230.0,337.0,253.0,240.0,144.0,67.0,29.0,13.0,0.0,0.0,0,0,0,0,0
201,128,629.8599853515625,253.3333282470703,78.73332977294922,0.0,0.0,481.0625,233.5625,176.69561767578125,0.0,0.0,0.09849044680595398,0.33435308933258057,0.3846982419490814,0.0,0.0,0.14371991157531738,0.5162659883499146,0.4325195252895355,0.0,0.0,0.0,0.0,0.0,0.0,0.0,0.12687499821186066,0.02734375,0.026249999180436134,0.0,0.0,232.0,337.0,254.0,240.0,144.0,64.0,28.0,13.0,0.0,0.0,0,0,0,0,0
202,128,340.6199951171875,378.8599853515625,69.90666961669922,0.0,0.0,478.6875,233.5625,175.42906188964844,0.0,0.0,0.1015414223074913,0.3395081162452698,0.38486549258232117,0.0,0.0,0.14371991157531738,0.5566263794898987,0.4325195252895355,0.0,0.0,0.0,0.0,0.0,0.0,0.0,0.12562499940395355,0.02734375,0.025624999776482582,0.0,0.0,234.0,337.0,254.0,240.0,144.0,64.0,28.0,13.0,0.0,0.0,0,0,0,0,0
203,128,516.0599975585938,498.1199951171875,97.92666625976562,0.0,0.0,475.125,233.5625,175.42906188964844,0.0,0.0,0.10595748573541641,0.3445838987827301,0.3869425356388092,0.0,0.0,0.15509073436260223,0.6301145553588867,0.4325195252895355,0.0,0.0,0.0,0.0,0.0,0.0,0.0,0.1237500011920929,0.02734375,0.025624999776482582,0.0,0.0,231.0,336.0,255.0,240.0,144.0,57.0,25.0,13.0,0.0,0.0,0,0,0,0,0
204,128,598.0599975585938,759.2000122070312,105.22000122070312,0.0,0.0,471.5625,233.5625,174.16250610351562,0.0,0.0,0.11029771715402603,0.3495822548866272,0.3894959092140198,0.0,0.0,0.19022893905639648,0.7761250138282776,0.4325195252895355,0.0,0.0,0.0,0.0,0.0,0.0,0.0,0.12187500298023224,0.02734375,0.02500000037252903,0.0,0.0,233.0,336.0,255.0,240.0,144.0,57.0,25.0,13.0,0.0,0.0,0,0,0,0,0
205,127,195.72666931152344,328.6533203125,151.63999938964844,0.0,0.0,471.5625,233.5625,170.36280822753906,0.0,0.0,0.11177007853984833,0.3545049726963043,0.39518699049949646,0.0,0.0,0.19022893905639648,0.8025391101837158,0.4325195252895355,0.0,0.0,0.0,0.0,0.0,0.0,0.0,0.12187500298023224,0.02734375,0.023125000298023224,0.0,0.0,233.0,336.0,256.0,240.0,144.0,57.0,23.0,16.0,0.0,0.0,0,0,1,0,0
206,128,192.85333251953125,173.81333923339844,192.02000427246094,0.0,0.0,469.1875,233.5625,170.36280822753906,0.0,0.0,0.11320172250270844,0.357432097196579,0.4019854664802551,0.0,0.0,0.19022893905639648,0.8025391101837158,0.4385354220867157,0.0,0.0,0.0,0.0,0.0,0.0,0.0,0.12062499672174454,0.02734375,0.023125000298023224,0.0,0.0,233.0,336.0,256.0,240.0,144.0,51.0,23.0,16.0,0.0,0.0,0,0,0,0,0
207,127,306.70001220703125,261.6066589355469,193.97999572753906,0.0,0.0,468.0,233.5625,174.16250610351562,0.0,0.0,0.11577638238668442,0.3622228801250458,0.4087793529033661,0.0,0.0,0.19022893905639648,0.8103291392326355,0.4440402686595917,0.0,0.0,0.0,0.0,0.0,0.0,0.0,0.11999999731779099,0.02734375,0.02500000037252903,0.0,0.0,233.0,336.0,256.0,240.0,144.0,51.0,19.0,16.0,0.0,0.0,1,0,0,0,0
208,128,277.32000732421875,367.9599914550781,243.26666259765625,0.0,0.0,463.25,233.5625,174.16250610351562,0.0,0.0,0.11803563684225082,0.36694276332855225,0.41542065143585205,0.0,0.0,0.19022893905639648,0.8476617932319641,0.46323588490486145,0.0,0.0,0.0,0.0,0.0,0.0,0.0,0.11749999970197678,0.02734375,0.02500000037252903,0.0,0.0,234.0,336.0,256.0,240.0,144.0,51.0,17.0,15.0,0.0,0.0,0,0,0,0,0
209,127,362.0,335.35333251953125,373.7866516113281,0.0,0.0,465.625,233.5625,174.16250610351562,0.0,0.0,0.12112225592136383,0.37159326672554016,0.42191436886787415,0.0,0.0,0.19022893905639648,0.8759370446205139,0.5186870098114014,0.0,0.0,0.0,0.0,0.0,0.0,0.0,0.11874999850988388,0.02734375,0.02500000037252903,0.0,0.0,239.0,336.0,256.0,240.0,144.0,50.0,17.0,17.0,0.0,0.0,0,0,1,0,0
210,128,698.6599731445312,388.913330078125,293.5733337402344,0.0,0.0,462.0625,233.5625,171.62937927246094,0.0,0.0,0.1251858025789261,0.37617596983909607,0.4281740188598633,0.0,0.0,0.2559504508972168,0.9190900325775146,0.5525603294372559,0.0,0.0,0.0,0.0,0.0,0.0,0.0,0.11687500029802322,0.02734375,0.023749999701976776,0.0,0.0,239.0,336.0,256.0,240.0,144.0,49.0,17.0,17.0,0.0,0.0,0,0,0,0,0
211,128,475.5333251953125,522.8200073242188,211.8866729736328,0.0,0.0,452.5625,233.5625,174.16250610351562,0.0,0.0,0.1291295289993286,0.3806923031806946,0.43438902497291565,0.0,0.0,0.2623312473297119,0.9994393587112427,0.5630393028259277,0.0,0.0,0.0,0.0,0.0,0.0,0.0,0.11187499761581421,0.02734375,0.02500000037252903,0.0,0.0,240.0,336.0,255.0,240.0,144.0,47.0,15.0,17.0,0.0,0.0,0,0,0,0,0
212,128,226.75332641601562,418.4466552734375,187.66000366210938,0.0,0.0,449.0,233.5625,174.16250610351562,0.0,0.0,0.13080324232578278,0.3851437270641327,0.4404703676700592,0.0,0.0,0.2623312473297119,1.0507960319519043,0.5667886137962341,0.0,0.0,0.0,0.0,0.0,0.0,0.0,0.10999999940395355,0.02734375,0.02500000037252903,0.0,0.0,242.0,336.0,256.0,240.0,144.0,47.0,15.0,15.0,0.0,0.0,0,0,0,0,0
213,128,80.33333587646484,565.2333374023438,202.30667114257812,0.0,0.0,435.9375,233.5625,169.09625244140625,0.0,0.0,0.13103342056274414,0.38953161239624023,0.4462509751319885,0.0,0.0,0.2623312473297119,1.142926812171936,0.5760137438774109,0.0,0.0,0.0,0.0,0.0,0.0,0.0,0.10312499850988388,0.02734375,0.02250000089406967,0.0,0.0,244.0,336.0,256.0,240.0,144.0,45.0,15.0,15.0,0.0,0.0,0,0,0,0,0
214,128,411.413330078125,381.44000244140625,251.9600067138672,0.0,0.0,434.75,233.5625,169.09625244140625,0.0,0.0,0.1345183402299881,0.39385730028152466,0.45191335678100586,0.0,0.0,0.2623312473297119,1.1840039491653442,0.5990314483642578,0.0,0.0,0.0,0.0,0.0,0.0,0.0,0.10249999910593033,0.02734375,0.02250000089406967,0.0,0.0,248.0,336.0,260.0,240.0,144.0,43.0,15.0,15.0,0.0,0.0,0,0,0,0,0
215,128,236.0066680908203,422.760009765625,240.0800018310547,0.0,0.0,428.8125,233.5625,169.09625244140625,0.0,0.0,0.13626424968242645,0.3981221318244934,0.4574611186981201,0.0,0.0,0.2623312473297119,1.2365587949752808,0.6187491416931152,0.0,0.0,0.0,0.0,0.0,0.0,0.0,0.09937500208616257,0.02734375,0.02250000089406967,0.0,0.0,248.0,336.0,260.0,240.0,144.0,37.0,15.0,15.0,0.0,0.0,0,0,0,0,0
216,128,233.55999755859375,416.1266784667969,241.34666442871094,0.0,0.0,425.25,233.5625,169.09625244140625,0.0,0.0,0.1379765123128891,0.40232735872268677,0.4628976881504059,0.0,0.0,0.2623312473297119,1.2872710227966309,0.6388186812400818,0.0,0.0,0.0,0.0,0.0,0.0,0.0,0.09749999642372131,0.02734375,0.02250000089406967,0.0,0.0,248.0,336.0,260.0,240.0,144.0,36.0,15.0,15.0,0.0,0.0,0,0,0,0,0
217,128,785.5333251953125,341.2066650390625,205.51333618164062,0.0,0.0,428.8125,233.5625,169.09625244140625,0.0,0.0,0.14156560599803925,0.406474232673645,0.4682264029979706,0.0,0.0,0.3614203631877899,1.3171721696853638,0.648934543132782,0.0,0.0,0.0,0.0,0.0,0.0,0.0,0.09937500208616257,0.02734375,0.02250000089406967,0.0,0.0,251.0,336.0,260.0,240.0,144.0,34.0,15.0,14.0,0.0,0.0,0,0,0,0,0
218,128,239.67999267578125,212.57333374023438,332.1000061035156,0.0,0.0,422.875,233.5625,169.09625244140625,0.0,0.0,0.14330437779426575,0.4099447429180145,0.4734503924846649,0.0,0.0,0.3614203631877899,1.3171721696853638,0.6942133903503418,0.0,0.0,0.0,0.0,0.0,0.0,0.0,0.09624999761581421,0.02734375,0.02250000089406967,0.0,0.0,248.0,336.0,260.0,240.0,144.0,28.0,15.0,14.0,0.0,0.0,0,0,0,0,0
219,128,702.193359375,129.19332885742188,458.7799987792969,0.0,0.0,422.875,230.0,169.09625244140625,0.0,0.0,0.14679324626922607,0.4109675884246826,0.4785727560520172,0.0,0.0,0.43900880217552185,1.3171721696853638,0.7746810913085938,0.0,0.0,0.0,0.0,0.0,0.0,0.0,0.09624999761581421,0.02500000037252903,0.02250000089406967,0.0,0.0,252.0,336.0,260.0,240.0,144.0,28.0,15.0,12.0,0.0,0.0,0,0,0,0,0
220,128,242.8733367919922,92.55999755859375,526.7533569335938,0.0,0.0,422.875,230.0,169.09625244140625,0.0,0.0,0.1485273540019989,0.4109104573726654,0.48359641432762146,0.0,0.0,0.43900880217552185,1.3171721696853638,0.8740302920341492,0.0,0.0,0.0,0.0,0.0,0.0,0.0,0.09624999761581421,0.02500000037252903,0.02250000089406967,0.0,0.0,252.0,339.0,260.0,240.0,144.0,23.0,13.0,12.0,0.0,0.0,0,0,0,0,0
221,128,659.0933227539062,145.84666442871094,689.3800048828125,0.0,0.0,420.5,230.0,169.09625244140625,0.0,0.0,0.15194769203662872,0.41239479184150696,0.4885241985321045,0.0,0.0,0.5052847266197205,1.3171721696853638,1.0185534954071045,0.0,0.0,0.0,0.0,0.0,0.0,0.0,0.0949999988079071,0.02500000037252903,0.02250000089406967,0.0,0.0,252.0,339.0,260.0,240.0,144.0,19.0,12.0,12.0,0.0,0.0,0,0,0,0,0
222,128,322.59332275390625,134.4066619873047,656.3333129882812,0.0,0.0,416.9375,230.0,169.09625244140625,0.0,0.0,0.1544143557548523,0.41353094577789307,0.493358850479126,0.0,0.0,0.5052847266197205,1.3171721696853638,1.1538971662521362,0.0,0.0,0.0,0.0,0.0,0.0,0.0,0.09312500059604645,0.02500000037252903,0.02250000089406967,0.0,0.0,252.0,339.0,260.0,240.0,144.0,14.0,10.0,12.0,0.0,0.0,0,0,0,0,0
223,127,68.41999816894531,114.43333435058594,535.806640625,0.0,0.0,408.625,230.0,165.29656982421875,0.0,0.0,0.15446481108665466,0.41408225893974304,0.49799731373786926,0.0,0.0,0.5052847266197205,1.3171721696853638,1.2568166255950928,0.0,0.0,0.0,0.0,0.0,0.0,0.0,0.08874999731779099,0.02500000037252903,0.020625000819563866,0.0,0.0,252.0,339.0,260.0,240.0,144.0,13.0,10.0,14.0,0.0,0.0,0,0,1,0,0
224,128,360.7200012207031,135.02667236328125,448.38665771484375,0.0,0.0,408.625,230.0,165.29656982421875,0.0,0.0,0.15727461874485016,0.41521015763282776,0.5025516152381897,0.0,0.0,0.5052847266197205,1.3171721696853638,1.3354527950286865,0.0,0.0,0.0,0.0,0.0,0.0,0.0,0.08874999731779099,0.02500000037252903,0.020625000819563866,0.0,0.0,256.0,339.0,260.0,240.0,144.0,13.0,10.0,14.0,0.0,0.0,0,0,0,0,0
225,128,485.6000061035156,100.83333587646484,350.2066650390625,0.0,0.0,408.625,230.0,167.82968139648438,0.0,0.0,0.16051340103149414,0.4153604209423065,0.5070919394493103,0.0,0.0,0.5266666412353516,1.3171721696853638,1.3861130475997925,0.0,0.0,0.0,0.0,0.0,0.0,0.0,0.08874999731779099,0.02500000037252903,0.02187499962747097,0.0,0.0,256.0,339.0,260.0,240.0,144.0,12.0,10.0,14.0,0.0,0.0,0,0,0,0,0
226,128,261.17333984375,69.31999969482422,323.7200012207031,0.0,0.0,412.1875,230.0,167.82968139648438,0.0,0.0,0.162340447306633,0.4146268963813782,0.5115501284599304,0.0,0.0,0.5266666412353516,1.3171721696853638,1.4294159412384033,0.0,0.0,0.0,0.0,0.0,0.0,0.0,0.09062500298023224,0.02500000037252903,0.02187499962747097,0.0,0.0,256.0,339.0,260.0,240.0,144.0,7.0,10.0,14.0,0.0,0.0,0,0,0,0,0
227,126,669.3800048828125,53.40666580200195,338.0799865722656,0.0,0.0,412.1875,230.0,167.82968139648438,0.0,0.0,0.16556283831596375,0.41346031427383423,0.5159283876419067,0.0,0.0,0.5981090068817139,1.3171721696853638,1.4767076969146729,0.0,0.0,0.0,0.0,0.0,0.0,0.0,0.09062500298023224,0.02500000037252903,0.02187499962747097,0.0,0.0,253.0,339.0,261.0,240.0,144.0,7.0,10.0,20.0,0.0,0.0,0,0,2,0,0
228,128,698.0800170898438,73.1866683959961,341.32666015625,0.0,0.0,412.1875,230.0,164.02999877929688,0.0,0.0,0.1687605381011963,0.41285499930381775,0.520132303237915,0.0,0.0,0.6775236129760742,1.3171721696853638,1.5259567499160767,0.0,0.0,0.0,0.0,0.0,0.0,0.0,0.09062500298023224,0.02500000037252903,0.019999999552965164,0.0,0.0,253.0,339.0,261.0,240.0,144.0,7.0,10.0,20.0,0.0,0.0,0,0,0,0,0
229,128,701.9666748046875,129.2066650390625,385.913330078125,0.0,0.0,405.0625,230.0,171.62937927246094,0.0,0.0,0.17187917232513428,0.41379526257514954,0.5244535803794861,0.0,0.0,0.7599970102310181,1.3171721696853638,1.5854800939559937,0.0,0.0,0.0,0.0,0.0,0.0,0.0,0.08687499910593033,0.02500000037252903,0.023749999701976776,0.0,0.0,253.0,339.0,255.0,240.0,144.0,7.0,10.0,20.0,0.0,0.0,0,0,0,0,0
230,128,450.9466552734375,124.4800033569336,405.47332763671875,0.0,0.0,402.6875,201.25,171.62937927246094,0.0,0.0,0.17495641112327576,0.41492021083831787,0.528697669506073,0.0,0.0,0.7734023332595825,1.3171721696853638,1.6504367589950562,0.0,0.0,0.0,0.0,0.0,0.0,0.0,0.08562500029802322,0.02187499962747097,0.023749999701976776,0.0,0.0,256.0,339.0,255.0,240.0,144.0,7.0,10.0,18.0,0.0,0.0,0,0,0,0,0
231,128,526.47998046875,188.97999572753906,363.9466552734375,0.0,0.0,402.6875,173.6875,169.09625244140625,0.0,0.0,0.17801086604595184,0.41768160462379456,0.5328057408332825,0.0,0.0,0.807789146900177,1.3214201927185059,1.7045618295669556,0.0,0.0,0.0,0.0,0.0,0.0,0.0,0.08562500029802322,0.01953125,0.02250000089406967,0.0,0.0,254.0,339.0,255.0,240.0,144.0,7.0,8.0,18.0,0.0,0.0,0,0,0,0,0
232,128,446.90667724609375,210.2133331298828,361.85333251953125,0.0,0.0,395.5625,146.125,165.29656982421875,0.0,0.0,0.1809893250465393,0.4199846386909485,0.5367528200149536,0.0,0.0,0.8220514059066772,1.3392224311828613,1.7591609954833984,0.0,0.0,0.0,0.0,0.0,0.0,0.0,0.08187499642372131,0.01718750037252903,0.020625000819563866,0.0,0.0,254.0,339.0,257.0,240.0,144.0,7.0,8.0,18.0,0.0,0.0,0,0,0,0,0
233,128,611.1866455078125,264.8399963378906,420.5799865722656,0.0,0.0,389.625,146.125,165.29656982421875,0.0,0.0,0.1839020699262619,0.4222695529460907,0.5406337976455688,0.0,0.0,0.8835963010787964,1.3721988201141357,1.8300729990005493,0.0,0.0,0.0,0.0,0.0,0.0,0.0,0.07874999940395355,0.01718750037252903,0.020625000819563866,0.0,0.0,257.0,339.0,257.0,240.0,144.0,5.0,6.0,18.0,0.0,0.0,0,0,0,0,0
234,128,584.3866577148438,228.1266632080078,543.7466430664062,0.0,0.0,384.875,144.9375,165.29656982421875,0.0,0.0,0.18675902485847473,0.4245181977748871,0.5444502830505371,0.0,0.0,0.9390162229537964,1.395306944847107,1.9351980686187744,0.0,0.0,0.0,0.0,0.0,0.0,0.0,0.07625000178813934,0.01640624925494194,0.020625000819563866,0.0,0.0,257.0,341.0,257.0,240.0,144.0,2.0,6.0,18.0,0.0,0.0,0,0,0,0,0
235,128,543.9266967773438,199.5066680908203,435.9866638183594,0.0,0.0,382.5,144.9375,165.29656982421875,0.0,0.0,0.1895785927772522,0.4267493784427643,0.5482038259506226,0.0,0.0,0.9838569164276123,1.4104650020599365,2.010389804840088,0.0,0.0,0.0,0.0,0.0,0.0,0.0,0.07500000298023224,0.01640624925494194,0.020625000819563866,0.0,0.0,259.0,342.0,257.0,240.0,144.0,2.0,2.0,16.0,0.0,0.0,0,0,0,0,0
236,128,436.82666015625,260.5533447265625,402.7066650390625,0.0,0.0,382.5,144.9375,161.4968719482422,0.0,0.0,0.1923786848783493,0.4289633631706238,0.5518118739128113,0.0,0.0,0.9989476799964905,1.4425805807113647,2.077392339706421,0.0,0.0,0.0,0.0,0.0,0.0,0.0,0.07500000298023224,0.01640624925494194,0.01875000074505806,0.0,0.0,260.0,342.0,257.0,240.0,144.0,2.0,2.0,12.0,0.0,0.0,0,0,0,0,0
237,128,337.17333984375,227.0,346.5533447265625,0.0,0.0,377.75,142.5625,158.9637451171875,0.0,0.0,0.194759801030159,0.43112441897392273,0.5553075075149536,0.0,0.0,0.9989476799964905,1.4660353660583496,2.1295006275177,0.0,0.0,0.0,0.0,0.0,0.0,0.0,0.07249999791383743,0.014843749813735485,0.017500000074505806,0.0,0.0,260.0,342.0,260.0,240.0,144.0,2.0,2.0,12.0,0.0,0.0,0,0,0,0,0
238,126,295.3133239746094,247.27999877929688,339.0733337402344,0.0,0.0,376.5625,142.5625,158.9637451171875,0.0,0.0,0.19675131142139435,0.4332691729068756,0.5587489604949951,0.0,0.0,0.9989476799964905,1.4951236248016357,2.1795310974121094,0.0,0.0,0.0,0.0,0.0,0.0,0.0,0.07187499850988388,0.014843749813735485,0.017500000074505806,0.0,0.0,263.0,344.0,260.0,240.0,144.0,5.0,2.0,12.0,0.0,0.0,2,0,0,0,0
239,126,284.40667724609375,254.9600067138672,331.2266540527344,0.0,0.0,373.0,142.5625,158.9637451171875,0.0,0.0,0.1986382156610489,0.43539783358573914,0.5621376037597656,0.0,0.0,0.9989476799964905,1.526345133781433,2.227381944656372,0.0,0.0,0.0,0.0,0.0,0.0,0.0,0.07000000029802322,0.014843749813735485,0.017500000074505806,0.0,0.0,263.0,344.0,260.0,240.0,144.0,11.0,2.0,12.0,0.0,0.0,2,0,0,0,0
240,123,272.4333190917969,319.76666259765625,370.0799865722656,0.0,0.0,380.125,142.5625,158.9637451171875,0.0,0.0,0.20039315521717072,0.43751055002212524,0.5654746294021606,0.0,0.0,0.9989476799964905,1.5755685567855835,2.286025285720825,0.0,0.0,0.0,0.0,0.0,0.0,0.0,0.07374999672174454,0.014843749813735485,0.017500000074505806,0.0,0.0,264.0,344.0,260.0,240.0,144.0,15.0,2.0,21.0,0.0,0.0,2,0,3,0,0
241,125,208.4600067138672,472.9666748046875,397.4533386230469,0.0,0.0,386.0625,140.1875,158.9637451171875,0.0,0.0,0.20155741274356842,0.4395727217197418,0.5687611103057861,0.0,0.0,0.9989476799964905,1.6680071353912354,2.3522725105285645,0.0,0.0,0.0,0.0,0.0,0.0,0.0,0.0768750011920929,0.01328125037252903,0.017500000074505806,0.0,0.0,255.0,344.0,260.0,240.0,144.0,18.0,2.0,24.0,0.0,0.0,2,0,1,0,0
242,126,204.85333251953125,576.193359375,317.09332275390625,0.0,0.0,388.4375,144.9375,170.36280822753906,0.0,0.0,0.20267754793167114,0.4416889250278473,0.5722285509109497,0.0,0.0,0.9989476799964905,1.7878004312515259,2.393030881881714,0.0,0.0,0.0,0.0,0.0,0.0,0.0,0.078125,0.01640624925494194,0.023125000298023224,0.0,0.0,251.0,346.0,260.0,240.0,144.0,22.0,0.0,24.0,0.0,0.0,2,0,0,0,0
243,127,203.24667358398438,598.0,327.00665283203125,0.0,0.0,387.25,144.9375,174.16250610351562,0.0,0.0,0.2037779688835144,0.44378921389579773,0.5757161378860474,0.0,0.0,0.9989476799964905,1.9136511087417603,2.4354875087738037,0.0,0.0,0.0,0.0,0.0,0.0,0.0,0.07750000059604645,0.01640624925494194,0.02500000037252903,0.0,0.0,248.0,346.0,256.0,240.0,144.0,22.0,0.0,27.0,0.0,0.0,0,0,1,0,0
244,123,225.05332946777344,709.4199829101562,315.3333435058594,0.0,0.0,392.0,144.9375,172.89593505859375,0.0,0.0,0.20505401492118835,0.4458737373352051,0.5791226029396057,0.0,0.0,0.9989476799964905,2.0704517364501953,2.475053548812866,0.0,0.0,0.0,0.0,0.0,0.0,0.0,0.07999999821186066,0.01640624925494194,0.02437499910593033,0.0,0.0,246.0,342.0,256.0,240.0,144.0,26.0,0.0,30.0,0.0,0.0,4,0,1,0,0
245,127,149.34666442871094,896.9533081054688,308.6600036621094,0.0,0.0,392.0,143.75,176.69561767578125,0.0,0.0,0.20565813779830933,0.4479258358478546,0.5825478434562683,0.0,0.0,0.9989476799964905,2.279675006866455,2.5117104053497314,0.0,0.0,0.0,0.0,0.0,0.0,0.0,0.07999999821186066,0.015625,0.026249999180436134,0.0,0.0,246.0,342.0,254.0,240.0,144.0,26.0,0.0,33.0,0.0,0.0,0,0,1,0,0
246,126,173.4933319091797,773.9400024414062,326.6600036621094,0.0,0.0,394.375,143.75,180.4953155517578,0.0,0.0,0.20646463334560394,0.4499627649784088,0.5859896540641785,0.0,0.0,0.9989476799964905,2.4547278881073,2.552311658859253,0.0,0.0,0.0,0.0,0.0,0.0,0.0,0.08124999701976776,0.015625,0.02812499925494194,0.0,0.0,252.0,343.0,254.0,240.0,144.0,26.0,4.0,33.0,0.0,0.0,0,2,0,0,0
247,125,181.80667114257812,611.0999755859375,316.3599853515625,0.0,0.0,394.375,117.375,184.2949981689453,0.0,0.0,0.20733791589736938,0.4516148567199707,0.5894458293914795,0.0,0.0,0.9989476799964905,2.5918736457824707,2.588996410369873,0.0,0.0,0.0,0.0,0.0,0.0,0.0,0.08124999701976776,0.01406249962747097,0.029999999329447746,0.0,0.0,254.0,343.0,254.0,240.0,144.0,28.0,6.0,33.0,0.0,0.0,1,2,0,0,0
248,126,260.1199951171875,640.0599975585938,282.3599853515625,0.0,0.0,390.8125,170.125,184.2949981689453,0.0,0.0,0.2088906615972519,0.4539918899536133,0.5928448438644409,0.0,0.0,0.9989476799964905,2.7224111557006836,2.616236686706543,0.0,0.0,0.0,0.0,0.0,0.0,0.0,0.0793749988079071,0.01718750037252903,0.029999999329447746,0.0,0.0,254.0,344.0,254.0,240.0,144.0,31.0,6.0,30.0,0.0,0.0,2,0,0,0,0
249,125,335.7066650390625,677.3733520507812,244.6133270263672,0.0,0.0,384.875,172.5,184.2949981689453,0.0,0.0,0.2110968679189682,0.4563811421394348,0.596187949180603,0.0,0.0,0.9989476799964905,2.8626537322998047,2.6329917907714844,0.0,0.0,0.0,0.0,0.0,0.0,0.0,0.07625000178813934,0.01875000074505806,0.029999999329447746,0.0,0.0,257.0,342.0,248.0,240.0,144.0,37.0,6.0,24.0,0.0,0.0,3,0,0,0,0
250,127,309.8933410644531,859.3333129882812,213.44000244140625,0.0,0.0,390.8125,146.125,180.4953155517578,0.0,0.0,0.21305522322654724,0.4583887755870819,0.5994094014167786,0.0,0.0,0.9989476799964905,3.06076717376709,2.6421430110931396,0.0,0.0,0.0,0.0,0.0,0.0,0.0,0.0793749988079071,0.01718750037252903,0.02812499925494194,0.0,0.0,261.0,342.0,248.0,240.0,144.0,39.0,6.0,24.0,0.0,0.0,1,0,0,0,0
251,125,285.6533203125,674.2333374023438,250.72000122070312,0.0,0.0,396.75,146.125,180.4953155517578,0.0,0.0,0.21478144824504852,0.4603816568851471,0.6025798320770264,0.0,0.0,0.9989476799964905,3.2074639797210693,2.6616499423980713,0.0,0.0,0.0,0.0,0.0,0.0,0.0,0.08250000327825546,0.01718750037252903,0.02812499925494194,0.0,0.0,256.0,342.0,251.0,240.0,144.0,45.0,6.0,24.0,0.0,0.0,3,0,0,0,0
252,121,270.2933349609375,546.1466674804688,305.4333190917969,0.0,0.0,399.125,146.125,180.4953155517578,0.0,0.0,0.2163601815700531,0.4623599052429199,0.6057004928588867,0.0,0.0,0.9989476799964905,3.3185811042785645,2.696354866027832,0.0,0.0,0.0,0.0,0.0,0.0,0.0,0.08375000208616257,0.01718750037252903,0.02812499925494194,0.0,0.0,255.0,342.0,251.0,240.0,144.0,52.0,6.0,30.0,0.0,0.0,5,0,2,0,0
253,127,335.0666809082031,703.1400146484375,337.7466735839844,0.0,0.0,402.6875,146.125,180.4953155517578,0.0,0.0,0.21847368776798248,0.4643237292766571,0.6087725162506104,0.0,0.0,0.9989476799964905,3.4733073711395264,2.7400357723236084,0.0,0.0,0.0,0.0,0.0,0.0,0.0,0.08562500029802322,0.01718750037252903,0.02812499925494194,0.0,0.0,256.0,342.0,251.0,240.0,144.0,54.0,6.0,30.0,0.0,0.0,1,0,0,0,0
254,122,373.6066589355469,948.7333374023438,306.0666809082031,0.0,0.0,411.0,146.125,185.5615692138672,0.0,0.0,0.2208845317363739,0.4662732481956482,0.6118812561035156,0.0,0.0,0.9989476799964905,3.696254253387451,2.7735095024108887,0.0,0.0,0.0,0.0,0.0,0.0,0.0,0.09000000357627869,0.01718750037252903,0.030625000596046448,0.0,0.0,254.0,342.0,245.0,240.0,144.0,58.0,4.0,36.0,0.0,0.0,4,0,2,0,0
255,127,351.3133239746094,1286.9932861328125,294.1066589355469,0.0,0.0,415.75,146.125,185.5615692138672,0.0,0.0,0.22308091819286346,0.4682086110115051,0.6149410009384155,0.0,0.0,0.9989476799964905,4.013162136077881,2.8036608695983887,0.0,0.0,0.0,0.0,0.0,0.0,0.0,0.0925000011920929,0.01718750037252903,0.030625000596046448,0.0,0.0,253.0,342.0,247.0,240.0,144.0,59.0,4.0,36.0,0.0,0.0,1,0,0,0,0
256,125,402.2733459472656,1662.0400390625,279.1199951171875,0.0,0.0,419.3125,146.125,191.89437866210938,0.0,0.0,0.2256849706172943,0.47012999653816223,0.6180548071861267,0.0,0.0,0.9989476799964905,4.434249401092529,2.827890157699585,0.0,0.0,0.0,0.0,0.0,0.0,0.0,0.09437499940395355,0.01718750037252903,0.03375000134110451,0.0,0.0,253.0,342.0,241.0,240.0,144.0,57.0,4.0,45.0,0.0,0.0,0,0,3,0,0
257,127,485.94000244140625,1619.78662109375,269.6199951171875,0.0,0.0,411.0,146.125,191.89437866210938,0.0,0.0,0.22835996747016907,0.47203755378723145,0.6211187243461609,0.0,0.0,1.0197643041610718,4.843599796295166,2.849480628967285,0.0,0.0,0.0,0.0,0.0,0.0,0.0,0.09000000357627869,0.01718750037252903,0.03375000134110451,0.0,0.0,252.0,342.0,242.0,240.0,144.0,57.0,4.0,48.0,0.0,0.0,0,0,1,0,0
258,126,725.1266479492188,1626.606689453125,499.4466552734375,0.0,0.0,406.25,146.125,199.49374389648438,0.0,0.0,0.23098593950271606,0.4739314317703247,0.624252200126648,0.0,0.0,1.1083412170410156,5.254845142364502,2.9328010082244873,0.0,0.0,0.0,0.0,0.0,0.0,0.0,0.08749999850988388,0.01718750037252903,0.03750000149011612,0.0,0.0,252.0,342.0,233.0,240.0,144.0,59.0,4.0,48.0,0.0,0.0,2,0,0,0,0
259,127,814.3400268554688,1440.6533203125,525.8533325195312,0.0,0.0,403.875,146.125,203.29344177246094,0.0,0.0,0.23357892036437988,0.47581177949905396,0.6273925304412842,0.0,0.0,1.222359299659729,5.614436149597168,3.0224008560180664,0.0,0.0,0.0,0.0,0.0,0.0,0.0,0.08624999970197678,0.01718750037252903,0.039374999701976776,0.0,0.0,256.0,342.0,233.0,240.0,144.0,60.0,4.0,48.0,0.0,0.0,1,0,0,0,0
260,128,787.4533081054688,1302.9666748046875,397.67999267578125,0.0,0.0,405.0625,146.125,203.29344177246094,0.0,0.0,0.236162006855011,0.47767871618270874,0.6304808259010315,0.0,0.0,1.3285789489746094,5.935781002044678,3.076397180557251,0.0,0.0,0.0,0.0,0.0,0.0,0.0,0.08687499910593033,0.01718750037252903,0.039374999701976776,0.0,0.0,258.0,342.0,233.0,240.0,144.0,58.0,4.0,48.0,0.0,0.0,0,0,0,0,0
261,126,878.2533569335938,1292.4866943359375,464.3399963378906,0.0,0.0,405.0625,143.75,203.29344177246094,0.0,0.0,0.23872774839401245,0.4795023798942566,0.6335183382034302,0.0,0.0,1.4600207805633545,6.2548747062683105,3.1489100456237793,0.0,0.0,0.0,0.0,0.0,0.0,0.0,0.08687499910593033,0.015625,0.039374999701976776,0.0,0.0,259.0,342.0,233.0,240.0,144.0,61.0,4.0,48.0,0.0,0.0,2,0,0,0,0
262,127,1419.17333984375,1055.3533935546875,630.9866943359375,0.0,0.0,397.9375,143.75,203.29344177246094,0.0,0.0,0.24123162031173706,0.4813133478164673,0.6365063190460205,0.0,0.0,1.7436974048614502,6.5080976486206055,3.267713785171509,0.0,0.0,0.0,0.0,0.0,0.0,0.0,0.08312500268220901,0.015625,0.039374999701976776,0.0,0.0,259.0,344.0,233.0,240.0,144.0,61.0,4.0,48.0,0.0,0.0,1,0,0,0,0
263,125,1153.7733154296875,1012.260009765625,640.1866455078125,0.0,0.0,401.5,143.75,203.29344177246094,0.0,0.0,0.24374127388000488,0.48311176896095276,0.639445960521698,0.0,0.0,1.9526622295379639,6.749350547790527,3.389072895050049,0.0,0.0,0.0,0.0,0.0,0.0,0.0,0.08500000089406967,0.015625,0.039374999701976776,0.0,0.0,262.0,344.0,233.0,240.0,144.0,63.0,4.0,54.0,0.0,0.0,1,0,2,0,0
264,125,995.6599731445312,1099.8800048828125,508.3399963378906,0.0,0.0,403.875,141.375,203.29344177246094,0.0,0.0,0.24624907970428467,0.4848683476448059,0.6423383951187134,0.0,0.0,2.117047071456909,7.015601634979248,3.4738080501556396,0.0,0.0,0.0,0.0,0.0,0.0,0.0,0.08624999970197678,0.01406249962747097,0.039374999701976776,0.0,0.0,262.0,344.0,233.0,240.0,144.0,68.0,4.0,51.0,0.0,0.0,3,0,0,0,0
265,127,906.7933349609375,1202.1866455078125,645.5733032226562,0.0,0.0,406.25,141.375,210.89280700683594,0.0,0.0,0.24875490367412567,0.48661303520202637,0.6452903747558594,0.0,0.0,2.256086826324463,7.310271739959717,3.594552755355835,0.0,0.0,0.0,0.0,0.0,0.0,0.0,0.08749999850988388,0.01406249962747097,0.04312499985098839,0.0,0.0,258.0,346.0,227.0,240.0,144.0,67.0,4.0,54.0,0.0,0.0,0,0,1,0,0
266,126,1014.0333251953125,1301.6800537109375,653.336669921875,0.0,0.0,411.0,141.375,210.89280700683594,0.0,0.0,0.25127312541007996,0.4883459210395813,0.6481940150260925,0.0,0.0,2.423596143722534,7.6325788497924805,3.717453718185425,0.0,0.0,0.0,0.0,0.0,0.0,0.0,0.09000000357627869,0.01406249962747097,0.04312499985098839,0.0,0.0,259.0,346.0,227.0,240.0,144.0,68.0,4.0,54.0,0.0,0.0,2,0,0,0,0
267,125,1243.5533447265625,1315.13330078125,661.0999755859375,0.0,0.0,408.625,141.375,214.6925048828125,0.0,0.0,0.25376012921333313,0.49006718397140503,0.6511015295982361,0.0,0.0,2.6555206775665283,7.958622455596924,3.8414559364318848,0.0,0.0,0.0,0.0,0.0,0.0,0.0,0.08874999731779099,0.01406249962747097,0.04500000178813934,0.0,0.0,259.0,346.0,227.0,240.0,144.0,71.0,4.0,51.0,0.0,0.0,3,0,0,0,0
268,128,1291.719970703125,1091.71337890625,482.3800048828125,0.0,0.0,407.4375,141.375,214.6925048828125,0.0,0.0,0.25622349977493286,0.49177688360214233,0.6539613604545593,0.0,0.0,2.9011545181274414,8.22260570526123,3.915813446044922,0.0,0.0,0.0,0.0,0.0,0.0,0.0,0.08812499791383743,0.01406249962747097,0.04500000178813934,0.0,0.0,260.0,346.0,224.0,240.0,144.0,70.0,4.0,48.0,0.0,0.0,0,0,0,0,0
269,126,1186.8399658203125,1464.4866943359375,462.086669921875,0.0,0.0,408.625,141.375,213.42593383789062,0.0,0.0,0.25867778062820435,0.49347513914108276,0.6567582488059998,0.0,0.0,3.1173255443573,8.590136528015137,3.9848859310150146,0.0,0.0,0.0,0.0,0.0,0.0,0.0,0.08874999731779099,0.01406249962747097,0.04437499865889549,0.0,0.0,260.0,346.0,224.0,240.0,144.0,72.0,2.0,48.0,0.0,0.0,2,0,0,0,0
270,125,1181.63330078125,1544.9932861328125,425.76666259765625,0.0,0.0,405.0625,141.375,213.42593383789062,0.0,0.0,0.26109471917152405,0.49516212940216064,0.6595103144645691,0.0,0.0,3.3330395221710205,8.98003101348877,4.043869495391846,0.0,0.0,0.0,0.0,0.0,0.0,0.0,0.08687499910593033,0.01406249962747097,0.04437499865889549,0.0,0.0,262.0,346.0,225.0,240.0,144.0,74.0,2.0,54.0,0.0,0.0,1,0,2,0,0
271,126,1373.8399658203125,1199.6600341796875,533.02001953125,0.0,0.0,409.8125,141.375,213.42593383789062,0.0,0.0,0.26352402567863464,0.49683788418769836,0.6622185707092285,0.0,0.0,3.600825071334839,9.273998260498047,4.132645606994629,0.0,0.0,0.0,0.0,0.0,0.0,0.0,0.08937499672174454,0.01406249962747097,0.04437499865889549,0.0,0.0,263.0,346.0,225.0,240.0,144.0,75.0,2.0,57.0,0.0,0.0,1,0,1,0,0
272,124,1712.453369140625,1034.046630859375,464.64666748046875,0.0,0.0,405.0625,141.375,221.0253143310547,0.0,0.0,0.2659095227718353,0.49850255250930786,0.6649782061576843,0.0,0.0,3.963989019393921,9.521963119506836,4.200318336486816,0.0,0.0,0.0,0.0,0.0,0.0,0.0,0.08687499910593033,0.01406249962747097,0.048124998807907104,0.0,0.0,262.0,346.0,219.0,240.0,144.0,80.0,2.0,57.0,0.0,0.0,4,0,0,0,0
273,126,1656.5999755859375,1100.93994140625,483.7799987792969,0.0,0.0,402.6875,141.375,214.6925048828125,0.0,0.0,0.2682657837867737,0.5001562833786011,0.6676159501075745,0.0,0.0,4.31229829788208,9.788508415222168,4.275064945220947,0.0,0.0,0.0,0.0,0.0,0.0,0.0,0.08562500029802322,0.01406249962747097,0.04500000178813934,0.0,0.0,261.0,346.0,219.0,240.0,144.0,81.0,2.0,54.0,0.0,0.0,2,0,0,0,0
274,124,1747.88671875,1046.3399658203125,390.4533386230469,0.0,0.0,409.8125,141.375,210.89280700683594,0.0,0.0,0.27064821124076843,0.5017991065979004,0.6701669096946716,0.0,0.0,4.683985233306885,10.039888381958008,4.324942588806152,0.0,0.0,0.0,0.0,0.0,0.0,0.0,0.08937499672174454,0.01406249962747097,0.04312499985098839,0.0,0.0,264.0,346.0,224.0,240.0,144.0,78.0,2.0,57.0,0.0,0.0,3,0,1,0,0
275,123,1927.6466064453125,960.739990234375,367.2933349609375,0.0,0.0,413.375,141.375,210.89280700683594,0.0,0.0,0.2730357348918915,0.5034311413764954,0.6726790070533752,0.0,0.0,5.104616641998291,10.267489433288574,4.368387222290039,0.0,0.0,0.0,0.0,0.0,0.0,0.0,0.09125000238418579,0.01406249962747097,0.04312499985098839,0.0,0.0,261.0,346.0,227.0,240.0,144.0,84.0,2.0,60.0,0.0,0.0,4,0,1,0,0
276,126,1893.1866455078125,1143.953369140625,319.32000732421875,0.0,0.0,413.375,141.375,214.6925048828125,0.0,0.0,0.2754076421260834,0.5050525665283203,0.6751973032951355,0.0,0.0,5.515675067901611,10.54598331451416,4.3974504470825195,0.0,0.0,0.0,0.0,0.0,0.0,0.0,0.09125000238418579,0.01406249962747097,0.04500000178813934,0.0,0.0,263.0,346.0,227.0,240.0,144.0,87.0,2.0,60.0,0.0,0.0,2,0,0,0,0
277,125,1740.0067138671875,1170.8399658203125,239.33999633789062,0.0,0.0,415.75,141.375,214.6925048828125,0.0,0.0,0.27777761220932007,0.5066633820533752,0.6776772141456604,0.0,0.0,5.883524417877197,10.831945419311523,4.404296875,0.0,0.0,0.0,0.0,0.0,0.0,0.0,0.0925000011920929,0.01406249962747097,0.04500000178813934,0.0,0.0,259.0,346.0,227.0,240.0,144.0,92.0,2.0,57.0,0.0,0.0,3,0,0,0,0
278,127,1657.4599609375,996.6266479492188,172.3866729736328,0.0,0.0,415.75,141.375,214.6925048828125,0.0,0.0,0.28013214468955994,0.5082638263702393,0.6786264181137085,0.0,0.0,6.228443622589111,11.0695161819458,4.404296875,0.0,0.0,0.0,0.0,0.0,0.0,0.0,0.0925000011920929,0.01406249962747097,0.04500000178813934,0.0,0.0,261.0,346.0,224.0,240.0,144.0,94.0,2.0,57.0,0.0,0.0,1,0,0,0,0
279,126,1734.7332763671875,848.433349609375,507.2866516113281,0.0,0.0,420.5,141.375,214.6925048828125,0.0,0.0,0.2824980318546295,0.5098538398742676,0.6810432076454163,0.0,0.0,6.593508720397949,11.265920639038086,4.4855732917785645,0.0,0.0,0.0,0.0,0.0,0.0,0.0,0.0949999988079071,0.01406249962747097,0.04500000178813934,0.0,0.0,261.0,346.0,224.0,240.0,144.0,97.0,2.0,57.0,0.0,0.0,2,0,0,0,0
280,126,1850.28662109375,901.4866943359375,121.04000091552734,0.0,0.0,422.875,141.375,214.6925048828125,0.0,0.0,0.28486162424087524,0.5114336609840393,0.6801679730415344,0.0,0.0,6.990011692047119,11.477063179016113,4.4855732917785645,0.0,0.0,0.0,0.0,0.0,0.0,0.0,0.09624999761581421,0.01406249962747097,0.04500000178813934,0.0,0.0,259.0,346.0,224.0,240.0,144.0,100.0,2.0,51.0,0.0,0.0,2,0,0,0,0
281,124,1812.6199951171875,923.5933227539062,157.413330078125,0.0,0.0,421.6875,141.375,214.6925048828125,0.0,0.0,0.2872031331062317,0.5130032896995544,0.6805608868598938,0.0,0.0,7.376381874084473,11.694345474243164,4.4855732917785645,0.0,0.0,0.0,0.0,0.0,0.0,0.0,0.09562499821186066,0.01406249962747097,0.04500000178813934,0.0,0.0,260.0,346.0,224.0,240.0,144.0,104.0,1.0,51.0,0.0,0.0,4,0,0,0,0
282,127,1914.8399658203125,965.2999877929688,241.6266632080078,0.0,0.0,427.625,141.375,210.89280700683594,0.0,0.0,0.2895619869232178,0.5145629048347473,0.6828688383102417,0.0,0.0,7.789497375488281,11.923213958740234,4.494110107421875,0.0,0.0,0.0,0.0,0.0,0.0,0.0,0.09875000268220901,0.01406249962747097,0.04312499985098839,0.0,0.0,258.0,346.0,224.0,240.0,144.0,102.0,1.0,51.0,0.0,0.0,1,0,0,0,0
283,125,1933.6866455078125,1100.306640625,412.32666015625,0.0,0.0,433.5625,141.375,210.89280700683594,0.0,0.0,0.2919377386569977,0.5161125659942627,0.6851437091827393,0.0,0.0,8.206198692321777,12.189583778381348,4.5500640869140625,0.0,0.0,0.0,0.0,0.0,0.0,0.0,0.10187499970197678,0.01406249962747097,0.04312499985098839,0.0,0.0,254.0,346.0,227.0,240.0,144.0,103.0,1.0,54.0,0.0,0.0,2,0,1,0,0
284,124,1848.5,1101.199951171875,288.5666809082031,0.0,0.0,433.5625,139.0,210.89280700683594,0.0,0.0,0.29429763555526733,0.5176265239715576,0.687386155128479,0.0,0.0,8.599236488342285,12.45686149597168,4.5716400146484375,0.0,0.0,0.0,0.0,0.0,0.0,0.0,0.10187499970197678,0.012500000186264515,0.04312499985098839,0.0,0.0,253.0,346.0,227.0,240.0,144.0,109.0,1.0,54.0,0.0,0.0,4,0,0,0,0
285,125,1837.63330078125,805.2666625976562,292.2733459472656,0.0,0.0,437.125,139.0,214.6925048828125,0.0,0.0,0.29666104912757874,0.519131064414978,0.6896364688873291,0.0,0.0,8.988266944885254,12.641935348510742,4.593190670013428,0.0,0.0,0.0,0.0,0.0,0.0,0.0,0.10374999791383743,0.012500000186264515,0.04500000178813934,0.0,0.0,255.0,348.0,227.0,240.0,144.0,110.0,1.0,57.0,0.0,0.0,2,0,1,0,0
286,128,1860.36669921875,776.9533081054688,176.6666717529297,0.0,0.0,435.9375,139.0,214.6925048828125,0.0,0.0,0.29900234937667847,0.5206262469291687,0.6905887722969055,0.0,0.0,9.383941650390625,12.819145202636719,4.593190670013428,0.0,0.0,0.0,0.0,0.0,0.0,0.0,0.10312499850988388,0.012500000186264515,0.04500000178813934,0.0,0.0,253.0,348.0,227.0,240.0,144.0,107.0,1.0,57.0,0.0,0.0,0,0,0,0,0
287,126,1898.2066650390625,935.8466796875,207.75999450683594,0.0,0.0,435.9375,139.0,218.4921875,0.0,0.0,0.3013280928134918,0.5221121907234192,0.6924682855606079,0.0,0.0,9.790127754211426,13.040491104125977,4.593190670013428,0.0,0.0,0.0,0.0,0.0,0.0,0.0,0.10312499850988388,0.012500000186264515,0.046875,0.0,0.0,251.0,348.0,227.0,240.0,144.0,105.0,1.0,54.0,0.0,0.0,2,0,0,0,0
288,125,1848.9599609375,873.9400024414062,263.7866516113281,0.0,0.0,433.5625,139.0,218.4921875,0.0,0.0,0.3036259114742279,0.5235889554023743,0.6946730017662048,0.0,0.0,10.183293342590332,13.244641304016113,4.605772495269775,0.0,0.0,0.0,0.0,0.0,0.0,0.0,0.10187499970197678,0.012500000186264515,0.046875,0.0,0.0,253.0,348.0,221.0,240.0,144.0,106.0,1.0,54.0,0.0,0.0,3,0,0,0,0
289,124,1751.719970703125,875.0533447265625,204.72666931152344,0.0,0.0,435.9375,139.0,218.4921875,0.0,0.0,0.30592113733291626,0.5250565409660339,0.6963978409767151,0.0,0.0,10.548788070678711,13.449100494384766,4.605772495269775,0.0,0.0,0.0,0.0,0.0,0.0,0.0,0.10312499850988388,0.012500000186264515,0.046875,0.0,0.0,255.0,348.0,221.0,240.0,144.0,111.0,1.0,48.0,0.0,0.0,4,0,0,0,0
290,123,1714.36669921875,925.0800170898438,233.47999572753906,0.0,0.0,440.6875,139.0,214.6925048828125,0.0,0.0,0.3082260191440582,0.5265151858329773,0.6985065340995789,0.0,0.0,10.902587890625,13.667455673217773,4.61099100112915,0.0,0.0,0.0,0.0,0.0,0.0,0.0,0.10562500357627869,0.012500000186264515,0.04500000178813934,0.0,0.0,252.0,348.0,221.0,240.0,144.0,115.0,1.0,51.0,0.0,0.0,4,0,1,0,0
291,128,1667.5067138671875,987.9666748046875,154.60667419433594,0.0,0.0,440.6875,139.0,214.6925048828125,0.0,0.0,0.3105156719684601,0.5279648900032043,0.6986557245254517,0.0,0.0,11.24337100982666,13.903280258178711,4.61099100112915,0.0,0.0,0.0,0.0,0.0,0.0,0.0,0.10562500357627869,0.012500000186264515,0.04500000178813934,0.0,0.0,248.0,348.0,224.0,240.0,144.0,111.0,1.0,51.0,0.0,0.0,0,0,0,0,0
292,125,1689.373291015625,994.7066650390625,53.040000915527344,0.0,0.0,446.625,139.0,218.4921875,0.0,0.0,0.31282076239585876,0.5294057130813599,0.6954776644706726,0.0,0.0,11.588579177856445,14.140975952148438,4.61099100112915,0.0,0.0,0.0,0.0,0.0,0.0,0.0,0.10875000059604645,0.012500000186264515,0.046875,0.0,0.0,243.0,348.0,221.0,240.0,144.0,114.0,1.0,48.0,0.0,0.0,3,0,0,0,0
293,126,1737.913330078125,1173.806640625,105.5199966430664,0.0,0.0,440.6875,105.5,212.1593780517578,0.0,0.0,0.3150801360607147,0.530493438243866,0.694145679473877,0.0,0.0,11.948919296264648,14.437727928161621,4.61099100112915,0.0,0.0,0.0,0.0,0.0,0.0,0.0,0.10562500357627869,0.0062500000931322575,0.04374999925494194,0.0,0.0,245.0,348.0,221.0,240.0,144.0,113.0,1.0,48.0,0.0,0.0,2,0,0,0,0
294,127,1739.413330078125,1261.433349609375,131.4066619873047,0.0,0.0,446.625,105.5,212.1593780517578,0.0,0.0,0.31735485792160034,0.5315761566162109,0.6936463713645935,0.0,0.0,12.308027267456055,14.758820533752441,4.61099100112915,0.0,0.0,0.0,0.0,0.0,0.0,0.0,0.10875000059604645,0.0062500000931322575,0.04374999925494194,0.0,0.0,245.0,354.0,226.0,240.0,144.0,113.0,0.0,42.0,0.0,0.0,1,0,0,0,0
295,127,1714.6800537109375,1316.5333251953125,239.43333435058594,0.0,0.0,450.1875,105.5,212.1593780517578,0.0,0.0,0.31963247060775757,0.5326539278030396,0.6956787109375,0.0,0.0,12.65927505493164,15.095218658447266,4.618566989898682,0.0,0.0,0.0,0.0,0.0,0.0,0.0,0.1106249988079071,0.0062500000931322575,0.04374999925494194,0.0,0.0,245.0,354.0,226.0,240.0,144.0,113.0,0.0,42.0,0.0,0.0,0,0,1,0,0
296,126,1662.066650390625,1245.7266845703125,196.93333435058594,0.0,0.0,450.1875,105.5,212.1593780517578,0.0,0.0,0.32189494371414185,0.533726692199707,0.6972113847732544,0.0,0.0,12.995908737182617,15.411948204040527,4.618566989898682,0.0,0.0,0.0,0.0,0.0,0.0,0.0,0.1106249988079071,0.0062500000931322575,0.04374999925494194,0.0,0.0,245.0,354.0,226.0,240.0,144.0,112.0,0.0,39.0,0.0,0.0,2,0,0,0,0
297,124,1722.719970703125,1287.7532958984375,93.46666717529297,0.0,0.0,450.1875,76.75,215.9590606689453,0.0,0.0,0.3241423964500427,0.5345040559768677,0.6954494118690491,0.0,0.0,13.349390029907227,15.74833869934082,4.618566989898682,0.0,0.0,0.0,0.0,0.0,0.0,0.0,0.1106249988079071,0.0031250000465661287,0.045625001192092896,0.0,0.0,245.0,354.0,226.0,240.0,144.0,120.0,0.0,39.0,0.0,0.0,4,0,0,0,0
298,127,1703.17333984375,1538.473388671875,102.61333465576172,0.0,0.0,453.75,76.75,215.9590606689453,0.0,0.0,0.32639265060424805,0.5352787971496582,0.6939911246299744,0.0,0.0,13.696452140808105,16.154373168945312,4.618566989898682,0.0,0.0,0.0,0.0,0.0,0.0,0.0,0.11249999701976776,0.0031250000465661287,0.045625001192092896,0.0,0.0,245.0,354.0,223.0,240.0,144.0,120.0,0.0,39.0,0.0,0.0,1,0,0,0,0
299,127,1573.046630859375,1662.199951171875,399.0333251953125,0.0,0.0,460.875,76.75,215.9590606689453,0.0,0.0,0.3286629021167755,0.5360509753227234,0.6960034370422363,0.0,0.0,14.005388259887695,16.594776153564453,4.669421195983887,0.0,0.0,0.0,0.0,0.0,0.0,0.0,0.11625000089406967,0.0031250000465661287,0.045625001192092896,0.0,0.0,236.0,354.0,223.0,240.0,144.0,116.0,0.0,39.0,0.0,0.0,1,0,0,0,0
300,126,1459.433349609375,1720.3699951171875,177.65333557128906,0.0,0.0,460.875,76.75,215.9590606689453,0.0,0.0,0.33091795444488525,0.5368205904960632,0.696830689907074,0.0,0.0,14.28276538848877,17.05133628845215,4.669421195983887,0.0,0.0,0.0,0.0,0.0,0.0,0.0,0.11625000089406967,0.0031250000465661287,0.045625001192092896,0.0,0.0,236.0,354.0,223.0,240.0,144.0,118.0,0.0,39.0,0.0,0.0,1,0,1,0,0
301,126,1420.1866455078125,1609.0133056640625,68.36000061035156,0.0,0.0,459.6875,76.75,215.9590606689453,0.0,0.0,0.3331521153450012,0.5375877022743225,0.6943623423576355,0.0,0.0,14.54957103729248,17.476964950561523,4.669421195983887,0.0,0.0,0.0,0.0,0.0,0.0,0.0,0.11562500149011612,0.0031250000465661287,0.045625001192092896,0.0,0.0,234.0,354.0,223.0,240.0,144.0,118.0,0.0,39.0,0.0,0.0,2,0,0,0,0
302,127,1223.02001953125,1597.026611328125,152.30667114257812,0.0,0.0,457.3125,76.75,219.7587432861328,0.0,0.0,0.33535999059677124,0.5383521914482117,0.6943538188934326,0.0,0.0,14.76226806640625,17.89926528930664,4.669421195983887,0.0,0.0,0.0,0.0,0.0,0.0,0.0,0.11437500268220901,0.0031250000465661287,0.04749999940395355,0.0,0.0,235.0,354.0,223.0,240.0,144.0,117.0,0.0,39.0,0.0,0.0,1,0,0,0,0
303,126,1182.82666015625,1581.9200439453125,118.23999786376953,0.0,0.0,453.75,76.75,219.7587432861328,0.0,0.0,0.3375362753868103,0.539114236831665,0.6933348774909973,0.0,0.0,14.964788436889648,18.317367553710938,4.669421195983887,0.0,0.0,0.0,0.0,0.0,0.0,0.0,0.11249999701976776,0.0031250000465661287,0.04749999940395355,0.0,0.0,236.0,354.0,220.0,240.0,144.0,120.0,0.0,39.0,0.0,0.0,2,0,0,0,0
304,128,1211.280029296875,1343.260009765625,34.72666549682617,0.0,0.0,453.75,76.75,217.2256317138672,0.0,0.0,0.33969834446907043,0.5398737192153931,0.6899193525314331,0.0,0.0,15.175213813781738,18.66917610168457,4.669421195983887,0.0,0.0,0.0,0.0,0.0,0.0,0.0,0.11249999701976776,0.0031250000465661287,0.04625000059604645,0.0,0.0,238.0,354.0,220.0,240.0,144.0,116.0,0.0,36.0,0.0,0.0,0,0,0,0,0
305,126,1245.8133544921875,1305.526611328125,0.0,0.0,0.0,453.75,76.75,217.2256317138672,0.0,0.0,0.3418463468551636,0.5406307578086853,0.6855303049087524,0.0,0.0,15.395231246948242,19.010501861572266,4.669421195983887,0.0,0.0,0.0,0.0,0.0,0.0,0.0,0.11249999701976776,0.0031250000465661287,0.04625000059604645,0.0,0.0,238.0,354.0,222.0,240.0,144.0,114.0,0.0,33.0,0.0,0.0,2,0,0,0,0
306,124,1160.933349609375,1300.106689453125,0.0,0.0,0.0,447.8125,76.75,217.2256317138672,0.0,0.0,0.34395259618759155,0.5413852334022522,0.6811967492103577,0.0,0.0,15.593320846557617,19.350322723388672,4.669421195983887,0.0,0.0,0.0,0.0,0.0,0.0,0.0,0.109375,0.0031250000465661287,0.04625000059604645,0.0,0.0,242.0,354.0,222.0,240.0,144.0,121.0,0.0,30.0,0.0,0.0,4,0,0,0,0
307,128,1178.8199462890625,1063.0133056640625,0.0,0.0,0.0,450.1875,76.75,217.2256317138672,0.0,0.0,0.3460564613342285,0.5421372652053833,0.6769176125526428,0.0,0.0,15.7957181930542,19.624284744262695,4.669421195983887,0.0,0.0,0.0,0.0,0.0,0.0,0.0,0.1106249988079071,0.0031250000465661287,0.04625000059604645,0.0,0.0,244.0,354.0,222.0,240.0,144.0,118.0,0.0,27.0,0.0,0.0,0,0,0,0,0
308,127,1145.106689453125,947.7666625976562,32.473331451416016,0.0,0.0,457.3125,76.75,217.2256317138672,0.0,0.0,0.3481798470020294,0.5428868532180786,0.6736251711845398,0.0,0.0,15.986772537231445,19.866233825683594,4.669421195983887,0.0,0.0,0.0,0.0,0.0,0.0,0.0,0.11437500268220901,0.0031250000465661287,0.04625000059604645,0.0,0.0,237.0,354.0,222.0,240.0,144.0,118.0,0.0,27.0,0.0,0.0,1,0,0,0,0
309,125,1169.4466552734375,1048.8800048828125,57.0533332824707,0.0,0.0,457.3125,76.75,209.62625122070312,0.0,0.0,0.3502894937992096,0.5436339974403381,0.6712211966514587,0.0,0.0,16.184587478637695,20.13627052307129,4.669421195983887,0.0,0.0,0.0,0.0,0.0,0.0,0.0,0.11437500268220901,0.0031250000465661287,0.042500000447034836,0.0,0.0,239.0,354.0,222.0,240.0,144.0,121.0,0.0,24.0,0.0,0.0,3,0,0,0,0
310,126,1065.2733154296875,978.9400024414062,159.10000610351562,0.0,0.0,458.5,76.75,209.62625122070312,0.0,0.0,0.35239094495773315,0.5443786978721619,0.6717435121536255,0.0,0.0,16.35313606262207,20.386878967285156,4.669421195983887,0.0,0.0,0.0,0.0,0.0,0.0,0.0,0.11500000208616257,0.0031250000465661287,0.042500000447034836,0.0,0.0,236.0,354.0,228.0,240.0,144.0,123.0,0.0,24.0,0.0,0.0,2,0,0,0,0
311,125,1041.0933837890625,1057.17333984375,66.96666717529297,0.0,0.0,462.0625,50.375,209.62625122070312,0.0,0.0,0.35449501872062683,0.544866144657135,0.6696589589118958,0.0,0.0,16.51397705078125,20.666545867919922,4.669421195983887,0.0,0.0,2.0,0.0,0.0,0.0,0.0,0.11687500029802322,0.0015625000232830644,0.042500000447034836,0.0,0.0,235.0,354.0,228.0,240.0,144.0,126.0,0.0,24.0,0.0,0.0,3,0,0,0,0
312,128,1289.5533447265625,830.1666870117188,28.513334274291992,0.0,0.0,452.5625,50.375,205.82656860351562,0.0,0.0,0.3565426170825958,0.545352578163147,0.6665909290313721,0.0,0.0,16.746475219726562,20.883153915405273,4.669421195983887,0.0,0.0,5.0,0.0,0.0,0.0,0.0,0.11187499761581421,0.0015625000232830644,0.04062499850988388,0.0,0.0,235.0,354.0,228.0,240.0,144.0,124.0,0.0,24.0,0.0,0.0,0,0,0,0,0
313,126,1365.0133056640625,796.239990234375,52.29999923706055,0.0,0.0,464.4375,50.375,205.82656860351562,0.0,0.0,0.358630508184433,0.545837938785553,0.6642218828201294,0.0,0.0,16.99663543701172,21.09033966064453,4.669421195983887,0.0,0.0,0.0,0.0,0.0,0.0,0.0,0.11812499910593033,0.0015625000232830644,0.04062499850988388,0.0,0.0,233.0,354.0,231.0,240.0,144.0,128.0,0.0,24.0,0.0,0.0,2,0,0,0,0
314,126,1266.780029296875,772.8400268554688,12.666666984558105,0.0,0.0,460.875,50.375,205.82656860351562,0.0,0.0,0.3606890141963959,0.5463222861289978,0.6607803106307983,0.0,0.0,17.220497131347656,21.29102325439453,4.669421195983887,0.0,0.0,0.0,0.0,0.0,0.0,0.0,0.11625000089406967,0.0015625000232830644,0.04062499850988388,0.0,0.0,233.0,354.0,231.0,240.0,144.0,126.0,0.0,24.0,0.0,0.0,2,0,0,0,0
315,125,1423.0,871.8200073242188,98.23999786376953,0.0,0.0,459.6875,50.375,205.82656860351562,0.0,0.0,0.36272910237312317,0.5468056201934814,0.6597384810447693,0.0,0.0,17.48808479309082,21.519203186035156,4.669421195983887,0.0,0.0,0.0,0.0,0.0,0.0,0.0,0.11562500149011612,0.0015625000232830644,0.04062499850988388,0.0,0.0,232.0,354.0,231.0,240.0,144.0,130.0,0.0,24.0,0.0,0.0,3,0,0,0,0
316,128,1679.300048828125,690.2933349609375,71.62666320800781,0.0,0.0,460.875,50.375,205.82656860351562,0.0,0.0,0.3647614121437073,0.5472878813743591,0.6579784154891968,0.0,0.0,17.826536178588867,21.696958541870117,4.669421195983887,0.0,0.0,0.0,0.0,0.0,0.0,0.0,0.11625000089406967,0.0015625000232830644,0.04062499850988388,0.0,0.0,234.0,354.0,231.0,240.0,144.0,130.0,0.0,24.0,0.0,0.0,0,0,0,0,0
317,126,1873.3466796875,792.47998046875,133.586669921875,0.0,0.0,468.0,50.375,205.82656860351562,0.0,0.0,0.36681193113327026,0.5477691292762756,0.6579281687736511,0.0,0.0,18.216909408569336,21.903099060058594,4.669421195983887,0.0,0.0,0.0,0.0,0.0,0.0,0.0,0.11999999731779099,0.0015625000232830644,0.04062499850988388,0.0,0.0,229.0,354.0,231.0,240.0,144.0,129.0,0.0,30.0,0.0,0.0,0,0,2,0,0
318,126,1724.3399658203125,769.5133056640625,39.90666580200195,0.0,0.0,468.0,25.1875,202.02687072753906,0.0,0.0,0.3688492476940155,0.5480093955993652,0.6554049849510193,0.0,0.0,18.565893173217773,22.10985565185547,4.669421195983887,0.0,0.0,0.0,0.0,0.0,0.0,0.0,0.11999999731779099,0.0007812500116415322,0.038750000298023224,0.0,0.0,230.0,354.0,231.0,240.0,144.0,131.0,0.0,27.0,0.0,0.0,2,0,0,0,0
319,125,1843.606689453125,953.2999877929688,47.266666412353516,0.0,0.0,468.0,25.1875,205.82656860351562,0.0,0.0,0.37087351083755493,0.548249363899231,0.6530409455299377,0.0,0.0,18.94800567626953,22.367664337158203,4.669421195983887,0.0,0.0,0.0,0.0,0.0,0.0,0.0,0.11999999731779099,0.0007812500116415322,0.04062499850988388,0.0,0.0,230.0,354.0,225.0,240.0,144.0,134.0,0.0,27.0,0.0,0.0,3,0,0,0,0
320,124,1803.6533203125,902.6799926757812,30.420000076293945,0.0,0.0,462.0625,25.1875,205.82656860351562,0.0,0.0,0.372859388589859,0.5484890937805176,0.6502510905265808,0.0,0.0,19.32067108154297,22.611412048339844,4.669421195983887,0.0,0.0,0.0,0.0,0.0,0.0,0.0,0.11687500029802322,0.0007812500116415322,0.04062499850988388,0.0,0.0,227.0,354.0,228.0,240.0,144.0,141.0,0.0,27.0,0.0,0.0,4,0,0,0,0
321,126,1624.606689453125,788.3466796875,61.41999816894531,0.0,0.0,468.0,25.1875,205.82656860351562,0.0,0.0,0.3748580515384674,0.5487285852432251,0.6483189463615417,0.0,0.0,19.641950607299805,22.823400497436523,4.669421195983887,0.0,0.0,3.0,0.0,0.0,0.0,0.0,0.11999999731779099,0.0007812500116415322,0.04062499850988388,0.0,0.0,232.0,354.0,228.0,240.0,144.0,137.0,0.0,27.0,0.0,0.0,2,0,0,0,0
322,128,1505.43994140625,374.38665771484375,39.880001068115234,0.0,0.0,475.125,25.1875,205.82656860351562,0.0,0.0,0.3768741488456726,0.5489678382873535,0.645836353302002,0.0,0.0,19.92814826965332,22.920400619506836,4.669421195983887,0.0,0.0,0.0,0.0,0.0,0.0,0.0,0.1237500011920929,0.0007812500116415322,0.04062499850988388,0.0,0.0,224.0,354.0,228.0,240.0,144.0,128.0,0.0,27.0,0.0,0.0,0,0,0,0,0
323,126,1486.7667236328125,615.32666015625,36.59333419799805,0.0,0.0,478.6875,25.1875,205.82656860351562,0.0,0.0,0.3788922429084778,0.5492067933082581,0.6432939767837524,0.0,0.0,20.20816993713379,23.084327697753906,4.669421195983887,0.0,0.0,0.0,0.0,0.0,0.0,0.0,0.12562499940395355,0.0007812500116415322,0.04062499850988388,0.0,0.0,224.0,354.0,228.0,240.0,144.0,129.0,0.0,24.0,0.0,0.0,2,0,0,0,0
324,128,1302.0999755859375,689.9600219726562,34.91999816894531,0.0,0.0,475.125,25.1875,205.82656860351562,0.0,0.0,0.3808824419975281,0.5494455099105835,0.6407351493835449,0.0,0.0,20.437885284423828,23.26898765563965,4.669421195983887,0.0,0.0,2.0,0.0,0.0,0.0,0.0,0.1237500011920929,0.0007812500116415322,0.04062499850988388,0.0,0.0,221.0,354.0,228.0,240.0,144.0,129.0,0.0,24.0,0.0,0.0,0,0,0,0,0
325,126,1301.8199462890625,826.913330078125,31.200000762939453,0.0,0.0,478.6875,25.1875,205.82656860351562,0.0,0.0,0.3828747272491455,0.5496839880943298,0.6381067037582397,0.0,0.0,20.666534423828125,23.491689682006836,4.669421195983887,0.0,0.0,0.0,0.0,0.0,0.0,0.0,0.12562499940395355,0.0007812500116415322,0.04062499850988388,0.0,0.0,220.0,354.0,228.0,240.0,144.0,133.0,0.0,21.0,0.0,0.0,2,0,0,0,0
326,126,1257.626708984375,583.106689453125,11.606666564941406,0.0,0.0,477.5,25.1875,205.82656860351562,0.0,0.0,0.38484930992126465,0.5499222278594971,0.6349976062774658,0.0,0.0,20.883235931396484,23.646665573120117,4.669421195983887,0.0,0.0,0.0,0.0,0.0,0.0,0.0,0.125,0.0007812500116415322,0.04062499850988388,0.0,0.0,220.0,354.0,228.0,240.0,144.0,132.0,0.0,21.0,0.0,0.0,2,0,0,0,0
327,127,1117.4200439453125,512.5333251953125,8.506667137145996,0.0,0.0,482.25,25.1875,205.82656860351562,0.0,0.0,0.38683074712753296,0.5501601696014404,0.6318414211273193,0.0,0.0,21.05967140197754,23.782039642333984,4.669421195983887,0.0,0.0,0.0,0.0,0.0,0.0,0.0,0.1274999976158142,0.0007812500116415322,0.04062499850988388,0.0,0.0,220.0,354.0,228.0,240.0,144.0,132.0,0.0,21.0,0.0,0.0,1,0,0,0,0
328,125,1275.6400146484375,169.64666748046875,5.573333263397217,0.0,0.0,479.875,25.1875,198.22718811035156,0.0,0.0,0.3887898027896881,0.5503978729248047,0.6287661194801331,0.0,0.0,21.280717849731445,23.822168350219727,4.669421195983887,0.0,0.0,1.0,0.0,0.0,0.0,0.0,0.1262499988079071,0.0007812500116415322,0.03687499836087227,0.0,0.0,221.0,354.0,228.0,240.0,144.0,129.0,0.0,21.0,0.0,0.0,3,0,0,0,0
329,127,1400.3800048828125,293.6333312988281,0.0,0.0,0.0,478.6875,25.1875,194.42750549316406,0.0,0.0,0.3907316029071808,0.5506353378295898,0.6256402134895325,0.0,0.0,21.5367431640625,23.89673614501953,4.669421195983887,0.0,0.0,4.0,0.0,0.0,0.0,0.0,0.12562499940395355,0.0007812500116415322,0.03500000014901161,0.0,0.0,223.0,354.0,231.0,240.0,144.0,125.0,0.0,21.0,0.0,0.0,1,0,0,0,0
330,128,944.4666748046875,257.82000732421875,0.0,0.0,0.0,478.6875,25.1875,194.42750549316406,0.0,0.0,0.39266106486320496,0.5508725643157959,0.6225452423095703,0.0,0.0,21.666126251220703,23.96135711669922,4.669421195983887,0.0,0.0,5.0,0.0,0.0,0.0,0.0,0.12562499940395355,0.0007812500116415322,0.03500000014901161,0.0,0.0,224.0,354.0,234.0,240.0,144.0,123.0,0.0,21.0,0.0,0.0,0,0,0,0,0
331,127,1082.4466552734375,373.8733215332031,0.0,0.0,0.0,466.8125,25.1875,188.0946807861328,0.0,0.0,0.3945309519767761,0.5511094927787781,0.619580090045929,0.0,0.0,21.837135314941406,24.05821418762207,4.669421195983887,0.0,0.0,5.0,0.0,0.0,0.0,0.0,0.11937499791383743,0.0007812500116415322,0.03187499940395355,0.0,0.0,224.0,354.0,234.0,240.0,144.0,123.0,0.0,21.0,0.0,0.0,1,0,0,0,0
332,124,916.566650390625,313.0133361816406,0.0,0.0,0.0,479.875,25.1875,184.2949981689453,0.0,0.0,0.39644119143486023,0.5513462424278259,0.6167020797729492,0.0,0.0,21.958438873291016,24.138164520263672,4.669421195983887,0.0,0.0,0.0,0.0,0.0,0.0,0.0,0.1262499988079071,0.0007812500116415322,0.029999999329447746,0.0,0.0,222.0,354.0,239.0,240.0,144.0,128.0,0.0,21.0,0.0,0.0,4,0,0,0,0
333,124,588.4199829101562,174.1999969482422,0.0,0.0,0.0,477.5,25.1875,184.2949981689453,0.0,0.0,0.39833006262779236,0.5515826940536499,0.6138507127761841,0.0,0.0,21.98925018310547,24.17955780029297,4.669421195983887,0.0,0.0,2.0,0.0,0.0,0.0,0.0,0.125,0.0007812500116415322,0.029999999329447746,0.0,0.0,221.0,354.0,239.0,240.0,144.0,135.0,0.0,18.0,0.0,0.0,4,0,0,0,0
334,125,882.8333129882812,234.8000030517578,0.0,0.0,0.0,485.8125,25.1875,184.2949981689453,0.0,0.0,0.4002397060394287,0.5518189072608948,0.6110255718231201,0.0,0.0,22.099533081054688,24.237783432006836,4.669421195983887,0.0,0.0,3.0,0.0,0.0,0.0,0.0,0.12937499582767487,0.0007812500116415322,0.029999999329447746,0.0,0.0,220.0,354.0,239.0,240.0,144.0,133.0,0.0,18.0,0.0,0.0,3,0,0,0,0
335,128,893.1666870117188,131.55332946777344,0.0,0.0,0.0,485.8125,25.1875,180.4953155517578,0.0,0.0,0.40213727951049805,0.5520548820495605,0.6082837581634521,0.0,0.0,22.212688446044922,24.2673282623291,4.669421195983887,0.0,0.0,6.0,0.0,0.0,0.0,0.0,0.12937499582767487,0.0007812500116415322,0.02812499925494194,0.0,0.0,220.0,354.0,239.0,240.0,144.0,128.0,0.0,15.0,0.0,0.0,0,0,0,0,0
336,126,955.280029296875,135.02000427246094,0.0,0.0,0.0,483.4375,25.1875,180.4953155517578,0.0,0.0,0.4040136933326721,0.5522905588150024,0.6055664420127869,0.0,0.0,22.3437557220459,24.29783821105957,4.669421195983887,0.0,0.0,6.0,0.0,0.0,0.0,0.0,0.12812499701976776,0.0007812500116415322,0.02812499925494194,0.0,0.0,220.0,354.0,239.0,240.0,144.0,128.0,0.0,12.0,0.0,0.0,2,0,0,0,0
337,124,847.106689453125,242.0,0.0,0.0,0.0,483.4375,25.1875,180.4953155517578,0.0,0.0,0.40587833523750305,0.55252605676651,0.6028733253479004,0.0,0.0,22.444774627685547,24.358064651489258,4.669421195983887,0.0,0.0,8.0,0.0,0.0,0.0,0.0,0.12812499701976776,0.0007812500116415322,0.02812499925494194,0.0,0.0,222.0,354.0,239.0,240.0,144.0,134.0,0.0,12.0,0.0,0.0,4,0,0,0,0
338,123,826.433349609375,155.16000366210938,0.0,0.0,0.0,483.4375,25.1875,176.69561767578125,0.0,0.0,0.40773138403892517,0.5527612566947937,0.6002600193023682,0.0,0.0,22.540050506591797,24.394166946411133,4.669421195983887,0.0,0.0,12.0,0.0,0.0,0.0,0.0,0.12812499701976776,0.0007812500116415322,0.026249999180436134,0.0,0.0,222.0,354.0,239.0,240.0,144.0,143.0,0.0,12.0,0.0,0.0,5,0,0,0,0
339,127,699.6133422851562,68.44666290283203,0.0,0.0,0.0,481.0625,25.1875,176.69561767578125,0.0,0.0,0.4095638692378998,0.5529962182044983,0.597669243812561,0.0,0.0,22.600759506225586,24.40618324279785,4.669421195983887,0.0,0.0,17.0,0.0,0.0,0.0,0.0,0.12687499821186066,0.0007812500116415322,0.026249999180436134,0.0,0.0,222.0,354.0,239.0,240.0,144.0,144.0,0.0,12.0,0.0,0.0,1,0,0,0,0
340,124,767.5800170898438,146.22000122070312,0.0,0.0,0.0,497.6875,25.1875,176.69561767578125,0.0,0.0,0.41144779324531555,0.5532309412956238,0.5951007604598999,0.0,0.0,22.675729751586914,24.439804077148438,4.669421195983887,0.0,0.0,12.0,0.0,0.0,0.0,0.0,0.13562500476837158,0.0007812500116415322,0.026249999180436134,0.0,0.0,215.0,354.0,239.0,240.0,144.0,150.0,0.0,12.0,0.0,0.0,4,0,0,0,0
341,127,946.739990234375,193.03334045410156,0.0,0.0,0.0,494.125,25.1875,176.69561767578125,0.0,0.0,0.4133063852787018,0.5534654259681702,0.5925542116165161,0.0,0.0,22.801456451416016,24.486427307128906,4.669421195983887,0.0,0.0,16.0,0.0,0.0,0.0,0.0,0.13375000655651093,0.0007812500116415322,0.026249999180436134,0.0,0.0,215.0,354.0,239.0,240.0,144.0,149.0,0.0,12.0,0.0,0.0,1,0,0,0,0
342,126,495.2933349609375,206.77999877929688,0.0,0.0,0.0,496.5,0.0,176.69561767578125,0.0,0.0,0.41515442728996277,0.5534654259681702,0.5900293588638306,0.0,0.0,22.801456451416016,24.543867111206055,4.669421195983887,0.0,0.0,14.0,0.0,0.0,0.0,0.0,0.13500000536441803,0.0,0.026249999180436134,0.0,0.0,215.0,354.0,239.0,240.0,144.0,151.0,2.0,12.0,0.0,0.0,1,1,0,0,0
343,123,507.1866760253906,98.21333312988281,57.086666107177734,0.0,0.0,503.625,0.0,176.69561767578125,0.0,0.0,0.4170248508453369,0.5534654259681702,0.5888967514038086,0.0,0.0,22.802444458007812,24.571147918701172,4.669421195983887,0.0,0.0,12.0,0.0,0.0,0.0,0.0,0.13875000178813934,0.0,0.026249999180436134,0.0,0.0,216.0,354.0,239.0,240.0,144.0,156.0,2.0,12.0,0.0,0.0,5,0,0,0,0
344,128,817.2533569335938,107.62666320800781,72.71333312988281,0.0,0.0,501.25,26.375,176.69561767578125,0.0,0.0,0.4188746213912964,0.5537106990814209,0.5881473422050476,0.0,0.0,22.89022445678711,24.593717575073242,4.669421195983887,0.0,0.0,17.0,0.0,0.0,0.0,0.0,0.13750000298023224,0.0015625000232830644,0.026249999180436134,0.0,0.0,216.0,354.0,239.0,240.0,144.0,152.0,2.0,12.0,0.0,0.0,0,0,0,0,0
345,125,383.8933410644531,109.0199966430664,56.35333251953125,0.0,0.0,500.0625,26.375,176.69561767578125,0.0,0.0,0.41997531056404114,0.5539557337760925,0.5870147347450256,0.0,0.0,22.89022445678711,24.616674423217773,4.669421195983887,0.0,0.0,17.0,0.0,0.0,0.0,0.0,0.1368750035762787,0.0015625000232830644,0.026249999180436134,0.0,0.0,218.0,354.0,239.0,240.0,144.0,147.0,8.0,12.0,0.0,0.0,0,3,0,0,0
346,125,319.17333984375,245.1133270263672,50.7066650390625,0.0,0.0,500.0625,26.375,172.89593505859375,0.0,0.0,0.42066195607185364,0.5542004704475403,0.5858104825019836,0.0,0.0,22.89022445678711,24.67743492126465,4.669421195983887,0.0,0.0,17.0,0.0,0.0,0.0,0.0,0.1368750035762787,0.0015625000232830644,0.02437499910593033,0.0,0.0,219.0,354.0,239.0,240.0,144.0,144.0,13.0,12.0,0.0,0.0,0,3,0,0,0
347,125,249.4933319091797,147.73333740234375,92.78666687011719,0.0,0.0,494.125,105.5,176.69561767578125,0.0,0.0,0.42092302441596985,0.5551766753196716,0.585557222366333,0.0,0.0,22.89022445678711,24.689167022705078,4.669421195983887,0.0,0.0,17.0,0.0,0.0,0.0,0.0,0.13375000655651093,0.0062500000931322575,0.026249999180436134,0.0,0.0,219.0,354.0,242.0,240.0,144.0,140.0,19.0,12.0,0.0,0.0,0,3,0,0,0
348,126,654.7533569335938,70.05333709716797,108.99333190917969,0.0,0.0,511.9375,111.4375,176.69561767578125,0.0,0.0,0.42277607321739197,0.5553461909294128,0.5856872200965881,0.0,0.0,22.929895401000977,24.689167022705078,4.669421195983887,0.0,0.0,9.0,0.0,0.0,0.0,0.0,0.1431249976158142,0.01015624962747097,0.026249999180436134,0.0,0.0,219.0,354.0,242.0,240.0,144.0,139.0,19.0,12.0,0.0,0.0,2,0,0,0,0
349,127,470.8466796875,95.32666778564453,94.72666931152344,0.0,0.0,510.75,190.5625,176.69561767578125,0.0,0.0,0.4243643879890442,0.5551295876502991,0.5854820609092712,0.0,0.0,22.929895401000977,24.689167022705078,4.669421195983887,0.0,0.0,11.0,0.0,0.0,0.0,0.0,0.14249999821186066,0.014843749813735485,0.026249999180436134,0.0,0.0,217.0,354.0,239.0,240.0,144.0,138.0,19.0,12.0,0.0,0.0,1,0,0,0,0
350,124,292.2799987792969,60.51333236694336,142.68666076660156,0.0,0.0,511.9375,190.5625,172.89593505859375,0.0,0.0,0.42483043670654297,0.5541993379592896,0.5864490270614624,0.0,0.0,22.929895401000977,24.689167022705078,4.669421195983887,0.0,0.0,11.0,0.0,0.0,0.0,0.0,0.1431249976158142,0.014843749813735485,0.02437499910593033,0.0,0.0,215.0,354.0,239.0,240.0,144.0,136.0,19.0,19.0,0.0,0.0,0,0,4,0,0
351,124,280.8999938964844,199.65333557128906,136.60000610351562,0.0,0.0,506.0,190.5625,172.89593505859375,0.0,0.0,0.4252386689186096,0.5559380650520325,0.5872668623924255,0.0,0.0,22.929895401000977,24.691692352294922,4.669421195983887,0.0,0.0,11.0,0.0,0.0,0.0,0.0,0.14000000059604645,0.014843749813735485,0.02437499910593033,0.0,0.0,217.0,354.0,242.0,240.0,144.0,133.0,21.0,28.0,0.0,0.0,0,1,3,0,0
352,123,718.780029296875,150.31333923339844,180.05332946777344,0.0,0.0,506.0,190.5625,181.76187133789062,0.0,0.0,0.42703375220298767,0.5568427443504333,0.5889626741409302,0.0,0.0,22.98900032043457,24.691692352294922,4.669421195983887,0.0,0.0,11.0,0.0,0.0,0.0,0.0,0.14000000059604645,0.014843749813735485,0.028750000521540642,0.0,0.0,222.0,354.0,244.0,240.0,144.0,140.0,21.0,34.0,0.0,0.0,3,0,2,0,0
353,125,504.3066711425781,77.46666717529297,259.4266662597656,0.0,0.0,504.8125,216.9375,193.1609344482422,0.0,0.0,0.42881035804748535,0.5559631586074829,0.5907911658287048,0.0,0.0,22.98900032043457,24.691692352294922,4.687828063964844,0.0,0.0,14.0,0.0,0.0,0.0,0.0,0.1393750011920929,0.01640624925494194,0.03437500074505806,0.0,0.0,222.0,354.0,238.0,240.0,144.0,140.0,21.0,34.0,0.0,0.0,1,0,2,0,0
354,127,474.44000244140625,146.5066680908203,244.27999877929688,0.0,0.0,504.8125,216.9375,200.76031494140625,0.0,0.0,0.4303927421569824,0.5564864873886108,0.5926743745803833,0.0,0.0,22.98900032043457,24.691692352294922,4.699916839599609,0.0,0.0,15.0,0.0,0.0,0.0,0.0,0.1393750011920929,0.01640624925494194,0.03812500089406967,0.0,0.0,223.0,354.0,232.0,240.0,144.0,137.0,20.0,34.0,0.0,0.0,1,0,0,0,0
355,128,633.8200073242188,121.6933364868164,206.17999267578125,0.0,0.0,502.4375,216.9375,208.35968017578125,0.0,0.0,0.43214285373687744,0.5565060377120972,0.5945609211921692,0.0,0.0,23.025495529174805,24.691692352294922,4.699916839599609,0.0,0.0,16.0,0.0,0.0,0.0,0.0,0.1381250023841858,0.01640624925494194,0.041875001043081284,0.0,0.0,223.0,350.0,226.0,240.0,144.0,131.0,20.0,34.0,0.0,0.0,0,0,0,0,0
356,125,626.219970703125,32.72666549682617,205.25999450683594,0.0,0.0,506.0,216.9375,204.55999755859375,0.0,0.0,0.433894544839859,0.5547431111335754,0.5964442491531372,0.0,0.0,23.058889389038086,24.691692352294922,4.700111389160156,0.0,0.0,14.0,0.0,0.0,0.0,0.0,0.14000000059604645,0.01640624925494194,0.03999999910593033,0.0,0.0,218.0,350.0,226.0,240.0,144.0,130.0,20.0,40.0,0.0,0.0,1,0,2,0,0
357,126,175.03334045410156,59.2599983215332,193.8333282470703,0.0,0.0,516.6875,216.9375,204.55999755859375,0.0,0.0,0.43359583616256714,0.5535246729850769,0.5980677604675293,0.0,0.0,23.058889389038086,24.691692352294922,4.700111389160156,0.0,0.0,10.0,0.0,0.0,0.0,0.0,0.14562499523162842,0.01640624925494194,0.03999999910593033,0.0,0.0,215.0,350.0,226.0,240.0,144.0,130.0,20.0,43.0,0.0,0.0,0,0,2,0,0
358,125,460.5400085449219,58.606666564941406,198.53334045410156,0.0,0.0,509.5625,216.9375,212.1593780517578,0.0,0.0,0.4350474178791046,0.5523037910461426,0.5996795296669006,0.0,0.0,23.058889389038086,24.691692352294922,4.700111389160156,0.0,0.0,10.0,0.0,0.0,0.0,0.0,0.1418749988079071,0.01640624925494194,0.04374999925494194,0.0,0.0,216.0,350.0,223.0,240.0,144.0,130.0,20.0,41.0,0.0,0.0,3,0,0,0,0
359,126,419.4266662597656,104.16000366210938,162.72000122070312,0.0,0.0,521.4375,216.9375,212.1593780517578,0.0,0.0,0.4362104535102844,0.5519942045211792,0.6004741191864014,0.0,0.0,23.058889389038086,24.691692352294922,4.700111389160156,0.0,0.0,8.0,0.0,0.0,0.0,0.0,0.14812499284744263,0.01640624925494194,0.04374999925494194,0.0,0.0,217.0,350.0,220.0,240.0,144.0,137.0,20.0,41.0,0.0,0.0,2,0,0,0,0
360,126,561.3200073242188,64.58000183105469,139.04666137695312,0.0,0.0,520.25,216.9375,212.1593780517578,0.0,0.0,0.43797630071640015,0.5509079098701477,0.600733757019043,0.0,0.0,23.07029914855957,24.691692352294922,4.700111389160156,0.0,0.0,10.0,0.0,0.0,0.0,0.0,0.14749999344348907,0.01640624925494194,0.04374999925494194,0.0,0.0,217.0,350.0,223.0,240.0,144.0,136.0,20.0,41.0,0.0,0.0,2,0,0,0,0
361,124,395.9866638183594,42.393333435058594,149.086669921875,0.0,0.0,517.875,216.9375,212.1593780517578,0.0,0.0,0.43899160623550415,0.5493958592414856,0.6012135744094849,0.0,0.0,23.07029914855957,24.691692352294922,4.700111389160156,0.0,0.0,12.0,0.0,0.0,0.0,0.0,0.14624999463558197,0.01640624925494194,0.04374999925494194,0.0,0.0,218.0,350.0,223.0,240.0,144.0,145.0,20.0,41.0,0.0,0.0,4,0,0,0,0
362,125,252.27333068847656,26.760000228881836,185.3733367919922,0.0,0.0,515.5,216.9375,212.1593780517578,0.0,0.0,0.4391469955444336,0.5475913286209106,0.6024898886680603,0.0,0.0,23.07029914855957,24.691692352294922,4.700111389160156,0.0,0.0,14.0,0.0,0.0,0.0,0.0,0.14499999582767487,0.01640624925494194,0.04374999925494194,0.0,0.0,215.0,350.0,223.0,240.0,144.0,145.0,20.0,42.0,0.0,0.0,0,0,3,0,0
363,126,393.82000732421875,30.053333282470703,185.75332641601562,0.0,0.0,511.9375,215.75,208.35968017578125,0.0,0.0,0.4401550889015198,0.5458787083625793,0.603813111782074,0.0,0.0,23.07029914855957,24.691692352294922,4.700111389160156,0.0,0.0,14.0,0.0,0.0,0.0,0.0,0.1431249976158142,0.015625,0.041875001043081284,0.0,0.0,222.0,350.0,223.0,240.0,144.0,144.0,20.0,45.0,0.0,0.0,0,0,2,0,0
364,124,201.2933349609375,2.5799999237060547,193.72666931152344,0.0,0.0,520.25,215.75,217.2256317138672,0.0,0.0,0.43999040126800537,0.5436484813690186,0.6051812767982483,0.0,0.0,23.07029914855957,24.691692352294922,4.700111389160156,0.0,0.0,8.0,0.0,0.0,0.0,0.0,0.14749999344348907,0.015625,0.04625000059604645,0.0,0.0,217.0,351.0,222.0,240.0,144.0,143.0,20.0,53.0,0.0,0.0,0,0,4,0,0
365,127,62.560001373291016,0.0,193.77999877929688,0.0,0.0,515.5,215.75,221.0253143310547,0.0,0.0,0.4390166401863098,0.5413870215415955,0.606487512588501,0.0,0.0,23.07029914855957,24.691692352294922,4.700111389160156,0.0,0.0,8.0,0.0,0.0,0.0,0.0,0.14499999582767487,0.015625,0.048124998807907104,0.0,0.0,222.0,351.0,222.0,240.0,144.0,145.0,20.0,53.0,0.0,0.0,1,0,0,0,0
366,127,195.17999267578125,0.0,189.47999572753906,0.0,0.0,513.125,215.75,231.15780639648438,0.0,0.0,0.43883880972862244,0.5391443371772766,0.6075547933578491,0.0,0.0,23.07029914855957,24.691692352294922,4.700111389160156,0.0,0.0,9.0,0.0,0.0,0.0,0.0,0.14374999701976776,0.015625,0.05312500149011612,0.0,0.0,226.0,351.0,211.0,240.0,144.0,141.0,20.0,54.0,0.0,0.0,0,0,1,0,0
367,124,239.4600067138672,0.0,230.32666015625,0.0,0.0,508.375,215.75,228.62469482421875,0.0,0.0,0.438935250043869,0.5369201898574829,0.6094881296157837,0.0,0.0,23.07029914855957,24.691692352294922,4.700584411621094,0.0,0.0,9.0,0.0,0.0,0.0,0.0,0.14124999940395355,0.015625,0.051874998956918716,0.0,0.0,228.0,351.0,211.0,240.0,144.0,136.0,20.0,62.0,0.0,0.0,0,0,4,0,0
368,125,217.27999877929688,40.413333892822266,206.5066680908203,0.0,0.0,511.9375,215.75,229.89125061035156,0.0,0.0,0.43889158964157104,0.5354838371276855,0.6109116673469543,0.0,0.0,23.07029914855957,24.691692352294922,4.700584411621094,0.0,0.0,8.0,0.0,0.0,0.0,0.0,0.1431249976158142,0.015625,0.05249999836087227,0.0,0.0,228.0,351.0,212.0,240.0,144.0,139.0,20.0,60.0,0.0,0.0,2,0,1,0,0
369,124,487.239990234375,115.63333129882812,198.19332885742188,0.0,0.0,510.75,215.75,240.02374267578125,0.0,0.0,0.44043251872062683,0.5354858040809631,0.6120115518569946,0.0,0.0,23.07029914855957,24.691692352294922,4.700584411621094,0.0,0.0,10.0,0.0,0.0,0.0,0.0,0.14249999821186066,0.015625,0.057500001043081284,0.0,0.0,229.0,351.0,212.0,240.0,144.0,150.0,20.0,60.0,0.0,0.0,4,0,0,0,0
370,128,476.0400085449219,31.66666603088379,166.80667114257812,0.0,0.0,513.125,215.75,241.29031372070312,0.0,0.0,0.44189271330833435,0.5339018106460571,0.6124175786972046,0.0,0.0,23.07029914855957,24.691692352294922,4.700584411621094,0.0,0.0,14.0,0.0,0.0,0.0,0.0,0.14374999701976776,0.015625,0.058125000447034836,0.0,0.0,230.0,351.0,203.0,240.0,144.0,143.0,20.0,60.0,0.0,0.0,0,0,0,0,0
371,128,242.48666381835938,67.48666381835938,145.3000030517578,0.0,0.0,533.3125,215.75,241.29031372070312,0.0,0.0,0.44193241000175476,0.5330044627189636,0.6123654246330261,0.0,0.0,23.07029914855957,24.691692352294922,4.700584411621094,0.0,0.0,7.0,0.0,0.0,0.0,0.0,0.15437500178813934,0.015625,0.058125000447034836,0.0,0.0,212.0,351.0,203.0,240.0,144.0,138.0,20.0,60.0,0.0,0.0,0,0,0,0,0
372,128,359.8399963378906,170.18666076660156,149.0399932861328,0.0,0.0,529.75,215.75,241.29031372070312,0.0,0.0,0.4426620900630951,0.5340384840965271,0.6123923659324646,0.0,0.0,23.07029914855957,24.691692352294922,4.700584411621094,0.0,0.0,7.0,0.0,0.0,0.0,0.0,0.1525000035762787,0.015625,0.058125000447034836,0.0,0.0,212.0,351.0,203.0,240.0,144.0,138.0,20.0,60.0,0.0,0.0,0,0,0,0,0
373,128,465.0199890136719,120.23332977294922,154.5066680908203,0.0,0.0,528.5625,215.75,237.49063110351562,0.0,0.0,0.44399893283843994,0.5341320037841797,0.6125819683074951,0.0,0.0,23.07029914855957,24.691692352294922,4.700584411621094,0.0,0.0,7.0,0.0,0.0,0.0,0.0,0.15187500417232513,0.015625,0.05624999850988388,0.0,0.0,215.0,351.0,203.0,240.0,144.0,132.0,20.0,56.0,0.0,0.0,0,0,0,0,0
374,128,364.8399963378906,159.83999633789062,165.86000061035156,0.0,0.0,530.9375,215.75,237.49063110351562,0.0,0.0,0.44474363327026367,0.534960925579071,0.6130058169364929,0.0,0.0,23.07029914855957,24.691692352294922,4.700584411621094,0.0,0.0,6.0,0.0,0.0,0.0,0.0,0.15312500298023224,0.015625,0.05624999850988388,0.0,0.0,212.0,351.0,206.0,240.0,144.0,132.0,20.0,56.0,0.0,0.0,0,0,0,0,0
375,128,210.5399932861328,151.02667236328125,169.44667053222656,0.0,0.0,530.9375,215.75,237.49063110351562,0.0,0.0,0.44459646940231323,0.5356200337409973,0.6134997010231018,0.0,0.0,23.07029914855957,24.691692352294922,4.700584411621094,0.0,0.0,5.0,0.0,0.0,0.0,0.0,0.15312500298023224,0.015625,0.05624999850988388,0.0,0.0,210.0,351.0,206.0,240.0,144.0,127.0,20.0,56.0,0.0,0.0,0,0,0,0,0
376,128,154.5399932861328,197.1999969482422,154.95333862304688,0.0,0.0,534.5,215.75,237.49063110351562,0.0,0.0,0.4441200792789459,0.5371252298355103,0.6136903166770935,0.0,0.0,23.07029914855957,24.691692352294922,4.700584411621094,0.0,0.0,3.0,0.0,0.0,0.0,0.0,0.1550000011920929,0.015625,0.05624999850988388,0.0,0.0,208.0,351.0,206.0,240.0,144.0,120.0,20.0,56.0,0.0,0.0,0,0,0,0,0
377,128,141.60000610351562,277.7866516113281,177.5,0.0,0.0,535.6875,215.75,237.49063110351562,0.0,0.0,0.4435696303844452,0.5389590859413147,0.614341139793396,0.0,0.0,23.07029914855957,24.708925247192383,4.700584411621094,0.0,0.0,2.0,0.0,0.0,0.0,0.0,0.15562500059604645,0.015625,0.05624999850988388,0.0,0.0,208.0,351.0,206.0,240.0,144.0,115.0,20.0,56.0,0.0,0.0,0,0,0,0,0
378,128,139.55999755859375,257.2733459472656,171.77999877929688,0.0,0.0,535.6875,215.75,237.49063110351562,0.0,0.0,0.4430108964443207,0.5407785177230835,0.6148689985275269,0.0,0.0,23.07029914855957,24.720458984375,4.700584411621094,0.0,0.0,2.0,0.0,0.0,0.0,0.0,0.15562500059604645,0.015625,0.05624999850988388,0.0,0.0,210.0,351.0,206.0,240.0,144.0,107.0,20.0,56.0,0.0,0.0,0,0,0,0,0
379,128,60.746665954589844,271.1400146484375,130.22666931152344,0.0,0.0,535.6875,215.75,237.49063110351562,0.0,0.0,0.4420078694820404,0.5425836443901062,0.6145483255386353,0.0,0.0,23.07029914855957,24.7358455657959,4.700584411621094,0.0,0.0,2.0,0.0,0.0,0.0,0.0,0.15562500059604645,0.015625,0.05624999850988388,0.0,0.0,210.0,351.0,206.0,240.0,144.0,107.0,18.0,56.0,0.0,0.0,0,0,0,0,0
380,128,84.22666931152344,261.6866760253906,104.40666961669922,0.0,0.0,528.5625,215.75,237.49063110351562,0.0,0.0,0.4411616921424866,0.5443745851516724,0.6137090921401978,0.0,0.0,23.07029914855957,24.748605728149414,4.700584411621094,0.0,0.0,2.0,0.0,0.0,0.0,0.0,0.15187500417232513,0.015625,0.05624999850988388,0.0,0.0,210.0,351.0,206.0,240.0,144.0,103.0,18.0,55.0,0.0,0.0,0,0,0,0,0
381,128,77.8133316040039,177.42666625976562,122.94666290283203,0.0,0.0,527.375,215.75,233.69093322753906,0.0,0.0,0.440287321805954,0.5454588532447815,0.6132975220680237,0.0,0.0,23.07029914855957,24.748605728149414,4.700584411621094,0.0,0.0,0.0,0.0,0.0,0.0,0.0,0.15125000476837158,0.015625,0.054375000298023224,0.0,0.0,210.0,351.0,206.0,240.0,144.0,101.0,18.0,52.0,0.0,0.0,0,0,0,0,0
382,128,42.02000045776367,212.6199951171875,124.62666320800781,0.0,0.0,525.0,215.75,233.69093322753906,0.0,0.0,0.4392224848270416,0.5471683740615845,0.6129233837127686,0.0,0.0,23.07029914855957,24.748605728149414,4.700584411621094,0.0,0.0,0.0,0.0,0.0,0.0,0.0,0.15000000596046448,0.015625,0.054375000298023224,0.0,0.0,215.0,351.0,209.0,240.0,144.0,101.0,18.0,52.0,0.0,0.0,0,0,0,0,0
383,128,19.8799991607666,294.32000732421875,107.77999877929688,0.0,0.0,525.0,215.75,233.69093322753906,0.0,0.0,0.4380396604537964,0.5489208102226257,0.612217128276825,0.0,0.0,23.07029914855957,24.770429611206055,4.700584411621094,0.0,0.0,0.0,0.0,0.0,0.0,0.0,0.15000000596046448,0.015625,0.054375000298023224,0.0,0.0,215.0,351.0,209.0,240.0,144.0,100.0,14.0,49.0,0.0,0.0,0,0,0,0,0
384,128,0.0,322.00665283203125,100.30000305175781,0.0,0.0,521.4375,215.75,233.69093322753906,0.0,0.0,0.43676120042800903,0.550659716129303,0.6113691329956055,0.0,0.0,23.07029914855957,24.799945831298828,4.700584411621094,0.0,0.0,0.0,0.0,0.0,0.0,0.0,0.14812499284744263,0.015625,0.054375000298023224,0.0,0.0,215.0,351.0,209.0,240.0,144.0,94.0,14.0,49.0,0.0,0.0,0,0,0,0,0
385,128,0.0,345.3133239746094,114.45999908447266,0.0,0.0,516.6875,215.75,233.69093322753906,0.0,0.0,0.43550175428390503,0.5523853302001953,0.6108084321022034,0.0,0.0,23.07029914855957,24.835935592651367,4.700584411621094,0.0,0.0,0.0,0.0,0.0,0.0,0.0,0.14562499523162842,0.015625,0.054375000298023224,0.0,0.0,215.0,351.0,209.0,240.0,144.0,85.0,14.0,49.0,0.0,0.0,0,0,0,0,0
386,128,78.04666900634766,382.38665771484375,141.7133331298828,0.0,0.0,519.0625,215.75,229.89125061035156,0.0,0.0,0.4346781075000763,0.5540976524353027,0.6108338236808777,0.0,0.0,23.07029914855957,24.88222312927246,4.700584411621094,0.0,0.0,0.0,0.0,0.0,0.0,0.0,0.14687499403953552,0.015625,0.05249999836087227,0.0,0.0,217.0,351.0,209.0,240.0,144.0,83.0,10.0,46.0,0.0,0.0,0,0,0,0,0
387,128,147.63999938964844,396.7933349609375,147.95333862304688,0.0,0.0,516.6875,215.75,226.09156799316406,0.0,0.0,0.4342510998249054,0.5557969808578491,0.6110264658927917,0.0,0.0,23.07029914855957,24.932514190673828,4.700584411621094,0.0,0.0,0.0,0.0,0.0,0.0,0.0,0.14562499523162842,0.015625,0.05062500014901161,0.0,0.0,215.0,351.0,212.0,240.0,144.0,83.0,8.0,45.0,0.0,0.0,0,0,0,0,0
388,128,163.63999938964844,534.893310546875,148.19332885742188,0.0,0.0,514.3125,215.75,226.09156799316406,0.0,0.0,0.4339207708835602,0.557483434677124,0.6112220883369446,0.0,0.0,23.07029914855957,25.021163940429688,4.700584411621094,0.0,0.0,0.0,0.0,0.0,0.0,0.0,0.1443749964237213,0.015625,0.05062500014901161,0.0,0.0,217.0,351.0,215.0,240.0,144.0,83.0,5.0,45.0,0.0,0.0,0,0,0,0,0
389,128,169.2066650390625,624.3333129882812,134.9600067138672,0.0,0.0,514.3125,215.75,226.09156799316406,0.0,0.0,0.4336230158805847,0.5591570734977722,0.6111594438552856,0.0,0.0,23.07029914855957,25.134660720825195,4.700584411621094,0.0,0.0,0.0,0.0,0.0,0.0,0.0,0.1443749964237213,0.015625,0.05062500014901161,0.0,0.0,217.0,351.0,215.0,240.0,144.0,80.0,5.0,45.0,0.0,0.0,0,0,0,0,0
390,127,205.6999969482422,628.1799926757812,52.313331604003906,0.0,0.0,506.0,215.75,226.09156799316406,0.0,0.0,0.4335475564002991,0.5608181357383728,0.6095019578933716,0.0,0.0,23.07029914855957,25.249223709106445,4.700584411621094,0.0,0.0,0.0,0.0,0.0,0.0,0.0,0.14000000059604645,0.015625,0.05062500014901161,0.0,0.0,217.0,351.0,215.0,240.0,144.0,78.0,6.0,45.0,0.0,0.0,0,1,0,0,0
391,128,210.18666076660156,618.9600219726562,65.86666870117188,0.0,0.0,498.875,215.75,226.09156799316406,0.0,0.0,0.4335140883922577,0.5624666810035706,0.6081193685531616,0.0,0.0,23.07029914855957,25.36122703552246,4.700584411621094,0.0,0.0,0.0,0.0,0.0,0.0,0.0,0.13625000417232513,0.015625,0.05062500014901161,0.0,0.0,221.0,351.0,215.0,240.0,144.0,76.0,5.0,43.0,0.0,0.0,0,0,0,0,0
392,128,233.9066619873047,677.5,63.060001373291016,0.0,0.0,492.9375,216.9375,226.09156799316406,0.0,0.0,0.4336247146129608,0.5641118884086609,0.6066950559616089,0.0,0.0,23.07029914855957,25.489160537719727,4.700584411621094,0.0,0.0,0.0,0.0,0.0,0.0,0.0,0.13312500715255737,0.01640624925494194,0.05062500014901161,0.0,0.0,223.0,351.0,215.0,240.0,144.0,74.0,3.0,37.0,0.0,0.0,0,0,0,0,0
393,128,192.92666625976562,643.8200073242188,9.733333587646484,0.0,0.0,484.625,216.9375,226.09156799316406,0.0,0.0,0.43353071808815,0.5657448172569275,0.6042669415473938,0.0,0.0,23.07029914855957,25.607738494873047,4.700584411621094,0.0,0.0,0.0,0.0,0.0,0.0,0.0,0.1287499964237213,0.01640624925494194,0.05062500014901161,0.0,0.0,228.0,350.0,215.0,240.0,144.0,72.0,3.0,35.0,0.0,0.0,0,0,0,0,0
394,127,200.97332763671875,575.02001953125,0.0,0.0,0.0,485.8125,216.9375,226.09156799316406,0.0,0.0,0.4334782361984253,0.5673655271530151,0.6016749739646912,0.0,0.0,23.07029914855957,25.70720672607422,4.700584411621094,0.0,0.0,0.0,0.0,0.0,0.0,0.0,0.12937499582767487,0.01640624925494194,0.05062500014901161,0.0,0.0,233.0,350.0,215.0,240.0,144.0,66.0,6.0,33.0,0.0,0.0,0,1,0,0,0
395,128,303.70001220703125,570.0800170898438,14.486666679382324,0.0,0.0,483.4375,216.9375,226.09156799316406,0.0,0.0,0.43398934602737427,0.5689741373062134,0.5993788242340088,0.0,0.0,23.07029914855957,25.805301666259766,4.700584411621094,0.0,0.0,0.0,0.0,0.0,0.0,0.0,0.12812499701976776,0.01640624925494194,0.05062500014901161,0.0,0.0,232.0,350.0,215.0,240.0,144.0,62.0,6.0,32.0,0.0,0.0,0,0,0,0,0
396,128,373.4533386230469,527.8200073242188,46.56666564941406,0.0,0.0,479.875,220.5,226.09156799316406,0.0,0.0,0.43488383293151855,0.5705969929695129,0.5977056622505188,0.0,0.0,23.07029914855957,25.890668869018555,4.700584411621094,0.0,0.0,0.0,0.0,0.0,0.0,0.0,0.1262499988079071,0.01875000074505806,0.05062500014901161,0.0,0.0,232.0,350.0,215.0,240.0,144.0,62.0,4.0,32.0,0.0,0.0,0,0,0,0,0
397,127,288.7066650390625,558.566650390625,41.34000015258789,0.0,0.0,471.5625,220.5,226.09156799316406,0.0,0.0,0.43533554673194885,0.5722076892852783,0.5959487557411194,0.0,0.0,23.07029914855957,25.984575271606445,4.700584411621094,0.0,0.0,0.0,0.0,0.0,0.0,0.0,0.12187500298023224,0.01875000074505806,0.05062500014901161,0.0,0.0,232.0,347.0,215.0,240.0,144.0,60.0,4.0,32.0,0.0,0.0,1,0,0,0,0
398,128,212.47999572753906,576.6599731445312,51.53333282470703,0.0,0.0,468.0,220.5,221.0253143310547,0.0,0.0,0.4353826642036438,0.5738063454627991,0.594452977180481,0.0,0.0,23.07029914855957,26.08350944519043,4.700584411621094,0.0,0.0,0.0,0.0,0.0,0.0,0.0,0.11999999731779099,0.01875000074505806,0.048124998807907104,0.0,0.0,233.0,347.0,215.0,240.0,144.0,52.0,4.0,29.0,0.0,0.0,0,0,0,0,0
399,128,265.3399963378906,587.6199951171875,46.96666717529297,0.0,0.0,469.1875,220.5,221.0253143310547,0.0,0.0,0.4357108175754547,0.5753930807113647,0.5928846001625061,0.0,0.0,23.07029914855957,26.185487747192383,4.700584411621094,0.0,0.0,0.0,0.0,0.0,0.0,0.0,0.12062499672174454,0.01875000074505806,0.048124998807907104,0.0,0.0,236.0,347.0,219.0,240.0,144.0,51.0,4.0,29.0,0.0,0.0,0,0,0,0,0
400,128,423.0666809082031,632.9400024414062,22.559999465942383,0.0,0.0,469.1875,220.5,221.0253143310547,0.0,0.0,0.43688279390335083,0.5769680738449097,0.5908775329589844,0.0,0.0,23.07029914855957,26.300052642822266,4.700584411621094,0.0,0.0,0.0,0.0,0.0,0.0,0.0,0.12062499672174454,0.01875000074505806,0.048124998807907104,0.0,0.0,236.0,347.0,219.0,240.0,144.0,51.0,4.0,29.0,0.0,0.0,0,0,0,0,0
401,128,427.8066711425781,601.280029296875,15.380000114440918,0.0,0.0,465.625,220.5,215.9590606689453,0.0,0.0,0.43808257579803467,0.5785313844680786,0.5888094902038574,0.0,0.0,23.07029914855957,26.405826568603516,4.700584411621094,0.0,0.0,0.0,0.0,0.0,0.0,0.0,0.11874999850988388,0.01875000074505806,0.045625001192092896,0.0,0.0,234.0,347.0,219.0,240.0,144.0,46.0,4.0,29.0,0.0,0.0,0,0,0,0,0
402,128,416.3066711425781,622.3866577148438,0.0,0.0,0.0,459.6875,220.5,215.9590606689453,0.0,0.0,0.43922898173332214,0.5800831913948059,0.5864755511283875,0.0,0.0,23.07029914855957,26.5174617767334,4.700584411621094,0.0,0.0,0.0,0.0,0.0,0.0,0.0,0.11562500149011612,0.01875000074505806,0.045625001192092896,0.0,0.0,234.0,347.0,223.0,240.0,144.0,44.0,1.0,26.0,0.0,0.0,0,0,0,0,0
403,128,651.4866943359375,656.47998046875,0.0,0.0,0.0,454.9375,220.5,215.9590606689453,0.0,0.0,0.44058647751808167,0.5816236138343811,0.5841600298881531,0.0,0.0,23.124895095825195,26.638566970825195,4.700584411621094,0.0,0.0,0.0,0.0,0.0,0.0,0.0,0.11312499642372131,0.01875000074505806,0.045625001192092896,0.0,0.0,236.0,347.0,223.0,240.0,144.0,44.0,1.0,21.0,0.0,0.0,0,0,0,0,0
404,128,750.3599853515625,603.2933349609375,0.0,0.0,0.0,454.9375,220.5,215.9590606689453,0.0,0.0,0.4419373869895935,0.5831527709960938,0.58186274766922,0.0,0.0,23.20695686340332,26.744897842407227,4.700584411621094,0.0,0.0,0.0,0.0,0.0,0.0,0.0,0.11312499642372131,0.01875000074505806,0.045625001192092896,0.0,0.0,240.0,347.0,223.0,240.0,144.0,44.0,1.0,20.0,0.0,0.0,0,0,0,0,0
405,128,746.2533569335938,572.260009765625,0.0,0.0,0.0,454.9375,220.5,215.9590606689453,0.0,0.0,0.44328179955482483,0.5846708416938782,0.5795834064483643,0.0,0.0,23.287878036499023,26.842609405517578,4.700584411621094,0.0,0.0,0.0,0.0,0.0,0.0,0.0,0.11312499642372131,0.01875000074505806,0.045625001192092896,0.0,0.0,240.0,347.0,223.0,240.0,144.0,44.0,1.0,20.0,0.0,0.0,0,0,0,0,0
406,128,1021.0733032226562,483.49334716796875,0.0,0.0,0.0,451.375,220.5,212.1593780517578,0.0,0.0,0.44460931420326233,0.5861778259277344,0.577361524105072,0.0,0.0,23.44612693786621,26.91566276550293,4.700584411621094,0.0,0.0,0.0,0.0,0.0,0.0,0.0,0.11124999821186066,0.01875000074505806,0.04374999925494194,0.0,0.0,240.0,347.0,223.0,240.0,144.0,42.0,1.0,18.0,0.0,0.0,0,0,0,0,0
407,128,927.6266479492188,439.7066650390625,0.0,0.0,0.0,451.375,220.5,208.35968017578125,0.0,0.0,0.44593048095703125,0.5876739621162415,0.5751959681510925,0.0,0.0,23.578420639038086,26.976552963256836,4.700584411621094,0.0,0.0,0.0,0.0,0.0,0.0,0.0,0.11124999821186066,0.01875000074505806,0.041875001043081284,0.0,0.0,243.0,347.0,226.0,240.0,144.0,38.0,1.0,18.0,0.0,0.0,0,0,0,0,0
408,128,930.7266845703125,515.4600219726562,0.0,0.0,0.0,449.0,220.5,204.55999755859375,0.0,0.0,0.4472385048866272,0.5891593098640442,0.573085606098175,0.0,0.0,23.71223258972168,27.058486938476562,4.700584411621094,0.0,0.0,0.0,0.0,0.0,0.0,0.0,0.10999999940395355,0.01875000074505806,0.03999999910593033,0.0,0.0,243.0,347.0,226.0,240.0,144.0,28.0,1.0,16.0,0.0,0.0,0,0,0,0,0
409,128,831.913330078125,533.0533447265625,0.0,0.0,0.0,449.0,220.5,204.55999755859375,0.0,0.0,0.4485403597354889,0.5906339883804321,0.5709907412528992,0.0,0.0,23.8185977935791,27.145307540893555,4.700584411621094,0.0,0.0,0.0,0.0,0.0,0.0,0.0,0.10999999940395355,0.01875000074505806,0.03999999910593033,0.0,0.0,243.0,347.0,229.0,240.0,144.0,25.0,1.0,16.0,0.0,0.0,0,0,0,0,0
410,127,731.32666015625,554.0800170898438,0.0,0.0,0.0,439.5,220.5,203.29344177246094,0.0,0.0,0.4498087465763092,0.5920981168746948,0.5689238905906677,0.0,0.0,23.899660110473633,27.23796844482422,4.700584411621094,0.0,0.0,0.0,0.0,0.0,0.0,0.0,0.10499999672174454,0.01875000074505806,0.039374999701976776,0.0,0.0,243.0,347.0,229.0,240.0,144.0,22.0,0.0,15.0,0.0,0.0,1,0,0,0,0
411,128,666.1266479492188,501.6066589355469,0.0,0.0,0.0,439.5,216.9375,203.29344177246094,0.0,0.0,0.45107129216194153,0.5935283899307251,0.5668720006942749,0.0,0.0,23.96261215209961,27.31704330444336,4.700584411621094,0.0,0.0,0.0,0.0,0.0,0.0,0.0,0.10499999672174454,0.01640624925494194,0.039374999701976776,0.0,0.0,243.0,347.0,230.0,240.0,144.0,22.0,0.0,15.0,0.0,0.0,0,0,0,0,0
412,128,579.32666015625,521.3200073242188,0.0,0.0,0.0,440.6875,216.9375,199.49374389648438,0.0,0.0,0.4523314833641052,0.5949486494064331,0.5648728013038635,0.0,0.0,24.001123428344727,27.401594161987305,4.700584411621094,0.0,0.0,0.0,0.0,0.0,0.0,0.0,0.10562500357627869,0.01640624925494194,0.03750000149011612,0.0,0.0,242.0,350.0,230.0,240.0,144.0,22.0,0.0,12.0,0.0,0.0,0,0,0,0,0
413,128,617.9733276367188,529.8666381835938,0.0,0.0,0.0,438.3125,216.9375,199.49374389648438,0.0,0.0,0.4535791277885437,0.5963590741157532,0.5628876090049744,0.0,0.0,24.051029205322266,27.48851776123047,4.700584411621094,0.0,0.0,0.0,0.0,0.0,0.0,0.0,0.10437499731779099,0.01640624925494194,0.03750000149011612,0.0,0.0,242.0,350.0,233.0,240.0,144.0,20.0,0.0,12.0,0.0,0.0,0,0,0,0,0
414,128,700.2666625976562,507.739990234375,0.0,0.0,0.0,438.3125,216.9375,199.49374389648438,0.0,0.0,0.4548211097717285,0.5977596640586853,0.5609163641929626,0.0,0.0,24.123794555664062,27.569297790527344,4.700584411621094,0.0,0.0,0.0,0.0,0.0,0.0,0.0,0.10437499731779099,0.01640624925494194,0.03750000149011612,0.0,0.0,244.0,350.0,233.0,240.0,144.0,18.0,0.0,12.0,0.0,0.0,0,0,0,0,0
415,128,688.9600219726562,381.6666564941406,6.933333396911621,0.0,0.0,431.1875,190.5625,195.69406127929688,0.0,0.0,0.45603740215301514,0.598982036113739,0.559117317199707,0.0,0.0,24.195398330688477,27.62238121032715,4.700584411621094,0.0,0.0,0.0,0.0,0.0,0.0,0.0,0.10062500089406967,0.014843749813735485,0.035624999552965164,0.0,0.0,244.0,350.0,233.0,240.0,144.0,18.0,0.0,10.0,0.0,0.0,0,0,0,0,0
416,127,705.780029296875,302.1400146484375,66.69999694824219,0.0,0.0,428.8125,190.5625,195.69406127929688,0.0,0.0,0.45724162459373474,0.6001969575881958,0.5583725571632385,0.0,0.0,24.2723331451416,27.65337562561035,4.700584411621094,0.0,0.0,0.0,0.0,0.0,0.0,0.0,0.09937500208616257,0.014843749813735485,0.035624999552965164,0.0,0.0,247.0,350.0,236.0,240.0,144.0,16.0,0.0,10.0,0.0,0.0,1,0,0,0,0
417,128,643.1599731445312,359.2266540527344,89.63333129882812,0.0,0.0,432.375,164.1875,195.69406127929688,0.0,0.0,0.45845046639442444,0.6012378334999084,0.5580313801765442,0.0,0.0,24.33088493347168,27.707551956176758,4.700584411621094,0.0,0.0,0.0,0.0,0.0,0.0,0.0,0.10125000029802322,0.01328125037252903,0.035624999552965164,0.0,0.0,249.0,350.0,236.0,240.0,144.0,16.0,0.0,10.0,0.0,0.0,0,0,0,0,0
418,128,633.7866821289062,392.4266662597656,178.22000122070312,0.0,0.0,430.0,164.1875,195.69406127929688,0.0,0.0,0.4596473276615143,0.6022733449935913,0.5592265129089355,0.0,0.0,24.38749122619629,27.770952224731445,4.700584411621094,0.0,0.0,0.0,0.0,0.0,0.0,0.0,0.10000000149011612,0.01328125037252903,0.035624999552965164,0.0,0.0,242.0,350.0,236.0,240.0,144.0,16.0,0.0,10.0,0.0,0.0,0,0,0,0,0
419,127,738.4533081054688,341.82000732421875,162.8000030517578,0.0,0.0,426.4375,164.1875,193.1609344482422,0.0,0.0,0.46082907915115356,0.6033034324645996,0.560171902179718,0.0,0.0,24.474163055419922,27.820295333862305,4.700584411621094,0.0,0.0,0.0,0.0,0.0,0.0,0.0,0.09812500327825546,0.01328125037252903,0.03437500074505806,0.0,0.0,244.0,350.0,236.0,240.0,144.0,18.0,0.0,10.0,0.0,0.0,1,0,0,0,0
420,128,787.239990234375,291.38665771484375,369.6933288574219,0.0,0.0,426.4375,164.1875,193.1609344482422,0.0,0.0,0.4620056450366974,0.6043282151222229,0.5616333484649658,0.0,0.0,24.574386596679688,27.855627059936523,4.7496209144592285,0.0,0.0,0.0,0.0,0.0,0.0,0.0,0.09812500327825546,0.01328125037252903,0.03437500074505806,0.0,0.0,244.0,350.0,236.0,240.0,144.0,15.0,0.0,6.0,0.0,0.0,0,0,0,0,0
421,127,799.5999755859375,345.1533203125,260.9200134277344,0.0,0.0,424.0625,164.1875,193.1609344482422,0.0,0.0,0.4631706178188324,0.605347752571106,0.5630850791931152,0.0,0.0,24.678701400756836,27.90589714050293,4.7684431076049805,0.0,0.0,0.0,0.0,0.0,0.0,0.0,0.09687499701976776,0.01328125037252903,0.03437500074505806,0.0,0.0,242.0,350.0,236.0,240.0,144.0,17.0,0.0,6.0,0.0,0.0,1,0,0,0,0
422,128,753.066650390625,409.2733459472656,414.73333740234375,0.0,0.0,424.0625,137.8125,189.3612518310547,0.0,0.0,0.4643305242061615,0.6061994433403015,0.5644989609718323,0.0,0.0,24.770092010498047,27.98130226135254,4.8310465812683105,0.0,0.0,0.0,0.0,0.0,0.0,0.0,0.09687499701976776,0.01171875,0.032499998807907104,0.0,0.0,242.0,350.0,236.0,240.0,144.0,17.0,0.0,5.0,0.0,0.0,0,0,0,0,0
423,128,719.8866577148438,434.40667724609375,513.933349609375,0.0,0.0,426.4375,137.8125,185.5615692138672,0.0,0.0,0.4654918909072876,0.607047438621521,0.5658755898475647,0.0,0.0,24.851606369018555,28.063690185546875,4.922260761260986,0.0,0.0,0.0,0.0,0.0,0.0,0.0,0.09812500327825546,0.01171875,0.030625000596046448,0.0,0.0,244.0,350.0,239.0,240.0,144.0,17.0,0.0,5.0,0.0,0.0,0,0,0,0,0
424,128,672.1199951171875,453.9333190917969,475.4266662597656,0.0,0.0,421.6875,137.8125,185.5615692138672,0.0,0.0,0.4666353762149811,0.607891857624054,0.5672435760498047,0.0,0.0,24.92116928100586,28.151500701904297,5.002779006958008,0.0,0.0,0.0,0.0,0.0,0.0,0.0,0.09562499821186066,0.01171875,0.030625000596046448,0.0,0.0,244.0,350.0,239.0,240.0,144.0,17.0,0.0,5.0,0.0,0.0,0,0,0,0,0
425,128,625.9666748046875,382.67333984375,453.3066711425781,0.0,0.0,416.9375,137.8125,183.0284423828125,0.0,0.0,0.46776118874549866,0.6087325811386108,0.5685844421386719,0.0,0.0,24.97923469543457,28.21951675415039,5.077856063842773,0.0,0.0,0.0,0.0,0.0,0.0,0.0,0.09312500059604645,0.01171875,0.029374999925494194,0.0,0.0,246.0,350.0,239.0,240.0,144.0,17.0,0.0,5.0,0.0,0.0,0,0,0,0,0
426,127,595.9266967773438,173.5933380126953,494.9266662597656,0.0,0.0,414.5625,137.8125,179.22874450683594,0.0,0.0,0.4688758850097656,0.6095697283744812,0.569889485836029,0.0,0.0,25.029613494873047,28.229455947875977,5.1655497550964355,0.0,0.0,0.0,0.0,0.0,0.0,0.0,0.09187500178813934,0.01171875,0.027499999850988388,0.0,0.0,246.0,350.0,239.0,240.0,144.0,18.0,0.0,5.0,0.0,0.0,1,0,0,0,0
427,128,583.1866455078125,354.97332763671875,495.32666015625,0.0,0.0,412.1875,137.8125,177.96218872070312,0.0,0.0,0.46997958421707153,0.6104033589363098,0.5711774826049805,0.0,0.0,25.077112197875977,28.289779663085938,5.253706932067871,0.0,0.0,0.0,0.0,0.0,0.0,0.0,0.09062500298023224,0.01171875,0.026875000447034836,0.0,0.0,246.0,350.0,239.0,240.0,144.0,18.0,0.0,5.0,0.0,0.0,0,0,0,0,0
428,128,610.5800170898438,139.10000610351562,565.586669921875,0.0,0.0,402.6875,135.4375,177.96218872070312,0.0,0.0,0.47105342149734497,0.6112191081047058,0.5724577903747559,0.0,0.0,25.13486099243164,28.290796279907227,5.361380100250244,0.0,0.0,0.0,0.0,0.0,0.0,0.0,0.08562500029802322,0.01015624962747097,0.026875000447034836,0.0,0.0,245.0,350.0,240.0,240.0,144.0,18.0,0.0,5.0,0.0,0.0,0,0,0,0,0
429,128,713.4733276367188,11.773333549499512,567.5066528320312,0.0,0.0,399.125,135.4375,177.96218872070312,0.0,0.0,0.4721134603023529,0.6101235747337341,0.57373046875,0.0,0.0,25.222179412841797,28.290796279907227,5.4695868492126465,0.0,0.0,0.0,0.0,0.0,0.0,0.0,0.08375000208616257,0.01015624962747097,0.026875000447034836,0.0,0.0,248.0,352.0,240.0,240.0,144.0,14.0,0.0,5.0,0.0,0.0,0,0,0,0,0
430,128,671.0733032226562,0.0,569.4266967773438,0.0,0.0,399.125,133.0625,177.96218872070312,0.0,0.0,0.4731692671775818,0.6088736653327942,0.5749956369400024,0.0,0.0,25.297719955444336,28.290796279907227,5.578327178955078,0.0,0.0,0.0,0.0,0.0,0.0,0.0,0.08375000208616257,0.008593750186264515,0.026875000447034836,0.0,0.0,248.0,352.0,240.0,240.0,144.0,14.0,0.0,3.0,0.0,0.0,0,0,0,0,0
431,128,657.4199829101562,153.83999633789062,626.2466430664062,0.0,0.0,399.125,133.0625,177.96218872070312,0.0,0.0,0.474220871925354,0.6096733212471008,0.5762532949447632,0.0,0.0,25.369468688964844,28.296567916870117,5.702850818634033,0.0,0.0,0.0,0.0,0.0,0.0,0.0,0.08375000208616257,0.008593750186264515,0.026875000447034836,0.0,0.0,248.0,354.0,240.0,240.0,144.0,14.0,0.0,3.0,0.0,0.0,0,0,0,0,0
432,128,629.1400146484375,159.8000030517578,633.0533447265625,0.0,0.0,399.125,105.5,177.96218872070312,0.0,0.0,0.47526827454566956,0.6103050112724304,0.577503502368927,0.0,0.0,25.43336296081543,28.3116512298584,5.8292646408081055,0.0,0.0,0.0,0.0,0.0,0.0,0.0,0.08375000208616257,0.0062500000931322575,0.026875000447034836,0.0,0.0,248.0,354.0,240.0,240.0,144.0,14.0,0.0,3.0,0.0,0.0,0,0,0,0,0
433,128,614.6866455078125,143.07333374023438,536.4066772460938,0.0,0.0,395.5625,77.9375,177.96218872070312,0.0,0.0,0.47630220651626587,0.6107703447341919,0.5787463784217834,0.0,0.0,25.494230270385742,28.329744338989258,5.928832530975342,0.0,0.0,0.0,0.0,0.0,0.0,0.0,0.08187499642372131,0.00390625,0.026875000447034836,0.0,0.0,248.0,354.0,240.0,240.0,144.0,13.0,0.0,3.0,0.0,0.0,0,0,0,0,0
434,128,553.606689453125,138.96665954589844,645.0266723632812,0.0,0.0,390.8125,77.9375,177.96218872070312,0.0,0.0,0.47731974720954895,0.6112345457077026,0.5799819827079773,0.0,0.0,25.539451599121094,28.346696853637695,6.058572769165039,0.0,0.0,0.0,0.0,0.0,0.0,0.0,0.0793749988079071,0.00390625,0.026875000447034836,0.0,0.0,251.0,354.0,240.0,240.0,144.0,8.0,0.0,3.0,0.0,0.0,0,0,0,0,0
435,128,470.82666015625,77.4000015258789,642.6599731445312,0.0,0.0,387.25,77.9375,174.16250610351562,0.0,0.0,0.47832411527633667,0.6116894483566284,0.5811842083930969,0.0,0.0,25.562665939331055,28.346696853637695,6.188711166381836,0.0,0.0,0.0,0.0,0.0,0.0,0.0,0.07750000059604645,0.00390625,0.02500000037252903,0.0,0.0,251.0,354.0,240.0,240.0,144.0,8.0,0.0,2.0,0.0,0.0,0,0,0,0,0
436,128,432.9533386230469,37.30666732788086,612.8599853515625,0.0,0.0,387.25,77.9375,174.16250610351562,0.0,0.0,0.479324609041214,0.6115311980247498,0.5823795199394226,0.0,0.0,25.575361251831055,28.346696853637695,6.310571670532227,0.0,0.0,0.0,0.0,0.0,0.0,0.0,0.07750000059604645,0.00390625,0.02500000037252903,0.0,0.0,251.0,354.0,243.0,240.0,144.0,8.0,0.0,2.0,0.0,0.0,0,0,0,0,0
437,128,389.44000244140625,12.760000228881836,648.1533203125,0.0,0.0,387.25,77.9375,174.16250610351562,0.0,0.0,0.48032131791114807,0.6109989881515503,0.5835680365562439,0.0,0.0,25.575969696044922,28.346696853637695,6.442235469818115,0.0,0.0,0.0,0.0,0.0,0.0,0.0,0.07750000059604645,0.00390625,0.02500000037252903,0.0,0.0,251.0,354.0,243.0,240.0,144.0,4.0,0.0,2.0,0.0,0.0,0,0,0,0,0
438,127,366.9599914550781,0.0,489.586669921875,0.0,0.0,384.875,77.9375,174.16250610351562,0.0,0.0,0.48121970891952515,0.6102737188339233,0.5847498774528503,0.0,0.0,25.575969696044922,28.346696853637695,6.529853343963623,0.0,0.0,0.0,0.0,0.0,0.0,0.0,0.07625000178813934,0.00390625,0.02500000037252903,0.0,0.0,251.0,354.0,243.0,240.0,144.0,4.0,0.0,2.0,0.0,0.0,1,0,0,0,0
439,128,362.00665283203125,0.0,673.0800170898438,0.0,0.0,384.875,77.9375,174.16250610351562,0.0,0.0,0.4820903241634369,0.6095501780509949,0.5859249830245972,0.0,0.0,25.575969696044922,28.346696853637695,6.6684417724609375,0.0,0.0,0.0,0.0,0.0,0.0,0.0,0.07625000178813934,0.00390625,0.02500000037252903,0.0,0.0,253.0,354.0,243.0,240.0,144.0,4.0,0.0,2.0,0.0,0.0,0,0,0,0,0
440,128,450.3133239746094,0.0,567.393310546875,0.0,0.0,387.25,26.375,171.62937927246094,0.0,0.0,0.4830760657787323,0.609305739402771,0.5870764851570129,0.0,0.0,25.593486785888672,28.346696853637695,6.77837610244751,0.0,0.0,0.0,0.0,0.0,0.0,0.0,0.07750000059604645,0.0015625000232830644,0.023749999701976776,0.0,0.0,251.0,354.0,243.0,240.0,144.0,4.0,0.0,2.0,0.0,0.0,0,0,0,0,0
441,128,535.0999755859375,0.0,548.193359375,0.0,0.0,383.6875,26.375,171.62937927246094,0.0,0.0,0.48404908180236816,0.6090614199638367,0.5882216095924377,0.0,0.0,25.635547637939453,28.346696853637695,6.88297700881958,0.0,0.0,0.0,0.0,0.0,0.0,0.0,0.07562500238418579,0.0015625000232830644,0.023749999701976776,0.0,0.0,251.0,354.0,245.0,240.0,144.0,4.0,0.0,2.0,0.0,0.0,0,0,0,0,0
442,128,744.193359375,0.0,685.3800048828125,0.0,0.0,383.6875,26.375,167.82968139648438,0.0,0.0,0.48501840233802795,0.6088173985481262,0.5893352627754211,0.0,0.0,25.735687255859375,28.346696853637695,7.026741027832031,0.0,0.0,0.0,0.0,0.0,0.0,0.0,0.07562500238418579,0.0015625000232830644,0.02187499962747097,0.0,0.0,251.0,354.0,245.0,240.0,144.0,4.0,0.0,2.0,0.0,0.0,0,0,0,0,0
443,128,953.0466918945312,0.0,604.2333374023438,0.0,0.0,369.4375,26.375,166.56312561035156,0.0,0.0,0.4859482944011688,0.6085734963417053,0.5904346108436584,0.0,0.0,25.89780044555664,28.346696853637695,7.148316383361816,0.0,0.0,0.0,0.0,0.0,0.0,0.0,0.06812500208616257,0.0015625000232830644,0.021250000223517418,0.0,0.0,251.0,354.0,248.0,240.0,144.0,4.0,0.0,2.0,0.0,0.0,0,0,0,0,0
444,128,873.2933349609375,0.0,494.6933288574219,0.0,0.0,364.6875,26.375,164.02999877929688,0.0,0.0,0.4868629574775696,0.6083297729492188,0.5915114879608154,0.0,0.0,26.039079666137695,28.346696853637695,7.240167140960693,0.0,0.0,0.0,0.0,0.0,0.0,0.0,0.06562499701976776,0.0015625000232830644,0.019999999552965164,0.0,0.0,254.0,354.0,248.0,240.0,144.0,4.0,0.0,2.0,0.0,0.0,0,0,0,0,0
445,128,261.3733215332031,27.19333267211914,523.0399780273438,0.0,0.0,358.75,26.375,164.02999877929688,0.0,0.0,0.4872852861881256,0.6084865927696228,0.592582643032074,0.0,0.0,26.039079666137695,28.346923828125,7.3398919105529785,0.0,0.0,0.0,0.0,0.0,0.0,0.0,0.0625,0.0015625000232830644,0.019999999552965164,0.0,0.0,254.0,354.0,250.0,240.0,144.0,4.0,0.0,2.0,0.0,0.0,0,0,0,0,0
446,128,467.8599853515625,23.139999389648438,460.5,0.0,0.0,358.75,26.375,164.02999877929688,0.0,0.0,0.4881795644760132,0.6085941195487976,0.5936482548713684,0.0,0.0,26.06938934326172,28.346923828125,7.422245025634766,0.0,0.0,0.0,0.0,0.0,0.0,0.0,0.0625,0.0015625000232830644,0.019999999552965164,0.0,0.0,254.0,354.0,250.0,240.0,144.0,4.0,0.0,2.0,0.0,0.0,0,0,0,0,0
447,128,165.1199951171875,0.0,405.3999938964844,0.0,0.0,356.375,0.0,164.02999877929688,0.0,0.0,0.4881365895271301,0.6085941195487976,0.5947083234786987,0.0,0.0,26.06938934326172,28.346923828125,7.489292144775391,0.0,0.0,0.0,0.0,0.0,0.0,0.0,0.061250001192092896,0.0,0.019999999552965164,0.0,0.0,254.0,354.0,250.0,240.0,144.0,4.0,0.0,2.0,0.0,0.0,0,0,0,0,0
448,127,36.893333435058594,0.0,437.6400146484375,0.0,0.0,352.8125,0.0,164.02999877929688,0.0,0.0,0.48748087882995605,0.6085941195487976,0.5957628488540649,0.0,0.0,26.06938934326172,28.346923828125,7.5652947425842285,0.0,0.0,0.0,0.0,0.0,0.0,0.0,0.05937499925494194,0.0,0.019999999552965164,0.0,0.0,254.0,354.0,250.0,240.0,144.0,4.0,0.0,3.0,0.0,0.0,0,0,1,0,0
449,128,115.04000091552734,50.2066650390625,536.3533325195312,0.0,0.0,348.0625,0.0,164.02999877929688,0.0,0.0,0.48721662163734436,0.6085941195487976,0.5968119502067566,0.0,0.0,26.06938934326172,28.360870361328125,7.668717861175537,0.0,0.0,0.0,0.0,0.0,0.0,0.0,0.05687500163912773,0.0,0.019999999552965164,0.0,0.0,256.0,354.0,250.0,240.0,144.0,4.0,0.0,3.0,0.0,0.0,0,0,0,0,0
450,128,110.04666900634766,125.15333557128906,637.739990234375,0.0,0.0,345.6875,0.0,165.29656982421875,0.0,0.0,0.48693472146987915,0.6085941195487976,0.5978636145591736,0.0,0.0,26.06938934326172,28.3956356048584,7.799952507019043,0.0,0.0,0.0,0.0,0.0,0.0,0.0,0.05562499910593033,0.0,0.020625000819563866,0.0,0.0,256.0,354.0,252.0,240.0,144.0,4.0,0.0,3.0,0.0,0.0,0,0,0,0,0
451,128,62.09333419799805,255.52667236328125,433.2266540527344,0.0,0.0,344.5,0.0,161.4968719482422,0.0,0.0,0.48642534017562866,0.6085941195487976,0.5988857746124268,0.0,0.0,26.06938934326172,28.466615676879883,7.875432968139648,0.0,0.0,0.0,0.0,0.0,0.0,0.0,0.054999999701976776,0.0,0.01875000074505806,0.0,0.0,257.0,354.0,252.0,240.0,144.0,4.0,0.0,1.0,0.0,0.0,0,0,0,0,0
452,128,81.05999755859375,344.0799865722656,653.3533325195312,0.0,0.0,343.3125,0.0,161.4968719482422,0.0,0.0,0.4860117435455322,0.6085941195487976,0.5999028086662292,0.0,0.0,26.06938934326172,28.562192916870117,8.012059211730957,0.0,0.0,0.0,0.0,0.0,0.0,0.0,0.054375000298023224,0.0,0.01875000074505806,0.0,0.0,257.0,354.0,252.0,240.0,144.0,4.0,0.0,1.0,0.0,0.0,0,0,0,0,0
453,128,131.05999755859375,409.239990234375,655.193359375,0.0,0.0,326.6875,0.0,161.4968719482422,0.0,0.0,0.4858785569667816,0.6085941195487976,0.600914716720581,0.0,0.0,26.06938934326172,28.675870895385742,8.149197578430176,0.0,0.0,0.0,0.0,0.0,0.0,0.0,0.045625001192092896,0.0,0.01875000074505806,0.0,0.0,258.0,354.0,252.0,240.0,144.0,4.0,0.0,1.0,0.0,0.0,0,0,0,0,0
454,127,182.6133270263672,538.1199951171875,659.719970703125,0.0,0.0,321.9375,0.0,161.4968719482422,0.0,0.0,0.4860042333602905,0.6085941195487976,0.6019214391708374,0.0,0.0,26.06938934326172,28.825347900390625,8.287592887878418,0.0,0.0,0.0,0.0,0.0,0.0,0.0,0.04312499985098839,0.0,0.01875000074505806,0.0,0.0,264.0,354.0,252.0,240.0,144.0,6.0,0.0,1.0,0.0,0.0,1,0,0,0,0
455,128,131.72000122070312,588.3200073242188,713.6199951171875,0.0,0.0,320.75,0.0,157.6971893310547,0.0,0.0,0.48588845133781433,0.6085941195487976,0.6028996706008911,0.0,0.0,26.06938934326172,28.988771438598633,8.442015647888184,0.0,0.0,0.0,0.0,0.0,0.0,0.0,0.042500000447034836,0.0,0.016875000670552254,0.0,0.0,264.0,354.0,252.0,240.0,144.0,6.0,0.0,1.0,0.0,0.0,0,0,0,0,0
456,128,13.359999656677246,984.3733520507812,525.1266479492188,0.0,0.0,323.125,0.0,153.8975067138672,0.0,0.0,0.485201358795166,0.6085941195487976,0.6038496494293213,0.0,0.0,26.06938934326172,29.26220703125,8.545135498046875,0.0,0.0,0.0,0.0,0.0,0.0,0.0,0.04374999925494194,0.0,0.014999999664723873,0.0,0.0,266.0,354.0,255.0,240.0,144.0,6.0,0.0,1.0,0.0,0.0,0,0,0,0,0
457,128,0.0,1080.0067138671875,558.1666870117188,0.0,0.0,296.75,0.0,153.8975067138672,0.0,0.0,0.48451364040374756,0.6085941195487976,0.6047951579093933,0.0,0.0,26.06938934326172,29.562210083007812,8.657431602478027,0.0,0.0,0.0,0.0,0.0,0.0,0.0,0.042500000447034836,0.0,0.014999999664723873,0.0,0.0,266.0,354.0,255.0,240.0,144.0,6.0,0.0,1.0,0.0,0.0,0,0,0,0,0
458,128,0.0,1307.9266357421875,591.2066650390625,0.0,0.0,290.8125,0.0,153.8975067138672,0.0,0.0,0.48384153842926025,0.6085941195487976,0.6057360768318176,0.0,0.0,26.06938934326172,29.925521850585938,8.77890682220459,0.0,0.0,0.0,0.0,0.0,0.0,0.0,0.039374999701976776,0.0,0.014999999664723873,0.0,0.0,266.0,354.0,255.0,240.0,144.0,4.0,0.0,1.0,0.0,0.0,0,0,0,0,0
459,128,0.0,1276.5333251953125,578.6314086914062,0.0,0.0,288.4375,0.0,153.8975067138672,0.0,0.0,0.4831767976284027,0.6085941195487976,0.6066725850105286,0.0,0.0,26.06938934326172,30.280115127563477,8.896888732910156,0.0,0.0,0.0,0.0,0.0,0.0,0.0,0.03812500089406967,0.0,0.014999999664723873,0.0,0.0,266.0,354.0,255.0,240.0,144.0,4.0,0.0,1.0,0.0,0.0,0,0,0,0,0
460,127,0.0,1330.4000244140625,566.0562133789062,0.0,0.0,288.4375,0.0,153.8975067138672,0.0,0.0,0.4825138449668884,0.6085941195487976,0.6076046824455261,0.0,0.0,26.06938934326172,30.64967155456543,9.011377334594727,0.0,0.0,0.0,0.0,0.0,0.0,0.0,0.03812500089406967,0.0,0.014999999664723873,0.0,0.0,266.0,354.0,255.0,240.0,144.0,4.0,2.0,1.0,0.0,0.0,0,1,0,0,0
461,128,0.0,1258.52001953125,553.48095703125,0.0,0.0,288.4375,0.0,151.3643798828125,0.0,0.0,0.4818527400493622,0.6085941195487976,0.608517050743103,0.0,0.0,26.06938934326172,30.99925994873047,9.123076438903809,0.0,0.0,0.0,0.0,0.0,0.0,0.0,0.03812500089406967,0.0,0.013749999925494194,0.0,0.0,266.0,354.0,255.0,240.0,144.0,4.0,2.0,1.0,0.0,0.0,0,0,0,0,0
462,128,0.0,1376.3333740234375,540.90576171875,0.0,0.0,288.4375,26.375,151.3643798828125,0.0,0.0,0.4811934232711792,0.6087507009506226,0.6094252467155457,0.0,0.0,26.06938934326172,31.374248504638672,9.231282234191895,0.0,0.0,0.0,0.0,0.0,0.0,0.0,0.03812500089406967,0.0015625000232830644,0.013749999925494194,0.0,0.0,266.0,354.0,257.0,240.0,144.0,2.0,2.0,1.0,0.0,0.0,0,0,0,0,0
463,128,0.0,1520.0799560546875,528.3304443359375,0.0,0.0,288.4375,26.375,151.3643798828125,0.0,0.0,0.48053592443466187,0.6089071035385132,0.6103292107582092,0.0,0.0,26.06938934326172,31.789165496826172,9.335994720458984,0.0,0.0,0.0,0.0,0.0,0.0,0.0,0.03812500089406967,0.0015625000232830644,0.013749999925494194,0.0,0.0,266.0,354.0,257.0,240.0,144.0,2.0,2.0,1.0,0.0,0.0,0,0,0,0,0
464,128,0.0,1274.3399658203125,515.7552490234375,0.0,0.0,288.4375,26.375,148.8312530517578,0.0,0.0,0.4798802137374878,0.6090633869171143,0.6112140417098999,0.0,0.0,26.06938934326172,32.13582229614258,9.437917709350586,0.0,0.0,0.0,0.0,0.0,0.0,0.0,0.03812500089406967,0.0015625000232830644,0.012500000186264515,0.0,0.0,266.0,354.0,257.0,240.0,144.0,2.0,2.0,1.0,0.0,0.0,0,0,0,0,0
465,128,0.0,1590.4866943359375,503.17999267578125,0.0,0.0,286.0625,26.375,145.03155517578125,0.0,0.0,0.47923165559768677,0.6092195510864258,0.6120723485946655,0.0,0.0,26.06938934326172,32.57029724121094,9.53740406036377,0.0,0.0,0.0,0.0,0.0,0.0,0.0,0.03687499836087227,0.0015625000232830644,0.010625000111758709,0.0,0.0,266.0,354.0,257.0,240.0,144.0,2.0,2.0,1.0,0.0,0.0,0,0,0,0,0
466,128,0.0,1371.9666748046875,462.086669921875,0.0,0.0,281.3125,26.375,145.03155517578125,0.0,0.0,0.4785955846309662,0.6093755960464478,0.6129269003868103,0.0,0.0,26.06938934326172,32.94407272338867,9.62547492980957,0.0,0.0,0.0,0.0,0.0,0.0,0.0,0.03437500074505806,0.0015625000232830644,0.010625000111758709,0.0,0.0,266.0,354.0,257.0,240.0,144.0,2.0,2.0,1.0,0.0,0.0,0,0,0,0,0
467,128,0.0,1552.7532958984375,223.31333923339844,0.0,0.0,276.5625,26.375,145.03155517578125,0.0,0.0,0.4779718816280365,0.6095315217971802,0.6137776970863342,0.0,0.0,26.06938934326172,33.36806869506836,9.64721965789795,0.0,0.0,0.0,0.0,0.0,0.0,0.0,0.03187499940395355,0.0015625000232830644,0.010625000111758709,0.0,0.0,266.0,354.0,257.0,240.0,144.0,2.0,2.0,1.0,0.0,0.0,0,0,0,0,0
468,128,0.0,1601.9200439453125,385.8133239746094,0.0,0.0,276.5625,26.375,145.03155517578125,0.0,0.0,0.47734981775283813,0.609687328338623,0.6146247386932373,0.0,0.0,26.06938934326172,33.805721282958984,9.714103698730469,0.0,0.0,0.0,0.0,0.0,0.0,0.0,0.03187499940395355,0.0015625000232830644,0.010625000111758709,0.0,0.0,266.0,354.0,257.0,240.0,144.0,2.0,2.0,1.0,0.0,0.0,0,0,0,0,0
469,127,66.86666870117188,1345.6666259765625,235.32666015625,0.0,0.0,274.1875,26.375,145.03155517578125,0.0,0.0,0.47704896330833435,0.6098429560661316,0.6154681444168091,0.0,0.0,26.06938934326172,34.17218780517578,9.739185333251953,0.0,0.0,0.0,0.0,0.0,0.0,0.0,0.030625000596046448,0.0015625000232830644,0.010625000111758709,0.0,0.0,266.0,354.0,257.0,240.0,144.0,2.0,3.0,1.0,0.0,0.0,0,1,0,0,0
470,128,104.41999816894531,1479.1400146484375,393.3800048828125,0.0,0.0,274.1875,26.375,145.03155517578125,0.0,0.0,0.4769251346588135,0.6099985241889954,0.61630779504776,0.0,0.0,26.06938934326172,34.57573699951172,9.808171272277832,0.0,0.0,0.0,0.0,0.0,0.0,0.0,0.030625000596046448,0.0015625000232830644,0.010625000111758709,0.0,0.0,266.0,354.0,257.0,240.0,144.0,2.0,3.0,1.0,0.0,0.0,0,0,0,0,0
471,128,221.0399932861328,1531.8033447265625,389.9800109863281,0.0,0.0,274.1875,51.5625,145.03155517578125,0.0,0.0,0.47734832763671875,0.610302209854126,0.6171438097953796,0.0,0.0,26.06938934326172,34.98691177368164,9.876212120056152,0.0,0.0,0.0,0.0,0.0,0.0,0.0,0.030625000596046448,0.0023437500931322575,0.010625000111758709,0.0,0.0,266.0,354.0,257.0,240.0,144.0,2.0,3.0,1.0,0.0,0.0,0,0,0,0,0
472,128,256.00665283203125,1534.5799560546875,273.0,0.0,0.0,219.0625,51.5625,145.03155517578125,0.0,0.0,0.4778844714164734,0.6106054782867432,0.617976188659668,0.0,0.0,26.07965087890625,35.398860931396484,9.911759376525879,0.0,0.0,0.0,0.0,0.0,0.0,0.0,0.026875000447034836,0.0023437500931322575,0.010625000111758709,0.0,0.0,266.0,354.0,257.0,240.0,144.0,2.0,3.0,1.0,0.0,0.0,0,0,0,0,0
473,128,515.5999755859375,1526.526611328125,194.8866729736328,0.0,0.0,219.0625,51.5625,145.03155517578125,0.0,0.0,0.47841954231262207,0.6109082698822021,0.618804931640625,0.0,0.0,26.16202163696289,35.80857467651367,9.925607681274414,0.0,0.0,0.0,0.0,0.0,0.0,0.0,0.026875000447034836,0.0023437500931322575,0.010625000111758709,0.0,0.0,266.0,354.0,257.0,240.0,144.0,2.0,3.0,1.0,0.0,0.0,0,0,0,0,0
474,128,579.6666870117188,1587.699951171875,157.6199951171875,0.0,0.0,219.0625,51.5625,116.53187561035156,0.0,0.0,0.4789535105228424,0.6112105846405029,0.6194682717323303,0.0,0.0,26.262189865112305,36.23527908325195,9.937021255493164,0.0,0.0,0.0,0.0,0.0,0.0,0.0,0.026875000447034836,0.0023437500931322575,0.008750000037252903,0.0,0.0,266.0,354.0,257.0,240.0,144.0,2.0,3.0,1.0,0.0,0.0,0,0,0,0,0
475,128,852.6533203125,1369.11328125,121.6066665649414,0.0,0.0,216.6875,51.5625,115.26531219482422,0.0,0.0,0.4794806241989136,0.6115124225616455,0.6201220750808716,0.0,0.0,26.438846588134766,36.60126495361328,9.938782691955566,0.0,0.0,0.0,0.0,0.0,0.0,0.0,0.025624999776482582,0.0023437500931322575,0.008124999701976776,0.0,0.0,266.0,354.0,257.0,240.0,144.0,2.0,3.0,1.0,0.0,0.0,0,0,0,0,0
476,128,916.433349609375,1305.28662109375,149.55332946777344,0.0,0.0,216.6875,51.5625,111.46562194824219,0.0,0.0,0.4800066649913788,0.6118137836456299,0.6207522749900818,0.0,0.0,26.633220672607422,36.94952392578125,9.949362754821777,0.0,0.0,0.0,0.0,0.0,0.0,0.0,0.025624999776482582,0.0023437500931322575,0.0062500000931322575,0.0,0.0,266.0,354.0,258.0,240.0,144.0,2.0,3.0,1.0,0.0,0.0,0,0,0,0,0
477,128,1172.9666748046875,1501.3133544921875,89.33333587646484,0.0,0.0,211.9375,51.5625,111.46562194824219,0.0,0.0,0.4805201292037964,0.612114667892456,0.6210514903068542,0.0,0.0,26.90017318725586,37.352230072021484,9.949362754821777,0.0,0.0,0.0,0.0,0.0,0.0,0.0,0.023125000298023224,0.0023437500931322575,0.0062500000931322575,0.0,0.0,266.0,354.0,258.0,240.0,144.0,2.0,3.0,1.0,0.0,0.0,0,0,0,0,0
478,127,1213.8199462890625,1281.3133544921875,64.48666381835938,0.0,0.0,211.9375,51.5625,111.46562194824219,0.0,0.0,0.4810326099395752,0.6124151349067688,0.6209812164306641,0.0,0.0,27.17847442626953,37.69382858276367,9.949362754821777,0.0,0.0,0.0,0.0,0.0,0.0,0.0,0.023125000298023224,0.0023437500931322575,0.0062500000931322575,0.0,0.0,266.0,354.0,258.0,240.0,144.0,2.0,6.0,0.0,0.0,0.0,0,1,0,0,0
479,128,954.32666015625,1457.453369140625,51.47999954223633,0.0,0.0,211.9375,51.5625,111.46562194824219,0.0,0.0,0.48154404759407043,0.6127151250839233,0.6207185387611389,0.0,0.0,27.384693145751953,38.084354400634766,9.949362754821777,0.0,0.0,0.0,0.0,0.0,0.0,0.0,0.023125000298023224,0.0023437500931322575,0.0062500000931322575,0.0,0.0,266.0,354.0,258.0,240.0,144.0,2.0,6.0,0.0,0.0,0.0,0,0,0,0,0
480,128,1368.3399658203125,1127.719970703125,52.43333435058594,0.0,0.0,207.1875,79.125,111.46562194824219,0.0,0.0,0.4820430874824524,0.613174557685852,0.6204708218574524,0.0,0.0,27.70723533630371,38.37562942504883,9.949362754821777,0.0,0.0,0.0,0.0,0.0,0.0,0.0,0.020625000819563866,0.004687500186264515,0.0062500000931322575,0.0,0.0,266.0,354.0,258.0,240.0,144.0,2.0,6.0,0.0,0.0,0.0,0,0,0,0,0
481,128,1448.780029296875,1191.7532958984375,18.133333206176758,0.0,0.0,207.1875,79.125,111.46562194824219,0.0,0.0,0.48254114389419556,0.61363285779953,0.6197176575660706,0.0,0.0,28.052122116088867,38.6846923828125,9.949362754821777,0.0,0.0,0.0,0.0,0.0,0.0,0.0,0.020625000819563866,0.004687500186264515,0.0062500000931322575,0.0,0.0,266.0,354.0,258.0,240.0,144.0,2.0,6.0,0.0,0.0,0.0,0,0,0,0,0
482,127,1385.4466552734375,1039.6866455078125,0.0,0.0,0.0,207.1875,79.125,111.46562194824219,0.0,0.0,0.4830382466316223,0.614090085029602,0.6186997890472412,0.0,0.0,28.379417419433594,38.951515197753906,9.949362754821777,0.0,0.0,0.0,0.0,0.0,0.0,0.0,0.020625000819563866,0.004687500186264515,0.0062500000931322575,0.0,0.0,266.0,354.0,258.0,240.0,144.0,2.0,6.0,0.0,0.0,0.0,1,0,0,0,0
483,128,1402.260009765625,1316.199951171875,0.0,0.0,0.0,203.625,79.125,111.46562194824219,0.0,0.0,0.4835258722305298,0.6145462989807129,0.6176852583885193,0.0,0.0,28.712371826171875,39.29514694213867,9.949362754821777,0.0,0.0,0.0,0.0,0.0,0.0,0.0,0.01875000074505806,0.004687500186264515,0.0062500000931322575,0.0,0.0,266.0,354.0,258.0,240.0,144.0,2.0,6.0,0.0,0.0,0.0,0,0,0,0,0
484,128,1717.9466552734375,1314.3333740234375,0.0,0.0,0.0,230.0,79.125,85.49906158447266,0.0,0.0,0.48407554626464844,0.615001380443573,0.6169093251228333,0.0,0.0,29.125690460205078,39.63826370239258,9.949362754821777,0.0,0.0,0.0,0.0,0.0,0.0,0.0,0.019999999552965164,0.004687500186264515,0.005625000223517418,0.0,0.0,265.0,354.0,258.0,240.0,144.0,2.0,6.0,0.0,0.0,0.0,0,0,0,0,0
485,128,1399.7733154296875,1278.8199462890625,0.0,0.0,0.0,230.0,79.125,85.49906158447266,0.0,0.0,0.48462405800819397,0.6154553890228271,0.6161353588104248,0.0,0.0,29.450626373291016,39.97151184082031,9.949362754821777,0.0,0.0,0.0,0.0,0.0,0.0,0.0,0.019999999552965164,0.004687500186264515,0.005625000223517418,0.0,0.0,265.0,354.0,258.0,240.0,144.0,2.0,6.0,0.0,0.0,0.0,0,0,0,0,0
486,128,1543.193359375,1331.4266357421875,0.0,0.0,0.0,230.0,79.125,85.49906158447266,0.0,0.0,0.4851714074611664,0.6159083247184753,0.6153632998466492,0.0,0.0,29.81540298461914,40.31937026977539,9.949362754821777,0.0,0.0,0.0,0.0,0.0,0.0,0.0,0.019999999552965164,0.004687500186264515,0.005625000223517418,0.0,0.0,265.0,354.0,258.0,240.0,144.0,2.0,6.0,0.0,0.0,0.0,0,0,0,0,0
487,127,1454.2933349609375,1233.17333984375,2.6733334064483643,0.0,0.0,230.0,79.125,56.99937438964844,0.0,0.0,0.48571762442588806,0.6163601875305176,0.6148888468742371,0.0,0.0,30.155485153198242,40.63994216918945,9.949362754821777,0.0,0.0,0.0,0.0,0.0,0.0,0.0,0.019999999552965164,0.004687500186264515,0.0037499999161809683,0.0,0.0,265.0,354.0,258.0,240.0,144.0,3.0,6.0,0.0,0.0,0.0,1,0,0,0,0
488,128,1432.0799560546875,1369.239990234375,0.0,0.0,0.0,226.4375,79.125,56.99937438964844,0.0,0.0,0.4862542152404785,0.6168110370635986,0.6143760085105896,0.0,0.0,30.490385055541992,40.99830627441406,9.949362754821777,0.0,0.0,0.0,0.0,0.0,0.0,0.0,0.018124999478459358,0.004687500186264515,0.0037499999161809683,0.0,0.0,265.0,354.0,258.0,240.0,144.0,3.0,6.0,0.0,0.0,0.0,0,0,0,0,0
489,128,1605.413330078125,1678.13330078125,0.0,0.0,0.0,227.625,79.125,56.99937438964844,0.0,0.0,0.48679250478744507,0.6172608137130737,0.6138640642166138,0.0,0.0,30.873104095458984,41.442474365234375,9.949362754821777,0.0,0.0,0.0,0.0,0.0,0.0,0.0,0.01875000074505806,0.004687500186264515,0.0037499999161809683,0.0,0.0,266.0,354.0,258.0,240.0,144.0,3.0,6.0,0.0,0.0,0.0,0,0,0,0,0
490,128,1371.0799560546875,1544.526611328125,0.0,0.0,0.0,227.625,79.125,56.99937438964844,0.0,0.0,0.4873296618461609,0.6177095174789429,0.6133530139923096,0.0,0.0,31.190731048583984,41.84953308105469,9.949362754821777,0.0,0.0,0.0,0.0,0.0,0.0,0.0,0.01875000074505806,0.004687500186264515,0.0037499999161809683,0.0,0.0,266.0,354.0,258.0,240.0,144.0,3.0,6.0,0.0,0.0,0.0,0,0,0,0,0
491,128,1349.3599853515625,1687.3765869140625,0.0,0.0,0.0,196.5,79.125,56.99937438964844,0.0,0.0,0.4877924621105194,0.618157148361206,0.6128427386283875,0.0,0.0,31.510969161987305,42.296268463134766,9.949362754821777,0.0,0.0,0.0,0.0,0.0,0.0,0.0,0.014999999664723873,0.004687500186264515,0.0037499999161809683,0.0,0.0,266.0,354.0,258.0,240.0,144.0,3.0,6.0,0.0,0.0,0.0,0,0,0,0,0
492,128,1216.6466064453125,1610.06005859375,0.0,0.0,0.0,168.9375,79.125,56.99937438964844,0.0,0.0,0.4881896674633026,0.6186037659645081,0.612333357334137,0.0,0.0,31.802000045776367,42.721527099609375,9.949362754821777,0.0,0.0,0.0,0.0,0.0,0.0,0.0,0.013124999590218067,0.004687500186264515,0.0037499999161809683,0.0,0.0,266.0,354.0,258.0,240.0,144.0,3.0,6.0,0.0,0.0,0.0,0,0,0,0,0
493,128,1767.9200439453125,1718.123291015625,0.0,0.0,0.0,168.9375,79.125,56.99937438964844,0.0,0.0,0.48858627676963806,0.6190493106842041,0.6118248105049133,0.0,0.0,32.24616241455078,43.17680358886719,9.949362754821777,0.0,0.0,0.0,0.0,0.0,0.0,0.0,0.013124999590218067,0.004687500186264515,0.0037499999161809683,0.0,0.0,266.0,354.0,258.0,240.0,144.0,3.0,6.0,0.0,0.0,0.0,0,0,0,0,0
494,128,1404.873291015625,1628.9200439453125,0.0,0.0,0.0,168.9375,79.125,56.99937438964844,0.0,0.0,0.48898226022720337,0.619493842124939,0.6113170981407166,0.0,0.0,32.5894775390625,43.607303619384766,9.949362754821777,0.0,0.0,0.0,0.0,0.0,0.0,0.0,0.013124999590218067,0.004687500186264515,0.0037499999161809683,0.0,0.0,266.0,354.0,258.0,240.0,144.0,3.0,6.0,0.0,0.0,0.0,0,0,0,0,0
495,128,1327.586669921875,1714.7816162109375,0.0,0.0,0.0,168.9375,79.125,56.99937438964844,0.0,0.0,0.4893776476383209,0.6199373602867126,0.6108102202415466,0.0,0.0,32.91132354736328,44.06165313720703,9.949362754821777,0.0,0.0,0.0,0.0,0.0,0.0,0.0,0.013124999590218067,0.004687500186264515,0.0037499999161809683,0.0,0.0,266.0,354.0,258.0,240.0,144.0,3.0,6.0,0.0,0.0,0.0,0,0,0,0,0
496,128,1258.9466552734375,1682.643310546875,0.0,0.0,0.0,168.9375,79.125,56.99937438964844,0.0,0.0,0.48977240920066833,0.6203798055648804,0.6103042364120483,0.0,0.0,33.21410369873047,44.50707244873047,9.949362754821777,0.0,0.0,0.0,0.0,0.0,0.0,0.0,0.013124999590218067,0.004687500186264515,0.0037499999161809683,0.0,0.0,266.0,354.0,258.0,240.0,144.0,3.0,5.0,0.0,0.0,0.0,0,0,0,0,0
497,127,1317.8800048828125,1701.6650390625,0.0,0.0,0.0,168.9375,79.125,56.99937438964844,0.0,0.0,0.490166574716568,0.6208212375640869,0.6097990274429321,0.0,0.0,33.53325653076172,44.95777893066406,9.949362754821777,0.0,0.0,0.0,0.0,0.0,0.0,0.0,0.013124999590218067,0.004687500186264515,0.0037499999161809683,0.0,0.0,266.0,354.0,258.0,240.0,144.0,5.0,5.0,0.0,0.0,0.0,1,0,0,0,0
498,128,1160.3599853515625,1720.6866455078125,0.0,0.0,0.0,168.9375,79.125,54.466251373291016,0.0,0.0,0.4905601143836975,0.6212615966796875,0.6093170642852783,0.0,0.0,33.808650970458984,45.41376876831055,9.949362754821777,0.0,0.0,0.0,0.0,0.0,0.0,0.0,0.013124999590218067,0.004687500186264515,0.0024999999441206455,0.0,0.0,266.0,356.0,258.0,240.0,144.0,5.0,5.0,0.0,0.0,0.0,0,0,0,0,0
499,126,1128.193359375,1593.1666259765625,0.0,0.0,0.0,195.3125,79.125,54.466251373291016,0.0,0.0,0.4910143315792084,0.6217010021209717,0.6088358759880066,0.0,0.0,34.06778335571289,45.83433532714844,9.949362754821777,0.0,0.0,0.0,0.0,0.0,0.0,0.0,0.014375000260770321,0.004687500186264515,0.0024999999441206455,0.0,0.0,266.0,356.0,258.0,240.0,144.0,9.0,5.0,0.0,0.0,0.0,2,0,0,0,0
500,128,1194.3800048828125,1633.5233154296875,21.81333351135254,0.0,0.0,195.3125,79.125,54.466251373291016,0.0,0.0,0.49146777391433716,0.6221393346786499,0.6086714863777161,0.0,0.0,34.34530258178711,46.26611328125,9.949362754821777,0.0,0.0,0.0,0.0,0.0,0.0,0.0,0.014375000260770321,0.004687500186264515,0.0024999999441206455,0.0,0.0,266.0,356.0,258.0,240.0,144.0,9.0,5.0,0.0,0.0,0.0,0,0,0,0,0
501,127,1227.1199951171875,1642.17333984375,67.22666931152344,0.0,0.0,248.0625,79.125,54.466251373291016,0.0,0.0,0.4920424818992615,0.6225767135620117,0.6089800596237183,0.0,0.0,34.61726379394531,46.700294494628906,9.952906608581543,0.0,0.0,0.0,0.0,0.0,0.0,0.0,0.016875000670552254,0.004687500186264515,0.0024999999441206455,0.0,0.0,266.0,356.0,258.0,240.0,144.0,10.0,5.0,0.0,0.0,0.0,1,0,0,0,0
502,128,1316.1199951171875,1306.413330078125,193.01333618164062,0.0,0.0,248.0625,79.125,54.466251373291016,0.0,0.0,0.4926159083843231,0.6230130195617676,0.6092880964279175,0.0,0.0,34.913944244384766,47.04120635986328,9.991392135620117,0.0,0.0,0.0,0.0,0.0,0.0,0.0,0.016875000670552254,0.004687500186264515,0.0024999999441206455,0.0,0.0,266.0,356.0,258.0,240.0,144.0,10.0,5.0,0.0,0.0,0.0,0,0,0,0,0
503,128,1183.0799560546875,790.3333129882812,100.58000183105469,0.0,0.0,249.25,79.125,54.466251373291016,0.0,0.0,0.4931907653808594,0.623448371887207,0.6095957159996033,0.0,0.0,35.173343658447266,47.238765716552734,10.004201889038086,0.0,0.0,0.0,0.0,0.0,0.0,0.0,0.017500000074505806,0.004687500186264515,0.0024999999441206455,0.0,0.0,266.0,356.0,258.0,240.0,144.0,10.0,5.0,0.0,0.0,0.0,0,0,0,0,0
504,128,1280.219970703125,1087.5799560546875,143.27333068847656,0.0,0.0,249.25,79.125,54.466251373291016,0.0,0.0,0.49376434087753296,0.6238827109336853,0.6099027991294861,0.0,0.0,35.45972442626953,47.518890380859375,10.028870582580566,0.0,0.0,0.0,0.0,0.0,0.0,0.0,0.017500000074505806,0.004687500186264515,0.0024999999441206455,0.0,0.0,270.0,356.0,258.0,240.0,144.0,10.0,5.0,0.0,0.0,0.0,0,0,0,0,0
505,127,1217.413330078125,852.586669921875,125.69999694824219,0.0,0.0,221.6875,79.125,54.466251373291016,0.0,0.0,0.4942733943462372,0.6243160367012024,0.6102094054222107,0.0,0.0,35.73631286621094,47.733741760253906,10.048657417297363,0.0,0.0,0.0,0.0,0.0,0.0,0.0,0.015625,0.004687500186264515,0.0024999999441206455,0.0,0.0,270.0,356.0,258.0,240.0,144.0,12.0,5.0,0.0,0.0,0.0,1,0,0,0,0
506,128,1414.9000244140625,1300.4599609375,21.953332901000977,0.0,0.0,221.6875,79.125,54.466251373291016,0.0,0.0,0.49478140473365784,0.6247483491897583,0.6100467443466187,0.0,0.0,36.0677604675293,48.073001861572266,10.048657417297363,0.0,0.0,0.0,0.0,0.0,0.0,0.0,0.015625,0.004687500186264515,0.0024999999441206455,0.0,0.0,270.0,356.0,258.0,240.0,144.0,12.0,5.0,0.0,0.0,0.0,0,0,0,0,0
507,128,1609.52001953125,944.8733520507812,225.24667358398438,0.0,0.0,221.6875,79.125,54.466251373291016,0.0,0.0,0.4952884316444397,0.625179648399353,0.6103527545928955,0.0,0.0,36.453269958496094,48.3134880065918,10.096096992492676,0.0,0.0,0.0,0.0,0.0,0.0,0.0,0.015625,0.004687500186264515,0.0024999999441206455,0.0,0.0,271.0,356.0,258.0,240.0,144.0,12.0,5.0,0.0,0.0,0.0,0,0,0,0,0
508,126,1464.5799560546875,711.0333251953125,248.44667053222656,0.0,0.0,216.9375,79.125,28.49968719482422,0.0,0.0,0.49578359723091125,0.6256099939346313,0.6105126738548279,0.0,0.0,36.79983901977539,48.489017486572266,10.157193183898926,0.0,0.0,0.0,0.0,0.0,0.0,0.0,0.013124999590218067,0.004687500186264515,0.0018749999580904841,0.0,0.0,271.0,356.0,258.0,240.0,144.0,15.0,5.0,0.0,0.0,0.0,2,0,0,0,0
509,128,1381.7733154296875,555.9000244140625,342.26666259765625,0.0,0.0,216.9375,79.125,28.49968719482422,0.0,0.0,0.496277779340744,0.6260393857955933,0.6106724739074707,0.0,0.0,37.1234016418457,48.621456146240234,10.24435043334961,0.0,0.0,0.0,0.0,0.0,0.0,0.0,0.013124999590218067,0.004687500186264515,0.0018749999580904841,0.0,0.0,271.0,356.0,258.0,240.0,144.0,15.0,5.0,0.0,0.0,0.0,0,0,0,0,0
510,128,1525.71337890625,388.52667236328125,334.6933288574219,0.0,0.0,268.5,79.125,27.233125686645508,0.0,0.0,0.49688807129859924,0.626467764377594,0.6108250617980957,0.0,0.0,37.47262954711914,48.707401275634766,10.329755783081055,0.0,0.0,0.0,0.0,0.0,0.0,0.0,0.014999999664723873,0.004687500186264515,0.0012499999720603228,0.0,0.0,272.0,356.0,258.0,240.0,144.0,15.0,5.0,0.0,0.0,0.0,0,0,0,0,0
511,128,1612.933349609375,364.4533386230469,290.413330078125,0.0,0.0,242.125,79.125,27.233125686645508,0.0,0.0,0.49743717908859253,0.6268951296806335,0.6109775304794312,0.0,0.0,37.85340881347656,48.786659240722656,10.402861595153809,0.0,0.0,0.0,0.0,0.0,0.0,0.0,0.013749999925494194,0.004687500186264515,0.0012499999720603228,0.0,0.0,272.0,356.0,258.0,240.0,144.0,15.0,5.0,0.0,0.0,0.0,0,0,0,0,0
512,128,1595.5400390625,411.85333251953125,417.4800109863281,0.0,0.0,242.125,79.125,27.233125686645508,0.0,0.0,0.4979850649833679,0.6273215413093567,0.611129879951477,0.0,0.0,38.2293586730957,48.87908172607422,10.511263847351074,0.0,0.0,0.0,0.0,0.0,0.0,0.0,0.013749999925494194,0.004687500186264515,0.0012499999720603228,0.0,0.0,272.0,356.0,258.0,240.0,144.0,15.0,5.0,0.0,0.0,0.0,0,0,0,0,0
513,128,1525.63330078125,237.56666564941406,393.6333312988281,0.0,0.0,242.125,79.125,27.233125686645508,0.0,0.0,0.4985317587852478,0.6277469992637634,0.6112821102142334,0.0,0.0,38.58588790893555,48.923091888427734,10.613040924072266,0.0,0.0,0.0,0.0,0.0,0.0,0.0,0.013749999925494194,0.004687500186264515,0.0012499999720603228,0.0,0.0,272.0,356.0,258.0,240.0,144.0,15.0,5.0,0.0,0.0,0.0,0,0,0,0,0
514,128,1654.0067138671875,139.16000366210938,370.4533386230469,0.0,0.0,237.375,79.125,27.233125686645508,0.0,0.0,0.4990665912628174,0.628171443939209,0.6114341616630554,0.0,0.0,38.97939682006836,48.93976974487305,10.708380699157715,0.0,0.0,0.0,0.0,0.0,0.0,0.0,0.011250000447034836,0.004687500186264515,0.0012499999720603228,0.0,0.0,272.0,356.0,258.0,240.0,144.0,15.0,5.0,0.0,0.0,0.0,0,0,0,0,0
515,128,1932.1600341796875,167.52667236328125,555.4199829101562,0.0,0.0,237.375,79.125,27.233125686645508,0.0,0.0,0.49960026144981384,0.6285949349403381,0.6115861535072327,0.0,0.0,39.450172424316406,48.964324951171875,10.855098724365234,0.0,0.0,0.0,0.0,0.0,0.0,0.0,0.011250000447034836,0.004687500186264515,0.0012499999720603228,0.0,0.0,272.0,356.0,258.0,240.0,144.0,15.0,5.0,0.0,0.0,0.0,0,0,0,0,0
516,124,1846.17333984375,113.413330078125,454.94000244140625,0.0,0.0,237.375,79.125,27.233125686645508,0.0,0.0,0.5001327991485596,0.6290174722671509,0.6117380261421204,0.0,0.0,39.89706039428711,48.97385025024414,10.973906517028809,0.0,0.0,0.0,0.0,0.0,0.0,0.0,0.011250000447034836,0.004687500186264515,0.0012499999720603228,0.0,0.0,272.0,356.0,258.0,240.0,144.0,19.0,8.0,3.0,0.0,0.0,2,1,1,0,0
517,128,1852.2933349609375,63.6533317565918,329.5,0.0,0.0,237.375,79.125,27.233125686645508,0.0,0.0,0.500664234161377,0.6292168498039246,0.6118897795677185,0.0,0.0,40.345645904541016,48.97385025024414,11.057868957519531,0.0,0.0,0.0,0.0,0.0,0.0,0.0,0.011250000447034836,0.004687500186264515,0.0012499999720603228,0.0,0.0,272.0,356.0,258.0,240.0,144.0,19.0,8.0,3.0,0.0,0.0,0,0,0,0,0
518,127,1793.3466796875,0.0,313.5,0.0,0.0,266.125,106.6875,55.732810974121094,0.0,0.0,0.5012586712837219,0.628254234790802,0.6121999621391296,0.0,0.0,40.769874572753906,48.97385025024414,11.129471778869629,0.0,0.0,0.0,0.0,0.0,0.0,0.0,0.013749999925494194,0.007031249813735485,0.0031250000465661287,0.0,0.0,272.0,356.0,258.0,240.0,144.0,19.0,8.0,6.0,0.0,0.0,0,0,1,0,0
519,127,1190.373291015625,0.0,345.5333251953125,0.0,0.0,266.125,106.6875,55.732810974121094,0.0,0.0,0.5018516778945923,0.6272945404052734,0.6125096678733826,0.0,0.0,41.026611328125,48.97385025024414,11.20997142791748,0.0,0.0,0.0,0.0,0.0,0.0,0.0,0.013749999925494194,0.007031249813735485,0.0031250000465661287,0.0,0.0,272.0,356.0,258.0,240.0,144.0,20.0,8.0,6.0,0.0,0.0,1,0,0,0,0
520,128,998.2466430664062,0.0,274.6533203125,0.0,0.0,266.125,106.6875,84.23249816894531,0.0,0.0,0.5024433135986328,0.6263377666473389,0.6129767298698425,0.0,0.0,41.229976654052734,48.97385025024414,11.262866020202637,0.0,0.0,0.0,0.0,0.0,0.0,0.0,0.013749999925494194,0.007031249813735485,0.004999999888241291,0.0,0.0,272.0,356.0,258.0,240.0,144.0,18.0,8.0,6.0,0.0,0.0,0,0,0,0,0
521,128,948.5733032226562,0.0,198.27333068847656,0.0,0.0,267.3125,106.6875,84.23249816894531,0.0,0.0,0.5030361413955688,0.6253839135169983,0.6134427189826965,0.0,0.0,41.41921615600586,48.97385025024414,11.294544219970703,0.0,0.0,0.0,0.0,0.0,0.0,0.0,0.014375000260770321,0.007031249813735485,0.004999999888241291,0.0,0.0,269.0,356.0,258.0,240.0,144.0,16.0,8.0,6.0,0.0,0.0,0,0,0,0,0
522,127,928.5800170898438,66.95999908447266,26.6200008392334,0.0,0.0,267.3125,106.6875,84.23249816894531,0.0,0.0,0.5036275386810303,0.6253873705863953,0.6130850911140442,0.0,0.0,41.602901458740234,48.97385025024414,11.294544219970703,0.0,0.0,0.0,0.0,0.0,0.0,0.0,0.014375000260770321,0.007031249813735485,0.004999999888241291,0.0,0.0,269.0,356.0,258.0,240.0,144.0,17.0,8.0,6.0,0.0,0.0,1,0,0,0,0
523,128,795.5599975585938,49.439998626708984,63.01333236694336,0.0,0.0,267.3125,106.6875,84.23249816894531,0.0,0.0,0.5042175650596619,0.625141441822052,0.6132472157478333,0.0,0.0,41.749637603759766,48.97385025024414,11.294544219970703,0.0,0.0,0.0,0.0,0.0,0.0,0.0,0.014375000260770321,0.007031249813735485,0.004999999888241291,0.0,0.0,269.0,356.0,258.0,240.0,144.0,17.0,8.0,6.0,0.0,0.0,0,0,0,0,0
524,127,640.5266723632812,4.013333320617676,160.43333435058594,0.0,0.0,264.9375,106.6875,84.23249816894531,0.0,0.0,0.5048009753227234,0.6242507696151733,0.6137112379074097,0.0,0.0,41.85396957397461,48.97385025024414,11.31571102142334,0.0,0.0,0.0,0.0,0.0,0.0,0.0,0.013124999590218067,0.007031249813735485,0.004999999888241291,0.0,0.0,268.0,356.0,258.0,240.0,144.0,16.0,6.0,6.0,0.0,0.0,1,0,0,0,0
525,128,698.0333251953125,0.0,208.23333740234375,0.0,0.0,264.9375,106.6875,84.23249816894531,0.0,0.0,0.5053830146789551,0.6233058571815491,0.6141740679740906,0.0,0.0,41.974273681640625,48.97385025024414,11.3501558303833,0.0,0.0,0.0,0.0,0.0,0.0,0.0,0.013124999590218067,0.007031249813735485,0.004999999888241291,0.0,0.0,268.0,354.0,258.0,240.0,144.0,16.0,6.0,6.0,0.0,0.0,0,0,0,0,0
526,126,299.0799865722656,0.0,126.94666290283203,0.0,0.0,267.3125,81.5,84.23249816894531,0.0,0.0,0.5059688687324524,0.6225859522819519,0.6146358251571655,0.0,0.0,41.983097076416016,48.97385025024414,11.362020492553711,0.0,0.0,0.0,0.0,0.0,0.0,0.0,0.014375000260770321,0.0062500000931322575,0.004999999888241291,0.0,0.0,268.0,354.0,258.0,240.0,144.0,18.0,6.0,9.0,0.0,0.0,1,0,1,0,0
527,128,357.8599853515625,0.0,112.9800033569336,0.0,0.0,267.3125,81.5,84.23249816894531,0.0,0.0,0.5065533518791199,0.6218676567077637,0.6150965094566345,0.0,0.0,42.00825119018555,48.97385025024414,11.370006561279297,0.0,0.0,0.0,0.0,0.0,0.0,0.0,0.014375000260770321,0.0062500000931322575,0.004999999888241291,0.0,0.0,268.0,354.0,258.0,240.0,144.0,18.0,6.0,9.0,0.0,0.0,0,0,0,0,0
528,128,311.086669921875,0.0,323.44000244140625,0.0,0.0,269.6875,81.5,112.73218536376953,0.0,0.0,0.5071415901184082,0.6211510896682739,0.6157113313674927,0.0,0.0,42.01974868774414,48.97385025024414,11.428536415100098,0.0,0.0,0.0,0.0,0.0,0.0,0.0,0.015625,0.0062500000931322575,0.006874999962747097,0.0,0.0,268.0,354.0,258.0,240.0,144.0,18.0,6.0,9.0,0.0,0.0,0,0,0,0,0
529,128,184.30667114257812,5.366666793823242,610.4600219726562,0.0,0.0,269.6875,81.5,112.73218536376953,0.0,0.0,0.5073515176773071,0.6205119490623474,0.6163241267204285,0.0,0.0,42.01974868774414,48.97385025024414,11.566794395446777,0.0,0.0,0.0,0.0,0.0,0.0,0.0,0.015625,0.0062500000931322575,0.006874999962747097,0.0,0.0,268.0,354.0,258.0,240.0,144.0,18.0,6.0,9.0,0.0,0.0,0,0,0,0,0
530,128,238.39999389648438,0.4933333396911621,498.4400329589844,0.0,0.0,269.6875,81.5,112.73218536376953,0.0,0.0,0.5077994465827942,0.6198055148124695,0.6169350147247314,0.0,0.0,42.01974868774414,48.97385025024414,11.673934936523438,0.0,0.0,0.0,0.0,0.0,0.0,0.0,0.015625,0.0062500000931322575,0.006874999962747097,0.0,0.0,268.0,354.0,258.0,240.0,144.0,16.0,6.0,9.0,0.0,0.0,0,0,0,0,0
531,127,216.6666717529297,0.0,386.4200134277344,0.0,0.0,269.6875,81.5,112.73218536376953,0.0,0.0,0.508150577545166,0.6190937757492065,0.6175439953804016,0.0,0.0,42.01974868774414,48.97385025024414,11.749958992004395,0.0,0.0,0.0,0.0,0.0,0.0,0.0,0.015625,0.0062500000931322575,0.006874999962747097,0.0,0.0,264.0,354.0,258.0,240.0,144.0,18.0,3.0,9.0,0.0,0.0,1,0,0,0,0
532,128,127.85333251953125,0.0,253.02000427246094,0.0,0.0,269.6875,81.5,112.73218536376953,0.0,0.0,0.5081101655960083,0.6183836460113525,0.6181510090827942,0.0,0.0,42.01974868774414,48.97385025024414,11.788928031921387,0.0,0.0,0.0,0.0,0.0,0.0,0.0,0.015625,0.0062500000931322575,0.006874999962747097,0.0,0.0,264.0,354.0,258.0,240.0,144.0,18.0,3.0,9.0,0.0,0.0,0,0,0,0,0
533,126,58.40666580200195,0.0,308.00665283203125,0.0,0.0,272.0625,81.5,112.73218536376953,0.0,0.0,0.5077593326568604,0.6176751255989075,0.6187560558319092,0.0,0.0,42.01974868774414,48.97385025024414,11.843171119689941,0.0,0.0,0.0,0.0,0.0,0.0,0.0,0.016875000670552254,0.0062500000931322575,0.006874999962747097,0.0,0.0,264.0,354.0,258.0,240.0,144.0,18.0,3.0,15.0,0.0,0.0,0,0,2,0,0
534,126,84.25333404541016,0.0,165.8733367919922,0.0,0.0,272.0625,81.5,112.73218536376953,0.0,0.0,0.5075228214263916,0.6169682741165161,0.6193592548370361,0.0,0.0,42.01974868774414,48.97385025024414,11.857933044433594,0.0,0.0,0.0,0.0,0.0,0.0,0.0,0.016875000670552254,0.0062500000931322575,0.006874999962747097,0.0,0.0,264.0,354.0,258.0,240.0,144.0,18.0,3.0,20.0,0.0,0.0,0,0,2,0,0
535,125,68.0999984741211,3.4666666984558105,221.43333435058594,0.0,0.0,272.0625,81.5,145.03155517578125,0.0,0.0,0.5072160363197327,0.6163116097450256,0.6201324462890625,0.0,0.0,42.01974868774414,48.97385025024414,11.879155158996582,0.0,0.0,0.0,0.0,0.0,0.0,0.0,0.016875000670552254,0.0062500000931322575,0.010625000111758709,0.0,0.0,264.0,354.0,258.0,240.0,144.0,18.0,3.0,25.0,0.0,0.0,0,0,3,0,0
536,125,47.96666717529297,115.45333099365234,227.086669921875,0.0,0.0,272.0625,81.5,151.3643798828125,0.0,0.0,0.506821870803833,0.6167497038841248,0.6209360361099243,0.0,0.0,42.01974868774414,48.98328399658203,11.900189399719238,0.0,0.0,0.0,0.0,0.0,0.0,0.0,0.016875000670552254,0.0062500000931322575,0.013749999925494194,0.0,0.0,264.0,354.0,258.0,240.0,144.0,16.0,10.0,22.0,0.0,0.0,0,3,0,0,0
537,126,82.71333312988281,484.05999755859375,217.1199951171875,0.0,0.0,272.0625,81.5,157.6971893310547,0.0,0.0,0.5065805912017822,0.6171868443489075,0.6217696666717529,0.0,0.0,42.01974868774414,49.0951042175293,11.916695594787598,0.0,0.0,0.0,0.0,0.0,0.0,0.0,0.016875000670552254,0.0062500000931322575,0.016875000670552254,0.0,0.0,262.0,354.0,248.0,240.0,144.0,16.0,14.0,22.0,0.0,0.0,0,2,0,0,0
538,126,70.02666473388672,668.780029296875,133.2866668701172,0.0,0.0,272.0625,161.8125,155.1640625,0.0,0.0,0.5062844157218933,0.6180517077445984,0.6222819089889526,0.0,0.0,42.01974868774414,49.23592758178711,11.916695594787598,0.0,0.0,0.0,0.0,0.0,0.0,0.0,0.016875000670552254,0.01171875,0.015625,0.0,0.0,262.0,354.0,248.0,240.0,144.0,16.0,18.0,22.0,0.0,0.0,0,2,0,0,0
539,124,45.01333236694336,758.5533447265625,131.39999389648438,0.0,0.0,272.0625,166.5625,155.1640625,0.0,0.0,0.5058798789978027,0.6189378499984741,0.6227657198905945,0.0,0.0,42.01974868774414,49.40037155151367,11.916695594787598,0.0,0.0,0.0,0.0,0.0,0.0,0.0,0.016875000670552254,0.014843749813735485,0.015625,0.0,0.0,262.0,354.0,248.0,240.0,144.0,14.0,25.0,22.0,0.0,0.0,0,4,0,0,0
540,125,25.00666618347168,728.7666625976562,289.0133361816406,0.0,0.0,272.0625,219.3125,155.1640625,0.0,0.0,0.5053890943527222,0.6200984716415405,0.6235767602920532,0.0,0.0,42.01974868774414,49.54188537597656,11.953875541687012,0.0,0.0,0.0,0.0,0.0,0.0,0.0,0.016875000670552254,0.01796874962747097,0.015625,0.0,0.0,262.0,354.0,248.0,240.0,144.0,14.0,31.0,22.0,0.0,0.0,0,3,0,0,0
541,128,29.479999542236328,324.6066589355469,329.0133361816406,0.0,0.0,272.0625,227.625,155.1640625,0.0,0.0,0.5049189329147339,0.6212955713272095,0.6243842840194702,0.0,0.0,42.01974868774414,49.568824768066406,12.002167701721191,0.0,0.0,0.0,0.0,0.0,0.0,0.0,0.016875000670552254,0.0234375,0.015625,0.0,0.0,262.0,354.0,248.0,240.0,144.0,14.0,31.0,19.0,0.0,0.0,0,0,0,0,0
542,124,46.51333236694336,361.8599853515625,144.33999633789062,0.0,0.0,272.0625,234.75,155.1640625,0.0,0.0,0.5045239329338074,0.6225222945213318,0.6250390410423279,0.0,0.0,42.01974868774414,49.60413360595703,12.002167701721191,0.0,0.0,0.0,0.0,0.0,0.0,0.0,0.016875000670552254,0.02812499925494194,0.015625,0.0,0.0,262.0,354.0,248.0,240.0,144.0,13.0,40.0,19.0,0.0,0.0,0,4,0,0,0
543,125,1.2333333492279053,1071.7332763671875,21.579999923706055,0.0,0.0,272.0625,234.75,155.1640625,0.0,0.0,0.5039332509040833,0.623741090297699,0.6240009665489197,0.0,0.0,42.01974868774414,49.83662796020508,12.002167701721191,0.0,0.0,0.0,0.0,0.0,0.0,0.0,0.016875000670552254,0.02812499925494194,0.015625,0.0,0.0,262.0,354.0,248.0,240.0,144.0,13.0,46.0,19.0,0.0,0.0,0,3,0,0,0
544,127,0.0,1209.806640625,24.860000610351562,0.0,0.0,272.0625,245.4375,155.1640625,0.0,0.0,0.5033385753631592,0.6250070333480835,0.623012363910675,0.0,0.0,42.01974868774414,50.10450744628906,12.002167701721191,0.0,0.0,0.0,0.0,0.0,0.0,0.0,0.016875000670552254,0.03515625,0.015625,0.0,0.0,262.0,354.0,248.0,240.0,144.0,13.0,47.0,19.0,0.0,0.0,0,1,0,0,0
545,125,0.0,1375.21337890625,7.5933332443237305,0.0,0.0,272.0625,249.0,155.1640625,0.0,0.0,0.5027453303337097,0.6262826323509216,0.6217913031578064,0.0,0.0,42.01974868774414,50.4173469543457,12.002167701721191,0.0,0.0,0.0,0.0,0.0,0.0,0.0,0.016875000670552254,0.03750000149011612,0.015625,0.0,0.0,262.0,325.0,248.0,240.0,144.0,13.0,50.0,19.0,0.0,0.0,0,3,0,0,0
546,125,0.0,1465.8399658203125,0.0,0.0,0.0,269.6875,251.375,155.1640625,0.0,0.0,0.5021586418151855,0.627561628818512,0.6204715371131897,0.0,0.0,42.01974868774414,50.754695892333984,12.002167701721191,0.0,0.0,0.0,0.0,0.0,0.0,0.0,0.015625,0.0390625,0.015625,0.0,0.0,262.0,325.0,248.0,240.0,144.0,11.0,52.0,19.0,0.0,0.0,0,3,0,0,0
547,125,0.0,1438.13330078125,0.0,0.0,0.0,269.6875,254.9375,155.1640625,0.0,0.0,0.501573383808136,0.6288498044013977,0.6191573739051819,0.0,0.0,42.01974868774414,51.0833625793457,12.002167701721191,0.0,0.0,0.0,0.0,0.0,0.0,0.0,0.015625,0.04140625149011612,0.015625,0.0,0.0,264.0,325.0,248.0,240.0,144.0,11.0,58.0,19.0,0.0,0.0,0,3,0,0,0
548,125,0.0,1325.61328125,0.0,0.0,0.0,269.6875,260.875,155.1640625,0.0,0.0,0.5009893774986267,0.6301588416099548,0.617848813533783,0.0,0.0,42.01974868774414,51.37912368774414,12.002167701721191,0.0,0.0,0.0,0.0,0.0,0.0,0.0,0.015625,0.04531250149011612,0.015625,0.0,0.0,264.0,322.0,248.0,240.0,144.0,11.0,65.0,19.0,0.0,0.0,0,3,0,0,0
549,125,0.0,1238.2933349609375,0.0,0.0,0.0,269.6875,268.0,151.3643798828125,0.0,0.0,0.500406801700592,0.6314940452575684,0.6165775656700134,0.0,0.0,42.01974868774414,51.648651123046875,12.002167701721191,0.0,0.0,0.0,0.0,0.0,0.0,0.0,0.015625,0.05000000074505806,0.013749999925494194,0.0,0.0,264.0,322.0,248.0,240.0,144.0,10.0,74.0,19.0,0.0,0.0,0,3,0,0,0
550,126,0.0,1458.2532958984375,0.0,0.0,0.0,269.6875,270.375,151.3643798828125,0.0,0.0,0.4998255670070648,0.632831335067749,0.6153115034103394,0.0,0.0,42.01974868774414,51.978614807128906,12.002167701721191,0.0,0.0,0.0,0.0,0.0,0.0,0.0,0.015625,0.05156249925494194,0.013749999925494194,0.0,0.0,264.0,322.0,248.0,240.0,144.0,10.0,80.0,19.0,0.0,0.0,0,2,0,0,0
551,125,0.0,1455.5733642578125,0.0,0.0,0.0,243.3125,281.0625,151.3643798828125,0.0,0.0,0.49930232763290405,0.6342112421989441,0.6140506863594055,0.0,0.0,42.01974868774414,52.30487060546875,12.002167701721191,0.0,0.0,0.0,0.0,0.0,0.0,0.0,0.014375000260770321,0.05859375,0.013749999925494194,0.0,0.0,264.0,322.0,248.0,240.0,144.0,10.0,83.0,19.0,0.0,0.0,0,3,0,0,0
552,123,0.0,1340.6866455078125,0.0,0.0,0.0,243.3125,281.0625,151.3643798828125,0.0,0.0,0.49878019094467163,0.6355807781219482,0.6127949953079224,0.0,0.0,42.01974868774414,52.59920883178711,12.002167701721191,0.0,0.0,0.0,0.0,0.0,0.0,0.0,0.014375000260770321,0.05859375,0.013749999925494194,0.0,0.0,264.0,309.0,248.0,240.0,144.0,8.0,93.0,19.0,0.0,0.0,0,5,0,0,0
553,128,0.0,1312.8599853515625,0.0,0.0,0.0,243.3125,283.4375,151.3643798828125,0.0,0.0,0.49825915694236755,0.6369515657424927,0.6115444898605347,0.0,0.0,42.01974868774414,52.88515853881836,12.002167701721191,0.0,0.0,0.0,0.0,0.0,0.0,0.0,0.014375000260770321,0.06015624850988388,0.013749999925494194,0.0,0.0,264.0,306.0,248.0,240.0,144.0,8.0,93.0,19.0,0.0,0.0,0,0,0,0,0
554,126,0.0,1187.913330078125,45.026668548583984,0.0,0.0,216.9375,294.125,151.3643798828125,0.0,0.0,0.4977954924106598,0.6383631825447083,0.6109048128128052,0.0,0.0,42.01974868774414,53.1334342956543,12.002167701721191,0.0,0.0,0.0,0.0,0.0,0.0,0.0,0.013124999590218067,0.06718750298023224,0.013749999925494194,0.0,0.0,264.0,301.0,248.0,240.0,144.0,8.0,97.0,19.0,0.0,0.0,0,2,0,0,0
555,125,17.486665725708008,1310.306640625,543.106689453125,0.0,0.0,216.9375,294.125,151.3643798828125,0.0,0.0,0.4974076449871063,0.6397638916969299,0.6116956472396851,0.0,0.0,42.01974868774414,53.415706634521484,12.110984802246094,0.0,0.0,0.0,0.0,0.0,0.0,0.0,0.013124999590218067,0.06718750298023224,0.013749999925494194,0.0,0.0,264.0,301.0,248.0,240.0,144.0,8.0,101.0,19.0,0.0,0.0,0,3,0,0,0
556,125,150.46665954589844,1279.5067138671875,476.528564453125,0.0,0.0,216.9375,301.25,151.3643798828125,0.0,0.0,0.4975898563861847,0.641187310218811,0.6124832630157471,0.0,0.0,42.01974868774414,53.687442779541016,12.201308250427246,0.0,0.0,0.0,0.0,0.0,0.0,0.0,0.013124999590218067,0.07187499850988388,0.013749999925494194,0.0,0.0,264.0,292.0,248.0,240.0,144.0,14.0,102.0,16.0,0.0,0.0,2,1,0,0,0
557,124,252.3333282470703,848.219970703125,409.9504699707031,0.0,0.0,216.9375,303.625,151.3643798828125,0.0,0.0,0.4980560839176178,0.6426106095314026,0.6132676601409912,0.0,0.0,42.02958297729492,53.838722229003906,12.273138046264648,0.0,0.0,0.0,0.0,0.0,0.0,0.0,0.013124999590218067,0.07343749701976776,0.013749999925494194,0.0,0.0,264.0,292.0,248.0,240.0,144.0,26.0,102.0,16.0,0.0,0.0,4,0,0,0,0
558,127,340.5,145.48666381835938,343.3723449707031,0.0,0.0,272.0625,307.1875,151.3643798828125,0.0,0.0,0.4986395239830017,0.6419350504875183,0.6140488982200623,0.0,0.0,42.04859161376953,53.838722229003906,12.326473236083984,0.0,0.0,0.0,0.0,0.0,0.0,0.0,0.016875000670552254,0.07578124850988388,0.013749999925494194,0.0,0.0,262.0,292.0,248.0,240.0,144.0,24.0,97.0,16.0,0.0,0.0,1,0,0,0,0
559,126,163.2133331298828,285.7066650390625,276.7942810058594,0.0,0.0,283.9375,307.1875,151.3643798828125,0.0,0.0,0.4987318515777588,0.6430822014808655,0.6148269772529602,0.0,0.0,42.04859161376953,53.838722229003906,12.36131477355957,0.0,0.0,0.0,0.0,0.0,0.0,0.0,0.023125000298023224,0.07578124850988388,0.013749999925494194,0.0,0.0,250.0,292.0,248.0,240.0,144.0,24.0,97.0,13.0,0.0,0.0,0,0,2,0,0
560,126,160.86666870117188,556.1333618164062,210.2161865234375,0.0,0.0,285.125,307.1875,151.3643798828125,0.0,0.0,0.49881139397621155,0.6444975733757019,0.6156019568443298,0.0,0.0,42.04859161376953,53.90787124633789,12.377662658691406,0.0,0.0,0.0,0.0,0.0,0.0,0.0,0.023749999701976776,0.07578124850988388,0.013749999925494194,0.0,0.0,251.0,287.0,248.0,240.0,144.0,24.0,99.0,13.0,0.0,0.0,0,2,0,0,0
561,123,499.4599914550781,485.47332763671875,143.63809204101562,0.0,0.0,285.125,307.1875,155.1640625,0.0,0.0,0.4994197189807892,0.6459017395973206,0.6162402629852295,0.0,0.0,42.10812759399414,53.9573974609375,12.377662658691406,0.0,0.0,0.0,0.0,0.0,0.0,0.0,0.023749999701976776,0.07578124850988388,0.015625,0.0,0.0,251.0,287.0,251.0,240.0,144.0,32.0,101.0,13.0,0.0,0.0,4,1,0,0,0
562,125,973.566650390625,412.6400146484375,77.05999755859375,0.0,0.0,285.125,309.5625,155.1640625,0.0,0.0,0.5000265836715698,0.6473056077957153,0.6159945726394653,0.0,0.0,42.29936218261719,53.98603057861328,12.377662658691406,0.0,0.0,0.0,0.0,0.0,0.0,0.0,0.023749999701976776,0.07734374701976776,0.015625,0.0,0.0,251.0,285.0,251.0,240.0,144.0,35.0,104.0,13.0,0.0,0.0,2,1,0,0,0
563,124,646.066650390625,375.61334228515625,106.14666748046875,0.0,0.0,295.8125,313.125,155.1640625,0.0,0.0,0.5006546378135681,0.6487143039703369,0.6161341667175293,0.0,0.0,42.39665603637695,54.003387451171875,12.377662658691406,0.0,0.0,0.0,0.0,0.0,0.0,0.0,0.029374999925494194,0.07968749850988388,0.015625,0.0,0.0,241.0,285.0,251.0,240.0,144.0,38.0,106.0,13.0,0.0,0.0,3,1,0,0,0
564,127,842.3733520507812,1310.0,406.0733337402344,0.0,0.0,299.375,316.6875,155.1640625,0.0,0.0,0.501288652420044,0.650127649307251,0.6169194579124451,0.0,0.0,42.547489166259766,54.2793083190918,12.447359085083008,0.0,0.0,0.0,0.0,0.0,0.0,0.0,0.03125,0.08203125,0.015625,0.0,0.0,239.0,279.0,251.0,240.0,144.0,40.0,106.0,13.0,0.0,0.0,1,0,0,0,0
565,127,845.3200073242188,1636.7332763671875,506.0,0.0,0.0,304.125,316.6875,155.1640625,0.0,0.0,0.5019310712814331,0.6515296697616577,0.6177014708518982,0.0,0.0,42.69782257080078,54.6459846496582,12.544814109802246,0.0,0.0,0.0,0.0,0.0,0.0,0.0,0.03375000134110451,0.08203125,0.015625,0.0,0.0,239.0,279.0,251.0,240.0,144.0,42.0,106.0,13.0,0.0,0.0,1,0,0,0,0
566,122,837.393310546875,1553.6666259765625,605.9266967773438,0.0,0.0,306.5,316.6875,151.3643798828125,0.0,0.0,0.5025768280029297,0.6529205441474915,0.6184613108634949,0.0,0.0,42.84529113769531,54.989593505859375,12.67108154296875,0.0,0.0,0.0,0.0,0.0,0.0,0.0,0.03500000014901161,0.08203125,0.013749999925494194,0.0,0.0,239.0,279.0,251.0,240.0,144.0,50.0,105.0,13.0,0.0,0.0,5,1,0,0,0
567,126,1137.7332763671875,897.0599975585938,540.5933227539062,0.0,0.0,308.875,316.6875,151.3643798828125,0.0,0.0,0.5032259225845337,0.654300332069397,0.619218111038208,0.0,0.0,43.075531005859375,55.15080642700195,12.779200553894043,0.0,0.0,0.0,0.0,0.0,0.0,0.0,0.036249998956918716,0.08203125,0.013749999925494194,0.0,0.0,239.0,279.0,251.0,240.0,144.0,52.0,101.0,13.0,0.0,0.0,2,0,0,0,0
568,125,1005.7466430664062,648.32666015625,446.6933288574219,0.0,0.0,318.375,317.875,151.3643798828125,0.0,0.0,0.5038931965827942,0.6556742787361145,0.6199718713760376,0.0,0.0,43.2664680480957,55.24259948730469,12.861236572265625,0.0,0.0,0.0,0.0,0.0,0.0,0.0,0.04125000163912773,0.08281250298023224,0.013749999925494194,0.0,0.0,239.0,276.0,251.0,240.0,144.0,53.0,105.0,13.0,0.0,0.0,1,2,0,0,0
569,128,1072.260009765625,749.7300415039062,366.6400146484375,0.0,0.0,320.75,317.875,151.3643798828125,0.0,0.0,0.5045636296272278,0.6570373773574829,0.6207227110862732,0.0,0.0,43.4752197265625,55.36255645751953,12.921034812927246,0.0,0.0,0.0,0.0,0.0,0.0,0.0,0.042500000447034836,0.08281250298023224,0.013749999925494194,0.0,0.0,231.0,276.0,251.0,240.0,144.0,53.0,102.0,13.0,0.0,0.0,0,0,0,0,0
570,124,843.4466552734375,533.7866821289062,263.0799865722656,0.0,0.0,319.5625,325.0,151.3643798828125,0.0,0.0,0.5052298307418823,0.6584198474884033,0.62147057056427,0.0,0.0,43.62074279785156,55.420555114746094,12.952067375183105,0.0,0.0,0.0,0.0,0.0,0.0,0.0,0.041875001043081284,0.08749999850988388,0.013749999925494194,0.0,0.0,231.0,272.0,251.0,240.0,144.0,60.0,101.0,13.0,0.0,0.0,4,0,0,0,0
571,127,666.586669921875,475.90667724609375,189.5800018310547,0.0,0.0,319.5625,325.0,151.3643798828125,0.0,0.0,0.5058941841125488,0.6597912907600403,0.6222155094146729,0.0,0.0,43.71713638305664,55.46247482299805,12.962682723999023,0.0,0.0,0.0,0.0,0.0,0.0,0.0,0.041875001043081284,0.08749999850988388,0.013749999925494194,0.0,0.0,233.0,272.0,251.0,240.0,144.0,62.0,100.0,13.0,0.0,0.0,1,0,0,0,0
572,126,601.47998046875,553.6333618164062,192.44000244140625,0.0,0.0,327.875,323.8125,151.3643798828125,0.0,0.0,0.5065739750862122,0.6611468195915222,0.6229575276374817,0.0,0.0,43.79314041137695,55.52631378173828,12.974092483520508,0.0,0.0,0.0,0.0,0.0,0.0,0.0,0.04625000059604645,0.08671875298023224,0.013749999925494194,0.0,0.0,233.0,272.0,251.0,240.0,144.0,65.0,100.0,13.0,0.0,0.0,2,0,0,0,0
573,127,841.6400146484375,510.11334228515625,226.86000061035156,0.0,0.0,330.25,323.8125,151.3643798828125,0.0,0.0,0.507256805896759,0.6624915599822998,0.6236966252326965,0.0,0.0,43.9351921081543,55.57806396484375,12.995063781738281,0.0,0.0,0.0,0.0,0.0,0.0,0.0,0.04749999940395355,0.08671875298023224,0.013749999925494194,0.0,0.0,233.0,273.0,251.0,240.0,144.0,67.0,100.0,13.0,0.0,0.0,1,0,0,0,0
574,124,765.7866821289062,409.4866638183594,101.42666625976562,0.0,0.0,333.8125,323.8125,151.3643798828125,0.0,0.0,0.5079451203346252,0.6638256907463074,0.6237873435020447,0.0,0.0,44.05518341064453,55.60186004638672,12.995063781738281,0.0,0.0,0.0,0.0,0.0,0.0,0.0,0.04937500134110451,0.08671875298023224,0.013749999925494194,0.0,0.0,236.0,273.0,251.0,240.0,144.0,73.0,99.0,13.0,0.0,0.0,3,1,0,0,0
575,125,512.32666015625,477.8999938964844,676.7733154296875,0.0,0.0,331.4375,323.8125,151.3643798828125,0.0,0.0,0.5086265802383423,0.6651492714881897,0.6245219111442566,0.0,0.0,44.105430603027344,55.6446647644043,13.141010284423828,0.0,0.0,0.0,0.0,0.0,0.0,0.0,0.048124998807907104,0.08671875298023224,0.013749999925494194,0.0,0.0,234.0,273.0,251.0,240.0,144.0,79.0,98.0,13.0,0.0,0.0,2,1,0,0,0
576,125,217.0933380126953,786.0399780273438,273.82666015625,0.0,0.0,339.75,323.8125,151.3643798828125,0.0,0.0,0.5088114142417908,0.6664624810218811,0.6252536773681641,0.0,0.0,44.105430603027344,55.7730598449707,13.175027847290039,0.0,0.0,0.0,0.0,0.0,0.0,0.0,0.05249999836087227,0.08671875298023224,0.013749999925494194,0.0,0.0,238.0,270.0,251.0,240.0,144.0,79.0,103.0,13.0,0.0,0.0,0,3,0,0,0
577,126,185.9199981689453,689.3200073242188,76.04666900634766,0.0,0.0,342.125,322.625,151.3643798828125,0.0,0.0,0.5088607668876648,0.6677607297897339,0.6250147223472595,0.0,0.0,44.105430603027344,55.87491989135742,13.175027847290039,0.0,0.0,0.0,0.0,0.0,0.0,0.0,0.05375000089406967,0.0859375,0.013749999925494194,0.0,0.0,236.0,273.0,251.0,240.0,144.0,77.0,105.0,13.0,0.0,0.0,0,2,0,0,0
578,125,330.7066650390625,331.1600036621094,151.01333618164062,0.0,0.0,340.9375,328.5625,151.3643798828125,0.0,0.0,0.5095149278640747,0.6690724492073059,0.6257381439208984,0.0,0.0,44.105430603027344,55.875640869140625,13.175027847290039,0.0,0.0,0.0,0.0,0.0,0.0,0.0,0.05312500149011612,0.08984375,0.013749999925494194,0.0,0.0,236.0,268.0,251.0,240.0,144.0,79.0,99.0,19.0,0.0,0.0,1,0,2,0,0
579,128,554.4733276367188,136.586669921875,80.94666290283203,0.0,0.0,340.9375,330.9375,151.3643798828125,0.0,0.0,0.5102097392082214,0.6680570840835571,0.6255618929862976,0.0,0.0,44.16474914550781,55.875640869140625,13.175027847290039,0.0,0.0,0.0,0.0,0.0,0.0,0.0,0.05312500149011612,0.09140624850988388,0.013749999925494194,0.0,0.0,237.0,264.0,251.0,240.0,144.0,77.0,98.0,19.0,0.0,0.0,0,0,0,0,0
580,127,523.5733032226562,179.9600067138672,129.47332763671875,0.0,0.0,343.3125,328.5625,158.9637451171875,0.0,0.0,0.5109074115753174,0.6675856709480286,0.625945508480072,0.0,0.0,44.214820861816406,55.875640869140625,13.175027847290039,0.0,0.0,0.0,0.0,0.0,0.0,0.0,0.054375000298023224,0.08984375,0.017500000074505806,0.0,0.0,237.0,267.0,251.0,240.0,144.0,79.0,92.0,19.0,0.0,0.0,1,0,0,0,0
581,126,307.7799987792969,78.03333282470703,145.43333435058594,0.0,0.0,343.3125,328.5625,158.9637451171875,0.0,0.0,0.5114558935165405,0.6659075617790222,0.6265310645103455,0.0,0.0,44.214820861816406,55.875640869140625,13.175027847290039,0.0,0.0,0.0,0.0,0.0,0.0,0.0,0.054375000298023224,0.08984375,0.017500000074505806,0.0,0.0,236.0,269.0,251.0,240.0,144.0,79.0,91.0,22.0,0.0,0.0,0,0,2,0,0
582,124,754.5933227539062,51.63333511352539,199.13999938964844,0.0,0.0,348.0625,328.5625,158.9637451171875,0.0,0.0,0.5121594071388245,0.6639301180839539,0.6272863149642944,0.0,0.0,44.32774353027344,55.875640869140625,13.186187744140625,0.0,0.0,0.0,0.0,0.0,0.0,0.0,0.05687500163912773,0.08984375,0.017500000074505806,0.0,0.0,236.0,269.0,251.0,240.0,144.0,82.0,84.0,25.0,0.0,0.0,3,0,1,0,0
583,126,1902.760009765625,28.65333366394043,181.39332580566406,0.0,0.0,348.0625,328.5625,162.76344299316406,0.0,0.0,0.512860894203186,0.661697268486023,0.628056526184082,0.0,0.0,44.759605407714844,55.875640869140625,13.191362380981445,0.0,0.0,0.0,0.0,0.0,0.0,0.0,0.05687500163912773,0.08984375,0.019375000149011612,0.0,0.0,235.0,269.0,251.0,240.0,144.0,83.0,82.0,25.0,0.0,0.0,2,0,0,0,0
584,127,1731.546630859375,31.406665802001953,78.47333526611328,0.0,0.0,352.8125,327.375,166.56312561035156,0.0,0.0,0.5135698914527893,0.6595231294631958,0.62772536277771,0.0,0.0,45.14258575439453,55.875640869140625,13.191362380981445,0.0,0.0,0.0,0.0,0.0,0.0,0.0,0.05937499925494194,0.08906249701976776,0.021250000223517418,0.0,0.0,238.0,269.0,251.0,240.0,144.0,84.0,82.0,25.0,0.0,0.0,1,0,0,0,0
585,124,1522.32666015625,43.40666580200195,81.37333679199219,0.0,0.0,355.1875,323.8125,166.56312561035156,0.0,0.0,0.5142816305160522,0.6575333476066589,0.6274322867393494,0.0,0.0,45.466793060302734,55.875640869140625,13.191362380981445,0.0,0.0,0.0,0.0,0.0,0.0,0.0,0.06062500178813934,0.08671875298023224,0.021250000223517418,0.0,0.0,236.0,270.0,247.0,240.0,144.0,92.0,80.0,25.0,0.0,0.0,4,0,0,0,0
586,124,827.2066650390625,47.253334045410156,150.34666442871094,0.0,0.0,356.375,323.8125,164.02999877929688,0.0,0.0,0.5149936079978943,0.6556033492088318,0.6280306577682495,0.0,0.0,45.59757995605469,55.875640869140625,13.191362380981445,0.0,0.0,0.0,0.0,0.0,0.0,0.0,0.061250001192092896,0.08671875298023224,0.019999999552965164,0.0,0.0,239.0,273.0,247.0,240.0,144.0,92.0,77.0,24.0,0.0,0.0,4,0,0,0,0
587,127,1332.93994140625,14.126667022705078,152.27333068847656,0.0,0.0,365.875,323.8125,158.9637451171875,0.0,0.0,0.515722393989563,0.6533034443855286,0.6286909580230713,0.0,0.0,45.866207122802734,55.875640869140625,13.191362380981445,0.0,0.0,0.0,0.0,0.0,0.0,0.0,0.06624999642372131,0.08671875298023224,0.017500000074505806,0.0,0.0,238.0,273.0,247.0,240.0,144.0,92.0,74.0,23.0,0.0,0.0,0,0,1,0,0
588,127,1093.52001953125,33.50666809082031,181.913330078125,0.0,0.0,375.375,323.8125,158.9637451171875,0.0,0.0,0.5164678692817688,0.6512448191642761,0.6294326186180115,0.0,0.0,46.06569290161133,55.875640869140625,13.197737693786621,0.0,0.0,0.0,0.0,0.0,0.0,0.0,0.07124999910593033,0.08671875298023224,0.017500000074505806,0.0,0.0,238.0,273.0,251.0,240.0,144.0,92.0,71.0,26.0,0.0,0.0,0,0,1,0,0
589,127,615.9199829101562,82.5,198.68666076660156,0.0,0.0,375.375,321.4375,162.76344299316406,0.0,0.0,0.5172110199928284,0.649783730506897,0.6301890015602112,0.0,0.0,46.132511138916016,55.875640869140625,13.20771598815918,0.0,0.0,0.0,0.0,0.0,0.0,0.0,0.07124999910593033,0.08515624701976776,0.019375000149011612,0.0,0.0,238.0,273.0,251.0,240.0,144.0,89.0,68.0,26.0,0.0,0.0,1,0,0,0,0
590,127,575.086669921875,257.4800109863281,244.97999572753906,0.0,0.0,375.375,321.4375,166.56312561035156,0.0,0.0,0.5179519057273865,0.6503416895866394,0.6309598088264465,0.0,0.0,46.18798828125,55.875640869140625,13.229498863220215,0.0,0.0,0.0,0.0,0.0,0.0,0.0,0.07124999910593033,0.08515624701976776,0.021250000223517418,0.0,0.0,232.0,275.0,251.0,240.0,144.0,90.0,63.0,26.0,0.0,0.0,1,0,0,0,0
591,125,476.85333251953125,878.2676391601562,271.88665771484375,0.0,0.0,374.1875,321.4375,166.56312561035156,0.0,0.0,0.5186881422996521,0.6516268849372864,0.6317274570465088,0.0,0.0,46.21650314331055,56.03031539916992,13.258755683898926,0.0,0.0,0.0,0.0,0.0,0.0,0.0,0.07062499970197678,0.08515624701976776,0.021250000223517418,0.0,0.0,233.0,275.0,251.0,240.0,144.0,91.0,63.0,26.0,0.0,0.0,3,0,0,0,0
592,124,520.719970703125,1041.0985107421875,315.0199890136719,0.0,0.0,371.8125,321.4375,166.56312561035156,0.0,0.0,0.5194175243377686,0.6529027223587036,0.6324918866157532,0.0,0.0,46.257869720458984,56.230220794677734,13.299993515014648,0.0,0.0,0.0,0.0,0.0,0.0,0.0,0.06937500089406967,0.08515624701976776,0.021250000223517418,0.0,0.0,233.0,275.0,251.0,240.0,144.0,93.0,66.0,25.0,0.0,0.0,2,2,0,0,0
593,124,675.8466796875,1203.9295654296875,417.17333984375,0.0,0.0,375.375,321.4375,166.56312561035156,0.0,0.0,0.520151674747467,0.6541692018508911,0.6332531571388245,0.0,0.0,46.341331481933594,56.47535705566406,13.369606971740723,0.0,0.0,0.0,0.0,0.0,0.0,0.0,0.07124999910593033,0.08515624701976776,0.021250000223517418,0.0,0.0,244.0,275.0,247.0,240.0,144.0,93.0,67.0,25.0,0.0,0.0,3,1,0,0,0
594,125,782.719970703125,1200.050537109375,199.75999450683594,0.0,0.0,378.9375,328.5625,166.56312561035156,0.0,0.0,0.520890474319458,0.6554542779922485,0.6340112686157227,0.0,0.0,46.453495025634766,56.717437744140625,13.378829002380371,0.0,0.0,0.0,0.0,0.0,0.0,0.0,0.07312499731779099,0.08984375,0.021250000223517418,0.0,0.0,241.0,269.0,247.0,240.0,144.0,95.0,63.0,22.0,0.0,0.0,3,0,0,0,0
595,127,772.2333374023438,1248.7047119140625,12.106666564941406,0.0,0.0,382.5,332.125,166.56312561035156,0.0,0.0,0.5216339826583862,0.6567436456680298,0.6328533291816711,0.0,0.0,46.56175231933594,56.972042083740234,13.378829002380371,0.0,0.0,0.0,0.0,0.0,0.0,0.0,0.07500000298023224,0.09218750149011612,0.021250000223517418,0.0,0.0,236.0,266.0,247.0,240.0,144.0,95.0,63.0,22.0,0.0,0.0,1,0,0,0,0
596,128,568.9933471679688,1297.3590087890625,59.83333206176758,0.0,0.0,388.4375,330.9375,166.56312561035156,0.0,0.0,0.5223866105079651,0.6580187678337097,0.6322900056838989,0.0,0.0,46.611907958984375,57.24049377441406,13.378829002380371,0.0,0.0,0.0,0.0,0.0,0.0,0.0,0.078125,0.09140624850988388,0.021250000223517418,0.0,0.0,237.0,266.0,247.0,240.0,144.0,95.0,59.0,22.0,0.0,0.0,0,0,0,0,0
597,124,136.4600067138672,1317.4599609375,291.2066650390625,0.0,0.0,389.625,326.1875,166.56312561035156,0.0,0.0,0.5221153497695923,0.6592663526535034,0.6330454349517822,0.0,0.0,46.611907958984375,57.515846252441406,13.4134521484375,0.0,0.0,0.0,0.0,0.0,0.0,0.0,0.07874999940395355,0.08828125149011612,0.021250000223517418,0.0,0.0,237.0,267.0,247.0,240.0,144.0,95.0,59.0,19.0,0.0,0.0,0,4,0,0,0
598,126,85.13999938964844,219.10000610351562,67.36000061035156,0.0,0.0,389.625,321.4375,162.76344299316406,0.0,0.0,0.5216377377510071,0.6593464612960815,0.6326062679290771,0.0,0.0,46.611907958984375,57.515846252441406,13.4134521484375,0.0,0.0,0.0,0.0,0.0,0.0,0.0,0.07874999940395355,0.08515624701976776,0.019375000149011612,0.0,0.0,238.0,271.0,247.0,240.0,144.0,91.0,54.0,19.0,0.0,0.0,0,2,0,0,0
599,125,28.059999465942383,339.59332275390625,50.21333312988281,0.0,0.0,387.25,325.0,162.76344299316406,0.0,0.0,0.5209364891052246,0.660575807094574,0.6319582462310791,0.0,0.0,46.611907958984375,57.519901275634766,13.4134521484375,0.0,0.0,0.0,0.0,0.0,0.0,0.0,0.07750000059604645,0.08749999850988388,0.019375000149011612,0.0,0.0,238.0,268.0,247.0,240.0,144.0,86.0,55.0,19.0,0.0,0.0,0,3,0,0,0
600,126,4.366666793823242,1159.693359375,1.6333333253860474,0.0,0.0,386.0625,328.5625,162.76344299316406,0.0,0.0,0.520144522190094,0.6618096828460693,0.6307171583175659,0.0,0.0,46.611907958984375,57.750770568847656,13.4134521484375,0.0,0.0,0.0,0.0,0.0,0.0,0.0,0.0768750011920929,0.08984375,0.019375000149011612,0.0,0.0,240.0,269.0,247.0,240.0,144.0,83.0,60.0,19.0,0.0,0.0,0,2,0,0,0
601,127,0.0,1756.7733154296875,40.086666107177734,0.0,0.0,381.3125,334.5,162.76344299316406,0.0,0.0,0.5193473696708679,0.6630566120147705,0.629951536655426,0.0,0.0,46.611907958984375,58.14584732055664,13.4134521484375,0.0,0.0,0.0,0.0,0.0,0.0,0.0,0.07437500357627869,0.09375,0.019375000149011612,0.0,0.0,241.0,263.0,247.0,240.0,144.0,83.0,61.0,19.0,0.0,0.0,0,1,0,0,0
602,127,0.0,1414.06005859375,50.59333419799805,0.0,0.0,377.75,336.875,162.76344299316406,0.0,0.0,0.5185601115226746,0.664303183555603,0.6293172836303711,0.0,0.0,46.611907958984375,58.445064544677734,13.4134521484375,0.0,0.0,0.0,0.0,0.0,0.0,0.0,0.07249999791383743,0.09531249850988388,0.019375000149011612,0.0,0.0,243.0,261.0,247.0,240.0,144.0,81.0,64.0,19.0,0.0,0.0,0,1,0,0,0
603,127,0.0,1394.5067138671875,82.07333374023438,0.0,0.0,377.75,338.0625,162.76344299316406,0.0,0.0,0.5177752375602722,0.6655449271202087,0.6290692090988159,0.0,0.0,46.611907958984375,58.738521575927734,13.4134521484375,0.0,0.0,0.0,0.0,0.0,0.0,0.0,0.07249999791383743,0.09609375149011612,0.019375000149011612,0.0,0.0,246.0,261.0,247.0,240.0,144.0,77.0,64.0,19.0,0.0,0.0,0,1,0,0,0
604,126,0.0,1169.9932861328125,146.0399932861328,0.0,0.0,377.75,341.625,162.76344299316406,0.0,0.0,0.5169926881790161,0.6667904257774353,0.6296001672744751,0.0,0.0,46.611907958984375,58.968624114990234,13.4134521484375,0.0,0.0,0.0,0.0,0.0,0.0,0.0,0.07249999791383743,0.09843750298023224,0.019375000149011612,0.0,0.0,246.0,261.0,247.0,240.0,144.0,77.0,65.0,17.0,0.0,0.0,0,2,0,0,0
605,127,0.0,871.693359375,0.0,0.0,0.0,377.75,342.8125,162.76344299316406,0.0,0.0,0.5162125825881958,0.6680309772491455,0.6283561587333679,0.0,0.0,46.611907958984375,59.115535736083984,13.4134521484375,0.0,0.0,0.0,0.0,0.0,0.0,0.0,0.07249999791383743,0.09921874850988388,0.019375000149011612,0.0,0.0,246.0,257.0,247.0,240.0,144.0,76.0,66.0,17.0,0.0,0.0,0,1,0,0,0
606,126,0.0,700.5733032226562,0.0,0.0,0.0,377.75,347.5625,162.76344299316406,0.0,0.0,0.515434741973877,0.6692792773246765,0.6271170973777771,0.0,0.0,46.611907958984375,59.213592529296875,13.4134521484375,0.0,0.0,0.0,0.0,0.0,0.0,0.0,0.07249999791383743,0.10234375298023224,0.019375000149011612,0.0,0.0,246.0,253.0,247.0,240.0,144.0,75.0,69.0,17.0,0.0,0.0,0,2,0,0,0
607,126,0.0,599.1400146484375,0.0,0.0,0.0,376.5625,349.9375,162.76344299316406,0.0,0.0,0.5146617293357849,0.6705266833305359,0.6258829236030579,0.0,0.0,46.611907958984375,59.28281784057617,13.4134521484375,0.0,0.0,0.0,0.0,0.0,0.0,0.0,0.07187499850988388,0.10390625149011612,0.019375000149011612,0.0,0.0,246.0,253.0,247.0,240.0,144.0,71.0,72.0,17.0,0.0,0.0,0,2,0,0,0
608,123,0.0,758.7133178710938,0.0,0.0,0.0,371.8125,353.5,162.76344299316406,0.0,0.0,0.5139006972312927,0.6717773079872131,0.6246535778045654,0.0,0.0,46.611907958984375,59.3953742980957,13.4134521484375,0.0,0.0,0.0,0.0,0.0,0.0,0.0,0.06937500089406967,0.10625000298023224,0.019375000149011612,0.0,0.0,247.0,253.0,247.0,240.0,144.0,69.0,75.0,17.0,0.0,0.0,0,5,0,0,0
609,122,501.3133239746094,661.9533081054688,0.0,0.0,0.0,371.8125,357.0625,162.76344299316406,0.0,0.0,0.5146183967590332,0.6730309128761292,0.6234290599822998,0.0,0.0,46.64788055419922,59.48006820678711,13.4134521484375,0.0,0.0,0.0,0.0,0.0,0.0,0.0,0.06937500089406967,0.10859374701976776,0.019375000149011612,0.0,0.0,251.0,245.0,247.0,240.0,144.0,77.0,76.0,17.0,0.0,0.0,4,2,0,0,0
610,126,1940.6600341796875,508.5533447265625,2.2200000286102295,0.0,0.0,371.8125,361.8125,162.76344299316406,0.0,0.0,0.5153340101242065,0.6742914319038391,0.6222360134124756,0.0,0.0,47.08367156982422,59.52082824707031,13.4134521484375,0.0,0.0,0.0,0.0,0.0,0.0,0.0,0.06937500089406967,0.11171875149011612,0.019375000149011612,0.0,0.0,251.0,236.0,247.0,240.0,144.0,79.0,75.0,14.0,0.0,0.0,1,1,0,0,0
611,126,1493.7532958984375,1641.0333251953125,77.25333404541016,0.0,0.0,378.9375,365.375,162.76344299316406,0.0,0.0,0.5160611867904663,0.6755545735359192,0.6219478249549866,0.0,0.0,47.393341064453125,59.875179290771484,13.4134521484375,0.0,0.0,0.0,0.0,0.0,0.0,0.0,0.07312499731779099,0.11406250298023224,0.019375000149011612,0.0,0.0,245.0,233.0,247.0,240.0,144.0,79.0,77.0,14.0,0.0,0.0,1,1,0,0,0
612,126,1620.7332763671875,855.3533325195312,81.6066665649414,0.0,0.0,376.5625,365.375,162.76344299316406,0.0,0.0,0.5167815685272217,0.6768079400062561,0.621712863445282,0.0,0.0,47.73894500732422,60.01128387451172,13.4134521484375,0.0,0.0,0.0,0.0,0.0,0.0,0.0,0.07187499850988388,0.11406250298023224,0.019375000149011612,0.0,0.0,245.0,233.0,247.0,240.0,144.0,77.0,83.0,14.0,0.0,0.0,0,2,0,0,0
613,124,1936.3533935546875,627.3400268554688,87.37999725341797,0.0,0.0,378.9375,365.375,162.76344299316406,0.0,0.0,0.5175043940544128,0.6780516505241394,0.6215477585792542,0.0,0.0,48.17156219482422,60.08405303955078,13.4134521484375,0.0,0.0,0.0,0.0,0.0,0.0,0.0,0.07312499731779099,0.11406250298023224,0.019375000149011612,0.0,0.0,248.0,233.0,247.0,240.0,144.0,77.0,83.0,14.0,0.0,0.0,4,0,0,0,0
614,127,1498.933349609375,330.1400146484375,152.18666076660156,0.0,0.0,378.9375,372.5,158.9637451171875,0.0,0.0,0.5182250738143921,0.6788654327392578,0.6221845149993896,0.0,0.0,48.482669830322266,60.08405303955078,13.4134521484375,0.0,0.0,0.0,0.0,0.0,0.0,0.0,0.07312499731779099,0.11874999850988388,0.017500000074505806,0.0,0.0,248.0,233.0,247.0,240.0,144.0,73.0,78.0,12.0,0.0,0.0,1,0,0,0,0
615,125,1926.06005859375,218.51333618164062,147.01333618164062,0.0,0.0,386.0625,372.5,158.9637451171875,0.0,0.0,0.5189570188522339,0.6785063147544861,0.6227572560310364,0.0,0.0,48.91044616699219,60.08405303955078,13.4134521484375,0.0,0.0,0.0,0.0,0.0,0.0,0.0,0.0768750011920929,0.11874999850988388,0.017500000074505806,0.0,0.0,248.0,232.0,250.0,240.0,144.0,77.0,75.0,12.0,0.0,0.0,3,0,0,0,0
616,128,437.7200012207031,510.4200134277344,60.22666549682617,0.0,0.0,387.25,372.5,158.9637451171875,0.0,0.0,0.5196890234947205,0.6797529458999634,0.6222965717315674,0.0,0.0,48.924468994140625,60.12236404418945,13.4134521484375,0.0,0.0,0.0,0.0,0.0,0.0,0.0,0.07750000059604645,0.11874999850988388,0.017500000074505806,0.0,0.0,249.0,232.0,250.0,240.0,144.0,74.0,74.0,9.0,0.0,0.0,0,0,0,0,0
617,127,302.8933410644531,419.5333251953125,69.41999816894531,0.0,0.0,392.0,368.9375,158.9637451171875,0.0,0.0,0.520078182220459,0.6809781789779663,0.6219466924667358,0.0,0.0,48.924468994140625,60.136417388916016,13.4134521484375,0.0,0.0,0.0,0.0,0.0,0.0,0.0,0.07999999821186066,0.11640624701976776,0.017500000074505806,0.0,0.0,251.0,232.0,250.0,240.0,144.0,71.0,74.0,9.0,0.0,0.0,1,0,0,0,0
618,126,682.0333251953125,484.11334228515625,177.5399932861328,0.0,0.0,392.0,368.9375,158.9637451171875,0.0,0.0,0.5208151340484619,0.6821940541267395,0.6226580739021301,0.0,0.0,49.00503158569336,60.16841125488281,13.418611526489258,0.0,0.0,0.0,0.0,0.0,0.0,0.0,0.07999999821186066,0.11640624701976776,0.017500000074505806,0.0,0.0,253.0,235.0,250.0,240.0,144.0,77.0,73.0,9.0,0.0,0.0,2,0,0,0,0
619,123,1795.7467041015625,398.0466613769531,279.0799865722656,0.0,0.0,393.1875,360.625,158.9637451171875,0.0,0.0,0.5215520858764648,0.6833736300468445,0.6233668327331543,0.0,0.0,49.394630432128906,60.17880630493164,13.451977729797363,0.0,0.0,0.0,0.0,0.0,0.0,0.0,0.08062499761581421,0.11093749850988388,0.017500000074505806,0.0,0.0,256.0,235.0,250.0,240.0,144.0,89.0,70.0,9.0,0.0,0.0,5,0,0,0,0
620,126,1486.066650390625,313.5466613769531,49.086666107177734,0.0,0.0,394.375,358.25,158.9637451171875,0.0,0.0,0.522288978099823,0.6840783953666687,0.6227771043777466,0.0,0.0,49.697879791259766,60.17880630493164,13.451977729797363,0.0,0.0,0.0,0.0,0.0,0.0,0.0,0.08124999701976776,0.109375,0.017500000074505806,0.0,0.0,257.0,242.0,250.0,240.0,144.0,89.0,62.0,8.0,0.0,0.0,2,0,0,0,0
621,128,1256.3599853515625,262.4666748046875,31.96666717529297,0.0,0.0,409.8125,352.3125,158.9637451171875,0.0,0.0,0.5230523347854614,0.6842976212501526,0.6219879984855652,0.0,0.0,49.93303298950195,60.17880630493164,13.451977729797363,0.0,0.0,0.0,0.0,0.0,0.0,0.0,0.08937499672174454,0.10546875,0.017500000074505806,0.0,0.0,254.0,244.0,250.0,240.0,144.0,86.0,62.0,8.0,0.0,0.0,0,0,0,0,0
622,125,1210.0533447265625,307.3933410644531,0.41333332657814026,0.0,0.0,413.375,352.3125,158.9637451171875,0.0,0.0,0.5238198637962341,0.6849727034568787,0.6208311915397644,0.0,0.0,50.15433120727539,60.17880630493164,13.451977729797363,0.0,0.0,0.0,0.0,0.0,0.0,0.0,0.09125000238418579,0.10546875,0.017500000074505806,0.0,0.0,251.0,246.0,250.0,240.0,144.0,88.0,64.0,8.0,0.0,0.0,2,1,0,0,0
623,127,1103.699951171875,328.6866760253906,0.0,0.0,0.0,407.4375,351.125,158.9637451171875,0.0,0.0,0.5245739221572876,0.685867190361023,0.6196737885475159,0.0,0.0,50.34773635864258,60.17880630493164,13.451977729797363,0.0,0.0,0.0,0.0,0.0,0.0,0.0,0.08812499791383743,0.10468749701976776,0.017500000074505806,0.0,0.0,251.0,246.0,250.0,240.0,144.0,92.0,62.0,8.0,0.0,0.0,1,0,0,0,0
624,128,813.1599731445312,432.413330078125,71.34666442871094,0.0,0.0,407.4375,348.75,158.9637451171875,0.0,0.0,0.5253256559371948,0.6869746446609497,0.6193558573722839,0.0,0.0,50.4604377746582,60.20204544067383,13.451977729797363,0.0,0.0,0.0,0.0,0.0,0.0,0.0,0.08812499791383743,0.10312499850988388,0.017500000074505806,0.0,0.0,259.0,244.0,250.0,240.0,144.0,91.0,56.0,6.0,0.0,0.0,0,0,0,0,0
625,125,777.3800048828125,542.4533081054688,98.63999938964844,0.0,0.0,412.1875,346.375,158.9637451171875,0.0,0.0,0.5260837078094482,0.688066840171814,0.6193580627441406,0.0,0.0,50.56188201904297,60.25651168823242,13.451977729797363,0.0,0.0,0.0,0.0,0.0,0.0,0.0,0.09062500298023224,0.1015625,0.017500000074505806,0.0,0.0,257.0,246.0,250.0,240.0,144.0,99.0,53.0,3.0,0.0,0.0,3,0,0,0,0
626,121,696.3200073242188,644.3599853515625,50.11333465576172,0.0,0.0,412.1875,349.9375,157.6971893310547,0.0,0.0,0.5268393158912659,0.68916255235672,0.6188033819198608,0.0,0.0,50.64080810546875,60.338294982910156,13.451977729797363,0.0,0.0,0.0,0.0,0.0,0.0,0.0,0.09062500298023224,0.10390625149011612,0.016875000670552254,0.0,0.0,257.0,247.0,250.0,240.0,144.0,107.0,48.0,3.0,0.0,0.0,6,1,0,0,0
627,125,681.7066650390625,624.2000122070312,182.7133331298828,0.0,0.0,421.6875,348.75,157.6971893310547,0.0,0.0,0.5276098847389221,0.6902469396591187,0.6195032000541687,0.0,0.0,50.713035583496094,60.41481018066406,13.4589262008667,0.0,0.0,0.0,0.0,0.0,0.0,0.0,0.09562499821186066,0.10312499850988388,0.016875000670552254,0.0,0.0,255.0,244.0,250.0,240.0,144.0,114.0,45.0,3.0,0.0,0.0,3,0,0,0,0
628,127,619.5133056640625,545.0,246.73333740234375,0.0,0.0,426.4375,351.125,157.6971893310547,0.0,0.0,0.5283865332603455,0.6913310885429382,0.6202003955841064,0.0,0.0,50.766666412353516,60.46866226196289,13.483658790588379,0.0,0.0,0.0,0.0,0.0,0.0,0.0,0.09812500327825546,0.10468749701976776,0.016875000670552254,0.0,0.0,257.0,245.0,250.0,240.0,144.0,115.0,42.0,3.0,0.0,0.0,1,0,0,0,0
629,126,1148.126708984375,924.4866943359375,245.63333129882812,0.0,0.0,426.4375,347.5625,157.6971893310547,0.0,0.0,0.5291606783866882,0.6923967599868774,0.6208950877189636,0.0,0.0,50.96713638305664,60.62892150878906,13.508085250854492,0.0,0.0,0.0,0.0,0.0,0.0,0.0,0.09812500327825546,0.10234375298023224,0.016875000670552254,0.0,0.0,255.0,246.0,250.0,240.0,144.0,116.0,39.0,3.0,0.0,0.0,2,0,0,0,0
630,128,1540.02001953125,348.8999938964844,131.80667114257812,0.0,0.0,425.25,347.5625,157.6971893310547,0.0,0.0,0.5299301147460938,0.693455159664154,0.62128746509552,0.0,0.0,51.27679443359375,60.62929153442383,13.508085250854492,0.0,0.0,0.0,0.0,0.0,0.0,0.0,0.09749999642372131,0.10234375298023224,0.016875000670552254,0.0,0.0,258.0,249.0,250.0,240.0,144.0,107.0,37.0,3.0,0.0,0.0,0,0,0,0,0
631,126,495.1266784667969,38.00666809082031,65.77333068847656,0.0,0.0,427.625,345.1875,155.1640625,0.0,0.0,0.5307013392448425,0.6914685368537903,0.6209335327148438,0.0,0.0,51.2955436706543,60.62929153442383,13.508085250854492,0.0,0.0,0.0,0.0,0.0,0.0,0.0,0.09875000268220901,0.10078124701976776,0.015625,0.0,0.0,261.0,249.0,250.0,240.0,144.0,107.0,37.0,3.0,0.0,0.0,2,0,0,0,0
632,126,605.1400146484375,268.7933349609375,94.73999786376953,0.0,0.0,422.875,344.0,155.1640625,0.0,0.0,0.5314615368843079,0.6917726397514343,0.6209149956703186,0.0,0.0,51.34617233276367,60.62929153442383,13.508085250854492,0.0,0.0,0.0,0.0,0.0,0.0,0.0,0.09624999761581421,0.10000000149011612,0.015625,0.0,0.0,262.0,251.0,250.0,240.0,144.0,111.0,37.0,3.0,0.0,0.0,2,0,0,0,0
633,126,271.5,775.1866455078125,75.63333129882812,0.0,0.0,425.25,339.25,155.1640625,0.0,0.0,0.5316355228424072,0.6927973628044128,0.6206765174865723,0.0,0.0,51.34617233276367,60.75038528442383,13.508085250854492,0.0,0.0,0.0,0.0,0.0,0.0,0.0,0.09749999642372131,0.09687499701976776,0.015625,0.0,0.0,262.0,251.0,250.0,240.0,144.0,111.0,39.0,3.0,0.0,0.0,0,2,0,0,0
634,127,500.2733459472656,113.6866683959961,31.0,0.0,0.0,430.0,338.0625,155.1640625,0.0,0.0,0.5324044227600098,0.6916201710700989,0.6199257969856262,0.0,0.0,51.365692138671875,60.75038528442383,13.508085250854492,0.0,0.0,0.0,0.0,0.0,0.0,0.0,0.10000000149011612,0.09609375149011612,0.015625,0.0,0.0,260.0,253.0,250.0,240.0,144.0,105.0,39.0,3.0,0.0,0.0,1,0,0,0,0
635,127,721.7333374023438,132.83999633789062,35.58000183105469,0.0,0.0,427.625,340.4375,155.1640625,0.0,0.0,0.5331665873527527,0.6906211972236633,0.6192303895950317,0.0,0.0,51.447391510009766,60.75038528442383,13.508085250854492,0.0,0.0,0.0,0.0,0.0,0.0,0.0,0.09875000268220901,0.09765625,0.015625,0.0,0.0,260.0,250.0,250.0,240.0,144.0,105.0,39.0,0.0,0.0,0.0,1,0,0,0,0
636,124,839.1133422851562,5.420000076293945,69.80000305175781,0.0,0.0,430.0,334.5,155.1640625,0.0,0.0,0.5339304804801941,0.6884322166442871,0.6189293265342712,0.0,0.0,51.561031341552734,60.75038528442383,13.508085250854492,0.0,0.0,0.0,0.0,0.0,0.0,0.0,0.10000000149011612,0.09375,0.015625,0.0,0.0,260.0,252.0,250.0,240.0,144.0,110.0,38.0,3.0,0.0,0.0,3,0,1,0,0
637,126,486.0733337402344,4.673333168029785,43.220001220703125,0.0,0.0,432.375,338.0625,155.1640625,0.0,0.0,0.534696102142334,0.686226487159729,0.6183254718780518,0.0,0.0,51.575950622558594,60.75038528442383,13.508085250854492,0.0,0.0,0.0,0.0,0.0,0.0,0.0,0.10125000029802322,0.09609375149011612,0.015625,0.0,0.0,257.0,255.0,250.0,240.0,144.0,108.0,38.0,3.0,0.0,0.0,2,0,0,0,0
638,125,448.2200012207031,28.706666946411133,15.666666984558105,0.0,0.0,432.375,338.0625,158.9637451171875,0.0,0.0,0.5354591608047485,0.6842668652534485,0.6173824667930603,0.0,0.0,51.58034896850586,60.75038528442383,13.508085250854492,0.0,0.0,0.0,0.0,0.0,0.0,0.0,0.10125000029802322,0.09609375149011612,0.017500000074505806,0.0,0.0,254.0,252.0,250.0,240.0,144.0,107.0,38.0,3.0,0.0,0.0,3,0,0,0,0
639,123,300.8733215332031,132.52667236328125,5.813333511352539,0.0,0.0,435.9375,334.5,158.9637451171875,0.0,0.0,0.5357145667076111,0.6833409070968628,0.6163306832313538,0.0,0.0,51.58034896850586,60.75038528442383,13.508085250854492,0.0,0.0,0.0,0.0,0.0,0.0,0.0,0.10312499850988388,0.09375,0.017500000074505806,0.0,0.0,254.0,252.0,250.0,240.0,144.0,116.0,38.0,3.0,0.0,0.0,5,0,0,0,0
640,122,298.9666748046875,263.88665771484375,4.800000190734863,0.0,0.0,445.4375,334.5,157.6971893310547,0.0,0.0,0.5359426736831665,0.6836791038513184,0.615280032157898,0.0,0.0,51.58034896850586,60.75038528442383,13.508085250854492,0.0,0.0,0.0,0.0,0.0,0.0,0.0,0.1081250011920929,0.09375,0.016875000670552254,0.0,0.0,251.0,252.0,250.0,240.0,144.0,111.0,47.0,3.0,0.0,0.0,0,6,0,0,0
641,126,311.1333312988281,83.65333557128906,0.0,0.0,0.0,457.3125,334.5,157.6971893310547,0.0,0.0,0.5361919403076172,0.6822943687438965,0.6141785979270935,0.0,0.0,51.58034896850586,60.75038528442383,13.508085250854492,0.0,0.0,0.0,0.0,0.0,0.0,0.0,0.11437500268220901,0.09375,0.016875000670552254,0.0,0.0,237.0,252.0,250.0,240.0,144.0,109.0,45.0,3.0,0.0,0.0,2,0,0,0,0
642,124,397.1666564941406,0.0,0.0,0.0,0.0,454.9375,336.875,127.93093872070312,0.0,0.0,0.5367692112922668,0.6801068186759949,0.6132880449295044,0.0,0.0,51.58034896850586,60.75038528442383,13.508085250854492,0.0,0.0,0.0,0.0,0.0,0.0,0.0,0.11312499642372131,0.09531249850988388,0.014375000260770321,0.0,0.0,237.0,253.0,250.0,240.0,144.0,113.0,45.0,3.0,0.0,0.0,4,0,0,0,0
643,125,481.5666809082031,0.0,0.0,0.0,0.0,459.6875,341.625,127.93093872070312,0.0,0.0,0.537570059299469,0.6779027581214905,0.6123999953269958,0.0,0.0,51.586429595947266,60.75038528442383,13.508085250854492,0.0,0.0,0.0,0.0,0.0,0.0,0.0,0.11562500149011612,0.09843750298023224,0.014375000260770321,0.0,0.0,235.0,257.0,250.0,240.0,144.0,117.0,45.0,3.0,0.0,0.0,3,0,0,0,0
644,124,586.0466918945312,0.0,0.0,0.0,0.0,466.8125,338.0625,124.1312484741211,0.0,0.0,0.5383804440498352,0.6757357120513916,0.6115407943725586,0.0,0.0,51.61954879760742,60.75038528442383,13.508085250854492,0.0,0.0,0.0,0.0,0.0,0.0,0.0,0.11937499791383743,0.09609375149011612,0.012500000186264515,0.0,0.0,229.0,253.0,250.0,240.0,144.0,119.0,42.0,3.0,0.0,0.0,4,0,0,0,0
645,128,639.239990234375,38.68000030517578,0.0,0.0,0.0,465.625,342.8125,124.1312484741211,0.0,0.0,0.5391860008239746,0.6739168763160706,0.6106840372085571,0.0,0.0,51.66777420043945,60.75038528442383,13.508085250854492,0.0,0.0,0.0,0.0,0.0,0.0,0.0,0.11874999850988388,0.09921874850988388,0.012500000186264515,0.0,0.0,228.0,256.0,250.0,240.0,144.0,117.0,39.0,3.0,0.0,0.0,0,0,0,0,0
646,126,503.32666015625,195.25332641601562,0.0,0.0,0.0,472.75,341.625,124.1312484741211,0.0,0.0,0.5400009751319885,0.6735883355140686,0.6098296046257019,0.0,0.0,51.67626953125,60.75038528442383,13.508085250854492,0.0,0.0,0.0,0.0,0.0,0.0,0.0,0.12250000238418579,0.09843750298023224,0.012500000186264515,0.0,0.0,224.0,252.0,250.0,240.0,144.0,120.0,42.0,3.0,0.0,0.0,1,1,0,0,0
647,128,636.82666015625,172.2066650390625,0.0,0.0,0.0,472.75,335.6875,124.1312484741211,0.0,0.0,0.5408130884170532,0.6730834245681763,0.6089776158332825,0.0,0.0,51.72184371948242,60.75038528442383,13.508085250854492,0.0,0.0,0.0,0.0,0.0,0.0,0.0,0.12250000238418579,0.09453125298023224,0.012500000186264515,0.0,0.0,224.0,253.0,250.0,240.0,144.0,115.0,39.0,3.0,0.0,0.0,0,0,0,0,0
648,127,435.44000244140625,217.81333923339844,0.0,0.0,0.0,475.125,340.4375,124.1312484741211,0.0,0.0,0.5414784550666809,0.6729776859283447,0.608128011226654,0.0,0.0,51.72184371948242,60.75038528442383,13.508085250854492,0.0,0.0,0.0,0.0,0.0,0.0,0.0,0.1237500011920929,0.09765625,0.012500000186264515,0.0,0.0,221.0,257.0,250.0,240.0,144.0,115.0,42.0,3.0,0.0,0.0,0,1,0,0,0
649,123,283.4666748046875,265.5133361816406,0.0,0.0,0.0,469.1875,336.875,124.1312484741211,0.0,0.0,0.5415878891944885,0.673338770866394,0.6072807312011719,0.0,0.0,51.72184371948242,60.75038528442383,13.508085250854492,0.0,0.0,0.0,0.0,0.0,0.0,0.0,0.12062499672174454,0.09531249850988388,0.012500000186264515,0.0,0.0,222.0,256.0,250.0,240.0,144.0,115.0,48.0,3.0,0.0,0.0,0,5,0,0,0
650,124,246.60667419433594,333.32000732421875,0.0,0.0,0.0,464.4375,336.875,124.1312484741211,0.0,0.0,0.5415695905685425,0.6743267178535461,0.6064358353614807,0.0,0.0,51.72184371948242,60.75038528442383,13.508085250854492,0.0,0.0,0.0,0.0,0.0,0.0,0.0,0.11812499910593033,0.09531249850988388,0.012500000186264515,0.0,0.0,223.0,257.0,250.0,240.0,144.0,113.0,55.0,3.0,0.0,0.0,0,4,0,0,0
651,128,803.2133178710938,396.99334716796875,0.0,0.0,0.0,464.4375,339.25,124.1312484741211,0.0,0.0,0.5423591732978821,0.6753485798835754,0.6055932641029358,0.0,0.0,51.815948486328125,60.76642608642578,13.508085250854492,0.0,0.0,0.0,0.0,0.0,0.0,0.0,0.11812499910593033,0.09687499701976776,0.012500000186264515,0.0,0.0,223.0,255.0,250.0,240.0,144.0,113.0,55.0,3.0,0.0,0.0,0,0,0,0,0
652,126,786.3133544921875,293.5,0.0,0.0,0.0,464.4375,330.9375,124.1312484741211,0.0,0.0,0.5431460738182068,0.6759939789772034,0.6047530770301819,0.0,0.0,51.90536117553711,60.76642608642578,13.508085250854492,0.0,0.0,0.0,0.0,0.0,0.0,0.0,0.11812499910593033,0.09140624850988388,0.012500000186264515,0.0,0.0,223.0,256.0,250.0,240.0,144.0,114.0,53.0,3.0,0.0,0.0,2,0,0,0,0
653,124,811.02001953125,276.20001220703125,0.0,0.0,0.0,463.25,329.75,124.1312484741211,0.0,0.0,0.5439282655715942,0.6764838695526123,0.6039151549339294,0.0,0.0,52.00196075439453,60.76642608642578,13.508085250854492,0.0,0.0,0.0,0.0,0.0,0.0,0.0,0.11749999970197678,0.09062500298023224,0.012500000186264515,0.0,0.0,223.0,263.0,250.0,240.0,144.0,116.0,56.0,3.0,0.0,0.0,3,1,0,0,0
654,125,372.32000732421875,540.0466918945312,0.0,0.0,0.0,464.4375,326.1875,124.1312484741211,0.0,0.0,0.5443698763847351,0.677450954914093,0.603079617023468,0.0,0.0,52.00196075439453,60.82583236694336,13.508085250854492,0.0,0.0,0.0,0.0,0.0,0.0,0.0,0.11812499910593033,0.08828125149011612,0.012500000186264515,0.0,0.0,229.0,258.0,250.0,240.0,144.0,112.0,61.0,3.0,0.0,0.0,0,3,0,0,0
655,123,184.13999938964844,642.4600219726562,0.0,0.0,0.0,468.0,326.1875,124.1312484741211,0.0,0.0,0.5441097617149353,0.6784123182296753,0.6022463440895081,0.0,0.0,52.00196075439453,60.9136848449707,13.508085250854492,0.0,0.0,0.0,0.0,0.0,0.0,0.0,0.11999999731779099,0.08828125149011612,0.012500000186264515,0.0,0.0,224.0,255.0,250.0,240.0,144.0,108.0,71.0,3.0,0.0,0.0,0,5,0,0,0
656,128,292.5333251953125,166.69332885742188,0.0,0.0,0.0,468.0,330.9375,122.86468505859375,0.0,0.0,0.5442490577697754,0.6778855919837952,0.6014238595962524,0.0,0.0,52.00196075439453,60.9136848449707,13.508085250854492,0.0,0.0,0.0,0.0,0.0,0.0,0.0,0.11999999731779099,0.09140624850988388,0.011874999850988388,0.0,0.0,226.0,253.0,250.0,240.0,144.0,104.0,71.0,3.0,0.0,0.0,0,0,0,0,0
657,126,462.9599914550781,63.619998931884766,0.0,0.0,0.0,463.25,342.8125,119.06500244140625,0.0,0.0,0.5450229644775391,0.6763529181480408,0.6006289124488831,0.0,0.0,52.00196075439453,60.9136848449707,13.508085250854492,0.0,0.0,0.0,0.0,0.0,0.0,0.0,0.11749999970197678,0.09921874850988388,0.009999999776482582,0.0,0.0,226.0,251.0,251.0,240.0,144.0,106.0,71.0,3.0,0.0,0.0,2,0,0,0,0
658,127,245.586669921875,0.0,0.0,0.0,0.0,458.5,336.875,119.06500244140625,0.0,0.0,0.5450071692466736,0.6742900609970093,0.5998361110687256,0.0,0.0,52.00196075439453,60.9136848449707,13.508085250854492,0.0,0.0,0.0,0.0,0.0,0.0,0.0,0.11500000208616257,0.09531249850988388,0.009999999776482582,0.0,0.0,230.0,251.0,251.0,240.0,144.0,102.0,68.0,3.0,0.0,0.0,1,0,0,0,0
659,125,110.07333374023438,33.95333480834961,0.0,0.0,0.0,462.0625,329.75,119.06500244140625,0.0,0.0,0.5444886088371277,0.6725894808769226,0.5990453958511353,0.0,0.0,52.00196075439453,60.9136848449707,13.508085250854492,0.0,0.0,0.0,0.0,0.0,0.0,0.0,0.11687500029802322,0.09062500298023224,0.009999999776482582,0.0,0.0,231.0,254.0,251.0,240.0,144.0,107.0,68.0,3.0,0.0,0.0,3,0,0,0,0
660,124,116.26000213623047,592.2666625976562,0.0,0.0,0.0,462.0625,332.125,119.06500244140625,0.0,0.0,0.5439943671226501,0.6735681295394897,0.5982567667961121,0.0,0.0,52.00196075439453,60.98594665527344,13.508085250854492,0.0,0.0,0.0,0.0,0.0,0.0,0.0,0.11687500029802322,0.09218750149011612,0.009999999776482582,0.0,0.0,229.0,260.0,251.0,240.0,144.0,103.0,67.0,3.0,0.0,0.0,0,4,0,0,0
661,126,161.24667358398438,457.7866516113281,0.0,0.0,0.0,465.625,330.9375,117.7984390258789,0.0,0.0,0.5436587929725647,0.6745374798774719,0.5974785089492798,0.0,0.0,52.00196075439453,61.021183013916016,13.508085250854492,0.0,0.0,0.0,0.0,0.0,0.0,0.0,0.11874999850988388,0.09140624850988388,0.00937500037252903,0.0,0.0,226.0,257.0,251.0,240.0,144.0,103.0,64.0,3.0,0.0,0.0,0,2,0,0,0
662,127,175.1133270263672,146.13333129882812,0.0,0.0,0.0,463.25,335.6875,117.7984390258789,0.0,0.0,0.5433794856071472,0.6738190650939941,0.5967023372650146,0.0,0.0,52.00196075439453,61.021183013916016,13.508085250854492,0.0,0.0,0.0,0.0,0.0,0.0,0.0,0.11749999970197678,0.09453125298023224,0.00937500037252903,0.0,0.0,226.0,253.0,251.0,240.0,144.0,98.0,64.0,3.0,0.0,0.0,1,0,0,0,0
663,125,231.13999938964844,529.8400268554688,0.0,0.0,0.0,454.9375,339.25,117.7984390258789,0.0,0.0,0.5433211326599121,0.6748060584068298,0.5959281325340271,0.0,0.0,52.00196075439453,61.07412338256836,13.508085250854492,0.0,0.0,0.0,0.0,0.0,0.0,0.0,0.11312499642372131,0.09687499701976776,0.00937500037252903,0.0,0.0,228.0,250.0,251.0,240.0,144.0,96.0,67.0,3.0,0.0,0.0,0,3,0,0,0
664,125,303.20001220703125,671.6333618164062,0.0,0.0,0.0,456.125,339.25,117.7984390258789,0.0,0.0,0.5435220003128052,0.675787091255188,0.5951560139656067,0.0,0.0,52.00196075439453,61.16645050048828,13.508085250854492,0.0,0.0,0.0,0.0,0.0,0.0,0.0,0.11375000327825546,0.09687499701976776,0.00937500037252903,0.0,0.0,229.0,250.0,251.0,240.0,144.0,93.0,71.0,3.0,0.0,0.0,0,3,0,0,0
665,127,359.586669921875,738.780029296875,0.0,0.0,0.0,456.125,347.5625,117.7984390258789,0.0,0.0,0.543926477432251,0.6767860054969788,0.5943858027458191,0.0,0.0,52.00196075439453,61.275123596191406,13.508085250854492,0.0,0.0,0.0,0.0,0.0,0.0,0.0,0.11375000327825546,0.10234375298023224,0.00937500037252903,0.0,0.0,229.0,250.0,251.0,240.0,144.0,94.0,70.0,3.0,0.0,0.0,1,0,0,0,0
666,128,283.9266662597656,445.88665771484375,0.0,0.0,0.0,453.75,352.3125,113.99874877929688,0.0,0.0,0.5440606474876404,0.6777923107147217,0.5936423540115356,0.0,0.0,52.00196075439453,61.301116943359375,13.508085250854492,0.0,0.0,0.0,0.0,0.0,0.0,0.0,0.11249999701976776,0.10546875,0.007499999832361937,0.0,0.0,229.0,244.0,251.0,240.0,144.0,93.0,70.0,3.0,0.0,0.0,0,0,0,0,0
667,127,300.9866638183594,376.9333190917969,0.0,0.0,0.0,445.4375,349.9375,113.99874877929688,0.0,0.0,0.5442723631858826,0.6787856817245483,0.592900812625885,0.0,0.0,52.00196075439453,61.308616638183594,13.508085250854492,0.0,0.0,0.0,0.0,0.0,0.0,0.0,0.1081250011920929,0.10390625149011612,0.007499999832361937,0.0,0.0,231.0,244.0,254.0,240.0,144.0,91.0,74.0,3.0,0.0,0.0,0,1,0,0,0
668,125,329.8666687011719,442.50665283203125,0.0,0.0,0.0,440.6875,345.1875,113.99874877929688,0.0,0.0,0.544596791267395,0.6797595620155334,0.5921610593795776,0.0,0.0,52.00196075439453,61.33564758300781,13.508085250854492,0.0,0.0,0.0,0.0,0.0,0.0,0.0,0.10562500357627869,0.10078124701976776,0.007499999832361937,0.0,0.0,237.0,244.0,254.0,240.0,144.0,86.0,79.0,3.0,0.0,0.0,0,3,0,0,0
669,124,457.6866760253906,350.6266784667969,0.0,0.0,0.0,438.3125,349.9375,113.99874877929688,0.0,0.0,0.5453150272369385,0.6807408332824707,0.5914231538772583,0.0,0.0,52.00734329223633,61.335838317871094,13.508085250854492,0.0,0.0,0.0,0.0,0.0,0.0,0.0,0.10437499731779099,0.10390625149011612,0.007499999832361937,0.0,0.0,241.0,244.0,254.0,240.0,144.0,94.0,78.0,3.0,0.0,0.0,4,0,0,0,0
670,126,453.9333190917969,333.739990234375,0.0,0.0,0.0,433.5625,353.5,111.46562194824219,0.0,0.0,0.5460233092308044,0.6815534830093384,0.5907034873962402,0.0,0.0,52.013004302978516,61.335838317871094,13.508085250854492,0.0,0.0,0.0,0.0,0.0,0.0,0.0,0.10187499970197678,0.10625000298023224,0.0062500000931322575,0.0,0.0,243.0,243.0,254.0,240.0,144.0,94.0,75.0,3.0,0.0,0.0,2,0,0,0,0
671,127,398.0466613769531,308.7200012207031,0.0,0.0,0.0,441.875,349.9375,111.46562194824219,0.0,0.0,0.5465856790542603,0.6821646094322205,0.5899854898452759,0.0,0.0,52.013004302978516,61.335838317871094,13.508085250854492,0.0,0.0,0.0,0.0,0.0,0.0,0.0,0.10625000298023224,0.10390625149011612,0.0062500000931322575,0.0,0.0,248.0,243.0,254.0,240.0,144.0,94.0,71.0,3.0,0.0,0.0,1,0,0,0,0
672,126,774.5133056640625,233.30667114257812,0.0,0.0,0.0,441.875,346.375,111.46562194824219,0.0,0.0,0.5473032593727112,0.6821387410163879,0.5892692804336548,0.0,0.0,52.105403900146484,61.335838317871094,13.508085250854492,0.0,0.0,0.0,0.0,0.0,0.0,0.0,0.10625000298023224,0.1015625,0.0062500000931322575,0.0,0.0,247.0,246.0,254.0,240.0,144.0,100.0,70.0,3.0,0.0,0.0,2,0,0,0,0
673,126,880.7733154296875,169.06666564941406,0.0,0.0,0.0,438.3125,344.0,111.46562194824219,0.0,0.0,0.5480127930641174,0.681571364402771,0.5885547995567322,0.0,0.0,52.228309631347656,61.335838317871094,13.508085250854492,0.0,0.0,0.0,0.0,0.0,0.0,0.0,0.10437499731779099,0.10000000149011612,0.0062500000931322575,0.0,0.0,248.0,249.0,254.0,240.0,144.0,99.0,70.0,3.0,0.0,0.0,2,0,0,0,0
674,125,326.0400085449219,120.7933349609375,0.0,0.0,0.0,437.125,344.0,111.46562194824219,0.0,0.0,0.548321545124054,0.6805909872055054,0.5878420472145081,0.0,0.0,52.228309631347656,61.335838317871094,13.508085250854492,0.0,0.0,0.0,0.0,0.0,0.0,0.0,0.10374999791383743,0.10000000149011612,0.0062500000931322575,0.0,0.0,250.0,251.0,254.0,240.0,144.0,103.0,67.0,3.0,0.0,0.0,3,0,0,0,0
675,124,206.5800018310547,109.42666625976562,0.0,0.0,0.0,441.875,344.0,111.46562194824219,0.0,0.0,0.5481942892074585,0.6795186400413513,0.5871310234069824,0.0,0.0,52.228309631347656,61.335838317871094,13.508085250854492,0.0,0.0,0.0,0.0,0.0,0.0,0.0,0.10625000298023224,0.10000000149011612,0.0062500000931322575,0.0,0.0,250.0,251.0,254.0,240.0,144.0,109.0,67.0,3.0,0.0,0.0,4,0,0,0,0
676,127,100.63333129882812,89.58000183105469,0.0,0.0,0.0,445.4375,344.0,84.23249816894531,0.0,0.0,0.5476833581924438,0.6782824397087097,0.5865948796272278,0.0,0.0,52.228309631347656,61.335838317871094,13.508085250854492,0.0,0.0,0.0,0.0,0.0,0.0,0.0,0.1081250011920929,0.10000000149011612,0.004999999888241291,0.0,0.0,243.0,251.0,254.0,240.0,144.0,111.0,63.0,3.0,0.0,0.0,1,0,0,0,0
677,127,382.0533447265625,40.36000061035156,0.0,0.0,0.0,447.8125,344.0,84.23249816894531,0.0,0.0,0.5481694340705872,0.6766327619552612,0.5860596299171448,0.0,0.0,52.228309631347656,61.335838317871094,13.508085250854492,0.0,0.0,0.0,0.0,0.0,0.0,0.0,0.109375,0.10000000149011612,0.004999999888241291,0.0,0.0,239.0,251.0,254.0,240.0,144.0,111.0,57.0,3.0,0.0,0.0,1,0,0,0,0
678,124,538.3200073242188,6.666666507720947,0.0,0.0,0.0,452.5625,339.25,84.23249816894531,0.0,0.0,0.5488948822021484,0.6747328639030457,0.5855254530906677,0.0,0.0,52.25212860107422,61.335838317871094,13.508085250854492,0.0,0.0,0.0,0.0,0.0,0.0,0.0,0.11187499761581421,0.09687499701976776,0.004999999888241291,0.0,0.0,240.0,251.0,254.0,240.0,144.0,117.0,55.0,3.0,0.0,0.0,4,0,0,0,0
679,123,139.35333251953125,7.573333263397217,0.0,0.0,0.0,450.1875,339.25,84.23249816894531,0.0,0.0,0.5485132336616516,0.6728516221046448,0.5849921703338623,0.0,0.0,52.25212860107422,61.335838317871094,13.508085250854492,0.0,0.0,0.0,0.0,0.0,0.0,0.0,0.1106249988079071,0.09687499701976776,0.004999999888241291,0.0,0.0,238.0,252.0,254.0,240.0,144.0,122.0,55.0,3.0,0.0,0.0,5,0,0,0,0
680,122,130.25999450683594,30.34666633605957,0.0,0.0,0.0,459.6875,339.25,84.23249816894531,0.0,0.0,0.5480822324752808,0.671174168586731,0.5844599008560181,0.0,0.0,52.25212860107422,61.335838317871094,13.508085250854492,0.0,0.0,0.0,0.0,0.0,0.0,0.0,0.11562500149011612,0.09687499701976776,0.004999999888241291,0.0,0.0,232.0,252.0,254.0,240.0,144.0,132.0,55.0,3.0,0.0,0.0,6,0,0,0,0
681,127,325.09332275390625,29.733333587646484,0.0,0.0,0.0,460.875,335.6875,84.23249816894531,0.0,0.0,0.5483381748199463,0.6695213317871094,0.583928644657135,0.0,0.0,52.25212860107422,61.335838317871094,13.508085250854492,0.0,0.0,0.0,0.0,0.0,0.0,0.0,0.11625000089406967,0.09453125298023224,0.004999999888241291,0.0,0.0,231.0,252.0,254.0,240.0,144.0,133.0,52.0,3.0,0.0,0.0,1,0,0,0,0
682,128,504.67999267578125,0.0,0.0,0.0,0.0,468.0,339.25,84.23249816894531,0.0,0.0,0.5490831732749939,0.6676072478294373,0.5833982825279236,0.0,0.0,52.2623176574707,61.335838317871094,13.508085250854492,0.0,0.0,0.0,0.0,0.0,0.0,0.0,0.11999999731779099,0.09687499701976776,0.004999999888241291,0.0,0.0,222.0,255.0,254.0,240.0,144.0,133.0,49.0,3.0,0.0,0.0,0,0,0,0,0
683,128,531.67333984375,0.0,0.0,0.0,0.0,469.1875,339.25,84.23249816894531,0.0,0.0,0.5498276352882385,0.665704071521759,0.5828688740730286,0.0,0.0,52.2796745300293,61.335838317871094,13.508085250854492,0.0,0.0,0.0,0.0,0.0,0.0,0.0,0.12062499672174454,0.09687499701976776,0.004999999888241291,0.0,0.0,225.0,252.0,254.0,240.0,144.0,128.0,47.0,3.0,0.0,0.0,0,0,0,0,0
684,128,481.9666748046875,0.0,0.0,0.0,0.0,466.8125,335.6875,55.732810974121094,0.0,0.0,0.5505658984184265,0.6638315320014954,0.5825191736221313,0.0,0.0,52.28388595581055,61.335838317871094,13.508085250854492,0.0,0.0,0.0,0.0,0.0,0.0,0.0,0.11937499791383743,0.09453125298023224,0.0031250000465661287,0.0,0.0,225.0,252.0,254.0,240.0,144.0,126.0,47.0,3.0,0.0,0.0,0,0,0,0,0
685,128,305.82000732421875,0.0,0.0,0.0,0.0,463.25,334.5,55.732810974121094,0.0,0.0,0.5507439374923706,0.6619760990142822,0.5821698307991028,0.0,0.0,52.28388595581055,61.335838317871094,13.508085250854492,0.0,0.0,0.0,0.0,0.0,0.0,0.0,0.11749999970197678,0.09375,0.0031250000465661287,0.0,0.0,227.0,252.0,254.0,240.0,144.0,119.0,46.0,3.0,0.0,0.0,0,0,0,0,0
686,128,270.7733459472656,0.0,0.0,0.0,0.0,463.25,326.1875,55.732810974121094,0.0,0.0,0.5507987141609192,0.660176694393158,0.5818209648132324,0.0,0.0,52.28388595581055,61.335838317871094,13.508085250854492,0.0,0.0,0.0,0.0,0.0,0.0,0.0,0.11749999970197678,0.08828125149011612,0.0031250000465661287,0.0,0.0,229.0,252.0,254.0,240.0,144.0,119.0,46.0,3.0,0.0,0.0,0,0,0,0,0
687,128,319.2066650390625,0.0,0.0,0.0,0.0,463.25,328.5625,55.732810974121094,0.0,0.0,0.5510226488113403,0.6583740711212158,0.5814724564552307,0.0,0.0,52.28388595581055,61.335838317871094,13.508085250854492,0.0,0.0,0.0,0.0,0.0,0.0,0.0,0.11749999970197678,0.08984375,0.0031250000465661287,0.0,0.0,229.0,256.0,254.0,240.0,144.0,118.0,46.0,0.0,0.0,0.0,0,0,0,0,0
688,128,274.9333190917969,0.0,0.0,0.0,0.0,456.125,328.5625,55.732810974121094,0.0,0.0,0.5511050224304199,0.6565812826156616,0.5811244249343872,0.0,0.0,52.28388595581055,61.335838317871094,13.508085250854492,0.0,0.0,0.0,0.0,0.0,0.0,0.0,0.11375000327825546,0.08984375,0.0031250000465661287,0.0,0.0,229.0,254.0,254.0,240.0,144.0,112.0,43.0,0.0,0.0,0.0,0,0,0,0,0
689,128,275.67333984375,0.0,0.0,0.0,0.0,459.6875,327.375,55.732810974121094,0.0,0.0,0.5511828660964966,0.6548045873641968,0.5807767510414124,0.0,0.0,52.28388595581055,61.335838317871094,13.508085250854492,0.0,0.0,0.0,0.0,0.0,0.0,0.0,0.11562500149011612,0.08906249701976776,0.0031250000465661287,0.0,0.0,233.0,254.0,254.0,240.0,144.0,111.0,43.0,0.0,0.0,0.0,0,0,0,0,0
690,128,168.96665954589844,0.0,0.0,0.0,0.0,458.5,322.625,55.732810974121094,0.0,0.0,0.5508914589881897,0.6530631184577942,0.5804294943809509,0.0,0.0,52.28388595581055,61.335838317871094,13.508085250854492,0.0,0.0,0.0,0.0,0.0,0.0,0.0,0.11500000208616257,0.0859375,0.0031250000465661287,0.0,0.0,230.0,254.0,254.0,240.0,144.0,107.0,39.0,0.0,0.0,0.0,0,0,0,0,0
691,128,90.54666900634766,0.0,0.0,0.0,0.0,457.3125,317.875,55.732810974121094,0.0,0.0,0.5503308773040771,0.6513562798500061,0.5800827145576477,0.0,0.0,52.28388595581055,61.335838317871094,13.508085250854492,0.0,0.0,0.0,0.0,0.0,0.0,0.0,0.11437500268220901,0.08281250298023224,0.0031250000465661287,0.0,0.0,231.0,254.0,254.0,240.0,144.0,103.0,39.0,0.0,0.0,0.0,0,0,0,0,0
692,128,76.55333709716797,0.0,0.0,0.0,0.0,456.125,316.6875,55.732810974121094,0.0,0.0,0.5497257709503174,0.6496647000312805,0.5797362923622131,0.0,0.0,52.28388595581055,61.335838317871094,13.508085250854492,0.0,0.0,0.0,0.0,0.0,0.0,0.0,0.11375000327825546,0.08203125,0.0031250000465661287,0.0,0.0,232.0,254.0,254.0,240.0,144.0,102.0,36.0,0.0,0.0,0.0,0,0,0,0,0
693,128,71.06666564941406,0.0,0.0,0.0,0.0,458.5,316.6875,55.732810974121094,0.0,0.0,0.5490990877151489,0.6479818820953369,0.579390287399292,0.0,0.0,52.28388595581055,61.335838317871094,13.508085250854492,0.0,0.0,0.0,0.0,0.0,0.0,0.0,0.11500000208616257,0.08203125,0.0031250000465661287,0.0,0.0,233.0,254.0,254.0,240.0,144.0,100.0,31.0,0.0,0.0,0.0,0,0,0,0,0
694,127,34.50666809082031,0.0,0.0,0.0,0.0,456.125,316.6875,55.732810974121094,0.0,0.0,0.5483524799346924,0.6463077664375305,0.579044759273529,0.0,0.0,52.28388595581055,61.335838317871094,13.508085250854492,0.0,0.0,0.0,0.0,0.0,0.0,0.0,0.11375000327825546,0.08203125,0.0031250000465661287,0.0,0.0,231.0,255.0,254.0,240.0,144.0,99.0,28.0,0.0,0.0,0.0,1,0,0,0,0
695,128,8.686666488647461,0.0,0.0,0.0,0.0,453.75,315.5,55.732810974121094,0.0,0.0,0.547523558139801,0.6446484923362732,0.5786995887756348,0.0,0.0,52.28388595581055,61.335838317871094,13.508085250854492,0.0,0.0,0.0,0.0,0.0,0.0,0.0,0.11249999701976776,0.08124999701976776,0.0031250000465661287,0.0,0.0,231.0,255.0,254.0,240.0,144.0,95.0,26.0,0.0,0.0,0.0,0,0,0,0,0
696,127,4.693333148956299,0.0,0.0,0.0,0.0,454.9375,313.125,55.732810974121094,0.0,0.0,0.54668128490448,0.6430100798606873,0.5783548355102539,0.0,0.0,52.28388595581055,61.335838317871094,13.508085250854492,0.0,0.0,0.0,0.0,0.0,0.0,0.0,0.11312499642372131,0.07968749850988388,0.0031250000465661287,0.0,0.0,234.0,256.0,254.0,240.0,144.0,99.0,26.0,0.0,0.0,0.0,1,0,0,0,0
697,128,14.953332901000977,0.0,0.0,0.0,0.0,453.75,313.125,28.49968719482422,0.0,0.0,0.5458791851997375,0.6413800120353699,0.5781787037849426,0.0,0.0,52.28388595581055,61.335838317871094,13.508085250854492,0.0,0.0,0.0,0.0,0.0,0.0,0.0,0.11249999701976776,0.07968749850988388,0.0018749999580904841,0.0,0.0,234.0,258.0,254.0,240.0,144.0,93.0,26.0,0.0,0.0,0.0,0,0,0,0,0
698,128,35.93333435058594,0.0,0.0,0.0,0.0,454.9375,309.5625,28.49968719482422,0.0,0.0,0.5451493859291077,0.6397765874862671,0.5780026316642761,0.0,0.0,52.28388595581055,61.335838317871094,13.508085250854492,0.0,0.0,0.0,0.0,0.0,0.0,0.0,0.11312499642372131,0.07734374701976776,0.0018749999580904841,0.0,0.0,233.0,258.0,254.0,240.0,144.0,86.0,23.0,0.0,0.0,0.0,0,0,0,0,0
699,128,104.21333312988281,0.0,44.733333587646484,0.0,0.0,450.1875,303.625,28.49968719482422,0.0,0.0,0.5446649789810181,0.6382116675376892,0.5781310796737671,0.0,0.0,52.28388595581055,61.335838317871094,13.512595176696777,0.0,0.0,0.0,0.0,0.0,0.0,0.0,0.1106249988079071,0.07343749701976776,0.0018749999580904841,0.0,0.0,234.0,258.0,254.0,240.0,144.0,76.0,23.0,0.0,0.0,0.0,0,0,0,0,0
700,128,54.779998779296875,0.0,86.33999633789062,0.0,0.0,451.375,303.625,28.49968719482422,0.0,0.0,0.544010579586029,0.6366544365882874,0.5782594680786133,0.0,0.0,52.28388595581055,61.335838317871094,13.528661727905273,0.0,0.0,0.0,0.0,0.0,0.0,0.0,0.11124999821186066,0.07343749701976776,0.0018749999580904841,0.0,0.0,236.0,258.0,254.0,240.0,144.0,75.0,23.0,0.0,0.0,0.0,0,0,0,0,0
701,128,2.933333396911621,0.0,97.71333312988281,0.0,0.0,449.0,301.25,28.49968719482422,0.0,0.0,0.543185293674469,0.6351168155670166,0.5783877372741699,0.0,0.0,52.28388595581055,61.335838317871094,13.547887802124023,0.0,0.0,0.0,0.0,0.0,0.0,0.0,0.10999999940395355,0.07187499850988388,0.0018749999580904841,0.0,0.0,235.0,258.0,254.0,240.0,144.0,72.0,23.0,0.0,0.0,0.0,0,0,0,0,0
702,128,0.0,0.0,78.33999633789062,0.0,0.0,444.25,292.9375,28.49968719482422,0.0,0.0,0.542361319065094,0.633628785610199,0.5785159468650818,0.0,0.0,52.28388595581055,61.335838317871094,13.561732292175293,0.0,0.0,0.0,0.0,0.0,0.0,0.0,0.10750000178813934,0.06640625,0.0018749999580904841,0.0,0.0,235.0,260.0,254.0,240.0,144.0,67.0,23.0,0.0,0.0,0.0,0,0,0,0,0
703,128,0.0,0.0,101.9800033569336,0.0,0.0,437.125,292.9375,28.49968719482422,0.0,0.0,0.5415529608726501,0.6321476697921753,0.5786440372467041,0.0,0.0,52.28388595581055,61.335838317871094,13.58214282989502,0.0,0.0,0.0,0.0,0.0,0.0,0.0,0.10374999791383743,0.06640625,0.0018749999580904841,0.0,0.0,237.0,262.0,254.0,240.0,144.0,67.0,19.0,0.0,0.0,0.0,0,0,0,0,0
704,127,0.0,51.95333480834961,82.76000213623047,0.0,0.0,437.125,292.9375,28.49968719482422,0.0,0.0,0.5407470464706421,0.631087064743042,0.5787721276283264,0.0,0.0,52.28388595581055,61.335838317871094,13.59721565246582,0.0,0.0,0.0,0.0,0.0,0.0,0.0,0.10374999791383743,0.06640625,0.0018749999580904841,0.0,0.0,237.0,262.0,254.0,240.0,144.0,65.0,16.0,2.0,0.0,0.0,0,0,1,0,0
705,128,0.0,54.720001220703125,155.3733367919922,0.0,0.0,437.125,292.9375,28.49968719482422,0.0,0.0,0.539943516254425,0.6300534009933472,0.5789000988006592,0.0,0.0,52.28388595581055,61.335838317871094,13.632458686828613,0.0,0.0,0.0,0.0,0.0,0.0,0.0,0.10374999791383743,0.06640625,0.0018749999580904841,0.0,0.0,237.0,262.0,254.0,240.0,144.0,60.0,16.0,2.0,0.0,0.0,0,0,0,0,0
706,127,0.0,0.0,152.1666717529297,0.0,0.0,432.375,291.75,55.732810974121094,0.0,0.0,0.5391510725021362,0.628596842288971,0.5791501402854919,0.0,0.0,52.28388595581055,61.335838317871094,13.659245491027832,0.0,0.0,0.0,0.0,0.0,0.0,0.0,0.10125000029802322,0.06562499701976776,0.0031250000465661287,0.0,0.0,237.0,262.0,254.0,240.0,144.0,58.0,16.0,3.0,0.0,0.0,0,0,1,0,0
707,128,0.0,0.0,143.68666076660156,0.0,0.0,432.375,291.75,55.732810974121094,0.0,0.0,0.5383608937263489,0.6271469593048096,0.579399824142456,0.0,0.0,52.28388595581055,61.335838317871094,13.683676719665527,0.0,0.0,0.0,0.0,0.0,0.0,0.0,0.10125000029802322,0.06562499701976776,0.0031250000465661287,0.0,0.0,241.0,262.0,254.0,240.0,144.0,54.0,16.0,3.0,0.0,0.0,0,0,0,0,0
708,128,0.0,0.0,192.9933319091797,0.0,0.0,431.1875,288.1875,81.69937133789062,0.0,0.0,0.5375752449035645,0.6257213950157166,0.5797653794288635,0.0,0.0,52.28388595581055,61.335838317871094,13.714591979980469,0.0,0.0,0.0,0.0,0.0,0.0,0.0,0.10062500089406967,0.06328125298023224,0.0037499999161809683,0.0,0.0,241.0,262.0,254.0,240.0,144.0,49.0,16.0,3.0,0.0,0.0,0,0,0,0,0
709,128,0.0,0.0,164.72000122070312,0.0,0.0,430.0,285.8125,81.69937133789062,0.0,0.0,0.5367940664291382,0.6243138909339905,0.5801303386688232,0.0,0.0,52.28388595581055,61.335838317871094,13.737653732299805,0.0,0.0,0.0,0.0,0.0,0.0,0.0,0.10000000149011612,0.06171875074505806,0.0037499999161809683,0.0,0.0,241.0,262.0,254.0,240.0,144.0,48.0,16.0,3.0,0.0,0.0,0,0,0,0,0
710,128,0.0,0.0,131.55999755859375,0.0,0.0,428.8125,284.625,81.69937133789062,0.0,0.0,0.5360172390937805,0.6229185461997986,0.5804945826530457,0.0,0.0,52.28388595581055,61.335838317871094,13.751503944396973,0.0,0.0,0.0,0.0,0.0,0.0,0.0,0.09937500208616257,0.06093750149011612,0.0037499999161809683,0.0,0.0,242.0,264.0,254.0,240.0,144.0,42.0,14.0,3.0,0.0,0.0,0,0,0,0,0
711,128,0.0,0.0,156.23333740234375,0.0,0.0,427.625,284.625,81.69937133789062,0.0,0.0,0.5352448225021362,0.6215294599533081,0.5808582901954651,0.0,0.0,52.28388595581055,61.335838317871094,13.772207260131836,0.0,0.0,0.0,0.0,0.0,0.0,0.0,0.09875000268220901,0.06093750149011612,0.0037499999161809683,0.0,0.0,243.0,261.0,254.0,240.0,144.0,38.0,10.0,3.0,0.0,0.0,0,0,0,0,0
712,127,0.0,0.0,161.10667419433594,0.0,0.0,420.5,282.25,81.69937133789062,0.0,0.0,0.5344874858856201,0.6201580166816711,0.5812212824821472,0.0,0.0,52.28388595581055,61.335838317871094,13.794264793395996,0.0,0.0,0.0,0.0,0.0,0.0,0.0,0.0949999988079071,0.05937499925494194,0.0037499999161809683,0.0,0.0,244.0,261.0,254.0,240.0,144.0,36.0,8.0,4.0,0.0,0.0,0,0,1,0,0
713,128,0.0,0.0,169.2933349609375,0.0,0.0,416.9375,282.25,81.69937133789062,0.0,0.0,0.5337386131286621,0.6187926530838013,0.5815836787223816,0.0,0.0,52.28388595581055,61.335838317871094,13.818596839904785,0.0,0.0,0.0,0.0,0.0,0.0,0.0,0.09312500059604645,0.05937499925494194,0.0037499999161809683,0.0,0.0,249.0,261.0,254.0,240.0,144.0,34.0,7.0,4.0,0.0,0.0,0,0,0,0,0
714,128,0.0,0.0,214.5399932861328,0.0,0.0,414.5625,278.6875,107.66593933105469,0.0,0.0,0.5329961180686951,0.6174504160881042,0.5820602774620056,0.0,0.0,52.28388595581055,61.335838317871094,13.848283767700195,0.0,0.0,0.0,0.0,0.0,0.0,0.0,0.09187500178813934,0.05703125149011612,0.0043750000186264515,0.0,0.0,252.0,261.0,254.0,240.0,144.0,32.0,7.0,3.0,0.0,0.0,0,0,0,0,0
715,128,0.0,0.0,241.60667419433594,0.0,0.0,413.375,278.6875,107.66593933105469,0.0,0.0,0.5322577953338623,0.6161139607429504,0.5825358033180237,0.0,0.0,52.28388595581055,61.335838317871094,13.885489463806152,0.0,0.0,0.0,0.0,0.0,0.0,0.0,0.09125000238418579,0.05703125149011612,0.0043750000186264515,0.0,0.0,254.0,261.0,259.0,240.0,144.0,32.0,7.0,3.0,0.0,0.0,0,0,0,0,0
716,128,0.0,0.0,169.19332885742188,0.0,0.0,411.0,275.125,107.66593933105469,0.0,0.0,0.531525731086731,0.614800214767456,0.5830102562904358,0.0,0.0,52.28388595581055,61.335838317871094,13.902580261230469,0.0,0.0,0.0,0.0,0.0,0.0,0.0,0.09000000357627869,0.0546875,0.0043750000186264515,0.0,0.0,255.0,261.0,259.0,240.0,144.0,28.0,5.0,3.0,0.0,0.0,0,0,0,0,0
717,126,0.0,0.0,143.86000061035156,0.0,0.0,406.25,275.125,107.66593933105469,0.0,0.0,0.5308040976524353,0.6134921312332153,0.5834836363792419,0.0,0.0,52.28388595581055,61.335838317871094,13.91263484954834,0.0,0.0,0.0,0.0,0.0,0.0,0.0,0.08749999850988388,0.0546875,0.0043750000186264515,0.0,0.0,257.0,264.0,259.0,240.0,144.0,25.0,5.0,8.0,0.0,0.0,0,0,2,0,0
718,128,0.0,0.0,187.97999572753906,0.0,0.0,400.3125,271.5625,107.66593933105469,0.0,0.0,0.5300949811935425,0.6122063994407654,0.5839559435844421,0.0,0.0,52.28388595581055,61.335838317871094,13.934944152832031,0.0,0.0,0.0,0.0,0.0,0.0,0.0,0.08437500149011612,0.05234374850988388,0.0043750000186264515,0.0,0.0,259.0,264.0,259.0,240.0,144.0,22.0,5.0,8.0,0.0,0.0,0,0,0,0,0
719,128,0.0,0.0,192.36000061035156,0.0,0.0,403.875,271.5625,138.69874572753906,0.0,0.0,0.5293813943862915,0.6109260320663452,0.5845628380775452,0.0,0.0,52.28388595581055,61.335838317871094,13.949850082397461,0.0,0.0,0.0,0.0,0.0,0.0,0.0,0.08624999970197678,0.05234374850988388,0.007499999832361937,0.0,0.0,264.0,267.0,259.0,240.0,144.0,22.0,5.0,8.0,0.0,0.0,0,0,0,0,0
720,128,0.0,0.0,229.3000030517578,0.0,0.0,399.125,264.4375,138.69874572753906,0.0,0.0,0.5286781191825867,0.609684407711029,0.5851678848266602,0.0,0.0,52.28388595581055,61.335838317871094,13.975016593933105,0.0,0.0,0.0,0.0,0.0,0.0,0.0,0.08375000208616257,0.04765624925494194,0.007499999832361937,0.0,0.0,261.0,267.0,259.0,240.0,144.0,21.0,4.0,8.0,0.0,0.0,0,0,0,0,0
721,127,3.6666667461395264,0.0,210.4066619873047,0.0,0.0,399.125,264.4375,138.69874572753906,0.0,0.0,0.5279889106750488,0.6084478497505188,0.5857712626457214,0.0,0.0,52.28388595581055,61.335838317871094,13.994935989379883,0.0,0.0,0.0,0.0,0.0,0.0,0.0,0.08375000208616257,0.04765624925494194,0.007499999832361937,0.0,0.0,264.0,270.0,259.0,240.0,144.0,18.0,3.0,9.0,0.0,0.0,0,0,1,0,0
722,128,136.76666259765625,0.0,164.86000061035156,0.0,0.0,399.125,263.25,138.69874572753906,0.0,0.0,0.527743399143219,0.607221782207489,0.5863727927207947,0.0,0.0,52.28388595581055,61.335838317871094,14.002202987670898,0.0,0.0,0.0,0.0,0.0,0.0,0.0,0.08375000208616257,0.046875,0.007499999832361937,0.0,0.0,264.0,270.0,257.0,240.0,144.0,18.0,3.0,9.0,0.0,0.0,0,0,0,0,0
723,128,125.80000305175781,0.0,242.2133331298828,0.0,0.0,395.5625,263.25,113.99874877929688,0.0,0.0,0.5274683237075806,0.6060006618499756,0.5868659615516663,0.0,0.0,52.28388595581055,61.335838317871094,14.03781795501709,0.0,0.0,0.0,0.0,0.0,0.0,0.0,0.08187499642372131,0.046875,0.007499999832361937,0.0,0.0,264.0,271.0,258.0,240.0,144.0,15.0,3.0,9.0,0.0,0.0,0,0,0,0,0
724,128,109.44000244140625,0.0,106.94000244140625,0.0,0.0,392.0,262.0625,113.99874877929688,0.0,0.0,0.5271461009979248,0.6047899127006531,0.5872842073440552,0.0,0.0,52.28388595581055,61.335838317871094,14.03781795501709,0.0,0.0,0.0,0.0,0.0,0.0,0.0,0.07999999821186066,0.04609375074505806,0.007499999832361937,0.0,0.0,264.0,271.0,258.0,240.0,144.0,15.0,3.0,9.0,0.0,0.0,0,0,0,0,0
725,128,146.44000244140625,0.0,251.586669921875,0.0,0.0,392.0,258.5,113.99874877929688,0.0,0.0,0.526947021484375,0.6036003828048706,0.5877750515937805,0.0,0.0,52.28388595581055,61.335838317871094,14.07603645324707,0.0,0.0,0.0,0.0,0.0,0.0,0.0,0.07999999821186066,0.04374999925494194,0.007499999832361937,0.0,0.0,265.0,271.0,258.0,240.0,144.0,12.0,3.0,9.0,0.0,0.0,0,0,0,0,0
726,128,120.83333587646484,0.0,196.586669921875,0.0,0.0,389.625,254.9375,113.99874877929688,0.0,0.0,0.5266680121421814,0.6024317741394043,0.5882648229598999,0.0,0.0,52.28388595581055,61.335838317871094,14.098978042602539,0.0,0.0,0.0,0.0,0.0,0.0,0.0,0.07874999940395355,0.04140625149011612,0.007499999832361937,0.0,0.0,265.0,271.0,258.0,240.0,144.0,12.0,3.0,9.0,0.0,0.0,0,0,0,0,0
727,127,70.7933349609375,0.0,363.2866516113281,0.0,0.0,387.25,252.5625,113.99874877929688,0.0,0.0,0.5262288451194763,0.6012784838676453,0.588753342628479,0.0,0.0,52.28388595581055,61.335838317871094,14.168224334716797,0.0,0.0,0.0,0.0,0.0,0.0,0.0,0.07750000059604645,0.03984374925494194,0.007499999832361937,0.0,0.0,265.0,273.0,258.0,240.0,144.0,12.0,2.0,12.0,0.0,0.0,0,0,1,0,0
728,128,61.51333236694336,0.0,289.94000244140625,0.0,0.0,382.5,252.5625,113.99874877929688,0.0,0.0,0.5257684588432312,0.6001296639442444,0.5892407298088074,0.0,0.0,52.28388595581055,61.335838317871094,14.217097282409668,0.0,0.0,0.0,0.0,0.0,0.0,0.0,0.07500000298023224,0.03984374925494194,0.007499999832361937,0.0,0.0,265.0,273.0,258.0,240.0,144.0,12.0,2.0,12.0,0.0,0.0,0,0,0,0,0
729,128,67.6066665649414,0.0,396.2533264160156,0.0,0.0,371.8125,252.5625,142.49844360351562,0.0,0.0,0.5253477096557617,0.5989851951599121,0.5898483991622925,0.0,0.0,52.28388595581055,61.335838317871094,14.28758430480957,0.0,0.0,0.0,0.0,0.0,0.0,0.0,0.06937500089406967,0.03984374925494194,0.00937500037252903,0.0,0.0,269.0,273.0,258.0,240.0,144.0,9.0,2.0,11.0,0.0,0.0,0,0,0,0,0
730,128,61.400001525878906,0.0,98.77999877929688,0.0,0.0,371.8125,249.0,142.49844360351562,0.0,0.0,0.5249075889587402,0.5978611707687378,0.5900010466575623,0.0,0.0,52.28388595581055,61.335838317871094,14.28758430480957,0.0,0.0,0.0,0.0,0.0,0.0,0.0,0.06937500089406967,0.03750000149011612,0.00937500037252903,0.0,0.0,275.0,273.0,256.0,240.0,144.0,7.0,2.0,11.0,0.0,0.0,0,0,0,0,0
731,128,35.34000015258789,17.18666648864746,186.9199981689453,0.0,0.0,369.4375,245.4375,142.49844360351562,0.0,0.0,0.5243871212005615,0.5968865752220154,0.5906057357788086,0.0,0.0,52.28388595581055,61.335838317871094,14.29992389678955,0.0,0.0,0.0,0.0,0.0,0.0,0.0,0.06812500208616257,0.03515625,0.00937500037252903,0.0,0.0,273.0,273.0,256.0,240.0,144.0,7.0,2.0,11.0,0.0,0.0,0,0,0,0,0
732,128,34.48666763305664,22.213333129882812,179.3000030517578,0.0,0.0,367.0625,239.5,142.49844360351562,0.0,0.0,0.5238692164421082,0.5959799289703369,0.5912086963653564,0.0,0.0,52.28388595581055,61.335838317871094,14.31014633178711,0.0,0.0,0.0,0.0,0.0,0.0,0.0,0.06687500327825546,0.03125,0.00937500037252903,0.0,0.0,273.0,273.0,256.0,240.0,144.0,7.0,2.0,11.0,0.0,0.0,0,0,0,0,0
733,128,42.79999923706055,35.04666519165039,115.45333099365234,0.0,0.0,364.6875,239.5,142.49844360351562,0.0,0.0,0.5233837962150574,0.5951727032661438,0.5915307402610779,0.0,0.0,52.28388595581055,61.335838317871094,14.31014633178711,0.0,0.0,0.0,0.0,0.0,0.0,0.0,0.06562499701976776,0.03125,0.00937500037252903,0.0,0.0,273.0,275.0,256.0,240.0,144.0,5.0,2.0,11.0,0.0,0.0,0,0,0,0,0
734,128,47.97999954223633,53.253334045410156,106.73332977294922,0.0,0.0,364.6875,235.9375,142.49844360351562,0.0,0.0,0.5229164958000183,0.5945205092430115,0.5917619466781616,0.0,0.0,52.28388595581055,61.335838317871094,14.31014633178711,0.0,0.0,0.0,0.0,0.0,0.0,0.0,0.06562499701976776,0.02890625037252903,0.00937500037252903,0.0,0.0,273.0,275.0,256.0,240.0,144.0,5.0,2.0,11.0,0.0,0.0,0,0,0,0,0
735,128,47.45333480834961,53.560001373291016,105.0199966430664,0.0,0.0,362.3125,235.9375,142.49844360351562,0.0,0.0,0.5224526524543762,0.5938728451728821,0.5919749140739441,0.0,0.0,52.28388595581055,61.335838317871094,14.31014633178711,0.0,0.0,0.0,0.0,0.0,0.0,0.0,0.06437499821186066,0.02890625037252903,0.00937500037252903,0.0,0.0,273.0,278.0,256.0,240.0,144.0,5.0,2.0,9.0,0.0,0.0,0,0,0,0,0
736,128,11.680000305175781,145.94000244140625,108.38666534423828,0.0,0.0,361.125,235.9375,142.49844360351562,0.0,0.0,0.5218752026557922,0.5939162373542786,0.5922217965126038,0.0,0.0,52.28388595581055,61.335838317871094,14.31014633178711,0.0,0.0,0.0,0.0,0.0,0.0,0.0,0.0637499988079071,0.02890625037252903,0.00937500037252903,0.0,0.0,273.0,278.0,256.0,240.0,144.0,5.0,2.0,9.0,0.0,0.0,0,0,0,0,0
737,128,0.0,226.06666564941406,165.89999389648438,0.0,0.0,361.125,235.9375,142.49844360351562,0.0,0.0,0.5212610960006714,0.5945559144020081,0.5928179621696472,0.0,0.0,52.28388595581055,61.335838317871094,14.316646575927734,0.0,0.0,0.0,0.0,0.0,0.0,0.0,0.0637499988079071,0.02890625037252903,0.00937500037252903,0.0,0.0,273.0,278.0,256.0,240.0,144.0,5.0,2.0,9.0,0.0,0.0,0,0,0,0,0
738,128,0.0,281.3133239746094,48.119998931884766,0.0,0.0,356.375,235.9375,141.23187255859375,0.0,0.0,0.520656406879425,0.5952666401863098,0.5924532413482666,0.0,0.0,52.28388595581055,61.348445892333984,14.316646575927734,0.0,0.0,0.0,0.0,0.0,0.0,0.0,0.061250001192092896,0.02890625037252903,0.008750000037252903,0.0,0.0,273.0,278.0,256.0,240.0,144.0,2.0,0.0,9.0,0.0,0.0,0,0,0,0,0
739,128,0.0,311.52667236328125,118.40666961669922,0.0,0.0,355.1875,235.9375,141.23187255859375,0.0,0.0,0.5200551748275757,0.595974862575531,0.5928085446357727,0.0,0.0,52.28388595581055,61.369441986083984,14.316646575927734,0.0,0.0,0.0,0.0,0.0,0.0,0.0,0.06062500178813934,0.02890625037252903,0.008750000037252903,0.0,0.0,273.0,278.0,256.0,240.0,144.0,2.0,0.0,9.0,0.0,0.0,0,0,0,0,0
740,128,0.0,352.239990234375,28.85333251953125,0.0,0.0,352.8125,233.5625,137.43218994140625,0.0,0.0,0.5194593071937561,0.5966735482215881,0.5922710299491882,0.0,0.0,52.28388595581055,61.402408599853516,14.316646575927734,0.0,0.0,0.0,0.0,0.0,0.0,0.0,0.05937499925494194,0.02734375,0.006874999962747097,0.0,0.0,274.0,278.0,256.0,240.0,144.0,2.0,0.0,9.0,0.0,0.0,0,0,0,0,0
741,128,0.0,431.4333190917969,0.0,0.0,0.0,351.625,233.5625,137.43218994140625,0.0,0.0,0.5188668370246887,0.5973698496818542,0.5914406776428223,0.0,0.0,52.28388595581055,61.45737075805664,14.316646575927734,0.0,0.0,0.0,0.0,0.0,0.0,0.0,0.05874999985098839,0.02734375,0.006874999962747097,0.0,0.0,274.0,278.0,256.0,240.0,144.0,2.0,0.0,9.0,0.0,0.0,0,0,0,0,0
742,127,0.0,503.32000732421875,61.400001525878906,0.0,0.0,351.625,233.5625,137.43218994140625,0.0,0.0,0.5182756781578064,0.5980637073516846,0.5912381410598755,0.0,0.0,52.28388595581055,61.53230285644531,14.316646575927734,0.0,0.0,0.0,0.0,0.0,0.0,0.0,0.05874999985098839,0.02734375,0.006874999962747097,0.0,0.0,274.0,278.0,256.0,240.0,144.0,2.0,2.0,9.0,0.0,0.0,0,1,0,0,0
743,128,0.0,396.5133361816406,76.6066665649414,0.0,0.0,344.5,233.5625,137.43218994140625,0.0,0.0,0.5176978707313538,0.5987552404403687,0.5911908149719238,0.0,0.0,52.28388595581055,61.57756805419922,14.316646575927734,0.0,0.0,0.0,0.0,0.0,0.0,0.0,0.054999999701976776,0.02734375,0.006874999962747097,0.0,0.0,274.0,278.0,256.0,240.0,144.0,2.0,2.0,9.0,0.0,0.0,0,0,0,0,0
744,128,0.0,595.413330078125,99.80000305175781,0.0,0.0,339.75,235.9375,137.43218994140625,0.0,0.0,0.5171292424201965,0.5994513034820557,0.5913792848587036,0.0,0.0,52.28388595581055,61.67742156982422,14.316646575927734,0.0,0.0,0.0,0.0,0.0,0.0,0.0,0.05249999836087227,0.02890625037252903,0.006874999962747097,0.0,0.0,276.0,279.0,256.0,240.0,144.0,2.0,2.0,9.0,0.0,0.0,0,0,0,0,0
745,128,0.0,481.5400085449219,3.873333215713501,0.0,0.0,338.5625,228.8125,137.43218994140625,0.0,0.0,0.5165638327598572,0.6001241207122803,0.5905941128730774,0.0,0.0,52.28388595581055,61.747623443603516,14.316646575927734,0.0,0.0,0.0,0.0,0.0,0.0,0.0,0.051874998956918716,0.02421874925494194,0.006874999962747097,0.0,0.0,276.0,279.0,256.0,240.0,144.0,0.0,2.0,9.0,0.0,0.0,0,0,0,0,0
746,127,0.0,590.6799926757812,0.0,0.0,0.0,339.75,227.625,137.43218994140625,0.0,0.0,0.5159976482391357,0.6007911562919617,0.5897718667984009,0.0,0.0,52.28388595581055,61.848472595214844,14.316646575927734,0.0,0.0,0.0,0.0,0.0,0.0,0.0,0.05249999836087227,0.0234375,0.006874999962747097,0.0,0.0,277.0,279.0,256.0,240.0,144.0,0.0,5.0,9.0,0.0,0.0,0,1,0,0,0
747,128,0.0,681.52001953125,34.43333435058594,0.0,0.0,339.75,227.625,137.43218994140625,0.0,0.0,0.5154327750205994,0.6014559864997864,0.589300274848938,0.0,0.0,52.28388595581055,61.97455596923828,14.316646575927734,0.0,0.0,0.0,0.0,0.0,0.0,0.0,0.05249999836087227,0.0234375,0.006874999962747097,0.0,0.0,277.0,279.0,256.0,240.0,144.0,0.0,5.0,9.0,0.0,0.0,0,0,0,0,0
748,127,0.0,552.306640625,29.540000915527344,0.0,0.0,339.75,231.1875,137.43218994140625,0.0,0.0,0.5148690938949585,0.6021289825439453,0.5887805223464966,0.0,0.0,52.28388595581055,62.06375503540039,14.316646575927734,0.0,0.0,0.0,0.0,0.0,0.0,0.0,0.05249999836087227,0.02578124962747097,0.006874999962747097,0.0,0.0,276.0,280.0,256.0,240.0,144.0,0.0,8.0,8.0,0.0,0.0,0,1,0,0,0
749,128,0.0,579.3866577148438,45.38666534423828,0.0,0.0,337.375,226.4375,137.43218994140625,0.0,0.0,0.5143105983734131,0.6027858853340149,0.5884220600128174,0.0,0.0,52.28388595581055,62.16179656982422,14.316646575927734,0.0,0.0,0.0,0.0,0.0,0.0,0.0,0.051249999552965164,0.02265625074505806,0.006874999962747097,0.0,0.0,276.0,280.0,256.0,240.0,144.0,0.0,8.0,8.0,0.0,0.0,0,0,0,0,0
750,128,0.0,539.9733276367188,73.3066635131836,0.0,0.0,337.375,231.1875,137.43218994140625,0.0,0.0,0.5137532949447632,0.6034544110298157,0.5883458852767944,0.0,0.0,52.28388595581055,62.2475700378418,14.316646575927734,0.0,0.0,0.0,0.0,0.0,0.0,0.0,0.051249999552965164,0.02578124962747097,0.006874999962747097,0.0,0.0,276.0,284.0,256.0,240.0,144.0,0.0,8.0,8.0,0.0,0.0,0,0,0,0,0
751,128,0.0,700.739990234375,127.95333099365234,0.0,0.0,337.375,231.1875,137.43218994140625,0.0,0.0,0.5131972432136536,0.604120671749115,0.588819682598114,0.0,0.0,52.28388595581055,62.37800216674805,14.316646575927734,0.0,0.0,0.0,0.0,0.0,0.0,0.0,0.051249999552965164,0.02578124962747097,0.006874999962747097,0.0,0.0,276.0,282.0,256.0,240.0,144.0,0.0,8.0,8.0,0.0,0.0,0,0,0,0,0
752,128,0.0,522.8666381835938,105.71333312988281,0.0,0.0,337.375,231.1875,137.43218994140625,0.0,0.0,0.5126423239707947,0.6047846674919128,0.5890687704086304,0.0,0.0,52.28388595581055,62.459022521972656,14.316646575927734,0.0,0.0,0.0,0.0,0.0,0.0,0.0,0.051249999552965164,0.02578124962747097,0.006874999962747097,0.0,0.0,276.0,282.0,256.0,240.0,144.0,0.0,8.0,5.0,0.0,0.0,0,0,0,0,0
753,128,52.06666564941406,582.8133544921875,63.233333587646484,0.0,0.0,335.0,228.8125,137.43218994140625,0.0,0.0,0.5122592449188232,0.6054396629333496,0.5888909697532654,0.0,0.0,52.28388595581055,62.55735778808594,14.316646575927734,0.0,0.0,0.0,0.0,0.0,0.0,0.0,0.05000000074505806,0.02421874925494194,0.006874999962747097,0.0,0.0,276.0,282.0,256.0,240.0,144.0,0.0,8.0,5.0,0.0,0.0,0,0,0,0,0
754,128,128.8866729736328,446.70001220703125,121.9000015258789,0.0,0.0,327.875,202.4375,137.43218994140625,0.0,0.0,0.5121342539787292,0.6060173511505127,0.5893014073371887,0.0,0.0,52.28388595581055,62.625205993652344,14.316646575927734,0.0,0.0,0.0,0.0,0.0,0.0,0.0,0.04625000059604645,0.02265625074505806,0.006874999962747097,0.0,0.0,278.0,282.0,256.0,240.0,144.0,0.0,8.0,5.0,0.0,0.0,0,0,0,0,0
755,128,241.7133331298828,586.760009765625,105.14666748046875,0.0,0.0,327.875,202.4375,137.43218994140625,0.0,0.0,0.5123700499534607,0.6065933704376221,0.5895430445671082,0.0,0.0,52.28388595581055,62.731964111328125,14.316646575927734,0.0,0.0,0.0,0.0,0.0,0.0,0.0,0.04625000059604645,0.02265625074505806,0.006874999962747097,0.0,0.0,280.0,282.0,256.0,240.0,144.0,0.0,8.0,5.0,0.0,0.0,0,0,0,0,0
756,128,311.5199890136719,603.0466918945312,127.45333099365234,0.0,0.0,325.5,202.4375,137.43218994140625,0.0,0.0,0.51283198595047,0.607167661190033,0.590006947517395,0.0,0.0,52.28388595581055,62.84324264526367,14.316646575927734,0.0,0.0,0.0,0.0,0.0,0.0,0.0,0.04500000178813934,0.02265625074505806,0.006874999962747097,0.0,0.0,280.0,282.0,256.0,240.0,144.0,0.0,8.0,5.0,0.0,0.0,0,0,0,0,0
757,128,311.4533386230469,668.739990234375,118.12000274658203,0.0,0.0,323.125,202.4375,137.43218994140625,0.0,0.0,0.5132966041564941,0.6077403426170349,0.5903764963150024,0.0,0.0,52.28388595581055,62.972774505615234,14.316646575927734,0.0,0.0,0.0,0.0,0.0,0.0,0.0,0.04374999925494194,0.02265625074505806,0.006874999962747097,0.0,0.0,282.0,282.0,256.0,240.0,144.0,0.0,8.0,5.0,0.0,0.0,0,0,0,0,0
758,128,331.586669921875,512.0266723632812,129.32000732421875,0.0,0.0,317.1875,198.875,137.43218994140625,0.0,0.0,0.5137882828712463,0.6083012819290161,0.5908565521240234,0.0,0.0,52.28788375854492,63.05976104736328,14.316646575927734,0.0,0.0,0.0,0.0,0.0,0.0,0.0,0.04062499850988388,0.02031249925494194,0.006874999962747097,0.0,0.0,284.0,282.0,256.0,240.0,144.0,0.0,8.0,5.0,0.0,0.0,0,0,0,0,0
759,128,473.6333312988281,555.9666748046875,123.62666320800781,0.0,0.0,314.8125,198.875,137.43218994140625,0.0,0.0,0.514275312423706,0.6088606119155884,0.5912786722183228,0.0,0.0,52.332000732421875,63.15895080566406,14.316646575927734,0.0,0.0,0.0,0.0,0.0,0.0,0.0,0.039374999701976776,0.02031249925494194,0.006874999962747097,0.0,0.0,287.0,282.0,256.0,240.0,144.0,0.0,8.0,5.0,0.0,0.0,0,0,0,0,0
760,127,559.9866943359375,494.6199951171875,138.94667053222656,0.0,0.0,312.4375,195.3125,137.43218994140625,0.0,0.0,0.5147576332092285,0.6094083786010742,0.5918368101119995,0.0,0.0,52.40076446533203,63.24209213256836,14.317068099975586,0.0,0.0,0.0,0.0,0.0,0.0,0.0,0.03812500089406967,0.01796874962747097,0.006874999962747097,0.0,0.0,287.0,282.0,256.0,240.0,144.0,2.0,8.0,5.0,0.0,0.0,1,0,0,0,0
761,127,435.0199890136719,774.3866577148438,113.48666381835938,0.0,0.0,312.4375,195.3125,137.43218994140625,0.0,0.0,0.5152390599250793,0.6099546551704407,0.5921558737754822,0.0,0.0,52.434814453125,63.40294647216797,14.317068099975586,0.0,0.0,0.0,0.0,0.0,0.0,0.0,0.03812500089406967,0.01796874962747097,0.006874999962747097,0.0,0.0,287.0,284.0,256.0,240.0,144.0,6.0,8.0,5.0,0.0,0.0,1,0,0,0,0
762,128,441.44000244140625,831.6466674804688,152.17999267578125,0.0,0.0,311.25,192.9375,137.43218994140625,0.0,0.0,0.5157176852226257,0.6104927062988281,0.5927112698554993,0.0,0.0,52.47098159790039,63.58036422729492,14.32116413116455,0.0,0.0,0.0,0.0,0.0,0.0,0.0,0.03750000149011612,0.01640624925494194,0.006874999962747097,0.0,0.0,287.0,284.0,256.0,240.0,144.0,6.0,8.0,5.0,0.0,0.0,0,0,0,0,0
763,128,518.1533203125,792.7066650390625,131.7133331298828,0.0,0.0,319.5625,192.9375,137.43218994140625,0.0,0.0,0.5162081122398376,0.611029326915741,0.5932086110115051,0.0,0.0,52.526145935058594,63.74696731567383,14.32116413116455,0.0,0.0,0.0,0.0,0.0,0.0,0.0,0.041875001043081284,0.01640624925494194,0.006874999962747097,0.0,0.0,286.0,284.0,256.0,240.0,144.0,6.0,8.0,5.0,0.0,0.0,0,0,0,0,0
764,128,529.7466430664062,889.0,109.06666564941406,0.0,0.0,319.5625,192.9375,137.43218994140625,0.0,0.0,0.5166975855827332,0.6115645170211792,0.5934807658195496,0.0,0.0,52.584529876708984,63.9403190612793,14.32116413116455,0.0,0.0,0.0,0.0,0.0,0.0,0.0,0.041875001043081284,0.01640624925494194,0.006874999962747097,0.0,0.0,283.0,284.0,256.0,240.0,144.0,6.0,8.0,5.0,0.0,0.0,0,0,0,0,0
765,128,535.4000244140625,823.47998046875,93.85333251953125,0.0,0.0,292.0,192.9375,137.43218994140625,0.0,0.0,0.517143964767456,0.6120981574058533,0.5936020612716675,0.0,0.0,52.65214157104492,64.11547088623047,14.32116413116455,0.0,0.0,0.0,0.0,0.0,0.0,0.0,0.03999999910593033,0.01640624925494194,0.006874999962747097,0.0,0.0,283.0,284.0,256.0,240.0,144.0,6.0,8.0,5.0,0.0,0.0,0,0,0,0,0
766,128,603.4466552734375,524.193359375,45.8466682434082,0.0,0.0,290.8125,192.9375,137.43218994140625,0.0,0.0,0.5175876617431641,0.6126303672790527,0.5932499170303345,0.0,0.0,52.738983154296875,64.20748138427734,14.32116413116455,0.0,0.0,0.0,0.0,0.0,0.0,0.0,0.039374999701976776,0.01640624925494194,0.006874999962747097,0.0,0.0,283.0,284.0,256.0,240.0,144.0,6.0,8.0,5.0,0.0,0.0,0,0,0,0,0
767,127,693.0733032226562,623.893310546875,72.66666412353516,0.0,0.0,290.8125,192.9375,110.19906616210938,0.0,0.0,0.51803058385849,0.6131610870361328,0.593321681022644,0.0,0.0,52.85072326660156,64.32719421386719,14.32116413116455,0.0,0.0,0.0,0.0,0.0,0.0,0.0,0.039374999701976776,0.01640624925494194,0.005625000223517418,0.0,0.0,284.0,284.0,256.0,240.0,144.0,7.0,8.0,5.0,0.0,0.0,1,0,0,0,0
768,128,597.7866821289062,416.8933410644531,48.9466667175293,0.0,0.0,265.625,192.9375,110.19906616210938,0.0,0.0,0.5184344053268433,0.6136904358863831,0.5931600332260132,0.0,0.0,52.942989349365234,64.389404296875,14.32116413116455,0.0,0.0,0.0,0.0,0.0,0.0,0.0,0.038750000298023224,0.01640624925494194,0.005625000223517418,0.0,0.0,284.0,284.0,256.0,240.0,144.0,7.0,8.0,5.0,0.0,0.0,0,0,0,0,0
769,128,623.82666015625,90.51333618164062,38.19333267211914,0.0,0.0,289.625,192.9375,110.19906616210938,0.0,0.0,0.5188739895820618,0.6134929060935974,0.592893123626709,0.0,0.0,53.035823822021484,64.389404296875,14.32116413116455,0.0,0.0,0.0,0.0,0.0,0.0,0.0,0.038750000298023224,0.01640624925494194,0.005625000223517418,0.0,0.0,286.0,284.0,256.0,240.0,144.0,7.0,8.0,3.0,0.0,0.0,0,0,0,0,0
770,128,706.6199951171875,365.94000244140625,46.82666778564453,0.0,0.0,282.5,167.75,110.19906616210938,0.0,0.0,0.5193019509315491,0.6139515042304993,0.5927114486694336,0.0,0.0,53.15363311767578,64.4444580078125,14.32116413116455,0.0,0.0,0.0,0.0,0.0,0.0,0.0,0.03500000014901161,0.015625,0.005625000223517418,0.0,0.0,286.0,284.0,256.0,240.0,144.0,7.0,8.0,3.0,0.0,0.0,0,0,0,0,0
771,128,658.2933349609375,232.6366729736328,40.45333480834961,0.0,0.0,278.9375,167.75,110.19906616210938,0.0,0.0,0.5197237730026245,0.6144090294837952,0.592467725276947,0.0,0.0,53.259010314941406,64.46247863769531,14.32116413116455,0.0,0.0,0.0,0.0,0.0,0.0,0.0,0.03312499821186066,0.015625,0.005625000223517418,0.0,0.0,286.0,284.0,256.0,240.0,144.0,7.0,8.0,3.0,0.0,0.0,0,0,0,0,0
772,128,494.3999938964844,99.33333587646484,31.739999771118164,0.0,0.0,278.9375,141.375,110.19906616210938,0.0,0.0,0.5201448798179626,0.6144970655441284,0.5921392440795898,0.0,0.0,53.31886291503906,64.46247863769531,14.32116413116455,0.0,0.0,0.0,0.0,0.0,0.0,0.0,0.03312499821186066,0.01406249962747097,0.005625000223517418,0.0,0.0,289.0,284.0,256.0,240.0,144.0,7.0,8.0,3.0,0.0,0.0,0,0,0,0,0
773,128,596.6400146484375,249.60000610351562,27.566667556762695,0.0,0.0,278.9375,141.375,110.19906616210938,0.0,0.0,0.5205652117729187,0.6148813962936401,0.591770589351654,0.0,0.0,53.40711212158203,64.49254608154297,14.32116413116455,0.0,0.0,0.0,0.0,0.0,0.0,0.0,0.03312499821186066,0.01406249962747097,0.005625000223517418,0.0,0.0,289.0,284.0,256.0,240.0,144.0,7.0,8.0,3.0,0.0,0.0,0,0,0,0,0
774,128,677.1199951171875,128.30667114257812,11.199999809265137,0.0,0.0,278.9375,141.375,110.19906616210938,0.0,0.0,0.5209848284721375,0.6151728630065918,0.5912428498268127,0.0,0.0,53.51771926879883,64.49254608154297,14.32116413116455,0.0,0.0,0.0,0.0,0.0,0.0,0.0,0.03312499821186066,0.01406249962747097,0.005625000223517418,0.0,0.0,289.0,284.0,256.0,240.0,144.0,3.0,8.0,3.0,0.0,0.0,0,0,0,0,0
775,128,517.933349609375,152.80667114257812,3.926666736602783,0.0,0.0,276.5625,141.375,110.19906616210938,0.0,0.0,0.5214001536369324,0.6155557036399841,0.5906452536582947,0.0,0.0,53.58476638793945,64.49571990966797,14.32116413116455,0.0,0.0,0.0,0.0,0.0,0.0,0.0,0.03187499940395355,0.01406249962747097,0.005625000223517418,0.0,0.0,289.0,284.0,256.0,240.0,144.0,3.0,8.0,3.0,0.0,0.0,0,0,0,0,0
776,128,541.3466796875,104.52666473388672,1.8666666746139526,0.0,0.0,276.5625,141.375,110.19906616210938,0.0,0.0,0.52181476354599,0.6156787276268005,0.5900288224220276,0.0,0.0,53.65831756591797,64.49571990966797,14.32116413116455,0.0,0.0,0.0,0.0,0.0,0.0,0.0,0.03187499940395355,0.01406249962747097,0.005625000223517418,0.0,0.0,289.0,284.0,256.0,240.0,144.0,3.0,8.0,3.0,0.0,0.0,0,0,0,0,0
777,128,554.9666748046875,97.21333312988281,6.300000190734863,0.0,0.0,276.5625,141.375,110.19906616210938,0.0,0.0,0.5222286581993103,0.6157501935958862,0.5894569158554077,0.0,0.0,53.735652923583984,64.49571990966797,14.32116413116455,0.0,0.0,0.0,0.0,0.0,0.0,0.0,0.03187499940395355,0.01406249962747097,0.005625000223517418,0.0,0.0,289.0,284.0,256.0,240.0,144.0,3.0,8.0,3.0,0.0,0.0,0,0,0,0,0
778,128,288.73333740234375,169.51333618164062,0.0,0.0,0.0,274.1875,141.375,110.19906616210938,0.0,0.0,0.5226382613182068,0.6161313056945801,0.588824987411499,0.0,0.0,53.73969268798828,64.50353240966797,14.32116413116455,0.0,0.0,0.0,0.0,0.0,0.0,0.0,0.030625000596046448,0.01406249962747097,0.005625000223517418,0.0,0.0,289.0,284.0,256.0,240.0,144.0,3.0,8.0,3.0,0.0,0.0,0,0,0,0,0
779,128,276.6600036621094,55.400001525878906,0.0,0.0,0.0,274.1875,141.375,110.19906616210938,0.0,0.0,0.5230472087860107,0.6159090995788574,0.5881943702697754,0.0,0.0,53.740379333496094,64.50353240966797,14.32116413116455,0.0,0.0,0.0,0.0,0.0,0.0,0.0,0.030625000596046448,0.01406249962747097,0.005625000223517418,0.0,0.0,291.0,284.0,256.0,240.0,144.0,3.0,8.0,3.0,0.0,0.0,0,0,0,0,0
780,128,428.55999755859375,111.8933334350586,0.0,0.0,0.0,274.1875,140.1875,110.19906616210938,0.0,0.0,0.5234553813934326,0.6160879731178284,0.5875650644302368,0.0,0.0,53.783260345458984,64.50353240966797,14.32116413116455,0.0,0.0,0.0,0.0,0.0,0.0,0.0,0.030625000596046448,0.01328125037252903,0.005625000223517418,0.0,0.0,291.0,284.0,256.0,240.0,144.0,3.0,8.0,3.0,0.0,0.0,0,0,0,0,0
781,128,435.0333251953125,110.47333526611328,0.0,0.0,0.0,271.8125,140.1875,110.19906616210938,0.0,0.0,0.5238593816757202,0.6162566542625427,0.5869371294975281,0.0,0.0,53.82859802246094,64.50353240966797,14.32116413116455,0.0,0.0,0.0,0.0,0.0,0.0,0.0,0.029374999925494194,0.01328125037252903,0.005625000223517418,0.0,0.0,291.0,284.0,256.0,240.0,144.0,3.0,8.0,3.0,0.0,0.0,0,0,0,0,0
782,127,523.1266479492188,38.733333587646484,0.0,0.0,0.0,271.8125,140.1875,110.19906616210938,0.0,0.0,0.5242627263069153,0.6159235835075378,0.5863105654716492,0.0,0.0,53.898406982421875,64.50353240966797,14.32116413116455,0.0,0.0,0.0,0.0,0.0,0.0,0.0,0.029374999925494194,0.01328125037252903,0.005625000223517418,0.0,0.0,291.0,284.0,256.0,240.0,144.0,4.0,8.0,3.0,0.0,0.0,1,0,0,0,0
783,128,343.0,115.51333618164062,0.0,0.0,0.0,241.875,140.1875,110.19906616210938,0.0,0.0,0.5246210098266602,0.6161271929740906,0.5856853127479553,0.0,0.0,53.92649841308594,64.50353240966797,14.32116413116455,0.0,0.0,0.0,0.0,0.0,0.0,0.0,0.026249999180436134,0.01328125037252903,0.005625000223517418,0.0,0.0,291.0,284.0,256.0,240.0,144.0,4.0,8.0,3.0,0.0,0.0,0,0,0,0,0
784,128,244.2866668701172,79.3933334350586,0.0,0.0,0.0,239.5,140.1875,110.19906616210938,0.0,0.0,0.5249752998352051,0.6160785555839539,0.5850614309310913,0.0,0.0,53.92782974243164,64.50353240966797,14.32116413116455,0.0,0.0,0.0,0.0,0.0,0.0,0.0,0.02500000037252903,0.01328125037252903,0.005625000223517418,0.0,0.0,293.0,284.0,256.0,240.0,144.0,4.0,8.0,3.0,0.0,0.0,0,0,0,0,0
785,128,161.15333557128906,297.6600036621094,0.0,0.0,0.0,239.5,140.1875,84.23249816894531,0.0,0.0,0.52508544921875,0.6164535880088806,0.584585428237915,0.0,0.0,53.92782974243164,64.54727935791016,14.32116413116455,0.0,0.0,0.0,0.0,0.0,0.0,0.0,0.02500000037252903,0.01328125037252903,0.004999999888241291,0.0,0.0,293.0,284.0,256.0,240.0,144.0,4.0,5.0,0.0,0.0,0.0,0,0,0,0,0
786,128,348.4599914550781,156.1999969482422,0.0,0.0,0.0,239.5,140.1875,84.23249816894531,0.0,0.0,0.5254388451576233,0.6168278455734253,0.5841102004051208,0.0,0.0,53.95809555053711,64.55172729492188,14.32116413116455,0.0,0.0,0.0,0.0,0.0,0.0,0.0,0.02500000037252903,0.01328125037252903,0.004999999888241291,0.0,0.0,293.0,284.0,256.0,240.0,144.0,4.0,5.0,0.0,0.0,0.0,0,0,0,0,0
787,128,338.2533264160156,300.7200012207031,0.0,0.0,0.0,231.1875,140.1875,84.23249816894531,0.0,0.0,0.5257794260978699,0.6172014474868774,0.5836357474327087,0.0,0.0,53.98783493041992,64.59632110595703,14.32116413116455,0.0,0.0,0.0,0.0,0.0,0.0,0.0,0.020625000819563866,0.01328125037252903,0.004999999888241291,0.0,0.0,293.0,284.0,256.0,240.0,144.0,4.0,5.0,0.0,0.0,0.0,0,0,0,0,0
788,128,159.36000061035156,293.0333251953125,0.0,0.0,0.0,196.5,140.1875,84.23249816894531,0.0,0.0,0.5259533524513245,0.6175742745399475,0.5831620097160339,0.0,0.0,53.98783493041992,64.63877868652344,14.32116413116455,0.0,0.0,0.0,0.0,0.0,0.0,0.0,0.014999999664723873,0.01328125037252903,0.004999999888241291,0.0,0.0,293.0,284.0,256.0,240.0,144.0,4.0,5.0,0.0,0.0,0.0,0,0,0,0,0
789,128,217.55332946777344,333.59332275390625,0.0,0.0,0.0,196.5,140.1875,55.732810974121094,0.0,0.0,0.526242196559906,0.6179463863372803,0.5828490257263184,0.0,0.0,53.993682861328125,64.69249725341797,14.32116413116455,0.0,0.0,0.0,0.0,0.0,0.0,0.0,0.014999999664723873,0.01328125037252903,0.0031250000465661287,0.0,0.0,297.0,284.0,256.0,240.0,144.0,4.0,5.0,0.0,0.0,0.0,0,0,0,0,0
790,128,136.96665954589844,361.0,0.0,0.0,0.0,196.5,140.1875,55.732810974121094,0.0,0.0,0.5263462066650391,0.6183177828788757,0.5825363993644714,0.0,0.0,53.993682861328125,64.75383758544922,14.32116413116455,0.0,0.0,0.0,0.0,0.0,0.0,0.0,0.014999999664723873,0.01328125037252903,0.0031250000465661287,0.0,0.0,297.0,284.0,256.0,240.0,144.0,4.0,5.0,0.0,0.0,0.0,0,0,0,0,0
791,128,66.78666687011719,331.9533386230469,0.0,0.0,0.0,195.3125,140.1875,55.732810974121094,0.0,0.0,0.5262346863746643,0.6186884641647339,0.5822240710258484,0.0,0.0,53.993682861328125,64.8071060180664,14.32116413116455,0.0,0.0,0.0,0.0,0.0,0.0,0.0,0.014375000260770321,0.01328125037252903,0.0031250000465661287,0.0,0.0,297.0,284.0,256.0,240.0,144.0,4.0,5.0,0.0,0.0,0.0,0,0,0,0,0
792,128,195.32000732421875,413.7466735839844,0.0,0.0,0.0,195.3125,139.0,55.732810974121094,0.0,0.0,0.5265210866928101,0.6190552711486816,0.5819120407104492,0.0,0.0,53.99368667602539,64.8834228515625,14.32116413116455,0.0,0.0,0.0,0.0,0.0,0.0,0.0,0.014375000260770321,0.012500000186264515,0.0031250000465661287,0.0,0.0,297.0,284.0,256.0,240.0,144.0,4.0,5.0,0.0,0.0,0.0,0,0,0,0,0
793,128,82.36000061035156,431.0133361816406,0.0,0.0,0.0,195.3125,139.0,55.732810974121094,0.0,0.0,0.5264577269554138,0.6194214224815369,0.5816004276275635,0.0,0.0,53.99368667602539,64.96453857421875,14.32116413116455,0.0,0.0,0.0,0.0,0.0,0.0,0.0,0.014375000260770321,0.012500000186264515,0.0031250000465661287,0.0,0.0,297.0,284.0,256.0,240.0,144.0,4.0,5.0,0.0,0.0,0.0,0,0,0,0,0
794,128,266.3066711425781,398.50665283203125,0.0,0.0,0.0,195.3125,139.0,55.732810974121094,0.0,0.0,0.5267436504364014,0.61978679895401,0.5812891125679016,0.0,0.0,54.013404846191406,65.03662109375,14.32116413116455,0.0,0.0,0.0,0.0,0.0,0.0,0.0,0.014375000260770321,0.012500000186264515,0.0031250000465661287,0.0,0.0,297.0,284.0,256.0,240.0,144.0,4.0,3.0,0.0,0.0,0.0,0,0,0,0,0
795,128,96.32666778564453,258.7799987792969,0.0,0.0,0.0,195.3125,139.0,55.732810974121094,0.0,0.0,0.5267234444618225,0.6201515197753906,0.5809780955314636,0.0,0.0,54.013404846191406,65.06989288330078,14.32116413116455,0.0,0.0,0.0,0.0,0.0,0.0,0.0,0.014375000260770321,0.012500000186264515,0.0031250000465661287,0.0,0.0,297.0,284.0,256.0,240.0,144.0,4.0,3.0,0.0,0.0,0.0,0,0,0,0,0
796,128,41.099998474121094,316.0533447265625,0.0,0.0,0.0,167.75,139.0,55.732810974121094,0.0,0.0,0.5265774726867676,0.6205155253410339,0.5806674361228943,0.0,0.0,54.013404846191406,65.11907958984375,14.32116413116455,0.0,0.0,0.0,0.0,0.0,0.0,0.0,0.012500000186264515,0.012500000186264515,0.0031250000465661287,0.0,0.0,297.0,284.0,256.0,240.0,144.0,4.0,3.0,0.0,0.0,0.0,0,0,0,0,0
797,128,219.8333282470703,303.6333312988281,0.0,0.0,0.0,167.75,139.0,55.732810974121094,0.0,0.0,0.5268226265907288,0.6208788752555847,0.5803571343421936,0.0,0.0,54.02787399291992,65.16481018066406,14.32116413116455,0.0,0.0,0.0,0.0,0.0,0.0,0.0,0.012500000186264515,0.012500000186264515,0.0031250000465661287,0.0,0.0,297.0,284.0,256.0,240.0,144.0,4.0,3.0,0.0,0.0,0.0,0,0,0,0,0
798,128,113.28666687011719,355.1533203125,0.0,0.0,0.0,167.75,139.0,55.732810974121094,0.0,0.0,0.5268994569778442,0.6212414503097534,0.5800471305847168,0.0,0.0,54.02787399291992,65.224853515625,14.32116413116455,0.0,0.0,0.0,0.0,0.0,0.0,0.0,0.012500000186264515,0.012500000186264515,0.0031250000465661287,0.0,0.0,297.0,284.0,256.0,240.0,144.0,4.0,3.0,0.0,0.0,0.0,0,0,0,0,0
799,128,196.586669921875,271.26666259765625,0.0,0.0,0.0,167.75,139.0,55.732810974121094,0.0,0.0,0.5271441340446472,0.6216034293174744,0.5797374844551086,0.0,0.0,54.035884857177734,65.26158905029297,14.32116413116455,0.0,0.0,0.0,0.0,0.0,0.0,0.0,0.012500000186264515,0.012500000186264515,0.0031250000465661287,0.0,0.0,297.0,284.0,256.0,240.0,144.0,4.0,3.0,0.0,0.0,0.0,0,0,0,0,0
800,128,34.14666748046875,217.0066680908203,0.0,0.0,0.0,167.75,139.0,55.732810974121094,0.0,0.0,0.5269768834114075,0.6219646334648132,0.5794281363487244,0.0,0.0,54.035884857177734,65.28325653076172,14.32116413116455,0.0,0.0,0.0,0.0,0.0,0.0,0.0,0.012500000186264515,0.012500000186264515,0.0031250000465661287,0.0,0.0,297.0,284.0,256.0,240.0,144.0,4.0,3.0,0.0,0.0,0.0,0,0,0,0,0
801,128,42.459999084472656,231.7133331298828,0.0,0.0,0.0,167.75,139.0,55.732810974121094,0.0,0.0,0.5268353819847107,0.6223251819610596,0.5791191458702087,0.0,0.0,54.035884857177734,65.30901336669922,14.32116413116455,0.0,0.0,0.0,0.0,0.0,0.0,0.0,0.012500000186264515,0.012500000186264515,0.0031250000465661287,0.0,0.0,297.0,284.0,256.0,240.0,144.0,4.0,3.0,0.0,0.0,0.0,0,0,0,0,0
802,128,86.18000030517578,201.63333129882812,0.0,0.0,0.0,167.75,113.8125,55.732810974121094,0.0,0.0,0.5268285870552063,0.6226198673248291,0.578810453414917,0.0,0.0,54.035884857177734,65.33341217041016,14.32116413116455,0.0,0.0,0.0,0.0,0.0,0.0,0.0,0.012500000186264515,0.01171875,0.0031250000465661287,0.0,0.0,297.0,284.0,256.0,240.0,144.0,4.0,3.0,0.0,0.0,0.0,0,0,0,0,0
803,128,71.55999755859375,167.97332763671875,0.0,0.0,0.0,167.75,113.8125,55.732810974121094,0.0,0.0,0.5267768502235413,0.6229141354560852,0.5785021185874939,0.0,0.0,54.035884857177734,65.34844970703125,14.32116413116455,0.0,0.0,0.0,0.0,0.0,0.0,0.0,0.012500000186264515,0.01171875,0.0031250000465661287,0.0,0.0,297.0,284.0,256.0,240.0,144.0,4.0,3.0,0.0,0.0,0.0,0,0,0,0,0
804,128,170.413330078125,129.5933380126953,0.0,0.0,0.0,167.75,113.8125,55.732810974121094,0.0,0.0,0.5270209908485413,0.6232079267501831,0.5781941413879395,0.0,0.0,54.036624908447266,65.35283660888672,14.32116413116455,0.0,0.0,0.0,0.0,0.0,0.0,0.0,0.012500000186264515,0.01171875,0.0031250000465661287,0.0,0.0,297.0,284.0,256.0,240.0,144.0,4.0,3.0,0.0,0.0,0.0,0,0,0,0,0
805,128,93.61333465576172,113.3133316040039,0.0,0.0,0.0,165.375,113.8125,55.732810974121094,0.0,0.0,0.5270408391952515,0.6234978437423706,0.5778864026069641,0.0,0.0,54.036624908447266,65.35283660888672,14.32116413116455,0.0,0.0,0.0,0.0,0.0,0.0,0.0,0.011250000447034836,0.01171875,0.0031250000465661287,0.0,0.0,297.0,284.0,256.0,240.0,144.0,4.0,0.0,0.0,0.0,0.0,0,0,0,0,0
806,128,191.413330078125,118.84666442871094,0.0,0.0,0.0,165.375,113.8125,55.732810974121094,0.0,0.0,0.5272811651229858,0.6237907409667969,0.5775790810585022,0.0,0.0,54.04385757446289,65.35423278808594,14.32116413116455,0.0,0.0,0.0,0.0,0.0,0.0,0.0,0.011250000447034836,0.01171875,0.0031250000465661287,0.0,0.0,297.0,284.0,256.0,240.0,144.0,4.0,0.0,0.0,0.0,0.0,0,0,0,0,0
807,126,149.84666442871094,89.92666625976562,0.0,0.0,0.0,165.375,113.8125,55.732810974121094,0.0,0.0,0.527473509311676,0.6239200234413147,0.5772720575332642,0.0,0.0,54.04385757446289,65.35423278808594,14.32116413116455,0.0,0.0,0.0,0.0,0.0,0.0,0.0,0.011250000447034836,0.01171875,0.0031250000465661287,0.0,0.0,297.0,284.0,256.0,240.0,144.0,9.0,0.0,0.0,0.0,0.0,2,0,0,0,0
808,127,109.77333068847656,83.37999725341797,0.0,0.0,0.0,165.375,113.8125,55.732810974121094,0.0,0.0,0.5275427103042603,0.6240044236183167,0.57696533203125,0.0,0.0,54.04385757446289,65.35423278808594,14.32116413116455,0.0,0.0,0.0,0.0,0.0,0.0,0.0,0.011250000447034836,0.01171875,0.0031250000465661287,0.0,0.0,297.0,284.0,256.0,240.0,144.0,13.0,0.0,0.0,0.0,0.0,1,0,0,0,0
809,128,169.2933349609375,91.04666900634766,0.0,0.0,0.0,191.75,113.8125,55.732810974121094,0.0,0.0,0.5277516841888428,0.6241409778594971,0.5766589641571045,0.0,0.0,54.04385757446289,65.35423278808594,14.32116413116455,0.0,0.0,0.0,0.0,0.0,0.0,0.0,0.012500000186264515,0.01171875,0.0031250000465661287,0.0,0.0,298.0,284.0,256.0,240.0,144.0,13.0,0.0,0.0,0.0,0.0,0,0,0,0,0
810,128,270.32000732421875,66.09333038330078,0.0,0.0,0.0,196.5,113.8125,55.732810974121094,0.0,0.0,0.5280361771583557,0.624107301235199,0.5763528943061829,0.0,0.0,54.064361572265625,65.35423278808594,14.32116413116455,0.0,0.0,0.0,0.0,0.0,0.0,0.0,0.014999999664723873,0.01171875,0.0031250000465661287,0.0,0.0,294.0,284.0,256.0,240.0,144.0,13.0,0.0,0.0,0.0,0.0,0,0,0,0,0
811,128,444.00665283203125,52.733333587646484,0.0,0.0,0.0,196.5,87.4375,55.732810974121094,0.0,0.0,0.5283203125,0.6240947842597961,0.5760471820831299,0.0,0.0,54.133113861083984,65.35423278808594,14.32116413116455,0.0,0.0,0.0,0.0,0.0,0.0,0.0,0.014999999664723873,0.01015624962747097,0.0031250000465661287,0.0,0.0,294.0,284.0,256.0,240.0,144.0,13.0,0.0,0.0,0.0,0.0,0,0,0,0,0
812,128,331.9599914550781,40.086666107177734,0.0,0.0,0.0,196.5,87.4375,55.732810974121094,0.0,0.0,0.5286040902137756,0.6239962577819824,0.5757417678833008,0.0,0.0,54.17074203491211,65.35423278808594,14.32116413116455,0.0,0.0,0.0,0.0,0.0,0.0,0.0,0.014999999664723873,0.01015624962747097,0.0031250000465661287,0.0,0.0,294.0,284.0,256.0,240.0,144.0,13.0,0.0,0.0,0.0,0.0,0,0,0,0,0
813,127,330.0333251953125,39.96666717529297,0.0,0.0,0.0,196.5,87.4375,55.732810974121094,0.0,0.0,0.5288875102996826,0.6238969564437866,0.5754366517066956,0.0,0.0,54.20783615112305,65.35423278808594,14.32116413116455,0.0,0.0,0.0,0.0,0.0,0.0,0.0,0.014999999664723873,0.01015624962747097,0.0031250000465661287,0.0,0.0,294.0,284.0,256.0,240.0,144.0,16.0,0.0,0.0,0.0,0.0,1,0,0,0,0
814,127,250.9199981689453,21.49333381652832,0.0,0.0,0.0,196.5,87.4375,55.732810974121094,0.0,0.0,0.5291706323623657,0.6236722469329834,0.575131893157959,0.0,0.0,54.22294998168945,65.35423278808594,14.32116413116455,0.0,0.0,0.0,0.0,0.0,0.0,0.0,0.014999999664723873,0.01015624962747097,0.0031250000465661287,0.0,0.0,294.0,284.0,256.0,240.0,144.0,17.0,0.0,0.0,0.0,0.0,1,0,0,0,0
815,128,245.19332885742188,10.90666675567627,0.0,0.0,0.0,224.0625,87.4375,55.732810974121094,0.0,0.0,0.5294930338859558,0.6233758926391602,0.5748274922370911,0.0,0.0,54.22882080078125,65.35423278808594,14.32116413116455,0.0,0.0,0.0,0.0,0.0,0.0,0.0,0.016875000670552254,0.01015624962747097,0.0031250000465661287,0.0,0.0,294.0,284.0,256.0,240.0,144.0,15.0,0.0,0.0,0.0,0.0,0,0,0,0,0
816,127,246.73333740234375,0.0,0.0,0.0,0.0,225.25,87.4375,55.732810974121094,0.0,0.0,0.5298166871070862,0.6230058670043945,0.574523389339447,0.0,0.0,54.23478698730469,65.35423278808594,14.32116413116455,0.0,0.0,0.0,0.0,0.0,0.0,0.0,0.017500000074505806,0.01015624962747097,0.0031250000465661287,0.0,0.0,294.0,284.0,256.0,240.0,144.0,16.0,0.0,0.0,0.0,0.0,1,0,0,0,0
817,128,230.36000061035156,0.0,0.0,0.0,0.0,225.25,87.4375,55.732810974121094,0.0,0.0,0.5301398634910583,0.6226361989974976,0.5742195844650269,0.0,0.0,54.2362060546875,65.35423278808594,14.32116413116455,0.0,0.0,0.0,0.0,0.0,0.0,0.0,0.017500000074505806,0.01015624962747097,0.0031250000465661287,0.0,0.0,293.0,284.0,256.0,240.0,144.0,13.0,0.0,0.0,0.0,0.0,0,0,0,0,0
818,127,223.06666564941406,0.0,0.0,0.0,0.0,226.4375,87.4375,55.732810974121094,0.0,0.0,0.5304540395736694,0.6222670674324036,0.5739160776138306,0.0,0.0,54.2362060546875,65.35423278808594,14.32116413116455,0.0,0.0,0.0,0.0,0.0,0.0,0.0,0.018124999478459358,0.01015624962747097,0.0031250000465661287,0.0,0.0,294.0,284.0,256.0,240.0,144.0,14.0,0.0,0.0,0.0,0.0,1,0,0,0,0
819,128,214.56666564941406,0.0,0.0,0.0,0.0,226.4375,87.4375,55.732810974121094,0.0,0.0,0.5307419300079346,0.6218982934951782,0.5736129283905029,0.0,0.0,54.2362060546875,65.35423278808594,14.32116413116455,0.0,0.0,0.0,0.0,0.0,0.0,0.0,0.018124999478459358,0.01015624962747097,0.0031250000465661287,0.0,0.0,294.0,284.0,256.0,240.0,144.0,14.0,0.0,0.0,0.0,0.0,0,0,0,0,0
820,127,199.3800048828125,0.0,0.0,0.0,0.0,251.625,87.4375,55.732810974121094,0.0,0.0,0.5309423804283142,0.6215299963951111,0.573310136795044,0.0,0.0,54.2362060546875,65.35423278808594,14.32116413116455,0.0,0.0,0.0,0.0,0.0,0.0,0.0,0.01875000074505806,0.01015624962747097,0.0031250000465661287,0.0,0.0,294.0,284.0,256.0,240.0,144.0,15.0,0.0,0.0,0.0,0.0,1,0,0,0,0
821,128,173.22666931152344,0.0,0.0,0.0,0.0,251.625,87.4375,55.732810974121094,0.0,0.0,0.5310629606246948,0.6211621165275574,0.5730075836181641,0.0,0.0,54.2362060546875,65.35423278808594,14.32116413116455,0.0,0.0,0.0,0.0,0.0,0.0,0.0,0.01875000074505806,0.01015624962747097,0.0031250000465661287,0.0,0.0,294.0,284.0,256.0,240.0,144.0,15.0,0.0,0.0,0.0,0.0,0,0,0,0,0
822,128,113.27333068847656,0.0,0.0,0.0,0.0,276.8125,87.4375,55.732810974121094,0.0,0.0,0.5309604406356812,0.6207946538925171,0.5727053880691528,0.0,0.0,54.2362060546875,65.35423278808594,14.32116413116455,0.0,0.0,0.0,0.0,0.0,0.0,0.0,0.019375000149011612,0.01015624962747097,0.0031250000465661287,0.0,0.0,294.0,284.0,256.0,240.0,144.0,15.0,0.0,0.0,0.0,0.0,0,0,0,0,0
823,128,95.55333709716797,0.0,0.0,0.0,0.0,276.8125,87.4375,28.49968719482422,0.0,0.0,0.5308042168617249,0.620427668094635,0.5725510120391846,0.0,0.0,54.2362060546875,65.35423278808594,14.32116413116455,0.0,0.0,0.0,0.0,0.0,0.0,0.0,0.019375000149011612,0.01015624962747097,0.0018749999580904841,0.0,0.0,294.0,284.0,256.0,240.0,144.0,15.0,0.0,0.0,0.0,0.0,0,0,0,0,0
824,128,102.30000305175781,0.0,0.0,0.0,0.0,276.8125,83.875,28.49968719482422,0.0,0.0,0.5306687355041504,0.6200760006904602,0.5723966956138611,0.0,0.0,54.2362060546875,65.35423278808594,14.32116413116455,0.0,0.0,0.0,0.0,0.0,0.0,0.0,0.019375000149011612,0.0078125,0.0018749999580904841,0.0,0.0,294.0,284.0,256.0,240.0,144.0,14.0,0.0,0.0,0.0,0.0,0,0,0,0,0
825,128,69.83333587646484,0.0,0.0,0.0,0.0,276.8125,83.875,28.49968719482422,0.0,0.0,0.5304350256919861,0.6197248101234436,0.5722424387931824,0.0,0.0,54.2362060546875,65.35423278808594,14.32116413116455,0.0,0.0,0.0,0.0,0.0,0.0,0.0,0.019375000149011612,0.0078125,0.0018749999580904841,0.0,0.0,295.0,284.0,256.0,240.0,144.0,14.0,0.0,0.0,0.0,0.0,0,0,0,0,0
826,128,73.11333465576172,0.0,0.0,0.0,0.0,276.8125,83.875,28.49968719482422,0.0,0.0,0.5302116274833679,0.6193739175796509,0.5720883011817932,0.0,0.0,54.2362060546875,65.35423278808594,14.32116413116455,0.0,0.0,0.0,0.0,0.0,0.0,0.0,0.019375000149011612,0.0078125,0.0018749999580904841,0.0,0.0,295.0,284.0,256.0,240.0,144.0,9.0,0.0,0.0,0.0,0.0,0,0,0,0,0
827,128,57.0,0.0,0.0,0.0,0.0,276.8125,83.875,28.49968719482422,0.0,0.0,0.5299398899078369,0.6190235018730164,0.5719342231750488,0.0,0.0,54.2362060546875,65.35423278808594,14.32116413116455,0.0,0.0,0.0,0.0,0.0,0.0,0.0,0.019375000149011612,0.0078125,0.0018749999580904841,0.0,0.0,295.0,284.0,256.0,240.0,144.0,9.0,0.0,0.0,0.0,0.0,0,0,0,0,0
828,128,56.380001068115234,0.0,0.0,0.0,0.0,274.4375,83.875,28.49968719482422,0.0,0.0,0.5296704769134521,0.6186734437942505,0.5717802047729492,0.0,0.0,54.2362060546875,65.35423278808594,14.32116413116455,0.0,0.0,0.0,0.0,0.0,0.0,0.0,0.018124999478459358,0.0078125,0.0018749999580904841,0.0,0.0,295.0,284.0,256.0,240.0,144.0,9.0,0.0,0.0,0.0,0.0,0,0,0,0,0
829,127,49.893333435058594,0.0,0.0,0.0,0.0,274.4375,83.875,28.49968719482422,0.0,0.0,0.5293818712234497,0.618323802947998,0.5716263055801392,0.0,0.0,54.2362060546875,65.35423278808594,14.32116413116455,0.0,0.0,0.0,0.0,0.0,0.0,0.0,0.018124999478459358,0.0078125,0.0018749999580904841,0.0,0.0,297.0,284.0,256.0,240.0,144.0,12.0,0.0,0.0,0.0,0.0,1,0,0,0,0
830,128,56.939998626708984,0.0,0.0,0.0,0.0,274.4375,83.875,28.49968719482422,0.0,0.0,0.5291150808334351,0.6179745197296143,0.5714724659919739,0.0,0.0,54.2362060546875,65.35423278808594,14.32116413116455,0.0,0.0,0.0,0.0,0.0,0.0,0.0,0.018124999478459358,0.0078125,0.0018749999580904841,0.0,0.0,297.0,284.0,256.0,240.0,144.0,12.0,0.0,0.0,0.0,0.0,0,0,0,0,0
831,128,40.753334045410156,0.0,0.0,0.0,0.0,245.6875,83.875,28.49968719482422,0.0,0.0,0.5288457870483398,0.6176256537437439,0.5713187456130981,0.0,0.0,54.2362060546875,65.35423278808594,14.32116413116455,0.0,0.0,0.0,0.0,0.0,0.0,0.0,0.015625,0.0078125,0.0018749999580904841,0.0,0.0,294.0,284.0,256.0,240.0,144.0,12.0,0.0,0.0,0.0,0.0,0,0,0,0,0
832,127,45.13999938964844,0.0,0.0,0.0,0.0,245.6875,83.875,28.49968719482422,0.0,0.0,0.5285900831222534,0.6172771453857422,0.5711650848388672,0.0,0.0,54.2362060546875,65.35423278808594,14.32116413116455,0.0,0.0,0.0,0.0,0.0,0.0,0.0,0.015625,0.0078125,0.0018749999580904841,0.0,0.0,294.0,284.0,256.0,240.0,144.0,14.0,0.0,0.0,0.0,0.0,1,0,0,0,0
833,128,17.47333335876465,0.0,0.0,0.0,0.0,219.3125,56.3125,28.49968719482422,0.0,0.0,0.5282933712005615,0.6170434355735779,0.571011483669281,0.0,0.0,54.2362060546875,65.35423278808594,14.32116413116455,0.0,0.0,0.0,0.0,0.0,0.0,0.0,0.014375000260770321,0.0054687499068677425,0.0018749999580904841,0.0,0.0,294.0,284.0,256.0,240.0,144.0,14.0,0.0,0.0,0.0,0.0,0,0,0,0,0
834,127,18.959999084472656,0.0,0.0,0.0,0.0,245.6875,56.3125,28.49968719482422,0.0,0.0,0.5279595851898193,0.6168098449707031,0.5708580017089844,0.0,0.0,54.2362060546875,65.35423278808594,14.32116413116455,0.0,0.0,0.0,0.0,0.0,0.0,0.0,0.015625,0.0054687499068677425,0.0018749999580904841,0.0,0.0,295.0,284.0,256.0,240.0,144.0,16.0,0.0,0.0,0.0,0.0,1,0,0,0,0
835,127,7.066666603088379,0.0,0.0,0.0,0.0,220.5,56.3125,28.49968719482422,0.0,0.0,0.5276305079460144,0.6165764927864075,0.5707045793533325,0.0,0.0,54.2362060546875,65.35423278808594,14.32116413116455,0.0,0.0,0.0,0.0,0.0,0.0,0.0,0.014999999664723873,0.0054687499068677425,0.0018749999580904841,0.0,0.0,295.0,284.0,256.0,240.0,144.0,19.0,0.0,0.0,0.0,0.0,1,0,0,0,0
836,128,0.0,0.0,0.0,0.0,0.0,246.875,56.3125,28.49968719482422,0.0,0.0,0.5272388458251953,0.6163432598114014,0.5705512762069702,0.0,0.0,54.2362060546875,65.35423278808594,14.32116413116455,0.0,0.0,0.0,0.0,0.0,0.0,0.0,0.016249999403953552,0.0054687499068677425,0.0018749999580904841,0.0,0.0,294.0,284.0,256.0,240.0,144.0,19.0,0.0,0.0,0.0,0.0,0,0,0,0,0
837,128,0.0,0.0,0.0,0.0,0.0,250.4375,56.3125,28.49968719482422,0.0,0.0,0.5268420577049255,0.6161102056503296,0.5703980326652527,0.0,0.0,54.2362060546875,65.35423278808594,14.32116413116455,0.0,0.0,0.0,0.0,0.0,0.0,0.0,0.018124999478459358,0.0054687499068677425,0.0018749999580904841,0.0,0.0,294.0,284.0,256.0,240.0,144.0,16.0,0.0,0.0,0.0,0.0,0,0,0,0,0
838,128,0.0,0.0,0.0,0.0,0.0,250.4375,56.3125,28.49968719482422,0.0,0.0,0.5264458656311035,0.6158773899078369,0.5702448487281799,0.0,0.0,54.2362060546875,65.35423278808594,14.32116413116455,0.0,0.0,0.0,0.0,0.0,0.0,0.0,0.018124999478459358,0.0054687499068677425,0.0018749999580904841,0.0,0.0,291.0,284.0,256.0,240.0,144.0,16.0,0.0,0.0,0.0,0.0,0,0,0,0,0
839,128,0.0,0.0,0.0,0.0,0.0,250.4375,53.9375,28.49968719482422,0.0,0.0,0.526050329208374,0.6156545281410217,0.5700917840003967,0.0,0.0,54.2362060546875,65.35423278808594,14.32116413116455,0.0,0.0,0.0,0.0,0.0,0.0,0.0,0.018124999478459358,0.00390625,0.0018749999580904841,0.0,0.0,291.0,284.0,256.0,240.0,144.0,16.0,0.0,0.0,0.0,0.0,0,0,0,0,0
840,128,0.0,21.053333282470703,0.0,0.0,0.0,250.4375,53.9375,28.49968719482422,0.0,0.0,0.5256553292274475,0.615572988986969,0.5699387788772583,0.0,0.0,54.2362060546875,65.35423278808594,14.32116413116455,0.0,0.0,0.0,0.0,0.0,0.0,0.0,0.018124999478459358,0.00390625,0.0018749999580904841,0.0,0.0,291.0,284.0,256.0,240.0,144.0,16.0,0.0,0.0,0.0,0.0,0,0,0,0,0
841,128,0.0,31.553333282470703,0.0,0.0,0.0,250.4375,53.9375,28.49968719482422,0.0,0.0,0.5252609252929688,0.6155619621276855,0.5697858333587646,0.0,0.0,54.2362060546875,65.35423278808594,14.32116413116455,0.0,0.0,0.0,0.0,0.0,0.0,0.0,0.018124999478459358,0.00390625,0.0018749999580904841,0.0,0.0,291.0,284.0,256.0,240.0,144.0,16.0,0.0,0.0,0.0,0.0,0,0,0,0,0
842,127,0.0,32.13333511352539,0.0,0.0,0.0,250.4375,53.9375,28.49968719482422,0.0,0.0,0.5248671174049377,0.6155547499656677,0.5696330070495605,0.0,0.0,54.2362060546875,65.35423278808594,14.32116413116455,0.0,0.0,0.0,0.0,0.0,0.0,0.0,0.018124999478459358,0.00390625,0.0018749999580904841,0.0,0.0,291.0,284.0,256.0,240.0,144.0,17.0,0.0,0.0,0.0,0.0,1,0,0,0,0
843,128,0.0,42.36666488647461,0.0,0.0,0.0,250.4375,53.9375,28.49968719482422,0.0,0.0,0.5244739055633545,0.6156162023544312,0.5694802403450012,0.0,0.0,54.2362060546875,65.35423278808594,14.32116413116455,0.0,0.0,0.0,0.0,0.0,0.0,0.0,0.018124999478459358,0.00390625,0.0018749999580904841,0.0,0.0,291.0,284.0,256.0,240.0,144.0,17.0,0.0,0.0,0.0,0.0,0,0,0,0,0
844,126,0.0,31.719999313354492,0.0,0.0,0.0,251.625,53.9375,0.0,0.0,0.0,0.524079442024231,0.6156062483787537,0.5694802403450012,0.0,0.0,54.2362060546875,65.35423278808594,14.32116413116455,0.0,0.0,0.0,0.0,0.0,0.0,0.0,0.01875000074505806,0.00390625,0.0,0.0,0.0,291.0,284.0,256.0,240.0,144.0,20.0,0.0,0.0,0.0,0.0,2,0,0,0,0
845,127,0.0,37.459999084472656,0.0,0.0,0.0,251.625,53.9375,0.0,0.0,0.0,0.5236855745315552,0.6156347393989563,0.5694802403450012,0.0,0.0,54.2362060546875,65.35423278808594,14.32116413116455,0.0,0.0,0.0,0.0,0.0,0.0,0.0,0.01875000074505806,0.00390625,0.0,0.0,0.0,291.0,284.0,256.0,240.0,144.0,22.0,0.0,0.0,0.0,0.0,1,0,0,0,0
846,128,0.0,62.926666259765625,0.0,0.0,0.0,278.0,53.9375,0.0,0.0,0.0,0.5232510566711426,0.6157734394073486,0.5694802403450012,0.0,0.0,54.2362060546875,65.35673522949219,14.32116413116455,0.0,0.0,0.0,0.0,0.0,0.0,0.0,0.019999999552965164,0.00390625,0.0,0.0,0.0,289.0,284.0,256.0,240.0,144.0,18.0,0.0,0.0,0.0,0.0,0,0,0,0,0
847,127,0.0,41.606666564941406,0.0,0.0,0.0,275.625,27.5625,0.0,0.0,0.0,0.5228210091590881,0.6158443093299866,0.5694802403450012,0.0,0.0,54.2362060546875,65.36063385009766,14.32116413116455,0.0,0.0,0.0,0.0,0.0,0.0,0.0,0.01875000074505806,0.0023437500931322575,0.0,0.0,0.0,287.0,284.0,256.0,240.0,144.0,19.0,0.0,0.0,0.0,0.0,1,0,0,0,0
848,127,0.0,39.9466667175293,0.0,0.0,0.0,275.625,27.5625,0.0,0.0,0.0,0.522391676902771,0.6159151792526245,0.5694802403450012,0.0,0.0,54.2362060546875,65.36407470703125,14.32116413116455,0.0,0.0,0.0,0.0,0.0,0.0,0.0,0.01875000074505806,0.0023437500931322575,0.0,0.0,0.0,287.0,284.0,256.0,240.0,144.0,20.0,0.0,0.0,0.0,0.0,1,0,0,0,0
849,127,0.0,35.56666564941406,0.0,0.0,0.0,276.8125,27.5625,0.0,0.0,0.0,0.5219611525535583,0.6159859895706177,0.5694802403450012,0.0,0.0,54.2362060546875,65.36629486083984,14.32116413116455,0.0,0.0,0.0,0.0,0.0,0.0,0.0,0.019375000149011612,0.0023437500931322575,0.0,0.0,0.0,287.0,284.0,256.0,240.0,144.0,22.0,0.0,0.0,0.0,0.0,1,0,0,0,0
850,128,0.0,66.6066665649414,3.240000009536743,0.0,0.0,278.0,27.5625,0.0,0.0,0.0,0.521529495716095,0.6160567402839661,0.5694802403450012,0.0,0.0,54.2362060546875,65.37714385986328,14.322064399719238,0.0,0.0,0.0,0.0,0.0,0.0,0.0,0.019999999552965164,0.0023437500931322575,0.0,0.0,0.0,287.0,284.0,256.0,240.0,144.0,22.0,0.0,0.0,0.0,0.0,0,0,0,0,0
851,128,0.0,29.52666664123535,37.8466682434082,0.0,0.0,280.375,27.5625,0.0,0.0,0.0,0.5210949182510376,0.6161274909973145,0.5694802403450012,0.0,0.0,54.2362060546875,65.377685546875,14.332576751708984,0.0,0.0,0.0,0.0,0.0,0.0,0.0,0.021250000223517418,0.0023437500931322575,0.0,0.0,0.0,287.0,284.0,256.0,240.0,144.0,22.0,0.0,0.0,0.0,0.0,0,0,0,0,0
852,128,0.0,5.833333492279053,0.0,0.0,0.0,280.375,27.5625,0.0,0.0,0.0,0.5206610560417175,0.6160529851913452,0.5694802403450012,0.0,0.0,54.2362060546875,65.377685546875,14.332576751708984,0.0,0.0,0.0,0.0,0.0,0.0,0.0,0.021250000223517418,0.0023437500931322575,0.0,0.0,0.0,287.0,284.0,256.0,240.0,144.0,20.0,0.0,0.0,0.0,0.0,0,0,0,0,0
853,128,0.0,0.0,49.02000045776367,0.0,0.0,280.375,27.5625,0.0,0.0,0.0,0.5202279090881348,0.6159394979476929,0.5694802403450012,0.0,0.0,54.2362060546875,65.377685546875,14.34619426727295,0.0,0.0,0.0,0.0,0.0,0.0,0.0,0.021250000223517418,0.0023437500931322575,0.0,0.0,0.0,287.0,284.0,256.0,240.0,144.0,20.0,0.0,0.0,0.0,0.0,0,0,0,0,0
854,128,0.0,0.0,84.97333526611328,0.0,0.0,280.375,27.5625,0.0,0.0,0.0,0.5197954773902893,0.6158260107040405,0.5694802403450012,0.0,0.0,54.2362060546875,65.377685546875,14.369797706604004,0.0,0.0,0.0,0.0,0.0,0.0,0.0,0.021250000223517418,0.0023437500931322575,0.0,0.0,0.0,287.0,284.0,256.0,240.0,144.0,20.0,0.0,0.0,0.0,0.0,0,0,0,0,0
855,128,0.0,0.0,66.86000061035156,0.0,0.0,280.375,27.5625,0.0,0.0,0.0,0.5193637609481812,0.6157126426696777,0.5694802403450012,0.0,0.0,54.2362060546875,65.377685546875,14.3883695602417,0.0,0.0,0.0,0.0,0.0,0.0,0.0,0.021250000223517418,0.0023437500931322575,0.0,0.0,0.0,287.0,284.0,256.0,240.0,144.0,20.0,0.0,0.0,0.0,0.0,0,0,0,0,0
856,128,0.0,0.0,77.04666900634766,0.0,0.0,280.375,27.5625,0.0,0.0,0.0,0.5189327597618103,0.6155992746353149,0.5694802403450012,0.0,0.0,54.2362060546875,65.377685546875,14.409771919250488,0.0,0.0,0.0,0.0,0.0,0.0,0.0,0.021250000223517418,0.0023437500931322575,0.0,0.0,0.0,287.0,284.0,256.0,240.0,144.0,20.0,0.0,0.0,0.0,0.0,0,0,0,0,0
857,128,0.0,0.0,75.47333526611328,0.0,0.0,280.375,27.5625,0.0,0.0,0.0,0.5185024738311768,0.6154859662055969,0.5694802403450012,0.0,0.0,54.2362060546875,65.377685546875,14.430736541748047,0.0,0.0,0.0,0.0,0.0,0.0,0.0,0.021250000223517418,0.0023437500931322575,0.0,0.0,0.0,287.0,284.0,256.0,240.0,144.0,20.0,0.0,0.0,0.0,0.0,0,0,0,0,0
858,128,0.0,0.0,30.520000457763672,0.0,0.0,280.375,27.5625,0.0,0.0,0.0,0.5180729031562805,0.6153726577758789,0.5694802403450012,0.0,0.0,54.2362060546875,65.377685546875,14.439214706420898,0.0,0.0,0.0,0.0,0.0,0.0,0.0,0.021250000223517418,0.0023437500931322575,0.0,0.0,0.0,287.0,284.0,256.0,240.0,144.0,19.0,0.0,0.0,0.0,0.0,0,0,0,0,0
859,128,0.0,0.0,171.6199951171875,0.0,0.0,280.375,27.5625,0.0,0.0,0.0,0.5176440477371216,0.6152594089508057,0.5694802403450012,0.0,0.0,54.2362060546875,65.377685546875,14.486886024475098,0.0,0.0,0.0,0.0,0.0,0.0,0.0,0.021250000223517418,0.0023437500931322575,0.0,0.0,0.0,287.0,284.0,256.0,240.0,144.0,19.0,0.0,0.0,0.0,0.0,0,0,0,0,0
860,128,0.0,0.0,84.50666809082031,0.0,0.0,280.375,27.5625,0.0,0.0,0.0,0.5172159075737,0.6151462197303772,0.5694802403450012,0.0,0.0,54.2362060546875,65.377685546875,14.510360717773438,0.0,0.0,0.0,0.0,0.0,0.0,0.0,0.021250000223517418,0.0023437500931322575,0.0,0.0,0.0,287.0,284.0,256.0,240.0,144.0,19.0,0.0,0.0,0.0,0.0,0,0,0,0,0
861,128,0.0,0.0,230.8000030517578,0.0,0.0,280.375,27.5625,0.0,0.0,0.0,0.5167884826660156,0.6150330901145935,0.5694802403450012,0.0,0.0,54.2362060546875,65.377685546875,14.574471473693848,0.0,0.0,0.0,0.0,0.0,0.0,0.0,0.021250000223517418,0.0023437500931322575,0.0,0.0,0.0,287.0,284.0,256.0,240.0,144.0,19.0,0.0,0.0,0.0,0.0,0,0,0,0,0
862,128,0.0,0.0,77.55333709716797,0.0,0.0,278.0,27.5625,0.0,0.0,0.0,0.5163653492927551,0.6149199604988098,0.5694802403450012,0.0,0.0,54.2362060546875,65.377685546875,14.596014022827148,0.0,0.0,0.0,0.0,0.0,0.0,0.0,0.019999999552965164,0.0023437500931322575,0.0,0.0,0.0,287.0,284.0,256.0,240.0,144.0,19.0,0.0,0.0,0.0,0.0,0,0,0,0,0
863,128,0.0,0.0,382.4666748046875,0.0,0.0,274.4375,27.5625,0.0,0.0,0.0,0.5159483551979065,0.6148068904876709,0.5694802403450012,0.0,0.0,54.2362060546875,65.377685546875,14.702255249023438,0.0,0.0,0.0,0.0,0.0,0.0,0.0,0.018124999478459358,0.0023437500931322575,0.0,0.0,0.0,287.0,284.0,256.0,240.0,144.0,19.0,0.0,0.0,0.0,0.0,0,0,0,0,0
864,128,0.0,0.0,284.85333251953125,0.0,0.0,274.4375,27.5625,0.0,0.0,0.0,0.5155320167541504,0.6146938800811768,0.5694802403450012,0.0,0.0,54.2362060546875,65.377685546875,14.781380653381348,0.0,0.0,0.0,0.0,0.0,0.0,0.0,0.018124999478459358,0.0023437500931322575,0.0,0.0,0.0,290.0,284.0,256.0,240.0,144.0,19.0,0.0,0.0,0.0,0.0,0,0,0,0,0
865,128,0.0,0.0,312.5533447265625,0.0,0.0,274.4375,27.5625,0.0,0.0,0.0,0.5151163339614868,0.6145808696746826,0.5694802403450012,0.0,0.0,54.2362060546875,65.377685546875,14.86820125579834,0.0,0.0,0.0,0.0,0.0,0.0,0.0,0.018124999478459358,0.0023437500931322575,0.0,0.0,0.0,290.0,284.0,256.0,240.0,144.0,19.0,0.0,0.0,0.0,0.0,0,0,0,0,0
866,128,0.0,0.0,79.8933334350586,0.0,0.0,274.4375,0.0,0.0,0.0,0.0,0.5147013068199158,0.6145808696746826,0.5694802403450012,0.0,0.0,54.2362060546875,65.377685546875,14.89039421081543,0.0,0.0,0.0,0.0,0.0,0.0,0.0,0.018124999478459358,0.0,0.0,0.0,0.0,290.0,284.0,256.0,240.0,144.0,19.0,0.0,0.0,0.0,0.0,0,0,0,0,0
867,128,0.0,0.0,118.76000213623047,0.0,0.0,274.4375,0.0,0.0,0.0,0.0,0.514286994934082,0.6145808696746826,0.5694802403450012,0.0,0.0,54.2362060546875,65.377685546875,14.923382759094238,0.0,0.0,0.0,0.0,0.0,0.0,0.0,0.018124999478459358,0.0,0.0,0.0,0.0,290.0,284.0,256.0,240.0,144.0,19.0,0.0,0.0,0.0,0.0,0,0,0,0,0
868,128,7.293333530426025,0.0,363.6199951171875,0.0,0.0,274.4375,0.0,0.0,0.0,0.0,0.5138946771621704,0.6145808696746826,0.5694802403450012,0.0,0.0,54.2362060546875,65.377685546875,15.024388313293457,0.0,0.0,0.0,0.0,0.0,0.0,0.0,0.018124999478459358,0.0,0.0,0.0,0.0,290.0,284.0,256.0,240.0,144.0,19.0,0.0,0.0,0.0,0.0,0,0,0,0,0
869,128,64.7066650390625,0.0,225.5800018310547,0.0,0.0,273.25,0.0,0.0,0.0,0.0,0.513672947883606,0.6145808696746826,0.5694802403450012,0.0,0.0,54.2362060546875,65.377685546875,15.08704948425293,0.0,0.0,0.0,0.0,0.0,0.0,0.0,0.017500000074505806,0.0,0.0,0.0,0.0,290.0,284.0,256.0,240.0,144.0,19.0,0.0,0.0,0.0,0.0,0,0,0,0,0
870,128,49.720001220703125,0.0,249.03334045410156,0.0,0.0,273.25,0.0,0.0,0.0,0.0,0.5134077072143555,0.6145808696746826,0.5694802403450012,0.0,0.0,54.2362060546875,65.377685546875,15.156225204467773,0.0,0.0,0.0,0.0,0.0,0.0,0.0,0.017500000074505806,0.0,0.0,0.0,0.0,291.0,284.0,256.0,240.0,144.0,17.0,0.0,0.0,0.0,0.0,0,0,0,0,0
871,128,32.72666549682617,0.0,253.04666137695312,0.0,0.0,273.25,0.0,0.0,0.0,0.0,0.5130931735038757,0.6145808696746826,0.5694802403450012,0.0,0.0,54.2362060546875,65.377685546875,15.226515769958496,0.0,0.0,0.0,0.0,0.0,0.0,0.0,0.017500000074505806,0.0,0.0,0.0,0.0,291.0,284.0,256.0,240.0,144.0,17.0,0.0,0.0,0.0,0.0,0,0,0,0,0
872,128,35.40666580200195,0.0,277.5666809082031,0.0,0.0,246.875,0.0,0.0,0.0,0.0,0.5128265619277954,0.6145808696746826,0.5694802403450012,0.0,0.0,54.2362060546875,65.377685546875,15.303617477416992,0.0,0.0,0.0,0.0,0.0,0.0,0.0,0.016249999403953552,0.0,0.0,0.0,0.0,291.0,284.0,256.0,240.0,144.0,15.0,0.0,0.0,0.0,0.0,0,0,0,0,0
873,128,12.079999923706055,0.0,323.7466735839844,0.0,0.0,246.875,0.0,0.0,0.0,0.0,0.5124921798706055,0.6145808696746826,0.5694802403450012,0.0,0.0,54.2362060546875,65.377685546875,15.393548011779785,0.0,0.0,0.0,0.0,0.0,0.0,0.0,0.016249999403953552,0.0,0.0,0.0,0.0,291.0,284.0,256.0,240.0,144.0,15.0,0.0,0.0,0.0,0.0,0,0,0,0,0
874,128,0.0,0.0,238.89999389648438,0.0,0.0,220.5,0.0,0.0,0.0,0.0,0.512162446975708,0.6145808696746826,0.5694802403450012,0.0,0.0,54.2362060546875,65.377685546875,15.459908485412598,0.0,0.0,0.0,0.0,0.0,0.0,0.0,0.014999999664723873,0.0,0.0,0.0,0.0,291.0,284.0,256.0,240.0,144.0,15.0,0.0,0.0,0.0,0.0,0,0,0,0,0
875,128,0.0,0.0,155.56666564941406,0.0,0.0,220.5,0.0,0.0,0.0,0.0,0.511833131313324,0.6145808696746826,0.5694802403450012,0.0,0.0,54.2362060546875,65.377685546875,15.503121376037598,0.0,0.0,0.0,0.0,0.0,0.0,0.0,0.014999999664723873,0.0,0.0,0.0,0.0,291.0,284.0,256.0,240.0,144.0,15.0,0.0,0.0,0.0,0.0,0,0,0,0,0
876,127,0.0,0.0,180.74667358398438,0.0,0.0,220.5,0.0,0.0,0.0,0.0,0.5115042328834534,0.6145808696746826,0.5694802403450012,0.0,0.0,54.2362060546875,65.377685546875,15.553329467773438,0.0,0.0,0.0,0.0,0.0,0.0,0.0,0.014999999664723873,0.0,0.0,0.0,0.0,291.0,284.0,256.0,240.0,144.0,15.0,0.0,2.0,0.0,0.0,0,0,1,0,0
877,128,0.0,0.0,298.086669921875,0.0,0.0,220.5,0.0,0.0,0.0,0.0,0.511175811290741,0.6145808696746826,0.5694802403450012,0.0,0.0,54.2362060546875,65.377685546875,15.636131286621094,0.0,0.0,0.0,0.0,0.0,0.0,0.0,0.014999999664723873,0.0,0.0,0.0,0.0,291.0,284.0,256.0,240.0,144.0,15.0,0.0,2.0,0.0,0.0,0,0,0,0,0
878,128,0.0,0.0,229.26666259765625,0.0,0.0,220.5,0.0,27.233125686645508,0.0,0.0,0.5108477473258972,0.6145808696746826,0.5695905685424805,0.0,0.0,54.2362060546875,65.377685546875,15.692251205444336,0.0,0.0,0.0,0.0,0.0,0.0,0.0,0.014999999664723873,0.0,0.0012499999720603228,0.0,0.0,291.0,284.0,256.0,240.0,144.0,15.0,0.0,2.0,0.0,0.0,0,0,0,0,0
879,128,0.0,0.0,156.45333862304688,0.0,0.0,220.5,0.0,27.233125686645508,0.0,0.0,0.5105201601982117,0.6145808696746826,0.5697007775306702,0.0,0.0,54.2362060546875,65.377685546875,15.728145599365234,0.0,0.0,0.0,0.0,0.0,0.0,0.0,0.014999999664723873,0.0,0.0012499999720603228,0.0,0.0,291.0,284.0,256.0,240.0,144.0,15.0,0.0,2.0,0.0,0.0,0,0,0,0,0
880,128,0.0,0.0,296.44000244140625,0.0,0.0,220.5,0.0,27.233125686645508,0.0,0.0,0.5101929306983948,0.6145808696746826,0.5698109865188599,0.0,0.0,54.2362060546875,65.377685546875,15.802925109863281,0.0,0.0,0.0,0.0,0.0,0.0,0.0,0.014999999664723873,0.0,0.0012499999720603228,0.0,0.0,291.0,284.0,256.0,240.0,144.0,15.0,0.0,2.0,0.0,0.0,0,0,0,0,0
881,127,0.0,0.0,420.739990234375,0.0,0.0,220.5,0.0,27.233125686645508,0.0,0.0,0.5098661780357361,0.6145808696746826,0.56992107629776,0.0,0.0,54.2362060546875,65.377685546875,15.912233352661133,0.0,0.0,0.0,0.0,0.0,0.0,0.0,0.014999999664723873,0.0,0.0012499999720603228,0.0,0.0,291.0,284.0,256.0,240.0,144.0,14.0,0.0,4.0,0.0,0.0,0,0,1,0,0
882,127,0.0,0.0,278.7933349609375,0.0,0.0,220.5,0.0,27.233125686645508,0.0,0.0,0.5095398426055908,0.6145808696746826,0.5700311660766602,0.0,0.0,54.2362060546875,65.377685546875,15.982110977172852,0.0,0.0,0.0,0.0,0.0,0.0,0.0,0.014999999664723873,0.0,0.0012499999720603228,0.0,0.0,291.0,284.0,256.0,240.0,144.0,9.0,0.0,6.0,0.0,0.0,0,0,1,0,0
883,127,0.0,0.0,342.2933349609375,0.0,0.0,220.5,0.0,54.466251373291016,0.0,0.0,0.5092138648033142,0.6145808696746826,0.5702511072158813,0.0,0.0,54.2362060546875,65.377685546875,16.062063217163086,0.0,0.0,0.0,0.0,0.0,0.0,0.0,0.014999999664723873,0.0,0.0024999999441206455,0.0,0.0,291.0,284.0,256.0,240.0,144.0,9.0,0.0,7.0,0.0,0.0,0,0,1,0,0
884,128,0.0,0.0,255.68666076660156,0.0,0.0,220.5,0.0,56.99937438964844,0.0,0.0,0.5088883638381958,0.6145808696746826,0.5704810619354248,0.0,0.0,54.2362060546875,65.377685546875,16.11725425720215,0.0,0.0,0.0,0.0,0.0,0.0,0.0,0.014999999664723873,0.0,0.0037499999161809683,0.0,0.0,291.0,284.0,256.0,240.0,144.0,7.0,0.0,7.0,0.0,0.0,0,0,0,0,0
885,128,0.0,0.0,429.260009765625,0.0,0.0,220.5,0.0,82.96593475341797,0.0,0.0,0.5085632801055908,0.6145808696746826,0.5708153247833252,0.0,0.0,54.2362060546875,65.377685546875,16.21344566345215,0.0,0.0,0.0,0.0,0.0,0.0,0.0,0.014999999664723873,0.0,0.0043750000186264515,0.0,0.0,291.0,284.0,256.0,240.0,144.0,6.0,0.0,7.0,0.0,0.0,0,0,0,0,0
886,128,0.0,63.35333251953125,433.9466552734375,0.0,0.0,191.75,0.0,82.96593475341797,0.0,0.0,0.508280873298645,0.6145808696746826,0.5711490511894226,0.0,0.0,54.2362060546875,65.3952865600586,16.310941696166992,0.0,0.0,0.0,0.0,0.0,0.0,0.0,0.012500000186264515,0.0,0.0043750000186264515,0.0,0.0,291.0,284.0,256.0,240.0,144.0,5.0,0.0,7.0,0.0,0.0,0,0,0,0,0
887,128,0.0,42.14666748046875,456.05999755859375,0.0,0.0,191.75,0.0,82.96593475341797,0.0,0.0,0.5079988241195679,0.6145808696746826,0.5714823007583618,0.0,0.0,54.2362060546875,65.40699005126953,16.41457748413086,0.0,0.0,0.0,0.0,0.0,0.0,0.0,0.012500000186264515,0.0,0.0043750000186264515,0.0,0.0,291.0,284.0,256.0,240.0,144.0,4.0,0.0,7.0,0.0,0.0,0,0,0,0,0
888,128,0.0,22.433332443237305,443.6666564941406,0.0,0.0,191.75,0.0,82.96593475341797,0.0,0.0,0.5077170729637146,0.6145808696746826,0.571815013885498,0.0,0.0,54.2362060546875,65.41322326660156,16.514772415161133,0.0,0.0,0.0,0.0,0.0,0.0,0.0,0.012500000186264515,0.0,0.0043750000186264515,0.0,0.0,291.0,284.0,256.0,240.0,144.0,4.0,0.0,7.0,0.0,0.0,0,0,0,0,0
889,128,0.0,142.32666015625,322.5133361816406,0.0,0.0,191.75,0.0,82.96593475341797,0.0,0.0,0.5074356198310852,0.6145808696746826,0.5721471905708313,0.0,0.0,54.2362060546875,65.4527587890625,16.581314086914062,0.0,0.0,0.0,0.0,0.0,0.0,0.0,0.012500000186264515,0.0,0.0043750000186264515,0.0,0.0,291.0,284.0,256.0,240.0,144.0,4.0,0.0,7.0,0.0,0.0,0,0,0,0,0
890,128,0.0,217.80667114257812,326.6266784667969,0.0,0.0,191.75,0.0,82.96593475341797,0.0,0.0,0.5071544647216797,0.6145808696746826,0.5724788904190063,0.0,0.0,54.2362060546875,65.51325988769531,16.648998260498047,0.0,0.0,0.0,0.0,0.0,0.0,0.0,0.012500000186264515,0.0,0.0043750000186264515,0.0,0.0,291.0,284.0,256.0,240.0,144.0,1.0,0.0,7.0,0.0,0.0,0,0,0,0,0
891,128,0.0,263.6933288574219,484.11334228515625,0.0,0.0,191.75,0.0,82.96593475341797,0.0,0.0,0.5068736672401428,0.6145808696746826,0.5728100538253784,0.0,0.0,54.2362060546875,65.58650970458984,16.760427474975586,0.0,0.0,0.0,0.0,0.0,0.0,0.0,0.012500000186264515,0.0,0.0043750000186264515,0.0,0.0,291.0,284.0,256.0,240.0,144.0,1.0,0.0,7.0,0.0,0.0,0,0,0,0,0
892,128,0.0,227.6999969482422,428.14666748046875,0.0,0.0,191.75,0.0,82.96593475341797,0.0,0.0,0.5065931677818298,0.6145808696746826,0.5731406807899475,0.0,0.0,54.2362060546875,65.6497573852539,16.856311798095703,0.0,0.0,0.0,0.0,0.0,0.0,0.0,0.012500000186264515,0.0,0.0043750000186264515,0.0,0.0,291.0,284.0,256.0,240.0,144.0,1.0,0.0,7.0,0.0,0.0,0,0,0,0,0
893,128,0.0,193.06666564941406,259.6199951171875,0.0,0.0,191.75,0.0,82.96593475341797,0.0,0.0,0.5063129663467407,0.6145808696746826,0.5734708309173584,0.0,0.0,54.2362060546875,65.7033920288086,16.90538215637207,0.0,0.0,0.0,0.0,0.0,0.0,0.0,0.012500000186264515,0.0,0.0043750000186264515,0.0,0.0,291.0,284.0,256.0,240.0,144.0,1.0,0.0,7.0,0.0,0.0,0,0,0,0,0
894,128,0.0,453.086669921875,398.11334228515625,0.0,0.0,191.75,0.0,82.96593475341797,0.0,0.0,0.5060330629348755,0.6145808696746826,0.5738005042076111,0.0,0.0,54.2362060546875,65.8292465209961,16.992921829223633,0.0,0.0,0.0,0.0,0.0,0.0,0.0,0.012500000186264515,0.0,0.0043750000186264515,0.0,0.0,291.0,284.0,256.0,240.0,144.0,1.0,0.0,7.0,0.0,0.0,0,0,0,0,0
895,128,0.0,705.760009765625,407.17999267578125,0.0,0.0,191.75,0.0,82.96593475341797,0.0,0.0,0.5057535171508789,0.6145808696746826,0.574129581451416,0.0,0.0,54.2362060546875,66.0252914428711,17.08298110961914,0.0,0.0,0.0,0.0,0.0,0.0,0.0,0.012500000186264515,0.0,0.0043750000186264515,0.0,0.0,291.0,284.0,256.0,240.0,144.0,1.0,0.0,7.0,0.0,0.0,0,0,0,0,0
896,128,0.0,578.7533569335938,485.44000244140625,0.0,0.0,191.75,0.0,82.96593475341797,0.0,0.0,0.5054742097854614,0.6145808696746826,0.5744582414627075,0.0,0.0,54.2362060546875,66.1860580444336,17.194780349731445,0.0,0.0,0.0,0.0,0.0,0.0,0.0,0.012500000186264515,0.0,0.0043750000186264515,0.0,0.0,291.0,284.0,256.0,240.0,144.0,1.0,0.0,7.0,0.0,0.0,0,0,0,0,0
897,127,0.0,683.2133178710938,477.32000732421875,0.0,0.0,191.75,0.0,82.96593475341797,0.0,0.0,0.5051952600479126,0.6145808696746826,0.5747863054275513,0.0,0.0,54.2362060546875,66.37583923339844,17.304323196411133,0.0,0.0,0.0,0.0,0.0,0.0,0.0,0.012500000186264515,0.0,0.0043750000186264515,0.0,0.0,291.0,284.0,256.0,240.0,144.0,1.0,3.0,7.0,0.0,0.0,0,1,0,0,0
898,128,0.0,375.8466796875,310.76666259765625,0.0,0.0,189.375,0.0,82.96593475341797,0.0,0.0,0.5049200654029846,0.6145808696746826,0.5751139521598816,0.0,0.0,54.2362060546875,66.48023986816406,17.36760139465332,0.0,0.0,0.0,0.0,0.0,0.0,0.0,0.011250000447034836,0.0,0.0043750000186264515,0.0,0.0,291.0,284.0,256.0,240.0,144.0,1.0,3.0,7.0,0.0,0.0,0,0,0,0,0
899,128,0.0,922.5133056640625,306.5733337402344,0.0,0.0,189.375,27.5625,82.96593475341797,0.0,0.0,0.5046451687812805,0.6146517395973206,0.5754410028457642,0.0,0.0,54.2362060546875,66.72883605957031,17.42971420288086,0.0,0.0,0.0,0.0,0.0,0.0,0.0,0.011250000447034836,0.0023437500931322575,0.0043750000186264515,0.0,0.0,293.0,284.0,256.0,240.0,144.0,1.0,3.0,7.0,0.0,0.0,0,0,0,0,0
900,128,0.0,999.5999755859375,327.1866760253906,0.0,0.0,189.375,27.5625,82.96593475341797,0.0,0.0,0.5043705701828003,0.6147225499153137,0.5757676362991333,0.0,0.0,54.2362060546875,66.99884796142578,17.4975528717041,0.0,0.0,0.0,0.0,0.0,0.0,0.0,0.011250000447034836,0.0023437500931322575,0.0043750000186264515,0.0,0.0,293.0,284.0,256.0,240.0,144.0,1.0,3.0,7.0,0.0,0.0,0,0,0,0,0
901,128,0.0,503.7533264160156,233.98666381835938,0.0,0.0,189.375,27.5625,82.96593475341797,0.0,0.0,0.504096269607544,0.6147933006286621,0.5760937333106995,0.0,0.0,54.2362060546875,67.1311264038086,17.53950309753418,0.0,0.0,0.0,0.0,0.0,0.0,0.0,0.011250000447034836,0.0023437500931322575,0.0043750000186264515,0.0,0.0,293.0,284.0,256.0,240.0,144.0,0.0,3.0,7.0,0.0,0.0,0,0,0,0,0
902,127,0.0,506.11334228515625,209.51333618164062,0.0,0.0,189.375,27.5625,82.96593475341797,0.0,0.0,0.5038222074508667,0.6148640513420105,0.5764192938804626,0.0,0.0,54.2362060546875,67.26405334472656,17.574655532836914,0.0,0.0,0.0,0.0,0.0,0.0,0.0,0.011250000447034836,0.0023437500931322575,0.0043750000186264515,0.0,0.0,293.0,284.0,256.0,240.0,144.0,0.0,3.0,9.0,0.0,0.0,0,0,1,0,0
903,128,41.893333435058594,105.47333526611328,193.69332885742188,0.0,0.0,189.375,27.5625,82.96593475341797,0.0,0.0,0.5036687254905701,0.6149348020553589,0.5767443776130676,0.0,0.0,54.2362060546875,67.28569793701172,17.60541343688965,0.0,0.0,0.0,0.0,0.0,0.0,0.0,0.011250000447034836,0.0023437500931322575,0.0043750000186264515,0.0,0.0,293.0,284.0,256.0,240.0,144.0,0.0,3.0,8.0,0.0,0.0,0,0,0,0,0
904,128,150.4066619873047,674.693359375,159.4199981689453,0.0,0.0,189.375,27.5625,110.19906616210938,0.0,0.0,0.5038264989852905,0.6150054931640625,0.5771754384040833,0.0,0.0,54.2362060546875,67.4654541015625,17.61908531188965,0.0,0.0,0.0,0.0,0.0,0.0,0.0,0.011250000447034836,0.0023437500931322575,0.005625000223517418,0.0,0.0,293.0,284.0,256.0,240.0,144.0,0.0,3.0,8.0,0.0,0.0,0,0,0,0,0
905,128,280.2866516113281,627.0333251953125,175.22666931152344,0.0,0.0,164.1875,27.5625,110.19906616210938,0.0,0.0,0.504059910774231,0.6150761842727661,0.5776055455207825,0.0,0.0,54.26845932006836,67.63197326660156,17.637147903442383,0.0,0.0,0.0,0.0,0.0,0.0,0.0,0.010625000111758709,0.0023437500931322575,0.005625000223517418,0.0,0.0,293.0,284.0,256.0,240.0,144.0,0.0,3.0,8.0,0.0,0.0,0,0,0,0,0
906,128,120.68000030517578,859.780029296875,173.0,0.0,0.0,164.1875,27.5625,110.19906616210938,0.0,0.0,0.5041685700416565,0.615146815776825,0.5780348777770996,0.0,0.0,54.26845932006836,67.86314392089844,17.65459442138672,0.0,0.0,0.0,0.0,0.0,0.0,0.0,0.010625000111758709,0.0023437500931322575,0.005625000223517418,0.0,0.0,293.0,284.0,256.0,240.0,144.0,0.0,3.0,8.0,0.0,0.0,0,0,0,0,0
907,128,184.5,846.760009765625,138.9933319091797,0.0,0.0,164.1875,27.5625,110.19906616210938,0.0,0.0,0.5044016242027283,0.6152174472808838,0.5784632563591003,0.0,0.0,54.27410125732422,68.0906982421875,17.6625919342041,0.0,0.0,0.0,0.0,0.0,0.0,0.0,0.010625000111758709,0.0023437500931322575,0.005625000223517418,0.0,0.0,293.0,284.0,256.0,240.0,144.0,0.0,3.0,6.0,0.0,0.0,0,0,0,0,0
908,128,483.0199890136719,1035.739990234375,113.85333251953125,0.0,0.0,164.1875,27.5625,110.19906616210938,0.0,0.0,0.5046344995498657,0.6152880191802979,0.5788908004760742,0.0,0.0,54.36266326904297,68.3707504272461,17.663606643676758,0.0,0.0,0.0,0.0,0.0,0.0,0.0,0.010625000111758709,0.0023437500931322575,0.005625000223517418,0.0,0.0,293.0,284.0,256.0,240.0,144.0,0.0,3.0,6.0,0.0,0.0,0,0,0,0,0
909,128,252.04666137695312,1145.88671875,81.30000305175781,0.0,0.0,164.1875,27.5625,110.19906616210938,0.0,0.0,0.5048671364784241,0.6153585910797119,0.5790517330169678,0.0,0.0,54.38706970214844,68.681396484375,17.663606643676758,0.0,0.0,0.0,0.0,0.0,0.0,0.0,0.010625000111758709,0.0023437500931322575,0.005625000223517418,0.0,0.0,293.0,284.0,256.0,240.0,144.0,0.0,3.0,6.0,0.0,0.0,0,0,0,0,0
910,124,213.82000732421875,645.9533081054688,86.45999908447266,0.0,0.0,164.1875,27.5625,110.19906616210938,0.0,0.0,0.5050995945930481,0.615429162979126,0.5792598128318787,0.0,0.0,54.400856018066406,68.8531723022461,17.663606643676758,0.0,0.0,0.0,0.0,0.0,0.0,0.0,0.010625000111758709,0.0023437500931322575,0.005625000223517418,0.0,0.0,293.0,284.0,256.0,240.0,144.0,4.0,3.0,11.0,0.0,0.0,1,0,3,0,0
911,128,494.6400146484375,938.8666381835938,78.33333587646484,0.0,0.0,164.1875,27.5625,110.19906616210938,0.0,0.0,0.505331814289093,0.6154996752738953,0.5793928503990173,0.0,0.0,54.49264907836914,69.10630798339844,17.663606643676758,0.0,0.0,0.0,0.0,0.0,0.0,0.0,0.010625000111758709,0.0023437500931322575,0.005625000223517418,0.0,0.0,293.0,284.0,256.0,240.0,144.0,4.0,3.0,11.0,0.0,0.0,0,0,0,0,0
912,126,242.4933319091797,700.1133422851562,81.34666442871094,0.0,0.0,190.5625,27.5625,141.23187255859375,0.0,0.0,0.5056010484695435,0.6155701875686646,0.579388439655304,0.0,0.0,54.50707244873047,69.29312896728516,17.663606643676758,0.0,0.0,0.0,0.0,0.0,0.0,0.0,0.011874999850988388,0.0023437500931322575,0.008750000037252903,0.0,0.0,293.0,284.0,256.0,240.0,144.0,7.0,3.0,11.0,0.0,0.0,2,0,0,0,0
913,126,58.900001525878906,643.7999877929688,42.65999984741211,0.0,0.0,190.5625,27.5625,141.23187255859375,0.0,0.0,0.5054941177368164,0.6156406402587891,0.5790299773216248,0.0,0.0,54.50707244873047,69.46430969238281,17.663606643676758,0.0,0.0,0.0,0.0,0.0,0.0,0.0,0.011874999850988388,0.0023437500931322575,0.008750000037252903,0.0,0.0,295.0,284.0,256.0,240.0,144.0,7.0,8.0,11.0,0.0,0.0,0,2,0,0,0
914,125,676.5333251953125,482.2533264160156,22.280000686645508,0.0,0.0,242.125,27.5625,141.23187255859375,0.0,0.0,0.5058357119560242,0.6157110929489136,0.5784861445426941,0.0,0.0,54.627742767333984,69.59060668945312,17.663606643676758,0.0,0.0,0.0,0.0,0.0,0.0,0.0,0.013749999925494194,0.0023437500931322575,0.008750000037252903,0.0,0.0,295.0,284.0,256.0,240.0,144.0,10.0,11.0,11.0,0.0,0.0,2,1,0,0,0
915,127,368.7266540527344,323.5199890136719,11.893333435058594,0.0,0.0,242.125,81.5,141.23187255859375,0.0,0.0,0.506176769733429,0.6159192323684692,0.5778489112854004,0.0,0.0,54.66291046142578,69.6578369140625,17.663606643676758,0.0,0.0,0.0,0.0,0.0,0.0,0.0,0.013749999925494194,0.0062500000931322575,0.008750000037252903,0.0,0.0,295.0,284.0,256.0,240.0,144.0,11.0,11.0,11.0,0.0,0.0,1,0,0,0,0
916,127,476.8599853515625,1196.9666748046875,10.41333293914795,0.0,0.0,269.6875,85.0625,141.23187255859375,0.0,0.0,0.5065561532974243,0.6161361932754517,0.5771998167037964,0.0,0.0,54.720458984375,69.9666976928711,17.663606643676758,0.0,0.0,0.0,0.0,0.0,0.0,0.0,0.015625,0.008593750186264515,0.008750000037252903,0.0,0.0,294.0,284.0,256.0,240.0,144.0,11.0,14.0,11.0,0.0,0.0,0,1,0,0,0
917,125,607.1799926757812,697.5266723632812,23.84666633605957,0.0,0.0,268.5,85.0625,141.23187255859375,0.0,0.0,0.5069332718849182,0.6163529753684998,0.5766746997833252,0.0,0.0,54.814537048339844,70.13682556152344,17.663606643676758,0.0,0.0,0.0,0.0,0.0,0.0,0.0,0.014999999664723873,0.008593750186264515,0.008750000037252903,0.0,0.0,293.0,284.0,256.0,240.0,144.0,14.0,17.0,11.0,0.0,0.0,2,1,0,0,0
918,126,661.8466796875,1056.43994140625,23.15999984741211,0.0,0.0,268.5,112.625,141.23187255859375,0.0,0.0,0.5073097944259644,0.6166395545005798,0.5761446952819824,0.0,0.0,54.923797607421875,70.39900207519531,17.663606643676758,0.0,0.0,0.0,0.0,0.0,0.0,0.0,0.014999999664723873,0.010937499813735485,0.008750000037252903,0.0,0.0,295.0,284.0,256.0,240.0,144.0,16.0,17.0,11.0,0.0,0.0,2,0,0,0,0
919,123,1087.61328125,711.693359375,5.326666831970215,0.0,0.0,272.0625,116.1875,141.23187255859375,0.0,0.0,0.5076907277107239,0.6169347763061523,0.5754541158676147,0.0,0.0,55.15034103393555,70.56441497802734,17.663606643676758,0.0,0.0,0.0,0.0,0.0,0.0,0.0,0.016875000670552254,0.01328125037252903,0.008750000037252903,0.0,0.0,295.0,284.0,256.0,240.0,144.0,26.0,17.0,11.0,0.0,0.0,5,0,0,0,0
920,126,627.0133056640625,945.606689453125,0.0,0.0,0.0,279.1875,116.1875,141.23187255859375,0.0,0.0,0.5080810785293579,0.6172295808792114,0.5747169852256775,0.0,0.0,55.2469596862793,70.79481506347656,17.663606643676758,0.0,0.0,0.0,0.0,0.0,0.0,0.0,0.020625000819563866,0.01328125037252903,0.008750000037252903,0.0,0.0,295.0,284.0,256.0,240.0,144.0,27.0,20.0,7.0,0.0,0.0,1,1,0,0,0
921,126,416.7200012207031,1041.6600341796875,0.0,0.0,0.0,291.0625,116.1875,141.23187255859375,0.0,0.0,0.5084872841835022,0.6175239086151123,0.5739817023277283,0.0,0.0,55.281864166259766,71.05188751220703,17.663606643676758,0.0,0.0,0.0,0.0,0.0,0.0,0.0,0.026875000447034836,0.01328125037252903,0.008750000037252903,0.0,0.0,295.0,284.0,256.0,240.0,144.0,28.0,23.0,7.0,0.0,0.0,1,1,0,0,0
922,122,474.4599914550781,1125.6400146484375,0.0,0.0,0.0,292.25,143.75,141.23187255859375,0.0,0.0,0.5088945627212524,0.6178874373435974,0.5732483267784119,0.0,0.0,55.33247756958008,71.32463836669922,17.663606643676758,0.0,0.0,0.0,0.0,0.0,0.0,0.0,0.027499999850988388,0.015625,0.008750000037252903,0.0,0.0,295.0,284.0,257.0,240.0,144.0,34.0,35.0,7.0,0.0,0.0,2,4,0,0,0
923,127,677.393310546875,1301.28662109375,0.0,0.0,0.0,293.4375,147.3125,141.23187255859375,0.0,0.0,0.5093027353286743,0.6182592511177063,0.5725168585777283,0.0,0.0,55.43913269042969,71.64518737792969,17.663606643676758,0.0,0.0,0.0,0.0,0.0,0.0,0.0,0.02812499925494194,0.01796874962747097,0.008750000037252903,0.0,0.0,295.0,284.0,257.0,240.0,144.0,36.0,35.0,5.0,0.0,0.0,1,0,0,0,0
924,127,669.6333618164062,892.1400146484375,0.0,0.0,0.0,300.5625,233.5625,141.23187255859375,0.0,0.0,0.5097202062606812,0.6188472509384155,0.5717872381210327,0.0,0.0,55.54165267944336,71.828125,17.663606643676758,0.0,0.0,0.0,0.0,0.0,0.0,0.0,0.03187499940395355,0.02734375,0.008750000037252903,0.0,0.0,268.0,284.0,257.0,240.0,144.0,37.0,35.0,5.0,0.0,0.0,1,0,0,0,0
925,127,834.8133544921875,1018.806640625,0.0,0.0,0.0,301.75,233.5625,115.26531219482422,0.0,0.0,0.5101385116577148,0.6194334626197815,0.5711930990219116,0.0,0.0,55.68972396850586,72.0462417602539,17.663606643676758,0.0,0.0,0.0,0.0,0.0,0.0,0.0,0.032499998807907104,0.02734375,0.008124999701976776,0.0,0.0,266.0,284.0,257.0,240.0,144.0,38.0,35.0,5.0,0.0,0.0,1,0,0,0,0
926,127,490.0466613769531,1013.3333129882812,0.0,0.0,0.0,301.75,233.5625,115.26531219482422,0.0,0.0,0.510556161403656,0.6200178265571594,0.5706002116203308,0.0,0.0,55.74203109741211,72.26284790039062,17.663606643676758,0.0,0.0,0.0,0.0,0.0,0.0,0.0,0.032499998807907104,0.02734375,0.008124999701976776,0.0,0.0,266.0,284.0,257.0,240.0,144.0,40.0,35.0,5.0,0.0,0.0,1,0,0,0,0
927,128,965.0266723632812,1270.2266845703125,0.0,0.0,0.0,271.8125,233.5625,115.26531219482422,0.0,0.0,0.5109317898750305,0.6206004619598389,0.5700085759162903,0.0,0.0,55.93458938598633,72.55081176757812,17.663606643676758,0.0,0.0,0.0,0.0,0.0,0.0,0.0,0.029374999925494194,0.02734375,0.008124999701976776,0.0,0.0,266.0,284.0,257.0,240.0,144.0,40.0,35.0,5.0,0.0,0.0,0,0,0,0,0
928,127,735.7133178710938,1282.239990234375,0.0,0.0,0.0,274.1875,233.5625,115.26531219482422,0.0,0.0,0.5113101005554199,0.621181309223175,0.5694181323051453,0.0,0.0,56.06278991699219,72.84210968017578,17.663606643676758,0.0,0.0,0.0,0.0,0.0,0.0,0.0,0.030625000596046448,0.02734375,0.008124999701976776,0.0,0.0,266.0,284.0,257.0,240.0,144.0,42.0,35.0,5.0,0.0,0.0,1,0,0,0,0
929,126,798.7466430664062,895.32666015625,0.0,0.0,0.0,274.1875,233.5625,115.26531219482422,0.0,0.0,0.5116878151893616,0.621760368347168,0.5688289403915405,0.0,0.0,56.20850372314453,73.02593231201172,17.663606643676758,0.0,0.0,0.0,0.0,0.0,0.0,0.0,0.030625000596046448,0.02734375,0.008124999701976776,0.0,0.0,266.0,284.0,257.0,240.0,144.0,45.0,35.0,5.0,0.0,0.0,2,0,0,0,0
930,125,1032.1400146484375,1192.526611328125,0.0,0.0,0.0,300.5625,233.5625,115.26531219482422,0.0,0.0,0.5121011734008789,0.6223376393318176,0.5682409405708313,0.0,0.0,56.41171646118164,73.29231262207031,17.663606643676758,0.0,0.0,0.0,0.0,0.0,0.0,0.0,0.03187499940395355,0.02734375,0.008124999701976776,0.0,0.0,266.0,284.0,257.0,240.0,144.0,51.0,38.0,5.0,0.0,0.0,2,1,0,0,0
931,125,522.193359375,1350.260009765625,0.0,0.0,0.0,304.125,233.5625,115.26531219482422,0.0,0.0,0.5125187039375305,0.6229131817817688,0.5676541924476624,0.0,0.0,56.472293853759766,73.60250854492188,17.663606643676758,0.0,0.0,0.0,0.0,0.0,0.0,0.0,0.03375000134110451,0.02734375,0.008124999701976776,0.0,0.0,266.0,284.0,257.0,240.0,144.0,55.0,38.0,5.0,0.0,0.0,3,0,0,0,0
932,128,1035.953369140625,1390.97998046875,0.0,0.0,0.0,311.25,237.125,115.26531219482422,0.0,0.0,0.5129453539848328,0.6234956979751587,0.5670686364173889,0.0,0.0,56.67359924316406,73.92301940917969,17.663606643676758,0.0,0.0,0.0,0.0,0.0,0.0,0.0,0.03750000149011612,0.02968749962747097,0.008124999701976776,0.0,0.0,266.0,284.0,257.0,240.0,144.0,55.0,38.0,5.0,0.0,0.0,0,0,0,0,0
933,127,416.8599853515625,1368.3199462890625,0.0,0.0,0.0,313.625,237.125,115.26531219482422,0.0,0.0,0.5133744478225708,0.6240764260292053,0.566484272480011,0.0,0.0,56.702274322509766,74.23724365234375,17.663606643676758,0.0,0.0,0.0,0.0,0.0,0.0,0.0,0.038750000298023224,0.02968749962747097,0.008124999701976776,0.0,0.0,261.0,284.0,257.0,240.0,144.0,55.0,41.0,5.0,0.0,0.0,0,1,0,0,0
934,126,427.14666748046875,1192.3333740234375,0.0,0.0,0.0,312.4375,237.125,115.26531219482422,0.0,0.0,0.5138011574745178,0.6246553659439087,0.5659011602401733,0.0,0.0,56.73413848876953,74.50257873535156,17.663606643676758,0.0,0.0,0.0,0.0,0.0,0.0,0.0,0.03812500089406967,0.02968749962747097,0.008124999701976776,0.0,0.0,261.0,284.0,257.0,240.0,144.0,55.0,44.0,5.0,0.0,0.0,1,1,0,0,0
935,122,910.7933349609375,870.6533203125,0.0,0.0,0.0,312.4375,240.6875,115.26531219482422,0.0,0.0,0.5142271518707275,0.6252411603927612,0.5653191804885864,0.0,0.0,56.90034866333008,74.67756652832031,17.663606643676758,0.0,0.0,0.0,0.0,0.0,0.0,0.0,0.03812500089406967,0.03203124925494194,0.008124999701976776,0.0,0.0,262.0,284.0,257.0,240.0,144.0,57.0,56.0,5.0,0.0,0.0,2,4,0,0,0
936,127,666.3733520507812,1054.21337890625,0.0,0.0,0.0,313.625,240.6875,115.26531219482422,0.0,0.0,0.5146540403366089,0.6258251070976257,0.5647384524345398,0.0,0.0,56.99833297729492,74.90354919433594,17.663606643676758,0.0,0.0,0.0,0.0,0.0,0.0,0.0,0.038750000298023224,0.03203124925494194,0.008124999701976776,0.0,0.0,263.0,284.0,257.0,240.0,144.0,58.0,56.0,5.0,0.0,0.0,1,0,0,0,0
937,123,1157.4000244140625,882.1400146484375,0.0,0.0,0.0,312.4375,254.9375,115.26531219482422,0.0,0.0,0.5150784850120544,0.6264417171478271,0.5641588568687439,0.0,0.0,57.23304748535156,75.07777404785156,17.663606643676758,0.0,0.0,0.0,0.0,0.0,0.0,0.0,0.03812500089406967,0.04140625149011612,0.008124999701976776,0.0,0.0,262.0,284.0,257.0,240.0,144.0,64.0,56.0,5.0,0.0,0.0,4,1,0,0,0
938,127,583.066650390625,613.2866821289062,0.0,0.0,0.0,313.625,254.9375,115.26531219482422,0.0,0.0,0.5155038833618164,0.6270562410354614,0.5635805130004883,0.0,0.0,57.307891845703125,75.17731475830078,17.663606643676758,0.0,0.0,0.0,0.0,0.0,0.0,0.0,0.038750000298023224,0.04140625149011612,0.008124999701976776,0.0,0.0,264.0,284.0,257.0,240.0,144.0,63.0,59.0,5.0,0.0,0.0,0,1,0,0,0
939,124,1069.4200439453125,596.8599853515625,0.0,0.0,0.0,320.75,258.5,115.26531219482422,0.0,0.0,0.5159381031990051,0.627677321434021,0.5630033016204834,0.0,0.0,57.51585388183594,75.27130126953125,17.663606643676758,0.0,0.0,0.0,0.0,0.0,0.0,0.0,0.042500000447034836,0.04374999925494194,0.008124999701976776,0.0,0.0,264.0,251.0,257.0,240.0,144.0,66.0,59.0,5.0,0.0,0.0,4,0,0,0,0
940,126,1247.7667236328125,557.0266723632812,0.0,0.0,0.0,320.75,258.5,112.73218536376953,0.0,0.0,0.5163716077804565,0.6282963156700134,0.5624399781227112,0.0,0.0,57.77336120605469,75.3542251586914,17.663606643676758,0.0,0.0,0.0,0.0,0.0,0.0,0.0,0.042500000447034836,0.04374999925494194,0.006874999962747097,0.0,0.0,264.0,251.0,257.0,240.0,144.0,70.0,59.0,5.0,0.0,0.0,2,0,0,0,0
941,126,1001.1266479492188,536.719970703125,0.0,0.0,0.0,329.0625,258.5,112.73218536376953,0.0,0.0,0.5168154835700989,0.6289132833480835,0.5618777275085449,0.0,0.0,57.960044860839844,75.43151092529297,17.663606643676758,0.0,0.0,0.0,0.0,0.0,0.0,0.0,0.046875,0.04374999925494194,0.006874999962747097,0.0,0.0,264.0,251.0,257.0,240.0,144.0,69.0,65.0,5.0,0.0,0.0,0,2,0,0,0
942,124,1070.126708984375,474.7133483886719,93.31999969482422,0.0,0.0,333.8125,258.5,112.73218536376953,0.0,0.0,0.5172649621963501,0.6295281648635864,0.5621432662010193,0.0,0.0,58.16457748413086,75.49156951904297,17.663606643676758,0.0,0.0,0.0,0.0,0.0,0.0,0.0,0.04937500134110451,0.04374999925494194,0.006874999962747097,0.0,0.0,264.0,251.0,257.0,240.0,144.0,69.0,68.0,10.0,0.0,0.0,0,1,3,0,0
943,127,974.4933471679688,372.2866516113281,115.90666961669922,0.0,0.0,333.8125,265.625,112.73218536376953,0.0,0.0,0.5177136063575745,0.6301579475402832,0.5625801086425781,0.0,0.0,58.34254455566406,75.52119445800781,17.66448974609375,0.0,0.0,0.0,0.0,0.0,0.0,0.0,0.04937500134110451,0.04843749850988388,0.006874999962747097,0.0,0.0,262.0,251.0,257.0,240.0,144.0,69.0,66.0,11.0,0.0,0.0,0,0,1,0,0
944,125,1133.780029296875,266.49334716796875,205.1266632080078,0.0,0.0,333.8125,265.625,143.76499938964844,0.0,0.0,0.518161416053772,0.6307855248451233,0.5631359219551086,0.0,0.0,58.564754486083984,75.52143859863281,17.681533813476562,0.0,0.0,0.0,0.0,0.0,0.0,0.0,0.04937500134110451,0.04843749850988388,0.009999999776482582,0.0,0.0,262.0,247.0,258.0,240.0,144.0,67.0,66.0,14.0,0.0,0.0,0,0,3,0,0
945,125,1091.93994140625,213.66000366210938,168.23333740234375,0.0,0.0,332.625,265.625,146.29812622070312,0.0,0.0,0.5186067819595337,0.6310796141624451,0.5637000799179077,0.0,0.0,58.77567672729492,75.52143859863281,17.687625885009766,0.0,0.0,0.0,0.0,0.0,0.0,0.0,0.04874999821186066,0.04843749850988388,0.011250000447034836,0.0,0.0,262.0,247.0,256.0,240.0,144.0,67.0,63.0,23.0,0.0,0.0,0,0,3,0,0
946,125,1294.7733154296875,207.30667114257812,69.2933349609375,0.0,0.0,332.625,265.625,150.09780883789062,0.0,0.0,0.5190513730049133,0.6313322186470032,0.5635650753974915,0.0,0.0,59.04294204711914,75.52143859863281,17.687625885009766,0.0,0.0,0.0,0.0,0.0,0.0,0.0,0.04874999821186066,0.04843749850988388,0.013124999590218067,0.0,0.0,263.0,247.0,257.0,240.0,144.0,68.0,63.0,23.0,0.0,0.0,3,0,0,0,0
947,124,945.0933227539062,184.6266632080078,72.88666534423828,0.0,0.0,332.625,265.625,161.4968719482422,0.0,0.0,0.5194951295852661,0.6314398050308228,0.563405454158783,0.0,0.0,59.213069915771484,75.52143859863281,17.687625885009766,0.0,0.0,0.0,0.0,0.0,0.0,0.0,0.04874999821186066,0.04843749850988388,0.01875000074505806,0.0,0.0,263.0,247.0,248.0,240.0,144.0,78.0,60.0,23.0,0.0,0.0,4,0,0,0,0
948,126,1104.1199951171875,176.57333374023438,140.57333374023438,0.0,0.0,335.0,265.625,161.4968719482422,0.0,0.0,0.5199412107467651,0.6314959526062012,0.5638413429260254,0.0,0.0,59.42671585083008,75.52143859863281,17.687625885009766,0.0,0.0,0.0,0.0,0.0,0.0,0.0,0.05000000074505806,0.04843749850988388,0.01875000074505806,0.0,0.0,264.0,247.0,248.0,240.0,144.0,78.0,60.0,28.0,0.0,0.0,0,0,2,0,0
949,128,1049.5333251953125,145.89332580566406,179.82000732421875,0.0,0.0,338.5625,265.625,161.4968719482422,0.0,0.0,0.5203911662101746,0.6313575506210327,0.5644596219062805,0.0,0.0,59.62420654296875,75.52143859863281,17.692716598510742,0.0,0.0,0.0,0.0,0.0,0.0,0.0,0.051874998956918716,0.04843749850988388,0.01875000074505806,0.0,0.0,266.0,247.0,248.0,240.0,144.0,78.0,57.0,28.0,0.0,0.0,0,0,0,0,0
950,125,1127.106689453125,114.22000122070312,214.45333862304688,0.0,0.0,337.375,265.625,167.82968139648438,0.0,0.0,0.520838737487793,0.6310192942619324,0.5651003122329712,0.0,0.0,59.84357833862305,75.52143859863281,17.70566749572754,0.0,0.0,0.0,0.0,0.0,0.0,0.0,0.051249999552965164,0.04843749850988388,0.02187499962747097,0.0,0.0,266.0,247.0,248.0,240.0,144.0,78.0,57.0,36.0,0.0,0.0,0,0,3,0,0
951,127,1145.393310546875,104.33999633789062,159.39999389648438,0.0,0.0,337.375,265.625,167.82968139648438,0.0,0.0,0.5212854743003845,0.6306198239326477,0.5656653642654419,0.0,0.0,60.06802749633789,75.52143859863281,17.70566749572754,0.0,0.0,0.0,0.0,0.0,0.0,0.0,0.051249999552965164,0.04843749850988388,0.02187499962747097,0.0,0.0,267.0,247.0,248.0,240.0,144.0,72.0,57.0,39.0,0.0,0.0,0,0,1,0,0
952,125,887.4933471679688,81.82666778564453,107.83999633789062,0.0,0.0,337.375,265.625,177.96218872070312,0.0,0.0,0.521731436252594,0.6300797462463379,0.5657280087471008,0.0,0.0,60.2208366394043,75.52143859863281,17.70566749572754,0.0,0.0,0.0,0.0,0.0,0.0,0.0,0.051249999552965164,0.04843749850988388,0.026875000447034836,0.0,0.0,267.0,247.0,248.0,240.0,144.0,79.0,57.0,39.0,0.0,0.0,3,0,0,0,0
953,124,1008.3800048828125,110.23332977294922,95.65333557128906,0.0,0.0,337.375,265.625,181.76187133789062,0.0,0.0,0.5221765041351318,0.6297202706336975,0.5656654238700867,0.0,0.0,60.4072265625,75.52143859863281,17.70566749572754,0.0,0.0,0.0,0.0,0.0,0.0,0.0,0.051249999552965164,0.04843749850988388,0.028750000521540642,0.0,0.0,267.0,247.0,248.0,240.0,144.0,83.0,57.0,35.0,0.0,0.0,4,0,0,0,0
954,117,804.8333129882812,87.413330078125,63.926666259765625,0.0,0.0,345.6875,262.0625,181.76187133789062,0.0,0.0,0.5226316452026367,0.6292327046394348,0.5653266906738281,0.0,0.0,60.534767150878906,75.52143859863281,17.70566749572754,0.0,0.0,0.0,0.0,0.0,0.0,0.0,0.05562499910593033,0.04609375074505806,0.028750000521540642,0.0,0.0,267.0,247.0,235.0,240.0,144.0,103.0,57.0,33.0,0.0,0.0,11,0,0,0,0
955,126,669.4733276367188,42.459999084472656,86.16666412353516,0.0,0.0,349.25,262.0625,181.76187133789062,0.0,0.0,0.523090660572052,0.6284648180007935,0.5651823878288269,0.0,0.0,60.62371826171875,75.52143859863281,17.70566749572754,0.0,0.0,0.0,0.0,0.0,0.0,0.0,0.057500001043081284,0.04609375074505806,0.028750000521540642,0.0,0.0,265.0,250.0,235.0,240.0,144.0,105.0,54.0,33.0,0.0,0.0,2,0,0,0,0
956,123,558.5266723632812,4.539999961853027,187.10667419433594,0.0,0.0,377.75,262.0625,181.76187133789062,0.0,0.0,0.5235861539840698,0.6274620294570923,0.5658686757087708,0.0,0.0,60.67393493652344,75.52143859863281,17.707151412963867,0.0,0.0,0.0,0.0,0.0,0.0,0.0,0.07249999791383743,0.04609375074505806,0.028750000521540642,0.0,0.0,265.0,250.0,235.0,240.0,144.0,103.0,51.0,40.0,0.0,0.0,0,0,5,0,0
957,126,432.2466735839844,4.0333333015441895,117.49333190917969,0.0,0.0,381.3125,262.0625,181.76187133789062,0.0,0.0,0.5240852236747742,0.6264593005180359,0.5659955739974976,0.0,0.0,60.68808364868164,75.52143859863281,17.707151412963867,0.0,0.0,0.0,0.0,0.0,0.0,0.0,0.07437500357627869,0.04609375074505806,0.028750000521540642,0.0,0.0,256.0,250.0,235.0,240.0,144.0,107.0,51.0,38.0,0.0,0.0,2,0,0,0,0
958,128,408.94000244140625,6.2866668701171875,109.61333465576172,0.0,0.0,381.3125,262.0625,190.6278076171875,0.0,0.0,0.5245832800865173,0.6254739761352539,0.5660104751586914,0.0,0.0,60.69575881958008,75.52143859863281,17.707151412963867,0.0,0.0,0.0,0.0,0.0,0.0,0.0,0.07437500357627869,0.04609375074505806,0.03312499821186066,0.0,0.0,256.0,250.0,228.0,240.0,144.0,107.0,51.0,38.0,0.0,0.0,0,0,0,0,0
959,123,397.9533386230469,1.899999976158142,103.94000244140625,0.0,0.0,384.875,262.0625,190.6278076171875,0.0,0.0,0.525084912776947,0.6244645118713379,0.5659762620925903,0.0,0.0,60.69939041137695,75.52143859863281,17.707151412963867,0.0,0.0,0.0,0.0,0.0,0.0,0.0,0.07625000178813934,0.04609375074505806,0.03312499821186066,0.0,0.0,259.0,250.0,228.0,240.0,144.0,115.0,51.0,38.0,0.0,0.0,5,0,0,0,0
960,126,301.44000244140625,0.0,71.086669921875,0.0,0.0,384.875,262.0625,188.0946807861328,0.0,0.0,0.5253570079803467,0.623446524143219,0.5656711459159851,0.0,0.0,60.69939041137695,75.52143859863281,17.707151412963867,0.0,0.0,0.0,0.0,0.0,0.0,0.0,0.07625000178813934,0.04609375074505806,0.03187499940395355,0.0,0.0,260.0,250.0,228.0,240.0,144.0,114.0,51.0,38.0,0.0,0.0,2,0,0,0,0
961,124,245.48666381835938,0.0,32.62666702270508,0.0,0.0,396.75,262.0625,185.5615692138672,0.0,0.0,0.5254583358764648,0.6224318742752075,0.5650480389595032,0.0,0.0,60.69939041137695,75.52143859863281,17.707151412963867,0.0,0.0,0.0,0.0,0.0,0.0,0.0,0.08250000327825546,0.04609375074505806,0.030625000596046448,0.0,0.0,261.0,250.0,230.0,240.0,144.0,122.0,51.0,38.0,0.0,0.0,4,0,0,0,0
962,127,223.86666870117188,0.0,15.186666488647461,0.0,0.0,393.1875,262.0625,180.4953155517578,0.0,0.0,0.525505542755127,0.6214204430580139,0.5643015503883362,0.0,0.0,60.69939041137695,75.52143859863281,17.707151412963867,0.0,0.0,0.0,0.0,0.0,0.0,0.0,0.08062499761581421,0.04609375074505806,0.02812499925494194,0.0,0.0,260.0,250.0,230.0,240.0,144.0,116.0,51.0,38.0,0.0,0.0,1,0,0,0,0
963,128,186.45333862304688,0.0,0.0,0.0,0.0,402.6875,262.0625,180.4953155517578,0.0,0.0,0.5254368185997009,0.6204123497009277,0.5634270310401917,0.0,0.0,60.69939041137695,75.52143859863281,17.707151412963867,0.0,0.0,0.0,0.0,0.0,0.0,0.0,0.08562500029802322,0.04609375074505806,0.02812499925494194,0.0,0.0,266.0,250.0,234.0,240.0,144.0,112.0,51.0,38.0,0.0,0.0,0,0,0,0,0
964,128,156.43333435058594,0.0,0.0,0.0,0.0,402.6875,262.0625,180.4953155517578,0.0,0.0,0.5252864360809326,0.6194075345993042,0.5625551342964172,0.0,0.0,60.69939041137695,75.52143859863281,17.707151412963867,0.0,0.0,0.0,0.0,0.0,0.0,0.0,0.08562500029802322,0.04609375074505806,0.02812499925494194,0.0,0.0,265.0,250.0,234.0,240.0,144.0,111.0,51.0,36.0,0.0,0.0,0,0,0,0,0
965,128,115.69999694824219,0.0,0.0,0.0,0.0,402.6875,262.0625,180.4953155517578,0.0,0.0,0.5250254273414612,0.6184059381484985,0.5616859793663025,0.0,0.0,60.69939041137695,75.52143859863281,17.707151412963867,0.0,0.0,0.0,0.0,0.0,0.0,0.0,0.08562500029802322,0.04609375074505806,0.02812499925494194,0.0,0.0,266.0,250.0,234.0,240.0,144.0,109.0,48.0,36.0,0.0,0.0,0,0,0,0,0
966,128,101.36666870117188,0.0,0.0,0.0,0.0,399.125,262.0625,180.4953155517578,0.0,0.0,0.5247310996055603,0.6174076199531555,0.5608195066452026,0.0,0.0,60.69939041137695,75.52143859863281,17.707151412963867,0.0,0.0,0.0,0.0,0.0,0.0,0.0,0.08375000208616257,0.04609375074505806,0.02812499925494194,0.0,0.0,266.0,250.0,234.0,240.0,144.0,104.0,48.0,36.0,0.0,0.0,0,0,0,0,0
967,128,87.67333221435547,0.0,0.0,0.0,0.0,402.6875,262.0625,180.4953155517578,0.0,0.0,0.5243951082229614,0.6164124608039856,0.5599556565284729,0.0,0.0,60.69939041137695,75.52143859863281,17.707151412963867,0.0,0.0,0.0,0.0,0.0,0.0,0.0,0.08562500029802322,0.04609375074505806,0.02812499925494194,0.0,0.0,267.0,250.0,234.0,240.0,144.0,104.0,45.0,36.0,0.0,0.0,0,0,0,0,0
968,128,59.99333190917969,0.0,0.0,0.0,0.0,402.6875,262.0625,180.4953155517578,0.0,0.0,0.5239846706390381,0.6154205203056335,0.5590944886207581,0.0,0.0,60.69939041137695,75.52143859863281,17.707151412963867,0.0,0.0,0.0,0.0,0.0,0.0,0.0,0.08562500029802322,0.04609375074505806,0.02812499925494194,0.0,0.0,264.0,250.0,234.0,240.0,144.0,100.0,39.0,36.0,0.0,0.0,0,0,0,0,0
969,128,39.186668395996094,0.0,0.0,0.0,0.0,396.75,262.0625,180.4953155517578,0.0,0.0,0.5235271453857422,0.6144317984580994,0.5582360029220581,0.0,0.0,60.69939041137695,75.52143859863281,17.707151412963867,0.0,0.0,0.0,0.0,0.0,0.0,0.0,0.08250000327825546,0.04609375074505806,0.02812499925494194,0.0,0.0,264.0,250.0,234.0,240.0,144.0,96.0,33.0,36.0,0.0,0.0,0,0,0,0,0
970,128,78.34666442871094,0.0,0.0,0.0,0.0,400.3125,262.0625,180.4953155517578,0.0,0.0,0.5231716632843018,0.6134462356567383,0.5573801398277283,0.0,0.0,60.69939041137695,75.52143859863281,17.707151412963867,0.0,0.0,0.0,0.0,0.0,0.0,0.0,0.08437500149011612,0.04609375074505806,0.02812499925494194,0.0,0.0,269.0,250.0,234.0,240.0,144.0,96.0,33.0,36.0,0.0,0.0,0,0,0,0,0
971,128,75.16666412353516,0.0,0.0,0.0,0.0,397.9375,262.0625,180.4953155517578,0.0,0.0,0.5228116512298584,0.6124638319015503,0.5565268397331238,0.0,0.0,60.69939041137695,75.52143859863281,17.707151412963867,0.0,0.0,0.0,0.0,0.0,0.0,0.0,0.08312500268220901,0.04609375074505806,0.02812499925494194,0.0,0.0,266.0,250.0,234.0,240.0,144.0,96.0,30.0,36.0,0.0,0.0,0,0,0,0,0
972,128,54.00666809082031,0.0,0.0,0.0,0.0,395.5625,262.0625,180.4953155517578,0.0,0.0,0.5223986506462097,0.6114845871925354,0.5556762218475342,0.0,0.0,60.69939041137695,75.52143859863281,17.707151412963867,0.0,0.0,0.0,0.0,0.0,0.0,0.0,0.08187499642372131,0.04609375074505806,0.02812499925494194,0.0,0.0,268.0,250.0,234.0,240.0,144.0,92.0,27.0,34.0,0.0,0.0,0,0,0,0,0
973,128,46.95333480834961,0.0,0.0,0.0,0.0,395.5625,258.5,177.96218872070312,0.0,0.0,0.5219674110412598,0.610521674156189,0.5548400282859802,0.0,0.0,60.69939041137695,75.52143859863281,17.707151412963867,0.0,0.0,0.0,0.0,0.0,0.0,0.0,0.08187499642372131,0.04374999925494194,0.026875000447034836,0.0,0.0,270.0,250.0,234.0,240.0,144.0,88.0,24.0,31.0,0.0,0.0,0,0,0,0,0
974,128,14.920000076293945,0.0,0.0,0.0,0.0,395.5625,258.5,177.96218872070312,0.0,0.0,0.5214507579803467,0.6095618009567261,0.5540063977241516,0.0,0.0,60.69939041137695,75.52143859863281,17.707151412963867,0.0,0.0,0.0,0.0,0.0,0.0,0.0,0.08187499642372131,0.04374999925494194,0.026875000447034836,0.0,0.0,270.0,253.0,236.0,240.0,144.0,87.0,24.0,29.0,0.0,0.0,0,0,0,0,0
975,128,2.9533333778381348,0.0,0.0,0.0,0.0,393.1875,256.125,175.42906188964844,0.0,0.0,0.5209062099456787,0.6086137294769287,0.5531870126724243,0.0,0.0,60.69939041137695,75.52143859863281,17.707151412963867,0.0,0.0,0.0,0.0,0.0,0.0,0.0,0.08062499761581421,0.04218750074505806,0.025624999776482582,0.0,0.0,270.0,253.0,236.0,240.0,144.0,87.0,24.0,26.0,0.0,0.0,0,0,0,0,0
976,128,0.0,0.0,0.0,0.0,0.0,390.8125,256.125,175.42906188964844,0.0,0.0,0.5203582644462585,0.6076685786247253,0.5523700714111328,0.0,0.0,60.69939041137695,75.52143859863281,17.707151412963867,0.0,0.0,0.0,0.0,0.0,0.0,0.0,0.0793749988079071,0.04218750074505806,0.025624999776482582,0.0,0.0,272.0,255.0,238.0,240.0,144.0,84.0,24.0,26.0,0.0,0.0,0,0,0,0,0
977,128,0.0,0.0,0.0,0.0,0.0,390.8125,256.125,175.42906188964844,0.0,0.0,0.5198114514350891,0.6067264080047607,0.5515555739402771,0.0,0.0,60.69939041137695,75.52143859863281,17.707151412963867,0.0,0.0,0.0,0.0,0.0,0.0,0.0,0.0793749988079071,0.04218750074505806,0.025624999776482582,0.0,0.0,274.0,255.0,238.0,240.0,144.0,84.0,24.0,26.0,0.0,0.0,0,0,0,0,0
978,128,0.0,272.67333984375,0.0,0.0,0.0,390.8125,256.125,174.16250610351562,0.0,0.0,0.5192657709121704,0.6073352098464966,0.5507493019104004,0.0,0.0,60.69939041137695,75.52603149414062,17.707151412963867,0.0,0.0,0.0,0.0,0.0,0.0,0.0,0.0793749988079071,0.04218750074505806,0.02500000037252903,0.0,0.0,274.0,255.0,238.0,240.0,144.0,84.0,21.0,23.0,0.0,0.0,0,0,0,0,0
979,128,0.0,351.7200012207031,29.433332443237305,0.0,0.0,390.8125,256.125,174.16250610351562,0.0,0.0,0.5187212228775024,0.6079421639442444,0.55019211769104,0.0,0.0,60.69939041137695,75.5525894165039,17.707151412963867,0.0,0.0,0.0,0.0,0.0,0.0,0.0,0.0793749988079071,0.04218750074505806,0.02500000037252903,0.0,0.0,274.0,255.0,239.0,240.0,144.0,75.0,15.0,22.0,0.0,0.0,0,0,0,0,0
980,127,0.0,530.47998046875,93.55333709716797,0.0,0.0,386.0625,256.125,171.62937927246094,0.0,0.0,0.5181844234466553,0.6085472702980042,0.5501847863197327,0.0,0.0,60.69939041137695,75.62879943847656,17.707151412963867,0.0,0.0,0.0,0.0,0.0,0.0,0.0,0.0768750011920929,0.04218750074505806,0.023749999701976776,0.0,0.0,274.0,255.0,239.0,240.0,144.0,71.0,16.0,22.0,0.0,0.0,0,1,0,0,0
981,128,0.0,390.413330078125,121.68000030517578,0.0,0.0,386.0625,256.125,171.62937927246094,0.0,0.0,0.5176487565040588,0.6091504693031311,0.5504125356674194,0.0,0.0,60.69939041137695,75.66609954833984,17.707151412963867,0.0,0.0,0.0,0.0,0.0,0.0,0.0,0.0768750011920929,0.04218750074505806,0.023749999701976776,0.0,0.0,278.0,255.0,239.0,240.0,144.0,70.0,13.0,22.0,0.0,0.0,0,0,0,0,0
982,128,0.0,211.25332641601562,126.44666290283203,0.0,0.0,386.0625,257.3125,171.62937927246094,0.0,0.0,0.5171141624450684,0.6094779372215271,0.5506793856620789,0.0,0.0,60.69939041137695,75.66609954833984,17.707151412963867,0.0,0.0,0.0,0.0,0.0,0.0,0.0,0.0768750011920929,0.04296875,0.023749999701976776,0.0,0.0,278.0,254.0,239.0,240.0,144.0,70.0,13.0,21.0,0.0,0.0,0,0,0,0,0
983,128,0.0,262.0333251953125,98.5199966430664,0.0,0.0,386.0625,253.75,171.62937927246094,0.0,0.0,0.5165807008743286,0.6100723147392273,0.5507127642631531,0.0,0.0,60.69939041137695,75.66840362548828,17.707151412963867,0.0,0.0,0.0,0.0,0.0,0.0,0.0,0.0768750011920929,0.04062499850988388,0.023749999701976776,0.0,0.0,278.0,254.0,239.0,240.0,144.0,70.0,10.0,20.0,0.0,0.0,0,0,0,0,0
984,128,0.0,383.2866516113281,47.77333450317383,0.0,0.0,386.0625,253.75,171.62937927246094,0.0,0.0,0.5160483717918396,0.6106648445129395,0.5503237843513489,0.0,0.0,60.69939041137695,75.70438385009766,17.707151412963867,0.0,0.0,0.0,0.0,0.0,0.0,0.0,0.0768750011920929,0.04062499850988388,0.023749999701976776,0.0,0.0,278.0,257.0,239.0,240.0,144.0,67.0,10.0,16.0,0.0,0.0,0,0,0,0,0
985,128,0.0,428.0400085449219,0.0,0.0,0.0,386.0625,253.75,171.62937927246094,0.0,0.0,0.5155170559883118,0.6112556457519531,0.5495389699935913,0.0,0.0,60.69939041137695,75.75279998779297,17.707151412963867,0.0,0.0,0.0,0.0,0.0,0.0,0.0,0.0768750011920929,0.04062499850988388,0.023749999701976776,0.0,0.0,278.0,257.0,239.0,240.0,144.0,61.0,10.0,16.0,0.0,0.0,0,0,0,0,0
986,128,0.0,492.64666748046875,0.0,0.0,0.0,383.6875,253.75,171.62937927246094,0.0,0.0,0.5149901509284973,0.6118445992469788,0.5487563610076904,0.0,0.0,60.69939041137695,75.81916046142578,17.707151412963867,0.0,0.0,0.0,0.0,0.0,0.0,0.0,0.07562500238418579,0.04062499850988388,0.023749999701976776,0.0,0.0,278.0,257.0,239.0,240.0,144.0,56.0,10.0,16.0,0.0,0.0,0,0,0,0,0
987,128,0.0,395.0199890136719,0.0,0.0,0.0,383.6875,253.75,171.62937927246094,0.0,0.0,0.5144643187522888,0.6124318242073059,0.547976016998291,0.0,0.0,60.69939041137695,75.8583984375,17.707151412963867,0.0,0.0,0.0,0.0,0.0,0.0,0.0,0.07562500238418579,0.04062499850988388,0.023749999701976776,0.0,0.0,280.0,257.0,239.0,240.0,144.0,56.0,7.0,14.0,0.0,0.0,0,0,0,0,0
988,126,0.0,309.3333435058594,0.0,0.0,0.0,383.6875,253.75,171.62937927246094,0.0,0.0,0.5139394998550415,0.613017201423645,0.5471978187561035,0.0,0.0,60.69939041137695,75.87384033203125,17.707151412963867,0.0,0.0,0.0,0.0,0.0,0.0,0.0,0.07562500238418579,0.04062499850988388,0.023749999701976776,0.0,0.0,280.0,257.0,239.0,240.0,144.0,56.0,11.0,14.0,0.0,0.0,0,2,0,0,0
989,127,0.0,222.73333740234375,0.0,0.0,0.0,377.75,253.75,171.62937927246094,0.0,0.0,0.5134239196777344,0.6134164929389954,0.5464218854904175,0.0,0.0,60.69939041137695,75.87384033203125,17.707151412963867,0.0,0.0,0.0,0.0,0.0,0.0,0.0,0.07249999791383743,0.04062499850988388,0.023749999701976776,0.0,0.0,280.0,257.0,239.0,240.0,144.0,56.0,12.0,12.0,0.0,0.0,0,1,0,0,0
990,128,0.0,201.83999633789062,0.0,0.0,0.0,375.375,258.5,171.62937927246094,0.0,0.0,0.5129125714302063,0.6136733293533325,0.5456481575965881,0.0,0.0,60.69939041137695,75.87384033203125,17.707151412963867,0.0,0.0,0.0,0.0,0.0,0.0,0.0,0.07124999910593033,0.04374999925494194,0.023749999701976776,0.0,0.0,281.0,253.0,239.0,240.0,144.0,52.0,12.0,10.0,0.0,0.0,0,0,0,0,0
991,128,0.0,283.413330078125,0.0,0.0,0.0,375.375,256.125,171.62937927246094,0.0,0.0,0.5124022364616394,0.614259660243988,0.5448765754699707,0.0,0.0,60.69939041137695,75.88141632080078,17.707151412963867,0.0,0.0,0.0,0.0,0.0,0.0,0.0,0.07124999910593033,0.04218750074505806,0.023749999701976776,0.0,0.0,283.0,252.0,239.0,240.0,144.0,52.0,12.0,10.0,0.0,0.0,0,0,0,0,0
992,128,0.0,402.8933410644531,0.0,0.0,0.0,375.375,256.125,171.62937927246094,0.0,0.0,0.5118929147720337,0.6148442029953003,0.54410719871521,0.0,0.0,60.69939041137695,75.92218780517578,17.707151412963867,0.0,0.0,0.0,0.0,0.0,0.0,0.0,0.07124999910593033,0.04218750074505806,0.023749999701976776,0.0,0.0,283.0,255.0,239.0,240.0,144.0,52.0,12.0,10.0,0.0,0.0,0,0,0,0,0
993,128,0.0,201.7133331298828,0.0,0.0,0.0,375.375,256.125,171.62937927246094,0.0,0.0,0.5113846063613892,0.6151055097579956,0.5433399677276611,0.0,0.0,60.69939041137695,75.92218780517578,17.707151412963867,0.0,0.0,0.0,0.0,0.0,0.0,0.0,0.07124999910593033,0.04218750074505806,0.023749999701976776,0.0,0.0,283.0,255.0,239.0,240.0,144.0,52.0,9.0,9.0,0.0,0.0,0,0,0,0,0
994,127,0.0,194.9933319091797,0.0,0.0,0.0,373.0,256.125,171.62937927246094,0.0,0.0,0.5108805298805237,0.6153264045715332,0.542574942111969,0.0,0.0,60.69939041137695,75.92218780517578,17.707151412963867,0.0,0.0,0.0,0.0,0.0,0.0,0.0,0.07000000029802322,0.04218750074505806,0.023749999701976776,0.0,0.0,283.0,255.0,239.0,240.0,144.0,48.0,10.0,9.0,0.0,0.0,0,1,0,0,0
995,128,551.97998046875,130.0800018310547,0.0,0.0,0.0,373.0,252.5625,171.62937927246094,0.0,0.0,0.5113621950149536,0.6151772141456604,0.5418120622634888,0.0,0.0,60.749107360839844,75.92218780517578,17.707151412963867,0.0,0.0,0.0,0.0,0.0,0.0,0.0,0.07000000029802322,0.03984374925494194,0.023749999701976776,0.0,0.0,283.0,255.0,239.0,240.0,144.0,48.0,10.0,9.0,0.0,0.0,0,0,0,0,0
996,128,1103.11328125,101.90666961669922,0.0,0.0,0.0,371.8125,253.75,171.62937927246094,0.0,0.0,0.511841356754303,0.6148585081100464,0.5410512685775757,0.0,0.0,60.95224380493164,75.92218780517578,17.707151412963867,0.0,0.0,0.0,0.0,0.0,0.0,0.0,0.06937500089406967,0.04062499850988388,0.023749999701976776,0.0,0.0,283.0,257.0,239.0,240.0,144.0,48.0,10.0,9.0,0.0,0.0,0,0,0,0,0
997,128,463.3399963378906,3.386666774749756,80.75333404541016,0.0,0.0,369.4375,253.75,171.62937927246094,0.0,0.0,0.5123165845870972,0.6139621734619141,0.5409523844718933,0.0,0.0,60.978328704833984,75.92218780517578,17.707151412963867,0.0,0.0,0.0,0.0,0.0,0.0,0.0,0.06812500208616257,0.04062499850988388,0.023749999701976776,0.0,0.0,283.0,257.0,239.0,240.0,144.0,45.0,10.0,9.0,0.0,0.0,0,0,0,0,0
998,128,577.0533447265625,0.0,76.8133316040039,0.0,0.0,369.4375,253.75,167.82968139648438,0.0,0.0,0.512790858745575,0.6130486726760864,0.540838360786438,0.0,0.0,61.0359992980957,75.92218780517578,17.707151412963867,0.0,0.0,0.0,0.0,0.0,0.0,0.0,0.06812500208616257,0.04062499850988388,0.02187499962747097,0.0,0.0,285.0,257.0,239.0,240.0,144.0,43.0,10.0,9.0,0.0,0.0,0,0,0,0,0
999,128,494.79998779296875,0.0,173.02667236328125,0.0,0.0,368.25,253.75,167.82968139648438,0.0,0.0,0.5132626891136169,0.6121378540992737,0.5414661765098572,0.0,0.0,61.07115173339844,75.92218780517578,17.708595275878906,0.0,0.0,0.0,0.0,0.0,0.0,0.0,0.06750000268220901,0.04062499850988388,0.02187499962747097,0.0,0.0,285.0,257.0,242.0,240.0,144.0,41.0,10.0,6.0,0.0,0.0,0,0,0,0,0
1000,128,568.8400268554688,0.0,175.5800018310547,0.0,0.0,359.9375,253.75,165.29656982421875,0.0,0.0,0.5137229561805725,0.6112297773361206,0.5420828461647034,0.0,0.0,61.129180908203125,75.92218780517578,17.71145248413086,0.0,0.0,0.0,0.0,0.0,0.0,0.0,0.06312499940395355,0.04062499850988388,0.020625000819563866,0.0,0.0,285.0,257.0,242.0,240.0,144.0,38.0,10.0,6.0,0.0,0.0,0,0,0,0,0
1001,128,774.1866455078125,0.0,152.22666931152344,0.0,0.0,361.125,253.75,165.29656982421875,0.0,0.0,0.5141839385032654,0.6103243827819824,0.5425916910171509,0.0,0.0,61.24392318725586,75.92218780517578,17.71145248413086,0.0,0.0,0.0,0.0,0.0,0.0,0.0,0.0637499988079071,0.04062499850988388,0.020625000819563866,0.0,0.0,291.0,257.0,244.0,240.0,144.0,36.0,7.0,4.0,0.0,0.0,0,0,0,0,0
1002,128,659.8666381835938,0.0,280.1866760253906,0.0,0.0,361.125,250.1875,162.76344299316406,0.0,0.0,0.5146439671516418,0.6094343066215515,0.5431958436965942,0.0,0.0,61.326904296875,75.92218780517578,17.744070053100586,0.0,0.0,0.0,0.0,0.0,0.0,0.0,0.0637499988079071,0.03828125074505806,0.019375000149011612,0.0,0.0,290.0,257.0,244.0,240.0,144.0,34.0,7.0,4.0,0.0,0.0,0,0,0,0,0
1003,128,662.7733154296875,0.0,269.4866638183594,0.0,0.0,357.5625,250.1875,162.76344299316406,0.0,0.0,0.5150986909866333,0.608546793460846,0.5437983274459839,0.0,0.0,61.411685943603516,75.92218780517578,17.77371597290039,0.0,0.0,0.0,0.0,0.0,0.0,0.0,0.06187500059604645,0.03828125074505806,0.019375000149011612,0.0,0.0,290.0,260.0,244.0,240.0,144.0,34.0,7.0,4.0,0.0,0.0,0,0,0,0,0
1004,128,477.5133361816406,12.4399995803833,294.739990234375,0.0,0.0,357.5625,250.1875,162.76344299316406,0.0,0.0,0.5155524611473083,0.607734203338623,0.5443993210792542,0.0,0.0,61.44500732421875,75.92218780517578,17.810375213623047,0.0,0.0,0.0,0.0,0.0,0.0,0.0,0.06187500059604645,0.03828125074505806,0.019375000149011612,0.0,0.0,292.0,260.0,244.0,240.0,144.0,29.0,7.0,4.0,0.0,0.0,0,0,0,0,0
1005,128,372.1333312988281,81.1066665649414,335.9666748046875,0.0,0.0,356.375,250.1875,162.76344299316406,0.0,0.0,0.5160039663314819,0.6073224544525146,0.5449986457824707,0.0,0.0,61.44938278198242,75.92218780517578,17.858488082885742,0.0,0.0,0.0,0.0,0.0,0.0,0.0,0.061250001192092896,0.03828125074505806,0.019375000149011612,0.0,0.0,292.0,260.0,244.0,240.0,144.0,29.0,7.0,4.0,0.0,0.0,0,0,0,0,0
1006,128,176.0933380126953,152.17333984375,553.0599975585938,0.0,0.0,355.1875,250.1875,162.76344299316406,0.0,0.0,0.5159851908683777,0.6073238253593445,0.5455964207649231,0.0,0.0,61.44938278198242,75.92218780517578,17.966903686523438,0.0,0.0,0.0,0.0,0.0,0.0,0.0,0.06062500178813934,0.03828125074505806,0.019375000149011612,0.0,0.0,293.0,260.0,244.0,240.0,144.0,29.0,6.0,4.0,0.0,0.0,0,0,0,0,0
1007,128,341.6666564941406,128.63333129882812,483.7133483886719,0.0,0.0,355.1875,250.1875,155.1640625,0.0,0.0,0.5163986086845398,0.607188880443573,0.546164870262146,0.0,0.0,61.44938278198242,75.92218780517578,18.05816650390625,0.0,0.0,0.0,0.0,0.0,0.0,0.0,0.06062500178813934,0.03828125074505806,0.015625,0.0,0.0,293.0,260.0,244.0,240.0,144.0,27.0,6.0,4.0,0.0,0.0,0,0,0,0,0
1008,127,343.2799987792969,138.82000732421875,360.99334716796875,0.0,0.0,351.625,250.1875,155.1640625,0.0,0.0,0.5168203115463257,0.607113242149353,0.5467318892478943,0.0,0.0,61.44938278198242,75.92218780517578,18.115341186523438,0.0,0.0,0.0,0.0,0.0,0.0,0.0,0.05874999985098839,0.03828125074505806,0.015625,0.0,0.0,293.0,260.0,250.0,240.0,144.0,24.0,6.0,5.0,0.0,0.0,0,0,1,0,0
1009,128,417.7866516113281,153.96665954589844,439.1933288574219,0.0,0.0,354.0,222.625,152.6309356689453,0.0,0.0,0.5172659754753113,0.607221782207489,0.5472882390022278,0.0,0.0,61.46710205078125,75.92218780517578,18.194942474365234,0.0,0.0,0.0,0.0,0.0,0.0,0.0,0.05999999865889549,0.03593749925494194,0.014375000260770321,0.0,0.0,296.0,260.0,250.0,240.0,144.0,20.0,6.0,5.0,0.0,0.0,0,0,0,0,0
1010,128,557.1599731445312,133.53334045410156,464.5733337402344,0.0,0.0,354.0,219.0625,153.8975067138672,0.0,0.0,0.5177107453346252,0.6072247624397278,0.5478478074073792,0.0,0.0,61.52353286743164,75.92218780517578,18.281240463256836,0.0,0.0,0.0,0.0,0.0,0.0,0.0,0.05999999865889549,0.03359375149011612,0.014999999664723873,0.0,0.0,294.0,260.0,253.0,240.0,144.0,20.0,6.0,5.0,0.0,0.0,0,0,0,0,0
1011,128,577.8599853515625,134.8733367919922,507.3133239746094,0.0,0.0,354.0,222.625,151.3643798828125,0.0,0.0,0.5181547403335571,0.6072229743003845,0.5483968257904053,0.0,0.0,61.585716247558594,75.92218780517578,18.380115509033203,0.0,0.0,0.0,0.0,0.0,0.0,0.0,0.05999999865889549,0.03593749925494194,0.013749999925494194,0.0,0.0,294.0,263.0,253.0,240.0,144.0,19.0,6.0,3.0,0.0,0.0,0,0,0,0,0
1012,128,696.4199829101562,101.58000183105469,339.26666259765625,0.0,0.0,351.625,222.625,151.3643798828125,0.0,0.0,0.5185949802398682,0.6070297956466675,0.5489445328712463,0.0,0.0,61.681495666503906,75.92218780517578,18.432310104370117,0.0,0.0,0.0,0.0,0.0,0.0,0.0,0.05874999985098839,0.03593749925494194,0.013749999925494194,0.0,0.0,294.0,260.0,253.0,240.0,144.0,19.0,6.0,3.0,0.0,0.0,0,0,0,0,0
1013,128,542.433349609375,120.1933364868164,382.7466735839844,0.0,0.0,351.625,195.0625,151.3643798828125,0.0,0.0,0.5190343856811523,0.6070400476455688,0.5494909286499023,0.0,0.0,61.7344970703125,75.92218780517578,18.496583938598633,0.0,0.0,0.0,0.0,0.0,0.0,0.0,0.05874999985098839,0.03359375149011612,0.013749999925494194,0.0,0.0,294.0,260.0,253.0,240.0,144.0,17.0,6.0,3.0,0.0,0.0,0,0,0,0,0
1014,128,405.55999755859375,116.52666473388672,374.739990234375,0.0,0.0,351.625,195.0625,151.3643798828125,0.0,0.0,0.5194729566574097,0.6070291996002197,0.5500360131263733,0.0,0.0,61.74947738647461,75.92218780517578,18.558631896972656,0.0,0.0,0.0,0.0,0.0,0.0,0.0,0.05874999985098839,0.03359375149011612,0.013749999925494194,0.0,0.0,294.0,260.0,253.0,240.0,144.0,17.0,6.0,3.0,0.0,0.0,0,0,0,0,0
1015,128,373.5199890136719,238.67333984375,469.2266540527344,0.0,0.0,351.625,195.0625,151.3643798828125,0.0,0.0,0.5199108123779297,0.6074684262275696,0.5505797266960144,0.0,0.0,61.75556182861328,75.9343032836914,18.646926879882812,0.0,0.0,0.0,0.0,0.0,0.0,0.0,0.05874999985098839,0.03359375149011612,0.013749999925494194,0.0,0.0,294.0,260.0,253.0,240.0,144.0,17.0,6.0,3.0,0.0,0.0,0,0,0,0,0
1016,127,347.5799865722656,330.82000732421875,385.1199951171875,0.0,0.0,346.875,195.0625,150.09780883789062,0.0,0.0,0.5203419327735901,0.6079066395759583,0.5511175990104675,0.0,0.0,61.75575637817383,75.97201538085938,18.71221160888672,0.0,0.0,0.0,0.0,0.0,0.0,0.0,0.05624999850988388,0.03359375149011612,0.013124999590218067,0.0,0.0,294.0,260.0,253.0,240.0,144.0,16.0,3.0,5.0,0.0,0.0,0,0,1,0,0
1017,128,281.6000061035156,428.6000061035156,405.20001220703125,0.0,0.0,345.6875,191.5,150.09780883789062,0.0,0.0,0.5206050276756287,0.6083359718322754,0.5516542196273804,0.0,0.0,61.75575637817383,76.03787231445312,18.78307342529297,0.0,0.0,0.0,0.0,0.0,0.0,0.0,0.05562499910593033,0.03125,0.013124999590218067,0.0,0.0,294.0,260.0,254.0,240.0,144.0,16.0,3.0,5.0,0.0,0.0,0,0,0,0,0
1018,128,217.3000030517578,308.2533264160156,426.6533203125,0.0,0.0,340.9375,191.5,152.6309356689453,0.0,0.0,0.520707905292511,0.6087642908096313,0.552198588848114,0.0,0.0,61.75575637817383,76.07030487060547,18.859189987182617,0.0,0.0,0.0,0.0,0.0,0.0,0.0,0.05312500149011612,0.03125,0.014375000260770321,0.0,0.0,294.0,263.0,254.0,240.0,144.0,14.0,3.0,3.0,0.0,0.0,0,0,0,0,0
1019,128,193.27333068847656,301.9266662597656,439.1866760253906,0.0,0.0,340.9375,187.9375,152.6309356689453,0.0,0.0,0.5207485556602478,0.6091837286949158,0.5527415871620178,0.0,0.0,61.75575637817383,76.10196685791016,18.93878936767578,0.0,0.0,0.0,0.0,0.0,0.0,0.0,0.05312500149011612,0.02890625037252903,0.014375000260770321,0.0,0.0,294.0,263.0,254.0,240.0,144.0,14.0,2.0,3.0,0.0,0.0,0,0,0,0,0
1020,128,59.686668395996094,79.46666717529297,556.0933227539062,0.0,0.0,338.5625,187.9375,152.6309356689453,0.0,0.0,0.5204476714134216,0.6089841723442078,0.5532833337783813,0.0,0.0,61.75575637817383,76.10196685791016,19.05086326599121,0.0,0.0,0.0,0.0,0.0,0.0,0.0,0.051874998956918716,0.02890625037252903,0.014375000260770321,0.0,0.0,294.0,266.0,254.0,240.0,144.0,14.0,2.0,3.0,0.0,0.0,0,0,0,0,0
1021,128,34.31999969482422,32.08000183105469,500.67333984375,0.0,0.0,335.0,184.375,152.6309356689453,0.0,0.0,0.5200867652893066,0.6085276007652283,0.553823709487915,0.0,0.0,61.75575637817383,76.10196685791016,19.147541046142578,0.0,0.0,0.0,0.0,0.0,0.0,0.0,0.05000000074505806,0.02656250074505806,0.014375000260770321,0.0,0.0,294.0,263.0,254.0,240.0,144.0,14.0,2.0,3.0,0.0,0.0,0,0,0,0,0
1022,127,15.533333778381348,1.3133333921432495,565.8599853515625,0.0,0.0,335.0,187.9375,152.6309356689453,0.0,0.0,0.5196781158447266,0.6078847050666809,0.5543628334999084,0.0,0.0,61.75575637817383,76.10196685791016,19.262327194213867,0.0,0.0,0.0,0.0,0.0,0.0,0.0,0.05000000074505806,0.02890625037252903,0.014375000260770321,0.0,0.0,297.0,266.0,254.0,240.0,144.0,14.0,2.0,5.0,0.0,0.0,0,0,1,0,0
1023,128,32.7599983215332,0.0,602.306640625,0.0,0.0,335.0,187.9375,122.86468505859375,0.0,0.0,0.5193144679069519,0.6072357296943665,0.5547958016395569,0.0,0.0,61.75575637817383,76.10196685791016,19.395505905151367,0.0,0.0,0.0,0.0,0.0,0.0,0.0,0.05000000074505806,0.02890625037252903,0.011874999850988388,0.0,0.0,297.0,263.0,254.0,240.0,144.0,13.0,1.0,5.0,0.0,0.0,0,0,0,0,0
1024,128,98.15333557128906,0.0,577.3133544921875,0.0,0.0,335.0,184.375,125.39781188964844,0.0,0.0,0.5191195607185364,0.6066004633903503,0.5552368760108948,0.0,0.0,61.75575637817383,76.10196685791016,19.52103614807129,0.0,0.0,0.0,0.0,0.0,0.0,0.0,0.05000000074505806,0.02656250074505806,0.013124999590218067,0.0,0.0,297.0,263.0,254.0,240.0,144.0,13.0,1.0,5.0,0.0,0.0,0,0,0,0,0
1025,128,89.51333618164062,0.0,605.3800048828125,0.0,0.0,333.8125,184.375,125.39781188964844,0.0,0.0,0.5189043879508972,0.6059664487838745,0.5556771159172058,0.0,0.0,61.75575637817383,76.10196685791016,19.65436553955078,0.0,0.0,0.0,0.0,0.0,0.0,0.0,0.04937500134110451,0.02656250074505806,0.013124999590218067,0.0,0.0,297.0,263.0,254.0,240.0,144.0,13.0,1.0,5.0,0.0,0.0,0,0,0,0,0
1026,127,63.87333297729492,20.03333282470703,546.2466430664062,0.0,0.0,331.4375,183.1875,125.39781188964844,0.0,0.0,0.5186269283294678,0.6054512858390808,0.5561164617538452,0.0,0.0,61.75575637817383,76.10196685791016,19.771268844604492,0.0,0.0,0.0,0.0,0.0,0.0,0.0,0.048124998807907104,0.02578124962747097,0.013124999590218067,0.0,0.0,298.0,263.0,254.0,240.0,144.0,13.0,1.0,7.0,0.0,0.0,0,0,1,0,0
1027,128,122.3133316040039,18.386667251586914,638.3333129882812,0.0,0.0,331.4375,183.1875,125.39781188964844,0.0,0.0,0.5184997916221619,0.6049278974533081,0.556554913520813,0.0,0.0,61.75575637817383,76.10196685791016,19.91374969482422,0.0,0.0,0.0,0.0,0.0,0.0,0.0,0.048124998807907104,0.02578124962747097,0.013124999590218067,0.0,0.0,298.0,264.0,254.0,240.0,144.0,9.0,1.0,7.0,0.0,0.0,0,0,0,0,0
1028,128,78.9800033569336,0.0,488.6000061035156,0.0,0.0,327.875,183.1875,151.3643798828125,0.0,0.0,0.5182665586471558,0.6043016910552979,0.557083010673523,0.0,0.0,61.75575637817383,76.10196685791016,20.007427215576172,0.0,0.0,0.0,0.0,0.0,0.0,0.0,0.04625000059604645,0.02578124962747097,0.013749999925494194,0.0,0.0,298.0,264.0,256.0,240.0,144.0,9.0,1.0,7.0,0.0,0.0,0,0,0,0,0
1029,128,125.45333099365234,0.0,362.38665771484375,0.0,0.0,324.3125,183.1875,151.3643798828125,0.0,0.0,0.5181574821472168,0.6036767363548279,0.5576098561286926,0.0,0.0,61.75575637817383,76.10196685791016,20.066043853759766,0.0,0.0,0.0,0.0,0.0,0.0,0.0,0.04437499865889549,0.02578124962747097,0.013749999925494194,0.0,0.0,298.0,264.0,256.0,240.0,144.0,7.0,1.0,7.0,0.0,0.0,0,0,0,0,0
1030,128,151.67333984375,0.0,245.13999938964844,0.0,0.0,324.3125,183.1875,151.3643798828125,0.0,0.0,0.5181155800819397,0.603053092956543,0.558135449886322,0.0,0.0,61.75575637817383,76.10196685791016,20.092092514038086,0.0,0.0,0.0,0.0,0.0,0.0,0.0,0.04437499865889549,0.02578124962747097,0.013749999925494194,0.0,0.0,299.0,264.0,256.0,240.0,144.0,3.0,1.0,7.0,0.0,0.0,0,0,0,0,0
1031,128,191.3000030517578,0.0,155.6666717529297,0.0,0.0,324.3125,183.1875,150.09780883789062,0.0,0.0,0.5181750655174255,0.6024307608604431,0.5586554408073425,0.0,0.0,61.75575637817383,76.10196685791016,20.093639373779297,0.0,0.0,0.0,0.0,0.0,0.0,0.0,0.04437499865889549,0.02578124962747097,0.013124999590218067,0.0,0.0,299.0,264.0,256.0,240.0,144.0,3.0,1.0,7.0,0.0,0.0,0,0,0,0,0
1032,128,164.2933349609375,0.0,344.8800048828125,0.0,0.0,323.125,179.625,150.09780883789062,0.0,0.0,0.5181670188903809,0.601821780204773,0.5591741800308228,0.0,0.0,61.75575637817383,76.10196685791016,20.14774513244629,0.0,0.0,0.0,0.0,0.0,0.0,0.0,0.04374999925494194,0.0234375,0.013124999590218067,0.0,0.0,299.0,264.0,257.0,240.0,144.0,3.0,1.0,7.0,0.0,0.0,0,0,0,0,0
1033,128,231.13999938964844,91.73999786376953,679.6866455078125,0.0,0.0,320.75,172.5,150.09780883789062,0.0,0.0,0.5183327198028564,0.6017538905143738,0.5596916675567627,0.0,0.0,61.75575637817383,76.10196685791016,20.29485321044922,0.0,0.0,0.0,0.0,0.0,0.0,0.0,0.042500000447034836,0.01875000074505806,0.013124999590218067,0.0,0.0,299.0,267.0,257.0,240.0,144.0,3.0,1.0,7.0,0.0,0.0,0,0,0,0,0
1034,128,335.8399963378906,368.6600036621094,382.94000244140625,0.0,0.0,320.75,172.5,148.8312530517578,0.0,0.0,0.5187265872955322,0.6021397709846497,0.5602036714553833,0.0,0.0,61.75994873046875,76.15645599365234,20.35988426208496,0.0,0.0,0.0,0.0,0.0,0.0,0.0,0.042500000447034836,0.01875000074505806,0.012500000186264515,0.0,0.0,299.0,270.0,257.0,240.0,144.0,3.0,1.0,7.0,0.0,0.0,0,0,0,0,0
1035,128,344.6866760253906,442.9466552734375,377.5400085449219,0.0,0.0,316.0,172.5,148.8312530517578,0.0,0.0,0.5191139578819275,0.6025248765945435,0.5607144236564636,0.0,0.0,61.76791763305664,76.23158264160156,20.42341423034668,0.0,0.0,0.0,0.0,0.0,0.0,0.0,0.03999999910593033,0.01875000074505806,0.012500000186264515,0.0,0.0,299.0,270.0,258.0,240.0,144.0,3.0,1.0,7.0,0.0,0.0,0,0,0,0,0
1036,128,240.13333129882812,405.913330078125,360.2200012207031,0.0,0.0,310.0625,172.5,148.8312530517578,0.0,0.0,0.5193154811859131,0.6029092669487,0.5612240433692932,0.0,0.0,61.76791763305664,76.29641723632812,20.482133865356445,0.0,0.0,0.0,0.0,0.0,0.0,0.0,0.03687499836087227,0.01875000074505806,0.012500000186264515,0.0,0.0,300.0,270.0,258.0,240.0,144.0,3.0,0.0,5.0,0.0,0.0,0,0,0,0,0
1037,128,234.93333435058594,522.3599853515625,335.7533264160156,0.0,0.0,306.5,172.5,146.29812622070312,0.0,0.0,0.5195081830024719,0.6032928824424744,0.5617237687110901,0.0,0.0,61.76791763305664,76.39360046386719,20.534759521484375,0.0,0.0,0.0,0.0,0.0,0.0,0.0,0.03500000014901161,0.01875000074505806,0.011250000447034836,0.0,0.0,300.0,270.0,258.0,240.0,144.0,3.0,0.0,5.0,0.0,0.0,0,0,0,0,0
1038,127,134.52667236328125,911.933349609375,202.34666442871094,0.0,0.0,306.5,172.5,143.76499938964844,0.0,0.0,0.5194454193115234,0.6036757826805115,0.5622137784957886,0.0,0.0,61.76791763305664,76.5989990234375,20.55103302001953,0.0,0.0,0.0,0.0,0.0,0.0,0.0,0.03500000014901161,0.01875000074505806,0.009999999776482582,0.0,0.0,300.0,270.0,258.0,240.0,144.0,3.0,3.0,2.0,0.0,0.0,0,1,0,0,0
1039,128,39.56666564941406,827.1666870117188,114.77999877929688,0.0,0.0,305.3125,172.5,143.76499938964844,0.0,0.0,0.5191431641578674,0.6040579676628113,0.5624775290489197,0.0,0.0,61.76791763305664,76.78085327148438,20.55103302001953,0.0,0.0,0.0,0.0,0.0,0.0,0.0,0.03437500074505806,0.01875000074505806,0.009999999776482582,0.0,0.0,300.0,270.0,258.0,240.0,144.0,3.0,3.0,2.0,0.0,0.0,0,0,0,0,0
1040,128,14.5600004196167,966.8599853515625,21.233333587646484,0.0,0.0,302.9375,196.5,143.76499938964844,0.0,0.0,0.5187810659408569,0.6044923663139343,0.5620148181915283,0.0,0.0,61.76791763305664,76.99484252929688,20.55103302001953,0.0,0.0,0.0,0.0,0.0,0.0,0.0,0.03312499821186066,0.01875000074505806,0.009999999776482582,0.0,0.0,300.0,270.0,258.0,240.0,144.0,3.0,3.0,0.0,0.0,0.0,0,0,0,0,0
1041,128,0.0,964.2266845703125,0.0,0.0,0.0,297.0,196.5,143.76499938964844,0.0,0.0,0.518390417098999,0.6049258708953857,0.5613886117935181,0.0,0.0,61.76791763305664,77.20809936523438,20.55103302001953,0.0,0.0,0.0,0.0,0.0,0.0,0.0,0.029999999329447746,0.01875000074505806,0.009999999776482582,0.0,0.0,300.0,270.0,258.0,240.0,144.0,3.0,3.0,0.0,0.0,0.0,0,0,0,0,0
1042,128,0.0,1363.6866455078125,0.0,0.0,0.0,297.0,196.5,143.76499938964844,0.0,0.0,0.5180003046989441,0.605358362197876,0.5607637166976929,0.0,0.0,61.76791763305664,77.53231811523438,20.55103302001953,0.0,0.0,0.0,0.0,0.0,0.0,0.0,0.029999999329447746,0.01875000074505806,0.009999999776482582,0.0,0.0,300.0,270.0,258.0,240.0,144.0,3.0,3.0,0.0,0.0,0.0,0,0,0,0,0
1043,128,0.0,1160.4599609375,0.0,0.0,0.0,294.625,196.5,143.76499938964844,0.0,0.0,0.51761394739151,0.6057899594306946,0.5601402521133423,0.0,0.0,61.76791763305664,77.80008697509766,20.55103302001953,0.0,0.0,0.0,0.0,0.0,0.0,0.0,0.028750000521540642,0.01875000074505806,0.009999999776482582,0.0,0.0,301.0,270.0,258.0,240.0,144.0,3.0,3.0,0.0,0.0,0.0,0,0,0,0,0
1044,128,0.0,1331.913330078125,0.0,0.0,0.0,294.625,196.5,143.76499938964844,0.0,0.0,0.5172281265258789,0.6062206029891968,0.5595182180404663,0.0,0.0,61.76791763305664,78.115478515625,20.55103302001953,0.0,0.0,0.0,0.0,0.0,0.0,0.0,0.028750000521540642,0.01875000074505806,0.009999999776482582,0.0,0.0,303.0,270.0,258.0,240.0,144.0,3.0,3.0,0.0,0.0,0.0,0,0,0,0,0
1045,128,0.0,1423.3533935546875,0.0,0.0,0.0,293.4375,192.9375,143.76499938964844,0.0,0.0,0.5168444514274597,0.606642484664917,0.5588974952697754,0.0,0.0,61.76791763305664,78.45726013183594,20.55103302001953,0.0,0.0,0.0,0.0,0.0,0.0,0.0,0.02812499925494194,0.01640624925494194,0.009999999776482582,0.0,0.0,303.0,270.0,258.0,240.0,144.0,3.0,3.0,0.0,0.0,0.0,0,0,0,0,0
1046,128,0.0,1274.1533203125,0.0,0.0,0.0,293.4375,192.9375,143.76499938964844,0.0,0.0,0.5164613127708435,0.6070635318756104,0.5582782030105591,0.0,0.0,61.76791763305664,78.75759887695312,20.55103302001953,0.0,0.0,0.0,0.0,0.0,0.0,0.0,0.02812499925494194,0.01640624925494194,0.009999999776482582,0.0,0.0,303.0,273.0,258.0,240.0,144.0,0.0,3.0,0.0,0.0,0.0,0,0,0,0,0
1047,128,0.0,1237.63330078125,0.0,0.0,0.0,291.0625,192.9375,116.53187561035156,0.0,0.0,0.5160818696022034,0.6074836254119873,0.5577771663665771,0.0,0.0,61.76791763305664,79.04779052734375,20.55103302001953,0.0,0.0,0.0,0.0,0.0,0.0,0.0,0.026875000447034836,0.01640624925494194,0.008750000037252903,0.0,0.0,303.0,273.0,258.0,240.0,144.0,0.0,3.0,0.0,0.0,0.0,0,0,0,0,0
1048,128,0.0,917.0599975585938,0.0,0.0,0.0,291.0625,192.9375,116.53187561035156,0.0,0.0,0.5157029628753662,0.6079028248786926,0.5572770833969116,0.0,0.0,61.76791763305664,79.24893188476562,20.55103302001953,0.0,0.0,0.0,0.0,0.0,0.0,0.0,0.026875000447034836,0.01640624925494194,0.008750000037252903,0.0,0.0,303.0,273.0,258.0,240.0,144.0,0.0,3.0,0.0,0.0,0.0,0,0,0,0,0
1049,128,0.0,1043.5,0.0,0.0,0.0,291.0625,192.9375,116.53187561035156,0.0,0.0,0.5153246521949768,0.6083211898803711,0.5567778944969177,0.0,0.0,61.76791763305664,79.48519897460938,20.55103302001953,0.0,0.0,0.0,0.0,0.0,0.0,0.0,0.026875000447034836,0.01640624925494194,0.008750000037252903,0.0,0.0,303.0,273.0,258.0,240.0,144.0,0.0,3.0,0.0,0.0,0.0,0,0,0,0,0
1050,128,0.0,1100.8199462890625,0.0,0.0,0.0,288.6875,192.9375,112.73218536376953,0.0,0.0,0.5149499773979187,0.6087386012077332,0.5562958121299744,0.0,0.0,61.76791763305664,79.73738861083984,20.55103302001953,0.0,0.0,0.0,0.0,0.0,0.0,0.0,0.025624999776482582,0.01640624925494194,0.006874999962747097,0.0,0.0,303.0,273.0,258.0,240.0,144.0,0.0,3.0,0.0,0.0,0.0,0,0,0,0,0
1051,127,15.266666412353516,1029.5533447265625,0.0,0.0,0.0,288.6875,192.9375,112.73218536376953,0.0,0.0,0.5146142244338989,0.6091551184654236,0.5558145642280579,0.0,0.0,61.76791763305664,79.96978759765625,20.55103302001953,0.0,0.0,0.0,0.0,0.0,0.0,0.0,0.025624999776482582,0.01640624925494194,0.006874999962747097,0.0,0.0,303.0,273.0,258.0,240.0,144.0,0.0,6.0,0.0,0.0,0.0,0,1,0,0,0
1052,127,154.32666015625,920.106689453125,0.0,0.0,0.0,288.6875,192.9375,112.73218536376953,0.0,0.0,0.5146287083625793,0.6095708012580872,0.5553341507911682,0.0,0.0,61.76791763305664,80.1717758178711,20.55103302001953,0.0,0.0,0.0,0.0,0.0,0.0,0.0,0.025624999776482582,0.01640624925494194,0.006874999962747097,0.0,0.0,303.0,273.0,258.0,240.0,144.0,4.0,6.0,0.0,0.0,0.0,1,0,0,0,0
1053,128,288.2866516113281,904.9400024414062,0.0,0.0,0.0,288.6875,196.5,112.73218536376953,0.0,0.0,0.5149798393249512,0.6099932193756104,0.5548545718193054,0.0,0.0,61.76791763305664,80.36856842041016,20.55103302001953,0.0,0.0,0.0,0.0,0.0,0.0,0.0,0.025624999776482582,0.01875000074505806,0.006874999962747097,0.0,0.0,303.0,273.0,258.0,240.0,144.0,4.0,6.0,0.0,0.0,0.0,0,0,0,0,0
1054,128,347.14666748046875,905.4933471679688,0.0,0.0,0.0,293.4375,196.5,112.73218536376953,0.0,0.0,0.5153372883796692,0.6104147434234619,0.5543758273124695,0.0,0.0,61.7828369140625,80.56550598144531,20.55103302001953,0.0,0.0,0.0,0.0,0.0,0.0,0.0,0.02812499925494194,0.01875000074505806,0.006874999962747097,0.0,0.0,303.0,273.0,258.0,240.0,144.0,4.0,6.0,0.0,0.0,0.0,0,0,0,0,0
1055,128,486.29998779296875,1062.6666259765625,0.0,0.0,0.0,293.4375,196.5,112.73218536376953,0.0,0.0,0.5156942009925842,0.6108353137969971,0.5538979172706604,0.0,0.0,61.83641052246094,80.80610656738281,20.55103302001953,0.0,0.0,0.0,0.0,0.0,0.0,0.0,0.02812499925494194,0.01875000074505806,0.006874999962747097,0.0,0.0,303.0,273.0,258.0,240.0,144.0,4.0,6.0,0.0,0.0,0.0,0,0,0,0,0
1056,127,491.9266662597656,1157.5799560546875,0.0,0.0,0.0,265.875,196.5,112.73218536376953,0.0,0.0,0.5160170793533325,0.6112549901008606,0.5534207820892334,0.0,0.0,61.899200439453125,81.07307434082031,20.55103302001953,0.0,0.0,0.0,0.0,0.0,0.0,0.0,0.026249999180436134,0.01875000074505806,0.006874999962747097,0.0,0.0,303.0,273.0,258.0,240.0,144.0,5.0,6.0,0.0,0.0,0.0,1,0,0,0,0
1057,128,718.9000244140625,1140.0133056640625,0.0,0.0,0.0,261.125,196.5,112.73218536376953,0.0,0.0,0.516333818435669,0.6116737723350525,0.5529444813728333,0.0,0.0,62.02635955810547,81.33516693115234,20.55103302001953,0.0,0.0,0.0,0.0,0.0,0.0,0.0,0.023749999701976776,0.01875000074505806,0.006874999962747097,0.0,0.0,303.0,273.0,258.0,240.0,144.0,5.0,6.0,0.0,0.0,0.0,0,0,0,0,0
1058,128,939.0333251953125,1333.1400146484375,0.0,0.0,0.0,257.5625,196.5,112.73218536376953,0.0,0.0,0.5166458487510681,0.6120916604995728,0.55246901512146,0.0,0.0,62.21565628051758,81.65089416503906,20.55103302001953,0.0,0.0,0.0,0.0,0.0,0.0,0.0,0.02187499962747097,0.01875000074505806,0.006874999962747097,0.0,0.0,304.0,273.0,258.0,240.0,144.0,5.0,6.0,0.0,0.0,0.0,0,0,0,0,0
1059,128,954.3333129882812,1449.5533447265625,0.0,0.0,0.0,257.5625,171.3125,110.19906616210938,0.0,0.0,0.5169574618339539,0.6124552488327026,0.5520050525665283,0.0,0.0,62.40920639038086,82.00596618652344,20.55103302001953,0.0,0.0,0.0,0.0,0.0,0.0,0.0,0.02187499962747097,0.01796874962747097,0.005625000223517418,0.0,0.0,304.0,273.0,258.0,240.0,144.0,5.0,6.0,0.0,0.0,0.0,0,0,0,0,0
1060,128,867.0333251953125,1668.0933837890625,0.0,0.0,0.0,257.5625,170.125,107.66593933105469,0.0,0.0,0.5172686576843262,0.6128156781196594,0.5515524744987488,0.0,0.0,62.5785026550293,82.42206573486328,20.55103302001953,0.0,0.0,0.0,0.0,0.0,0.0,0.0,0.02187499962747097,0.01718750037252903,0.0043750000186264515,0.0,0.0,304.0,273.0,258.0,240.0,144.0,5.0,6.0,0.0,0.0,0.0,0,0,0,0,0
1061,128,1566.11328125,1542.0933837890625,0.0,0.0,0.0,257.5625,170.125,107.66593933105469,0.0,0.0,0.5175794363021851,0.6131753921508789,0.5511006712913513,0.0,0.0,62.94198989868164,82.80316925048828,20.55103302001953,0.0,0.0,0.0,0.0,0.0,0.0,0.0,0.02187499962747097,0.01718750037252903,0.0043750000186264515,0.0,0.0,304.0,274.0,258.0,240.0,144.0,5.0,6.0,0.0,0.0,0.0,0,0,0,0,0
1062,128,1179.5067138671875,1419.78662109375,0.0,0.0,0.0,256.375,170.125,80.43281555175781,0.0,0.0,0.5178884267807007,0.6135344505310059,0.5507636070251465,0.0,0.0,63.19841384887695,83.15029907226562,20.55103302001953,0.0,0.0,0.0,0.0,0.0,0.0,0.0,0.021250000223517418,0.01718750037252903,0.0031250000465661287,0.0,0.0,304.0,274.0,258.0,240.0,144.0,5.0,6.0,0.0,0.0,0.0,0,0,0,0,0
1063,128,1286.4466552734375,1580.7467041015625,0.0,0.0,0.0,256.375,170.125,80.43281555175781,0.0,0.0,0.5181970000267029,0.6138928532600403,0.5504269599914551,0.0,0.0,63.48454666137695,83.5421371459961,20.55103302001953,0.0,0.0,0.0,0.0,0.0,0.0,0.0,0.021250000223517418,0.01718750037252903,0.0031250000465661287,0.0,0.0,304.0,274.0,258.0,240.0,144.0,5.0,6.0,0.0,0.0,0.0,0,0,0,0,0
1064,126,1160.193359375,1334.4066162109375,0.0,0.0,0.0,254.0,170.125,80.43281555175781,0.0,0.0,0.5185023546218872,0.6142505407333374,0.5500907301902771,0.0,0.0,63.73626708984375,83.86554718017578,20.55103302001953,0.0,0.0,0.0,0.0,0.0,0.0,0.0,0.019999999552965164,0.01718750037252903,0.0031250000465661287,0.0,0.0,304.0,274.0,258.0,240.0,144.0,6.0,6.0,0.0,0.0,0.0,1,1,0,0,0
1065,127,1131.6866455078125,972.8866577148438,0.0,0.0,0.0,254.0,170.125,80.43281555175781,0.0,0.0,0.5188072919845581,0.6146076321601868,0.5497548580169678,0.0,0.0,63.98006820678711,84.08853912353516,20.55103302001953,0.0,0.0,0.0,0.0,0.0,0.0,0.0,0.019999999552965164,0.01718750037252903,0.0031250000465661287,0.0,0.0,304.0,274.0,258.0,240.0,144.0,8.0,6.0,0.0,0.0,0.0,1,0,0,0,0
1066,128,950.239990234375,663.606689453125,0.0,0.0,0.0,255.1875,197.6875,80.43281555175781,0.0,0.0,0.5191132426261902,0.6150217056274414,0.5494194626808167,0.0,0.0,64.17314147949219,84.21795654296875,20.55103302001953,0.0,0.0,0.0,0.0,0.0,0.0,0.0,0.020625000819563866,0.01953125,0.0031250000465661287,0.0,0.0,304.0,272.0,258.0,240.0,144.0,8.0,6.0,0.0,0.0,0.0,0,0,0,0,0
1067,128,959.7000122070312,465.4666748046875,0.0,0.0,0.0,255.1875,197.6875,80.43281555175781,0.0,0.0,0.5194188356399536,0.6154348850250244,0.5490844249725342,0.0,0.0,64.36883544921875,84.29234313964844,20.55103302001953,0.0,0.0,0.0,0.0,0.0,0.0,0.0,0.020625000819563866,0.01953125,0.0031250000465661287,0.0,0.0,302.0,272.0,258.0,240.0,144.0,8.0,6.0,0.0,0.0,0.0,0,0,0,0,0
1068,128,920.4533081054688,1080.5999755859375,0.0,0.0,0.0,252.8125,194.125,80.43281555175781,0.0,0.0,0.5197212100028992,0.6158397793769836,0.5487498641014099,0.0,0.0,64.55429077148438,84.53858184814453,20.55103302001953,0.0,0.0,0.0,0.0,0.0,0.0,0.0,0.019375000149011612,0.01718750037252903,0.0031250000465661287,0.0,0.0,302.0,272.0,258.0,240.0,144.0,8.0,6.0,0.0,0.0,0.0,0,0,0,0,0
1069,128,950.4600219726562,1722.5999755859375,0.0,0.0,0.0,252.8125,166.5625,80.43281555175781,0.0,0.0,0.5200231671333313,0.6161864995956421,0.5484156608581543,0.0,0.0,64.74808502197266,84.97081756591797,20.55103302001953,0.0,0.0,0.0,0.0,0.0,0.0,0.0,0.019375000149011612,0.014843749813735485,0.0031250000465661287,0.0,0.0,302.0,272.0,258.0,240.0,144.0,8.0,6.0,0.0,0.0,0.0,0,0,0,0,0
1070,128,883.9533081054688,1164.193359375,0.0,0.0,0.0,252.8125,166.5625,54.466251373291016,0.0,0.0,0.5203247666358948,0.616532564163208,0.5481895804405212,0.0,0.0,64.92340087890625,85.24794006347656,20.55103302001953,0.0,0.0,0.0,0.0,0.0,0.0,0.0,0.019375000149011612,0.014843749813735485,0.0024999999441206455,0.0,0.0,302.0,272.0,258.0,240.0,144.0,8.0,6.0,0.0,0.0,0.0,0,0,0,0,0
1071,128,938.4666748046875,960.4866943359375,0.0,0.0,0.0,252.8125,166.5625,54.466251373291016,0.0,0.0,0.5206260085105896,0.6168780326843262,0.5479636788368225,0.0,0.0,65.11386108398438,85.46846771240234,20.55103302001953,0.0,0.0,0.0,0.0,0.0,0.0,0.0,0.019375000149011612,0.014843749813735485,0.0024999999441206455,0.0,0.0,302.0,272.0,258.0,240.0,144.0,8.0,6.0,0.0,0.0,0.0,0,0,0,0,0
1072,126,941.3866577148438,772.1133422851562,0.0,0.0,0.0,227.625,166.5625,54.466251373291016,0.0,0.0,0.5208969116210938,0.6172229051589966,0.5477380156517029,0.0,0.0,65.31212615966797,85.63668060302734,20.55103302001953,0.0,0.0,0.0,0.0,0.0,0.0,0.0,0.01875000074505806,0.014843749813735485,0.0024999999441206455,0.0,0.0,302.0,272.0,258.0,240.0,144.0,10.0,6.0,0.0,0.0,0.0,1,1,0,0,0
1073,128,1024.2532958984375,711.82666015625,0.0,0.0,0.0,227.625,166.5625,54.466251373291016,0.0,0.0,0.521167516708374,0.6175671219825745,0.5475124716758728,0.0,0.0,65.53340911865234,85.78813934326172,20.55103302001953,0.0,0.0,0.0,0.0,0.0,0.0,0.0,0.01875000074505806,0.014843749813735485,0.0024999999441206455,0.0,0.0,302.0,272.0,258.0,240.0,144.0,6.0,6.0,0.0,0.0,0.0,0,0,0,0,0
1074,128,1091.4599609375,391.7200012207031,0.0,0.0,0.0,254.0,170.125,27.233125686645508,0.0,0.0,0.5214690566062927,0.617918074131012,0.5473998188972473,0.0,0.0,65.76603698730469,85.84969329833984,20.55103302001953,0.0,0.0,0.0,0.0,0.0,0.0,0.0,0.019999999552965164,0.01718750037252903,0.0012499999720603228,0.0,0.0,301.0,272.0,258.0,240.0,144.0,6.0,6.0,0.0,0.0,0.0,0,0,0,0,0
1075,128,1129.9666748046875,237.33999633789062,0.0,0.0,0.0,254.0,170.125,27.233125686645508,0.0,0.0,0.5217702388763428,0.6182683706283569,0.5472871661186218,0.0,0.0,66.00936126708984,85.86837005615234,20.55103302001953,0.0,0.0,0.0,0.0,0.0,0.0,0.0,0.019999999552965164,0.01718750037252903,0.0012499999720603228,0.0,0.0,301.0,272.0,258.0,240.0,144.0,6.0,6.0,0.0,0.0,0.0,0,0,0,0,0
1076,128,1352.11328125,64.80000305175781,0.0,0.0,0.0,251.625,170.125,27.233125686645508,0.0,0.0,0.5220682621002197,0.6180509924888611,0.5471745729446411,0.0,0.0,66.31505584716797,85.86837005615234,20.55103302001953,0.0,0.0,0.0,0.0,0.0,0.0,0.0,0.01875000074505806,0.01718750037252903,0.0012499999720603228,0.0,0.0,301.0,272.0,258.0,240.0,144.0,6.0,6.0,0.0,0.0,0.0,0,0,0,0,0
1077,128,1394.3199462890625,0.0,66.21333312988281,0.0,0.0,250.4375,166.5625,27.233125686645508,0.0,0.0,0.5223644971847534,0.6174972057342529,0.5472676753997803,0.0,0.0,66.63279724121094,85.86837005615234,20.561861038208008,0.0,0.0,0.0,0.0,0.0,0.0,0.0,0.018124999478459358,0.014843749813735485,0.0012499999720603228,0.0,0.0,301.0,272.0,258.0,240.0,144.0,6.0,6.0,0.0,0.0,0.0,0,0,0,0,0
1078,128,1287.1199951171875,0.0,71.1933364868164,0.0,0.0,255.1875,163.0,27.233125686645508,0.0,0.0,0.5226659774780273,0.6169561743736267,0.5473607778549194,0.0,0.0,66.91944885253906,85.86837005615234,20.574071884155273,0.0,0.0,0.0,0.0,0.0,0.0,0.0,0.020625000819563866,0.012500000186264515,0.0012499999720603228,0.0,0.0,302.0,272.0,258.0,240.0,144.0,6.0,6.0,0.0,0.0,0.0,0,0,0,0,0
1079,128,1119.260009765625,0.0,44.41999816894531,0.0,0.0,255.1875,135.4375,27.233125686645508,0.0,0.0,0.5229670405387878,0.6165074110031128,0.5474538803100586,0.0,0.0,67.15946960449219,85.86837005615234,20.578845977783203,0.0,0.0,0.0,0.0,0.0,0.0,0.0,0.020625000819563866,0.01015624962747097,0.0012499999720603228,0.0,0.0,298.0,272.0,258.0,240.0,144.0,5.0,6.0,0.0,0.0,0.0,0,0,0,0,0
1080,128,1056.4266357421875,0.0,58.58000183105469,0.0,0.0,203.625,82.6875,27.233125686645508,0.0,0.0,0.5232070684432983,0.616233766078949,0.547546923160553,0.0,0.0,67.39635467529297,85.86837005615234,20.587553024291992,0.0,0.0,0.0,0.0,0.0,0.0,0.0,0.01875000074505806,0.007031249813735485,0.0012499999720603228,0.0,0.0,298.0,272.0,258.0,240.0,144.0,5.0,6.0,0.0,0.0,0.0,0,0,0,0,0
1081,127,1359.5999755859375,13.333333015441895,90.54666900634766,0.0,0.0,203.625,82.6875,0.0,0.0,0.0,0.523446798324585,0.6160318851470947,0.547546923160553,0.0,0.0,67.71746063232422,85.86837005615234,20.61270523071289,0.0,0.0,0.0,0.0,0.0,0.0,0.0,0.01875000074505806,0.007031249813735485,0.0,0.0,0.0,298.0,272.0,258.0,240.0,144.0,5.0,6.0,4.0,0.0,0.0,0,0,1,0,0
1082,128,1314.473388671875,10.65333366394043,63.30666732788086,0.0,0.0,203.625,82.6875,0.0,0.0,0.0,0.5236862897872925,0.6158158183097839,0.547546923160553,0.0,0.0,68.02603149414062,85.86837005615234,20.63028907775879,0.0,0.0,0.0,0.0,0.0,0.0,0.0,0.01875000074505806,0.007031249813735485,0.0,0.0,0.0,298.0,272.0,258.0,240.0,144.0,5.0,6.0,4.0,0.0,0.0,0,0,0,0,0
1083,128,759.0466918945312,0.0,39.36666488647461,0.0,0.0,203.625,82.6875,29.766250610351562,0.0,0.0,0.5239255428314209,0.6155427694320679,0.547648549079895,0.0,0.0,68.18031311035156,85.86837005615234,20.632957458496094,0.0,0.0,0.0,0.0,0.0,0.0,0.0,0.01875000074505806,0.007031249813735485,0.0024999999441206455,0.0,0.0,298.0,272.0,258.0,240.0,144.0,5.0,6.0,4.0,0.0,0.0,0,0,0,0,0
1084,128,605.2333374023438,0.0,66.73999786376953,0.0,0.0,203.625,82.6875,29.766250610351562,0.0,0.0,0.5241645574569702,0.6152700185775757,0.5477501153945923,0.0,0.0,68.2918701171875,85.86837005615234,20.643226623535156,0.0,0.0,0.0,0.0,0.0,0.0,0.0,0.01875000074505806,0.007031249813735485,0.0024999999441206455,0.0,0.0,298.0,272.0,258.0,240.0,144.0,5.0,6.0,4.0,0.0,0.0,0,0,0,0,0
1085,128,428.9533386230469,0.0,83.03333282470703,0.0,0.0,203.625,82.6875,29.766250610351562,0.0,0.0,0.5244033336639404,0.6149975061416626,0.5478516817092896,0.0,0.0,68.35446166992188,85.86837005615234,20.658023834228516,0.0,0.0,0.0,0.0,0.0,0.0,0.0,0.01875000074505806,0.007031249813735485,0.0024999999441206455,0.0,0.0,298.0,272.0,258.0,240.0,144.0,5.0,6.0,4.0,0.0,0.0,0,0,0,0,0
1086,128,822.8200073242188,0.0,66.85333251953125,0.0,0.0,202.4375,82.6875,29.766250610351562,0.0,0.0,0.5246405005455017,0.6147252321243286,0.547953188419342,0.0,0.0,68.52679443359375,85.86837005615234,20.668325424194336,0.0,0.0,0.0,0.0,0.0,0.0,0.0,0.018124999478459358,0.007031249813735485,0.0024999999441206455,0.0,0.0,298.0,272.0,258.0,240.0,144.0,5.0,6.0,4.0,0.0,0.0,0,0,0,0,0
1087,128,1623.8800048828125,0.0,69.36000061035156,0.0,0.0,202.4375,82.6875,29.766250610351562,0.0,0.0,0.5248774290084839,0.6144531965255737,0.5480546355247498,0.0,0.0,68.92163848876953,85.86837005615234,20.679323196411133,0.0,0.0,0.0,0.0,0.0,0.0,0.0,0.018124999478459358,0.007031249813735485,0.0024999999441206455,0.0,0.0,298.0,272.0,258.0,240.0,144.0,4.0,6.0,4.0,0.0,0.0,0,0,0,0,0
1088,128,1017.8666381835938,0.0,39.233333587646484,0.0,0.0,202.4375,82.6875,29.766250610351562,0.0,0.0,0.5251140594482422,0.614181399345398,0.5481560230255127,0.0,0.0,69.14814758300781,85.86837005615234,20.68195343017578,0.0,0.0,0.0,0.0,0.0,0.0,0.0,0.018124999478459358,0.007031249813735485,0.0024999999441206455,0.0,0.0,298.0,272.0,258.0,240.0,144.0,4.0,6.0,4.0,0.0,0.0,0,0,0,0,0
1089,128,938.3200073242188,0.0,32.90666580200195,0.0,0.0,202.4375,82.6875,29.766250610351562,0.0,0.0,0.5253505110740662,0.6139098405838013,0.5482574105262756,0.0,0.0,69.35255432128906,85.86837005615234,20.682825088500977,0.0,0.0,0.0,0.0,0.0,0.0,0.0,0.018124999478459358,0.007031249813735485,0.0024999999441206455,0.0,0.0,298.0,272.0,258.0,240.0,144.0,4.0,6.0,4.0,0.0,0.0,0,0,0,0,0
1090,128,1039.373291015625,0.0,8.65333366394043,0.0,0.0,202.4375,82.6875,29.766250610351562,0.0,0.0,0.525586724281311,0.6136385202407837,0.5481996536254883,0.0,0.0,69.58503723144531,85.86837005615234,20.682825088500977,0.0,0.0,0.0,0.0,0.0,0.0,0.0,0.018124999478459358,0.007031249813735485,0.0024999999441206455,0.0,0.0,298.0,272.0,258.0,240.0,144.0,4.0,6.0,4.0,0.0,0.0,0,0,0,0,0
1091,128,958.5533447265625,0.0,19.886667251586914,0.0,0.0,202.4375,82.6875,29.766250610351562,0.0,0.0,0.5258226990699768,0.61336749792099,0.548226535320282,0.0,0.0,69.79507446289062,85.86837005615234,20.682825088500977,0.0,0.0,0.0,0.0,0.0,0.0,0.0,0.018124999478459358,0.007031249813735485,0.0024999999441206455,0.0,0.0,298.0,272.0,258.0,240.0,144.0,4.0,6.0,4.0,0.0,0.0,0,0,0,0,0
1092,128,453.0400085449219,0.0,57.01333236694336,0.0,0.0,202.4375,82.6875,29.766250610351562,0.0,0.0,0.5260584354400635,0.6130966544151306,0.5483278036117554,0.0,0.0,69.86468505859375,85.86837005615234,20.69039535522461,0.0,0.0,0.0,0.0,0.0,0.0,0.0,0.018124999478459358,0.007031249813735485,0.0024999999441206455,0.0,0.0,298.0,272.0,258.0,240.0,144.0,4.0,6.0,4.0,0.0,0.0,0,0,0,0,0
1093,127,229.42666625976562,0.0,86.1866683959961,0.0,0.0,202.4375,82.6875,29.766250610351562,0.0,0.0,0.526293933391571,0.6128260493278503,0.548429012298584,0.0,0.0,69.87217712402344,85.86837005615234,20.706066131591797,0.0,0.0,0.0,0.0,0.0,0.0,0.0,0.018124999478459358,0.007031249813735485,0.0024999999441206455,0.0,0.0,298.0,272.0,258.0,240.0,144.0,4.0,6.0,7.0,0.0,0.0,0,0,1,0,0
1094,127,59.29999923706055,0.0,84.55999755859375,0.0,0.0,202.4375,82.6875,29.766250610351562,0.0,0.0,0.5261780619621277,0.6125556826591492,0.5485302209854126,0.0,0.0,69.87217712402344,85.86837005615234,20.72128677368164,0.0,0.0,0.0,0.0,0.0,0.0,0.0,0.018124999478459358,0.007031249813735485,0.0024999999441206455,0.0,0.0,298.0,272.0,258.0,240.0,144.0,4.0,6.0,10.0,0.0,0.0,0,0,1,0,0
1095,128,0.0,0.0,118.8066635131836,0.0,0.0,197.6875,82.6875,58.26593780517578,0.0,0.0,0.525922954082489,0.6122855544090271,0.5487281680107117,0.0,0.0,69.87217712402344,85.86837005615234,20.73810386657715,0.0,0.0,0.0,0.0,0.0,0.0,0.0,0.015625,0.007031249813735485,0.0043750000186264515,0.0,0.0,298.0,272.0,258.0,240.0,144.0,4.0,6.0,10.0,0.0,0.0,0,0,0,0,0
1096,128,0.0,0.0,119.26000213623047,0.0,0.0,196.5,82.6875,62.06562423706055,0.0,0.0,0.5256696939468384,0.6120156645774841,0.5489388108253479,0.0,0.0,69.87217712402344,85.86837005615234,20.753992080688477,0.0,0.0,0.0,0.0,0.0,0.0,0.0,0.014999999664723873,0.007031249813735485,0.0062500000931322575,0.0,0.0,298.0,272.0,258.0,240.0,144.0,4.0,6.0,10.0,0.0,0.0,0,0,0,0,0
1097,128,0.0,0.0,69.8066635131836,0.0,0.0,196.5,82.6875,62.06562423706055,0.0,0.0,0.5254166126251221,0.611746072769165,0.5491492748260498,0.0,0.0,69.87217712402344,85.86837005615234,20.756141662597656,0.0,0.0,0.0,0.0,0.0,0.0,0.0,0.014999999664723873,0.007031249813735485,0.0062500000931322575,0.0,0.0,299.0,272.0,258.0,240.0,144.0,4.0,6.0,10.0,0.0,0.0,0,0,0,0,0
1098,127,0.0,0.0,26.266666412353516,0.0,0.0,196.5,82.6875,62.06562423706055,0.0,0.0,0.5251638293266296,0.6114766597747803,0.5490905046463013,0.0,0.0,69.87217712402344,85.86837005615234,20.756141662597656,0.0,0.0,0.0,0.0,0.0,0.0,0.0,0.014999999664723873,0.007031249813735485,0.0062500000931322575,0.0,0.0,299.0,272.0,258.0,240.0,144.0,6.0,6.0,10.0,0.0,0.0,1,0,0,0,0
1099,127,0.0,0.0,39.16666793823242,0.0,0.0,196.5,82.6875,62.06562423706055,0.0,0.0,0.5249112248420715,0.6112074851989746,0.5491287112236023,0.0,0.0,69.87217712402344,85.86837005615234,20.756141662597656,0.0,0.0,0.0,0.0,0.0,0.0,0.0,0.014999999664723873,0.007031249813735485,0.0062500000931322575,0.0,0.0,299.0,272.0,258.0,240.0,144.0,8.0,6.0,10.0,0.0,0.0,1,0,0,0,0
1100,127,0.0,0.0,49.02000045776367,0.0,0.0,198.875,82.6875,62.06562423706055,0.0,0.0,0.5246558785438538,0.610938549041748,0.5492408871650696,0.0,0.0,69.87217712402344,85.86837005615234,20.756141662597656,0.0,0.0,0.0,0.0,0.0,0.0,0.0,0.016249999403953552,0.007031249813735485,0.0062500000931322575,0.0,0.0,301.0,272.0,258.0,240.0,144.0,10.0,6.0,10.0,0.0,0.0,1,0,0,0,0
1101,128,0.0,0.0,57.7933349609375,0.0,0.0,174.875,82.6875,62.06562423706055,0.0,0.0,0.5244315266609192,0.6106698513031006,0.5494187474250793,0.0,0.0,69.87217712402344,85.86837005615234,20.756141662597656,0.0,0.0,0.0,0.0,0.0,0.0,0.0,0.016249999403953552,0.007031249813735485,0.0062500000931322575,0.0,0.0,299.0,272.0,258.0,240.0,144.0,10.0,3.0,10.0,0.0,0.0,0,0,0,0,0
1102,128,0.0,0.0,55.746665954589844,0.0,0.0,148.5,82.6875,62.06562423706055,0.0,0.0,0.5242411494255066,0.6104013919830322,0.5495811104774475,0.0,0.0,69.87217712402344,85.86837005615234,20.756141662597656,0.0,0.0,0.0,0.0,0.0,0.0,0.0,0.014999999664723873,0.007031249813735485,0.0062500000931322575,0.0,0.0,298.0,272.0,258.0,240.0,144.0,8.0,3.0,10.0,0.0,0.0,0,0,0,0,0
1103,127,0.0,0.0,28.239999771118164,0.0,0.0,148.5,82.6875,62.06562423706055,0.0,0.0,0.5240509510040283,0.610133171081543,0.5495371222496033,0.0,0.0,69.87217712402344,85.86837005615234,20.756141662597656,0.0,0.0,0.0,0.0,0.0,0.0,0.0,0.014999999664723873,0.007031249813735485,0.0062500000931322575,0.0,0.0,298.0,272.0,258.0,240.0,144.0,9.0,3.0,10.0,0.0,0.0,1,0,0,0,0
1104,128,0.0,0.0,32.87333297729492,0.0,0.0,148.5,82.6875,62.06562423706055,0.0,0.0,0.5238608717918396,0.6098651885986328,0.5495278239250183,0.0,0.0,69.87217712402344,85.86837005615234,20.756141662597656,0.0,0.0,0.0,0.0,0.0,0.0,0.0,0.014999999664723873,0.007031249813735485,0.0062500000931322575,0.0,0.0,298.0,272.0,258.0,240.0,144.0,9.0,3.0,10.0,0.0,0.0,0,0,0,0,0
1105,128,0.0,0.0,61.5,0.0,0.0,171.3125,82.6875,62.06562423706055,0.0,0.0,0.5236417651176453,0.6095974445343018,0.54973304271698,0.0,0.0,69.87217712402344,85.86837005615234,20.756141662597656,0.0,0.0,0.0,0.0,0.0,0.0,0.0,0.014375000260770321,0.007031249813735485,0.0062500000931322575,0.0,0.0,299.0,272.0,258.0,240.0,144.0,9.0,3.0,10.0,0.0,0.0,0,0,0,0,0
1106,128,0.0,0.0,37.13999938964844,0.0,0.0,171.3125,82.6875,62.06562423706055,0.0,0.0,0.5234228372573853,0.6093299388885498,0.5497556328773499,0.0,0.0,69.87217712402344,85.86837005615234,20.756141662597656,0.0,0.0,0.0,0.0,0.0,0.0,0.0,0.014375000260770321,0.007031249813735485,0.0062500000931322575,0.0,0.0,299.0,272.0,258.0,240.0,144.0,9.0,3.0,10.0,0.0,0.0,0,0,0,0,0
1107,128,0.0,0.0,27.19333267211914,0.0,0.0,166.5625,82.6875,62.06562423706055,0.0,0.0,0.5232101082801819,0.609062671661377,0.5497037768363953,0.0,0.0,69.87217712402344,85.86837005615234,20.756141662597656,0.0,0.0,0.0,0.0,0.0,0.0,0.0,0.011874999850988388,0.007031249813735485,0.0062500000931322575,0.0,0.0,299.0,272.0,258.0,240.0,144.0,9.0,3.0,10.0,0.0,0.0,0,0,0,0,0
1108,128,0.0,0.0,13.59666633605957,0.0,0.0,166.5625,55.125,62.06562423706055,0.0,0.0,0.5229976177215576,0.6088845729827881,0.5495502948760986,0.0,0.0,69.87217712402344,85.86837005615234,20.756141662597656,0.0,0.0,0.0,0.0,0.0,0.0,0.0,0.011874999850988388,0.004687500186264515,0.0062500000931322575,0.0,0.0,299.0,272.0,258.0,240.0,144.0,9.0,0.0,10.0,0.0,0.0,0,0,0,0,0
1109,128,0.0,0.0,0.0,0.0,0.0,166.5625,55.125,62.06562423706055,0.0,0.0,0.5227853059768677,0.6087066531181335,0.5492953062057495,0.0,0.0,69.87217712402344,85.86837005615234,20.756141662597656,0.0,0.0,0.0,0.0,0.0,0.0,0.0,0.011874999850988388,0.004687500186264515,0.0062500000931322575,0.0,0.0,299.0,272.0,258.0,240.0,144.0,9.0,0.0,10.0,0.0,0.0,0,0,0,0,0
1110,128,0.0,0.0,0.0,0.0,0.0,161.8125,55.125,62.06562423706055,0.0,0.0,0.5225791335105896,0.6085287928581238,0.5490405559539795,0.0,0.0,69.87217712402344,85.86837005615234,20.756141662597656,0.0,0.0,0.0,0.0,0.0,0.0,0.0,0.00937500037252903,0.004687500186264515,0.0062500000931322575,0.0,0.0,299.0,272.0,258.0,240.0,144.0,9.0,0.0,10.0,0.0,0.0,0,0,0,0,0
1111,128,0.0,0.0,0.0,0.0,0.0,161.8125,55.125,62.06562423706055,0.0,0.0,0.5223731994628906,0.6083510518074036,0.5487860441207886,0.0,0.0,69.87217712402344,85.86837005615234,20.756141662597656,0.0,0.0,0.0,0.0,0.0,0.0,0.0,0.00937500037252903,0.004687500186264515,0.0062500000931322575,0.0,0.0,299.0,272.0,258.0,240.0,144.0,9.0,0.0,10.0,0.0,0.0,0,0,0,0,0
1112,128,0.0,148.25332641601562,0.0,0.0,0.0,161.8125,55.125,62.06562423706055,0.0,0.0,0.5221673846244812,0.6084653735160828,0.5485317707061768,0.0,0.0,69.87217712402344,85.89423370361328,20.756141662597656,0.0,0.0,0.0,0.0,0.0,0.0,0.0,0.00937500037252903,0.004687500186264515,0.0062500000931322575,0.0,0.0,299.0,272.0,258.0,240.0,144.0,9.0,0.0,10.0,0.0,0.0,0,0,0,0,0
1113,128,0.0,249.14666748046875,0.0,0.0,0.0,161.8125,55.125,62.06562423706055,0.0,0.0,0.5219618082046509,0.608579695224762,0.548277735710144,0.0,0.0,69.87217712402344,85.94812774658203,20.756141662597656,0.0,0.0,0.0,0.0,0.0,0.0,0.0,0.00937500037252903,0.004687500186264515,0.0062500000931322575,0.0,0.0,299.0,272.0,258.0,240.0,144.0,9.0,0.0,10.0,0.0,0.0,0,0,0,0,0
1114,128,0.0,265.5133361816406,24.046667098999023,0.0,0.0,161.8125,55.125,62.06562423706055,0.0,0.0,0.5217562913894653,0.6086939573287964,0.5482032895088196,0.0,0.0,69.87217712402344,86.0065689086914,20.756141662597656,0.0,0.0,0.0,0.0,0.0,0.0,0.0,0.00937500037252903,0.004687500186264515,0.0062500000931322575,0.0,0.0,299.0,272.0,258.0,240.0,144.0,9.0,0.0,10.0,0.0,0.0,0,0,0,0,0
1115,128,0.0,241.15333557128906,315.7133483886719,0.0,0.0,161.8125,55.125,62.06562423706055,0.0,0.0,0.5215510129928589,0.6088081002235413,0.5484123229980469,0.0,0.0,69.87217712402344,86.0582504272461,20.82659912109375,0.0,0.0,0.0,0.0,0.0,0.0,0.0,0.00937500037252903,0.004687500186264515,0.0062500000931322575,0.0,0.0,299.0,272.0,258.0,240.0,144.0,7.0,0.0,10.0,0.0,0.0,0,0,0,0,0
1116,128,0.0,352.70001220703125,268.7533264160156,0.0,0.0,161.8125,55.125,62.06562423706055,0.0,0.0,0.521345853805542,0.6089221835136414,0.5486211776733398,0.0,0.0,69.87217712402344,86.14090728759766,20.88401222229004,0.0,0.0,0.0,0.0,0.0,0.0,0.0,0.00937500037252903,0.004687500186264515,0.0062500000931322575,0.0,0.0,299.0,272.0,258.0,240.0,144.0,7.0,0.0,10.0,0.0,0.0,0,0,0,0,0
1117,127,0.0,404.5666809082031,336.67333984375,0.0,0.0,161.8125,55.125,62.06562423706055,0.0,0.0,0.5211408734321594,0.6090362071990967,0.5488298535346985,0.0,0.0,69.87217712402344,86.23797607421875,20.96029281616211,0.0,0.0,0.0,0.0,0.0,0.0,0.0,0.00937500037252903,0.004687500186264515,0.0062500000931322575,0.0,0.0,299.0,272.0,258.0,240.0,144.0,7.0,3.0,10.0,0.0,0.0,0,1,0,0,0
1118,128,0.0,346.7066650390625,309.6533203125,0.0,0.0,161.8125,55.125,62.06562423706055,0.0,0.0,0.5209360718727112,0.6091501712799072,0.549038290977478,0.0,0.0,69.87217712402344,86.3189697265625,21.029067993164062,0.0,0.0,0.0,0.0,0.0,0.0,0.0,0.00937500037252903,0.004687500186264515,0.0062500000931322575,0.0,0.0,299.0,272.0,258.0,240.0,144.0,7.0,3.0,10.0,0.0,0.0,0,0,0,0,0
1119,128,0.0,283.1333312988281,327.17999267578125,0.0,0.0,161.8125,82.6875,62.06562423706055,0.0,0.0,0.5207313895225525,0.6093209981918335,0.549246609210968,0.0,0.0,69.87217712402344,86.37464904785156,21.102710723876953,0.0,0.0,0.0,0.0,0.0,0.0,0.0,0.00937500037252903,0.007031249813735485,0.0062500000931322575,0.0,0.0,299.0,272.0,258.0,240.0,144.0,7.0,3.0,4.0,0.0,0.0,0,0,0,0,0
1120,128,0.0,287.8666687011719,543.3200073242188,0.0,0.0,136.625,82.6875,62.06562423706055,0.0,0.0,0.5205587148666382,0.6094916462898254,0.5494546890258789,0.0,0.0,69.87217712402344,86.431640625,21.236391067504883,0.0,0.0,0.0,0.0,0.0,0.0,0.0,0.008750000037252903,0.007031249813735485,0.0062500000931322575,0.0,0.0,299.0,272.0,251.0,240.0,144.0,7.0,3.0,4.0,0.0,0.0,0,0,0,0,0
1121,128,0.0,269.17333984375,537.7333374023438,0.0,0.0,136.625,82.6875,62.06562423706055,0.0,0.0,0.5203861594200134,0.6096621751785278,0.5496625900268555,0.0,0.0,69.87217712402344,86.48344421386719,21.36852264404297,0.0,0.0,0.0,0.0,0.0,0.0,0.0,0.008750000037252903,0.007031249813735485,0.0062500000931322575,0.0,0.0,299.0,272.0,251.0,240.0,144.0,7.0,3.0,4.0,0.0,0.0,0,0,0,0,0
1122,128,0.0,219.8000030517578,421.2466735839844,0.0,0.0,136.625,82.6875,62.06562423706055,0.0,0.0,0.5202136635780334,0.6098325848579407,0.5498702526092529,0.0,0.0,69.87217712402344,86.52153015136719,21.468294143676758,0.0,0.0,0.0,0.0,0.0,0.0,0.0,0.008750000037252903,0.007031249813735485,0.0062500000931322575,0.0,0.0,299.0,272.0,251.0,240.0,144.0,7.0,3.0,4.0,0.0,0.0,0,0,0,0,0
1123,128,0.0,192.4600067138672,449.50665283203125,0.0,0.0,136.625,82.6875,62.06562423706055,0.0,0.0,0.5200413465499878,0.6100028157234192,0.5500777959823608,0.0,0.0,69.87217712402344,86.5520248413086,21.575916290283203,0.0,0.0,0.0,0.0,0.0,0.0,0.0,0.008750000037252903,0.007031249813735485,0.0062500000931322575,0.0,0.0,299.0,272.0,251.0,240.0,144.0,7.0,3.0,4.0,0.0,0.0,0,0,0,0,0
1124,128,0.0,174.10667419433594,345.09332275390625,0.0,0.0,136.625,82.6875,62.06562423706055,0.0,0.0,0.5198691487312317,0.6101728677749634,0.5502851009368896,0.0,0.0,69.87217712402344,86.5774154663086,21.6545352935791,0.0,0.0,0.0,0.0,0.0,0.0,0.0,0.008750000037252903,0.007031249813735485,0.0062500000931322575,0.0,0.0,299.0,272.0,251.0,240.0,144.0,7.0,3.0,4.0,0.0,0.0,0,0,0,0,0
1125,128,0.0,204.9199981689453,230.0800018310547,0.0,0.0,136.625,82.6875,62.06562423706055,0.0,0.0,0.5196970105171204,0.610342800617218,0.5504922270774841,0.0,0.0,69.87217712402344,86.61137390136719,21.70120620727539,0.0,0.0,0.0,0.0,0.0,0.0,0.0,0.008750000037252903,0.007031249813735485,0.0062500000931322575,0.0,0.0,299.0,272.0,251.0,240.0,144.0,7.0,0.0,4.0,0.0,0.0,0,0,0,0,0
1126,128,0.0,209.82666015625,207.64666748046875,0.0,0.0,136.625,82.6875,62.06562423706055,0.0,0.0,0.5195249915122986,0.6105125546455383,0.5506991744041443,0.0,0.0,69.87217712402344,86.64669036865234,21.74164581298828,0.0,0.0,0.0,0.0,0.0,0.0,0.0,0.008750000037252903,0.007031249813735485,0.0062500000931322575,0.0,0.0,299.0,272.0,251.0,240.0,144.0,7.0,0.0,4.0,0.0,0.0,0,0,0,0,0
1127,128,0.0,236.97999572753906,188.24000549316406,0.0,0.0,136.625,82.6875,62.06562423706055,0.0,0.0,0.5193531513214111,0.6106821894645691,0.5509058833122253,0.0,0.0,69.87217712402344,86.68954467773438,21.77669334411621,0.0,0.0,0.0,0.0,0.0,0.0,0.0,0.008750000037252903,0.007031249813735485,0.0062500000931322575,0.0,0.0,299.0,272.0,251.0,240.0,144.0,7.0,0.0,4.0,0.0,0.0,0,0,0,0,0
1128,128,0.0,279.38665771484375,131.44000244140625,0.0,0.0,136.625,82.6875,62.06562423706055,0.0,0.0,0.5191813707351685,0.6108517050743103,0.5511124730110168,0.0,0.0,69.87217712402344,86.74418640136719,21.79596519470215,0.0,0.0,0.0,0.0,0.0,0.0,0.0,0.008750000037252903,0.007031249813735485,0.0062500000931322575,0.0,0.0,299.0,272.0,251.0,240.0,144.0,7.0,0.0,0.0,0.0,0.0,0,0,0,0,0
1129,128,0.0,334.85333251953125,170.60667419433594,0.0,0.0,136.625,82.6875,62.06562423706055,0.0,0.0,0.5190097093582153,0.6110210418701172,0.5513188242912292,0.0,0.0,69.87217712402344,86.8142318725586,21.826114654541016,0.0,0.0,0.0,0.0,0.0,0.0,0.0,0.008750000037252903,0.007031249813735485,0.0062500000931322575,0.0,0.0,299.0,272.0,251.0,240.0,144.0,7.0,0.0,0.0,0.0,0.0,0,0,0,0,0
1130,128,0.0,448.6400146484375,290.3666687011719,0.0,0.0,136.625,82.6875,62.06562423706055,0.0,0.0,0.5188381671905518,0.6111901998519897,0.5515249967575073,0.0,0.0,69.87217712402344,86.91588592529297,21.8895320892334,0.0,0.0,0.0,0.0,0.0,0.0,0.0,0.008750000037252903,0.007031249813735485,0.0062500000931322575,0.0,0.0,299.0,272.0,251.0,240.0,144.0,7.0,0.0,0.0,0.0,0.0,0,0,0,0,0
1131,128,0.0,432.0199890136719,221.086669921875,0.0,0.0,136.625,55.125,62.06562423706055,0.0,0.0,0.5186667442321777,0.61130291223526,0.5517309904098511,0.0,0.0,69.87217712402344,87.02057647705078,21.933704376220703,0.0,0.0,0.0,0.0,0.0,0.0,0.0,0.008750000037252903,0.004687500186264515,0.0062500000931322575,0.0,0.0,299.0,272.0,251.0,240.0,144.0,7.0,0.0,0.0,0.0,0.0,0,0,0,0,0
1132,128,0.0,396.2799987792969,189.1133270263672,0.0,0.0,136.625,55.125,62.06562423706055,0.0,0.0,0.5184954404830933,0.6114155650138855,0.5519367456436157,0.0,0.0,69.87217712402344,87.11534118652344,21.968996047973633,0.0,0.0,0.0,0.0,0.0,0.0,0.0,0.008750000037252903,0.004687500186264515,0.0062500000931322575,0.0,0.0,299.0,272.0,251.0,240.0,144.0,7.0,0.0,0.0,0.0,0.0,0,0,0,0,0
1133,128,75.12666320800781,367.5,139.8000030517578,0.0,0.0,136.625,55.125,62.06562423706055,0.0,0.0,0.5185058116912842,0.6115281581878662,0.5521423816680908,0.0,0.0,69.87217712402344,87.20211029052734,21.990589141845703,0.0,0.0,0.0,0.0,0.0,0.0,0.0,0.008750000037252903,0.004687500186264515,0.0062500000931322575,0.0,0.0,299.0,272.0,251.0,240.0,144.0,7.0,0.0,0.0,0.0,0.0,0,0,0,0,0
1134,128,131.2866668701172,327.7799987792969,198.42666625976562,0.0,0.0,136.625,27.5625,62.06562423706055,0.0,0.0,0.5186518430709839,0.6115844249725342,0.5523477792739868,0.0,0.0,69.87217712402344,87.28550720214844,22.028467178344727,0.0,0.0,0.0,0.0,0.0,0.0,0.0,0.008750000037252903,0.0023437500931322575,0.0062500000931322575,0.0,0.0,299.0,272.0,251.0,240.0,144.0,7.0,0.0,0.0,0.0,0.0,0,0,0,0,0
1135,123,172.82666015625,341.8466796875,112.87999725341797,0.0,0.0,110.25,27.5625,62.06562423706055,0.0,0.0,0.518779993057251,0.6116406917572021,0.5525530576705933,0.0,0.0,69.88956451416016,87.37281036376953,22.04258155822754,0.0,0.0,0.0,0.0,0.0,0.0,0.0,0.007499999832361937,0.0023437500931322575,0.0062500000931322575,0.0,0.0,299.0,272.0,251.0,240.0,144.0,7.0,6.0,4.0,0.0,0.0,0,2,3,0,0
1136,128,213.72000122070312,357.8999938964844,203.94000244140625,0.0,0.0,110.25,27.5625,62.06562423706055,0.0,0.0,0.5189080834388733,0.6116968989372253,0.5527580976486206,0.0,0.0,69.91830444335938,87.46456909179688,22.08199119567871,0.0,0.0,0.0,0.0,0.0,0.0,0.0,0.007499999832361937,0.0023437500931322575,0.0062500000931322575,0.0,0.0,299.0,272.0,251.0,240.0,144.0,7.0,6.0,4.0,0.0,0.0,0,0,0,0,0
1137,126,151.7133331298828,345.6333312988281,248.7933349609375,0.0,0.0,106.6875,82.6875,141.23187255859375,0.0,0.0,0.5190320014953613,0.6118655204772949,0.5532239675521851,0.0,0.0,69.9308090209961,87.53761291503906,22.11186981201172,0.0,0.0,0.0,0.0,0.0,0.0,0.0,0.005625000223517418,0.007031249813735485,0.008750000037252903,0.0,0.0,299.0,272.0,251.0,240.0,144.0,7.0,9.0,5.0,0.0,0.0,0,1,1,0,0
1138,127,186.05999755859375,328.0400085449219,314.90667724609375,0.0,0.0,106.6875,82.6875,141.23187255859375,0.0,0.0,0.5191558599472046,0.6120339632034302,0.5536888837814331,0.0,0.0,69.9528579711914,87.60576629638672,22.160112380981445,0.0,0.0,0.0,0.0,0.0,0.0,0.0,0.005625000223517418,0.007031249813735485,0.008750000037252903,0.0,0.0,299.0,272.0,251.0,240.0,144.0,7.0,9.0,7.0,0.0,0.0,0,0,1,0,0
1139,125,190.56666564941406,120.21333312988281,259.99334716796875,0.0,0.0,106.6875,110.25,142.49844360351562,0.0,0.0,0.5192796587944031,0.6122583746910095,0.5541569590568542,0.0,0.0,69.97615814208984,87.60852813720703,22.1927490234375,0.0,0.0,0.0,0.0,0.0,0.0,0.0,0.005625000223517418,0.00937500037252903,0.00937500037252903,0.0,0.0,299.0,272.0,251.0,240.0,144.0,7.0,12.0,11.0,0.0,0.0,0,1,2,0,0
1140,126,161.39332580566406,116.9800033569336,222.02000427246094,0.0,0.0,106.6875,110.25,145.03155517578125,0.0,0.0,0.519403338432312,0.612482488155365,0.5546323657035828,0.0,0.0,69.9913558959961,87.61039733886719,22.214136123657227,0.0,0.0,0.0,0.0,0.0,0.0,0.0,0.005625000223517418,0.00937500037252903,0.010625000111758709,0.0,0.0,299.0,272.0,251.0,240.0,144.0,7.0,12.0,17.0,0.0,0.0,0,0,2,0,0
1141,127,187.74667358398438,110.46666717529297,347.9200134277344,0.0,0.0,106.6875,137.8125,150.09780883789062,0.0,0.0,0.519527018070221,0.6126189827919006,0.5551233291625977,0.0,0.0,70.01387023925781,87.61039733886719,22.269084930419922,0.0,0.0,0.0,0.0,0.0,0.0,0.0,0.005625000223517418,0.01171875,0.013124999590218067,0.0,0.0,299.0,272.0,251.0,240.0,144.0,7.0,12.0,18.0,0.0,0.0,0,0,1,0,0
1142,125,158.39332580566406,88.02666473388672,445.8066711425781,0.0,0.0,106.6875,137.8125,157.6971893310547,0.0,0.0,0.5196505784988403,0.6126378178596497,0.5556379556655884,0.0,0.0,70.02823638916016,87.61039733886719,22.3491153717041,0.0,0.0,0.0,0.0,0.0,0.0,0.0,0.005625000223517418,0.01171875,0.016875000670552254,0.0,0.0,299.0,272.0,251.0,240.0,144.0,7.0,12.0,25.0,0.0,0.0,0,0,3,0,0
1143,127,154.89999389648438,72.0999984741211,554.193359375,0.0,0.0,106.6875,137.8125,158.9637451171875,0.0,0.0,0.5197740793228149,0.6125733256340027,0.5561555624008179,0.0,0.0,70.0416259765625,87.61039733886719,22.45890235900879,0.0,0.0,0.0,0.0,0.0,0.0,0.0,0.005625000223517418,0.01171875,0.017500000074505806,0.0,0.0,299.0,272.0,251.0,240.0,144.0,7.0,12.0,26.0,0.0,0.0,0,0,1,0,0
1144,125,114.3066635131836,26.34000015258789,258.2200012207031,0.0,0.0,106.6875,137.8125,167.82968139648438,0.0,0.0,0.5198975801467896,0.6122696995735168,0.5567007064819336,0.0,0.0,70.04374694824219,87.61039733886719,22.484010696411133,0.0,0.0,0.0,0.0,0.0,0.0,0.0,0.005625000223517418,0.01171875,0.02187499962747097,0.0,0.0,299.0,272.0,245.0,240.0,144.0,7.0,12.0,30.0,0.0,0.0,0,0,3,0,0
1145,128,109.9000015258789,1.1333333253860474,579.3800048828125,0.0,0.0,106.6875,137.8125,165.29656982421875,0.0,0.0,0.5200209617614746,0.6118348240852356,0.5572363138198853,0.0,0.0,70.04463195800781,87.61039733886719,22.59903335571289,0.0,0.0,0.0,0.0,0.0,0.0,0.0,0.005625000223517418,0.01171875,0.020625000819563866,0.0,0.0,299.0,272.0,244.0,240.0,144.0,7.0,12.0,30.0,0.0,0.0,0,0,0,0,0
1146,126,149.35333251953125,0.0,418.5799865722656,0.0,0.0,106.6875,137.8125,166.56312561035156,0.0,0.0,0.5201442837715149,0.6113947033882141,0.5577746629714966,0.0,0.0,70.05648803710938,87.61039733886719,22.669038772583008,0.0,0.0,0.0,0.0,0.0,0.0,0.0,0.005625000223517418,0.01171875,0.021250000223517418,0.0,0.0,299.0,272.0,244.0,240.0,144.0,7.0,12.0,33.0,0.0,0.0,0,0,2,0,0
1147,126,180.17999267578125,17.799999237060547,461.6266784667969,0.0,0.0,106.6875,137.8125,166.56312561035156,0.0,0.0,0.5202675461769104,0.6110480427742004,0.5583117604255676,0.0,0.0,70.076904296875,87.61039733886719,22.751001358032227,0.0,0.0,0.0,0.0,0.0,0.0,0.0,0.005625000223517418,0.01171875,0.021250000223517418,0.0,0.0,299.0,272.0,244.0,240.0,144.0,7.0,12.0,38.0,0.0,0.0,0,0,2,0,0
1148,125,336.4266662597656,76.77333068847656,504.67333984375,0.0,0.0,106.6875,137.8125,170.36280822753906,0.0,0.0,0.5203907489776611,0.6110092401504517,0.5588597655296326,0.0,0.0,70.14071655273438,87.61039733886719,22.84386444091797,0.0,0.0,0.0,0.0,0.0,0.0,0.0,0.005625000223517418,0.01171875,0.023125000298023224,0.0,0.0,299.0,272.0,244.0,240.0,144.0,5.0,12.0,45.0,0.0,0.0,0,0,3,0,0
1149,124,362.99334716796875,50.95333480834961,529.8333129882812,0.0,0.0,106.6875,137.8125,176.69561767578125,0.0,0.0,0.5205138921737671,0.6108360290527344,0.5594267249107361,0.0,0.0,70.2119140625,87.61039733886719,22.941959381103516,0.0,0.0,0.0,0.0,0.0,0.0,0.0,0.005625000223517418,0.01171875,0.026249999180436134,0.0,0.0,299.0,272.0,244.0,240.0,144.0,5.0,12.0,52.0,0.0,0.0,0,0,4,0,0
1150,126,334.6600036621094,0.0,417.14666748046875,0.0,0.0,106.6875,137.8125,185.5615692138672,0.0,0.0,0.5206369757652283,0.6103978753089905,0.5600205063819885,0.0,0.0,70.27523803710938,87.61039733886719,23.006288528442383,0.0,0.0,0.0,0.0,0.0,0.0,0.0,0.005625000223517418,0.01171875,0.030625000596046448,0.0,0.0,299.0,272.0,244.0,240.0,144.0,5.0,12.0,53.0,0.0,0.0,0,0,2,0,0
1151,126,273.32000732421875,288.97332763671875,499.3399963378906,0.0,0.0,106.6875,137.8125,194.42750549316406,0.0,0.0,0.5207599997520447,0.610677182674408,0.5606409907341003,0.0,0.0,70.32152557373047,87.65238952636719,23.090986251831055,0.0,0.0,0.0,0.0,0.0,0.0,0.0,0.005625000223517418,0.01171875,0.03500000014901161,0.0,0.0,299.0,272.0,225.0,240.0,144.0,5.0,15.0,54.0,0.0,0.0,0,1,1,0,0
1152,124,191.86000061035156,346.6666564941406,531.3666381835938,0.0,0.0,106.6875,137.8125,198.22718811035156,0.0,0.0,0.5208829641342163,0.6109560132026672,0.5612717866897583,0.0,0.0,70.34518432617188,87.71040344238281,23.18352508544922,0.0,0.0,0.0,0.0,0.0,0.0,0.0,0.005625000223517418,0.01171875,0.03687499836087227,0.0,0.0,299.0,272.0,225.0,240.0,144.0,3.0,21.0,56.0,0.0,0.0,0,2,2,0,0
1153,127,149.4199981689453,919.413330078125,486.2266540527344,0.0,0.0,106.6875,165.375,199.49374389648438,0.0,0.0,0.5210058689117432,0.6112901568412781,0.561904788017273,0.0,0.0,70.3570556640625,87.91986083984375,23.263172149658203,0.0,0.0,0.0,0.0,0.0,0.0,0.0,0.005625000223517418,0.01406249962747097,0.03750000149011612,0.0,0.0,299.0,270.0,225.0,240.0,144.0,3.0,21.0,57.0,0.0,0.0,0,0,1,0,0
1154,125,207.1266632080078,788.3866577148438,648.693359375,0.0,0.0,106.6875,168.9375,202.02687072753906,0.0,0.0,0.5211286544799805,0.611630916595459,0.5625439286231995,0.0,0.0,70.38495635986328,88.09192657470703,23.38724708557129,0.0,0.0,0.0,0.0,0.0,0.0,0.0,0.005625000223517418,0.01640624925494194,0.038750000298023224,0.0,0.0,299.0,267.0,225.0,240.0,144.0,3.0,21.0,62.0,0.0,0.0,0,0,3,0,0
1155,124,146.96665954589844,704.6866455078125,668.260009765625,0.0,0.0,106.6875,168.9375,203.29344177246094,0.0,0.0,0.5212514400482178,0.6119710206985474,0.5631852746009827,0.0,0.0,70.3961410522461,88.2407455444336,23.516403198242188,0.0,0.0,0.0,0.0,0.0,0.0,0.0,0.005625000223517418,0.01640624925494194,0.039374999701976776,0.0,0.0,299.0,267.0,225.0,240.0,144.0,3.0,24.0,67.0,0.0,0.0,0,1,3,0,0
1156,126,80.24666595458984,1119.9066162109375,663.5399780273438,0.0,0.0,106.6875,168.9375,209.62625122070312,0.0,0.0,0.5213106274604797,0.6123105883598328,0.5638445615768433,0.0,0.0,70.3961410522461,88.5049057006836,23.64249038696289,0.0,0.0,0.0,0.0,0.0,0.0,0.0,0.005625000223517418,0.01640624925494194,0.042500000447034836,0.0,0.0,299.0,267.0,225.0,240.0,144.0,1.0,24.0,70.0,0.0,0.0,0,0,2,0,0
1157,125,88.41999816894531,1174.13330078125,471.3599853515625,0.0,0.0,106.6875,196.5,215.9590606689453,0.0,0.0,0.521389365196228,0.6127047538757324,0.5645217299461365,0.0,0.0,70.3961410522461,88.77647399902344,23.713436126708984,0.0,0.0,0.0,0.0,0.0,0.0,0.0,0.005625000223517418,0.01875000074505806,0.045625001192092896,0.0,0.0,299.0,267.0,225.0,240.0,144.0,0.0,27.0,76.0,0.0,0.0,0,1,2,0,0
1158,126,151.2133331298828,1160.9466552734375,266.6400146484375,0.0,0.0,106.6875,196.5,219.7587432861328,0.0,0.0,0.521511971950531,0.61309814453125,0.5652086138725281,0.0,0.0,70.40851593017578,89.04437255859375,23.726457595825195,0.0,0.0,0.0,0.0,0.0,0.0,0.0,0.005625000223517418,0.01875000074505806,0.04749999940395355,0.0,0.0,299.0,267.0,225.0,240.0,144.0,0.0,27.0,79.0,0.0,0.0,0,0,2,0,0
1159,125,199.74667358398438,1156.586669921875,374.239990234375,0.0,0.0,106.6875,224.0625,222.2918701171875,0.0,0.0,0.5216345191001892,0.6135457158088684,0.5659012794494629,0.0,0.0,70.43436431884766,89.30340576171875,23.768665313720703,0.0,0.0,0.0,0.0,0.0,0.0,0.0,0.005625000223517418,0.02109375037252903,0.04874999821186066,0.0,0.0,299.0,267.0,225.0,240.0,144.0,0.0,33.0,80.0,0.0,0.0,0,2,1,0,0
1160,127,118.1866683959961,847.4400024414062,512.413330078125,0.0,0.0,106.6875,224.0625,226.09156799316406,0.0,0.0,0.5217570066452026,0.6139922738075256,0.5666034817695618,0.0,0.0,70.43755340576172,89.47657012939453,23.84819984436035,0.0,0.0,0.0,0.0,0.0,0.0,0.0,0.005625000223517418,0.02109375037252903,0.05062500014901161,0.0,0.0,299.0,267.0,225.0,240.0,144.0,0.0,33.0,81.0,0.0,0.0,0,0,1,0,0
1161,128,106.48666381835938,611.5800170898438,484.7133483886719,0.0,0.0,106.6875,231.1875,227.35812377929688,0.0,0.0,0.5218789577484131,0.6144519448280334,0.5673073530197144,0.0,0.0,70.43755340576172,89.58222961425781,23.919687271118164,0.0,0.0,0.0,0.0,0.0,0.0,0.0,0.005625000223517418,0.02578124962747097,0.051249999552965164,0.0,0.0,299.0,267.0,214.0,240.0,144.0,0.0,33.0,81.0,0.0,0.0,0,0,0,0,0
1162,125,35.119998931884766,463.0733337402344,348.7133483886719,0.0,0.0,106.6875,231.1875,226.09156799316406,0.0,0.0,0.5218296051025391,0.6149105429649353,0.5680050253868103,0.0,0.0,70.43755340576172,89.64664459228516,23.95374870300293,0.0,0.0,0.0,0.0,0.0,0.0,0.0,0.005625000223517418,0.02578124962747097,0.05062500014901161,0.0,0.0,299.0,267.0,213.0,240.0,144.0,0.0,33.0,85.0,0.0,0.0,0,0,3,0,0
1163,125,22.02666664123535,442.8466796875,216.97332763671875,0.0,0.0,106.6875,231.1875,226.09156799316406,0.0,0.0,0.521748960018158,0.6153680682182312,0.5686355233192444,0.0,0.0,70.43755340576172,89.70543670654297,23.95374870300293,0.0,0.0,0.0,0.0,0.0,0.0,0.0,0.005625000223517418,0.02578124962747097,0.05062500014901161,0.0,0.0,299.0,267.0,215.0,240.0,144.0,0.0,37.0,85.0,0.0,0.0,0,3,0,0,0
1164,125,139.19332885742188,607.4266967773438,297.8666687011719,0.0,0.0,106.6875,231.1875,231.15780639648438,0.0,0.0,0.5218712687492371,0.6158244609832764,0.5693443417549133,0.0,0.0,70.44658660888672,89.80995178222656,23.972278594970703,0.0,0.0,0.0,0.0,0.0,0.0,0.0,0.005625000223517418,0.02578124962747097,0.05312500149011612,0.0,0.0,299.0,261.0,215.0,240.0,144.0,0.0,43.0,87.0,0.0,0.0,0,2,1,0,0
1165,124,167.15333557128906,470.1066589355469,341.8466796875,0.0,0.0,106.6875,239.5,231.15780639648438,0.0,0.0,0.5219935178756714,0.616296112537384,0.5700507760047913,0.0,0.0,70.46337890625,89.87400817871094,24.003026962280273,0.0,0.0,0.0,0.0,0.0,0.0,0.0,0.005625000223517418,0.03125,0.05312500149011612,0.0,0.0,299.0,261.0,215.0,240.0,144.0,0.0,43.0,89.0,0.0,0.0,0,1,3,0,0
1166,125,175.19332885742188,488.8399963378906,403.5533447265625,0.0,0.0,106.6875,243.0625,233.69093322753906,0.0,0.0,0.5221157073974609,0.6167736649513245,0.5707626342773438,0.0,0.0,70.48241424560547,89.94227600097656,24.05021095275879,0.0,0.0,0.0,0.0,0.0,0.0,0.0,0.005625000223517418,0.03359375149011612,0.054375000298023224,0.0,0.0,299.0,251.0,209.0,240.0,144.0,0.0,43.0,93.0,0.0,0.0,0,0,3,0,0
1167,121,274.4333190917969,705.1866455078125,548.9466552734375,0.0,0.0,106.6875,246.625,238.75718688964844,0.0,0.0,0.5222378373146057,0.6172569394111633,0.571487545967102,0.0,0.0,70.52900695800781,90.06965637207031,24.13637351989746,0.0,0.0,0.0,0.0,0.0,0.0,0.0,0.005625000223517418,0.03593749925494194,0.05687500163912773,0.0,0.0,299.0,251.0,209.0,240.0,144.0,0.0,49.0,96.0,0.0,0.0,0,2,5,0,0
1168,125,316.9466552734375,519.0066528320312,576.9466552734375,0.0,0.0,80.3125,246.625,242.55686950683594,0.0,0.0,0.5223297476768494,0.6177390217781067,0.5722214579582214,0.0,0.0,70.59474182128906,90.14531707763672,24.229259490966797,0.0,0.0,0.0,0.0,0.0,0.0,0.0,0.0043750000186264515,0.03593749925494194,0.05874999985098839,0.0,0.0,299.0,251.0,202.0,240.0,144.0,0.0,49.0,98.0,0.0,0.0,0,1,2,0,0
1169,128,596.5733032226562,590.4000244140625,656.260009765625,0.0,0.0,80.3125,253.75,256.48907470703125,0.0,0.0,0.522421658039093,0.6182337403297424,0.5729947686195374,0.0,0.0,70.73814392089844,90.23883056640625,24.340307235717773,0.0,0.0,0.0,0.0,0.0,0.0,0.0,0.0043750000186264515,0.04062499850988388,0.06562499701976776,0.0,0.0,299.0,245.0,191.0,240.0,144.0,0.0,49.0,98.0,0.0,0.0,0,0,0,0,0
1170,128,942.0999755859375,465.40667724609375,713.393310546875,0.0,0.0,80.3125,253.75,257.755615234375,0.0,0.0,0.5225134491920471,0.6187272071838379,0.5737690925598145,0.0,0.0,70.97753143310547,90.29762268066406,24.466873168945312,0.0,0.0,0.0,0.0,0.0,0.0,0.0,0.0043750000186264515,0.04062499850988388,0.06624999642372131,0.0,0.0,299.0,245.0,191.0,240.0,144.0,0.0,46.0,97.0,0.0,0.0,0,0,0,0,0
1171,127,885.9266967773438,412.82000732421875,665.760009765625,0.0,0.0,80.3125,253.75,257.755615234375,0.0,0.0,0.5226052403450012,0.6192194223403931,0.5745406150817871,0.0,0.0,71.20130920410156,90.34181213378906,24.58020782470703,0.0,0.0,0.0,0.0,0.0,0.0,0.0,0.0043750000186264515,0.04062499850988388,0.06624999642372131,0.0,0.0,299.0,245.0,190.0,240.0,144.0,0.0,46.0,94.0,0.0,0.0,0,0,1,0,0
1172,125,915.719970703125,742.82666015625,650.0333251953125,0.0,0.0,80.3125,250.1875,257.755615234375,0.0,0.0,0.5226970314979553,0.619703471660614,0.5753093957901001,0.0,0.0,71.4333724975586,90.47865295410156,24.68917465209961,0.0,0.0,0.0,0.0,0.0,0.0,0.0,0.0043750000186264515,0.03828125074505806,0.06624999642372131,0.0,0.0,299.0,245.0,190.0,240.0,144.0,0.0,55.0,93.0,0.0,0.0,0,3,0,0,0
1173,126,984.693359375,771.6599731445312,716.4000244140625,0.0,0.0,80.3125,250.1875,260.28875732421875,0.0,0.0,0.5227887630462646,0.6201862692832947,0.5760828852653503,0.0,0.0,71.68458557128906,90.6235122680664,24.815872192382812,0.0,0.0,0.0,0.0,0.0,0.0,0.0,0.0043750000186264515,0.03828125074505806,0.06750000268220901,0.0,0.0,299.0,248.0,188.0,240.0,144.0,0.0,55.0,96.0,0.0,0.0,0,0,2,0,0
1174,124,989.2666625976562,994.433349609375,564.0466918945312,0.0,0.0,80.3125,260.875,260.28875732421875,0.0,0.0,0.5228804349899292,0.6206883788108826,0.5768535137176514,0.0,0.0,71.93707275390625,90.82727813720703,24.900249481201172,0.0,0.0,0.0,0.0,0.0,0.0,0.0,0.0043750000186264515,0.04531250149011612,0.06750000268220901,0.0,0.0,299.0,248.0,188.0,240.0,144.0,0.0,55.0,102.0,0.0,0.0,0,0,4,0,0
1175,128,938.219970703125,921.0733032226562,521.3400268554688,0.0,0.0,80.3125,260.875,261.5552978515625,0.0,0.0,0.522972047328949,0.6211891770362854,0.5776251554489136,0.0,0.0,72.17538452148438,91.01066589355469,24.972412109375,0.0,0.0,0.0,0.0,0.0,0.0,0.0,0.0043750000186264515,0.04531250149011612,0.06812500208616257,0.0,0.0,299.0,248.0,185.0,240.0,144.0,0.0,55.0,99.0,0.0,0.0,0,0,0,0,0
1176,127,1153.4866943359375,596.7466430664062,554.47998046875,0.0,0.0,80.3125,260.875,270.4212646484375,0.0,0.0,0.5230637192726135,0.6216886639595032,0.5784199833869934,0.0,0.0,72.4734878540039,91.10396575927734,25.05131721496582,0.0,0.0,0.0,0.0,0.0,0.0,0.0,0.0043750000186264515,0.04531250149011612,0.07249999791383743,0.0,0.0,299.0,248.0,180.0,240.0,144.0,0.0,55.0,101.0,0.0,0.0,0,0,1,0,0
1177,127,961.6199951171875,1114.5933837890625,559.6363525390625,0.0,0.0,80.3125,260.875,265.3550109863281,0.0,0.0,0.5231552720069885,0.6221868395805359,0.5791969895362854,0.0,0.0,72.71829223632812,91.34110260009766,25.133060455322266,0.0,0.0,0.0,0.0,0.0,0.0,0.0,0.0043750000186264515,0.04531250149011612,0.07000000029802322,0.0,0.0,299.0,248.0,180.0,240.0,144.0,0.0,55.0,102.0,0.0,0.0,0,0,1,0,0
1178,126,933.5133056640625,1013.4533081054688,564.792724609375,0.0,0.0,80.3125,260.875,267.88812255859375,0.0,0.0,0.5232468247413635,0.6226837038993835,0.5799785256385803,0.0,0.0,72.95529174804688,91.55015563964844,25.215534210205078,0.0,0.0,0.0,0.0,0.0,0.0,0.0,0.0043750000186264515,0.04531250149011612,0.07124999910593033,0.0,0.0,299.0,245.0,182.0,240.0,144.0,0.0,55.0,105.0,0.0,0.0,0,0,2,0,0
1179,126,784.2066650390625,1228.02001953125,569.9490966796875,0.0,0.0,80.3125,257.3125,269.1546936035156,0.0,0.0,0.5233383178710938,0.6231724619865417,0.5807608366012573,0.0,0.0,73.15081787109375,91.81979370117188,25.299089431762695,0.0,0.0,0.0,0.0,0.0,0.0,0.0,0.0043750000186264515,0.04296875,0.07187499850988388,0.0,0.0,299.0,245.0,182.0,240.0,144.0,0.0,55.0,110.0,0.0,0.0,0,0,2,0,0
1180,122,578.1333618164062,1127.373291015625,575.1054077148438,0.0,0.0,80.3125,257.3125,274.220947265625,0.0,0.0,0.523429811000824,0.6236599683761597,0.5815548300743103,0.0,0.0,73.28910064697266,92.06147766113281,25.382667541503906,0.0,0.0,0.0,0.0,0.0,0.0,0.0,0.0043750000186264515,0.04296875,0.07437500357627869,0.0,0.0,299.0,248.0,177.0,240.0,144.0,0.0,61.0,112.0,0.0,0.0,0,2,4,0,0
1181,126,568.1333618164062,1172.3466796875,580.2617797851562,0.0,0.0,80.3125,257.3125,275.48748779296875,0.0,0.0,0.5235212445259094,0.6241462826728821,0.5823495388031006,0.0,0.0,73.42460632324219,92.31565856933594,25.467327117919922,0.0,0.0,0.0,0.0,0.0,0.0,0.0,0.0043750000186264515,0.04296875,0.07500000298023224,0.0,0.0,299.0,248.0,175.0,240.0,144.0,0.0,61.0,114.0,0.0,0.0,0,0,2,0,0
1182,124,624.433349609375,1344.1199951171875,585.4181518554688,0.0,0.0,80.3125,264.4375,283.0868835449219,0.0,0.0,0.5236126780509949,0.6246446967124939,0.5831630229949951,0.0,0.0,73.57575225830078,92.61557006835938,25.551307678222656,0.0,0.0,0.0,0.0,0.0,0.0,0.0,0.0043750000186264515,0.04765624925494194,0.07874999940395355,0.0,0.0,299.0,248.0,170.0,240.0,144.0,0.0,67.0,122.0,0.0,0.0,0,2,2,0,0
1183,126,622.8666381835938,1490.56005859375,590.5745239257812,0.0,0.0,80.3125,264.4375,286.8865661621094,0.0,0.0,0.5237040519714355,0.6251417994499207,0.5839841961860657,0.0,0.0,73.7264633178711,92.9561538696289,25.635665893554688,0.0,0.0,0.0,0.0,2.0,0.0,0.0,0.0043750000186264515,0.04765624925494194,0.08062499761581421,0.0,0.0,299.0,248.0,170.0,240.0,144.0,0.0,67.0,123.0,0.0,0.0,0,0,2,0,0
1184,127,780.780029296875,1325.52001953125,595.73095703125,0.0,0.0,80.3125,271.5625,286.8865661621094,0.0,0.0,0.5237953662872314,0.625650942325592,0.5848020911216736,0.0,0.0,73.92103576660156,93.2489242553711,25.72145652770996,0.0,0.0,0.0,0.0,4.0,0.0,0.0,0.0043750000186264515,0.05234374850988388,0.08062499761581421,0.0,0.0,299.0,248.0,167.0,240.0,144.0,0.0,64.0,122.0,0.0,0.0,0,0,1,0,0
1185,126,748.5399780273438,1196.5799560546875,600.8872680664062,0.0,0.0,80.3125,271.5625,285.6199951171875,0.0,0.0,0.5238866806030273,0.6261586546897888,0.5856132507324219,0.0,0.0,74.10665893554688,93.50587463378906,25.809030532836914,0.0,0.0,0.0,0.0,5.0,0.0,0.0,0.0043750000186264515,0.05234374850988388,0.07999999821186066,0.0,0.0,299.0,245.0,167.0,240.0,144.0,0.0,65.0,119.0,0.0,0.0,0,1,1,0,0
1186,128,673.3733520507812,1061.6600341796875,606.0435791015625,0.0,0.0,80.3125,271.5625,288.15313720703125,0.0,0.0,0.5239779353141785,0.6266650557518005,0.5864284038543701,0.0,0.0,74.27139282226562,93.725341796875,25.8973331451416,0.0,0.0,0.0,0.0,5.0,0.0,0.0,0.0043750000186264515,0.05234374850988388,0.08124999701976776,0.0,0.0,299.0,245.0,164.0,240.0,144.0,0.0,65.0,118.0,0.0,0.0,0,0,0,0,0
1187,127,589.5066528320312,1417.5133056640625,611.2000122070312,0.0,0.0,80.3125,275.125,298.2856140136719,0.0,0.0,0.5240691900253296,0.6271766424179077,0.5872687697410583,0.0,0.0,74.412841796875,94.04267120361328,25.9842529296875,0.0,0.0,0.0,0.0,0.0,0.0,0.0,0.0043750000186264515,0.0546875,0.08624999970197678,0.0,0.0,299.0,245.0,158.0,240.0,144.0,0.0,65.0,117.0,0.0,0.0,0,0,1,0,0
1188,124,827.3133544921875,1273.7733154296875,642.2999877929688,0.0,0.0,80.3125,275.125,298.2856140136719,0.0,0.0,0.5241603851318359,0.6276868581771851,0.5881057977676392,0.0,0.0,74.6203384399414,94.32007598876953,26.07981300354004,0.0,0.0,0.0,0.0,0.0,0.0,0.0,0.0043750000186264515,0.0546875,0.08624999970197678,0.0,0.0,299.0,245.0,158.0,240.0,144.0,0.0,65.0,122.0,0.0,0.0,0,0,4,0,0
1189,128,781.6333618164062,1197.5933837890625,667.356689453125,0.0,0.0,80.3125,275.125,300.8187561035156,0.0,0.0,0.5242515206336975,0.6281957030296326,0.5889464616775513,0.0,0.0,74.81514739990234,94.5763168334961,26.181629180908203,0.0,0.0,0.0,0.0,0.0,0.0,0.0,0.0043750000186264515,0.0546875,0.08749999850988388,0.0,0.0,299.0,245.0,156.0,240.0,144.0,0.0,59.0,121.0,0.0,0.0,0,0,0,0,0
1190,127,706.8133544921875,1451.546630859375,692.413330078125,0.0,0.0,80.3125,275.125,303.35186767578125,0.0,0.0,0.5243426561355591,0.6287031173706055,0.5897907614707947,0.0,0.0,74.98918151855469,94.9030990600586,26.289701461791992,0.0,0.0,0.0,0.0,0.0,0.0,0.0,0.0043750000186264515,0.0546875,0.08874999731779099,0.0,0.0,299.0,244.0,152.0,240.0,144.0,0.0,56.0,122.0,0.0,0.0,0,0,1,0,0
1191,122,922.8200073242188,1424.933349609375,702.6166381835938,0.0,0.0,80.3125,275.125,305.885009765625,0.0,0.0,0.5244337320327759,0.6292091608047485,0.5906386375427246,0.0,0.0,75.22320556640625,95.22249603271484,26.399906158447266,0.0,0.0,0.0,0.0,0.0,0.0,0.0,0.0043750000186264515,0.0546875,0.09000000357627869,0.0,0.0,299.0,244.0,154.0,240.0,144.0,0.0,62.0,119.0,0.0,0.0,0,2,4,0,0
1192,127,885.760009765625,1112.56005859375,712.8200073242188,0.0,0.0,80.3125,275.125,308.4181213378906,0.0,0.0,0.5245248079299927,0.6297138333320618,0.5914899110794067,0.0,0.0,75.44694519042969,95.45511627197266,26.512239456176758,0.0,0.0,0.0,0.0,0.0,0.0,0.0,0.0043750000186264515,0.0546875,0.09125000238418579,0.0,0.0,299.0,244.0,154.0,240.0,144.0,0.0,62.0,114.0,0.0,0.0,0,0,1,0,0
1193,126,974.7733154296875,845.9933471679688,544.4733276367188,0.0,0.0,80.3125,282.25,312.2178039550781,0.0,0.0,0.5246158242225647,0.630230188369751,0.5923481583595276,0.0,0.0,75.69540405273438,95.61170959472656,26.57675552368164,0.0,0.0,0.0,0.0,0.0,0.0,0.0,0.0043750000186264515,0.05937499925494194,0.09312500059604645,0.0,0.0,299.0,244.0,147.0,240.0,144.0,0.0,59.0,114.0,0.0,0.0,0,0,2,0,0
1194,127,1222.0333251953125,720.8333129882812,614.0066528320312,0.0,0.0,80.3125,282.25,313.484375,0.0,0.0,0.5247067809104919,0.6307450532913208,0.5932062268257141,0.0,0.0,76.0125503540039,95.73353576660156,26.660232543945312,0.0,0.0,0.0,0.0,0.0,0.0,0.0,0.0043750000186264515,0.05937499925494194,0.09375,0.0,0.0,299.0,244.0,146.0,240.0,144.0,0.0,56.0,115.0,0.0,0.0,0,0,1,0,0
1195,123,911.7733154296875,1125.5733642578125,721.433349609375,0.0,0.0,80.3125,282.25,309.6846923828125,0.0,0.0,0.5247977375984192,0.631258487701416,0.5940503478050232,0.0,0.0,76.2435073852539,95.9677963256836,26.774608612060547,0.0,0.0,0.0,0.0,0.0,0.0,0.0,0.0043750000186264515,0.05937499925494194,0.09187500178813934,0.0,0.0,299.0,241.0,144.0,240.0,144.0,0.0,56.0,125.0,0.0,0.0,0,0,5,0,0
1196,123,714.739990234375,1178.9866943359375,639.5333251953125,0.0,0.0,80.3125,282.25,307.15155029296875,0.0,0.0,0.5248886942863464,0.6317705512046814,0.5948840975761414,0.0,0.0,76.41973876953125,96.21688842773438,26.86693572998047,0.0,0.0,0.0,0.0,1.0,0.0,0.0,0.0043750000186264515,0.05937499925494194,0.09062500298023224,0.0,0.0,299.0,241.0,148.0,240.0,144.0,0.0,53.0,130.0,0.0,0.0,0,0,5,0,0
1197,126,1194.1400146484375,1202.526611328125,557.6333618164062,0.0,0.0,80.3125,282.25,312.2178039550781,0.0,0.0,0.5249795317649841,0.6322811245918274,0.5957281589508057,0.0,0.0,76.72913360595703,96.47251892089844,26.93510627746582,0.0,0.0,0.0,0.0,0.0,0.0,0.0,0.0043750000186264515,0.05937499925494194,0.09312500059604645,0.0,0.0,299.0,241.0,144.0,240.0,144.0,0.0,53.0,132.0,0.0,0.0,0,1,1,0,0
1198,125,1296.1800537109375,799.17333984375,475.73333740234375,0.0,0.0,80.3125,278.6875,316.0174865722656,0.0,0.0,0.5250704288482666,0.6327838897705078,0.59657883644104,0.0,0.0,77.06687927246094,96.61709594726562,26.979473114013672,0.0,0.0,0.0,0.0,0.0,0.0,0.0,0.0043750000186264515,0.05703125149011612,0.0949999988079071,0.0,0.0,299.0,241.0,143.0,240.0,144.0,0.0,56.0,131.0,0.0,0.0,0,1,2,0,0
1199,126,1173.739990234375,488.6266784667969,267.260009765625,0.0,0.0,53.9375,282.25,316.0174865722656,0.0,0.0,0.5251314043998718,0.6332917213439941,0.5971020460128784,0.0,0.0,77.37793731689453,96.67442321777344,26.979473114013672,0.0,0.0,0.0,0.0,0.0,0.0,0.0,0.0031250000465661287,0.05937499925494194,0.0949999988079071,0.0,0.0,299.0,245.0,142.0,240.0,144.0,0.0,62.0,129.0,0.0,0.0,0,2,0,0,0
